mtllib engineer_leg_l.mtl
o pants
usemtl pants
v -0.0706 -0.4470 -0.0133
v -0.0734 -0.4396 -0.0121
v -0.0704 -0.4216 0.0132
v -0.0710 -0.3942 -0.0275
v -0.0741 -0.4074 -0.0208
v -0.0738 -0.4056 0.0023
v -0.0703 -0.3750 -0.0043
v -0.0701 -0.3076 -0.0088
v -0.0703 -0.2916 -0.0178
v -0.0702 -0.2886 0.0061
v -0.0722 -0.2733 -0.0027
v -0.0702 -0.2605 0.0121
v -0.0719 -0.2725 -0.0165
v -0.0696 -0.2651 0.0134
v -0.0731 -0.2500 -0.0010
v -0.0720 -0.2429 -0.0188
v -0.0703 -0.2533 0.0132
v -0.0701 -0.2159 -0.0242
v -0.0704 -0.2065 0.0126
v -0.0717 -0.2316 -0.0190
v -0.0724 -0.1999 -0.0002
v -0.0718 -0.1748 -0.0167
v -0.0729 -0.1690 0.0056
v -0.0708 -0.1328 0.0204
v -0.0729 -0.1344 0.0115
v -0.0717 -0.1468 -0.0217
v -0.0744 -0.1212 -0.0166
v -0.0752 -0.1086 -0.0010
v -0.0753 -0.1075 0.0035
v -0.0694 -0.1095 0.0277
v -0.0709 -0.0895 0.0253
v -0.0745 -0.1015 -0.0132
v -0.0706 -0.0953 -0.0285
v -0.0755 -0.0829 0.0048
v -0.0750 -0.0693 0.0107
v -0.0749 -0.0621 -0.0108
v -0.0723 -0.0335 -0.0249
v -0.0709 -0.0502 -0.0275
v -0.0759 -0.0232 -0.0093
v -0.0722 -0.0249 0.0250
v -0.0753 -0.0445 0.0097
v -0.0768 -0.0061 0.0146
v -0.0761 0.0045 -0.0168
v -0.0734 0.0107 -0.0270
v -0.0781 0.0146 -0.0001
v -0.0718 0.0250 0.0225
v -0.0741 0.0282 -0.0110
v -0.0672 0.0434 0.0084
v -0.0626 -0.5978 -0.0106
v -0.0629 -0.5795 0.0032
v -0.0633 -0.5670 -0.0157
v -0.0624 -0.5623 0.0078
v -0.0637 -0.5418 0.0001
v -0.0641 -0.5311 -0.0059
v -0.0623 -0.5218 -0.0224
v -0.0622 -0.5147 0.0084
v -0.0637 -0.4885 -0.0196
v -0.0651 -0.4786 0.0021
v -0.0670 -0.4624 -0.0132
v -0.0660 -0.4602 0.0057
v -0.0618 -0.4566 0.0194
v -0.0636 -0.4425 -0.0402
v -0.0664 -0.4524 -0.0271
v -0.0623 -0.4475 0.0231
v -0.0674 -0.4318 -0.0359
v -0.0632 -0.4174 -0.0485
v -0.0684 -0.4059 -0.0375
v -0.0663 -0.4066 0.0247
v -0.0654 -0.4067 -0.0445
v -0.0710 -0.4040 0.0130
v -0.0622 -0.3853 -0.0444
v -0.0679 -0.3893 -0.0342
v -0.0636 -0.3686 0.0182
v -0.0623 -0.3664 -0.0373
v -0.0694 -0.3734 -0.0181
v -0.0669 -0.3677 0.0073
v -0.0581 -0.3553 -0.0422
v -0.0636 -0.3527 0.0165
v -0.0668 -0.3566 0.0029
v -0.0675 -0.3389 -0.0186
v -0.0619 -0.3270 -0.0363
v -0.0679 -0.3480 -0.0061
v -0.0626 -0.3404 0.0182
v -0.0623 -0.3114 -0.0385
v -0.0621 -0.3131 0.0237
v -0.0689 -0.3027 -0.0211
v -0.0637 -0.3006 -0.0363
v -0.0602 -0.2972 0.0295
v -0.0681 -0.2778 -0.0286
v -0.0685 -0.2656 -0.0290
v -0.0680 -0.2808 0.0154
v -0.0648 -0.2617 -0.0375
v -0.0687 -0.2458 -0.0294
v -0.0624 -0.2394 0.0305
v -0.0648 -0.2418 -0.0378
v -0.0616 -0.1899 0.0344
v -0.0677 -0.2223 -0.0309
v -0.0596 -0.2243 0.0353
v -0.0682 -0.1978 -0.0288
v -0.0646 -0.2028 -0.0371
v -0.0624 -0.1855 0.0325
v -0.0701 -0.1898 0.0148
v -0.0651 -0.1769 -0.0362
v -0.0682 -0.1518 -0.0316
v -0.0689 -0.1561 0.0216
v -0.0656 -0.1456 -0.0364
v -0.0646 -0.1543 0.0314
v -0.0652 -0.1111 -0.0391
v -0.0619 -0.1177 -0.0443
v -0.0633 -0.0832 -0.0428
v -0.0639 -0.1033 0.0391
v -0.0627 -0.0819 -0.0435
v -0.0689 -0.0642 0.0307
v -0.0667 -0.0491 -0.0364
v -0.0705 -0.0385 0.0287
v -0.0624 -0.0421 0.0435
v -0.0671 -0.0218 -0.0367
v -0.0626 -0.0270 0.0442
v -0.0636 -0.0227 -0.0429
v -0.0647 -0.0001 -0.0428
v -0.0608 0.0116 -0.0480
v -0.0707 0.0112 0.0328
v -0.0630 0.0211 -0.0420
v -0.0623 0.0422 0.0271
v -0.0622 0.0357 -0.0338
v -0.0697 0.0314 -0.0221
v -0.0622 0.0451 -0.0235
v -0.0617 0.0509 -0.0052
v -0.0636 0.0419 0.0235
v -0.0558 -0.8320 -0.0010
v -0.0545 -0.8269 0.0110
v -0.0563 -0.8156 -0.0010
v -0.0579 -0.7555 0.0025
v -0.0546 -0.8049 -0.0136
v -0.0547 -0.7707 0.0156
v -0.0571 -0.7587 0.0064
v -0.0547 -0.7451 0.0170
v -0.0544 -0.7386 -0.0198
v -0.0580 -0.7439 -0.0005
v -0.0551 -0.7135 0.0153
v -0.0577 -0.7118 -0.0030
v -0.0567 -0.7032 0.0097
v -0.0550 -0.7024 -0.0195
v -0.0580 -0.6727 -0.0071
v -0.0554 -0.6702 -0.0204
v -0.0561 -0.6758 0.0135
v -0.0547 -0.6546 0.0186
v -0.0552 -0.6458 -0.0252
v -0.0604 -0.6354 -0.0038
v -0.0578 -0.6203 0.0148
v -0.0481 -0.6387 0.0312
v -0.0619 -0.6161 -0.0046
v -0.0554 -0.6258 0.0207
v -0.0577 -0.6234 -0.0240
v -0.0622 -0.6014 0.0057
v -0.0557 -0.6037 -0.0311
v -0.0609 -0.5871 -0.0207
v -0.0555 -0.5903 0.0233
v -0.0606 -0.5866 0.0121
v -0.0562 -0.5908 -0.0324
v -0.0591 -0.5700 0.0164
v -0.0577 -0.5539 0.0195
v -0.0556 -0.5320 0.0235
v -0.0551 -0.5637 -0.0362
v -0.0623 -0.5535 -0.0212
v -0.0605 -0.5377 0.0130
v -0.0563 -0.5358 -0.0356
v -0.0582 -0.5191 -0.0325
v -0.0557 -0.5242 0.0233
v -0.0586 -0.5046 -0.0327
v -0.0520 -0.4895 -0.0444
v -0.0584 -0.4801 -0.0353
v -0.0619 -0.4951 0.0109
v -0.0541 -0.4754 -0.0433
v -0.0551 -0.4597 -0.0457
v -0.0616 -0.4641 -0.0343
v -0.0592 -0.4691 0.0203
v -0.0598 -0.4442 -0.0450
v -0.0557 -0.4361 -0.0534
v -0.0558 -0.4383 0.0348
v -0.0612 -0.4357 0.0311
v -0.0474 -0.4121 -0.0653
v -0.0487 -0.4005 -0.0638
v -0.0527 -0.3957 -0.0590
v -0.0531 -0.3887 0.0396
v -0.0560 -0.3763 0.0335
v -0.0555 -0.3759 -0.0511
v -0.0553 -0.3598 0.0319
v -0.0559 -0.3538 0.0301
v -0.0567 -0.3388 -0.0442
v -0.0569 -0.3153 0.0318
v -0.0478 -0.2940 -0.0575
v -0.0589 -0.2786 -0.0457
v -0.0625 -0.2711 0.0286
v -0.0576 -0.2515 -0.0480
v -0.0561 -0.2485 0.0386
v -0.0535 -0.2310 -0.0527
v -0.0544 -0.2356 0.0409
v -0.0573 -0.2216 -0.0481
v -0.0598 -0.2032 -0.0448
v -0.0570 -0.1838 -0.0482
v -0.0559 -0.1708 -0.0498
v -0.0541 -0.1560 0.0460
v -0.0568 -0.1682 0.0419
v -0.0556 -0.1527 -0.0507
v -0.0570 -0.1298 -0.0500
v -0.0600 -0.1416 -0.0457
v -0.0600 -0.1322 0.0419
v -0.0544 -0.1248 -0.0529
v -0.0525 -0.1038 -0.0554
v -0.0576 -0.1055 0.0473
v -0.0576 -0.1015 0.0473
v -0.0549 -0.0866 -0.0530
v -0.0508 -0.0814 0.0553
v -0.0526 -0.0831 -0.0554
v -0.0551 -0.0841 0.0510
v -0.0547 -0.0663 -0.0531
v -0.0607 -0.0847 0.0448
v -0.0547 -0.0497 -0.0532
v -0.0570 -0.0605 0.0499
v -0.0570 -0.0411 -0.0516
v -0.0553 -0.0282 0.0531
v -0.0521 -0.0085 -0.0570
v -0.0611 -0.0168 0.0474
v -0.0556 -0.0020 -0.0536
v -0.0606 0.0137 0.0487
v -0.0622 0.0198 0.0435
v -0.0563 0.0350 0.0430
v -0.0570 0.0353 -0.0416
v -0.0551 0.0523 -0.0234
v -0.0522 0.0478 0.0351
v -0.0515 0.0613 0.0016
v -0.0483 0.0622 0.0135
v -0.0458 -0.8526 -0.0042
v -0.0504 -0.8459 -0.0079
v -0.0499 -0.8397 0.0182
v -0.0473 -0.8288 -0.0271
v -0.0453 -0.8098 -0.0311
v -0.0515 -0.8107 -0.0206
v -0.0458 -0.8300 0.0307
v -0.0519 -0.7978 -0.0208
v -0.0503 -0.7902 0.0242
v -0.0460 -0.7767 -0.0320
v -0.0513 -0.7687 -0.0246
v -0.0443 -0.8085 0.0326
v -0.0529 -0.7658 -0.0216
v -0.0489 -0.7845 0.0270
v -0.0542 -0.7526 -0.0213
v -0.0445 -0.7524 0.0335
v -0.0472 -0.7059 -0.0339
v -0.0488 -0.7132 0.0283
v -0.0442 -0.7130 -0.0373
v -0.0548 -0.6818 0.0166
v -0.0473 -0.6993 0.0304
v -0.0459 -0.6946 -0.0361
v -0.0513 -0.6931 -0.0275
v -0.0476 -0.6887 -0.0341
v -0.0516 -0.6698 -0.0289
v -0.0519 -0.6618 -0.0291
v -0.0441 -0.6671 -0.0400
v -0.0515 -0.6468 -0.0318
v -0.0479 -0.6561 0.0303
v -0.0473 -0.6462 -0.0380
v -0.0440 -0.6446 -0.0423
v -0.0445 -0.6374 0.0354
v -0.0482 -0.6185 -0.0399
v -0.0469 -0.6031 -0.0432
v -0.0465 -0.5923 -0.0443
v -0.0454 -0.5826 0.0357
v -0.0474 -0.5675 -0.0451
v -0.0490 -0.5872 0.0319
v -0.0478 -0.5498 -0.0458
v -0.0479 -0.5591 0.0337
v -0.0481 -0.5246 -0.0467
v -0.0490 -0.5233 0.0324
v -0.0487 -0.5058 -0.0471
v -0.0564 -0.5022 0.0230
v -0.0481 -0.4885 0.0340
v -0.0568 -0.4872 0.0226
v -0.0463 -0.4724 -0.0520
v -0.0505 -0.4656 0.0336
v -0.0459 -0.4583 -0.0559
v -0.0470 -0.4501 0.0407
v -0.0472 -0.4394 -0.0602
v -0.0457 -0.4289 -0.0638
v -0.0465 -0.4259 0.0460
v -0.0518 -0.4104 0.0430
v -0.0478 -0.3955 0.0453
v -0.0459 -0.3763 -0.0608
v -0.0452 -0.3580 -0.0580
v -0.0442 -0.3441 -0.0580
v -0.0449 -0.3500 0.0423
v -0.0487 -0.3263 -0.0542
v -0.0484 -0.3376 0.0397
v -0.0449 -0.3163 -0.0583
v -0.0507 -0.3118 0.0393
v -0.0433 -0.3061 -0.0600
v -0.0451 -0.3021 -0.0585
v -0.0441 -0.3137 0.0452
v -0.0515 -0.2922 0.0406
v -0.0524 -0.2873 -0.0527
v -0.0481 -0.2727 0.0447
v -0.0501 -0.2590 -0.0554
v -0.0500 -0.2210 -0.0556
v -0.0466 -0.2204 0.0488
v -0.0493 -0.2124 0.0469
v -0.0467 -0.2086 -0.0586
v -0.0474 -0.1904 0.0498
v -0.0503 -0.1877 -0.0553
v -0.0500 -0.1792 0.0483
v -0.0494 -0.1758 -0.0563
v -0.0447 -0.1841 0.0525
v -0.0458 -0.1770 0.0521
v -0.0478 -0.1457 0.0531
v -0.0463 -0.1343 -0.0599
v -0.0479 -0.1294 -0.0586
v -0.0501 -0.1375 0.0519
v -0.0534 -0.1109 0.0514
v -0.0523 -0.1079 -0.0554
v -0.0457 -0.1150 -0.0607
v -0.0476 -0.1011 0.0569
v -0.0457 -0.0887 -0.0611
v -0.0419 -0.0647 -0.0638
v -0.0480 -0.0597 0.0586
v -0.0486 -0.0536 -0.0589
v -0.0456 -0.0488 -0.0615
v -0.0487 -0.0314 0.0592
v -0.0472 -0.0201 -0.0606
v -0.0497 -0.0133 0.0594
v -0.0483 0.0049 -0.0602
v -0.0525 0.0248 -0.0521
v -0.0480 0.0225 0.0575
v -0.0474 0.0299 -0.0539
v -0.0490 0.0396 -0.0465
v -0.0459 0.0506 -0.0391
v -0.0513 0.0524 -0.0293
v -0.0456 0.0546 0.0349
v -0.0475 0.0601 -0.0210
v -0.0433 0.0668 -0.0050
v -0.0401 -0.8593 0.0019
v -0.0380 -0.8544 -0.0209
v -0.0383 -0.8589 -0.0132
v -0.0435 -0.8518 0.0164
v -0.0430 -0.8429 -0.0266
v -0.0382 -0.8480 0.0281
v -0.0432 -0.8427 0.0267
v -0.0382 -0.8330 -0.0364
v -0.0437 -0.8314 0.0321
v -0.0377 -0.8287 0.0384
v -0.0396 -0.8218 -0.0365
v -0.0397 -0.7952 0.0374
v -0.0414 -0.7729 -0.0372
v -0.0394 -0.7914 -0.0381
v -0.0371 -0.7768 0.0397
v -0.0413 -0.7716 -0.0373
v -0.0420 -0.7529 0.0359
v -0.0316 -0.7552 0.0439
v -0.0413 -0.7446 -0.0386
v -0.0417 -0.7288 -0.0389
v -0.0374 -0.7364 0.0400
v -0.0412 -0.7298 0.0370
v -0.0376 -0.7145 -0.0435
v -0.0377 -0.7097 0.0401
v -0.0379 -0.6990 0.0402
v -0.0380 -0.6979 -0.0439
v -0.0407 -0.6845 0.0380
v -0.0460 -0.6986 0.0322
v -0.0351 -0.6885 -0.0466
v -0.0479 -0.6806 0.0303
v -0.0400 -0.6555 -0.0449
v -0.0409 -0.6465 0.0384
v -0.0446 -0.6248 0.0358
v -0.0399 -0.6020 -0.0490
v -0.0466 -0.6156 0.0337
v -0.0385 -0.6137 0.0407
v -0.0417 -0.5967 0.0386
v -0.0384 -0.5756 -0.0521
v -0.0407 -0.5671 -0.0509
v -0.0422 -0.5727 0.0385
v -0.0417 -0.5432 -0.0515
v -0.0352 -0.5619 -0.0547
v -0.0389 -0.5483 0.0410
v -0.0423 -0.5404 0.0386
v -0.0420 -0.5165 -0.0527
v -0.0349 -0.5356 -0.0565
v -0.0423 -0.5002 0.0391
v -0.0455 -0.4909 -0.0514
v -0.0445 -0.4871 0.0375
v -0.0399 -0.4739 -0.0569
v -0.0360 -0.4598 0.0460
v -0.0390 -0.4505 -0.0628
v -0.0424 -0.4445 0.0456
v -0.0379 -0.4305 -0.0683
v -0.0380 -0.4172 0.0520
v -0.0352 -0.4079 0.0538
v -0.0383 -0.3994 0.0521
v -0.0446 -0.3906 -0.0648
v -0.0381 -0.3600 -0.0633
v -0.0323 -0.3472 -0.0661
v -0.0433 -0.3218 0.0451
v -0.0479 -0.2939 0.0437
v -0.0410 -0.2849 -0.0615
v -0.0425 -0.2545 -0.0611
v -0.0422 -0.2791 0.0486
v -0.0378 -0.2664 0.0521
v -0.0338 -0.2477 -0.0658
v -0.0455 -0.2259 0.0494
v -0.0385 -0.2520 0.0525
v -0.0424 -0.2235 -0.0614
v -0.0376 -0.2313 -0.0641
v -0.0437 -0.2022 0.0520
v -0.0424 -0.2126 -0.0615
v -0.0393 -0.2117 0.0543
v -0.0422 -0.1850 -0.0619
v -0.0392 -0.1638 0.0577
v -0.0428 -0.1487 -0.0620
v -0.0392 -0.1386 -0.0644
v -0.0399 -0.1404 0.0591
v -0.0363 -0.1367 0.0614
v -0.0409 -0.1209 0.0602
v -0.0389 -0.1000 -0.0651
v -0.0437 -0.0821 0.0608
v -0.0446 -0.0688 0.0609
v -0.0429 -0.0595 0.0623
v -0.0419 -0.0514 -0.0639
v -0.0425 -0.0351 0.0637
v -0.0355 -0.0039 -0.0686
v -0.0504 -0.0025 0.0597
v -0.0422 0.0184 0.0631
v -0.0409 0.0278 -0.0598
v -0.0381 0.0325 0.0597
v -0.0393 0.0493 -0.0457
v -0.0432 0.0492 0.0436
v -0.0376 0.0463 0.0511
v -0.0390 0.0596 -0.0331
v -0.0451 0.0603 0.0253
v -0.0409 0.0532 0.0413
v -0.0396 0.0647 -0.0224
v -0.0313 -0.8659 -0.0014
v -0.0367 -0.8606 0.0120
v -0.0324 -0.8602 0.0205
v -0.0301 -0.8577 -0.0261
v -0.0300 -0.8561 0.0284
v -0.0307 -0.8504 0.0341
v -0.0320 -0.8441 -0.0365
v -0.0256 -0.8321 -0.0451
v -0.0301 -0.8118 -0.0441
v -0.0330 -0.7851 -0.0432
v -0.0299 -0.8006 0.0446
v -0.0302 -0.7776 0.0444
v -0.0234 -0.7751 -0.0485
v -0.0314 -0.7630 -0.0451
v -0.0305 -0.7396 0.0446
v -0.0295 -0.7317 -0.0473
v -0.0372 -0.7336 -0.0429
v -0.0313 -0.7258 0.0444
v -0.0312 -0.6964 -0.0484
v -0.0314 -0.6931 0.0451
v -0.0350 -0.6717 0.0429
v -0.0203 -0.6864 0.0504
v -0.0315 -0.6519 -0.0513
v -0.0302 -0.6527 -0.0521
v -0.0321 -0.6343 0.0450
v -0.0343 -0.6410 -0.0502
v -0.0265 -0.6458 -0.0542
v -0.0326 -0.6141 0.0446
v -0.0257 -0.6169 0.0477
v -0.0315 -0.6240 -0.0530
v -0.0320 -0.6101 -0.0535
v -0.0265 -0.5864 -0.0576
v -0.0313 -0.5807 0.0453
v -0.0342 -0.5551 0.0440
v -0.0311 -0.5504 -0.0575
v -0.0329 -0.5163 -0.0588
v -0.0330 -0.5403 0.0450
v -0.0324 -0.4949 -0.0604
v -0.0331 -0.4873 0.0455
v -0.0320 -0.4851 -0.0609
v -0.0417 -0.4778 0.0403
v -0.0271 -0.4748 -0.0644
v -0.0375 -0.4674 0.0439
v -0.0268 -0.4569 -0.0669
v -0.0310 -0.4443 -0.0684
v -0.0310 -0.4298 0.0540
v -0.0262 -0.4258 -0.0739
v -0.0374 -0.3870 0.0516
v -0.0236 -0.3629 -0.0711
v -0.0402 -0.3617 0.0467
v -0.0163 -0.3519 0.0577
v -0.0313 -0.3377 -0.0662
v -0.0282 -0.3469 0.0529
v -0.0333 -0.3447 0.0507
v -0.0379 -0.3150 -0.0630
v -0.0263 -0.3072 -0.0686
v -0.0352 -0.3024 0.0515
v -0.0228 -0.3135 0.0563
v -0.0200 -0.2847 -0.0708
v -0.0318 -0.2916 0.0537
v -0.0275 -0.2631 -0.0683
v -0.0314 -0.2203 -0.0675
v -0.0306 -0.2221 -0.0679
v -0.0350 -0.2226 0.0560
v -0.0307 -0.2138 -0.0680
v -0.0345 -0.1876 0.0588
v -0.0256 -0.2064 0.0614
v -0.0299 -0.1939 -0.0688
v -0.0346 -0.1643 0.0604
v -0.0303 -0.1703 0.0621
v -0.0309 -0.1729 -0.0687
v -0.0308 -0.1572 -0.0688
v -0.0316 -0.1330 -0.0686
v -0.0366 -0.1470 0.0606
v -0.0331 -0.1154 -0.0682
v -0.0314 -0.1002 -0.0690
v -0.0349 -0.0886 0.0653
v -0.0332 -0.0760 -0.0687
v -0.0205 -0.0799 -0.0733
v -0.0299 -0.0782 0.0683
v -0.0307 -0.0743 0.0682
v -0.0351 -0.0577 -0.0680
v -0.0333 -0.0207 -0.0695
v -0.0279 -0.0688 -0.0710
v -0.0320 -0.0504 0.0691
v -0.0295 -0.0357 -0.0709
v -0.0350 -0.0295 0.0685
v -0.0180 -0.0335 0.0751
v -0.0353 -0.0183 0.0691
v -0.0366 -0.0201 -0.0677
v -0.0341 0.0050 -0.0691
v -0.0423 0.0072 0.0653
v -0.0289 0.0161 -0.0697
v -0.0285 0.0156 0.0707
v -0.0299 0.0282 -0.0650
v -0.0292 0.0255 0.0673
v -0.0221 0.0370 -0.0640
v -0.0343 0.0436 -0.0541
v -0.0362 0.0374 0.0582
v -0.0233 0.0424 0.0606
v -0.0344 0.0552 -0.0429
v -0.0300 0.0576 0.0437
v -0.0316 0.0628 -0.0342
v -0.0322 0.0615 0.0372
v -0.0303 0.0730 0.0039
v -0.0280 -0.8669 -0.0115
v -0.0246 -0.8686 0.0092
v -0.0214 -0.8598 -0.0292
v -0.0218 -0.8628 0.0270
v -0.0210 -0.8503 -0.0387
v -0.0254 -0.8489 0.0384
v -0.0189 -0.8520 0.0392
v -0.0346 -0.8348 0.0398
v -0.0124 -0.8282 -0.0501
v -0.0301 -0.8248 0.0443
v -0.0275 -0.8286 0.0454
v -0.0282 -0.8145 -0.0449
v -0.0178 -0.8065 -0.0492
v -0.0223 -0.7913 0.0477
v -0.0177 -0.7686 -0.0501
v -0.0165 -0.7428 -0.0515
v -0.0187 -0.7268 0.0492
v -0.0237 -0.7176 -0.0508
v -0.0264 -0.7220 0.0468
v -0.0230 -0.7105 -0.0517
v -0.0258 -0.6975 0.0477
v -0.0270 -0.6728 -0.0525
v -0.0162 -0.6517 -0.0574
v -0.0185 -0.6191 -0.0581
v -0.0184 -0.6009 -0.0589
v -0.0260 -0.5717 -0.0583
v -0.0260 -0.5587 0.0478
v -0.0226 -0.5660 -0.0600
v -0.0270 -0.5578 0.0474
v -0.0238 -0.5534 -0.0605
v -0.0269 -0.5272 -0.0611
v -0.0277 -0.5305 0.0476
v -0.0186 -0.4989 -0.0653
v -0.0183 -0.4858 -0.0659
v -0.0291 -0.4712 0.0479
v -0.0226 -0.4533 -0.0690
v -0.0245 -0.4540 0.0518
v -0.0171 -0.4407 -0.0731
v -0.0279 -0.4436 0.0526
v -0.0247 -0.4129 -0.0757
v -0.0232 -0.4123 -0.0761
v -0.0219 -0.4013 -0.0764
v -0.0157 -0.3910 -0.0771
v -0.0279 -0.3627 -0.0693
v -0.0247 -0.3672 0.0551
v -0.0316 -0.3467 0.0513
v -0.0175 -0.3452 -0.0716
v -0.0174 -0.3441 0.0564
v -0.0210 -0.2969 -0.0702
v -0.0261 -0.2621 0.0571
v -0.0252 -0.2579 -0.0691
v -0.0238 -0.2325 0.0600
v -0.0130 -0.2533 0.0610
v -0.0183 -0.2197 -0.0719
v -0.0246 -0.2201 0.0608
v -0.0277 -0.2060 0.0606
v -0.0177 -0.1960 -0.0728
v -0.0222 -0.1875 0.0638
v -0.0174 -0.1774 -0.0732
v -0.0164 -0.1563 -0.0735
v -0.0217 -0.1374 -0.0722
v -0.0262 -0.1312 0.0660
v -0.0184 -0.1184 -0.0729
v -0.0221 -0.1134 0.0686
v -0.0279 -0.0889 0.0683
v -0.0140 -0.1149 0.0701
v -0.0263 -0.0696 0.0702
v -0.0180 -0.0412 -0.0750
v -0.0222 -0.0177 -0.0738
v -0.0177 -0.0266 0.0753
v -0.0234 0.0052 -0.0731
v -0.0330 0.0190 -0.0679
v -0.0207 0.0299 0.0685
v -0.0245 0.0411 -0.0601
v -0.0224 0.0486 -0.0555
v -0.0233 0.0504 0.0544
v -0.0186 0.0559 0.0511
v -0.0237 0.0635 -0.0386
v -0.0327 0.0663 0.0292
v -0.0258 0.0603 0.0432
v -0.0219 0.0719 -0.0225
v -0.0298 0.0697 -0.0220
v -0.0338 0.0720 -0.0051
v -0.0231 0.0690 0.0305
v -0.0054 -0.8736 -0.0012
v -0.0157 -0.8693 0.0197
v -0.0168 -0.8681 0.0194
v -0.0138 -0.8610 -0.0308
v -0.0180 -0.8684 -0.0173
v -0.0191 -0.8419 0.0453
v -0.0055 -0.8344 -0.0490
v -0.0147 -0.8253 0.0503
v -0.0164 -0.7905 0.0494
v -0.0149 -0.7368 -0.0521
v -0.0197 -0.7155 -0.0525
v -0.0141 -0.7032 -0.0544
v -0.0179 -0.6931 -0.0546
v -0.0184 -0.6800 -0.0554
v -0.0118 -0.6726 0.0522
v -0.0180 -0.6402 0.0504
v -0.0080 -0.6491 -0.0588
v -0.0095 -0.6324 -0.0592
v -0.0129 -0.6196 0.0510
v -0.0263 -0.5913 0.0477
v -0.0155 -0.5877 -0.0601
v -0.0147 -0.5711 -0.0611
v -0.0173 -0.5387 0.0507
v -0.0095 -0.5441 -0.0640
v -0.0127 -0.5288 0.0521
v -0.0133 -0.5167 -0.0657
v -0.0174 -0.5032 0.0513
v -0.0146 -0.4689 -0.0680
v -0.0124 -0.4674 0.0526
v -0.0191 -0.4664 -0.0679
v -0.0166 -0.4581 0.0530
v -0.0146 -0.4368 0.0569
v -0.0120 -0.4283 -0.0765
v -0.0143 -0.4177 0.0593
v -0.0110 -0.4178 -0.0777
v -0.0219 -0.3889 0.0578
v -0.0291 -0.3881 -0.0730
v -0.0070 -0.3839 -0.0772
v -0.0105 -0.3821 -0.0765
v -0.0121 -0.3902 0.0597
v -0.0097 -0.3557 -0.0732
v -0.0094 -0.3380 0.0583
v -0.0192 -0.3241 -0.0710
v -0.0142 -0.3236 0.0578
v -0.0052 -0.2957 -0.0724
v -0.0176 -0.2791 0.0586
v -0.0103 -0.2717 -0.0718
v -0.0142 -0.2617 0.0600
v -0.0063 -0.2055 -0.0746
v -0.0145 -0.1811 0.0665
v -0.0174 -0.1600 0.0670
v -0.0172 -0.1676 -0.0734
v -0.0152 -0.1564 0.0676
v -0.0188 -0.1363 0.0680
v -0.0016 -0.1302 -0.0753
v -0.0184 -0.0909 -0.0733
v -0.0174 -0.0919 0.0709
v -0.0138 -0.0583 -0.0756
v -0.0125 -0.0493 -0.0760
v -0.0174 -0.0495 0.0741
v -0.0154 -0.0310 -0.0759
v -0.0025 -0.0095 -0.0779
v -0.0142 -0.0258 0.0761
v -0.0169 -0.0145 0.0761
v -0.0255 0.0012 0.0738
v -0.0119 -0.0022 -0.0767
v -0.0124 0.0100 0.0761
v -0.0117 0.0165 -0.0741
v -0.0058 0.0288 -0.0710
v -0.0140 0.0340 0.0678
v -0.0164 0.0585 -0.0476
v -0.0133 0.0597 -0.0472
v -0.0086 0.0661 0.0408
v -0.0125 0.0692 -0.0337
v -0.0173 0.0766 0.0114
v -0.0282 0.0723 0.0187
v -0.0150 0.0684 0.0358
v -0.0149 0.0767 -0.0112
v -0.0085 -0.8686 -0.0201
v -0.0058 -0.8714 0.0124
v -0.0005 -0.8684 0.0214
v -0.0080 -0.8597 -0.0337
v 0.0015 -0.8600 0.0347
v -0.0091 -0.8484 -0.0434
v -0.0077 -0.8493 0.0438
v -0.0025 -0.7938 -0.0517
v -0.0061 -0.7843 -0.0512
v -0.0041 -0.7567 -0.0519
v -0.0105 -0.7658 0.0506
v -0.0131 -0.7494 0.0502
v -0.0033 -0.7447 -0.0523
v -0.0126 -0.7347 0.0504
v -0.0166 -0.7230 -0.0530
v -0.0070 -0.6946 0.0521
v -0.0060 -0.6838 -0.0569
v -0.0084 -0.6810 0.0523
v -0.0027 -0.6645 -0.0584
v -0.0056 -0.6620 0.0526
v -0.0143 -0.6644 0.0520
v -0.0125 -0.6336 0.0517
v -0.0086 -0.6048 -0.0601
v -0.0057 -0.6079 -0.0600
v -0.0027 -0.5963 -0.0604
v -0.0133 -0.5664 0.0508
v -0.0056 -0.5743 -0.0617
v -0.0088 -0.5254 -0.0656
v -0.0086 -0.5237 0.0523
v -0.0025 -0.5038 -0.0671
v -0.0139 -0.5029 0.0522
v -0.0090 -0.4757 -0.0680
v -0.0140 -0.4763 0.0519
v -0.0012 -0.4710 -0.0685
v -0.0059 -0.4679 0.0528
v 0.0003 -0.4574 -0.0706
v -0.0093 -0.4227 0.0596
v -0.0012 -0.4267 -0.0767
v -0.0211 -0.3926 0.0590
v -0.0062 -0.3979 0.0601
v 0.0014 -0.3720 -0.0754
v -0.0018 -0.3681 0.0587
v -0.0162 -0.3385 -0.0721
v -0.0147 -0.3040 0.0585
v 0.0007 -0.2740 0.0600
v -0.0118 -0.2646 0.0601
v -0.0172 -0.2607 -0.0713
v -0.0088 -0.2289 -0.0731
v 0.0069 -0.2402 0.0619
v -0.0102 -0.2064 0.0650
v -0.0060 -0.2038 -0.0744
v -0.0058 -0.1828 -0.0752
v 0.0011 -0.1631 -0.0755
v -0.0119 -0.1555 0.0682
v -0.0064 -0.1638 0.0685
v -0.0020 -0.1530 -0.0753
v -0.0060 -0.1342 -0.0747
v -0.0018 -0.1304 -0.0750
v -0.0025 -0.1238 0.0704
v -0.0061 -0.0838 -0.0754
v -0.0013 -0.0928 0.0725
v -0.0051 -0.0722 -0.0760
v -0.0073 -0.0605 0.0751
v -0.0095 -0.0465 -0.0766
v -0.0014 -0.0312 -0.0776
v -0.0064 -0.0448 0.0762
v -0.0160 0.0001 -0.0758
v -0.0028 0.0097 -0.0766
v -0.0044 0.0261 0.0730
v -0.0117 0.0476 0.0599
v -0.0018 0.0556 0.0541
v -0.0040 0.0627 -0.0451
v -0.0148 0.0780 0.0023
v 0.0023 -0.8721 0.0043
v 0.0108 -0.8627 0.0275
v 0.0071 -0.8618 -0.0295
v -0.0023 -0.8493 -0.0431
v 0.0075 -0.8428 -0.0452
v -0.0021 -0.8349 0.0494
v -0.0045 -0.8159 0.0515
v 0.0022 -0.7960 0.0502
v -0.0036 -0.7813 0.0506
v 0.0057 -0.7834 -0.0503
v 0.0092 -0.7581 -0.0499
v 0.0018 -0.7552 0.0498
v 0.0034 -0.7466 -0.0516
v -0.0034 -0.7121 -0.0547
v -0.0022 -0.7092 0.0516
v -0.0070 -0.6962 0.0524
v 0.0021 -0.6866 -0.0564
v 0.0007 -0.6844 0.0523
v 0.0097 -0.6727 -0.0563
v 0.0014 -0.6599 -0.0586
v -0.0048 -0.6409 0.0522
v 0.0058 -0.6462 -0.0581
v -0.0011 -0.6300 0.0517
v 0.0045 -0.6076 -0.0592
v -0.0011 -0.6221 0.0514
v -0.0049 -0.6017 0.0511
v 0.0036 -0.5861 -0.0604
v -0.0021 -0.5466 0.0517
v 0.0049 -0.5395 -0.0639
v -0.0021 -0.5421 0.0519
v 0.0023 -0.5238 -0.0654
v -0.0000 -0.5274 0.0522
v 0.0019 -0.4917 -0.0671
v 0.0101 -0.4973 -0.0657
v 0.0041 -0.4761 -0.0676
v 0.0012 -0.4659 0.0527
v 0.0012 -0.4591 -0.0700
v 0.0027 -0.4354 -0.0746
v 0.0048 -0.4222 -0.0767
v 0.0085 -0.4132 -0.0771
v -0.0012 -0.4029 0.0600
v 0.0067 -0.3865 -0.0763
v 0.0036 -0.3797 -0.0760
v 0.0091 -0.3555 -0.0726
v 0.0049 -0.3464 -0.0727
v 0.0015 -0.3234 0.0589
v -0.0025 -0.3356 -0.0732
v 0.0044 -0.3255 -0.0726
v -0.0019 -0.2936 0.0594
v 0.0021 -0.2788 -0.0720
v -0.0030 -0.2694 0.0601
v 0.0093 -0.2648 -0.0712
v 0.0085 -0.2579 -0.0715
v -0.0060 -0.2357 0.0626
v 0.0048 -0.2198 -0.0736
v -0.0030 -0.2348 0.0629
v -0.0019 -0.1986 0.0663
v 0.0087 -0.1826 -0.0748
v 0.0057 -0.1961 0.0660
v -0.0023 -0.1728 0.0682
v 0.0020 -0.1558 -0.0751
v -0.0073 -0.1467 0.0692
v 0.0095 -0.1196 -0.0742
v -0.0059 -0.1130 -0.0753
v -0.0052 -0.0861 -0.0756
v 0.0054 -0.0933 0.0720
v 0.0102 -0.0865 -0.0747
v 0.0074 -0.0632 -0.0763
v 0.0047 -0.0686 0.0746
v -0.0040 -0.0037 0.0782
v 0.0135 0.0006 -0.0768
v -0.0060 0.0126 0.0767
v 0.0061 0.0090 0.0770
v 0.0051 0.0129 -0.0761
v -0.0034 0.0349 -0.0680
v 0.0018 0.0357 0.0682
v 0.0146 0.0379 -0.0652
v -0.0060 0.0482 -0.0595
v 0.0020 0.0590 0.0501
v 0.0084 0.0641 -0.0429
v 0.0020 0.0652 0.0434
v 0.0054 0.0685 -0.0361
v 0.0019 0.0724 -0.0283
v -0.0073 0.0760 -0.0192
v -0.0073 0.0758 0.0217
v 0.0025 0.0692 0.0373
v 0.0023 0.0777 0.0159
v 0.0181 -0.8631 -0.0201
v 0.0021 -0.8702 -0.0155
v 0.0103 -0.8693 0.0140
v 0.0154 -0.8510 -0.0371
v 0.0086 -0.8431 -0.0443
v 0.0152 -0.8436 0.0421
v 0.0065 -0.8378 0.0479
v 0.0134 -0.8115 -0.0483
v 0.0102 -0.7960 -0.0489
v 0.0134 -0.8062 0.0476
v 0.0204 -0.7536 -0.0458
v 0.0074 -0.7248 -0.0524
v 0.0010 -0.7377 0.0504
v 0.0055 -0.7288 0.0496
v 0.0056 -0.7149 0.0501
v 0.0088 -0.7214 -0.0522
v 0.0056 -0.7156 -0.0535
v 0.0073 -0.7001 0.0504
v 0.0142 -0.6907 -0.0535
v 0.0026 -0.6560 0.0521
v 0.0135 -0.6399 -0.0562
v 0.0200 -0.6215 -0.0542
v 0.0048 -0.5916 -0.0600
v 0.0085 -0.5858 0.0491
v 0.0085 -0.5770 -0.0601
v 0.0066 -0.5487 0.0504
v 0.0056 -0.5716 -0.0611
v 0.0105 -0.5473 -0.0620
v 0.0066 -0.5278 0.0513
v 0.0081 -0.5091 0.0517
v 0.0104 -0.5209 -0.0645
v 0.0059 -0.5064 0.0520
v 0.0033 -0.5001 0.0523
v 0.0039 -0.4852 0.0523
v 0.0205 -0.4776 -0.0630
v 0.0013 -0.4769 0.0526
v 0.0113 -0.4662 -0.0672
v 0.0073 -0.4646 0.0519
v 0.0168 -0.4514 -0.0684
v 0.0108 -0.4549 0.0524
v 0.0122 -0.4450 0.0538
v 0.0103 -0.4207 -0.0759
v 0.0012 -0.4043 -0.0781
v 0.0019 -0.3947 0.0599
v 0.0137 -0.3983 -0.0759
v 0.0183 -0.3456 -0.0697
v 0.0137 -0.3483 0.0554
v 0.0169 -0.3284 -0.0701
v 0.0141 -0.3208 -0.0707
v 0.0157 -0.3019 -0.0699
v 0.0124 -0.2972 0.0572
v 0.0190 -0.2764 -0.0688
v 0.0048 -0.2661 0.0598
v 0.0049 -0.2607 0.0601
v 0.0143 -0.2562 0.0587
v 0.0049 -0.1985 -0.0750
v 0.0079 -0.2151 0.0639
v 0.0093 -0.1780 0.0677
v 0.0101 -0.1798 -0.0744
v 0.0134 -0.1789 -0.0739
v 0.0056 -0.1627 0.0684
v 0.0052 -0.1241 0.0699
v 0.0137 -0.1396 -0.0735
v 0.0102 -0.1205 0.0694
v 0.0174 -0.1125 -0.0726
v 0.0162 -0.1176 0.0685
v 0.0138 -0.0637 -0.0753
v 0.0106 -0.0476 -0.0770
v 0.0058 -0.0426 0.0764
v 0.0087 -0.0079 0.0779
v 0.0100 0.0113 0.0763
v 0.0166 0.0192 -0.0729
v 0.0115 0.0294 0.0706
v 0.0139 0.0323 -0.0688
v 0.0125 0.0429 0.0630
v 0.0098 0.0729 -0.0266
v 0.0105 0.0770 -0.0123
v 0.0018 0.0791 -0.0003
v 0.0245 -0.8643 -0.0057
v 0.0158 -0.8688 -0.0024
v 0.0222 -0.8642 0.0115
v 0.0149 -0.8596 -0.0282
v 0.0170 -0.8659 0.0136
v 0.0107 -0.8600 0.0306
v 0.0227 -0.8523 -0.0312
v 0.0170 -0.8529 0.0348
v 0.0164 -0.8362 -0.0442
v 0.0220 -0.8352 0.0420
v 0.0123 -0.8328 -0.0472
v 0.0190 -0.8007 -0.0457
v 0.0200 -0.7779 -0.0452
v 0.0150 -0.7880 0.0465
v 0.0171 -0.7639 -0.0467
v 0.0146 -0.7689 0.0462
v 0.0152 -0.7393 0.0460
v 0.0173 -0.7035 0.0467
v 0.0146 -0.7187 -0.0504
v 0.0154 -0.6937 -0.0526
v 0.0251 -0.7054 -0.0462
v 0.0107 -0.6869 0.0500
v 0.0175 -0.6820 0.0474
v 0.0138 -0.6669 -0.0552
v 0.0206 -0.6656 -0.0525
v 0.0158 -0.6488 0.0482
v 0.0107 -0.6362 0.0498
v 0.0136 -0.6111 0.0477
v 0.0220 -0.5989 -0.0538
v 0.0211 -0.5940 0.0443
v 0.0050 -0.5685 0.0505
v 0.0210 -0.5828 -0.0553
v 0.0223 -0.5541 -0.0570
v 0.0167 -0.5451 -0.0604
v 0.0178 -0.5384 0.0473
v 0.0239 -0.5362 -0.0582
v 0.0206 -0.5081 0.0470
v 0.0222 -0.4915 0.0462
v 0.0149 -0.4660 0.0496
v 0.0170 -0.4518 -0.0680
v 0.0233 -0.4339 -0.0695
v 0.0260 -0.4175 -0.0707
v 0.0032 -0.4095 0.0598
v 0.0139 -0.3876 -0.0749
v 0.0221 -0.3620 -0.0693
v 0.0107 -0.3603 0.0562
v 0.0167 -0.2840 -0.0692
v 0.0173 -0.2441 -0.0699
v 0.0143 -0.2309 -0.0714
v 0.0240 -0.2257 0.0583
v 0.0225 -0.2075 0.0610
v 0.0177 -0.1973 -0.0724
v 0.0231 -0.1733 0.0635
v 0.0135 -0.1704 0.0666
v 0.0213 -0.1560 -0.0718
v 0.0124 -0.1528 -0.0740
v 0.0127 -0.1460 0.0679
v 0.0182 -0.1000 -0.0724
v 0.0174 -0.0979 0.0695
v 0.0247 -0.0852 -0.0713
v 0.0129 -0.0679 0.0733
v 0.0115 -0.0483 0.0754
v 0.0227 -0.0550 -0.0734
v 0.0116 -0.0501 -0.0765
v 0.0148 -0.0276 0.0763
v 0.0177 -0.0161 -0.0763
v 0.0127 -0.0213 0.0771
v 0.0228 -0.0087 -0.0750
v 0.0260 0.0036 -0.0734
v 0.0293 0.0158 -0.0705
v 0.0221 0.0251 0.0696
v 0.0126 0.0489 -0.0577
v 0.0160 0.0472 0.0586
v 0.0162 0.0571 0.0494
v 0.0190 0.0684 -0.0317
v 0.0170 0.0674 0.0353
v 0.0230 0.0690 -0.0283
v 0.0159 0.0761 -0.0108
v 0.0131 0.0763 0.0146
v 0.0139 0.0707 0.0303
v 0.0160 0.0769 0.0025
v 0.0273 -0.8597 -0.0127
v 0.0264 -0.8568 0.0207
v 0.0293 -0.8434 -0.0320
v 0.0261 -0.8503 0.0291
v 0.0284 -0.8325 -0.0383
v 0.0188 -0.8212 0.0458
v 0.0237 -0.8044 -0.0429
v 0.0229 -0.8138 0.0429
v 0.0229 -0.7747 0.0418
v 0.0314 -0.7726 -0.0370
v 0.0208 -0.7822 0.0433
v 0.0220 -0.7674 -0.0443
v 0.0251 -0.7403 -0.0434
v 0.0224 -0.7390 0.0422
v 0.0278 -0.7245 -0.0422
v 0.0253 -0.7221 -0.0444
v 0.0229 -0.7173 0.0429
v 0.0244 -0.6900 0.0433
v 0.0287 -0.6814 -0.0461
v 0.0174 -0.6734 0.0484
v 0.0285 -0.6813 0.0410
v 0.0267 -0.6539 -0.0489
v 0.0210 -0.6518 -0.0529
v 0.0303 -0.6199 -0.0474
v 0.0242 -0.6526 0.0440
v 0.0242 -0.6236 -0.0517
v 0.0237 -0.6153 0.0430
v 0.0306 -0.6078 -0.0477
v 0.0301 -0.5877 -0.0493
v 0.0295 -0.5968 0.0389
v 0.0206 -0.5615 0.0452
v 0.0302 -0.5634 0.0391
v 0.0330 -0.5350 -0.0525
v 0.0231 -0.5223 -0.0595
v 0.0249 -0.5343 0.0441
v 0.0227 -0.5043 -0.0611
v 0.0304 -0.5106 -0.0559
v 0.0356 -0.4822 -0.0533
v 0.0247 -0.4830 -0.0606
v 0.0361 -0.4770 -0.0530
v 0.0261 -0.4868 0.0440
v 0.0237 -0.4667 0.0456
v 0.0253 -0.4573 -0.0631
v 0.0279 -0.4374 -0.0662
v 0.0214 -0.4304 0.0525
v 0.0239 -0.4197 0.0527
v 0.0329 -0.4058 -0.0676
v 0.0183 -0.3939 0.0559
v 0.0259 -0.3912 -0.0707
v 0.0259 -0.3856 0.0520
v 0.0247 -0.3682 -0.0684
v 0.0239 -0.3647 0.0514
v 0.0251 -0.3437 -0.0666
v 0.0209 -0.3415 0.0533
v 0.0250 -0.3264 0.0519
v 0.0231 -0.3161 -0.0674
v 0.0237 -0.3114 0.0531
v 0.0115 -0.3102 0.0575
v 0.0218 -0.2838 0.0545
v 0.0307 -0.2666 -0.0636
v 0.0284 -0.2614 0.0530
v 0.0311 -0.2456 -0.0642
v 0.0186 -0.2551 0.0574
v 0.0221 -0.2541 -0.0679
v 0.0300 -0.2318 -0.0656
v 0.0253 -0.2260 -0.0683
v 0.0238 -0.2205 -0.0692
v 0.0217 -0.2232 0.0594
v 0.0255 -0.2163 -0.0690
v 0.0302 -0.1778 0.0602
v 0.0259 -0.1745 -0.0703
v 0.0181 -0.1354 0.0671
v 0.0275 -0.1435 0.0632
v 0.0255 -0.1248 -0.0700
v 0.0321 -0.1109 -0.0673
v 0.0264 -0.0938 0.0670
v 0.0300 -0.0854 -0.0692
v 0.0220 -0.0756 0.0703
v 0.0303 -0.0475 0.0699
v 0.0336 -0.0359 -0.0703
v 0.0261 -0.0277 0.0728
v 0.0186 0.0015 0.0760
v 0.0259 0.0090 0.0729
v 0.0249 0.0265 0.0681
v 0.0243 0.0412 -0.0602
v 0.0218 0.0484 -0.0561
v 0.0251 0.0488 0.0540
v 0.0192 0.0565 -0.0490
v 0.0219 0.0606 -0.0428
v 0.0246 0.0593 0.0432
v 0.0317 0.0619 -0.0353
v 0.0312 0.0682 0.0222
v 0.0266 0.0633 0.0357
v 0.0285 0.0700 -0.0209
v 0.0205 0.0759 0.0026
v 0.0298 0.0702 0.0177
v 0.0311 -0.8580 0.0059
v 0.0346 -0.8456 -0.0229
v 0.0349 -0.8401 0.0272
v 0.0369 -0.8353 -0.0279
v 0.0326 -0.8282 0.0342
v 0.0290 -0.8241 0.0387
v 0.0334 -0.8056 -0.0348
v 0.0343 -0.7992 0.0323
v 0.0321 -0.8107 0.0352
v 0.0333 -0.7656 -0.0353
v 0.0367 -0.7618 -0.0314
v 0.0321 -0.7713 0.0341
v 0.0368 -0.7546 -0.0314
v 0.0371 -0.7404 -0.0317
v 0.0284 -0.7672 0.0377
v 0.0352 -0.7367 -0.0338
v 0.0320 -0.7365 0.0343
v 0.0328 -0.7258 0.0340
v 0.0314 -0.7209 -0.0395
v 0.0326 -0.7156 0.0348
v 0.0336 -0.6904 0.0353
v 0.0319 -0.6844 -0.0428
v 0.0329 -0.6687 -0.0431
v 0.0330 -0.6558 -0.0438
v 0.0340 -0.6591 0.0358
v 0.0366 -0.6516 -0.0402
v 0.0337 -0.6400 0.0358
v 0.0323 -0.6272 -0.0456
v 0.0335 -0.6240 0.0356
v 0.0333 -0.6096 0.0355
v 0.0279 -0.5808 -0.0516
v 0.0309 -0.5674 -0.0505
v 0.0314 -0.5478 -0.0521
v 0.0372 -0.5471 -0.0473
v 0.0323 -0.5564 0.0375
v 0.0302 -0.5460 0.0399
v 0.0325 -0.5299 0.0387
v 0.0339 -0.5298 -0.0520
v 0.0279 -0.5090 0.0432
v 0.0294 -0.5018 0.0420
v 0.0375 -0.5107 -0.0503
v 0.0298 -0.4992 0.0416
v 0.0337 -0.4690 -0.0558
v 0.0381 -0.4530 -0.0553
v 0.0298 -0.4472 0.0449
v 0.0300 -0.4593 -0.0601
v 0.0287 -0.4105 0.0508
v 0.0351 -0.3899 -0.0648
v 0.0250 -0.3945 0.0533
v 0.0340 -0.3848 -0.0653
v 0.0280 -0.3814 0.0505
v 0.0383 -0.3616 -0.0585
v 0.0265 -0.3545 0.0498
v 0.0347 -0.3465 0.0447
v 0.0360 -0.3456 -0.0598
v 0.0298 -0.3239 -0.0644
v 0.0363 -0.3185 -0.0600
v 0.0339 -0.2828 -0.0616
v 0.0280 -0.2926 0.0513
v 0.0379 -0.2670 -0.0593
v 0.0312 -0.2685 0.0506
v 0.0400 -0.2068 -0.0613
v 0.0282 -0.1954 0.0596
v 0.0302 -0.1977 -0.0676
v 0.0318 -0.1764 -0.0674
v 0.0343 -0.1649 0.0587
v 0.0438 -0.1487 -0.0600
v 0.0316 -0.1651 -0.0676
v 0.0338 -0.1424 0.0602
v 0.0440 -0.1086 -0.0601
v 0.0294 -0.1212 0.0637
v 0.0331 -0.1059 0.0627
v 0.0283 -0.0778 0.0678
v 0.0383 -0.0742 -0.0655
v 0.0319 -0.0760 -0.0689
v 0.0302 -0.0718 0.0675
v 0.0358 -0.0496 0.0670
v 0.0311 -0.0211 0.0712
v 0.0359 -0.0035 0.0698
v 0.0330 0.0171 0.0682
v 0.0386 0.0241 -0.0636
v 0.0434 0.0130 -0.0641
v 0.0332 0.0355 -0.0602
v 0.0274 0.0385 0.0611
v 0.0378 0.0324 0.0593
v 0.0378 0.0440 -0.0518
v 0.0337 0.0610 -0.0349
v 0.0336 0.0603 0.0356
v 0.0325 0.0702 0.0109
v 0.0330 -0.8539 -0.0145
v 0.0424 -0.8431 -0.0002
v 0.0416 -0.8427 0.0088
v 0.0343 -0.8514 0.0155
v 0.0435 -0.8380 -0.0102
v 0.0417 -0.8327 0.0182
v 0.0351 -0.8201 -0.0333
v 0.0394 -0.8292 0.0249
v 0.0383 -0.8047 0.0266
v 0.0424 -0.7967 0.0197
v 0.0377 -0.7882 0.0271
v 0.0406 -0.7777 -0.0245
v 0.0420 -0.7887 0.0196
v 0.0421 -0.7635 0.0185
v 0.0375 -0.7736 0.0270
v 0.0374 -0.7656 0.0270
v 0.0421 -0.7316 0.0195
v 0.0386 -0.7493 0.0251
v 0.0395 -0.7170 -0.0298
v 0.0424 -0.7329 -0.0226
v 0.0350 -0.6985 -0.0380
v 0.0398 -0.7259 0.0242
v 0.0417 -0.6931 0.0233
v 0.0419 -0.6939 -0.0285
v 0.0445 -0.6872 -0.0239
v 0.0403 -0.6824 -0.0325
v 0.0355 -0.6828 0.0337
v 0.0398 -0.6505 -0.0363
v 0.0413 -0.6610 0.0258
v 0.0407 -0.6355 -0.0359
v 0.0375 -0.6435 0.0317
v 0.0424 -0.6298 -0.0332
v 0.0407 -0.6107 -0.0374
v 0.0445 -0.6042 -0.0314
v 0.0412 -0.6129 0.0261
v 0.0400 -0.6026 0.0288
v 0.0406 -0.5987 -0.0385
v 0.0424 -0.5941 0.0248
v 0.0444 -0.5882 -0.0343
v 0.0396 -0.5801 -0.0411
v 0.0413 -0.5801 0.0268
v 0.0407 -0.5658 -0.0414
v 0.0383 -0.5611 0.0319
v 0.0420 -0.5345 -0.0433
v 0.0468 -0.5229 -0.0379
v 0.0387 -0.5454 0.0321
v 0.0437 -0.5204 -0.0426
v 0.0392 -0.5265 0.0325
v 0.0407 -0.5154 0.0313
v 0.0464 -0.5009 -0.0400
v 0.0336 -0.4791 0.0387
v 0.0414 -0.4737 -0.0478
v 0.0393 -0.4737 0.0329
v 0.0456 -0.4524 -0.0475
v 0.0376 -0.4457 0.0393
v 0.0395 -0.4426 0.0382
v 0.0450 -0.4323 -0.0546
v 0.0410 -0.4391 0.0375
v 0.0367 -0.4267 -0.0630
v 0.0378 -0.4217 0.0436
v 0.0423 -0.4137 -0.0599
v 0.0409 -0.3986 -0.0611
v 0.0430 -0.3964 -0.0598
v 0.0395 -0.3872 0.0424
v 0.0432 -0.3526 -0.0538
v 0.0366 -0.3582 0.0427
v 0.0385 -0.3471 -0.0575
v 0.0394 -0.3437 0.0405
v 0.0372 -0.3339 0.0432
v 0.0379 -0.3176 0.0437
v 0.0421 -0.3090 0.0400
v 0.0314 -0.3018 0.0492
v 0.0414 -0.3019 -0.0557
v 0.0398 -0.2998 -0.0572
v 0.0405 -0.2845 0.0429
v 0.0403 -0.2458 -0.0587
v 0.0413 -0.2617 0.0438
v 0.0360 -0.2453 0.0497
v 0.0393 -0.2179 -0.0610
v 0.0403 -0.2200 -0.0603
v 0.0387 -0.2192 0.0505
v 0.0388 -0.2084 0.0519
v 0.0471 -0.2059 -0.0554
v 0.0391 -0.1977 0.0526
v 0.0407 -0.1862 -0.0617
v 0.0453 -0.1809 0.0493
v 0.0440 -0.1731 0.0510
v 0.0431 -0.1465 -0.0602
v 0.0416 -0.1466 0.0545
v 0.0351 -0.1402 -0.0655
v 0.0404 -0.1238 -0.0621
v 0.0396 -0.1031 0.0592
v 0.0434 -0.0794 0.0589
v 0.0405 -0.0697 -0.0642
v 0.0390 -0.0481 -0.0666
v 0.0354 -0.0445 0.0677
v 0.0488 -0.0218 -0.0610
v 0.0332 -0.0135 0.0711
v 0.0381 -0.0210 -0.0683
v 0.0379 -0.0043 -0.0690
v 0.0431 0.0226 -0.0610
v 0.0407 0.0415 0.0507
v 0.0382 0.0523 -0.0434
v 0.0376 0.0496 0.0459
v 0.0443 0.0587 -0.0277
v 0.0431 0.0585 0.0276
v 0.0353 0.0685 -0.0149
v 0.0384 0.0682 -0.0055
v 0.0300 0.0729 -0.0007
v 0.0380 0.0674 0.0113
v 0.0456 -0.8256 -0.0098
v 0.0429 -0.8271 0.0177
v 0.0460 -0.8288 0.0030
v 0.0424 -0.8276 -0.0204
v 0.0466 -0.8131 -0.0007
v 0.0419 -0.7838 -0.0225
v 0.0449 -0.8053 0.0115
v 0.0430 -0.8085 0.0180
v 0.0451 -0.7936 -0.0122
v 0.0425 -0.7675 -0.0206
v 0.0445 -0.7862 0.0121
v 0.0460 -0.7685 -0.0042
v 0.0458 -0.7900 0.0060
v 0.0433 -0.7524 -0.0187
v 0.0464 -0.7463 -0.0045
v 0.0455 -0.7555 0.0066
v 0.0432 -0.7395 0.0167
v 0.0461 -0.7296 -0.0093
v 0.0465 -0.7331 0.0005
v 0.0433 -0.7269 -0.0207
v 0.0452 -0.7108 0.0123
v 0.0435 -0.7270 0.0161
v 0.0472 -0.7111 -0.0040
v 0.0470 -0.6914 -0.0137
v 0.0474 -0.6966 0.0041
v 0.0481 -0.6799 -0.0124
v 0.0483 -0.6882 -0.0013
v 0.0433 -0.6821 0.0211
v 0.0463 -0.6813 0.0122
v 0.0483 -0.6602 0.0072
v 0.0496 -0.6397 0.0043
v 0.0444 -0.6695 0.0193
v 0.0458 -0.6326 -0.0261
v 0.0498 -0.6411 -0.0005
v 0.0476 -0.6359 -0.0206
v 0.0447 -0.6492 0.0194
v 0.0501 -0.6352 -0.0051
v 0.0499 -0.6418 -0.0079
v 0.0500 -0.6281 0.0006
v 0.0436 -0.6385 0.0221
v 0.0477 -0.6187 0.0119
v 0.0435 -0.6097 0.0225
v 0.0499 -0.6126 -0.0153
v 0.0499 -0.6080 0.0052
v 0.0492 -0.5943 0.0100
v 0.0505 -0.5975 -0.0167
v 0.0500 -0.5845 0.0085
v 0.0452 -0.5976 0.0193
v 0.0501 -0.5885 -0.0202
v 0.0460 -0.5729 -0.0326
v 0.0504 -0.5586 0.0112
v 0.0484 -0.5821 0.0129
v 0.0470 -0.5560 -0.0330
v 0.0527 -0.5496 -0.0210
v 0.0497 -0.5691 -0.0250
v 0.0478 -0.5597 0.0169
v 0.0495 -0.5298 0.0165
v 0.0427 -0.5474 0.0270
v 0.0453 -0.5284 0.0242
v 0.0454 -0.5136 -0.0404
v 0.0480 -0.5114 -0.0367
v 0.0507 -0.5223 -0.0303
v 0.0451 -0.5136 0.0252
v 0.0521 -0.4891 -0.0284
v 0.0413 -0.5099 0.0309
v 0.0442 -0.4856 0.0265
v 0.0359 -0.4643 0.0381
v 0.0487 -0.4675 -0.0386
v 0.0502 -0.4585 0.0195
v 0.0517 -0.4542 -0.0374
v 0.0487 -0.4676 0.0200
v 0.0499 -0.4304 0.0289
v 0.0476 -0.4389 0.0295
v 0.0496 -0.4256 -0.0502
v 0.0437 -0.4205 0.0385
v 0.0443 -0.4084 0.0387
v 0.0464 -0.4036 -0.0559
v 0.0491 -0.4109 -0.0534
v 0.0443 -0.4039 0.0388
v 0.0500 -0.3968 -0.0510
v 0.0484 -0.3713 -0.0491
v 0.0493 -0.3789 0.0299
v 0.0487 -0.3725 0.0299
v 0.0400 -0.3675 0.0400
v 0.0496 -0.3637 -0.0458
v 0.0486 -0.3638 0.0291
v 0.0487 -0.3521 0.0286
v 0.0479 -0.3392 -0.0474
v 0.0497 -0.3465 -0.0445
v 0.0464 -0.3417 0.0325
v 0.0491 -0.3308 0.0302
v 0.0485 -0.3082 -0.0483
v 0.0487 -0.2982 0.0334
v 0.0421 -0.2916 0.0411
v 0.0501 -0.2897 0.0321
v 0.0505 -0.2764 0.0326
v 0.0396 -0.2725 0.0449
v 0.0484 -0.2647 -0.0503
v 0.0487 -0.2711 -0.0495
v 0.0474 -0.2588 0.0384
v 0.0479 -0.2466 -0.0520
v 0.0522 -0.2424 -0.0474
v 0.0480 -0.2526 0.0383
v 0.0429 -0.2301 0.0465
v 0.0490 -0.2165 -0.0528
v 0.0479 -0.2210 0.0421
v 0.0459 -0.1890 -0.0573
v 0.0533 -0.1575 -0.0506
v 0.0483 -0.1788 0.0461
v 0.0489 -0.1640 -0.0552
v 0.0448 -0.1408 -0.0590
v 0.0450 -0.1677 0.0504
v 0.0449 -0.1352 0.0531
v 0.0510 -0.1319 -0.0532
v 0.0482 -0.1271 0.0502
v 0.0456 -0.1047 0.0546
v 0.0474 -0.0973 -0.0578
v 0.0520 -0.0884 -0.0539
v 0.0448 -0.0928 0.0565
v 0.0488 -0.0870 0.0534
v 0.0468 -0.0754 -0.0594
v 0.0512 -0.0584 -0.0569
v 0.0476 -0.0619 0.0572
v 0.0488 -0.0536 -0.0592
v 0.0465 -0.0518 0.0593
v 0.0450 -0.0346 0.0622
v 0.0479 -0.0419 -0.0608
v 0.0523 -0.0264 -0.0575
v 0.0460 -0.0124 0.0630
v 0.0526 0.0031 -0.0584
v 0.0447 0.0043 0.0641
v 0.0428 0.0222 0.0611
v 0.0504 0.0266 0.0525
v 0.0483 0.0333 -0.0518
v 0.0577 0.0370 -0.0393
v 0.0499 0.0444 -0.0408
v 0.0488 0.0476 0.0370
v 0.0466 0.0524 -0.0346
v 0.0480 0.0608 -0.0126
v 0.0488 0.0609 0.0069
v 0.0470 0.0590 0.0193
v 0.0502 0.0605 -0.0020
v 0.0501 -0.6205 -0.0123
v 0.0502 -0.6278 -0.0053
v 0.0505 -0.6057 0.0021
v 0.0513 -0.5915 -0.0013
v 0.0512 -0.5846 0.0029
v 0.0515 -0.5737 0.0034
v 0.0518 -0.5591 -0.0197
v 0.0525 -0.5696 -0.0126
v 0.0541 -0.5384 -0.0024
v 0.0517 -0.5639 0.0046
v 0.0545 -0.5345 -0.0086
v 0.0540 -0.5304 0.0007
v 0.0524 -0.5273 -0.0245
v 0.0512 -0.5453 0.0104
v 0.0529 -0.5227 -0.0232
v 0.0552 -0.5133 -0.0047
v 0.0517 -0.5219 0.0110
v 0.0558 -0.4987 -0.0083
v 0.0519 -0.5096 0.0112
v 0.0554 -0.4735 -0.0142
v 0.0530 -0.5027 0.0080
v 0.0502 -0.5017 0.0163
v 0.0554 -0.4783 -0.0041
v 0.0509 -0.4806 0.0154
v 0.0519 -0.4856 0.0112
v 0.0509 -0.4711 -0.0332
v 0.0558 -0.4677 -0.0039
v 0.0523 -0.4696 0.0113
v 0.0588 -0.4506 -0.0156
v 0.0557 -0.4611 -0.0210
v 0.0520 -0.4594 0.0153
v 0.0566 -0.4618 -0.0147
v 0.0582 -0.4406 0.0070
v 0.0544 -0.4436 -0.0360
v 0.0553 -0.4434 0.0139
v 0.0605 -0.4353 -0.0220
v 0.0582 -0.4397 -0.0281
v 0.0576 -0.4285 0.0145
v 0.0579 -0.4141 -0.0384
v 0.0528 -0.4322 -0.0444
v 0.0562 -0.4138 0.0208
v 0.0520 -0.4251 0.0264
v 0.0566 -0.4054 0.0202
v 0.0586 -0.4038 -0.0366
v 0.0526 -0.3977 0.0270
v 0.0555 -0.3869 -0.0402
v 0.0577 -0.3950 -0.0375
v 0.0466 -0.3958 0.0362
v 0.0580 -0.3868 0.0141
v 0.0519 -0.3808 0.0258
v 0.0560 -0.3531 -0.0310
v 0.0575 -0.3748 -0.0315
v 0.0569 -0.3662 0.0114
v 0.0578 -0.3652 -0.0272
v 0.0535 -0.3658 0.0197
v 0.0566 -0.3494 0.0110
v 0.0585 -0.3550 -0.0217
v 0.0541 -0.3432 -0.0364
v 0.0583 -0.3378 0.0079
v 0.0489 -0.3177 -0.0478
v 0.0569 -0.3129 0.0171
v 0.0581 -0.3262 0.0116
v 0.0519 -0.3328 0.0250
v 0.0521 -0.3150 0.0266
v 0.0487 -0.3057 -0.0485
v 0.0573 -0.3083 -0.0335
v 0.0585 -0.2916 0.0167
v 0.0543 -0.2937 -0.0406
v 0.0624 -0.2764 -0.0252
v 0.0528 -0.3016 0.0268
v 0.0555 -0.2861 0.0239
v 0.0528 -0.2656 -0.0449
v 0.0581 -0.2699 -0.0362
v 0.0566 -0.2716 0.0239
v 0.0596 -0.2292 0.0242
v 0.0569 -0.2527 0.0259
v 0.0566 -0.2503 -0.0406
v 0.0531 -0.2481 0.0324
v 0.0586 -0.2231 -0.0401
v 0.0530 -0.2296 0.0347
v 0.0556 -0.2283 -0.0442
v 0.0563 -0.2209 0.0312
v 0.0583 -0.2139 -0.0410
v 0.0527 -0.2057 0.0386
v 0.0537 -0.2000 -0.0486
v 0.0575 -0.2078 -0.0428
v 0.0568 -0.2015 0.0328
v 0.0581 -0.1765 -0.0434
v 0.0549 -0.1766 0.0387
v 0.0534 -0.1727 0.0407
v 0.0588 -0.1588 0.0341
v 0.0525 -0.1655 0.0424
v 0.0561 -0.1451 0.0394
v 0.0556 -0.1354 -0.0479
v 0.0562 -0.1272 0.0410
v 0.0572 -0.1103 0.0413
v 0.0560 -0.1101 -0.0483
v 0.0551 -0.1016 0.0449
v 0.0559 -0.0873 0.0459
v 0.0562 -0.0939 -0.0489
v 0.0542 -0.0823 0.0483
v 0.0546 -0.0658 -0.0526
v 0.0557 -0.0707 0.0480
v 0.0564 -0.0680 -0.0507
v 0.0599 -0.0459 -0.0478
v 0.0568 -0.0423 0.0497
v 0.0592 -0.0297 -0.0499
v 0.0572 -0.0255 -0.0527
v 0.0541 0.0001 0.0563
v 0.0573 0.0097 -0.0531
v 0.0528 0.0135 0.0557
v 0.0579 0.0289 0.0429
v 0.0571 0.0227 -0.0493
v 0.0489 0.0380 0.0463
v 0.0558 0.0431 -0.0349
v 0.0579 0.0427 0.0294
v 0.0583 0.0447 -0.0284
v 0.0542 0.0523 -0.0226
v 0.0575 0.0523 -0.0123
v 0.0570 0.0516 0.0146
v 0.0518 0.0500 0.0289
v 0.0578 -0.4532 -0.0045
v 0.0591 -0.4430 0.0002
v 0.0610 -0.4362 -0.0123
v 0.0616 -0.4221 0.0035
v 0.0599 -0.4260 0.0083
v 0.0616 -0.4142 -0.0281
v 0.0638 -0.4109 -0.0114
v 0.0621 -0.4151 0.0035
v 0.0636 -0.4004 -0.0115
v 0.0635 -0.4106 -0.0039
v 0.0596 -0.3976 0.0114
v 0.0602 -0.3768 -0.0207
v 0.0593 -0.3903 0.0121
v 0.0599 -0.3927 -0.0305
v 0.0605 -0.3706 -0.0068
v 0.0593 -0.3735 0.0037
v 0.0591 -0.3568 -0.0172
v 0.0591 -0.3599 -0.0003
v 0.0590 -0.3532 -0.0005
v 0.0595 -0.3458 -0.0023
v 0.0611 -0.3263 -0.0087
v 0.0595 -0.3331 -0.0219
v 0.0606 -0.3291 -0.0038
v 0.0588 -0.3203 0.0103
v 0.0621 -0.3060 -0.0150
v 0.0583 -0.3134 -0.0302
v 0.0621 -0.3069 -0.0039
v 0.0620 -0.2930 -0.0203
v 0.0632 -0.2917 -0.0040
v 0.0601 -0.2960 0.0112
v 0.0654 -0.2619 -0.0072
v 0.0616 -0.2984 0.0041
v 0.0605 -0.2606 -0.0320
v 0.0592 -0.2785 -0.0330
v 0.0641 -0.2618 0.0042
v 0.0657 -0.2482 -0.0151
v 0.0602 -0.2399 -0.0349
v 0.0642 -0.2433 0.0094
v 0.0594 -0.2774 0.0169
v 0.0656 -0.2332 -0.0207
v 0.0606 -0.2456 0.0193
v 0.0662 -0.2299 0.0048
v 0.0652 -0.2204 -0.0245
v 0.0666 -0.2270 -0.0159
v 0.0663 -0.2094 0.0081
v 0.0625 -0.2106 0.0200
v 0.0595 -0.2264 0.0249
v 0.0632 -0.1991 -0.0320
v 0.0655 -0.2071 -0.0250
v 0.0649 -0.2104 0.0132
v 0.0659 -0.1931 0.0128
v 0.0661 -0.1908 -0.0243
v 0.0603 -0.1980 0.0268
v 0.0632 -0.1734 0.0234
v 0.0640 -0.1680 -0.0320
v 0.0613 -0.1738 0.0274
v 0.0663 -0.1619 0.0162
v 0.0598 -0.1700 -0.0407
v 0.0619 -0.1493 -0.0377
v 0.0605 -0.1278 -0.0409
v 0.0642 -0.1413 0.0249
v 0.0594 -0.1467 0.0341
v 0.0660 -0.1441 -0.0287
v 0.0601 -0.1310 0.0345
v 0.0661 -0.1173 0.0237
v 0.0655 -0.1096 -0.0325
v 0.0607 -0.1176 0.0348
v 0.0613 -0.0984 -0.0412
v 0.0635 -0.1003 0.0320
v 0.0621 -0.0938 0.0354
v 0.0657 -0.0836 -0.0347
v 0.0656 -0.0881 0.0293
v 0.0656 -0.0686 0.0323
v 0.0666 -0.0733 -0.0340
v 0.0595 -0.0756 0.0421
v 0.0622 -0.0560 0.0404
v 0.0648 -0.0529 -0.0396
v 0.0658 -0.0394 0.0362
v 0.0658 -0.0326 -0.0399
v 0.0634 -0.0422 0.0401
v 0.0659 -0.0296 0.0375
v 0.0622 -0.0109 -0.0477
v 0.0683 -0.0019 -0.0391
v 0.0576 -0.0375 0.0493
v 0.0613 -0.0134 0.0470
v 0.0701 0.0074 -0.0361
v 0.0675 0.0113 -0.0403
v 0.0660 0.0212 0.0354
v 0.0634 0.0233 0.0379
v 0.0608 0.0199 0.0434
v 0.0658 0.0276 -0.0337
v 0.0674 0.0270 -0.0322
v 0.0639 0.0346 0.0278
v 0.0645 0.0432 -0.0141
v 0.0646 0.0449 -0.0011
v 0.0661 0.0383 0.0166
v 0.0580 0.0524 0.0049
v 0.0663 -0.2414 -0.0108
v 0.0660 -0.2473 -0.0016
v 0.0672 -0.2246 -0.0045
v 0.0664 -0.2294 0.0019
v 0.0675 -0.2160 -0.0035
v 0.0681 -0.1970 -0.0019
v 0.0690 -0.1683 -0.0100
v 0.0672 -0.1940 0.0067
v 0.0670 -0.2001 -0.0194
v 0.0668 -0.1732 -0.0238
v 0.0690 -0.1714 -0.0040
v 0.0666 -0.1584 0.0160
v 0.0697 -0.1442 0.0037
v 0.0689 -0.1568 0.0042
v 0.0675 -0.1628 -0.0227
v 0.0682 -0.1478 -0.0204
v 0.0705 -0.1282 -0.0003
v 0.0699 -0.1204 0.0083
v 0.0668 -0.1392 0.0181
v 0.0715 -0.1097 -0.0035
v 0.0677 -0.1054 -0.0271
v 0.0704 -0.1074 -0.0159
v 0.0717 -0.1071 -0.0030
v 0.0681 -0.1068 0.0194
v 0.0725 -0.0640 -0.0151
v 0.0704 -0.0957 0.0121
v 0.0720 -0.0840 -0.0121
v 0.0724 -0.0739 0.0084
v 0.0672 -0.0984 0.0239
v 0.0667 -0.1031 -0.0302
v 0.0738 -0.0582 -0.0040
v 0.0713 -0.0679 -0.0199
v 0.0728 -0.0488 -0.0184
v 0.0740 -0.0516 0.0036
v 0.0699 -0.0710 0.0202
v 0.0678 -0.0709 0.0269
v 0.0665 -0.0616 -0.0357
v 0.0741 -0.0489 -0.0085
v 0.0731 -0.0357 0.0165
v 0.0681 -0.0364 0.0316
v 0.0733 -0.0213 -0.0232
v 0.0739 -0.0343 0.0132
v 0.0692 -0.0303 -0.0331
v 0.0722 -0.0147 0.0246
v 0.0752 -0.0029 -0.0213
v 0.0738 -0.0078 0.0214
v 0.0737 0.0017 0.0233
v 0.0686 -0.0055 0.0351
v 0.0738 0.0034 -0.0263
v 0.0637 0.0033 0.0447
v 0.0739 0.0128 0.0208
v 0.0683 0.0114 0.0344
v 0.0743 0.0216 -0.0156
v 0.0728 0.0249 0.0134
v 0.0742 0.0265 -0.0040
v 0.0679 0.0258 0.0272
v 0.0665 0.0371 -0.0210
v 0.0690 0.0358 -0.0119
v 0.0673 0.0397 0.0061
v 0.0743 -0.0425 0.0077
v 0.0750 -0.0350 -0.0076
v 0.0747 -0.0404 0.0034
v 0.0745 -0.0209 0.0151
v 0.0743 -0.0371 -0.0143
v 0.0762 -0.0195 0.0008
v 0.0761 -0.0121 -0.0123
v 0.0776 0.0093 -0.0012
v 0.0772 0.0050 0.0071
v 0.0756 -0.0047 0.0148
v 0.0765 0.0125 -0.0117
v 0.0773 0.0077 -0.0073
v 0.0750 0.0034 0.0182
v 0.0749 0.0178 0.0114
vn -0.9522 -0.2767 -0.1293
vn -0.9827 -0.1799 -0.0440
vn -0.9886 0.0819 0.1267
vn -0.9597 0.1350 -0.2464
vn -0.9856 0.0180 -0.1679
vn -0.9873 0.0236 0.1574
vn -0.9796 0.1907 0.0639
vn -0.9950 -0.0954 0.0311
vn -0.9859 -0.0758 -0.1492
vn -0.9768 -0.0786 0.1992
vn -0.9965 -0.0479 0.0682
vn -0.9594 -0.0478 0.2781
vn -0.9874 -0.0421 -0.1525
vn -0.9362 -0.0399 0.3491
vn -0.9976 -0.0119 0.0689
vn -0.9821 0.0030 -0.1886
vn -0.9510 -0.0254 0.3080
vn -0.9493 0.0121 -0.3142
vn -0.9639 -0.0014 0.2663
vn -0.9789 0.0144 -0.2036
vn -0.9984 -0.0043 0.0560
vn -0.9834 -0.0206 -0.1805
vn -0.9911 -0.0312 0.1294
vn -0.9503 -0.0453 0.3081
vn -0.9764 -0.0303 0.2137
vn -0.9703 -0.0208 -0.2408
vn -0.9839 -0.0530 -0.1706
vn -0.9989 -0.0438 -0.0171
vn -0.9947 -0.0292 0.0981
vn -0.9332 -0.0370 0.3575
vn -0.9413 -0.0195 0.3370
vn -0.9894 0.0114 -0.1444
vn -0.9345 -0.0029 -0.3560
vn -0.9970 -0.0138 0.0764
vn -0.9889 -0.0073 0.1487
vn -0.9920 -0.0062 -0.1260
vn -0.9474 -0.0352 -0.3180
vn -0.9401 -0.0125 -0.3408
vn -0.7890 0.4631 -0.4038
vn -0.9275 -0.0143 0.3736
vn -0.9937 -0.0259 0.1093
vn -0.9803 -0.0150 0.1969
vn -0.9854 -0.0022 -0.1704
vn -0.9266 0.1007 -0.3622
vn -0.9922 0.1228 0.0194
vn -0.9024 0.2809 0.3267
vn -0.9374 0.3245 -0.1266
vn -0.8466 0.5197 0.1149
vn -0.9920 -0.0864 -0.0926
vn -0.9886 -0.0103 0.1500
vn -0.9851 -0.0270 -0.1700
vn -0.9750 -0.0136 0.2219
vn -0.9953 -0.0129 0.0955
vn -1.0000 -0.0022 -0.0039
vn -0.9684 -0.0161 -0.2491
vn -0.9578 -0.0226 0.2867
vn -0.9801 -0.0417 -0.1939
vn -0.9905 -0.0442 0.1303
vn -0.9804 -0.1819 -0.0756
vn -0.9650 -0.1436 0.2194
vn -0.9329 -0.1770 0.3135
vn -0.8726 -0.1889 -0.4505
vn -0.9504 -0.1691 -0.2608
vn -0.8840 -0.1663 0.4368
vn -0.9477 -0.0567 -0.3141
vn -0.8359 -0.0461 -0.5469
vn -0.9251 -0.1023 -0.3658
vn -0.8789 0.0281 0.4762
vn -0.8691 0.0364 -0.4933
vn -0.9497 0.0126 0.3130
vn -0.8490 0.2373 -0.4720
vn -0.9159 0.1585 -0.3689
vn -0.9171 0.0897 0.3885
vn -0.9088 0.1756 -0.3784
vn -0.9814 0.1303 -0.1407
vn -0.9630 0.0280 0.2680
vn -0.8537 0.0779 -0.5149
vn -0.9385 0.0307 0.3439
vn -0.9871 0.1602 0.0053
vn -0.9784 -0.0177 -0.2058
vn -0.9119 -0.0959 -0.3991
vn -0.9924 -0.0193 0.1215
vn -0.9576 0.0061 0.2879
vn -0.8658 -0.0420 -0.4986
vn -0.8980 -0.0763 0.4334
vn -0.9700 -0.0664 -0.2339
vn -0.8862 -0.0455 -0.4611
vn -0.8327 -0.0716 0.5491
vn -0.9398 -0.0488 -0.3382
vn -0.9369 -0.0192 -0.3491
vn -0.9349 -0.0638 0.3491
vn -0.8770 -0.0136 -0.4803
vn -0.9374 -0.0068 -0.3483
vn -0.8537 -0.0243 0.5202
vn -0.8704 0.0120 -0.4922
vn -0.8451 -0.0199 0.5343
vn -0.9280 0.0014 -0.3727
vn -0.7713 -0.0283 0.6359
vn -0.9251 0.0436 -0.3772
vn -0.8820 0.0148 -0.4710
vn -0.8981 -0.0047 0.4399
vn -0.9551 -0.0298 0.2948
vn -0.8919 -0.0145 -0.4519
vn -0.9096 -0.0007 -0.4154
vn -0.9159 -0.1418 0.3755
vn -0.8771 -0.0254 -0.4797
vn -0.8849 -0.0648 0.4612
vn -0.8862 -0.0218 -0.4628
vn -0.8121 -0.0193 -0.5832
vn -0.8355 0.0116 -0.5493
vn -0.8451 -0.0365 0.5334
vn -0.7976 0.0234 -0.6027
vn -0.9165 -0.0181 0.3997
vn -0.8753 0.0171 -0.4833
vn -0.9198 -0.0244 0.3916
vn -0.8366 -0.0242 0.5473
vn -0.8783 -0.0565 -0.4747
vn -0.8380 -0.0223 0.5453
vn -0.8352 -0.0405 -0.5485
vn -0.8343 -0.0159 -0.5510
vn -0.7527 0.1230 -0.6468
vn -0.8910 0.0083 0.4540
vn -0.7786 0.2520 -0.5746
vn -0.7906 0.4939 0.3619
vn -0.7789 0.4183 -0.4673
vn -0.8798 0.3481 -0.3237
vn -0.7647 0.5617 -0.3159
vn -0.7650 0.6389 -0.0810
vn -0.8349 0.4736 0.2804
vn -0.9786 -0.2024 -0.0381
vn -0.9360 -0.2202 0.2747
vn -0.9997 -0.0225 -0.0139
vn -0.9983 -0.0000 0.0581
vn -0.9619 -0.0450 -0.2698
vn -0.9492 -0.0277 0.3134
vn -0.9830 -0.0379 0.1794
vn -0.9402 -0.0014 0.3405
vn -0.9543 0.0080 -0.2988
vn -0.9999 -0.0093 -0.0055
vn -0.9429 -0.0086 0.3329
vn -0.9989 0.0044 -0.0470
vn -0.9889 0.0309 0.1456
vn -0.9468 -0.0213 -0.3212
vn -0.9972 -0.0372 -0.0647
vn -0.9493 -0.0443 -0.3111
vn -0.9615 -0.0233 0.2740
vn -0.9235 -0.0366 0.3819
vn -0.9232 -0.0550 -0.3803
vn -0.9980 -0.0638 -0.0020
vn -0.9605 -0.0729 0.2686
vn -0.7990 -0.0138 0.6012
vn -0.9974 0.0040 -0.0722
vn -0.8847 -0.0392 0.4644
vn -0.9323 -0.0810 -0.3524
vn -0.9823 -0.0632 0.1761
vn -0.8623 -0.0857 -0.4991
vn -0.9518 -0.0458 -0.3034
vn -0.8638 -0.0270 0.5031
vn -0.9108 0.1204 0.3949
vn -0.8682 -0.0544 -0.4932
vn -0.9252 -0.0243 0.3787
vn -0.9097 0.0076 0.4153
vn -0.8555 0.0037 0.5178
vn -0.8499 -0.0415 -0.5253
vn -0.9581 -0.0217 -0.2856
vn -0.9198 -0.0050 0.3924
vn -0.8627 -0.0243 -0.5051
vn -0.9153 -0.0283 -0.4017
vn -0.8669 -0.0097 0.4984
vn -0.9029 -0.0203 -0.4294
vn -0.7673 0.0509 -0.6392
vn -0.8934 -0.0892 -0.4403
vn -0.9321 -0.0321 0.3607
vn -0.7898 -0.0737 -0.6089
vn -0.6722 -0.4453 -0.5915
vn -0.8941 -0.1896 -0.4058
vn -0.8846 -0.1057 0.4542
vn -0.7762 -0.2298 -0.5871
vn -0.7314 -0.1741 -0.6594
vn -0.6640 -0.5970 0.4503
vn -0.7955 -0.1971 0.5730
vn -0.5867 -0.0269 -0.8094
vn -0.6248 0.0749 -0.7772
vn -0.7271 0.1229 -0.6755
vn -0.7140 0.1159 0.6905
vn -0.8330 0.1076 0.5428
vn -0.7667 0.1695 -0.6192
vn -0.7952 0.0801 0.6011
vn -0.8203 0.0252 0.5713
vn -0.8334 -0.0313 -0.5518
vn -0.8106 0.0373 0.5844
vn -0.6303 -0.0267 -0.7759
vn -0.7941 -0.0364 -0.6067
vn -0.8489 -0.0483 0.5264
vn -0.7687 -0.0076 -0.6396
vn -0.7441 -0.0331 0.6673
vn -0.7063 0.0015 -0.7079
vn -0.7241 -0.0262 0.6892
vn -0.7742 0.0151 -0.6328
vn -0.7999 0.0033 -0.6001
vn -0.7802 -0.0056 -0.6255
vn -0.7720 -0.0156 -0.6354
vn -0.6661 -0.0358 0.7450
vn -0.7725 -0.0581 0.6324
vn -0.7604 -0.0251 -0.6490
vn -0.7554 -0.0280 -0.6547
vn -0.8278 -0.0233 -0.5606
vn -0.7893 -0.0570 0.6113
vn -0.7066 -0.0178 -0.7074
vn -0.6958 -0.0102 -0.7182
vn -0.7579 -0.0897 0.6462
vn -0.7497 -0.0175 0.6616
vn -0.7523 0.0056 -0.6588
vn -0.6715 -0.0116 0.7409
vn -0.6856 0.0139 -0.7279
vn -0.7194 -0.0280 0.6940
vn -0.7167 0.0000 -0.6974
vn -0.8083 -0.0343 0.5877
vn -0.6855 -0.0280 -0.7275
vn -0.7367 -0.0273 0.6757
vn -0.7538 -0.0099 -0.6571
vn -0.7396 -0.0202 0.6727
vn -0.6696 -0.0199 -0.7425
vn -0.8114 -0.0489 0.5825
vn -0.7304 -0.0286 -0.6824
vn -0.7753 0.1293 0.6183
vn -0.8170 0.2959 0.4949
vn -0.7069 0.4162 0.5718
vn -0.6883 0.4460 -0.5721
vn -0.6577 0.6904 -0.3013
vn -0.6324 0.5920 0.4997
vn -0.6321 0.7748 0.0140
vn -0.5907 0.7872 0.1775
vn -0.8238 -0.5603 0.0860
vn -0.8804 -0.4451 -0.1638
vn -0.8970 -0.2873 0.3358
vn -0.8498 -0.1534 -0.5043
vn -0.7738 -0.0387 -0.6323
vn -0.9173 -0.0673 -0.3926
vn -0.7918 -0.1883 0.5810
vn -0.9098 -0.0360 -0.4134
vn -0.8923 -0.0341 0.4502
vn -0.7812 -0.0216 -0.6239
vn -0.8700 -0.0450 -0.4911
vn -0.7587 -0.0070 0.6514
vn -0.8804 -0.0728 -0.4687
vn -0.8439 -0.0145 0.5364
vn -0.9195 -0.0223 -0.3923
vn -0.7462 -0.0152 0.6655
vn -0.8116 -0.0317 -0.5834
vn -0.8377 -0.0032 0.5462
vn -0.8090 -0.0745 -0.5831
vn -0.9295 -0.0151 0.3686
vn -0.8350 0.0236 0.5498
vn -0.7641 -0.0389 -0.6440
vn -0.8806 -0.0263 -0.4732
vn -0.8433 -0.0274 -0.5367
vn -0.8952 -0.0608 -0.4415
vn -0.8986 -0.0521 -0.4358
vn -0.7378 -0.0505 -0.6731
vn -0.8437 0.1277 -0.5214
vn -0.8163 -0.0236 0.5771
vn -0.8106 0.0981 -0.5774
vn -0.7264 -0.0587 -0.6848
vn -0.7091 -0.0206 0.7048
vn -0.8168 -0.0623 -0.5736
vn -0.7206 -0.0707 -0.6897
vn -0.7055 -0.0482 -0.7070
vn -0.7081 0.0177 0.7059
vn -0.7097 -0.0510 -0.7026
vn -0.7516 -0.0206 0.6593
vn -0.7155 -0.0396 -0.6975
vn -0.7254 -0.0030 0.6883
vn -0.7311 -0.0362 -0.6813
vn -0.7545 -0.0104 0.6562
vn -0.7078 -0.0264 -0.7060
vn -0.8665 -0.0130 0.4990
vn -0.7466 0.1462 0.6490
vn -0.8481 -0.0369 0.5286
vn -0.6804 -0.0898 -0.7273
vn -0.7299 -0.1328 0.6706
vn -0.6386 -0.2213 -0.7370
vn -0.6585 -0.1693 0.7333
vn -0.6019 -0.1962 -0.7741
vn -0.5872 -0.1546 -0.7945
vn -0.5650 -0.2151 0.7966
vn -0.6783 0.0004 0.7347
vn -0.6187 0.0895 0.7805
vn -0.6309 0.1555 -0.7601
vn -0.6751 0.0969 -0.7313
vn -0.6527 0.0083 -0.7576
vn -0.6418 -0.0040 0.7669
vn -0.7523 0.0312 -0.6580
vn -0.7172 -0.0712 0.6932
vn -0.6493 -0.0557 -0.7585
vn -0.7103 -0.0006 0.7039
vn -0.5773 0.0180 -0.8164
vn -0.6181 -0.0663 -0.7833
vn -0.6185 -0.0461 0.7844
vn -0.6882 -0.0064 0.7255
vn -0.7209 -0.0329 -0.6923
vn -0.6275 -0.0399 0.7776
vn -0.6509 -0.0173 -0.7590
vn -0.6611 0.0068 -0.7502
vn -0.6242 -0.0463 0.7799
vn -0.7450 0.0487 0.6653
vn -0.6232 -0.0011 -0.7821
vn -0.6549 -0.0584 0.7535
vn -0.6878 -0.0067 -0.7258
vn -0.6397 0.0354 0.7678
vn -0.6695 -0.0157 -0.7427
vn -0.5933 -0.0650 0.8024
vn -0.6371 -0.0512 0.7691
vn -0.6482 -0.0691 0.7583
vn -0.6077 -0.0164 -0.7940
vn -0.6567 -0.0227 -0.7538
vn -0.6731 -0.0786 0.7354
vn -0.5358 0.1969 0.8211
vn -0.6911 -0.0188 -0.7225
vn -0.5786 -0.0211 -0.8154
vn -0.6119 -0.0606 0.7886
vn -0.5727 -0.0068 -0.8197
vn -0.5294 -0.0125 -0.8483
vn -0.6461 -0.0315 0.7626
vn -0.6669 0.0020 -0.7452
vn -0.6112 0.0074 -0.7915
vn -0.6491 -0.0390 0.7597
vn -0.5861 -0.0364 -0.8094
vn -0.6480 -0.0545 0.7597
vn -0.6075 0.0960 -0.7885
vn -0.6530 0.2671 -0.7086
vn -0.6094 0.2894 0.7382
vn -0.5761 0.3974 -0.7143
vn -0.5849 0.5050 -0.6347
vn -0.5629 0.6300 -0.5350
vn -0.6033 0.6697 -0.4330
vn -0.5707 0.6782 0.4630
vn -0.5881 0.7587 -0.2801
vn -0.5384 0.8402 -0.0647
vn -0.7330 -0.6757 0.0785
vn -0.6677 -0.6010 -0.4393
vn -0.6461 -0.7042 -0.2944
vn -0.7613 -0.5756 0.2985
vn -0.7483 -0.4080 -0.5230
vn -0.6493 -0.5407 0.5348
vn -0.7580 -0.3713 0.5362
vn -0.6460 -0.2081 -0.7344
vn -0.6707 -0.3594 0.6489
vn -0.6740 0.0609 0.7362
vn -0.6652 -0.0690 -0.7435
vn -0.6767 0.0047 0.7362
vn -0.6811 -0.0358 -0.7313
vn -0.6566 -0.0344 -0.7535
vn -0.6150 -0.0157 0.7884
vn -0.6914 -0.0201 -0.7222
vn -0.6627 -0.0133 0.7488
vn -0.4659 -0.0099 0.8848
vn -0.6948 -0.0352 -0.7184
vn -0.7025 -0.0204 -0.7114
vn -0.5871 0.0179 0.8093
vn -0.6757 -0.0063 0.7371
vn -0.5922 -0.0372 -0.8050
vn -0.6043 -0.0122 0.7967
vn -0.6163 -0.0095 0.7874
vn -0.6327 -0.0433 -0.7732
vn -0.6819 0.0067 0.7314
vn -0.7856 -0.0021 0.6187
vn -0.5746 -0.0469 -0.8171
vn -0.8202 -0.0077 0.5721
vn -0.6495 -0.0553 -0.7583
vn -0.6652 -0.0143 0.7465
vn -0.7066 -0.0198 0.7073
vn -0.5950 -0.0707 -0.8006
vn -0.7446 -0.0219 0.6672
vn -0.5881 -0.0266 0.8084
vn -0.6057 -0.0092 0.7956
vn -0.5449 -0.0525 -0.8368
vn -0.6034 -0.0502 -0.7959
vn -0.6094 -0.0116 0.7927
vn -0.6093 -0.0439 -0.7918
vn -0.4761 -0.0567 -0.8776
vn -0.5810 -0.0101 0.8138
vn -0.6236 -0.0037 0.7817
vn -0.6171 -0.0403 -0.7859
vn -0.4998 -0.0544 -0.8644
vn -0.6185 -0.0084 0.7857
vn -0.6667 -0.0497 -0.7437
vn -0.6789 0.0106 0.7341
vn -0.4837 0.3337 -0.8091
vn -0.4916 -0.1686 0.8544
vn -0.4977 -0.2126 -0.8409
vn -0.5492 -0.1154 0.8277
vn -0.4473 -0.1486 -0.8820
vn -0.4743 -0.0551 0.8787
vn -0.4122 -0.0202 0.9109
vn -0.4867 0.0374 0.8728
vn -0.5640 0.1537 -0.8114
vn -0.5273 0.0940 -0.8445
vn -0.4527 0.0453 -0.8905
vn -0.6254 -0.0616 0.7779
vn -0.6742 -0.2898 0.6793
vn -0.4900 -0.0340 -0.8711
vn -0.5318 -0.0147 -0.8467
vn -0.5434 -0.0479 0.8381
vn -0.4756 -0.0444 0.8785
vn -0.4301 -0.0226 -0.9025
vn -0.4243 0.0137 0.9054
vn -0.4815 -0.0528 0.8748
vn -0.5510 -0.0078 -0.8345
vn -0.4799 -0.0088 -0.8773
vn -0.5349 -0.0083 0.8449
vn -0.5241 0.0357 -0.8509
vn -0.6378 -0.1343 0.7584
vn -0.5624 -0.0118 -0.8268
vn -0.5370 -0.0704 0.8406
vn -0.5487 -0.0165 -0.8358
vn -0.4995 -0.0195 -0.8661
vn -0.5417 -0.0626 0.8383
vn -0.4375 -0.0567 0.8974
vn -0.5118 -0.0599 0.8570
vn -0.4902 0.0078 -0.8716
vn -0.5431 -0.0463 0.8384
vn -0.5664 -0.0419 0.8230
vn -0.5401 -0.0383 0.8407
vn -0.5409 -0.0055 -0.8411
vn -0.5595 -0.0400 0.8279
vn -0.4637 0.0043 -0.8860
vn -0.6388 -0.0011 0.7693
vn -0.5254 0.2304 0.8190
vn -0.5082 0.3538 -0.7852
vn -0.4977 0.3994 0.7699
vn -0.4903 0.5836 -0.6472
vn -0.5650 0.5841 0.5827
vn -0.4535 0.5699 0.6852
vn -0.3332 0.8235 -0.4591
vn -0.5720 0.7510 0.3299
vn -0.4625 0.7007 0.5432
vn -0.4690 0.8230 -0.3204
vn -0.5045 -0.8633 -0.0135
vn -0.6275 -0.7477 0.2173
vn -0.5139 -0.7706 0.3769
vn -0.4935 -0.6842 -0.5370
vn -0.5385 -0.6439 0.5436
vn -0.5278 -0.5425 0.6536
vn -0.5262 -0.4414 -0.7268
vn -0.4068 -0.2164 -0.8875
vn -0.5012 -0.0356 -0.8646
vn -0.5382 -0.0295 -0.8423
vn -0.4826 -0.0047 0.8758
vn -0.4492 0.0019 0.8935
vn -0.3266 -0.0224 -0.9449
vn -0.4773 -0.0276 -0.8783
vn -0.4403 -0.0162 0.8977
vn -0.4706 0.0816 -0.8786
vn -0.6036 -0.0502 -0.7957
vn -0.4937 -0.0294 0.8691
vn -0.5037 -0.0622 -0.8617
vn -0.5187 -0.0053 0.8549
vn -0.5797 -0.0093 0.8148
vn -0.2878 -0.0326 0.9571
vn -0.5585 -0.0864 -0.8250
vn -0.4662 -0.0618 -0.8825
vn -0.4748 0.0087 0.8800
vn -0.5636 -0.0431 -0.8249
vn -0.3879 -0.0556 -0.9200
vn -0.4870 -0.0150 0.8733
vn -0.3725 -0.0638 0.9258
vn -0.4789 -0.0486 -0.8765
vn -0.4458 -0.0554 -0.8934
vn -0.3454 -0.0464 -0.9373
vn -0.4399 -0.0014 0.8981
vn -0.4914 -0.0161 0.8708
vn -0.4175 -0.0534 -0.9071
vn -0.4988 -0.0502 -0.8653
vn -0.4598 -0.0100 0.8880
vn -0.4643 -0.0370 -0.8849
vn -0.4667 -0.0214 0.8842
vn -0.4806 -0.0408 -0.8760
vn -0.6196 -0.0515 0.7832
vn -0.3734 -0.1235 -0.9194
vn -0.5213 -0.1016 0.8473
vn -0.3406 -0.1678 -0.9251
vn -0.3615 -0.2100 -0.9084
vn -0.3661 -0.1262 0.9220
vn -0.3051 -0.1292 -0.9435
vn -0.4979 0.1023 0.8612
vn -0.3055 0.0823 -0.9486
vn -0.5697 0.0879 0.8172
vn -0.2084 0.0129 0.9780
vn -0.4343 0.0165 -0.9006
vn -0.3933 -0.0230 0.9191
vn -0.4796 -0.0702 0.8747
vn -0.3641 0.0914 -0.9268
vn -0.3942 0.0008 -0.9190
vn -0.4812 -0.0457 0.8754
vn -0.2646 -0.0338 0.9638
vn -0.2173 0.0282 -0.9757
vn -0.3852 -0.0374 0.9221
vn -0.3343 -0.0193 -0.9423
vn -0.4673 -0.0275 -0.8837
vn -0.3900 -0.0224 -0.9205
vn -0.4637 -0.0609 0.8839
vn -0.4070 -0.0156 -0.9133
vn -0.4824 -0.0658 0.8735
vn -0.3069 -0.0678 0.9493
vn -0.4116 -0.0179 -0.9112
vn -0.4675 -0.0592 0.8820
vn -0.3767 -0.0610 0.9243
vn -0.4164 -0.0098 -0.9091
vn -0.4093 -0.0055 -0.9124
vn -0.4103 -0.0142 -0.9118
vn -0.5005 -0.0776 0.8622
vn -0.4166 -0.0114 -0.9090
vn -0.3761 -0.0135 -0.9265
vn -0.4484 -0.0600 0.8918
vn -0.4258 -0.0191 -0.9046
vn -0.2553 -0.0225 -0.9666
vn -0.3805 -0.0669 0.9224
vn -0.4279 -0.0667 0.9014
vn -0.4665 -0.0134 -0.8844
vn -0.4187 -0.0170 -0.9080
vn -0.2847 -0.0916 -0.9542
vn -0.4165 -0.0472 0.9079
vn -0.3697 -0.0073 -0.9291
vn -0.4463 -0.0474 0.8936
vn -0.2385 -0.0313 0.9706
vn -0.4600 -0.0245 0.8876
vn -0.5241 -0.0236 -0.8513
vn -0.4361 0.0644 -0.8976
vn -0.5294 0.0624 0.8461
vn -0.2833 0.1690 -0.9440
vn -0.3412 0.2081 0.9167
vn -0.3672 0.4085 -0.8356
vn -0.3582 0.3395 0.8698
vn -0.2562 0.4672 -0.8462
vn -0.4168 0.5494 -0.7242
vn -0.4457 0.4701 0.7618
vn -0.2756 0.5306 0.8016
vn -0.3862 0.7048 -0.5951
vn -0.3926 0.7152 0.5783
vn -0.4046 0.7856 -0.4680
vn -0.4048 0.7423 0.5340
vn -0.3739 0.9257 0.0565
vn -0.4160 -0.8824 -0.2198
vn -0.2720 -0.9568 0.1025
vn -0.3175 -0.7411 -0.5916
vn -0.2771 -0.7821 0.5581
vn -0.3281 -0.5434 -0.7727
vn -0.3509 -0.4346 0.8295
vn -0.2523 -0.6202 0.7427
vn -0.5774 -0.2861 0.7647
vn -0.1421 -0.1704 -0.9751
vn -0.5090 -0.0387 0.8599
vn -0.4121 -0.1404 0.9003
vn -0.4158 -0.0329 -0.9089
vn -0.2640 -0.0206 -0.9643
vn -0.3291 0.0177 0.9441
vn -0.2202 -0.0230 -0.9752
vn -0.1975 -0.0652 -0.9781
vn -0.2794 -0.0314 0.9597
vn -0.4190 -0.0074 -0.9079
vn -0.3574 -0.0452 0.9329
vn -0.3835 -0.0895 -0.9192
vn -0.3530 -0.0345 0.9350
vn -0.4261 -0.0536 -0.9031
vn -0.2342 -0.0569 -0.9705
vn -0.2445 -0.0314 -0.9692
vn -0.2255 -0.0636 -0.9722
vn -0.3681 -0.0584 -0.9280
vn -0.3270 -0.0272 0.9446
vn -0.2904 -0.0632 -0.9548
vn -0.4142 -0.0892 0.9058
vn -0.3050 -0.0636 -0.9502
vn -0.3517 -0.0644 -0.9339
vn -0.3445 -0.0453 0.9377
vn -0.2395 -0.0377 -0.9702
vn -0.2341 -0.0559 -0.9706
vn -0.3776 -0.0738 0.9230
vn -0.3012 -0.1806 -0.9363
vn -0.3046 -0.1510 0.9404
vn -0.1727 -0.2046 -0.9635
vn -0.3321 -0.1763 0.9266
vn -0.3370 -0.0529 -0.9400
vn -0.2393 -0.0399 -0.9701
vn -0.2503 0.0255 -0.9678
vn -0.1635 0.1243 -0.9787
vn -0.3797 0.3064 -0.8729
vn -0.3244 0.0729 0.9431
vn -0.4650 -0.2249 0.8563
vn -0.2348 -0.0291 -0.9716
vn -0.3273 0.1254 0.9366
vn -0.3119 0.0017 -0.9501
vn -0.3085 -0.0535 0.9497
vn -0.2991 -0.0223 -0.9540
vn -0.3124 -0.0738 0.9471
vn -0.1035 -0.0747 0.9918
vn -0.2390 -0.0295 -0.9706
vn -0.2934 -0.0815 0.9525
vn -0.4042 -0.0631 0.9125
vn -0.2282 -0.0233 -0.9733
vn -0.2872 -0.0689 0.9554
vn -0.2382 -0.0024 -0.9712
vn -0.2077 0.0027 -0.9782
vn -0.2676 -0.0081 -0.9635
vn -0.3464 -0.0552 0.9365
vn -0.2291 0.0113 -0.9733
vn -0.2710 -0.0639 0.9605
vn -0.3260 -0.0658 0.9431
vn -0.1555 -0.1443 0.9772
vn -0.2932 -0.0618 0.9541
vn -0.2747 -0.0197 -0.9613
vn -0.3341 -0.0093 -0.9425
vn -0.2745 -0.0376 0.9609
vn -0.2959 0.0954 -0.9504
vn -0.4082 0.2430 -0.8799
vn -0.2480 0.3872 0.8880
vn -0.3193 0.5484 -0.7728
vn -0.2556 0.6339 -0.7299
vn -0.2932 0.6291 0.7200
vn -0.2082 0.7048 0.6782
vn -0.2754 0.7984 -0.5354
vn -0.4001 0.8229 0.4034
vn -0.2935 0.7646 0.5738
vn -0.2507 0.9378 -0.2400
vn -0.3358 0.8910 -0.3056
vn -0.3846 0.9195 -0.0815
vn -0.2410 0.8686 0.4330
vn -0.0241 -0.9994 -0.0258
vn -0.3065 -0.8785 0.3664
vn -0.6566 -0.6970 0.2882
vn -0.1685 -0.7848 -0.5964
vn -0.2346 -0.9064 -0.3511
vn -0.3002 -0.3699 0.8792
vn -0.0123 -0.2334 -0.9723
vn -0.1860 -0.1061 0.9768
vn -0.2067 0.0174 0.9783
vn -0.0826 -0.0779 -0.9935
vn -0.3298 -0.0539 -0.9425
vn -0.1328 -0.0572 -0.9895
vn -0.2336 -0.0689 -0.9699
vn -0.2512 -0.0626 -0.9659
vn -0.0974 -0.0194 0.9951
vn -0.3123 0.0386 0.9492
vn -0.0695 -0.0565 -0.9960
vn -0.0709 -0.0280 -0.9971
vn -0.1364 0.0294 0.9902
vn -0.3409 0.0001 0.9401
vn -0.1496 -0.0523 -0.9874
vn -0.1370 -0.0641 -0.9885
vn -0.2329 -0.0151 0.9724
vn -0.0777 -0.0796 -0.9938
vn -0.1399 -0.0331 0.9896
vn -0.1429 -0.0681 -0.9874
vn -0.2693 0.0316 0.9625
vn -0.1081 -0.1059 -0.9885
vn -0.1162 -0.0851 0.9896
vn -0.1761 -0.1788 -0.9680
vn -0.2344 -0.1513 0.9603
vn -0.1261 -0.1503 0.9806
vn -0.0945 -0.1590 -0.9828
vn -0.1557 -0.0514 0.9865
vn -0.0653 -0.0604 -0.9960
vn -0.2646 0.1543 0.9519
vn -0.3678 0.1173 -0.9225
vn 0.0473 0.3401 -0.9392
vn -0.1318 0.1261 -0.9832
vn -0.0809 0.0618 0.9948
vn -0.0904 0.1052 -0.9903
vn -0.1060 -0.0286 0.9940
vn -0.2775 -0.0008 -0.9607
vn -0.1277 0.0216 0.9916
vn -0.0219 -0.0066 -0.9997
vn -0.1832 -0.0409 0.9822
vn -0.0891 0.0124 -0.9959
vn -0.1688 -0.1057 0.9800
vn -0.0844 0.0016 -0.9964
vn -0.1754 -0.0688 0.9821
vn -0.2284 -0.0612 0.9716
vn -0.2207 -0.0058 -0.9753
vn -0.1835 -0.0579 0.9813
vn -0.2226 -0.0586 0.9731
vn -0.2176 -0.4053 -0.8879
vn -0.2279 -0.0385 -0.9729
vn -0.1914 -0.0706 0.9790
vn -0.2052 -0.0264 -0.9784
vn -0.1937 -0.0307 -0.9806
vn -0.2417 -0.0721 0.9677
vn -0.2293 -0.0110 -0.9733
vn -0.0250 0.0374 -0.9990
vn -0.1775 -0.0554 0.9826
vn -0.2410 -0.0233 0.9703
vn -0.3374 0.0473 0.9402
vn -0.1262 0.0445 -0.9910
vn -0.1989 0.1605 0.9668
vn -0.1714 0.2462 -0.9540
vn -0.0829 0.3742 -0.9236
vn -0.1504 0.4809 0.8638
vn -0.2304 0.7125 -0.6627
vn -0.1500 0.7442 -0.6510
vn -0.1065 0.8259 0.5537
vn -0.1396 0.8737 -0.4660
vn -0.1994 0.9695 0.1424
vn -0.3417 0.9084 0.2409
vn -0.1241 0.8810 0.4565
vn -0.2165 0.9636 -0.1570
vn -0.0489 -0.9005 -0.4322
vn 0.0771 -0.9781 0.1934
vn 0.0872 -0.9115 0.4019
vn -0.0346 -0.7417 -0.6699
vn 0.0785 -0.7200 0.6895
vn -0.1195 -0.5086 -0.8526
vn -0.0375 -0.5457 0.8372
vn 0.0314 -0.0107 -0.9995
vn -0.0560 -0.0049 -0.9984
vn 0.0193 -0.0371 -0.9991
vn -0.0928 -0.0022 0.9957
vn -0.1588 -0.0077 0.9873
vn 0.0178 -0.0435 -0.9989
vn -0.1299 -0.0303 0.9911
vn -0.1987 -0.0743 -0.9772
vn -0.1291 0.1377 0.9820
vn -0.0617 -0.0687 -0.9957
vn -0.0556 -0.0792 0.9953
vn -0.0008 -0.0595 -0.9982
vn -0.0226 0.1065 0.9941
vn -0.1963 0.0176 0.9804
vn -0.1433 0.0338 0.9891
vn -0.0909 -0.0940 -0.9914
vn -0.0099 -0.0457 -0.9989
vn 0.0255 -0.0462 -0.9986
vn -0.1155 -0.0235 0.9930
vn 0.0009 -0.0661 -0.9978
vn -0.0802 -0.0627 -0.9948
vn -0.0196 -0.0030 0.9998
vn 0.0120 -0.0603 -0.9981
vn -0.1387 -0.0050 0.9903
vn -0.0754 -0.0668 -0.9949
vn -0.1613 -0.0152 0.9868
vn 0.0359 -0.1117 -0.9931
vn -0.0196 0.0422 0.9989
vn 0.0630 -0.2190 -0.9737
vn -0.0355 -0.1008 0.9943
vn 0.0621 -0.1537 -0.9862
vn -0.2256 0.0890 0.9702
vn 0.1105 0.0861 0.9901
vn 0.0664 0.1226 -0.9902
vn 0.0400 0.0731 0.9965
vn -0.2078 -0.0027 -0.9782
vn 0.0282 -0.2287 0.9731
vn 0.0801 -0.0412 0.9959
vn -0.0713 -0.0173 0.9973
vn -0.1884 -0.0730 -0.9794
vn -0.0699 -0.0420 -0.9967
vn 0.1237 -0.1263 0.9843
vn -0.1207 -0.0970 0.9879
vn -0.0900 0.1061 -0.9903
vn -0.0795 -0.0134 -0.9967
vn 0.0340 0.0018 -0.9994
vn -0.1117 -0.0412 0.9929
vn -0.1406 -0.0949 0.9855
vn -0.0250 0.0155 -0.9996
vn -0.1074 0.0173 -0.9941
vn -0.2853 -0.3775 -0.8810
vn -0.0185 -0.0003 0.9998
vn -0.2221 0.0055 -0.9750
vn -0.0105 -0.0877 0.9961
vn -0.0597 -0.0459 -0.9972
vn -0.0835 -0.0753 0.9937
vn -0.1074 -0.0269 -0.9939
vn -0.0412 -0.0194 -0.9990
vn -0.0694 -0.0660 0.9954
vn -0.2426 0.0719 -0.9675
vn -0.0555 0.1474 -0.9875
vn -0.0551 0.3565 0.9327
vn -0.1130 0.5883 0.8007
vn 0.0079 0.6895 0.7243
vn -0.0289 0.7853 -0.6185
vn -0.1832 0.9831 0.0053
vn 0.1926 -0.9765 0.0962
vn 0.3360 -0.7927 0.5086
vn 0.1821 -0.7858 -0.5910
vn 0.0438 -0.5844 -0.8103
vn 0.2466 -0.4758 -0.8443
vn 0.0928 -0.0743 0.9929
vn 0.0384 -0.0303 0.9988
vn 0.2188 0.0484 0.9746
vn 0.1852 0.0859 0.9789
vn 0.2177 -0.0058 -0.9760
vn 0.3034 0.0168 -0.9527
vn 0.1558 -0.0104 0.9877
vn 0.1918 -0.0595 -0.9796
vn 0.0092 -0.1026 -0.9947
vn 0.0925 -0.0484 0.9945
vn -0.0592 0.0039 0.9982
vn 0.1343 -0.0651 -0.9888
vn 0.0985 -0.0119 0.9951
vn 0.2149 -0.0622 -0.9747
vn 0.1169 -0.0655 -0.9910
vn 0.0490 0.0741 0.9960
vn 0.1832 -0.0323 -0.9825
vn 0.0776 -0.0479 0.9958
vn 0.1705 -0.0447 -0.9843
vn 0.0947 0.0407 0.9947
vn 0.0221 0.0187 0.9996
vn 0.1652 -0.0469 -0.9851
vn 0.0474 -0.0557 0.9973
vn 0.1494 -0.0804 -0.9855
vn 0.0323 -0.0375 0.9988
vn 0.0746 0.0017 -0.9972
vn 0.0674 -0.3186 0.9455
vn 0.1520 0.0319 -0.9879
vn 0.2478 -0.0192 -0.9686
vn 0.1382 -0.0827 -0.9869
vn -0.0054 0.4311 0.9023
vn 0.0628 -0.2221 -0.9730
vn 0.1276 -0.1936 -0.9727
vn 0.1334 -0.1571 -0.9785
vn 0.1952 -0.0512 -0.9794
vn -0.0347 -0.0397 0.9986
vn 0.2197 0.1150 -0.9688
vn 0.0949 0.0962 -0.9908
vn 0.1606 0.0712 -0.9845
vn 0.0889 0.0285 -0.9956
vn 0.0713 -0.0250 0.9971
vn 0.0141 -0.0110 -0.9998
vn 0.1391 -0.0232 -0.9900
vn 0.0346 -0.0307 0.9989
vn 0.0915 0.0158 -0.9957
vn 0.0030 -0.0351 0.9994
vn 0.1922 -0.0543 -0.9799
vn 0.1261 -0.0385 -0.9913
vn -0.0931 -0.0330 0.9951
vn 0.0782 -0.0637 -0.9949
vn -0.0018 -0.0791 0.9969
vn -0.0041 -0.0708 0.9975
vn 0.1192 0.0484 -0.9917
vn 0.1074 -0.0876 0.9903
vn -0.0220 -0.0803 0.9965
vn 0.0858 0.0567 -0.9947
vn 0.0164 0.0189 0.9997
vn 0.1618 -0.0130 -0.9867
vn -0.0622 -0.0048 -0.9981
vn -0.0598 -0.0078 -0.9982
vn 0.1192 -0.0956 0.9883
vn 0.1564 -0.0514 -0.9864
vn 0.0806 -0.0403 -0.9959
vn 0.1067 0.0021 0.9943
vn -0.0562 0.0297 0.9980
vn 0.1507 0.0632 -0.9866
vn -0.0747 0.1938 0.9782
vn 0.0487 0.1304 0.9903
vn 0.0671 0.2163 -0.9740
vn -0.0342 0.4981 -0.8664
vn 0.0075 0.4988 0.8667
vn 0.1646 0.5225 -0.8366
vn -0.0537 0.6198 -0.7829
vn 0.1214 0.7311 0.6714
vn 0.1036 0.7972 -0.5948
vn 0.0399 0.8004 0.5982
vn 0.0531 0.8646 -0.4997
vn -0.0071 0.9138 -0.4061
vn -0.0764 0.9569 -0.2800
vn -0.1054 0.9326 0.3451
vn -0.0011 0.8702 0.4926
vn 0.0480 0.9745 0.2191
vn 0.4297 -0.8190 -0.3802
vn 0.1522 -0.9406 -0.3034
vn 0.2785 -0.9304 0.2381
vn 0.3632 -0.5670 -0.7393
vn 0.3499 -0.5240 -0.7765
vn 0.3841 -0.4525 0.8048
vn 0.2102 -0.2902 0.9336
vn 0.3274 -0.0382 -0.9441
vn 0.2410 -0.1618 -0.9569
vn 0.3297 0.0127 0.9440
vn 0.4815 -0.0510 -0.8750
vn 0.2106 -0.0772 -0.9745
vn 0.1280 -0.0029 0.9918
vn 0.1940 -0.0292 0.9806
vn 0.2009 -0.0548 0.9781
vn 0.2725 -0.0703 -0.9596
vn 0.1652 -0.1228 -0.9786
vn 0.2356 -0.0436 0.9709
vn 0.3496 -0.0813 -0.9334
vn 0.1382 -0.0074 0.9904
vn 0.3104 -0.0343 -0.9500
vn 0.4226 -0.0121 -0.9062
vn 0.1996 -0.0435 -0.9789
vn 0.2359 -0.0030 0.9718
vn 0.2613 -0.0464 -0.9641
vn 0.2167 -0.0448 0.9752
vn 0.1686 -0.0914 -0.9814
vn 0.2495 -0.0743 -0.9655
vn 0.2009 -0.0467 0.9785
vn 0.2428 0.0383 0.9693
vn 0.2272 -0.0662 -0.9716
vn 0.1585 0.0105 0.9873
vn 0.0448 -0.0160 0.9989
vn 0.1890 0.0167 0.9818
vn 0.3935 -0.0609 -0.9173
vn 0.1102 -0.0204 0.9937
vn 0.2584 -0.1347 -0.9566
vn 0.2032 -0.0633 0.9771
vn 0.3359 -0.2425 -0.9101
vn 0.1598 -0.2154 0.9634
vn 0.2697 -0.1615 0.9493
vn 0.2506 -0.1255 -0.9599
vn 0.0633 0.0144 -0.9979
vn 0.1281 0.0288 0.9913
vn 0.2666 0.0362 -0.9631
vn 0.3401 0.0223 -0.9401
vn 0.2817 -0.0055 0.9595
vn 0.4531 0.1004 -0.8858
vn 0.2627 0.0041 -0.9649
vn 0.2647 0.0236 -0.9640
vn 0.2186 0.0052 0.9758
vn 0.3099 -0.0057 -0.9508
vn 0.1338 -0.0601 0.9892
vn 0.0991 0.0040 0.9951
vn 0.2384 -0.0719 0.9685
vn 0.0757 -0.0400 -0.9963
vn 0.1418 -0.0970 0.9851
vn 0.1516 -0.0395 0.9876
vn 0.0980 0.0581 -0.9935
vn 0.2602 -0.0468 -0.9644
vn 0.1181 -0.0502 0.9917
vn 0.0999 -0.0445 0.9940
vn 0.1936 0.0337 -0.9805
vn 0.2107 -0.1402 0.9674
vn 0.2337 0.0031 -0.9723
vn 0.2417 -0.0607 0.9685
vn 0.1948 -0.0183 -0.9807
vn -0.1071 -0.2087 -0.9721
vn 0.0440 -0.0848 0.9954
vn 0.1113 -0.0034 0.9938
vn 0.1360 0.2049 0.9693
vn 0.1946 0.2547 -0.9472
vn 0.1628 0.3876 0.9074
vn 0.1674 0.4280 -0.8881
vn 0.1497 0.5622 0.8133
vn 0.1280 0.9221 -0.3652
vn 0.1394 0.9732 -0.1830
vn 0.0337 0.9991 -0.0242
vn 0.5719 -0.8129 -0.1105
vn 0.3145 -0.9474 -0.0590
vn 0.5227 -0.8196 0.2346
vn 0.3533 -0.7184 -0.5993
vn 0.4258 -0.8098 0.4035
vn 0.3254 -0.6933 0.6430
vn 0.5319 -0.6017 -0.5959
vn 0.4348 -0.5925 0.6782
vn 0.4481 -0.3155 -0.8365
vn 0.5343 -0.2681 0.8017
vn 0.2969 -0.1690 -0.9399
vn 0.4302 0.0078 -0.9027
vn 0.4734 -0.0154 -0.8807
vn 0.3375 0.0253 0.9410
vn 0.4645 0.0894 -0.8810
vn 0.3977 0.0194 0.9173
vn 0.3875 -0.0315 0.9213
vn 0.4148 -0.0387 0.9091
vn 0.3884 -0.0880 -0.9173
vn 0.4249 -0.1091 -0.8986
vn 0.5647 -0.0794 -0.8214
vn 0.3072 -0.0320 0.9511
vn 0.4197 -0.0995 0.9022
vn 0.3295 0.0231 -0.9439
vn 0.4672 -0.0403 -0.8832
vn 0.3936 0.0367 0.9185
vn 0.2860 0.0329 0.9577
vn 0.3299 0.0327 0.9434
vn 0.4452 -0.0405 -0.8945
vn 0.4871 0.0508 0.8719
vn 0.1741 -0.0373 0.9840
vn 0.4081 -0.0768 -0.9097
vn 0.4766 -0.0709 -0.8763
vn 0.3505 -0.0579 -0.9348
vn 0.3606 -0.0329 0.9322
vn 0.4626 -0.1283 -0.8773
vn 0.4042 -0.0032 0.9147
vn 0.4167 -0.0006 0.9090
vn 0.3708 -0.0475 0.9275
vn 0.3710 -0.4343 -0.8208
vn 0.4002 -0.1670 -0.9011
vn 0.4249 -0.0808 -0.9016
vn 0.1472 -0.0405 0.9883
vn 0.2536 0.0968 -0.9625
vn 0.4158 0.0995 -0.9040
vn 0.2336 0.0229 0.9721
vn 0.1364 0.0233 -0.9904
vn 0.2658 -0.0417 -0.9631
vn 0.2081 -0.0628 -0.9761
vn 0.3952 -0.0994 0.9132
vn 0.3549 -0.0993 0.9296
vn 0.2722 -0.0465 -0.9611
vn 0.2809 -0.2061 0.9374
vn 0.2365 -0.0326 0.9711
vn 0.2887 -0.0078 -0.9574
vn 0.1806 -0.0101 -0.9835
vn 0.3428 -0.1133 0.9325
vn 0.2911 0.0199 -0.9565
vn 0.2390 -0.0715 0.9684
vn 0.2915 -0.4184 -0.8602
vn 0.1750 -0.1059 0.9789
vn 0.1604 -0.0881 0.9831
vn 0.2930 -0.0390 -0.9553
vn 0.1255 -0.0989 -0.9871
vn 0.1926 -0.0497 0.9800
vn 0.2034 0.0114 -0.9790
vn 0.0972 -0.0781 0.9922
vn 0.2827 0.0312 -0.9587
vn 0.3003 0.0584 -0.9521
vn 0.3262 0.2410 -0.9141
vn 0.2513 0.3327 0.9089
vn 0.1020 0.6392 -0.7622
vn 0.1871 0.6359 0.7488
vn 0.1889 0.7172 0.6708
vn 0.3403 0.7507 -0.5663
vn 0.2484 0.8363 0.4888
vn 0.2790 0.8697 -0.4072
vn 0.2095 0.9752 -0.0709
vn 0.2083 0.9561 0.2060
vn 0.1991 0.9034 0.3796
vn 0.1917 0.9813 0.0158
vn 0.6067 -0.7335 -0.3063
vn 0.5963 -0.6871 0.4152
vn 0.6293 -0.4337 -0.6448
vn 0.6097 -0.5410 0.5793
vn 0.6144 -0.1938 -0.7649
vn 0.4238 -0.0416 0.9048
vn 0.5604 -0.0393 -0.8273
vn 0.5839 -0.0062 0.8118
vn 0.5563 0.0342 0.8303
vn 0.6838 -0.0068 -0.7296
vn 0.4786 0.0408 0.8771
vn 0.5459 -0.0074 -0.8378
vn 0.5886 -0.0659 -0.8057
vn 0.5491 -0.0269 0.8353
vn 0.6385 -0.0557 -0.7676
vn 0.5585 -0.0679 -0.8267
vn 0.5640 -0.0432 0.8246
vn 0.5715 -0.0129 0.8205
vn 0.6273 -0.0594 -0.7766
vn 0.4074 -0.0038 0.9132
vn 0.5264 -0.1785 0.8313
vn 0.6368 0.3867 -0.6670
vn 0.4561 -0.0350 -0.8893
vn 0.6261 -0.0146 -0.7796
vn 0.5473 0.0103 0.8369
vn 0.5481 0.0068 -0.8364
vn 0.5235 0.0236 0.8517
vn 0.6327 -0.0392 -0.7734
vn 0.6233 -0.0591 -0.7798
vn 0.4361 -0.4524 0.7779
vn 0.4252 -0.0433 0.9041
vn 0.6153 -0.0386 0.7873
vn 0.6175 -0.0594 -0.7844
vn 0.4519 -0.0617 -0.8900
vn 0.4991 -0.0277 0.8661
vn 0.4461 -0.0394 -0.8941
vn 0.5795 0.0111 -0.8149
vn 0.6404 -0.0139 -0.7679
vn 0.5281 -0.0100 -0.8491
vn 0.6507 -0.0498 -0.7577
vn 0.5226 0.0198 0.8524
vn 0.4408 0.1319 0.8879
vn 0.4964 -0.1082 -0.8613
vn 0.4878 -0.1876 -0.8526
vn 0.3937 -0.1260 0.9106
vn 0.4136 -0.0890 0.9061
vn 0.5296 -0.0016 -0.8482
vn 0.2855 -0.3257 0.9013
vn 0.4406 0.0608 -0.8956
vn 0.3721 0.1382 0.9178
vn 0.3995 0.0256 -0.9164
vn 0.3690 0.0431 0.9284
vn 0.4609 -0.1249 -0.8786
vn 0.3972 -0.0378 0.9170
vn 0.4885 -0.0349 0.8719
vn 0.4017 -0.0002 -0.9158
vn 0.4207 0.0095 0.9072
vn 0.2476 -0.0131 0.9688
vn 0.3657 -0.0254 0.9304
vn 0.4729 -0.0653 -0.8787
vn 0.4429 -0.1163 0.8890
vn 0.4821 -0.0977 -0.8706
vn 0.3250 -0.1024 0.9402
vn 0.3558 -0.0399 -0.9337
vn 0.4707 -0.0549 -0.8806
vn 0.3610 -0.0671 -0.9302
vn 0.2728 -0.0602 -0.9602
vn 0.2256 -0.2086 0.9516
vn 0.3690 -0.0563 -0.9277
vn 0.4582 -0.0682 0.8862
vn 0.3582 -0.0037 -0.9336
vn 0.2794 -0.0478 0.9590
vn 0.3889 -0.0436 0.9203
vn 0.3488 0.0010 -0.9372
vn 0.4470 -0.0366 -0.8938
vn 0.3960 -0.0794 0.9148
vn 0.3713 -0.0312 -0.9280
vn 0.2811 -0.0875 0.9557
vn 0.3754 -0.0773 0.9237
vn 0.4209 -0.0301 -0.9066
vn 0.3234 -0.0443 0.9452
vn 0.2358 0.0504 0.9705
vn 0.3304 0.1662 0.9291
vn 0.3287 0.3839 0.8629
vn 0.2962 0.5170 -0.8031
vn 0.2651 0.6239 -0.7352
vn 0.3378 0.6248 0.7040
vn 0.2301 0.7168 -0.6583
vn 0.2861 0.7809 -0.5552
vn 0.3219 0.7433 0.5864
vn 0.3819 0.7669 -0.5157
vn 0.4111 0.8511 0.3266
vn 0.3441 0.8146 0.4670
vn 0.3507 0.8933 -0.2812
vn 0.2795 0.9597 0.0297
vn 0.3669 0.9002 0.2345
vn 0.7490 -0.6614 0.0395
vn 0.7634 -0.4833 -0.4285
vn 0.7660 -0.3612 0.5317
vn 0.8085 -0.2067 -0.5510
vn 0.7554 -0.1086 0.6462
vn 0.6691 -0.0523 0.7413
vn 0.7232 0.0089 -0.6906
vn 0.7985 0.0155 0.6018
vn 0.7303 0.0065 0.6831
vn 0.6774 0.1006 -0.7287
vn 0.7933 0.0013 -0.6088
vn 0.7340 0.0121 0.6790
vn 0.7901 -0.0230 -0.6125
vn 0.7939 -0.0473 -0.6062
vn 0.6450 -0.0004 0.7642
vn 0.7155 -0.0447 -0.6972
vn 0.7288 -0.0211 0.6845
vn 0.7412 -0.0339 0.6704
vn 0.7084 -0.0641 -0.7029
vn 0.7281 -0.0467 0.6839
vn 0.6934 -0.0427 0.7193
vn 0.7336 -0.0157 -0.6794
vn 0.8033 -0.1334 -0.5805
vn 0.6789 -0.0425 -0.7330
vn 0.7276 0.0080 0.6859
vn 0.7594 -0.0696 -0.6469
vn 0.6909 -0.0052 0.7230
vn 0.6683 -0.0268 -0.7434
vn 0.7005 0.0232 0.7133
vn 0.6784 0.0242 0.7343
vn 0.5701 -0.0840 -0.8173
vn 0.6135 -0.0709 -0.7865
vn 0.5852 -0.0966 -0.8051
vn 0.6909 -0.0896 -0.7174
vn 0.6551 -0.0275 0.7551
vn 0.5776 -0.0648 0.8138
vn 0.6438 -0.0296 0.7646
vn 0.6394 -0.0510 -0.7671
vn 0.5664 -0.0005 0.8241
vn 0.5814 0.0113 0.8135
vn 0.6956 -0.0323 -0.7177
vn 0.5955 -0.0070 0.8033
vn 0.6127 -0.1141 -0.7821
vn 0.6674 -0.2774 -0.6911
vn 0.5092 -0.1540 0.8467
vn 0.5390 -0.1641 -0.8262
vn 0.5317 -0.0298 0.8464
vn 0.5476 0.0307 -0.8362
vn 0.4609 0.0123 0.8874
vn 0.5779 0.1052 -0.8093
vn 0.5104 0.0675 0.8573
vn 0.6369 0.0910 -0.7656
vn 0.5055 0.0154 0.8627
vn 0.6123 -0.0580 0.7885
vn 0.5437 -0.2589 -0.7984
vn 0.5116 0.0114 -0.8591
vn 0.6286 -0.1058 -0.7705
vn 0.4901 -0.0056 -0.8716
vn 0.4798 -0.0274 0.8769
vn 0.5762 -0.0341 -0.8166
vn 0.4984 -0.0659 0.8644
vn 0.5729 -0.0472 -0.8183
vn 0.4384 -0.0823 0.8950
vn 0.4460 -0.0332 -0.8944
vn 0.4487 -0.0700 -0.8909
vn 0.5167 -0.0562 0.8543
vn 0.5939 0.0262 -0.8041
vn 0.5984 -0.1324 -0.7902
vn 0.4525 0.1206 0.8835
vn 0.5979 -0.0146 -0.8014
vn 0.4374 -0.0655 0.8969
vn 0.4839 -0.0515 0.8736
vn 0.4157 -0.0911 0.9049
vn 0.5128 -0.0224 -0.8582
vn 0.4465 -0.0934 -0.8899
vn 0.4261 -0.0878 0.9004
vn 0.5045 -0.0912 0.8586
vn 0.2811 -0.0528 0.9582
vn 0.4654 0.0385 0.8843
vn 0.4182 0.2480 0.8739
vn 0.4455 0.3516 -0.8233
vn 0.5371 0.1704 -0.8261
vn 0.3749 0.4645 -0.8023
vn 0.3548 0.5036 0.7877
vn 0.4494 0.4261 0.7852
vn 0.4523 0.5699 -0.6860
vn 0.4340 0.7547 -0.4920
vn 0.4451 0.7555 0.4808
vn 0.4070 0.9032 0.1364
vn 0.7371 -0.6239 -0.2598
vn 0.8904 -0.4548 0.0206
vn 0.9081 -0.3828 0.1696
vn 0.7605 -0.5706 0.3099
vn 0.9280 -0.3161 -0.1971
vn 0.8768 -0.3084 0.3689
vn 0.7484 -0.0636 -0.6602
vn 0.8563 -0.1394 0.4973
vn 0.8373 0.0131 0.5466
vn 0.9212 0.0135 0.3889
vn 0.8365 0.0172 0.5477
vn 0.8380 -0.0068 -0.5457
vn 0.9115 0.0269 0.4105
vn 0.9317 0.0062 0.3631
vn 0.8295 0.0132 0.5583
vn 0.8199 0.0057 0.5725
vn 0.9035 -0.0116 0.4283
vn 0.8400 -0.0099 0.5425
vn 0.8434 -0.0584 -0.5342
vn 0.9262 -0.0403 -0.3749
vn 0.7519 -0.0719 -0.6554
vn 0.8589 -0.0294 0.5113
vn 0.8709 -0.0367 0.4902
vn 0.8736 -0.0662 -0.4822
vn 0.9332 -0.0430 -0.3569
vn 0.8348 -0.0463 -0.5486
vn 0.7857 -0.0271 0.6180
vn 0.8312 -0.0443 -0.5542
vn 0.8569 -0.0104 0.5153
vn 0.8258 -0.0354 -0.5629
vn 0.7854 -0.0064 0.6190
vn 0.8844 -0.0343 -0.4655
vn 0.7970 -0.0407 -0.6026
vn 0.8955 -0.0500 -0.4423
vn 0.8814 -0.2916 0.3716
vn 0.7921 0.0092 0.6104
vn 0.7705 -0.0427 -0.6360
vn 0.8358 -0.0021 0.5491
vn 0.8532 -0.0516 -0.5190
vn 0.7428 -0.0847 -0.6641
vn 0.7833 -0.0306 0.6209
vn 0.7710 -0.0726 -0.6327
vn 0.7539 -0.0500 0.6551
vn 0.7651 -0.0342 -0.6430
vn 0.8619 0.0360 -0.5057
vn 0.7307 -0.0340 0.6819
vn 0.7945 -0.0730 -0.6029
vn 0.7410 -0.0267 0.6709
vn 0.7504 -0.0264 0.6604
vn 0.8355 -0.0277 -0.5487
vn 0.6428 -0.0205 0.7658
vn 0.7619 -0.0838 -0.6422
vn 0.7925 -0.0327 0.6090
vn 0.7624 -0.1688 -0.6247
vn 0.6597 -0.1205 0.7418
vn 0.6787 -0.1421 0.7206
vn 0.7197 -0.1475 -0.6784
vn 0.6958 -0.1536 0.7016
vn 0.5960 -0.1316 -0.7921
vn 0.6128 -0.1041 0.7834
vn 0.6687 -0.0618 -0.7410
vn 0.7284 -0.2695 -0.6299
vn 0.6895 0.0357 -0.7234
vn 0.6583 0.0370 0.7518
vn 0.7260 0.0230 -0.6873
vn 0.6587 -0.0001 0.7524
vn 0.6292 -0.0100 -0.7772
vn 0.7182 -0.0964 0.6892
vn 0.6776 -0.0494 0.7338
vn 0.6524 -0.0386 0.7569
vn 0.7561 -0.1022 0.6464
vn 0.5321 -0.0264 0.8463
vn 0.6974 0.0047 -0.7167
vn 0.6504 -0.0037 -0.7596
vn 0.6577 -0.0653 0.7504
vn 0.5828 -0.0512 -0.8110
vn 0.6070 0.1249 0.7848
vn 0.5739 -0.0934 0.8136
vn 0.4979 -0.0585 -0.8653
vn 0.5814 -0.0509 -0.8121
vn 0.5845 -0.0910 0.8063
vn 0.5974 -0.0976 0.7960
vn 0.6898 -0.0377 -0.7230
vn 0.5662 -0.0667 0.8215
vn 0.5783 -0.0182 -0.8156
vn 0.6770 -0.0615 0.7334
vn 0.6537 -0.0561 0.7547
vn 0.5079 0.0354 -0.8607
vn 0.5807 -0.0559 0.8122
vn 0.4986 0.0073 -0.8668
vn 0.6021 -0.0364 -0.7976
vn 0.5424 -0.0754 0.8367
vn 0.5937 -0.0863 0.8000
vn 0.5455 -0.0471 -0.8368
vn 0.5317 -0.0413 -0.8459
vn 0.3910 0.0991 0.9150
vn 0.6346 -0.0237 -0.7725
vn 0.4114 -0.0369 0.9107
vn 0.4754 -0.0271 -0.8793
vn 0.4663 0.0290 -0.8841
vn 0.5762 0.3726 -0.7274
vn 0.4874 0.5474 0.6803
vn 0.4452 0.6786 -0.5841
vn 0.4745 0.6357 0.6089
vn 0.5454 0.7535 -0.3670
vn 0.5551 0.7382 0.3834
vn 0.4552 0.8682 -0.1977
vn 0.5208 0.8524 -0.0476
vn 0.3882 0.9216 -0.0073
vn 0.5292 0.8293 0.1794
vn 0.9899 -0.1069 -0.0935
vn 0.9482 -0.0913 0.3043
vn 0.9868 -0.1424 0.0774
vn 0.9065 -0.1181 -0.4053
vn 0.9999 -0.0081 0.0137
vn 0.8969 0.0010 -0.4422
vn 0.9825 0.1642 0.0879
vn 0.9409 -0.0162 0.3383
vn 0.9770 -0.0001 -0.2131
vn 0.9285 0.0128 -0.3712
vn 0.9702 0.0162 0.2416
vn 0.9999 -0.0063 -0.0120
vn 0.9884 -0.0020 0.1519
vn 0.9448 -0.0224 -0.3268
vn 0.9990 -0.0141 -0.0417
vn 0.9870 0.0062 0.1605
vn 0.9472 -0.0192 0.3201
vn 0.9874 -0.0342 -0.1545
vn 0.9959 -0.0365 0.0830
vn 0.9457 -0.0457 -0.3217
vn 0.9696 -0.0369 0.2419
vn 0.9499 -0.0264 0.3113
vn 0.9988 -0.0346 -0.0334
vn 0.9820 -0.0540 -0.1811
vn 0.9893 -0.0395 0.1404
vn 0.9871 -0.0303 -0.1569
vn 0.9989 -0.0330 0.0327
vn 0.9059 -0.0304 0.4224
vn 0.9681 -0.0351 0.2479
vn 0.9841 -0.0308 0.1749
vn 0.9822 -0.0199 0.1868
vn 0.9306 -0.0162 0.3656
vn 0.9257 -0.0326 -0.3768
vn 0.9982 -0.0396 0.0452
vn 0.9642 -0.0330 -0.2633
vn 0.9200 -0.0048 0.3920
vn 0.9975 -0.0513 0.0488
vn 0.9951 -0.0402 -0.0900
vn 0.9944 -0.0068 0.1052
vn 0.9022 -0.0094 0.4312
vn 0.9413 -0.0409 0.3350
vn 0.9410 0.2626 0.2133
vn 0.9692 -0.0621 -0.2381
vn 0.9658 -0.0497 0.2546
vn 0.9536 -0.0292 0.2995
vn 0.9798 -0.0533 -0.1929
vn 0.9587 -0.0510 0.2799
vn 0.9076 -0.2577 0.3313
vn 0.9497 -0.0270 -0.3119
vn 0.8682 -0.0536 -0.4933
vn 0.9450 -0.0418 0.3243
vn 0.9230 -0.0648 0.3794
vn 0.8776 -0.0635 -0.4752
vn 0.9727 -0.0662 -0.2225
vn 0.9451 -0.0992 -0.3114
vn 0.8875 -0.0413 0.4590
vn 0.9080 -0.0324 0.4177
vn 0.8284 -0.0448 0.5583
vn 0.8468 -0.0320 0.5309
vn 0.8169 0.0085 -0.5768
vn 0.8649 -0.0389 -0.5005
vn 0.9181 -0.0812 -0.3878
vn 0.8507 -0.0081 0.5256
vn 0.9536 -0.0350 -0.2990
vn 0.7676 -0.0098 0.6409
vn 0.8184 0.0163 0.5744
vn 0.6699 -0.0859 0.7375
vn 0.8452 -0.1815 -0.5027
vn 0.9021 -0.1287 0.4118
vn 0.8941 -0.1688 -0.4148
vn 0.8579 -0.0895 0.5059
vn 0.8268 -0.1275 0.5479
vn 0.7697 -0.1712 0.6150
vn 0.7864 -0.0974 -0.6100
vn 0.7351 -0.0851 0.6726
vn 0.7363 -0.0255 0.6762
vn 0.7187 0.0171 -0.6951
vn 0.7839 -0.0318 -0.6201
vn 0.7095 0.0193 0.7045
vn 0.7555 0.3862 -0.5293
vn 0.8050 0.1080 -0.5833
vn 0.8475 0.0681 0.5265
vn 0.8290 0.0782 0.5538
vn 0.7087 0.0705 0.7020
vn 0.8521 0.0851 -0.5165
vn 0.8371 0.0494 0.5447
vn 0.8433 -0.0272 0.5368
vn 0.8062 -0.0191 -0.5913
vn 0.8778 -0.2413 -0.4139
vn 0.7704 -0.0590 0.6348
vn 0.8121 -0.0485 0.5814
vn 0.3580 -0.0765 -0.9306
vn 0.7912 -0.0469 0.6097
vn 0.6946 -0.0214 0.7191
vn 0.8347 -0.0559 0.5479
vn 0.7956 -0.0523 0.6036
vn 0.6289 -0.0556 0.7755
vn 0.7182 -0.0405 -0.6947
vn 0.7408 -0.0550 -0.6695
vn 0.7380 -0.0609 0.6720
vn 0.7161 -0.0525 -0.6960
vn 0.7652 -0.0329 -0.6430
vn 0.7430 -0.0789 0.6646
vn 0.6519 -0.0773 0.7543
vn 0.7154 -0.0477 -0.6971
vn 0.7387 -0.0862 0.6685
vn 0.6803 -0.0209 -0.7326
vn 0.7744 -0.0072 -0.6326
vn 0.7441 -0.0380 0.6670
vn 0.7329 -0.0591 -0.6778
vn 0.6391 -0.0006 -0.7691
vn 0.6798 -0.0519 0.7316
vn 0.6452 -0.0515 0.7623
vn 0.7298 -0.0089 -0.6836
vn 0.7370 -0.0615 0.6731
vn 0.6626 -0.0733 0.7454
vn 0.6433 -0.0381 -0.7647
vn 0.7279 -0.0001 -0.6856
vn 0.6165 -0.0798 0.7833
vn 0.6997 -0.0753 0.7105
vn 0.6240 -0.0773 -0.7776
vn 0.6788 -0.0491 -0.7327
vn 0.6637 -0.0752 0.7442
vn 0.5974 -0.0828 -0.7976
vn 0.6406 -0.0822 0.7634
vn 0.6165 -0.0625 0.7848
vn 0.6234 -0.0383 -0.7810
vn 0.6984 -0.0305 -0.7150
vn 0.6248 -0.0301 0.7802
vn 0.6655 0.0453 -0.7451
vn 0.5810 0.0655 0.8113
vn 0.5329 0.3065 0.7887
vn 0.6462 0.3618 0.6719
vn 0.5796 0.4460 -0.6820
vn 0.7129 0.4723 -0.5184
vn 0.5947 0.5764 -0.5604
vn 0.6137 0.6100 0.5014
vn 0.7288 0.6005 -0.3290
vn 0.5904 0.7905 -0.1630
vn 0.6035 0.7879 0.1223
vn 0.5988 0.7529 0.2731
vn 0.6292 0.7771 -0.0172
vn 0.9908 -0.0397 -0.1294
vn 0.9998 0.0130 0.0135
vn 0.9887 -0.0231 0.1481
vn 0.9965 -0.0438 0.0708
vn 0.9840 -0.0615 0.1672
vn 0.9890 -0.0353 0.1439
vn 0.9824 -0.0801 -0.1687
vn 0.9937 -0.0606 -0.0941
vn 0.9929 -0.0475 0.1089
vn 0.9860 -0.0489 0.1596
vn 0.9987 -0.0263 -0.0428
vn 0.9864 -0.0313 0.1614
vn 0.9414 -0.0484 -0.3337
vn 0.9549 -0.0408 0.2942
vn 0.9750 0.0037 -0.2222
vn 0.9977 -0.0284 0.0610
vn 0.9552 -0.0196 0.2953
vn 0.9999 -0.0136 -0.0085
vn 0.9658 0.0273 0.2578
vn 0.9957 -0.0667 -0.0638
vn 0.9577 -0.0847 0.2751
vn 0.9116 -0.0123 0.4109
vn 0.9930 -0.0268 0.1147
vn 0.9231 -0.0093 0.3844
vn 0.9790 0.0359 0.2006
vn 0.9162 -0.0865 -0.3913
vn 1.0000 0.0097 -0.0020
vn 0.9562 -0.0480 0.2888
vn 0.9808 -0.1727 -0.0903
vn 0.9586 -0.1970 -0.2056
vn 0.9182 -0.1387 0.3711
vn 0.9851 -0.1444 -0.0935
vn 0.9509 -0.1804 0.2515
vn 0.9115 -0.1705 -0.3744
vn 0.9162 -0.1667 0.3643
vn 0.9771 -0.1241 -0.1727
vn 0.9422 -0.1497 -0.2997
vn 0.9188 -0.1164 0.3771
vn 0.9042 -0.0562 -0.4234
vn 0.8574 -0.1471 -0.4932
vn 0.8959 -0.0375 0.4427
vn 0.8546 -0.0809 0.5130
vn 0.9020 0.0002 0.4317
vn 0.9174 0.0333 -0.3965
vn 0.8541 0.0926 0.5117
vn 0.8739 0.0985 -0.4760
vn 0.9038 0.0754 -0.4214
vn 0.7660 0.0306 0.6421
vn 0.9178 0.0820 0.3884
vn 0.8868 0.0803 0.4551
vn 0.9419 0.0388 -0.3336
vn 0.9266 0.1086 -0.3599
vn 0.9539 0.0682 0.2924
vn 0.9729 0.0856 -0.2146
vn 0.8680 0.3329 0.3685
vn 0.9521 -0.0320 0.3040
vn 0.9381 -0.2494 -0.2404
vn 0.9078 -0.0571 -0.4156
vn 0.9784 -0.0570 0.1988
vn 0.7884 -0.0268 -0.6146
vn 0.9197 -0.0601 0.3880
vn 0.9565 -0.0666 0.2840
vn 0.8919 -0.0629 0.4479
vn 0.8704 -0.0471 0.4900
vn 0.7828 -0.0384 -0.6210
vn 0.8980 -0.0386 -0.4382
vn 0.9241 -0.0636 0.3767
vn 0.9291 -0.2415 -0.2800
vn 0.9623 -0.0368 -0.2696
vn 0.8611 -0.0544 0.5056
vn 0.8729 -0.0607 0.4841
vn 0.8117 -0.0351 -0.5830
vn 0.8666 -0.0493 -0.4966
vn 0.8695 -0.0585 0.4904
vn 0.9097 -0.0529 0.4119
vn 0.8555 -0.0775 0.5119
vn 0.8426 -0.0570 -0.5355
vn 0.8095 -0.0920 0.5798
vn 0.8764 -0.0372 -0.4801
vn 0.7804 -0.0557 0.6228
vn 0.8451 -0.1208 -0.5208
vn 0.8446 -0.0543 0.5326
vn 0.8713 -0.0292 -0.4898
vn 0.7845 -0.0664 0.6166
vn 0.7741 -0.0293 -0.6323
vn 0.8516 -0.0294 -0.5233
vn 0.8678 -0.3384 0.3639
vn 0.8504 -0.0211 -0.5258
vn 0.8133 -0.0567 0.5791
vn 0.7634 -0.0330 0.6450
vn 0.8630 -0.0508 0.5026
vn 0.7692 -0.0470 0.6373
vn 0.8000 -0.0507 0.5978
vn 0.7840 -0.0187 -0.6205
vn 0.7975 -0.0598 0.6003
vn 0.8018 -0.0598 0.5946
vn 0.7661 -0.0307 -0.6420
vn 0.7228 -0.1029 0.6833
vn 0.7837 -0.0766 0.6164
vn 0.7718 -0.0430 -0.6344
vn 0.7136 -0.0698 0.6971
vn 0.6685 -0.1049 -0.7363
vn 0.7598 -0.0725 0.6461
vn 0.7713 -0.0529 -0.6342
vn 0.8011 -0.0502 -0.5964
vn 0.7691 -0.0651 0.6358
vn 0.7916 -0.0404 -0.6097
vn 0.7461 -0.0287 -0.6653
vn 0.7044 0.1079 0.7016
vn 0.7281 0.0931 -0.6791
vn 0.6959 0.1668 0.6985
vn 0.7385 0.3835 0.5546
vn 0.6992 0.2994 -0.6492
vn 0.6249 0.4980 0.6013
vn 0.6510 0.6225 -0.4344
vn 0.7356 0.5447 0.4027
vn 0.7555 0.5479 -0.3591
vn 0.6748 0.6745 -0.2996
vn 0.7239 0.6759 -0.1385
vn 0.7280 0.6491 0.2207
vn 0.6589 0.6536 0.3725
vn 0.9762 -0.1814 0.1187
vn 0.9865 -0.1281 0.1016
vn 0.9949 -0.0996 0.0153
vn 0.9829 -0.0942 0.1582
vn 0.9601 -0.1063 0.2588
vn 0.9705 -0.0442 -0.2372
vn 0.9992 -0.0380 -0.0080
vn 0.9763 -0.0556 0.2091
vn 0.9966 0.0771 -0.0301
vn 0.9957 0.0042 0.0920
vn 0.9600 0.0185 0.2795
vn 0.9920 0.0686 -0.1060
vn 0.9504 0.0768 0.3015
vn 0.9684 0.0781 -0.2368
vn 0.9968 0.0649 0.0467
vn 0.9803 0.1057 0.1667
vn 0.9915 0.0613 -0.1150
vn 0.9812 0.0126 0.1924
vn 0.9761 -0.0028 0.2171
vn 0.9955 -0.0369 0.0872
vn 0.9983 -0.0568 -0.0155
vn 0.9778 -0.0544 -0.2021
vn 0.9958 -0.0681 0.0606
vn 0.9645 -0.0619 0.2566
vn 0.9949 -0.0688 -0.0743
vn 0.9066 -0.1122 -0.4069
vn 0.9942 -0.0798 0.0723
vn 0.9840 -0.0635 -0.1663
vn 0.9952 -0.0675 0.0705
vn 0.9622 -0.0517 0.2675
vn 0.9979 -0.0641 0.0091
vn 0.9814 -0.0622 0.1819
vn 0.9202 -0.0485 -0.3885
vn 0.9093 -0.0675 -0.4107
vn 0.9849 -0.0582 0.1631
vn 0.9899 -0.0584 -0.1291
vn 0.9098 -0.0448 -0.4126
vn 0.9631 -0.0601 0.2623
vn 0.9322 -0.0661 0.3558
vn 0.9789 -0.0510 -0.1978
vn 0.9301 -0.0568 0.3630
vn 0.9799 -0.0466 0.1941
vn 0.9570 -0.0335 -0.2881
vn 0.9926 -0.0771 -0.0935
vn 0.9800 -0.0457 0.1936
vn 0.9324 -0.0601 0.3565
vn 0.9024 -0.0634 0.4262
vn 0.9204 -0.0307 -0.3899
vn 0.9567 -0.0404 -0.2883
vn 0.9525 -0.0584 0.2989
vn 0.9605 -0.0447 0.2748
vn 0.9613 -0.0268 -0.2741
vn 0.8953 -0.0568 0.4418
vn 0.9209 -0.0530 0.3861
vn 0.8983 0.1137 -0.4245
vn 0.8633 -0.3370 0.3758
vn 0.9237 -0.0651 0.3776
vn 0.8788 -0.0148 -0.4769
vn 0.8892 -0.0248 -0.4569
vn 0.8627 -0.0262 -0.5050
vn 0.9148 -0.0521 0.4005
vn 0.8727 -0.0456 0.4861
vn 0.9377 -0.0693 -0.3404
vn 0.8715 -0.0533 0.4876
vn 0.9325 -0.0525 0.3574
vn 0.8828 0.0008 -0.4697
vn 0.8684 -0.0575 0.4925
vn 0.8556 -0.0386 -0.5162
vn 0.8884 -0.0659 0.4543
vn 0.8587 -0.0621 0.5086
vn 0.8881 -0.0511 -0.4568
vn 0.9141 -0.0620 0.4008
vn 0.8948 -0.0687 0.4411
vn 0.9085 -0.0442 -0.4156
vn 0.8486 -0.0872 0.5219
vn 0.8493 -0.0668 0.5237
vn 0.8495 -0.0552 -0.5248
vn 0.8874 -0.0667 0.4562
vn 0.8711 -0.0518 -0.4883
vn 0.8466 -0.0612 0.5287
vn 0.8808 -0.0595 0.4697
vn 0.8095 -0.0647 -0.5835
vn 0.8676 -0.0166 -0.4969
vn 0.7821 -0.0720 0.6190
vn 0.8017 -0.0543 0.5952
vn 0.9106 0.0707 -0.4072
vn 0.8437 0.1425 -0.5176
vn 0.8369 0.2625 0.4803
vn 0.7966 0.3098 0.5191
vn 0.7907 0.2273 0.5684
vn 0.7175 0.3453 -0.6049
vn 0.8475 0.3391 -0.4083
vn 0.8172 0.4338 0.3794
vn 0.8103 0.5580 -0.1788
vn 0.8180 0.5751 0.0134
vn 0.8413 0.4862 0.2364
vn 0.7448 0.6631 0.0753
vn 0.9977 -0.0459 -0.0507
vn 0.9916 -0.0794 0.1018
vn 0.9990 -0.0381 0.0217
vn 0.9955 -0.0578 0.0757
vn 0.9985 -0.0366 0.0409
vn 0.9983 -0.0349 0.0459
vn 0.9969 -0.0268 -0.0744
vn 0.9867 -0.0364 0.1581
vn 0.9847 -0.0295 -0.1715
vn 0.9693 -0.0309 -0.2440
vn 0.9989 -0.0350 0.0309
vn 0.9622 -0.0444 0.2688
vn 0.9969 -0.0236 0.0751
vn 0.9880 -0.0517 0.1457
vn 0.9695 -0.0212 -0.2441
vn 0.9754 -0.0307 -0.2183
vn 0.9971 -0.0580 0.0484
vn 0.9860 -0.0448 0.1609
vn 0.9687 -0.0401 0.2450
vn 0.9989 -0.0476 0.0009
vn 0.9556 -0.0378 -0.2922
vn 0.9850 -0.0409 -0.1679
vn 0.9974 -0.0654 0.0293
vn 0.9628 -0.0525 0.2652
vn 0.9881 -0.0510 -0.1450
vn 0.9795 -0.0506 0.1950
vn 0.9957 -0.0528 -0.0764
vn 0.9885 -0.0549 0.1412
vn 0.9424 -0.0560 0.3299
vn 0.9251 -0.0382 -0.3777
vn 0.9982 -0.0524 -0.0279
vn 0.9681 -0.0590 -0.2435
vn 0.9699 -0.0383 -0.2404
vn 0.9970 -0.0465 0.0624
vn 0.9632 -0.0594 0.2621
vn 0.9359 -0.0577 0.3474
vn 0.9013 -0.0573 -0.4294
vn 0.9949 -0.0725 -0.0700
vn 0.9662 -0.0711 0.2478
vn 0.9279 -0.0594 0.3680
vn 0.9546 -0.0707 -0.2892
vn 0.9795 -0.0749 0.1870
vn 0.9209 -0.0525 -0.3863
vn 0.9402 -0.0709 0.3331
vn 0.9712 -0.0264 -0.2367
vn 0.9552 -0.0593 0.2899
vn 0.9419 0.0114 0.3357
vn 0.9025 -0.0241 0.4300
vn 0.9509 0.0441 -0.3064
vn 0.8293 0.0632 0.5552
vn 0.9450 0.1418 0.2948
vn 0.9025 0.0756 0.4241
vn 0.9440 0.2551 -0.2092
vn 0.9296 0.3154 0.1907
vn 0.9450 0.3271 -0.0095
vn 0.8822 0.3252 0.3406
vn 0.8322 0.4800 -0.2775
vn 0.8889 0.4389 -0.1313
vn 0.8532 0.5089 0.1144
vn 0.9860 -0.0911 0.1396
vn 0.9973 -0.0502 -0.0544
vn 0.9957 -0.0810 0.0460
vn 0.9773 -0.0673 0.2007
vn 0.9843 -0.0610 -0.1658
vn 0.9992 -0.0389 -0.0054
vn 0.9955 -0.0546 -0.0780
vn 0.9970 0.0764 0.0132
vn 0.9941 0.0184 0.1065
vn 0.9824 -0.0484 0.1806
vn 0.9812 0.1204 -0.1510
vn 0.9968 -0.0497 -0.0624
vn 0.9746 0.0146 0.2237
vn 0.9696 0.2154 0.1164
f 3//3 2//2 181//181
f 5//5 2//2 6//6
f 70//70 6//6 2//2
f 68//68 2//2 3//3
f 70//70 2//2 68//68
f 4//4 5//5 7//7
f 5//5 6//6 7//7
f 11//11 8//8 10//10
f 8//8 13//13 9//9
f 11//11 13//13 8//8
f 15//15 13//13 11//11
f 10//10 12//12 11//11
f 16//16 13//13 15//15
f 15//15 11//11 12//12
f 15//15 12//12 17//17
f 21//21 16//16 15//15
f 20//20 16//16 21//21
f 19//19 21//21 15//15
f 15//15 17//17 19//19
f 18//18 20//20 22//22
f 102//102 21//21 19//19
f 22//22 20//20 21//21
f 23//23 22//22 21//21
f 102//102 23//23 21//21
f 26//26 104//104 22//22
f 29//29 22//22 23//23
f 29//29 23//23 25//25
f 26//26 22//22 29//29
f 25//25 23//23 24//24
f 28//28 26//26 29//29
f 29//29 25//25 24//24
f 27//27 26//26 28//28
f 33//33 27//27 32//32
f 30//30 29//29 24//24
f 34//34 28//28 29//29
f 27//27 28//28 34//34
f 31//31 29//29 30//30
f 34//34 29//29 31//31
f 32//32 27//27 34//34
f 35//35 34//34 31//31
f 36//36 33//33 32//32
f 36//36 32//32 34//34
f 35//35 36//36 34//34
f 38//38 33//33 36//36
f 41//41 36//36 35//35
f 31//31 113//113 35//35
f 39//39 38//38 36//36
f 40//40 41//41 35//35
f 40//40 35//35 115//115
f 35//35 113//113 115//115
f 37//37 38//38 39//39
f 42//42 39//39 36//36
f 42//42 36//36 41//41
f 44//44 37//37 43//43
f 42//42 37//37 39//39
f 40//40 42//42 41//41
f 45//45 43//43 37//37
f 45//45 37//37 42//42
f 44//44 43//43 45//45
f 45//45 42//42 46//46
f 46//46 42//42 122//122
f 45//45 47//47 44//44
f 47//47 126//126 44//44
f 48//48 45//45 46//46
f 45//45 48//48 47//47
f 49//49 155//155 50//50
f 50//50 51//51 49//49
f 51//51 50//50 52//52
f 53//53 51//51 52//52
f 54//54 165//165 51//51
f 54//54 51//51 53//53
f 55//55 165//165 54//54
f 53//53 52//52 56//56
f 58//58 55//55 54//54
f 57//57 55//55 58//58
f 53//53 56//56 54//54
f 58//58 54//54 56//56
f 173//173 58//58 56//56
f 60//60 57//57 58//58
f 59//59 57//57 60//60
f 60//60 58//58 177//177
f 63//63 176//176 59//59
f 176//176 63//63 62//62
f 63//63 59//59 1//1
f 1//1 59//59 60//60
f 64//64 60//60 61//61
f 62//62 63//63 1//1
f 60//60 2//2 1//1
f 60//60 64//64 2//2
f 66//66 62//62 65//65
f 65//65 62//62 2//2
f 2//2 62//62 1//1
f 2//2 64//64 181//181
f 5//5 66//66 2//2
f 2//2 66//66 65//65
f 5//5 69//69 66//66
f 181//181 68//68 3//3
f 4//4 67//67 5//5
f 5//5 67//67 69//69
f 72//72 69//69 4//4
f 4//4 69//69 67//67
f 70//70 73//73 6//6
f 69//69 72//72 71//71
f 75//75 72//72 4//4
f 7//7 75//75 4//4
f 6//6 73//73 7//7
f 70//70 68//68 73//73
f 7//7 78//78 75//75
f 7//7 76//76 78//78
f 76//76 7//7 73//73
f 74//74 72//72 75//75
f 79//79 75//75 78//78
f 74//74 75//75 77//77
f 76//76 73//73 78//78
f 80//80 75//75 82//82
f 83//83 75//75 79//79
f 82//82 75//75 83//83
f 79//79 78//78 83//83
f 80//80 84//84 81//81
f 86//86 84//84 80//80
f 10//10 80//80 82//82
f 10//10 82//82 91//91
f 85//85 82//82 83//83
f 91//91 82//82 85//85
f 8//8 86//86 80//80
f 80//80 10//10 8//8
f 87//87 84//84 86//86
f 9//9 86//86 8//8
f 91//91 85//85 88//88
f 13//13 86//86 9//9
f 193//193 87//87 92//92
f 89//89 87//87 86//86
f 13//13 89//89 86//86
f 14//14 10//10 91//91
f 91//91 88//88 194//194
f 90//90 87//87 89//89
f 92//92 87//87 90//90
f 13//13 90//90 89//89
f 14//14 12//12 10//10
f 16//16 90//90 13//13
f 14//14 91//91 194//194
f 16//16 92//92 90//90
f 17//17 12//12 194//194
f 194//194 12//12 14//14
f 95//95 92//92 93//93
f 20//20 93//93 16//16
f 16//16 93//93 92//92
f 94//94 17//17 194//194
f 194//194 196//196 94//94
f 20//20 95//95 93//93
f 96//96 17//17 94//94
f 18//18 97//97 20//20
f 20//20 97//97 95//95
f 100//100 95//95 97//97
f 96//96 19//19 17//17
f 98//98 96//96 94//94
f 22//22 97//97 18//18
f 99//99 100//100 97//97
f 22//22 99//99 97//97
f 96//96 102//102 19//19
f 22//22 100//100 99//99
f 101//101 102//102 96//96
f 22//22 103//103 100//100
f 107//107 23//23 102//102
f 102//102 101//101 107//107
f 104//104 103//103 22//22
f 105//105 23//23 107//107
f 105//105 24//24 23//23
f 26//26 106//106 104//104
f 105//105 107//107 24//24
f 30//30 24//24 107//107
f 106//106 26//26 27//27
f 107//107 208//208 111//111
f 107//107 111//111 30//30
f 106//106 108//108 109//109
f 27//27 108//108 106//106
f 33//33 108//108 27//27
f 110//110 109//109 108//108
f 33//33 110//110 108//108
f 111//111 31//31 30//30
f 218//218 31//31 111//111
f 113//113 31//31 218//218
f 38//38 110//110 33//33
f 38//38 112//112 110//110
f 113//113 218//218 115//115
f 221//221 112//112 114//114
f 38//38 114//114 112//112
f 37//37 114//114 38//38
f 115//115 218//218 116//116
f 37//37 221//221 114//114
f 118//118 40//40 115//115
f 118//118 115//115 116//116
f 119//119 221//221 37//37
f 44//44 117//117 37//37
f 37//37 117//117 119//119
f 44//44 119//119 117//117
f 224//224 42//42 118//118
f 118//118 42//42 40//40
f 44//44 120//120 119//119
f 226//226 42//42 224//224
f 226//226 122//122 42//42
f 44//44 121//121 120//120
f 44//44 123//123 121//121
f 126//126 123//123 44//44
f 122//122 129//129 46//46
f 122//122 124//124 129//129
f 122//122 227//227 228//228
f 122//122 228//228 124//124
f 126//126 125//125 123//123
f 126//126 127//127 125//125
f 127//127 126//126 47//47
f 48//48 128//128 47//47
f 47//47 128//128 127//127
f 129//129 48//48 46//46
f 130//130 132//132 134//134
f 132//132 130//130 131//131
f 134//134 132//132 133//133
f 131//131 135//135 132//132
f 132//132 135//135 133//133
f 248//248 134//134 133//133
f 135//135 136//136 133//133
f 139//139 248//248 133//133
f 139//139 133//133 136//136
f 136//136 135//135 137//137
f 139//139 136//136 137//137
f 139//139 138//138 248//248
f 137//137 140//140 139//139
f 143//143 138//138 139//139
f 143//143 139//139 141//141
f 141//141 139//139 142//142
f 142//142 139//139 140//140
f 145//145 143//143 141//141
f 141//141 142//142 253//253
f 144//144 145//145 141//141
f 146//146 144//144 141//141
f 146//146 141//141 253//253
f 149//149 145//145 144//144
f 149//149 144//144 146//146
f 148//148 145//145 149//149
f 149//149 146//146 147//147
f 150//150 149//149 147//147
f 152//152 148//148 149//149
f 152//152 149//149 150//150
f 147//147 151//151 153//153
f 154//154 148//148 152//152
f 154//154 152//152 155//155
f 155//155 152//152 150//150
f 147//147 153//153 150//150
f 153//153 155//155 150//150
f 49//49 154//154 155//155
f 157//157 156//156 154//154
f 49//49 157//157 154//154
f 159//159 50//50 155//155
f 155//155 153//153 158//158
f 160//160 156//156 157//157
f 51//51 157//157 49//49
f 158//158 50//50 159//159
f 155//155 158//158 159//159
f 51//51 160//160 157//157
f 161//161 50//50 158//158
f 161//161 52//52 50//50
f 165//165 164//164 51//51
f 51//51 164//164 160//160
f 162//162 52//52 161//161
f 161//161 158//158 162//162
f 165//165 167//167 164//164
f 162//162 158//158 163//163
f 163//163 52//52 162//162
f 166//166 52//52 163//163
f 55//55 167//167 165//165
f 166//166 56//56 52//52
f 56//56 166//166 163//163
f 168//168 167//167 55//55
f 169//169 56//56 163//163
f 167//167 168//168 170//170
f 277//277 56//56 169//169
f 167//167 170//170 171//171
f 55//55 170//170 168//168
f 279//279 56//56 277//277
f 171//171 170//170 172//172
f 57//57 170//170 55//55
f 279//279 173//173 56//56
f 59//59 172//172 57//57
f 57//57 172//172 170//170
f 176//176 172//172 59//59
f 177//177 58//58 173//173
f 173//173 279//279 177//177
f 174//174 172//172 176//176
f 179//179 175//175 176//176
f 177//177 61//61 60//60
f 177//177 64//64 61//61
f 177//177 281//281 64//64
f 62//62 178//178 176//176
f 176//176 178//178 179//179
f 179//179 178//178 62//62
f 64//64 283//283 180//180
f 66//66 179//179 62//62
f 180//180 181//181 64//64
f 69//69 182//182 66//66
f 287//287 68//68 181//181
f 69//69 183//183 182//182
f 69//69 184//184 183//183
f 68//68 287//287 185//185
f 71//71 187//187 69//69
f 69//69 187//187 184//184
f 185//185 186//186 68//68
f 72//72 187//187 71//71
f 186//186 73//73 68//68
f 74//74 187//187 72//72
f 186//186 188//188 73//73
f 74//74 77//77 187//187
f 189//189 78//78 73//73
f 188//188 189//189 73//73
f 80//80 77//77 75//75
f 80//80 190//190 77//77
f 191//191 83//83 78//78
f 81//81 190//190 80//80
f 81//81 84//84 190//190
f 85//85 83//83 191//191
f 85//85 191//191 296//296
f 88//88 85//85 296//296
f 87//87 192//192 84//84
f 194//194 88//88 300//300
f 193//193 301//301 87//87
f 87//87 301//301 192//192
f 300//300 401//401 194//194
f 194//194 401//401 196//196
f 95//95 195//195 92//92
f 92//92 195//195 193//193
f 198//198 94//94 196//196
f 95//95 197//197 195//195
f 95//95 199//199 197//197
f 100//100 199//199 95//95
f 94//94 198//198 98//98
f 200//200 199//199 100//100
f 103//103 201//201 100//100
f 100//100 201//201 200//200
f 204//204 101//101 96//96
f 104//104 202//202 103//103
f 103//103 202//202 201//201
f 204//204 107//107 101//101
f 96//96 310//310 204//204
f 104//104 205//205 202//202
f 204//204 208//208 107//107
f 204//204 203//203 208//208
f 106//106 207//207 104//104
f 104//104 207//207 205//205
f 206//206 205//205 207//207
f 109//109 206//206 106//106
f 106//106 206//206 207//207
f 209//209 206//206 109//109
f 208//208 317//317 111//111
f 111//111 317//317 318//318
f 109//109 319//319 209//209
f 211//211 111//111 318//318
f 110//110 210//210 109//109
f 109//109 210//210 319//319
f 212//212 111//111 211//211
f 112//112 213//213 110//110
f 110//110 213//213 210//210
f 111//111 212//212 216//216
f 112//112 215//215 213//213
f 218//218 111//111 216//216
f 112//112 217//217 215//215
f 221//221 219//219 112//112
f 112//112 219//219 217//217
f 220//220 116//116 218//218
f 220//220 222//222 116//116
f 222//222 118//118 116//116
f 120//120 223//223 119//119
f 119//119 223//223 221//221
f 222//222 329//329 118//118
f 118//118 329//329 224//224
f 121//121 225//225 120//120
f 120//120 225//225 223//223
f 428//428 226//226 224//224
f 226//226 227//227 122//122
f 121//121 229//229 331//331
f 123//123 229//229 121//121
f 125//125 229//229 123//123
f 227//227 226//226 228//228
f 127//127 229//229 125//125
f 127//127 128//128 230//230
f 48//48 232//232 128//128
f 129//129 124//124 48//48
f 231//231 124//124 228//228
f 233//233 48//48 124//124
f 236//236 235//235 343//343
f 235//235 237//237 344//344
f 130//130 235//235 236//236
f 130//130 236//236 240//240
f 240//240 236//236 348//348
f 237//237 235//235 130//130
f 130//130 240//240 131//131
f 134//134 239//239 130//130
f 130//130 239//239 237//237
f 238//238 237//237 243//243
f 242//242 131//131 240//240
f 243//243 237//237 244//244
f 241//241 237//237 239//239
f 244//244 237//237 241//241
f 134//134 241//241 239//239
f 242//242 135//135 131//131
f 240//240 245//245 242//242
f 134//134 244//244 241//241
f 247//247 135//135 242//242
f 242//242 245//245 247//247
f 248//248 246//246 134//134
f 134//134 246//246 244//244
f 243//243 244//244 248//248
f 248//248 244//244 246//246
f 137//137 135//135 247//247
f 251//251 137//137 247//247
f 247//247 249//249 251//251
f 138//138 250//250 248//248
f 143//143 250//250 138//138
f 251//251 140//140 137//137
f 253//253 140//140 251//251
f 253//253 142//142 140//140
f 254//254 253//253 251//251
f 250//250 257//257 255//255
f 256//256 257//257 250//250
f 145//145 256//256 143//143
f 143//143 256//256 250//250
f 367//367 253//253 254//254
f 369//369 253//253 367//367
f 145//145 257//257 256//256
f 145//145 258//258 257//257
f 369//369 146//146 253//253
f 146//146 369//369 262//262
f 260//260 257//257 261//261
f 259//259 257//257 258//258
f 261//261 257//257 259//259
f 145//145 259//259 258//258
f 145//145 261//261 259//259
f 146//146 262//262 147//147
f 263//263 260//260 261//261
f 148//148 261//261 145//145
f 151//151 147//147 262//262
f 263//263 261//261 148//148
f 148//148 264//264 263//263
f 154//154 264//264 148//148
f 372//372 153//153 265//265
f 265//265 153//153 151//151
f 154//154 266//266 264//264
f 374//374 153//153 372//372
f 156//156 267//267 154//154
f 154//154 267//267 266//266
f 271//271 153//153 374//374
f 160//160 267//267 156//156
f 271//271 158//158 153//153
f 268//268 267//267 160//160
f 164//164 270//270 160//160
f 160//160 270//270 268//268
f 158//158 271//271 273//273
f 164//164 272//272 270//270
f 273//273 163//163 158//158
f 164//164 274//274 272//272
f 167//167 274//274 164//164
f 275//275 169//169 273//273
f 273//273 169//169 163//163
f 171//171 276//276 167//167
f 167//167 276//276 274//274
f 275//275 277//277 169//169
f 278//278 279//279 277//277
f 277//277 275//275 278//278
f 174//174 387//387 172//172
f 172//172 387//387 171//171
f 279//279 278//278 388//388
f 479//479 279//279 388//388
f 176//176 280//280 174//174
f 279//279 281//281 177//177
f 279//279 479//479 281//281
f 175//175 282//282 176//176
f 176//176 282//282 280//280
f 179//179 282//282 175//175
f 283//283 64//64 281//281
f 284//284 282//282 179//179
f 283//283 392//392 180//180
f 284//284 179//179 285//285
f 392//392 181//181 180//180
f 66//66 182//182 179//179
f 179//179 182//182 285//285
f 286//286 287//287 181//181
f 288//288 185//185 287//287
f 187//187 397//397 184//184
f 187//187 289//289 397//397
f 185//185 288//288 486//486
f 77//77 289//289 187//187
f 188//188 186//186 185//185
f 188//188 185//185 486//486
f 77//77 290//290 289//289
f 292//292 189//189 188//188
f 188//188 488//488 292//292
f 190//190 291//291 77//77
f 77//77 291//291 290//290
f 191//191 78//78 189//189
f 189//189 292//292 191//191
f 190//190 293//293 291//291
f 191//191 292//292 294//294
f 84//84 295//295 190//190
f 190//190 295//295 293//293
f 296//296 191//191 294//294
f 84//84 297//297 295//295
f 84//84 298//298 297//297
f 296//296 299//299 88//88
f 84//84 192//192 298//298
f 299//299 300//300 88//88
f 302//302 196//196 401//401
f 401//401 404//404 302//302
f 195//195 303//303 193//193
f 193//193 303//303 301//301
f 302//302 407//407 196//196
f 195//195 197//197 303//303
f 407//407 198//198 196//196
f 305//305 198//198 407//407
f 199//199 304//304 197//197
f 305//305 98//98 198//198
f 306//306 98//98 305//305
f 200//200 307//307 199//199
f 199//199 307//307 304//304
f 306//306 411//411 98//98
f 201//201 307//307 200//200
f 308//308 96//96 98//98
f 98//98 411//411 308//308
f 201//201 309//309 307//307
f 308//308 310//310 96//96
f 202//202 311//311 201//201
f 201//201 311//311 309//309
f 204//204 310//310 312//312
f 312//312 203//203 204//204
f 205//205 311//311 202//202
f 205//205 315//315 311//311
f 313//313 203//203 312//312
f 206//206 315//315 205//205
f 314//314 208//208 313//313
f 313//313 208//208 203//203
f 315//315 209//209 316//316
f 315//315 206//206 209//209
f 317//317 208//208 314//314
f 315//315 316//316 320//320
f 319//319 320//320 209//209
f 209//209 320//320 316//316
f 318//318 420//420 211//211
f 211//211 420//420 321//321
f 320//320 319//319 210//210
f 320//320 210//210 322//322
f 321//321 212//212 211//211
f 321//321 216//216 212//212
f 214//214 216//216 321//321
f 322//322 210//210 215//215
f 213//213 215//215 210//210
f 217//217 322//322 215//215
f 423//423 214//214 422//422
f 219//219 322//322 217//217
f 216//216 423//423 324//324
f 216//216 214//214 423//423
f 219//219 325//325 322//322
f 324//324 218//218 216//216
f 322//322 325//325 326//326
f 322//322 326//326 425//425
f 219//219 326//326 325//325
f 327//327 220//220 324//324
f 324//324 220//220 218//218
f 324//324 424//424 327//327
f 221//221 326//326 219//219
f 327//327 424//424 426//426
f 327//327 222//222 220//220
f 223//223 328//328 221//221
f 327//327 329//329 222//222
f 327//327 426//426 329//329
f 225//225 330//330 223//223
f 329//329 428//428 224//224
f 121//121 330//330 225//225
f 530//530 226//226 428//428
f 530//530 429//429 226//226
f 330//330 121//121 615//615
f 121//121 331//331 615//615
f 332//332 226//226 429//429
f 334//334 333//333 229//229
f 333//333 331//331 229//229
f 332//332 228//228 226//226
f 332//332 537//537 228//228
f 127//127 334//334 229//229
f 434//434 433//433 228//228
f 434//434 228//228 537//537
f 335//335 334//334 127//127
f 230//230 336//336 127//127
f 127//127 336//336 335//335
f 231//231 337//337 124//124
f 337//337 231//231 228//228
f 433//433 337//337 228//228
f 335//335 336//336 338//338
f 338//338 336//336 230//230
f 128//128 338//338 230//230
f 232//232 339//339 128//128
f 128//128 339//339 338//338
f 48//48 233//233 232//232
f 436//436 233//233 124//124
f 337//337 436//436 124//124
f 622//622 233//233 436//436
f 234//234 342//342 340//340
f 234//234 340//340 235//235
f 440//440 343//343 235//235
f 340//340 440//440 235//235
f 344//344 341//341 342//342
f 344//344 342//342 235//235
f 235//235 342//342 234//234
f 345//345 346//346 236//236
f 343//343 345//345 236//236
f 236//236 346//346 551//551
f 237//237 347//347 344//344
f 236//236 551//551 348//348
f 237//237 350//350 347//347
f 349//349 240//240 348//348
f 238//238 350//350 237//237
f 243//243 350//350 238//238
f 243//243 353//353 350//350
f 351//351 245//245 240//240
f 243//243 352//352 353//353
f 245//245 351//351 354//354
f 243//243 355//355 352//352
f 245//245 354//354 356//356
f 248//248 355//355 243//243
f 356//356 247//247 245//245
f 356//356 354//354 357//357
f 248//248 358//358 355//355
f 356//356 249//249 247//247
f 356//356 357//357 360//360
f 250//250 358//358 248//248
f 356//356 360//360 249//249
f 358//358 250//250 359//359
f 361//361 251//251 249//249
f 249//249 360//360 361//361
f 252//252 455//455 250//250
f 250//250 455//455 359//359
f 255//255 362//362 250//250
f 250//250 362//362 252//252
f 361//361 254//254 251//251
f 361//361 363//363 364//364
f 255//255 365//365 362//362
f 366//366 367//367 361//361
f 361//361 367//367 254//254
f 361//361 364//364 366//366
f 365//365 260//260 368//368
f 257//257 260//260 255//255
f 255//255 260//260 365//365
f 366//366 369//369 367//367
f 366//366 459//459 369//369
f 368//368 260//260 370//370
f 371//371 262//262 369//369
f 369//369 459//459 371//371
f 263//263 370//370 260//260
f 371//371 151//151 262//262
f 464//464 370//370 264//264
f 263//263 264//264 370//370
f 151//151 371//371 265//265
f 266//266 267//267 264//264
f 372//372 375//375 374//374
f 374//374 375//375 376//376
f 377//377 373//373 267//267
f 376//376 271//271 374//374
f 268//268 377//377 267//267
f 269//269 271//271 376//376
f 269//269 376//376 379//379
f 377//377 270//270 378//378
f 377//377 268//268 270//270
f 379//379 271//271 269//269
f 377//377 378//378 381//381
f 379//379 273//273 271//271
f 272//272 378//378 270//270
f 379//379 382//382 273//273
f 381//381 378//378 380//380
f 272//272 380//380 378//378
f 381//381 380//380 385//385
f 274//274 380//380 272//272
f 383//383 275//275 273//273
f 273//273 382//382 383//383
f 385//385 380//380 384//384
f 274//274 384//384 380//380
f 385//385 384//384 474//474
f 276//276 384//384 274//274
f 278//278 275//275 383//383
f 383//383 386//386 278//278
f 171//171 384//384 276//276
f 476//476 384//384 387//387
f 171//171 387//387 384//384
f 388//388 278//278 386//386
f 387//387 280//280 389//389
f 174//174 280//280 387//387
f 480//480 389//389 280//280
f 481//481 281//281 479//479
f 480//480 280//280 282//282
f 281//281 481//481 283//283
f 480//480 282//282 391//391
f 284//284 391//391 282//282
f 390//390 392//392 283//283
f 393//393 391//391 284//284
f 393//393 284//284 285//285
f 484//484 181//181 392//392
f 286//286 181//181 484//484
f 393//393 285//285 182//182
f 395//395 287//287 394//394
f 287//287 286//286 394//394
f 396//396 287//287 395//395
f 396//396 288//288 287//287
f 183//183 397//397 664//664
f 184//184 397//397 183//183
f 486//486 288//288 396//396
f 290//290 398//398 289//289
f 486//486 488//488 188//188
f 291//291 399//399 290//290
f 292//292 589//589 492//492
f 293//293 493//493 291//291
f 400//400 294//294 492//492
f 492//492 294//294 292//292
f 293//293 295//295 493//493
f 299//299 296//296 400//400
f 400//400 296//296 294//294
f 400//400 492//492 299//299
f 495//495 300//300 299//299
f 301//301 402//402 192//192
f 495//495 401//401 300//300
f 301//301 403//403 402//402
f 303//303 403//403 301//301
f 302//302 404//404 405//405
f 408//408 407//407 405//405
f 405//405 407//407 302//302
f 406//406 403//403 501//501
f 197//197 403//403 303//303
f 501//501 403//403 410//410
f 408//408 305//305 407//407
f 410//410 403//403 409//409
f 304//304 409//409 197//197
f 197//197 409//409 403//403
f 408//408 502//502 305//305
f 305//305 502//502 411//411
f 411//411 306//306 305//305
f 307//307 412//412 304//304
f 304//304 412//412 409//409
f 411//411 502//502 413//413
f 413//413 308//308 411//411
f 309//309 414//414 307//307
f 413//413 504//504 308//308
f 311//311 414//414 309//309
f 312//312 310//310 308//308
f 308//308 504//504 312//312
f 311//311 416//416 414//414
f 415//415 313//313 312//312
f 315//315 416//416 311//311
f 418//418 313//313 415//415
f 314//314 313//313 418//418
f 417//417 416//416 315//315
f 513//513 417//417 315//315
f 418//418 317//317 314//314
f 320//320 513//513 315//315
f 320//320 421//421 513//513
f 420//420 318//318 418//418
f 418//418 318//318 317//317
f 418//418 419//419 420//420
f 420//420 515//515 321//321
f 322//322 421//421 320//320
f 321//321 515//515 422//422
f 422//422 214//214 321//321
f 322//322 520//520 516//516
f 323//323 520//520 322//322
f 424//424 324//324 423//423
f 322//322 425//425 323//323
f 221//221 528//528 326//326
f 328//328 528//528 221//221
f 223//223 528//528 328//328
f 223//223 427//427 528//528
f 527//527 329//329 426//426
f 330//330 427//427 223//223
f 527//527 428//428 329//329
f 330//330 529//529 427//427
f 615//615 529//529 330//330
f 331//331 430//430 615//615
f 333//333 430//430 331//331
f 431//431 332//332 429//429
f 334//334 430//430 333//333
f 431//431 537//537 332//332
f 430//430 334//334 536//536
f 334//334 335//335 536//536
f 432//432 536//536 335//335
f 432//432 335//335 539//539
f 435//435 539//539 335//335
f 435//435 335//335 338//338
f 436//436 337//337 622//622
f 437//437 337//337 433//433
f 438//438 435//435 338//338
f 438//438 338//338 339//339
f 233//233 622//622 703//703
f 626//626 438//438 339//339
f 339//339 232//232 703//703
f 703//703 232//232 233//233
f 439//439 342//342 544//544
f 342//342 439//439 340//340
f 439//439 440//440 340//340
f 341//341 442//442 544//544
f 341//341 544//544 342//342
f 343//343 440//440 441//441
f 443//443 444//444 343//343
f 441//441 443//443 343//343
f 344//344 445//445 442//442
f 344//344 442//442 341//341
f 444//444 345//345 343//343
f 444//444 346//346 345//345
f 347//347 445//445 344//344
f 444//444 551//551 346//346
f 549//549 551//551 444//444
f 446//446 445//445 347//347
f 349//349 348//348 551//551
f 350//350 446//446 347//347
f 350//350 447//447 446//446
f 553//553 240//240 349//349
f 447//447 350//350 353//353
f 449//449 351//351 553//553
f 553//553 351//351 240//240
f 447//447 448//448 451//451
f 353//353 448//448 447//447
f 450//450 351//351 449//449
f 450//450 354//354 351//351
f 451//451 448//448 452//452
f 352//352 448//448 353//353
f 355//355 448//448 352//352
f 357//357 354//354 450//450
f 358//358 448//448 355//355
f 358//358 452//452 448//448
f 453//453 360//360 357//357
f 720//720 452//452 454//454
f 359//359 452//452 358//358
f 454//454 452//452 455//455
f 359//359 455//455 452//452
f 456//456 361//361 453//453
f 453//453 361//361 360//360
f 252//252 362//362 455//455
f 456//456 363//363 361//361
f 456//456 364//364 363//363
f 456//456 562//562 564//564
f 457//457 362//362 365//365
f 458//458 364//364 456//456
f 456//456 564//564 458//458
f 368//368 457//457 365//365
f 458//458 366//366 364//364
f 458//458 459//459 366//366
f 458//458 460//460 459//459
f 370//370 462//462 368//368
f 462//462 370//370 461//461
f 463//463 371//371 459//459
f 459//459 460//460 463//463
f 462//462 461//461 464//464
f 462//462 464//464 465//465
f 370//370 464//464 461//461
f 463//463 265//265 371//371
f 466//466 372//372 463//463
f 463//463 372//372 265//265
f 465//465 464//464 468//468
f 267//267 468//468 264//264
f 264//264 468//468 464//464
f 373//373 468//468 267//267
f 466//466 375//375 372//372
f 647//647 376//376 466//466
f 466//466 376//376 375//375
f 466//466 467//467 647//647
f 377//377 469//469 373//373
f 373//373 469//469 468//468
f 471//471 376//376 647//647
f 377//377 470//470 469//469
f 471//471 379//379 376//376
f 569//569 470//470 377//377
f 472//472 379//379 471//471
f 381//381 569//569 377//377
f 472//472 382//382 379//379
f 472//472 471//471 570//570
f 385//385 473//473 381//381
f 475//475 382//382 472//472
f 472//472 570//570 572//572
f 472//472 572//572 475//475
f 475//475 383//383 382//382
f 574//574 474//474 476//476
f 384//384 476//476 474//474
f 477//477 386//386 475//475
f 475//475 386//386 383//383
f 475//475 575//575 477//477
f 387//387 478//478 476//476
f 477//477 388//388 386//386
f 477//477 479//479 388//388
f 389//389 480//480 387//387
f 387//387 480//480 478//478
f 479//479 477//477 578//578
f 578//578 481//481 479//479
f 482//482 657//657 480//480
f 578//578 283//283 481//481
f 390//390 283//283 578//578
f 391//391 482//482 480//480
f 391//391 483//483 482//482
f 580//580 392//392 390//390
f 393//393 483//483 391//391
f 485//485 483//483 393//393
f 182//182 485//485 393//393
f 484//484 394//394 286//286
f 182//182 583//583 485//485
f 484//484 395//395 394//394
f 182//182 664//664 583//583
f 183//183 664//664 182//182
f 395//395 744//744 396//396
f 744//744 486//486 396//396
f 397//397 587//587 664//664
f 289//289 587//587 397//397
f 486//486 663//663 588//588
f 398//398 587//587 289//289
f 588//588 488//488 486//486
f 587//587 398//398 487//487
f 489//489 292//292 488//488
f 489//489 488//488 588//588
f 399//399 398//398 290//290
f 489//489 589//589 292//292
f 291//291 490//490 399//399
f 492//492 589//589 491//491
f 493//493 490//490 291//291
f 297//297 493//493 295//295
f 495//495 299//299 492//492
f 495//495 492//492 496//496
f 298//298 494//494 297//297
f 192//192 494//494 298//298
f 402//402 497//497 192//192
f 495//495 496//496 498//498
f 402//402 499//499 497//497
f 498//498 404//404 495//495
f 495//495 404//404 401//401
f 403//403 499//499 402//402
f 405//405 404//404 498//498
f 498//498 593//593 405//405
f 406//406 499//499 403//403
f 593//593 408//408 405//405
f 595//595 408//408 593//593
f 595//595 502//502 408//408
f 501//501 409//409 500//500
f 501//501 410//410 409//409
f 501//501 500//500 503//503
f 409//409 503//503 500//500
f 412//412 503//503 409//409
f 307//307 503//503 412//412
f 414//414 506//506 307//307
f 307//307 506//506 503//503
f 414//414 509//509 506//506
f 504//504 505//505 508//508
f 504//504 508//508 507//507
f 416//416 509//509 414//414
f 507//507 312//312 504//504
f 507//507 415//415 312//312
f 416//416 510//510 509//509
f 508//508 418//418 507//507
f 507//507 418//418 415//415
f 417//417 511//511 416//416
f 416//416 511//511 510//510
f 512//512 418//418 508//508
f 419//419 418//418 512//512
f 508//508 419//419 512//512
f 605//605 419//419 508//508
f 513//513 511//511 417//417
f 605//605 420//420 419//419
f 607//607 420//420 605//605
f 608//608 420//420 607//607
f 421//421 514//514 513//513
f 608//608 515//515 420//420
f 322//322 514//514 421//421
f 514//514 516//516 517//517
f 322//322 516//516 514//514
f 422//422 515//515 518//518
f 519//519 423//423 518//518
f 518//518 423//423 422//422
f 516//516 520//520 522//522
f 523//523 424//424 519//519
f 519//519 424//424 423//423
f 519//519 610//610 523//523
f 425//425 520//520 323//323
f 522//522 520//520 521//521
f 425//425 521//521 520//520
f 522//522 521//521 524//524
f 326//326 521//521 425//425
f 525//525 426//426 523//523
f 523//523 426//426 424//424
f 528//528 521//521 326//326
f 525//525 523//523 526//526
f 525//525 527//527 426//426
f 525//525 526//526 527//527
f 521//521 528//528 427//427
f 692//692 428//428 527//527
f 692//692 530//530 428//428
f 532//532 429//429 530//530
f 530//530 692//692 532//532
f 529//529 615//615 531//531
f 534//534 429//429 532//532
f 430//430 533//533 615//615
f 533//533 430//430 535//535
f 536//536 535//535 430//430
f 534//534 537//537 431//431
f 429//429 534//534 431//431
f 538//538 537//537 534//534
f 539//539 536//536 432//432
f 438//438 539//539 435//435
f 542//542 622//622 337//337
f 542//542 337//337 623//623
f 337//337 540//540 623//623
f 337//337 437//437 540//540
f 437//437 433//433 434//434
f 437//437 434//434 540//540
f 541//541 621//621 539//539
f 541//541 539//539 438//438
f 625//625 541//541 438//438
f 626//626 625//625 438//438
f 543//543 339//339 703//703
f 543//543 626//626 339//339
f 632//632 442//442 546//546
f 544//544 442//442 632//632
f 439//439 544//544 545//545
f 439//439 545//545 440//440
f 547//547 440//440 545//545
f 547//547 441//441 440//440
f 548//548 546//546 442//442
f 547//547 443//443 441//441
f 547//547 444//444 443//443
f 549//549 444//444 547//547
f 445//445 548//548 442//442
f 548//548 445//445 446//446
f 551//551 550//550 633//633
f 551//551 549//549 550//550
f 553//553 349//349 551//551
f 551//551 633//633 554//554
f 551//551 554//554 553//553
f 446//446 555//555 556//556
f 447//447 555//555 446//446
f 635//635 553//553 554//554
f 556//556 555//555 447//447
f 635//635 449//449 553//553
f 451//451 556//556 447//447
f 557//557 449//449 635//635
f 557//557 450//450 449//449
f 636//636 450//450 557//557
f 452//452 558//558 451//451
f 716//716 450//450 636//636
f 452//452 559//559 558//558
f 716//716 357//357 450//450
f 717//717 357//357 716//716
f 719//719 357//357 717//717
f 720//720 559//559 452//452
f 719//719 453//453 357//357
f 560//560 453//453 719//719
f 455//455 720//720 454//454
f 455//455 561//561 720//720
f 560//560 456//456 453//453
f 561//561 362//362 638//638
f 561//561 455//455 362//362
f 560//560 562//562 456//456
f 457//457 563//563 362//362
f 362//362 563//563 638//638
f 640//640 563//563 565//565
f 368//368 565//565 457//457
f 457//457 565//565 563//563
f 460//460 458//458 564//564
f 462//462 565//565 368//368
f 640//640 565//565 641//641
f 641//641 565//565 462//462
f 566//566 641//641 462//462
f 465//465 566//566 462//462
f 726//726 463//463 460//460
f 643//643 463//463 726//726
f 727//727 463//463 643//643
f 727//727 466//466 463//463
f 467//467 466//466 727//727
f 468//468 567//567 465//465
f 469//469 567//567 468//468
f 469//469 568//568 567//567
f 646//646 647//647 467//467
f 470//470 568//568 469//469
f 731//731 471//471 647//647
f 569//569 381//381 571//571
f 570//570 471//471 731//731
f 473//473 571//571 381//381
f 385//385 573//573 473//473
f 473//473 573//573 571//571
f 474//474 574//574 385//385
f 385//385 574//574 573//573
f 650//650 475//475 572//572
f 652//652 475//475 650//650
f 576//576 653//653 574//574
f 652//652 575//575 475//475
f 476//476 576//576 574//574
f 476//476 577//577 576//576
f 654//654 477//477 575//575
f 478//478 577//577 476//476
f 736//736 477//477 654//654
f 480//480 577//577 478//478
f 736//736 578//578 477//477
f 580//580 390//390 578//578
f 579//579 482//482 483//483
f 581//581 579//579 483//483
f 582//582 392//392 580//580
f 580//580 658//658 659//659
f 580//580 659//659 582//582
f 485//485 581//581 483//483
f 582//582 484//484 392//392
f 659//659 484//484 582//582
f 742//742 484//484 659//659
f 661//661 395//395 484//484
f 664//664 584//584 583//583
f 744//744 395//395 661//661
f 584//584 664//664 585//585
f 664//664 586//586 585//585
f 663//663 486//486 744//744
f 398//398 399//399 487//487
f 489//489 491//491 589//589
f 490//490 590//590 399//399
f 493//493 590//590 490//490
f 591//591 492//492 491//491
f 669//669 492//492 591//591
f 493//493 748//748 590//590
f 496//496 492//492 669//669
f 297//297 748//748 493//493
f 494//494 670//670 297//297
f 297//297 670//670 748//748
f 497//497 592//592 192//192
f 192//192 592//592 494//494
f 749//749 498//498 496//496
f 673//673 498//498 749//749
f 673//673 593//593 498//498
f 406//406 594//594 499//499
f 501//501 594//594 406//406
f 596//596 595//595 593//593
f 501//501 752//752 594//594
f 598//598 502//502 595//595
f 595//595 596//596 598//598
f 597//597 752//752 501//501
f 503//503 597//597 501//501
f 599//599 502//502 598//598
f 598//598 505//505 599//599
f 503//503 600//600 597//597
f 599//599 413//413 502//502
f 506//506 600//600 503//503
f 599//599 504//504 413//413
f 505//505 504//504 599//599
f 506//506 602//602 600//600
f 601//601 508//508 505//505
f 509//509 602//602 506//506
f 677//677 508//508 601//601
f 509//509 679//679 602//602
f 510//510 679//679 509//509
f 678//678 508//508 677//677
f 511//511 679//679 510//510
f 511//511 603//603 679//679
f 605//605 508//508 678//678
f 604//604 603//603 511//511
f 513//513 604//604 511//511
f 513//513 606//606 604//604
f 514//514 606//606 513//513
f 514//514 842//842 606//606
f 607//607 609//609 608//608
f 514//514 683//683 842//842
f 518//518 515//515 608//608
f 608//608 609//609 684//684
f 608//608 684//684 518//518
f 517//517 683//683 514//514
f 610//610 518//518 684//684
f 516//516 685//685 517//517
f 610//610 519//519 518//518
f 522//522 685//685 516//516
f 687//687 523//523 610//610
f 526//526 523//523 687//687
f 524//524 611//611 522//522
f 521//521 611//611 524//524
f 521//521 688//688 611//611
f 521//521 612//612 688//688
f 613//613 527//527 526//526
f 427//427 612//612 521//521
f 427//427 772//772 612//612
f 691//691 527//527 613//613
f 529//529 772//772 427//427
f 691//691 692//692 527//527
f 529//529 614//614 772//772
f 531//531 614//614 529//529
f 615//615 533//533 535//535
f 532//532 616//616 534//534
f 535//535 536//536 617//617
f 617//617 536//536 618//618
f 538//538 534//534 616//616
f 539//539 618//618 536//536
f 619//619 620//620 434//434
f 537//537 619//619 434//434
f 538//538 619//619 537//537
f 621//621 618//618 539//539
f 623//623 540//540 434//434
f 620//620 623//623 434//434
f 621//621 541//541 625//625
f 622//622 542//542 623//623
f 624//624 701//701 621//621
f 624//624 621//621 625//625
f 702//702 543//543 703//703
f 702//702 626//626 543//543
f 627//627 703//703 622//622
f 632//632 628//628 544//544
f 544//544 629//629 545//545
f 628//628 629//629 544//544
f 545//545 630//630 547//547
f 629//629 630//630 545//545
f 631//631 632//632 546//546
f 629//629 547//547 630//630
f 546//546 548//548 631//631
f 631//631 548//548 709//709
f 629//629 550//550 547//547
f 549//549 547//547 550//550
f 711//711 548//548 446//446
f 634//634 711//711 446//446
f 552//552 634//634 446//446
f 635//635 554//554 633//633
f 556//556 552//552 446//446
f 451//451 713//713 556//556
f 636//636 557//557 635//635
f 720//720 637//637 559//559
f 561//561 638//638 720//720
f 794//794 562//562 560//560
f 563//563 639//639 638//638
f 794//794 564//564 562//562
f 640//640 639//639 563//563
f 460//460 564//564 794//794
f 642//642 726//726 460//460
f 567//567 566//566 465//465
f 646//646 467//467 727//727
f 567//567 645//645 644//644
f 648//648 568//568 470//470
f 569//569 648//648 470//470
f 804//804 731//731 647//647
f 732//732 648//648 649//649
f 649//649 648//648 571//571
f 651//651 649//649 571//571
f 571//571 648//648 569//569
f 650//650 570//570 731//731
f 573//573 651//651 571//571
f 650//650 572//572 570//570
f 573//573 733//733 651//651
f 574//574 733//733 573//573
f 653//653 733//733 574//574
f 654//654 575//575 652//652
f 480//480 737//737 577//577
f 738//738 578//578 736//736
f 480//480 657//657 655//655
f 578//578 738//738 656//656
f 656//656 580//580 578//578
f 581//581 657//657 579//579
f 579//579 657//657 482//482
f 656//656 658//658 580//580
f 485//485 660//660 581//581
f 583//583 660//660 485//485
f 661//661 484//484 742//742
f 662//662 660//660 584//584
f 584//584 660//660 583//583
f 585//585 662//662 584//584
f 662//662 585//585 586//586
f 586//586 664//664 665//665
f 664//664 666//666 665//665
f 664//664 587//587 666//666
f 487//487 666//666 587//587
f 747//747 588//588 667//667
f 399//399 668//668 487//487
f 747//747 489//489 588//588
f 590//590 668//668 399//399
f 591//591 491//491 489//489
f 671//671 496//496 669//669
f 592//592 670//670 494//494
f 499//499 672//672 497//497
f 499//499 674//674 672//672
f 594//594 674//674 499//499
f 751//751 593//593 673//673
f 594//594 752//752 674//674
f 593//593 751//751 675//675
f 675//675 596//596 593//593
f 597//597 753//753 752//752
f 832//832 598//598 596//596
f 834//834 598//598 832//832
f 755//755 598//598 834//834
f 755//755 505//505 598//598
f 600//600 676//676 597//597
f 755//755 601//601 505//505
f 677//677 601//601 755//755
f 602//602 757//757 600//600
f 605//605 680//680 681//681
f 605//605 678//678 680//680
f 681//681 760//760 840//840
f 681//681 607//607 605//605
f 681//681 840//840 607//607
f 842//842 682//682 606//606
f 517//517 843//843 683//683
f 768//768 610//610 684//684
f 522//522 686//686 685//685
f 611//611 686//686 522//522
f 768//768 687//687 610//610
f 689//689 688//688 693//693
f 772//772 688//688 612//612
f 690//690 691//691 613//613
f 772//772 693//693 688//688
f 691//691 848//848 692//692
f 531//531 772//772 614//614
f 531//531 695//695 772//772
f 694//694 532//532 692//692
f 694//694 692//692 848//848
f 615//615 695//695 531//531
f 850//850 532//532 694//694
f 695//695 615//615 696//696
f 850//850 616//616 532//532
f 615//615 535//535 696//696
f 535//535 617//617 618//618
f 856//856 535//535 618//618
f 616//616 775//775 538//538
f 697//697 775//775 616//616
f 775//775 619//619 538//538
f 698//698 856//856 618//618
f 698//698 618//618 621//621
f 620//620 619//619 775//775
f 699//699 698//698 621//621
f 701//701 699//699 621//621
f 704//704 627//627 622//622
f 622//622 700//700 704//704
f 622//622 623//623 700//700
f 623//623 620//620 700//700
f 862//862 701//701 624//624
f 862//862 625//625 705//705
f 862//862 624//624 625//625
f 626//626 778//778 625//625
f 625//625 778//778 705//705
f 626//626 702//702 778//778
f 702//702 703//703 863//863
f 703//703 627//627 704//704
f 628//628 632//632 706//706
f 867//867 628//628 706//706
f 628//628 707//707 629//629
f 632//632 709//709 706//706
f 632//632 631//631 709//709
f 708//708 710//710 629//629
f 711//711 709//709 548//548
f 710//710 712//712 629//629
f 629//629 712//712 550//550
f 550//550 712//712 633//633
f 634//634 782//782 711//711
f 784//784 633//633 712//712
f 784//784 635//635 633//633
f 556//556 713//713 552//552
f 787//787 635//635 785//785
f 451//451 714//714 713//713
f 787//787 636//636 635//635
f 558//558 714//714 451//451
f 716//716 636//636 787//787
f 558//558 715//715 714//714
f 559//559 715//715 558//558
f 790//790 717//717 716//716
f 718//718 715//715 559//559
f 718//718 559//559 637//637
f 720//720 718//718 637//637
f 719//719 794//794 560//560
f 793//793 794//794 719//719
f 639//639 720//720 638//638
f 639//639 792//792 720//720
f 640//640 792//792 639//639
f 460//460 794//794 721//721
f 796//796 460//460 721//721
f 640//640 722//722 792//792
f 723//723 642//642 460//460
f 460//460 796//796 723//723
f 640//640 724//724 722//722
f 641//641 724//724 640//640
f 566//566 724//724 641//641
f 566//566 798//798 724//724
f 725//725 726//726 642//642
f 566//566 644//644 798//798
f 727//727 643//643 726//726
f 726//726 799//799 727//727
f 567//567 644//644 566//566
f 801//801 646//646 727//727
f 567//567 729//729 645//645
f 729//729 568//568 728//728
f 729//729 567//567 568//568
f 804//804 646//646 803//803
f 729//729 728//728 648//648
f 568//568 648//648 728//728
f 804//804 647//647 646//646
f 730//730 729//729 648//648
f 732//732 730//730 648//648
f 651//651 732//732 649//649
f 806//806 650//650 731//731
f 808//808 650//650 806//806
f 652//652 650//650 808//808
f 734//734 654//654 652//652
f 736//736 654//654 734//734
f 576//576 735//735 653//653
f 577//577 735//735 576//576
f 737//737 735//735 577//577
f 736//736 899//899 901//901
f 901//901 738//738 736//736
f 739//739 737//737 655//655
f 655//655 737//737 480//480
f 901//901 656//656 738//738
f 740//740 656//656 901//901
f 657//657 739//739 655//655
f 581//581 741//741 657//657
f 659//659 658//658 656//656
f 660//660 741//741 581//581
f 660//660 662//662 743//743
f 744//744 661//661 986//986
f 586//586 908//908 662//662
f 667//667 663//663 744//744
f 744//744 745//745 667//667
f 667//667 588//588 663//663
f 747//747 667//667 909//909
f 487//487 746//746 666//666
f 668//668 746//746 487//487
f 669//669 591//591 489//489
f 670//670 825//825 748//748
f 824//824 671//671 669//669
f 824//824 496//496 671//671
f 827//827 496//496 824//824
f 827//827 749//749 496//496
f 592//592 825//825 670//670
f 592//592 497//497 825//825
f 750//750 673//673 749//749
f 751//751 673//673 750//750
f 752//752 828//828 674//674
f 829//829 675//675 751//751
f 829//829 596//596 675//675
f 676//676 753//753 597//597
f 754//754 755//755 834//834
f 600//600 756//756 676//676
f 600//600 921//921 756//756
f 757//757 921//921 600//600
f 835//835 677//677 755//755
f 602//602 758//758 757//757
f 838//838 677//677 923//923
f 679//679 758//758 602//602
f 678//678 677//677 838//838
f 679//679 761//761 758//758
f 759//759 680//680 838//838
f 838//838 680//680 678//678
f 838//838 760//760 759//759
f 603//603 761//761 679//679
f 759//759 681//681 680//680
f 760//760 681//681 759//759
f 603//603 762//762 761//761
f 604//604 762//762 603//603
f 606//606 762//762 604//604
f 606//606 763//763 762//762
f 926//926 607//607 840//840
f 764//764 607//607 926//926
f 682//682 763//763 606//606
f 764//764 609//609 607//607
f 766//766 684//684 609//609
f 843//843 842//842 683//683
f 517//517 765//765 843//843
f 517//517 767//767 765//765
f 766//766 768//768 684//684
f 767//767 517//517 685//685
f 847//847 768//768 766//766
f 767//767 685//685 686//686
f 767//767 686//686 769//769
f 611//611 769//769 686//686
f 526//526 768//768 771//771
f 526//526 687//687 768//768
f 688//688 769//769 611//611
f 771//771 613//613 526//526
f 770//770 769//769 688//688
f 690//690 613//613 771//771
f 689//689 770//770 688//688
f 848//848 690//690 771//771
f 848//848 691//691 690//690
f 773//773 693//693 772//772
f 772//772 695//695 773//773
f 848//848 850//850 694//694
f 774//774 616//616 850//850
f 697//697 616//616 774//774
f 856//856 853//853 535//535
f 774//774 775//775 697//697
f 699//699 856//856 698//698
f 620//620 775//775 776//776
f 777//777 699//699 701//701
f 700//700 620//620 776//776
f 701//701 858//858 777//777
f 864//864 863//863 703//703
f 859//859 703//703 704//704
f 859//859 864//864 703//703
f 704//704 700//700 859//859
f 943//943 862//862 705//705
f 943//943 705//705 778//778
f 865//865 943//943 778//778
f 702//702 863//863 778//778
f 867//867 779//779 628//628
f 707//707 708//708 629//629
f 628//628 708//708 707//707
f 706//706 709//709 867//867
f 867//867 709//709 781//781
f 708//708 780//780 710//710
f 709//709 711//711 781//781
f 781//781 711//711 782//782
f 634//634 783//783 782//782
f 872//872 784//784 712//712
f 552//552 954//954 634//634
f 872//872 635//635 784//784
f 872//872 785//785 635//635
f 713//713 873//873 552//552
f 786//786 787//787 785//785
f 714//714 788//788 713//713
f 715//715 788//788 714//714
f 715//715 791//791 789//789
f 791//791 715//715 718//718
f 790//790 719//719 717//717
f 790//790 878//878 719//719
f 879//879 719//719 878//878
f 720//720 877//877 718//718
f 720//720 792//792 877//877
f 880//880 719//719 879//879
f 880//880 793//793 719//719
f 792//792 795//795 882//882
f 721//721 794//794 796//796
f 794//794 883//883 796//796
f 722//722 795//795 792//792
f 724//724 795//795 722//722
f 642//642 723//723 796//796
f 725//725 642//642 796//796
f 725//725 885//885 726//726
f 644//644 800//800 798//798
f 799//799 885//885 970//970
f 799//799 726//726 885//885
f 799//799 970//970 727//727
f 970//970 801//801 727//727
f 644//644 802//802 800//800
f 645//645 802//802 644//644
f 803//803 646//646 801//801
f 729//729 802//802 645//645
f 888//888 802//802 729//729
f 729//729 730//730 888//888
f 732//732 805//805 730//730
f 889//889 731//731 804//804
f 889//889 974//974 731//731
f 891//891 731//731 974//974
f 651//651 892//892 732//732
f 891//891 806//806 731//731
f 651//651 807//807 892//892
f 733//733 807//807 651//651
f 808//808 894//894 652//652
f 733//733 809//809 807//807
f 894//894 810//810 652//652
f 734//734 652//652 810//810
f 653//653 809//809 733//733
f 653//653 896//896 809//809
f 895//895 734//734 810//810
f 735//735 896//896 653//653
f 897//897 734//734 895//895
f 897//897 736//736 734//734
f 898//898 736//736 897//897
f 898//898 899//899 736//736
f 737//737 811//811 735//735
f 737//737 812//812 811//811
f 813//813 812//812 737//737
f 737//737 739//739 813//813
f 814//814 740//740 901//901
f 657//657 815//815 739//739
f 814//814 656//656 740//740
f 903//903 656//656 814//814
f 741//741 815//815 657//657
f 903//903 659//659 656//656
f 742//742 659//659 903//903
f 660//660 816//816 741//741
f 906//906 742//742 905//905
f 660//660 743//743 816//816
f 662//662 817//817 743//743
f 986//986 661//661 742//742
f 662//662 818//818 817//817
f 908//908 818//818 662//662
f 819//819 744//744 986//986
f 586//586 665//665 908//908
f 819//819 745//745 744//744
f 819//819 909//909 667//667
f 819//819 667//667 745//745
f 666//666 820//820 665//665
f 666//666 821//821 820//820
f 746//746 821//821 666//666
f 668//668 822//822 746//746
f 989//989 489//489 747//747
f 590//590 822//822 668//668
f 590//590 823//823 822//822
f 748//748 823//823 590//590
f 748//748 825//825 823//823
f 1082//1082 827//827 824//824
f 497//497 826//826 825//825
f 672//672 826//826 497//497
f 827//827 750//750 749//749
f 674//674 828//828 672//672
f 751//751 750//750 829//829
f 750//750 918//918 829//829
f 752//752 830//830 828//828
f 596//596 829//829 918//918
f 752//752 831//831 830//830
f 753//753 831//831 752//752
f 834//834 832//832 596//596
f 753//753 833//833 831//831
f 676//676 833//833 753//753
f 922//922 755//755 754//754
f 756//756 921//921 676//676
f 835//835 755//755 922//922
f 757//757 836//836 921//921
f 837//837 677//677 835//835
f 837//837 923//923 677//677
f 761//761 839//839 758//758
f 926//926 840//840 760//760
f 762//762 763//763 761//761
f 927//927 609//609 764//764
f 842//842 841//841 682//682
f 927//927 766//766 609//609
f 767//767 843//843 765//765
f 767//767 845//845 843//843
f 847//847 766//766 844//844
f 845//845 767//767 846//846
f 769//769 846//846 767//767
f 769//769 770//770 846//846
f 1005//1005 771//771 768//768
f 848//848 771//771 934//934
f 689//689 933//933 770//770
f 693//693 849//849 689//689
f 773//773 849//849 693//693
f 935//935 850//850 848//848
f 773//773 695//695 852//852
f 695//695 696//696 852//852
f 774//774 850//850 851//851
f 853//853 939//939 696//696
f 853//853 696//696 535//535
f 774//774 938//938 854//854
f 856//856 939//939 853//853
f 856//856 855//855 939//939
f 854//854 775//775 774//774
f 940//940 775//775 854//854
f 775//775 940//940 776//776
f 777//777 856//856 699//699
f 700//700 776//776 857//857
f 700//700 857//857 859//859
f 860//860 858//858 701//701
f 861//861 701//701 862//862
f 861//861 860//860 701//701
f 942//942 862//862 943//943
f 778//778 863//863 865//865
f 867//867 868//868 779//779
f 945//945 868//868 867//867
f 779//779 868//868 628//628
f 628//628 868//868 708//708
f 868//868 780//780 708//708
f 781//781 866//866 867//867
f 781//781 782//782 869//869
f 949//949 710//710 780//780
f 870//870 782//782 783//783
f 870//870 869//869 782//782
f 712//712 710//710 872//872
f 710//710 871//871 872//872
f 710//710 951//951 871//871
f 954//954 783//783 634//634
f 552//552 873//873 954//954
f 1030//1030 785//785 872//872
f 875//875 785//785 1030//1030
f 875//875 786//786 785//785
f 788//788 874//874 713//713
f 875//875 787//787 786//786
f 875//875 716//716 787//787
f 957//957 716//716 875//875
f 715//715 789//789 788//788
f 957//957 790//790 716//716
f 718//718 877//877 791//791
f 877//877 876//876 791//791
f 960//960 878//878 790//790
f 792//792 881//881 877//877
f 962//962 877//877 881//881
f 883//883 793//793 880//880
f 882//882 881//881 792//792
f 883//883 794//794 793//793
f 795//795 884//884 882//882
f 965//965 796//796 883//883
f 724//724 884//884 795//795
f 965//965 1044//1044 796//796
f 797//797 884//884 724//724
f 1044//1044 725//725 796//796
f 724//724 967//967 797//797
f 885//885 725//725 1044//1044
f 798//798 967//967 724//724
f 1044//1044 969//969 885//885
f 969//969 970//970 885//885
f 802//802 886//886 800//800
f 970//970 803//803 801//801
f 971//971 803//803 970//970
f 971//971 804//804 803//803
f 887//887 802//802 888//888
f 971//971 889//889 804//804
f 805//805 888//888 730//730
f 888//888 805//805 975//975
f 732//732 890//890 805//805
f 805//805 890//890 975//975
f 892//892 890//890 732//732
f 807//807 893//893 892//892
f 891//891 808//808 806//806
f 894//894 808//808 891//891
f 809//809 896//896 807//807
f 895//895 810//810 894//894
f 735//735 812//812 896//896
f 811//811 812//812 735//735
f 898//898 897//897 899//899
f 902//902 813//813 739//739
f 902//902 900//900 813//813
f 903//903 814//814 901//901
f 815//815 902//902 739//739
f 741//741 902//902 815//815
f 741//741 904//904 902//902
f 742//742 903//903 982//982
f 982//982 905//905 742//742
f 816//816 907//907 741//741
f 907//907 816//816 743//743
f 817//817 907//907 743//743
f 906//906 986//986 742//742
f 817//817 818//818 907//907
f 909//909 819//819 986//986
f 665//665 910//910 908//908
f 665//665 820//820 910//910
f 910//910 820//820 746//746
f 746//746 820//820 821//821
f 1072//1072 747//747 909//909
f 746//746 988//988 987//987
f 822//822 988//988 746//746
f 989//989 669//669 489//489
f 824//824 669//669 989//989
f 825//825 911//911 823//823
f 825//825 913//913 911//911
f 825//825 914//914 913//913
f 826//826 914//914 825//825
f 916//916 827//827 1082//1082
f 672//672 915//915 826//826
f 828//828 915//915 672//672
f 916//916 750//750 827//827
f 918//918 920//920 919//919
f 919//919 596//596 918//918
f 920//920 834//834 596//596
f 920//920 596//596 919//919
f 833//833 921//921 992//992
f 676//676 921//921 833//833
f 837//837 835//835 922//922
f 836//836 995//995 921//921
f 757//757 924//924 836//836
f 758//758 924//924 757//757
f 758//758 925//925 924//924
f 997//997 838//838 923//923
f 838//838 997//997 926//926
f 926//926 760//760 838//838
f 839//839 999//999 758//758
f 761//761 999//999 839//839
f 763//763 999//999 761//761
f 763//763 928//928 999//999
f 927//927 764//764 926//926
f 682//682 928//928 763//763
f 842//842 930//930 841//841
f 929//929 766//766 927//927
f 931//931 844//844 766//766
f 843//843 845//845 842//842
f 932//932 845//845 846//846
f 1004//1004 768//768 847//847
f 1004//1004 1005//1005 768//768
f 770//770 1007//1007 846//846
f 771//771 1005//1005 934//934
f 770//770 933//933 1007//1007
f 1008//1008 848//848 934//934
f 689//689 1009//1009 933//933
f 1008//1008 1010//1010 848//848
f 1010//1010 935//935 848//848
f 851//851 850//850 935//935
f 773//773 852//852 849//849
f 696//696 937//937 852//852
f 936//936 938//938 774//774
f 936//936 774//774 851//851
f 939//939 937//937 696//696
f 938//938 940//940 854//854
f 1015//1015 855//855 856//856
f 858//858 1015//1015 856//856
f 858//858 856//856 777//777
f 857//857 776//776 940//940
f 857//857 940//940 859//859
f 861//861 941//941 860//860
f 941//941 861//861 862//862
f 862//862 942//942 941//941
f 1023//1023 863//863 864//864
f 1023//1023 865//865 863//863
f 865//865 1022//1022 943//943
f 866//866 944//944 867//867
f 944//944 945//945 867//867
f 946//946 868//868 945//945
f 781//781 947//947 866//866
f 946//946 948//948 868//868
f 948//948 780//780 868//868
f 869//869 950//950 781//781
f 950//950 947//947 781//781
f 780//780 951//951 949//949
f 949//949 951//951 710//710
f 952//952 870//870 783//783
f 952//952 869//869 870//870
f 953//953 872//872 871//871
f 783//783 954//954 952//952
f 1030//1030 872//872 953//953
f 713//713 955//955 873//873
f 874//874 955//955 713//713
f 788//788 955//955 874//874
f 788//788 956//956 955//955
f 789//789 956//956 788//788
f 959//959 790//790 957//957
f 791//791 958//958 789//789
f 791//791 1036//1036 958//958
f 960//960 790//790 959//959
f 876//876 1036//1036 791//791
f 960//960 879//879 878//878
f 962//962 1037//1037 877//877
f 960//960 880//880 879//879
f 960//960 883//883 880//880
f 961//961 883//883 960//960
f 882//882 963//963 962//962
f 882//882 962//962 881//881
f 962//962 963//963 964//964
f 884//884 963//963 882//882
f 961//961 965//965 883//883
f 963//963 884//884 964//964
f 966//966 1044//1044 965//965
f 797//797 968//968 884//884
f 798//798 968//968 967//967
f 800//800 968//968 798//798
f 800//800 1047//1047 968//968
f 886//886 1047//1047 800//800
f 802//802 887//887 886//886
f 888//888 972//972 887//887
f 888//888 975//975 972//972
f 973//973 974//974 889//889
f 892//892 977//977 975//975
f 892//892 975//975 890//890
f 976//976 975//975 977//977
f 1055//1055 891//891 974//974
f 893//893 977//977 892//892
f 1055//1055 894//894 891//891
f 978//978 894//894 1055//1055
f 807//807 977//977 893//893
f 807//807 979//979 977//977
f 895//895 894//894 978//978
f 896//896 979//979 807//807
f 980//980 897//897 895//895
f 812//812 1060//1060 896//896
f 981//981 897//897 980//980
f 981//981 899//899 897//897
f 813//813 1060//1060 812//812
f 813//813 900//900 1060//1060
f 981//981 901//901 899//899
f 982//982 901//901 981//981
f 982//982 903//903 901//901
f 904//904 983//983 902//902
f 907//907 904//904 741//741
f 907//907 984//984 904//904
f 1069//1069 986//986 906//906
f 1070//1070 986//986 1069//1069
f 985//985 907//907 818//818
f 908//908 910//910 818//818
f 985//985 818//818 910//910
f 1169//1169 909//909 986//986
f 1169//1169 1072//1072 909//909
f 746//746 987//987 910//910
f 1072//1072 989//989 747//747
f 823//823 911//911 822//822
f 912//912 824//824 989//989
f 1078//1078 824//824 912//912
f 1078//1078 1082//1082 824//824
f 1081//1081 1082//1082 1078//1078
f 915//915 914//914 826//826
f 828//828 990//990 915//915
f 1083//1083 750//750 916//916
f 917//917 990//990 828//828
f 1083//1083 918//918 750//750
f 828//828 1088//1088 917//917
f 1083//1083 920//920 918//918
f 830//830 1088//1088 828//828
f 1085//1085 1087//1087 920//920
f 833//833 991//991 831//831
f 920//920 1087//1087 754//754
f 754//754 834//834 920//920
f 833//833 992//992 991//991
f 922//922 754//754 993//993
f 995//995 1093//1093 921//921
f 994//994 837//837 922//922
f 923//923 837//837 994//994
f 924//924 925//925 836//836
f 758//758 1095//1095 925//925
f 758//758 998//998 1095//1095
f 999//999 998//998 758//758
f 1097//1097 926//926 997//997
f 926//926 1096//1096 1000//1000
f 926//926 1097//1097 1096//1096
f 1000//1000 927//927 926//926
f 1096//1096 927//927 1000//1000
f 682//682 1098//1098 928//928
f 931//931 929//929 927//927
f 931//931 927//927 1096//1096
f 841//841 1098//1098 682//682
f 931//931 766//766 929//929
f 842//842 1001//1001 930//930
f 845//845 1001//1001 842//842
f 1002//1002 844//844 931//931
f 1102//1102 844//844 1002//1002
f 1102//1102 847//847 844//844
f 932//932 1003//1003 845//845
f 932//932 846//846 1006//1006
f 1006//1006 846//846 1007//1007
f 1006//1006 1007//1007 933//933
f 934//934 1005//1005 1008//1008
f 689//689 1011//1011 1009//1009
f 849//849 1011//1011 689//689
f 935//935 1106//1106 851//851
f 852//852 1012//1012 849//849
f 852//852 1013//1013 1012//1012
f 1106//1106 1107//1107 936//936
f 1106//1106 936//936 851//851
f 937//937 1013//1013 852//852
f 1107//1107 938//938 936//936
f 938//938 1014//1014 940//940
f 1015//1015 1110//1110 855//855
f 940//940 1204//1204 1016//1016
f 1112//1112 1015//1015 858//858
f 859//859 940//940 1016//1016
f 859//859 1016//1016 1017//1017
f 860//860 941//941 858//858
f 858//858 941//941 1018//1018
f 864//864 859//859 1017//1017
f 864//864 1017//1017 1019//1019
f 1020//1020 1018//1018 941//941
f 1118//1118 1020//1020 941//941
f 1021//1021 1118//1118 941//941
f 1023//1023 1022//1022 865//865
f 1019//1019 1023//1023 864//864
f 942//942 1021//1021 941//941
f 942//942 1318//1318 1021//1021
f 1024//1024 942//942 943//943
f 1024//1024 943//943 1022//1022
f 944//944 866//866 1025//1025
f 945//945 944//944 946//946
f 780//780 946//946 1026//1026
f 948//948 946//946 780//780
f 947//947 950//950 866//866
f 1026//1026 1028//1028 951//951
f 780//780 1026//1026 951//951
f 869//869 1027//1027 950//950
f 1028//1028 871//871 951//951
f 869//869 1029//1029 1027//1027
f 952//952 1029//1029 869//869
f 1028//1028 953//953 871//871
f 1029//1029 952//952 954//954
f 1126//1126 1030//1030 953//953
f 873//873 1029//1029 954//954
f 1216//1216 1029//1029 873//873
f 955//955 1031//1031 873//873
f 1216//1216 873//873 1031//1031
f 1032//1032 875//875 1030//1030
f 1032//1032 957//957 875//875
f 1031//1031 955//955 1034//1034
f 1034//1034 955//955 956//956
f 1032//1032 1033//1033 1035//1035
f 1035//1035 957//957 1032//1032
f 1034//1034 956//956 1130//1130
f 1033//1033 959//959 957//957
f 1033//1033 957//957 1035//1035
f 958//958 1036//1036 956//956
f 958//958 956//956 789//789
f 1130//1130 956//956 1036//1036
f 1135//1135 960//960 959//959
f 1135//1135 959//959 1033//1033
f 877//877 1037//1037 876//876
f 1038//1038 960//960 1135//1135
f 962//962 1040//1040 1037//1037
f 1039//1039 1037//1037 1040//1040
f 1041//1041 960//960 1038//1038
f 1041//1041 961//961 960//960
f 962//962 964//964 1040//1040
f 1042//1042 965//965 961//961
f 1042//1042 961//961 1041//1041
f 1043//1043 964//964 884//884
f 1042//1042 966//966 965//965
f 968//968 1043//1043 884//884
f 1044//1044 966//966 1042//1042
f 1045//1045 969//969 1044//1044
f 967//967 968//968 797//797
f 1049//1049 969//969 1045//1045
f 1046//1046 968//968 1047//1047
f 1049//1049 970//970 969//969
f 1148//1148 1047//1047 1048//1048
f 887//887 1050//1050 1047//1047
f 887//887 1047//1047 886//886
f 1048//1048 1047//1047 1050//1050
f 1051//1051 971//971 970//970
f 1051//1051 970//970 1049//1049
f 1052//1052 887//887 972//972
f 1051//1051 889//889 971//971
f 1052//1052 972//972 1053//1053
f 973//973 889//889 1051//1051
f 972//972 975//975 1053//1053
f 1054//1054 974//974 973//973
f 1055//1055 974//974 1054//1054
f 976//976 1151//1151 975//975
f 1059//1059 1055//1055 1056//1056
f 1059//1059 978//978 1055//1055
f 979//979 1057//1057 977//977
f 1057//1057 976//976 977//977
f 1059//1059 895//895 978//978
f 896//896 1058//1058 979//979
f 1059//1059 980//980 895//895
f 896//896 1060//1060 1058//1058
f 1159//1159 980//980 1059//1059
f 900//900 1063//1063 1060//1060
f 1062//1062 1060//1060 1064//1064
f 1064//1064 1060//1060 1063//1063
f 1063//1063 900//900 1064//1064
f 982//982 1065//1065 1260//1260
f 982//982 981//981 1065//1065
f 902//902 1166//1166 900//900
f 1066//1066 982//982 1260//1260
f 902//902 1067//1067 1166//1166
f 1386//1386 982//982 1066//1066
f 983//983 1067//1067 902//902
f 1386//1386 905//905 982//982
f 1165//1165 905//905 1386//1386
f 904//904 1067//1067 983//983
f 1165//1165 906//906 905//905
f 1068//1068 904//904 984//984
f 906//906 1165//1165 1069//1069
f 907//907 985//985 984//984
f 910//910 1071//1071 985//985
f 1070//1070 1169//1169 986//986
f 1073//1073 1071//1071 910//910
f 987//987 1073//1073 910//910
f 1171//1171 989//989 1072//1072
f 1171//1171 1072//1072 1074//1074
f 1073//1073 988//988 1075//1075
f 987//987 988//988 1073//1073
f 1076//1076 989//989 1171//1171
f 822//822 911//911 988//988
f 1173//1173 989//989 1076//1076
f 1078//1078 912//912 989//989
f 1078//1078 989//989 1173//1173
f 913//913 1077//1077 911//911
f 1078//1078 1174//1174 1079//1079
f 914//914 1077//1077 913//913
f 914//914 1176//1176 1077//1077
f 1079//1079 1081//1081 1078//1078
f 914//914 1080//1080 1176//1176
f 915//915 1080//1080 914//914
f 1082//1082 1081//1081 1281//1281
f 1178//1178 1080//1080 915//915
f 1082//1082 1083//1083 916//916
f 1179//1179 1083//1083 1082//1082
f 990//990 917//917 915//915
f 1178//1178 915//915 917//917
f 1084//1084 917//917 1088//1088
f 831//831 1088//1088 830//830
f 991//991 1088//1088 831//831
f 993//993 754//754 1087//1087
f 992//992 1090//1090 1088//1088
f 992//992 1088//1088 991//991
f 1089//1089 1088//1088 1090//1090
f 1092//1092 922//922 993//993
f 992//992 1091//1091 1090//1090
f 921//921 1091//1091 992//992
f 1092//1092 994//994 922//922
f 1093//1093 1091//1091 921//921
f 993//993 994//994 1092//1092
f 923//923 994//994 1183//1183
f 836//836 1095//1095 995//995
f 925//925 1095//1095 836//836
f 1094//1094 997//997 923//923
f 996//996 997//997 1094//1094
f 996//996 1097//1097 997//997
f 999//999 1098//1098 998//998
f 928//928 1098//1098 999//999
f 1097//1097 931//931 1096//1096
f 1097//1097 1191//1191 931//931
f 930//930 1098//1098 841//841
f 1100//1100 931//931 1191//1191
f 1001//1001 1099//1099 930//930
f 1100//1100 1002//1002 931//931
f 845//845 1099//1099 1001//1001
f 845//845 1101//1101 1099//1099
f 1100//1100 1102//1102 1002//1002
f 1003//1003 1101//1101 845//845
f 1193//1193 1102//1102 1100//1100
f 932//932 1006//1006 1003//1003
f 1102//1102 1004//1004 847//847
f 1102//1102 1005//1005 1004//1004
f 1103//1103 1005//1005 1102//1102
f 933//933 1104//1104 1006//1006
f 1103//1103 1008//1008 1005//1005
f 1009//1009 1104//1104 933//933
f 1105//1105 1008//1008 1103//1103
f 1105//1105 1010//1010 1008//1008
f 1198//1198 1010//1010 1105//1105
f 1010//1010 1198//1198 1307//1307
f 1307//1307 935//935 1010//1010
f 849//849 1309//1309 1011//1011
f 1106//1106 1307//1307 1199//1199
f 1106//1106 935//935 1307//1307
f 1012//1012 1309//1309 849//849
f 1199//1199 1107//1107 1106//1106
f 1014//1014 938//938 1107//1107
f 855//855 1201//1201 939//939
f 1108//1108 1204//1204 940//940
f 1108//1108 940//940 1014//1014
f 855//855 1110//1110 1109//1109
f 1112//1112 1110//1110 1015//1015
f 1111//1111 1016//1016 1204//1204
f 1113//1113 1115//1115 1112//1112
f 1114//1114 1017//1017 1111//1111
f 1111//1111 1017//1017 1016//1016
f 858//858 1113//1113 1112//1112
f 858//858 1115//1115 1113//1113
f 1020//1020 858//858 1018//1018
f 1020//1020 1115//1115 858//858
f 1019//1019 1117//1117 1116//1116
f 1117//1117 1019//1019 1114//1114
f 1114//1114 1019//1019 1017//1017
f 1318//1318 1118//1118 1021//1021
f 1022//1022 1120//1120 1119//1119
f 1023//1023 1019//1019 1116//1116
f 1120//1120 1023//1023 1116//1116
f 1022//1022 1023//1023 1120//1120
f 942//942 1119//1119 1318//1318
f 1119//1119 942//942 1024//1024
f 1119//1119 1024//1024 1022//1022
f 944//944 1025//1025 1210//1210
f 1121//1121 946//946 944//944
f 950//950 1210//1210 866//866
f 866//866 1210//1210 1025//1025
f 1121//1121 1213//1213 1026//1026
f 946//946 1121//1121 1026//1026
f 1027//1027 1122//1122 950//950
f 1122//1122 1210//1210 950//950
f 1213//1213 1123//1123 1028//1028
f 1026//1026 1213//1213 1028//1028
f 1029//1029 1124//1124 1027//1027
f 1028//1028 1123//1123 953//953
f 953//953 1123//1123 1125//1125
f 1125//1125 1126//1126 953//953
f 1031//1031 1127//1127 1216//1216
f 1129//1129 1032//1032 1030//1030
f 1129//1129 1030//1030 1126//1126
f 1129//1129 1033//1033 1032//1032
f 1034//1034 1127//1127 1031//1031
f 1129//1129 1128//1128 1132//1132
f 1132//1132 1033//1033 1129//1129
f 1036//1036 1131//1131 1130//1130
f 1132//1132 1135//1135 1033//1033
f 876//876 1133//1133 1131//1131
f 876//876 1131//1131 1036//1036
f 876//876 1134//1134 1133//1133
f 1037//1037 1134//1134 876//876
f 1137//1137 1038//1038 1135//1135
f 1136//1136 1134//1134 1037//1037
f 1137//1137 1041//1041 1038//1038
f 1039//1039 1139//1139 1037//1037
f 1037//1037 1139//1139 1136//1136
f 1138//1138 1041//1041 1137//1137
f 1139//1139 1039//1039 1040//1040
f 964//964 1139//1139 1040//1040
f 1140//1140 1042//1042 1041//1041
f 1140//1140 1041//1041 1138//1138
f 1230//1230 1139//1139 964//964
f 1230//1230 964//964 1142//1142
f 1141//1141 1042//1042 1140//1140
f 1043//1043 1142//1142 964//964
f 1141//1141 1044//1044 1042//1042
f 1045//1045 1044//1044 1141//1141
f 968//968 1143//1143 1043//1043
f 968//968 1144//1144 1143//1143
f 1237//1237 1143//1143 1144//1144
f 1145//1145 1049//1049 1045//1045
f 1145//1145 1045//1045 1236//1236
f 1046//1046 1144//1144 968//968
f 1047//1047 1148//1148 1144//1144
f 1047//1047 1144//1144 1046//1046
f 1146//1146 1144//1144 1148//1148
f 1240//1240 1049//1049 1145//1145
f 1147//1147 1049//1049 1240//1240
f 1146//1146 1148//1148 1239//1239
f 1149//1149 1051//1051 1049//1049
f 1149//1149 1049//1049 1147//1147
f 887//887 1048//1048 1050//1050
f 887//887 1052//1052 1048//1048
f 1150//1150 973//973 1051//1051
f 1150//1150 1051//1051 1149//1149
f 1245//1245 973//973 1150//1150
f 1054//1054 973//973 1245//1245
f 1151//1151 1053//1053 975//975
f 1056//1056 1055//1055 1054//1054
f 976//976 1153//1153 1152//1152
f 976//976 1152//1152 1151//1151
f 1056//1056 1252//1252 1155//1155
f 1057//1057 1153//1153 976//976
f 1155//1155 1059//1059 1056//1056
f 1154//1154 1153//1153 1057//1057
f 1155//1155 1156//1156 1059//1059
f 1157//1157 1059//1059 1156//1156
f 1058//1058 1158//1158 979//979
f 979//979 1158//1158 1057//1057
f 1157//1157 1159//1159 1059//1059
f 1060//1060 1158//1158 1058//1058
f 1061//1061 1158//1158 1060//1060
f 1160//1160 980//980 1159//1159
f 1060//1060 1161//1161 1061//1061
f 1162//1162 981//981 980//980
f 1162//1162 980//980 1160//1160
f 1062//1062 1161//1161 1060//1060
f 1162//1162 1260//1260 1065//1065
f 1162//1162 1065//1065 981//981
f 1163//1163 1064//1064 900//900
f 1166//1166 1163//1163 900//900
f 1386//1386 1066//1066 1260//1260
f 904//904 1166//1166 1067//1067
f 1068//1068 1166//1166 904//904
f 1068//1068 1268//1268 1166//1166
f 1165//1165 1264//1264 1265//1265
f 1268//1268 1068//1068 984//984
f 1165//1165 1070//1070 1069//1069
f 1269//1269 1070//1070 1165//1165
f 985//985 1268//1268 984//984
f 1269//1269 1167//1167 1070//1070
f 1268//1268 985//985 1071//1071
f 1167//1167 1169//1169 1070//1070
f 1073//1073 1272//1272 1071//1071
f 1168//1168 1272//1272 1073//1073
f 1168//1168 1073//1073 1170//1170
f 1169//1169 1171//1171 1074//1074
f 1169//1169 1074//1074 1072//1072
f 1075//1075 1170//1170 1073//1073
f 1075//1075 988//988 1170//1170
f 988//988 1172//1172 1170//1170
f 1173//1173 1076//1076 1171//1171
f 911//911 1274//1274 988//988
f 1077//1077 1274//1274 911//911
f 1275//1275 1078//1078 1173//1173
f 1174//1174 1078//1078 1275//1275
f 1077//1077 1176//1176 1175//1175
f 1279//1279 1079//1079 1174//1174
f 1279//1279 1081//1081 1079//1079
f 1080//1080 1177//1177 1176//1176
f 1279//1279 1281//1281 1081//1081
f 1178//1178 1177//1177 1080//1080
f 1179//1179 1082//1082 1281//1281
f 917//917 1180//1180 1178//1178
f 1416//1416 1083//1083 1179//1179
f 1084//1084 1180//1180 917//917
f 1181//1181 920//920 1083//1083
f 1181//1181 1083//1083 1416//1416
f 1088//1088 1285//1285 1084//1084
f 1085//1085 920//920 1181//1181
f 1086//1086 1285//1285 1088//1088
f 993//993 1085//1085 1287//1287
f 993//993 1087//1087 1085//1085
f 1089//1089 1086//1086 1088//1088
f 993//993 1287//1287 1423//1423
f 1091//1091 1093//1093 1090//1090
f 1093//1093 1089//1089 1090//1090
f 1093//1093 1289//1289 1089//1089
f 1182//1182 1093//1093 1184//1184
f 1291//1291 994//994 993//993
f 1291//1291 1183//1183 994//994
f 995//995 1184//1184 1093//1093
f 1095//1095 1184//1184 995//995
f 1294//1294 1184//1184 1095//1095
f 1094//1094 923//923 1183//1183
f 1294//1294 1095//1095 1185//1185
f 1186//1186 996//996 1094//1094
f 1187//1187 1185//1185 1095//1095
f 998//998 1188//1188 1095//1095
f 1187//1187 1095//1095 1188//1188
f 1189//1189 1097//1097 996//996
f 1189//1189 996//996 1186//1186
f 1098//1098 1188//1188 998//998
f 1299//1299 1188//1188 1098//1098
f 1190//1190 1299//1299 1098//1098
f 930//930 1099//1099 1098//1098
f 1190//1190 1098//1098 1099//1099
f 1192//1192 1100//1100 1191//1191
f 1003//1003 1194//1194 1101//1101
f 1196//1196 1102//1102 1193//1193
f 1006//1006 1195//1195 1003//1003
f 1003//1003 1195//1195 1194//1194
f 1197//1197 1102//1102 1196//1196
f 1103//1103 1102//1102 1197//1197
f 1006//1006 1104//1104 1195//1195
f 1198//1198 1105//1105 1103//1103
f 1009//1009 1308//1308 1104//1104
f 1011//1011 1308//1308 1009//1009
f 1013//1013 937//937 1201//1201
f 1107//1107 1200//1200 1014//1014
f 939//939 1201//1201 937//937
f 1200//1200 1451//1451 1108//1108
f 1200//1200 1108//1108 1014//1014
f 1201//1201 855//855 1203//1203
f 1108//1108 1451//1451 1204//1204
f 1109//1109 1203//1203 855//855
f 1109//1109 1110//1110 1203//1203
f 1110//1110 1206//1206 1203//1203
f 1206//1206 1110//1110 1312//1312
f 1111//1111 1204//1204 1205//1205
f 1111//1111 1205//1205 1313//1313
f 1312//1312 1110//1110 1112//1112
f 1207//1207 1112//1112 1115//1115
f 1207//1207 1312//1312 1112//1112
f 1114//1114 1111//1111 1313//1313
f 1114//1114 1313//1313 1208//1208
f 1118//1118 1115//1115 1020//1020
f 1116//1116 1117//1117 1208//1208
f 1208//1208 1117//1117 1114//1114
f 1318//1318 1316//1316 1118//1118
f 1209//1209 1119//1119 1120//1120
f 1209//1209 1318//1318 1119//1119
f 1211//1211 944//944 1210//1210
f 1212//1212 1121//1121 944//944
f 1212//1212 944//944 1211//1211
f 1213//1213 1121//1121 1212//1212
f 1214//1214 1210//1210 1122//1122
f 1210//1210 1214//1214 1211//1211
f 1212//1212 1123//1123 1213//1213
f 1124//1124 1122//1122 1027//1027
f 1214//1214 1122//1122 1124//1124
f 1212//1212 1217//1217 1123//1123
f 1215//1215 1217//1217 1212//1212
f 1029//1029 1323//1323 1124//1124
f 1217//1217 1125//1125 1123//1123
f 1216//1216 1323//1323 1029//1029
f 1217//1217 1215//1215 1321//1321
f 1217//1217 1126//1126 1125//1125
f 1217//1217 1129//1129 1126//1126
f 1127//1127 1325//1325 1216//1216
f 1217//1217 1219//1219 1218//1218
f 1218//1218 1128//1128 1129//1129
f 1218//1218 1129//1129 1217//1217
f 1219//1219 1128//1128 1218//1218
f 1219//1219 1222//1222 1220//1220
f 1220//1220 1128//1128 1219//1219
f 1034//1034 1221//1221 1325//1325
f 1034//1034 1325//1325 1127//1127
f 1329//1329 1325//1325 1221//1221
f 1220//1220 1132//1132 1128//1128
f 1130//1130 1221//1221 1034//1034
f 1222//1222 1224//1224 1220//1220
f 1224//1224 1132//1132 1220//1220
f 1221//1221 1130//1130 1131//1131
f 1222//1222 1223//1223 1227//1227
f 1222//1222 1225//1225 1224//1224
f 1222//1222 1227//1227 1225//1225
f 1225//1225 1132//1132 1224//1224
f 1227//1227 1135//1135 1132//1132
f 1227//1227 1132//1132 1225//1225
f 1223//1223 1336//1336 1227//1227
f 1336//1336 1226//1226 1227//1227
f 1227//1227 1137//1137 1135//1135
f 1136//1136 1228//1228 1134//1134
f 1229//1229 1134//1134 1228//1228
f 1226//1226 1231//1231 1227//1227
f 1231//1231 1138//1138 1137//1137
f 1231//1231 1137//1137 1227//1227
f 1228//1228 1136//1136 1139//1139
f 1139//1139 1230//1230 1228//1228
f 1231//1231 1140//1140 1138//1138
f 1230//1230 1233//1233 1228//1228
f 1339//1339 1228//1228 1234//1234
f 1234//1234 1228//1228 1233//1233
f 1231//1231 1232//1232 1236//1236
f 1236//1236 1141//1141 1140//1140
f 1236//1236 1140//1140 1231//1231
f 1233//1233 1230//1230 1235//1235
f 1142//1142 1235//1235 1230//1230
f 1236//1236 1232//1232 1347//1347
f 1236//1236 1045//1045 1141//1141
f 1043//1043 1237//1237 1235//1235
f 1043//1043 1235//1235 1142//1142
f 1143//1143 1237//1237 1043//1043
f 1236//1236 1347//1347 1238//1238
f 1238//1238 1145//1145 1236//1236
f 1144//1144 1146//1146 1237//1237
f 1239//1239 1237//1237 1146//1146
f 1240//1240 1145//1145 1238//1238
f 1240//1240 1359//1359 1361//1361
f 1240//1240 1149//1149 1147//1147
f 1361//1361 1149//1149 1240//1240
f 1048//1048 1242//1242 1148//1148
f 1242//1242 1239//1239 1148//1148
f 1241//1241 1239//1239 1242//1242
f 1244//1244 1149//1149 1361//1361
f 1052//1052 1242//1242 1048//1048
f 1244//1244 1150//1150 1149//1149
f 1052//1052 1246//1246 1242//1242
f 1245//1245 1150//1150 1244//1244
f 1053//1053 1248//1248 1246//1246
f 1053//1053 1246//1246 1052//1052
f 1247//1247 1054//1054 1245//1245
f 1053//1053 1249//1249 1248//1248
f 1247//1247 1056//1056 1054//1054
f 1151//1151 1249//1249 1053//1053
f 1250//1250 1056//1056 1247//1247
f 1152//1152 1249//1249 1151//1151
f 1250//1250 1252//1252 1056//1056
f 1153//1153 1251//1251 1249//1249
f 1153//1153 1249//1249 1152//1152
f 1154//1154 1251//1251 1153//1153
f 1255//1255 1155//1155 1252//1252
f 1251//1251 1154//1154 1253//1253
f 1252//1252 1377//1377 1255//1255
f 1057//1057 1253//1253 1154//1154
f 1255//1255 1156//1156 1155//1155
f 1254//1254 1253//1253 1057//1057
f 1255//1255 1157//1157 1156//1156
f 1158//1158 1256//1256 1057//1057
f 1256//1256 1254//1254 1057//1057
f 1257//1257 1159//1159 1157//1157
f 1257//1257 1157//1157 1255//1255
f 1256//1256 1158//1158 1161//1161
f 1258//1258 1159//1159 1257//1257
f 1061//1061 1161//1161 1158//1158
f 1258//1258 1160//1160 1159//1159
f 1384//1384 1162//1162 1160//1160
f 1384//1384 1160//1160 1258//1258
f 1259//1259 1161//1161 1062//1062
f 1260//1260 1162//1162 1384//1384
f 1163//1163 1261//1261 1064//1064
f 1262//1262 1386//1386 1260//1260
f 1166//1166 1263//1263 1163//1163
f 1261//1261 1163//1163 1263//1263
f 1164//1164 1263//1263 1166//1166
f 1264//1264 1165//1165 1386//1386
f 1268//1268 1266//1266 1164//1164
f 1268//1268 1164//1164 1166//1166
f 1267//1267 1165//1165 1265//1265
f 1394//1394 1269//1269 1165//1165
f 1394//1394 1165//1165 1267//1267
f 1270//1270 1397//1397 1268//1268
f 1071//1071 1270//1270 1268//1268
f 1395//1395 1167//1167 1269//1269
f 1398//1398 1167//1167 1395//1395
f 1071//1071 1272//1272 1271//1271
f 1509//1509 1169//1169 1167//1167
f 1509//1509 1167//1167 1398//1398
f 1273//1273 1171//1171 1169//1169
f 1273//1273 1169//1169 1509//1509
f 1170//1170 1272//1272 1168//1168
f 1400//1400 1272//1272 1170//1170
f 1400//1400 1170//1170 1172//1172
f 1403//1403 1173//1173 1171//1171
f 1403//1403 1171//1171 1273//1273
f 1274//1274 1172//1172 988//988
f 1275//1275 1173//1173 1403//1403
f 1077//1077 1276//1276 1274//1274
f 1175//1175 1276//1276 1077//1077
f 1278//1278 1174//1174 1277//1277
f 1521//1521 1175//1175 1176//1176
f 1278//1278 1277//1277 1279//1279
f 1279//1279 1174//1174 1278//1278
f 1521//1521 1176//1176 1177//1177
f 1279//1279 1280//1280 1281//1281
f 1526//1526 1177//1177 1282//1282
f 1282//1282 1177//1177 1283//1283
f 1281//1281 1280//1280 1413//1413
f 1413//1413 1179//1179 1281//1281
f 1178//1178 1283//1283 1177//1177
f 1284//1284 1416//1416 1179//1179
f 1284//1284 1179//1179 1413//1413
f 1283//1283 1178//1178 1180//1180
f 1286//1286 1181//1181 1416//1416
f 1285//1285 1180//1180 1084//1084
f 1286//1286 1085//1085 1181//1181
f 1085//1085 1286//1286 1419//1419
f 1287//1287 1085//1085 1419//1419
f 1089//1089 1289//1289 1285//1285
f 1089//1089 1285//1285 1086//1086
f 1420//1420 1285//1285 1289//1289
f 1290//1290 993//993 1423//1423
f 1093//1093 1288//1288 1289//1289
f 1290//1290 1291//1291 993//993
f 1182//1182 1288//1288 1093//1093
f 1289//1289 1288//1288 1182//1182
f 1289//1289 1182//1182 1292//1292
f 1184//1184 1294//1294 1182//1182
f 1293//1293 1094//1094 1183//1183
f 1293//1293 1183//1183 1291//1291
f 1293//1293 1291//1291 1295//1295
f 1295//1295 1094//1094 1293//1293
f 1296//1296 1094//1094 1295//1295
f 1187//1187 1294//1294 1185//1185
f 1296//1296 1186//1186 1094//1094
f 1431//1431 1186//1186 1296//1296
f 1188//1188 1297//1297 1187//1187
f 1188//1188 1299//1299 1297//1297
f 1298//1298 1189//1189 1186//1186
f 1189//1189 1298//1298 1432//1432
f 1432//1432 1097//1097 1189//1189
f 1299//1299 1300//1300 1430//1430
f 1435//1435 1191//1191 1097//1097
f 1435//1435 1097//1097 1432//1432
f 1190//1190 1300//1300 1299//1299
f 1099//1099 1436//1436 1190//1190
f 1191//1191 1435//1435 1301//1301
f 1301//1301 1192//1192 1191//1191
f 1301//1301 1100//1100 1192//1192
f 1101//1101 1194//1194 1099//1099
f 1438//1438 1193//1193 1100//1100
f 1438//1438 1100//1100 1301//1301
f 1193//1193 1438//1438 1302//1302
f 1196//1196 1193//1193 1302//1302
f 1303//1303 1194//1194 1195//1195
f 1303//1303 1440//1440 1194//1194
f 1302//1302 1197//1197 1196//1196
f 1303//1303 1195//1195 1304//1304
f 1104//1104 1304//1304 1195//1195
f 1103//1103 1197//1197 1305//1305
f 1197//1197 1444//1444 1305//1305
f 1304//1304 1104//1104 1446//1446
f 1445//1445 1103//1103 1305//1305
f 1446//1446 1104//1104 1308//1308
f 1307//1307 1198//1198 1103//1103
f 1307//1307 1103//1103 1445//1445
f 1448//1448 1199//1199 1307//1307
f 1309//1309 1308//1308 1011//1011
f 1012//1012 1202//1202 1309//1309
f 1450//1450 1107//1107 1199//1199
f 1013//1013 1202//1202 1012//1012
f 1450//1450 1200//1200 1107//1107
f 1201//1201 1202//1202 1013//1013
f 1450//1450 1451//1451 1200//1200
f 1202//1202 1201//1201 1310//1310
f 1203//1203 1453//1453 1201//1201
f 1205//1205 1204//1204 1451//1451
f 1203//1203 1206//1206 1453//1453
f 1311//1311 1313//1313 1205//1205
f 1207//1207 1314//1314 1312//1312
f 1315//1315 1208//1208 1313//1313
f 1115//1115 1314//1314 1207//1207
f 1118//1118 1314//1314 1115//1115
f 1316//1316 1314//1314 1118//1118
f 1318//1318 1461//1461 1317//1317
f 1318//1318 1319//1319 1461//1461
f 1120//1120 1116//1116 1319//1319
f 1116//1116 1208//1208 1315//1315
f 1317//1317 1316//1316 1318//1318
f 1318//1318 1209//1209 1319//1319
f 1319//1319 1209//1209 1120//1120
f 1322//1322 1211//1211 1214//1214
f 1214//1214 1124//1124 1323//1323
f 1320//1320 1214//1214 1323//1323
f 1211//1211 1321//1321 1212//1212
f 1211//1211 1322//1322 1321//1321
f 1321//1321 1215//1215 1212//1212
f 1214//1214 1324//1324 1322//1322
f 1214//1214 1320//1320 1324//1324
f 1322//1322 1327//1327 1321//1321
f 1322//1322 1326//1326 1327//1327
f 1327//1327 1219//1219 1217//1217
f 1327//1327 1217//1217 1321//1321
f 1325//1325 1323//1323 1216//1216
f 1323//1323 1325//1325 1320//1320
f 1322//1322 1324//1324 1326//1326
f 1325//1325 1328//1328 1320//1320
f 1320//1320 1328//1328 1324//1324
f 1324//1324 1219//1219 1326//1326
f 1326//1326 1219//1219 1327//1327
f 1325//1325 1329//1329 1328//1328
f 1324//1324 1330//1330 1219//1219
f 1324//1324 1332//1332 1330//1330
f 1330//1330 1222//1222 1219//1219
f 1328//1328 1331//1331 1324//1324
f 1324//1324 1331//1331 1332//1332
f 1221//1221 1333//1333 1329//1329
f 1329//1329 1334//1334 1328//1328
f 1329//1329 1333//1333 1334//1334
f 1328//1328 1334//1334 1331//1331
f 1330//1330 1223//1223 1222//1222
f 1131//1131 1333//1333 1221//1221
f 1331//1331 1335//1335 1332//1332
f 1332//1332 1223//1223 1330//1330
f 1133//1133 1333//1333 1131//1131
f 1331//1331 1334//1334 1335//1335
f 1335//1335 1223//1223 1332//1332
f 1134//1134 1333//1333 1133//1133
f 1333//1333 1337//1337 1334//1334
f 1335//1335 1334//1334 1336//1336
f 1336//1336 1223//1223 1335//1335
f 1334//1334 1337//1337 1338//1338
f 1334//1334 1338//1338 1336//1336
f 1229//1229 1333//1333 1134//1134
f 1333//1333 1229//1229 1337//1337
f 1338//1338 1341//1341 1336//1336
f 1341//1341 1226//1226 1336//1336
f 1229//1229 1339//1339 1337//1337
f 1341//1341 1231//1231 1226//1226
f 1228//1228 1339//1339 1229//1229
f 1337//1337 1342//1342 1338//1338
f 1338//1338 1340//1340 1341//1341
f 1341//1341 1232//1232 1231//1231
f 1339//1339 1343//1343 1337//1337
f 1337//1337 1343//1343 1342//1342
f 1342//1342 1344//1344 1338//1338
f 1338//1338 1344//1344 1340//1340
f 1339//1339 1234//1234 1343//1343
f 1340//1340 1347//1347 1341//1341
f 1347//1347 1232//1232 1341//1341
f 1343//1343 1346//1346 1342//1342
f 1342//1342 1346//1346 1344//1344
f 1344//1344 1348//1348 1340//1340
f 1340//1340 1348//1348 1347//1347
f 1235//1235 1234//1234 1233//1233
f 1234//1234 1345//1345 1343//1343
f 1344//1344 1346//1346 1348//1348
f 1343//1343 1345//1345 1346//1346
f 1346//1346 1349//1349 1348//1348
f 1348//1348 1351//1351 1347//1347
f 1237//1237 1234//1234 1235//1235
f 1346//1346 1345//1345 1349//1349
f 1348//1348 1349//1349 1351//1351
f 1351//1351 1238//1238 1347//1347
f 1237//1237 1352//1352 1234//1234
f 1345//1345 1350//1350 1349//1349
f 1239//1239 1352//1352 1237//1237
f 1234//1234 1357//1357 1345//1345
f 1345//1345 1353//1353 1350//1350
f 1345//1345 1357//1357 1353//1353
f 1349//1349 1355//1355 1351//1351
f 1349//1349 1350//1350 1355//1355
f 1355//1355 1240//1240 1238//1238
f 1355//1355 1238//1238 1351//1351
f 1352//1352 1354//1354 1234//1234
f 1234//1234 1354//1354 1357//1357
f 1355//1355 1359//1359 1240//1240
f 1358//1358 1353//1353 1357//1357
f 1353//1353 1358//1358 1350//1350
f 1350//1350 1359//1359 1355//1355
f 1241//1241 1352//1352 1239//1239
f 1354//1354 1462//1462 1357//1357
f 1358//1358 1360//1360 1350//1350
f 1350//1350 1361//1361 1359//1359
f 1350//1350 1360//1360 1361//1361
f 1242//1242 1352//1352 1241//1241
f 1462//1462 1354//1354 1352//1352
f 1358//1358 1364//1364 1360//1360
f 1243//1243 1352//1352 1242//1242
f 1352//1352 1243//1243 1365//1365
f 1462//1462 1352//1352 1362//1362
f 1362//1362 1352//1352 1365//1365
f 1360//1360 1245//1245 1361//1361
f 1245//1245 1244//1244 1361//1361
f 1358//1358 1363//1363 1364//1364
f 1360//1360 1364//1364 1245//1245
f 1243//1243 1242//1242 1246//1246
f 1248//1248 1243//1243 1246//1246
f 1243//1243 1368//1368 1365//1365
f 1364//1364 1366//1366 1367//1367
f 1367//1367 1247//1247 1245//1245
f 1367//1367 1245//1245 1364//1364
f 1368//1368 1243//1243 1248//1248
f 1366//1366 1247//1247 1367//1367
f 1366//1366 1371//1371 1247//1247
f 1249//1249 1369//1369 1248//1248
f 1248//1248 1369//1369 1374//1374
f 1371//1371 1366//1366 1370//1370
f 1371//1371 1375//1375 1247//1247
f 1375//1375 1250//1250 1247//1247
f 1249//1249 1372//1372 1369//1369
f 1375//1375 1252//1252 1250//1250
f 1251//1251 1372//1372 1249//1249
f 1374//1374 1369//1369 1372//1372
f 1371//1371 1370//1370 1375//1375
f 1375//1375 1377//1377 1252//1252
f 1374//1374 1372//1372 1373//1373
f 1253//1253 1372//1372 1251//1251
f 1376//1376 1377//1377 1375//1375
f 1253//1253 1254//1254 1372//1372
f 1373//1373 1372//1372 1254//1254
f 1376//1376 1378//1378 1377//1377
f 1377//1377 1257//1257 1255//1255
f 1381//1381 1254//1254 1256//1256
f 1378//1378 1258//1258 1257//1257
f 1378//1378 1257//1257 1377//1377
f 1161//1161 1379//1379 1256//1256
f 1378//1378 1376//1376 1382//1382
f 1378//1378 1382//1382 1258//1258
f 1161//1161 1380//1380 1379//1379
f 1381//1381 1256//1256 1379//1379
f 1382//1382 1376//1376 1483//1483
f 1259//1259 1380//1380 1161//1161
f 1381//1381 1379//1379 1380//1380
f 1382//1382 1384//1384 1258//1258
f 1383//1383 1380//1380 1259//1259
f 1483//1483 1384//1384 1382//1382
f 1064//1064 1261//1261 1259//1259
f 1064//1064 1259//1259 1062//1062
f 1483//1483 1385//1385 1384//1384
f 1483//1483 1485//1485 1385//1385
f 1385//1385 1262//1262 1260//1260
f 1385//1385 1260//1260 1384//1384
f 1261//1261 1487//1487 1259//1259
f 1485//1485 1262//1262 1385//1385
f 1261//1261 1387//1387 1487//1487
f 1390//1390 1386//1386 1485//1485
f 1386//1386 1262//1262 1485//1485
f 1263//1263 1387//1387 1261//1261
f 1390//1390 1264//1264 1386//1386
f 1391//1391 1390//1390 1388//1388
f 1390//1390 1265//1265 1264//1264
f 1164//1164 1501//1501 1263//1263
f 1501//1501 1389//1389 1263//1263
f 1390//1390 1391//1391 1392//1392
f 1392//1392 1267//1267 1265//1265
f 1392//1392 1265//1265 1390//1390
f 1266//1266 1501//1501 1164//1164
f 1268//1268 1393//1393 1266//1266
f 1391//1391 1267//1267 1392//1392
f 1391//1391 1394//1394 1267//1267
f 1397//1397 1393//1393 1268//1268
f 1395//1395 1269//1269 1394//1394
f 1071//1071 1396//1396 1270//1270
f 1270//1270 1396//1396 1397//1397
f 1271//1271 1396//1396 1071//1071
f 1396//1396 1271//1271 1272//1272
f 1399//1399 1396//1396 1272//1272
f 1397//1397 1396//1396 1399//1399
f 1402//1402 1509//1509 1401//1401
f 1402//1402 1273//1273 1509//1509
f 1403//1403 1273//1273 1402//1402
f 1172//1172 1404//1404 1400//1400
f 1402//1402 1275//1275 1403//1403
f 1274//1274 1404//1404 1172//1172
f 1405//1405 1174//1174 1275//1275
f 1405//1405 1275//1275 1402//1402
f 1276//1276 1407//1407 1274//1274
f 1274//1274 1407//1407 1408//1408
f 1519//1519 1274//1274 1408//1408
f 1406//1406 1277//1277 1174//1174
f 1406//1406 1174//1174 1405//1405
f 1409//1409 1406//1406 1410//1410
f 1409//1409 1277//1277 1406//1406
f 1175//1175 1521//1521 1407//1407
f 1175//1175 1407//1407 1276//1276
f 1410//1410 1279//1279 1277//1277
f 1410//1410 1277//1277 1409//1409
f 1177//1177 1411//1411 1521//1521
f 1412//1412 1280//1280 1279//1279
f 1412//1412 1279//1279 1410//1410
f 1526//1526 1411//1411 1177//1177
f 1413//1413 1280//1280 1412//1412
f 1283//1283 1533//1533 1526//1526
f 1283//1283 1526//1526 1282//1282
f 1412//1412 1414//1414 1415//1415
f 1412//1412 1284//1284 1413//1413
f 1180//1180 1418//1418 1283//1283
f 1533//1533 1283//1283 1418//1418
f 1412//1412 1415//1415 1416//1416
f 1416//1416 1284//1284 1412//1412
f 1180//1180 1417//1417 1418//1418
f 1416//1416 1415//1415 1419//1419
f 1419//1419 1286//1286 1416//1416
f 1285//1285 1417//1417 1180//1180
f 1417//1417 1285//1285 1420//1420
f 1422//1422 1287//1287 1419//1419
f 1289//1289 1424//1424 1420//1420
f 1423//1423 1287//1287 1422//1422
f 1425//1425 1290//1290 1423//1423
f 1420//1420 1424//1424 1542//1542
f 1545//1545 1291//1291 1290//1290
f 1545//1545 1290//1290 1425//1425
f 1292//1292 1424//1424 1289//1289
f 1295//1295 1291//1291 1545//1545
f 1294//1294 1426//1426 1182//1182
f 1426//1426 1292//1292 1182//1182
f 1427//1427 1426//1426 1294//1294
f 1428//1428 1295//1295 1550//1550
f 1296//1296 1295//1295 1428//1428
f 1427//1427 1294//1294 1429//1429
f 1187//1187 1429//1429 1294//1294
f 1299//1299 1430//1430 1297//1297
f 1187//1187 1297//1297 1430//1430
f 1431//1431 1298//1298 1186//1186
f 1432//1432 1298//1298 1431//1431
f 1434//1434 1435//1435 1432//1432
f 1300//1300 1190//1190 1430//1430
f 1433//1433 1430//1430 1190//1190
f 1438//1438 1301//1301 1435//1435
f 1194//1194 1436//1436 1099//1099
f 1437//1437 1436//1436 1194//1194
f 1437//1437 1194//1194 1440//1440
f 1560//1560 1439//1439 1438//1438
f 1302//1302 1438//1438 1439//1439
f 1304//1304 1441//1441 1440//1440
f 1304//1304 1440//1440 1303//1303
f 1442//1442 1197//1197 1302//1302
f 1304//1304 1443//1443 1441//1441
f 1444//1444 1197//1197 1442//1442
f 1304//1304 1446//1446 1443//1443
f 1445//1445 1305//1305 1444//1444
f 1306//1306 1446//1446 1308//1308
f 1447//1447 1446//1446 1306//1306
f 1448//1448 1307//1307 1445//1445
f 1309//1309 1306//1306 1308//1308
f 1570//1570 1450//1450 1199//1199
f 1570//1570 1199//1199 1448//1448
f 1202//1202 1449//1449 1309//1309
f 1572//1572 1451//1451 1450//1450
f 1574//1574 1202//1202 1310//1310
f 1201//1201 1574//1574 1310//1310
f 1572//1572 1452//1452 1451//1451
f 1452//1452 1205//1205 1451//1451
f 1575//1575 1205//1205 1452//1452
f 1455//1455 1454//1454 1206//1206
f 1454//1454 1453//1453 1206//1206
f 1575//1575 1311//1311 1205//1205
f 1312//1312 1455//1455 1206//1206
f 1457//1457 1455//1455 1312//1312
f 1457//1457 1314//1314 1455//1455
f 1456//1456 1313//1313 1575//1575
f 1575//1575 1313//1313 1311//1311
f 1314//1314 1457//1457 1312//1312
f 1458//1458 1579//1579 1314//1314
f 1456//1456 1315//1315 1313//1313
f 1458//1458 1314//1314 1316//1316
f 1316//1316 1461//1461 1458//1458
f 1317//1317 1461//1461 1316//1316
f 1459//1459 1461//1461 1319//1319
f 1459//1459 1319//1319 1116//1116
f 1459//1459 1116//1116 1460//1460
f 1460//1460 1116//1116 1315//1315
f 1356//1356 1358//1358 1357//1357
f 1357//1357 1463//1463 1356//1356
f 1463//1463 1358//1358 1356//1356
f 1463//1463 1357//1357 1462//1462
f 1462//1462 1358//1358 1463//1463
f 1362//1362 1365//1365 1462//1462
f 1462//1462 1465//1465 1358//1358
f 1462//1462 1365//1365 1465//1465
f 1464//1464 1363//1363 1358//1358
f 1465//1465 1464//1464 1358//1358
f 1464//1464 1364//1364 1363//1363
f 1465//1465 1366//1366 1364//1364
f 1465//1465 1364//1364 1464//1464
f 1248//1248 1469//1469 1368//1368
f 1469//1469 1365//1365 1368//1368
f 1466//1466 1366//1366 1465//1465
f 1374//1374 1469//1469 1248//1248
f 1365//1365 1469//1469 1465//1465
f 1466//1466 1370//1370 1366//1366
f 1374//1374 1468//1468 1469//1469
f 1465//1465 1467//1467 1466//1466
f 1465//1465 1469//1469 1467//1467
f 1467//1467 1370//1370 1466//1466
f 1469//1469 1471//1471 1467//1467
f 1469//1469 1470//1470 1471//1471
f 1471//1471 1370//1370 1467//1467
f 1468//1468 1472//1472 1469//1469
f 1469//1469 1472//1472 1470//1470
f 1471//1471 1475//1475 1370//1370
f 1475//1475 1375//1375 1370//1370
f 1373//1373 1468//1468 1374//1374
f 1468//1468 1373//1373 1472//1472
f 1471//1471 1470//1470 1475//1475
f 1475//1475 1376//1376 1375//1375
f 1254//1254 1474//1474 1373//1373
f 1472//1472 1473//1473 1470//1470
f 1470//1470 1473//1473 1475//1475
f 1381//1381 1476//1476 1474//1474
f 1381//1381 1474//1474 1254//1254
f 1474//1474 1476//1476 1373//1373
f 1473//1473 1478//1478 1475//1475
f 1478//1478 1376//1376 1475//1475
f 1476//1476 1477//1477 1373//1373
f 1373//1373 1477//1477 1472//1472
f 1472//1472 1477//1477 1473//1473
f 1381//1381 1479//1479 1476//1476
f 1476//1476 1479//1479 1477//1477
f 1473//1473 1480//1480 1478//1478
f 1473//1473 1477//1477 1480//1480
f 1480//1480 1483//1483 1376//1376
f 1480//1480 1376//1376 1478//1478
f 1380//1380 1383//1383 1381//1381
f 1381//1381 1481//1481 1479//1479
f 1381//1381 1383//1383 1481//1481
f 1477//1477 1479//1479 1482//1482
f 1477//1477 1483//1483 1480//1480
f 1477//1477 1482//1482 1483//1483
f 1479//1479 1481//1481 1484//1484
f 1484//1484 1485//1485 1479//1479
f 1479//1479 1486//1486 1482//1482
f 1479//1479 1485//1485 1486//1486
f 1486//1486 1485//1485 1483//1483
f 1486//1486 1483//1483 1482//1482
f 1487//1487 1383//1383 1259//1259
f 1487//1487 1493//1493 1383//1383
f 1383//1383 1493//1493 1481//1481
f 1481//1481 1488//1488 1484//1484
f 1484//1484 1489//1489 1485//1485
f 1489//1489 1390//1390 1485//1485
f 1263//1263 1389//1389 1387//1387
f 1389//1389 1487//1487 1387//1387
f 1490//1490 1487//1487 1389//1389
f 1487//1487 1491//1491 1493//1493
f 1487//1487 1490//1490 1491//1491
f 1488//1488 1496//1496 1484//1484
f 1488//1488 1481//1481 1496//1496
f 1484//1484 1492//1492 1489//1489
f 1484//1484 1496//1496 1492//1492
f 1492//1492 1388//1388 1390//1390
f 1492//1492 1390//1390 1489//1489
f 1493//1493 1491//1491 1490//1490
f 1481//1481 1493//1493 1583//1583
f 1494//1494 1481//1481 1583//1583
f 1494//1494 1496//1496 1481//1481
f 1492//1492 1391//1391 1388//1388
f 1495//1495 1389//1389 1501//1501
f 1389//1389 1495//1495 1498//1498
f 1490//1490 1389//1389 1498//1498
f 1496//1496 1391//1391 1492//1492
f 1498//1498 1501//1501 1497//1497
f 1498//1498 1495//1495 1501//1501
f 1496//1496 1494//1494 1499//1499
f 1393//1393 1501//1501 1266//1266
f 1497//1497 1501//1501 1588//1588
f 1496//1496 1503//1503 1391//1391
f 1499//1499 1503//1503 1496//1496
f 1393//1393 1500//1500 1501//1501
f 1499//1499 1502//1502 1503//1503
f 1503//1503 1394//1394 1391//1391
f 1397//1397 1500//1500 1393//1393
f 1502//1502 1395//1395 1394//1394
f 1502//1502 1394//1394 1503//1503
f 1505//1505 1500//1500 1397//1397
f 1504//1504 1398//1398 1395//1395
f 1504//1504 1395//1395 1502//1502
f 1399//1399 1508//1508 1397//1397
f 1505//1505 1397//1397 1508//1508
f 1504//1504 1595//1595 1506//1506
f 1506//1506 1509//1509 1398//1398
f 1506//1506 1398//1398 1504//1504
f 1272//1272 1507//1507 1508//1508
f 1272//1272 1508//1508 1399//1399
f 1595//1595 1509//1509 1506//1506
f 1595//1595 1510//1510 1509//1509
f 1400//1400 1507//1507 1272//1272
f 1513//1513 1508//1508 1507//1507
f 1510//1510 1511//1511 1509//1509
f 1511//1511 1401//1401 1509//1509
f 1400//1400 1513//1513 1507//1507
f 1400//1400 1512//1512 1513//1513
f 1511//1511 1510//1510 1402//1402
f 1511//1511 1402//1402 1401//1401
f 1404//1404 1512//1512 1400//1400
f 1513//1513 1512//1512 1515//1515
f 1514//1514 1516//1516 1510//1510
f 1516//1516 1405//1405 1402//1402
f 1516//1516 1402//1402 1510//1510
f 1512//1512 1404//1404 1274//1274
f 1514//1514 1406//1406 1405//1405
f 1514//1514 1405//1405 1516//1516
f 1519//1519 1512//1512 1274//1274
f 1517//1517 1406//1406 1514//1514
f 1407//1407 1519//1519 1408//1408
f 1519//1519 1518//1518 1512//1512
f 1524//1524 1410//1410 1406//1406
f 1524//1524 1406//1406 1517//1517
f 1407//1407 1521//1521 1519//1519
f 1517//1517 1520//1520 1523//1523
f 1517//1517 1522//1522 1524//1524
f 1521//1521 1527//1527 1519//1519
f 1519//1519 1604//1604 1518//1518
f 1522//1522 1517//1517 1523//1523
f 1411//1411 1526//1526 1521//1521
f 1521//1521 1526//1526 1527//1527
f 1522//1522 1525//1525 1524//1524
f 1525//1525 1412//1412 1410//1410
f 1525//1525 1410//1410 1524//1524
f 1526//1526 1530//1530 1527//1527
f 1526//1526 1529//1529 1530//1530
f 1608//1608 1527//1527 1530//1530
f 1522//1522 1528//1528 1532//1532
f 1522//1522 1531//1531 1525//1525
f 1522//1522 1532//1532 1531//1531
f 1531//1531 1412//1412 1525//1525
f 1533//1533 1529//1529 1526//1526
f 1532//1532 1414//1414 1412//1412
f 1532//1532 1412//1412 1531//1531
f 1529//1529 1533//1533 1616//1616
f 1530//1530 1529//1529 1616//1616
f 1532//1532 1415//1415 1414//1414
f 1533//1533 1534//1534 1616//1616
f 1528//1528 1535//1535 1532//1532
f 1535//1535 1415//1415 1532//1532
f 1535//1535 1419//1419 1415//1415
f 1417//1417 1538//1538 1533//1533
f 1417//1417 1533//1533 1418//1418
f 1537//1537 1422//1422 1419//1419
f 1537//1537 1419//1419 1535//1535
f 1420//1420 1538//1538 1417//1417
f 1537//1537 1539//1539 1422//1422
f 1421//1421 1538//1538 1420//1420
f 1537//1537 1536//1536 1539//1539
f 1539//1539 1423//1423 1422//1422
f 1420//1420 1540//1540 1421//1421
f 1538//1538 1421//1421 1540//1540
f 1539//1539 1536//1536 1629//1629
f 1539//1539 1629//1629 1543//1543
f 1539//1539 1543//1543 1541//1541
f 1541//1541 1423//1423 1539//1539
f 1542//1542 1540//1540 1420//1420
f 1543//1543 1425//1425 1423//1423
f 1543//1543 1423//1423 1541//1541
f 1546//1546 1542//1542 1424//1424
f 1545//1545 1425//1425 1543//1543
f 1292//1292 1546//1546 1424//1424
f 1546//1546 1547//1547 1542//1542
f 1544//1544 1542//1542 1547//1547
f 1548//1548 1550//1550 1295//1295
f 1548//1548 1295//1295 1545//1545
f 1426//1426 1546//1546 1292//1292
f 1549//1549 1547//1547 1546//1546
f 1427//1427 1546//1546 1426//1426
f 1546//1546 1427//1427 1549//1549
f 1551//1551 1428//1428 1550//1550
f 1551//1551 1550//1550 1552//1552
f 1551//1551 1296//1296 1428//1428
f 1640//1640 1549//1549 1427//1427
f 1552//1552 1553//1553 1551//1551
f 1552//1552 1554//1554 1553//1553
f 1553//1553 1431//1431 1296//1296
f 1553//1553 1296//1296 1551//1551
f 1427//1427 1641//1641 1640//1640
f 1554//1554 1432//1432 1431//1431
f 1554//1554 1431//1431 1553//1553
f 1187//1187 1555//1555 1429//1429
f 1427//1427 1429//1429 1555//1555
f 1430//1430 1555//1555 1187//1187
f 1556//1556 1432//1432 1554//1554
f 1433//1433 1555//1555 1430//1430
f 1556//1556 1434//1434 1432//1432
f 1190//1190 1555//1555 1433//1433
f 1190//1190 1558//1558 1555//1555
f 1557//1557 1435//1435 1434//1434
f 1557//1557 1434//1434 1556//1556
f 1436//1436 1558//1558 1190//1190
f 1557//1557 1438//1438 1435//1435
f 1558//1558 1436//1436 1561//1561
f 1559//1559 1560//1560 1438//1438
f 1559//1559 1438//1438 1557//1557
f 1437//1437 1561//1561 1436//1436
f 1559//1559 1557//1557 1560//1560
f 1440//1440 1561//1561 1437//1437
f 1562//1562 1439//1439 1560//1560
f 1565//1565 1561//1561 1440//1440
f 1560//1560 1564//1564 1562//1562
f 1562//1562 1302//1302 1439//1439
f 1440//1440 1563//1563 1565//1565
f 1564//1564 1442//1442 1302//1302
f 1564//1564 1302//1302 1562//1562
f 1441//1441 1563//1563 1440//1440
f 1565//1565 1563//1563 1441//1441
f 1565//1565 1441//1441 1566//1566
f 1564//1564 1444//1444 1442//1442
f 1446//1446 1569//1569 1441//1441
f 1446//1446 1441//1441 1443//1443
f 1566//1566 1441//1441 1569//1569
f 1567//1567 1445//1445 1444//1444
f 1567//1567 1444//1444 1564//1564
f 1447//1447 1569//1569 1446//1446
f 1566//1566 1569//1569 1568//1568
f 1666//1666 1448//1448 1445//1445
f 1666//1666 1445//1445 1567//1567
f 1664//1664 1447//1447 1306//1306
f 1664//1664 1569//1569 1447//1447
f 1667//1667 1570//1570 1448//1448
f 1667//1667 1448//1448 1666//1666
f 1309//1309 1449//1449 1306//1306
f 1664//1664 1306//1306 1449//1449
f 1729//1729 1572//1572 1450//1450
f 1729//1729 1450//1450 1570//1570
f 1202//1202 1571//1571 1449//1449
f 1574//1574 1571//1571 1202//1202
f 1201//1201 1453//1453 1574//1574
f 1573//1573 1452//1452 1572//1572
f 1454//1454 1574//1574 1453//1453
f 1575//1575 1452//1452 1573//1573
f 1455//1455 1576//1576 1454//1454
f 1573//1573 1577//1577 1575//1575
f 1577//1577 1456//1456 1575//1575
f 1579//1579 1578//1578 1314//1314
f 1314//1314 1578//1578 1455//1455
f 1578//1578 1576//1576 1455//1455
f 1581//1581 1582//1582 1577//1577
f 1577//1577 1582//1582 1456//1456
f 1579//1579 1458//1458 1580//1580
f 1461//1461 1580//1580 1458//1458
f 1459//1459 1679//1679 1461//1461
f 1679//1679 1459//1459 1581//1581
f 1581//1581 1459//1459 1460//1460
f 1581//1581 1460//1460 1315//1315
f 1581//1581 1315//1315 1582//1582
f 1582//1582 1315//1315 1456//1456
f 1583//1583 1493//1493 1490//1490
f 1490//1490 1584//1584 1583//1583
f 1583//1583 1584//1584 1494//1494
f 1497//1497 1490//1490 1498//1498
f 1497//1497 1585//1585 1490//1490
f 1585//1585 1586//1586 1490//1490
f 1585//1585 1497//1497 1586//1586
f 1490//1490 1587//1587 1584//1584
f 1490//1490 1586//1586 1587//1587
f 1584//1584 1587//1587 1494//1494
f 1587//1587 1499//1499 1494//1494
f 1500//1500 1588//1588 1501//1501
f 1588//1588 1589//1589 1497//1497
f 1497//1497 1589//1589 1592//1592
f 1497//1497 1590//1590 1586//1586
f 1497//1497 1592//1592 1590//1590
f 1587//1587 1502//1502 1499//1499
f 1586//1586 1504//1504 1502//1502
f 1586//1586 1502//1502 1587//1587
f 1500//1500 1505//1505 1588//1588
f 1588//1588 1591//1591 1589//1589
f 1590//1590 1504//1504 1586//1586
f 1508//1508 1596//1596 1505//1505
f 1505//1505 1596//1596 1588//1588
f 1592//1592 1593//1593 1590//1590
f 1593//1593 1595//1595 1504//1504
f 1593//1593 1504//1504 1590//1590
f 1596//1596 1594//1594 1588//1588
f 1588//1588 1597//1597 1591//1591
f 1588//1588 1594//1594 1597//1597
f 1589//1589 1595//1595 1592//1592
f 1589//1589 1591//1591 1595//1595
f 1592//1592 1595//1595 1593//1593
f 1513//1513 1596//1596 1508//1508
f 1591//1591 1597//1597 1595//1595
f 1597//1597 1598//1598 1595//1595
f 1598//1598 1514//1514 1510//1510
f 1598//1598 1510//1510 1595//1595
f 1515//1515 1596//1596 1513//1513
f 1599//1599 1596//1596 1515//1515
f 1594//1594 1596//1596 1599//1599
f 1594//1594 1599//1599 1597//1597
f 1597//1597 1514//1514 1598//1598
f 1512//1512 1599//1599 1515//1515
f 1599//1599 1602//1602 1597//1597
f 1597//1597 1601//1601 1600//1600
f 1597//1597 1602//1602 1601//1601
f 1600//1600 1517//1517 1514//1514
f 1600//1600 1514//1514 1597//1597
f 1518//1518 1599//1599 1512//1512
f 1601//1601 1517//1517 1600//1600
f 1599//1599 1518//1518 1602//1602
f 1602//1602 1520//1520 1517//1517
f 1602//1602 1517//1517 1601//1601
f 1604//1604 1603//1603 1518//1518
f 1518//1518 1605//1605 1602//1602
f 1518//1518 1603//1603 1605//1605
f 1602//1602 1523//1523 1520//1520
f 1605//1605 1614//1614 1602//1602
f 1602//1602 1606//1606 1523//1523
f 1614//1614 1606//1606 1602//1602
f 1606//1606 1522//1522 1523//1523
f 1527//1527 1604//1604 1519//1519
f 1605//1605 1603//1603 1614//1614
f 1606//1606 1528//1528 1522//1522
f 1604//1604 1609//1609 1603//1603
f 1604//1604 1607//1607 1609//1609
f 1603//1603 1609//1609 1614//1614
f 1608//1608 1604//1604 1527//1527
f 1604//1604 1610//1610 1607//1607
f 1604//1604 1608//1608 1610//1610
f 1614//1614 1612//1612 1606//1606
f 1612//1612 1528//1528 1606//1606
f 1608//1608 1530//1530 1610//1610
f 1607//1607 1611//1611 1609//1609
f 1609//1609 1611//1611 1614//1614
f 1610//1610 1613//1613 1607//1607
f 1607//1607 1613//1613 1611//1611
f 1611//1611 1613//1613 1614//1614
f 1614//1614 1621//1621 1612//1612
f 1621//1621 1528//1528 1612//1612
f 1610//1610 1530//1530 1613//1613
f 1613//1613 1617//1617 1614//1614
f 1614//1614 1620//1620 1621//1621
f 1614//1614 1617//1617 1620//1620
f 1621//1621 1535//1535 1528//1528
f 1533//1533 1615//1615 1534//1534
f 1615//1615 1616//1616 1534//1534
f 1621//1621 1537//1537 1535//1535
f 1538//1538 1615//1615 1533//1533
f 1615//1615 1622//1622 1616//1616
f 1616//1616 1618//1618 1530//1530
f 1616//1616 1622//1622 1618//1618
f 1530//1530 1618//1618 1613//1613
f 1621//1621 1536//1536 1537//1537
f 1538//1538 1619//1619 1615//1615
f 1618//1618 1681//1681 1613//1613
f 1613//1613 1620//1620 1617//1617
f 1613//1613 1681//1681 1620//1620
f 1620//1620 1623//1623 1621//1621
f 1623//1623 1536//1536 1621//1621
f 1540//1540 1619//1619 1538//1538
f 1619//1619 1625//1625 1615//1615
f 1615//1615 1625//1625 1622//1622
f 1681//1681 1624//1624 1620//1620
f 1620//1620 1536//1536 1623//1623
f 1620//1620 1624//1624 1536//1536
f 1619//1619 1540//1540 1625//1625
f 1626//1626 1622//1622 1625//1625
f 1624//1624 1629//1629 1536//1536
f 1540//1540 1631//1631 1625//1625
f 1632//1632 1624//1624 1627//1627
f 1624//1624 1628//1628 1629//1629
f 1624//1624 1632//1632 1628//1628
f 1629//1629 1545//1545 1543//1543
f 1544//1544 1630//1630 1540//1540
f 1544//1544 1540//1540 1542//1542
f 1540//1540 1630//1630 1631//1631
f 1547//1547 1630//1630 1544//1544
f 1628//1628 1635//1635 1629//1629
f 1635//1635 1548//1548 1545//1545
f 1635//1635 1545//1545 1629//1629
f 1631//1631 1630//1630 1634//1634
f 1632//1632 1627//1627 1633//1633
f 1635//1635 1550//1550 1548//1548
f 1549//1549 1637//1637 1630//1630
f 1549//1549 1630//1630 1547//1547
f 1636//1636 1632//1632 1633//1633
f 1636//1636 1628//1628 1632//1632
f 1628//1628 1636//1636 1635//1635
f 1636//1636 1550//1550 1635//1635
f 1634//1634 1630//1630 1689//1689
f 1689//1689 1630//1630 1637//1637
f 1638//1638 1552//1552 1550//1550
f 1638//1638 1550//1550 1636//1636
f 1640//1640 1637//1637 1549//1549
f 1636//1636 1633//1633 1639//1639
f 1636//1636 1552//1552 1638//1638
f 1640//1640 1694//1694 1637//1637
f 1689//1689 1637//1637 1694//1694
f 1636//1636 1639//1639 1691//1691
f 1555//1555 1641//1641 1427//1427
f 1694//1694 1640//1640 1641//1641
f 1636//1636 1691//1691 1643//1643
f 1636//1636 1643//1643 1552//1552
f 1644//1644 1554//1554 1552//1552
f 1643//1643 1644//1644 1552//1552
f 1555//1555 1642//1642 1641//1641
f 1644//1644 1556//1556 1554//1554
f 1645//1645 1641//1641 1642//1642
f 1643//1643 1691//1691 1647//1647
f 1643//1643 1646//1646 1644//1644
f 1646//1646 1556//1556 1644//1644
f 1645//1645 1642//1642 1648//1648
f 1646//1646 1557//1557 1556//1556
f 1558//1558 1650//1650 1642//1642
f 1558//1558 1642//1642 1555//1555
f 1643//1643 1647//1647 1651//1651
f 1643//1643 1649//1649 1646//1646
f 1643//1643 1651//1651 1649//1649
f 1649//1649 1557//1557 1646//1646
f 1648//1648 1642//1642 1709//1709
f 1709//1709 1642//1642 1650//1650
f 1651//1651 1557//1557 1649//1649
f 1561//1561 1650//1650 1558//1558
f 1709//1709 1650//1650 1653//1653
f 1651//1651 1647//1647 1708//1708
f 1652//1652 1560//1560 1557//1557
f 1652//1652 1557//1557 1651//1651
f 1650//1650 1656//1656 1653//1653
f 1708//1708 1654//1654 1651//1651
f 1655//1655 1651//1651 1654//1654
f 1655//1655 1652//1652 1651//1651
f 1655//1655 1560//1560 1652//1652
f 1565//1565 1650//1650 1561//1561
f 1650//1650 1565//1565 1656//1656
f 1657//1657 1564//1564 1560//1560
f 1655//1655 1657//1657 1560//1560
f 1658//1658 1657//1657 1655//1655
f 1565//1565 1716//1716 1656//1656
f 1565//1565 1659//1659 1716//1716
f 1658//1658 1564//1564 1657//1657
f 1566//1566 1659//1659 1565//1565
f 1658//1658 1655//1655 1662//1662
f 1658//1658 1567//1567 1564//1564
f 1659//1659 1566//1566 1661//1661
f 1662//1662 1655//1655 1660//1660
f 1662//1662 1567//1567 1658//1658
f 1568//1568 1665//1665 1566//1566
f 1661//1661 1566//1566 1665//1665
f 1662//1662 1660//1660 1663//1663
f 1663//1663 1666//1666 1567//1567
f 1663//1663 1567//1567 1662//1662
f 1665//1665 1568//1568 1569//1569
f 1664//1664 1665//1665 1569//1569
f 1666//1666 1663//1663 1667//1667
f 1449//1449 1669//1669 1664//1664
f 1664//1664 1669//1669 1668//1668
f 1571//1571 1669//1669 1449//1449
f 1729//1729 1570//1570 1667//1667
f 1574//1574 1669//1669 1571//1571
f 1674//1674 1669//1669 1574//1574
f 1671//1671 1729//1729 1670//1670
f 1671//1671 1672//1672 1729//1729
f 1672//1672 1573//1573 1572//1572
f 1672//1672 1572//1572 1729//1729
f 1574//1574 1673//1673 1674//1674
f 1574//1574 1454//1454 1673//1673
f 1672//1672 1671//1671 1573//1573
f 1673//1673 1454//1454 1674//1674
f 1675//1675 1671//1671 1670//1670
f 1675//1675 1573//1573 1671//1671
f 1578//1578 1454//1454 1576//1576
f 1674//1674 1454//1454 1736//1736
f 1454//1454 1676//1676 1736//1736
f 1454//1454 1578//1578 1676//1676
f 1678//1678 1738//1738 1677//1677
f 1675//1675 1678//1678 1577//1577
f 1675//1675 1577//1577 1573//1573
f 1578//1578 1579//1579 1676//1676
f 1676//1676 1579//1579 1580//1580
f 1677//1677 1676//1676 1580//1580
f 1678//1678 1679//1679 1581//1581
f 1677//1677 1679//1679 1678//1678
f 1678//1678 1581//1581 1577//1577
f 1461//1461 1677//1677 1580//1580
f 1677//1677 1461//1461 1679//1679
f 1618//1618 1680//1680 1681//1681
f 1622//1622 1682//1682 1680//1680
f 1622//1622 1680//1680 1618//1618
f 1680//1680 1682//1682 1681//1681
f 1626//1626 1682//1682 1622//1622
f 1681//1681 1683//1683 1624//1624
f 1682//1682 1683//1683 1681//1681
f 1684//1684 1682//1682 1626//1626
f 1682//1682 1627//1627 1624//1624
f 1682//1682 1624//1624 1683//1683
f 1631//1631 1688//1688 1626//1626
f 1631//1631 1626//1626 1625//1625
f 1684//1684 1627//1627 1682//1682
f 1626//1626 1685//1685 1684//1684
f 1684//1684 1685//1685 1687//1687
f 1687//1687 1627//1627 1684//1684
f 1634//1634 1688//1688 1631//1631
f 1688//1688 1686//1686 1626//1626
f 1626//1626 1686//1686 1685//1685
f 1687//1687 1633//1633 1627//1627
f 1686//1686 1690//1690 1685//1685
f 1685//1685 1690//1690 1687//1687
f 1689//1689 1688//1688 1634//1634
f 1691//1691 1633//1633 1687//1687
f 1688//1688 1689//1689 1686//1686
f 1690//1690 1693//1693 1687//1687
f 1687//1687 1693//1693 1691//1691
f 1691//1691 1639//1639 1633//1633
f 1689//1689 1694//1694 1686//1686
f 1686//1686 1692//1692 1690//1690
f 1690//1690 1692//1692 1693//1693
f 1641//1641 1695//1695 1694//1694
f 1693//1693 1692//1692 1691//1691
f 1645//1645 1695//1695 1641//1641
f 1694//1694 1696//1696 1686//1686
f 1686//1686 1697//1697 1692//1692
f 1686//1686 1696//1696 1697//1697
f 1692//1692 1698//1698 1691//1691
f 1695//1695 1699//1699 1694//1694
f 1694//1694 1699//1699 1696//1696
f 1692//1692 1697//1697 1698//1698
f 1698//1698 1647//1647 1691//1691
f 1645//1645 1701//1701 1695//1695
f 1648//1648 1700//1700 1645//1645
f 1645//1645 1700//1700 1701//1701
f 1697//1697 1703//1703 1698//1698
f 1703//1703 1647//1647 1698//1698
f 1709//1709 1700//1700 1648//1648
f 1701//1701 1702//1702 1695//1695
f 1695//1695 1702//1702 1699//1699
f 1696//1696 1705//1705 1697//1697
f 1696//1696 1699//1699 1705//1705
f 1697//1697 1705//1705 1703//1703
f 1700//1700 1704//1704 1701//1701
f 1699//1699 1702//1702 1705//1705
f 1703//1703 1708//1708 1647//1647
f 1700//1700 1709//1709 1704//1704
f 1701//1701 1710//1710 1702//1702
f 1705//1705 1708//1708 1703//1703
f 1704//1704 1706//1706 1701//1701
f 1701//1701 1706//1706 1710//1710
f 1702//1702 1707//1707 1705//1705
f 1705//1705 1707//1707 1708//1708
f 1708//1708 1655//1655 1654//1654
f 1656//1656 1709//1709 1653//1653
f 1709//1709 1711//1711 1704//1704
f 1706//1706 1704//1704 1710//1710
f 1710//1710 1707//1707 1702//1702
f 1707//1707 1714//1714 1708//1708
f 1708//1708 1714//1714 1715//1715
f 1715//1715 1655//1655 1708//1708
f 1709//1709 1656//1656 1711//1711
f 1712//1712 1656//1656 1716//1716
f 1656//1656 1712//1712 1711//1711
f 1711//1711 1712//1712 1704//1704
f 1710//1710 1713//1713 1707//1707
f 1707//1707 1713//1713 1718//1718
f 1707//1707 1718//1718 1714//1714
f 1710//1710 1712//1712 1717//1717
f 1710//1710 1704//1704 1712//1712
f 1714//1714 1719//1719 1715//1715
f 1714//1714 1718//1718 1719//1719
f 1719//1719 1655//1655 1715//1715
f 1661//1661 1722//1722 1716//1716
f 1661//1661 1716//1716 1659//1659
f 1716//1716 1743//1743 1712//1712
f 1739//1739 1718//1718 1713//1713
f 1719//1719 1660//1660 1655//1655
f 1722//1722 1720//1720 1716//1716
f 1716//1716 1720//1720 1743//1743
f 1739//1739 1721//1721 1718//1718
f 1742//1742 1718//1718 1721//1721
f 1718//1718 1723//1723 1719//1719
f 1718//1718 1742//1742 1723//1723
f 1719//1719 1663//1663 1660//1660
f 1665//1665 1722//1722 1661//1661
f 1720//1720 1724//1724 1743//1743
f 1723//1723 1663//1663 1719//1719
f 1665//1665 1724//1724 1722//1722
f 1720//1720 1722//1722 1724//1724
f 1668//1668 1665//1665 1664//1664
f 1742//1742 1725//1725 1723//1723
f 1726//1726 1723//1723 1725//1725
f 1723//1723 1727//1727 1663//1663
f 1723//1723 1726//1726 1727//1727
f 1727//1727 1729//1729 1667//1667
f 1727//1727 1667//1667 1663//1663
f 1668//1668 1728//1728 1665//1665
f 1724//1724 1665//1665 1728//1728
f 1726//1726 1729//1729 1727//1727
f 1726//1726 1730//1730 1729//1729
f 1730//1730 1731//1731 1729//1729
f 1731//1731 1670//1670 1729//1729
f 1668//1668 1669//1669 1732//1732
f 1731//1731 1730//1730 1670//1670
f 1669//1669 1674//1674 1732//1732
f 1733//1733 1735//1735 1730//1730
f 1735//1735 1670//1670 1730//1730
f 1674//1674 1737//1737 1732//1732
f 1674//1674 1736//1736 1737//1737
f 1732//1732 1737//1737 1734//1734
f 1734//1734 1738//1738 1733//1733
f 1733//1733 1678//1678 1675//1675
f 1733//1733 1675//1675 1735//1735
f 1735//1735 1675//1675 1670//1670
f 1736//1736 1676//1676 1737//1737
f 1737//1737 1676//1676 1677//1677
f 1737//1737 1677//1677 1734//1734
f 1734//1734 1677//1677 1738//1738
f 1733//1733 1738//1738 1678//1678
f 1717//1717 1713//1713 1710//1710
f 1717//1717 1739//1739 1713//1713
f 1741//1741 1739//1739 1717//1717
f 1743//1743 1740//1740 1717//1717
f 1743//1743 1717//1717 1712//1712
f 1717//1717 1740//1740 1741//1741
f 1742//1742 1721//1721 1739//1739
f 1741//1741 1742//1742 1739//1739
f 1743//1743 1744//1744 1740//1740
f 1740//1740 1744//1744 1741//1741
f 1724//1724 1745//1745 1743//1743
f 1744//1744 1748//1748 1741//1741
f 1748//1748 1742//1742 1741//1741
f 1745//1745 1746//1746 1743//1743
f 1745//1745 1724//1724 1746//1746
f 1743//1743 1747//1747 1744//1744
f 1743//1743 1746//1746 1747//1747
f 1744//1744 1747//1747 1748//1748
f 1748//1748 1725//1725 1742//1742
f 1748//1748 1726//1726 1725//1725
f 1728//1728 1749//1749 1724//1724
f 1724//1724 1749//1749 1750//1750
f 1724//1724 1750//1750 1746//1746
f 1748//1748 1747//1747 1751//1751
f 1751//1751 1726//1726 1748//1748
f 1668//1668 1749//1749 1728//1728
f 1751//1751 1747//1747 1730//1730
f 1751//1751 1730//1730 1726//1726
f 1732//1732 1749//1749 1668//1668
f 1734//1734 1749//1749 1732//1732
f 1750//1750 1749//1749 1746//1746
f 1746//1746 1752//1752 1747//1747
f 1752//1752 1730//1730 1747//1747
f 1749//1749 1734//1734 1746//1746
f 1746//1746 1734//1734 1733//1733
f 1746//1746 1733//1733 1752//1752
f 1752//1752 1733//1733 1730//1730
o boots
usemtl boots
v -0.0613 -0.8778 -0.0030
v -0.0622 -0.8743 0.0094
v -0.0612 -0.8776 0.0172
v -0.0605 -0.8707 -0.0336
v -0.0606 -0.8771 -0.0191
v -0.0601 -0.8742 0.0335
v 0.0022 -0.8820 -0.0741
v -0.0209 -0.8764 -0.0883
v -0.0199 -0.8767 -0.0830
v -0.0197 -0.8767 -0.0784
v -0.0197 -0.8767 -0.0740
v -0.0197 -0.8767 -0.0696
v -0.0197 -0.8767 -0.0651
v -0.0197 -0.8767 -0.0607
v -0.0197 -0.8767 -0.0562
v -0.0197 -0.8767 -0.0518
v -0.0197 -0.8767 -0.0474
v -0.0191 -0.8769 -0.0427
v -0.0278 -0.8745 -0.0409
v -0.0464 -0.8715 -0.0429
v -0.0619 -0.8657 -0.0414
v -0.0594 -0.8727 0.0514
v -0.0213 -0.8710 -0.0930
v -0.0738 -0.8558 -0.1287
v -0.0705 -0.8570 -0.1150
v -0.0702 -0.8569 -0.0621
v -0.0601 -0.8597 0.0462
v -0.0220 -0.8661 -0.0935
v -0.0793 -0.8410 -0.1326
v -0.0644 -0.8628 -0.0022
v -0.0621 -0.8665 0.0240
v -0.0224 -0.8615 -0.0938
v -0.0705 -0.8433 -0.1112
v -0.0704 -0.8435 -0.0687
v 0.0070 -0.8701 -0.0701
v -0.0227 -0.8579 -0.0897
v -0.0217 -0.8582 -0.0845
v -0.0197 -0.8589 -0.0784
v -0.0196 -0.8590 -0.0739
v -0.0197 -0.8589 -0.0695
v -0.0197 -0.8589 -0.0651
v -0.0197 -0.8589 -0.0607
v -0.0197 -0.8589 -0.0562
v -0.0197 -0.8589 -0.0518
v -0.0196 -0.8590 -0.0473
v -0.0190 -0.8592 -0.0427
v -0.0279 -0.8550 -0.0412
v -0.0638 -0.8349 -0.0427
v -0.0607 -0.8463 -0.0418
v -0.0654 -0.8526 -0.0037
v -0.0650 -0.8497 0.0049
v -0.0594 -0.8338 0.0509
v -0.0467 -0.8435 -0.0427
v -0.0616 -0.8316 -0.0329
v -0.0645 -0.8329 -0.0129
v -0.0646 -0.8541 0.0111
v -0.0652 -0.8317 -0.0477
v -0.0648 -0.8314 -0.0015
v -0.0637 -0.8312 0.0157
v -0.0637 -0.8261 0.0147
v -0.0621 -0.8308 0.0278
v -0.0602 -0.8040 -0.0088
v -0.0619 -0.8107 0.0015
v -0.0602 -0.8078 0.0130
v -0.0612 -0.8040 -0.0009
v -0.0555 -0.8892 -0.0086
v -0.0555 -0.8894 0.0054
v -0.0538 -0.8848 -0.1379
v -0.0575 -0.8818 -0.1345
v -0.0566 -0.8839 -0.0816
v -0.0543 -0.8881 -0.0774
v -0.0566 -0.8839 -0.0643
v -0.0553 -0.8868 -0.0348
v -0.0543 -0.8889 -0.0295
v -0.0542 -0.8897 0.0246
v -0.0569 -0.8842 0.0283
v -0.0565 -0.8844 0.0451
v -0.0549 -0.8874 0.0516
v -0.0639 -0.8765 -0.0848
v -0.0533 -0.8899 -0.0642
v -0.0542 -0.8888 -0.0566
v -0.0557 -0.8862 -0.0366
v -0.0589 -0.8812 -0.0201
v -0.0530 -0.8865 0.0587
v -0.0690 -0.8708 -0.1317
v -0.0688 -0.8687 -0.1318
v -0.0707 -0.8689 -0.1266
v -0.0701 -0.8690 -0.1132
v -0.0702 -0.8690 -0.0995
v -0.0669 -0.8705 -0.0557
v -0.0518 -0.8690 -0.1232
v -0.0545 -0.8730 0.0662
v -0.0569 -0.8719 -0.1418
v -0.0712 -0.8556 -0.1394
v -0.0538 -0.8447 0.0669
v -0.0702 -0.8391 -0.1387
v -0.0587 -0.8355 0.0555
v -0.0524 -0.8396 -0.1179
v -0.0714 -0.8309 -0.1269
v -0.0716 -0.8307 -0.1196
v -0.0704 -0.8312 -0.0623
v -0.0577 -0.8395 -0.1399
v -0.0547 -0.8247 -0.1408
v -0.0574 -0.8234 -0.1057
v -0.0586 -0.8243 -0.0414
v -0.0597 -0.8298 0.0440
v -0.0552 -0.8239 0.0591
v -0.0550 -0.8189 -0.0951
v -0.0573 -0.8237 -0.0540
v -0.0597 -0.8224 0.0321
v -0.0572 -0.8199 0.0429
v -0.0489 -0.8103 -0.1320
v -0.0599 -0.8259 -0.1237
v -0.0533 -0.8157 -0.0906
v -0.0506 -0.8110 -0.0730
v -0.0520 -0.8136 -0.0572
v -0.0515 -0.8112 -0.0471
v -0.0555 -0.8119 -0.0346
v -0.0606 -0.8182 -0.0228
v -0.0578 -0.8127 0.0281
v -0.0549 -0.8120 0.0367
v -0.0533 -0.8186 0.0579
v -0.0532 -0.8082 -0.0365
v -0.0594 -0.8066 -0.0156
v -0.0572 -0.8041 0.0221
v -0.0500 -0.7998 0.0356
v -0.0549 -0.7920 -0.0234
v -0.0578 -0.7979 -0.0173
v -0.0599 -0.7948 -0.0042
v -0.0583 -0.7895 0.0149
v -0.0540 -0.7705 0.0250
v -0.0555 -0.7691 -0.0223
v -0.0600 -0.7599 0.0037
v -0.0582 -0.7590 0.0150
v -0.0552 -0.7443 -0.0211
v -0.0598 -0.7473 -0.0063
v -0.0586 -0.7480 0.0101
v -0.0595 -0.7451 -0.0077
v -0.0556 -0.7413 0.0189
v -0.0561 -0.7341 -0.0066
v -0.0524 -0.7280 0.0094
v -0.0479 -0.8964 -0.1143
v -0.0479 -0.8964 -0.0405
v -0.0496 -0.8950 -0.0308
v -0.0489 -0.8966 -0.0166
v -0.0508 -0.8954 0.0066
v -0.0473 -0.8983 0.0124
v -0.0488 -0.8957 0.0311
v -0.0508 -0.8933 -0.1269
v -0.0524 -0.8911 -0.1062
v -0.0524 -0.8911 -0.0989
v -0.0524 -0.8911 -0.0882
v -0.0524 -0.8911 -0.0762
v -0.0524 -0.8911 -0.0567
v -0.0524 -0.8916 -0.0277
v -0.0526 -0.8911 0.0318
v -0.0483 -0.8957 0.0505
v -0.0485 -0.8875 0.0654
v -0.0463 -0.8866 -0.1494
v -0.0482 -0.8735 -0.1535
v -0.0510 -0.8541 -0.1502
v -0.0485 -0.8382 -0.1534
v -0.0486 -0.8311 0.0733
v -0.0475 -0.8268 -0.1525
v -0.0521 -0.8139 -0.0984
v -0.0507 -0.8123 -0.0773
v -0.0492 -0.8136 -0.1386
v -0.0466 -0.8079 -0.1085
v -0.0443 -0.8059 -0.0871
v -0.0419 -0.7995 -0.0487
v -0.0476 -0.8006 -0.0407
v -0.0504 -0.7961 -0.0331
v -0.0490 -0.7865 -0.0332
v -0.0522 -0.7765 0.0288
v -0.0518 -0.7653 -0.0287
v -0.0537 -0.7410 -0.0230
v -0.0507 -0.7522 0.0306
v -0.0478 -0.7518 -0.0345
v -0.0510 -0.7333 0.0216
v -0.0479 -0.7267 0.0197
v -0.0487 -0.7216 -0.0050
v -0.0432 -0.7144 0.0010
v -0.0447 -0.9010 -0.0117
v -0.0430 -0.9017 -0.0081
v -0.0425 -0.9019 0.0116
v -0.0409 -0.9019 0.0184
v -0.0402 -0.8977 -0.1431
v -0.0457 -0.8976 -0.1355
v -0.0450 -0.8994 -0.1241
v -0.0433 -0.9004 -0.1075
v -0.0433 -0.9004 -0.0983
v -0.0433 -0.9004 -0.0662
v -0.0434 -0.9004 -0.0313
v -0.0441 -0.8995 0.0512
v -0.0421 -0.8916 -0.1481
v -0.0439 -0.8900 0.0679
v -0.0393 -0.8786 -0.1586
v -0.0486 -0.8808 0.0712
v -0.0452 -0.8495 0.0760
v -0.0406 -0.8376 -0.1596
v -0.0438 -0.8235 0.0739
v -0.0485 -0.8182 -0.1452
v -0.0425 -0.8144 -0.1486
v -0.0386 -0.8025 -0.1338
v -0.0447 -0.7983 0.0430
v -0.0431 -0.7955 -0.0432
v -0.0441 -0.7926 0.0405
v -0.0486 -0.7555 0.0337
v -0.0380 -0.7792 0.0443
v -0.0461 -0.7562 -0.0368
v -0.0351 -0.7452 -0.0464
v -0.0415 -0.7341 -0.0363
v -0.0466 -0.7392 0.0327
v -0.0459 -0.7312 -0.0287
v -0.0413 -0.7249 -0.0282
v -0.0457 -0.7202 -0.0148
v -0.0411 -0.7176 0.0186
v -0.0438 -0.7239 0.0237
v -0.0389 -0.9019 -0.1326
v -0.0401 -0.9019 -0.1216
v -0.0396 -0.9019 -0.0460
v -0.0402 -0.9018 -0.0452
v -0.0406 -0.9020 -0.0280
v -0.0305 -0.9018 -0.0221
v -0.0423 -0.9016 0.0220
v -0.0395 -0.9019 0.0501
v -0.0402 -0.8962 0.0650
v -0.0370 -0.8902 0.0742
v -0.0412 -0.8742 0.0794
v -0.0364 -0.8662 -0.1622
v -0.0339 -0.8386 -0.1628
v -0.0374 -0.8333 -0.1608
v -0.0361 -0.8335 0.0820
v -0.0347 -0.8250 -0.1607
v -0.0453 -0.8193 0.0702
v -0.0341 -0.8099 -0.1504
v -0.0372 -0.8126 0.0707
v -0.0312 -0.8127 0.0742
v -0.0406 -0.8045 0.0577
v -0.0380 -0.8100 0.0680
v -0.0413 -0.8038 -0.1224
v -0.0292 -0.7979 -0.0622
v -0.0405 -0.8025 -0.0594
v -0.0424 -0.8010 0.0495
v -0.0381 -0.7796 -0.0442
v -0.0366 -0.7859 0.0457
v -0.0374 -0.7623 -0.0445
v -0.0399 -0.7632 0.0428
v -0.0342 -0.7542 -0.0467
v -0.0290 -0.7411 -0.0484
v -0.0395 -0.7294 0.0346
v -0.0358 -0.7224 -0.0321
v -0.0347 -0.7222 -0.0336
v -0.0374 -0.7105 0.0043
v -0.0348 -0.9019 -0.1399
v -0.0302 -0.9018 -0.0465
v -0.0300 -0.9018 -0.0074
v -0.0300 -0.9018 0.0185
v -0.0400 -0.9019 0.0364
v -0.0336 -0.9018 0.0617
v -0.0331 -0.8974 -0.1497
v -0.0280 -0.8881 0.0790
v -0.0283 -0.8825 -0.1619
v -0.0334 -0.8232 0.0802
v -0.0281 -0.8005 -0.1379
v -0.0361 -0.8009 -0.0857
v -0.0286 -0.7998 0.0611
v -0.0291 -0.7935 0.0538
v -0.0307 -0.7992 -0.1121
v -0.0309 -0.7992 -0.0867
v -0.0300 -0.7933 -0.0538
v -0.0372 -0.7868 -0.0457
v -0.0326 -0.7413 0.0458
v -0.0308 -0.7357 0.0454
v -0.0301 -0.7244 0.0382
v -0.0380 -0.7194 -0.0275
v -0.0356 -0.7227 0.0327
v -0.0316 -0.7098 -0.0172
v -0.0362 -0.7104 0.0100
v -0.0269 -0.9019 -0.1442
v -0.0296 -0.9018 -0.1112
v -0.0240 -0.9018 -0.0345
v -0.0300 -0.9018 -0.0045
v -0.0233 -0.9018 0.0662
v -0.0270 -0.9019 0.0612
v -0.0281 -0.8897 -0.1581
v -0.0284 -0.8741 -0.1643
v -0.0219 -0.8538 -0.1650
v -0.0243 -0.8295 -0.1637
v -0.0263 -0.8206 0.0811
v -0.0256 -0.8082 -0.1518
v -0.0243 -0.7982 -0.1243
v -0.0258 -0.7982 -0.1219
v -0.0308 -0.7817 -0.0490
v -0.0247 -0.7870 0.0519
v -0.0215 -0.7557 -0.0526
v -0.0403 -0.7450 0.0421
v -0.0258 -0.7355 -0.0473
v -0.0250 -0.7302 -0.0451
v -0.0237 -0.7219 0.0403
v -0.0273 -0.7103 0.0240
v -0.0250 -0.7154 0.0327
v -0.0250 -0.7082 -0.0213
v -0.0274 -0.7044 -0.0032
v -0.0251 -0.7045 0.0086
v -0.0229 -0.7036 0.0101
v -0.0167 -0.9018 -0.1177
v -0.0167 -0.9018 -0.0388
v -0.0174 -0.9018 -0.0375
v -0.0175 -0.9018 -0.0315
v -0.0194 -0.9018 0.0502
v -0.0204 -0.9018 -0.1466
v -0.0178 -0.8992 0.0700
v -0.0198 -0.8942 -0.1551
v -0.0179 -0.8417 -0.1651
v -0.0213 -0.8324 -0.1646
v -0.0264 -0.8175 -0.1595
v -0.0180 -0.8164 -0.1588
v -0.0260 -0.8101 0.0736
v -0.0292 -0.7992 -0.1348
v -0.0181 -0.7978 -0.0764
v -0.0207 -0.7974 -0.0682
v -0.0199 -0.7918 -0.0570
v -0.0164 -0.7913 0.0566
v -0.0192 -0.7805 -0.0534
v -0.0183 -0.7765 0.0534
v -0.0112 -0.7506 0.0552
v -0.0127 -0.7423 -0.0533
v -0.0217 -0.7398 0.0505
v -0.0148 -0.7231 0.0439
v -0.0201 -0.7226 -0.0424
v -0.0169 -0.7040 -0.0179
v -0.0200 -0.7092 0.0268
v -0.0209 -0.7020 -0.0049
v -0.0141 -0.7035 0.0181
v -0.0102 -0.9019 -0.1450
v -0.0166 -0.9018 -0.1302
v -0.0176 -0.9018 -0.0970
v -0.0172 -0.9018 -0.0626
v -0.0173 -0.9018 -0.0156
v -0.0161 -0.9018 -0.0115
v -0.0174 -0.9018 0.0153
v -0.0099 -0.9018 0.0562
v -0.0192 -0.8851 -0.1612
v -0.0181 -0.8878 0.0799
v -0.0053 -0.8658 -0.1651
v -0.0219 -0.8423 0.0850
v -0.0060 -0.8194 -0.1607
v -0.0187 -0.8182 0.0800
v -0.0185 -0.8056 -0.1493
v -0.0127 -0.7995 0.0632
v -0.0200 -0.7978 -0.1262
v -0.0117 -0.7879 0.0559
v -0.0018 -0.7900 -0.0572
v -0.0157 -0.7815 0.0542
v -0.0152 -0.7666 -0.0542
v -0.0244 -0.7644 0.0521
v -0.0207 -0.7522 -0.0535
v -0.0063 -0.7402 -0.0533
v -0.0023 -0.7357 -0.0520
v -0.0118 -0.7313 0.0493
v -0.0121 -0.7167 -0.0389
v -0.0222 -0.7117 -0.0301
v -0.0120 -0.7077 -0.0271
v -0.0134 -0.7026 -0.0156
v -0.0061 -0.9018 -0.1068
v -0.0044 -0.9018 -0.0380
v -0.0025 -0.9018 -0.0120
v -0.0023 -0.9018 0.0074
v -0.0022 -0.9018 0.0302
v 0.0179 -0.9018 0.0501
v -0.0070 -0.9018 0.0415
v -0.0126 -0.9014 0.0666
v -0.0082 -0.8993 -0.1498
v 0.0017 -0.8946 0.0747
v -0.0027 -0.8849 -0.1612
v 0.0180 -0.8811 -0.1625
v -0.0289 -0.8769 0.0836
v 0.0104 -0.8658 0.0851
v -0.0180 -0.8473 -0.1650
v -0.0245 -0.8658 0.0849
v 0.0071 -0.8371 -0.1651
v -0.0313 -0.8272 0.0829
v 0.0133 -0.8281 -0.1638
v 0.0002 -0.8165 0.0790
v -0.0071 -0.8112 -0.1549
v -0.0190 -0.8089 0.0727
v -0.0016 -0.8047 -0.1477
v -0.0084 -0.7977 -0.1234
v -0.0069 -0.7964 -0.0653
v -0.0057 -0.7961 0.0606
v -0.0067 -0.7914 -0.0585
v -0.0061 -0.7886 0.0559
v -0.0055 -0.7725 -0.0551
v -0.0145 -0.7551 0.0545
v -0.0102 -0.7368 -0.0517
v -0.0073 -0.7202 0.0426
v -0.0028 -0.7250 0.0463
v -0.0051 -0.7201 -0.0429
v -0.0121 -0.7134 0.0358
v 0.0006 -0.7161 0.0389
v -0.0057 -0.7088 -0.0304
v 0.0042 -0.7084 0.0287
v -0.0037 -0.7033 -0.0195
v -0.0099 -0.7001 0.0066
v -0.0053 -0.9017 -0.1457
v -0.0054 -0.9018 -0.1182
v 0.0000 -0.9018 -0.0707
v -0.0061 -0.9018 -0.0608
v 0.0183 -0.9018 -0.0378
v 0.0057 -0.9018 -0.0439
v 0.0062 -0.9018 -0.0338
v -0.0000 -0.9018 -0.0040
v 0.0053 -0.9018 0.0502
v -0.0007 -0.9018 0.0545
v 0.0024 -0.9020 0.0617
v 0.0066 -0.8992 -0.1500
v 0.0019 -0.8957 0.0737
v -0.0048 -0.8925 -0.1564
v 0.0025 -0.8903 0.0781
v 0.0038 -0.8825 0.0823
v 0.0000 -0.8719 0.0847
v 0.0135 -0.8631 -0.1650
v -0.0002 -0.8296 0.0841
v 0.0078 -0.8217 -0.1617
v -0.0033 -0.8077 -0.1514
v -0.0000 -0.8043 -0.1469
v 0.0018 -0.8003 -0.1391
v -0.0034 -0.8007 0.0646
v -0.0186 -0.7990 -0.1356
v -0.0062 -0.7979 -0.1275
v -0.0060 -0.7978 -0.0997
v -0.0039 -0.7976 -0.0701
v -0.0029 -0.7672 0.0550
v 0.0024 -0.7614 -0.0545
v 0.0024 -0.7527 -0.0547
v 0.0012 -0.7462 0.0546
v 0.0099 -0.7338 -0.0489
v -0.0084 -0.7331 0.0507
v 0.0043 -0.7276 -0.0470
v -0.0006 -0.7313 0.0495
v 0.0000 -0.7165 -0.0392
v 0.0043 -0.7092 -0.0294
v 0.0036 -0.7029 -0.0166
v -0.0009 -0.6999 -0.0034
v 0.0029 -0.9018 -0.1452
v 0.0065 -0.9018 -0.1300
v 0.0067 -0.9018 -0.1235
v 0.0060 -0.9018 -0.1098
v 0.0060 -0.9018 -0.0705
v 0.0060 -0.9018 -0.0539
v 0.0071 -0.9018 -0.0101
v 0.0063 -0.9018 0.0100
v 0.0092 -0.9012 0.0673
v 0.0070 -0.8857 -0.1609
v 0.0168 -0.8364 -0.1646
v -0.0238 -0.8359 0.0849
v 0.0012 -0.8087 -0.1537
v 0.0148 -0.7984 -0.1329
v 0.0060 -0.7977 -0.1108
v 0.0133 -0.7979 -0.0728
v 0.0103 -0.7964 0.0595
v 0.0034 -0.7891 0.0561
v 0.0091 -0.7763 -0.0532
v 0.0069 -0.7333 0.0493
v 0.0103 -0.7249 0.0436
v 0.0047 -0.7213 -0.0425
v 0.0046 -0.7164 0.0382
v 0.0041 -0.7127 -0.0342
v -0.0019 -0.7076 0.0290
v 0.0060 -0.7073 0.0251
v 0.0085 -0.7037 -0.0155
v 0.0142 -0.9018 -0.1447
v 0.0174 -0.9018 -0.1344
v 0.0120 -0.9018 -0.1064
v 0.0180 -0.9018 -0.0479
v 0.0192 -0.9018 -0.0287
v 0.0180 -0.9018 -0.0209
v 0.0184 -0.9018 0.0018
v 0.0069 -0.9018 0.0332
v 0.0121 -0.9018 0.0551
v 0.0103 -0.8945 -0.1549
v 0.0151 -0.8955 0.0738
v 0.0157 -0.8723 -0.1642
v 0.0182 -0.8628 0.0843
v 0.0151 -0.8402 -0.1647
v 0.0128 -0.8198 -0.1608
v 0.0133 -0.8138 0.0772
v 0.0109 -0.8072 -0.1507
v 0.0179 -0.8052 -0.1472
v 0.0108 -0.7978 -0.0838
v 0.0115 -0.7977 -0.0710
v 0.0103 -0.7959 -0.0628
v 0.0085 -0.7916 -0.0574
v 0.0140 -0.7875 -0.0534
v 0.0115 -0.7899 0.0546
v 0.0147 -0.7805 -0.0516
v 0.0057 -0.7832 0.0545
v 0.0107 -0.7748 -0.0528
v 0.0085 -0.7626 0.0534
v 0.0107 -0.7489 -0.0525
v 0.0105 -0.7444 -0.0519
v 0.0054 -0.7380 0.0514
v 0.0112 -0.7366 0.0493
v 0.0145 -0.7281 -0.0441
v 0.0141 -0.7221 -0.0400
v 0.0159 -0.7166 0.0336
v 0.0141 -0.7157 -0.0337
v 0.0175 -0.7117 -0.0260
v 0.0152 -0.7079 -0.0202
v 0.0010 -0.7034 0.0192
v 0.0116 -0.7082 0.0241
v 0.0023 -0.7001 0.0041
v 0.0181 -0.9018 -0.1205
v 0.0181 -0.9018 -0.0591
v 0.0181 -0.9018 -0.0220
v 0.0181 -0.9018 -0.0040
v 0.0195 -0.9018 0.0191
v 0.0180 -0.9018 0.0333
v 0.0164 -0.9018 0.0644
v 0.0151 -0.8973 -0.1522
v 0.0230 -0.8958 0.0705
v 0.0164 -0.8879 -0.1593
v 0.0189 -0.8844 -0.1604
v 0.0163 -0.8479 -0.1648
v 0.0139 -0.8479 0.0850
v 0.0133 -0.8215 0.0815
v 0.0200 -0.8207 -0.1602
v 0.0188 -0.8210 0.0802
v 0.0211 -0.8137 -0.1554
v 0.0167 -0.8039 0.0662
v 0.0189 -0.8102 0.0725
v 0.0164 -0.7994 -0.1348
v 0.0148 -0.7994 0.0617
v 0.0164 -0.7986 -0.1295
v 0.0161 -0.7983 -0.1252
v 0.0130 -0.7979 -0.1183
v 0.0177 -0.7986 -0.1074
v 0.0177 -0.7986 -0.0900
v 0.0154 -0.7982 -0.0845
v 0.0211 -0.7988 -0.0656
v 0.0190 -0.7949 -0.0563
v 0.0160 -0.7935 0.0551
v 0.0260 -0.7871 -0.0467
v 0.0177 -0.7873 0.0516
v 0.0152 -0.7619 -0.0512
v 0.0232 -0.7832 0.0476
v 0.0188 -0.7551 -0.0496
v 0.0140 -0.7522 0.0518
v 0.0141 -0.7431 0.0505
v 0.0252 -0.7387 -0.0433
v 0.0181 -0.7310 0.0439
v 0.0149 -0.7274 0.0432
v 0.0182 -0.7245 -0.0394
v 0.0204 -0.7233 0.0374
v 0.0177 -0.7094 -0.0212
v 0.0173 -0.7111 0.0245
v 0.0141 -0.7041 -0.0104
v 0.0151 -0.7038 -0.0048
v 0.0117 -0.7023 -0.0036
v 0.0150 -0.7042 0.0078
v 0.0166 -0.7063 0.0143
v 0.0240 -0.8997 -0.1456
v 0.0291 -0.9019 -0.1340
v 0.0290 -0.9020 -0.1276
v 0.0242 -0.9019 -0.1058
v 0.0242 -0.9019 -0.0936
v 0.0242 -0.9019 -0.0638
v 0.0242 -0.9019 -0.0517
v 0.0242 -0.9019 -0.0363
v 0.0319 -0.9018 -0.0133
v 0.0323 -0.9019 0.0055
v 0.0319 -0.9019 0.0141
v 0.0293 -0.9020 0.0179
v 0.0300 -0.9019 0.0514
v 0.0195 -0.9018 0.0460
v 0.0270 -0.9019 0.0581
v 0.0197 -0.9018 0.0636
v 0.0275 -0.8887 -0.1545
v 0.0223 -0.8831 -0.1599
v 0.0276 -0.8825 0.0780
v 0.0174 -0.8793 0.0834
v 0.0169 -0.8553 0.0847
v 0.0278 -0.8369 -0.1610
v 0.0238 -0.8299 -0.1615
v 0.0171 -0.8316 0.0840
v 0.0214 -0.8226 0.0806
v 0.0281 -0.8172 0.0745
v 0.0278 -0.8109 -0.1488
v 0.0166 -0.8115 0.0745
v 0.0247 -0.8099 0.0695
v 0.0184 -0.8013 -0.1393
v 0.0219 -0.7997 -0.1295
v 0.0231 -0.7999 -0.1112
v 0.0230 -0.7999 -0.1110
v 0.0230 -0.7999 -0.0892
v 0.0230 -0.7999 -0.0724
v 0.0236 -0.7944 -0.0521
v 0.0230 -0.7917 0.0500
v 0.0247 -0.7817 -0.0465
v 0.0164 -0.7803 0.0508
v 0.0259 -0.7754 -0.0456
v 0.0195 -0.7588 0.0494
v 0.0248 -0.7622 -0.0464
v 0.0219 -0.7424 -0.0467
v 0.0228 -0.7361 0.0437
v 0.0269 -0.7343 -0.0398
v 0.0265 -0.7253 -0.0343
v 0.0233 -0.7189 -0.0304
v 0.0308 -0.7179 0.0203
v 0.0281 -0.7225 0.0297
v 0.0233 -0.7100 -0.0146
v 0.0251 -0.7104 0.0120
v 0.0240 -0.7136 0.0221
v 0.0220 -0.7069 0.0004
v 0.0320 -0.9017 -0.1263
v 0.0290 -0.9020 -0.0582
v 0.0290 -0.9020 -0.0398
v 0.0309 -0.9019 -0.0184
v 0.0322 -0.9009 -0.1307
v 0.0310 -0.8968 0.0631
v 0.0202 -0.8933 0.0748
v 0.0302 -0.8902 -0.1513
v 0.0290 -0.8898 0.0725
v 0.0209 -0.8806 0.0817
v 0.0307 -0.8768 -0.1581
v 0.0274 -0.8666 -0.1616
v 0.0298 -0.8592 0.0799
v 0.0295 -0.8576 -0.1603
v 0.0267 -0.8575 0.0814
v 0.0209 -0.8422 0.0846
v 0.0265 -0.8291 -0.1605
v 0.0336 -0.8244 -0.1544
v 0.0309 -0.8198 -0.1538
v 0.0313 -0.8164 -0.1517
v 0.0311 -0.8164 0.0718
v 0.0319 -0.8097 -0.1435
v 0.0292 -0.8055 -0.1390
v 0.0274 -0.8056 0.0620
v 0.0306 -0.8080 0.0622
v 0.0296 -0.8030 -0.1194
v 0.0295 -0.8030 -0.1074
v 0.0295 -0.8030 -0.0989
v 0.0275 -0.8019 -0.0712
v 0.0294 -0.8029 -0.0663
v 0.0281 -0.8010 -0.0583
v 0.0300 -0.7997 -0.0515
v 0.0299 -0.7948 -0.0460
v 0.0266 -0.7943 0.0495
v 0.0299 -0.7887 0.0436
v 0.0287 -0.7611 0.0435
v 0.0255 -0.7512 -0.0456
v 0.0330 -0.7563 -0.0401
v 0.0272 -0.7517 0.0446
v 0.0303 -0.7459 0.0416
v 0.0300 -0.7363 0.0383
v 0.0255 -0.7282 0.0370
v 0.0249 -0.7252 0.0354
v 0.0284 -0.7215 -0.0281
v 0.0324 -0.7216 -0.0227
v 0.0290 -0.7161 -0.0192
v 0.0288 -0.7163 0.0199
v 0.0283 -0.7118 -0.0099
v 0.0321 -0.9011 -0.1116
v 0.0321 -0.9011 -0.0925
v 0.0321 -0.9011 -0.0497
v 0.0334 -0.9011 -0.0190
v 0.0362 -0.9003 -0.0034
v 0.0325 -0.9014 0.0238
v 0.0313 -0.9016 0.0333
v 0.0313 -0.9018 0.0455
v 0.0357 -0.8950 -0.1393
v 0.0366 -0.8976 -0.1066
v 0.0355 -0.8986 -0.0838
v 0.0332 -0.9005 -0.0376
v 0.0353 -0.8939 -0.1418
v 0.0357 -0.8918 0.0642
v 0.0367 -0.8840 -0.1502
v 0.0357 -0.8840 0.0709
v 0.0362 -0.8758 -0.1542
v 0.0369 -0.8787 0.0725
v 0.0293 -0.8670 0.0804
v 0.0365 -0.8528 0.0749
v 0.0312 -0.8463 0.0791
v 0.0350 -0.8418 -0.1562
v 0.0370 -0.8307 -0.1541
v 0.0354 -0.8273 0.0743
v 0.0343 -0.8173 0.0690
v 0.0370 -0.8159 0.0651
v 0.0384 -0.8121 -0.1366
v 0.0334 -0.8063 -0.1334
v 0.0317 -0.8044 -0.1295
v 0.0349 -0.8064 -0.1244
v 0.0335 -0.8055 -0.0933
v 0.0353 -0.8068 -0.1075
v 0.0367 -0.8080 -0.0896
v 0.0351 -0.8066 -0.0832
v 0.0345 -0.8062 -0.0680
v 0.0359 -0.8070 -0.0591
v 0.0365 -0.8069 -0.0544
v 0.0267 -0.7997 0.0550
v 0.0352 -0.8056 0.0520
v 0.0317 -0.7993 -0.0479
v 0.0329 -0.7981 0.0455
v 0.0356 -0.7936 -0.0391
v 0.0352 -0.7902 0.0383
v 0.0376 -0.7863 -0.0349
v 0.0329 -0.7823 0.0400
v 0.0341 -0.7770 -0.0386
v 0.0336 -0.7675 -0.0393
v 0.0341 -0.7476 -0.0382
v 0.0353 -0.7547 0.0375
v 0.0350 -0.7401 -0.0349
v 0.0365 -0.7314 -0.0277
v 0.0360 -0.7369 0.0321
v 0.0337 -0.7277 -0.0282
v 0.0361 -0.7303 0.0275
v 0.0364 -0.7280 0.0243
v 0.0364 -0.7216 -0.0144
v 0.0358 -0.7194 -0.0103
v 0.0341 -0.7160 -0.0015
v 0.0314 -0.7134 0.0027
v 0.0346 -0.7176 0.0081
v 0.0345 -0.7190 0.0135
v 0.0404 -0.8935 -0.1295
v 0.0388 -0.8955 -0.1016
v 0.0388 -0.8955 -0.0792
v 0.0407 -0.8935 -0.0594
v 0.0388 -0.8955 -0.0476
v 0.0343 -0.9000 -0.0358
v 0.0349 -0.9006 -0.0153
v 0.0422 -0.8938 -0.0073
v 0.0412 -0.8944 0.0144
v 0.0413 -0.8934 0.0330
v 0.0383 -0.8950 0.0540
v 0.0434 -0.8893 -0.1302
v 0.0422 -0.8916 -0.1219
v 0.0416 -0.8923 -0.0783
v 0.0416 -0.8923 -0.0648
v 0.0421 -0.8836 0.0632
v 0.0411 -0.8732 0.0699
v 0.0319 -0.8724 0.0784
v 0.0392 -0.8716 -0.1523
v 0.0413 -0.8630 0.0700
v 0.0376 -0.8455 -0.1542
v 0.0449 -0.8464 -0.1451
v 0.0422 -0.8344 -0.1489
v 0.0386 -0.8371 0.0731
v 0.0353 -0.8337 0.0762
v 0.0415 -0.8330 -0.1491
v 0.0422 -0.8289 0.0673
v 0.0376 -0.8308 0.0730
v 0.0390 -0.8247 -0.1489
v 0.0413 -0.8222 -0.1451
v 0.0419 -0.8207 0.0622
v 0.0423 -0.8190 0.0601
v 0.0414 -0.8132 -0.1286
v 0.0412 -0.8127 -0.1120
v 0.0413 -0.8128 -0.0949
v 0.0412 -0.8127 -0.0764
v 0.0415 -0.8132 -0.0639
v 0.0386 -0.8068 -0.0466
v 0.0413 -0.8120 0.0493
v 0.0400 -0.8107 -0.0534
v 0.0429 -0.8127 -0.0455
v 0.0411 -0.7999 -0.0340
v 0.0394 -0.8024 0.0388
v 0.0388 -0.7969 -0.0361
v 0.0403 -0.7929 0.0320
v 0.0410 -0.7830 0.0302
v 0.0405 -0.7778 -0.0309
v 0.0412 -0.7721 0.0299
v 0.0404 -0.7623 -0.0311
v 0.0412 -0.7581 0.0299
v 0.0428 -0.7512 -0.0271
v 0.0412 -0.7535 0.0299
v 0.0415 -0.7497 -0.0289
v 0.0421 -0.7424 -0.0260
v 0.0378 -0.7426 0.0326
v 0.0404 -0.7302 -0.0196
v 0.0425 -0.7365 0.0213
v 0.0423 -0.7282 -0.0104
v 0.0417 -0.7285 0.0126
v 0.0383 -0.7281 0.0205
v 0.0404 -0.7238 0.0004
v 0.0421 -0.7271 0.0082
v 0.0449 -0.8872 -0.1115
v 0.0449 -0.8872 -0.1023
v 0.0439 -0.8888 -0.0613
v 0.0457 -0.8857 -0.0472
v 0.0480 -0.8815 -0.0347
v 0.0420 -0.8919 -0.0406
v 0.0496 -0.8813 -0.0157
v 0.0470 -0.8868 -0.0083
v 0.0449 -0.8873 0.0430
v 0.0434 -0.8906 0.0480
v 0.0425 -0.8903 0.0512
v 0.0429 -0.8796 -0.1448
v 0.0448 -0.8836 -0.1373
v 0.0476 -0.8816 -0.1218
v 0.0463 -0.8843 -0.0722
v 0.0475 -0.8817 -0.0553
v 0.0475 -0.8854 0.0132
v 0.0432 -0.8862 0.0586
v 0.0480 -0.8804 -0.0984
v 0.0491 -0.8771 -0.0464
v 0.0483 -0.8750 0.0552
v 0.0442 -0.8690 -0.1455
v 0.0455 -0.8646 -0.1435
v 0.0482 -0.8719 -0.1366
v 0.0462 -0.8684 0.0623
v 0.0433 -0.8714 0.0669
v 0.0463 -0.8672 0.0619
v 0.0459 -0.8321 0.0628
v 0.0482 -0.8377 -0.1373
v 0.0443 -0.8435 0.0655
v 0.0484 -0.8321 -0.1356
v 0.0473 -0.8258 -0.1344
v 0.0484 -0.8307 0.0550
v 0.0445 -0.8307 0.0635
v 0.0461 -0.8200 -0.1273
v 0.0477 -0.8236 -0.1223
v 0.0464 -0.8212 -0.1117
v 0.0481 -0.8253 -0.1097
v 0.0483 -0.8261 -0.0894
v 0.0479 -0.8248 -0.0643
v 0.0488 -0.8276 -0.0620
v 0.0471 -0.8227 -0.0593
v 0.0472 -0.8227 -0.0526
v 0.0451 -0.8214 0.0545
v 0.0456 -0.8238 0.0561
v 0.0428 -0.8182 -0.1371
v 0.0431 -0.8154 -0.0776
v 0.0448 -0.8183 -0.0880
v 0.0448 -0.8183 -0.0715
v 0.0469 -0.8193 -0.0413
v 0.0479 -0.8217 -0.0407
v 0.0475 -0.8184 -0.0364
v 0.0461 -0.8170 0.0409
v 0.0427 -0.8013 -0.0313
v 0.0475 -0.8112 -0.0273
v 0.0458 -0.8123 0.0344
v 0.0436 -0.8137 0.0443
v 0.0490 -0.8084 -0.0191
v 0.0434 -0.8066 0.0345
v 0.0470 -0.7998 -0.0201
v 0.0468 -0.8001 0.0211
v 0.0452 -0.7913 -0.0227
v 0.0478 -0.7954 -0.0161
v 0.0462 -0.7945 0.0207
v 0.0441 -0.7861 -0.0249
v 0.0479 -0.7748 0.0155
v 0.0484 -0.7859 -0.0134
v 0.0459 -0.7900 0.0208
v 0.0472 -0.7551 -0.0183
v 0.0465 -0.7656 -0.0193
v 0.0445 -0.7627 0.0239
v 0.0483 -0.7807 -0.0138
v 0.0466 -0.7550 0.0193
v 0.0482 -0.7482 0.0130
v 0.0422 -0.7482 0.0276
v 0.0444 -0.7397 -0.0193
v 0.0482 -0.7481 -0.0129
v 0.0434 -0.7467 0.0247
v 0.0458 -0.7348 -0.0081
v 0.0480 -0.7402 -0.0032
v 0.0477 -0.7389 0.0017
v 0.0476 -0.7438 0.0124
v 0.0443 -0.7327 0.0101
v 0.0518 -0.8767 0.0003
v 0.0486 -0.8843 0.0087
v 0.0478 -0.8853 0.0102
v 0.0490 -0.8768 -0.1302
v 0.0489 -0.8770 -0.1066
v 0.0493 -0.8752 -0.0809
v 0.0486 -0.8787 -0.0618
v 0.0485 -0.8807 -0.0284
v 0.0486 -0.8799 0.0332
v 0.0488 -0.8781 0.0423
v 0.0492 -0.8739 0.0504
v 0.0493 -0.8687 -0.1323
v 0.0498 -0.8713 -0.1268
v 0.0497 -0.8720 -0.1062
v 0.0497 -0.8720 -0.0878
v 0.0498 -0.8737 -0.0371
v 0.0528 -0.8652 -0.0184
v 0.0516 -0.8768 0.0119
v 0.0513 -0.8756 0.0164
v 0.0488 -0.8753 0.0504
v 0.0500 -0.8659 -0.1168
v 0.0499 -0.8698 -0.0906
v 0.0499 -0.8698 -0.0550
v 0.0509 -0.8650 0.0339
v 0.0500 -0.8655 -0.1073
v 0.0500 -0.8598 -0.0697
v 0.0501 -0.8677 -0.0432
v 0.0532 -0.8678 -0.0106
v 0.0539 -0.8562 0.0148
v 0.0517 -0.8581 0.0306
v 0.0499 -0.8488 0.0479
v 0.0487 -0.8696 0.0549
v 0.0491 -0.8559 -0.1338
v 0.0500 -0.8417 -0.1174
v 0.0500 -0.8534 -0.0734
v 0.0500 -0.8653 -0.0531
v 0.0500 -0.8424 -0.0533
v 0.0490 -0.8672 0.0539
v 0.0501 -0.8420 -0.1235
v 0.0500 -0.8336 -0.0476
v 0.0511 -0.8334 -0.0351
v 0.0517 -0.8528 -0.0321
v 0.0541 -0.8481 -0.0160
v 0.0547 -0.8505 -0.0093
v 0.0538 -0.8380 0.0180
v 0.0497 -0.8339 0.0474
v 0.0490 -0.8460 0.0539
v 0.0496 -0.8365 -0.1293
v 0.0500 -0.8417 -0.0940
v 0.0500 -0.8373 -0.0558
v 0.0540 -0.8339 -0.0155
v 0.0497 -0.8374 0.0492
v 0.0492 -0.8315 -0.1289
v 0.0500 -0.8371 -0.0958
v 0.0498 -0.8356 -0.0663
v 0.0505 -0.8319 -0.0377
v 0.0488 -0.8297 0.0509
v 0.0487 -0.8366 0.0548
v 0.0497 -0.8332 -0.1264
v 0.0496 -0.8323 -0.1069
v 0.0496 -0.8324 -0.1045
v 0.0492 -0.8300 -0.0959
v 0.0492 -0.8300 -0.0796
v 0.0495 -0.8317 -0.0534
v 0.0538 -0.8270 -0.0126
v 0.0543 -0.8346 -0.0127
v 0.0524 -0.8254 0.0222
v 0.0516 -0.8260 0.0254
v 0.0507 -0.8326 0.0372
v 0.0495 -0.8265 0.0387
v 0.0496 -0.8230 -0.0326
v 0.0541 -0.8272 -0.0093
v 0.0535 -0.8246 0.0126
v 0.0505 -0.8072 -0.0100
v 0.0515 -0.8084 -0.0029
v 0.0484 -0.8195 0.0341
v 0.0499 -0.8004 0.0078
v 0.0486 -0.8060 0.0190
v 0.0494 -0.7985 -0.0097
v 0.0494 -0.8013 0.0116
v 0.0498 -0.8064 0.0134
v 0.0500 -0.7969 0.0040
v 0.0500 -0.7853 0.0029
v 0.0489 -0.7876 0.0112
v 0.0497 -0.7785 -0.0061
v 0.0499 -0.7639 0.0021
v 0.0491 -0.7624 -0.0098
v 0.0485 -0.7670 0.0128
v 0.0500 -0.7541 -0.0003
v 0.0491 -0.7594 0.0102
v 0.0495 -0.7488 -0.0034
v 0.0490 -0.7508 0.0098
v 0.0546 -0.8559 -0.0063
v 0.0545 -0.8604 0.0001
v 0.0541 -0.8618 0.0056
v 0.0545 -0.8504 0.0107
v 0.0540 -0.8497 0.0164
v 0.0549 -0.8385 0.0060
v 0.0549 -0.8337 -0.0001
v 0.0543 -0.8257 0.0017
v 0.0544 -0.8313 0.0087
vn -0.9439 -0.3297 -0.0193
vn -0.9673 -0.2521 0.0287
vn -0.9455 -0.3200 0.0607
vn -0.9654 -0.2574 -0.0413
vn -0.9557 -0.2859 -0.0706
vn -0.9801 -0.1858 0.0704
vn -0.7683 0.2284 -0.5980
vn 0.4062 0.2584 -0.8765
vn -0.9612 0.2606 0.0910
vn -0.9660 0.2582 0.0120
vn -0.9661 0.2583 -0.0018
vn -0.9658 0.2592 0.0031
vn -0.9657 0.2596 0.0001
vn -0.9673 0.2522 0.0255
vn -0.9685 0.2491 -0.0028
vn -0.9684 0.2492 0.0018
vn -0.9651 0.2493 0.0801
vn -0.8331 0.2133 -0.5103
vn -0.1745 -0.0003 -0.9847
vn 0.2015 0.8557 -0.4766
vn -0.9814 -0.1726 -0.0841
vn -0.9720 -0.1393 0.1891
vn -0.3299 -0.9205 -0.2094
vn -0.3775 -0.6058 -0.7004
vn -0.7666 -0.6335 0.1049
vn -0.8764 -0.4616 0.1373
vn -0.9945 -0.0133 0.1043
vn -0.7726 -0.1277 -0.6219
vn -0.5521 0.5111 -0.6587
vn -0.9909 -0.1335 -0.0188
vn -0.9864 -0.1110 0.1211
vn 0.0660 0.9899 0.1252
vn -0.5409 0.8317 0.1252
vn -0.6104 0.7857 0.1002
vn -0.7512 0.3090 -0.5832
vn 0.4840 0.1025 -0.8690
vn -0.8713 0.3932 0.2937
vn -0.9156 0.3858 0.1132
vn -0.9217 0.3878 0.0019
vn -0.9211 0.3892 -0.0097
vn -0.9217 0.3878 0.0030
vn -0.9219 0.3874 0.0001
vn -0.9219 0.3874 -0.0010
vn -0.9219 0.3872 0.0092
vn -0.9176 0.3855 0.0972
vn -0.7703 0.3311 -0.5450
vn -0.2351 0.0502 -0.9707
vn -0.9594 -0.2631 -0.1021
vn -0.8588 0.3846 -0.3385
vn -0.9990 -0.0412 -0.0177
vn -0.9989 0.0075 0.0471
vn -0.9784 0.1226 0.1662
vn -0.4336 -0.7718 -0.4652
vn -0.9891 0.1339 -0.0613
vn -0.9924 0.0878 -0.0862
vn -0.9952 -0.0430 0.0881
vn -0.9442 -0.1899 0.2691
vn -0.9750 0.2205 -0.0278
vn -0.9940 0.0120 0.1086
vn -0.9860 0.1242 0.1110
vn -0.9832 0.1027 0.1507
vn -0.9786 0.1385 -0.1522
vn -0.9902 0.1297 0.0519
vn -0.9525 0.2557 0.1656
vn -0.9920 0.1265 0.0039
vn -0.8310 -0.5558 -0.0246
vn -0.8343 -0.5478 0.0625
vn -0.7661 -0.5056 -0.3969
vn -0.7807 -0.5387 -0.3166
vn -0.8025 -0.5966 -0.0040
vn -0.8531 -0.5204 -0.0373
vn -0.8372 -0.5347 -0.1150
vn -0.8419 -0.5397 0.0065
vn -0.8401 -0.5392 -0.0587
vn -0.8318 -0.5492 0.0810
vn -0.8940 -0.4434 0.0647
vn -0.9263 -0.3751 0.0354
vn -0.8655 -0.4676 0.1794
vn -0.7530 -0.6579 0.0152
vn -0.8159 -0.5777 -0.0243
vn -0.8076 -0.5897 0.0046
vn -0.8722 -0.4884 0.0270
vn -0.9178 -0.3886 -0.0808
vn -0.9050 -0.2634 0.3339
vn -0.7219 -0.2136 -0.6582
vn -0.2483 0.6091 -0.7532
vn -0.9007 0.4337 0.0269
vn -0.8376 0.5462 0.0038
vn -0.8672 0.4973 0.0267
vn -0.8791 0.4762 0.0185
vn -0.6062 0.4482 0.6570
vn -0.8547 -0.1315 0.5023
vn -0.8154 -0.1813 -0.5498
vn -0.9382 -0.1802 -0.2954
vn -0.8492 0.0134 0.5279
vn -0.8526 0.3803 -0.3584
vn -0.9473 0.0841 0.3092
vn -0.6225 -0.7513 0.2189
vn -0.6874 -0.0014 -0.7263
vn -0.9981 0.0528 -0.0304
vn -0.9962 -0.0189 0.0852
vn -0.6059 0.2585 -0.7524
vn -0.8566 0.3243 -0.4014
vn -0.7163 0.6976 0.0174
vn -0.8957 0.4433 -0.0343
vn -0.9723 0.1878 0.1391
vn -0.8807 0.2987 0.3676
vn -0.8947 0.4464 0.0169
vn -0.7293 0.6838 -0.0228
vn -0.9590 0.2367 0.1558
vn -0.9306 0.3204 0.1773
vn -0.7303 0.6628 -0.1650
vn -0.7705 0.5759 -0.2731
vn -0.8504 0.5262 0.0007
vn -0.7429 0.6689 -0.0256
vn -0.9172 0.3971 -0.0314
vn -0.8421 0.4992 -0.2043
vn -0.8870 0.4137 -0.2049
vn -0.9561 0.2202 -0.1933
vn -0.9267 0.2784 0.2523
vn -0.9067 0.3677 0.2066
vn -0.8082 0.4584 0.3696
vn -0.9082 0.3175 -0.2727
vn -0.9727 0.1771 -0.1497
vn -0.9350 0.1894 0.2998
vn -0.8365 0.3641 0.4095
vn -0.8931 0.0169 -0.4494
vn -0.9567 0.1072 -0.2705
vn -0.9961 0.0608 -0.0636
vn -0.9643 0.0293 0.2633
vn -0.9004 0.0244 0.4344
vn -0.9139 0.0227 -0.4054
vn -0.9972 0.0183 0.0726
vn -0.9556 0.0290 0.2932
vn -0.9003 0.1274 -0.4163
vn -0.9970 0.0524 -0.0575
vn -0.9756 0.1575 0.1530
vn -0.9760 0.1771 -0.1265
vn -0.9134 0.2357 0.3320
vn -0.9112 0.3998 -0.0997
vn -0.8621 0.4833 0.1524
vn -0.7130 -0.7011 0.0118
vn -0.7217 -0.6922 -0.0044
vn -0.7361 -0.6753 -0.0459
vn -0.7334 -0.6792 -0.0280
vn -0.7346 -0.6785 0.0086
vn -0.6352 -0.7722 0.0161
vn -0.7234 -0.6898 0.0288
vn -0.7917 -0.6075 -0.0651
vn -0.8363 -0.5482 -0.0089
vn -0.8182 -0.5749 -0.0000
vn -0.8182 -0.5750 0.0000
vn -0.7810 -0.6245 0.0079
vn -0.7635 -0.6458 -0.0038
vn -0.7997 -0.5996 -0.0311
vn -0.7990 -0.5945 -0.0906
vn -0.7078 -0.6833 0.1795
vn -0.6900 -0.5454 0.4758
vn -0.6475 -0.4601 -0.6075
vn -0.6925 -0.1563 -0.7043
vn -0.8010 0.0021 -0.5987
vn -0.7133 0.0455 -0.6994
vn -0.7146 0.1736 0.6777
vn -0.6882 0.2747 -0.6715
vn -0.8043 0.5942 -0.0051
vn -0.3200 0.9190 -0.2304
vn -0.7328 0.5819 -0.3527
vn -0.6610 0.7504 0.0061
vn -0.6020 0.7985 0.0067
vn -0.6918 0.5619 -0.4536
vn -0.6975 0.5008 -0.5125
vn -0.8387 0.2525 -0.4826
vn -0.7966 0.0477 -0.6026
vn -0.8424 -0.0157 0.5386
vn -0.8763 0.1082 -0.4694
vn -0.8585 0.2601 -0.4420
vn -0.8482 0.0697 0.5251
vn -0.8566 0.0236 -0.5154
vn -0.8361 0.4218 0.3508
vn -0.7587 0.5746 0.3070
vn -0.8317 0.5552 0.0019
vn -0.6930 0.7208 0.0112
vn -0.5443 -0.8388 -0.0104
vn -0.3496 -0.9366 0.0239
vn -0.3202 -0.9473 0.0050
vn -0.0540 -0.9985 0.0058
vn -0.5124 -0.7352 -0.4439
vn -0.6288 -0.7339 -0.2570
vn -0.5696 -0.8203 -0.0515
vn -0.5411 -0.8409 0.0019
vn -0.5416 -0.8406 -0.0000
vn -0.5389 -0.8424 -0.0004
vn -0.5624 -0.8262 -0.0334
vn -0.5741 -0.7984 0.1819
vn -0.5268 -0.6010 -0.6010
vn -0.5941 -0.5496 0.5874
vn -0.4801 -0.2463 -0.8419
vn -0.6845 -0.3329 0.6485
vn -0.2840 -0.2609 0.9226
vn -0.5207 -0.3037 -0.7979
vn -0.5405 0.3747 0.7533
vn -0.8946 0.2752 -0.3519
vn -0.5445 0.5902 -0.5959
vn -0.4628 0.8552 -0.2333
vn -0.8151 0.3489 0.4624
vn -0.7699 0.3991 -0.4979
vn -0.7494 0.2574 0.6100
vn -0.7964 0.0203 0.6044
vn -0.6325 0.0314 0.7740
vn -0.7581 0.0333 -0.6512
vn -0.5672 0.1598 -0.8080
vn -0.6670 0.3407 -0.6626
vn -0.7815 0.2174 0.5849
vn -0.7560 0.4331 -0.4908
vn -0.5087 0.4257 -0.7483
vn -0.7359 0.6210 -0.2697
vn -0.6558 0.6766 0.3349
vn -0.7046 0.5604 0.4353
vn -0.2777 -0.9561 -0.0939
vn -0.2362 -0.9715 -0.0200
vn -0.0814 -0.9967 0.0049
vn -0.2324 -0.9717 0.0431
vn -0.2235 -0.9744 -0.0254
vn 0.0069 -1.0000 -0.0004
vn -0.4124 -0.9106 0.0293
vn -0.2575 -0.9637 0.0710
vn -0.5166 -0.7104 0.4780
vn -0.4038 -0.5237 0.7502
vn -0.5039 -0.2070 0.8386
vn -0.4344 -0.0566 -0.8989
vn -0.3238 0.0325 -0.9456
vn -0.4541 0.1411 -0.8797
vn -0.4226 0.0920 0.9016
vn -0.3681 0.3208 -0.8727
vn -0.6300 0.4864 0.6054
vn -0.3717 0.6955 -0.6149
vn -0.4431 0.5362 0.7185
vn -0.2886 0.5920 0.7525
vn -0.5540 0.6964 0.4562
vn -0.4784 0.6541 0.5859
vn -0.5273 0.8496 -0.0117
vn -0.3706 0.8861 -0.2785
vn -0.5340 0.8191 -0.2098
vn -0.6217 0.6051 0.4973
vn -0.6087 0.0426 -0.7923
vn -0.7003 0.0765 0.7098
vn -0.6238 0.0215 -0.7813
vn -0.6283 0.0005 0.7780
vn -0.5271 -0.0097 -0.8498
vn -0.3937 0.3008 -0.8687
vn -0.6357 0.4455 0.6304
vn -0.7362 0.4081 -0.5399
vn -0.0810 0.8746 -0.4781
vn -0.5415 0.8388 0.0568
vn -0.2341 -0.9464 -0.2224
vn 0.0066 -1.0000 0.0001
vn 0.0054 -1.0000 0.0003
vn 0.0029 -1.0000 0.0025
vn -0.1954 -0.9805 0.0209
vn -0.2471 -0.9163 0.3150
vn -0.3121 -0.7093 -0.6320
vn -0.2172 -0.5187 0.8269
vn -0.2250 -0.3779 -0.8981
vn -0.4082 0.4302 0.8052
vn -0.1150 0.9012 -0.4179
vn -0.4164 0.9091 0.0102
vn -0.3119 0.7001 0.6424
vn -0.5505 0.5147 0.6573
vn -0.2964 0.9550 -0.0062
vn -0.2606 0.9653 0.0174
vn -0.4248 0.6488 -0.6314
vn -0.6271 0.2241 -0.7460
vn -0.4371 0.0643 0.8971
vn -0.4539 0.3653 0.8127
vn -0.4784 0.5384 0.6937
vn -0.5805 0.6395 -0.5041
vn -0.5521 0.5986 0.5804
vn -0.4911 0.8219 -0.2885
vn -0.5486 0.8098 0.2079
vn -0.1019 -0.9601 -0.2604
vn 0.0026 -1.0000 0.0003
vn 0.0002 -1.0000 -0.0001
vn 0.0034 -1.0000 0.0006
vn -0.0956 -0.9175 0.3862
vn 0.0681 -0.9974 -0.0237
vn -0.2978 -0.5335 -0.7916
vn -0.2008 -0.1502 -0.9681
vn -0.0906 0.0071 -0.9959
vn -0.1284 0.2034 -0.9706
vn -0.1396 0.4595 0.8771
vn -0.1443 0.7419 -0.6548
vn -0.1037 0.9930 -0.0572
vn -0.1652 0.9861 -0.0204
vn -0.4367 0.3329 -0.8357
vn -0.3319 0.3125 0.8900
vn -0.4284 -0.1460 -0.8917
vn -0.6261 0.1769 0.7594
vn -0.3438 0.3896 -0.8544
vn -0.3382 0.4545 -0.8241
vn -0.3310 0.5883 0.7378
vn -0.4037 0.8078 0.4295
vn -0.3580 0.7256 0.5877
vn -0.3735 0.8488 -0.3743
vn -0.4367 0.8969 -0.0696
vn -0.4383 0.8911 0.1180
vn -0.3319 0.9240 0.1901
vn 0.0007 -1.0000 0.0004
vn -0.0005 -1.0000 -0.0002
vn -0.0010 -1.0000 -0.0005
vn -0.0008 -1.0000 -0.0004
vn 0.0005 -1.0000 0.0004
vn -0.0417 -0.9262 -0.3746
vn -0.0426 -0.7492 0.6610
vn -0.0576 -0.6690 -0.7410
vn -0.0627 0.0093 -0.9980
vn -0.0815 0.1523 -0.9850
vn -0.1591 0.4962 -0.8535
vn 0.0185 0.6130 -0.7899
vn -0.1477 0.6710 0.7266
vn -0.2154 0.9465 -0.2403
vn 0.0235 0.9991 -0.0351
vn -0.1137 0.9728 -0.2016
vn -0.2338 0.6384 -0.7334
vn -0.1414 0.4629 0.8751
vn -0.2865 0.1545 -0.9455
vn -0.1828 0.0308 0.9827
vn -0.1426 0.0950 0.9852
vn -0.1485 0.3294 -0.9324
vn -0.3155 0.2229 0.9224
vn -0.1873 0.5623 0.8055
vn -0.2821 0.5743 -0.7685
vn -0.2335 0.9109 -0.3403
vn -0.2046 0.9491 0.2394
vn -0.2678 0.9580 -0.1031
vn -0.1615 0.9168 0.3653
vn 0.0082 -0.9756 -0.2192
vn 0.0030 -1.0000 -0.0016
vn -0.0001 -1.0000 0.0000
vn -0.0005 -1.0000 0.0000
vn -0.0004 -1.0000 -0.0006
vn -0.0009 -1.0000 0.0002
vn -0.0000 -1.0000 0.0005
vn -0.0029 -1.0000 -0.0059
vn -0.0091 -0.4116 -0.9113
vn -0.0343 -0.5072 0.8611
vn 0.0095 -0.0796 -0.9968
vn -0.0865 0.0047 0.9962
vn -0.0119 0.4448 -0.8955
vn -0.0126 0.5120 0.8589
vn -0.0331 0.8169 -0.5758
vn -0.0515 0.6730 0.7379
vn -0.0173 0.9954 -0.0943
vn 0.0106 0.2271 0.9738
vn 0.0754 0.5498 -0.8319
vn -0.1680 0.1320 0.9769
vn -0.1611 0.0790 -0.9838
vn -0.3520 0.0381 0.9352
vn -0.2812 0.0216 -0.9594
vn -0.0236 0.2210 -0.9750
vn 0.0488 0.3588 -0.9322
vn -0.1822 0.4546 0.8719
vn -0.1280 0.7142 -0.6882
vn -0.3151 0.7700 -0.5548
vn -0.1182 0.8731 -0.4729
vn -0.1162 0.9561 -0.2691
vn -0.0000 -1.0000 0.0000
vn -0.0000 -1.0000 -0.0001
vn 0.0002 -1.0000 -0.0004
vn 0.0001 -1.0000 0.0002
vn 0.0001 -1.0000 0.0004
vn -0.0021 -1.0000 -0.0017
vn -0.0001 -1.0000 0.0002
vn 0.0239 -0.9166 0.3991
vn 0.0004 -0.8045 -0.5939
vn 0.1387 -0.6572 0.7409
vn -0.0044 -0.4183 -0.9083
vn 0.1958 -0.2946 -0.9353
vn -0.2277 -0.2256 0.9473
vn 0.0453 -0.0348 0.9984
vn -0.0473 0.0077 -0.9988
vn -0.1337 -0.0387 0.9903
vn 0.0174 0.0615 -0.9980
vn -0.2696 0.2531 0.9291
vn 0.1091 0.2242 -0.9684
vn -0.0047 0.5316 0.8470
vn -0.0442 0.6501 -0.7585
vn -0.0362 0.6834 0.7292
vn 0.0462 0.8192 -0.5717
vn -0.0058 0.9995 -0.0326
vn -0.2117 0.8795 -0.4263
vn -0.1994 0.5571 0.8061
vn -0.0659 0.6928 -0.7181
vn -0.0235 0.3300 0.9437
vn 0.0378 0.0808 -0.9960
vn -0.2531 0.0274 0.9670
vn -0.1619 0.3559 -0.9204
vn 0.1541 0.7220 0.6745
vn 0.0481 0.5558 0.8299
vn -0.0208 0.6125 -0.7902
vn -0.1372 0.7508 0.6462
vn 0.0874 0.6927 0.7159
vn -0.0258 0.8328 -0.5529
vn 0.1677 0.8016 0.5738
vn 0.0098 0.9347 -0.3554
vn -0.0796 0.9936 0.0807
vn -0.0032 -0.9055 -0.4244
vn -0.0000 -1.0000 -0.0002
vn -0.0000 -1.0000 -0.0000
vn -0.0000 -1.0000 0.0000
vn -0.0063 -1.0000 0.0003
vn 0.0003 -1.0000 -0.0002
vn 0.0002 -1.0000 0.0001
vn 0.0004 -1.0000 -0.0002
vn 0.0001 -1.0000 -0.0010
vn -0.0001 -1.0000 -0.0099
vn 0.0010 -0.9986 0.0521
vn 0.0084 -0.8082 -0.5889
vn 0.0535 -0.6967 0.7154
vn 0.0020 -0.6101 -0.7923
vn 0.0442 -0.5590 0.8280
vn 0.0196 -0.3691 0.9292
vn -0.0160 -0.0996 0.9949
vn 0.1182 -0.0276 -0.9926
vn 0.0310 0.2749 0.9610
vn -0.0063 0.3932 -0.9194
vn -0.1851 0.8046 -0.5642
vn 0.1209 0.8534 -0.5070
vn 0.0411 0.9085 -0.4159
vn -0.0954 0.6266 0.7735
vn -0.0263 0.9611 -0.2751
vn -0.0079 0.9971 -0.0754
vn 0.0032 1.0000 -0.0013
vn 0.0053 0.9768 -0.2140
vn 0.0191 0.0249 0.9995
vn 0.0868 -0.0029 -0.9962
vn 0.1097 0.0643 -0.9919
vn 0.1119 0.1448 0.9831
vn 0.2846 0.3721 -0.8835
vn -0.0629 0.3827 0.9217
vn 0.1538 0.5070 -0.8481
vn 0.1002 0.3820 0.9187
vn 0.0835 0.7098 -0.6995
vn 0.1865 0.8381 -0.5127
vn 0.1518 0.9411 -0.3021
vn 0.0242 0.9975 -0.0658
vn 0.0076 -0.9694 -0.2453
vn 0.0026 -1.0000 0.0009
vn 0.0006 -1.0000 -0.0002
vn 0.0004 -1.0000 -0.0000
vn 0.0004 -1.0000 -0.0000
vn 0.0002 -1.0000 0.0002
vn 0.0005 -1.0000 -0.0000
vn 0.0005 -1.0000 0.0001
vn 0.0254 -0.8948 0.4457
vn 0.0131 -0.4576 -0.8891
vn 0.2139 0.0680 -0.9745
vn -0.1062 0.0603 0.9925
vn -0.0028 0.7241 -0.6897
vn 0.1683 0.9633 -0.2090
vn 0.0076 1.0000 -0.0014
vn 0.1056 0.9943 -0.0176
vn 0.1880 0.6624 0.7251
vn 0.0688 0.3581 0.9312
vn 0.2228 0.0709 -0.9723
vn 0.2118 0.4130 0.8858
vn 0.2674 0.5543 0.7882
vn 0.1889 0.6153 -0.7653
vn 0.2202 0.6987 0.6807
vn 0.1773 0.7560 -0.6302
vn 0.0632 0.8893 0.4530
vn 0.2167 0.8902 0.4008
vn 0.2487 0.9228 -0.2943
vn 0.0648 -0.9597 -0.2735
vn -0.0087 -1.0000 0.0038
vn 0.0006 -1.0000 0.0000
vn -0.0065 -1.0000 -0.0002
vn -0.0041 -1.0000 0.0015
vn -0.0005 -1.0000 -0.0011
vn -0.0024 -1.0000 -0.0006
vn 0.0004 -1.0000 0.0003
vn 0.0021 -1.0000 -0.0056
vn 0.0702 -0.6091 -0.7900
vn 0.0952 -0.6924 0.7152
vn 0.1303 -0.1114 -0.9852
vn 0.2345 -0.0373 0.9714
vn 0.1463 0.0125 -0.9892
vn 0.0840 0.4899 -0.8677
vn 0.1045 0.5904 0.8003
vn 0.0731 0.7804 -0.6210
vn 0.1877 0.8264 -0.5309
vn 0.0388 0.9992 -0.0019
vn 0.0623 0.9909 -0.1196
vn 0.1650 0.9037 -0.3950
vn 0.1632 0.7030 -0.6922
vn 0.3180 0.3752 -0.8707
vn 0.2676 0.4148 0.8697
vn 0.3767 0.0947 -0.9215
vn 0.1875 0.1168 0.9753
vn 0.2766 0.0187 -0.9608
vn 0.2451 0.0267 0.9691
vn 0.2937 0.0830 -0.9523
vn 0.2614 0.1892 -0.9465
vn 0.1712 0.3204 0.9317
vn 0.3181 0.3495 0.8813
vn 0.3737 0.4734 -0.7977
vn 0.3445 0.6101 -0.7135
vn 0.3772 0.7013 0.6049
vn 0.3404 0.7087 -0.6180
vn 0.4147 0.7779 -0.4721
vn 0.3361 0.8688 -0.3637
vn 0.0961 0.9329 0.3470
vn 0.3106 0.8486 0.4284
vn 0.1285 0.9873 0.0936
vn -0.0071 -1.0000 0.0003
vn -0.0071 -1.0000 0.0000
vn -0.0003 -1.0000 -0.0010
vn -0.0019 -1.0000 -0.0003
vn 0.0012 -1.0000 0.0053
vn 0.0005 -1.0000 -0.0000
vn 0.0724 -0.9527 0.2953
vn 0.1678 -0.7185 -0.6749
vn 0.3721 -0.7133 0.5939
vn 0.1558 -0.5461 -0.8231
vn 0.2880 -0.4655 -0.8369
vn 0.1735 0.0001 -0.9848
vn 0.0371 0.0407 0.9985
vn 0.0714 0.3744 0.9245
vn 0.2639 0.4232 -0.8667
vn 0.1716 0.4810 0.8598
vn 0.2625 0.5980 -0.7573
vn 0.2366 0.7345 0.6361
vn 0.2756 0.6862 0.6731
vn 0.2872 0.9281 -0.2368
vn 0.2407 0.7165 0.6547
vn 0.2475 0.9652 -0.0846
vn 0.1669 0.9858 -0.0189
vn 0.0911 0.9958 -0.0069
vn 0.1963 0.9805 -0.0063
vn 0.1812 0.9834 0.0070
vn 0.1415 0.9899 -0.0118
vn 0.3265 0.9307 -0.1649
vn 0.3859 0.7547 -0.5306
vn 0.3397 0.5478 0.7645
vn 0.5916 0.2179 -0.7762
vn 0.3731 0.2496 0.8936
vn 0.3644 0.0037 -0.9313
vn 0.5420 0.1404 0.8285
vn 0.4260 0.0390 -0.9039
vn 0.2723 -0.0642 0.9601
vn 0.3718 0.2172 0.9025
vn 0.5527 0.2965 -0.7788
vn 0.4229 0.4300 0.7977
vn 0.3553 0.4987 0.7906
vn 0.4697 0.5390 -0.6992
vn 0.4596 0.5804 0.6723
vn 0.4390 0.8227 -0.3611
vn 0.4169 0.7897 0.4501
vn 0.3627 0.9106 -0.1983
vn 0.4285 0.8996 -0.0841
vn 0.2920 0.9550 -0.0526
vn 0.3539 0.9232 0.1496
vn 0.3796 0.8882 0.2587
vn 0.3312 -0.8144 -0.4766
vn 0.3320 -0.9206 -0.2057
vn 0.0823 -0.9951 -0.0545
vn -0.0150 -0.9999 0.0000
vn -0.0151 -0.9999 -0.0000
vn -0.0152 -0.9999 -0.0000
vn -0.0150 -0.9999 -0.0001
vn -0.0128 -0.9999 0.0030
vn 0.1953 -0.9807 -0.0098
vn 0.2076 -0.9782 0.0057
vn 0.2043 -0.9789 0.0087
vn 0.0249 -0.9990 0.0377
vn 0.3414 -0.9349 0.0969
vn -0.0032 -1.0000 -0.0001
vn 0.2858 -0.9279 0.2396
vn 0.2276 -0.8969 0.3791
vn 0.4167 -0.5251 -0.7420
vn 0.3694 -0.3876 -0.8446
vn 0.4531 -0.3652 0.8132
vn 0.1772 -0.2752 0.9449
vn 0.1974 0.0257 0.9800
vn 0.4328 0.0621 -0.8994
vn 0.2534 0.1451 -0.9564
vn 0.1779 0.1726 0.9688
vn 0.3101 0.3523 0.8830
vn 0.4284 0.5013 0.7518
vn 0.4479 0.6875 -0.5716
vn 0.1788 0.6613 0.7285
vn 0.3782 0.6875 0.6199
vn 0.2014 0.9009 -0.3845
vn 0.3312 0.9337 -0.1357
vn 0.3313 0.9435 0.0063
vn 0.3188 0.9477 0.0146
vn 0.3291 0.9443 0.0014
vn 0.3217 0.9467 -0.0185
vn 0.5259 0.5868 -0.6157
vn 0.4936 0.4193 0.7619
vn 0.3746 0.0946 -0.9223
vn 0.3920 0.1059 0.9138
vn 0.5618 0.0250 -0.8269
vn 0.4315 0.0142 0.9020
vn 0.5382 0.0179 -0.8426
vn 0.4871 0.2207 -0.8450
vn 0.5029 0.3327 0.7978
vn 0.5818 0.3991 -0.7087
vn 0.5628 0.5245 -0.6389
vn 0.5096 0.6639 -0.5472
vn 0.6435 0.6790 0.3533
vn 0.5909 0.6040 0.5348
vn 0.5448 0.7791 -0.3102
vn 0.5456 0.8100 0.2152
vn 0.5204 0.7380 0.4296
vn 0.4907 0.8713 0.0088
vn 0.4173 -0.9083 -0.0287
vn 0.1239 -0.9923 0.0000
vn 0.1491 -0.9888 0.0021
vn 0.1379 -0.9902 -0.0209
vn 0.5650 -0.8022 -0.1929
vn 0.5133 -0.7213 0.4651
vn 0.2511 -0.6159 0.7467
vn 0.5265 -0.5813 -0.6204
vn 0.4883 -0.5579 0.6710
vn 0.3328 -0.3294 0.8836
vn 0.5068 -0.2344 -0.8296
vn 0.4190 -0.0385 -0.9072
vn 0.4892 0.0024 0.8722
vn 0.4749 -0.0015 -0.8800
vn 0.3080 -0.2218 0.9252
vn 0.2647 0.0368 0.9636
vn 0.4103 0.2282 -0.8830
vn 0.8097 0.4849 -0.3307
vn 0.4735 0.3733 -0.7978
vn 0.5578 0.5330 -0.6362
vn 0.5500 0.5363 0.6402
vn 0.5532 0.6820 -0.4783
vn 0.4239 0.8273 -0.3686
vn 0.4456 0.7013 0.5564
vn 0.5516 0.6697 0.4973
vn 0.4776 0.8786 -0.0076
vn 0.4893 0.8721 0.0000
vn 0.4790 0.8778 -0.0002
vn 0.4539 0.8910 0.0094
vn 0.5046 0.8617 -0.0529
vn 0.5360 0.8052 -0.2538
vn 0.5676 0.7374 -0.3662
vn 0.6717 0.4274 -0.6050
vn 0.5807 0.5164 0.6293
vn 0.6739 0.2078 0.7090
vn 0.6280 -0.0114 0.7781
vn 0.5772 0.0618 -0.8143
vn 0.6869 0.0375 -0.7258
vn 0.5659 0.0693 0.8215
vn 0.6371 0.1628 0.7534
vn 0.6330 0.3557 0.6876
vn 0.5728 0.4547 0.6820
vn 0.5620 0.5356 0.6303
vn 0.5975 0.6421 -0.4804
vn 0.6724 0.6198 -0.4046
vn 0.6301 0.6967 -0.3430
vn 0.5860 0.7655 0.2658
vn 0.5956 0.7810 -0.1878
vn 0.4322 -0.9017 0.0113
vn 0.4409 -0.8976 -0.0013
vn 0.3734 -0.9277 0.0013
vn 0.3472 -0.9369 -0.0405
vn 0.5723 -0.8200 -0.0047
vn 0.3721 -0.9274 0.0385
vn 0.3421 -0.9397 0.0044
vn 0.3787 -0.9247 0.0383
vn 0.6495 -0.6837 -0.3327
vn 0.6689 -0.7433 -0.0043
vn 0.6445 -0.7646 0.0003
vn 0.4927 -0.8691 -0.0426
vn 0.6380 -0.6217 -0.4545
vn 0.6462 -0.5821 0.4936
vn 0.6689 -0.4171 -0.6153
vn 0.6424 -0.4249 0.6378
vn 0.6473 -0.2070 -0.7336
vn 0.6688 -0.2788 0.6891
vn 0.4444 -0.0825 0.8920
vn 0.6549 -0.0145 0.7556
vn 0.5415 0.0461 0.8394
vn 0.5822 -0.0257 -0.8127
vn 0.6602 0.1840 -0.7282
vn 0.6127 0.2995 0.7314
vn 0.6646 0.4172 0.6198
vn 0.6673 0.5382 0.5149
vn 0.7097 0.6281 -0.3192
vn 0.5964 0.7731 -0.2159
vn 0.5114 0.8511 -0.1185
vn 0.6374 0.7699 -0.0312
vn 0.5748 0.8183 0.0019
vn 0.6325 0.7746 -0.0010
vn 0.6916 0.7222 0.0068
vn 0.6275 0.7786 0.0047
vn 0.6052 0.7959 -0.0156
vn 0.6779 0.7284 -0.0997
vn 0.7626 0.6312 -0.1414
vn 0.5048 0.6531 0.5645
vn 0.6105 0.6320 0.4773
vn 0.7190 0.5532 -0.4207
vn 0.7063 0.4687 0.5306
vn 0.7398 0.2512 -0.6241
vn 0.7682 0.1772 0.6152
vn 0.7882 0.0731 -0.6111
vn 0.7015 0.0531 0.7107
vn 0.7157 0.0130 -0.6982
vn 0.6992 -0.0136 -0.7148
vn 0.6997 0.1285 -0.7028
vn 0.7385 0.0529 0.6722
vn 0.7242 0.2773 -0.6314
vn 0.7476 0.4185 -0.5157
vn 0.7593 0.3333 0.5589
vn 0.6895 0.5030 -0.5211
vn 0.7338 0.4448 0.5135
vn 0.7453 0.5170 0.4211
vn 0.7764 0.5823 -0.2412
vn 0.7463 0.6407 -0.1802
vn 0.7290 0.6838 -0.0314
vn 0.6516 0.7562 0.0598
vn 0.7229 0.6758 0.1439
vn 0.7296 0.6301 0.2658
vn 0.7404 -0.6603 -0.1257
vn 0.7321 -0.6812 -0.0015
vn 0.7177 -0.6964 0.0014
vn 0.7638 -0.6454 0.0070
vn 0.6916 -0.7223 -0.0024
vn 0.6036 -0.7949 -0.0626
vn 0.5506 -0.8341 -0.0336
vn 0.7807 -0.6244 -0.0254
vn 0.7516 -0.6592 0.0257
vn 0.7693 -0.6381 0.0326
vn 0.6807 -0.7058 0.1961
vn 0.8397 -0.5234 -0.1450
vn 0.8013 -0.5981 -0.0132
vn 0.7886 -0.6150 0.0007
vn 0.8017 -0.5977 -0.0020
vn 0.8263 -0.3451 0.4450
vn 0.7710 -0.1462 0.6198
vn 0.5503 -0.1007 0.8289
vn 0.7304 -0.0951 -0.6764
vn 0.7639 -0.0170 0.6452
vn 0.6874 0.0034 -0.7263
vn 0.8587 -0.0011 -0.5124
vn 0.8108 0.1159 -0.5737
vn 0.8045 0.4566 0.3798
vn 0.6040 0.0567 0.7950
vn 0.7425 0.2726 -0.6118
vn 0.7927 0.2335 0.5631
vn 0.7379 0.1644 0.6546
vn 0.6703 0.3516 -0.6535
vn 0.7730 0.3923 -0.4987
vn 0.7991 0.3573 0.4834
vn 0.8109 0.4500 0.3740
vn 0.7781 0.6190 -0.1070
vn 0.7866 0.6174 -0.0003
vn 0.7847 0.6199 -0.0049
vn 0.7664 0.6423 0.0075
vn 0.8051 0.5931 0.0006
vn 0.7890 0.5365 -0.2994
vn 0.8952 0.4021 0.1923
vn 0.7878 0.6037 -0.1223
vn 0.8247 0.5644 -0.0371
vn 0.8610 0.3884 -0.3283
vn 0.8231 0.3976 0.4055
vn 0.8214 0.2868 -0.4930
vn 0.8493 0.1538 0.5050
vn 0.8387 0.0200 0.5443
vn 0.8261 0.0082 -0.5635
vn 0.8334 -0.0061 0.5527
vn 0.8283 0.0062 -0.5603
vn 0.8409 0.0092 0.5412
vn 0.8692 0.0628 -0.4904
vn 0.8319 0.0500 0.5527
vn 0.8058 0.0513 -0.5900
vn 0.8530 0.2203 -0.4731
vn 0.7805 0.1917 0.5950
vn 0.8210 0.4496 -0.3520
vn 0.8639 0.3252 0.3847
vn 0.8509 0.4932 -0.1811
vn 0.8126 0.5128 0.2768
vn 0.7931 0.5093 0.3340
vn 0.8287 0.5597 -0.0053
vn 0.8504 0.5073 0.1397
vn 0.8768 -0.4809 -0.0047
vn 0.8815 -0.4722 0.0011
vn 0.8573 -0.5147 0.0069
vn 0.8717 -0.4893 0.0269
vn 0.9281 -0.3704 -0.0388
vn 0.7972 -0.6037 0.0064
vn 0.9188 -0.3887 -0.0679
vn 0.8528 -0.5190 -0.0572
vn 0.9108 -0.4109 -0.0402
vn 0.8262 -0.5550 0.0969
vn 0.7703 -0.5814 0.2619
vn 0.8158 -0.3019 -0.4932
vn 0.8590 -0.4038 -0.3149
vn 0.9257 -0.3777 -0.0211
vn 0.9076 -0.4198 0.0020
vn 0.9244 -0.3814 -0.0004
vn 0.8792 -0.4735 0.0536
vn 0.8317 -0.4344 0.3460
vn 0.9394 -0.3427 -0.0011
vn 0.9702 -0.2419 0.0128
vn 0.9440 -0.2066 0.2572
vn 0.8482 -0.0553 -0.5268
vn 0.8815 -0.0085 -0.4721
vn 0.9485 -0.1425 -0.2829
vn 0.8988 -0.0515 0.4353
vn 0.8531 -0.1273 0.5059
vn 0.9116 0.0126 0.4109
vn 0.8650 0.2487 0.4358
vn 0.9368 0.0634 -0.3440
vn 0.8330 0.0151 0.5530
vn 0.9522 0.1415 -0.2709
vn 0.9384 0.2811 -0.2011
vn 0.9496 0.1897 0.2495
vn 0.8205 0.4824 0.3067
vn 0.8896 0.4431 -0.1106
vn 0.9409 0.3381 -0.0189
vn 0.8879 0.4600 0.0012
vn 0.9546 0.2978 0.0032
vn 0.9589 0.2837 -0.0002
vn 0.9404 0.3401 -0.0015
vn 0.9660 0.2563 0.0338
vn 0.9198 0.3924 0.0017
vn 0.9329 0.3571 -0.0465
vn 0.8870 0.4058 0.2206
vn 0.8966 0.3315 0.2936
vn 0.8137 0.5017 -0.2937
vn 0.8385 0.5447 0.0136
vn 0.8707 0.4918 -0.0026
vn 0.8727 0.4883 0.0066
vn 0.9168 0.3619 -0.1690
vn 0.9464 0.2785 -0.1636
vn 0.9362 0.2966 -0.1884
vn 0.9076 0.3639 0.2094
vn 0.8880 0.2714 -0.3712
vn 0.9124 0.3097 -0.2676
vn 0.9004 0.3504 0.2579
vn 0.8749 0.4112 0.2559
vn 0.9477 0.2117 -0.2388
vn 0.8525 0.3500 0.3883
vn 0.9298 0.1667 -0.3282
vn 0.9365 0.1676 0.3080
vn 0.9088 0.0756 -0.4104
vn 0.9595 0.0368 -0.2795
vn 0.9339 0.0830 0.3478
vn 0.8869 -0.0167 -0.4617
vn 0.9615 -0.0038 0.2750
vn 0.9648 0.0118 -0.2628
vn 0.9228 0.0257 0.3843
vn 0.9431 0.0507 -0.3286
vn 0.9494 -0.0366 -0.3120
vn 0.8997 0.0046 0.4366
vn 0.9653 -0.0091 -0.2611
vn 0.9333 0.0440 0.3564
vn 0.9546 0.1133 0.2753
vn 0.8528 0.1286 0.5061
vn 0.9017 0.2675 -0.3396
vn 0.9678 0.1149 -0.2241
vn 0.8945 0.1726 0.4125
vn 0.9215 0.3625 -0.1393
vn 0.9662 0.2473 -0.0724
vn 0.9559 0.2898 0.0474
vn 0.9513 0.2128 0.2232
vn 0.9106 0.3686 0.1871
vn 0.9568 -0.2902 -0.0180
vn 0.8772 -0.4773 0.0514
vn 0.8479 -0.5267 0.0603
vn 0.9189 -0.0099 -0.3945
vn 0.9778 -0.2093 -0.0003
vn 0.9913 -0.1309 0.0129
vn 0.9682 -0.2500 -0.0048
vn 0.9309 -0.3609 -0.0564
vn 0.9391 -0.3357 0.0738
vn 0.9581 -0.2823 0.0488
vn 0.9708 -0.1791 0.1598
vn 0.9871 -0.0411 -0.1547
vn 0.9932 -0.1061 -0.0480
vn 0.9952 -0.0982 -0.0033
vn 0.9936 -0.1127 -0.0049
vn 0.9839 -0.1691 -0.0582
vn 0.9879 -0.1116 -0.1079
vn 0.9516 -0.2937 0.0904
vn 0.9657 -0.2393 0.1005
vn 0.9569 -0.2568 -0.1357
vn 0.9989 -0.0461 -0.0022
vn 0.9966 -0.0821 -0.0104
vn 0.9959 -0.0908 -0.0009
vn 0.9929 -0.0852 0.0834
vn 0.9995 -0.0309 -0.0028
vn 1.0000 -0.0016 0.0010
vn 0.9972 -0.0731 -0.0129
vn 0.9801 -0.1975 -0.0202
vn 0.9913 -0.0762 0.1073
vn 0.9918 -0.0505 0.1171
vn 0.9929 -0.0002 0.1192
vn 0.9671 -0.0448 0.2505
vn 0.9768 -0.0043 -0.2139
vn 0.9997 0.0238 0.0005
vn 1.0000 0.0028 0.0007
vn 0.9999 -0.0121 -0.0080
vn 0.9999 0.0080 -0.0101
vn 0.9797 -0.0134 0.2001
vn 0.9994 0.0104 -0.0328
vn 0.9919 0.1077 -0.0672
vn 0.9874 0.0915 -0.1294
vn 0.9909 -0.0211 -0.1331
vn 0.9920 -0.0157 -0.1253
vn 0.9977 -0.0278 -0.0621
vn 0.9919 0.0368 0.1218
vn 0.9905 0.1044 0.0896
vn 0.9727 0.0084 0.2318
vn 0.9904 0.0464 -0.1300
vn 1.0000 0.0087 0.0047
vn 0.9985 0.0457 0.0313
vn 0.9927 0.0336 -0.1160
vn 0.9906 0.0349 0.1325
vn 0.9715 0.2006 -0.1264
vn 0.9982 0.0598 0.0026
vn 0.9947 0.1028 0.0001
vn 0.9778 0.1871 -0.0946
vn 0.9658 0.2241 0.1307
vn 0.9706 0.0229 0.2396
vn 0.9907 0.1249 -0.0539
vn 0.9913 0.1315 -0.0014
vn 0.9912 0.1325 -0.0046
vn 0.9854 0.1701 0.0022
vn 0.9845 0.1754 -0.0005
vn 0.9867 0.1615 -0.0178
vn 0.9855 0.1283 -0.1108
vn 0.9967 0.0299 -0.0756
vn 0.9733 0.1324 0.1877
vn 0.9707 0.1186 0.2090
vn 0.9867 0.0949 0.1322
vn 0.9693 0.2229 0.1039
vn 0.9605 0.2229 -0.1669
vn 0.9936 0.1010 -0.0497
vn 0.9859 0.1328 0.1021
vn 0.9780 0.1534 -0.1415
vn 0.9890 0.1417 -0.0418
vn 0.9406 0.2909 0.1750
vn 0.9847 0.1127 0.1328
vn 0.9484 0.2054 0.2415
vn 0.9813 0.0844 -0.1731
vn 0.9457 0.2520 0.2052
vn 0.9569 0.1691 0.2362
vn 0.9910 0.0425 0.1270
vn 0.9986 0.0159 0.0503
vn 0.9783 0.0141 0.2068
vn 0.9962 -0.0044 -0.0871
vn 0.9991 0.0025 0.0427
vn 0.9873 0.0259 -0.1565
vn 0.9752 -0.0013 0.2212
vn 0.9989 0.0453 -0.0137
vn 0.9842 0.0146 0.1763
vn 0.9934 0.0991 -0.0578
vn 0.9869 0.0753 0.1424
vn 0.9966 -0.0625 -0.0533
vn 0.9949 -0.1005 -0.0006
vn 0.9916 -0.1155 0.0585
vn 0.9976 -0.0258 0.0638
vn 0.9914 -0.0234 0.1284
vn 0.9988 0.0160 0.0459
vn 0.9989 0.0455 -0.0091
vn 0.9941 0.1068 0.0175
vn 0.9947 0.0700 0.0753
f 1782//1782 1757//1757 1753//1753
f 1783//1783 1754//1754 1755//1755
f 1759//1759 1759//1759 1759//1759
f 1760//1760 1760//1760 1759//1759
f 1760//1760 1759//1759 1759//1759
f 1761//1761 1761//1761 1760//1760
f 1761//1761 1760//1760 1760//1760
f 1762//1762 1762//1762 1761//1761
f 1762//1762 1761//1761 1761//1761
f 1763//1763 1763//1763 1762//1762
f 1763//1763 1762//1762 1762//1762
f 1764//1764 1764//1764 1763//1763
f 1764//1764 1763//1763 1763//1763
f 1765//1765 1765//1765 1764//1764
f 1765//1765 1764//1764 1764//1764
f 1766//1766 1766//1766 1765//1765
f 1766//1766 1765//1765 1765//1765
f 1767//1767 1767//1767 1766//1766
f 1767//1767 1766//1766 1766//1766
f 1768//1768 1768//1768 1767//1767
f 1768//1768 1767//1767 1767//1767
f 1769//1769 1769//1769 1768//1768
f 1769//1769 1768//1768 1768//1768
f 1770//1770 1770//1770 1769//1769
f 1770//1770 1769//1769 1769//1769
f 1771//1771 1771//1771 1770//1770
f 1771//1771 1770//1770 1770//1770
f 1772//1772 1773//1773 1771//1771
f 1772//1772 1771//1771 1771//1771
f 1773//1773 1756//1756 1802//1802
f 1756//1756 1757//1757 1782//1782
f 1782//1782 1753//1753 1754//1754
f 1808//1808 1754//1754 1783//1783
f 1755//1755 1758//1758 1779//1779
f 1779//1779 1758//1758 1774//1774
f 1759//1759 1759//1759 1775//1775
f 1759//1759 1775//1775 1775//1775
f 1776//1776 1759//1759 1760//1760
f 1775//1775 1759//1759 1776//1776
f 1777//1777 1760//1760 1761//1761
f 1776//1776 1760//1760 1777//1777
f 1777//1777 1761//1761 1762//1762
f 1777//1777 1762//1762 1763//1763
f 1777//1777 1763//1763 1764//1764
f 1778//1778 1764//1764 1765//1765
f 1777//1777 1764//1764 1778//1778
f 1778//1778 1765//1765 1766//1766
f 1778//1778 1766//1766 1767//1767
f 1778//1778 1767//1767 1768//1768
f 1778//1778 1768//1768 1769//1769
f 1778//1778 1769//1769 1770//1770
f 1778//1778 1770//1770 1771//1771
f 1778//1778 1771//1771 1773//1773
f 1775//1775 1775//1775 1780//1780
f 1775//1775 1780//1780 1780//1780
f 1781//1781 1775//1775 1776//1776
f 1780//1780 1775//1775 1781//1781
f 1781//1781 1776//1776 1777//1777
f 1781//1781 1777//1777 1785//1785
f 1785//1785 1777//1777 1786//1786
f 1777//1777 1778//1778 1786//1786
f 1786//1786 1778//1778 1801//1801
f 1801//1801 1778//1778 1773//1773
f 1802//1802 1756//1756 1782//1782
f 1782//1782 1754//1754 1808//1808
f 1783//1783 1755//1755 1779//1779
f 1780//1780 1780//1780 1784//1784
f 1780//1780 1784//1784 1784//1784
f 1784//1784 1780//1780 1781//1781
f 1807//1807 1801//1801 1773//1773
f 1807//1807 1773//1773 1802//1802
f 1802//1802 1782//1782 1803//1803
f 1803//1803 1782//1782 1808//1808
f 1808//1808 1783//1783 1804//1804
f 1784//1784 1784//1784 1787//1787
f 1784//1784 1787//1787 1787//1787
f 1788//1788 1784//1784 1781//1781
f 1787//1787 1784//1784 1788//1788
f 1789//1789 1781//1781 1785//1785
f 1788//1788 1781//1781 1789//1789
f 1789//1789 1785//1785 1790//1790
f 1790//1790 1785//1785 1791//1791
f 1791//1791 1785//1785 1792//1792
f 1793//1793 1785//1785 1786//1786
f 1792//1792 1785//1785 1793//1793
f 1793//1793 1786//1786 1794//1794
f 1794//1794 1786//1786 1795//1795
f 1795//1795 1786//1786 1796//1796
f 1796//1796 1786//1786 1797//1797
f 1797//1797 1786//1786 1798//1798
f 1799//1799 1786//1786 1801//1801
f 1798//1798 1786//1786 1799//1799
f 1799//1799 1801//1801 1800//1800
f 1800//1800 1801//1801 1806//1806
f 1803//1803 1808//1808 1813//1813
f 1813//1813 1808//1808 1858//1858
f 1783//1783 1779//1779 1804//1804
f 1787//1787 1787//1787 1787//1787
f 1787//1787 1787//1787 1788//1788
f 1787//1787 1788//1788 1788//1788
f 1788//1788 1788//1788 1789//1789
f 1788//1788 1789//1789 1789//1789
f 1789//1789 1789//1789 1790//1790
f 1789//1789 1790//1790 1790//1790
f 1790//1790 1790//1790 1791//1791
f 1790//1790 1791//1791 1791//1791
f 1791//1791 1791//1791 1792//1792
f 1791//1791 1792//1792 1792//1792
f 1792//1792 1792//1792 1793//1793
f 1792//1792 1793//1793 1793//1793
f 1793//1793 1793//1793 1794//1794
f 1793//1793 1794//1794 1794//1794
f 1794//1794 1794//1794 1795//1795
f 1794//1794 1795//1795 1795//1795
f 1795//1795 1795//1795 1796//1796
f 1795//1795 1796//1796 1796//1796
f 1796//1796 1796//1796 1797//1797
f 1796//1796 1797//1797 1797//1797
f 1797//1797 1797//1797 1798//1798
f 1797//1797 1798//1798 1798//1798
f 1798//1798 1798//1798 1799//1799
f 1798//1798 1799//1799 1799//1799
f 1805//1805 1809//1809 1799//1799
f 1799//1799 1805//1805 1799//1799
f 1800//1800 1805//1805 1799//1799
f 1806//1806 1801//1801 1807//1807
f 1807//1807 1802//1802 1810//1810
f 1810//1810 1802//1802 1812//1812
f 1802//1802 1803//1803 1811//1811
f 1811//1811 1803//1803 1813//1813
f 1808//1808 1804//1804 1858//1858
f 1809//1809 1805//1805 1800//1800
f 1812//1812 1802//1802 1811//1811
f 1817//1817 1871//1871 1806//1806
f 1817//1817 1806//1806 1807//1807
f 1807//1807 1810//1810 1812//1812
f 1812//1812 1811//1811 1813//1813
f 1813//1813 1858//1858 1863//1863
f 1817//1817 1807//1807 1815//1815
f 1815//1815 1807//1807 1812//1812
f 1812//1812 1813//1813 1872//1872
f 1872//1872 1813//1813 1862//1862
f 1817//1817 1814//1814 1871//1871
f 1815//1815 1812//1812 1816//1816
f 1815//1815 1816//1816 1817//1817
f 1814//1814 1817//1817 1881//1881
f 1882//1882 1881//1881 1817//1817
f 1898//1898 1755//1755 1819//1819
f 1827//1827 1755//1755 1898//1898
f 1823//1823 1824//1824 1822//1822
f 1835//1835 1826//1826 1818//1818
f 1828//1828 1755//1755 1827//1827
f 1837//1837 1821//1821 1822//1822
f 1837//1837 1822//1822 1824//1824
f 1837//1837 1824//1824 1831//1831
f 1831//1831 1824//1824 1842//1842
f 1842//1842 1824//1824 1832//1832
f 1757//1757 1825//1825 1826//1826
f 1834//1834 1825//1825 1757//1757
f 1757//1757 1826//1826 1835//1835
f 1757//1757 1835//1835 1818//1818
f 1757//1757 1818//1818 1753//1753
f 1753//1753 1818//1818 1819//1819
f 1753//1753 1819//1819 1754//1754
f 1754//1754 1819//1819 1755//1755
f 1828//1828 1758//1758 1755//1755
f 1774//1774 1829//1829 1830//1830
f 1950//1950 1830//1830 1836//1836
f 1844//1844 1830//1830 1950//1950
f 1845//1845 1821//1821 1837//1837
f 1838//1838 1837//1837 1839//1839
f 1839//1839 1837//1837 1840//1840
f 1841//1841 1837//1837 1831//1831
f 1840//1840 1837//1837 1841//1841
f 1841//1841 1831//1831 1842//1842
f 1842//1842 1832//1832 1833//1833
f 1842//1842 1833//1833 1834//1834
f 1842//1842 1834//1834 1773//1773
f 1773//1773 1834//1834 1756//1756
f 1756//1756 1834//1834 1757//1757
f 1758//1758 1828//1828 1829//1829
f 1829//1829 1774//1774 1758//1758
f 1774//1774 1830//1830 1844//1844
f 1843//1843 1845//1845 1837//1837
f 1759//1759 1843//1843 1759//1759
f 1843//1843 1838//1838 1759//1759
f 1843//1843 1837//1837 1838//1838
f 1759//1759 1838//1838 1760//1760
f 1760//1760 1838//1838 1839//1839
f 1760//1760 1839//1839 1761//1761
f 1761//1761 1839//1839 1762//1762
f 1762//1762 1839//1839 1840//1840
f 1762//1762 1840//1840 1763//1763
f 1763//1763 1840//1840 1764//1764
f 1764//1764 1840//1840 1841//1841
f 1764//1764 1841//1841 1765//1765
f 1765//1765 1841//1841 1766//1766
f 1766//1766 1841//1841 1842//1842
f 1766//1766 1842//1842 1767//1767
f 1767//1767 1842//1842 1768//1768
f 1768//1768 1842//1842 1769//1769
f 1769//1769 1842//1842 1770//1770
f 1770//1770 1842//1842 1771//1771
f 1771//1771 1842//1842 1772//1772
f 1772//1772 1842//1842 1773//1773
f 1846//1846 1845//1845 1843//1843
f 1775//1775 1846//1846 1759//1759
f 1759//1759 1846//1846 1843//1843
f 1849//1849 1779//1779 1774//1774
f 1780//1780 1846//1846 1775//1775
f 1847//1847 1774//1774 1844//1844
f 1849//1849 1774//1774 1847//1847
f 1848//1848 1845//1845 1846//1846
f 1854//1854 1845//1845 1848//1848
f 1784//1784 1848//1848 1780//1780
f 1780//1780 1848//1848 1846//1846
f 1787//1787 1848//1848 1784//1784
f 1849//1849 1804//1804 1779//1779
f 1787//1787 1850//1850 1787//1787
f 1850//1850 1848//1848 1787//1787
f 1788//1788 1851//1851 1787//1787
f 1787//1787 1851//1851 1850//1850
f 1789//1789 1852//1852 1788//1788
f 1788//1788 1852//1852 1851//1851
f 1790//1790 1852//1852 1789//1789
f 1791//1791 1852//1852 1790//1790
f 1792//1792 1853//1853 1791//1791
f 1791//1791 1853//1853 1852//1852
f 1793//1793 1853//1853 1792//1792
f 1794//1794 1853//1853 1793//1793
f 1795//1795 1853//1853 1794//1794
f 1796//1796 1853//1853 1795//1795
f 1797//1797 1853//1853 1796//1796
f 1798//1798 1853//1853 1797//1797
f 1799//1799 1853//1853 1798//1798
f 1809//1809 1853//1853 1799//1799
f 1849//1849 1847//1847 1915//1915
f 1865//1865 1854//1854 1848//1848
f 1865//1865 1848//1848 1850//1850
f 1865//1865 1850//1850 1851//1851
f 1865//1865 1851//1851 1852//1852
f 1856//1856 1852//1852 1853//1853
f 1809//1809 1857//1857 1853//1853
f 1800//1800 1857//1857 1809//1809
f 1806//1806 1857//1857 1800//1800
f 1804//1804 1859//1859 1858//1858
f 1859//1859 1804//1804 1849//1849
f 1849//1849 1915//1915 1859//1859
f 1855//1855 1854//1854 1865//1865
f 1865//1865 1852//1852 1856//1856
f 1861//1861 1856//1856 1853//1853
f 1861//1861 1853//1853 1857//1857
f 1871//1871 1857//1857 1806//1806
f 1813//1813 1863//1863 1862//1862
f 1858//1858 1874//1874 1863//1863
f 1865//1865 1864//1864 1855//1855
f 1860//1860 1856//1856 1861//1861
f 1861//1861 1857//1857 1869//1869
f 1858//1858 1859//1859 1874//1874
f 1917//1917 1865//1865 1856//1856
f 1856//1856 1860//1860 1866//1866
f 1866//1866 1860//1860 1861//1861
f 1866//1866 1861//1861 1867//1867
f 1868//1868 1867//1867 1861//1861
f 1868//1868 1861//1861 1869//1869
f 1857//1857 1870//1870 1875//1875
f 1871//1871 1870//1870 1857//1857
f 1872//1872 1877//1877 1812//1812
f 1872//1872 1862//1862 1873//1873
f 1862//1862 1863//1863 1873//1873
f 1871//1871 1875//1875 1870//1870
f 1876//1876 1871//1871 1814//1814
f 1812//1812 1877//1877 1816//1816
f 1872//1872 1873//1873 1878//1878
f 1871//1871 1880//1880 1875//1875
f 1880//1880 1871//1871 1876//1876
f 1880//1880 1876//1876 1814//1814
f 1816//1816 1877//1877 1817//1817
f 1877//1877 1872//1872 1878//1878
f 1881//1881 1880//1880 1814//1814
f 1882//1882 1817//1817 1877//1877
f 1884//1884 1879//1879 1880//1880
f 1888//1888 1884//1884 1880//1880
f 1888//1888 1880//1880 1881//1881
f 1885//1885 1881//1881 1882//1882
f 1890//1890 1884//1884 1888//1888
f 1888//1888 1881//1881 1885//1885
f 1886//1886 1885//1885 1882//1882
f 1882//1882 1926//1926 1883//1883
f 1882//1882 1883//1883 1886//1886
f 1887//1887 1884//1884 1890//1890
f 1889//1889 1885//1885 1886//1886
f 1888//1888 1885//1885 1889//1889
f 1889//1889 1886//1886 1891//1891
f 1887//1887 1890//1890 1892//1892
f 1890//1890 1888//1888 1889//1889
f 1890//1890 1889//1889 1891//1891
f 1892//1892 1890//1890 1893//1893
f 1890//1890 1891//1891 1893//1893
f 1895//1895 1832//1832 1894//1894
f 1900//1900 1898//1898 1899//1899
f 1909//1909 1830//1830 1900//1900
f 1901//1901 1941//1941 1894//1894
f 1901//1901 1894//1894 1902//1902
f 1902//1902 1894//1894 1903//1903
f 1903//1903 1894//1894 1904//1904
f 1905//1905 1894//1894 1832//1832
f 1904//1904 1894//1894 1905//1905
f 1905//1905 1832//1832 1824//1824
f 1906//1906 1832//1832 1895//1895
f 1906//1906 1895//1895 1833//1833
f 1834//1834 1833//1833 1895//1895
f 1834//1834 1895//1895 1896//1896
f 1907//1907 1897//1897 1826//1826
f 1907//1907 1896//1896 1897//1897
f 1826//1826 1897//1897 1818//1818
f 1818//1818 1897//1897 1935//1935
f 1818//1818 1935//1935 1819//1819
f 1819//1819 1935//1935 1898//1898
f 1898//1898 1900//1900 1827//1827
f 1908//1908 1900//1900 1830//1830
f 1911//1911 1940//1940 1820//1820
f 1820//1820 1940//1940 1821//1821
f 1821//1821 1940//1940 1901//1901
f 1821//1821 1901//1901 1822//1822
f 1822//1822 1901//1901 1902//1902
f 1822//1822 1902//1902 1903//1903
f 1822//1822 1903//1903 1904//1904
f 1822//1822 1904//1904 1905//1905
f 1822//1822 1905//1905 1823//1823
f 1823//1823 1905//1905 1824//1824
f 1832//1832 1906//1906 1833//1833
f 1825//1825 1834//1834 1896//1896
f 1825//1825 1896//1896 1826//1826
f 1826//1826 1896//1896 1907//1907
f 1827//1827 1900//1900 1828//1828
f 1828//1828 1900//1900 1908//1908
f 1828//1828 1908//1908 1829//1829
f 1829//1829 1908//1908 1830//1830
f 1830//1830 1909//1909 1836//1836
f 1912//1912 1911//1911 1821//1821
f 1821//1821 1911//1911 1820//1820
f 1836//1836 1910//1910 1950//1950
f 1845//1845 1912//1912 1821//1821
f 1981//1981 1844//1844 1950//1950
f 1845//1845 1913//1913 1912//1912
f 1854//1854 1913//1913 1845//1845
f 1854//1854 1914//1914 1913//1913
f 1855//1855 1916//1916 1854//1854
f 1854//1854 1916//1916 1914//1914
f 1919//1919 1916//1916 1855//1855
f 1864//1864 1919//1919 1855//1855
f 1874//1874 1915//1915 1987//1987
f 1859//1859 1915//1915 1874//1874
f 1917//1917 1864//1864 1865//1865
f 1866//1866 1917//1917 1856//1856
f 1866//1866 1918//1918 1917//1917
f 1867//1867 1918//1918 1866//1866
f 1857//1857 1875//1875 1869//1869
f 1920//1920 1864//1864 1917//1917
f 1920//1920 1917//1917 1918//1918
f 1920//1920 1918//1918 1921//1921
f 1921//1921 1918//1918 1867//1867
f 1863//1863 1878//1878 1873//1873
f 1878//1878 1874//1874 1996//1996
f 1863//1863 1874//1874 1878//1878
f 1922//1922 1869//1869 1923//1923
f 1869//1869 1924//1924 1923//1923
f 1875//1875 1924//1924 1869//1869
f 1880//1880 1924//1924 1875//1875
f 1879//1879 1924//1924 1880//1880
f 1878//1878 1882//1882 1877//1877
f 1959//1959 1878//1878 1957//1957
f 1882//1882 1878//1878 1959//1959
f 1884//1884 1925//1925 1879//1879
f 1879//1879 1925//1925 1924//1924
f 1926//1926 1882//1882 1959//1959
f 1883//1883 1926//1926 1960//1960
f 1927//1927 1962//1962 1925//1925
f 1884//1884 1927//1927 1925//1925
f 1884//1884 1962//1962 1927//1927
f 1929//1929 1886//1886 1960//1960
f 1960//1960 1886//1886 1883//1883
f 1928//1928 1962//1962 1884//1884
f 1930//1930 1962//1962 1928//1928
f 1887//1887 1928//1928 1884//1884
f 1929//1929 1891//1891 1886//1886
f 1891//1891 1929//1929 2049//2049
f 1891//1891 1965//1965 1931//1931
f 1891//1891 2049//2049 1965//1965
f 1928//1928 1966//1966 1964//1964
f 1892//1892 1928//1928 1887//1887
f 1928//1928 1968//1968 1966//1966
f 1968//1968 1928//1928 1892//1892
f 1892//1892 1933//1933 1968//1968
f 1932//1932 1891//1891 1931//1931
f 1893//1893 1891//1891 1932//1932
f 1934//1934 1892//1892 1893//1893
f 1933//1933 1892//1892 1934//1934
f 1938//1938 1977//1977 1937//1937
f 1940//1940 1941//1941 1901//1901
f 1941//1941 1942//1942 1894//1894
f 1942//1942 1943//1943 1894//1894
f 1943//1943 1944//1944 1894//1894
f 1944//1944 1945//1945 1894//1894
f 1894//1894 1945//1945 1895//1895
f 1895//1895 1945//1945 1896//1896
f 1896//1896 1945//1945 1935//1935
f 1896//1896 1935//1935 1897//1897
f 1935//1935 1936//1936 1898//1898
f 1898//1898 1936//1936 1937//1937
f 1898//1898 1937//1937 1899//1899
f 1899//1899 1937//1937 1977//1977
f 1899//1899 1977//1977 1900//1900
f 1977//1977 1946//1946 1900//1900
f 1900//1900 1946//1946 1909//1909
f 1911//1911 1947//1947 1939//1939
f 1911//1911 1939//1939 1940//1940
f 1946//1946 1836//1836 1909//1909
f 1836//1836 1946//1946 1910//1910
f 1910//1910 1946//1946 1979//1979
f 1979//1979 1948//1948 1910//1910
f 1948//1948 1980//1980 1910//1910
f 1912//1912 1949//1949 1911//1911
f 1980//1980 1950//1950 1910//1910
f 1981//1981 1985//1985 1844//1844
f 1951//1951 1847//1847 1844//1844
f 1844//1844 1985//1985 1951//1951
f 1913//1913 1914//1914 1912//1912
f 1951//1951 1915//1915 1847//1847
f 1916//1916 1952//1952 1914//1914
f 1985//1985 2135//2135 1915//1915
f 1953//1953 1987//1987 1915//1915
f 1915//1915 2135//2135 2016//2016
f 1915//1915 2016//2016 1953//1953
f 1955//1955 1986//1986 1916//1916
f 1954//1954 1955//1955 1916//1916
f 1919//1919 1954//1954 1916//1916
f 1919//1919 1955//1955 1954//1954
f 1992//1992 1874//1874 1987//1987
f 1956//1956 1955//1955 1919//1919
f 1864//1864 1956//1956 1919//1919
f 1864//1864 1993//1993 1956//1956
f 1920//1920 1993//1993 1864//1864
f 1868//1868 1869//1869 1867//1867
f 1874//1874 1991//1991 1996//1996
f 1992//1992 1991//1991 1874//1874
f 1993//1993 1920//1920 2018//2018
f 2018//2018 1920//1920 1921//1921
f 1867//1867 1869//1869 1995//1995
f 1995//1995 1869//1869 1922//1922
f 1996//1996 1957//1957 1878//1878
f 1923//1923 1958//1958 1922//1922
f 1924//1924 1958//1958 1923//1923
f 1925//1925 2024//2024 1924//1924
f 1924//1924 2024//2024 1958//1958
f 1959//1959 1998//1998 1926//1926
f 1962//1962 1997//1997 1925//1925
f 1925//1925 1997//1997 2024//2024
f 1926//1926 1998//1998 1961//1961
f 1961//1961 1960//1960 1926//1926
f 1960//1960 1961//1961 2000//2000
f 2049//2049 1929//1929 1960//1960
f 1960//1960 2000//2000 2049//2049
f 1963//1963 1962//1962 1930//1930
f 1928//1928 1963//1963 1930//1930
f 1928//1928 1964//1964 1963//1963
f 2003//2003 1970//1970 1931//1931
f 2003//2003 1931//1931 1965//1965
f 1966//1966 2028//2028 1967//1967
f 1968//1968 2028//2028 1966//1966
f 1932//1932 1970//1970 1893//1893
f 1893//1893 1970//1970 1969//1969
f 1970//1970 1932//1932 1931//1931
f 1933//1933 1934//1934 1968//1968
f 1969//1969 1934//1934 1893//1893
f 2006//2006 1934//1934 2031//2031
f 1973//1973 1974//1974 1972//1972
f 1935//1935 1975//1975 1936//1936
f 1975//1975 1937//1937 1936//1936
f 2011//2011 1977//1977 1938//1938
f 1971//1971 1939//1939 2007//2007
f 1939//1939 2013//2013 2007//2007
f 1939//1939 1971//1971 1940//1940
f 1940//1940 1971//1971 1972//1972
f 1940//1940 1972//1972 1941//1941
f 1941//1941 1972//1972 1942//1942
f 1942//1942 1972//1972 1943//1943
f 1943//1943 1972//1972 1944//1944
f 1944//1944 1972//1972 1974//1974
f 1944//1944 1974//1974 1945//1945
f 1945//1945 1974//1974 1973//1973
f 1945//1945 1973//1973 1975//1975
f 1945//1945 1975//1975 1935//1935
f 1977//1977 2011//2011 1946//1946
f 1946//1946 2011//2011 1978//1978
f 1946//1946 1978//1978 2012//2012
f 1979//1979 1946//1946 2012//2012
f 1947//1947 2013//2013 1939//1939
f 1979//1979 1980//1980 1948//1948
f 2015//2015 2013//2013 1911//1911
f 1911//1911 2013//2013 1947//1947
f 2015//2015 1911//1911 1949//1949
f 1950//1950 1980//1980 2014//2014
f 1912//1912 2039//2039 1949//1949
f 2130//2130 1981//1981 1950//1950
f 1912//1912 1982//1982 2039//2039
f 1912//1912 1983//1983 1982//1982
f 1914//1914 1983//1983 1912//1912
f 1915//1915 1951//1951 1985//1985
f 1952//1952 1983//1983 1914//1914
f 1916//1916 1984//1984 1952//1952
f 1984//1984 1916//1916 1986//1986
f 2016//2016 1987//1987 1953//1953
f 1988//1988 1986//1986 1955//1955
f 1989//1989 1992//1992 1987//1987
f 1990//1990 1989//1989 1987//1987
f 1990//1990 1987//1987 2016//2016
f 1988//1988 1955//1955 1956//1956
f 2017//2017 1988//1988 1956//1956
f 1994//1994 2018//2018 1921//1921
f 1994//1994 1921//1921 1867//1867
f 1995//1995 1994//1994 1867//1867
f 1996//1996 1991//1991 2019//2019
f 1959//1959 1957//1957 1996//1996
f 1958//1958 2024//2024 1922//1922
f 1962//1962 1999//1999 1997//1997
f 1962//1962 2001//2001 1999//1999
f 1963//1963 2001//2001 1962//1962
f 2000//2000 2109//2109 2049//2049
f 1963//1963 1964//1964 2002//2002
f 2026//2026 1965//1965 2049//2049
f 2026//2026 2049//2049 2025//2025
f 2026//2026 2003//2003 1965//1965
f 2004//2004 1964//1964 1966//1966
f 2004//2004 1966//1966 1967//1967
f 2028//2028 2004//2004 1967//1967
f 2029//2029 1970//1970 2003//2003
f 2005//2005 2004//2004 2028//2028
f 2031//2031 1934//1934 1969//1969
f 2029//2029 1969//1969 1970//1970
f 2030//2030 2028//2028 1968//1968
f 1934//1934 2030//2030 1968//1968
f 2031//2031 1969//1969 2053//2053
f 2056//2056 1934//1934 2006//2006
f 2056//2056 2006//2006 2031//2031
f 1971//1971 2033//2033 1972//1972
f 1972//1972 2033//2033 1973//1973
f 2033//2033 2008//2008 1973//1973
f 2008//2008 1976//1976 1973//1973
f 1973//1973 1976//1976 1975//1975
f 1976//1976 2009//2009 1975//1975
f 2009//2009 2035//2035 1975//1975
f 2035//2035 1937//1937 1975//1975
f 1978//1978 2037//2037 2012//2012
f 2011//2011 2037//2037 1978//1978
f 1980//1980 1979//1979 2012//2012
f 2130//2130 1950//1950 2014//2014
f 2039//2039 2015//2015 1949//1949
f 2133//2133 1985//1985 1981//1981
f 1984//1984 1983//1983 1952//1952
f 1984//1984 1986//1986 1983//1983
f 2209//2209 2135//2135 1985//1985
f 2135//2135 2042//2042 2016//2016
f 1988//1988 2069//2069 1986//1986
f 2043//2043 2069//2069 1988//1988
f 1992//1992 1989//1989 1990//1990
f 2017//2017 2043//2043 1988//1988
f 2017//2017 1956//1956 2072//2072
f 1993//1993 2021//2021 1956//1956
f 1993//1993 2022//2022 2021//2021
f 1993//1993 2018//2018 2022//2022
f 1991//1991 1992//1992 2019//2019
f 2045//2045 2072//2072 1956//1956
f 2045//2045 1956//1956 2021//2021
f 1922//1922 1994//1994 1995//1995
f 2023//2023 1994//1994 1922//1922
f 2020//2020 1959//1959 1996//1996
f 2020//2020 1996//1996 2019//2019
f 1922//1922 2024//2024 2023//2023
f 2020//2020 1998//1998 1959//1959
f 1997//1997 2046//2046 2024//2024
f 1961//1961 1998//1998 2020//2020
f 2047//2047 2000//2000 1961//1961
f 1999//1999 2001//2001 1997//1997
f 2109//2109 2000//2000 2047//2047
f 2002//2002 2110//2110 1963//1963
f 2002//2002 1964//1964 2050//2050
f 1964//1964 2051//2051 2050//2050
f 2051//2051 1964//1964 2005//2005
f 2026//2026 2029//2029 2003//2003
f 2005//2005 1964//1964 2004//2004
f 2027//2027 2052//2052 2029//2029
f 2027//2027 2029//2029 2026//2026
f 2053//2053 1969//1969 2029//2029
f 2030//2030 2115//2115 2028//2028
f 2056//2056 2030//2030 1934//1934
f 2058//2058 2031//2031 2053//2053
f 2032//2032 2007//2007 2013//2013
f 2033//2033 2034//2034 2008//2008
f 2008//2008 2034//2034 1976//1976
f 2035//2035 2094//2094 1937//1937
f 1937//1937 2094//2094 2010//2010
f 1938//1938 2036//2036 2011//2011
f 2036//2036 2037//2037 2011//2011
f 2012//2012 2037//2037 2036//2036
f 2038//2038 2064//2064 2013//2013
f 2032//2032 2013//2013 2064//2064
f 1980//1980 2012//2012 2036//2036
f 2038//2038 2013//2013 2015//2015
f 2036//2036 2014//2014 1980//1980
f 2133//2133 1981//1981 2130//2130
f 1983//1983 2040//2040 1982//1982
f 1986//1986 2068//2068 1983//1983
f 2099//2099 2209//2209 1985//1985
f 1986//1986 2041//2041 2068//2068
f 2069//2069 2041//2041 1986//1986
f 2016//2016 2071//2071 1990//1990
f 2042//2042 2071//2071 2016//2016
f 2071//2071 1992//1992 1990//1990
f 2019//2019 1992//1992 2071//2071
f 2044//2044 2072//2072 2045//2045
f 2044//2044 2104//2104 2072//2072
f 2045//2045 2021//2021 2022//2022
f 2074//2074 2045//2045 2022//2022
f 2074//2074 2022//2022 2018//2018
f 2074//2074 2018//2018 1994//1994
f 1994//1994 2023//2023 2075//2075
f 2023//2023 2024//2024 2075//2075
f 2024//2024 2046//2046 2075//2075
f 2020//2020 2047//2047 1961//1961
f 1997//1997 2077//2077 2046//2046
f 2001//2001 2077//2077 1997//1997
f 2001//2001 1963//1963 2077//2077
f 2047//2047 2078//2078 2109//2109
f 2110//2110 2048//2048 1963//1963
f 2109//2109 2147//2147 2049//2049
f 2081//2081 2025//2025 2049//2049
f 2049//2049 2147//2147 2079//2079
f 2049//2049 2079//2079 2081//2081
f 2026//2026 2025//2025 2081//2081
f 2005//2005 2028//2028 2051//2051
f 2051//2051 2028//2028 2083//2083
f 2026//2026 2052//2052 2027//2027
f 2028//2028 2115//2115 2083//2083
f 2054//2054 2053//2053 2029//2029
f 2054//2054 2029//2029 2052//2052
f 2055//2055 2115//2115 2030//2030
f 2056//2056 2055//2055 2030//2030
f 2086//2086 2056//2056 2058//2058
f 2056//2056 2057//2057 2058//2058
f 2056//2056 2031//2031 2057//2057
f 2058//2058 2057//2057 2031//2031
f 2032//2032 2089//2089 2007//2007
f 2089//2089 2059//2059 2007//2007
f 2007//2007 2059//2059 1971//1971
f 1971//1971 2059//2059 2033//2033
f 2033//2033 2090//2090 2034//2034
f 2090//2090 2091//2091 2034//2034
f 2091//2091 2060//2060 2034//2034
f 2060//2060 2061//2061 2034//2034
f 2061//2061 2062//2062 2034//2034
f 2034//2034 2092//2092 1976//1976
f 2062//2062 2092//2092 2034//2034
f 1976//1976 2092//2092 2093//2093
f 2009//2009 2094//2094 2035//2035
f 1937//1937 2063//2063 1938//1938
f 2010//2010 2063//2063 1937//1937
f 1938//1938 2063//2063 2036//2036
f 2064//2064 2038//2038 2066//2066
f 2065//2065 2014//2014 2036//2036
f 2066//2066 2038//2038 2096//2096
f 2015//2015 2096//2096 2038//2038
f 2097//2097 2130//2130 2014//2014
f 1982//1982 2040//2040 2039//2039
f 1983//1983 2132//2132 2040//2040
f 1983//1983 2067//2067 2132//2132
f 2133//2133 2099//2099 1985//1985
f 2068//2068 2067//2067 1983//1983
f 2069//2069 2068//2068 2041//2041
f 2043//2043 2070//2070 2069//2069
f 2101//2101 2071//2071 2042//2042
f 2102//2102 2043//2043 2017//2017
f 2072//2072 2102//2102 2017//2017
f 2071//2071 2139//2139 2019//2019
f 2104//2104 2044//2044 2045//2045
f 2073//2073 2045//2045 2074//2074
f 2074//2074 1994//1994 2075//2075
f 2103//2103 2047//2047 2019//2019
f 2047//2047 2020//2020 2019//2019
f 2046//2046 2077//2077 2075//2075
f 2107//2107 2047//2047 2076//2076
f 2107//2107 2078//2078 2047//2047
f 1963//1963 2108//2108 2077//2077
f 1963//1963 2048//2048 2108//2108
f 2110//2110 2002//2002 2080//2080
f 2083//2083 2050//2050 2051//2051
f 2082//2082 2052//2052 2026//2026
f 2053//2053 2152//2152 2085//2085
f 2053//2053 2054//2054 2152//2152
f 2054//2054 2052//2052 2152//2152
f 2084//2084 2115//2115 2055//2055
f 2084//2084 2055//2055 2056//2056
f 2058//2058 2053//2053 2087//2087
f 2086//2086 2084//2084 2056//2056
f 2064//2064 2089//2089 2032//2032
f 2059//2059 2090//2090 2033//2033
f 1976//1976 2094//2094 2009//2009
f 2094//2094 2124//2124 2010//2010
f 2010//2010 2124//2124 2063//2063
f 2063//2063 2095//2095 2036//2036
f 2088//2088 2064//2064 2126//2126
f 2125//2125 2065//2065 2036//2036
f 2064//2064 2066//2066 2126//2126
f 2065//2065 2097//2097 2014//2014
f 2040//2040 2098//2098 2039//2039
f 2069//2069 2100//2100 2068//2068
f 2069//2069 2070//2070 2100//2100
f 2043//2043 2100//2100 2070//2070
f 2043//2043 2138//2138 2100//2100
f 2137//2137 2071//2071 2101//2101
f 2102//2102 2138//2138 2043//2043
f 2139//2139 2071//2071 2137//2137
f 2072//2072 2182//2182 2102//2102
f 2019//2019 2139//2139 2103//2103
f 2141//2141 2072//2072 2104//2104
f 2185//2185 2104//2104 2045//2045
f 2185//2185 2045//2045 2073//2073
f 2142//2142 2185//2185 2073//2073
f 2142//2142 2073//2073 2074//2074
f 2074//2074 2075//2075 2142//2142
f 2103//2103 2076//2076 2047//2047
f 2077//2077 2144//2144 2075//2075
f 2077//2077 2106//2106 2144//2144
f 2105//2105 2107//2107 2076//2076
f 2145//2145 2078//2078 2107//2107
f 2048//2048 2146//2146 2108//2108
f 2048//2048 2110//2110 2146//2146
f 2111//2111 2080//2080 2002//2002
f 2002//2002 2148//2148 2111//2111
f 2002//2002 2050//2050 2148//2148
f 2079//2079 2191//2191 2081//2081
f 2189//2189 2191//2191 2079//2079
f 2083//2083 2148//2148 2050//2050
f 2083//2083 2112//2112 2148//2148
f 2113//2113 2081//2081 2191//2191
f 2113//2113 2026//2026 2081//2081
f 2082//2082 2026//2026 2113//2113
f 2114//2114 2151//2151 2083//2083
f 2082//2082 2152//2152 2052//2052
f 2115//2115 2114//2114 2083//2083
f 2116//2116 2154//2154 2115//2115
f 2116//2116 2115//2115 2084//2084
f 2086//2086 2117//2117 2084//2084
f 2222//2222 2053//2053 2085//2085
f 2222//2222 2087//2087 2053//2053
f 2085//2085 2152//2152 2222//2222
f 2157//2157 2086//2086 2058//2058
f 2157//2157 2058//2058 2087//2087
f 2089//2089 2159//2159 2059//2059
f 2159//2159 2118//2118 2059//2059
f 2059//2059 2118//2118 2090//2090
f 2090//2090 2118//2118 2091//2091
f 2118//2118 2161//2161 2091//2091
f 2161//2161 2163//2163 2091//2091
f 2091//2091 2163//2163 2060//2060
f 2163//2163 2119//2119 2060//2060
f 2061//2061 2060//2060 2062//2062
f 2060//2060 2120//2120 2062//2062
f 2062//2062 2120//2120 2092//2092
f 2092//2092 2120//2120 2093//2093
f 2093//2093 2121//2121 1976//1976
f 1976//1976 2121//2121 2094//2094
f 2121//2121 2122//2122 2094//2094
f 2094//2094 2122//2122 2124//2124
f 2122//2122 2123//2123 2124//2124
f 2124//2124 2167//2167 2063//2063
f 2167//2167 2095//2095 2063//2063
f 2095//2095 2168//2168 2036//2036
f 2125//2125 2036//2036 2168//2168
f 2088//2088 2126//2126 2158//2158
f 2065//2065 2125//2125 2127//2127
f 2065//2065 2127//2127 2097//2097
f 2066//2066 2096//2096 2171//2171
f 2171//2171 2096//2096 2128//2128
f 2172//2172 2097//2097 2127//2127
f 2015//2015 2128//2128 2096//2096
f 2015//2015 2129//2129 2128//2128
f 2173//2173 2130//2130 2097//2097
f 2039//2039 2129//2129 2015//2015
f 2131//2131 2133//2133 2130//2130
f 2383//2383 2099//2099 2133//2133
f 2068//2068 2134//2134 2067//2067
f 2383//2383 2209//2209 2099//2099
f 2068//2068 2136//2136 2134//2134
f 2100//2100 2136//2136 2068//2068
f 2042//2042 2137//2137 2101//2101
f 2102//2102 2140//2140 2138//2138
f 2102//2102 2182//2182 2140//2140
f 2140//2140 2182//2182 2180//2180
f 2183//2183 2182//2182 2072//2072
f 2183//2183 2072//2072 2141//2141
f 2184//2184 2104//2104 2185//2185
f 2184//2184 2141//2141 2104//2104
f 2076//2076 2103//2103 2143//2143
f 2144//2144 2142//2142 2075//2075
f 2076//2076 2145//2145 2105//2105
f 2143//2143 2145//2145 2076//2076
f 2145//2145 2107//2107 2105//2105
f 2077//2077 2108//2108 2106//2106
f 2186//2186 2078//2078 2145//2145
f 2186//2186 2109//2109 2078//2078
f 2186//2186 2147//2147 2109//2109
f 2080//2080 2188//2188 2110//2110
f 2113//2113 2191//2191 2150//2150
f 2151//2151 2112//2112 2083//2083
f 2150//2150 2149//2149 2082//2082
f 2082//2082 2113//2113 2150//2150
f 2149//2149 2152//2152 2082//2082
f 2154//2154 2151//2151 2114//2114
f 2154//2154 2114//2114 2115//2115
f 2153//2153 2222//2222 2152//2152
f 2154//2154 2116//2116 2084//2084
f 2084//2084 2117//2117 2154//2154
f 2154//2154 2117//2117 2156//2156
f 2087//2087 2155//2155 2263//2263
f 2087//2087 2222//2222 2155//2155
f 2197//2197 2156//2156 2117//2117
f 2197//2197 2117//2117 2086//2086
f 2265//2265 2086//2086 2157//2157
f 2265//2265 2197//2197 2086//2086
f 2157//2157 2087//2087 2263//2263
f 2158//2158 2198//2198 2088//2088
f 2064//2064 2200//2200 2089//2089
f 2088//2088 2200//2200 2064//2064
f 2200//2200 2159//2159 2089//2089
f 2118//2118 2160//2160 2161//2161
f 2161//2161 2162//2162 2163//2163
f 2163//2163 2164//2164 2119//2119
f 2120//2120 2165//2165 2093//2093
f 2165//2165 2121//2121 2093//2093
f 2123//2123 2166//2166 2124//2124
f 2166//2166 2167//2167 2124//2124
f 2167//2167 2168//2168 2095//2095
f 2125//2125 2168//2168 2206//2206
f 2169//2169 2126//2126 2066//2066
f 2158//2158 2126//2126 2169//2169
f 2127//2127 2125//2125 2170//2170
f 2169//2169 2066//2066 2171//2171
f 2172//2172 2127//2127 2170//2170
f 2171//2171 2128//2128 2207//2207
f 2173//2173 2097//2097 2172//2172
f 2174//2174 2130//2130 2173//2173
f 2174//2174 2131//2131 2130//2130
f 2040//2040 2175//2175 2098//2098
f 2040//2040 2277//2277 2175//2175
f 2132//2132 2277//2277 2040//2040
f 2067//2067 2134//2134 2132//2132
f 2278//2278 2383//2383 2133//2133
f 2176//2176 2135//2135 2209//2209
f 2176//2176 2042//2042 2135//2135
f 2177//2177 2136//2136 2100//2100
f 2177//2177 2100//2100 2210//2210
f 2138//2138 2210//2210 2100//2100
f 2178//2178 2210//2210 2138//2138
f 2138//2138 2140//2140 2178//2178
f 2179//2179 2178//2178 2140//2140
f 2180//2180 2179//2179 2140//2140
f 2103//2103 2139//2139 2181//2181
f 2211//2211 2180//2180 2182//2182
f 2289//2289 2183//2183 2141//2141
f 2212//2212 2289//2289 2141//2141
f 2213//2213 2184//2184 2185//2185
f 2244//2244 2213//2213 2185//2185
f 2142//2142 2144//2144 2185//2185
f 2185//2185 2144//2144 2106//2106
f 2143//2143 2103//2103 2181//2181
f 2143//2143 2181//2181 2145//2145
f 2145//2145 2215//2215 2250//2250
f 2108//2108 2146//2146 2106//2106
f 2250//2250 2186//2186 2145//2145
f 2110//2110 2187//2187 2146//2146
f 2110//2110 2188//2188 2187//2187
f 2079//2079 2147//2147 2186//2186
f 2080//2080 2111//2111 2188//2188
f 2112//2112 2111//2111 2148//2148
f 2255//2255 2191//2191 2189//2189
f 2112//2112 2192//2192 2190//2190
f 2150//2150 2191//2191 2193//2193
f 2151//2151 2192//2192 2112//2112
f 2194//2194 2219//2219 2151//2151
f 2150//2150 2152//2152 2149//2149
f 2153//2153 2152//2152 2150//2150
f 2154//2154 2194//2194 2151//2151
f 2195//2195 2221//2221 2154//2154
f 2156//2156 2195//2195 2154//2154
f 2196//2196 2156//2156 2197//2197
f 2263//2263 2265//2265 2157//2157
f 2198//2198 2226//2226 2088//2088
f 2226//2226 2199//2199 2088//2088
f 2199//2199 2200//2200 2088//2088
f 2200//2200 2201//2201 2159//2159
f 2159//2159 2201//2201 2118//2118
f 2118//2118 2202//2202 2160//2160
f 2201//2201 2202//2202 2118//2118
f 2160//2160 2203//2203 2161//2161
f 2202//2202 2203//2203 2160//2160
f 2161//2161 2203//2203 2162//2162
f 2119//2119 2164//2164 2060//2060
f 2164//2164 2230//2230 2060//2060
f 2060//2060 2204//2204 2120//2120
f 2230//2230 2204//2204 2060//2060
f 2120//2120 2231//2231 2165//2165
f 2204//2204 2231//2231 2120//2120
f 2165//2165 2231//2231 2121//2121
f 2231//2231 2205//2205 2121//2121
f 2205//2205 2232//2232 2121//2121
f 2121//2121 2232//2232 2122//2122
f 2232//2232 2123//2123 2122//2122
f 2166//2166 2233//2233 2167//2167
f 2233//2233 2168//2168 2167//2167
f 2158//2158 2169//2169 2198//2198
f 2170//2170 2125//2125 2206//2206
f 2169//2169 2171//2171 2234//2234
f 2206//2206 2172//2172 2170//2170
f 2171//2171 2207//2207 2234//2234
f 2235//2235 2173//2173 2172//2172
f 2129//2129 2207//2207 2128//2128
f 2334//2334 2174//2174 2173//2173
f 2098//2098 2175//2175 2039//2039
f 2334//2334 2131//2131 2174//2174
f 2335//2335 2133//2133 2131//2131
f 2132//2132 2134//2134 2277//2277
f 2335//2335 2278//2278 2133//2133
f 2136//2136 2208//2208 2134//2134
f 2338//2338 2176//2176 2209//2209
f 2338//2338 2042//2042 2176//2176
f 2279//2279 2042//2042 2338//2338
f 2137//2137 2042//2042 2279//2279
f 2139//2139 2240//2240 2181//2181
f 2139//2139 2137//2137 2240//2240
f 2210//2210 2178//2178 2179//2179
f 2210//2210 2179//2179 2180//2180
f 2210//2210 2180//2180 2211//2211
f 2211//2211 2182//2182 2183//2183
f 2211//2211 2183//2183 2289//2289
f 2212//2212 2141//2141 2184//2184
f 2243//2243 2212//2212 2184//2184
f 2243//2243 2184//2184 2213//2213
f 2245//2245 2244//2244 2185//2185
f 2185//2185 2106//2106 2245//2245
f 2214//2214 2215//2215 2145//2145
f 2145//2145 2181//2181 2240//2240
f 2145//2145 2240//2240 2214//2214
f 2246//2246 2245//2245 2106//2106
f 2146//2146 2216//2216 2106//2106
f 2146//2146 2251//2251 2216//2216
f 2252//2252 2186//2186 2250//2250
f 2187//2187 2251//2251 2146//2146
f 2252//2252 2079//2079 2186//2186
f 2189//2189 2079//2079 2252//2252
f 2111//2111 2253//2253 2188//2188
f 2302//2302 2189//2189 2301//2301
f 2111//2111 2112//2112 2253//2253
f 2302//2302 2255//2255 2189//2189
f 2190//2190 2254//2254 2112//2112
f 2191//2191 2255//2255 2217//2217
f 2217//2217 2193//2193 2191//2191
f 2151//2151 2219//2219 2192//2192
f 2218//2218 2153//2153 2150//2150
f 2150//2150 2193//2193 2217//2217
f 2150//2150 2217//2217 2218//2218
f 2219//2219 2194//2194 2221//2221
f 2221//2221 2194//2194 2154//2154
f 2220//2220 2222//2222 2153//2153
f 2196//2196 2195//2195 2156//2156
f 2223//2223 2263//2263 2155//2155
f 2223//2223 2264//2264 2263//2263
f 2312//2312 2224//2224 2196//2196
f 2312//2312 2196//2196 2197//2197
f 2225//2225 2226//2226 2198//2198
f 2200//2200 2227//2227 2201//2201
f 2201//2201 2227//2227 2202//2202
f 2227//2227 2228//2228 2202//2202
f 2202//2202 2228//2228 2203//2203
f 2228//2228 2162//2162 2203//2203
f 2162//2162 2229//2229 2163//2163
f 2163//2163 2229//2229 2164//2164
f 2123//2123 2233//2233 2166//2166
f 2233//2233 2272//2272 2168//2168
f 2206//2206 2168//2168 2272//2272
f 2234//2234 2273//2273 2169//2169
f 2198//2198 2169//2169 2225//2225
f 2225//2225 2169//2169 2273//2273
f 2206//2206 2235//2235 2172//2172
f 2234//2234 2207//2207 2273//2273
f 2273//2273 2207//2207 2275//2275
f 2235//2235 2334//2334 2173//2173
f 2129//2129 2275//2275 2207//2207
f 2039//2039 2236//2236 2129//2129
f 2175//2175 2236//2236 2039//2039
f 2237//2237 2335//2335 2131//2131
f 2134//2134 2238//2238 2277//2277
f 2208//2208 2238//2238 2134//2134
f 2338//2338 2209//2209 2383//2383
f 2177//2177 2239//2239 2136//2136
f 2239//2239 2177//2177 2210//2210
f 2279//2279 2240//2240 2137//2137
f 2210//2210 2280//2280 2239//2239
f 2210//2210 2282//2282 2280//2280
f 2241//2241 2282//2282 2210//2210
f 2242//2242 2241//2241 2210//2210
f 2344//2344 2242//2242 2210//2210
f 2210//2210 2211//2211 2344//2344
f 2240//2240 2342//2342 2286//2286
f 2287//2287 2285//2285 2211//2211
f 2288//2288 2287//2287 2211//2211
f 2289//2289 2288//2288 2211//2211
f 2243//2243 2289//2289 2212//2212
f 2213//2213 2292//2292 2243//2243
f 2214//2214 2240//2240 2286//2286
f 2215//2215 2214//2214 2248//2248
f 2106//2106 2247//2247 2246//2246
f 2106//2106 2249//2249 2247//2247
f 2248//2248 2250//2250 2215//2215
f 2216//2216 2249//2249 2106//2106
f 2353//2353 2252//2252 2250//2250
f 2188//2188 2251//2251 2187//2187
f 2112//2112 2254//2254 2253//2253
f 2217//2217 2255//2255 2256//2256
f 2190//2190 2192//2192 2257//2257
f 2192//2192 2219//2219 2257//2257
f 2219//2219 2258//2258 2257//2257
f 2219//2219 2221//2221 2258//2258
f 2258//2258 2221//2221 2260//2260
f 2220//2220 2153//2153 2218//2218
f 2220//2220 2218//2218 2259//2259
f 2261//2261 2221//2221 2195//2195
f 2261//2261 2260//2260 2221//2221
f 2222//2222 2220//2220 2259//2259
f 2222//2222 2259//2259 2155//2155
f 2195//2195 2262//2262 2261//2261
f 2196//2196 2262//2262 2195//2195
f 2224//2224 2262//2262 2196//2196
f 2264//2264 2314//2314 2263//2263
f 2223//2223 2155//2155 2264//2264
f 2312//2312 2310//2310 2224//2224
f 2265//2265 2312//2312 2197//2197
f 2265//2265 2263//2263 2314//2314
f 2226//2226 2266//2266 2199//2199
f 2199//2199 2266//2266 2200//2200
f 2200//2200 2266//2266 2227//2227
f 2266//2266 2267//2267 2227//2227
f 2227//2227 2267//2267 2228//2228
f 2164//2164 2268//2268 2230//2230
f 2229//2229 2268//2268 2164//2164
f 2204//2204 2269//2269 2231//2231
f 2230//2230 2269//2269 2204//2204
f 2231//2231 2270//2270 2205//2205
f 2205//2205 2271//2271 2232//2232
f 2270//2270 2271//2271 2205//2205
f 2232//2232 2328//2328 2123//2123
f 2271//2271 2328//2328 2232//2232
f 2123//2123 2272//2272 2233//2233
f 2330//2330 2235//2235 2272//2272
f 2272//2272 2235//2235 2206//2206
f 2235//2235 2374//2374 2334//2334
f 2334//2334 2374//2374 2377//2377
f 2129//2129 2276//2276 2275//2275
f 2175//2175 2379//2379 2236//2236
f 2237//2237 2131//2131 2334//2334
f 2239//2239 2280//2280 2136//2136
f 2281//2281 2339//2339 2240//2240
f 2240//2240 2279//2279 2281//2281
f 2339//2339 2342//2342 2240//2240
f 2242//2242 2282//2282 2241//2241
f 2342//2342 2284//2284 2283//2283
f 2285//2285 2344//2344 2211//2211
f 2283//2283 2286//2286 2342//2342
f 2291//2291 2289//2289 2243//2243
f 2291//2291 2290//2290 2289//2289
f 2291//2291 2243//2243 2292//2292
f 2293//2293 2213//2213 2244//2244
f 2293//2293 2244//2244 2245//2245
f 2294//2294 2245//2245 2246//2246
f 2294//2294 2293//2293 2245//2245
f 2295//2295 2214//2214 2286//2286
f 2247//2247 2294//2294 2246//2246
f 2295//2295 2297//2297 2248//2248
f 2295//2295 2248//2248 2214//2214
f 2296//2296 2247//2247 2249//2249
f 2297//2297 2250//2250 2248//2248
f 2353//2353 2250//2250 2297//2297
f 2251//2251 2249//2249 2216//2216
f 2356//2356 2249//2249 2251//2251
f 2299//2299 2252//2252 2353//2353
f 2356//2356 2251//2251 2298//2298
f 2188//2188 2300//2300 2298//2298
f 2188//2188 2298//2298 2251//2251
f 2355//2355 2189//2189 2252//2252
f 2355//2355 2252//2252 2299//2299
f 2253//2253 2300//2300 2188//2188
f 2301//2301 2189//2189 2355//2355
f 2254//2254 2300//2300 2253//2253
f 2190//2190 2303//2303 2357//2357
f 2302//2302 2304//2304 2256//2256
f 2302//2302 2256//2256 2255//2255
f 2257//2257 2303//2303 2190//2190
f 2217//2217 2304//2304 2305//2305
f 2256//2256 2304//2304 2217//2217
f 2257//2257 2258//2258 2306//2306
f 2304//2304 2307//2307 2305//2305
f 2307//2307 2218//2218 2305//2305
f 2305//2305 2218//2218 2217//2217
f 2307//2307 2259//2259 2218//2218
f 2261//2261 2361//2361 2260//2260
f 2309//2309 2264//2264 2259//2259
f 2264//2264 2155//2155 2259//2259
f 2262//2262 2308//2308 2261//2261
f 2310//2310 2262//2262 2224//2224
f 2312//2312 2367//2367 2311//2311
f 2312//2312 2313//2313 2367//2367
f 2314//2314 2264//2264 2309//2309
f 2311//2311 2310//2310 2312//2312
f 2312//2312 2265//2265 2313//2313
f 2313//2313 2265//2265 2314//2314
f 2225//2225 2315//2315 2316//2316
f 2368//2368 2225//2225 2316//2316
f 2225//2225 2317//2317 2226//2226
f 2368//2368 2317//2317 2225//2225
f 2226//2226 2317//2317 2266//2266
f 2317//2317 2318//2318 2266//2266
f 2318//2318 2319//2319 2266//2266
f 2266//2266 2319//2319 2267//2267
f 2319//2319 2320//2320 2267//2267
f 2320//2320 2321//2321 2267//2267
f 2267//2267 2321//2321 2228//2228
f 2321//2321 2370//2370 2228//2228
f 2228//2228 2322//2322 2162//2162
f 2370//2370 2322//2322 2228//2228
f 2162//2162 2322//2322 2229//2229
f 2322//2322 2371//2371 2229//2229
f 2268//2268 2323//2323 2230//2230
f 2229//2229 2323//2323 2268//2268
f 2323//2323 2324//2324 2230//2230
f 2230//2230 2325//2325 2269//2269
f 2324//2324 2325//2325 2230//2230
f 2269//2269 2325//2325 2231//2231
f 2325//2325 2326//2326 2231//2231
f 2231//2231 2326//2326 2270//2270
f 2270//2270 2423//2423 2271//2271
f 2423//2423 2327//2327 2271//2271
f 2327//2327 2328//2328 2271//2271
f 2328//2328 2327//2327 2123//2123
f 2123//2123 2329//2329 2272//2272
f 2327//2327 2329//2329 2123//2123
f 2272//2272 2329//2329 2330//2330
f 2225//2225 2273//2273 2315//2315
f 2329//2329 2235//2235 2330//2330
f 2329//2329 2274//2274 2235//2235
f 2273//2273 2275//2275 2315//2315
f 2315//2315 2275//2275 2331//2331
f 2274//2274 2374//2374 2235//2235
f 2332//2332 2275//2275 2276//2276
f 2332//2332 2331//2331 2275//2275
f 2374//2374 2333//2333 2377//2377
f 2276//2276 2129//2129 2332//2332
f 2236//2236 2379//2379 2129//2129
f 2175//2175 2381//2381 2379//2379
f 2277//2277 2381//2381 2175//2175
f 2434//2434 2335//2335 2237//2237
f 2238//2238 2336//2336 2277//2277
f 2382//2382 2278//2278 2335//2335
f 2208//2208 2336//2336 2238//2238
f 2382//2382 2383//2383 2278//2278
f 2136//2136 2336//2336 2208//2208
f 2136//2136 2337//2337 2336//2336
f 2337//2337 2280//2280 2384//2384
f 2136//2136 2280//2280 2337//2337
f 2279//2279 2338//2338 2339//2339
f 2339//2339 2281//2281 2279//2279
f 2282//2282 2341//2341 2387//2387
f 2339//2339 2340//2340 2342//2342
f 2242//2242 2341//2341 2282//2282
f 2284//2284 2342//2342 2340//2340
f 2343//2343 2284//2284 2340//2340
f 2283//2283 2284//2284 2343//2343
f 2344//2344 2389//2389 2242//2242
f 2345//2345 2344//2344 2285//2285
f 2349//2349 2396//2396 2348//2348
f 2286//2286 2283//2283 2343//2343
f 2286//2286 2343//2343 2453//2453
f 2345//2345 2285//2285 2287//2287
f 2345//2345 2287//2287 2288//2288
f 2345//2345 2288//2288 2346//2346
f 2346//2346 2288//2288 2289//2289
f 2346//2346 2289//2289 2290//2290
f 2346//2346 2290//2290 2347//2347
f 2347//2347 2290//2290 2291//2291
f 2347//2347 2291//2291 2348//2348
f 2348//2348 2291//2291 2292//2292
f 2348//2348 2292//2292 2349//2349
f 2349//2349 2292//2292 2213//2213
f 2349//2349 2213//2213 2293//2293
f 2294//2294 2398//2398 2293//2293
f 2295//2295 2286//2286 2453//2453
f 2295//2295 2453//2453 2351//2351
f 2247//2247 2350//2350 2294//2294
f 2247//2247 2296//2296 2350//2350
f 2295//2295 2351//2351 2297//2297
f 2249//2249 2352//2352 2296//2296
f 2353//2353 2351//2351 2299//2299
f 2353//2353 2297//2297 2351//2351
f 2249//2249 2354//2354 2352//2352
f 2356//2356 2354//2354 2249//2249
f 2300//2300 2356//2356 2298//2298
f 2406//2406 2301//2301 2355//2355
f 2300//2300 2254//2254 2357//2357
f 2406//2406 2302//2302 2301//2301
f 2407//2407 2302//2302 2406//2406
f 2190//2190 2357//2357 2254//2254
f 2304//2304 2302//2302 2358//2358
f 2303//2303 2257//2257 2359//2359
f 2257//2257 2360//2360 2359//2359
f 2358//2358 2307//2307 2304//2304
f 2258//2258 2360//2360 2306//2306
f 2360//2360 2257//2257 2306//2306
f 2260//2260 2360//2360 2258//2258
f 2361//2361 2360//2360 2260//2260
f 2259//2259 2362//2362 2366//2366
f 2259//2259 2363//2363 2362//2362
f 2259//2259 2307//2307 2410//2410
f 2259//2259 2410//2410 2363//2363
f 2364//2364 2261//2261 2308//2308
f 2314//2314 2366//2366 2365//2365
f 2366//2366 2309//2309 2259//2259
f 2262//2262 2364//2364 2308//2308
f 2262//2262 2310//2310 2364//2364
f 2367//2367 2310//2310 2311//2311
f 2367//2367 2314//2314 2365//2365
f 2313//2313 2314//2314 2367//2367
f 2366//2366 2314//2314 2309//2309
f 2318//2318 2317//2317 2319//2319
f 2317//2317 2369//2369 2319//2319
f 2319//2319 2369//2369 2320//2320
f 2320//2320 2369//2369 2321//2321
f 2369//2369 2370//2370 2321//2321
f 2370//2370 2371//2371 2322//2322
f 2371//2371 2323//2323 2229//2229
f 2326//2326 2421//2421 2270//2270
f 2270//2270 2422//2422 2423//2423
f 2421//2421 2422//2422 2270//2270
f 2315//2315 2372//2372 2316//2316
f 2274//2274 2373//2373 2374//2374
f 2329//2329 2373//2373 2274//2274
f 2331//2331 2375//2375 2315//2315
f 2373//2373 2376//2376 2374//2374
f 2376//2376 2333//2333 2374//2374
f 2378//2378 2332//2332 2129//2129
f 2378//2378 2331//2331 2332//2332
f 2333//2333 2494//2494 2377//2377
f 2379//2379 2378//2378 2129//2129
f 2494//2494 2334//2334 2377//2377
f 2494//2494 2237//2237 2334//2334
f 2434//2434 2237//2237 2494//2494
f 2277//2277 2336//2336 2381//2381
f 2380//2380 2335//2335 2434//2434
f 2381//2381 2336//2336 2497//2497
f 2382//2382 2380//2380 2436//2436
f 2382//2382 2335//2335 2380//2380
f 2436//2436 2383//2383 2382//2382
f 2337//2337 2384//2384 2336//2336
f 2438//2438 2336//2336 2384//2384
f 2501//2501 2338//2338 2383//2383
f 2280//2280 2385//2385 2384//2384
f 2501//2501 2439//2439 2339//2339
f 2439//2439 2340//2340 2339//2339
f 2501//2501 2339//2339 2338//2338
f 2385//2385 2282//2282 2386//2386
f 2280//2280 2282//2282 2385//2385
f 2282//2282 2387//2387 2386//2386
f 2343//2343 2340//2340 2388//2388
f 2389//2389 2341//2341 2242//2242
f 2392//2392 2391//2391 2388//2388
f 2388//2388 2391//2391 2343//2343
f 2344//2344 2390//2390 2389//2389
f 2444//2444 2344//2344 2345//2345
f 2444//2444 2390//2390 2344//2344
f 2393//2393 2345//2345 2346//2346
f 2393//2393 2444//2444 2345//2345
f 2394//2394 2346//2346 2347//2347
f 2394//2394 2393//2393 2346//2346
f 2395//2395 2394//2394 2347//2347
f 2395//2395 2347//2347 2348//2348
f 2396//2396 2395//2395 2348//2348
f 2397//2397 2396//2396 2349//2349
f 2397//2397 2349//2349 2293//2293
f 2398//2398 2397//2397 2293//2293
f 2392//2392 2453//2453 2391//2391
f 2391//2391 2453//2453 2343//2343
f 2398//2398 2294//2294 2350//2350
f 2398//2398 2350//2350 2399//2399
f 2400//2400 2399//2399 2350//2350
f 2401//2401 2351//2351 2453//2453
f 2296//2296 2400//2400 2350//2350
f 2402//2402 2351//2351 2401//2401
f 2460//2460 2299//2299 2351//2351
f 2460//2460 2351//2351 2402//2402
f 2296//2296 2352//2352 2354//2354
f 2403//2403 2355//2355 2299//2299
f 2300//2300 2405//2405 2356//2356
f 2462//2462 2356//2356 2405//2405
f 2403//2403 2406//2406 2355//2355
f 2300//2300 2404//2404 2405//2405
f 2357//2357 2404//2404 2300//2300
f 2357//2357 2405//2405 2404//2404
f 2357//2357 2303//2303 2405//2405
f 2303//2303 2465//2465 2463//2463
f 2465//2465 2303//2303 2359//2359
f 2408//2408 2358//2358 2407//2407
f 2407//2407 2358//2358 2302//2302
f 2409//2409 2408//2408 2410//2410
f 2409//2409 2307//2307 2358//2358
f 2409//2409 2358//2358 2408//2408
f 2361//2361 2411//2411 2360//2360
f 2411//2411 2468//2468 2360//2360
f 2409//2409 2410//2410 2307//2307
f 2413//2413 2412//2412 2261//2261
f 2261//2261 2412//2412 2361//2361
f 2412//2412 2411//2411 2361//2361
f 2261//2261 2415//2415 2413//2413
f 2364//2364 2415//2415 2261//2261
f 2474//2474 2473//2473 2415//2415
f 2365//2365 2366//2366 2414//2414
f 2414//2414 2366//2366 2362//2362
f 2310//2310 2415//2415 2364//2364
f 2415//2415 2310//2310 2367//2367
f 2415//2415 2367//2367 2474//2474
f 2474//2474 2367//2367 2365//2365
f 2372//2372 2368//2368 2316//2316
f 2416//2416 2317//2317 2368//2368
f 2417//2417 2317//2317 2416//2416
f 2417//2417 2369//2369 2317//2317
f 2418//2418 2369//2369 2417//2417
f 2418//2418 2370//2370 2369//2369
f 2427//2427 2370//2370 2418//2418
f 2371//2371 2370//2370 2427//2427
f 2419//2419 2323//2323 2371//2371
f 2419//2419 2371//2371 2482//2482
f 2483//2483 2324//2324 2323//2323
f 2420//2420 2325//2325 2324//2324
f 2421//2421 2326//2326 2325//2325
f 2428//2428 2424//2424 2315//2315
f 2372//2372 2315//2315 2424//2424
f 2416//2416 2368//2368 2425//2425
f 2416//2416 2425//2425 2417//2417
f 2417//2417 2425//2425 2426//2426
f 2417//2417 2426//2426 2427//2427
f 2417//2417 2427//2427 2418//2418
f 2371//2371 2427//2427 2482//2482
f 2419//2419 2483//2483 2323//2323
f 2324//2324 2483//2483 2420//2420
f 2325//2325 2420//2420 2421//2421
f 2421//2421 2486//2486 2422//2422
f 2422//2422 2486//2486 2423//2423
f 2423//2423 2548//2548 2327//2327
f 2327//2327 2548//2548 2487//2487
f 2327//2327 2487//2487 2329//2329
f 2487//2487 2373//2373 2329//2329
f 2373//2373 2487//2487 2429//2429
f 2375//2375 2428//2428 2315//2315
f 2429//2429 2376//2376 2373//2373
f 2331//2331 2430//2430 2375//2375
f 2375//2375 2430//2430 2428//2428
f 2429//2429 2431//2431 2376//2376
f 2431//2431 2333//2333 2376//2376
f 2378//2378 2430//2430 2331//2331
f 2432//2432 2430//2430 2378//2378
f 2333//2333 2431//2431 2433//2433
f 2494//2494 2333//2333 2433//2433
f 2379//2379 2432//2432 2378//2378
f 2435//2435 2380//2380 2434//2434
f 2381//2381 2495//2495 2379//2379
f 2435//2435 2436//2436 2380//2380
f 2336//2336 2437//2437 2497//2497
f 2500//2500 2383//2383 2436//2436
f 2438//2438 2437//2437 2336//2336
f 2500//2500 2501//2501 2383//2383
f 2384//2384 2385//2385 2438//2438
f 2387//2387 2438//2438 2386//2386
f 2438//2438 2385//2385 2386//2386
f 2441//2441 2440//2440 2439//2439
f 2440//2440 2388//2388 2439//2439
f 2439//2439 2388//2388 2340//2340
f 2389//2389 2506//2506 2341//2341
f 2506//2506 2387//2387 2341//2341
f 2441//2441 2388//2388 2440//2440
f 2390//2390 2443//2443 2389//2389
f 2443//2443 2442//2442 2389//2389
f 2444//2444 2445//2445 2443//2443
f 2446//2446 2448//2448 2447//2447
f 2446//2446 2449//2449 2448//2448
f 2454//2454 2453//2453 2441//2441
f 2453//2453 2392//2392 2441//2441
f 2441//2441 2392//2392 2388//2388
f 2443//2443 2390//2390 2444//2444
f 2444//2444 2393//2393 2445//2445
f 2445//2445 2393//2393 2447//2447
f 2447//2447 2393//2393 2394//2394
f 2447//2447 2394//2394 2446//2446
f 2446//2446 2394//2394 2395//2395
f 2446//2446 2395//2395 2396//2396
f 2446//2446 2396//2396 2449//2449
f 2449//2449 2396//2396 2450//2450
f 2450//2450 2396//2396 2397//2397
f 2450//2450 2397//2397 2451//2451
f 2451//2451 2397//2397 2398//2398
f 2455//2455 2452//2452 2451//2451
f 2398//2398 2455//2455 2451//2451
f 2399//2399 2455//2455 2398//2398
f 2454//2454 2456//2456 2453//2453
f 2400//2400 2455//2455 2399//2399
f 2457//2457 2455//2455 2400//2400
f 2456//2456 2401//2401 2453//2453
f 2296//2296 2459//2459 2457//2457
f 2296//2296 2457//2457 2400//2400
f 2458//2458 2402//2402 2456//2456
f 2456//2456 2402//2402 2401//2401
f 2460//2460 2402//2402 2458//2458
f 2354//2354 2461//2461 2296//2296
f 2459//2459 2296//2296 2461//2461
f 2356//2356 2461//2461 2354//2354
f 2464//2464 2403//2403 2299//2299
f 2464//2464 2299//2299 2460//2460
f 2462//2462 2461//2461 2356//2356
f 2464//2464 2406//2406 2403//2403
f 2464//2464 2407//2407 2406//2406
f 2303//2303 2463//2463 2405//2405
f 2531//2531 2408//2408 2407//2407
f 2359//2359 2466//2466 2465//2465
f 2467//2467 2408//2408 2531//2531
f 2360//2360 2466//2466 2359//2359
f 2468//2468 2466//2466 2360//2360
f 2469//2469 2410//2410 2408//2408
f 2469//2469 2408//2408 2467//2467
f 2412//2412 2468//2468 2411//2411
f 2471//2471 2532//2532 2412//2412
f 2362//2362 2469//2469 2470//2470
f 2469//2469 2363//2363 2410//2410
f 2415//2415 2412//2412 2413//2413
f 2471//2471 2412//2412 2415//2415
f 2471//2471 2415//2415 2472//2472
f 2476//2476 2414//2414 2362//2362
f 2469//2469 2362//2362 2363//2363
f 2472//2472 2415//2415 2473//2473
f 2475//2475 2474//2474 2365//2365
f 2475//2475 2365//2365 2476//2476
f 2476//2476 2365//2365 2414//2414
f 2477//2477 2372//2372 2424//2424
f 2368//2368 2372//2372 2477//2477
f 2479//2479 2425//2425 2478//2478
f 2479//2479 2426//2426 2425//2425
f 2479//2479 2427//2427 2426//2426
f 2480//2480 2427//2427 2479//2479
f 2481//2481 2427//2427 2480//2480
f 2544//2544 2427//2427 2481//2481
f 2544//2544 2482//2482 2427//2427
f 2483//2483 2419//2419 2482//2482
f 2484//2484 2420//2420 2483//2483
f 2485//2485 2421//2421 2420//2420
f 2485//2485 2486//2486 2421//2421
f 2548//2548 2423//2423 2486//2486
f 2477//2477 2424//2424 2488//2488
f 2477//2477 2489//2489 2368//2368
f 2368//2368 2489//2489 2425//2425
f 2425//2425 2489//2489 2478//2478
f 2478//2478 2489//2489 2479//2479
f 2479//2479 2489//2489 2490//2490
f 2479//2479 2490//2490 2491//2491
f 2479//2479 2491//2491 2480//2480
f 2481//2481 2480//2480 2544//2544
f 2483//2483 2482//2482 2484//2484
f 2556//2556 2487//2487 2549//2549
f 2556//2556 2429//2429 2487//2487
f 2430//2430 2551//2551 2428//2428
f 2428//2428 2551//2551 2424//2424
f 2424//2424 2551//2551 2488//2488
f 2556//2556 2492//2492 2431//2431
f 2429//2429 2556//2556 2431//2431
f 2432//2432 2550//2550 2430//2430
f 2433//2433 2492//2492 2493//2493
f 2433//2433 2431//2431 2492//2492
f 2495//2495 2550//2550 2432//2432
f 2493//2493 2494//2494 2433//2433
f 2379//2379 2495//2495 2432//2432
f 2493//2493 2434//2434 2494//2494
f 2496//2496 2435//2435 2434//2434
f 2496//2496 2434//2434 2493//2493
f 2381//2381 2497//2497 2495//2495
f 2435//2435 2496//2496 2500//2500
f 2500//2500 2436//2436 2435//2435
f 2437//2437 2499//2499 2497//2497
f 2498//2498 2497//2497 2499//2499
f 2438//2438 2499//2499 2437//2437
f 2438//2438 2506//2506 2502//2502
f 2503//2503 2501//2501 2566//2566
f 2503//2503 2504//2504 2501//2501
f 2504//2504 2439//2439 2501//2501
f 2506//2506 2438//2438 2505//2505
f 2504//2504 2503//2503 2439//2439
f 2387//2387 2505//2505 2438//2438
f 2506//2506 2505//2505 2387//2387
f 2507//2507 2441//2441 2503//2503
f 2503//2503 2441//2441 2439//2439
f 2442//2442 2584//2584 2389//2389
f 2584//2584 2506//2506 2389//2389
f 2510//2510 2573//2573 2509//2509
f 2512//2512 2585//2585 2511//2511
f 2451//2451 2513//2513 2512//2512
f 2508//2508 2441//2441 2507//2507
f 2442//2442 2443//2443 2509//2509
f 2509//2509 2443//2443 2445//2445
f 2509//2509 2445//2445 2510//2510
f 2510//2510 2445//2445 2447//2447
f 2510//2510 2447//2447 2511//2511
f 2511//2511 2447//2447 2448//2448
f 2511//2511 2448//2448 2449//2449
f 2511//2511 2449//2449 2512//2512
f 2512//2512 2449//2449 2450//2450
f 2512//2512 2450//2450 2451//2451
f 2513//2513 2451//2451 2516//2516
f 2516//2516 2451//2451 2452//2452
f 2519//2519 2508//2508 2515//2515
f 2508//2508 2454//2454 2441//2441
f 2455//2455 2516//2516 2452//2452
f 2516//2516 2455//2455 2514//2514
f 2520//2520 2514//2514 2455//2455
f 2588//2588 2514//2514 2592//2592
f 2514//2514 2518//2518 2592//2592
f 2514//2514 2520//2520 2518//2518
f 2519//2519 2456//2456 2508//2508
f 2508//2508 2456//2456 2454//2454
f 2520//2520 2455//2455 2457//2457
f 2521//2521 2458//2458 2456//2456
f 2521//2521 2456//2456 2519//2519
f 2459//2459 2520//2520 2457//2457
f 2522//2522 2460//2460 2458//2458
f 2522//2522 2458//2458 2521//2521
f 2461//2461 2523//2523 2459//2459
f 2603//2603 2459//2459 2523//2523
f 2462//2462 2523//2523 2461//2461
f 2524//2524 2464//2464 2460//2460
f 2524//2524 2460//2460 2522//2522
f 2462//2462 2525//2525 2523//2523
f 2405//2405 2525//2525 2462//2462
f 2526//2526 2464//2464 2524//2524
f 2525//2525 2405//2405 2527//2527
f 2527//2527 2405//2405 2463//2463
f 2528//2528 2407//2407 2464//2464
f 2528//2528 2464//2464 2526//2526
f 2527//2527 2463//2463 2529//2529
f 2463//2463 2530//2530 2529//2529
f 2613//2613 2531//2531 2407//2407
f 2613//2613 2407//2407 2528//2528
f 2465//2465 2530//2530 2463//2463
f 2466//2466 2530//2530 2465//2465
f 2530//2530 2466//2466 2532//2532
f 2531//2531 2533//2533 2469//2469
f 2531//2531 2469//2469 2467//2467
f 2535//2535 2536//2536 2533//2533
f 2533//2533 2536//2536 2470//2470
f 2533//2533 2470//2470 2469//2469
f 2412//2412 2466//2466 2468//2468
f 2466//2466 2412//2412 2532//2532
f 2472//2472 2532//2532 2471//2471
f 2534//2534 2532//2532 2472//2472
f 2534//2534 2472//2472 2537//2537
f 2536//2536 2538//2538 2362//2362
f 2535//2535 2538//2538 2536//2536
f 2536//2536 2362//2362 2470//2470
f 2472//2472 2473//2473 2537//2537
f 2537//2537 2473//2473 2474//2474
f 2537//2537 2474//2474 2475//2475
f 2537//2537 2475//2475 2538//2538
f 2538//2538 2475//2475 2476//2476
f 2538//2538 2476//2476 2362//2362
f 2488//2488 2489//2489 2477//2477
f 2540//2540 2489//2489 2539//2539
f 2541//2541 2489//2489 2540//2540
f 2541//2541 2490//2490 2489//2489
f 2541//2541 2491//2491 2490//2490
f 2541//2541 2480//2480 2491//2491
f 2542//2542 2480//2480 2541//2541
f 2543//2543 2544//2544 2480//2480
f 2543//2543 2480//2480 2542//2542
f 2545//2545 2482//2482 2544//2544
f 2484//2484 2482//2482 2545//2545
f 2623//2623 2420//2420 2484//2484
f 2623//2623 2484//2484 2546//2546
f 2624//2624 2485//2485 2420//2420
f 2624//2624 2420//2420 2623//2623
f 2555//2555 2485//2485 2624//2624
f 2555//2555 2486//2486 2485//2485
f 2547//2547 2548//2548 2486//2486
f 2549//2549 2487//2487 2548//2548
f 2430//2430 2550//2550 2551//2551
f 2625//2625 2488//2488 2551//2551
f 2488//2488 2552//2552 2489//2489
f 2489//2489 2552//2552 2539//2539
f 2541//2541 2540//2540 2553//2553
f 2541//2541 2553//2553 2554//2554
f 2541//2541 2554//2554 2542//2542
f 2546//2546 2484//2484 2545//2545
f 2555//2555 2630//2630 2486//2486
f 2548//2548 2556//2556 2549//2549
f 2488//2488 2625//2625 2552//2552
f 2539//2539 2552//2552 2540//2540
f 2540//2540 2552//2552 2557//2557
f 2540//2540 2557//2557 2553//2553
f 2553//2553 2557//2557 2628//2628
f 2553//2553 2628//2628 2554//2554
f 2554//2554 2558//2558 2542//2542
f 2544//2544 2543//2543 2629//2629
f 2544//2544 2629//2629 2545//2545
f 2630//2630 2631//2631 2486//2486
f 2486//2486 2631//2631 2547//2547
f 2547//2547 2631//2631 2548//2548
f 2559//2559 2556//2556 2548//2548
f 2556//2556 2493//2493 2492//2492
f 2560//2560 2550//2550 2495//2495
f 2562//2562 2550//2550 2560//2560
f 2551//2551 2550//2550 2562//2562
f 2556//2556 2564//2564 2493//2493
f 2559//2559 2564//2564 2556//2556
f 2495//2495 2561//2561 2560//2560
f 2559//2559 2563//2563 2564//2564
f 2564//2564 2496//2496 2493//2493
f 2497//2497 2561//2561 2495//2495
f 2562//2562 2560//2560 2561//2561
f 2563//2563 2496//2496 2564//2564
f 2565//2565 2496//2496 2563//2563
f 2498//2498 2561//2561 2497//2497
f 2565//2565 2566//2566 2568//2568
f 2565//2565 2568//2568 2496//2496
f 2567//2567 2561//2561 2498//2498
f 2568//2568 2501//2501 2500//2500
f 2568//2568 2500//2500 2496//2496
f 2569//2569 2498//2498 2499//2499
f 2566//2566 2501//2501 2568//2568
f 2502//2502 2499//2499 2438//2438
f 2499//2499 2502//2502 2506//2506
f 2570//2570 2499//2499 2506//2506
f 2499//2499 2570//2570 2569//2569
f 2566//2566 2572//2572 2503//2503
f 2571//2571 2572//2572 2566//2566
f 2575//2575 2576//2576 2574//2574
f 2575//2575 2577//2577 2576//2576
f 2575//2575 2578//2578 2577//2577
f 2582//2582 2583//2583 2571//2571
f 2571//2571 2508//2508 2572//2572
f 2571//2571 2583//2583 2508//2508
f 2508//2508 2507//2507 2503//2503
f 2508//2508 2503//2503 2572//2572
f 2570//2570 2506//2506 2584//2584
f 2575//2575 2585//2585 2586//2586
f 2575//2575 2587//2587 2578//2578
f 2575//2575 2586//2586 2587//2587
f 2578//2578 2587//2587 2580//2580
f 2588//2588 2590//2590 2589//2589
f 2591//2591 2582//2582 2571//2571
f 2583//2583 2582//2582 2508//2508
f 2584//2584 2442//2442 2509//2509
f 2584//2584 2509//2509 2570//2570
f 2570//2570 2509//2509 2573//2573
f 2574//2574 2573//2573 2510//2510
f 2574//2574 2510//2510 2575//2575
f 2575//2575 2510//2510 2511//2511
f 2575//2575 2511//2511 2585//2585
f 2586//2586 2585//2585 2587//2587
f 2587//2587 2585//2585 2512//2512
f 2587//2587 2512//2512 2513//2513
f 2587//2587 2513//2513 2580//2580
f 2580//2580 2513//2513 2516//2516
f 2580//2580 2516//2516 2514//2514
f 2580//2580 2514//2514 2581//2581
f 2517//2517 2581//2581 2514//2514
f 2588//2588 2581//2581 2517//2517
f 2590//2590 2588//2588 2592//2592
f 2590//2590 2593//2593 2692//2692
f 2590//2590 2592//2592 2593//2593
f 2594//2594 2591//2591 2697//2697
f 2591//2591 2594//2594 2595//2595
f 2591//2591 2595//2595 2515//2515
f 2591//2591 2515//2515 2508//2508
f 2591//2591 2508//2508 2582//2582
f 2517//2517 2514//2514 2588//2588
f 2593//2593 2592//2592 2596//2596
f 2699//2699 2597//2597 2594//2594
f 2594//2594 2597//2597 2519//2519
f 2594//2594 2519//2519 2595//2595
f 2595//2595 2519//2519 2515//2515
f 2592//2592 2598//2598 2596//2596
f 2597//2597 2599//2599 2519//2519
f 2699//2699 2599//2599 2597//2597
f 2520//2520 2600//2600 2592//2592
f 2520//2520 2592//2592 2518//2518
f 2598//2598 2592//2592 2601//2601
f 2602//2602 2521//2521 2519//2519
f 2602//2602 2519//2519 2599//2599
f 2459//2459 2603//2603 2600//2600
f 2459//2459 2600//2600 2520//2520
f 2592//2592 2605//2605 2601//2601
f 2592//2592 2600//2600 2605//2605
f 2606//2606 2522//2522 2521//2521
f 2606//2606 2521//2521 2602//2602
f 2605//2605 2600//2600 2603//2603
f 2606//2606 2524//2524 2522//2522
f 2523//2523 2607//2607 2603//2603
f 2603//2603 2607//2607 2608//2608
f 2608//2608 2610//2610 2603//2603
f 2605//2605 2603//2603 2610//2610
f 2604//2604 2609//2609 2606//2606
f 2609//2609 2524//2524 2606//2606
f 2609//2609 2604//2604 2611//2611
f 2609//2609 2526//2526 2524//2524
f 2525//2525 2527//2527 2607//2607
f 2525//2525 2607//2607 2523//2523
f 2610//2610 2608//2608 2607//2607
f 2611//2611 2528//2528 2526//2526
f 2611//2611 2526//2526 2609//2609
f 2607//2607 2527//2527 2615//2615
f 2613//2613 2528//2528 2611//2611
f 2527//2527 2529//2529 2530//2530
f 2614//2614 2527//2527 2530//2530
f 2527//2527 2614//2614 2615//2615
f 2620//2620 2611//2611 2612//2612
f 2611//2611 2616//2616 2613//2613
f 2611//2611 2620//2620 2616//2616
f 2616//2616 2531//2531 2613//2613
f 2615//2615 2614//2614 2617//2617
f 2616//2616 2620//2620 2533//2533
f 2616//2616 2533//2533 2531//2531
f 2614//2614 2530//2530 2532//2532
f 2618//2618 2617//2617 2619//2619
f 2619//2619 2621//2621 2620//2620
f 2620//2620 2621//2621 2533//2533
f 2534//2534 2614//2614 2532//2532
f 2614//2614 2534//2534 2617//2617
f 2617//2617 2538//2538 2619//2619
f 2619//2619 2538//2538 2621//2621
f 2621//2621 2535//2535 2533//2533
f 2617//2617 2534//2534 2537//2537
f 2617//2617 2537//2537 2538//2538
f 2621//2621 2538//2538 2535//2535
f 2622//2622 2546//2546 2545//2545
f 2639//2639 2546//2546 2622//2622
f 2623//2623 2546//2546 2639//2639
f 2640//2640 2624//2624 2623//2623
f 2551//2551 2634//2634 2625//2625
f 2626//2626 2552//2552 2625//2625
f 2626//2626 2557//2557 2552//2552
f 2626//2626 2628//2628 2557//2557
f 2627//2627 2628//2628 2626//2626
f 2628//2628 2558//2558 2554//2554
f 2637//2637 2542//2542 2558//2558
f 2543//2543 2542//2542 2637//2637
f 2640//2640 2630//2630 2555//2555
f 2624//2624 2640//2640 2555//2555
f 2632//2632 2548//2548 2631//2631
f 2641//2641 2559//2559 2548//2548
f 2641//2641 2548//2548 2632//2632
f 2634//2634 2551//2551 2562//2562
f 2633//2633 2634//2634 2562//2562
f 2625//2625 2635//2635 2626//2626
f 2626//2626 2635//2635 2636//2636
f 2626//2626 2636//2636 2627//2627
f 2627//2627 2643//2643 2628//2628
f 2628//2628 2643//2643 2644//2644
f 2628//2628 2644//2644 2648//2648
f 2628//2628 2648//2648 2558//2558
f 2543//2543 2637//2637 2638//2638
f 2629//2629 2649//2649 2545//2545
f 2629//2629 2543//2543 2649//2649
f 2623//2623 2639//2639 2640//2640
f 2641//2641 2653//2653 2559//2559
f 2653//2653 2563//2563 2559//2559
f 2634//2634 2642//2642 2625//2625
f 2625//2625 2646//2646 2635//2635
f 2625//2625 2642//2642 2646//2646
f 2635//2635 2646//2646 2636//2636
f 2636//2636 2646//2646 2643//2643
f 2636//2636 2643//2643 2627//2627
f 2643//2643 2657//2657 2644//2644
f 2543//2543 2638//2638 2649//2649
f 2545//2545 2715//2715 2622//2622
f 2545//2545 2649//2649 2715//2715
f 2640//2640 2645//2645 2630//2630
f 2630//2630 2645//2645 2631//2631
f 2631//2631 2645//2645 2632//2632
f 2641//2641 2632//2632 2653//2653
f 2653//2653 2565//2565 2563//2563
f 2561//2561 2654//2654 2562//2562
f 2562//2562 2654//2654 2633//2633
f 2633//2633 2660//2660 2634//2634
f 2646//2646 2647//2647 2643//2643
f 2643//2643 2647//2647 2657//2657
f 2644//2644 2657//2657 2648//2648
f 2637//2637 2558//2558 2663//2663
f 2637//2637 2663//2663 2638//2638
f 2622//2622 2715//2715 2716//2716
f 2622//2622 2716//2716 2639//2639
f 2650//2650 2639//2639 2716//2716
f 2639//2639 2650//2650 2640//2640
f 2640//2640 2651//2651 2645//2645
f 2640//2640 2650//2650 2651//2651
f 2645//2645 2652//2652 2632//2632
f 2632//2632 2652//2652 2659//2659
f 2632//2632 2659//2659 2653//2653
f 2567//2567 2654//2654 2561//2561
f 2633//2633 2654//2654 2660//2660
f 2634//2634 2660//2660 2642//2642
f 2642//2642 2655//2655 2646//2646
f 2646//2646 2656//2656 2647//2647
f 2646//2646 2655//2655 2656//2656
f 2647//2647 2656//2656 2657//2657
f 2657//2657 2661//2661 2648//2648
f 2657//2657 2658//2658 2661//2661
f 2648//2648 2663//2663 2558//2558
f 2663//2663 2664//2664 2638//2638
f 2638//2638 2664//2664 2665//2665
f 2645//2645 2651//2651 2652//2652
f 2659//2659 2566//2566 2565//2565
f 2659//2659 2565//2565 2653//2653
f 2654//2654 2567//2567 2669//2669
f 2654//2654 2669//2669 2660//2660
f 2661//2661 2662//2662 2648//2648
f 2648//2648 2662//2662 2663//2663
f 2650//2650 2667//2667 2651//2651
f 2650//2650 2718//2718 2667//2667
f 2652//2652 2668//2668 2659//2659
f 2669//2669 2680//2680 2660//2660
f 2660//2660 2655//2655 2642//2642
f 2655//2655 2670//2670 2656//2656
f 2656//2656 2670//2670 2675//2675
f 2656//2656 2671//2671 2657//2657
f 2656//2656 2675//2675 2671//2671
f 2657//2657 2671//2671 2658//2658
f 2663//2663 2662//2662 2672//2672
f 2666//2666 2690//2690 2718//2718
f 2651//2651 2673//2673 2652//2652
f 2651//2651 2667//2667 2673//2673
f 2668//2668 2566//2566 2659//2659
f 2569//2569 2567//2567 2498//2498
f 2567//2567 2674//2674 2669//2669
f 2567//2567 2569//2569 2674//2674
f 2660//2660 2681//2681 2655//2655
f 2660//2660 2680//2680 2681//2681
f 2655//2655 2681//2681 2682//2682
f 2655//2655 2682//2682 2675//2675
f 2655//2655 2675//2675 2670//2670
f 2675//2675 2676//2676 2671//2671
f 2671//2671 2685//2685 2658//2658
f 2658//2658 2685//2685 2661//2661
f 2661//2661 2677//2677 2662//2662
f 2663//2663 2687//2687 2664//2664
f 2663//2663 2672//2672 2687//2687
f 2718//2718 2678//2678 2667//2667
f 2718//2718 2690//2690 2678//2678
f 2652//2652 2679//2679 2668//2668
f 2652//2652 2673//2673 2679//2679
f 2679//2679 2571//2571 2566//2566
f 2679//2679 2566//2566 2668//2668
f 2669//2669 2674//2674 2680//2680
f 2682//2682 2683//2683 2675//2675
f 2675//2675 2683//2683 2684//2684
f 2675//2675 2684//2684 2676//2676
f 2676//2676 2684//2684 2579//2579
f 2676//2676 2579//2579 2685//2685
f 2676//2676 2685//2685 2671//2671
f 2662//2662 2686//2686 2672//2672
f 2688//2688 2689//2689 2666//2666
f 2666//2666 2689//2689 2690//2690
f 2679//2679 2667//2667 2571//2571
f 2673//2673 2667//2667 2679//2679
f 2573//2573 2569//2569 2570//2570
f 2569//2569 2573//2573 2574//2574
f 2569//2569 2574//2574 2674//2674
f 2674//2674 2574//2574 2680//2680
f 2680//2680 2574//2574 2576//2576
f 2680//2680 2576//2576 2681//2681
f 2681//2681 2576//2576 2682//2682
f 2682//2682 2576//2576 2683//2683
f 2683//2683 2576//2576 2577//2577
f 2683//2683 2577//2577 2578//2578
f 2683//2683 2578//2578 2684//2684
f 2684//2684 2578//2578 2579//2579
f 2579//2579 2578//2578 2685//2685
f 2685//2685 2578//2578 2580//2580
f 2685//2685 2580//2580 2581//2581
f 2685//2685 2581//2581 2588//2588
f 2685//2685 2588//2588 2661//2661
f 2677//2677 2661//2661 2692//2692
f 2677//2677 2692//2692 2662//2662
f 2687//2687 2672//2672 2693//2693
f 2672//2672 2686//2686 2693//2693
f 2690//2690 2691//2691 2678//2678
f 2667//2667 2678//2678 2571//2571
f 2589//2589 2661//2661 2588//2588
f 2661//2661 2589//2589 2590//2590
f 2661//2661 2590//2590 2692//2692
f 2692//2692 2596//2596 2662//2662
f 2662//2662 2695//2695 2686//2686
f 2662//2662 2596//2596 2695//2695
f 2693//2693 2686//2686 2696//2696
f 2689//2689 2697//2697 2690//2690
f 2690//2690 2697//2697 2691//2691
f 2691//2691 2697//2697 2591//2591
f 2691//2691 2591//2591 2678//2678
f 2678//2678 2591//2591 2571//2571
f 2596//2596 2692//2692 2593//2593
f 2686//2686 2695//2695 2696//2696
f 2696//2696 2698//2698 2721//2721
f 2721//2721 2698//2698 2694//2694
f 2697//2697 2688//2688 2594//2594
f 2689//2689 2688//2688 2697//2697
f 2596//2596 2700//2700 2695//2695
f 2698//2698 2701//2701 2694//2694
f 2694//2694 2702//2702 2699//2699
f 2694//2694 2701//2701 2702//2702
f 2694//2694 2699//2699 2688//2688
f 2688//2688 2699//2699 2594//2594
f 2598//2598 2700//2700 2596//2596
f 2695//2695 2700//2700 2696//2696
f 2696//2696 2703//2703 2698//2698
f 2699//2699 2701//2701 2599//2599
f 2702//2702 2701//2701 2699//2699
f 2601//2601 2700//2700 2598//2598
f 2700//2700 2704//2704 2696//2696
f 2696//2696 2704//2704 2703//2703
f 2698//2698 2602//2602 2599//2599
f 2698//2698 2599//2599 2701//2701
f 2605//2605 2700//2700 2601//2601
f 2703//2703 2704//2704 2705//2705
f 2703//2703 2705//2705 2698//2698
f 2705//2705 2606//2606 2602//2602
f 2705//2705 2602//2602 2698//2698
f 2605//2605 2706//2706 2700//2700
f 2705//2705 2604//2604 2606//2606
f 2700//2700 2707//2707 2704//2704
f 2700//2700 2706//2706 2707//2707
f 2704//2704 2604//2604 2705//2705
f 2610//2610 2706//2706 2605//2605
f 2707//2707 2711//2711 2704//2704
f 2704//2704 2709//2709 2604//2604
f 2704//2704 2711//2711 2709//2709
f 2610//2610 2708//2708 2706//2706
f 2709//2709 2611//2611 2604//2604
f 2607//2607 2708//2708 2610//2610
f 2708//2708 2710//2710 2706//2706
f 2708//2708 2607//2607 2710//2710
f 2706//2706 2710//2710 2707//2707
f 2707//2707 2710//2710 2711//2711
f 2711//2711 2611//2611 2709//2709
f 2615//2615 2712//2712 2607//2607
f 2607//2607 2712//2712 2710//2710
f 2710//2710 2713//2713 2711//2711
f 2713//2713 2612//2612 2611//2611
f 2713//2713 2611//2611 2711//2711
f 2710//2710 2712//2712 2713//2713
f 2615//2615 2617//2617 2618//2618
f 2615//2615 2618//2618 2712//2712
f 2712//2712 2618//2618 2619//2619
f 2712//2712 2619//2619 2620//2620
f 2712//2712 2620//2620 2713//2713
f 2713//2713 2620//2620 2612//2612
f 2638//2638 2714//2714 2649//2649
f 2715//2715 2649//2649 2714//2714
f 2665//2665 2714//2714 2638//2638
f 2716//2716 2715//2715 2717//2717
f 2716//2716 2717//2717 2650//2650
f 2717//2717 2718//2718 2650//2650
f 2714//2714 2665//2665 2715//2715
f 2664//2664 2687//2687 2665//2665
f 2665//2665 2719//2719 2715//2715
f 2715//2715 2719//2719 2717//2717
f 2717//2717 2666//2666 2718//2718
f 2687//2687 2720//2720 2665//2665
f 2665//2665 2720//2720 2719//2719
f 2719//2719 2666//2666 2717//2717
f 2687//2687 2721//2721 2720//2720
f 2687//2687 2693//2693 2721//2721
f 2720//2720 2722//2722 2719//2719
f 2719//2719 2722//2722 2688//2688
f 2719//2719 2688//2688 2666//2666
f 2693//2693 2696//2696 2721//2721
f 2720//2720 2721//2721 2694//2694
f 2720//2720 2694//2694 2722//2722
f 2722//2722 2694//2694 2688//2688
