mtllib engineer_arm_r.mtl
o sleeve
usemtl sleeve
v -0.0570 -0.0149 0.0058
v -0.0575 -0.0086 -0.0083
v -0.0567 -0.0016 0.0149
v -0.0576 0.0058 -0.0087
v -0.0573 0.0028 -0.0107
v -0.0580 0.0056 0.0068
v -0.0499 -0.0595 0.0036
v -0.0503 -0.0542 -0.0071
v -0.0505 -0.0446 0.0155
v -0.0505 -0.0541 0.0068
v -0.0508 -0.0435 -0.0140
v -0.0497 -0.0391 0.0199
v -0.0551 -0.0292 0.0040
v -0.0547 -0.0221 -0.0110
v -0.0560 -0.0206 -0.0036
v -0.0562 -0.0214 0.0011
v -0.0550 -0.0212 0.0111
v -0.0506 -0.0281 0.0220
v -0.0521 -0.0232 -0.0202
v -0.0552 -0.0088 -0.0166
v -0.0512 -0.0088 0.0263
v -0.0523 0.0014 -0.0262
v -0.0545 0.0110 -0.0171
v -0.0565 0.0123 0.0089
v -0.0494 0.0227 -0.0206
v -0.0535 0.0228 -0.0057
v -0.0523 0.0162 0.0203
v -0.0510 0.0259 -0.0110
v -0.0497 0.0257 0.0160
v -0.0502 0.0292 0.0032
v -0.0459 -0.0776 -0.0061
v -0.0431 -0.0882 -0.0089
v -0.0432 -0.0918 0.0092
v -0.0429 -0.0723 -0.0190
v -0.0466 -0.0742 -0.0030
v -0.0462 -0.0766 0.0076
v -0.0472 -0.0686 -0.0075
v -0.0448 -0.0663 -0.0178
v -0.0484 -0.0483 -0.0173
v -0.0431 -0.0622 0.0261
v -0.0444 -0.0469 -0.0266
v -0.0481 -0.0520 0.0198
v -0.0483 -0.0367 -0.0227
v -0.0431 -0.0382 0.0322
v -0.0499 -0.0241 -0.0244
v -0.0462 -0.0109 -0.0344
v -0.0430 -0.0292 0.0341
v -0.0432 -0.0097 -0.0385
v -0.0441 -0.0015 0.0375
v -0.0454 0.0023 -0.0367
v -0.0495 0.0001 0.0302
v -0.0487 0.0129 -0.0296
v -0.0491 0.0092 0.0302
v -0.0428 0.0075 -0.0392
v -0.0443 0.0286 0.0242
v -0.0422 0.0248 0.0312
v -0.0422 0.0245 -0.0315
v -0.0462 0.0352 0.0051
v -0.0437 0.0282 -0.0261
v -0.0424 0.0377 -0.0129
v -0.0377 -0.1227 -0.0013
v -0.0367 -0.1314 0.0079
v -0.0361 -0.1246 -0.0083
v -0.0361 -0.1276 0.0157
v -0.0387 -0.1171 0.0079
v -0.0355 -0.1130 -0.0169
v -0.0399 -0.1040 -0.0087
v -0.0357 -0.1055 0.0269
v -0.0367 -0.0958 -0.0221
v -0.0430 -0.0936 0.0086
v -0.0422 -0.0999 0.0052
v -0.0369 -0.1115 0.0217
v -0.0409 -0.0916 -0.0134
v -0.0434 -0.0838 0.0160
v -0.0380 -0.0953 0.0253
v -0.0433 -0.0728 0.0218
v -0.0353 -0.0696 -0.0325
v -0.0414 -0.0769 -0.0201
v -0.0349 -0.0771 0.0347
v -0.0367 -0.0643 -0.0321
v -0.0400 -0.0689 -0.0260
v -0.0365 -0.0526 0.0374
v -0.0389 -0.0414 -0.0359
v -0.0405 -0.0315 0.0369
v -0.0381 -0.0307 -0.0392
v -0.0387 -0.0182 -0.0414
v -0.0400 -0.0179 0.0399
v -0.0363 -0.0095 -0.0454
v -0.0389 0.0110 0.0417
v -0.0385 0.0075 -0.0441
v -0.0380 0.0227 0.0374
v -0.0352 0.0204 0.0410
v -0.0392 0.0249 -0.0355
v -0.0351 0.0339 0.0310
v -0.0378 0.0325 -0.0300
v -0.0409 0.0360 0.0193
v -0.0330 0.0404 -0.0254
v -0.0297 0.0414 0.0266
v -0.0302 -0.1650 0.0045
v -0.0289 -0.1691 0.0138
v -0.0295 -0.1558 0.0225
v -0.0293 -0.1488 -0.0152
v -0.0299 -0.1609 -0.0062
v -0.0349 -0.1394 0.0071
v -0.0356 -0.1283 0.0175
v -0.0296 -0.1396 0.0293
v -0.0268 -0.1293 0.0370
v -0.0293 -0.1379 -0.0199
v -0.0344 -0.1309 -0.0100
v -0.0309 -0.1135 -0.0258
v -0.0293 -0.1227 0.0347
v -0.0322 -0.1093 0.0323
v -0.0295 -0.1003 -0.0315
v -0.0343 -0.0985 -0.0249
v -0.0316 -0.0807 -0.0337
v -0.0364 -0.0809 0.0320
v -0.0294 -0.0867 0.0399
v -0.0288 -0.0746 -0.0381
v -0.0306 -0.0538 -0.0410
v -0.0310 -0.0359 -0.0444
v -0.0297 -0.0389 -0.0449
v -0.0289 -0.0391 0.0460
v -0.0313 -0.0306 -0.0452
v -0.0256 -0.0185 -0.0512
v -0.0266 -0.0207 0.0495
v -0.0253 -0.0131 -0.0524
v -0.0327 -0.0145 0.0462
v -0.0306 -0.0053 -0.0502
v -0.0351 -0.0026 0.0461
v -0.0199 0.0026 -0.0569
v -0.0203 0.0056 -0.0561
v -0.0327 0.0163 -0.0461
v -0.0268 0.0216 0.0467
v -0.0283 0.0252 -0.0451
v -0.0306 0.0333 -0.0369
v -0.0311 0.0383 -0.0306
v -0.0321 0.0461 -0.0131
v -0.0306 0.0478 0.0047
v -0.0373 0.0426 0.0110
v -0.0302 0.0453 0.0177
v -0.0320 0.0475 -0.0043
v -0.0226 -0.2620 -0.0013
v -0.0225 -0.2677 0.0145
v -0.0224 -0.2495 -0.0034
v -0.0223 -0.2428 0.0192
v -0.0224 -0.2407 -0.0016
v -0.0232 -0.2413 0.0126
v -0.0218 -0.2217 0.0098
v -0.0221 -0.2112 0.0099
v -0.0218 -0.2105 0.0006
v -0.0222 -0.2056 0.0155
v -0.0221 -0.1992 -0.0065
v -0.0219 -0.1981 0.0220
v -0.0268 -0.1761 -0.0040
v -0.0290 -0.1692 -0.0007
v -0.0266 -0.1839 0.0081
v -0.0218 -0.1931 0.0247
v -0.0222 -0.1776 -0.0171
v -0.0256 -0.1750 -0.0098
v -0.0289 -0.1657 0.0185
v -0.0222 -0.1734 0.0322
v -0.0230 -0.1610 0.0348
v -0.0227 -0.1619 -0.0228
v -0.0273 -0.1618 -0.0126
v -0.0249 -0.1535 0.0339
v -0.0212 -0.1475 0.0407
v -0.0215 -0.1354 -0.0328
v -0.0282 -0.1284 -0.0255
v -0.0192 -0.1422 0.0443
v -0.0236 -0.1371 -0.0297
v -0.0248 -0.1120 -0.0343
v -0.0215 -0.1097 -0.0381
v -0.0171 -0.1063 -0.0424
v -0.0284 -0.0989 0.0393
v -0.0256 -0.0840 -0.0390
v -0.0225 -0.0854 0.0459
v -0.0197 -0.0729 -0.0452
v -0.0257 -0.0755 0.0446
v -0.0229 -0.0615 -0.0451
v -0.0203 -0.0623 0.0489
v -0.0290 -0.0563 0.0437
v -0.0269 -0.0445 -0.0456
v -0.0193 -0.0451 -0.0498
v -0.0231 -0.0334 -0.0499
v -0.0233 -0.0144 0.0519
v -0.0287 0.0079 0.0498
v -0.0162 0.0119 0.0550
v -0.0174 0.0211 -0.0531
v -0.0210 0.0276 0.0464
v -0.0275 0.0327 0.0388
v -0.0230 0.0350 -0.0413
v -0.0227 0.0402 0.0339
v -0.0242 0.0429 0.0292
v -0.0278 0.0496 0.0047
v -0.0223 0.0498 0.0157
v -0.0167 -0.2938 0.0019
v -0.0154 -0.2982 0.0113
v -0.0156 -0.2920 -0.0080
v -0.0149 -0.2904 0.0241
v -0.0171 -0.2793 -0.0135
v -0.0165 -0.2869 0.0234
v -0.0199 -0.2817 0.0016
v -0.0165 -0.2762 0.0308
v -0.0213 -0.2674 -0.0034
v -0.0221 -0.2656 0.0172
v -0.0172 -0.2683 -0.0167
v -0.0213 -0.2693 0.0231
v -0.0177 -0.2536 -0.0176
v -0.0197 -0.2561 0.0288
v -0.0222 -0.2527 0.0234
v -0.0184 -0.2411 -0.0154
v -0.0175 -0.2350 0.0313
v -0.0159 -0.2300 -0.0179
v -0.0218 -0.2243 0.0036
v -0.0213 -0.2192 0.0005
v -0.0149 -0.2150 0.0339
v -0.0164 -0.2184 -0.0157
v -0.0203 -0.2125 -0.0053
v -0.0195 -0.1982 0.0288
v -0.0193 -0.2150 0.0242
v -0.0168 -0.2085 -0.0161
v -0.0157 -0.1924 -0.0227
v -0.0205 -0.1973 -0.0113
v -0.0164 -0.1944 0.0355
v -0.0200 -0.1904 -0.0156
v -0.0201 -0.1832 -0.0185
v -0.0173 -0.1715 -0.0269
v -0.0199 -0.1735 0.0358
v -0.0167 -0.1578 0.0437
v -0.0173 -0.1533 -0.0325
v -0.0158 -0.1566 0.0449
v -0.0134 -0.1494 -0.0374
v -0.0149 -0.1386 -0.0384
v -0.0176 -0.1246 0.0474
v -0.0177 -0.1216 -0.0393
v -0.0206 -0.1202 0.0453
v -0.0163 -0.1072 -0.0424
v -0.0214 -0.1068 0.0456
v -0.0146 -0.0988 0.0506
v -0.0153 -0.0897 -0.0455
v -0.0257 -0.0653 0.0454
v -0.0150 -0.0630 -0.0488
v -0.0150 -0.0449 -0.0518
v -0.0188 -0.0300 0.0526
v -0.0121 -0.0027 -0.0590
v -0.0203 -0.0044 0.0543
v -0.0218 -0.0106 0.0531
v -0.0162 0.0080 -0.0566
v -0.0126 0.0234 0.0520
v -0.0172 0.0328 -0.0457
v -0.0193 0.0373 0.0395
v -0.0160 0.0393 -0.0399
v -0.0165 0.0446 -0.0335
v -0.0149 0.0464 0.0295
v -0.0086 0.0518 -0.0237
v -0.0191 0.0509 -0.0188
v -0.0089 -0.3244 -0.0015
v -0.0081 -0.3306 0.0072
v -0.0076 -0.3221 -0.0091
v -0.0082 -0.3268 0.0101
v -0.0084 -0.3186 0.0164
v -0.0104 -0.3144 -0.0022
v -0.0103 -0.3081 -0.0093
v -0.0078 -0.3095 0.0251
v -0.0081 -0.3049 -0.0173
v -0.0135 -0.3014 -0.0037
v -0.0108 -0.3135 0.0081
v -0.0095 -0.3077 0.0225
v -0.0091 -0.2907 -0.0230
v -0.0082 -0.2942 0.0354
v -0.0131 -0.2876 -0.0167
v -0.0107 -0.2761 0.0415
v -0.0059 -0.2849 0.0437
v -0.0073 -0.2790 -0.0297
v -0.0105 -0.2637 -0.0280
v -0.0082 -0.2587 -0.0310
v -0.0103 -0.2678 0.0457
v -0.0087 -0.2491 -0.0308
v -0.0066 -0.2502 0.0498
v -0.0145 -0.2481 0.0397
v -0.0150 -0.2381 0.0371
v -0.0101 -0.2379 0.0442
v -0.0072 -0.2295 -0.0299
v -0.0066 -0.2178 -0.0295
v -0.0158 -0.2237 0.0340
v -0.0079 -0.2113 0.0434
v -0.0071 -0.2049 -0.0298
v -0.0081 -0.1942 -0.0309
v -0.0110 -0.1880 0.0433
v -0.0084 -0.1703 -0.0364
v -0.0059 -0.1849 0.0485
v -0.0092 -0.1679 -0.0364
v -0.0118 -0.1623 0.0477
v -0.0120 -0.1513 0.0492
v -0.0123 -0.1621 -0.0355
v -0.0048 -0.1307 0.0557
v -0.0094 -0.1261 -0.0444
v -0.0078 -0.1292 -0.0449
v -0.0079 -0.1157 0.0543
v -0.0096 -0.1126 -0.0460
v -0.0039 -0.1024 -0.0492
v -0.0053 -0.0843 -0.0501
v -0.0105 -0.0803 0.0529
v -0.0116 -0.0676 -0.0497
v -0.0093 -0.0633 0.0537
v -0.0080 -0.0590 -0.0521
v -0.0033 -0.0470 0.0561
v -0.0173 -0.0380 0.0526
v -0.0081 -0.0390 -0.0546
v -0.0119 -0.0320 0.0549
v -0.0114 -0.0342 -0.0545
v -0.0058 0.0278 -0.0522
v -0.0035 0.0211 0.0547
v -0.0051 0.0300 0.0495
v -0.0107 0.0381 -0.0435
v -0.0029 0.0413 0.0394
v -0.0087 0.0444 -0.0362
v -0.0033 0.0477 0.0303
v -0.0081 0.0554 0.0040
v -0.0140 0.0551 0.0042
v -0.0119 0.0499 0.0240
v -0.0015 -0.4178 -0.0090
v -0.0013 -0.4086 0.0089
v -0.0024 -0.4100 -0.0066
v -0.0026 -0.3944 -0.0107
v -0.0010 -0.3882 -0.0174
v -0.0032 -0.3889 0.0063
v -0.0013 -0.3970 0.0126
v -0.0051 -0.3705 0.0018
v -0.0009 -0.3720 0.0196
v -0.0023 -0.3773 0.0142
v -0.0024 -0.3825 -0.0140
v -0.0040 -0.3565 0.0141
v -0.0011 -0.3478 0.0241
v -0.0009 -0.3449 -0.0209
v -0.0057 -0.3645 0.0027
v -0.0061 -0.3319 -0.0099
v -0.0037 -0.3518 -0.0133
v -0.0077 -0.3375 0.0045
v -0.0027 -0.3320 -0.0191
v -0.0070 -0.3216 0.0186
v -0.0069 -0.3310 0.0154
v 0.0018 -0.3114 -0.0292
v -0.0034 -0.3179 -0.0205
v -0.0050 -0.3065 0.0322
v -0.0009 -0.3190 0.0322
v -0.0040 -0.3036 -0.0245
v 0.0001 -0.3050 0.0396
v -0.0062 -0.2946 -0.0250
v 0.0009 -0.2930 -0.0336
v 0.0011 -0.2825 -0.0367
v -0.0046 -0.2669 -0.0340
v 0.0002 -0.2389 -0.0376
v -0.0043 -0.2400 0.0507
v -0.0034 -0.2240 -0.0326
v -0.0066 -0.2178 0.0451
v 0.0066 -0.2063 -0.0397
v -0.0023 -0.2071 0.0490
v -0.0060 -0.1983 -0.0318
v -0.0001 -0.1861 -0.0386
v -0.0074 -0.1951 0.0456
v 0.0029 -0.1792 -0.0412
v 0.0021 -0.1837 0.0540
v 0.0011 -0.1565 -0.0447
v -0.0023 -0.1598 0.0545
v -0.0035 -0.1514 0.0547
v -0.0117 -0.1405 0.0509
v -0.0051 -0.1373 -0.0450
v -0.0010 -0.1483 -0.0453
v 0.0002 -0.1216 -0.0492
v -0.0040 -0.0898 0.0556
v -0.0015 -0.0744 -0.0520
v -0.0050 -0.0651 -0.0521
v -0.0083 -0.0586 0.0545
v -0.0011 -0.0560 -0.0537
v -0.0011 -0.0405 -0.0558
v 0.0071 -0.0200 -0.0583
v -0.0002 -0.0076 -0.0596
v -0.0138 0.0011 0.0570
v -0.0059 0.0087 -0.0591
v 0.0036 0.0096 -0.0593
v -0.0012 0.0143 0.0564
v -0.0070 0.0257 -0.0535
v 0.0014 0.0307 0.0493
v 0.0049 0.0341 -0.0483
v -0.0031 0.0482 -0.0318
v -0.0069 0.0556 -0.0060
v -0.0041 0.0554 -0.0111
v 0.0030 0.0552 0.0118
v -0.0007 0.0561 -0.0023
v 0.0055 -0.5248 -0.0131
v 0.0059 -0.5086 -0.0023
v 0.0053 -0.5116 -0.0145
v 0.0058 -0.4986 -0.0017
v 0.0055 -0.4871 -0.0181
v 0.0054 -0.4942 -0.0169
v 0.0047 -0.4741 -0.0168
v 0.0047 -0.4775 -0.0013
v 0.0060 -0.4663 0.0081
v 0.0060 -0.4571 -0.0244
v 0.0062 -0.4529 0.0139
v 0.0033 -0.4555 0.0041
v 0.0052 -0.4436 -0.0251
v 0.0053 -0.4365 0.0169
v 0.0013 -0.4447 -0.0105
v 0.0011 -0.4441 -0.0019
v 0.0082 -0.4359 0.0221
v -0.0002 -0.4318 -0.0076
v 0.0010 -0.4289 0.0082
v 0.0039 -0.4255 -0.0253
v 0.0001 -0.4227 -0.0145
v -0.0014 -0.4158 0.0054
v -0.0000 -0.4046 -0.0181
v 0.0052 -0.4104 0.0240
v 0.0060 -0.4093 -0.0303
v 0.0043 -0.4147 0.0216
v 0.0059 -0.4033 0.0265
v 0.0005 -0.3898 -0.0205
v 0.0069 -0.3825 -0.0315
v 0.0044 -0.3751 -0.0278
v 0.0063 -0.3643 -0.0305
v 0.0064 -0.3544 -0.0306
v -0.0004 -0.3532 0.0241
v 0.0064 -0.3632 0.0326
v 0.0065 -0.3477 0.0351
v 0.0055 -0.3353 -0.0303
v 0.0045 -0.3225 -0.0301
v 0.0044 -0.3347 0.0349
v 0.0000 -0.3253 0.0318
v 0.0068 -0.3218 -0.0322
v 0.0064 -0.3228 0.0395
v 0.0039 -0.3160 -0.0302
v 0.0040 -0.3111 0.0409
v 0.0017 -0.2988 -0.0323
v 0.0016 -0.2980 0.0452
v -0.0016 -0.2891 0.0460
v 0.0057 -0.2871 0.0532
v 0.0022 -0.2763 0.0546
v 0.0021 -0.2690 -0.0395
v -0.0024 -0.2704 0.0524
v 0.0021 -0.2560 -0.0398
v 0.0049 -0.2503 0.0593
v -0.0006 -0.2457 -0.0378
v -0.0007 -0.2328 0.0527
v 0.0069 -0.2228 -0.0396
v 0.0079 -0.2153 -0.0395
v 0.0050 -0.2087 0.0537
v 0.0049 -0.2015 -0.0386
v 0.0104 -0.1908 0.0571
v 0.0101 -0.1686 0.0585
v 0.0092 -0.1393 -0.0494
v 0.0159 -0.1285 -0.0513
v 0.0017 -0.1238 0.0579
v 0.0058 -0.1053 -0.0516
v 0.0112 -0.1258 0.0602
v 0.0064 -0.0947 -0.0519
v 0.0044 -0.0857 -0.0521
v 0.0093 -0.0689 -0.0534
v 0.0071 -0.0534 -0.0548
v 0.0061 -0.0491 -0.0550
v -0.0025 -0.0218 0.0576
v 0.0113 -0.0136 -0.0581
v -0.0048 -0.0028 0.0584
v 0.0057 -0.0041 -0.0595
v 0.0049 -0.0022 0.0583
v 0.0053 0.0139 -0.0582
v 0.0094 0.0183 0.0545
v 0.0087 0.0286 -0.0515
v 0.0059 0.0342 0.0459
v 0.0028 0.0398 -0.0430
v 0.0092 0.0415 0.0381
v 0.0020 0.0499 -0.0289
v 0.0038 0.0494 0.0274
v 0.0097 0.0540 -0.0152
v 0.0119 -0.5398 -0.0195
v 0.0105 -0.5390 -0.0083
v 0.0133 -0.5405 -0.0001
v 0.0125 -0.5357 -0.0286
v 0.0088 -0.5333 -0.0182
v 0.0068 -0.5263 -0.0173
v 0.0127 -0.5262 0.0114
v 0.0083 -0.5240 -0.0253
v 0.0101 -0.5298 0.0051
v 0.0104 -0.5212 -0.0317
v 0.0065 -0.5165 -0.0015
v 0.0121 -0.5140 -0.0354
v 0.0112 -0.5185 0.0107
v 0.0108 -0.5074 -0.0321
v 0.0105 -0.4954 -0.0313
v 0.0103 -0.4818 -0.0310
v 0.0096 -0.4903 0.0109
v 0.0093 -0.4587 -0.0304
v 0.0063 -0.4649 0.0097
v 0.0144 -0.4581 -0.0375
v 0.0072 -0.4632 -0.0258
v 0.0132 -0.4407 -0.0373
v 0.0138 -0.4513 0.0254
v 0.0106 -0.4293 -0.0348
v 0.0116 -0.4313 0.0277
v 0.0124 -0.4055 -0.0378
v 0.0119 -0.4215 0.0303
v 0.0127 -0.4093 0.0331
v 0.0098 -0.3926 -0.0346
v 0.0067 -0.3829 0.0305
v 0.0114 -0.3648 0.0375
v 0.0042 -0.3640 0.0298
v 0.0104 -0.3333 0.0409
v 0.0121 -0.3177 0.0454
v 0.0174 -0.3149 0.0493
v 0.0115 -0.3081 -0.0373
v 0.0143 -0.3123 -0.0382
v 0.0085 -0.3072 0.0465
v 0.0085 -0.2958 -0.0382
v 0.0173 -0.2808 -0.0454
v 0.0127 -0.2754 0.0610
v 0.0115 -0.2605 0.0628
v 0.0102 -0.2523 0.0619
v 0.0098 -0.2494 -0.0441
v 0.0112 -0.2439 -0.0439
v 0.0065 -0.2409 0.0589
v 0.0131 -0.2271 0.0596
v 0.0129 -0.1960 -0.0423
v 0.0096 -0.1695 -0.0453
v 0.0134 -0.1498 -0.0488
v 0.0098 -0.1439 0.0599
v 0.0119 -0.1352 0.0601
v 0.0161 -0.1342 -0.0504
v 0.0081 -0.1306 0.0598
v 0.0166 -0.1218 -0.0512
v 0.0167 -0.1180 -0.0514
v 0.0106 -0.0986 -0.0520
v 0.0166 -0.0887 -0.0522
v 0.0071 -0.0873 0.0577
v 0.0009 -0.0750 0.0566
v 0.0132 -0.0689 0.0569
v 0.0157 -0.0434 -0.0547
v 0.0119 -0.0400 0.0568
v 0.0131 0.0040 -0.0583
v 0.0203 0.0229 -0.0511
v 0.0123 0.0197 0.0533
v 0.0135 0.0419 -0.0384
v 0.0096 0.0441 -0.0373
v 0.0159 0.0471 0.0275
v 0.0143 0.0495 -0.0256
v 0.0087 0.0537 0.0137
v 0.0180 -0.5457 -0.0261
v 0.0170 -0.5472 -0.0060
v 0.0210 -0.5477 0.0030
v 0.0156 -0.5382 0.0081
v 0.0193 -0.5343 -0.0387
v 0.0193 -0.5311 0.0181
v 0.0228 -0.5268 -0.0453
v 0.0203 -0.5202 -0.0443
v 0.0126 -0.5036 0.0145
v 0.0176 -0.4988 -0.0405
v 0.0193 -0.4810 -0.0417
v 0.0157 -0.4883 0.0206
v 0.0203 -0.4861 0.0255
v 0.0176 -0.4751 -0.0400
v 0.0206 -0.4727 0.0279
v 0.0174 -0.4647 -0.0399
v 0.0145 -0.4702 0.0222
v 0.0165 -0.4448 -0.0399
v 0.0219 -0.4531 0.0326
v 0.0158 -0.4252 -0.0400
v 0.0217 -0.4515 0.0326
v 0.0195 -0.4055 0.0391
v 0.0126 -0.3915 -0.0376
v 0.0158 -0.3822 -0.0393
v 0.0205 -0.4013 0.0404
v 0.0165 -0.3814 -0.0396
v 0.0125 -0.3860 0.0364
v 0.0138 -0.3740 0.0386
v 0.0178 -0.3760 0.0411
v 0.0177 -0.3644 -0.0397
v 0.0188 -0.3408 0.0455
v 0.0136 -0.3565 -0.0368
v 0.0177 -0.3311 -0.0393
v 0.0174 -0.3262 0.0469
v 0.0177 -0.3246 -0.0393
v 0.0271 -0.3162 -0.0430
v 0.0231 -0.3059 -0.0425
v 0.0186 -0.3047 0.0531
v 0.0142 -0.3006 0.0527
v 0.0128 -0.2959 0.0541
v 0.0168 -0.2801 -0.0452
v 0.0210 -0.2862 0.0607
v 0.0136 -0.2694 -0.0453
v 0.0242 -0.2719 -0.0476
v 0.0160 -0.2431 -0.0457
v 0.0102 -0.2165 0.0571
v 0.0310 -0.2145 -0.0447
v 0.0097 -0.2006 0.0559
v 0.0299 -0.1960 -0.0447
v 0.0121 -0.1822 -0.0442
v 0.0174 -0.1829 -0.0450
v 0.0260 -0.1852 -0.0453
v 0.0236 -0.1739 -0.0463
v 0.0229 -0.1655 0.0602
v 0.0231 -0.1617 -0.0476
v 0.0275 -0.1598 -0.0475
v 0.0127 -0.1491 0.0600
v 0.0263 -0.1579 0.0602
v 0.0192 -0.1348 0.0603
v 0.0235 -0.1092 0.0585
v 0.0157 -0.0943 -0.0522
v 0.0148 -0.1100 0.0594
v 0.0154 -0.0842 -0.0526
v 0.0219 -0.0630 -0.0523
v 0.0195 -0.0217 0.0554
v 0.0213 -0.0184 -0.0552
v 0.0131 0.0017 0.0568
v 0.0079 0.0060 0.0577
v 0.0196 0.0129 0.0532
v 0.0160 0.0313 0.0459
v 0.0162 0.0371 -0.0428
v 0.0251 0.0431 -0.0298
v 0.0192 0.0491 -0.0228
v 0.0126 0.0503 0.0228
v 0.0158 0.0541 0.0001
v 0.0107 0.0552 0.0060
v 0.0245 -0.5538 -0.0112
v 0.0272 -0.5536 0.0008
v 0.0223 -0.5454 -0.0314
v 0.0263 -0.5502 0.0060
v 0.0224 -0.5453 0.0099
v 0.0262 -0.5419 -0.0389
v 0.0231 -0.5374 0.0178
v 0.0227 -0.5217 0.0240
v 0.0238 -0.5121 -0.0464
v 0.0202 -0.4982 0.0240
v 0.0265 -0.4942 0.0293
v 0.0297 -0.4970 -0.0489
v 0.0254 -0.4720 -0.0459
v 0.0260 -0.4830 0.0302
v 0.0197 -0.4547 0.0305
v 0.0308 -0.4554 -0.0486
v 0.0250 -0.4579 0.0336
v 0.0256 -0.4478 -0.0460
v 0.0255 -0.4297 -0.0459
v 0.0252 -0.4290 0.0387
v 0.0261 -0.4104 -0.0459
v 0.0180 -0.4080 0.0380
v 0.0262 -0.3908 -0.0451
v 0.0266 -0.3624 -0.0435
v 0.0238 -0.3574 0.0461
v 0.0316 -0.3529 -0.0445
v 0.0178 -0.3362 0.0456
v 0.0244 -0.3527 -0.0426
v 0.0310 -0.3302 -0.0437
v 0.0344 -0.3229 -0.0442
v 0.0262 -0.3115 0.0535
v 0.0295 -0.2995 -0.0446
v 0.0305 -0.2844 -0.0468
v 0.0330 -0.2754 -0.0482
v 0.0326 -0.2686 -0.0493
v 0.0249 -0.2510 0.0664
v 0.0312 -0.2545 -0.0490
v 0.0225 -0.2431 0.0651
v 0.0336 -0.2417 -0.0479
v 0.0215 -0.2241 -0.0445
v 0.0228 -0.2288 -0.0456
v 0.0277 -0.2121 0.0605
v 0.0216 -0.2112 0.0596
v 0.0305 -0.2031 -0.0439
v 0.0248 -0.2014 0.0594
v 0.0314 -0.1906 -0.0444
v 0.0199 -0.1790 0.0598
v 0.0264 -0.1674 -0.0467
v 0.0266 -0.1587 0.0600
v 0.0302 -0.1486 -0.0475
v 0.0294 -0.1246 0.0583
v 0.0272 -0.1346 -0.0492
v 0.0273 -0.1067 -0.0499
v 0.0272 -0.1037 0.0571
v 0.0201 -0.0921 0.0577
v 0.0274 -0.0874 -0.0500
v 0.0228 -0.0777 -0.0515
v 0.0260 -0.0764 0.0553
v 0.0309 -0.0630 -0.0493
v 0.0161 -0.0593 0.0566
v 0.0311 -0.0513 -0.0497
v 0.0246 -0.0425 -0.0525
v 0.0241 -0.0534 0.0544
v 0.0285 -0.0379 -0.0511
v 0.0262 -0.0431 0.0534
v 0.0273 -0.0311 -0.0520
v 0.0257 -0.0213 -0.0531
v 0.0280 -0.0146 -0.0522
v 0.0259 -0.0186 0.0527
v 0.0252 0.0118 -0.0527
v 0.0274 0.0053 0.0507
v 0.0301 0.0113 -0.0499
v 0.0264 0.0264 -0.0456
v 0.0186 0.0306 0.0453
v 0.0302 0.0332 -0.0376
v 0.0248 0.0344 0.0387
v 0.0262 0.0366 -0.0370
v 0.0266 0.0412 -0.0312
v 0.0232 0.0413 0.0321
v 0.0260 0.0487 -0.0151
v 0.0269 0.0492 0.0095
v 0.0237 0.0491 0.0162
v 0.0235 0.0516 -0.0049
v 0.0258 -0.5519 -0.0264
v 0.0301 -0.5566 -0.0177
v 0.0348 -0.5580 -0.0040
v 0.0353 -0.5521 0.0118
v 0.0336 -0.5462 -0.0396
v 0.0328 -0.5453 0.0186
v 0.0304 -0.5369 -0.0455
v 0.0321 -0.5401 0.0220
v 0.0299 -0.5330 0.0252
v 0.0274 -0.5272 0.0261
v 0.0342 -0.5065 0.0319
v 0.0330 -0.4822 -0.0496
v 0.0329 -0.4908 0.0331
v 0.0306 -0.4732 0.0342
v 0.0310 -0.4757 -0.0487
v 0.0317 -0.4721 0.0349
v 0.0371 -0.4456 -0.0497
v 0.0346 -0.4515 0.0389
v 0.0422 -0.4436 -0.0505
v 0.0388 -0.4488 0.0403
v 0.0306 -0.4277 0.0412
v 0.0373 -0.4248 -0.0490
v 0.0368 -0.4124 0.0446
v 0.0338 -0.4103 -0.0477
v 0.0382 -0.3935 -0.0475
v 0.0279 -0.4015 0.0436
v 0.0351 -0.3966 0.0459
v 0.0320 -0.3759 -0.0461
v 0.0307 -0.3833 0.0462
v 0.0363 -0.3890 0.0468
v 0.0275 -0.3735 0.0462
v 0.0369 -0.3653 -0.0459
v 0.0338 -0.3562 0.0492
v 0.0361 -0.3514 -0.0452
v 0.0308 -0.3430 0.0499
v 0.0250 -0.3146 0.0524
v 0.0422 -0.3150 -0.0439
v 0.0323 -0.2932 -0.0456
v 0.0312 -0.2841 0.0628
v 0.0343 -0.2732 -0.0481
v 0.0366 -0.2704 -0.0483
v 0.0389 -0.2641 0.0668
v 0.0252 -0.2617 0.0666
v 0.0339 -0.2575 0.0672
v 0.0341 -0.2499 0.0670
v 0.0210 -0.2414 0.0652
v 0.0357 -0.2224 -0.0450
v 0.0283 -0.2186 -0.0446
v 0.0334 -0.2050 0.0596
v 0.0414 -0.1893 -0.0423
v 0.0356 -0.1762 -0.0443
v 0.0335 -0.1724 -0.0452
v 0.0313 -0.1694 0.0594
v 0.0347 -0.1615 -0.0456
v 0.0354 -0.1402 -0.0463
v 0.0254 -0.1326 0.0598
v 0.0336 -0.1169 -0.0475
v 0.0330 -0.0946 0.0546
v 0.0335 -0.0887 -0.0478
v 0.0364 -0.0778 -0.0466
v 0.0340 -0.0824 0.0530
v 0.0309 -0.0720 0.0533
v 0.0323 -0.0694 0.0525
v 0.0314 -0.0600 0.0522
v 0.0363 -0.0456 -0.0468
v 0.0344 -0.0414 0.0494
v 0.0366 -0.0315 -0.0466
v 0.0278 -0.0233 0.0521
v 0.0278 -0.0138 0.0516
v 0.0281 -0.0052 0.0510
v 0.0336 -0.0000 -0.0487
v 0.0264 0.0053 -0.0532
v 0.0319 0.0126 0.0466
v 0.0336 0.0112 0.0458
v 0.0348 0.0170 -0.0443
v 0.0323 0.0212 -0.0444
v 0.0258 0.0219 0.0472
v 0.0341 0.0259 0.0387
v 0.0311 0.0355 0.0323
v 0.0344 0.0330 0.0322
v 0.0335 0.0421 -0.0211
v 0.0331 0.0401 0.0240
v 0.0298 0.0476 -0.0119
v 0.0308 0.0479 -0.0039
v 0.0303 0.0481 0.0034
v 0.0345 0.0436 0.0134
v 0.0348 -0.5535 -0.0307
v 0.0442 -0.5554 -0.0315
v 0.0408 -0.5585 -0.0216
v 0.0404 -0.5526 0.0135
v 0.0410 -0.5476 -0.0405
v 0.0401 -0.5482 0.0187
v 0.0394 -0.5382 -0.0474
v 0.0387 -0.5396 0.0256
v 0.0390 -0.5391 0.0263
v 0.0382 -0.5256 -0.0520
v 0.0404 -0.5276 -0.0522
v 0.0373 -0.5156 0.0327
v 0.0364 -0.5168 -0.0527
v 0.0361 -0.5100 0.0323
v 0.0384 -0.5129 0.0327
v 0.0407 -0.5004 0.0345
v 0.0378 -0.4945 -0.0518
v 0.0419 -0.5006 -0.0530
v 0.0457 -0.4950 -0.0531
v 0.0395 -0.4818 -0.0515
v 0.0440 -0.4760 0.0380
v 0.0410 -0.4732 -0.0513
v 0.0410 -0.4635 0.0388
v 0.0447 -0.4554 -0.0510
v 0.0394 -0.4592 0.0391
v 0.0477 -0.4371 -0.0500
v 0.0435 -0.4326 0.0428
v 0.0409 -0.4183 -0.0488
v 0.0443 -0.4055 0.0457
v 0.0396 -0.3998 0.0461
v 0.0440 -0.3932 -0.0474
v 0.0441 -0.3730 -0.0463
v 0.0409 -0.3710 0.0489
v 0.0452 -0.3553 -0.0453
v 0.0410 -0.3536 0.0503
v 0.0411 -0.3444 -0.0450
v 0.0409 -0.3382 0.0516
v 0.0379 -0.3289 -0.0445
v 0.0381 -0.3256 0.0528
v 0.0351 -0.3207 0.0530
v 0.0367 -0.3135 0.0545
v 0.0474 -0.3084 -0.0432
v 0.0448 -0.2985 -0.0440
v 0.0343 -0.3032 0.0574
v 0.0391 -0.2947 -0.0453
v 0.0312 -0.2941 0.0603
v 0.0411 -0.2868 -0.0460
v 0.0423 -0.2909 0.0604
v 0.0333 -0.2747 0.0654
v 0.0412 -0.2593 -0.0479
v 0.0420 -0.2557 0.0666
v 0.0351 -0.2543 0.0672
v 0.0441 -0.2447 -0.0468
v 0.0411 -0.2452 0.0659
v 0.0413 -0.2320 -0.0456
v 0.0399 -0.2269 -0.0451
v 0.0475 -0.2148 -0.0414
v 0.0366 -0.2129 0.0606
v 0.0409 -0.2097 -0.0429
v 0.0396 -0.2101 0.0597
v 0.0411 -0.2032 -0.0421
v 0.0345 -0.1900 0.0592
v 0.0382 -0.1690 -0.0439
v 0.0373 -0.1627 0.0578
v 0.0422 -0.1567 -0.0426
v 0.0400 -0.1546 0.0566
v 0.0414 -0.1396 0.0549
v 0.0421 -0.1423 -0.0430
v 0.0416 -0.1235 -0.0436
v 0.0383 -0.1360 0.0561
v 0.0391 -0.1146 -0.0451
v 0.0365 -0.1202 0.0555
v 0.0368 -0.1107 -0.0463
v 0.0448 -0.1169 -0.0414
v 0.0410 -0.1165 0.0531
v 0.0398 -0.0954 -0.0448
v 0.0380 -0.1047 0.0534
v 0.0447 -0.0914 -0.0415
v 0.0361 -0.0865 0.0525
v 0.0399 -0.0825 0.0500
v 0.0399 -0.0767 -0.0447
v 0.0401 -0.0711 0.0487
v 0.0397 -0.0643 -0.0447
v 0.0362 -0.0642 0.0503
v 0.0451 -0.0609 -0.0408
v 0.0395 -0.0546 0.0475
v 0.0396 -0.0466 -0.0447
v 0.0422 -0.0439 -0.0426
v 0.0413 -0.0473 0.0457
v 0.0394 -0.0311 -0.0446
v 0.0371 -0.0366 0.0475
v 0.0396 -0.0314 0.0453
v 0.0386 -0.0196 -0.0451
v 0.0409 -0.0190 0.0431
v 0.0395 -0.0068 -0.0439
v 0.0361 -0.0070 0.0459
v 0.0448 -0.0017 -0.0382
v 0.0425 -0.0079 0.0406
v 0.0389 0.0069 -0.0435
v 0.0359 0.0044 0.0452
v 0.0401 0.0073 0.0408
v 0.0415 0.0127 0.0382
v 0.0406 0.0181 -0.0384
v 0.0345 0.0222 0.0406
v 0.0412 0.0248 0.0321
v 0.0428 0.0244 -0.0310
v 0.0384 0.0275 -0.0345
v 0.0356 0.0352 -0.0296
v 0.0404 0.0341 -0.0240
v 0.0415 0.0299 0.0270
v 0.0410 0.0340 0.0219
v 0.0375 0.0407 -0.0167
v 0.0401 0.0412 -0.0032
v 0.0402 0.0409 0.0036
v 0.0414 0.0387 0.0093
v 0.0391 0.0384 0.0173
v 0.0511 -0.5603 -0.0173
v 0.0438 -0.5604 -0.0115
v 0.0479 -0.5604 -0.0054
v 0.0480 -0.5601 -0.0019
v 0.0528 -0.5554 -0.0314
v 0.0448 -0.5571 0.0067
v 0.0474 -0.5526 0.0156
v 0.0485 -0.5483 -0.0406
v 0.0462 -0.5418 -0.0462
v 0.0513 -0.5309 -0.0515
v 0.0508 -0.5390 0.0277
v 0.0462 -0.5244 -0.0532
v 0.0416 -0.5242 0.0322
v 0.0470 -0.5269 0.0323
v 0.0480 -0.5183 -0.0537
v 0.0500 -0.5159 -0.0540
v 0.0509 -0.5131 0.0344
v 0.0429 -0.4828 -0.0523
v 0.0506 -0.4721 -0.0520
v 0.0447 -0.4651 0.0392
v 0.0510 -0.4657 0.0393
v 0.0523 -0.4547 -0.0505
v 0.0481 -0.4482 0.0410
v 0.0508 -0.4217 -0.0482
v 0.0482 -0.4133 -0.0480
v 0.0479 -0.4160 0.0442
v 0.0481 -0.4032 -0.0474
v 0.0476 -0.3976 0.0462
v 0.0433 -0.3874 0.0472
v 0.0518 -0.3801 -0.0456
v 0.0484 -0.3697 0.0485
v 0.0472 -0.3696 -0.0458
v 0.0485 -0.3550 -0.0450
v 0.0501 -0.3543 -0.0448
v 0.0482 -0.3431 -0.0443
v 0.0501 -0.3424 0.0505
v 0.0503 -0.3282 -0.0431
v 0.0512 -0.3239 -0.0426
v 0.0442 -0.3178 0.0534
v 0.0504 -0.3106 0.0540
v 0.0470 -0.3002 0.0568
v 0.0440 -0.2909 -0.0451
v 0.0519 -0.2870 -0.0433
v 0.0483 -0.2809 -0.0453
v 0.0482 -0.2857 0.0609
v 0.0471 -0.2733 -0.0463
v 0.0472 -0.2724 0.0638
v 0.0499 -0.2576 -0.0459
v 0.0514 -0.2532 -0.0454
v 0.0470 -0.2392 0.0642
v 0.0474 -0.2363 -0.0451
v 0.0516 -0.2311 -0.0427
v 0.0390 -0.2212 0.0621
v 0.0496 -0.2246 0.0605
v 0.0510 -0.2027 -0.0386
v 0.0409 -0.2003 0.0584
v 0.0507 -0.1981 0.0547
v 0.0487 -0.1809 -0.0392
v 0.0453 -0.1787 0.0557
v 0.0489 -0.1685 -0.0389
v 0.0451 -0.1719 0.0554
v 0.0489 -0.1552 -0.0387
v 0.0482 -0.1586 0.0528
v 0.0501 -0.1460 -0.0377
v 0.0489 -0.1365 -0.0384
v 0.0466 -0.1434 0.0523
v 0.0453 -0.1265 0.0515
v 0.0431 -0.1214 0.0523
v 0.0466 -0.1175 0.0496
v 0.0467 -0.1121 -0.0400
v 0.0469 -0.1105 0.0487
v 0.0482 -0.0972 -0.0388
v 0.0442 -0.0985 0.0492
v 0.0480 -0.0931 0.0460
v 0.0467 -0.0915 0.0467
v 0.0476 -0.0855 0.0453
v 0.0466 -0.0771 -0.0399
v 0.0454 -0.0843 0.0468
v 0.0474 -0.0626 -0.0389
v 0.0452 -0.0620 0.0444
v 0.0477 -0.0519 -0.0381
v 0.0408 -0.0486 0.0463
v 0.0511 -0.0516 0.0376
v 0.0478 -0.0398 -0.0373
v 0.0483 -0.0380 0.0385
v 0.0465 -0.0236 -0.0381
v 0.0450 -0.0338 0.0413
v 0.0456 -0.0195 -0.0385
v 0.0483 -0.0159 -0.0348
v 0.0489 0.0079 -0.0312
v 0.0464 -0.0072 0.0359
v 0.0469 0.0104 -0.0333
v 0.0468 0.0095 0.0325
v 0.0429 0.0064 0.0378
v 0.0483 0.0118 -0.0306
v 0.0482 0.0149 0.0282
v 0.0485 0.0207 0.0240
v 0.0436 0.0204 0.0316
v 0.0467 0.0218 -0.0271
v 0.0423 0.0310 -0.0250
v 0.0485 0.0275 -0.0164
v 0.0451 0.0293 0.0208
v 0.0483 0.0279 0.0156
v 0.0398 0.0398 -0.0136
v 0.0452 0.0346 -0.0093
v 0.0473 0.0331 -0.0054
v 0.0482 0.0318 0.0024
v 0.0468 0.0327 0.0096
v 0.0537 -0.5603 -0.0140
v 0.0540 -0.5603 -0.0064
v 0.0566 -0.5539 -0.0323
v 0.0590 -0.5578 0.0014
v 0.0584 -0.5563 0.0066
v 0.0543 -0.5538 0.0128
v 0.0582 -0.5501 -0.0371
v 0.0544 -0.5471 0.0209
v 0.0534 -0.5386 -0.0475
v 0.0537 -0.5272 -0.0525
v 0.0565 -0.5258 0.0325
v 0.0599 -0.5077 -0.0527
v 0.0544 -0.4972 -0.0529
v 0.0507 -0.5126 0.0345
v 0.0540 -0.4900 -0.0526
v 0.0519 -0.4774 -0.0521
v 0.0554 -0.4814 -0.0520
v 0.0589 -0.4777 -0.0509
v 0.0515 -0.4794 0.0381
v 0.0546 -0.4643 -0.0511
v 0.0465 -0.4651 0.0397
v 0.0506 -0.4438 0.0413
v 0.0579 -0.4374 -0.0476
v 0.0605 -0.4424 0.0396
v 0.0556 -0.4378 0.0412
v 0.0591 -0.4226 0.0412
v 0.0541 -0.4037 -0.0462
v 0.0560 -0.4001 0.0440
v 0.0536 -0.3927 -0.0457
v 0.0585 -0.3855 -0.0435
v 0.0531 -0.3875 0.0462
v 0.0556 -0.3808 0.0462
v 0.0516 -0.3682 -0.0450
v 0.0577 -0.3813 -0.0437
v 0.0520 -0.3858 0.0466
v 0.0518 -0.3579 0.0490
v 0.0577 -0.3635 -0.0428
v 0.0543 -0.3495 0.0491
v 0.0582 -0.3301 -0.0408
v 0.0554 -0.3368 0.0497
v 0.0618 -0.3170 -0.0381
v 0.0526 -0.3129 0.0526
v 0.0579 -0.3011 -0.0397
v 0.0514 -0.2973 0.0564
v 0.0599 -0.2965 -0.0391
v 0.0593 -0.2876 -0.0401
v 0.0506 -0.2851 0.0601
v 0.0525 -0.2723 -0.0446
v 0.0550 -0.2645 0.0624
v 0.0557 -0.2619 -0.0438
v 0.0549 -0.2505 0.0628
v 0.0554 -0.2466 -0.0434
v 0.0608 -0.2341 -0.0391
v 0.0553 -0.2330 0.0603
v 0.0542 -0.2098 -0.0376
v 0.0494 -0.2141 0.0581
v 0.0538 -0.1985 -0.0369
v 0.0548 -0.1986 0.0527
v 0.0489 -0.1886 0.0550
v 0.0561 -0.1874 -0.0346
v 0.0525 -0.1782 0.0520
v 0.0554 -0.1734 -0.0344
v 0.0508 -0.1635 0.0516
v 0.0534 -0.1598 0.0493
v 0.0549 -0.1608 -0.0341
v 0.0552 -0.1428 0.0457
v 0.0544 -0.1431 -0.0337
v 0.0548 -0.1412 0.0459
v 0.0525 -0.1138 0.0446
v 0.0514 -0.1173 -0.0361
v 0.0526 -0.1101 -0.0348
v 0.0530 -0.1121 0.0439
v 0.0526 -0.0924 -0.0347
v 0.0502 -0.1002 0.0450
v 0.0548 -0.0864 0.0388
v 0.0552 -0.0732 -0.0311
v 0.0506 -0.0849 -0.0366
v 0.0525 -0.0789 0.0401
v 0.0540 -0.0688 0.0370
v 0.0536 -0.0727 -0.0329
v 0.0495 -0.0568 -0.0365
v 0.0541 -0.0679 -0.0321
v 0.0514 -0.0648 0.0391
v 0.0554 -0.0652 -0.0303
v 0.0532 -0.0603 0.0366
v 0.0565 -0.0427 -0.0265
v 0.0551 -0.0460 0.0316
v 0.0497 -0.0429 0.0376
v 0.0547 -0.0390 -0.0284
v 0.0548 -0.0299 -0.0270
v 0.0543 -0.0341 0.0300
v 0.0531 -0.0194 -0.0279
v 0.0551 -0.0167 -0.0238
v 0.0535 -0.0181 0.0277
v 0.0554 -0.0155 0.0235
v 0.0473 -0.0146 0.0360
v 0.0509 0.0010 -0.0286
v 0.0545 -0.0068 0.0230
v 0.0554 -0.0107 -0.0219
v 0.0498 -0.0012 0.0301
v 0.0552 0.0073 -0.0173
v 0.0550 0.0046 0.0186
v 0.0488 0.0072 0.0302
v 0.0507 0.0226 -0.0182
v 0.0547 0.0092 -0.0176
v 0.0549 0.0157 -0.0116
v 0.0540 0.0152 0.0144
v 0.0507 0.0132 0.0241
v 0.0548 0.0191 -0.0022
v 0.0540 0.0213 0.0032
v 0.0546 0.0168 0.0103
v 0.0508 0.0274 -0.0029
v 0.0502 0.0261 0.0116
v 0.0565 -0.5602 -0.0110
v 0.0618 -0.5540 -0.0291
v 0.0661 -0.5572 -0.0143
v 0.0699 -0.5558 -0.0020
v 0.0650 -0.5463 -0.0379
v 0.0606 -0.5444 0.0221
v 0.0604 -0.5407 -0.0448
v 0.0570 -0.5290 0.0315
v 0.0590 -0.5238 -0.0522
v 0.0629 -0.5293 -0.0492
v 0.0615 -0.5202 -0.0522
v 0.0658 -0.5069 -0.0505
v 0.0582 -0.5004 0.0352
v 0.0651 -0.4969 -0.0502
v 0.0577 -0.4956 0.0358
v 0.0597 -0.5016 -0.0523
v 0.0589 -0.4881 0.0363
v 0.0653 -0.4685 -0.0479
v 0.0575 -0.4583 0.0393
v 0.0605 -0.4509 0.0389
v 0.0631 -0.4415 -0.0460
v 0.0609 -0.4431 0.0393
v 0.0589 -0.4277 -0.0463
v 0.0635 -0.4347 0.0388
v 0.0658 -0.4255 -0.0426
v 0.0618 -0.4252 -0.0448
v 0.0589 -0.4066 0.0425
v 0.0595 -0.4136 -0.0448
v 0.0660 -0.4062 -0.0408
v 0.0617 -0.3974 0.0421
v 0.0617 -0.3997 -0.0428
v 0.0617 -0.3712 -0.0413
v 0.0591 -0.3720 0.0458
v 0.0617 -0.3573 -0.0408
v 0.0630 -0.3395 -0.0393
v 0.0614 -0.3555 0.0464
v 0.0609 -0.3281 0.0481
v 0.0608 -0.3240 -0.0391
v 0.0537 -0.3218 0.0514
v 0.0623 -0.3200 -0.0380
v 0.0629 -0.3077 -0.0369
v 0.0641 -0.2957 -0.0366
v 0.0598 -0.2978 0.0530
v 0.0646 -0.2895 0.0525
v 0.0592 -0.2903 0.0552
v 0.0593 -0.2737 0.0592
v 0.0637 -0.2732 -0.0391
v 0.0556 -0.2752 0.0605
v 0.0656 -0.2677 -0.0384
v 0.0557 -0.2635 0.0627
v 0.0641 -0.2508 -0.0391
v 0.0583 -0.2506 0.0617
v 0.0619 -0.2343 -0.0383
v 0.0611 -0.2252 -0.0371
v 0.0582 -0.2211 0.0560
v 0.0569 -0.2169 -0.0375
v 0.0614 -0.2179 -0.0348
v 0.0625 -0.2203 0.0535
v 0.0647 -0.2109 -0.0307
v 0.0568 -0.2113 0.0543
v 0.0606 -0.2037 -0.0324
v 0.0597 -0.2074 0.0516
v 0.0627 -0.2008 -0.0301
v 0.0664 -0.1994 -0.0262
v 0.0627 -0.1852 -0.0286
v 0.0620 -0.1844 0.0456
v 0.0608 -0.1754 -0.0295
v 0.0651 -0.1712 -0.0238
v 0.0605 -0.1741 0.0454
v 0.0650 -0.1745 0.0410
v 0.0606 -0.1629 -0.0285
v 0.0630 -0.1559 -0.0246
v 0.0574 -0.1530 0.0451
v 0.0614 -0.1531 0.0408
v 0.0602 -0.1488 -0.0277
v 0.0622 -0.1503 0.0392
v 0.0569 -0.1478 0.0446
v 0.0600 -0.1361 -0.0269
v 0.0621 -0.1345 -0.0238
v 0.0621 -0.1361 0.0369
v 0.0559 -0.1213 -0.0315
v 0.0628 -0.1279 -0.0221
v 0.0576 -0.1280 0.0415
v 0.0619 -0.1196 -0.0232
v 0.0608 -0.1248 0.0367
v 0.0584 -0.1059 -0.0279
v 0.0613 -0.1113 0.0339
v 0.0627 -0.1067 0.0309
v 0.0571 -0.0824 -0.0291
v 0.0624 -0.1140 -0.0221
v 0.0572 -0.1055 0.0385
v 0.0619 -0.0991 -0.0223
v 0.0620 -0.0893 0.0291
v 0.0549 -0.0869 0.0387
v 0.0622 -0.0859 -0.0209
v 0.0614 -0.0949 0.0313
v 0.0617 -0.0823 -0.0217
v 0.0610 -0.0752 0.0285
v 0.0617 -0.0762 -0.0212
v 0.0587 -0.0709 0.0311
v 0.0624 -0.0628 -0.0182
v 0.0624 -0.0661 0.0237
v 0.0577 -0.0568 -0.0264
v 0.0578 -0.0585 0.0301
v 0.0598 -0.0424 -0.0193
v 0.0621 -0.0529 -0.0165
v 0.0617 -0.0487 0.0198
v 0.0566 -0.0504 0.0300
v 0.0610 -0.0501 0.0220
v 0.0577 -0.0436 0.0265
v 0.0621 -0.0399 -0.0120
v 0.0623 -0.0368 -0.0097
v 0.0578 -0.0368 0.0245
v 0.0618 -0.0267 -0.0049
v 0.0616 -0.0360 0.0145
v 0.0621 -0.0318 0.0099
v 0.0576 -0.0219 0.0203
v 0.0550 -0.0259 0.0272
v 0.0568 -0.0171 -0.0202
v 0.0582 -0.0213 -0.0172
v 0.0617 -0.0246 0.0042
v 0.0583 -0.0019 -0.0077
v 0.0602 -0.0161 0.0067
v 0.0591 -0.0142 0.0112
v 0.0593 -0.0071 -0.0030
v 0.0565 0.0055 -0.0131
v 0.0585 -0.0024 0.0070
v 0.0562 -0.0020 0.0168
v 0.0571 0.0104 0.0013
v 0.0551 0.0150 -0.0106
v 0.0563 0.0133 -0.0029
v 0.0558 0.0118 0.0105
v 0.0682 -0.5544 -0.0226
v 0.0611 -0.5525 0.0128
v 0.0733 -0.5462 -0.0312
v 0.0686 -0.5491 -0.0314
v 0.0703 -0.5471 0.0141
v 0.0674 -0.5351 -0.0451
v 0.0688 -0.5390 -0.0414
v 0.0685 -0.5441 0.0186
v 0.0637 -0.5217 0.0317
v 0.0650 -0.5209 -0.0508
v 0.0622 -0.5208 0.0323
v 0.0676 -0.5112 -0.0497
v 0.0645 -0.5173 0.0321
v 0.0723 -0.4838 -0.0459
v 0.0714 -0.4864 0.0323
v 0.0621 -0.4723 0.0370
v 0.0661 -0.4666 -0.0474
v 0.0685 -0.4578 0.0351
v 0.0694 -0.4636 -0.0454
v 0.0685 -0.4465 0.0355
v 0.0628 -0.4321 -0.0450
v 0.0715 -0.4381 -0.0402
v 0.0661 -0.4241 0.0380
v 0.0718 -0.4161 -0.0374
v 0.0668 -0.4151 0.0381
v 0.0678 -0.4131 -0.0400
v 0.0675 -0.3994 -0.0393
v 0.0679 -0.3997 0.0387
v 0.0681 -0.3948 -0.0387
v 0.0728 -0.3906 -0.0347
v 0.0657 -0.3947 0.0404
v 0.0668 -0.3734 -0.0387
v 0.0741 -0.3859 -0.0334
v 0.0679 -0.3865 0.0399
v 0.0657 -0.3680 0.0430
v 0.0675 -0.3658 -0.0381
v 0.0669 -0.3601 0.0430
v 0.0674 -0.3580 -0.0378
v 0.0652 -0.3448 0.0452
v 0.0742 -0.3428 -0.0316
v 0.0666 -0.3397 -0.0372
v 0.0665 -0.3354 0.0449
v 0.0679 -0.3229 -0.0345
v 0.0670 -0.3196 0.0452
v 0.0702 -0.3073 -0.0318
v 0.0681 -0.3116 0.0452
v 0.0713 -0.3059 0.0435
v 0.0638 -0.3079 0.0485
v 0.0681 -0.2915 -0.0340
v 0.0659 -0.2794 -0.0371
v 0.0667 -0.2824 0.0528
v 0.0697 -0.2787 0.0515
v 0.0718 -0.2732 -0.0332
v 0.0630 -0.2563 0.0592
v 0.0696 -0.2534 -0.0355
v 0.0627 -0.2432 0.0584
v 0.0713 -0.2378 -0.0319
v 0.0661 -0.2372 0.0552
v 0.0702 -0.2303 -0.0311
v 0.0687 -0.2348 0.0530
v 0.0708 -0.2239 -0.0286
v 0.0644 -0.2273 0.0540
v 0.0678 -0.2221 0.0499
v 0.0701 -0.2090 -0.0246
v 0.0672 -0.2107 0.0469
v 0.0704 -0.1995 -0.0216
v 0.0661 -0.2048 0.0461
v 0.0695 -0.1973 -0.0222
v 0.0631 -0.1964 0.0464
v 0.0683 -0.1952 0.0410
v 0.0689 -0.1927 -0.0221
v 0.0691 -0.1913 0.0390
v 0.0616 -0.1875 0.0463
v 0.0706 -0.1843 -0.0179
v 0.0683 -0.1662 -0.0179
v 0.0690 -0.1640 -0.0161
v 0.0675 -0.1624 0.0343
v 0.0694 -0.1618 0.0306
v 0.0642 -0.1621 0.0390
v 0.0689 -0.1581 -0.0147
v 0.0642 -0.1403 -0.0207
v 0.0687 -0.1463 0.0271
v 0.0693 -0.1488 -0.0119
v 0.0678 -0.1471 0.0294
v 0.0693 -0.1404 0.0235
v 0.0690 -0.1366 -0.0095
v 0.0651 -0.1348 0.0314
v 0.0642 -0.1331 -0.0201
v 0.0689 -0.1256 0.0199
v 0.0644 -0.1278 0.0311
v 0.0650 -0.1167 -0.0167
v 0.0691 -0.1303 -0.0075
v 0.0681 -0.1260 0.0224
v 0.0690 -0.1161 0.0158
v 0.0645 -0.1120 0.0281
v 0.0617 -0.1154 0.0341
v 0.0686 -0.1155 -0.0065
v 0.0679 -0.1204 0.0215
v 0.0678 -0.0953 -0.0063
v 0.0689 -0.1062 -0.0018
v 0.0689 -0.1049 0.0124
v 0.0690 -0.0988 0.0053
v 0.0678 -0.0953 0.0148
v 0.0649 -0.0997 0.0248
v 0.0670 -0.0809 -0.0068
v 0.0685 -0.0882 0.0040
v 0.0641 -0.0824 -0.0165
v 0.0678 -0.0728 0.0042
v 0.0679 -0.0937 0.0139
v 0.0668 -0.0747 -0.0058
v 0.0661 -0.0723 0.0142
v 0.0648 -0.0876 0.0229
v 0.0638 -0.0596 -0.0134
v 0.0665 -0.0700 -0.0055
v 0.0635 -0.0673 0.0213
v 0.0666 -0.0647 0.0040
v 0.0641 -0.0493 0.0109
v 0.0651 -0.0535 -0.0031
v 0.0632 -0.0528 0.0168
v 0.0634 -0.0381 -0.0046
v 0.0644 -0.0459 0.0042
v 0.0622 -0.0294 -0.0030
v 0.0626 -0.0363 0.0096
v 0.0624 -0.0305 0.0042
v 0.0742 -0.5527 -0.0144
v 0.0745 -0.5531 -0.0046
v 0.0738 -0.5521 0.0006
v 0.0767 -0.5466 0.0085
v 0.0789 -0.5399 -0.0318
v 0.0824 -0.5373 -0.0307
v 0.0776 -0.5411 0.0141
v 0.0734 -0.5400 0.0188
v 0.0756 -0.5367 -0.0383
v 0.0744 -0.5328 0.0231
v 0.0672 -0.5367 0.0253
v 0.0726 -0.5273 -0.0453
v 0.0738 -0.5279 0.0255
v 0.0757 -0.5154 -0.0454
v 0.0751 -0.5198 -0.0454
v 0.0760 -0.5233 0.0256
v 0.0755 -0.5081 -0.0454
v 0.0788 -0.5111 -0.0429
v 0.0702 -0.4959 0.0321
v 0.0755 -0.4915 0.0293
v 0.0748 -0.4906 -0.0447
v 0.0784 -0.4757 -0.0401
v 0.0735 -0.4786 0.0315
v 0.0741 -0.4689 0.0315
v 0.0699 -0.4673 -0.0455
v 0.0728 -0.4665 0.0326
v 0.0745 -0.4539 -0.0402
v 0.0747 -0.4537 0.0315
v 0.0755 -0.4450 -0.0381
v 0.0742 -0.4450 0.0320
v 0.0768 -0.4359 -0.0352
v 0.0752 -0.4273 0.0314
v 0.0792 -0.4225 -0.0305
v 0.0771 -0.4081 -0.0312
v 0.0758 -0.4059 0.0317
v 0.0727 -0.4072 -0.0358
v 0.0743 -0.4001 -0.0336
v 0.0728 -0.3842 0.0366
v 0.0728 -0.3798 -0.0343
v 0.0734 -0.3766 0.0370
v 0.0760 -0.3596 -0.0306
v 0.0736 -0.3691 0.0375
v 0.0745 -0.3557 -0.0320
v 0.0755 -0.3464 0.0377
v 0.0782 -0.3426 -0.0272
v 0.0733 -0.3447 0.0395
v 0.0754 -0.3352 0.0382
v 0.0734 -0.3250 -0.0306
v 0.0753 -0.3218 0.0383
v 0.0748 -0.3122 -0.0277
v 0.0759 -0.3057 0.0393
v 0.0737 -0.3003 0.0426
v 0.0736 -0.2991 -0.0288
v 0.0781 -0.2835 -0.0260
v 0.0737 -0.2976 0.0433
v 0.0760 -0.2800 0.0457
v 0.0765 -0.2723 -0.0290
v 0.0695 -0.2729 0.0529
v 0.0753 -0.2661 -0.0304
v 0.0703 -0.2650 0.0537
v 0.0793 -0.2602 -0.0267
v 0.0738 -0.2622 0.0510
v 0.0716 -0.2466 -0.0334
v 0.0722 -0.2498 0.0526
v 0.0767 -0.2354 -0.0259
v 0.0751 -0.2358 0.0475
v 0.0769 -0.2327 0.0446
v 0.0760 -0.2271 -0.0240
v 0.0763 -0.2151 -0.0188
v 0.0691 -0.2132 0.0460
v 0.0751 -0.2170 0.0408
v 0.0755 -0.2129 0.0383
v 0.0737 -0.2032 -0.0174
v 0.0761 -0.2093 -0.0163
v 0.0752 -0.2029 0.0338
v 0.0762 -0.1952 -0.0095
v 0.0749 -0.2007 0.0335
v 0.0708 -0.1963 0.0379
v 0.0760 -0.1919 -0.0086
v 0.0757 -0.1853 -0.0068
v 0.0747 -0.1875 0.0283
v 0.0762 -0.1845 0.0230
v 0.0718 -0.1831 0.0326
v 0.0695 -0.1695 -0.0166
v 0.0758 -0.1731 0.0008
v 0.0764 -0.1789 0.0187
v 0.0715 -0.1675 0.0278
v 0.0694 -0.1780 0.0356
v 0.0712 -0.1623 -0.0103
v 0.0736 -0.1582 0.0005
v 0.0761 -0.1719 0.0091
v 0.0742 -0.1612 0.0137
v 0.0743 -0.1611 0.0039
v 0.0720 -0.1563 0.0213
v 0.0723 -0.1542 -0.0032
v 0.0714 -0.1493 0.0201
v 0.0705 -0.1423 -0.0059
v 0.0716 -0.1411 0.0133
v 0.0713 -0.1335 0.0094
v 0.0707 -0.1416 0.0188
v 0.0701 -0.1324 -0.0032
v 0.0701 -0.1226 0.0004
v 0.0696 -0.1097 0.0036
v 0.0700 -0.1219 0.0109
v 0.0693 -0.1113 -0.0021
v 0.0693 -0.1074 0.0097
v 0.0792 -0.5475 -0.0207
v 0.0811 -0.5473 -0.0118
v 0.0808 -0.5446 -0.0227
v 0.0833 -0.5396 0.0084
v 0.0819 -0.5325 -0.0347
v 0.0823 -0.5361 0.0130
v 0.0834 -0.5270 -0.0356
v 0.0818 -0.5287 0.0186
v 0.0831 -0.5221 -0.0380
v 0.0799 -0.5166 0.0236
v 0.0773 -0.5102 -0.0441
v 0.0731 -0.5039 0.0299
v 0.0815 -0.5047 -0.0398
v 0.0821 -0.5039 0.0229
v 0.0825 -0.4985 -0.0384
v 0.0823 -0.4875 0.0240
v 0.0827 -0.4814 -0.0366
v 0.0825 -0.4723 0.0242
v 0.0817 -0.4682 -0.0358
v 0.0807 -0.4638 0.0261
v 0.0828 -0.4648 0.0238
v 0.0814 -0.4605 -0.0347
v 0.0827 -0.4486 -0.0305
v 0.0843 -0.4276 -0.0235
v 0.0824 -0.4377 -0.0287
v 0.0789 -0.4365 0.0280
v 0.0816 -0.4282 -0.0280
v 0.0825 -0.4330 0.0231
v 0.0834 -0.4195 -0.0236
v 0.0824 -0.4255 0.0230
v 0.0831 -0.4163 -0.0238
v 0.0794 -0.4206 0.0275
v 0.0841 -0.4123 -0.0213
v 0.0827 -0.4007 -0.0229
v 0.0826 -0.4026 0.0234
v 0.0807 -0.4013 0.0264
v 0.0788 -0.3971 -0.0283
v 0.0857 -0.3965 -0.0163
v 0.0798 -0.3920 0.0289
v 0.0832 -0.3848 0.0242
v 0.0825 -0.3845 -0.0225
v 0.0816 -0.3853 0.0265
v 0.0761 -0.3724 -0.0309
v 0.0840 -0.3733 -0.0200
v 0.0810 -0.3732 0.0289
v 0.0792 -0.3727 0.0312
v 0.0814 -0.3659 0.0292
v 0.0828 -0.3636 -0.0219
v 0.0810 -0.3570 -0.0245
v 0.0781 -0.3588 0.0344
v 0.0819 -0.3537 0.0296
v 0.0825 -0.3483 -0.0217
v 0.0801 -0.3395 -0.0247
v 0.0822 -0.3401 0.0299
v 0.0822 -0.3345 0.0299
v 0.0814 -0.3155 -0.0195
v 0.0822 -0.3258 0.0297
v 0.0831 -0.3160 -0.0167
v 0.0784 -0.3125 0.0356
v 0.0833 -0.3090 -0.0162
v 0.0810 -0.3096 0.0322
v 0.0836 -0.3032 -0.0151
v 0.0827 -0.3044 0.0303
v 0.0832 -0.2988 0.0308
v 0.0813 -0.2927 -0.0202
v 0.0816 -0.3001 -0.0190
v 0.0813 -0.2938 0.0353
v 0.0820 -0.2756 -0.0219
v 0.0822 -0.2814 0.0376
v 0.0835 -0.2714 0.0386
v 0.0853 -0.2754 -0.0167
v 0.0816 -0.2739 0.0404
v 0.0762 -0.2768 0.0462
v 0.0823 -0.2655 -0.0224
v 0.0780 -0.2545 0.0477
v 0.0824 -0.2511 -0.0221
v 0.0816 -0.2504 0.0429
v 0.0820 -0.2453 -0.0213
v 0.0846 -0.2382 -0.0154
v 0.0833 -0.2439 0.0396
v 0.0750 -0.2395 0.0485
v 0.0824 -0.2356 -0.0180
v 0.0836 -0.2275 -0.0123
v 0.0825 -0.2307 0.0360
v 0.0833 -0.2221 0.0296
v 0.0759 -0.2267 0.0438
v 0.0809 -0.2269 -0.0170
v 0.0826 -0.2182 -0.0079
v 0.0785 -0.2124 0.0329
v 0.0779 -0.2184 0.0373
v 0.0780 -0.1993 -0.0064
v 0.0826 -0.2116 -0.0013
v 0.0814 -0.2085 0.0229
v 0.0800 -0.1967 0.0041
v 0.0827 -0.2085 0.0039
v 0.0820 -0.2042 0.0091
v 0.0782 -0.1998 0.0248
v 0.0774 -0.2044 0.0304
v 0.0797 -0.1951 0.0132
v 0.0781 -0.1938 0.0210
v 0.0780 -0.1846 0.0071
v 0.0775 -0.1822 0.0046
v 0.0769 -0.1831 0.0180
v 0.0760 -0.1727 0.0041
v 0.0889 -0.5367 -0.0152
v 0.0876 -0.5398 -0.0074
v 0.0833 -0.5433 0.0018
v 0.0897 -0.5313 -0.0219
v 0.0903 -0.5313 0.0025
v 0.0835 -0.5333 0.0141
v 0.0905 -0.5233 -0.0266
v 0.0901 -0.5211 0.0102
v 0.0904 -0.5165 -0.0282
v 0.0864 -0.5218 0.0161
v 0.0885 -0.5171 0.0139
v 0.0862 -0.5137 -0.0350
v 0.0910 -0.5011 -0.0260
v 0.0886 -0.5080 0.0145
v 0.0871 -0.4862 -0.0313
v 0.0891 -0.4942 0.0146
v 0.0887 -0.4847 -0.0281
v 0.0891 -0.4875 0.0147
v 0.0901 -0.4787 -0.0244
v 0.0892 -0.4806 0.0146
v 0.0891 -0.4724 -0.0255
v 0.0905 -0.4709 -0.0213
v 0.0892 -0.4703 0.0142
v 0.0901 -0.4713 -0.0226
v 0.0849 -0.4488 -0.0272
v 0.0903 -0.4661 0.0115
v 0.0833 -0.4530 0.0229
v 0.0900 -0.4473 -0.0145
v 0.0902 -0.4538 -0.0166
v 0.0901 -0.4508 0.0092
v 0.0863 -0.4498 0.0176
v 0.0832 -0.4375 0.0225
v 0.0892 -0.4293 -0.0107
v 0.0900 -0.4368 -0.0087
v 0.0888 -0.4370 0.0102
v 0.0902 -0.4351 0.0017
v 0.0857 -0.4357 0.0174
v 0.0898 -0.4272 -0.0002
v 0.0886 -0.4253 0.0082
v 0.0877 -0.4166 -0.0123
v 0.0854 -0.4216 0.0173
v 0.0888 -0.3987 0.0077
v 0.0878 -0.4039 0.0110
v 0.0865 -0.4081 0.0146
v 0.0853 -0.4146 0.0174
v 0.0884 -0.4041 -0.0065
v 0.0890 -0.3946 0.0046
v 0.0891 -0.3903 -0.0023
v 0.0888 -0.3920 0.0040
v 0.0870 -0.3760 -0.0124
v 0.0886 -0.3815 -0.0055
v 0.0877 -0.3815 0.0133
v 0.0893 -0.3763 0.0061
v 0.0849 -0.3783 0.0218
v 0.0854 -0.3706 0.0219
v 0.0855 -0.3544 -0.0164
v 0.0883 -0.3608 0.0148
v 0.0878 -0.3601 -0.0102
v 0.0899 -0.3511 -0.0004
v 0.0898 -0.3540 0.0082
v 0.0849 -0.3585 0.0240
v 0.0890 -0.3471 -0.0055
v 0.0865 -0.3507 0.0214
v 0.0834 -0.3499 0.0278
v 0.0866 -0.3384 -0.0127
v 0.0899 -0.3380 0.0068
v 0.0888 -0.3405 0.0142
v 0.0866 -0.3429 0.0214
v 0.0840 -0.3299 -0.0173
v 0.0898 -0.3374 0.0007
v 0.0857 -0.3240 -0.0126
v 0.0861 -0.3251 0.0220
v 0.0896 -0.3283 0.0020
v 0.0885 -0.3248 0.0135
v 0.0881 -0.3025 -0.0022
v 0.0886 -0.3113 0.0015
v 0.0862 -0.3119 0.0213
v 0.0850 -0.3166 0.0242
v 0.0884 -0.3051 0.0143
v 0.0865 -0.3053 0.0215
v 0.0897 -0.2955 0.0075
v 0.0889 -0.2944 0.0178
v 0.0847 -0.2927 -0.0142
v 0.0859 -0.2983 -0.0101
v 0.0865 -0.2939 0.0252
v 0.0901 -0.2861 0.0171
v 0.0849 -0.2885 0.0309
v 0.0897 -0.2762 -0.0066
v 0.0895 -0.2870 -0.0027
v 0.0902 -0.2779 0.0219
v 0.0859 -0.2816 0.0313
v 0.0911 -0.2761 -0.0015
v 0.0864 -0.2738 0.0325
v 0.0873 -0.2605 -0.0142
v 0.0899 -0.2695 0.0261
v 0.0897 -0.2675 0.0273
v 0.0845 -0.2675 0.0375
v 0.0890 -0.2567 -0.0106
v 0.0907 -0.2612 -0.0065
v 0.0894 -0.2548 0.0294
v 0.0829 -0.2650 0.0407
v 0.0849 -0.2537 0.0380
v 0.0899 -0.2432 -0.0047
v 0.0901 -0.2437 0.0250
v 0.0847 -0.2462 0.0373
v 0.0901 -0.2408 -0.0022
v 0.0868 -0.2344 0.0283
v 0.0855 -0.2393 0.0336
v 0.0853 -0.2258 -0.0067
v 0.0876 -0.2269 0.0010
v 0.0897 -0.2336 0.0046
v 0.0905 -0.2348 0.0108
v 0.0899 -0.2359 0.0197
v 0.0851 -0.2192 0.0210
v 0.0855 -0.2255 0.0256
v 0.0839 -0.2166 -0.0019
v 0.0831 -0.2090 0.0137
v 0.0849 -0.2168 0.0174
v 0.0835 -0.2112 0.0049
v 0.0938 -0.5252 -0.0041
v 0.0906 -0.5331 -0.0019
v 0.0944 -0.5217 -0.0145
v 0.0926 -0.5267 -0.0167
v 0.0904 -0.5264 0.0069
v 0.0949 -0.5171 -0.0057
v 0.0935 -0.5097 -0.0196
v 0.0944 -0.5087 -0.0004
v 0.0948 -0.5020 -0.0101
v 0.0912 -0.5117 0.0095
v 0.0938 -0.4881 -0.0157
v 0.0950 -0.4928 -0.0087
v 0.0923 -0.4925 0.0076
v 0.0903 -0.5089 0.0120
v 0.0941 -0.4894 -0.0002
v 0.0923 -0.4863 0.0075
v 0.0919 -0.4830 -0.0208
v 0.0920 -0.4755 -0.0176
v 0.0917 -0.4728 0.0082
v 0.0919 -0.4598 -0.0123
v 0.0929 -0.4665 0.0005
v 0.0921 -0.4563 -0.0030
v 0.0908 -0.4632 0.0092
v 0.0909 -0.4517 -0.0129
v 0.0913 -0.4570 0.0048
v 0.0909 -0.4436 0.0009
v 0.0904 -0.4374 -0.0054
v 0.0905 -0.2865 0.0138
v 0.0909 -0.2864 0.0060
v 0.0911 -0.2816 0.0148
v 0.0933 -0.2535 0.0064
v 0.0932 -0.2612 0.0106
v 0.0916 -0.2639 0.0217
v 0.0924 -0.2482 0.0046
v 0.0926 -0.2498 0.0080
v 0.0917 -0.2504 0.0207
v 0.0911 -0.2536 0.0242
v 0.0907 -0.2438 -0.0012
v 0.0908 -0.2405 0.0184
vn -0.9860 -0.1245 0.1111
vn -0.9864 -0.0843 -0.1410
vn -0.9590 -0.0090 0.2833
vn -0.9835 0.1280 -0.1276
vn -0.9727 0.0198 -0.2311
vn -0.9905 0.0984 0.0962
vn -0.9836 -0.1737 0.0493
vn -0.9720 -0.1811 -0.1501
vn -0.9600 -0.1431 0.2408
vn -0.9750 -0.1887 0.1174
vn -0.9480 -0.1730 -0.2672
vn -0.9525 -0.1276 0.2765
vn -0.9864 -0.1505 0.0665
vn -0.8978 0.3578 -0.2566
vn -0.9831 -0.1538 -0.0992
vn -0.9904 -0.1384 -0.0022
vn -0.9558 -0.0837 0.2818
vn -0.9079 -0.1356 0.3967
vn -0.9237 -0.1404 -0.3564
vn -0.9498 -0.0678 -0.3053
vn -0.8737 -0.0906 0.4779
vn -0.9002 0.0196 -0.4350
vn -0.9319 0.2103 -0.2954
vn -0.9561 0.2533 0.1472
vn -0.8490 0.3983 -0.3471
vn -0.9167 0.3900 -0.0870
vn -0.8877 0.2775 0.3675
vn -0.8563 0.4803 -0.1897
vn -0.8572 0.4556 0.2400
vn -0.8625 0.4880 0.1341
vn -0.9723 -0.1897 -0.1368
vn -0.9436 -0.1912 -0.2702
vn -0.9891 -0.1103 0.0971
vn -0.8994 -0.2006 -0.3884
vn -0.9826 -0.1820 -0.0360
vn -0.9649 -0.2461 0.0917
vn -0.9673 -0.1834 -0.1750
vn -0.9127 -0.1926 -0.3605
vn -0.9123 -0.1904 -0.3626
vn -0.8497 -0.1306 0.5109
vn -0.8496 -0.1731 -0.4982
vn -0.9171 -0.1562 0.3668
vn -0.8948 -0.1717 -0.4122
vn -0.9449 0.1202 0.3045
vn -0.8737 -0.1406 -0.4658
vn -0.8230 -0.1201 -0.5551
vn -0.8137 -0.1301 0.5666
vn -0.7519 -0.1084 -0.6503
vn -0.7558 -0.0196 0.6545
vn -0.7911 0.0273 -0.6111
vn -0.8550 -0.0078 0.5186
vn -0.8309 0.2408 -0.5016
vn -0.8352 0.1700 0.5230
vn -0.7542 0.1921 -0.6280
vn -0.7603 0.4958 0.4196
vn -0.7385 0.4120 0.5337
vn -0.7616 0.3971 -0.5121
vn -0.7765 0.6251 0.0792
vn -0.7607 0.4984 -0.4158
vn -0.7225 0.6609 -0.2031
vn -0.9764 -0.1911 -0.1008
vn -0.9808 -0.1890 0.0472
vn -0.9550 -0.1943 -0.2240
vn -0.9706 -0.1327 0.2007
vn -0.9819 -0.1624 0.0976
vn -0.9111 -0.1728 -0.3741
vn -0.9601 -0.1770 -0.2166
vn -0.8913 -0.1503 0.4277
vn -0.8740 -0.1780 -0.4522
vn -0.9730 -0.1980 0.1188
vn -0.9907 -0.1351 0.0174
vn -0.9401 -0.1511 0.3056
vn -0.9215 -0.1884 -0.3397
vn -0.9589 -0.1712 0.2264
vn -0.9010 -0.1449 0.4089
vn -0.9131 -0.1629 0.3738
vn -0.7656 -0.1757 -0.6189
vn -0.8442 -0.2458 -0.4763
vn -0.7570 -0.1532 0.6352
vn -0.7722 -0.1634 -0.6140
vn -0.8395 -0.1872 -0.5101
vn -0.7428 -0.1198 0.6587
vn -0.7411 -0.1651 -0.6507
vn -0.7439 -0.1265 0.6562
vn -0.6998 -0.1554 -0.6972
vn -0.7008 -0.1546 -0.6964
vn -0.7101 -0.1078 0.6957
vn -0.6430 -0.0966 -0.7598
vn -0.6689 0.1883 0.7191
vn -0.6660 0.1337 -0.7339
vn -0.6480 0.3967 0.6502
vn -0.5841 0.3484 0.7331
vn -0.6825 0.4118 -0.6039
vn -0.5873 0.6076 0.5347
vn -0.6542 0.5827 -0.4822
vn -0.6849 0.6482 0.3328
vn -0.5478 0.7292 -0.4101
vn -0.4993 0.7401 0.4505
vn -0.9978 0.0568 0.0336
vn -0.9790 -0.1732 0.1079
vn -0.9229 -0.1823 0.3390
vn -0.9344 -0.1461 -0.3249
vn -0.7946 -0.3918 -0.4638
vn -0.9166 -0.3354 0.2176
vn -0.9609 -0.0506 0.2722
vn -0.9032 -0.1231 0.4112
vn -0.8178 -0.1069 0.5655
vn -0.8802 -0.1952 -0.4325
vn -0.9501 -0.1903 -0.2473
vn -0.8376 -0.1651 -0.5207
vn -0.8494 -0.1198 0.5139
vn -0.8399 -0.1103 0.5314
vn -0.7641 -0.1499 -0.6275
vn -0.8314 -0.1659 -0.5303
vn -0.7492 -0.1718 -0.6397
vn -0.8180 -0.1207 0.5624
vn -0.7356 -0.0902 0.6713
vn -0.6568 -0.1561 -0.7377
vn -0.6452 -0.1663 -0.7457
vn -0.6353 -0.1667 -0.7540
vn -0.5845 -0.1598 -0.7955
vn -0.5692 -0.1068 0.8152
vn -0.6038 -0.1482 -0.7832
vn -0.5043 -0.1576 -0.8490
vn -0.5204 -0.0977 0.8483
vn -0.4627 -0.1340 -0.8763
vn -0.5867 -0.1290 0.7995
vn -0.5627 -0.0535 -0.8250
vn -0.5957 -0.0182 0.8030
vn -0.2980 0.0983 -0.9495
vn -0.3644 0.1735 -0.9149
vn -0.5778 0.2828 -0.7657
vn -0.4755 0.3781 0.7943
vn -0.5050 0.4406 -0.7422
vn -0.5450 0.5833 -0.6022
vn -0.4729 0.7362 -0.4840
vn -0.5098 0.8351 -0.2067
vn -0.5484 0.8317 0.0868
vn -0.6132 0.7695 0.1783
vn -0.4837 0.8261 0.2892
vn -0.5078 0.8587 -0.0697
vn -0.9863 -0.0676 -0.1504
vn -0.9914 -0.1162 0.0599
vn -0.9807 0.0071 -0.1952
vn -0.9722 0.1182 0.2023
vn -0.9846 0.0533 -0.1666
vn -0.9970 0.0461 0.0620
vn -0.9983 0.0302 0.0505
vn -0.9987 -0.0272 0.0433
vn -0.9858 -0.0883 -0.1427
vn -0.9352 -0.2637 0.2361
vn -0.9356 -0.2026 -0.2892
vn -0.9442 -0.1667 0.2841
vn -0.9522 -0.1738 -0.2514
vn -0.9689 -0.1951 -0.1520
vn -0.9811 -0.1904 0.0341
vn -0.9256 -0.1706 0.3378
vn -0.8742 -0.1951 -0.4447
vn -0.9373 -0.1830 -0.2966
vn -0.9623 -0.1647 0.2163
vn -0.9059 -0.1538 0.3945
vn -0.8515 -0.1565 0.5005
vn -0.8413 -0.1901 -0.5061
vn -0.9260 -0.1933 -0.3244
vn -0.8557 -0.1654 0.4903
vn -0.7204 -0.0931 0.6873
vn -0.7584 -0.1271 -0.6393
vn -0.8358 -0.1645 -0.5239
vn -0.7219 -0.0798 0.6874
vn -0.7963 -0.1768 -0.5784
vn -0.7384 -0.1419 -0.6592
vn -0.7656 0.1849 -0.6162
vn -0.5552 -0.2082 -0.8053
vn -0.7486 -0.0865 0.6573
vn -0.6426 -0.1431 -0.7528
vn -0.6363 -0.0990 0.7650
vn -0.5024 -0.1303 -0.8548
vn -0.6247 -0.0665 0.7780
vn -0.5189 -0.1517 -0.8413
vn -0.4579 -0.1081 0.8824
vn -0.6142 -0.0906 0.7840
vn -0.5037 -0.1384 -0.8527
vn -0.4421 -0.1500 -0.8843
vn -0.4682 -0.1577 -0.8694
vn -0.4747 -0.0813 0.8764
vn -0.4990 0.1190 0.8584
vn -0.2867 0.2001 0.9369
vn -0.3222 0.3733 -0.8700
vn -0.3833 0.5297 0.7566
vn -0.4634 0.5738 0.6754
vn -0.4056 0.6279 -0.6643
vn -0.3230 0.7598 0.5642
vn -0.3775 0.7920 0.4798
vn -0.4406 0.8932 0.0899
vn -0.3521 0.8929 0.2806
vn -0.9533 -0.2945 -0.0665
vn -0.9511 -0.2945 0.0927
vn -0.9292 -0.2596 -0.2630
vn -0.8877 -0.3100 0.3404
vn -0.9137 -0.1803 -0.3641
vn -0.9111 -0.2859 0.2968
vn -0.9750 -0.2083 -0.0771
vn -0.8766 -0.2270 0.4243
vn -0.9625 -0.1371 -0.2342
vn -0.9112 0.3850 -0.1469
vn -0.9010 -0.0949 -0.4234
vn -0.9594 -0.1194 0.2556
vn -0.8963 -0.0108 -0.4432
vn -0.9063 -0.0727 0.4164
vn -0.9656 -0.0285 0.2584
vn -0.9066 0.0534 -0.4185
vn -0.8958 0.0363 0.4431
vn -0.8240 0.0705 -0.5622
vn -0.9980 0.0538 -0.0322
vn -0.9870 0.0031 -0.1606
vn -0.8531 0.0323 0.5207
vn -0.8947 0.0062 -0.4467
vn -0.9601 -0.0070 -0.2796
vn -0.9133 -0.0186 0.4068
vn -0.9571 -0.0301 0.2883
vn -0.8839 -0.1046 -0.4559
vn -0.8084 -0.1713 -0.5632
vn -0.9125 -0.1631 -0.3751
vn -0.8172 -0.1959 0.5420
vn -0.8920 -0.1819 -0.4138
vn -0.8585 -0.1932 -0.4750
vn -0.7632 -0.2042 -0.6130
vn -0.8168 -0.1608 0.5540
vn -0.7401 -0.1394 0.6579
vn -0.7418 -0.1796 -0.6461
vn -0.8245 0.1289 0.5510
vn -0.6171 -0.1693 -0.7684
vn -0.6218 -0.1488 -0.7689
vn -0.6207 -0.0442 0.7828
vn -0.6333 -0.1367 -0.7618
vn -0.6773 -0.0734 0.7320
vn -0.6294 -0.4157 -0.6566
vn -0.6611 -0.0366 0.7494
vn -0.5250 -0.0140 0.8510
vn -0.4592 -0.1101 -0.8815
vn -0.5815 -0.0779 0.8098
vn -0.4378 -0.1566 -0.8853
vn -0.3415 -0.1524 -0.9274
vn -0.4092 -0.0895 0.9081
vn -0.0452 0.2257 -0.9731
vn -0.3963 -0.0020 0.9181
vn -0.4456 -0.0739 0.8922
vn -0.2460 0.2224 -0.9434
vn -0.2514 0.4351 0.8646
vn -0.2767 0.5595 -0.7813
vn -0.2970 0.6735 0.6769
vn -0.2868 0.7138 -0.6389
vn -0.3006 0.7983 -0.5219
vn -0.2407 0.8305 0.5023
vn -0.1353 0.9272 -0.3493
vn -0.3296 0.9063 -0.2644
vn -0.9868 -0.1382 -0.0850
vn -0.9957 -0.0775 0.0507
vn -0.9438 -0.1482 -0.2953
vn -0.9924 -0.0890 0.0855
vn -0.9533 -0.1994 0.2268
vn -0.9797 -0.1741 -0.0998
vn -0.9316 -0.2288 -0.2826
vn -0.8395 -0.3186 0.4401
vn -0.7661 -0.4693 -0.4392
vn -0.9332 -0.3458 -0.0983
vn -0.9628 -0.2568 0.0838
vn -0.9020 -0.2905 0.3193
vn -0.8133 -0.2256 -0.5363
vn -0.8037 -0.3140 0.5054
vn -0.8674 -0.2334 -0.4395
vn -0.8019 -0.2446 0.5451
vn -0.7177 -0.2987 0.6290
vn -0.7520 -0.1721 -0.6363
vn -0.7992 -0.0647 -0.5975
vn -0.7183 -0.0291 -0.6952
vn -0.7726 -0.1267 0.6221
vn -0.7399 0.0282 -0.6721
vn -0.7062 0.0404 0.7069
vn -0.8667 0.0884 0.4910
vn -0.8513 -0.0010 0.5246
vn -0.7789 0.0791 0.6221
vn -0.7234 0.0859 -0.6851
vn -0.7096 0.0126 -0.7045
vn -0.8779 0.0641 0.4746
vn -0.7710 0.2958 0.5640
vn -0.6920 -0.1066 -0.7140
vn -0.6770 -0.1478 -0.7210
vn -0.7158 -0.1443 0.6832
vn -0.5965 -0.1914 -0.7794
vn -0.5985 -0.1196 0.7921
vn -0.5929 -0.2109 -0.7772
vn -0.6327 -0.1347 0.7626
vn -0.6093 -0.1152 0.7845
vn -0.6395 -0.1927 -0.7442
vn -0.4234 -0.0316 0.9054
vn -0.5487 -0.1257 -0.8265
vn -0.4737 -0.1278 -0.8714
vn -0.4415 -0.0123 0.8972
vn -0.4460 -0.0888 -0.8906
vn -0.3293 -0.0816 -0.9407
vn -0.3046 -0.0921 -0.9480
vn -0.3852 0.0294 0.9224
vn -0.3618 -0.1240 -0.9240
vn -0.3894 -0.0938 0.9163
vn -0.2534 -0.1191 -0.9600
vn -0.1673 -0.0650 0.9838
vn -0.3968 -0.0921 0.9133
vn -0.2111 -0.1651 -0.9634
vn -0.2776 -0.0656 0.9584
vn -0.2463 -0.1231 -0.9613
vn -0.1164 0.5666 -0.8157
vn -0.0242 0.3756 0.9265
vn -0.1009 0.5736 0.8129
vn -0.1695 0.6828 -0.7107
vn -0.0584 0.7534 0.6549
vn -0.1050 0.7953 -0.5970
vn -0.0523 0.8574 0.5120
vn -0.0279 0.9988 0.0399
vn -0.2168 0.9730 0.0798
vn -0.1556 0.9212 0.3566
vn -0.9896 -0.0772 -0.1212
vn -0.9711 -0.1028 0.2153
vn -0.9919 -0.1232 0.0303
vn -0.9840 -0.0504 -0.1709
vn -0.9212 -0.0350 -0.3876
vn -0.9912 -0.0715 0.1113
vn -0.9502 -0.0827 0.3004
vn -0.9924 -0.0915 0.0825
vn -0.9143 -0.0704 0.3989
vn -0.9640 -0.0664 0.2576
vn -0.9507 -0.0190 -0.3096
vn -0.9573 0.2890 -0.0034
vn -0.9116 -0.0772 0.4037
vn -0.8601 -0.0845 -0.5031
vn -0.9995 -0.0329 -0.0034
vn -0.9508 -0.0891 -0.2967
vn -0.9424 -0.0627 -0.3284
vn -0.9891 -0.1398 0.0471
vn -0.8839 -0.0712 -0.4623
vn -0.9520 -0.1455 0.2693
vn -0.9536 -0.1351 0.2690
vn -0.6952 -0.1794 -0.6961
vn -0.8527 -0.1415 -0.5029
vn -0.8021 -0.3014 0.5155
vn -0.7970 -0.2206 0.5622
vn -0.7948 -0.2140 -0.5679
vn -0.7395 -0.3260 0.5889
vn -0.7584 -0.2370 -0.6072
vn -0.6547 -0.2210 -0.7228
vn -0.5876 -0.1713 -0.7908
vn -0.6761 -0.0552 -0.7348
vn -0.5621 0.1001 -0.8210
vn -0.6752 0.1009 0.7307
vn -0.5837 0.0547 -0.8102
vn -0.6953 0.0723 0.7151
vn -0.4209 -0.0532 -0.9055
vn -0.6149 -0.1388 0.7763
vn -0.6135 -0.1311 -0.7787
vn -0.4846 -0.1582 -0.8603
vn -0.7194 -0.1250 0.6832
vn -0.4079 -0.1637 -0.8982
vn -0.4551 -0.1456 0.8785
vn -0.3735 -0.1562 -0.9144
vn -0.4528 -0.0933 0.8867
vn -0.4368 -0.0837 0.8956
vn -0.5897 -0.0700 0.8046
vn -0.4481 -0.1426 -0.8826
vn -0.3878 -0.1544 -0.9087
vn -0.2719 -0.0833 -0.9587
vn -0.2746 0.0408 0.9607
vn -0.1816 -0.0822 -0.9799
vn -0.2246 -0.0985 -0.9695
vn -0.3023 -0.0035 0.9532
vn -0.0229 -0.4129 -0.9105
vn -0.0998 -0.1082 -0.9891
vn 0.0665 -0.0856 -0.9941
vn -0.1866 -0.4408 -0.8780
vn -0.2379 0.0167 0.9712
vn -0.1314 0.1380 -0.9817
vn 0.0573 0.1487 -0.9872
vn -0.0181 0.1786 0.9838
vn -0.1487 0.4814 -0.8638
vn 0.0398 0.5431 0.8388
vn 0.0795 0.6140 -0.7853
vn -0.0713 0.8446 -0.5306
vn -0.1377 0.9875 -0.0764
vn -0.0738 0.9834 -0.1660
vn -0.0004 0.9715 0.2370
vn 0.0229 0.9994 -0.0260
vn -0.9823 -0.1821 -0.0439
vn -0.9776 -0.0304 0.2082
vn -0.9920 -0.0189 -0.1252
vn -0.9791 -0.0377 0.2000
vn -0.9452 -0.0376 -0.3242
vn -0.9813 -0.0166 -0.1919
vn -0.9805 -0.0568 -0.1882
vn -0.9888 -0.0704 0.1317
vn -0.9748 -0.0669 0.2129
vn -0.9077 -0.0617 -0.4151
vn -0.8876 -0.1413 0.4383
vn -0.9713 -0.1295 0.1994
vn -0.9049 -0.0701 -0.4199
vn -0.8969 -0.1342 0.4214
vn -0.9872 -0.0907 -0.1315
vn -0.9917 -0.1104 0.0651
vn -0.8204 -0.1479 0.5524
vn -0.9938 -0.1052 -0.0371
vn -0.9529 -0.1233 0.2771
vn -0.8925 -0.0527 -0.4480
vn -0.9592 -0.0149 -0.2825
vn -0.9849 -0.0765 0.1553
vn -0.9414 -0.0506 -0.3335
vn -0.8366 -0.1130 0.5360
vn -0.8162 -0.0512 -0.5755
vn -0.8764 -0.1265 0.4646
vn -0.8121 -0.0950 0.5757
vn -0.9027 0.0083 -0.4302
vn -0.7720 0.0163 -0.6354
vn -0.8732 0.0057 -0.4873
vn -0.7649 0.0043 -0.6441
vn -0.7047 0.1392 -0.6958
vn -0.8612 -0.0970 0.4989
vn -0.7405 -0.1700 0.6502
vn -0.7164 -0.1216 0.6871
vn -0.6948 -0.0448 -0.7178
vn -0.7232 -0.0807 -0.6859
vn -0.7003 -0.1009 0.7067
vn -0.8203 -0.1493 0.5520
vn -0.6195 -0.1016 -0.7784
vn -0.6712 -0.1900 0.7165
vn -0.6898 -0.0987 -0.7172
vn -0.6696 -0.2884 0.6844
vn -0.6491 -0.2229 -0.7273
vn -0.6423 -0.3157 0.6984
vn -0.6556 -0.3114 0.6879
vn -0.5278 -0.3052 0.7927
vn -0.5652 -0.2157 0.7962
vn -0.5505 -0.0790 -0.8311
vn -0.6359 -0.1037 0.7648
vn -0.5681 0.0347 -0.8222
vn -0.5325 0.0423 0.8454
vn -0.5829 -0.0469 -0.8112
vn -0.6040 0.1314 0.7861
vn -0.4572 0.0899 -0.8848
vn -0.4601 -0.0286 -0.8874
vn -0.4960 0.0183 0.8681
vn -0.8183 -0.2100 -0.5351
vn -0.3094 -0.0530 0.9495
vn -0.2514 -0.0729 0.9651
vn -0.1763 -0.1026 -0.9790
vn -0.0161 -0.0705 -0.9974
vn -0.2617 0.0817 0.9617
vn -0.1299 -0.0550 -0.9900
vn -0.0705 0.0214 0.9973
vn -0.1178 -0.0316 -0.9925
vn -0.1165 -0.0504 -0.9919
vn -0.1199 -0.1034 -0.9874
vn 0.0059 -0.0866 -0.9962
vn 0.0568 -0.0377 -0.9977
vn -0.1107 -0.0493 0.9926
vn 0.3896 0.4806 -0.7857
vn -0.0750 0.0876 0.9933
vn 0.1099 -0.0564 -0.9923
vn 0.0449 0.1089 0.9930
vn 0.1162 0.2926 -0.9491
vn 0.1432 0.3245 0.9350
vn 0.1941 0.5162 -0.8342
vn 0.1133 0.6506 0.7509
vn 0.0140 0.7329 -0.6802
vn 0.1620 0.7571 0.6329
vn 0.0800 0.9028 -0.4225
vn 0.0578 0.8980 0.4362
vn 0.1505 0.9650 -0.2146
vn -0.8297 -0.5399 -0.1417
vn -0.8791 -0.4717 0.0686
vn -0.8395 -0.4442 0.3128
vn -0.8251 -0.3737 -0.4238
vn -0.9396 -0.3110 -0.1427
vn -0.9448 -0.2615 -0.1974
vn -0.8090 -0.1871 0.5572
vn -0.9631 -0.0101 -0.2690
vn -0.8964 -0.2751 0.3474
vn -0.8835 -0.1025 -0.4572
vn -0.9654 -0.0843 0.2468
vn -0.8386 0.0012 -0.5447
vn -0.8644 -0.0748 0.4972
vn -0.9006 0.0251 -0.4339
vn -0.8738 0.0090 -0.4863
vn -0.8635 -0.0164 -0.5041
vn -0.9002 -0.0739 0.4292
vn -0.8340 0.1188 -0.5388
vn -0.9291 -0.1111 0.3526
vn -0.7246 -0.0621 -0.6864
vn -0.7680 -0.2777 -0.5771
vn -0.7159 -0.0333 -0.6974
vn -0.7372 -0.2830 0.6135
vn -0.7768 -0.0320 -0.6289
vn -0.7305 -0.1464 0.6670
vn -0.6494 -0.0016 -0.7605
vn -0.6877 -0.1649 0.7070
vn -0.6921 -0.1061 0.7140
vn -0.7273 0.0188 -0.6861
vn -0.7878 -0.0793 0.6108
vn -0.6662 -0.0684 0.7426
vn -0.8095 -0.0794 0.5817
vn -0.6259 -0.1353 0.7681
vn -0.5751 -0.1910 0.7954
vn -0.4273 -0.2392 0.8719
vn -0.5896 -0.2032 -0.7817
vn -0.4699 -0.1061 -0.8763
vn -0.5374 -0.3133 0.7830
vn -0.4895 -0.1924 -0.8505
vn -0.2539 -0.0284 -0.9668
vn -0.3748 -0.2058 0.9040
vn -0.4120 -0.0619 0.9091
vn -0.3457 0.1800 0.9209
vn -0.3977 0.0474 -0.9163
vn -0.4087 0.1864 -0.8934
vn -0.4933 0.1296 0.8601
vn -0.4581 0.1080 0.8823
vn -0.2200 -0.1238 -0.9676
vn -0.2263 -0.1437 -0.9634
vn -0.0921 -0.1149 -0.9891
vn -0.1896 -0.0269 0.9815
vn -0.1143 -0.0009 0.9934
vn -0.0288 -0.1154 -0.9929
vn -0.2005 -0.0591 0.9779
vn 0.0183 -0.0371 -0.9991
vn 0.0660 -0.0192 -0.9976
vn 0.0039 -0.0541 -0.9985
vn 0.0981 -0.0359 -0.9945
vn -0.0886 -0.0732 0.9934
vn -0.1707 0.0136 0.9852
vn 0.0217 -0.0215 0.9995
vn 0.1665 -0.0746 -0.9832
vn 0.1005 -0.0106 0.9949
vn 0.2538 0.0791 -0.9640
vn 0.3478 0.4020 -0.8470
vn 0.2330 0.3795 0.8954
vn 0.2931 0.7554 -0.5861
vn 0.1583 0.8050 -0.5718
vn 0.2575 0.8455 0.4679
vn 0.1821 0.8868 -0.4248
vn 0.1950 0.9459 0.2594
vn -0.6890 -0.6485 -0.3237
vn -0.7130 -0.6923 0.1111
vn -0.6670 -0.6876 0.2871
vn -0.7635 -0.4761 0.4363
vn -0.6997 -0.3484 -0.6237
vn -0.6915 -0.3058 0.6544
vn -0.5735 -0.2116 -0.7914
vn -0.6462 -0.0535 -0.7613
vn -0.8374 -0.0790 0.5408
vn -0.7341 0.0289 -0.6784
vn -0.6692 0.0093 -0.7431
vn -0.7623 -0.0983 0.6397
vn -0.6565 -0.1353 0.7421
vn -0.7056 -0.0028 -0.7086
vn -0.6321 -0.1282 0.7642
vn -0.6682 -0.0002 -0.7440
vn -0.7797 -0.1093 0.6165
vn -0.5802 0.0111 -0.8144
vn -0.5499 -0.1281 0.8254
vn -0.6058 -0.0223 -0.7953
vn -0.5341 -0.1202 0.8368
vn -0.4976 -0.1464 0.8549
vn -0.6456 0.0642 -0.7609
vn -0.5886 0.0772 -0.8047
vn -0.4842 -0.1140 0.8675
vn -0.5496 0.0443 -0.8343
vn -0.6606 -0.0846 0.7460
vn -0.6190 -0.0736 0.7819
vn -0.5116 -0.0815 0.8553
vn -0.5097 0.0297 -0.8598
vn -0.4702 -0.1121 0.8754
vn -0.5938 0.0134 -0.8045
vn -0.5369 -0.0349 -0.8429
vn -0.5001 -0.1689 0.8493
vn -0.4318 -0.0132 -0.9019
vn -0.2633 -0.1174 -0.9575
vn -0.2644 -0.1234 -0.9565
vn -0.3440 -0.3070 0.8873
vn -0.4765 -0.3516 0.8058
vn -0.4288 -0.3422 0.8361
vn -0.3280 -0.1022 -0.9391
vn -0.2456 -0.2666 0.9320
vn -0.3377 -0.0566 -0.9395
vn -0.1707 -0.0706 -0.9828
vn -0.2721 0.0788 -0.9590
vn -0.4039 0.1378 0.9044
vn -0.0020 0.0695 -0.9976
vn -0.3655 -0.0449 0.9297
vn 0.0524 -0.0565 -0.9970
vn -0.2476 -0.1497 -0.9572
vn -0.1391 -0.3412 -0.9296
vn -0.0031 -0.1646 -0.9864
vn 0.0048 -0.1012 -0.9949
vn 0.0099 -0.0243 0.9997
vn -0.0496 -0.1815 -0.9821
vn 0.1705 -0.1545 -0.9732
vn -0.0744 -0.0113 0.9972
vn 0.1448 -0.0242 0.9892
vn 0.0195 0.0753 0.9970
vn 0.1579 0.1013 0.9823
vn 0.0635 -0.0405 -0.9972
vn 0.0034 0.0719 0.9974
vn 0.0631 -0.0534 -0.9966
vn 0.2320 -0.0458 -0.9716
vn 0.2670 0.0092 0.9637
vn 0.1359 -0.3903 -0.9106
vn 0.2558 0.0929 0.9623
vn 0.1031 0.0471 0.9936
vn 0.3606 0.2011 0.9108
vn 0.2800 0.5898 0.7575
vn 0.2977 0.6484 -0.7007
vn 0.4144 0.7848 -0.4609
vn 0.3299 0.8786 -0.3453
vn -0.1597 0.7985 0.5804
vn 0.2667 0.9638 0.0068
vn 0.1880 0.9778 0.0922
vn -0.5628 -0.8266 -0.0008
vn -0.4909 -0.8238 0.2834
vn -0.5776 -0.6021 -0.5511
vn -0.5097 -0.7600 0.4033
vn -0.6010 -0.6349 0.4854
vn -0.5106 -0.5845 -0.6306
vn -0.5608 -0.4588 0.6892
vn -0.6330 -0.1203 0.7648
vn -0.5530 0.0211 -0.8329
vn -0.6601 -0.0852 0.7464
vn -0.5516 -0.1101 0.8268
vn -0.4339 0.0469 -0.8998
vn -0.5269 0.0156 -0.8498
vn -0.4919 -0.0633 0.8684
vn -0.6664 -0.1365 0.7330
vn -0.3520 0.0177 -0.9358
vn -0.5083 -0.1540 0.8473
vn -0.4674 -0.0096 -0.8840
vn -0.4059 0.0009 -0.9139
vn -0.4458 -0.1395 0.8842
vn -0.3713 0.0262 -0.9281
vn -0.5791 -0.0660 0.8126
vn -0.3438 0.0371 -0.9383
vn -0.3715 0.0684 -0.9259
vn -0.3954 -0.0859 0.9145
vn -0.2382 0.1128 -0.9646
vn -0.4825 -0.1363 0.8652
vn -0.3454 0.0051 -0.9385
vn -0.2008 0.0107 -0.9796
vn -0.0909 0.0324 -0.9953
vn -0.2241 -0.2615 0.9388
vn -0.0864 -0.1411 -0.9862
vn -0.0628 -0.1292 -0.9896
vn -0.0044 -0.0688 -0.9976
vn -0.0006 -0.0944 -0.9955
vn -0.1790 0.0671 0.9816
vn -0.0374 0.0356 -0.9987
vn -0.2874 -0.1726 0.9421
vn 0.0325 0.1061 -0.9938
vn -0.2290 0.1403 -0.9633
vn -0.1672 0.1392 -0.9760
vn -0.0713 0.1278 0.9892
vn -0.1991 0.0007 0.9800
vn -0.0008 -0.0221 -0.9998
vn -0.0898 0.0680 0.9936
vn 0.1324 0.0120 -0.9911
vn -0.1051 -0.0669 0.9922
vn 0.1054 -0.0857 -0.9907
vn 0.2268 -0.0704 0.9714
vn 0.2358 -0.0560 -0.9702
vn 0.2319 0.0738 0.9699
vn 0.0281 -0.4026 -0.9149
vn 0.2442 -0.0134 -0.9696
vn 0.2365 0.0805 0.9683
vn 0.1020 0.0777 0.9917
vn 0.2840 -0.0072 -0.9588
vn 0.2491 -0.0258 -0.9681
vn 0.2227 0.0684 0.9725
vn 0.3790 -0.0380 -0.9246
vn 0.1066 0.0202 0.9941
vn 0.4146 -0.0150 -0.9099
vn 0.3191 -0.0628 -0.9456
vn 0.2836 0.0213 0.9587
vn 0.4387 -0.0432 -0.8976
vn 0.3463 0.0387 0.9373
vn 0.3974 -0.0389 -0.9168
vn 0.3725 -0.0502 -0.9267
vn 0.4510 0.0263 -0.8921
vn 0.3862 0.0397 0.9216
vn 0.4151 0.2400 -0.8775
vn 0.4613 0.1155 0.8797
vn 0.5687 0.2144 -0.7941
vn 0.4714 0.4860 -0.7359
vn 0.3531 0.5625 0.7476
vn 0.5244 0.5813 -0.6221
vn 0.4174 0.6237 0.6609
vn 0.4338 0.6586 -0.6149
vn 0.4832 0.7225 -0.4945
vn 0.3830 0.7484 0.5415
vn 0.4190 0.8708 -0.2574
vn 0.3875 0.9103 0.1454
vn 0.3783 0.8827 0.2788
vn 0.3582 0.9320 -0.0558
vn -0.4879 -0.8009 -0.3471
vn -0.3939 -0.9067 -0.1508
vn -0.3046 -0.9379 0.1660
vn -0.3432 -0.8050 0.4840
vn -0.3139 -0.6721 -0.6706
vn -0.3914 -0.6184 0.6814
vn -0.3778 -0.4483 -0.8101
vn -0.4293 -0.5281 0.7326
vn -0.4314 -0.3718 0.8220
vn -0.4809 -0.2415 0.8428
vn -0.3717 -0.0798 0.9249
vn -0.3724 0.0167 -0.9279
vn -0.3848 -0.0999 0.9176
vn -0.4201 -0.1261 0.8987
vn -0.3709 0.0065 -0.9287
vn -0.3539 -0.1587 0.9217
vn -0.1973 0.0390 -0.9796
vn -0.3214 -0.1380 0.9368
vn -0.0471 0.0131 -0.9988
vn -0.1538 -0.1157 0.9813
vn -0.2949 -0.1291 0.9468
vn -0.1231 0.0377 -0.9917
vn -0.1342 -0.0971 0.9862
vn -0.1726 0.0408 -0.9841
vn -0.0696 0.0521 -0.9962
vn -0.3130 -0.1104 0.9433
vn -0.1866 -0.1210 0.9750
vn -0.1855 0.0475 -0.9815
vn -0.2500 -0.0813 0.9648
vn -0.1310 -0.0891 0.9874
vn -0.3177 -0.0869 0.9442
vn -0.0448 0.0505 -0.9977
vn -0.1588 -0.0891 0.9833
vn -0.1124 0.0983 -0.9888
vn -0.2391 -0.0942 0.9664
vn -0.2905 -0.3030 0.9076
vn 0.0969 -0.0028 -0.9953
vn -0.0012 -0.1422 -0.9898
vn -0.0583 -0.2355 0.9701
vn -0.1765 0.0526 -0.9829
vn 0.1147 -0.2293 -0.9666
vn 0.1121 -0.1041 0.9882
vn -0.1651 -0.0803 0.9830
vn -0.0204 -0.0101 0.9997
vn 0.0019 0.1072 0.9942
vn -0.2047 0.0205 0.9786
vn 0.0944 0.1375 -0.9860
vn -0.0906 0.0902 -0.9918
vn 0.0509 0.1360 0.9894
vn 0.3206 -0.0608 -0.9452
vn 0.2372 -0.0680 -0.9691
vn 0.2200 -0.0732 -0.9727
vn 0.1633 0.0261 0.9862
vn 0.2858 0.0110 -0.9582
vn 0.3539 -0.0457 -0.9342
vn 0.1608 0.0605 0.9851
vn 0.3791 -0.0388 -0.9246
vn 0.3292 0.0871 0.9402
vn 0.3856 -0.0045 -0.9226
vn 0.4259 -0.0146 -0.9047
vn 0.3666 0.0573 0.9286
vn 0.3228 0.0913 0.9421
vn 0.3802 0.0868 0.9208
vn 0.5704 0.3920 0.7218
vn 0.5190 -0.0127 -0.8547
vn 0.4641 0.0522 0.8842
vn 0.5536 0.0044 -0.8328
vn 0.4400 0.0005 0.8980
vn 0.4672 0.0429 0.8831
vn 0.4760 0.0535 0.8778
vn 0.5948 0.0441 -0.8027
vn 0.4652 0.0704 -0.8824
vn 0.5324 0.2640 0.8043
vn 0.5928 0.2054 0.7787
vn 0.6239 0.2505 -0.7403
vn 0.5583 0.3704 -0.7423
vn 0.4488 0.3903 0.8039
vn 0.5718 0.4860 0.6609
vn 0.5057 0.6517 0.5653
vn 0.5603 0.6013 0.5697
vn 0.5515 0.7581 -0.3480
vn 0.5396 0.7316 0.4165
vn 0.5055 0.8426 -0.1859
vn 0.5267 0.8489 -0.0434
vn 0.5062 0.8598 0.0670
vn 0.5656 0.7918 0.2305
vn -0.2679 -0.8957 -0.3550
vn -0.1006 -0.8685 -0.4853
vn -0.1758 -0.9482 -0.2646
vn -0.2201 -0.8138 0.5378
vn -0.1574 -0.7003 -0.6963
vn -0.1975 -0.6837 0.7025
vn -0.1837 -0.5235 -0.8320
vn -0.4866 -0.5873 0.6468
vn -0.2898 -0.5233 0.8014
vn -0.2917 -0.1938 -0.9367
vn -0.1700 -0.2637 -0.9495
vn -0.2859 -0.0865 0.9544
vn -0.2804 -0.0376 -0.9592
vn -0.1850 -0.0089 0.9827
vn -0.1659 -0.0135 0.9860
vn -0.2160 -0.1060 0.9706
vn -0.2628 0.0519 -0.9635
vn -0.1353 0.0456 -0.9897
vn -0.0456 0.0488 -0.9978
vn -0.2479 0.0575 -0.9671
vn -0.1679 -0.1135 0.9793
vn -0.1576 0.0718 -0.9849
vn -0.2151 -0.1675 0.9621
vn -0.0623 0.0045 -0.9980
vn -0.2410 -0.1323 0.9615
vn 0.1399 0.0118 -0.9901
vn -0.0360 -0.1137 0.9929
vn 0.0071 0.0380 -0.9993
vn 0.0403 -0.1062 0.9935
vn -0.0918 -0.1422 0.9856
vn 0.0781 0.0519 -0.9956
vn 0.0464 0.0054 -0.9989
vn -0.0479 -0.0887 0.9949
vn 0.0629 0.1075 -0.9922
vn -0.0214 -0.0817 0.9964
vn -0.0198 0.0430 -0.9989
vn -0.0150 -0.0929 0.9956
vn 0.0031 0.0396 -0.9992
vn -0.0490 -0.1019 0.9936
vn -0.1477 -0.1783 0.9728
vn -0.0305 -0.2205 0.9749
vn 0.2316 -0.0320 -0.9723
vn 0.1868 -0.0958 -0.9777
vn -0.0521 -0.2830 0.9577
vn 0.0698 -0.1665 -0.9836
vn -0.0859 -0.3140 0.9455
vn 0.1202 -0.1046 -0.9872
vn 0.1280 -0.3013 0.9449
vn -0.0259 -0.2097 0.9774
vn 0.1922 0.0427 -0.9804
vn 0.1801 0.0148 0.9835
vn 0.0195 0.0248 0.9995
vn 0.2004 0.0738 -0.9769
vn 0.0985 0.1602 0.9822
vn 0.1552 0.1289 -0.9794
vn 0.1474 0.1479 -0.9780
vn 0.3205 0.1541 -0.9346
vn 0.0769 0.2165 0.9733
vn 0.2384 0.0599 -0.9693
vn 0.1464 0.1188 0.9821
vn 0.2762 0.1146 -0.9543
vn 0.1174 0.0108 0.9930
vn 0.3650 -0.0371 -0.9303
vn 0.2609 0.0285 0.9650
vn 0.4364 -0.0228 -0.8995
vn 0.3502 0.0527 0.9352
vn 0.4543 0.1236 0.8822
vn 0.4853 -0.0214 -0.8741
vn 0.4990 -0.0116 -0.8665
vn 0.3481 -0.0078 0.9374
vn 0.4886 0.0037 -0.8725
vn 0.3731 0.0794 0.9244
vn 0.4311 -0.0030 -0.9023
vn 0.5890 -0.0155 -0.8080
vn 0.4810 0.0805 0.8730
vn 0.4900 -0.0089 -0.8717
vn 0.4390 0.0941 0.8935
vn 0.5986 0.0006 -0.8010
vn 0.4243 0.0932 0.9007
vn 0.4908 0.0913 0.8665
vn 0.5339 -0.0015 -0.8455
vn 0.5032 0.0902 0.8595
vn 0.5359 0.0138 -0.8441
vn 0.4434 0.0486 0.8950
vn 0.6206 0.0018 -0.7841
vn 0.5671 0.0359 0.8229
vn 0.5733 0.0176 -0.8191
vn 0.6301 0.0199 -0.7762
vn 0.6231 0.1285 0.7715
vn 0.6039 0.0840 -0.7926
vn 0.5121 0.0714 0.8560
vn 0.6296 0.2597 0.7322
vn 0.6267 0.0094 -0.7792
vn 0.6357 0.0795 0.7678
vn 0.6821 0.0511 -0.7295
vn 0.5685 0.5101 0.6454
vn 0.7673 0.0706 -0.6374
vn 0.6960 0.0541 0.7160
vn 0.6852 0.1305 -0.7166
vn 0.6266 0.0903 0.7741
vn 0.6940 0.1035 0.7125
vn 0.7143 0.2370 0.6585
vn 0.7119 0.3066 -0.6318
vn 0.6087 0.3664 0.7038
vn 0.7155 0.4219 0.5568
vn 0.7429 0.5309 -0.4078
vn 0.6641 0.4872 -0.5671
vn 0.6092 0.6354 -0.4745
vn 0.6967 0.6146 -0.3700
vn 0.7154 0.5227 0.4637
vn 0.5787 0.6849 0.4428
vn 0.6188 0.7296 -0.2911
vn 0.6680 0.7428 -0.0450
vn 0.6708 0.7383 0.0696
vn 0.6964 0.6975 0.1690
vn 0.6623 0.6843 0.3049
vn 0.0828 -0.9789 -0.1867
vn -0.1352 -0.9905 -0.0242
vn -0.0386 -0.9976 0.0569
vn -0.0331 -0.9748 0.2206
vn 0.1135 -0.8738 -0.4728
vn -0.1124 -0.9214 0.3719
vn -0.0429 -0.7921 0.6088
vn 0.0342 -0.7140 -0.6993
vn -0.0320 -0.5628 -0.8260
vn 0.0691 -0.3631 -0.9292
vn 0.0110 -0.5105 0.8598
vn -0.0344 -0.1559 -0.9872
vn -0.1957 -0.2165 0.9565
vn -0.0921 -0.2510 0.9636
vn -0.0424 -0.0765 -0.9962
vn 0.0270 -0.0267 -0.9993
vn -0.0091 -0.1332 0.9910
vn -0.1093 0.0527 -0.9926
vn 0.0581 0.0843 -0.9947
vn -0.1715 -0.1984 0.9650
vn 0.0353 -0.2388 0.9704
vn 0.1693 0.0963 -0.9809
vn -0.0417 -0.0615 0.9972
vn 0.1906 0.0662 -0.9794
vn 0.0978 0.0575 -0.9935
vn 0.1197 -0.0848 0.9892
vn 0.1435 0.0676 -0.9873
vn 0.1215 -0.1023 0.9873
vn 0.0302 -0.0883 0.9956
vn 0.2037 0.0453 -0.9780
vn 0.0978 -0.0862 0.9915
vn 0.1215 0.0369 -0.9919
vn 0.1079 0.0640 -0.9921
vn 0.1974 0.0185 -0.9801
vn 0.0997 0.0610 -0.9931
vn 0.1601 -0.0676 0.9848
vn 0.2041 0.0784 -0.9758
vn 0.2483 0.0815 -0.9652
vn 0.0941 -0.1539 0.9836
vn 0.2489 -0.2208 0.9430
vn 0.1613 -0.1839 0.9696
vn 0.2039 -0.1180 -0.9719
vn 0.3409 -0.1095 -0.9337
vn 0.2664 -0.1019 -0.9585
vn 0.2821 -0.3469 0.8945
vn 0.2347 0.0197 -0.9719
vn 0.2677 -0.1072 0.9575
vn 0.2541 -0.0182 -0.9670
vn 0.3124 0.0426 -0.9490
vn 0.2088 0.1425 0.9675
vn 0.2727 0.1272 -0.9537
vn 0.3818 0.1482 -0.9123
vn 0.1047 0.1874 0.9767
vn 0.2918 0.2134 0.9324
vn 0.4104 0.0941 -0.9070
vn 0.2030 0.0936 0.9747
vn 0.3934 0.0948 0.9145
vn 0.4783 -0.0129 -0.8781
vn 0.3608 0.0599 0.9307
vn 0.5172 0.0199 -0.8556
vn 0.3999 0.0479 0.9153
vn 0.5529 -0.0493 -0.8318
vn 0.5003 0.0577 0.8639
vn 0.6195 0.0760 -0.7813
vn 0.6096 -0.0177 -0.7925
vn 0.5450 0.0843 0.8342
vn 0.5550 0.0799 0.8280
vn 0.5024 0.0834 0.8606
vn 0.5819 0.0862 0.8087
vn 0.6130 -0.0001 -0.7901
vn 0.5891 0.0914 0.8029
vn 0.6363 0.0125 -0.7714
vn 0.5411 0.0869 0.8365
vn 0.6258 0.0880 0.7750
vn 0.5709 0.0956 0.8154
vn 0.6277 0.0992 0.7721
vn 0.6122 -0.0042 -0.7907
vn 0.5575 0.1037 0.8237
vn 0.6743 0.0232 -0.7381
vn 0.6150 0.0946 0.7828
vn 0.7072 0.0361 -0.7061
vn 0.5723 0.1126 0.8122
vn 0.7254 0.0991 0.6812
vn 0.7316 0.0388 -0.6807
vn 0.7246 0.1147 0.6795
vn 0.7465 0.0621 -0.6625
vn 0.6537 0.0086 0.7567
vn 0.7466 0.0567 -0.6629
vn 0.8131 0.0380 -0.5808
vn 0.8578 0.1390 -0.4948
vn 0.7761 0.0748 0.6261
vn 0.7866 0.2010 -0.5839
vn 0.7971 0.1847 0.5749
vn 0.7441 0.1031 0.6600
vn 0.8549 0.2477 -0.4559
vn 0.6402 0.4033 0.6538
vn 0.8256 0.3696 0.4264
vn 0.7664 0.3410 0.5444
vn 0.8079 0.3769 -0.4531
vn 0.7404 0.5379 -0.4030
vn 0.8265 0.5053 -0.2483
vn 0.7721 0.5201 0.3651
vn 0.8240 0.4916 0.2817
vn 0.6799 0.7031 -0.2081
vn 0.7593 0.6261 -0.1775
vn 0.8033 0.5889 -0.0886
vn 0.7900 0.6110 0.0508
vn 0.7915 0.5891 0.1624
vn 0.1415 -0.9844 -0.1042
vn 0.1219 -0.9877 0.0975
vn 0.2227 -0.8323 -0.5077
vn 0.1833 -0.9484 0.2588
vn 0.1794 -0.9133 0.3656
vn 0.1014 -0.8485 0.5195
vn 0.2230 -0.7387 -0.6360
vn 0.0776 -0.6899 0.7197
vn 0.1390 -0.4934 -0.8586
vn 0.1315 -0.2475 -0.9599
vn 0.0989 -0.1974 0.9753
vn 0.2285 0.0330 -0.9730
vn 0.0821 0.0321 -0.9961
vn -0.1032 -0.1429 0.9843
vn 0.0951 0.0546 -0.9940
vn 0.0871 0.0550 -0.9947
vn 0.1555 0.0631 -0.9858
vn 0.2787 0.0963 -0.9555
vn -0.0175 -0.1803 0.9834
vn 0.1729 0.0708 -0.9824
vn -0.0768 -0.5532 0.8295
vn 0.1041 -0.0818 0.9912
vn 0.2871 0.0789 -0.9546
vn 0.3004 -0.1386 0.9437
vn 0.1228 -0.1979 0.9725
vn 0.3473 -0.0793 0.9344
vn 0.2864 0.0648 -0.9559
vn 0.2785 -0.0998 0.9552
vn 0.2806 0.0508 -0.9585
vn 0.3792 0.0409 -0.9244
vn 0.2405 -0.1092 0.9645
vn 0.2401 -0.0550 0.9692
vn 0.2290 0.0489 -0.9722
vn 0.3766 0.0380 -0.9256
vn 0.1505 -0.1133 0.9821
vn 0.1851 -0.0791 0.9795
vn 0.3646 0.0495 -0.9299
vn 0.3038 -0.0316 0.9522
vn 0.3670 0.0808 -0.9267
vn 0.2819 -0.0592 0.9576
vn 0.4630 0.0623 -0.8842
vn 0.3220 -0.1511 0.9346
vn 0.3849 -0.0443 -0.9219
vn 0.2804 -0.2267 0.9327
vn 0.4517 -0.0883 -0.8878
vn 0.4349 -0.0796 -0.8970
vn 0.3410 -0.2443 0.9078
vn 0.3408 -0.0402 -0.9393
vn 0.1732 -0.3093 0.9351
vn 0.3919 -0.0155 -0.9199
vn 0.3101 0.0422 0.9498
vn 0.4117 0.0822 -0.9076
vn 0.4985 0.4754 -0.7250
vn 0.3891 0.1679 0.9058
vn 0.4744 0.1400 -0.8691
vn 0.3149 0.1951 0.9288
vn 0.5057 0.0495 -0.8613
vn 0.5105 0.1383 0.8487
vn 0.4169 0.0707 0.9062
vn 0.5898 0.0306 -0.8069
vn 0.5332 0.0833 0.8419
vn 0.6398 0.0438 -0.7673
vn 0.5481 0.0811 0.8325
vn 0.6091 0.1008 0.7866
vn 0.6613 0.0422 -0.7490
vn 0.6731 0.1058 0.7319
vn 0.6978 0.0024 -0.7163
vn 0.6667 0.1005 0.7385
vn 0.6772 0.0865 0.7307
vn 0.6720 0.0004 -0.7405
vn 0.7226 0.0123 -0.6911
vn 0.7007 0.0752 0.7095
vn 0.7237 0.0094 -0.6900
vn 0.6380 0.0831 0.7656
vn 0.7448 0.0708 0.6635
vn 0.7983 0.0362 -0.6011
vn 0.6842 0.0119 -0.7292
vn 0.6756 0.1120 0.7287
vn 0.7492 0.0969 0.6553
vn 0.7354 0.0297 -0.6770
vn 0.7364 0.0415 -0.6753
vn 0.7471 0.0523 -0.6626
vn 0.6791 0.0803 0.7296
vn 0.8071 0.0441 -0.5887
vn 0.7474 0.1115 0.6550
vn 0.8535 0.0755 -0.5156
vn 0.8164 0.1143 0.5661
vn 0.7958 0.1249 0.5925
vn 0.8072 0.0656 -0.5866
vn 0.8555 0.0930 -0.5093
vn 0.8168 0.1298 0.5621
vn 0.8553 0.0768 -0.5123
vn 0.8910 0.0549 -0.4507
vn 0.8542 0.1171 0.5065
vn 0.9005 0.1115 0.4202
vn 0.7836 0.1588 0.6006
vn 0.8755 0.0859 -0.4756
vn 0.9021 0.1206 0.4142
vn 0.9139 0.1040 -0.3924
vn 0.8450 0.1082 0.5237
vn 0.9395 0.1437 -0.3108
vn 0.9299 0.1458 0.3377
vn 0.8500 0.1320 0.5101
vn 0.8741 0.3784 -0.3047
vn 0.9047 0.2445 -0.3489
vn 0.9415 0.2723 -0.1985
vn 0.9146 0.2783 0.2933
vn 0.8872 0.2174 0.4069
vn 0.9412 0.3348 -0.0441
vn 0.9205 0.3850 0.0666
vn 0.9316 0.3143 0.1828
vn 0.8795 0.4710 -0.0679
vn 0.8785 0.4406 0.1848
vn 0.3325 -0.9252 -0.1830
vn 0.2887 -0.8894 -0.3546
vn 0.3224 -0.9408 -0.1043
vn 0.4200 -0.8886 0.1845
vn 0.3962 -0.6612 -0.6371
vn 0.2324 -0.6308 0.7404
vn 0.2581 -0.5430 -0.7991
vn 0.1550 -0.3396 0.9277
vn 0.2066 -0.1692 -0.9637
vn 0.3300 -0.3259 -0.8859
vn 0.2647 -0.0982 -0.9593
vn 0.4049 0.0366 -0.9136
vn 0.1889 -0.1040 0.9765
vn 0.3845 0.0580 -0.9213
vn 0.1516 -0.0954 0.9838
vn 0.2463 0.0640 -0.9671
vn 0.1828 -0.0957 0.9785
vn 0.3898 0.0531 -0.9194
vn 0.1762 -0.0362 0.9837
vn 0.2530 -0.0591 0.9656
vn 0.4260 0.0939 -0.8998
vn 0.3106 -0.1439 0.9396
vn 0.3451 0.1079 -0.9323
vn 0.4194 -0.0308 0.9073
vn 0.5065 0.1177 -0.8542
vn 0.4377 0.0562 -0.8973
vn 0.3268 -0.0829 0.9414
vn 0.3886 0.0678 -0.9189
vn 0.5211 0.0749 -0.8502
vn 0.4024 -0.0727 0.9126
vn 0.4557 0.0525 -0.8886
vn 0.4621 0.0528 -0.8853
vn 0.3533 -0.0881 0.9313
vn 0.4134 0.0458 -0.9094
vn 0.4594 0.0621 -0.8861
vn 0.3827 -0.0719 0.9211
vn 0.4190 -0.0409 0.9070
vn 0.4070 0.0728 -0.9105
vn 0.2720 -0.0931 0.9578
vn 0.5262 0.0452 -0.8492
vn 0.4976 0.0086 -0.8674
vn 0.5224 -0.0150 -0.8526
vn 0.4085 -0.2181 0.8863
vn 0.5239 -0.1973 0.8286
vn 0.4160 -0.2220 0.8818
vn 0.4604 -0.1646 0.8723
vn 0.5087 -0.0676 -0.8583
vn 0.3687 -0.1967 0.9085
vn 0.5503 -0.0264 -0.8345
vn 0.3291 -0.1600 0.9307
vn 0.5153 0.0812 -0.8532
vn 0.3931 0.0150 0.9194
vn 0.5187 -0.0399 -0.8540
vn 0.5227 0.1844 -0.8323
vn 0.4338 0.2132 0.8755
vn 0.4718 0.1800 -0.8631
vn 0.5324 0.2285 -0.8151
vn 0.5358 0.2264 0.8135
vn 0.6458 0.1837 -0.7411
vn 0.3885 0.2950 0.8730
vn 0.5922 0.1295 -0.7953
vn 0.5304 0.2124 0.8207
vn 0.6550 0.2151 -0.7244
vn 0.7349 -0.0402 -0.6770
vn 0.7225 0.0698 -0.6879
vn 0.6825 0.1146 0.7218
vn 0.7100 0.1220 -0.6935
vn 0.7979 0.0870 -0.5965
vn 0.6744 0.1435 0.7243
vn 0.7483 -0.0041 0.6634
vn 0.7399 0.0723 -0.6689
vn 0.8154 0.0750 -0.5740
vn 0.6811 0.1057 0.7245
vn 0.7515 0.0839 0.6544
vn 0.7718 0.0490 -0.6340
vn 0.7919 0.1223 0.5983
vn 0.7468 0.1222 0.6537
vn 0.8019 0.0316 -0.5966
vn 0.8378 -0.4189 -0.3501
vn 0.8175 0.1182 0.5637
vn 0.7644 0.0205 -0.6445
vn 0.8518 0.0282 -0.5232
vn 0.7401 0.0963 0.6656
vn 0.8527 0.0269 -0.5217
vn 0.8169 0.0659 0.5730
vn 0.8029 0.0171 -0.5959
vn 0.8374 0.0905 0.5390
vn 0.8785 0.0752 0.4718
vn 0.8112 0.0270 -0.5841
vn 0.8760 0.0239 -0.4818
vn 0.7690 0.0804 0.6342
vn 0.8751 0.0222 -0.4834
vn 0.8883 0.0765 0.4529
vn 0.7481 0.0415 0.6623
vn 0.8854 0.0266 -0.4641
vn 0.8509 0.0844 0.5185
vn 0.8743 0.0317 -0.4844
vn 0.8593 0.0948 0.5026
vn 0.8829 0.0567 -0.4662
vn 0.8092 0.0897 0.5806
vn 0.9200 0.0521 -0.3886
vn 0.8996 0.1099 0.4226
vn 0.8452 0.0585 -0.5312
vn 0.8367 0.1177 0.5349
vn 0.9214 0.1056 -0.3741
vn 0.9470 0.0828 -0.3105
vn 0.9255 0.1357 0.3536
vn 0.8383 0.1123 0.5334
vn 0.9031 0.1235 0.4114
vn 0.8658 0.1272 0.4840
vn 0.9516 0.1300 -0.2785
vn 0.9516 0.1577 -0.2637
vn 0.8961 0.1329 0.4236
vn 0.9820 0.1307 -0.1361
vn 0.9505 0.1384 0.2784
vn 0.9327 0.2442 0.2653
vn 0.9259 0.1241 0.3569
vn 0.8600 0.1175 0.4966
vn 0.9319 0.0994 -0.3489
vn 0.9615 0.1031 -0.2546
vn 0.9875 0.1473 0.0553
vn 0.9839 0.1267 -0.1258
vn 0.9859 0.1291 0.1065
vn 0.9677 0.1380 0.2110
vn 0.9896 0.1432 -0.0170
vn 0.9722 0.1357 -0.1910
vn 0.9849 0.1276 0.1173
vn 0.9561 0.1093 0.2718
vn 0.9821 0.1874 0.0168
vn 0.9753 0.1896 -0.1136
vn 0.9755 0.2122 -0.0574
vn 0.9651 0.1912 0.1788
vn 0.4002 -0.8595 -0.3179
vn 0.2773 -0.8041 0.5258
vn 0.5449 -0.6564 -0.5218
vn 0.4171 -0.7636 -0.4929
vn 0.4641 -0.6962 0.5476
vn 0.4167 -0.4212 -0.8056
vn 0.4595 -0.5425 -0.7033
vn 0.4095 -0.6343 0.6558
vn 0.3208 -0.2035 0.9250
vn 0.3913 -0.1393 -0.9097
vn 0.1883 -0.1185 0.9749
vn 0.4381 0.0197 -0.8987
vn 0.3059 -0.1087 0.9458
vn 0.5258 0.0783 -0.8470
vn 0.4587 -0.0593 0.8866
vn 0.2794 -0.0654 0.9579
vn 0.3933 0.1143 -0.9123
vn 0.4311 -0.0492 0.9010
vn 0.5172 0.1071 -0.8491
vn 0.4853 0.0241 0.8740
vn 0.4538 0.0959 -0.8859
vn 0.5922 0.1110 -0.7982
vn 0.4644 -0.0522 0.8841
vn 0.6445 0.0750 -0.7609
vn 0.5228 -0.0605 0.8503
vn 0.5711 0.0629 -0.8184
vn 0.5570 0.0386 -0.8296
vn 0.5494 -0.0747 0.8322
vn 0.1945 0.5327 -0.8237
vn 0.6434 0.0440 -0.7643
vn 0.4689 -0.0773 0.8799
vn 0.5351 0.0246 -0.8444
vn 0.6980 0.0212 -0.7158
vn 0.5342 -0.0880 0.8408
vn 0.4957 -0.0862 0.8642
vn 0.5511 0.0255 -0.8340
vn 0.5421 -0.0645 0.8379
vn 0.5394 0.0392 -0.8411
vn 0.4869 -0.0492 0.8721
vn 0.6713 0.0565 -0.7390
vn 0.5255 -0.1227 -0.8419
vn 0.5132 -0.0398 0.8574
vn 0.5941 0.1192 -0.7955
vn 0.5518 -0.0549 0.8321
vn 0.6154 0.0107 -0.7881
vn 0.6092 -0.0948 0.7873
vn 0.6233 -0.1367 0.7700
vn 0.4940 -0.1509 0.8563
vn 0.6135 -0.0698 -0.7866
vn 0.5793 -0.0862 -0.8105
vn 0.5581 -0.1880 0.8082
vn 0.6025 -0.1916 0.7748
vn 0.6506 -0.1039 -0.7523
vn 0.5155 -0.0093 0.8569
vn 0.6166 0.0289 -0.7867
vn 0.4951 0.1212 0.8603
vn 0.6544 0.1578 -0.7395
vn 0.5501 0.1368 0.8238
vn 0.6547 0.1917 -0.7312
vn 0.6056 0.1632 0.7789
vn 0.6846 0.2148 -0.6965
vn 0.5325 0.2089 0.8202
vn 0.6251 0.2313 0.7455
vn 0.7459 0.1611 -0.6462
vn 0.5943 0.1957 0.7800
vn 0.8027 0.1483 -0.5776
vn 0.6689 0.2104 0.7130
vn 0.7220 0.1154 -0.6822
vn 0.6336 0.1611 0.7567
vn 0.7409 0.1723 0.6491
vn 0.7829 0.1221 -0.6100
vn 0.7913 0.1476 0.5933
vn 0.6409 0.0975 0.7614
vn 0.8619 0.1101 -0.4951
vn 0.8058 0.1847 -0.5626
vn 0.8880 0.1120 -0.4460
vn 0.8451 0.1224 0.5204
vn 0.8951 0.1271 0.4274
vn 0.7935 0.1763 0.5825
vn 0.8926 0.1060 -0.4382
vn 0.8724 0.0595 -0.4852
vn 0.9195 0.0758 0.3857
vn 0.9210 0.0918 -0.3785
vn 0.8912 0.1146 0.4389
vn 0.9471 0.1159 0.2992
vn 0.9460 0.0792 -0.3145
vn 0.8732 0.1188 0.4727
vn 0.8951 0.0415 -0.4439
vn 0.9648 0.0286 0.2614
vn 0.8796 0.0891 0.4673
vn 0.9240 0.0273 -0.3814
vn 0.9576 0.0671 -0.2802
vn 0.9400 0.0835 0.3309
vn 0.9770 0.0800 0.1976
vn 0.9112 0.0714 0.4058
vn 0.8347 0.0848 0.5442
vn 0.9625 0.0438 -0.2677
vn 0.9467 0.1024 0.3053
vn 0.9779 0.0420 -0.2049
vn 0.9910 0.0595 -0.1197
vn 0.9897 0.0649 0.1278
vn 0.9983 0.0580 0.0047
vn 0.9745 0.0635 0.2154
vn 0.9233 0.0692 0.3778
vn 0.9765 0.0619 -0.2065
vn 0.9984 0.0561 0.0024
vn 0.9339 0.0445 -0.3548
vn 0.9950 0.0997 0.0098
vn 0.9822 0.0614 0.1773
vn 0.9854 0.0613 -0.1590
vn 0.9663 0.1671 0.1957
vn 0.9306 0.0773 0.3578
vn 0.9483 0.1162 -0.2953
vn 0.9851 0.0726 -0.1561
vn 0.9414 0.1044 0.3207
vn 0.9926 0.1206 -0.0136
vn 0.9799 0.1168 0.1620
vn 0.9892 0.1062 -0.1006
vn 0.9565 0.1083 0.2709
vn 0.9882 0.1200 -0.0955
vn 0.9909 0.1282 0.0414
vn 0.9903 0.1290 -0.0523
vn 0.9848 0.1215 0.1239
vn 0.9935 0.1060 0.0408
vn 0.5540 -0.8233 -0.1232
vn 0.6034 -0.7940 0.0733
vn 0.5624 -0.7649 0.3140
vn 0.5806 -0.6946 0.4247
vn 0.5987 -0.5660 -0.5667
vn 0.7201 -0.4867 -0.4946
vn 0.6237 -0.5375 0.5676
vn 0.5033 -0.5398 0.6747
vn 0.5780 -0.4801 -0.6599
vn 0.5529 -0.4006 0.7306
vn 0.3568 -0.4631 0.8113
vn 0.5266 -0.2771 -0.8037
vn 0.4858 -0.2846 0.8265
vn 0.5921 -0.0479 -0.8044
vn 0.5746 -0.1238 -0.8090
vn 0.5619 -0.2061 0.8011
vn 0.5573 0.0467 -0.8290
vn 0.6810 0.0094 -0.7323
vn 0.4101 -0.1002 0.9065
vn 0.5810 -0.0558 0.8120
vn 0.6323 0.0832 -0.7703
vn 0.6618 0.0858 -0.7448
vn 0.5374 -0.0378 0.8425
vn 0.5747 -0.0374 0.8175
vn 0.5180 0.0877 -0.8509
vn 0.5172 -0.0606 0.8537
vn 0.6370 0.1083 -0.7632
vn 0.6146 -0.0074 0.7888
vn 0.6806 0.1185 -0.7230
vn 0.6139 0.0024 0.7894
vn 0.7239 0.1168 -0.6800
vn 0.6554 -0.0274 0.7548
vn 0.7453 0.0315 -0.6660
vn 0.7693 0.0568 -0.6363
vn 0.6830 -0.0477 0.7289
vn 0.6677 0.0558 -0.7424
vn 0.7363 0.0475 -0.6750
vn 0.6515 -0.0821 0.7542
vn 0.6381 0.0297 -0.7693
vn 0.6623 -0.0826 0.7446
vn 0.7225 0.0209 -0.6910
vn 0.6504 -0.0700 0.7563
vn 0.6938 0.0312 -0.7195
vn 0.6881 -0.0457 0.7242
vn 0.7592 0.0416 -0.6496
vn 0.5974 -0.0930 0.7966
vn 0.6969 -0.0139 0.7170
vn 0.6843 0.0897 -0.7237
vn 0.6979 -0.0136 0.7161
vn 0.7226 0.0308 -0.6906
vn 0.7417 -0.1008 0.6631
vn 0.6792 -0.1570 0.7169
vn 0.7002 -0.0379 -0.7130
vn 0.7504 -0.0861 -0.6553
vn 0.6797 -0.1783 0.7115
vn 0.7037 -0.1790 0.6876
vn 0.7249 -0.0640 -0.6859
vn 0.5874 -0.1531 0.7947
vn 0.6921 -0.0232 -0.7214
vn 0.5922 -0.0961 0.8001
vn 0.7611 0.0131 -0.6485
vn 0.6648 -0.0635 0.7443
vn 0.6553 0.0884 -0.7501
vn 0.6336 0.0548 0.7717
vn 0.7551 0.1677 -0.6337
vn 0.6954 0.1952 0.6916
vn 0.7746 0.1641 0.6107
vn 0.7578 0.2137 -0.6165
vn 0.8108 0.2457 -0.5312
vn 0.6739 0.2493 0.6955
vn 0.7598 0.2620 0.5950
vn 0.7859 0.2708 0.5559
vn 0.8321 0.2040 -0.5157
vn 0.8571 0.2195 -0.4661
vn 0.8971 0.1892 0.3993
vn 0.8954 0.1758 -0.4090
vn 0.8486 0.2134 0.4841
vn 0.8065 0.1641 0.5680
vn 0.9065 0.1467 -0.3958
vn 0.9431 0.1425 -0.3004
vn 0.9050 0.1505 0.3980
vn 0.9299 0.1959 0.3114
vn 0.8708 0.1137 0.4783
vn 0.8865 0.1059 -0.4504
vn 0.9753 0.1493 -0.1627
vn 0.9724 0.1463 0.1816
vn 0.9165 0.1466 0.3723
vn 0.8288 0.1517 0.5385
vn 0.9405 0.1096 -0.3216
vn 0.9816 0.1305 -0.1394
vn 0.9867 0.1626 0.0026
vn 0.9843 0.1409 0.1060
vn 0.9836 0.1792 -0.0201
vn 0.9555 0.1205 0.2693
vn 0.9651 0.0887 -0.2464
vn 0.9601 0.1226 0.2513
vn 0.9660 0.1130 -0.2326
vn 0.9862 0.1084 0.1248
vn 0.9950 0.0900 0.0424
vn 0.9568 0.2137 0.1970
vn 0.9861 0.0618 -0.1540
vn 0.9910 0.0731 -0.1124
vn 0.9111 0.3931 -0.1238
vn 0.9947 0.0907 0.0487
vn 0.9903 0.0504 -0.1297
vn 0.9982 0.0364 0.0483
vn 0.6621 -0.6997 -0.2683
vn 0.7248 -0.6873 -0.0466
vn 0.7241 -0.5974 -0.3447
vn 0.8570 -0.4139 0.3070
vn 0.7208 -0.3568 -0.5942
vn 0.5927 -0.5655 0.5735
vn 0.7483 -0.2819 -0.6004
vn 0.6443 -0.2340 0.7281
vn 0.7315 -0.1632 -0.6620
vn 0.6607 -0.1100 0.7426
vn 0.6501 0.0878 -0.7548
vn 0.4924 -0.0628 0.8681
vn 0.7033 0.0401 -0.7098
vn 0.7056 -0.0566 0.7063
vn 0.7319 0.0580 -0.6790
vn 0.7204 -0.0312 0.6928
vn 0.7517 0.0808 -0.6546
vn 0.7479 -0.0077 0.6637
vn 0.7615 0.1120 -0.6384
vn 0.7004 0.0233 0.7134
vn 0.7926 0.0129 0.6097
vn 0.7645 0.1177 -0.6338
vn 0.7984 0.1153 -0.5910
vn 0.8975 0.0973 -0.4302
vn 0.8089 0.1191 -0.5757
vn 0.7289 -0.0218 0.6843
vn 0.8065 0.0976 -0.5831
vn 0.8421 -0.0060 0.5393
vn 0.8860 0.0701 -0.4583
vn 0.8417 0.0086 0.5399
vn 0.8442 0.0848 -0.5293
vn 0.7676 -0.0297 0.6402
vn 0.9000 0.0553 -0.4323
vn 0.8566 0.0777 -0.5102
vn 0.8089 -0.2467 0.5336
vn 0.8118 -0.0690 0.5798
vn 0.8003 0.0378 -0.5984
vn 0.9382 0.0036 -0.3461
vn 0.7964 -0.0694 0.6007
vn 0.8799 -0.0855 0.4675
vn 0.8528 0.0167 -0.5220
vn 0.8423 -0.0484 0.5368
vn 0.7402 0.0129 -0.6722
vn 0.8797 -0.0080 -0.4754
vn 0.8098 -0.0736 0.5821
vn 0.7519 -0.1113 0.6498
vn 0.8494 0.0097 0.5277
vn 0.8480 0.0074 -0.5300
vn 0.8130 0.0339 -0.5813
vn 0.7354 -0.0617 0.6749
vn 0.8140 -0.0545 0.5783
vn 0.8467 0.0349 -0.5310
vn 0.8073 0.0559 -0.5874
vn 0.8293 -0.0128 0.5586
vn 0.8351 0.0051 0.5500
vn 0.8187 0.0586 -0.5712
vn 0.8450 0.0116 0.5347
vn 0.8822 0.0301 -0.4699
vn 0.7725 -0.0570 0.6324
vn 0.8904 0.0025 -0.4552
vn 0.8427 -0.0941 0.5300
vn 0.8980 0.0292 -0.4391
vn 0.8853 -0.1143 0.4508
vn 0.8765 -0.1338 0.4624
vn 0.8310 -0.0540 -0.5536
vn 0.8396 -0.0307 -0.5423
vn 0.8015 -0.1546 0.5777
vn 0.8248 0.0430 -0.5638
vn 0.8093 -0.1647 0.5638
vn 0.8338 -0.1295 0.5366
vn 0.8767 -0.0664 -0.4763
vn 0.7727 -0.1484 0.6172
vn 0.7081 -0.1514 0.6897
vn 0.8189 -0.0298 -0.5732
vn 0.7254 0.0232 0.6879
vn 0.8196 0.0661 -0.5691
vn 0.7878 0.0704 0.6119
vn 0.8006 0.1360 -0.5836
vn 0.8806 0.1569 -0.4470
vn 0.8295 0.1252 0.5442
vn 0.7030 0.1343 0.6984
vn 0.8104 0.1934 -0.5531
vn 0.8814 0.2341 -0.4102
vn 0.8479 0.2080 0.4876
vn 0.8912 0.2622 0.3702
vn 0.7377 0.2289 0.6351
vn 0.8483 0.1848 -0.4963
vn 0.9062 0.2518 -0.3397
vn 0.8578 0.2749 0.4343
vn 0.8179 0.2566 0.5150
vn 0.9352 0.1982 -0.2935
vn 0.9455 0.2534 -0.2045
vn 0.9285 0.2715 0.2535
vn 0.9674 0.2226 -0.1204
vn 0.9032 0.3759 -0.2072
vn 0.9707 0.2402 0.0086
vn 0.8991 0.2503 0.3591
vn 0.8871 0.2460 0.3905
vn 0.9763 0.2006 0.0808
vn 0.9545 0.1796 0.2379
vn 0.9852 0.1711 0.0028
vn 0.9880 0.1331 -0.0782
vn 0.9825 0.1417 0.1207
vn 0.8593 0.4995 -0.1102
vn 0.8611 -0.4866 -0.1471
vn 0.8313 -0.5546 0.0354
vn 0.7479 -0.6168 0.2453
vn 0.8688 -0.3811 -0.3162
vn 0.9026 -0.3451 0.2573
vn 0.7330 -0.4171 0.5373
vn 0.8889 -0.1921 -0.4159
vn 0.8969 -0.1381 0.4201
vn 0.8929 -0.0470 -0.4477
vn 0.7737 -0.1753 0.6088
vn 0.8979 -0.2250 0.3785
vn 0.8006 -0.0152 -0.5990
vn 0.9157 0.0528 -0.3984
vn 0.8331 0.3342 0.4408
vn 0.8496 0.0931 -0.5191
vn 0.8553 -0.0208 0.5178
vn 0.8997 -0.1390 -0.4138
vn 0.8677 -0.0046 0.4970
vn 0.9214 0.0720 -0.3820
vn 0.8790 0.0011 0.4767
vn 0.8828 0.1033 -0.4582
vn 0.9457 0.1119 -0.3053
vn 0.8745 0.0631 0.4809
vn 0.9311 0.1152 -0.3461
vn 0.8740 0.1123 -0.4727
vn 0.9682 -0.2499 0.0130
vn 0.7937 0.0197 0.6080
vn 0.9538 0.1155 -0.2774
vn 0.9284 0.1193 -0.3519
vn 0.9626 0.0580 0.2647
vn 0.8901 0.0490 0.4532
vn 0.8212 0.1615 0.5473
vn 0.9746 0.0926 -0.2037
vn 0.9917 0.0750 -0.1047
vn 0.9532 0.0590 0.2964
vn 0.9919 0.0782 0.1003
vn 0.9125 0.1430 0.3834
vn 0.9962 0.0840 0.0244
vn 0.9773 0.0540 0.2047
vn 0.9638 0.0731 -0.2564
vn 0.9088 0.0142 0.4171
vn 0.9840 -0.0134 0.1778
vn 0.9604 -0.0032 0.2785
vn 0.9354 0.0022 0.3537
vn 0.9059 -0.0078 0.4234
vn 0.9888 -0.0023 -0.1495
vn 0.9991 0.0210 0.0368
vn 0.9967 -0.0188 -0.0796
vn 0.9990 0.0391 0.0211
vn 0.9513 -0.0060 -0.3082
vn 0.9868 -0.0074 -0.1617
vn 0.9598 -0.0756 0.2702
vn 0.9946 -0.0412 0.0953
vn 0.9059 -0.0637 0.4187
vn 0.9128 -0.0541 0.4047
vn 0.9144 0.0171 -0.4044
vn 0.9633 -0.0340 0.2661
vn 0.9617 -0.0064 -0.2739
vn 0.9967 0.0069 -0.0813
vn 0.9938 0.0025 0.1108
vn 0.8970 -0.0375 0.4404
vn 0.9759 0.0244 -0.2167
vn 0.9299 -0.0454 0.3651
vn 0.8544 -0.0236 0.5190
vn 0.9351 0.0453 -0.3515
vn 0.9976 0.0232 0.0649
vn 0.9781 0.0084 0.2081
vn 0.9287 -0.0112 0.3707
vn 0.8803 0.0597 -0.4706
vn 0.9946 0.0225 -0.1009
vn 0.9366 0.0672 -0.3440
vn 0.9329 0.0267 0.3592
vn 0.9967 0.0404 -0.0703
vn 0.9855 0.0567 0.1600
vn 0.9733 -0.0432 -0.2253
vn 0.9945 0.0071 -0.1042
vn 0.9486 -0.0294 0.3150
vn 0.9061 -0.0080 0.4229
vn 0.9857 -0.0676 0.1546
vn 0.9453 -0.0787 0.3165
vn 0.9934 -0.1141 0.0109
vn 0.9671 -0.1312 0.2179
vn 0.8995 -0.0807 -0.4293
vn 0.9344 -0.0677 -0.3497
vn 0.9321 -0.1043 0.3469
vn 0.9803 -0.1224 0.1552
vn 0.8890 -0.1475 0.4335
vn 0.8602 0.4209 -0.2878
vn 0.9649 -0.1113 -0.2379
vn 0.9532 -0.1269 0.2744
vn 0.8929 -0.1446 0.4264
vn 0.9769 -0.0764 -0.1996
vn 0.8923 -0.1252 0.4338
vn 0.8757 0.0256 -0.4821
vn 0.9050 -0.1592 0.3944
vn 0.9252 -0.0821 0.3705
vn 0.8799 -0.0613 0.4711
vn 0.9174 0.0586 -0.3936
vn 0.9555 -0.0062 -0.2950
vn 0.9220 0.0205 0.3866
vn 0.8151 -0.0726 0.5747
vn 0.8605 0.0146 0.5092
vn 0.9417 0.1392 -0.3064
vn 0.9453 0.1368 0.2960
vn 0.8853 0.0825 0.4576
vn 0.7774 0.4441 -0.4455
vn 0.9121 0.2086 0.3530
vn 0.7885 0.3268 0.5210
vn 0.9239 0.2335 -0.3031
vn 0.9541 0.2459 -0.1711
vn 0.9712 0.2070 -0.1183
vn 0.9799 0.1990 0.0113
vn 0.9632 0.2069 0.1713
vn 0.9421 0.2688 0.2005
vn 0.9278 0.2447 0.2818
vn 0.9344 0.2734 -0.2285
vn 0.9494 0.3017 0.0876
vn 0.9529 0.2741 0.1299
vn 0.9635 0.2537 -0.0857
vn 0.9692 -0.2250 0.1003
vn 0.8798 -0.4483 0.1580
vn 0.9760 -0.2090 -0.0609
vn 0.9439 -0.2913 -0.1555
vn 0.8930 -0.2590 0.3681
vn 0.9994 -0.0241 0.0261
vn 0.9676 0.0132 -0.2522
vn 0.9841 -0.0300 0.1751
vn 0.9990 -0.0004 -0.0446
vn 0.9267 -0.0480 0.3728
vn 0.9741 0.0442 -0.2219
vn 0.9991 0.0231 -0.0348
vn 0.9420 0.0017 0.3355
vn 0.8565 -0.1177 0.5025
vn 0.9898 0.0532 0.1319
vn 0.9489 0.0175 0.3151
vn 0.9378 0.0310 -0.3458
vn 0.9569 0.0923 -0.2755
vn 0.9603 0.0353 0.2766
vn 0.9832 0.0939 -0.1563
vn 0.9940 0.0650 0.0876
vn 0.9959 0.0905 0.0070
vn 0.9190 0.1576 0.3615
vn 0.9821 0.1025 -0.1580
vn 0.9724 0.0986 0.2115
vn 0.9954 0.0707 0.0648
vn 0.9955 0.0774 -0.0545
vn 0.9832 -0.1468 0.1087
vn 0.9932 -0.1066 -0.0458
vn 0.9914 -0.0919 0.0931
vn 0.9758 0.1531 -0.1563
vn 0.9982 -0.0448 0.0387
vn 0.9779 -0.0460 0.2039
vn 0.9907 0.0840 -0.1073
vn 0.9863 0.1596 -0.0418
vn 0.9823 0.0649 0.1757
vn 0.9622 0.0592 0.2657
vn 0.9753 0.1352 -0.1749
vn 0.9838 0.1553 0.0891
f 2//2 1//1 6//6
f 6//6 1//1 3//3
f 2//2 4//4 5//5
f 4//4 2//2 6//6
f 8//8 7//7 10//10
f 11//11 8//8 13//13
f 13//13 8//8 10//10
f 13//13 10//10 9//9
f 11//11 19//19 45//45
f 16//16 11//11 13//13
f 18//18 13//13 9//9
f 9//9 12//12 18//18
f 14//14 19//19 11//11
f 15//15 11//11 16//16
f 14//14 11//11 15//15
f 16//16 13//13 17//17
f 17//17 13//13 18//18
f 19//19 15//15 2//2
f 19//19 14//14 15//15
f 2//2 15//15 1//1
f 1//1 15//15 16//16
f 16//16 17//17 1//1
f 1//1 17//17 18//18
f 22//22 19//19 20//20
f 20//20 19//19 2//2
f 1//1 18//18 3//3
f 3//3 18//18 21//21
f 5//5 22//22 2//2
f 2//2 22//22 20//20
f 21//21 51//51 3//3
f 23//23 22//22 5//5
f 4//4 23//23 5//5
f 3//3 24//24 6//6
f 3//3 27//27 24//24
f 27//27 3//3 53//53
f 3//3 51//51 53//53
f 22//22 23//23 52//52
f 6//6 26//26 4//4
f 26//26 23//23 4//4
f 6//6 24//24 26//26
f 23//23 25//25 52//52
f 28//28 23//23 26//26
f 28//28 25//25 23//23
f 24//24 29//29 58//58
f 30//30 24//24 58//58
f 26//26 24//24 30//30
f 29//29 24//24 27//27
f 74//74 31//31 33//33
f 36//36 31//31 74//74
f 35//35 31//31 36//36
f 31//31 34//34 32//32
f 37//37 31//31 35//35
f 7//7 35//35 36//36
f 76//76 36//36 74//74
f 34//34 31//31 38//38
f 38//38 31//31 37//37
f 37//37 35//35 7//7
f 42//42 7//7 36//36
f 42//42 36//36 76//76
f 38//38 37//37 8//8
f 8//8 37//37 7//7
f 81//81 38//38 41//41
f 41//41 38//38 39//39
f 39//39 38//38 8//8
f 42//42 10//10 7//7
f 10//10 42//42 9//9
f 42//42 76//76 40//40
f 11//11 39//39 8//8
f 12//12 9//9 42//42
f 43//43 39//39 11//11
f 43//43 41//41 39//39
f 83//83 41//41 46//46
f 45//45 41//41 43//43
f 46//46 41//41 45//45
f 11//11 45//45 43//43
f 42//42 18//18 12//12
f 84//84 42//42 44//44
f 42//42 47//47 18//18
f 42//42 84//84 47//47
f 19//19 46//46 45//45
f 87//87 21//21 47//47
f 47//47 21//21 18//18
f 22//22 46//46 19//19
f 49//49 21//21 87//87
f 48//48 46//46 50//50
f 22//22 50//50 46//46
f 49//49 51//51 21//21
f 22//22 52//52 50//50
f 51//51 49//49 53//53
f 50//50 52//52 54//54
f 53//53 55//55 27//27
f 53//53 56//56 55//55
f 53//53 89//89 91//91
f 53//53 91//91 56//56
f 57//57 93//93 52//52
f 52//52 59//59 57//57
f 25//25 59//59 52//52
f 27//27 55//55 29//29
f 59//59 25//25 60//60
f 28//28 60//60 25//25
f 30//30 60//60 26//26
f 60//60 28//28 26//26
f 30//30 58//58 60//60
f 29//29 55//55 96//96
f 58//58 29//29 96//96
f 139//139 58//58 96//96
f 65//65 61//61 62//62
f 63//63 61//61 67//67
f 63//63 67//67 66//66
f 67//67 61//61 71//71
f 71//71 61//61 65//65
f 72//72 65//65 62//62
f 62//62 64//64 72//72
f 66//66 67//67 69//69
f 69//69 67//67 73//73
f 70//70 67//67 71//71
f 71//71 65//65 72//72
f 72//72 68//68 75//75
f 73//73 67//67 32//32
f 32//32 67//67 31//31
f 31//31 67//67 70//70
f 31//31 70//70 33//33
f 75//75 71//71 72//72
f 70//70 71//71 75//75
f 81//81 69//69 73//73
f 33//33 70//70 74//74
f 70//70 75//75 74//74
f 78//78 81//81 73//73
f 32//32 78//78 73//73
f 74//74 75//75 76//76
f 76//76 75//75 116//116
f 34//34 78//78 32//32
f 79//79 76//76 116//116
f 77//77 81//81 80//80
f 38//38 81//81 34//34
f 34//34 81//81 78//78
f 79//79 40//40 76//76
f 82//82 40//40 79//79
f 41//41 80//80 81//81
f 41//41 83//83 80//80
f 44//44 42//42 82//82
f 82//82 42//42 40//40
f 44//44 82//82 84//84
f 46//46 85//85 83//83
f 87//87 47//47 84//84
f 48//48 86//86 46//46
f 46//46 86//86 85//85
f 48//48 88//88 86//86
f 129//129 49//49 87//87
f 50//50 90//90 48//48
f 48//48 90//90 88//88
f 54//54 90//90 50//50
f 89//89 53//53 49//49
f 49//49 129//129 89//89
f 52//52 90//90 54//54
f 52//52 93//93 90//90
f 89//89 92//92 91//91
f 59//59 93//93 57//57
f 91//91 94//94 56//56
f 95//95 93//93 59//59
f 59//59 60//60 95//95
f 55//55 94//94 96//96
f 94//94 55//55 56//56
f 97//97 95//95 60//60
f 58//58 141//141 60//60
f 60//60 141//141 137//137
f 96//96 94//94 98//98
f 141//141 58//58 139//139
f 99//99 100//100 160//160
f 103//103 102//102 155//155
f 99//99 103//103 155//155
f 103//103 99//99 160//160
f 105//105 103//103 160//160
f 104//104 103//103 105//105
f 105//105 160//160 101//101
f 109//109 103//103 62//62
f 62//62 103//103 104//104
f 106//106 105//105 101//101
f 108//108 103//103 109//109
f 62//62 104//104 64//64
f 64//64 104//104 105//105
f 63//63 109//109 61//61
f 61//61 109//109 62//62
f 107//107 105//105 106//106
f 168//168 108//108 110//110
f 110//110 108//108 66//66
f 66//66 109//109 63//63
f 66//66 108//108 109//109
f 64//64 105//105 111//111
f 111//111 105//105 107//107
f 112//112 72//72 111//111
f 111//111 72//72 64//64
f 72//72 112//112 68//68
f 114//114 113//113 110//110
f 69//69 114//114 66//66
f 66//66 114//114 110//110
f 174//174 75//75 112//112
f 112//112 75//75 68//68
f 113//113 114//114 69//69
f 117//117 75//75 174//174
f 81//81 115//115 69//69
f 69//69 115//115 113//113
f 117//117 116//116 75//75
f 77//77 115//115 81//81
f 116//116 117//117 178//178
f 77//77 118//118 115//115
f 241//241 79//79 178//178
f 178//178 79//79 116//116
f 118//118 77//77 119//119
f 80//80 119//119 77//77
f 181//181 82//82 79//79
f 79//79 241//241 181//181
f 83//83 119//119 80//80
f 121//121 119//119 83//83
f 122//122 82//82 181//181
f 121//121 85//85 120//120
f 121//121 83//83 85//85
f 84//84 82//82 122//122
f 121//121 120//120 123//123
f 121//121 123//123 124//124
f 85//85 123//123 120//120
f 87//87 84//84 122//122
f 122//122 125//125 87//87
f 86//86 123//123 85//85
f 87//87 125//125 127//127
f 88//88 123//123 86//86
f 126//126 123//123 88//88
f 128//128 126//126 88//88
f 127//127 129//129 87//87
f 127//127 125//125 129//129
f 90//90 128//128 88//88
f 90//90 130//130 128//128
f 90//90 131//131 130//130
f 186//186 89//89 129//129
f 131//131 90//90 132//132
f 93//93 132//132 90//90
f 133//133 92//92 89//89
f 133//133 89//89 186//186
f 135//135 134//134 93//93
f 134//134 132//132 93//93
f 95//95 135//135 93//93
f 133//133 190//190 91//91
f 92//92 133//133 91//91
f 97//97 135//135 95//95
f 190//190 94//94 91//91
f 136//136 135//135 97//97
f 140//140 139//139 96//96
f 96//96 98//98 140//140
f 137//137 97//97 60//60
f 141//141 138//138 194//194
f 141//141 139//139 138//138
f 140//140 98//98 193//193
f 142//142 143//143 210//210
f 144//144 142//142 147//147
f 147//147 142//142 210//210
f 147//147 210//210 145//145
f 147//147 146//146 144//144
f 148//148 146//146 147//147
f 148//148 214//214 146//146
f 150//150 149//149 151//151
f 152//152 150//150 156//156
f 156//156 150//150 151//151
f 156//156 151//151 153//153
f 152//152 159//159 158//158
f 154//154 159//159 152//152
f 155//155 152//152 156//156
f 154//154 152//152 155//155
f 157//157 156//156 153//153
f 158//158 159//159 164//164
f 159//159 154//154 155//155
f 99//99 155//155 156//156
f 99//99 156//156 100//100
f 156//156 160//160 100//100
f 156//156 157//157 160//160
f 163//163 158//158 164//164
f 164//164 159//159 155//155
f 162//162 157//157 161//161
f 160//160 157//157 162//162
f 102//102 164//164 155//155
f 165//165 101//101 160//160
f 165//165 160//160 162//162
f 102//102 163//163 164//164
f 170//170 163//163 102//102
f 101//101 165//165 106//106
f 170//170 102//102 108//108
f 108//108 102//102 103//103
f 107//107 106//106 165//165
f 165//165 166//166 107//107
f 108//108 168//168 170//170
f 110//110 171//171 168//168
f 168//168 171//171 170//170
f 236//236 111//111 107//107
f 110//110 113//113 171//171
f 238//238 112//112 111//111
f 111//111 236//236 238//238
f 172//172 171//171 173//173
f 173//173 171//171 113//113
f 238//238 174//174 112//112
f 115//115 175//175 113//113
f 113//113 175//175 173//173
f 117//117 174//174 176//176
f 118//118 175//175 115//115
f 176//176 178//178 117//117
f 177//177 175//175 118//118
f 179//179 177//177 118//118
f 179//179 118//118 119//119
f 121//121 179//179 119//119
f 180//180 181//181 241//241
f 183//183 179//179 182//182
f 121//121 182//182 179//179
f 181//181 180//180 308//308
f 181//181 308//308 122//122
f 183//183 182//182 121//121
f 184//184 183//183 121//121
f 244//244 122//122 308//308
f 124//124 184//184 121//121
f 244//244 125//125 122//122
f 123//123 126//126 124//124
f 245//245 126//126 130//130
f 246//246 129//129 247//247
f 129//129 185//185 247//247
f 129//129 125//125 185//185
f 128//128 130//130 126//126
f 379//379 129//129 246//246
f 379//379 186//186 129//129
f 187//187 186//186 379//379
f 131//131 132//132 188//188
f 132//132 134//134 188//188
f 187//187 133//133 186//186
f 188//188 134//134 191//191
f 191//191 134//134 135//135
f 136//136 191//191 135//135
f 133//133 251//251 190//190
f 189//189 251//251 133//133
f 97//97 191//191 136//136
f 192//192 98//98 94//94
f 192//192 94//94 190//190
f 251//251 192//192 190//190
f 253//253 191//191 97//97
f 256//256 253//253 97//97
f 256//256 97//97 137//137
f 139//139 194//194 138//138
f 140//140 195//195 139//139
f 139//139 195//195 194//194
f 140//140 193//193 254//254
f 193//193 98//98 192//192
f 256//256 137//137 320//320
f 320//320 137//137 141//141
f 320//320 141//141 194//194
f 198//198 196//196 202//202
f 202//202 196//196 197//197
f 201//201 197//197 199//199
f 200//200 198//198 202//202
f 207//207 202//202 197//197
f 207//207 197//197 201//201
f 207//207 201//201 203//203
f 206//206 200//200 204//204
f 204//204 202//202 142//142
f 204//204 200//200 202//202
f 142//142 202//202 143//143
f 143//143 202//202 207//207
f 143//143 207//207 205//205
f 207//207 203//203 277//277
f 206//206 204//204 142//142
f 205//205 209//209 143//143
f 205//205 207//207 209//209
f 144//144 208//208 142//142
f 142//142 208//208 206//206
f 209//209 210//210 143//143
f 207//207 280//280 209//209
f 146//146 211//211 144//144
f 144//144 211//211 208//208
f 209//209 280//280 210//210
f 285//285 145//145 210//210
f 285//285 210//210 212//212
f 210//210 281//281 212//212
f 217//217 213//213 211//211
f 217//217 211//211 146//146
f 285//285 147//147 145//145
f 215//215 217//217 146//146
f 214//214 215//215 146//146
f 147//147 220//220 148//148
f 220//220 147//147 285//285
f 212//212 281//281 285//285
f 218//218 217//217 215//215
f 215//215 214//214 148//148
f 220//220 285//285 216//216
f 218//218 215//215 150//150
f 150//150 215//215 149//149
f 149//149 215//215 148//148
f 148//148 219//219 149//149
f 148//148 220//220 219//219
f 221//221 218//218 150//150
f 221//221 217//217 218//218
f 219//219 151//151 149//149
f 220//220 216//216 219//219
f 222//222 221//221 223//223
f 152//152 223//223 150//150
f 150//150 223//223 221//221
f 224//224 153//153 219//219
f 219//219 153//153 151//151
f 225//225 223//223 152//152
f 225//225 222//222 223//223
f 226//226 222//222 225//225
f 227//227 222//222 226//226
f 158//158 226//226 152//152
f 152//152 226//226 225//225
f 228//228 157//157 224//224
f 224//224 157//157 153//153
f 227//227 226//226 158//158
f 224//224 229//229 228//228
f 228//228 161//161 157//157
f 163//163 227//227 158//158
f 229//229 162//162 228//228
f 228//228 162//162 161//161
f 295//295 227//227 230//230
f 230//230 227//227 163//163
f 170//170 230//230 163//163
f 229//229 165//165 162//162
f 165//165 229//229 166//166
f 231//231 294//294 229//229
f 167//167 232//232 170//170
f 170//170 232//232 230//230
f 169//169 107//107 229//229
f 229//229 107//107 166//166
f 229//229 294//294 169//169
f 167//167 233//233 232//232
f 233//233 167//167 235//235
f 170//170 235//235 167//167
f 234//234 107//107 367//367
f 367//367 107//107 169//169
f 171//171 235//235 170//170
f 234//234 236//236 107//107
f 172//172 235//235 171//171
f 237//237 235//235 172//172
f 236//236 299//299 238//238
f 173//173 237//237 172//172
f 239//239 174//174 238//238
f 173//173 175//175 240//240
f 239//239 176//176 174//174
f 177//177 240//240 175//175
f 178//178 176//176 239//239
f 303//303 241//241 178//178
f 304//304 177//177 179//179
f 242//242 304//304 179//179
f 183//183 242//242 179//179
f 184//184 243//243 183//183
f 124//124 243//243 184//184
f 311//311 243//243 126//126
f 245//245 311//311 126//126
f 126//126 243//243 124//124
f 244//244 310//310 246//246
f 247//247 185//185 244//244
f 244//244 185//185 125//125
f 244//244 246//246 247//247
f 463//463 379//379 246//246
f 188//188 248//248 131//131
f 249//249 133//133 187//187
f 133//133 249//249 189//189
f 250//250 188//188 191//191
f 250//250 191//191 315//315
f 249//249 251//251 189//189
f 252//252 315//315 191//191
f 191//191 253//253 252//252
f 193//193 192//192 251//251
f 193//193 251//251 254//254
f 255//255 253//253 256//256
f 320//320 194//194 195//195
f 321//321 320//320 195//195
f 195//195 140//140 254//254
f 195//195 254//254 321//321
f 257//257 258//258 260//260
f 261//261 257//257 260//260
f 267//267 257//257 261//261
f 257//257 263//263 259//259
f 262//262 263//263 257//257
f 262//262 257//257 267//267
f 197//197 262//262 267//267
f 263//263 262//262 197//197
f 268//268 267//267 261//261
f 268//268 261//261 264//264
f 266//266 263//263 197//197
f 265//265 263//263 269//269
f 263//263 266//266 198//198
f 198//198 266//266 196//196
f 196//196 266//266 197//197
f 197//197 267//267 268//268
f 197//197 268//268 199//199
f 199//199 268//268 270//270
f 271//271 263//263 198//198
f 271//271 269//269 263//263
f 199//199 270//270 272//272
f 272//272 270//270 273//273
f 274//274 271//271 200//200
f 274//274 269//269 271//271
f 200//200 271//271 198//198
f 272//272 201//201 199//199
f 206//206 274//274 200//200
f 272//272 203//203 201//201
f 206//206 275//275 274//274
f 272//272 277//277 203//203
f 208//208 275//275 206//206
f 276//276 275//275 278//278
f 211//211 278//278 208//208
f 208//208 278//278 275//275
f 277//277 280//280 207//207
f 280//280 277//277 279//279
f 282//282 210//210 280//280
f 213//213 278//278 211//211
f 282//282 281//281 210//210
f 280//280 279//279 354//354
f 280//280 354//354 282//282
f 213//213 283//283 278//278
f 281//281 282//282 356//356
f 217//217 283//283 213//213
f 356//356 285//285 281//281
f 217//217 284//284 283//283
f 286//286 216//216 285//285
f 221//221 284//284 217//217
f 221//221 287//287 284//284
f 358//358 219//219 216//216
f 216//216 286//286 358//358
f 222//222 287//287 221//221
f 224//224 219//219 358//358
f 358//358 361//361 224//224
f 222//222 288//288 287//287
f 224//224 361//361 289//289
f 227//227 290//290 222//222
f 222//222 290//290 288//288
f 227//227 292//292 290//290
f 291//291 229//229 289//289
f 289//289 229//229 224//224
f 295//295 292//292 227//227
f 293//293 229//229 291//291
f 293//293 231//231 229//229
f 294//294 231//231 293//293
f 230//230 232//232 295//295
f 169//169 294//294 367//367
f 298//298 232//232 233//233
f 298//298 235//235 297//297
f 298//298 233//233 235//235
f 296//296 234//234 367//367
f 298//298 297//297 300//300
f 298//298 300//300 370//370
f 235//235 300//300 297//297
f 299//299 236//236 296//296
f 296//296 236//236 234//234
f 237//237 300//300 235//235
f 173//173 300//300 237//237
f 371//371 239//239 299//299
f 299//299 239//239 238//238
f 301//301 300//300 173//173
f 302//302 301//301 173//173
f 240//240 302//302 173//173
f 303//303 178//178 239//239
f 239//239 371//371 303//303
f 177//177 302//302 240//240
f 304//304 302//302 177//177
f 534//534 241//241 303//303
f 305//305 180//180 534//534
f 534//534 180//180 241//241
f 304//304 183//183 306//306
f 304//304 242//242 183//183
f 305//305 374//374 180//180
f 243//243 306//306 183//183
f 307//307 180//180 374//374
f 376//376 306//306 243//243
f 309//309 376//376 243//243
f 307//307 308//308 180//180
f 311//311 309//309 243//243
f 310//310 244//244 308//308
f 307//307 310//310 308//308
f 461//461 246//246 310//310
f 463//463 246//246 461//461
f 378//378 130//130 131//131
f 380//380 378//378 131//131
f 131//131 248//248 380//380
f 188//188 380//380 248//248
f 383//383 380//380 188//188
f 187//187 313//313 249//249
f 383//383 188//188 312//312
f 188//188 250//250 315//315
f 312//312 188//188 315//315
f 249//249 314//314 251//251
f 249//249 313//313 314//314
f 253//253 315//315 252//252
f 316//316 254//254 251//251
f 251//251 314//314 316//316
f 317//317 315//315 253//253
f 255//255 317//317 253//253
f 254//254 318//318 321//321
f 387//387 255//255 256//256
f 387//387 388//388 255//255
f 387//387 256//256 320//320
f 319//319 387//387 320//320
f 322//322 412//412 323//323
f 327//327 322//322 323//323
f 324//324 322//322 327//327
f 328//328 327//327 323//323
f 325//325 324//324 327//327
f 326//326 325//325 332//332
f 336//336 325//325 329//329
f 332//332 325//325 336//336
f 329//329 325//325 327//327
f 331//331 327//327 328//328
f 329//329 327//327 331//331
f 330//330 423//423 331//331
f 333//333 336//336 329//329
f 333//333 329//329 331//331
f 339//339 338//338 332//332
f 342//342 332//332 336//336
f 339//339 332//332 342//342
f 331//331 423//423 334//334
f 331//331 334//334 333//333
f 336//336 333//333 334//334
f 337//337 335//335 338//338
f 340//340 335//335 337//337
f 429//429 336//336 334//334
f 342//342 336//336 429//429
f 337//337 338//338 257//257
f 257//257 338//338 339//339
f 257//257 339//339 258//258
f 259//259 340//340 337//337
f 344//344 340//340 259//259
f 257//257 259//259 337//337
f 339//339 260//260 258//258
f 260//260 339//339 261//261
f 339//339 341//341 261//261
f 339//339 342//342 341//341
f 342//342 429//429 346//346
f 344//344 259//259 263//263
f 341//341 345//345 261//261
f 341//341 342//342 345//345
f 345//345 342//342 346//346
f 343//343 344//344 347//347
f 265//265 347//347 263//263
f 263//263 347//347 344//344
f 261//261 345//345 264//264
f 345//345 268//268 264//264
f 435//435 345//345 348//348
f 269//269 349//349 265//265
f 265//265 349//349 347//347
f 345//345 270//270 268//268
f 345//345 435//435 270//270
f 435//435 436//436 270//270
f 434//434 347//347 350//350
f 350//350 349//349 269//269
f 350//350 347//347 349//349
f 436//436 273//273 270//270
f 274//274 351//351 269//269
f 269//269 351//351 350//350
f 440//440 272//272 273//273
f 273//273 438//438 440//440
f 275//275 352//352 274//274
f 439//439 352//352 276//276
f 276//276 352//352 275//275
f 440//440 277//277 272//272
f 278//278 439//439 276//276
f 442//442 279//279 277//277
f 283//283 353//353 278//278
f 278//278 353//353 443//443
f 279//279 442//442 520//520
f 279//279 520//520 354//354
f 444//444 282//282 354//354
f 444//444 354//354 520//520
f 284//284 355//355 283//283
f 444//444 356//356 282//282
f 287//287 357//357 284//284
f 356//356 286//286 285//285
f 356//356 447//447 286//286
f 286//286 447//447 358//358
f 287//287 359//359 360//360
f 288//288 359//359 287//287
f 360//360 359//359 288//288
f 291//291 289//289 361//361
f 358//358 291//291 361//361
f 360//360 288//288 290//290
f 360//360 290//290 362//362
f 362//362 290//290 364//364
f 365//365 293//293 363//363
f 363//363 293//293 291//291
f 364//364 290//290 292//292
f 369//369 364//364 292//292
f 365//365 294//294 293//293
f 295//295 369//369 292//292
f 366//366 294//294 365//365
f 369//369 295//295 232//232
f 366//366 367//367 294//294
f 298//298 368//368 232//232
f 232//232 368//368 369//369
f 366//366 296//296 367//367
f 369//369 368//368 370//370
f 370//370 368//368 298//298
f 453//453 296//296 528//528
f 453//453 299//299 296//296
f 300//300 454//454 370//370
f 301//301 454//454 300//300
f 455//455 371//371 299//299
f 533//533 303//303 371//371
f 533//533 534//534 303//303
f 372//372 302//302 304//304
f 372//372 373//373 459//459
f 304//304 373//373 372//372
f 374//374 305//305 534//534
f 459//459 373//373 306//306
f 375//375 459//459 306//306
f 306//306 373//373 304//304
f 376//376 375//375 306//306
f 461//461 310//310 307//307
f 311//311 376//376 309//309
f 311//311 377//377 376//376
f 245//245 377//377 311//311
f 378//378 245//245 130//130
f 465//465 379//379 463//463
f 381//381 378//378 380//380
f 464//464 378//378 381//381
f 613//613 187//187 379//379
f 382//382 187//187 613//613
f 383//383 466//466 380//380
f 382//382 313//313 187//187
f 312//312 385//385 383//383
f 312//312 315//315 385//385
f 385//385 315//315 470//470
f 316//316 314//314 384//384
f 386//386 470//470 315//315
f 386//386 315//315 317//317
f 386//386 317//317 255//255
f 318//318 254//254 316//316
f 472//472 386//386 255//255
f 387//387 319//319 389//389
f 389//389 319//319 320//320
f 473//473 320//320 321//321
f 473//473 389//389 320//320
f 321//321 318//318 473//473
f 390//390 388//388 387//387
f 390//390 387//387 389//389
f 393//393 391//391 392//392
f 392//392 394//394 393//393
f 398//398 396//396 393//393
f 398//398 393//393 394//394
f 397//397 395//395 396//396
f 397//397 396//396 398//398
f 493//493 399//399 398//398
f 402//402 397//397 398//398
f 402//402 398//398 401//401
f 398//398 399//399 401//401
f 405//405 397//397 406//406
f 406//406 397//397 402//402
f 400//400 397//397 403//403
f 403//403 397//397 405//405
f 409//409 406//406 402//402
f 402//402 401//401 404//404
f 411//411 403//403 405//405
f 411//411 405//405 408//408
f 409//409 402//402 404//404
f 412//412 405//405 406//406
f 408//408 405//405 412//412
f 412//412 406//406 409//409
f 404//404 407//407 416//416
f 410//410 403//403 411//411
f 411//411 408//408 322//322
f 322//322 408//408 412//412
f 416//416 409//409 404//404
f 412//412 409//409 416//416
f 410//410 411//411 322//322
f 323//323 412//412 416//416
f 415//415 410//410 413//413
f 324//324 413//413 322//322
f 322//322 413//413 410//410
f 325//325 413//413 324//324
f 323//323 416//416 328//328
f 414//414 417//417 416//416
f 418//418 415//415 413//413
f 326//326 418//418 325//325
f 325//325 418//418 413//413
f 330//330 328//328 416//416
f 330//330 416//416 417//417
f 419//419 415//415 418//418
f 417//417 504//504 330//330
f 332//332 419//419 326//326
f 326//326 419//419 418//418
f 330//330 331//331 328//328
f 330//330 504//504 506//506
f 332//332 420//420 419//419
f 338//338 421//421 332//332
f 332//332 421//421 420//420
f 424//424 423//423 506//506
f 506//506 423//423 330//330
f 335//335 422//422 338//338
f 338//338 422//422 421//421
f 425//425 423//423 424//424
f 423//423 425//425 334//334
f 340//340 427//427 335//335
f 335//335 427//427 426//426
f 428//428 429//429 425//425
f 425//425 429//429 334//334
f 344//344 432//432 340//340
f 340//340 432//432 427//427
f 346//346 429//429 431//431
f 430//430 427//427 432//432
f 343//343 432//432 344//344
f 346//346 431//431 433//433
f 433//433 345//345 346//346
f 347//347 434//434 343//343
f 433//433 348//348 345//345
f 433//433 435//435 348//348
f 435//435 585//585 436//436
f 513//513 434//434 350//350
f 585//585 437//437 436//436
f 513//513 350//350 351//351
f 438//438 273//273 437//437
f 437//437 273//273 436//436
f 274//274 439//439 351//351
f 352//352 439//439 274//274
f 515//515 440//440 438//438
f 516//516 277//277 440//440
f 278//278 441//441 439//439
f 516//516 442//442 277//277
f 443//443 518//518 278//278
f 278//278 518//518 441//441
f 355//355 445//445 283//283
f 283//283 445//445 353//353
f 284//284 445//445 355//355
f 591//591 356//356 444//444
f 357//357 446//446 284//284
f 284//284 446//446 445//445
f 591//591 447//447 356//356
f 593//593 358//358 447//447
f 360//360 448//448 287//287
f 287//287 448//448 357//357
f 449//449 291//291 358//358
f 362//362 595//595 360//360
f 449//449 363//363 291//291
f 450//450 365//365 363//363
f 523//523 364//364 524//524
f 525//525 365//365 450//450
f 524//524 364//364 369//369
f 451//451 524//524 369//369
f 525//525 366//366 365//365
f 525//525 296//296 366//366
f 370//370 451//451 369//369
f 455//455 299//299 453//453
f 301//301 456//456 454//454
f 607//607 371//371 455//455
f 456//456 301//301 302//302
f 372//372 457//457 302//302
f 302//302 457//457 456//456
f 608//608 457//457 372//372
f 458//458 608//608 372//372
f 459//459 458//458 372//372
f 535//535 374//374 534//534
f 681//681 374//374 535//535
f 376//376 459//459 375//375
f 376//376 460//460 459//459
f 681//681 307//307 374//374
f 537//537 461//461 307//307
f 245//245 462//462 377//377
f 537//537 463//463 461//461
f 378//378 462//462 245//245
f 612//612 379//379 465//465
f 612//612 613//613 379//379
f 381//381 380//380 466//466
f 313//313 382//382 613//613
f 383//383 468//468 466//466
f 314//314 313//313 467//467
f 314//314 467//467 384//384
f 383//383 385//385 468//468
f 316//316 384//384 469//469
f 316//316 469//469 471//471
f 542//542 470//470 386//386
f 472//472 542//542 386//386
f 318//318 316//316 471//471
f 318//318 471//471 473//473
f 474//474 542//542 472//472
f 474//474 472//472 255//255
f 474//474 255//255 388//388
f 621//621 474//474 388//388
f 545//545 621//621 389//389
f 619//619 545//545 389//389
f 390//390 621//621 388//388
f 621//621 390//390 389//389
f 478//478 475//475 479//479
f 479//479 475//475 476//476
f 476//476 477//477 549//549
f 483//483 476//476 549//549
f 484//484 478//478 482//482
f 480//480 478//478 479//479
f 482//482 478//478 480//480
f 480//480 476//476 391//391
f 480//480 479//479 476//476
f 476//476 483//483 391//391
f 482//482 480//480 391//391
f 485//485 391//391 483//483
f 487//487 483//483 481//481
f 393//393 484//484 391//391
f 391//391 484//484 482//482
f 485//485 392//392 391//391
f 487//487 485//485 483//483
f 396//396 486//486 393//393
f 393//393 486//486 484//484
f 485//485 487//487 392//392
f 396//396 488//488 486//486
f 554//554 392//392 487//487
f 396//396 489//489 488//488
f 491//491 394//394 392//392
f 491//491 392//392 554//554
f 395//395 490//490 396//396
f 396//396 490//490 489//489
f 491//491 398//398 394//394
f 397//397 490//490 395//395
f 491//491 493//493 398//398
f 562//562 491//491 557//557
f 397//397 492//492 490//490
f 491//491 562//562 493//493
f 400//400 495//495 397//397
f 397//397 495//495 492//492
f 401//401 399//399 493//493
f 493//493 562//562 401//401
f 492//492 495//495 400//400
f 403//403 494//494 400//400
f 400//400 494//494 492//492
f 403//403 496//496 494//494
f 407//407 404//404 401//401
f 407//407 497//497 499//499
f 410//410 498//498 403//403
f 403//403 498//498 496//496
f 499//499 416//416 407//407
f 501//501 416//416 499//499
f 415//415 500//500 410//410
f 410//410 500//500 498//498
f 501//501 414//414 416//416
f 414//414 501//501 417//417
f 501//501 502//502 417//417
f 501//501 643//643 502//502
f 572//572 417//417 502//502
f 419//419 503//503 415//415
f 415//415 503//503 568//568
f 572//572 504//504 417//417
f 504//504 572//572 573//573
f 504//504 573//573 505//505
f 420//420 421//421 419//419
f 505//505 506//506 504//504
f 506//506 505//505 424//424
f 576//576 424//424 505//505
f 424//424 576//576 648//648
f 424//424 648//648 425//425
f 426//426 577//577 335//335
f 335//335 577//577 422//422
f 425//425 648//648 507//507
f 507//507 428//428 425//425
f 431//431 429//429 507//507
f 507//507 429//429 428//428
f 579//579 431//431 507//507
f 432//432 511//511 430//430
f 509//509 433//433 508//508
f 433//433 579//579 508//508
f 433//433 431//431 579//579
f 511//511 343//343 510//510
f 511//511 432//432 343//343
f 512//512 433//433 509//509
f 511//511 510//510 513//513
f 434//434 513//513 343//343
f 343//343 513//513 510//510
f 435//435 433//433 512//512
f 509//509 435//435 512//512
f 584//584 435//435 509//509
f 585//585 435//435 584//584
f 586//586 514//514 513//513
f 351//351 586//586 513//513
f 585//585 438//438 437//437
f 515//515 438//438 585//585
f 439//439 586//586 351//351
f 516//516 440//440 515//515
f 441//441 518//518 439//439
f 439//439 518//518 588//588
f 517//517 442//442 516//516
f 518//518 443//443 519//519
f 353//353 519//519 443//443
f 353//353 590//590 519//519
f 750//750 520//520 442//442
f 445//445 590//590 353//353
f 521//521 444//444 520//520
f 521//521 520//520 750//750
f 521//521 591//591 444//444
f 360//360 357//357 448//448
f 360//360 522//522 357//357
f 595//595 522//522 360//360
f 449//449 358//358 593//593
f 595//595 362//362 523//523
f 668//668 363//363 449//449
f 364//364 523//523 362//362
f 668//668 450//450 363//363
f 602//602 525//525 450//450
f 526//526 296//296 525//525
f 370//370 527//527 451//451
f 526//526 528//528 296//296
f 452//452 527//527 370//370
f 528//528 526//526 604//604
f 370//370 529//529 452//452
f 528//528 455//455 453//453
f 454//454 529//529 370//370
f 454//454 530//530 529//529
f 606//606 454//454 531//531
f 454//454 456//456 531//531
f 606//606 531//531 456//456
f 532//532 606//606 456//456
f 676//676 371//371 607//607
f 457//457 532//532 456//456
f 676//676 533//533 371//371
f 608//608 532//532 457//457
f 460//460 536//536 459//459
f 537//537 307//307 681//681
f 376//376 536//536 460//460
f 377//377 536//536 376//376
f 610//610 463//463 537//537
f 378//378 611//611 462//462
f 610//610 465//465 463//463
f 611//611 378//378 464//464
f 611//611 464//464 538//538
f 381//381 538//538 464//464
f 466//466 538//538 381//381
f 467//467 313//313 613//613
f 466//466 468//468 539//539
f 540//540 615//615 384//384
f 540//540 384//384 467//467
f 469//469 384//384 615//615
f 542//542 385//385 470//470
f 471//471 469//469 615//615
f 473//473 471//471 543//543
f 544//544 542//542 474//474
f 620//620 474//474 621//621
f 389//389 473//473 543//543
f 389//389 543//543 619//619
f 548//548 626//626 547//547
f 478//478 546//546 475//475
f 475//475 546//546 476//476
f 476//476 546//546 547//547
f 476//476 547//547 477//477
f 547//547 549//549 477//477
f 547//547 626//626 549//549
f 478//478 550//550 546//546
f 549//549 551//551 483//483
f 484//484 552//552 478//478
f 478//478 552//552 550//550
f 483//483 551//551 481//481
f 484//484 553//553 552//552
f 629//629 487//487 551//551
f 551//551 487//487 481//481
f 486//486 553//553 484//484
f 631//631 487//487 629//629
f 631//631 554//554 487//487
f 488//488 555//555 486//486
f 554//554 631//631 557//557
f 489//489 556//556 488//488
f 488//488 556//556 555//555
f 490//490 556//556 489//489
f 557//557 491//491 554//554
f 490//490 559//559 556//556
f 557//557 560//560 562//562
f 557//557 558//558 560//560
f 492//492 561//561 490//490
f 490//490 561//561 559//559
f 494//494 561//561 492//492
f 562//562 560//560 636//636
f 497//497 401//401 636//636
f 636//636 401//401 562//562
f 496//496 563//563 494//494
f 497//497 407//407 401//401
f 564//564 497//497 636//636
f 498//498 565//565 496//496
f 566//566 499//499 564//564
f 564//564 499//499 497//497
f 643//643 499//499 566//566
f 498//498 500//500 565//565
f 501//501 499//499 643//643
f 415//415 568//568 500//500
f 502//502 643//643 567//567
f 503//503 569//569 568//568
f 570//570 572//572 567//567
f 567//567 572//572 502//502
f 419//419 569//569 503//503
f 419//419 571//571 569//569
f 572//572 570//570 574//574
f 572//572 574//574 573//573
f 421//421 575//575 419//419
f 419//419 575//575 571//571
f 422//422 575//575 421//421
f 574//574 505//505 573//573
f 574//574 576//576 505//505
f 575//575 577//577 649//649
f 422//422 577//577 575//575
f 427//427 649//649 426//426
f 426//426 649//649 577//577
f 430//430 578//578 427//427
f 427//427 578//578 649//649
f 579//579 507//507 648//648
f 511//511 580//580 430//430
f 430//430 580//580 578//578
f 509//509 508//508 579//579
f 582//582 581//581 511//511
f 513//513 582//582 511//511
f 584//584 509//509 583//583
f 585//585 584//584 583//583
f 514//514 582//582 513//513
f 515//515 585//585 587//587
f 586//586 588//588 589//589
f 439//439 588//588 586//586
f 656//656 589//589 588//588
f 747//747 516//516 515//515
f 518//518 656//656 588//588
f 518//518 658//658 656//656
f 657//657 517//517 516//516
f 658//658 518//518 590//590
f 519//519 590//590 518//518
f 657//657 442//442 517//517
f 659//659 442//442 657//657
f 659//659 750//750 442//442
f 445//445 662//662 590//590
f 662//662 445//445 661//661
f 750//750 591//591 521//521
f 446//446 661//661 445//445
f 446//446 357//357 661//661
f 664//664 447//447 591//591
f 664//664 591//591 663//663
f 664//664 593//593 447//447
f 522//522 594//594 357//357
f 595//595 594//594 522//522
f 666//666 449//449 593//593
f 597//597 595//595 596//596
f 597//597 596//596 523//523
f 598//598 597//597 523//523
f 523//523 596//596 595//595
f 524//524 598//598 523//523
f 599//599 450//450 668//668
f 524//524 601//601 600//600
f 599//599 602//602 450//450
f 599//599 603//603 602//602
f 603//603 525//525 602//602
f 451//451 527//527 524//524
f 603//603 526//526 525//525
f 604//604 526//526 603//603
f 528//528 604//604 760//760
f 529//529 673//673 452//452
f 760//760 455//455 528//528
f 454//454 674//674 530//530
f 606//606 674//674 454//454
f 532//532 608//608 678//678
f 676//676 534//534 533//533
f 679//679 534//534 676//676
f 458//458 459//459 608//608
f 679//679 535//535 534//534
f 536//536 609//609 459//459
f 684//684 537//537 681//681
f 377//377 683//683 536//536
f 686//686 610//610 537//537
f 612//612 465//465 610//610
f 538//538 776//776 611//611
f 466//466 691//691 538//538
f 467//467 613//613 614//614
f 466//466 539//539 691//691
f 614//614 781//781 540//540
f 614//614 540//540 467//467
f 781//781 615//615 540//540
f 539//539 385//385 616//616
f 468//468 385//385 539//539
f 542//542 616//616 385//385
f 541//541 616//616 542//542
f 697//697 700//700 471//471
f 471//471 615//615 695//695
f 471//471 695//695 697//697
f 617//617 699//699 616//616
f 541//541 617//617 616//616
f 542//542 617//617 541//541
f 618//618 542//542 544//544
f 618//618 617//617 542//542
f 543//543 471//471 700//700
f 544//544 474//474 618//618
f 704//704 474//474 620//620
f 703//703 620//620 621//621
f 545//545 619//619 621//621
f 622//622 546//546 706//706
f 546//546 705//705 706//706
f 546//546 622//622 547//547
f 547//547 622//622 623//623
f 625//625 547//547 623//623
f 625//625 548//548 547//547
f 548//548 625//625 626//626
f 627//627 705//705 624//624
f 546//546 627//627 624//624
f 546//546 624//624 705//705
f 626//626 628//628 549//549
f 712//712 628//628 626//626
f 550//550 711//711 627//627
f 550//550 627//627 546//546
f 628//628 551//551 549//549
f 712//712 551//551 628//628
f 713//713 551//551 712//712
f 550//550 552//552 711//711
f 551//551 713//713 714//714
f 714//714 629//629 551//551
f 629//629 802//802 631//631
f 486//486 630//630 553//553
f 555//555 630//630 486//486
f 632//632 557//557 631//631
f 631//631 802//802 632//632
f 633//633 630//630 556//556
f 555//555 556//556 630//630
f 558//558 557//557 632//632
f 633//633 556//556 634//634
f 635//635 558//558 632//632
f 559//559 634//634 556//556
f 560//560 558//558 635//635
f 561//561 634//634 559//559
f 636//636 718//718 720//720
f 494//494 637//637 561//561
f 561//561 637//637 634//634
f 636//636 720//720 638//638
f 563//563 639//639 494//494
f 494//494 639//639 637//637
f 638//638 564//564 636//636
f 496//496 639//639 563//563
f 565//565 640//640 496//496
f 496//496 640//640 639//639
f 500//500 640//640 565//565
f 641//641 643//643 566//566
f 641//641 725//725 643//643
f 500//500 642//642 640//640
f 568//568 642//642 500//500
f 730//730 567//567 643//643
f 725//725 730//730 643//643
f 568//568 644//644 642//642
f 569//569 644//644 568//568
f 730//730 570//570 567//567
f 569//569 571//571 644//644
f 575//575 644//644 571//571
f 575//575 732//732 644//644
f 735//735 574//574 570//570
f 575//575 645//645 732//732
f 646//646 574//574 735//735
f 575//575 647//647 645//645
f 646//646 576//576 574//574
f 649//649 647//647 575//575
f 646//646 735//735 739//739
f 646//646 739//739 576//576
f 576//576 739//739 648//648
f 739//739 579//579 648//648
f 580//580 649//649 578//578
f 580//580 650//650 649//649
f 509//509 579//579 739//739
f 511//511 650//650 580//580
f 511//511 651//651 650//650
f 581//581 651//651 511//511
f 509//509 740//740 652//652
f 652//652 583//583 509//509
f 585//585 583//583 652//652
f 834//834 585//585 652//652
f 653//653 582//582 514//514
f 834//834 836//836 585//585
f 653//653 514//514 654//654
f 585//585 836//836 587//587
f 654//654 514//514 586//586
f 655//655 654//654 586//586
f 589//589 655//655 586//586
f 743//743 515//515 587//587
f 839//839 515//515 743//743
f 839//839 747//747 515//515
f 747//747 657//657 516//516
f 662//662 658//658 590//590
f 662//662 660//660 658//658
f 663//663 591//591 750//750
f 661//661 752//752 662//662
f 661//661 357//357 752//752
f 592//592 752//752 357//357
f 357//357 665//665 592//592
f 663//663 666//666 664//664
f 666//666 593//593 664//664
f 594//594 665//665 357//357
f 595//595 667//667 594//594
f 852//852 449//449 666//666
f 595//595 597//597 667//667
f 852//852 668//668 449//449
f 524//524 669//669 598//598
f 757//757 599//599 668//668
f 600//600 669//669 524//524
f 670//670 603//603 599//599
f 524//524 671//671 601//601
f 527//527 671//671 524//524
f 604//604 603//603 760//760
f 452//452 671//671 527//527
f 672//672 455//455 760//760
f 530//530 673//673 529//529
f 672//672 607//607 455//455
f 605//605 607//607 672//672
f 674//674 673//673 530//530
f 675//675 607//607 605//605
f 532//532 674//674 606//606
f 532//532 677//677 674//674
f 675//675 676//676 607//607
f 678//678 677//677 532//532
f 459//459 609//609 678//678
f 459//459 678//678 608//608
f 681//681 535//535 679//679
f 680//680 609//609 682//682
f 536//536 683//683 682//682
f 536//536 682//682 609//609
f 537//537 684//684 686//686
f 377//377 687//687 683//683
f 683//683 687//687 685//685
f 462//462 687//687 377//377
f 462//462 688//688 687//687
f 611//611 688//688 462//462
f 611//611 689//689 688//688
f 690//690 612//612 610//610
f 690//690 610//610 772//772
f 773//773 612//612 690//690
f 774//774 612//612 773//773
f 538//538 691//691 776//776
f 692//692 613//613 612//612
f 692//692 612//612 774//774
f 692//692 781//781 614//614
f 692//692 614//614 613//613
f 539//539 693//693 691//691
f 615//615 781//781 695//695
f 616//616 694//694 539//539
f 616//616 696//696 694//694
f 781//781 697//697 695//695
f 698//698 696//696 616//616
f 699//699 698//698 616//616
f 701//701 617//617 618//618
f 619//619 543//543 703//703
f 703//703 543//543 700//700
f 474//474 701//701 618//618
f 474//474 704//704 701//701
f 704//704 703//703 702//702
f 620//620 703//703 704//704
f 703//703 621//621 619//619
f 706//706 707//707 622//622
f 622//622 707//707 623//623
f 708//708 623//623 707//707
f 791//791 705//705 709//709
f 708//708 625//625 623//623
f 708//708 710//710 626//626
f 625//625 708//708 626//626
f 627//627 711//711 709//709
f 627//627 709//709 705//705
f 712//712 626//626 710//710
f 552//552 801//801 711//711
f 799//799 714//714 713//713
f 553//553 803//803 552//552
f 802//802 629//629 714//714
f 630//630 803//803 553//553
f 633//633 803//803 630//630
f 715//715 632//632 802//802
f 632//632 715//715 717//717
f 634//634 807//807 633//633
f 634//634 716//716 807//807
f 717//717 635//635 632//632
f 719//719 716//716 634//634
f 717//717 560//560 635//635
f 717//717 636//636 560//560
f 718//718 636//636 717//717
f 637//637 719//719 634//634
f 722//722 638//638 720//720
f 639//639 721//721 637//637
f 564//564 638//638 722//722
f 640//640 721//721 639//639
f 722//722 566//566 564//564
f 640//640 723//723 721//721
f 640//640 726//726 723//723
f 722//722 641//641 566//566
f 725//725 641//641 722//722
f 724//724 725//725 722//722
f 642//642 726//726 640//640
f 642//642 728//728 726//726
f 727//727 730//730 725//725
f 644//644 728//728 642//642
f 644//644 729//729 728//728
f 732//732 729//729 644//644
f 733//733 570//570 730//730
f 730//730 731//731 734//734
f 730//730 734//734 733//733
f 733//733 735//735 570//570
f 733//733 734//734 735//735
f 736//736 732//732 647//647
f 823//823 735//735 734//734
f 645//645 647//647 732//732
f 737//737 735//735 823//823
f 736//736 647//647 738//738
f 737//737 739//739 735//735
f 650//650 828//828 649//649
f 829//829 509//509 739//739
f 830//830 509//509 829//829
f 740//740 509//509 830//830
f 831//831 740//740 830//830
f 582//582 741//741 581//581
f 831//831 652//652 740//740
f 653//653 741//741 582//582
f 831//831 834//834 652//652
f 742//742 835//835 653//653
f 654//654 742//742 653//653
f 836//836 743//743 587//587
f 589//589 744//744 655//655
f 656//656 744//744 589//589
f 656//656 745//745 744//744
f 746//746 747//747 839//839
f 748//748 747//747 746//746
f 747//747 748//748 842//842
f 747//747 842//842 657//657
f 749//749 659//659 657//657
f 749//749 657//657 842//842
f 749//749 750//750 659//659
f 662//662 751//751 660//660
f 959//959 663//663 750//750
f 752//752 751//751 662//662
f 665//665 849//849 592//592
f 663//663 753//753 666//666
f 962//962 666//666 753//753
f 962//962 852//852 666//666
f 754//754 667//667 597//597
f 598//598 756//756 597//597
f 754//754 597//597 755//755
f 755//755 597//597 756//756
f 757//757 668//668 852//852
f 669//669 756//756 598//598
f 600//600 756//756 669//669
f 600//600 758//758 756//756
f 854//854 599//599 757//757
f 601//601 758//758 600//600
f 854//854 670//670 599//599
f 856//856 670//670 854//854
f 856//856 603//603 670//670
f 856//856 760//760 603//603
f 452//452 759//759 671//671
f 673//673 759//759 452//452
f 860//860 672//672 760//760
f 862//862 605//605 672//672
f 674//674 761//761 673//673
f 674//674 863//863 761//761
f 862//862 675//675 605//605
f 762//762 675//675 862//862
f 677//677 763//763 674//674
f 762//762 676//676 675//675
f 679//679 676//676 762//762
f 678//678 763//763 677//677
f 678//678 764//764 763//763
f 609//609 764//764 678//678
f 766//766 765//765 767//767
f 766//766 681//681 679//679
f 766//766 679//679 765//765
f 680//680 764//764 609//609
f 767//767 681//681 766//766
f 768//768 684//684 681//681
f 768//768 681//681 767//767
f 683//683 769//769 682//682
f 874//874 684//684 768//768
f 685//685 769//769 683//683
f 874//874 988//988 686//686
f 988//988 770//770 686//686
f 874//874 686//686 684//684
f 685//685 771//771 769//769
f 770//770 610//610 686//686
f 881//881 610//610 770//770
f 771//771 685//685 687//687
f 881//881 772//772 610//610
f 688//688 689//689 687//687
f 771//771 687//687 689//689
f 773//773 690//690 772//772
f 611//611 775//775 689//689
f 883//883 689//689 775//775
f 886//886 774//774 773//773
f 776//776 775//775 611//611
f 890//890 692//692 774//774
f 691//691 693//693 776//776
f 692//692 778//778 777//777
f 781//781 692//692 777//777
f 539//539 780//780 779//779
f 693//693 539//539 779//779
f 777//777 778//778 781//781
f 781//781 778//778 894//894
f 694//694 780//780 539//539
f 694//694 897//897 780//780
f 894//894 782//782 781//781
f 694//694 696//696 897//897
f 784//784 783//783 782//782
f 783//783 697//697 782//782
f 782//782 697//697 781//781
f 699//699 898//898 696//696
f 698//698 699//699 696//696
f 785//785 898//898 617//617
f 898//898 699//699 617//617
f 784//784 786//786 783//783
f 786//786 700//700 783//783
f 783//783 700//700 697//697
f 617//617 787//787 785//785
f 701//701 787//787 617//617
f 702//702 790//790 789//789
f 790//790 702//702 703//703
f 790//790 703//703 786//786
f 786//786 703//703 700//700
f 704//704 787//787 701//701
f 787//787 704//704 788//788
f 788//788 704//704 789//789
f 789//789 704//704 702//702
f 792//792 705//705 791//791
f 793//793 705//705 792//792
f 705//705 793//793 706//706
f 912//912 794//794 708//708
f 707//707 912//912 708//708
f 791//791 795//795 792//792
f 791//791 709//709 795//795
f 796//796 708//708 794//794
f 710//710 708//708 796//796
f 797//797 915//915 711//711
f 709//709 711//711 795//795
f 795//795 711//711 915//915
f 712//712 796//796 798//798
f 712//712 710//710 796//796
f 801//801 797//797 711//711
f 798//798 713//713 712//712
f 799//799 713//713 798//798
f 801//801 552//552 800//800
f 919//919 714//714 799//799
f 801//801 800//800 803//803
f 552//552 803//803 800//800
f 802//802 714//714 919//919
f 802//802 805//805 804//804
f 804//804 715//715 802//802
f 805//805 715//715 804//804
f 808//808 803//803 807//807
f 633//633 807//807 803//803
f 806//806 715//715 805//805
f 808//808 807//807 809//809
f 806//806 717//717 715//715
f 924//924 809//809 807//807
f 807//807 810//810 924//924
f 807//807 716//716 810//810
f 811//811 717//717 806//806
f 719//719 810//810 716//716
f 719//719 812//812 810//810
f 811//811 718//718 717//717
f 811//811 720//720 718//718
f 926//926 720//720 811//811
f 637//637 812//812 719//719
f 813//813 720//720 926//926
f 722//722 813//813 815//815
f 722//722 720//720 813//813
f 1035//1035 722//722 815//815
f 721//721 814//814 637//637
f 724//724 722//722 1035//1035
f 726//726 816//816 723//723
f 817//817 725//725 724//724
f 728//728 818//818 726//726
f 817//817 727//727 725//725
f 728//728 729//729 818//818
f 820//820 730//730 819//819
f 730//730 727//727 819//819
f 732//732 821//821 729//729
f 820//820 731//731 730//730
f 734//734 731//731 820//820
f 736//736 822//822 732//732
f 823//823 734//734 935//935
f 825//825 737//737 823//823
f 738//738 824//824 736//736
f 738//738 647//647 826//826
f 647//647 649//649 826//826
f 825//825 739//739 737//737
f 827//827 739//739 825//825
f 828//828 826//826 649//649
f 827//827 829//829 739//739
f 651//651 828//828 650//650
f 945//945 830//830 829//829
f 581//581 741//741 651//651
f 945//945 831//831 830//830
f 653//653 832//832 741//741
f 653//653 833//833 832//832
f 946//946 834//834 831//831
f 653//653 835//835 833//833
f 654//654 835//835 742//742
f 654//654 837//837 835//835
f 836//836 838//838 743//743
f 655//655 837//837 654//654
f 951//951 743//743 838//838
f 744//744 745//745 655//655
f 951//951 839//839 743//743
f 841//841 748//748 746//746
f 658//658 840//840 656//656
f 842//842 748//748 841//841
f 842//842 841//841 749//749
f 841//841 844//844 749//749
f 660//660 843//843 658//658
f 844//844 750//750 749//749
f 956//956 750//750 844//844
f 751//751 845//845 660//660
f 956//956 959//959 750//750
f 845//845 751//751 846//846
f 751//751 847//847 846//846
f 752//752 592//592 751//751
f 592//592 847//847 751//751
f 959//959 848//848 663//663
f 663//663 848//848 850//850
f 665//665 851//851 849//849
f 850//850 962//962 753//753
f 850//850 753//753 663//663
f 594//594 851//851 665//665
f 667//667 754//754 594//594
f 1073//1073 852//852 962//962
f 755//755 853//853 754//754
f 965//965 757//757 852//852
f 853//853 755//755 756//756
f 967//967 757//757 965//965
f 758//758 853//853 756//756
f 855//855 853//853 758//758
f 967//967 854//854 757//757
f 601//601 855//855 758//758
f 671//671 858//858 855//855
f 671//671 855//855 601//601
f 759//759 858//858 671//671
f 857//857 760//760 856//856
f 858//858 759//759 859//859
f 857//857 860//860 760//760
f 673//673 861//861 859//859
f 673//673 859//859 759//759
f 761//761 861//861 673//673
f 860//860 862//862 672//672
f 761//761 863//863 861//861
f 864//864 861//861 863//863
f 864//864 863//863 866//866
f 867//867 865//865 979//979
f 867//867 862//862 865//865
f 674//674 866//866 863//863
f 867//867 762//762 862//862
f 763//763 866//866 674//674
f 763//763 871//871 866//866
f 868//868 866//866 871//871
f 867//867 979//979 869//869
f 869//869 979//979 870//870
f 869//869 679//679 762//762
f 869//869 762//762 867//867
f 764//764 871//871 763//763
f 869//869 870//870 765//765
f 870//870 872//872 765//765
f 869//869 765//765 679//679
f 871//871 764//764 873//873
f 872//872 767//767 765//765
f 680//680 873//873 764//764
f 872//872 768//768 767//767
f 874//874 768//768 872//872
f 682//682 873//873 680//680
f 875//875 873//873 682//682
f 769//769 877//877 682//682
f 875//875 682//682 877//877
f 876//876 988//988 874//874
f 878//878 877//877 769//769
f 770//770 988//988 879//879
f 771//771 880//880 769//769
f 878//878 769//769 880//880
f 881//881 879//879 882//882
f 881//881 770//770 879//879
f 992//992 880//880 771//771
f 882//882 772//772 881//881
f 689//689 883//883 771//771
f 992//992 771//771 883//883
f 993//993 773//773 772//772
f 993//993 772//772 882//882
f 884//884 886//886 773//773
f 884//884 773//773 993//993
f 775//775 885//885 883//883
f 994//994 883//883 885//885
f 887//887 885//885 775//775
f 888//888 890//890 774//774
f 888//888 774//774 886//886
f 776//776 889//889 775//775
f 887//887 775//775 889//889
f 693//693 889//889 776//776
f 893//893 889//889 693//693
f 891//891 892//892 890//890
f 892//892 778//778 890//890
f 890//890 778//778 692//692
f 780//780 893//893 779//779
f 893//893 693//693 779//779
f 894//894 892//892 895//895
f 894//894 778//778 892//892
f 897//897 893//893 780//780
f 893//893 897//897 896//896
f 895//895 782//782 894//894
f 897//897 696//696 898//898
f 897//897 899//899 1006//1006
f 897//897 898//898 899//899
f 900//900 784//784 895//895
f 895//895 784//784 782//782
f 785//785 902//902 898//898
f 902//902 899//899 898//898
f 790//790 905//905 904//904
f 790//790 906//906 905//905
f 901//901 906//906 900//900
f 906//906 786//786 900//900
f 900//900 786//786 784//784
f 787//787 902//902 785//785
f 902//902 787//787 1010//1010
f 1010//1010 787//787 788//788
f 1010//1010 788//788 903//903
f 903//903 788//788 789//789
f 903//903 789//789 904//904
f 904//904 789//789 790//790
f 906//906 790//790 786//786
f 909//909 910//910 908//908
f 908//908 793//793 907//907
f 793//793 792//792 907//907
f 793//793 908//908 706//706
f 706//706 908//908 707//707
f 707//707 908//908 910//910
f 912//912 707//707 910//910
f 794//794 912//912 913//913
f 792//792 795//795 911//911
f 911//911 795//795 914//914
f 794//794 913//913 796//796
f 795//795 915//915 914//914
f 913//913 799//799 796//796
f 796//796 799//799 798//798
f 801//801 915//915 797//797
f 801//801 916//916 915//915
f 918//918 1024//1024 801//801
f 916//916 801//801 1024//1024
f 919//919 917//917 920//920
f 919//919 799//799 917//917
f 803//803 918//918 801//801
f 803//803 921//921 918//918
f 920//920 802//802 919//919
f 803//803 922//922 921//921
f 923//923 805//805 802//802
f 808//808 922//922 803//803
f 923//923 806//806 805//805
f 808//808 809//809 922//922
f 1028//1028 806//806 923//923
f 1028//1028 811//811 806//806
f 812//812 924//924 810//810
f 925//925 1030//1030 924//924
f 924//924 812//812 925//925
f 1033//1033 926//926 811//811
f 637//637 925//925 812//812
f 637//637 1034//1034 925//925
f 814//814 1034//1034 637//637
f 926//926 815//815 813//813
f 1035//1035 815//815 926//926
f 927//927 1035//1035 926//926
f 721//721 928//928 814//814
f 929//929 724//724 1035//1035
f 723//723 928//928 721//721
f 1036//1036 724//724 929//929
f 1036//1036 817//817 724//724
f 726//726 930//930 816//816
f 818//818 930//930 726//726
f 932//932 817//817 1039//1039
f 818//818 931//931 930//930
f 932//932 727//727 817//817
f 729//729 931//931 818//818
f 729//729 933//933 931//931
f 932//932 819//819 727//727
f 934//934 820//820 819//819
f 821//821 933//933 729//729
f 935//935 820//820 934//934
f 734//734 820//820 935//935
f 732//732 936//936 821//821
f 822//822 936//936 732//732
f 1049//1049 823//823 935//935
f 736//736 938//938 822//822
f 937//937 825//825 823//823
f 824//824 938//938 736//736
f 1050//1050 825//825 937//937
f 738//738 940//940 939//939
f 824//824 738//738 939//939
f 942//942 825//825 1050//1050
f 826//826 940//940 738//738
f 826//826 941//941 940//940
f 942//942 827//827 825//825
f 828//828 941//941 826//826
f 828//828 943//943 941//941
f 942//942 829//829 827//827
f 1054//1054 829//829 942//942
f 651//651 943//943 828//828
f 651//651 944//944 943//943
f 829//829 1166//1166 945//945
f 829//829 1054//1054 1166//1166
f 741//741 944//944 651//651
f 945//945 946//946 831//831
f 947//947 834//834 946//946
f 948//948 833//833 835//835
f 947//947 836//836 834//834
f 1058//1058 836//836 947//947
f 837//837 948//948 835//835
f 833//833 948//948 949//949
f 1058//1058 838//838 836//836
f 837//837 950//950 948//948
f 655//655 950//950 837//837
f 948//948 950//950 949//949
f 1061//1061 951//951 838//838
f 745//745 950//950 655//655
f 745//745 952//952 950//950
f 953//953 839//839 951//951
f 656//656 952//952 745//745
f 953//953 746//746 839//839
f 840//840 954//954 656//656
f 1177//1177 841//841 746//746
f 658//658 954//954 840//840
f 658//658 955//955 954//954
f 843//843 955//955 658//658
f 956//956 844//844 841//841
f 660//660 957//957 843//843
f 660//660 845//845 957//957
f 960//960 959//959 956//956
f 846//846 957//957 845//845
f 846//846 847//847 957//957
f 847//847 958//958 957//957
f 959//959 960//960 1070//1070
f 848//848 959//959 1070//1070
f 849//849 847//847 592//592
f 1070//1070 850//850 848//848
f 851//851 961//961 849//849
f 1070//1070 962//962 850//850
f 594//594 961//961 851//851
f 594//594 1071//1071 961//961
f 754//754 1071//1071 594//594
f 963//963 1073//1073 962//962
f 965//965 852//852 1073//1073
f 853//853 964//964 754//754
f 853//853 966//966 964//964
f 855//855 966//966 853//853
f 856//856 854//854 967//967
f 858//858 968//968 855//855
f 858//858 970//970 968//968
f 857//857 969//969 972//972
f 857//857 856//856 969//969
f 859//859 971//971 858//858
f 972//972 860//860 857//857
f 973//973 860//860 972//972
f 861//861 864//864 859//859
f 974//974 973//973 975//975
f 974//974 862//862 860//860
f 974//974 860//860 973//973
f 974//974 975//975 865//865
f 975//975 977//977 865//865
f 974//974 865//865 862//862
f 866//866 976//976 864//864
f 866//866 978//978 976//976
f 977//977 979//979 865//865
f 868//868 978//978 866//866
f 979//979 980//980 981//981
f 871//871 1091//1091 868//868
f 981//981 980//980 984//984
f 984//984 980//980 982//982
f 984//984 870//870 979//979
f 984//984 979//979 981//981
f 871//871 983//983 1091//1091
f 984//984 872//872 870//870
f 873//873 983//983 871//871
f 873//873 985//985 983//983
f 982//982 872//872 984//984
f 986//986 874//874 872//872
f 986//986 872//872 982//982
f 875//875 985//985 873//873
f 986//986 876//876 874//874
f 875//875 877//877 987//987
f 988//988 876//876 986//986
f 878//878 990//990 987//987
f 878//878 987//987 877//877
f 988//988 989//989 879//879
f 880//880 990//990 878//878
f 882//882 989//989 991//991
f 879//879 989//989 882//882
f 992//992 990//990 880//880
f 993//993 882//882 991//991
f 883//883 994//994 992//992
f 884//884 993//993 1110//1110
f 1110//1110 886//886 884//884
f 885//885 887//887 994//994
f 995//995 994//994 887//887
f 888//888 886//886 1110//1110
f 997//997 890//890 888//888
f 889//889 998//998 887//887
f 996//996 887//887 998//998
f 999//999 1000//1000 997//997
f 1000//1000 891//891 890//890
f 1000//1000 890//890 997//997
f 893//893 998//998 889//889
f 999//999 1117//1117 1002//1002
f 1000//1000 999//999 892//892
f 1000//1000 892//892 891//891
f 1005//1005 998//998 893//893
f 1001//1001 998//998 1005//1005
f 1003//1003 999//999 1002//1002
f 1003//1003 1004//1004 999//999
f 1004//1004 895//895 892//892
f 1004//1004 892//892 999//999
f 896//896 1005//1005 893//893
f 1006//1006 1005//1005 897//897
f 897//897 1005//1005 896//896
f 1006//1006 1007//1007 1005//1005
f 1009//1009 1008//1008 1003//1003
f 1004//1004 1008//1008 900//900
f 1003//1003 1008//1008 1004//1004
f 1004//1004 900//900 895//895
f 1010//1010 1006//1006 899//899
f 1007//1007 1006//1006 1010//1010
f 1007//1007 1011//1011 1012//1012
f 1007//1007 1010//1010 1011//1011
f 1014//1014 1013//1013 1012//1012
f 1014//1014 1008//1008 1009//1009
f 1008//1008 901//901 900//900
f 902//902 1010//1010 899//899
f 1011//1011 1010//1010 903//903
f 1011//1011 903//903 1012//1012
f 1012//1012 903//903 904//904
f 1012//1012 904//904 1014//1014
f 1014//1014 904//904 905//905
f 1014//1014 905//905 906//906
f 1014//1014 906//906 1008//1008
f 1008//1008 906//906 901//901
f 1016//1016 907//907 1015//1015
f 908//908 907//907 1016//1016
f 908//908 1016//1016 909//909
f 1016//1016 910//910 909//909
f 792//792 911//911 907//907
f 1016//1016 1018//1018 910//910
f 1018//1018 912//912 910//910
f 1018//1018 1019//1019 912//912
f 912//912 1020//1020 913//913
f 1019//1019 1020//1020 912//912
f 911//911 914//914 1017//1017
f 1017//1017 914//914 1021//1021
f 1020//1020 1022//1022 913//913
f 1023//1023 1134//1134 915//915
f 914//914 915//915 1021//1021
f 1021//1021 915//915 1134//1134
f 1022//1022 917//917 913//913
f 913//913 917//917 799//799
f 916//916 1023//1023 915//915
f 917//917 1135//1135 920//920
f 920//920 1135//1135 1025//1025
f 921//921 1024//1024 918//918
f 921//921 922//922 1024//1024
f 1025//1025 802//802 920//920
f 1025//1025 923//923 802//802
f 809//809 1026//1026 922//922
f 809//809 1027//1027 1026//1026
f 1140//1140 1028//1028 923//923
f 809//809 1029//1029 1027//1027
f 924//924 1029//1029 809//809
f 924//924 1030//1030 1029//1029
f 1142//1142 811//811 1028//1028
f 1144//1144 811//811 1142//1142
f 1030//1030 1032//1032 1031//1031
f 1144//1144 1033//1033 811//811
f 925//925 1032//1032 1030//1030
f 1275//1275 926//926 1033//1033
f 1275//1275 927//927 926//926
f 814//814 928//928 1034//1034
f 1146//1146 1035//1035 927//927
f 1036//1036 929//929 1035//1035
f 723//723 1037//1037 928//928
f 816//816 1037//1037 723//723
f 1038//1038 817//817 1036//1036
f 930//930 1150//1150 816//816
f 1038//1038 1039//1039 817//817
f 1040//1040 932//932 1039//1039
f 933//933 930//930 931//931
f 933//933 1041//1041 930//930
f 1040//1040 819//819 932//932
f 1154//1154 819//819 1040//1040
f 1154//1154 934//934 819//819
f 1042//1042 934//934 1154//1154
f 821//821 1041//1041 933//933
f 821//821 1043//1043 1041//1041
f 934//934 1042//1042 1045//1045
f 1045//1045 935//935 934//934
f 821//821 936//936 1043//1043
f 1045//1045 1049//1049 935//935
f 822//822 1047//1047 936//936
f 1044//1044 936//936 1048//1048
f 1048//1048 936//936 1047//1047
f 1049//1049 1045//1045 1046//1046
f 938//938 1047//1047 822//822
f 1049//1049 937//937 823//823
f 1048//1048 1047//1047 1051//1051
f 1050//1050 937//937 1049//1049
f 824//824 939//939 1047//1047
f 824//824 1047//1047 938//938
f 1051//1051 1047//1047 939//939
f 940//940 1051//1051 939//939
f 1052//1052 942//942 1050//1050
f 943//943 940//940 941//941
f 943//943 1053//1053 940//940
f 741//741 1055//1055 944//944
f 1056//1056 945//945 1166//1166
f 832//832 1055//1055 741//741
f 1056//1056 946//946 945//945
f 833//833 1057//1057 832//832
f 947//947 946//946 1058//1058
f 833//833 1059//1059 1057//1057
f 949//949 1059//1059 833//833
f 838//838 1058//1058 1061//1061
f 1058//1058 1172//1172 1061//1061
f 1060//1060 949//949 950//950
f 952//952 1062//1062 950//950
f 1060//1060 950//950 1062//1062
f 1173//1173 951//951 1061//1061
f 953//953 951//951 1175//1175
f 656//656 1064//1064 1062//1062
f 656//656 1062//1062 952//952
f 1175//1175 746//746 953//953
f 1063//1063 746//746 1175//1175
f 954//954 1064//1064 656//656
f 1063//1063 1177//1177 746//746
f 1064//1064 954//954 955//955
f 1065//1065 841//841 1177//1177
f 843//843 1066//1066 955//955
f 1065//1065 956//956 841//841
f 1179//1179 956//956 1065//1065
f 957//957 1066//1066 843//843
f 1067//1067 1066//1066 957//957
f 958//958 1067//1067 957//957
f 960//960 956//956 1068//1068
f 847//847 1181//1181 958//958
f 960//960 1068//1068 1182//1182
f 1182//1182 1070//1070 960//960
f 1182//1182 1187//1187 1070//1070
f 847//847 849//849 1069//1069
f 961//961 1069//1069 849//849
f 963//963 962//962 1070//1070
f 754//754 1074//1074 1071//1071
f 1073//1073 963//963 1072//1072
f 964//964 1074//1074 754//754
f 1075//1075 965//965 1073//1073
f 1074//1074 964//964 1076//1076
f 966//966 1076//1076 964//964
f 1077//1077 967//967 965//965
f 1077//1077 965//965 1075//1075
f 855//855 1079//1079 966//966
f 1076//1076 966//966 1079//1079
f 1077//1077 856//856 967//967
f 968//968 1079//1079 855//855
f 1077//1077 1078//1078 969//969
f 1078//1078 1200//1200 969//969
f 1077//1077 969//969 856//856
f 1079//1079 968//968 970//970
f 1200//1200 972//972 969//969
f 858//858 1081//1081 970//970
f 972//972 1200//1200 1080//1080
f 971//971 1081//1081 858//858
f 1082//1082 973//973 972//972
f 1082//1082 972//972 1080//1080
f 859//859 1084//1084 971//971
f 1081//1081 971//971 1084//1084
f 1210//1210 973//973 1082//1082
f 864//864 1084//1084 859//859
f 1083//1083 975//975 973//973
f 1083//1083 973//973 1210//1210
f 976//976 1084//1084 864//864
f 1208//1208 1084//1084 1085//1085
f 1083//1083 977//977 975//975
f 978//978 1085//1085 1084//1084
f 978//978 1084//1084 976//976
f 1086//1086 979//979 977//977
f 1086//1086 977//977 1083//1083
f 1087//1087 1085//1085 978//978
f 1088//1088 1086//1086 1221//1221
f 1088//1088 980//980 979//979
f 1088//1088 979//979 1086//1086
f 868//868 1087//1087 978//978
f 1088//1088 1221//1221 980//980
f 1221//1221 1089//1089 980//980
f 1091//1091 1087//1087 868//868
f 1090//1090 1087//1087 1091//1091
f 980//980 1089//1089 982//982
f 1092//1092 1089//1089 1093//1093
f 1092//1092 982//982 1089//1089
f 985//985 1091//1091 983//983
f 1094//1094 1091//1091 985//985
f 1093//1093 986//986 982//982
f 1093//1093 982//982 1092//1092
f 1094//1094 985//985 1096//1096
f 985//985 1098//1098 1096//1096
f 985//985 1095//1095 1098//1098
f 1097//1097 986//986 1093//1093
f 875//875 1095//1095 985//985
f 1097//1097 1093//1093 1099//1099
f 1099//1099 988//988 986//986
f 1099//1099 986//986 1097//1097
f 987//987 1095//1095 875//875
f 1230//1230 1095//1095 987//987
f 1098//1098 1095//1095 1230//1230
f 989//989 988//988 1099//1099
f 990//990 1100//1100 1230//1230
f 990//990 1230//1230 987//987
f 1101//1101 1102//1102 989//989
f 990//990 1103//1103 1100//1100
f 1102//1102 1101//1101 991//991
f 1102//1102 991//991 989//989
f 992//992 1103//1103 990//990
f 1104//1104 1103//1103 992//992
f 1105//1105 993//993 991//991
f 1105//1105 991//991 1101//1101
f 994//994 1106//1106 992//992
f 1104//1104 992//992 1106//1106
f 1245//1245 1110//1110 993//993
f 1245//1245 993//993 1105//1105
f 995//995 1106//1106 994//994
f 1108//1108 1110//1110 1245//1245
f 887//887 1111//1111 1106//1106
f 887//887 1106//1106 995//995
f 1106//1106 1113//1113 1107//1107
f 1106//1106 1111//1111 1113//1113
f 1108//1108 1109//1109 1112//1112
f 1108//1108 997//997 888//888
f 1108//1108 888//888 1110//1110
f 996//996 1111//1111 887//887
f 1112//1112 1114//1114 1108//1108
f 1112//1112 1116//1116 1114//1114
f 1114//1114 999//999 997//997
f 1114//1114 997//997 1108//1108
f 1113//1113 1111//1111 1115//1115
f 1115//1115 1111//1111 996//996
f 1116//1116 1117//1117 1114//1114
f 1114//1114 1117//1117 999//999
f 1001//1001 996//996 998//998
f 1118//1118 996//996 1001//1001
f 1115//1115 996//996 1119//1119
f 996//996 1120//1120 1119//1119
f 996//996 1118//1118 1120//1120
f 1116//1116 1122//1122 1117//1117
f 1116//1116 1121//1121 1122//1122
f 1122//1122 1002//1002 1117//1117
f 1005//1005 1118//1118 1001//1001
f 1120//1120 1123//1123 1257//1257
f 1122//1122 1121//1121 1003//1003
f 1122//1122 1003//1003 1002//1002
f 1118//1118 1005//1005 1007//1007
f 1120//1120 1126//1126 1123//1123
f 1120//1120 1118//1118 1126//1126
f 1123//1123 1126//1126 1124//1124
f 1124//1124 1127//1127 1125//1125
f 1121//1121 1127//1127 1009//1009
f 1125//1125 1127//1127 1121//1121
f 1121//1121 1009//1009 1003//1003
f 1012//1012 1118//1118 1007//1007
f 1118//1118 1012//1012 1126//1126
f 1126//1126 1012//1012 1013//1013
f 1126//1126 1013//1013 1124//1124
f 1124//1124 1013//1013 1014//1014
f 1124//1124 1014//1014 1127//1127
f 1127//1127 1014//1014 1009//1009
f 1015//1015 1128//1128 1016//1016
f 1260//1260 1017//1017 1129//1129
f 911//911 1017//1017 1260//1260
f 911//911 1130//1130 907//907
f 1260//1260 1130//1130 911//911
f 1015//1015 907//907 1128//1128
f 907//907 1131//1131 1128//1128
f 907//907 1130//1130 1131//1131
f 1128//1128 1131//1131 1016//1016
f 1131//1131 1018//1018 1016//1016
f 1020//1020 1019//1019 1261//1261
f 1017//1017 1021//1021 1129//1129
f 1020//1020 1261//1261 1022//1022
f 1022//1022 1261//1261 1133//1133
f 1021//1021 1134//1134 1132//1132
f 1022//1022 1133//1133 917//917
f 917//917 1133//1133 1394//1394
f 916//916 1134//1134 1023//1023
f 916//916 1137//1137 1134//1134
f 1394//1394 1135//1135 917//917
f 1136//1136 1137//1137 1024//1024
f 1137//1137 916//916 1024//1024
f 1135//1135 1268//1268 1025//1025
f 1024//1024 1138//1138 1136//1136
f 922//922 1138//1138 1024//1024
f 1136//1136 1138//1138 1137//1137
f 1270//1270 1025//1025 1268//1268
f 1026//1026 1138//1138 922//922
f 1270//1270 923//923 1025//1025
f 1272//1272 923//923 1270//1270
f 1272//1272 1140//1140 923//923
f 1027//1027 1143//1143 1026//1026
f 1139//1139 1143//1143 1141//1141
f 1142//1142 1028//1028 1140//1140
f 1029//1029 1143//1143 1027//1027
f 1030//1030 1031//1031 1143//1143
f 1030//1030 1143//1143 1029//1029
f 1141//1141 1143//1143 1032//1032
f 1032//1032 1143//1143 1031//1031
f 1275//1275 1033//1033 1144//1144
f 925//925 1145//1145 1032//1032
f 1034//1034 1145//1145 925//925
f 927//927 1275//1275 1146//1146
f 928//928 1276//1276 1034//1034
f 1147//1147 1035//1035 1146//1146
f 928//928 1148//1148 1276//1276
f 1149//1149 1036//1036 1035//1035
f 1149//1149 1035//1035 1147//1147
f 1037//1037 1148//1148 928//928
f 1149//1149 1038//1038 1036//1036
f 816//816 1150//1150 1037//1037
f 1150//1150 1152//1152 1280//1280
f 1151//1151 1039//1039 1038//1038
f 930//930 1153//1153 1150//1150
f 1152//1152 1150//1150 1153//1153
f 930//930 1155//1155 1153//1153
f 1041//1041 1155//1155 930//930
f 1153//1153 1155//1155 1156//1156
f 1041//1041 1158//1158 1155//1155
f 1157//1157 1042//1042 1154//1154
f 1043//1043 1158//1158 1041//1041
f 1157//1157 1045//1045 1042//1042
f 1290//1290 1045//1045 1157//1157
f 936//936 1158//1158 1043//1043
f 936//936 1044//1044 1158//1158
f 1290//1290 1046//1046 1045//1045
f 1046//1046 1290//1290 1160//1160
f 1160//1160 1049//1049 1046//1046
f 1051//1051 1159//1159 1048//1048
f 1160//1160 1294//1294 1163//1163
f 1160//1160 1050//1050 1049//1049
f 1163//1163 1050//1050 1160//1160
f 940//940 1161//1161 1051//1051
f 940//940 1162//1162 1161//1161
f 1052//1052 1050//1050 1163//1163
f 1163//1163 942//942 1052//1052
f 1054//1054 942//942 1163//1163
f 1053//1053 1162//1162 940//940
f 943//943 1165//1165 1053//1053
f 944//944 1165//1165 943//943
f 1164//1164 1166//1166 1054//1054
f 1165//1165 1055//1055 1167//1167
f 944//944 1055//1055 1165//1165
f 1307//1307 1056//1056 1166//1166
f 832//832 1168//1168 1055//1055
f 1307//1307 946//946 1056//1056
f 1057//1057 1168//1168 832//832
f 946//946 1307//1307 1170//1170
f 1170//1170 1058//1058 946//946
f 1168//1168 1057//1057 1169//1169
f 1169//1169 1057//1057 1059//1059
f 1170//1170 1172//1172 1058//1058
f 949//949 1060//1060 1059//1059
f 1172//1172 1170//1170 1171//1171
f 1172//1172 1173//1173 1061//1061
f 1062//1062 1174//1174 1060//1060
f 951//951 1173//1173 1175//1175
f 1064//1064 1174//1174 1062//1062
f 1064//1064 1176//1176 1174//1174
f 1173//1173 1063//1063 1175//1175
f 1177//1177 1063//1063 1173//1173
f 955//955 1178//1178 1064//1064
f 1313//1313 1065//1065 1177//1177
f 1066//1066 1178//1178 955//955
f 1179//1179 1065//1065 1313//1313
f 1315//1315 956//956 1179//1179
f 1067//1067 958//958 1180//1180
f 1315//1315 1317//1317 1068//1068
f 1317//1317 1321//1321 1068//1068
f 1315//1315 1068//1068 956//956
f 1181//1181 1180//1180 958//958
f 1321//1321 1182//1182 1068//1068
f 847//847 1183//1183 1181//1181
f 1184//1184 1181//1181 1183//1183
f 1187//1187 1182//1182 1185//1185
f 1069//1069 1183//1183 847//847
f 1069//1069 1184//1184 1183//1183
f 1069//1069 1186//1186 1184//1184
f 1187//1187 1185//1185 1189//1189
f 961//961 1186//1186 1069//1069
f 961//961 1188//1188 1186//1186
f 1189//1189 963//963 1070//1070
f 1189//1189 1070//1070 1187//1187
f 1188//1188 1071//1071 1190//1190
f 961//961 1071//1071 1188//1188
f 1071//1071 1191//1191 1190//1190
f 1189//1189 1326//1326 1072//1072
f 1326//1326 1328//1328 1072//1072
f 1189//1189 1072//1072 963//963
f 1074//1074 1192//1192 1071//1071
f 1191//1191 1071//1071 1192//1192
f 1328//1328 1073//1073 1072//1072
f 1332//1332 1073//1073 1328//1328
f 1075//1075 1332//1332 1193//1193
f 1073//1073 1332//1332 1075//1075
f 1076//1076 1194//1194 1074//1074
f 1192//1192 1074//1074 1194//1194
f 1196//1196 1075//1075 1193//1193
f 1195//1195 1194//1194 1076//1076
f 1196//1196 1077//1077 1075//1075
f 1079//1079 1198//1198 1076//1076
f 1195//1195 1076//1076 1198//1198
f 1197//1197 1078//1078 1077//1077
f 1197//1197 1077//1077 1196//1196
f 1199//1199 1198//1198 1079//1079
f 1200//1200 1078//1078 1197//1197
f 970//970 1202//1202 1079//1079
f 1199//1199 1079//1079 1202//1202
f 1203//1203 1200//1200 1201//1201
f 1203//1203 1204//1204 1200//1200
f 1081//1081 1205//1205 1202//1202
f 1081//1081 1202//1202 970//970
f 1204//1204 1203//1203 1080//1080
f 1204//1204 1080//1080 1200//1200
f 1207//1207 1082//1082 1080//1080
f 1207//1207 1080//1080 1203//1203
f 1084//1084 1208//1208 1081//1081
f 1081//1081 1208//1208 1205//1205
f 1206//1206 1205//1205 1209//1209
f 1210//1210 1082//1082 1207//1207
f 1208//1208 1211//1211 1205//1205
f 1209//1209 1205//1205 1211//1211
f 1212//1212 1083//1083 1210//1210
f 1085//1085 1213//1213 1208//1208
f 1208//1208 1213//1213 1211//1211
f 1355//1355 1086//1086 1083//1083
f 1355//1355 1083//1083 1212//1212
f 1085//1085 1216//1216 1213//1213
f 1217//1217 1211//1211 1213//1213
f 1214//1214 1218//1218 1355//1355
f 1218//1218 1086//1086 1355//1355
f 1087//1087 1216//1216 1085//1085
f 1216//1216 1217//1217 1213//1213
f 1214//1214 1215//1215 1223//1223
f 1214//1214 1223//1223 1218//1218
f 1218//1218 1221//1221 1086//1086
f 1216//1216 1219//1219 1217//1217
f 1223//1223 1221//1221 1218//1218
f 1090//1090 1216//1216 1087//1087
f 1222//1222 1219//1219 1216//1216
f 1223//1223 1220//1220 1225//1225
f 1221//1221 1223//1223 1089//1089
f 1090//1090 1224//1224 1216//1216
f 1222//1222 1216//1216 1224//1224
f 1225//1225 1093//1093 1089//1089
f 1225//1225 1089//1089 1223//1223
f 1094//1094 1090//1090 1091//1091
f 1090//1090 1226//1226 1224//1224
f 1227//1227 1093//1093 1225//1225
f 1096//1096 1090//1090 1094//1094
f 1090//1090 1096//1096 1098//1098
f 1228//1228 1090//1090 1098//1098
f 1226//1226 1090//1090 1228//1228
f 1229//1229 1231//1231 1225//1225
f 1231//1231 1227//1227 1225//1225
f 1231//1231 1093//1093 1227//1227
f 1098//1098 1230//1230 1228//1228
f 1231//1231 1229//1229 1236//1236
f 1231//1231 1099//1099 1093//1093
f 1230//1230 1232//1232 1233//1233
f 1236//1236 1235//1235 1231//1231
f 1235//1235 989//989 1099//1099
f 1235//1235 1099//1099 1231//1231
f 1100//1100 1232//1232 1230//1230
f 1238//1238 1233//1233 1232//1232
f 1242//1242 1236//1236 1234//1234
f 1235//1235 1237//1237 1101//1101
f 1236//1236 1237//1237 1235//1235
f 1235//1235 1101//1101 989//989
f 1232//1232 1239//1239 1238//1238
f 1236//1236 1240//1240 1237//1237
f 1236//1236 1242//1242 1240//1240
f 1240//1240 1105//1105 1101//1101
f 1240//1240 1101//1101 1237//1237
f 1104//1104 1246//1246 1100//1100
f 1104//1104 1100//1100 1103//1103
f 1100//1100 1246//1246 1232//1232
f 1232//1232 1241//1241 1239//1239
f 1242//1242 1245//1245 1240//1240
f 1242//1242 1244//1244 1245//1245
f 1245//1245 1105//1105 1240//1240
f 1106//1106 1246//1246 1104//1104
f 1246//1246 1247//1247 1232//1232
f 1232//1232 1249//1249 1241//1241
f 1232//1232 1247//1247 1249//1249
f 1241//1241 1248//1248 1381//1381
f 1248//1248 1242//1242 1243//1243
f 1248//1248 1251//1251 1242//1242
f 1242//1242 1251//1251 1244//1244
f 1244//1244 1108//1108 1245//1245
f 1107//1107 1246//1246 1106//1106
f 1247//1247 1246//1246 1249//1249
f 1241//1241 1250//1250 1248//1248
f 1248//1248 1250//1250 1251//1251
f 1244//1244 1109//1109 1108//1108
f 1113//1113 1246//1246 1107//1107
f 1249//1249 1252//1252 1241//1241
f 1241//1241 1254//1254 1250//1250
f 1241//1241 1252//1252 1254//1254
f 1251//1251 1255//1255 1244//1244
f 1251//1251 1250//1250 1255//1255
f 1255//1255 1112//1112 1109//1109
f 1255//1255 1109//1109 1244//1244
f 1113//1113 1253//1253 1246//1246
f 1246//1246 1253//1253 1249//1249
f 1252//1252 1249//1249 1254//1254
f 1250//1250 1254//1254 1255//1255
f 1115//1115 1253//1253 1113//1113
f 1253//1253 1256//1256 1249//1249
f 1249//1249 1256//1256 1254//1254
f 1255//1255 1254//1254 1116//1116
f 1255//1255 1116//1116 1112//1112
f 1115//1115 1119//1119 1120//1120
f 1257//1257 1115//1115 1120//1120
f 1253//1253 1115//1115 1257//1257
f 1253//1253 1258//1258 1256//1256
f 1253//1253 1257//1257 1258//1258
f 1256//1256 1259//1259 1254//1254
f 1259//1259 1121//1121 1116//1116
f 1259//1259 1116//1116 1254//1254
f 1257//1257 1123//1123 1258//1258
f 1258//1258 1123//1123 1124//1124
f 1258//1258 1124//1124 1256//1256
f 1256//1256 1124//1124 1125//1125
f 1256//1256 1125//1125 1259//1259
f 1259//1259 1125//1125 1121//1121
f 1130//1130 1385//1385 1131//1131
f 1019//1019 1131//1131 1261//1261
f 1018//1018 1131//1131 1019//1019
f 1263//1263 1132//1132 1262//1262
f 1021//1021 1132//1132 1263//1263
f 1129//1129 1021//1021 1260//1260
f 1260//1260 1021//1021 1263//1263
f 1131//1131 1264//1264 1261//1261
f 1264//1264 1267//1267 1261//1261
f 1267//1267 1133//1133 1261//1261
f 1265//1265 1266//1266 1134//1134
f 1134//1134 1266//1266 1132//1132
f 1267//1267 1394//1394 1133//1133
f 1137//1137 1265//1265 1134//1134
f 1267//1267 1393//1393 1394//1394
f 1137//1137 1269//1269 1265//1265
f 1394//1394 1268//1268 1135//1135
f 1269//1269 1137//1137 1138//1138
f 1268//1268 1272//1272 1270//1270
f 1026//1026 1269//1269 1138//1138
f 1271//1271 1269//1269 1026//1026
f 1143//1143 1139//1139 1026//1026
f 1139//1139 1271//1271 1026//1026
f 1501//1501 1140//1140 1272//1272
f 1140//1140 1501//1501 1402//1402
f 1142//1142 1140//1140 1402//1402
f 1402//1402 1144//1144 1142//1142
f 1274//1274 1144//1144 1402//1402
f 1032//1032 1273//1273 1141//1141
f 1032//1032 1408//1408 1273//1273
f 1274//1274 1275//1275 1144//1144
f 1145//1145 1408//1408 1032//1032
f 1034//1034 1276//1276 1145//1145
f 1409//1409 1146//1146 1275//1275
f 1277//1277 1146//1146 1409//1409
f 1277//1277 1147//1147 1146//1146
f 1148//1148 1278//1278 1276//1276
f 1281//1281 1278//1278 1148//1148
f 1277//1277 1149//1149 1147//1147
f 1279//1279 1149//1149 1277//1277
f 1037//1037 1280//1280 1148//1148
f 1281//1281 1148//1148 1280//1280
f 1279//1279 1038//1038 1149//1149
f 1413//1413 1038//1038 1279//1279
f 1150//1150 1280//1280 1037//1037
f 1038//1038 1413//1413 1151//1151
f 1152//1152 1281//1281 1280//1280
f 1282//1282 1039//1039 1151//1151
f 1153//1153 1283//1283 1152//1152
f 1284//1284 1040//1040 1039//1039
f 1284//1284 1039//1039 1282//1282
f 1153//1153 1285//1285 1283//1283
f 1284//1284 1154//1154 1040//1040
f 1156//1156 1285//1285 1153//1153
f 1287//1287 1154//1154 1284//1284
f 1155//1155 1286//1286 1156//1156
f 1287//1287 1157//1157 1154//1154
f 1286//1286 1158//1158 1288//1288
f 1155//1155 1158//1158 1286//1286
f 1158//1158 1289//1289 1288//1288
f 1290//1290 1287//1287 1421//1421
f 1290//1290 1157//1157 1287//1287
f 1044//1044 1291//1291 1158//1158
f 1289//1289 1158//1158 1292//1292
f 1292//1292 1158//1158 1291//1291
f 1421//1421 1293//1293 1290//1290
f 1048//1048 1291//1291 1044//1044
f 1293//1293 1160//1160 1290//1290
f 1159//1159 1291//1291 1048//1048
f 1292//1292 1291//1291 1422//1422
f 1293//1293 1294//1294 1160//1160
f 1051//1051 1295//1295 1291//1291
f 1051//1051 1291//1291 1159//1159
f 1422//1422 1291//1291 1295//1295
f 1296//1296 1163//1163 1294//1294
f 1161//1161 1295//1295 1051//1051
f 1162//1162 1297//1297 1295//1295
f 1162//1162 1295//1295 1161//1161
f 1426//1426 1295//1295 1297//1297
f 1163//1163 1296//1296 1298//1298
f 1299//1299 1297//1297 1162//1162
f 1298//1298 1054//1054 1163//1163
f 1053//1053 1300//1300 1162//1162
f 1299//1299 1162//1162 1300//1300
f 1301//1301 1164//1164 1054//1054
f 1301//1301 1054//1054 1298//1298
f 1165//1165 1300//1300 1053//1053
f 1165//1165 1167//1167 1300//1300
f 1431//1431 1300//1300 1302//1302
f 1302//1302 1300//1300 1167//1167
f 1303//1303 1166//1166 1164//1164
f 1303//1303 1164//1164 1301//1301
f 1055//1055 1302//1302 1167//1167
f 1303//1303 1307//1307 1166//1166
f 1168//1168 1304//1304 1055//1055
f 1305//1305 1307//1307 1303//1303
f 1307//1307 1305//1305 1306//1306
f 1169//1169 1308//1308 1168//1168
f 1307//1307 1171//1171 1170//1170
f 1060//1060 1309//1309 1059//1059
f 1309//1309 1308//1308 1059//1059
f 1308//1308 1169//1169 1059//1059
f 1310//1310 1172//1172 1171//1171
f 1310//1310 1173//1173 1172//1172
f 1174//1174 1309//1309 1060//1060
f 1312//1312 1309//1309 1174//1174
f 1173//1173 1310//1310 1311//1311
f 1441//1441 1173//1173 1311//1311
f 1312//1312 1174//1174 1176//1176
f 1441//1441 1177//1177 1173//1173
f 1443//1443 1177//1177 1441//1441
f 1064//1064 1314//1314 1176//1176
f 1443//1443 1313//1313 1177//1177
f 1178//1178 1314//1314 1064//1064
f 1447//1447 1179//1179 1313//1313
f 1066//1066 1446//1446 1178//1178
f 1314//1314 1178//1178 1446//1446
f 1447//1447 1315//1315 1179//1179
f 1067//1067 1446//1446 1066//1066
f 1316//1316 1446//1446 1067//1067
f 1180//1180 1316//1316 1067//1067
f 1180//1180 1318//1318 1316//1316
f 1321//1321 1317//1317 1319//1319
f 1180//1180 1181//1181 1318//1318
f 1181//1181 1320//1320 1318//1318
f 1321//1321 1319//1319 1322//1322
f 1184//1184 1186//1186 1181//1181
f 1320//1320 1181//1181 1186//1186
f 1321//1321 1322//1322 1185//1185
f 1322//1322 1453//1453 1185//1185
f 1321//1321 1185//1185 1182//1182
f 1189//1189 1453//1453 1324//1324
f 1185//1185 1453//1453 1189//1189
f 1188//1188 1190//1190 1186//1186
f 1323//1323 1186//1186 1325//1325
f 1325//1325 1186//1186 1190//1190
f 1324//1324 1453//1453 1326//1326
f 1326//1326 1189//1189 1324//1324
f 1191//1191 1325//1325 1190//1190
f 1328//1328 1326//1326 1329//1329
f 1192//1192 1330//1330 1191//1191
f 1327//1327 1191//1191 1330//1330
f 1331//1331 1328//1328 1329//1329
f 1331//1331 1332//1332 1328//1328
f 1333//1333 1330//1330 1192//1192
f 1332//1332 1331//1331 1193//1193
f 1194//1194 1195//1195 1192//1192
f 1333//1333 1192//1192 1195//1195
f 1471//1471 1196//1196 1193//1193
f 1471//1471 1193//1193 1331//1331
f 1197//1197 1196//1196 1471//1471
f 1198//1198 1199//1199 1195//1195
f 1467//1467 1195//1195 1334//1334
f 1195//1195 1335//1335 1334//1334
f 1195//1195 1199//1199 1335//1335
f 1336//1336 1338//1338 1197//1197
f 1338//1338 1200//1200 1197//1197
f 1199//1199 1339//1339 1335//1335
f 1336//1336 1337//1337 1343//1343
f 1336//1336 1201//1201 1200//1200
f 1336//1336 1200//1200 1338//1338
f 1202//1202 1340//1340 1199//1199
f 1199//1199 1342//1342 1339//1339
f 1199//1199 1340//1340 1342//1342
f 1336//1336 1343//1343 1203//1203
f 1336//1336 1203//1203 1201//1201
f 1205//1205 1347//1347 1340//1340
f 1205//1205 1340//1340 1202//1202
f 1344//1344 1343//1343 1341//1341
f 1207//1207 1203//1203 1343//1343
f 1206//1206 1347//1347 1205//1205
f 1342//1342 1340//1340 1345//1345
f 1340//1340 1347//1347 1345//1345
f 1343//1343 1344//1344 1352//1352
f 1343//1343 1346//1346 1207//1207
f 1343//1343 1352//1352 1346//1346
f 1346//1346 1210//1210 1207//1207
f 1209//1209 1347//1347 1206//1206
f 1347//1347 1351//1351 1345//1345
f 1352//1352 1349//1349 1346//1346
f 1349//1349 1212//1212 1210//1210
f 1349//1349 1210//1210 1346//1346
f 1211//1211 1350//1350 1347//1347
f 1211//1211 1347//1347 1209//1209
f 1347//1347 1356//1356 1351//1351
f 1347//1347 1350//1350 1356//1356
f 1353//1353 1352//1352 1348//1348
f 1352//1352 1355//1355 1349//1349
f 1352//1352 1354//1354 1355//1355
f 1355//1355 1212//1212 1349//1349
f 1217//1217 1350//1350 1211//1211
f 1351//1351 1356//1356 1488//1488
f 1352//1352 1353//1353 1357//1357
f 1352//1352 1357//1357 1354//1354
f 1354//1354 1214//1214 1355//1355
f 1350//1350 1358//1358 1356//1356
f 1356//1356 1358//1358 1359//1359
f 1357//1357 1353//1353 1354//1354
f 1354//1354 1215//1215 1214//1214
f 1217//1217 1366//1366 1350//1350
f 1350//1350 1366//1366 1358//1358
f 1359//1359 1358//1358 1361//1361
f 1361//1361 1362//1362 1360//1360
f 1362//1362 1353//1353 1360//1360
f 1362//1362 1371//1371 1353//1353
f 1353//1353 1363//1363 1354//1354
f 1353//1353 1371//1371 1363//1363
f 1363//1363 1223//1223 1215//1215
f 1363//1363 1215//1215 1354//1354
f 1219//1219 1366//1366 1217//1217
f 1366//1366 1364//1364 1358//1358
f 1358//1358 1365//1365 1361//1361
f 1361//1361 1368//1368 1362//1362
f 1361//1361 1365//1365 1368//1368
f 1371//1371 1220//1220 1223//1223
f 1371//1371 1223//1223 1363//1363
f 1222//1222 1366//1366 1219//1219
f 1364//1364 1367//1367 1358//1358
f 1358//1358 1367//1367 1365//1365
f 1362//1362 1368//1368 1371//1371
f 1371//1371 1225//1225 1220//1220
f 1224//1224 1366//1366 1222//1222
f 1366//1366 1369//1369 1364//1364
f 1365//1365 1370//1370 1368//1368
f 1365//1365 1367//1367 1370//1370
f 1368//1368 1370//1370 1371//1371
f 1226//1226 1372//1372 1366//1366
f 1226//1226 1366//1366 1224//1224
f 1366//1366 1373//1373 1369//1369
f 1366//1366 1372//1372 1373//1373
f 1364//1364 1375//1375 1367//1367
f 1364//1364 1369//1369 1375//1375
f 1370//1370 1374//1374 1371//1371
f 1374//1374 1225//1225 1371//1371
f 1228//1228 1372//1372 1226//1226
f 1369//1369 1373//1373 1375//1375
f 1367//1367 1374//1374 1370//1370
f 1374//1374 1229//1229 1225//1225
f 1372//1372 1377//1377 1373//1373
f 1373//1373 1377//1377 1375//1375
f 1375//1375 1376//1376 1367//1367
f 1367//1367 1378//1378 1374//1374
f 1367//1367 1376//1376 1378//1378
f 1378//1378 1236//1236 1229//1229
f 1378//1378 1229//1229 1374//1374
f 1233//1233 1228//1228 1230//1230
f 1379//1379 1228//1228 1233//1233
f 1372//1372 1228//1228 1379//1379
f 1372//1372 1379//1379 1377//1377
f 1377//1377 1380//1380 1375//1375
f 1375//1375 1380//1380 1376//1376
f 1378//1378 1234//1234 1236//1236
f 1238//1238 1379//1379 1233//1233
f 1377//1377 1379//1379 1380//1380
f 1378//1378 1376//1376 1242//1242
f 1378//1378 1242//1242 1234//1234
f 1379//1379 1238//1238 1239//1239
f 1381//1381 1379//1379 1239//1239
f 1380//1380 1382//1382 1376//1376
f 1380//1380 1379//1379 1382//1382
f 1382//1382 1243//1243 1242//1242
f 1382//1382 1242//1242 1376//1376
f 1241//1241 1381//1381 1239//1239
f 1381//1381 1383//1383 1379//1379
f 1382//1382 1383//1383 1243//1243
f 1379//1379 1383//1383 1382//1382
f 1381//1381 1248//1248 1383//1383
f 1383//1383 1248//1248 1243//1243
f 1384//1384 1260//1260 1490//1490
f 1384//1384 1130//1130 1260//1260
f 1385//1385 1130//1130 1384//1384
f 1386//1386 1131//1131 1385//1385
f 1263//1263 1262//1262 1260//1260
f 1262//1262 1490//1490 1260//1260
f 1386//1386 1387//1387 1264//1264
f 1131//1131 1386//1386 1264//1264
f 1266//1266 1392//1392 1132//1132
f 1392//1392 1388//1388 1132//1132
f 1132//1132 1388//1388 1262//1262
f 1388//1388 1389//1389 1262//1262
f 1390//1390 1391//1391 1267//1267
f 1387//1387 1390//1390 1267//1267
f 1264//1264 1387//1387 1267//1267
f 1395//1395 1392//1392 1265//1265
f 1265//1265 1392//1392 1266//1266
f 1390//1390 1393//1393 1391//1391
f 1267//1267 1391//1391 1393//1393
f 1269//1269 1398//1398 1395//1395
f 1269//1269 1395//1395 1265//1265
f 1394//1394 1393//1393 1396//1396
f 1396//1396 1393//1393 1399//1399
f 1396//1396 1268//1268 1394//1394
f 1269//1269 1397//1397 1398//1398
f 1268//1268 1396//1396 1399//1399
f 1272//1272 1268//1268 1399//1399
f 1271//1271 1397//1397 1269//1269
f 1399//1399 1501//1501 1272//1272
f 1397//1397 1139//1139 1400//1400
f 1271//1271 1139//1139 1397//1397
f 1141//1141 1400//1400 1139//1139
f 1273//1273 1404//1404 1400//1400
f 1273//1273 1400//1400 1141//1141
f 1274//1274 1402//1402 1403//1403
f 1405//1405 1273//1273 1408//1408
f 1406//1406 1275//1275 1274//1274
f 1407//1407 1409//1409 1275//1275
f 1407//1407 1275//1275 1406//1406
f 1276//1276 1408//1408 1145//1145
f 1405//1405 1408//1408 1410//1410
f 1278//1278 1408//1408 1276//1276
f 1278//1278 1410//1410 1408//1408
f 1411//1411 1277//1277 1409//1409
f 1281//1281 1410//1410 1278//1278
f 1411//1411 1279//1279 1277//1277
f 1410//1410 1281//1281 1412//1412
f 1413//1413 1279//1279 1411//1411
f 1414//1414 1412//1412 1281//1281
f 1515//1515 1151//1151 1413//1413
f 1152//1152 1283//1283 1281//1281
f 1414//1414 1281//1281 1283//1283
f 1415//1415 1282//1282 1151//1151
f 1415//1415 1151//1151 1515//1515
f 1415//1415 1284//1284 1282//1282
f 1285//1285 1419//1419 1283//1283
f 1416//1416 1283//1283 1417//1417
f 1417//1417 1283//1283 1419//1419
f 1521//1521 1284//1284 1415//1415
f 1156//1156 1419//1419 1285//1285
f 1418//1418 1287//1287 1284//1284
f 1418//1418 1284//1284 1521//1521
f 1286//1286 1419//1419 1156//1156
f 1528//1528 1287//1287 1418//1418
f 1288//1288 1419//1419 1286//1286
f 1288//1288 1289//1289 1419//1419
f 1289//1289 1420//1420 1419//1419
f 1528//1528 1421//1421 1287//1287
f 1423//1423 1293//1293 1421//1421
f 1425//1425 1294//1294 1293//1293
f 1425//1425 1293//1293 1423//1423
f 1295//1295 1424//1424 1532//1532
f 1295//1295 1532//1532 1422//1422
f 1538//1538 1532//1532 1424//1424
f 1425//1425 1296//1296 1294//1294
f 1426//1426 1424//1424 1295//1295
f 1539//1539 1296//1296 1425//1425
f 1427//1427 1298//1298 1296//1296
f 1427//1427 1296//1296 1539//1539
f 1299//1299 1426//1426 1297//1297
f 1428//1428 1426//1426 1299//1299
f 1429//1429 1301//1301 1298//1298
f 1429//1429 1298//1298 1427//1427
f 1429//1429 1427//1427 1430//1430
f 1430//1430 1301//1301 1429//1429
f 1431//1431 1299//1299 1300//1300
f 1542//1542 1299//1299 1431//1431
f 1430//1430 1303//1303 1301//1301
f 1432//1432 1303//1303 1430//1430
f 1055//1055 1433//1433 1431//1431
f 1055//1055 1431//1431 1302//1302
f 1548//1548 1305//1305 1303//1303
f 1548//1548 1303//1303 1432//1432
f 1304//1304 1433//1433 1055//1055
f 1306//1306 1548//1548 1434//1434
f 1306//1306 1305//1305 1548//1548
f 1168//1168 1436//1436 1304//1304
f 1433//1433 1304//1304 1436//1436
f 1434//1434 1435//1435 1306//1306
f 1435//1435 1307//1307 1306//1306
f 1308//1308 1436//1436 1168//1168
f 1438//1438 1171//1171 1307//1307
f 1438//1438 1307//1307 1435//1435
f 1308//1308 1437//1437 1436//1436
f 1438//1438 1310//1310 1171//1171
f 1309//1309 1440//1440 1437//1437
f 1309//1309 1437//1437 1308//1308
f 1439//1439 1311//1311 1310//1310
f 1439//1439 1310//1310 1438//1438
f 1312//1312 1440//1440 1309//1309
f 1562//1562 1441//1441 1311//1311
f 1439//1439 1562//1562 1311//1311
f 1176//1176 1442//1442 1312//1312
f 1440//1440 1312//1312 1442//1442
f 1441//1441 1562//1562 1443//1443
f 1443//1443 1562//1562 1445//1445
f 1314//1314 1444//1444 1442//1442
f 1314//1314 1442//1442 1176//1176
f 1445//1445 1313//1313 1443//1443
f 1565//1565 1444//1444 1314//1314
f 1564//1564 1447//1447 1313//1313
f 1564//1564 1313//1313 1445//1445
f 1565//1565 1314//1314 1446//1446
f 1448//1448 1446//1446 1316//1316
f 1570//1570 1317//1317 1315//1315
f 1570//1570 1315//1315 1447//1447
f 1448//1448 1316//1316 1318//1318
f 1449//1449 1319//1319 1570//1570
f 1570//1570 1319//1319 1317//1317
f 1320//1320 1451//1451 1318//1318
f 1451//1451 1448//1448 1318//1318
f 1449//1449 1450//1450 1575//1575
f 1575//1575 1322//1322 1319//1319
f 1575//1575 1319//1319 1449//1449
f 1186//1186 1452//1452 1451//1451
f 1186//1186 1451//1451 1320//1320
f 1453//1453 1575//1575 1454//1454
f 1453//1453 1322//1322 1575//1575
f 1323//1323 1452//1452 1186//1186
f 1452//1452 1323//1323 1457//1457
f 1454//1454 1455//1455 1453//1453
f 1323//1323 1456//1456 1457//1457
f 1323//1323 1325//1325 1456//1456
f 1460//1460 1455//1455 1458//1458
f 1460//1460 1326//1326 1453//1453
f 1460//1460 1453//1453 1455//1455
f 1325//1325 1191//1191 1327//1327
f 1457//1457 1456//1456 1459//1459
f 1459//1459 1456//1456 1325//1325
f 1461//1461 1329//1329 1326//1326
f 1461//1461 1326//1326 1460//1460
f 1330//1330 1333//1333 1325//1325
f 1330//1330 1325//1325 1327//1327
f 1325//1325 1462//1462 1459//1459
f 1325//1325 1333//1333 1462//1462
f 1461//1461 1464//1464 1331//1331
f 1460//1460 1464//1464 1461//1461
f 1461//1461 1331//1331 1329//1329
f 1333//1333 1463//1463 1462//1462
f 1466//1466 1471//1471 1331//1331
f 1466//1466 1331//1331 1464//1464
f 1195//1195 1467//1467 1333//1333
f 1333//1333 1472//1472 1463//1463
f 1333//1333 1467//1467 1472//1472
f 1463//1463 1472//1472 1468//1468
f 1469//1469 1464//1464 1465//1465
f 1469//1469 1470//1470 1464//1464
f 1464//1464 1471//1471 1466//1466
f 1464//1464 1470//1470 1471//1471
f 1472//1472 1473//1473 1468//1468
f 1475//1475 1474//1474 1468//1468
f 1468//1468 1474//1474 1593//1593
f 1474//1474 1475//1475 1469//1469
f 1470//1470 1336//1336 1197//1197
f 1470//1470 1197//1197 1471//1471
f 1467//1467 1334//1334 1335//1335
f 1472//1472 1467//1467 1335//1335
f 1473//1473 1476//1476 1468//1468
f 1468//1468 1476//1476 1475//1475
f 1475//1475 1470//1470 1469//1469
f 1475//1475 1477//1477 1470//1470
f 1470//1470 1337//1337 1336//1336
f 1339//1339 1472//1472 1335//1335
f 1472//1472 1478//1478 1473//1473
f 1476//1476 1473//1473 1475//1475
f 1475//1475 1479//1479 1477//1477
f 1477//1477 1343//1343 1337//1337
f 1477//1477 1337//1337 1470//1470
f 1342//1342 1480//1480 1472//1472
f 1342//1342 1472//1472 1339//1339
f 1472//1472 1480//1480 1478//1478
f 1478//1478 1480//1480 1473//1473
f 1473//1473 1481//1481 1475//1475
f 1475//1475 1481//1481 1479//1479
f 1479//1479 1341//1341 1343//1343
f 1479//1479 1343//1343 1477//1477
f 1480//1480 1482//1482 1473//1473
f 1473//1473 1482//1482 1481//1481
f 1481//1481 1483//1483 1479//1479
f 1479//1479 1483//1483 1344//1344
f 1479//1479 1344//1344 1341//1341
f 1484//1484 1342//1342 1345//1345
f 1480//1480 1342//1342 1484//1484
f 1480//1480 1484//1484 1482//1482
f 1481//1481 1352//1352 1344//1344
f 1481//1481 1344//1344 1483//1483
f 1351//1351 1485//1485 1484//1484
f 1351//1351 1484//1484 1345//1345
f 1484//1484 1485//1485 1482//1482
f 1482//1482 1485//1485 1487//1487
f 1482//1482 1348//1348 1352//1352
f 1482//1482 1352//1352 1481//1481
f 1351//1351 1486//1486 1485//1485
f 1485//1485 1486//1486 1487//1487
f 1482//1482 1487//1487 1353//1353
f 1482//1482 1353//1353 1348//1348
f 1488//1488 1486//1486 1351//1351
f 1486//1486 1353//1353 1487//1487
f 1488//1488 1356//1356 1359//1359
f 1486//1486 1488//1488 1489//1489
f 1489//1489 1360//1360 1353//1353
f 1489//1489 1353//1353 1486//1486
f 1361//1361 1488//1488 1359//1359
f 1488//1488 1361//1361 1489//1489
f 1489//1489 1361//1361 1360//1360
f 1262//1262 1492//1492 1490//1490
f 1491//1491 1385//1385 1384//1384
f 1491//1491 1384//1384 1490//1490
f 1596//1596 1387//1387 1386//1386
f 1596//1596 1386//1386 1385//1385
f 1389//1389 1492//1492 1262//1262
f 1491//1491 1490//1490 1595//1595
f 1491//1491 1595//1595 1385//1385
f 1385//1385 1595//1595 1596//1596
f 1596//1596 1493//1493 1390//1390
f 1387//1387 1596//1596 1390//1390
f 1392//1392 1494//1494 1388//1388
f 1388//1388 1494//1494 1389//1389
f 1495//1495 1599//1599 1393//1393
f 1493//1493 1495//1495 1393//1393
f 1390//1390 1493//1493 1393//1393
f 1395//1395 1498//1498 1494//1494
f 1395//1395 1494//1494 1392//1392
f 1496//1496 1494//1494 1498//1498
f 1393//1393 1599//1599 1497//1497
f 1603//1603 1393//1393 1497//1497
f 1399//1399 1393//1393 1603//1603
f 1398//1398 1498//1498 1395//1395
f 1399//1399 1603//1603 1499//1499
f 1500//1500 1401//1401 1397//1397
f 1401//1401 1398//1398 1397//1397
f 1401//1401 1498//1498 1398//1398
f 1501//1501 1499//1499 1503//1503
f 1501//1501 1399//1399 1499//1499
f 1400//1400 1500//1500 1397//1397
f 1400//1400 1401//1401 1500//1500
f 1503//1503 1402//1402 1501//1501
f 1502//1502 1400//1400 1504//1504
f 1401//1401 1400//1400 1502//1502
f 1403//1403 1402//1402 1503//1503
f 1404//1404 1504//1504 1400//1400
f 1403//1403 1503//1503 1505//1505
f 1505//1505 1274//1274 1403//1403
f 1273//1273 1506//1506 1504//1504
f 1273//1273 1504//1504 1404//1404
f 1608//1608 1504//1504 1506//1506
f 1505//1505 1406//1406 1274//1274
f 1405//1405 1506//1506 1273//1273
f 1507//1507 1407//1407 1406//1406
f 1507//1507 1406//1406 1505//1505
f 1506//1506 1405//1405 1508//1508
f 1507//1507 1409//1409 1407//1407
f 1410//1410 1508//1508 1405//1405
f 1509//1509 1507//1507 1510//1510
f 1509//1509 1411//1411 1409//1409
f 1509//1509 1409//1409 1507//1507
f 1410//1410 1511//1511 1508//1508
f 1510//1510 1411//1411 1509//1509
f 1620//1620 1413//1413 1411//1411
f 1620//1620 1411//1411 1510//1510
f 1412//1412 1511//1511 1410//1410
f 1512//1512 1511//1511 1412//1412
f 1625//1625 1515//1515 1413//1413
f 1625//1625 1413//1413 1620//1620
f 1414//1414 1514//1514 1512//1512
f 1414//1414 1512//1512 1412//1412
f 1513//1513 1512//1512 1514//1514
f 1283//1283 1516//1516 1514//1514
f 1283//1283 1514//1514 1414//1414
f 1517//1517 1415//1415 1515//1515
f 1416//1416 1516//1516 1283//1283
f 1518//1518 1516//1516 1416//1416
f 1519//1519 1521//1521 1415//1415
f 1519//1519 1415//1415 1517//1517
f 1416//1416 1417//1417 1520//1520
f 1417//1417 1522//1522 1520//1520
f 1525//1525 1418//1418 1521//1521
f 1420//1420 1526//1526 1417//1417
f 1420//1420 1417//1417 1419//1419
f 1417//1417 1523//1523 1522//1522
f 1417//1417 1526//1526 1523//1523
f 1525//1525 1528//1528 1418//1418
f 1289//1289 1526//1526 1420//1420
f 1527//1527 1523//1523 1526//1526
f 1524//1524 1528//1528 1525//1525
f 1292//1292 1526//1526 1289//1289
f 1526//1526 1292//1292 1530//1530
f 1527//1527 1526//1526 1530//1530
f 1528//1528 1529//1529 1531//1531
f 1528//1528 1531//1531 1534//1534
f 1534//1534 1421//1421 1528//1528
f 1422//1422 1532//1532 1292//1292
f 1292//1292 1533//1533 1530//1530
f 1292//1292 1532//1532 1533//1533
f 1534//1534 1531//1531 1529//1529
f 1534//1534 1423//1423 1421//1421
f 1533//1533 1532//1532 1537//1537
f 1535//1535 1534//1534 1536//1536
f 1535//1535 1425//1425 1423//1423
f 1535//1535 1423//1423 1534//1534
f 1538//1538 1537//1537 1532//1532
f 1536//1536 1539//1539 1425//1425
f 1536//1536 1425//1425 1535//1535
f 1426//1426 1541//1541 1538//1538
f 1426//1426 1538//1538 1424//1424
f 1540//1540 1427//1427 1539//1539
f 1428//1428 1541//1541 1426//1426
f 1657//1657 1427//1427 1540//1540
f 1299//1299 1542//1542 1428//1428
f 1541//1541 1428//1428 1542//1542
f 1543//1543 1430//1430 1427//1427
f 1543//1543 1427//1427 1657//1657
f 1544//1544 1430//1430 1543//1543
f 1431//1431 1545//1545 1542//1542
f 1662//1662 1542//1542 1545//1545
f 1546//1546 1432//1432 1430//1430
f 1546//1546 1430//1430 1544//1544
f 1433//1433 1549//1549 1545//1545
f 1433//1433 1545//1545 1431//1431
f 1548//1548 1432//1432 1546//1546
f 1547//1547 1545//1545 1549//1549
f 1550//1550 1434//1434 1548//1548
f 1436//1436 1555//1555 1433//1433
f 1433//1433 1555//1555 1549//1549
f 1551//1551 1549//1549 1555//1555
f 1550//1550 1435//1435 1434//1434
f 1436//1436 1554//1554 1555//1555
f 1556//1556 1552//1552 1553//1553
f 1556//1556 1550//1550 1552//1552
f 1556//1556 1438//1438 1435//1435
f 1556//1556 1435//1435 1550//1550
f 1437//1437 1554//1554 1436//1436
f 1558//1558 1439//1439 1438//1438
f 1558//1558 1438//1438 1556//1556
f 1440//1440 1557//1557 1437//1437
f 1558//1558 1562//1562 1439//1439
f 1560//1560 1557//1557 1440//1440
f 1558//1558 1559//1559 1561//1561
f 1561//1561 1562//1562 1558//1558
f 1442//1442 1563//1563 1440//1440
f 1560//1560 1440//1440 1563//1563
f 1694//1694 1561//1561 1559//1559
f 1694//1694 1562//1562 1561//1561
f 1694//1694 1445//1445 1562//1562
f 1444//1444 1563//1563 1442//1442
f 1564//1564 1445//1445 1694//1694
f 1566//1566 1447//1447 1564//1564
f 1446//1446 1567//1567 1565//1565
f 1569//1569 1570//1570 1447//1447
f 1569//1569 1447//1447 1566//1566
f 1448//1448 1567//1567 1446//1446
f 1568//1568 1567//1567 1448//1448
f 1568//1568 1448//1448 1571//1571
f 1448//1448 1572//1572 1571//1571
f 1448//1448 1576//1576 1572//1572
f 1570//1570 1573//1573 1450//1450
f 1569//1569 1573//1573 1570//1570
f 1570//1570 1450//1450 1449//1449
f 1451//1451 1576//1576 1448//1448
f 1575//1575 1450//1450 1573//1573
f 1452//1452 1576//1576 1451//1451
f 1576//1576 1452//1452 1577//1577
f 1573//1573 1574//1574 1578//1578
f 1573//1573 1579//1579 1575//1575
f 1573//1573 1578//1578 1579//1579
f 1579//1579 1454//1454 1575//1575
f 1580//1580 1452//1452 1457//1457
f 1577//1577 1452//1452 1580//1580
f 1577//1577 1580//1580 1581//1581
f 1582//1582 1578//1578 1574//1574
f 1579//1579 1578//1578 1455//1455
f 1579//1579 1455//1455 1454//1454
f 1580//1580 1583//1583 1581//1581
f 1581//1581 1585//1585 1584//1584
f 1581//1581 1583//1583 1585//1585
f 1585//1585 1582//1582 1710//1710
f 1582//1582 1587//1587 1578//1578
f 1582//1582 1586//1586 1587//1587
f 1587//1587 1458//1458 1455//1455
f 1587//1587 1455//1455 1578//1578
f 1459//1459 1580//1580 1457//1457
f 1585//1585 1583//1583 1588//1588
f 1585//1585 1589//1589 1582//1582
f 1585//1585 1588//1588 1589//1589
f 1582//1582 1589//1589 1586//1586
f 1587//1587 1586//1586 1460//1460
f 1587//1587 1460//1460 1458//1458
f 1580//1580 1459//1459 1462//1462
f 1580//1580 1590//1590 1583//1583
f 1589//1589 1464//1464 1460//1460
f 1589//1589 1460//1460 1586//1586
f 1463//1463 1591//1591 1580//1580
f 1463//1463 1580//1580 1462//1462
f 1580//1580 1591//1591 1590//1590
f 1583//1583 1592//1592 1588//1588
f 1583//1583 1590//1590 1592//1592
f 1589//1589 1592//1592 1465//1465
f 1588//1588 1592//1592 1589//1589
f 1589//1589 1465//1465 1464//1464
f 1468//1468 1591//1591 1463//1463
f 1593//1593 1591//1591 1468//1468
f 1592//1592 1591//1591 1469//1469
f 1590//1590 1591//1591 1592//1592
f 1592//1592 1469//1469 1465//1465
f 1593//1593 1474//1474 1591//1591
f 1591//1591 1474//1474 1469//1469
f 1594//1594 1490//1490 1492//1492
f 1594//1594 1492//1492 1389//1389
f 1594//1594 1595//1595 1490//1490
f 1594//1594 1389//1389 1597//1597
f 1598//1598 1595//1595 1714//1714
f 1598//1598 1596//1596 1595//1595
f 1599//1599 1495//1495 1493//1493
f 1596//1596 1599//1599 1493//1493
f 1598//1598 1599//1599 1596//1596
f 1496//1496 1600//1600 1389//1389
f 1496//1496 1389//1389 1494//1494
f 1597//1597 1389//1389 1600//1600
f 1717//1717 1599//1599 1598//1598
f 1603//1603 1497//1497 1599//1599
f 1717//1717 1603//1603 1599//1599
f 1600//1600 1496//1496 1498//1498
f 1605//1605 1600//1600 1498//1498
f 1603//1603 1717//1717 1601//1601
f 1401//1401 1605//1605 1498//1498
f 1605//1605 1602//1602 1600//1600
f 1604//1604 1503//1503 1499//1499
f 1604//1604 1499//1499 1603//1603
f 1502//1502 1605//1605 1401//1401
f 1606//1606 1602//1602 1605//1605
f 1607//1607 1503//1503 1604//1604
f 1504//1504 1605//1605 1502//1502
f 1608//1608 1605//1605 1504//1504
f 1606//1606 1605//1605 1608//1608
f 1726//1726 1503//1503 1607//1607
f 1609//1609 1505//1505 1503//1503
f 1609//1609 1503//1503 1726//1726
f 1506//1506 1610//1610 1608//1608
f 1611//1611 1505//1505 1609//1609
f 1613//1613 1507//1507 1505//1505
f 1613//1613 1505//1505 1611//1611
f 1508//1508 1614//1614 1610//1610
f 1508//1508 1610//1610 1506//1506
f 1610//1610 1614//1614 1612//1612
f 1616//1616 1507//1507 1613//1613
f 1614//1614 1617//1617 1612//1612
f 1615//1615 1612//1612 1617//1617
f 1619//1619 1510//1510 1507//1507
f 1619//1619 1507//1507 1616//1616
f 1511//1511 1618//1618 1614//1614
f 1511//1511 1614//1614 1508//1508
f 1620//1620 1510//1510 1619//1619
f 1512//1512 1618//1618 1511//1511
f 1614//1614 1621//1621 1622//1622
f 1614//1614 1618//1618 1621//1621
f 1619//1619 1624//1624 1620//1620
f 1619//1619 1623//1623 1624//1624
f 1624//1624 1625//1625 1620//1620
f 1513//1513 1618//1618 1512//1512
f 1618//1618 1513//1513 1621//1621
f 1623//1623 1625//1625 1624//1624
f 1623//1623 1628//1628 1625//1625
f 1513//1513 1626//1626 1621//1621
f 1621//1621 1626//1626 1627//1627
f 1629//1629 1628//1628 1623//1623
f 1628//1628 1630//1630 1625//1625
f 1630//1630 1517//1517 1515//1515
f 1630//1630 1515//1515 1625//1625
f 1516//1516 1518//1518 1513//1513
f 1516//1516 1513//1513 1514//1514
f 1513//1513 1518//1518 1626//1626
f 1627//1627 1626//1626 1631//1631
f 1631//1631 1628//1628 1629//1629
f 1631//1631 1632//1632 1628//1628
f 1628//1628 1519//1519 1517//1517
f 1628//1628 1517//1517 1630//1630
f 1518//1518 1633//1633 1626//1626
f 1632//1632 1634//1634 1628//1628
f 1634//1634 1521//1521 1519//1519
f 1634//1634 1519//1519 1628//1628
f 1518//1518 1416//1416 1520//1520
f 1522//1522 1518//1518 1520//1520
f 1633//1633 1518//1518 1522//1522
f 1633//1633 1635//1635 1626//1626
f 1626//1626 1636//1636 1631//1631
f 1626//1626 1635//1635 1636//1636
f 1631//1631 1637//1637 1632//1632
f 1631//1631 1636//1636 1637//1637
f 1632//1632 1638//1638 1634//1634
f 1632//1632 1637//1637 1638//1638
f 1638//1638 1525//1525 1521//1521
f 1638//1638 1521//1521 1634//1634
f 1522//1522 1639//1639 1633//1633
f 1633//1633 1640//1640 1635//1635
f 1633//1633 1639//1639 1640//1640
f 1637//1637 1524//1524 1525//1525
f 1637//1637 1525//1525 1638//1638
f 1523//1523 1527//1527 1522//1522
f 1522//1522 1641//1641 1639//1639
f 1522//1522 1527//1527 1641//1641
f 1636//1636 1528//1528 1524//1524
f 1636//1636 1524//1524 1637//1637
f 1639//1639 1642//1642 1640//1640
f 1639//1639 1641//1641 1642//1642
f 1635//1635 1529//1529 1528//1528
f 1635//1635 1528//1528 1636//1636
f 1530//1530 1643//1643 1527//1527
f 1527//1527 1643//1643 1644//1644
f 1527//1527 1644//1644 1641//1641
f 1642//1642 1645//1645 1640//1640
f 1642//1642 1641//1641 1645//1645
f 1640//1640 1647//1647 1635//1635
f 1640//1640 1645//1645 1647//1647
f 1647//1647 1529//1529 1635//1635
f 1533//1533 1643//1643 1530//1530
f 1644//1644 1646//1646 1641//1641
f 1641//1641 1646//1646 1645//1645
f 1647//1647 1534//1534 1529//1529
f 1643//1643 1652//1652 1644//1644
f 1644//1644 1652//1652 1646//1646
f 1645//1645 1646//1646 1648//1648
f 1645//1645 1648//1648 1647//1647
f 1648//1648 1536//1536 1534//1534
f 1648//1648 1534//1534 1647//1647
f 1537//1537 1649//1649 1533//1533
f 1533//1533 1651//1651 1643//1643
f 1533//1533 1649//1649 1651//1651
f 1643//1643 1651//1651 1652//1652
f 1646//1646 1650//1650 1648//1648
f 1648//1648 1539//1539 1536//1536
f 1538//1538 1649//1649 1537//1537
f 1652//1652 1653//1653 1646//1646
f 1646//1646 1653//1653 1650//1650
f 1650//1650 1654//1654 1648//1648
f 1654//1654 1540//1540 1539//1539
f 1654//1654 1539//1539 1648//1648
f 1541//1541 1649//1649 1538//1538
f 1649//1649 1655//1655 1651//1651
f 1651//1651 1655//1655 1652//1652
f 1653//1653 1656//1656 1650//1650
f 1650//1650 1657//1657 1654//1654
f 1650//1650 1656//1656 1657//1657
f 1657//1657 1540//1540 1654//1654
f 1541//1541 1658//1658 1649//1649
f 1649//1649 1658//1658 1655//1655
f 1655//1655 1659//1659 1652//1652
f 1652//1652 1660//1660 1653//1653
f 1652//1652 1659//1659 1660//1660
f 1653//1653 1661//1661 1656//1656
f 1653//1653 1660//1660 1661//1661
f 1656//1656 1543//1543 1657//1657
f 1542//1542 1662//1662 1658//1658
f 1542//1542 1658//1658 1541//1541
f 1658//1658 1663//1663 1655//1655
f 1655//1655 1663//1663 1659//1659
f 1661//1661 1544//1544 1543//1543
f 1661//1661 1543//1543 1656//1656
f 1662//1662 1664//1664 1658//1658
f 1658//1658 1666//1666 1663//1663
f 1658//1658 1664//1664 1666//1666
f 1659//1659 1663//1663 1667//1667
f 1659//1659 1665//1665 1660//1660
f 1659//1659 1667//1667 1665//1665
f 1660//1660 1665//1665 1661//1661
f 1665//1665 1546//1546 1544//1544
f 1665//1665 1544//1544 1661//1661
f 1545//1545 1664//1664 1662//1662
f 1663//1663 1666//1666 1667//1667
f 1665//1665 1548//1548 1546//1546
f 1547//1547 1664//1664 1545//1545
f 1668//1668 1664//1664 1547//1547
f 1664//1664 1669//1669 1666//1666
f 1664//1664 1668//1668 1669//1669
f 1667//1667 1666//1666 1670//1670
f 1667//1667 1671//1671 1665//1665
f 1667//1667 1670//1670 1671//1671
f 1671//1671 1550//1550 1548//1548
f 1671//1671 1548//1548 1665//1665
f 1549//1549 1668//1668 1547//1547
f 1669//1669 1672//1672 1666//1666
f 1666//1666 1673//1673 1670//1670
f 1666//1666 1672//1672 1673//1673
f 1670//1670 1552//1552 1550//1550
f 1670//1670 1550//1550 1671//1671
f 1551//1551 1677//1677 1549//1549
f 1549//1549 1677//1677 1668//1668
f 1668//1668 1674//1674 1669//1669
f 1669//1669 1675//1675 1672//1672
f 1669//1669 1674//1674 1675//1675
f 1673//1673 1553//1553 1552//1552
f 1673//1673 1552//1552 1670//1670
f 1554//1554 1676//1676 1555//1555
f 1677//1677 1551//1551 1555//1555
f 1676//1676 1677//1677 1555//1555
f 1677//1677 1682//1682 1668//1668
f 1672//1672 1678//1678 1673//1673
f 1672//1672 1675//1675 1678//1678
f 1678//1678 1553//1553 1673//1673
f 1437//1437 1676//1676 1554//1554
f 1677//1677 1676//1676 1682//1682
f 1674//1674 1668//1668 1741//1741
f 1668//1668 1682//1682 1741//1741
f 1679//1679 1674//1674 1740//1740
f 1679//1679 1675//1675 1674//1674
f 1678//1678 1680//1680 1553//1553
f 1678//1678 1675//1675 1680//1680
f 1680//1680 1558//1558 1556//1556
f 1680//1680 1556//1556 1553//1553
f 1557//1557 1560//1560 1676//1676
f 1557//1557 1676//1676 1437//1437
f 1676//1676 1560//1560 1681//1681
f 1682//1682 1676//1676 1681//1681
f 1683//1683 1675//1675 1679//1679
f 1675//1675 1684//1684 1680//1680
f 1675//1675 1683//1683 1684//1684
f 1684//1684 1559//1559 1558//1558
f 1684//1684 1558//1558 1680//1680
f 1685//1685 1681//1681 1560//1560
f 1683//1683 1686//1686 1684//1684
f 1683//1683 1689//1689 1686//1686
f 1686//1686 1559//1559 1684//1684
f 1563//1563 1687//1687 1560//1560
f 1560//1560 1687//1687 1692//1692
f 1685//1685 1560//1560 1692//1692
f 1683//1683 1688//1688 1689//1689
f 1686//1686 1690//1690 1559//1559
f 1689//1689 1690//1690 1686//1686
f 1690//1690 1694//1694 1559//1559
f 1444//1444 1691//1691 1687//1687
f 1444//1444 1687//1687 1563//1563
f 1689//1689 1694//1694 1690//1690
f 1689//1689 1693//1693 1694//1694
f 1565//1565 1691//1691 1444//1444
f 1692//1692 1687//1687 1691//1691
f 1693//1693 1695//1695 1694//1694
f 1695//1695 1566//1566 1564//1564
f 1695//1695 1564//1564 1694//1694
f 1567//1567 1568//1568 1565//1565
f 1565//1565 1696//1696 1691//1691
f 1565//1565 1568//1568 1696//1696
f 1693//1693 1698//1698 1695//1695
f 1693//1693 1697//1697 1698//1698
f 1698//1698 1566//1566 1695//1695
f 1700//1700 1701//1701 1697//1697
f 1698//1698 1701//1701 1569//1569
f 1697//1697 1701//1701 1698//1698
f 1698//1698 1569//1569 1566//1566
f 1568//1568 1571//1571 1572//1572
f 1702//1702 1568//1568 1572//1572
f 1568//1568 1703//1703 1696//1696
f 1568//1568 1702//1702 1703//1703
f 1699//1699 1696//1696 1704//1704
f 1696//1696 1703//1703 1704//1704
f 1706//1706 1700//1700 1697//1697
f 1700//1700 1573//1573 1569//1569
f 1700//1700 1569//1569 1701//1701
f 1704//1704 1703//1703 1705//1705
f 1705//1705 1707//1707 1706//1706
f 1706//1706 1707//1707 1708//1708
f 1700//1700 1708//1708 1574//1574
f 1706//1706 1708//1708 1700//1700
f 1700//1700 1574//1574 1573//1573
f 1572//1572 1576//1576 1577//1577
f 1709//1709 1572//1572 1577//1577
f 1702//1702 1572//1572 1709//1709
f 1702//1702 1709//1709 1703//1703
f 1703//1703 1710//1710 1705//1705
f 1705//1705 1711//1711 1707//1707
f 1705//1705 1710//1710 1711//1711
f 1707//1707 1574//1574 1708//1708
f 1581//1581 1709//1709 1577//1577
f 1712//1712 1709//1709 1581//1581
f 1703//1703 1709//1709 1712//1712
f 1703//1703 1712//1712 1710//1710
f 1711//1711 1710//1710 1582//1582
f 1711//1711 1582//1582 1707//1707
f 1707//1707 1582//1582 1574//1574
f 1584//1584 1712//1712 1581//1581
f 1712//1712 1584//1584 1585//1585
f 1712//1712 1585//1585 1710//1710
f 1597//1597 1716//1716 1594//1594
f 1713//1713 1595//1595 1594//1594
f 1713//1713 1594//1594 1716//1716
f 1714//1714 1595//1595 1713//1713
f 1716//1716 1597//1597 1600//1600
f 1715//1715 1716//1716 1600//1600
f 1714//1714 1717//1717 1598//1598
f 1713//1713 1717//1717 1714//1714
f 1602//1602 1715//1715 1600//1600
f 1716//1716 1718//1718 1713//1713
f 1716//1716 1715//1715 1718//1718
f 1713//1713 1601//1601 1717//1717
f 1602//1602 1719//1719 1715//1715
f 1718//1718 1720//1720 1713//1713
f 1713//1713 1722//1722 1601//1601
f 1713//1713 1720//1720 1722//1722
f 1722//1722 1604//1604 1603//1603
f 1722//1722 1603//1603 1601//1601
f 1606//1606 1719//1719 1602//1602
f 1719//1719 1721//1721 1715//1715
f 1715//1715 1720//1720 1718//1718
f 1715//1715 1721//1721 1720//1720
f 1722//1722 1607//1607 1604//1604
f 1606//1606 1724//1724 1719//1719
f 1606//1606 1723//1723 1724//1724
f 1719//1719 1724//1724 1721//1721
f 1720//1720 1726//1726 1722//1722
f 1720//1720 1725//1725 1726//1726
f 1726//1726 1607//1607 1722//1722
f 1608//1608 1729//1729 1723//1723
f 1608//1608 1723//1723 1606//1606
f 1721//1721 1727//1727 1720//1720
f 1721//1721 1724//1724 1727//1727
f 1720//1720 1728//1728 1725//1725
f 1720//1720 1727//1727 1728//1728
f 1725//1725 1609//1609 1726//1726
f 1610//1610 1729//1729 1608//1608
f 1728//1728 1611//1611 1609//1609
f 1728//1728 1609//1609 1725//1725
f 1612//1612 1729//1729 1610//1610
f 1730//1730 1729//1729 1612//1612
f 1729//1729 1730//1730 1723//1723
f 1724//1724 1731//1731 1727//1727
f 1727//1727 1731//1731 1728//1728
f 1731//1731 1613//1613 1611//1611
f 1731//1731 1611//1611 1728//1728
f 1615//1615 1732//1732 1730//1730
f 1615//1615 1730//1730 1612//1612
f 1730//1730 1732//1732 1723//1723
f 1723//1723 1733//1733 1724//1724
f 1723//1723 1732//1732 1733//1733
f 1724//1724 1733//1733 1731//1731
f 1731//1731 1616//1616 1613//1613
f 1617//1617 1736//1736 1732//1732
f 1617//1617 1732//1732 1615//1615
f 1732//1732 1734//1734 1733//1733
f 1733//1733 1735//1735 1731//1731
f 1735//1735 1616//1616 1731//1731
f 1614//1614 1736//1736 1617//1617
f 1732//1732 1736//1736 1734//1734
f 1734//1734 1737//1737 1733//1733
f 1735//1735 1737//1737 1619//1619
f 1733//1733 1737//1737 1735//1735
f 1735//1735 1619//1619 1616//1616
f 1622//1622 1736//1736 1614//1614
f 1736//1736 1738//1738 1734//1734
f 1734//1734 1738//1738 1737//1737
f 1738//1738 1623//1623 1619//1619
f 1738//1738 1619//1619 1737//1737
f 1621//1621 1739//1739 1736//1736
f 1621//1621 1736//1736 1622//1622
f 1736//1736 1739//1739 1738//1738
f 1739//1739 1621//1621 1627//1627
f 1738//1738 1739//1739 1629//1629
f 1738//1738 1629//1629 1623//1623
f 1631//1631 1739//1739 1627//1627
f 1739//1739 1631//1631 1629//1629
f 1740//1740 1674//1674 1741//1741
f 1681//1681 1685//1685 1682//1682
f 1685//1685 1741//1741 1682//1682
f 1741//1741 1742//1742 1740//1740
f 1740//1740 1683//1683 1679//1679
f 1742//1742 1683//1683 1740//1740
f 1692//1692 1743//1743 1685//1685
f 1685//1685 1743//1743 1744//1744
f 1685//1685 1744//1744 1741//1741
f 1741//1741 1745//1745 1742//1742
f 1741//1741 1744//1744 1745//1745
f 1745//1745 1688//1688 1683//1683
f 1742//1742 1745//1745 1683//1683
f 1745//1745 1689//1689 1688//1688
f 1745//1745 1693//1693 1689//1689
f 1691//1691 1746//1746 1692//1692
f 1692//1692 1747//1747 1743//1743
f 1692//1692 1746//1746 1747//1747
f 1744//1744 1743//1743 1748//1748
f 1744//1744 1749//1749 1745//1745
f 1744//1744 1748//1748 1749//1749
f 1749//1749 1693//1693 1745//1745
f 1696//1696 1750//1750 1746//1746
f 1696//1696 1746//1746 1691//1691
f 1748//1748 1697//1697 1693//1693
f 1748//1748 1693//1693 1749//1749
f 1699//1699 1750//1750 1696//1696
f 1705//1705 1750//1750 1699//1699
f 1746//1746 1750//1750 1705//1705
f 1747//1747 1751//1751 1743//1743
f 1747//1747 1746//1746 1751//1751
f 1748//1748 1751//1751 1697//1697
f 1743//1743 1751//1751 1748//1748
f 1704//1704 1705//1705 1699//1699
f 1746//1746 1705//1705 1706//1706
f 1746//1746 1706//1706 1751//1751
f 1751//1751 1706//1706 1697//1697
o skin
usemtl skin
v 0.0197 -0.6120 -0.0114
v 0.0200 -0.6142 -0.0092
v 0.0197 -0.6081 -0.0189
v 0.0199 -0.6113 -0.0037
v 0.0200 -0.6082 0.0002
v 0.0198 -0.5993 -0.0242
v 0.0199 -0.6015 -0.0234
v 0.0198 -0.6032 0.0021
v 0.0183 -0.5991 -0.0123
v 0.0182 -0.5992 -0.0064
v 0.0199 -0.5979 0.0048
v 0.0198 -0.5896 -0.0250
v 0.0184 -0.5945 -0.0166
v 0.0182 -0.5920 -0.0048
v 0.0180 -0.5955 -0.0062
v 0.0201 -0.5890 0.0064
v 0.0181 -0.5870 -0.0099
v 0.0178 -0.5920 -0.0100
v 0.0195 -0.5854 0.0035
v 0.0199 -0.5855 -0.0251
v 0.0196 -0.5796 -0.0219
v 0.0180 -0.5877 -0.0144
v 0.0198 -0.5789 0.0026
v 0.0187 -0.5779 -0.0079
v 0.0199 -0.5752 -0.0208
v 0.0199 -0.5702 -0.0158
v 0.0199 -0.5736 -0.0003
v 0.0191 -0.5737 -0.0127
v 0.0192 -0.5751 -0.0038
v 0.0248 -0.6277 -0.0216
v 0.0241 -0.6282 -0.0165
v 0.0246 -0.6307 -0.0112
v 0.0232 -0.6267 -0.0072
v 0.0249 -0.6305 -0.0040
v 0.0244 -0.6249 -0.0239
v 0.0245 -0.6270 0.0015
v 0.0249 -0.6216 0.0083
v 0.0242 -0.6175 -0.0296
v 0.0221 -0.6173 -0.0223
v 0.0205 -0.6154 -0.0152
v 0.0216 -0.6192 -0.0029
v 0.0248 -0.6182 0.0106
v 0.0244 -0.6103 -0.0338
v 0.0247 -0.6118 -0.0336
v 0.0208 -0.6127 -0.0201
v 0.0205 -0.6091 0.0026
v 0.0235 -0.6192 0.0062
v 0.0210 -0.6082 -0.0246
v 0.0248 -0.6086 0.0150
v 0.0236 -0.6031 -0.0340
v 0.0217 -0.6056 -0.0281
v 0.0232 -0.6040 0.0136
v 0.0237 -0.6082 0.0130
v 0.0215 -0.5982 -0.0296
v 0.0232 -0.5947 -0.0344
v 0.0246 -0.5895 0.0176
v 0.0237 -0.5896 -0.0358
v 0.0227 -0.5897 0.0134
v 0.0207 -0.5846 -0.0277
v 0.0249 -0.5790 0.0169
v 0.0240 -0.5797 -0.0354
v 0.0214 -0.5788 0.0081
v 0.0240 -0.5771 0.0147
v 0.0244 -0.5726 -0.0343
v 0.0238 -0.5676 -0.0305
v 0.0204 -0.5745 -0.0231
v 0.0245 -0.5693 0.0128
v 0.0248 -0.5709 -0.0348
v 0.0215 -0.5671 0.0020
v 0.0237 -0.5659 0.0091
v 0.0222 -0.5697 -0.0272
v 0.0208 -0.5648 -0.0068
v 0.0247 -0.5593 0.0070
v 0.0250 -0.5599 -0.0288
v 0.0245 -0.5564 -0.0231
v 0.0215 -0.5630 -0.0174
v 0.0219 -0.5600 -0.0120
v 0.0228 -0.5576 -0.0055
v 0.0247 -0.5534 -0.0006
v 0.0234 -0.5587 0.0015
v 0.0249 -0.5521 -0.0174
v 0.0254 -0.5556 0.0052
v 0.0248 -0.5511 -0.0067
v 0.0254 -0.5500 -0.0050
v 0.0297 -0.6380 -0.0224
v 0.0282 -0.6374 -0.0176
v 0.0294 -0.6408 -0.0113
v 0.0278 -0.6377 -0.0071
v 0.0299 -0.6410 -0.0041
v 0.0302 -0.6333 -0.0300
v 0.0289 -0.6326 -0.0281
v 0.0260 -0.6333 -0.0150
v 0.0288 -0.6362 0.0030
v 0.0293 -0.6357 0.0049
v 0.0299 -0.6321 0.0105
v 0.0293 -0.6271 -0.0337
v 0.0262 -0.6281 -0.0253
v 0.0286 -0.6292 0.0107
v 0.0297 -0.6245 -0.0359
v 0.0260 -0.6227 -0.0299
v 0.0293 -0.6236 0.0159
v 0.0296 -0.6202 -0.0383
v 0.0303 -0.6171 0.0206
v 0.0292 -0.6070 -0.0431
v 0.0264 -0.6129 -0.0362
v 0.0290 -0.6162 0.0194
v 0.0296 -0.6068 -0.0437
v 0.0308 -0.6026 -0.0478
v 0.0266 -0.6029 -0.0398
v 0.0261 -0.6038 0.0189
v 0.0266 -0.5984 -0.0407
v 0.0287 -0.5955 -0.0454
v 0.0285 -0.5946 0.0233
v 0.0293 -0.5942 0.0243
v 0.0287 -0.5888 -0.0464
v 0.0262 -0.5884 -0.0409
v 0.0299 -0.5845 0.0248
v 0.0262 -0.5834 -0.0409
v 0.0277 -0.5799 -0.0441
v 0.0297 -0.5734 -0.0482
v 0.0307 -0.5702 0.0229
v 0.0298 -0.5637 -0.0457
v 0.0266 -0.5694 -0.0390
v 0.0288 -0.5654 0.0189
v 0.0298 -0.5573 -0.0427
v 0.0263 -0.5626 -0.0349
v 0.0297 -0.5603 0.0176
v 0.0300 -0.5607 -0.0450
v 0.0263 -0.5586 -0.0320
v 0.0300 -0.5538 0.0144
v 0.0298 -0.5520 -0.0379
v 0.0296 -0.5482 0.0083
v 0.0293 -0.5499 -0.0326
v 0.0297 -0.5470 -0.0289
v 0.0263 -0.5508 -0.0220
v 0.0297 -0.5463 0.0060
v 0.0299 -0.5422 -0.0193
v 0.0284 -0.5433 -0.0137
v 0.0255 -0.5489 -0.0092
v 0.0296 -0.5426 -0.0005
v 0.0299 -0.5410 -0.0158
v 0.0309 -0.5389 -0.0105
v 0.0324 -0.5367 -0.0076
v 0.0351 -0.6479 -0.0159
v 0.0332 -0.6464 -0.0123
v 0.0347 -0.6471 -0.0018
v 0.0349 -0.6440 -0.0253
v 0.0340 -0.6445 -0.0223
v 0.0311 -0.6433 -0.0101
v 0.0336 -0.6431 0.0040
v 0.0343 -0.6410 -0.0287
v 0.0307 -0.6377 0.0055
v 0.0361 -0.6424 0.0095
v 0.0335 -0.6377 0.0109
v 0.0329 -0.6324 -0.0348
v 0.0346 -0.6340 -0.0360
v 0.0342 -0.6334 0.0157
v 0.0347 -0.6301 -0.0390
v 0.0315 -0.6249 0.0183
v 0.0365 -0.6296 0.0210
v 0.0319 -0.6224 -0.0399
v 0.0366 -0.6221 0.0249
v 0.0348 -0.6200 -0.0442
v 0.0352 -0.6169 0.0257
v 0.0337 -0.6119 -0.0473
v 0.0361 -0.6118 0.0280
v 0.0346 -0.6077 -0.0520
v 0.0310 -0.6075 -0.0458
v 0.0311 -0.6091 0.0243
v 0.0352 -0.5986 -0.0626
v 0.0340 -0.6031 -0.0558
v 0.0308 -0.5967 0.0258
v 0.0331 -0.5916 0.0283
v 0.0347 -0.5931 -0.0619
v 0.0308 -0.5933 -0.0510
v 0.0346 -0.5858 -0.0606
v 0.0305 -0.5832 -0.0512
v 0.0302 -0.5827 0.0251
v 0.0355 -0.5804 -0.0608
v 0.0311 -0.5815 -0.0527
v 0.0332 -0.5794 0.0278
v 0.0342 -0.5759 -0.0579
v 0.0309 -0.5734 -0.0510
v 0.0336 -0.5671 -0.0544
v 0.0368 -0.5629 0.0261
v 0.0343 -0.5587 -0.0528
v 0.0335 -0.5583 0.0211
v 0.0348 -0.5644 0.0250
v 0.0361 -0.5541 -0.0533
v 0.0312 -0.5599 -0.0476
v 0.0339 -0.5559 0.0202
v 0.0350 -0.5491 -0.0487
v 0.0303 -0.5534 -0.0412
v 0.0328 -0.5483 0.0142
v 0.0358 -0.5500 -0.0502
v 0.0336 -0.5414 0.0079
v 0.0347 -0.5453 -0.0428
v 0.0353 -0.5430 -0.0390
v 0.0326 -0.5451 -0.0350
v 0.0361 -0.5423 0.0124
v 0.0359 -0.5408 -0.0342
v 0.0346 -0.5381 -0.0254
v 0.0355 -0.5365 0.0033
v 0.0345 -0.5368 -0.0220
v 0.0353 -0.5332 -0.0137
v 0.0349 -0.5351 -0.0010
v 0.0407 -0.6525 -0.0171
v 0.0395 -0.6525 -0.0117
v 0.0409 -0.6529 -0.0054
v 0.0394 -0.6520 -0.0050
v 0.0381 -0.6488 -0.0220
v 0.0365 -0.6475 0.0014
v 0.0375 -0.6500 -0.0029
v 0.0388 -0.6476 0.0055
v 0.0394 -0.6445 -0.0307
v 0.0382 -0.6436 0.0105
v 0.0394 -0.6400 0.0155
v 0.0369 -0.6373 -0.0355
v 0.0393 -0.6393 -0.0360
v 0.0400 -0.6375 0.0179
v 0.0396 -0.6344 -0.0402
v 0.0375 -0.6217 -0.0456
v 0.0406 -0.6265 -0.0453
v 0.0412 -0.6160 0.0296
v 0.0385 -0.6171 -0.0492
v 0.0414 -0.6155 -0.0523
v 0.0379 -0.6126 -0.0524
v 0.0400 -0.6119 0.0303
v 0.0402 -0.6073 -0.0627
v 0.0370 -0.6082 -0.0562
v 0.0393 -0.6081 0.0309
v 0.0389 -0.6033 -0.0661
v 0.0365 -0.6039 0.0302
v 0.0381 -0.5973 -0.0679
v 0.0405 -0.5949 0.0331
v 0.0409 -0.5943 -0.0713
v 0.0355 -0.5906 0.0302
v 0.0390 -0.5859 -0.0666
v 0.0381 -0.5842 0.0316
v 0.0397 -0.5791 -0.0653
v 0.0387 -0.5699 -0.0615
v 0.0383 -0.5717 0.0297
v 0.0408 -0.5727 0.0312
v 0.0373 -0.5711 0.0293
v 0.0380 -0.5612 -0.0580
v 0.0391 -0.5565 -0.0572
v 0.0381 -0.5575 0.0248
v 0.0410 -0.5578 0.0264
v 0.0389 -0.5531 0.0230
v 0.0408 -0.5485 -0.0549
v 0.0394 -0.5469 -0.0521
v 0.0370 -0.5482 0.0186
v 0.0401 -0.5484 0.0209
v 0.0391 -0.5419 0.0151
v 0.0406 -0.5457 0.0193
v 0.0401 -0.5422 -0.0468
v 0.0376 -0.5403 -0.0372
v 0.0379 -0.5373 -0.0306
v 0.0384 -0.5335 0.0034
v 0.0378 -0.5382 0.0098
v 0.0397 -0.5318 -0.0218
v 0.0381 -0.5310 -0.0149
v 0.0457 -0.6527 -0.0229
v 0.0506 -0.6563 -0.0083
v 0.0449 -0.6549 -0.0100
v 0.0436 -0.6533 -0.0007
v 0.0455 -0.6521 0.0038
v 0.0419 -0.6465 -0.0303
v 0.0424 -0.6477 -0.0296
v 0.0487 -0.6516 -0.0265
v 0.0424 -0.6471 0.0103
v 0.0474 -0.6475 0.0120
v 0.0422 -0.6423 -0.0352
v 0.0457 -0.6430 -0.0363
v 0.0441 -0.6428 0.0160
v 0.0446 -0.6384 -0.0400
v 0.0413 -0.6360 0.0203
v 0.0472 -0.6346 -0.0432
v 0.0451 -0.6294 -0.0457
v 0.0443 -0.6297 0.0252
v 0.0434 -0.6284 0.0257
v 0.0455 -0.6205 -0.0504
v 0.0449 -0.6165 -0.0533
v 0.0468 -0.6186 0.0306
v 0.0424 -0.6110 -0.0599
v 0.0462 -0.6136 -0.0582
v 0.0447 -0.6083 -0.0662
v 0.0449 -0.6071 0.0329
v 0.0446 -0.6033 -0.0709
v 0.0428 -0.5984 -0.0718
v 0.0426 -0.5884 -0.0703
v 0.0462 -0.5849 -0.0706
v 0.0483 -0.5786 -0.0688
v 0.0425 -0.5754 -0.0660
v 0.0428 -0.5784 0.0330
v 0.0456 -0.5711 -0.0658
v 0.0430 -0.5596 -0.0609
v 0.0442 -0.5637 0.0301
v 0.0450 -0.5560 0.0272
v 0.0448 -0.5503 0.0245
v 0.0449 -0.5448 -0.0545
v 0.0454 -0.5439 0.0202
v 0.0449 -0.5393 -0.0452
v 0.0423 -0.5368 -0.0365
v 0.0439 -0.5366 0.0132
v 0.0441 -0.5365 -0.0376
v 0.0422 -0.5341 -0.0299
v 0.0446 -0.5321 0.0072
v 0.0486 -0.5328 0.0099
v 0.0448 -0.5287 -0.0202
v 0.0422 -0.5275 -0.0107
v 0.0432 -0.5284 -0.0026
v 0.0427 -0.5309 0.0039
v 0.0446 -0.5268 -0.0111
v 0.0516 -0.6520 -0.0260
v 0.0529 -0.6554 -0.0144
v 0.0499 -0.6552 -0.0153
v 0.0493 -0.6543 -0.0004
v 0.0497 -0.6519 0.0062
v 0.0486 -0.6472 -0.0324
v 0.0534 -0.6474 0.0119
v 0.0498 -0.6443 -0.0357
v 0.0480 -0.6406 0.0193
v 0.0488 -0.6366 -0.0419
v 0.0527 -0.6375 0.0213
v 0.0492 -0.6273 -0.0474
v 0.0455 -0.6298 0.0258
v 0.0499 -0.6210 -0.0509
v 0.0491 -0.6175 -0.0535
v 0.0495 -0.6196 0.0304
v 0.0512 -0.6139 -0.0583
v 0.0487 -0.6076 -0.0681
v 0.0505 -0.6067 0.0340
v 0.0512 -0.6054 -0.0704
v 0.0519 -0.5917 -0.0729
v 0.0518 -0.5807 -0.0697
v 0.0474 -0.5750 0.0335
v 0.0538 -0.5749 -0.0671
v 0.0432 -0.5683 -0.0643
v 0.0559 -0.5590 -0.0615
v 0.0486 -0.5611 0.0300
v 0.0534 -0.5558 -0.0607
v 0.0497 -0.5595 0.0294
v 0.0462 -0.5557 -0.0606
v 0.0499 -0.5512 -0.0590
v 0.0535 -0.5482 -0.0573
v 0.0517 -0.5509 0.0256
v 0.0501 -0.5423 0.0198
v 0.0493 -0.5424 -0.0529
v 0.0472 -0.5371 -0.0413
v 0.0474 -0.5403 -0.0490
v 0.0486 -0.5370 0.0151
v 0.0525 -0.5352 -0.0364
v 0.0474 -0.5279 -0.0198
v 0.0490 -0.5268 -0.0174
v 0.0451 -0.5270 -0.0056
v 0.0521 -0.5284 0.0020
v 0.0524 -0.5266 -0.0048
v 0.0526 -0.6524 0.0045
v 0.0576 -0.6500 0.0055
v 0.0568 -0.6475 -0.0302
v 0.0551 -0.6470 0.0118
v 0.0556 -0.6433 -0.0355
v 0.0539 -0.6389 -0.0400
v 0.0541 -0.6370 0.0215
v 0.0550 -0.6322 -0.0439
v 0.0556 -0.6291 -0.0456
v 0.0537 -0.6302 0.0255
v 0.0542 -0.6193 -0.0515
v 0.0586 -0.6247 -0.0467
v 0.0510 -0.6222 0.0298
v 0.0567 -0.6116 -0.0595
v 0.0543 -0.6087 -0.0660
v 0.0549 -0.6032 -0.0713
v 0.0501 -0.5984 0.0350
v 0.0515 -0.5994 -0.0734
v 0.0546 -0.5873 -0.0709
v 0.0570 -0.5883 -0.0705
v 0.0499 -0.5839 0.0350
v 0.0555 -0.5732 0.0329
v 0.0524 -0.5700 -0.0660
v 0.0604 -0.5709 -0.0631
v 0.0529 -0.5626 0.0303
v 0.0549 -0.5626 0.0299
v 0.0596 -0.5582 0.0268
v 0.0546 -0.5491 0.0236
v 0.0564 -0.5470 -0.0555
v 0.0551 -0.5426 -0.0515
v 0.0541 -0.5389 0.0164
v 0.0568 -0.5415 -0.0491
v 0.0551 -0.5376 -0.0409
v 0.0550 -0.5367 -0.0393
v 0.0513 -0.5368 0.0149
v 0.0504 -0.5323 -0.0307
v 0.0555 -0.5320 -0.0275
v 0.0578 -0.5376 0.0132
v 0.0529 -0.5293 -0.0232
v 0.0552 -0.5276 -0.0159
v 0.0552 -0.5269 -0.0137
v 0.0552 -0.5289 0.0007
v 0.0536 -0.5266 -0.0106
v 0.0605 -0.6515 -0.0170
v 0.0571 -0.6530 -0.0194
v 0.0561 -0.6546 -0.0061
v 0.0596 -0.6519 -0.0016
v 0.0617 -0.6470 -0.0257
v 0.0588 -0.6419 -0.0351
v 0.0607 -0.6433 0.0119
v 0.0592 -0.6354 -0.0402
v 0.0601 -0.6375 -0.0378
v 0.0579 -0.6412 0.0165
v 0.0602 -0.6354 0.0193
v 0.0591 -0.6269 -0.0453
v 0.0581 -0.6276 0.0255
v 0.0614 -0.6222 0.0259
v 0.0604 -0.6137 -0.0530
v 0.0590 -0.6138 -0.0544
v 0.0581 -0.6163 0.0300
v 0.0589 -0.6069 -0.0649
v 0.0572 -0.6064 0.0326
v 0.0595 -0.6013 -0.0695
v 0.0605 -0.5962 -0.0698
v 0.0543 -0.5892 0.0349
v 0.0599 -0.5876 -0.0680
v 0.0520 -0.5849 0.0353
v 0.0626 -0.5847 -0.0649
v 0.0600 -0.5779 -0.0650
v 0.0570 -0.5718 -0.0650
v 0.0548 -0.5690 0.0318
v 0.0608 -0.5643 -0.0599
v 0.0595 -0.5684 0.0301
v 0.0598 -0.5576 -0.0585
v 0.0595 -0.5524 -0.0564
v 0.0590 -0.5541 0.0249
v 0.0615 -0.5516 -0.0545
v 0.0625 -0.5473 -0.0504
v 0.0588 -0.5472 0.0209
v 0.0594 -0.5458 0.0196
v 0.0586 -0.5410 -0.0458
v 0.0594 -0.5377 -0.0360
v 0.0593 -0.5367 -0.0342
v 0.0592 -0.5328 -0.0254
v 0.0588 -0.5324 0.0052
v 0.0602 -0.5357 0.0087
v 0.0597 -0.5315 -0.0221
v 0.0574 -0.5277 -0.0120
v 0.0559 -0.5274 -0.0048
v 0.0636 -0.6500 -0.0072
v 0.0604 -0.6526 -0.0073
v 0.0617 -0.6484 -0.0229
v 0.0625 -0.6506 -0.0146
v 0.0652 -0.6473 -0.0024
v 0.0639 -0.6472 0.0017
v 0.0630 -0.6425 -0.0304
v 0.0651 -0.6435 -0.0257
v 0.0649 -0.6421 0.0084
v 0.0660 -0.6384 -0.0309
v 0.0652 -0.6364 0.0142
v 0.0629 -0.6376 0.0154
v 0.0630 -0.6313 -0.0402
v 0.0643 -0.6364 -0.0351
v 0.0626 -0.6320 0.0201
v 0.0643 -0.6294 -0.0403
v 0.0644 -0.6265 0.0216
v 0.0661 -0.6174 -0.0446
v 0.0666 -0.6227 -0.0414
v 0.0617 -0.6175 -0.0486
v 0.0670 -0.6165 0.0240
v 0.0611 -0.6115 0.0300
v 0.0644 -0.6108 -0.0509
v 0.0667 -0.6055 0.0274
v 0.0651 -0.6070 -0.0537
v 0.0628 -0.5999 0.0310
v 0.0647 -0.5967 -0.0633
v 0.0645 -0.6039 -0.0597
v 0.0653 -0.5920 -0.0619
v 0.0605 -0.5916 0.0330
v 0.0644 -0.5888 0.0302
v 0.0647 -0.5760 -0.0596
v 0.0623 -0.5785 0.0309
v 0.0631 -0.5759 0.0298
v 0.0644 -0.5672 -0.0571
v 0.0649 -0.5641 0.0254
v 0.0657 -0.5539 -0.0508
v 0.0621 -0.5575 0.0245
v 0.0649 -0.5541 0.0207
v 0.0646 -0.5477 -0.0477
v 0.0638 -0.5444 0.0147
v 0.0621 -0.5433 -0.0454
v 0.0636 -0.5427 -0.0411
v 0.0637 -0.5408 -0.0354
v 0.0631 -0.5380 -0.0301
v 0.0645 -0.5369 -0.0246
v 0.0634 -0.5382 0.0084
v 0.0653 -0.5371 0.0034
v 0.0635 -0.5341 -0.0205
v 0.0650 -0.5344 -0.0162
v 0.0637 -0.5321 -0.0113
v 0.0653 -0.5343 -0.0062
v 0.0626 -0.5319 -0.0031
v 0.0667 -0.6463 -0.0100
v 0.0661 -0.6453 -0.0200
v 0.0692 -0.6428 -0.0148
v 0.0698 -0.6419 -0.0073
v 0.0702 -0.6372 -0.0243
v 0.0690 -0.6398 0.0030
v 0.0697 -0.6367 0.0064
v 0.0690 -0.6349 -0.0298
v 0.0694 -0.6314 0.0123
v 0.0671 -0.6283 -0.0380
v 0.0709 -0.6262 -0.0340
v 0.0673 -0.6282 0.0176
v 0.0705 -0.6254 0.0151
v 0.0676 -0.6193 0.0223
v 0.0697 -0.6212 -0.0386
v 0.0705 -0.6127 -0.0413
v 0.0687 -0.6119 0.0235
v 0.0702 -0.6088 -0.0432
v 0.0655 -0.6029 -0.0576
v 0.0675 -0.6084 -0.0481
v 0.0697 -0.6026 -0.0466
v 0.0694 -0.6053 -0.0461
v 0.0678 -0.5946 -0.0549
v 0.0693 -0.5975 -0.0495
v 0.0696 -0.6010 0.0249
v 0.0701 -0.5956 0.0250
v 0.0702 -0.5933 -0.0484
v 0.0651 -0.5920 0.0299
v 0.0693 -0.5835 -0.0518
v 0.0648 -0.5829 -0.0610
v 0.0703 -0.5842 -0.0492
v 0.0690 -0.5829 0.0257
v 0.0684 -0.5734 -0.0524
v 0.0694 -0.5777 0.0246
v 0.0678 -0.5696 -0.0528
v 0.0706 -0.5742 -0.0478
v 0.0672 -0.5692 0.0250
v 0.0670 -0.5674 0.0244
v 0.0700 -0.5642 0.0200
v 0.0664 -0.5606 -0.0529
v 0.0697 -0.5605 -0.0456
v 0.0697 -0.5570 -0.0438
v 0.0672 -0.5572 0.0198
v 0.0696 -0.5548 0.0154
v 0.0660 -0.5498 -0.0473
v 0.0701 -0.5527 -0.0394
v 0.0699 -0.5530 0.0134
v 0.0660 -0.5445 -0.0385
v 0.0697 -0.5487 -0.0343
v 0.0705 -0.5474 -0.0285
v 0.0693 -0.5471 0.0092
v 0.0649 -0.5444 0.0135
v 0.0671 -0.5425 -0.0298
v 0.0700 -0.5450 -0.0257
v 0.0695 -0.5431 0.0035
v 0.0690 -0.5406 -0.0198
v 0.0698 -0.5406 -0.0155
v 0.0686 -0.5381 -0.0113
v 0.0695 -0.5407 -0.0015
v 0.0744 -0.6327 -0.0141
v 0.0712 -0.6398 -0.0116
v 0.0709 -0.6388 -0.0011
v 0.0713 -0.6358 0.0031
v 0.0718 -0.6306 -0.0283
v 0.0720 -0.6327 -0.0250
v 0.0749 -0.6319 -0.0073
v 0.0751 -0.6279 -0.0214
v 0.0744 -0.6309 -0.0197
v 0.0751 -0.6302 -0.0039
v 0.0751 -0.6262 0.0040
v 0.0712 -0.6306 0.0098
v 0.0750 -0.6231 -0.0273
v 0.0751 -0.6218 0.0082
v 0.0719 -0.6142 -0.0387
v 0.0746 -0.6166 -0.0328
v 0.0750 -0.6202 -0.0297
v 0.0747 -0.6173 0.0122
v 0.0709 -0.6177 0.0187
v 0.0756 -0.6125 -0.0326
v 0.0752 -0.6118 0.0138
v 0.0717 -0.6133 0.0191
v 0.0753 -0.6086 -0.0348
v 0.0753 -0.6100 -0.0344
v 0.0741 -0.6078 0.0173
v 0.0716 -0.5992 -0.0441
v 0.0727 -0.6046 -0.0405
v 0.0747 -0.6034 -0.0373
v 0.0743 -0.6036 0.0179
v 0.0744 -0.5971 -0.0391
v 0.0746 -0.5984 0.0184
v 0.0730 -0.5890 -0.0426
v 0.0742 -0.5919 -0.0399
v 0.0747 -0.5930 0.0186
v 0.0710 -0.5930 0.0239
v 0.0720 -0.5858 -0.0450
v 0.0752 -0.5884 -0.0380
v 0.0747 -0.5888 0.0187
v 0.0703 -0.5845 0.0246
v 0.0740 -0.5819 -0.0403
v 0.0744 -0.5850 0.0188
v 0.0732 -0.5736 -0.0409
v 0.0739 -0.5770 -0.0398
v 0.0744 -0.5790 0.0179
v 0.0748 -0.5764 0.0166
v 0.0748 -0.5738 -0.0367
v 0.0729 -0.5708 0.0180
v 0.0754 -0.5725 0.0142
v 0.0719 -0.5729 0.0203
v 0.0710 -0.5625 -0.0431
v 0.0727 -0.5672 -0.0401
v 0.0752 -0.5706 -0.0347
v 0.0747 -0.5672 -0.0345
v 0.0751 -0.5663 0.0122
v 0.0706 -0.5614 -0.0437
v 0.0741 -0.5623 -0.0334
v 0.0741 -0.5646 0.0132
v 0.0753 -0.5621 0.0092
v 0.0720 -0.5630 0.0161
v 0.0714 -0.5566 -0.0381
v 0.0747 -0.5605 -0.0302
v 0.0744 -0.5575 -0.0283
v 0.0726 -0.5553 0.0100
v 0.0746 -0.5569 0.0066
v 0.0715 -0.5579 0.0141
v 0.0710 -0.5523 -0.0349
v 0.0747 -0.5557 -0.0251
v 0.0735 -0.5520 -0.0244
v 0.0751 -0.5526 -0.0190
v 0.0753 -0.5528 -0.0179
v 0.0739 -0.5510 0.0009
v 0.0750 -0.5522 -0.0017
v 0.0747 -0.5558 0.0051
v 0.0715 -0.5499 -0.0292
v 0.0708 -0.5434 -0.0196
v 0.0749 -0.5508 -0.0153
v 0.0717 -0.5438 -0.0145
v 0.0745 -0.5490 -0.0093
v 0.0748 -0.5502 -0.0064
v 0.0732 -0.5478 -0.0021
v 0.0716 -0.5486 0.0053
v 0.0702 -0.5405 -0.0087
v 0.0714 -0.5434 -0.0045
v 0.0777 -0.6236 -0.0126
v 0.0776 -0.6240 -0.0075
v 0.0763 -0.6271 -0.0051
v 0.0752 -0.6283 0.0004
v 0.0753 -0.6242 -0.0254
v 0.0781 -0.6200 -0.0177
v 0.0778 -0.6223 -0.0150
v 0.0777 -0.6188 0.0021
v 0.0760 -0.6225 0.0045
v 0.0773 -0.6138 -0.0274
v 0.0775 -0.6165 -0.0243
v 0.0798 -0.6149 -0.0119
v 0.0798 -0.6144 -0.0065
v 0.0787 -0.6158 0.0002
v 0.0754 -0.6198 0.0090
v 0.0783 -0.6161 -0.0215
v 0.0800 -0.6121 -0.0041
v 0.0781 -0.6097 0.0071
v 0.0765 -0.6126 0.0102
v 0.0784 -0.6044 -0.0283
v 0.0797 -0.6064 -0.0230
v 0.0800 -0.6096 -0.0189
v 0.0799 -0.6090 0.0002
v 0.0798 -0.6054 0.0030
v 0.0755 -0.6098 0.0140
v 0.0772 -0.5996 -0.0329
v 0.0777 -0.6028 -0.0308
v 0.0803 -0.6027 -0.0223
v 0.0795 -0.6021 0.0056
v 0.0800 -0.5995 0.0046
v 0.0763 -0.6032 0.0143
v 0.0768 -0.5933 -0.0345
v 0.0801 -0.5976 -0.0250
v 0.0801 -0.5993 -0.0242
v 0.0782 -0.5999 0.0101
v 0.0766 -0.5982 0.0144
v 0.0795 -0.5925 -0.0275
v 0.0795 -0.5930 0.0074
v 0.0768 -0.5933 0.0146
v 0.0774 -0.5830 -0.0327
v 0.0796 -0.5882 -0.0272
v 0.0796 -0.5881 0.0072
v 0.0799 -0.5869 0.0060
v 0.0767 -0.5884 0.0146
v 0.0763 -0.5784 -0.0344
v 0.0801 -0.5841 -0.0249
v 0.0787 -0.5799 0.0083
v 0.0802 -0.5829 0.0040
v 0.0771 -0.5806 0.0127
v 0.0765 -0.5832 0.0145
v 0.0787 -0.5751 -0.0267
v 0.0793 -0.5768 -0.0248
v 0.0802 -0.5821 -0.0240
v 0.0801 -0.5766 0.0020
v 0.0767 -0.5694 -0.0298
v 0.0800 -0.5731 -0.0199
v 0.0802 -0.5725 -0.0181
v 0.0796 -0.5742 0.0028
v 0.0801 -0.5723 -0.0017
v 0.0777 -0.5705 0.0073
v 0.0770 -0.5731 0.0105
v 0.0780 -0.5648 -0.0222
v 0.0786 -0.5639 -0.0178
v 0.0800 -0.5701 -0.0155
v 0.0795 -0.5669 -0.0145
v 0.0800 -0.5679 -0.0094
v 0.0801 -0.5696 -0.0064
v 0.0787 -0.5648 -0.0018
v 0.0781 -0.5665 0.0032
v 0.0780 -0.5677 0.0042
v 0.0764 -0.5620 -0.0255
v 0.0782 -0.5602 -0.0079
v 0.0783 -0.5619 -0.0050
v 0.0755 -0.5577 -0.0245
v 0.0764 -0.5545 -0.0128
v 0.0772 -0.5569 -0.0099
v 0.0764 -0.5570 -0.0004
v 0.0758 -0.5587 0.0046
v 0.0756 -0.5532 -0.0176
v 0.0758 -0.5535 -0.0045
v 0.0800 -0.6124 -0.0159
v 0.0808 -0.6083 -0.0076
v 0.0802 -0.6112 -0.0056
v 0.0810 -0.6037 -0.0165
v 0.0813 -0.6041 -0.0119
v 0.0809 -0.6073 -0.0101
v 0.0803 -0.6080 -0.0016
v 0.0814 -0.5992 -0.0033
v 0.0806 -0.6026 0.0000
v 0.0816 -0.5946 -0.0167
v 0.0820 -0.5951 -0.0121
v 0.0820 -0.5948 -0.0078
v 0.0816 -0.5970 -0.0048
v 0.0803 -0.5977 0.0037
v 0.0807 -0.5881 -0.0227
v 0.0811 -0.5923 -0.0202
v 0.0809 -0.5910 0.0020
v 0.0804 -0.5932 0.0041
v 0.0804 -0.5863 -0.0239
v 0.0819 -0.5851 -0.0123
v 0.0819 -0.5852 -0.0076
v 0.0817 -0.5869 -0.0048
v 0.0811 -0.5794 -0.0171
v 0.0814 -0.5821 -0.0151
v 0.0811 -0.5863 -0.0001
v 0.0812 -0.5769 -0.0098
v 0.0806 -0.5777 -0.0006
v 0.0806 -0.5747 -0.0169
v 0.0806 -0.5724 -0.0099
v 0.0811 -0.5770 -0.0053
vn -0.9895 -0.1427 -0.0238
vn -0.9808 -0.1939 0.0185
vn -0.9812 -0.1287 -0.1438
vn -0.9820 -0.1577 0.1035
vn -0.9838 -0.1177 0.1352
vn -0.9716 -0.0608 -0.2287
vn -0.9638 -0.1268 -0.2345
vn -0.9752 -0.0934 0.2004
vn -0.9932 -0.1155 -0.0126
vn -0.9971 -0.0643 0.0399
vn -0.9700 -0.0479 0.2381
vn -0.9691 0.0012 -0.2467
vn -0.9838 -0.1715 -0.0517
vn -0.9950 0.0330 0.0938
vn -0.9993 0.0078 0.0366
vn -0.9609 0.0090 0.2769
vn -0.9982 0.0547 0.0231
vn -1.0000 -0.0047 0.0011
vn -0.9802 0.0437 0.1933
vn -0.9739 0.0468 -0.2223
vn -0.9790 0.0815 -0.1870
vn -0.9977 0.0157 -0.0663
vn -0.9741 0.0946 0.2054
vn -0.9965 0.0430 0.0713
vn -0.9838 0.1157 -0.1371
vn -0.9795 0.1739 -0.1013
vn -0.9724 0.1622 0.1677
vn -0.9901 0.1330 -0.0447
vn -0.9886 0.1180 0.0931
vn -0.9104 -0.3546 -0.2130
vn -0.9410 -0.3185 -0.1142
vn -0.9317 -0.3628 -0.0187
vn -0.9529 -0.3005 0.0403
vn -0.9229 -0.3679 0.1140
vn -0.9201 -0.2966 -0.2559
vn -0.9209 -0.3190 0.2240
vn -0.9011 -0.3251 0.2869
vn -0.9069 -0.2252 -0.3561
vn -0.9547 -0.2066 -0.2142
vn -0.9717 -0.2171 -0.0934
vn -0.9634 -0.2351 0.1290
vn -0.8871 -0.2336 0.3981
vn -0.8943 -0.1662 -0.4154
vn -0.8622 -0.2304 -0.4512
vn -0.9617 -0.1881 -0.1994
vn -0.9604 -0.1548 0.2316
vn -0.9332 -0.2361 0.2709
vn -0.9580 -0.1334 -0.2540
vn -0.8624 -0.1844 0.4714
vn -0.9082 -0.0968 -0.4072
vn -0.9435 -0.1284 -0.3056
vn -0.9115 -0.1018 0.3985
vn -0.9071 -0.1745 0.3830
vn -0.9463 -0.0229 -0.3224
vn -0.9186 -0.0318 -0.3939
vn -0.8696 0.0126 0.4936
vn -0.9164 0.0062 -0.4003
vn -0.9253 0.0188 0.3787
vn -0.9458 0.0570 -0.3196
vn -0.8629 0.0963 0.4962
vn -0.9276 0.0761 -0.3658
vn -0.9437 0.1096 0.3123
vn -0.9012 0.1150 0.4179
vn -0.9432 0.1038 -0.3155
vn -0.9323 0.1828 -0.3120
vn -0.9640 0.1354 -0.2290
vn -0.8934 0.1852 0.4094
vn -0.9324 0.1336 -0.3358
vn -0.9595 0.1954 0.2027
vn -0.9170 0.2114 0.3383
vn -0.9426 0.1740 -0.2849
vn -0.9751 0.2135 0.0600
vn -0.9032 0.2762 0.3286
vn -0.9398 0.2311 -0.2517
vn -0.9282 0.2962 -0.2249
vn -0.9633 0.2349 -0.1301
vn -0.9610 0.2726 -0.0475
vn -0.9580 0.2700 0.0969
vn -0.9218 0.3424 0.1815
vn -0.9463 0.2637 0.1869
vn -0.9285 0.3503 -0.1231
vn -0.8949 0.3395 0.2897
vn -0.9412 0.3317 0.0646
vn -0.9110 0.3944 0.1206
vn -0.8437 -0.4716 -0.2565
vn -0.8722 -0.4646 -0.1529
vn -0.8635 -0.5021 -0.0466
vn -0.8925 -0.4476 0.0550
vn -0.8385 -0.5277 0.1356
vn -0.7830 -0.4346 -0.4450
vn -0.8494 -0.3986 -0.3458
vn -0.9098 -0.4047 -0.0921
vn -0.8601 -0.4451 0.2490
vn -0.8611 -0.3890 0.3275
vn -0.7943 -0.4164 0.4423
vn -0.9919 -0.0076 -0.1272
vn -0.8816 -0.3622 -0.3027
vn -0.8364 -0.3576 0.4153
vn -0.8018 -0.3192 -0.5052
vn -0.8691 -0.2978 -0.3949
vn -0.8484 -0.2745 0.4527
vn -0.7934 -0.2762 -0.5424
vn -0.7228 -0.2387 0.6485
vn -0.8378 -0.1926 -0.5109
vn -0.8459 -0.2156 -0.4878
vn -0.7958 -0.2305 0.5600
vn -0.8164 -0.2072 -0.5390
vn -0.8952 -0.1903 -0.4031
vn -0.8611 -0.1150 -0.4952
vn -0.8276 -0.0993 0.5525
vn -0.8802 -0.0956 -0.4649
vn -0.9071 -0.0920 -0.4108
vn -0.7954 -0.0521 0.6039
vn -0.7443 -0.0143 0.6677
vn -0.9239 -0.0337 -0.3812
vn -0.9047 -0.0195 -0.4255
vn -0.7784 0.0192 0.6274
vn -0.9143 0.0217 -0.4044
vn -0.9239 0.0406 -0.3805
vn -0.9215 0.0824 -0.3794
vn -0.7420 0.1866 0.6439
vn -0.9205 0.1272 -0.3696
vn -0.9295 0.1224 -0.3478
vn -0.8027 0.2360 0.5477
vn -0.9161 0.2227 -0.3335
vn -0.9349 0.1867 -0.3020
vn -0.7949 0.2859 0.5352
vn -0.9406 0.1441 -0.3074
vn -0.9299 0.2557 -0.2643
vn -0.7874 0.3540 0.5046
vn -0.8850 0.3699 -0.2828
vn -0.8316 0.4162 0.3678
vn -0.8917 0.3859 -0.2366
vn -0.8547 0.4673 -0.2262
vn -0.9015 0.3817 -0.2042
vn -0.8392 0.4489 0.3070
vn -0.8467 0.4975 -0.1889
vn -0.8864 0.4569 -0.0739
vn -0.9184 0.3956 0.0095
vn -0.8443 0.4987 0.1958
vn -0.8382 0.5270 -0.1404
vn -0.8428 0.5382 0.0007
vn -0.7808 0.6205 0.0737
vn -0.7142 -0.6820 -0.1576
vn -0.7743 -0.6313 -0.0435
vn -0.7383 -0.6504 0.1783
vn -0.6821 -0.6271 -0.3762
vn -0.7546 -0.6018 -0.2613
vn -0.8176 -0.5751 0.0278
vn -0.7386 -0.5858 0.3336
vn -0.7036 -0.5558 -0.4429
vn -0.7931 -0.4978 0.3510
vn -0.6406 -0.6238 0.4477
vn -0.7160 -0.5030 0.4841
vn -0.7842 -0.3598 -0.5056
vn -0.6701 -0.4757 -0.5699
vn -0.6823 -0.4561 0.5714
vn -0.6516 -0.4056 -0.6410
vn -0.7298 -0.3444 0.5906
vn -0.5852 -0.4185 0.6946
vn -0.7159 -0.3150 -0.6231
vn -0.5598 -0.3293 0.7604
vn -0.6460 -0.3494 -0.6787
vn -0.6208 -0.2541 0.7416
vn -0.7567 -0.3487 -0.5530
vn -0.5620 -0.0446 0.8260
vn -0.6838 -0.5092 -0.5226
vn -0.8045 -0.2863 -0.5203
vn -0.7217 -0.1488 0.6761
vn -0.8867 -0.1743 -0.4281
vn -0.8791 -0.3083 -0.3635
vn -0.7637 -0.1941 0.6157
vn -0.6541 -0.0070 0.7564
vn -0.8833 0.0187 -0.4684
vn -0.9321 -0.1001 -0.3481
vn -0.8522 0.0889 -0.5156
vn -0.9301 0.0025 -0.3673
vn -0.7500 0.0926 0.6550
vn -0.7805 0.1552 -0.6055
vn -0.9146 0.0450 -0.4020
vn -0.6485 0.1011 0.7545
vn -0.8282 0.1390 -0.5430
vn -0.8979 0.0996 -0.4288
vn -0.8520 0.1473 -0.5024
vn -0.5438 0.2888 0.7879
vn -0.8075 0.2190 -0.5477
vn -0.6794 0.3308 0.6550
vn -0.6192 0.2022 0.7588
vn -0.7319 0.3001 -0.6117
vn -0.8805 0.2122 -0.4239
vn -0.6525 0.4192 0.6313
vn -0.7739 0.4420 -0.4535
vn -0.8977 0.3116 -0.3114
vn -0.7039 0.4556 0.5449
vn -0.6711 0.4143 -0.6148
vn -0.7332 0.5532 0.3955
vn -0.7607 0.5677 -0.3147
vn -0.8659 0.4757 -0.1544
vn -0.8117 0.5273 -0.2513
vn -0.6400 0.5450 0.5416
vn -0.7115 0.6443 -0.2804
vn -0.7137 0.6398 -0.2851
vn -0.7217 0.6075 0.3318
vn -0.7332 0.6367 -0.2390
vn -0.7124 0.6980 -0.0726
vn -0.7065 0.6801 0.1957
vn -0.4811 -0.8534 -0.2005
vn -0.5600 -0.8279 -0.0301
vn -0.2734 -0.9609 0.0433
vn -0.5901 -0.7954 0.1379
vn -0.5803 -0.7442 -0.3309
vn -0.6426 -0.6988 0.3141
vn -0.6275 -0.7535 0.1963
vn -0.5717 -0.7038 0.4218
vn -0.5439 -0.6506 -0.5300
vn -0.5374 -0.6720 0.5095
vn -0.5312 -0.5920 0.6061
vn -0.6070 -0.5306 -0.5916
vn -0.5170 -0.5752 -0.6339
vn -0.6032 -0.4870 0.6317
vn -0.4692 -0.4909 -0.7341
vn -0.6079 -0.4153 -0.6768
vn -0.4295 -0.4412 -0.7879
vn -0.3747 -0.2975 0.8781
vn -0.5997 -0.4367 -0.6705
vn -0.4387 -0.6124 -0.6576
vn -0.6203 -0.5410 -0.5679
vn -0.3869 -0.2063 0.8988
vn -0.6101 -0.6356 -0.4732
vn -0.7439 -0.5235 -0.4154
vn -0.4294 -0.1782 0.8853
vn -0.6987 -0.4475 -0.5582
vn -0.5371 -0.1294 0.8335
vn -0.8231 0.0070 -0.5679
vn -0.3545 -0.0382 0.9343
vn -0.5452 0.0641 -0.8358
vn -0.5835 -0.0094 0.8120
vn -0.6740 0.2186 -0.7057
vn -0.4595 0.0725 0.8852
vn -0.5857 0.2011 -0.7852
vn -0.6485 0.2467 -0.7202
vn -0.5135 -0.1186 0.8498
vn -0.1654 0.5851 0.7939
vn -0.4982 0.1891 0.8462
vn -0.7338 0.0974 -0.6723
vn -0.5809 0.3039 -0.7551
vn -0.5242 0.3598 0.7719
vn -0.3890 0.3692 0.8440
vn -0.5124 0.4169 0.7508
vn -0.5058 0.4629 -0.7280
vn -0.6045 0.5744 -0.5520
vn -0.6014 0.4974 0.6253
vn -0.4528 0.4937 0.7424
vn -0.5097 0.5764 0.6388
vn -0.4483 0.5607 0.6962
vn -0.5258 0.7410 -0.4176
vn -0.5829 0.7526 -0.3064
vn -0.5724 0.7673 -0.2891
vn -0.5774 0.7354 0.3548
vn -0.5733 0.6537 0.4940
vn -0.5198 0.7950 -0.3126
vn -0.6025 0.7814 -0.1622
vn -0.2782 -0.8796 -0.3860
vn 0.0176 -0.9978 0.0634
vn -0.2883 -0.9567 -0.0394
vn -0.3749 -0.8813 0.2876
vn -0.2914 -0.8782 0.3793
vn -0.4728 -0.5964 -0.6487
vn -0.4001 -0.7594 -0.5131
vn -0.1245 -0.8548 -0.5038
vn -0.4004 -0.6550 0.6408
vn -0.1353 -0.7732 0.6196
vn -0.4057 -0.6425 -0.6501
vn -0.2186 -0.6729 -0.7068
vn -0.3606 -0.6933 0.6239
vn -0.2561 -0.5872 -0.7679
vn -0.4277 -0.5241 0.7364
vn -0.1310 -0.5184 -0.8451
vn -0.2739 -0.4272 -0.8617
vn -0.4404 -0.4374 0.7840
vn -0.3644 -0.4256 0.8283
vn -0.1644 -0.5127 -0.8427
vn -0.3004 -0.7055 -0.6419
vn -0.2600 -0.4343 0.8624
vn -0.4345 -0.7521 -0.4956
vn -0.2043 -0.8119 -0.5469
vn -0.3174 -0.7471 -0.5841
vn -0.2416 -0.0157 0.9702
vn -0.3468 -0.4668 -0.8136
vn -0.4183 -0.1729 -0.8917
vn -0.4488 0.3122 -0.8373
vn -0.2797 0.3157 -0.9067
vn -0.1709 0.3239 -0.9305
vn -0.4296 0.2449 -0.8692
vn -0.3284 0.1128 0.9378
vn -0.1494 0.4006 -0.9040
vn -0.3463 0.3291 -0.8785
vn -0.2802 0.2898 0.9152
vn -0.2326 0.4019 0.8856
vn -0.2415 0.4791 0.8439
vn -0.2796 0.6430 -0.7129
vn -0.2395 0.5879 0.7727
vn -0.2852 0.8815 -0.3763
vn -0.4492 0.7908 -0.4158
vn -0.3474 0.7188 0.6023
vn -0.2992 0.8834 -0.3608
vn -0.4049 0.8415 -0.3576
vn -0.3919 0.6085 0.6900
vn -0.0540 0.8350 0.5476
vn -0.2297 0.8005 -0.5535
vn -0.4651 0.8850 -0.0219
vn -0.4028 0.8807 0.2493
vn -0.3682 0.8366 0.4057
vn -0.1860 0.9808 -0.0594
vn 0.1288 -0.8640 -0.4867
vn 0.1994 -0.9665 -0.1616
vn -0.1458 -0.9681 -0.2037
vn 0.0867 -0.9525 0.2918
vn 0.0062 -0.8603 0.5097
vn -0.0454 -0.7747 -0.6307
vn 0.1338 -0.8001 0.5848
vn 0.0170 -0.7051 -0.7089
vn -0.0719 -0.6385 0.7662
vn 0.0062 -0.5785 -0.8157
vn 0.0807 -0.5928 0.8013
vn -0.0223 -0.4687 -0.8831
vn -0.1892 -0.4478 0.8739
vn 0.0054 -0.5548 -0.8320
vn -0.0783 -0.7176 -0.6921
vn -0.0410 -0.2445 0.9688
vn 0.0896 -0.8162 -0.5708
vn -0.0711 -0.7934 -0.6046
vn 0.0066 -0.1667 0.9860
vn 0.0515 -0.6150 -0.7868
vn 0.0957 0.1427 -0.9851
vn 0.1813 0.3201 -0.9299
vn -0.1176 0.1994 0.9728
vn 0.2669 0.3119 -0.9118
vn -0.3873 0.2276 -0.8934
vn 0.3168 0.3580 -0.8783
vn -0.1422 0.4038 0.9037
vn 0.1629 0.3524 -0.9216
vn -0.0083 0.3928 0.9196
vn -0.1933 0.3104 -0.9308
vn -0.0474 0.4432 -0.8952
vn 0.1727 0.5114 -0.8418
vn 0.0824 0.4794 0.8737
vn 0.0165 0.6015 0.7987
vn -0.0010 0.7744 -0.6326
vn -0.1323 0.9283 -0.3476
vn -0.1303 0.8780 -0.4606
vn -0.0989 0.7070 0.7002
vn 0.1365 0.9192 -0.3694
vn -0.1398 0.9321 -0.3341
vn -0.0029 0.9546 -0.2977
vn -0.2210 0.9619 0.1611
vn 0.0781 0.9146 0.3968
vn 0.0795 0.9859 0.1471
vn 0.2271 -0.8919 0.3911
vn 0.4023 -0.8062 0.4338
vn 0.3543 -0.7636 -0.5397
vn 0.3187 -0.7299 0.6046
vn 0.2646 -0.6812 -0.6827
vn 0.1823 -0.5990 -0.7797
vn 0.2203 -0.5623 0.7970
vn 0.2125 -0.5008 -0.8391
vn 0.2383 -0.4520 -0.8596
vn 0.1063 -0.3337 0.9367
vn 0.2444 -0.6074 -0.7558
vn 0.4044 -0.4245 -0.8101
vn 0.0473 -0.3739 0.9263
vn 0.4176 -0.7721 -0.4790
vn 0.2369 -0.7734 -0.5880
vn 0.3386 -0.4564 -0.8228
vn -0.0047 -0.0576 0.9983
vn 0.0822 -0.1567 -0.9842
vn 0.2557 0.2715 -0.9278
vn 0.4536 0.2659 -0.8506
vn -0.1708 -0.0499 0.9840
vn 0.2591 0.2308 0.9379
vn 0.0818 0.2801 -0.9565
vn 0.5981 0.2366 -0.7657
vn 0.1254 0.3409 0.9317
vn 0.2412 0.3301 0.9126
vn 0.4146 0.3620 0.8349
vn 0.2470 0.5203 0.8175
vn 0.3788 0.5606 -0.7363
vn 0.2571 0.7537 -0.6048
vn 0.2281 0.6647 0.7115
vn 0.3578 0.8017 -0.4787
vn 0.2936 0.8659 -0.4051
vn 0.2979 0.8835 -0.3617
vn 0.1175 0.7349 0.6680
vn 0.0206 0.9074 -0.4197
vn 0.4493 0.6135 -0.6494
vn 0.3924 0.7019 0.5945
vn 0.1839 0.9242 -0.3347
vn 0.4385 0.8350 -0.3324
vn 0.2785 0.9494 -0.1455
vn 0.3549 0.8765 0.3253
vn 0.1278 0.9918 -0.0049
vn 0.5291 -0.8334 -0.1596
vn 0.3938 -0.8764 -0.2771
vn 0.2803 -0.9383 0.2027
vn 0.4511 -0.8492 0.2746
vn 0.5717 -0.6849 -0.4517
vn 0.4557 -0.6024 -0.6553
vn 0.5629 -0.6056 0.5624
vn 0.4361 -0.5296 -0.7275
vn 0.4856 -0.5664 -0.6659
vn 0.3809 -0.6302 0.6765
vn 0.4708 -0.5049 0.7235
vn 0.4629 -0.4160 -0.7827
vn 0.3647 -0.3962 0.8426
vn 0.5016 -0.3560 0.7885
vn 0.5695 -0.6046 -0.5569
vn 0.2594 -0.9361 -0.2377
vn 0.3306 -0.2871 0.8990
vn 0.5659 -0.6375 -0.5229
vn 0.3111 -0.1697 0.9351
vn 0.6164 -0.3424 -0.7090
vn 0.6461 -0.0228 -0.7629
vn 0.1932 0.0114 0.9811
vn 0.5826 0.2900 -0.7592
vn 0.0753 0.0388 0.9964
vn 0.7118 0.2122 -0.6696
vn 0.5483 0.1760 -0.8176
vn 0.3352 0.2714 -0.9022
vn 0.1910 0.2464 0.9502
vn 0.6989 0.4313 -0.5706
vn 0.4204 0.2201 0.8803
vn 0.5848 0.1784 -0.7913
vn 0.4773 0.3755 -0.7945
vn 0.3906 0.4398 0.8087
vn 0.6378 0.3711 -0.6749
vn 0.6474 0.5629 -0.5139
vn 0.3601 0.5091 0.7818
vn 0.4357 0.5388 0.7211
vn 0.4639 0.8152 -0.3467
vn 0.4799 0.8079 -0.3420
vn 0.4653 0.8003 -0.3782
vn 0.4747 0.7965 -0.3745
vn 0.4411 0.7864 0.4324
vn 0.5129 0.6949 0.5040
vn 0.4975 0.8116 -0.3063
vn 0.4586 0.8863 -0.0651
vn 0.3790 0.9121 0.1565
vn 0.6851 -0.7255 0.0657
vn 0.5488 -0.8357 0.0224
vn 0.5718 -0.7439 -0.3459
vn 0.5939 -0.7997 -0.0880
vn 0.7516 -0.6400 0.1598
vn 0.6668 -0.6733 0.3195
vn 0.6093 -0.6097 -0.5069
vn 0.6992 -0.6038 -0.3827
vn 0.6696 -0.5951 0.4444
vn 0.7017 -0.5238 -0.4830
vn 0.6656 -0.5065 0.5481
vn 0.5901 -0.5986 0.5417
vn 0.4705 -0.3856 -0.7937
vn 0.6406 -0.5133 -0.5710
vn 0.5552 -0.4581 0.6942
vn 0.6073 -0.3993 -0.6869
vn 0.6022 -0.3567 0.7143
vn 0.6785 -0.3449 -0.6486
vn 0.6567 -0.3351 -0.6757
vn 0.5672 -0.4565 -0.6854
vn 0.6630 -0.2419 0.7085
vn 0.4624 -0.1990 0.8640
vn 0.6810 -0.6968 -0.2251
vn 0.6535 -0.1423 0.7434
vn 0.7584 -0.5020 -0.4157
vn 0.4927 -0.1085 0.8634
vn 0.8866 -0.1106 -0.4490
vn 0.8251 -0.4010 -0.3980
vn 0.8928 0.0323 -0.4493
vn 0.4021 0.0591 0.9137
vn 0.5629 0.0838 0.8222
vn 0.7996 0.1876 -0.5705
vn 0.4998 0.1147 0.8585
vn 0.5468 0.1777 0.8182
vn 0.7603 0.1839 -0.6231
vn 0.2966 -0.0463 0.9539
vn 0.8007 0.2864 -0.5262
vn 0.5641 0.3712 0.7376
vn 0.6325 0.3969 0.6651
vn 0.7508 0.5577 -0.3541
vn 0.6004 0.5304 0.5985
vn 0.6334 0.6641 -0.3971
vn 0.6717 0.6754 -0.3045
vn 0.6561 0.7027 -0.2753
vn 0.6495 0.6968 -0.3044
vn 0.6926 0.6617 -0.2872
vn 0.6437 0.6182 0.4511
vn 0.6939 0.6431 0.3240
vn 0.6626 0.7075 -0.2458
vn 0.7253 0.6700 -0.1582
vn 0.6671 0.7435 -0.0467
vn 0.7562 0.6466 0.1004
vn 0.6242 0.7566 0.1950
vn 0.7784 -0.6277 -0.0046
vn 0.7453 -0.6230 -0.2375
vn 0.8254 -0.5522 -0.1171
vn 0.8400 -0.5365 0.0809
vn 0.8304 -0.4754 -0.2904
vn 0.7926 -0.5418 0.2796
vn 0.8061 -0.4647 0.3663
vn 0.7809 -0.4495 -0.4338
vn 0.7754 -0.4139 0.4769
vn 0.7185 -0.3846 -0.5794
vn 0.8139 -0.3376 -0.4728
vn 0.7089 -0.3837 0.5919
vn 0.8059 -0.3213 0.4973
vn 0.6931 -0.2942 0.6581
vn 0.7745 -0.2835 -0.5654
vn 0.8000 -0.2506 -0.5452
vn 0.7306 -0.1802 0.6586
vn 0.8473 -0.1898 -0.4960
vn 0.9141 -0.2291 -0.3345
vn 0.8133 -0.3187 -0.4867
vn 0.8722 -0.1930 -0.4494
vn 0.8511 -0.1967 -0.4867
vn 0.9364 -0.0911 -0.3389
vn 0.9161 -0.1445 -0.3739
vn 0.7478 -0.1019 0.6561
vn 0.7496 -0.0396 0.6607
vn 0.9249 -0.0728 -0.3731
vn 0.6316 -0.0064 0.7753
vn 0.9234 0.0188 -0.3835
vn 0.8313 0.1396 -0.5380
vn 0.9265 0.0004 -0.3763
vn 0.6312 -0.0173 0.7754
vn 0.8799 0.0960 -0.4654
vn 0.7324 0.1250 0.6693
vn 0.8632 0.1044 -0.4939
vn 0.9226 0.0729 -0.3789
vn 0.6687 0.2213 0.7098
vn 0.6535 0.2870 0.7004
vn 0.7689 0.2521 0.5876
vn 0.8022 0.2036 -0.5613
vn 0.9106 0.1076 -0.3991
vn 0.9124 0.2208 -0.3445
vn 0.7168 0.3223 0.6184
vn 0.7694 0.3571 0.5297
vn 0.8228 0.4087 -0.3950
vn 0.9038 0.3273 -0.2757
vn 0.7548 0.4178 0.5058
vn 0.7902 0.5507 -0.2689
vn 0.8664 0.4344 -0.2462
vn 0.8839 0.4214 -0.2027
vn 0.7946 0.4486 0.4091
vn 0.6903 0.5062 0.5169
vn 0.7781 0.5739 -0.2555
vn 0.8766 0.4428 -0.1885
vn 0.8169 0.4919 0.3012
vn 0.8065 0.5550 -0.2039
vn 0.8329 0.5420 -0.1119
vn 0.8134 0.5808 -0.0309
vn 0.8236 0.5377 0.1804
vn 0.9176 -0.3890 -0.0811
vn 0.8812 -0.4718 -0.0277
vn 0.8555 -0.4899 0.1674
vn 0.8773 -0.4102 0.2491
vn 0.8551 -0.3739 -0.3592
vn 0.8748 -0.3826 -0.2973
vn 0.9231 -0.3819 0.0450
vn 0.9206 -0.3276 -0.2126
vn 0.9085 -0.3769 -0.1805
vn 0.9245 -0.3596 0.1265
vn 0.9122 -0.3177 0.2588
vn 0.8465 -0.3708 0.3820
vn 0.9016 -0.2808 -0.3290
vn 0.9017 -0.2735 0.3348
vn 0.8180 -0.2274 -0.5283
vn 0.8756 -0.2281 -0.4257
vn 0.8975 -0.2572 -0.3582
vn 0.8795 -0.2305 0.4163
vn 0.8041 -0.2422 0.5430
vn 0.9027 -0.1810 -0.3903
vn 0.8828 -0.1889 0.4301
vn 0.8107 -0.1958 0.5517
vn 0.8889 -0.1446 -0.4347
vn 0.8761 -0.1800 -0.4473
vn 0.8404 -0.1424 0.5229
vn 0.8899 -0.1131 -0.4419
vn 0.8596 -0.1449 -0.4900
vn 0.8816 -0.1000 -0.4612
vn 0.8401 -0.1160 0.5299
vn 0.8891 -0.0666 -0.4528
vn 0.8516 -0.0642 0.5203
vn 0.9094 -0.0263 -0.4150
vn 0.8944 -0.0396 -0.4456
vn 0.8557 -0.0168 0.5172
vn 0.7787 -0.0054 0.6274
vn 0.9274 0.0026 -0.3741
vn 0.9090 0.0080 -0.4168
vn 0.8541 0.0153 0.5198
vn 0.7506 0.0545 0.6585
vn 0.9167 0.0389 -0.3977
vn 0.8527 0.0567 0.5193
vn 0.9264 0.0906 -0.3654
vn 0.9191 0.0684 -0.3881
vn 0.8520 0.0999 0.5140
vn 0.8695 0.1231 0.4784
vn 0.9247 0.1118 -0.3639
vn 0.8268 0.1880 0.5301
vn 0.8920 0.1598 0.4229
vn 0.7982 0.1694 0.5782
vn 0.9259 0.1516 -0.3460
vn 0.9333 0.1251 -0.3367
vn 0.9273 0.1394 -0.3475
vn 0.9287 0.1623 -0.3335
vn 0.8988 0.2012 0.3894
vn 0.9245 0.1526 -0.3492
vn 0.9339 0.1996 -0.2965
vn 0.8618 0.2430 0.4454
vn 0.9026 0.2525 0.3488
vn 0.8280 0.2591 0.4973
vn 0.9352 0.2286 -0.2706
vn 0.9249 0.2426 -0.2929
vn 0.9237 0.2834 -0.2580
vn 0.8587 0.3353 0.3875
vn 0.8911 0.3073 0.3341
vn 0.8368 0.2951 0.4612
vn 0.9365 0.2842 -0.2053
vn 0.9189 0.3139 -0.2389
vn 0.9034 0.3655 -0.2241
vn 0.9164 0.3567 -0.1818
vn 0.9041 0.4053 -0.1352
vn 0.8916 0.3878 0.2337
vn 0.9232 0.3483 0.1622
vn 0.9021 0.3298 0.2781
vn 0.9024 0.3689 -0.2226
vn 0.8669 0.4605 -0.1910
vn 0.9270 0.3659 -0.0818
vn 0.8880 0.4524 -0.0829
vn 0.9173 0.3981 0.0075
vn 0.9228 0.3796 0.0664
vn 0.8922 0.4212 0.1631
vn 0.8659 0.4019 0.2977
vn 0.8493 0.5267 0.0352
vn 0.8841 0.4561 0.1017
vn 0.9584 -0.2811 -0.0506
vn 0.9602 -0.2748 0.0507
vn 0.9484 -0.2995 0.1042
vn 0.9187 -0.3413 0.1990
vn 0.9171 -0.2905 -0.2730
vn 0.9589 -0.2458 -0.1418
vn 0.9577 -0.2683 -0.1036
vn 0.9504 -0.2327 0.2063
vn 0.9325 -0.2637 0.2469
vn 0.9381 -0.1756 -0.2985
vn 0.9445 -0.2123 -0.2506
vn 0.9803 -0.1957 -0.0278
vn 0.9777 -0.2015 0.0591
vn 0.9646 -0.2037 0.1673
vn 0.9131 -0.2327 0.3349
vn 0.9570 -0.2084 -0.2017
vn 0.9806 -0.1656 0.1046
vn 0.9442 -0.1536 0.2913
vn 0.9232 -0.1843 0.3373
vn 0.9423 -0.1200 -0.3126
vn 0.9647 -0.1321 -0.2280
vn 0.9767 -0.1477 -0.1554
vn 0.9704 -0.1512 0.1884
vn 0.9676 -0.1176 0.2235
vn 0.9005 -0.1428 0.4108
vn 0.9204 -0.0689 -0.3849
vn 0.9319 -0.0920 -0.3509
vn 0.9774 -0.0888 -0.1917
vn 0.9441 -0.1260 0.3048
vn 0.9667 -0.0717 0.2456
vn 0.9078 -0.1034 0.4064
vn 0.9176 -0.0220 -0.3970
vn 0.9671 -0.0502 -0.2495
vn 0.9843 -0.0461 -0.1702
vn 0.9382 -0.0758 0.3376
vn 0.9110 -0.0533 0.4090
vn 0.9519 -0.0131 -0.3062
vn 0.9516 -0.0170 0.3070
vn 0.9137 -0.0163 0.4061
vn 0.9321 0.0550 -0.3579
vn 0.9525 0.0238 -0.3037
vn 0.9514 0.0222 0.3071
vn 0.9644 0.0341 0.2623
vn 0.9140 0.0241 0.4051
vn 0.9272 0.0913 -0.3632
vn 0.9341 0.1060 -0.3409
vn 0.9446 0.0963 0.3138
vn 0.9718 0.0686 0.2255
vn 0.9199 0.0819 0.3835
vn 0.9085 0.0578 0.4138
vn 0.9516 0.1248 -0.2810
vn 0.9619 0.1059 -0.2520
vn 0.9729 0.0639 -0.2223
vn 0.9744 0.1054 0.1988
vn 0.9387 0.1654 -0.3024
vn 0.9710 0.1504 -0.1858
vn 0.9772 0.1667 -0.1317
vn 0.9621 0.1423 0.2326
vn 0.9780 0.1550 0.1397
vn 0.9391 0.1632 0.3024
vn 0.9295 0.1459 0.3387
vn 0.9559 0.2073 -0.2080
vn 0.9600 0.2438 -0.1375
vn 0.9819 0.1672 -0.0896
vn 0.9770 0.2017 -0.0689
vn 0.9817 0.1905 0.0051
vn 0.9829 0.1726 0.0647
vn 0.9646 0.2212 0.1437
vn 0.9516 0.2063 0.2276
vn 0.9475 0.1807 0.2636
vn 0.9393 0.2371 -0.2478
vn 0.9653 0.2590 0.0325
vn 0.9650 0.2429 0.0988
vn 0.9433 0.2615 -0.2047
vn 0.9490 0.3114 -0.0495
vn 0.9572 0.2895 -0.0005
vn 0.9458 0.2790 0.1665
vn 0.9340 0.2614 0.2437
vn 0.9350 0.3283 -0.1344
vn 0.9467 0.3106 0.0849
vn 0.9804 -0.1717 -0.0966
vn 0.9920 -0.1203 0.0375
vn 0.9882 -0.1390 0.0638
vn 0.9909 -0.0821 -0.1066
vn 0.9956 -0.0907 -0.0222
vn 0.9912 -0.1322 0.0016
vn 0.9866 -0.1131 0.1174
vn 0.9925 -0.0664 0.1022
vn 0.9849 -0.0905 0.1475
vn 0.9937 -0.0343 -0.1062
vn 0.9987 -0.0373 -0.0360
vn 0.9989 -0.0241 0.0408
vn 0.9956 -0.0418 0.0843
vn 0.9788 -0.0437 0.2001
vn 0.9823 0.0225 -0.1862
vn 0.9881 -0.0064 -0.1538
vn 0.9848 -0.0030 0.1738
vn 0.9762 -0.0210 0.2160
vn 0.9765 0.0435 -0.2111
vn 0.9984 0.0360 -0.0434
vn 0.9982 0.0435 0.0422
vn 0.9951 0.0241 0.0955
vn 0.9897 0.0884 -0.1126
vn 0.9939 0.0655 -0.0882
vn 0.9892 0.0363 0.1417
vn 0.9943 0.1069 -0.0067
vn 0.9867 0.0879 0.1364
vn 0.9890 0.1142 -0.0944
vn 0.9908 0.1351 -0.0123
vn 0.9926 0.0990 0.0707
f 1753//1753 1755//1755 1752//1752
f 1752//1752 1754//1754 1791//1791
f 1754//1754 1752//1752 1761//1761
f 1761//1761 1752//1752 1755//1755
f 1754//1754 1757//1757 1758//1758
f 1757//1757 1754//1754 1760//1760
f 1766//1766 1754//1754 1761//1761
f 1760//1760 1754//1754 1766//1766
f 1759//1759 1755//1755 1756//1756
f 1761//1761 1755//1755 1759//1759
f 1769//1769 1757//1757 1760//1760
f 1764//1764 1757//1757 1769//1769
f 1761//1761 1759//1759 1762//1762
f 1773//1773 1757//1757 1764//1764
f 1763//1763 1757//1757 1773//1773
f 1765//1765 1760//1760 1766//1766
f 1769//1769 1760//1760 1765//1765
f 1767//1767 1761//1761 1762//1762
f 1766//1766 1761//1761 1767//1767
f 1768//1768 1764//1764 1769//1769
f 1773//1773 1764//1764 1768//1768
f 1770//1770 1765//1765 1766//1766
f 1769//1769 1765//1765 1770//1770
f 1770//1770 1766//1766 1767//1767
f 1763//1763 1772//1772 1771//1771
f 1773//1773 1772//1772 1763//1763
f 1772//1772 1773//1773 1779//1779
f 1780//1780 1768//1768 1769//1769
f 1773//1773 1768//1768 1780//1780
f 1774//1774 1769//1769 1770//1770
f 1780//1780 1769//1769 1774//1774
f 1775//1775 1779//1779 1773//1773
f 1775//1775 1773//1773 1780//1780
f 1772//1772 1777//1777 1776//1776
f 1779//1779 1777//1777 1772//1772
f 1779//1779 1775//1775 1780//1780
f 1778//1778 1780//1780 1774//1774
f 1783//1783 1784//1784 1782//1782
f 1785//1785 1787//1787 1784//1784
f 1782//1782 1786//1786 1781//1781
f 1786//1786 1782//1782 1791//1791
f 1791//1791 1782//1782 1784//1784
f 1792//1792 1784//1784 1787//1787
f 1790//1790 1789//1789 1786//1786
f 1790//1790 1786//1786 1791//1791
f 1753//1753 1791//1791 1784//1784
f 1753//1753 1784//1784 1792//1792
f 1792//1792 1787//1787 1798//1798
f 1793//1793 1798//1798 1788//1788
f 1789//1789 1794//1794 1795//1795
f 1789//1789 1790//1790 1796//1796
f 1796//1796 1790//1790 1791//1791
f 1752//1752 1791//1791 1753//1753
f 1753//1753 1792//1792 1755//1755
f 1792//1792 1797//1797 1755//1755
f 1797//1797 1792//1792 1798//1798
f 1804//1804 1798//1798 1793//1793
f 1799//1799 1794//1794 1789//1789
f 1802//1802 1794//1794 1799//1799
f 1799//1799 1796//1796 1754//1754
f 1799//1799 1789//1789 1796//1796
f 1754//1754 1796//1796 1791//1791
f 1797//1797 1756//1756 1755//1755
f 1797//1797 1798//1798 1804//1804
f 1801//1801 1794//1794 1802//1802
f 1758//1758 1802//1802 1754//1754
f 1754//1754 1802//1802 1799//1799
f 1803//1803 1759//1759 1797//1797
f 1797//1797 1759//1759 1756//1756
f 1803//1803 1797//1797 1804//1804
f 1861//1861 1804//1804 1800//1800
f 1806//1806 1801//1801 1805//1805
f 1805//1805 1802//1802 1757//1757
f 1805//1805 1801//1801 1802//1802
f 1757//1757 1802//1802 1758//1758
f 1803//1803 1762//1762 1759//1759
f 1803//1803 1804//1804 1861//1861
f 1763//1763 1806//1806 1757//1757
f 1757//1757 1806//1806 1805//1805
f 1809//1809 1767//1767 1803//1803
f 1803//1803 1767//1767 1762//1762
f 1809//1809 1803//1803 1807//1807
f 1810//1810 1808//1808 1806//1806
f 1771//1771 1810//1810 1763//1763
f 1763//1763 1810//1810 1806//1806
f 1812//1812 1808//1808 1810//1810
f 1772//1772 1810//1810 1771//1771
f 1813//1813 1774//1774 1770//1770
f 1767//1767 1813//1813 1770//1770
f 1767//1767 1814//1814 1813//1813
f 1811//1811 1767//1767 1809//1809
f 1814//1814 1767//1767 1811//1811
f 1809//1809 1807//1807 1811//1811
f 1822//1822 1812//1812 1810//1810
f 1822//1822 1810//1810 1817//1817
f 1776//1776 1817//1817 1772//1772
f 1772//1772 1817//1817 1810//1810
f 1812//1812 1815//1815 1819//1819
f 1816//1816 1812//1812 1822//1822
f 1815//1815 1812//1812 1816//1816
f 1777//1777 1817//1817 1776//1776
f 1774//1774 1820//1820 1778//1778
f 1774//1774 1821//1821 1820//1820
f 1818//1818 1774//1774 1813//1813
f 1821//1821 1774//1774 1818//1818
f 1813//1813 1814//1814 1818//1818
f 1815//1815 1816//1816 1819//1819
f 1827//1827 1822//1822 1817//1817
f 1827//1827 1817//1817 1777//1777
f 1779//1779 1823//1823 1777//1777
f 1777//1777 1823//1823 1827//1827
f 1780//1780 1823//1823 1779//1779
f 1778//1778 1820//1820 1780//1780
f 1820//1820 1823//1823 1780//1780
f 1828//1828 1827//1827 1823//1823
f 1831//1831 1823//1823 1820//1820
f 1831//1831 1820//1820 1824//1824
f 1820//1820 1821//1821 1824//1824
f 1825//1825 1880//1880 1816//1816
f 1816//1816 1826//1826 1825//1825
f 1822//1822 1826//1826 1816//1816
f 1826//1826 1822//1822 1827//1827
f 1829//1829 1828//1828 1823//1823
f 1830//1830 1823//1823 1831//1831
f 1829//1829 1823//1823 1830//1830
f 1827//1827 1832//1832 1826//1826
f 1890//1890 1827//1827 1828//1828
f 1832//1832 1827//1827 1890//1890
f 1834//1834 1828//1828 1829//1829
f 1890//1890 1828//1828 1834//1834
f 1829//1829 1830//1830 1834//1834
f 1830//1830 1831//1831 1833//1833
f 1833//1833 1831//1831 1824//1824
f 1835//1835 1834//1834 1830//1830
f 1838//1838 1839//1839 1837//1837
f 1840//1840 1844//1844 1839//1839
f 1837//1837 1842//1842 1836//1836
f 1843//1843 1837//1837 1839//1839
f 1785//1785 1839//1839 1844//1844
f 1846//1846 1844//1844 1845//1845
f 1841//1841 1842//1842 1847//1847
f 1848//1848 1837//1837 1781//1781
f 1848//1848 1842//1842 1837//1837
f 1781//1781 1837//1837 1782//1782
f 1782//1782 1837//1837 1843//1843
f 1782//1782 1843//1843 1783//1783
f 1783//1783 1843//1843 1839//1839
f 1783//1783 1839//1839 1784//1784
f 1784//1784 1839//1839 1785//1785
f 1785//1785 1844//1844 1787//1787
f 1844//1844 1849//1849 1787//1787
f 1849//1849 1844//1844 1846//1846
f 1842//1842 1850//1850 1847//1847
f 1851//1851 1850//1850 1842//1842
f 1851//1851 1848//1848 1786//1786
f 1851//1851 1842//1842 1848//1848
f 1786//1786 1848//1848 1781//1781
f 1849//1849 1798//1798 1787//1787
f 1798//1798 1849//1849 1788//1788
f 1853//1853 1851//1851 1789//1789
f 1853//1853 1850//1850 1851//1851
f 1789//1789 1851//1851 1786//1786
f 1788//1788 1849//1849 1793//1793
f 1849//1849 1857//1857 1793//1793
f 1849//1849 1852//1852 1857//1857
f 1857//1857 1852//1852 1854//1854
f 1855//1855 1853//1853 1856//1856
f 1795//1795 1856//1856 1789//1789
f 1789//1789 1856//1856 1853//1853
f 1857//1857 1804//1804 1793//1793
f 1855//1855 1856//1856 1794//1794
f 1794//1794 1856//1856 1795//1795
f 1857//1857 1800//1800 1804//1804
f 1857//1857 1920//1920 1800//1800
f 1855//1855 1859//1859 1858//1858
f 1801//1801 1860//1860 1794//1794
f 1794//1794 1860//1860 1855//1855
f 1920//1920 1861//1861 1800//1800
f 1859//1859 1855//1855 1863//1863
f 1862//1862 1855//1855 1860//1860
f 1863//1863 1855//1855 1862//1862
f 1806//1806 1862//1862 1801//1801
f 1801//1801 1862//1862 1860//1860
f 1864//1864 1803//1803 1861//1861
f 1808//1808 1863//1863 1806//1806
f 1806//1806 1863//1863 1862//1862
f 1864//1864 1807//1807 1803//1803
f 1867//1867 1866//1866 1863//1863
f 1808//1808 1867//1867 1863//1863
f 1868//1868 1864//1864 1865//1865
f 1807//1807 1864//1864 1868//1868
f 1865//1865 1924//1924 1868//1868
f 1869//1869 1866//1866 1867//1867
f 1870//1870 1866//1866 1869//1869
f 1812//1812 1869//1869 1808//1808
f 1808//1808 1869//1869 1867//1867
f 1929//1929 1811//1811 1807//1807
f 1807//1807 1868//1868 1929//1929
f 1812//1812 1870//1870 1869//1869
f 1929//1929 1932//1932 1811//1811
f 1874//1874 1871//1871 1870//1870
f 1819//1819 1874//1874 1812//1812
f 1812//1812 1874//1874 1870//1870
f 1875//1875 1818//1818 1814//1814
f 1811//1811 1875//1875 1814//1814
f 1811//1811 1872//1872 1875//1875
f 1811//1811 1932//1932 1872//1872
f 1873//1873 1871//1871 1874//1874
f 1816//1816 1874//1874 1819//1819
f 1876//1876 1873//1873 1874//1874
f 1876//1876 1874//1874 1877//1877
f 1880//1880 1877//1877 1816//1816
f 1816//1816 1877//1877 1874//1874
f 1881//1881 1824//1824 1821//1821
f 1818//1818 1881//1881 1821//1821
f 1818//1818 1878//1878 1881//1881
f 1818//1818 1875//1875 1878//1878
f 1873//1873 1876//1876 1879//1879
f 1880//1880 1876//1876 1877//1877
f 1826//1826 1880//1880 1825//1825
f 1876//1876 1882//1882 1944//1944
f 1880//1880 1882//1882 1876//1876
f 1882//1882 1880//1880 1884//1884
f 1886//1886 1880//1880 1826//1826
f 1886//1886 1884//1884 1880//1880
f 1832//1832 1886//1886 1826//1826
f 1833//1833 1883//1883 1830//1830
f 1824//1824 1883//1883 1833//1833
f 1883//1883 1881//1881 1945//1945
f 1824//1824 1881//1881 1883//1883
f 1890//1890 1889//1889 1832//1832
f 1889//1889 1886//1886 1832//1832
f 1834//1834 1835//1835 1890//1890
f 1830//1830 1891//1891 1835//1835
f 1887//1887 1830//1830 1883//1883
f 1891//1891 1830//1830 1887//1887
f 1885//1885 1884//1884 1886//1886
f 1885//1885 1886//1886 1888//1888
f 1886//1886 1892//1892 1888//1888
f 1889//1889 1892//1892 1886//1886
f 1835//1835 1891//1891 1890//1890
f 1892//1892 1889//1889 1893//1893
f 1893//1893 1889//1889 1890//1890
f 1893//1893 1890//1890 1894//1894
f 1894//1894 1890//1890 1891//1891
f 1964//1964 1897//1897 1896//1896
f 1896//1896 1899//1899 1895//1895
f 1840//1840 1896//1896 1897//1897
f 1900//1900 1896//1896 1840//1840
f 1840//1840 1897//1897 1901//1901
f 1899//1899 1902//1902 1898//1898
f 1902//1902 1899//1899 1836//1836
f 1836//1836 1899//1899 1837//1837
f 1837//1837 1899//1899 1896//1896
f 1837//1837 1896//1896 1838//1838
f 1838//1838 1896//1896 1900//1900
f 1838//1838 1900//1900 1839//1839
f 1839//1839 1900//1900 1840//1840
f 1840//1840 1901//1901 1844//1844
f 1901//1901 1903//1903 1844//1844
f 1905//1905 1901//1901 1904//1904
f 1903//1903 1901//1901 1905//1905
f 1906//1906 1907//1907 1902//1902
f 1841//1841 1906//1906 1902//1902
f 1841//1841 1902//1902 1842//1842
f 1842//1842 1902//1902 1836//1836
f 1903//1903 1845//1845 1844//1844
f 1845//1845 1903//1903 1846//1846
f 1846//1846 1903//1903 1905//1905
f 1905//1905 1908//1908 1846//1846
f 1906//1906 1909//1909 1907//1907
f 1847//1847 1909//1909 1841//1841
f 1841//1841 1909//1909 1906//1906
f 1910//1910 1849//1849 1908//1908
f 1908//1908 1849//1849 1846//1846
f 1910//1910 1908//1908 1911//1911
f 1909//1909 1912//1912 1914//1914
f 1912//1912 1909//1909 1850//1850
f 1850//1850 1909//1909 1847//1847
f 1910//1910 1852//1852 1849//1849
f 1911//1911 1913//1913 1910//1910
f 1853//1853 1914//1914 1912//1912
f 1853//1853 1912//1912 1850//1850
f 1910//1910 1854//1854 1852//1852
f 1913//1913 1915//1915 1854//1854
f 1910//1910 1913//1913 1854//1854
f 1855//1855 1916//1916 1853//1853
f 1853//1853 1916//1916 1914//1914
f 1917//1917 1857//1857 1915//1915
f 1915//1915 1857//1857 1854//1854
f 1916//1916 1918//1918 1978//1978
f 1858//1858 1919//1919 1855//1855
f 1855//1855 1919//1919 1916//1916
f 1917//1917 1920//1920 1857//1857
f 1916//1916 1922//1922 1918//1918
f 1859//1859 1922//1922 1916//1916
f 1859//1859 1916//1916 1919//1919
f 1859//1859 1919//1919 1858//1858
f 1984//1984 1861//1861 1920//1920
f 1863//1863 1922//1922 1859//1859
f 1923//1923 1864//1864 1984//1984
f 1984//1984 1864//1864 1861//1861
f 1984//1984 1924//1924 1923//1923
f 1926//1926 1921//1921 1922//1922
f 1925//1925 1921//1921 1926//1926
f 1866//1866 1926//1926 1863//1863
f 1863//1863 1926//1926 1922//1922
f 1923//1923 1865//1865 1864//1864
f 1924//1924 1865//1865 1923//1923
f 1927//1927 1925//1925 1931//1931
f 1866//1866 1925//1925 1926//1926
f 1928//1928 1931//1931 1925//1925
f 1870//1870 1928//1928 1866//1866
f 1866//1866 1928//1928 1925//1925
f 1924//1924 1929//1929 1868//1868
f 1927//1927 1933//1933 1930//1930
f 1931//1931 1933//1933 1927//1927
f 1871//1871 1931//1931 1870//1870
f 1870//1870 1931//1931 1928//1928
f 1934//1934 1933//1933 1931//1931
f 1871//1871 1934//1934 1931//1931
f 1995//1995 1872//1872 1932//1932
f 1933//1933 1935//1935 1937//1937
f 1941//1941 1933//1933 1934//1934
f 1935//1935 1933//1933 1941//1941
f 1873//1873 1941//1941 1871//1871
f 1871//1871 1941//1941 1934//1934
f 1995//1995 1936//1936 1872//1872
f 1935//1935 1941//1941 1937//1937
f 1879//1879 1941//1941 1873//1873
f 1938//1938 1878//1878 1875//1875
f 1938//1938 1875//1875 1872//1872
f 1939//1939 1938//1938 1872//1872
f 1939//1939 1872//1872 1936//1936
f 1876//1876 1941//1941 1879//1879
f 1942//1942 1878//1878 1938//1938
f 1940//1940 1937//1937 1943//1943
f 1944//1944 1937//1937 1941//1941
f 1943//1943 1937//1937 1944//1944
f 1944//1944 1941//1941 1876//1876
f 1942//1942 1881//1881 1878//1878
f 1943//1943 1944//1944 1948//1948
f 1884//1884 1950//1950 1882//1882
f 1950//1950 1944//1944 1882//1882
f 1950//1950 1948//1948 1944//1944
f 1885//1885 1950//1950 1884//1884
f 1947//1947 1887//1887 1883//1883
f 1945//1945 1947//1947 1883//1883
f 1945//1945 1881//1881 2003//2003
f 1953//1953 1950//1950 1885//1885
f 1885//1885 1888//1888 1953//1953
f 1887//1887 1947//1947 1891//1891
f 1947//1947 1945//1945 1951//1951
f 1952//1952 1949//1949 1948//1948
f 1952//1952 1948//1948 1950//1950
f 1952//1952 1950//1950 1953//1953
f 1888//1888 1955//1955 1953//1953
f 1956//1956 1888//1888 1892//1892
f 1956//1956 1955//1955 1888//1888
f 1892//1892 1893//1893 1956//1956
f 1891//1891 1957//1957 1894//1894
f 1957//1957 1947//1947 1954//1954
f 1891//1891 1947//1947 1957//1957
f 2011//2011 1947//1947 1951//1951
f 1956//1956 1893//1893 1894//1894
f 1960//1960 1961//1961 1959//1959
f 1962//1962 1958//1958 1959//1959
f 1895//1895 1962//1962 1959//1959
f 1895//1895 1959//1959 1896//1896
f 1896//1896 1959//1959 1964//1964
f 1964//1964 1959//1959 1961//1961
f 1964//1964 1963//1963 1897//1897
f 1965//1965 1963//1963 1964//1964
f 1966//1966 2020//2020 1962//1962
f 1898//1898 1966//1966 1962//1962
f 1898//1898 1962//1962 1899//1899
f 1899//1899 1962//1962 1895//1895
f 1897//1897 1963//1963 1901//1901
f 1901//1901 1963//1963 1965//1965
f 1967//1967 1904//1904 1901//1901
f 2022//2022 1967//1967 1901//1901
f 1965//1965 2022//2022 1901//1901
f 1969//1969 1970//1970 1966//1966
f 1902//1902 1969//1969 1966//1966
f 1902//1902 1966//1966 1898//1898
f 1968//1968 1905//1905 1904//1904
f 1967//1967 1968//1968 1904//1904
f 1972//1972 1970//1970 1969//1969
f 1907//1907 1972//1972 1969//1969
f 1907//1907 1969//1969 1902//1902
f 1968//1968 1908//1908 1905//1905
f 1971//1971 2028//2028 1908//1908
f 1968//1968 1971//1971 1908//1908
f 1974//1974 1972//1972 1909//1909
f 1909//1909 1972//1972 1907//1907
f 2028//2028 1911//1911 1908//1908
f 2078//2078 1911//1911 2028//2028
f 1974//1974 1914//1914 1973//1973
f 1974//1974 1909//1909 1914//1914
f 1976//1976 1977//1977 1974//1974
f 1976//1976 1974//1974 1973//1973
f 1916//1916 1976//1976 1973//1973
f 1916//1916 1973//1973 1914//1914
f 1975//1975 1915//1915 1913//1913
f 1976//1976 1978//1978 1977//1977
f 1916//1916 1978//1978 1976//1976
f 1917//1917 1915//1915 1975//1975
f 1981//1981 1980//1980 1977//1977
f 1978//1978 1981//1981 1977//1977
f 1981//1981 1978//1978 1918//1918
f 1982//1982 1920//1920 1979//1979
f 1979//1979 1920//1920 1917//1917
f 1981//1981 1983//1983 1980//1980
f 1983//1983 1981//1981 1922//1922
f 1922//1922 1981//1981 1918//1918
f 1982//1982 1984//1984 1920//1920
f 1985//1985 1983//1983 1921//1921
f 1921//1921 1983//1983 1922//1922
f 1986//1986 1924//1924 1984//1984
f 1925//1925 1987//1987 1921//1921
f 1921//1921 1987//1987 1985//1985
f 1986//1986 1988//1988 1924//1924
f 1927//1927 1989//1989 1925//1925
f 1925//1925 1989//1989 1987//1987
f 1990//1990 1924//1924 1988//1988
f 1988//1988 1986//1986 1990//1990
f 1930//1930 1989//1989 1927//1927
f 1990//1990 1929//1929 1924//1924
f 1991//1991 1989//1989 1930//1930
f 1933//1933 1991//1991 1930//1930
f 1990//1990 1932//1932 1929//1929
f 1990//1990 2046//2046 1932//1932
f 1933//1933 1992//1992 1991//1991
f 1993//1993 1995//1995 1932//1932
f 1932//1932 2046//2046 1994//1994
f 1932//1932 1994//1994 1993//1993
f 1937//1937 1992//1992 1933//1933
f 1995//1995 1993//1993 1994//1994
f 1996//1996 2090//2090 1937//1937
f 2090//2090 1992//1992 1937//1937
f 1936//1936 1938//1938 1939//1939
f 1940//1940 1997//1997 1937//1937
f 1937//1937 1997//1997 1996//1996
f 1998//1998 1938//1938 1936//1936
f 1936//1936 1999//1999 1998//1998
f 1997//1997 1940//1940 2001//2001
f 2000//2000 1881//1881 1942//1942
f 2000//2000 1942//1942 1938//1938
f 1998//1998 2000//2000 1938//1938
f 2000//2000 1998//1998 1999//1999
f 2002//2002 2001//2001 1946//1946
f 2001//2001 1940//1940 1946//1946
f 1940//1940 1943//1943 1946//1946
f 1943//1943 2002//2002 1946//1946
f 2000//2000 2003//2003 1881//1881
f 2000//2000 2004//2004 2003//2003
f 2007//2007 2002//2002 1948//1948
f 2002//2002 1943//1943 1948//1948
f 1949//1949 2008//2008 1948//1948
f 1948//1948 2008//2008 2007//2007
f 2005//2005 1951//1951 1945//1945
f 2006//2006 2005//2005 1945//1945
f 2006//2006 1945//1945 2003//2003
f 2006//2006 2003//2003 2004//2004
f 1952//1952 2008//2008 1949//1949
f 2058//2058 2008//2008 2009//2009
f 2008//2008 1953//1953 2009//2009
f 2008//2008 1952//1952 1953//1953
f 2010//2010 1954//1954 1947//1947
f 1947//1947 2011//2011 2010//2010
f 2005//2005 2011//2011 1951//1951
f 2058//2058 2009//2009 1953//1953
f 2058//2058 1953//1953 2012//2012
f 2012//2012 1953//1953 1955//1955
f 1956//1956 2013//2013 1955//1955
f 1955//1955 2013//2013 2012//2012
f 1957//1957 2062//2062 1894//1894
f 1894//1894 2062//2062 1956//1956
f 1957//1957 2010//2010 2062//2062
f 2010//2010 1957//1957 1954//1954
f 2010//2010 2011//2011 2056//2056
f 2013//2013 1956//1956 2062//2062
f 2063//2063 2062//2062 2010//2010
f 2063//2063 2010//2010 2064//2064
f 2015//2015 1958//1958 2014//2014
f 1958//1958 2016//2016 1959//1959
f 2015//2015 2016//2016 1958//1958
f 1959//1959 2017//2017 1960//1960
f 2016//2016 2017//2017 1959//1959
f 1960//1960 2017//2017 1961//1961
f 1958//1958 1962//1962 2014//2014
f 1962//1962 2021//2021 2014//2014
f 1962//1962 2020//2020 2021//2021
f 2017//2017 1964//1964 1961//1961
f 2018//2018 1964//1964 2017//2017
f 2018//2018 1965//1965 1964//1964
f 2018//2018 2022//2022 1965//1965
f 2024//2024 2025//2025 2020//2020
f 2024//2024 2020//2020 2019//2019
f 1966//1966 2024//2024 2019//2019
f 1966//1966 2019//2019 2020//2020
f 2023//2023 2026//2026 1968//1968
f 2023//2023 1968//1968 1967//1967
f 2022//2022 2023//2023 1967//1967
f 2027//2027 2025//2025 2024//2024
f 1970//1970 2027//2027 2024//2024
f 1970//1970 2024//2024 1966//1966
f 2028//2028 1971//1971 1968//1968
f 2026//2026 2028//2028 1968//1968
f 2029//2029 2027//2027 1972//1972
f 1972//1972 2027//2027 1970//1970
f 2074//2074 2078//2078 2028//2028
f 2030//2030 2029//2029 1974//1974
f 2029//2029 1972//1972 1974//1974
f 2032//2032 1911//1911 2031//2031
f 1911//1911 2078//2078 2031//2031
f 2077//2077 2030//2030 1974//1974
f 2032//2032 1913//1913 1911//1911
f 1975//1975 1913//1913 2032//2032
f 2122//2122 1975//1975 2032//2032
f 2034//2034 2033//2033 1977//1977
f 1974//1974 1977//1977 2077//2077
f 2077//2077 1977//1977 2033//2033
f 1975//1975 2122//2122 2035//2035
f 2037//2037 1977//1977 2036//2036
f 2034//2034 1977//1977 2037//2037
f 1979//1979 1917//1917 1975//1975
f 2035//2035 1979//1979 1975//1975
f 2038//2038 2037//2037 2036//2036
f 1980//1980 2038//2038 2036//2036
f 1980//1980 2036//2036 1977//1977
f 2035//2035 1982//1982 1979//1979
f 2039//2039 1982//1982 2035//2035
f 1983//1983 2040//2040 2038//2038
f 1983//1983 2038//2038 1980//1980
f 2039//2039 1984//1984 1982//1982
f 2084//2084 1984//1984 2039//2039
f 1985//1985 2041//2041 1983//1983
f 1983//1983 2041//2041 2040//2040
f 2084//2084 1986//1986 1984//1984
f 2126//2126 1986//1986 2084//2084
f 1985//1985 1987//1987 2041//2041
f 1987//1987 2042//2042 2043//2043
f 1989//1989 2042//2042 1987//1987
f 2176//2176 1990//1990 1986//1986
f 2042//2042 1989//1989 2043//2043
f 1989//1989 2044//2044 2043//2043
f 1989//1989 1991//1991 2044//2044
f 2130//2130 1990//1990 2176//2176
f 2044//2044 1991//1991 2045//2045
f 2130//2130 2046//2046 1990//1990
f 1992//1992 2045//2045 1991//1991
f 2088//2088 1994//1994 2046//2046
f 2045//2045 1992//1992 2047//2047
f 1992//1992 2090//2090 2047//2047
f 2088//2088 2049//2049 1995//1995
f 1994//1994 2088//2088 1995//1995
f 1996//1996 2048//2048 2090//2090
f 2049//2049 1936//1936 1995//1995
f 1997//1997 2048//2048 1996//1996
f 2049//2049 1999//1999 1936//1936
f 2050//2050 1999//1999 2049//2049
f 2048//2048 1997//1997 2095//2095
f 1997//1997 2001//2001 2095//2095
f 2050//2050 2051//2051 2000//2000
f 1999//1999 2050//2050 2000//2000
f 2095//2095 2001//2001 2052//2052
f 2051//2051 2004//2004 2000//2000
f 2052//2052 2001//2001 2002//2002
f 2007//2007 2052//2052 2002//2002
f 2006//2006 2004//2004 2051//2051
f 2006//2006 2051//2051 2053//2053
f 2102//2102 2052//2052 2007//2007
f 2054//2054 2102//2102 2007//2007
f 2057//2057 2007//2007 2008//2008
f 2057//2057 2054//2054 2007//2007
f 2057//2057 2008//2008 2055//2055
f 2058//2058 2055//2055 2008//2008
f 2005//2005 2056//2056 2011//2011
f 2005//2005 2006//2006 2053//2053
f 2005//2005 2053//2053 2056//2056
f 2057//2057 2055//2055 2058//2058
f 2064//2064 2010//2010 2059//2059
f 2010//2010 2060//2060 2059//2059
f 2010//2010 2056//2056 2060//2060
f 2105//2105 2145//2145 2058//2058
f 2105//2105 2058//2058 2012//2012
f 2061//2061 2105//2105 2012//2012
f 2062//2062 2012//2012 2013//2013
f 2062//2062 2061//2061 2012//2012
f 2065//2065 2062//2062 2107//2107
f 2062//2062 2063//2063 2107//2107
f 2067//2067 2014//2014 2066//2066
f 2014//2014 2068//2068 2015//2015
f 2067//2067 2068//2068 2014//2014
f 2016//2016 2015//2015 2017//2017
f 2015//2015 2069//2069 2017//2017
f 2017//2017 2070//2070 2018//2018
f 2069//2069 2070//2070 2017//2017
f 2071//2071 2021//2021 2020//2020
f 2014//2014 2021//2021 2066//2066
f 2023//2023 2018//2018 2070//2070
f 2023//2023 2022//2022 2018//2018
f 2020//2020 2025//2025 2071//2071
f 2071//2071 2025//2025 2073//2073
f 2072//2072 2074//2074 2023//2023
f 2026//2026 2023//2023 2074//2074
f 2075//2075 2115//2115 2027//2027
f 2025//2025 2027//2027 2073//2073
f 2073//2073 2027//2027 2115//2115
f 2026//2026 2074//2074 2028//2028
f 2029//2029 2075//2075 2027//2027
f 2076//2076 2078//2078 2074//2074
f 2116//2116 2078//2078 2076//2076
f 2029//2029 2030//2030 2077//2077
f 2032//2032 2031//2031 2078//2078
f 2078//2078 2122//2122 2032//2032
f 2034//2034 2079//2079 2033//2033
f 2080//2080 2079//2079 2034//2034
f 2033//2033 2079//2079 2077//2077
f 2122//2122 2081//2081 2035//2035
f 2080//2080 2034//2034 2037//2037
f 2083//2083 2124//2124 2038//2038
f 2037//2037 2038//2038 2082//2082
f 2082//2082 2038//2038 2124//2124
f 2084//2084 2039//2039 2035//2035
f 2127//2127 2085//2085 2040//2040
f 2038//2038 2040//2040 2083//2083
f 2083//2083 2040//2040 2085//2085
f 2041//2041 2127//2127 2040//2040
f 1987//1987 2127//2127 2041//2041
f 1987//1987 2086//2086 2127//2127
f 2174//2174 1986//1986 2126//2126
f 2043//2043 2086//2086 1987//1987
f 2174//2174 2176//2176 1986//1986
f 2086//2086 2043//2043 2087//2087
f 2043//2043 2044//2044 2087//2087
f 2088//2088 2046//2046 2130//2130
f 2047//2047 2044//2044 2045//2045
f 2047//2047 2089//2089 2044//2044
f 2090//2090 2089//2089 2047//2047
f 2180//2180 2088//2088 2131//2131
f 2048//2048 2132//2132 2090//2090
f 2048//2048 2091//2091 2132//2132
f 2088//2088 2092//2092 2049//2049
f 2180//2180 2092//2092 2088//2088
f 2095//2095 2091//2091 2048//2048
f 2095//2095 2093//2093 2091//2091
f 2094//2094 2049//2049 2092//2092
f 2094//2094 2050//2050 2049//2049
f 2098//2098 2050//2050 2094//2094
f 2052//2052 2096//2096 2095//2095
f 2052//2052 2097//2097 2096//2096
f 2051//2051 2050//2050 2098//2098
f 2100//2100 2097//2097 2052//2052
f 2052//2052 2102//2102 2100//2100
f 2053//2053 2051//2051 2098//2098
f 2053//2053 2098//2098 2099//2099
f 2102//2102 2057//2057 2101//2101
f 2102//2102 2054//2054 2057//2057
f 2053//2053 2103//2103 2056//2056
f 2099//2099 2103//2103 2053//2053
f 2104//2104 2102//2102 2101//2101
f 2104//2104 2101//2101 2057//2057
f 2145//2145 2057//2057 2058//2058
f 2145//2145 2104//2104 2057//2057
f 2060//2060 2056//2056 2103//2103
f 2144//2144 2060//2060 2103//2103
f 2148//2148 2145//2145 2105//2105
f 2105//2105 2062//2062 2106//2106
f 2105//2105 2061//2061 2062//2062
f 2107//2107 2063//2063 2108//2108
f 2108//2108 2063//2063 2064//2064
f 2064//2064 2059//2059 2060//2060
f 2064//2064 2060//2060 2108//2108
f 2065//2065 2106//2106 2062//2062
f 2109//2109 2106//2106 2065//2065
f 2109//2109 2065//2065 2107//2107
f 2109//2109 2107//2107 2108//2108
f 2067//2067 2066//2066 2154//2154
f 2068//2068 2067//2067 2015//2015
f 2067//2067 2155//2155 2015//2015
f 2015//2015 2111//2111 2110//2110
f 2070//2070 2015//2015 2110//2110
f 2069//2069 2015//2015 2070//2070
f 2112//2112 2021//2021 2071//2071
f 2021//2021 2112//2112 2066//2066
f 2110//2110 2111//2111 2070//2070
f 2111//2111 2023//2023 2070//2070
f 2111//2111 2072//2072 2023//2023
f 2071//2071 2073//2073 2112//2112
f 2112//2112 2073//2073 2114//2114
f 2072//2072 2113//2113 2074//2074
f 2074//2074 2113//2113 2162//2162
f 2073//2073 2115//2115 2114//2114
f 2162//2162 2076//2076 2074//2074
f 2029//2029 2115//2115 2075//2075
f 2029//2029 2117//2117 2115//2115
f 2029//2029 2077//2077 2117//2117
f 2117//2117 2077//2077 2118//2118
f 2116//2116 2119//2119 2078//2078
f 2078//2078 2119//2119 2165//2165
f 2120//2120 2121//2121 2079//2079
f 2121//2121 2077//2077 2079//2079
f 2121//2121 2118//2118 2077//2077
f 2165//2165 2122//2122 2078//2078
f 2080//2080 2120//2120 2079//2079
f 2081//2081 2122//2122 2084//2084
f 2080//2080 2037//2037 2120//2120
f 2120//2120 2037//2037 2082//2082
f 2084//2084 2035//2035 2081//2081
f 2082//2082 2124//2124 2123//2123
f 2125//2125 2085//2085 2127//2127
f 2083//2083 2085//2085 2124//2124
f 2124//2124 2085//2085 2125//2125
f 2171//2171 2126//2126 2084//2084
f 2228//2228 2174//2174 2126//2126
f 2128//2128 2087//2087 2129//2129
f 2086//2086 2087//2087 2128//2128
f 2044//2044 2089//2089 2087//2087
f 2131//2131 2088//2088 2130//2130
f 2132//2132 2089//2089 2090//2090
f 2091//2091 2133//2133 2132//2132
f 2180//2180 2135//2135 2134//2134
f 2092//2092 2180//2180 2134//2134
f 2134//2134 2135//2135 2094//2094
f 2135//2135 2098//2098 2094//2094
f 2134//2134 2094//2094 2092//2092
f 2095//2095 2096//2096 2093//2093
f 2093//2093 2096//2096 2097//2097
f 2098//2098 2136//2136 2137//2137
f 2138//2138 2097//2097 2100//2100
f 2138//2138 2100//2100 2139//2139
f 2099//2099 2098//2098 2137//2137
f 2099//2099 2137//2137 2140//2140
f 2141//2141 2139//2139 2100//2100
f 2141//2141 2100//2100 2102//2102
f 2143//2143 2142//2142 2102//2102
f 2142//2142 2141//2141 2102//2102
f 2103//2103 2140//2140 2144//2144
f 2099//2099 2140//2140 2103//2103
f 2104//2104 2143//2143 2102//2102
f 2147//2147 2108//2108 2060//2060
f 2147//2147 2144//2144 2140//2140
f 2060//2060 2144//2144 2147//2147
f 2148//2148 2146//2146 2145//2145
f 2150//2150 2149//2149 2106//2106
f 2149//2149 2105//2105 2106//2106
f 2149//2149 2148//2148 2105//2105
f 2108//2108 2198//2198 2109//2109
f 2108//2108 2151//2151 2198//2198
f 2106//2106 2152//2152 2150//2150
f 2109//2109 2152//2152 2106//2106
f 2152//2152 2109//2109 2198//2198
f 2154//2154 2200//2200 2067//2067
f 2200//2200 2155//2155 2067//2067
f 2015//2015 2155//2155 2156//2156
f 2156//2156 2111//2111 2015//2015
f 2201//2201 2112//2112 2157//2157
f 2066//2066 2112//2112 2201//2201
f 2066//2066 2201//2201 2154//2154
f 2154//2154 2201//2201 2153//2153
f 2072//2072 2111//2111 2113//2113
f 2114//2114 2158//2158 2112//2112
f 2111//2111 2159//2159 2113//2113
f 2159//2159 2162//2162 2113//2113
f 2160//2160 2161//2161 2115//2115
f 2115//2115 2161//2161 2114//2114
f 2161//2161 2158//2158 2114//2114
f 2162//2162 2116//2116 2076//2076
f 2117//2117 2160//2160 2115//2115
f 2162//2162 2163//2163 2116//2116
f 2213//2213 2116//2116 2163//2163
f 2164//2164 2117//2117 2118//2118
f 2164//2164 2160//2160 2117//2117
f 2119//2119 2116//2116 2165//2165
f 2116//2116 2213//2213 2165//2165
f 2118//2118 2121//2121 2164//2164
f 2122//2122 2165//2165 2166//2166
f 2167//2167 2218//2218 2120//2120
f 2121//2121 2120//2120 2218//2218
f 2122//2122 2166//2166 2169//2169
f 2169//2169 2084//2084 2122//2122
f 2168//2168 2123//2123 2167//2167
f 2082//2082 2123//2123 2168//2168
f 2120//2120 2082//2082 2167//2167
f 2167//2167 2082//2082 2168//2168
f 2220//2220 2084//2084 2169//2169
f 2124//2124 2170//2170 2123//2123
f 2220//2220 2171//2171 2084//2084
f 2125//2125 2172//2172 2124//2124
f 2172//2172 2170//2170 2124//2124
f 2224//2224 2126//2126 2171//2171
f 2127//2127 2173//2173 2172//2172
f 2127//2127 2172//2172 2125//2125
f 2224//2224 2228//2228 2126//2126
f 2086//2086 2129//2129 2173//2173
f 2086//2086 2173//2173 2127//2127
f 2128//2128 2129//2129 2086//2086
f 2173//2173 2129//2129 2175//2175
f 2087//2087 2175//2175 2129//2129
f 2087//2087 2177//2177 2175//2175
f 2131//2131 2130//2130 2176//2176
f 2177//2177 2089//2089 2178//2178
f 2087//2087 2089//2089 2177//2177
f 2132//2132 2179//2179 2178//2178
f 2132//2132 2178//2178 2089//2089
f 2133//2133 2178//2178 2179//2179
f 2231//2231 2180//2180 2131//2131
f 2132//2132 2133//2133 2179//2179
f 2133//2133 2091//2091 2181//2181
f 2182//2182 2136//2136 2135//2135
f 2182//2182 2135//2135 2180//2180
f 2093//2093 2183//2183 2091//2091
f 2136//2136 2098//2098 2135//2135
f 2093//2093 2097//2097 2183//2183
f 2097//2097 2184//2184 2183//2183
f 2184//2184 2138//2138 2186//2186
f 2097//2097 2138//2138 2184//2184
f 2138//2138 2187//2187 2186//2186
f 2185//2185 2188//2188 2137//2137
f 2185//2185 2137//2137 2136//2136
f 2139//2139 2141//2141 2138//2138
f 2141//2141 2187//2187 2138//2138
f 2140//2140 2137//2137 2188//2188
f 2140//2140 2188//2188 2189//2189
f 2190//2190 2240//2240 2141//2141
f 2191//2191 2141//2141 2142//2142
f 2191//2191 2190//2190 2141//2141
f 2191//2191 2142//2142 2143//2143
f 2140//2140 2189//2189 2147//2147
f 2104//2104 2191//2191 2143//2143
f 2104//2104 2192//2192 2191//2191
f 2145//2145 2192//2192 2104//2104
f 2193//2193 2145//2145 2146//2146
f 2193//2193 2192//2192 2145//2145
f 2108//2108 2147//2147 2194//2194
f 2147//2147 2195//2195 2194//2194
f 2148//2148 2193//2193 2146//2146
f 2148//2148 2196//2196 2193//2193
f 2197//2197 2148//2148 2149//2149
f 2197//2197 2196//2196 2148//2148
f 2197//2197 2149//2149 2150//2150
f 2198//2198 2251//2251 2197//2197
f 2198//2198 2151//2151 2194//2194
f 2194//2194 2151//2151 2108//2108
f 2152//2152 2197//2197 2150//2150
f 2197//2197 2152//2152 2198//2198
f 2153//2153 2202//2202 2154//2154
f 2199//2199 2200//2200 2154//2154
f 2199//2199 2154//2154 2202//2202
f 2200//2200 2156//2156 2155//2155
f 2201//2201 2202//2202 2153//2153
f 2200//2200 2199//2199 2203//2203
f 2203//2203 2204//2204 2156//2156
f 2200//2200 2203//2203 2156//2156
f 2204//2204 2111//2111 2156//2156
f 2158//2158 2205//2205 2112//2112
f 2205//2205 2206//2206 2112//2112
f 2112//2112 2206//2206 2157//2157
f 2157//2157 2206//2206 2201//2201
f 2201//2201 2206//2206 2253//2253
f 2201//2201 2253//2253 2202//2202
f 2204//2204 2207//2207 2159//2159
f 2111//2111 2204//2204 2159//2159
f 2161//2161 2212//2212 2158//2158
f 2212//2212 2208//2208 2158//2158
f 2208//2208 2205//2205 2158//2158
f 2205//2205 2208//2208 2206//2206
f 2209//2209 2210//2210 2162//2162
f 2207//2207 2209//2209 2162//2162
f 2159//2159 2207//2207 2162//2162
f 2211//2211 2212//2212 2160//2160
f 2160//2160 2212//2212 2161//2161
f 2209//2209 2213//2213 2163//2163
f 2210//2210 2209//2209 2163//2163
f 2162//2162 2210//2210 2163//2163
f 2160//2160 2214//2214 2211//2211
f 2164//2164 2214//2214 2160//2160
f 2211//2211 2214//2214 2212//2212
f 2165//2165 2213//2213 2215//2215
f 2216//2216 2217//2217 2121//2121
f 2217//2217 2164//2164 2121//2121
f 2217//2217 2214//2214 2164//2164
f 2165//2165 2265//2265 2166//2166
f 2165//2165 2215//2215 2265//2265
f 2218//2218 2216//2216 2121//2121
f 2219//2219 2166//2166 2265//2265
f 2218//2218 2167//2167 2271//2271
f 2271//2271 2167//2167 2221//2221
f 2169//2169 2166//2166 2220//2220
f 2166//2166 2219//2219 2220//2220
f 2170//2170 2226//2226 2123//2123
f 2226//2226 2167//2167 2123//2123
f 2223//2223 2167//2167 2226//2226
f 2221//2221 2167//2167 2223//2223
f 2222//2222 2171//2171 2220//2220
f 2172//2172 2226//2226 2170//2170
f 2223//2223 2226//2226 2270//2270
f 2224//2224 2171//2171 2222//2222
f 2173//2173 2225//2225 2172//2172
f 2226//2226 2172//2172 2225//2225
f 2279//2279 2228//2228 2224//2224
f 2227//2227 2225//2225 2173//2173
f 2175//2175 2177//2177 2173//2173
f 2227//2227 2173//2173 2177//2177
f 2229//2229 2176//2176 2174//2174
f 2229//2229 2174//2174 2228//2228
f 2231//2231 2131//2131 2176//2176
f 2231//2231 2176//2176 2229//2229
f 2230//2230 2281//2281 2178//2178
f 2281//2281 2177//2177 2178//2178
f 2133//2133 2230//2230 2178//2178
f 2232//2232 2180//2180 2231//2231
f 2233//2233 2133//2133 2181//2181
f 2232//2232 2288//2288 2182//2182
f 2288//2288 2136//2136 2182//2182
f 2232//2232 2182//2182 2180//2180
f 2291//2291 2233//2233 2091//2091
f 2091//2091 2233//2233 2181//2181
f 2183//2183 2291//2291 2091//2091
f 2235//2235 2291//2291 2183//2183
f 2236//2236 2234//2234 2237//2237
f 2236//2236 2136//2136 2234//2234
f 2184//2184 2186//2186 2183//2183
f 2235//2235 2183//2183 2186//2186
f 2237//2237 2185//2185 2236//2236
f 2236//2236 2185//2185 2136//2136
f 2187//2187 2235//2235 2186//2186
f 2189//2189 2237//2237 2239//2239
f 2189//2189 2188//2188 2185//2185
f 2189//2189 2185//2185 2237//2237
f 2240//2240 2238//2238 2141//2141
f 2238//2238 2187//2187 2141//2141
f 2190//2190 2241//2241 2240//2240
f 2241//2241 2190//2190 2191//2191
f 2242//2242 2299//2299 2241//2241
f 2191//2191 2242//2242 2241//2241
f 2243//2243 2191//2191 2192//2192
f 2243//2243 2242//2242 2191//2191
f 2303//2303 2245//2245 2239//2239
f 2245//2245 2147//2147 2239//2239
f 2239//2239 2147//2147 2189//2189
f 2243//2243 2192//2192 2193//2193
f 2243//2243 2193//2193 2244//2244
f 2196//2196 2247//2247 2193//2193
f 2247//2247 2244//2244 2193//2193
f 2249//2249 2248//2248 2247//2247
f 2251//2251 2250//2250 2249//2249
f 2246//2246 2251//2251 2245//2245
f 2251//2251 2194//2194 2245//2245
f 2245//2245 2194//2194 2195//2195
f 2245//2245 2195//2195 2147//2147
f 2247//2247 2196//2196 2197//2197
f 2247//2247 2197//2197 2249//2249
f 2249//2249 2197//2197 2251//2251
f 2251//2251 2198//2198 2194//2194
f 2252//2252 2199//2199 2202//2202
f 2252//2252 2202//2202 2254//2254
f 2254//2254 2202//2202 2253//2253
f 2252//2252 2255//2255 2199//2199
f 2252//2252 2254//2254 2255//2255
f 2313//2313 2204//2204 2203//2203
f 2199//2199 2313//2313 2203//2203
f 2255//2255 2313//2313 2199//2199
f 2257//2257 2207//2207 2204//2204
f 2257//2257 2204//2204 2313//2313
f 2259//2259 2206//2206 2208//2208
f 2256//2256 2206//2206 2259//2259
f 2254//2254 2253//2253 2256//2256
f 2253//2253 2206//2206 2256//2256
f 2254//2254 2312//2312 2255//2255
f 2258//2258 2209//2209 2207//2207
f 2257//2257 2258//2258 2207//2207
f 2261//2261 2259//2259 2212//2212
f 2212//2212 2259//2259 2208//2208
f 2258//2258 2260//2260 2209//2209
f 2261//2261 2212//2212 2214//2214
f 2259//2259 2261//2261 2262//2262
f 2263//2263 2260//2260 2264//2264
f 2263//2263 2213//2213 2209//2209
f 2260//2260 2263//2263 2209//2209
f 2263//2263 2215//2215 2213//2213
f 2217//2217 2261//2261 2214//2214
f 2262//2262 2261//2261 2266//2266
f 2261//2261 2217//2217 2266//2266
f 2265//2265 2263//2263 2264//2264
f 2265//2265 2215//2215 2263//2263
f 2216//2216 2266//2266 2217//2217
f 2271//2271 2216//2216 2218//2218
f 2267//2267 2216//2216 2271//2271
f 2268//2268 2220//2220 2219//2219
f 2223//2223 2271//2271 2221//2221
f 2267//2267 2271//2271 2269//2269
f 2269//2269 2271//2271 2273//2273
f 2222//2222 2220//2220 2268//2268
f 2270//2270 2271//2271 2223//2223
f 2273//2273 2271//2271 2272//2272
f 2276//2276 2224//2224 2222//2222
f 2225//2225 2274//2274 2226//2226
f 2274//2274 2270//2270 2226//2226
f 2270//2270 2275//2275 2271//2271
f 2270//2270 2274//2274 2275//2275
f 2272//2272 2271//2271 2275//2275
f 2276//2276 2279//2279 2224//2224
f 2227//2227 2274//2274 2225//2225
f 2278//2278 2275//2275 2274//2274
f 2279//2279 2276//2276 2277//2277
f 2227//2227 2280//2280 2274//2274
f 2274//2274 2280//2280 2282//2282
f 2278//2278 2274//2274 2282//2282
f 2279//2279 2229//2229 2228//2228
f 2349//2349 2229//2229 2279//2279
f 2281//2281 2227//2227 2177//2177
f 2231//2231 2349//2349 2283//2283
f 2229//2229 2349//2349 2231//2231
f 2284//2284 2281//2281 2230//2230
f 2227//2227 2281//2281 2284//2284
f 2227//2227 2287//2287 2280//2280
f 2227//2227 2284//2284 2287//2287
f 2282//2282 2280//2280 2287//2287
f 2283//2283 2349//2349 2285//2285
f 2285//2285 2232//2232 2231//2231
f 2285//2285 2231//2231 2283//2283
f 2133//2133 2286//2286 2284//2284
f 2133//2133 2284//2284 2230//2230
f 2288//2288 2232//2232 2285//2285
f 2233//2233 2286//2286 2133//2133
f 2287//2287 2284//2284 2286//2286
f 2289//2289 2288//2288 2290//2290
f 2289//2289 2136//2136 2288//2288
f 2286//2286 2233//2233 2291//2291
f 2290//2290 2234//2234 2289//2289
f 2289//2289 2234//2234 2136//2136
f 2291//2291 2293//2293 2292//2292
f 2291//2291 2235//2235 2293//2293
f 2294//2294 2290//2290 2295//2295
f 2294//2294 2237//2237 2234//2234
f 2294//2294 2234//2234 2290//2290
f 2235//2235 2296//2296 2293//2293
f 2293//2293 2296//2296 2297//2297
f 2295//2295 2237//2237 2294//2294
f 2187//2187 2296//2296 2235//2235
f 2296//2296 2187//2187 2238//2238
f 2296//2296 2299//2299 2297//2297
f 2297//2297 2299//2299 2300//2300
f 2302//2302 2295//2295 2298//2298
f 2302//2302 2303//2303 2295//2295
f 2303//2303 2239//2239 2237//2237
f 2303//2303 2237//2237 2295//2295
f 2240//2240 2296//2296 2238//2238
f 2296//2296 2240//2240 2241//2241
f 2296//2296 2241//2241 2299//2299
f 2299//2299 2304//2304 2300//2300
f 2301//2301 2300//2300 2305//2305
f 2300//2300 2307//2307 2305//2305
f 2300//2300 2304//2304 2307//2307
f 2299//2299 2242//2242 2243//2243
f 2299//2299 2243//2243 2304//2304
f 2304//2304 2243//2243 2244//2244
f 2304//2304 2244//2244 2307//2307
f 2307//2307 2244//2244 2247//2247
f 2385//2385 2307//2307 2308//2308
f 2307//2307 2309//2309 2308//2308
f 2310//2310 2392//2392 2309//2309
f 2306//2306 2310//2310 2246//2246
f 2306//2306 2246//2246 2245//2245
f 2306//2306 2245//2245 2302//2302
f 2302//2302 2245//2245 2303//2303
f 2307//2307 2247//2247 2248//2248
f 2307//2307 2248//2248 2309//2309
f 2309//2309 2248//2248 2249//2249
f 2309//2309 2249//2249 2250//2250
f 2309//2309 2250//2250 2310//2310
f 2310//2310 2250//2250 2251//2251
f 2310//2310 2251//2251 2246//2246
f 2256//2256 2319//2319 2254//2254
f 2311//2311 2312//2312 2254//2254
f 2311//2311 2254//2254 2319//2319
f 2313//2313 2255//2255 2312//2312
f 2314//2314 2257//2257 2313//2313
f 2314//2314 2258//2258 2257//2257
f 2316//2316 2256//2256 2259//2259
f 2316//2316 2259//2259 2315//2315
f 2316//2316 2319//2319 2256//2256
f 2312//2312 2317//2317 2313//2313
f 2312//2312 2311//2311 2317//2317
f 2322//2322 2260//2260 2258//2258
f 2322//2322 2258//2258 2314//2314
f 2262//2262 2315//2315 2259//2259
f 2319//2319 2315//2315 2318//2318
f 2319//2319 2316//2316 2315//2315
f 2317//2317 2320//2320 2313//2313
f 2313//2313 2320//2320 2397//2397
f 2321//2321 2313//2313 2397//2397
f 2321//2321 2314//2314 2313//2313
f 2314//2314 2321//2321 2322//2322
f 2322//2322 2264//2264 2260//2260
f 2398//2398 2315//2315 2323//2323
f 2315//2315 2327//2327 2323//2323
f 2315//2315 2262//2262 2327//2327
f 2315//2315 2398//2398 2318//2318
f 2324//2324 2322//2322 2321//2321
f 2324//2324 2264//2264 2322//2322
f 2216//2216 2325//2325 2266//2266
f 2325//2325 2262//2262 2266//2266
f 2326//2326 2262//2262 2325//2325
f 2327//2327 2262//2262 2326//2326
f 2408//2408 2328//2328 2324//2324
f 2328//2328 2264//2264 2324//2324
f 2329//2329 2219//2219 2265//2265
f 2264//2264 2329//2329 2265//2265
f 2328//2328 2329//2329 2264//2264
f 2267//2267 2325//2325 2216//2216
f 2330//2330 2326//2326 2325//2325
f 2328//2328 2332//2332 2329//2329
f 2328//2328 2331//2331 2332//2332
f 2332//2332 2268//2268 2219//2219
f 2332//2332 2219//2219 2329//2329
f 2269//2269 2337//2337 2267//2267
f 2334//2334 2325//2325 2333//2333
f 2325//2325 2337//2337 2333//2333
f 2325//2325 2267//2267 2337//2337
f 2325//2325 2334//2334 2330//2330
f 2418//2418 2335//2335 2331//2331
f 2335//2335 2332//2332 2331//2331
f 2335//2335 2222//2222 2268//2268
f 2335//2335 2268//2268 2332//2332
f 2272//2272 2336//2336 2273//2273
f 2337//2337 2269//2269 2273//2273
f 2336//2336 2337//2337 2273//2273
f 2333//2333 2337//2337 2338//2338
f 2339//2339 2276//2276 2222//2222
f 2339//2339 2222//2222 2335//2335
f 2275//2275 2336//2336 2272//2272
f 2336//2336 2340//2340 2337//2337
f 2338//2338 2337//2337 2340//2340
f 2341//2341 2277//2277 2276//2276
f 2341//2341 2276//2276 2339//2339
f 2278//2278 2342//2342 2336//2336
f 2278//2278 2336//2336 2275//2275
f 2336//2336 2343//2343 2340//2340
f 2336//2336 2342//2342 2343//2343
f 2341//2341 2345//2345 2277//2277
f 2344//2344 2345//2345 2341//2341
f 2345//2345 2279//2279 2277//2277
f 2282//2282 2346//2346 2342//2342
f 2282//2282 2342//2342 2278//2278
f 2347//2347 2343//2343 2342//2342
f 2344//2344 2349//2349 2345//2345
f 2344//2344 2348//2348 2349//2349
f 2349//2349 2279//2279 2345//2345
f 2346//2346 2350//2350 2342//2342
f 2346//2346 2282//2282 2350//2350
f 2347//2347 2342//2342 2350//2350
f 2348//2348 2351//2351 2349//2349
f 2287//2287 2352//2352 2282//2282
f 2282//2282 2353//2353 2350//2350
f 2282//2282 2352//2352 2353//2353
f 2354//2354 2285//2285 2349//2349
f 2354//2354 2349//2349 2351//2351
f 2356//2356 2353//2353 2352//2352
f 2358//2358 2357//2357 2355//2355
f 2357//2357 2354//2354 2355//2355
f 2357//2357 2359//2359 2354//2354
f 2359//2359 2288//2288 2285//2285
f 2359//2359 2285//2285 2354//2354
f 2286//2286 2360//2360 2287//2287
f 2287//2287 2361//2361 2352//2352
f 2287//2287 2360//2360 2361//2361
f 2356//2356 2352//2352 2362//2362
f 2352//2352 2363//2363 2362//2362
f 2352//2352 2361//2361 2363//2363
f 2357//2357 2358//2358 2367//2367
f 2367//2367 2358//2358 2364//2364
f 2357//2357 2290//2290 2288//2288
f 2357//2357 2288//2288 2359//2359
f 2291//2291 2365//2365 2360//2360
f 2291//2291 2360//2360 2286//2286
f 2361//2361 2366//2366 2363//2363
f 2361//2361 2360//2360 2366//2366
f 2368//2368 2367//2367 2364//2364
f 2357//2357 2369//2369 2290//2290
f 2367//2367 2369//2369 2357//2357
f 2292//2292 2365//2365 2291//2291
f 2365//2365 2292//2292 2293//2293
f 2370//2370 2365//2365 2293//2293
f 2360//2360 2365//2365 2370//2370
f 2360//2360 2370//2370 2366//2366
f 2366//2366 2372//2372 2371//2371
f 2366//2366 2370//2370 2372//2372
f 2367//2367 2368//2368 2373//2373
f 2373//2373 2368//2368 2374//2374
f 2367//2367 2375//2375 2369//2369
f 2367//2367 2373//2373 2375//2375
f 2375//2375 2295//2295 2290//2290
f 2375//2375 2290//2290 2369//2369
f 2297//2297 2370//2370 2293//2293
f 2376//2376 2370//2370 2297//2297
f 2370//2370 2384//2384 2372//2372
f 2370//2370 2376//2376 2384//2384
f 2372//2372 2378//2378 2377//2377
f 2372//2372 2384//2384 2378//2378
f 2378//2378 2379//2379 2377//2377
f 2381//2381 2383//2383 2382//2382
f 2383//2383 2373//2373 2374//2374
f 2375//2375 2373//2373 2298//2298
f 2375//2375 2298//2298 2295//2295
f 2300//2300 2376//2376 2297//2297
f 2376//2376 2300//2300 2384//2384
f 2384//2384 2300//2300 2301//2301
f 2378//2378 2385//2385 2379//2379
f 2378//2378 2384//2384 2385//2385
f 2380//2380 2379//2379 2386//2386
f 2379//2379 2387//2387 2386//2386
f 2379//2379 2385//2385 2387//2387
f 2387//2387 2388//2388 2386//2386
f 2390//2390 2389//2389 2388//2388
f 2389//2389 2390//2390 2382//2382
f 2390//2390 2381//2381 2382//2382
f 2381//2381 2391//2391 2383//2383
f 2381//2381 2390//2390 2391//2391
f 2373//2373 2391//2391 2302//2302
f 2383//2383 2391//2391 2373//2373
f 2373//2373 2302//2302 2298//2298
f 2305//2305 2384//2384 2301//2301
f 2384//2384 2305//2305 2307//2307
f 2384//2384 2307//2307 2385//2385
f 2387//2387 2392//2392 2388//2388
f 2388//2388 2393//2393 2390//2390
f 2388//2388 2392//2392 2393//2393
f 2390//2390 2393//2393 2310//2310
f 2390//2390 2310//2310 2306//2306
f 2390//2390 2306//2306 2391//2391
f 2391//2391 2306//2306 2302//2302
f 2308//2308 2387//2387 2385//2385
f 2387//2387 2308//2308 2309//2309
f 2387//2387 2309//2309 2392//2392
f 2393//2393 2392//2392 2310//2310
f 2394//2394 2311//2311 2319//2319
f 2394//2394 2319//2319 2318//2318
f 2395//2395 2317//2317 2311//2311
f 2395//2395 2311//2311 2394//2394
f 2396//2396 2320//2320 2317//2317
f 2396//2396 2317//2317 2395//2395
f 2397//2397 2320//2320 2396//2396
f 2399//2399 2318//2318 2398//2398
f 2318//2318 2400//2400 2394//2394
f 2318//2318 2399//2399 2400//2400
f 2396//2396 2401//2401 2397//2397
f 2396//2396 2395//2395 2401//2401
f 2402//2402 2324//2324 2321//2321
f 2397//2397 2402//2402 2321//2321
f 2401//2401 2402//2402 2397//2397
f 2402//2402 2408//2408 2324//2324
f 2326//2326 2403//2403 2327//2327
f 2398//2398 2323//2323 2327//2327
f 2403//2403 2398//2398 2327//2327
f 2404//2404 2398//2398 2403//2403
f 2398//2398 2409//2409 2399//2399
f 2398//2398 2404//2404 2409//2409
f 2400//2400 2405//2405 2394//2394
f 2400//2400 2399//2399 2405//2405
f 2394//2394 2406//2406 2395//2395
f 2394//2394 2405//2405 2406//2406
f 2395//2395 2407//2407 2401//2401
f 2395//2395 2406//2406 2407//2407
f 2401//2401 2408//2408 2402//2402
f 2408//2408 2331//2331 2328//2328
f 2330//2330 2403//2403 2326//2326
f 2404//2404 2403//2403 2409//2409
f 2405//2405 2399//2399 2474//2474
f 2399//2399 2409//2409 2474//2474
f 2407//2407 2406//2406 2410//2410
f 2407//2407 2411//2411 2401//2401
f 2401//2401 2412//2412 2408//2408
f 2401//2401 2411//2411 2412//2412
f 2412//2412 2418//2418 2331//2331
f 2412//2412 2331//2331 2408//2408
f 2333//2333 2330//2330 2334//2334
f 2413//2413 2330//2330 2333//2333
f 2330//2330 2414//2414 2403//2403
f 2330//2330 2413//2413 2414//2414
f 2415//2415 2409//2409 2414//2414
f 2409//2409 2403//2403 2414//2414
f 2409//2409 2415//2415 2474//2474
f 2410//2410 2416//2416 2407//2407
f 2417//2417 2407//2407 2416//2416
f 2417//2417 2411//2411 2407//2407
f 2411//2411 2418//2418 2412//2412
f 2418//2418 2339//2339 2335//2335
f 2338//2338 2419//2419 2333//2333
f 2333//2333 2420//2420 2413//2413
f 2333//2333 2419//2419 2420//2420
f 2421//2421 2414//2414 2413//2413
f 2422//2422 2417//2417 2423//2423
f 2417//2417 2428//2428 2411//2411
f 2417//2417 2422//2422 2428//2428
f 2411//2411 2424//2424 2418//2418
f 2411//2411 2428//2428 2424//2424
f 2424//2424 2341//2341 2339//2339
f 2424//2424 2339//2339 2418//2418
f 2340//2340 2425//2425 2419//2419
f 2340//2340 2419//2419 2338//2338
f 2427//2427 2413//2413 2426//2426
f 2413//2413 2419//2419 2426//2426
f 2413//2413 2420//2420 2419//2419
f 2413//2413 2427//2427 2421//2421
f 2431//2431 2428//2428 2423//2423
f 2428//2428 2422//2422 2423//2423
f 2428//2428 2429//2429 2424//2424
f 2429//2429 2344//2344 2341//2341
f 2429//2429 2341//2341 2424//2424
f 2343//2343 2425//2425 2340//2340
f 2425//2425 2430//2430 2419//2419
f 2426//2426 2419//2419 2430//2430
f 2428//2428 2432//2432 2429//2429
f 2428//2428 2431//2431 2432//2432
f 2432//2432 2348//2348 2344//2344
f 2432//2432 2344//2344 2429//2429
f 2347//2347 2433//2433 2425//2425
f 2347//2347 2425//2425 2343//2343
f 2425//2425 2434//2434 2430//2430
f 2425//2425 2433//2433 2434//2434
f 2431//2431 2437//2437 2432//2432
f 2431//2431 2435//2435 2437//2437
f 2437//2437 2351//2351 2348//2348
f 2437//2437 2348//2348 2432//2432
f 2350//2350 2438//2438 2433//2433
f 2350//2350 2433//2433 2347//2347
f 2434//2434 2446//2446 2439//2439
f 2434//2434 2433//2433 2446//2446
f 2441//2441 2440//2440 2436//2436
f 2440//2440 2435//2435 2436//2436
f 2440//2440 2442//2442 2435//2435
f 2435//2435 2443//2443 2437//2437
f 2435//2435 2442//2442 2443//2443
f 2443//2443 2354//2354 2351//2351
f 2443//2443 2351//2351 2437//2437
f 2353//2353 2438//2438 2350//2350
f 2438//2438 2444//2444 2433//2433
f 2433//2433 2445//2445 2446//2446
f 2433//2433 2444//2444 2445//2445
f 2440//2440 2441//2441 2451//2451
f 2451//2451 2441//2441 2447//2447
f 2442//2442 2355//2355 2354//2354
f 2442//2442 2354//2354 2443//2443
f 2356//2356 2362//2362 2438//2438
f 2356//2356 2438//2438 2353//2353
f 2438//2438 2448//2448 2444//2444
f 2438//2438 2362//2362 2448//2448
f 2446//2446 2445//2445 2449//2449
f 2445//2445 2444//2444 2449//2449
f 2452//2452 2451//2451 2447//2447
f 2451//2451 2454//2454 2440//2440
f 2451//2451 2453//2453 2454//2454
f 2442//2442 2454//2454 2358//2358
f 2440//2440 2454//2454 2442//2442
f 2442//2442 2358//2358 2355//2355
f 2448//2448 2362//2362 2363//2363
f 2448//2448 2455//2455 2444//2444
f 2444//2444 2456//2456 2449//2449
f 2444//2444 2455//2455 2456//2456
f 2450//2450 2449//2449 2457//2457
f 2449//2449 2458//2458 2457//2457
f 2449//2449 2456//2456 2458//2458
f 2458//2458 2459//2459 2457//2457
f 2461//2461 2460//2460 2459//2459
f 2460//2460 2461//2461 2452//2452
f 2461//2461 2451//2451 2452//2452
f 2461//2461 2462//2462 2451//2451
f 2451//2451 2463//2463 2453//2453
f 2451//2451 2462//2462 2463//2463
f 2453//2453 2364//2364 2358//2358
f 2453//2453 2358//2358 2454//2454
f 2366//2366 2464//2464 2448//2448
f 2366//2366 2448//2448 2363//2363
f 2448//2448 2464//2464 2455//2455
f 2458//2458 2465//2465 2459//2459
f 2458//2458 2456//2456 2465//2465
f 2459//2459 2466//2466 2461//2461
f 2459//2459 2465//2465 2466//2466
f 2453//2453 2462//2462 2368//2368
f 2463//2463 2462//2462 2453//2453
f 2453//2453 2368//2368 2364//2364
f 2371//2371 2464//2464 2366//2366
f 2464//2464 2371//2371 2372//2372
f 2467//2467 2464//2464 2372//2372
f 2464//2464 2472//2472 2455//2455
f 2464//2464 2467//2467 2472//2472
f 2455//2455 2468//2468 2456//2456
f 2455//2455 2472//2472 2468//2468
f 2456//2456 2469//2469 2465//2465
f 2456//2456 2468//2468 2469//2469
f 2466//2466 2470//2470 2461//2461
f 2466//2466 2465//2465 2470//2470
f 2461//2461 2471//2471 2462//2462
f 2461//2461 2470//2470 2471//2471
f 2471//2471 2374//2374 2368//2368
f 2471//2471 2368//2368 2462//2462
f 2377//2377 2467//2467 2372//2372
f 2467//2467 2377//2377 2379//2379
f 2467//2467 2379//2379 2472//2472
f 2472//2472 2379//2379 2380//2380
f 2469//2469 2473//2473 2465//2465
f 2469//2469 2468//2468 2473//2473
f 2470//2470 2473//2473 2382//2382
f 2465//2465 2473//2473 2470//2470
f 2470//2470 2382//2382 2383//2383
f 2470//2470 2383//2383 2471//2471
f 2471//2471 2383//2383 2374//2374
f 2386//2386 2472//2472 2380//2380
f 2472//2472 2386//2386 2388//2388
f 2472//2472 2388//2388 2468//2468
f 2468//2468 2388//2388 2389//2389
f 2468//2468 2389//2389 2473//2473
f 2473//2473 2389//2389 2382//2382
f 2475//2475 2406//2406 2405//2405
f 2475//2475 2405//2405 2474//2474
f 2476//2476 2410//2410 2406//2406
f 2476//2476 2406//2406 2475//2475
f 2414//2414 2477//2477 2415//2415
f 2477//2477 2474//2474 2415//2415
f 2478//2478 2474//2474 2477//2477
f 2474//2474 2479//2479 2475//2475
f 2474//2474 2478//2478 2479//2479
f 2480//2480 2416//2416 2410//2410
f 2476//2476 2480//2480 2410//2410
f 2475//2475 2480//2480 2476//2476
f 2480//2480 2417//2417 2416//2416
f 2421//2421 2477//2477 2414//2414
f 2479//2479 2481//2481 2475//2475
f 2479//2479 2478//2478 2481//2481
f 2475//2475 2482//2482 2480//2480
f 2475//2475 2481//2481 2482//2482
f 2482//2482 2423//2423 2417//2417
f 2482//2482 2417//2417 2480//2480
f 2426//2426 2421//2421 2427//2427
f 2483//2483 2421//2421 2426//2426
f 2421//2421 2484//2484 2477//2477
f 2421//2421 2483//2483 2484//2484
f 2477//2477 2485//2485 2478//2478
f 2477//2477 2484//2484 2485//2485
f 2478//2478 2486//2486 2481//2481
f 2478//2478 2485//2485 2486//2486
f 2482//2482 2487//2487 2423//2423
f 2481//2481 2487//2487 2482//2482
f 2487//2487 2431//2431 2423//2423
f 2430//2430 2488//2488 2426//2426
f 2426//2426 2489//2489 2483//2483
f 2426//2426 2488//2488 2489//2489
f 2486//2486 2490//2490 2481//2481
f 2486//2486 2485//2485 2490//2490
f 2481//2481 2491//2491 2487//2487
f 2481//2481 2490//2490 2491//2491
f 2491//2491 2435//2435 2431//2431
f 2491//2491 2431//2431 2487//2487
f 2434//2434 2492//2492 2488//2488
f 2434//2434 2488//2488 2430//2430
f 2489//2489 2493//2493 2483//2483
f 2489//2489 2488//2488 2493//2493
f 2483//2483 2494//2494 2484//2484
f 2483//2483 2493//2493 2494//2494
f 2484//2484 2495//2495 2485//2485
f 2484//2484 2494//2494 2495//2495
f 2485//2485 2498//2498 2490//2490
f 2485//2485 2495//2495 2498//2498
f 2490//2490 2436//2436 2435//2435
f 2490//2490 2435//2435 2491//2491
f 2439//2439 2492//2492 2434//2434
f 2496//2496 2492//2492 2439//2439
f 2488//2488 2492//2492 2496//2496
f 2488//2488 2497//2497 2493//2493
f 2488//2488 2496//2496 2497//2497
f 2495//2495 2494//2494 2498//2498
f 2490//2490 2498//2498 2441//2441
f 2490//2490 2441//2441 2436//2436
f 2446//2446 2501//2501 2496//2496
f 2446//2446 2496//2496 2439//2439
f 2497//2497 2499//2499 2493//2493
f 2497//2497 2496//2496 2499//2499
f 2493//2493 2503//2503 2494//2494
f 2493//2493 2499//2499 2503//2503
f 2494//2494 2500//2500 2498//2498
f 2494//2494 2503//2503 2500//2500
f 2500//2500 2447//2447 2441//2441
f 2500//2500 2441//2441 2498//2498
f 2449//2449 2501//2501 2446//2446
f 2501//2501 2449//2449 2450//2450
f 2496//2496 2502//2502 2499//2499
f 2496//2496 2501//2501 2502//2502
f 2499//2499 2502//2502 2503//2503
f 2500//2500 2503//2503 2452//2452
f 2500//2500 2452//2452 2447//2447
f 2457//2457 2501//2501 2450//2450
f 2501//2501 2457//2457 2459//2459
f 2501//2501 2459//2459 2502//2502
f 2502//2502 2459//2459 2460//2460
f 2502//2502 2460//2460 2503//2503
f 2503//2503 2460//2460 2452//2452
