mtllib guard_leg_r.mtl
o pants
usemtl pants
v -0.0980 -0.0297 -0.0038
v -0.0942 -0.0467 0.0094
v -0.0976 0.0035 -0.0229
v -0.0957 -0.0419 0.0029
v -0.0934 -0.0024 0.0309
v -0.0925 -0.0086 -0.0379
v -0.0954 0.0071 0.0222
v -0.0945 0.0150 -0.0260
v -0.0983 0.0074 0.0075
v -0.0941 0.0272 -0.0083
v -0.0980 0.0152 0.0002
v -0.0937 0.0276 0.0005
v -0.0867 -0.1225 -0.0173
v -0.0860 -0.1124 -0.0236
v -0.0878 -0.1143 -0.0013
v -0.0861 -0.1166 0.0134
v -0.0865 -0.1038 -0.0248
v -0.0849 -0.0943 0.0253
v -0.0912 -0.0791 0.0006
v -0.0882 -0.0929 0.0123
v -0.0863 -0.0735 0.0282
v -0.0872 -0.0535 -0.0393
v -0.0892 -0.0854 -0.0206
v -0.0937 -0.0552 -0.0123
v -0.0945 -0.0538 0.0006
v -0.0931 -0.0479 0.0152
v -0.0886 -0.0552 -0.0356
v -0.0926 -0.0490 -0.0240
v -0.0874 -0.0527 0.0325
v -0.0874 -0.0392 -0.0428
v -0.0918 -0.0345 0.0261
v -0.0919 -0.0156 -0.0366
v -0.0875 -0.0113 0.0424
v -0.0877 0.0012 -0.0479
v -0.0866 0.0157 -0.0458
v -0.0925 0.0068 -0.0376
v -0.0864 0.0283 -0.0389
v -0.0857 0.0443 0.0092
v -0.0881 0.0366 -0.0226
v -0.0886 0.0292 0.0277
v -0.0835 0.0493 -0.0073
v -0.0785 -0.2552 -0.0066
v -0.0781 -0.2510 -0.0181
v -0.0785 -0.2408 -0.0196
v -0.0779 -0.2260 0.0153
v -0.0797 -0.2193 -0.0243
v -0.0793 -0.2234 0.0100
v -0.0779 -0.2560 0.0016
v -0.0788 -0.1921 0.0247
v -0.0778 -0.1994 -0.0363
v -0.0832 -0.1823 -0.0205
v -0.0791 -0.1525 -0.0406
v -0.0819 -0.1905 -0.0274
v -0.0823 -0.1850 0.0147
v -0.0842 -0.1467 -0.0240
v -0.0859 -0.1511 -0.0003
v -0.0801 -0.1654 0.0273
v -0.0858 -0.1343 0.0094
v -0.0856 -0.1666 -0.0005
v -0.0777 -0.1355 0.0372
v -0.0792 -0.1321 -0.0419
v -0.0809 -0.1214 0.0324
v -0.0845 -0.1197 -0.0273
v -0.0781 -0.1244 0.0375
v -0.0835 -0.0959 -0.0360
v -0.0789 -0.0999 -0.0459
v -0.0787 -0.0882 0.0419
v -0.0846 -0.0791 -0.0379
v -0.0786 -0.0784 -0.0502
v -0.0829 -0.0634 0.0398
v -0.0793 -0.0668 -0.0513
v -0.0755 -0.0481 0.0553
v -0.0822 -0.0296 0.0498
v -0.0778 -0.0248 -0.0601
v -0.0856 -0.0224 0.0441
v -0.0792 -0.0211 -0.0586
v -0.0804 0.0104 -0.0580
v -0.0787 0.0079 0.0572
v -0.0775 0.0196 -0.0585
v -0.0851 0.0143 0.0456
v -0.0788 0.0360 -0.0460
v -0.0782 0.0360 0.0440
v -0.0789 0.0452 -0.0359
v -0.0804 0.0394 0.0370
v -0.0744 0.0568 -0.0265
v -0.0700 0.0673 -0.0064
v -0.0719 0.0632 0.0127
v -0.0701 -0.4635 -0.0039
v -0.0721 -0.4476 -0.0087
v -0.0710 -0.4639 -0.0079
v -0.0705 -0.4266 -0.0215
v -0.0703 -0.4137 -0.0122
v -0.0699 -0.3767 0.0015
v -0.0712 -0.3583 -0.0271
v -0.0719 -0.3625 0.0026
v -0.0716 -0.3676 -0.0175
v -0.0737 -0.3280 -0.0281
v -0.0717 -0.3356 0.0141
v -0.0755 -0.3314 -0.0048
v -0.0766 -0.2988 -0.0040
v -0.0754 -0.2643 -0.0277
v -0.0758 -0.3231 -0.0177
v -0.0737 -0.3257 0.0099
v -0.0728 -0.2981 0.0164
v -0.0697 -0.2787 -0.0417
v -0.0767 -0.2696 -0.0199
v -0.0722 -0.2613 -0.0381
v -0.0779 -0.2588 -0.0001
v -0.0779 -0.2697 -0.0054
v -0.0759 -0.2543 0.0143
v -0.0694 -0.2620 0.0296
v -0.0754 -0.2345 -0.0338
v -0.0720 -0.2159 -0.0459
v -0.0710 -0.2422 -0.0433
v -0.0680 -0.2067 0.0441
v -0.0728 -0.2327 0.0283
v -0.0695 -0.2010 -0.0525
v -0.0714 -0.1942 -0.0508
v -0.0686 -0.1980 0.0458
v -0.0704 -0.1868 0.0440
v -0.0694 -0.1734 -0.0565
v -0.0702 -0.1703 -0.0558
v -0.0746 -0.1797 0.0382
v -0.0686 -0.1615 -0.0582
v -0.0724 -0.1608 0.0445
v -0.0726 -0.1404 -0.0532
v -0.0676 -0.1568 0.0523
v -0.0718 -0.1220 -0.0554
v -0.0685 -0.1247 -0.0598
v -0.0638 -0.1271 -0.0653
v -0.0662 -0.1104 0.0582
v -0.0676 -0.1002 -0.0627
v -0.0679 -0.0675 0.0616
v -0.0646 -0.0614 -0.0701
v -0.0769 -0.0477 -0.0583
v -0.0714 -0.0345 0.0626
v -0.0719 -0.0280 0.0629
v -0.0696 -0.0283 -0.0684
v -0.0671 -0.0115 -0.0721
v -0.0711 -0.0015 -0.0687
v -0.0731 0.0018 0.0657
v -0.0708 0.0243 0.0619
v -0.0715 0.0389 -0.0551
v -0.0753 0.0516 0.0311
v -0.0707 0.0487 -0.0468
v -0.0677 0.0637 0.0271
v -0.0622 -0.5164 -0.0143
v -0.0622 -0.4769 -0.0413
v -0.0626 -0.4981 -0.0285
v -0.0625 -0.5014 0.0062
v -0.0671 -0.4708 -0.0294
v -0.0658 -0.4911 -0.0169
v -0.0706 -0.4581 0.0026
v -0.0645 -0.4698 -0.0396
v -0.0654 -0.4695 0.0168
v -0.0634 -0.4618 -0.0456
v -0.0694 -0.4475 -0.0293
v -0.0584 -0.4381 0.0354
v -0.0666 -0.4381 -0.0397
v -0.0621 -0.4376 0.0281
v -0.0633 -0.4305 0.0250
v -0.0699 -0.4257 0.0047
v -0.0656 -0.4101 0.0158
v -0.0621 -0.4174 -0.0467
v -0.0678 -0.4011 -0.0272
v -0.0684 -0.3849 -0.0248
v -0.0638 -0.3873 -0.0393
v -0.0698 -0.3661 0.0090
v -0.0655 -0.3910 0.0149
v -0.0678 -0.3677 -0.0333
v -0.0690 -0.3531 0.0166
v -0.0696 -0.3975 -0.0016
v -0.0618 -0.3645 0.0295
v -0.0608 -0.3557 0.0334
v -0.0647 -0.3403 -0.0464
v -0.0624 -0.3501 0.0320
v -0.0591 -0.3231 -0.0559
v -0.0591 -0.3290 0.0396
v -0.0630 -0.3091 -0.0515
v -0.0729 -0.3091 -0.0333
v -0.0658 -0.3162 0.0305
v -0.0643 -0.2773 -0.0510
v -0.0571 -0.2829 0.0465
v -0.0688 -0.3031 0.0260
v -0.0578 -0.2778 -0.0596
v -0.0683 -0.2550 -0.0462
v -0.0667 -0.2299 0.0406
v -0.0621 -0.2175 -0.0602
v -0.0624 -0.2174 -0.0599
v -0.0672 -0.1893 0.0482
v -0.0608 -0.1782 0.0581
v -0.0604 -0.1882 -0.0655
v -0.0636 -0.1459 0.0580
v -0.0616 -0.0947 0.0645
v -0.0554 -0.0976 -0.0745
v -0.0680 -0.0913 0.0576
v -0.0694 -0.0783 -0.0628
v -0.0709 -0.0866 0.0551
v -0.0562 -0.0572 0.0736
v -0.0659 -0.0532 0.0658
v -0.0596 -0.0136 0.0763
v -0.0695 -0.0094 0.0681
v -0.0644 0.0087 -0.0744
v -0.0613 0.0221 0.0722
v -0.0660 0.0254 -0.0678
v -0.0538 0.0434 -0.0697
v -0.0659 0.0480 0.0524
v -0.0644 0.0432 -0.0597
v -0.0640 0.0569 -0.0470
v -0.0632 0.0667 -0.0316
v -0.0547 0.0781 0.0187
v -0.0541 -0.6916 -0.0060
v -0.0540 -0.6811 0.0043
v -0.0542 -0.6729 0.0068
v -0.0565 -0.6586 -0.0141
v -0.0548 -0.6692 0.0062
v -0.0558 -0.6704 -0.0086
v -0.0561 -0.6287 -0.0220
v -0.0555 -0.6600 0.0078
v -0.0546 -0.6061 -0.0285
v -0.0548 -0.6474 0.0110
v -0.0548 -0.5948 0.0143
v -0.0585 -0.5933 -0.0128
v -0.0561 -0.5782 -0.0276
v -0.0583 -0.5987 -0.0006
v -0.0513 -0.5483 -0.0421
v -0.0600 -0.5601 -0.0060
v -0.0537 -0.5444 0.0219
v -0.0600 -0.5214 0.0074
v -0.0592 -0.5404 -0.0235
v -0.0620 -0.5268 -0.0089
v -0.0566 -0.5410 -0.0328
v -0.0551 -0.5178 0.0219
v -0.0504 -0.4838 -0.0572
v -0.0609 -0.5031 -0.0295
v -0.0580 -0.5071 -0.0358
v -0.0535 -0.4769 0.0367
v -0.0600 -0.4987 0.0163
v -0.0554 -0.4846 -0.0505
v -0.0540 -0.4569 -0.0602
v -0.0608 -0.4593 0.0307
v -0.0518 -0.4424 -0.0645
v -0.0552 -0.4296 -0.0589
v -0.0489 -0.4330 0.0475
v -0.0549 -0.4157 -0.0578
v -0.0588 -0.4214 0.0324
v -0.0587 -0.4026 0.0306
v -0.0522 -0.3852 -0.0586
v -0.0568 -0.3874 0.0341
v -0.0481 -0.3751 0.0460
v -0.0520 -0.3718 0.0420
v -0.0609 -0.3672 -0.0490
v -0.0537 -0.3113 0.0478
v -0.0552 -0.3002 -0.0610
v -0.0589 -0.2539 -0.0598
v -0.0681 -0.2363 0.0379
v -0.0505 -0.2417 0.0582
v -0.0593 -0.2217 0.0524
v -0.0513 -0.2169 -0.0706
v -0.0509 -0.1963 -0.0730
v -0.0561 -0.1864 0.0613
v -0.0570 -0.1652 0.0631
v -0.0570 -0.1619 -0.0702
v -0.0582 -0.1449 0.0639
v -0.0557 -0.0997 -0.0737
v -0.0540 -0.0948 0.0711
v -0.0585 -0.0910 -0.0723
v -0.0537 -0.0553 -0.0784
v -0.0558 -0.0471 0.0750
v -0.0686 -0.0338 -0.0691
v -0.0580 -0.0054 0.0780
v -0.0492 0.0196 0.0816
v -0.0559 0.0438 0.0660
v -0.0596 0.0559 0.0520
v -0.0541 0.0544 0.0593
v -0.0558 0.0621 -0.0502
v -0.0460 -0.8572 0.0052
v -0.0468 -0.8425 -0.0058
v -0.0461 -0.8341 -0.0124
v -0.0464 -0.8239 0.0096
v -0.0460 -0.8184 0.0122
v -0.0456 -0.8111 -0.0171
v -0.0467 -0.7763 -0.0173
v -0.0481 -0.7808 -0.0094
v -0.0482 -0.7876 0.0004
v -0.0466 -0.7842 0.0126
v -0.0498 -0.7497 -0.0017
v -0.0461 -0.7597 -0.0214
v -0.0467 -0.7564 0.0148
v -0.0509 -0.7184 0.0042
v -0.0493 -0.7347 0.0100
v -0.0462 -0.7192 -0.0284
v -0.0494 -0.7360 -0.0147
v -0.0527 -0.7062 -0.0044
v -0.0476 -0.7113 -0.0275
v -0.0522 -0.6757 0.0138
v -0.0465 -0.7096 0.0219
v -0.0500 -0.6963 -0.0263
v -0.0474 -0.6760 0.0245
v -0.0466 -0.6824 -0.0351
v -0.0437 -0.6448 -0.0437
v -0.0535 -0.6562 -0.0249
v -0.0496 -0.6420 -0.0354
v -0.0460 -0.6488 0.0289
v -0.0439 -0.6237 -0.0455
v -0.0488 -0.6418 0.0248
v -0.0454 -0.6111 -0.0450
v -0.0513 -0.5868 -0.0370
v -0.0555 -0.5606 0.0165
v -0.0483 -0.5863 0.0281
v -0.0476 -0.5766 -0.0443
v -0.0422 -0.5702 0.0370
v -0.0475 -0.5567 -0.0463
v -0.0520 -0.5190 -0.0443
v -0.0432 -0.5004 -0.0593
v -0.0475 -0.5174 -0.0509
v -0.0484 -0.5129 0.0340
v -0.0454 -0.4824 0.0445
v -0.0466 -0.4738 0.0466
v -0.0470 -0.4602 -0.0670
v -0.0397 -0.4274 -0.0744
v -0.0445 -0.3956 -0.0659
v -0.0482 -0.3820 -0.0618
v -0.0516 -0.3648 -0.0608
v -0.0453 -0.3588 -0.0665
v -0.0549 -0.3422 -0.0591
v -0.0531 -0.3425 0.0447
v -0.0483 -0.3316 0.0504
v -0.0501 -0.3246 -0.0648
v -0.0432 -0.3085 -0.0705
v -0.0522 -0.2943 0.0503
v -0.0456 -0.2893 -0.0697
v -0.0484 -0.2587 -0.0692
v -0.0498 -0.2588 0.0568
v -0.0491 -0.2461 -0.0697
v -0.0461 -0.2172 -0.0745
v -0.0527 -0.2137 0.0605
v -0.0458 -0.1790 -0.0775
v -0.0465 -0.1859 0.0691
v -0.0484 -0.1634 -0.0766
v -0.0490 -0.1586 -0.0765
v -0.0501 -0.0749 -0.0794
v -0.0499 -0.0597 0.0776
v -0.0468 -0.0377 0.0816
v -0.0503 -0.0340 -0.0821
v -0.0537 -0.0085 -0.0818
v -0.0498 0.0017 0.0839
v -0.0460 0.0071 -0.0861
v -0.0337 0.0122 -0.0911
v -0.0618 0.0331 0.0676
v -0.0464 0.0333 0.0784
v -0.0471 0.0459 0.0717
v -0.0505 0.0542 -0.0637
v -0.0472 0.0708 -0.0473
v -0.0481 0.0723 0.0449
v -0.0555 0.0659 0.0453
v -0.0505 0.0741 -0.0384
v -0.0557 0.0764 -0.0232
v -0.0471 0.0824 -0.0206
v -0.0586 0.0776 -0.0066
v -0.0398 -0.9101 0.0097
v -0.0400 -0.9076 -0.0147
v -0.0396 -0.8968 0.0219
v -0.0455 -0.8926 0.0024
v -0.0445 -0.8968 -0.0110
v -0.0450 -0.8714 0.0076
v -0.0386 -0.8715 0.0254
v -0.0450 -0.8632 -0.0112
v -0.0443 -0.8615 0.0122
v -0.0317 -0.8669 -0.0360
v -0.0395 -0.8543 0.0250
v -0.0439 -0.8480 0.0155
v -0.0369 -0.8412 0.0300
v -0.0392 -0.8514 -0.0275
v -0.0400 -0.8742 -0.0242
v -0.0448 -0.8227 0.0155
v -0.0429 -0.8004 -0.0247
v -0.0392 -0.8216 0.0275
v -0.0405 -0.7884 -0.0304
v -0.0346 -0.8300 0.0333
v -0.0449 -0.7750 -0.0223
v -0.0392 -0.7740 -0.0338
v -0.0424 -0.7637 0.0245
v -0.0429 -0.7597 -0.0283
v -0.0383 -0.7586 -0.0364
v -0.0370 -0.7473 0.0342
v -0.0414 -0.7336 0.0287
v -0.0407 -0.7542 0.0283
v -0.0406 -0.7317 -0.0362
v -0.0341 -0.6972 0.0407
v -0.0400 -0.6951 -0.0420
v -0.0417 -0.6829 0.0327
v -0.0390 -0.6770 -0.0452
v -0.0450 -0.6555 0.0301
v -0.0362 -0.6594 0.0397
v -0.0395 -0.6183 -0.0504
v -0.0371 -0.6121 -0.0530
v -0.0379 -0.5771 0.0411
v -0.0404 -0.5674 -0.0534
v -0.0361 -0.5635 0.0436
v -0.0474 -0.5410 0.0329
v -0.0417 -0.5273 -0.0559
v -0.0380 -0.5183 -0.0600
v -0.0439 -0.5224 0.0379
v -0.0318 -0.5130 -0.0652
v -0.0373 -0.4837 -0.0690
v -0.0394 -0.4547 0.0552
v -0.0445 -0.4457 0.0509
v -0.0451 -0.4381 0.0508
v -0.0392 -0.4118 -0.0726
v -0.0393 -0.4200 0.0548
v -0.0336 -0.3764 -0.0730
v -0.0304 -0.3837 0.0581
v -0.0449 -0.3554 0.0511
v -0.0436 -0.3449 -0.0685
v -0.0426 -0.3337 -0.0697
v -0.0431 -0.3402 0.0538
v -0.0395 -0.3176 0.0582
v -0.0434 -0.3000 0.0574
v -0.0473 -0.2605 0.0583
v -0.0382 -0.2640 -0.0761
v -0.0387 -0.2594 0.0645
v -0.0396 -0.2382 0.0665
v -0.0386 -0.2481 -0.0768
v -0.0413 -0.2108 -0.0778
v -0.0440 -0.2056 0.0680
v -0.0321 -0.1902 -0.0836
v -0.0392 -0.1736 0.0743
v -0.0378 -0.1587 0.0767
v -0.0484 -0.1344 0.0726
v -0.0452 -0.1162 0.0760
v -0.0382 -0.1222 -0.0841
v -0.0478 -0.1179 -0.0788
v -0.0464 -0.1057 0.0758
v -0.0288 -0.1194 0.0836
v -0.0366 -0.0984 -0.0856
v -0.0398 -0.0971 0.0802
v -0.0431 -0.0453 -0.0850
v -0.0395 -0.0549 0.0838
v -0.0480 -0.0042 0.0844
v -0.0351 -0.0266 -0.0890
v -0.0334 -0.0067 -0.0905
v -0.0402 0.0360 0.0810
v -0.0410 0.0448 -0.0767
v -0.0460 0.0599 0.0616
v -0.0373 0.0632 0.0649
v -0.0392 0.0665 -0.0600
v -0.0331 0.0745 -0.0534
v -0.0299 0.0811 0.0475
v -0.0399 0.0846 -0.0275
v -0.0440 0.0845 0.0228
v -0.0259 -0.9294 -0.0099
v -0.0332 -0.9221 0.0001
v -0.0316 -0.9179 0.0198
v -0.0272 -0.9189 -0.0256
v -0.0332 -0.9011 -0.0300
v -0.0353 -0.9049 0.0255
v -0.0315 -0.8902 -0.0345
v -0.0294 -0.8750 -0.0374
v -0.0250 -0.8889 0.0405
v -0.0334 -0.8743 0.0326
v -0.0283 -0.8512 0.0387
v -0.0328 -0.8119 -0.0382
v -0.0266 -0.8189 0.0414
v -0.0309 -0.7853 -0.0423
v -0.0311 -0.7611 -0.0441
v -0.0334 -0.7359 0.0388
v -0.0387 -0.7449 -0.0378
v -0.0279 -0.7162 -0.0509
v -0.0337 -0.6872 -0.0493
v -0.0364 -0.7219 0.0366
v -0.0302 -0.6851 0.0435
v -0.0347 -0.6681 -0.0501
v -0.0301 -0.6574 -0.0545
v -0.0339 -0.6413 0.0427
v -0.0305 -0.6222 -0.0572
v -0.0371 -0.5942 0.0412
v -0.0318 -0.5934 -0.0587
v -0.0318 -0.5525 -0.0617
v -0.0264 -0.5577 -0.0645
v -0.0262 -0.5535 0.0506
v -0.0346 -0.5235 0.0462
v -0.0387 -0.5119 0.0441
v -0.0299 -0.5035 -0.0681
v -0.0268 -0.4765 -0.0771
v -0.0373 -0.4614 -0.0746
v -0.0411 -0.4509 -0.0742
v -0.0190 -0.4190 -0.0842
v -0.0278 -0.3907 -0.0762
v -0.0341 -0.3664 -0.0731
v -0.0252 -0.3736 0.0611
v -0.0308 -0.3417 -0.0758
v -0.0265 -0.3532 0.0621
v -0.0363 -0.3107 0.0609
v -0.0272 -0.3192 -0.0783
v -0.0339 -0.2979 -0.0767
v -0.0388 -0.3056 0.0600
v -0.0389 -0.2821 0.0623
v -0.0350 -0.2782 -0.0770
v -0.0201 -0.2620 -0.0843
v -0.0223 -0.2996 0.0685
v -0.0352 -0.2430 0.0686
v -0.0270 -0.2520 -0.0821
v -0.0339 -0.2125 0.0727
v -0.0261 -0.2212 -0.0843
v -0.0331 -0.1867 0.0759
v -0.0351 -0.1484 -0.0845
v -0.0252 -0.1485 -0.0880
v -0.0161 -0.1329 -0.0914
v -0.0219 -0.1193 -0.0905
v -0.0189 -0.0989 0.0882
v -0.0263 -0.0990 -0.0897
v -0.0291 -0.0823 -0.0898
v -0.0358 -0.0652 0.0846
v -0.0227 -0.0593 -0.0919
v -0.0251 -0.0562 -0.0911
v -0.0296 -0.0527 0.0878
v -0.0338 -0.0162 0.0892
v -0.0346 -0.0010 0.0901
v -0.0273 0.0030 -0.0928
v -0.0498 0.0234 -0.0814
v -0.0199 0.0387 -0.0873
v -0.0304 0.0389 0.0839
v -0.0308 0.0532 0.0763
v -0.0259 0.0793 -0.0511
v -0.0245 0.0810 -0.0485
v -0.0323 0.0817 0.0438
v -0.0330 0.0863 0.0325
v -0.0264 -0.9289 -0.0003
v -0.0206 -0.9296 0.0169
v -0.0221 -0.9221 0.0268
v -0.0216 -0.9117 -0.0362
v -0.0265 -0.9011 -0.0370
v -0.0245 -0.8198 -0.0445
v -0.0205 -0.8572 -0.0449
v -0.0130 -0.8170 0.0486
v -0.0299 -0.7875 -0.0432
v -0.0243 -0.7983 0.0439
v -0.0227 -0.7849 0.0454
v -0.0192 -0.7626 -0.0525
v -0.0281 -0.7759 0.0424
v -0.0281 -0.7291 0.0439
v -0.0234 -0.7395 -0.0521
v -0.0252 -0.7122 -0.0531
v -0.0250 -0.6854 0.0471
v -0.0228 -0.6694 0.0484
v -0.0235 -0.6553 -0.0582
v -0.0271 -0.6248 0.0474
v -0.0230 -0.6149 -0.0622
v -0.0143 -0.6238 -0.0647
v -0.0262 -0.6047 0.0488
v -0.0238 -0.5896 0.0507
v -0.0296 -0.5756 0.0479
v -0.0237 -0.5342 -0.0676
v -0.0222 -0.5349 -0.0682
v -0.0226 -0.5428 0.0529
v -0.0287 -0.5141 0.0513
v -0.0170 -0.5088 -0.0726
v -0.0281 -0.5007 0.0529
v -0.0264 -0.4851 -0.0747
v -0.0213 -0.4785 0.0608
v -0.0242 -0.4657 0.0622
v -0.0287 -0.4564 0.0613
v -0.0337 -0.3956 0.0567
v -0.0142 -0.3841 -0.0809
v -0.0163 -0.3693 -0.0801
v -0.0148 -0.3214 -0.0821
v -0.0300 -0.3140 0.0639
v -0.0134 -0.2904 0.0720
v -0.0143 -0.2598 0.0750
v -0.0294 -0.2316 0.0727
v -0.0280 -0.1940 -0.0849
v -0.0230 -0.2096 0.0772
v -0.0222 -0.1710 0.0810
v -0.0139 -0.1909 -0.0887
v -0.0208 -0.1544 0.0829
v -0.0283 -0.1092 0.0845
v -0.0212 -0.0236 -0.0930
v -0.0307 -0.0322 0.0889
v -0.0224 -0.0190 0.0921
v -0.0160 0.0217 0.0936
v -0.0282 0.0221 -0.0906
v -0.0215 0.0218 0.0918
v -0.0307 0.0357 0.0854
v -0.0231 0.0502 0.0804
v -0.0121 0.0505 0.0832
v -0.0279 0.0613 -0.0708
v -0.0175 0.0670 0.0703
v -0.0259 0.0742 0.0593
v -0.0178 0.0839 -0.0462
v -0.0239 0.0902 -0.0280
v -0.0162 -0.9345 0.0091
v -0.0135 -0.9255 -0.0295
v -0.0138 -0.9267 0.0288
v -0.0208 -0.9110 0.0381
v -0.0178 -0.8866 -0.0451
v -0.0175 -0.8725 -0.0457
v -0.0196 -0.8363 0.0452
v -0.0149 -0.7859 -0.0523
v -0.0075 -0.7828 0.0524
v -0.0043 -0.7650 -0.0575
v -0.0180 -0.7489 0.0496
v -0.0200 -0.7524 -0.0528
v -0.0183 -0.6846 -0.0584
v -0.0119 -0.6782 0.0528
v -0.0124 -0.6757 0.0527
v -0.0149 -0.6753 -0.0603
v -0.0224 -0.6522 0.0497
v -0.0209 -0.6414 -0.0607
v -0.0125 -0.6535 0.0530
v -0.0191 -0.6188 0.0519
v -0.0075 -0.6204 0.0556
v -0.0193 -0.5968 0.0528
v -0.0183 -0.5874 0.0536
v -0.0164 -0.5802 -0.0677
v -0.0155 -0.5697 -0.0688
v 0.0014 -0.5561 -0.0731
v -0.0026 -0.4935 -0.0791
v -0.0112 -0.4684 -0.0844
v -0.0229 -0.4442 -0.0842
v -0.0313 -0.4361 0.0612
v -0.0254 -0.4184 0.0628
v -0.0095 -0.3465 -0.0821
v -0.0158 -0.2818 -0.0843
v -0.0035 -0.2782 -0.0865
v -0.0218 -0.2522 -0.0842
v 0.0029 -0.2606 -0.0885
v -0.0099 -0.2436 -0.0874
v -0.0171 -0.2427 0.0758
v -0.0015 -0.2401 -0.0889
v -0.0057 -0.2127 -0.0890
v -0.0128 -0.1736 -0.0896
v -0.0277 -0.1246 0.0838
v -0.0158 -0.1160 -0.0921
v -0.0159 -0.0957 -0.0927
v -0.0169 -0.0712 -0.0928
v -0.0048 -0.0628 -0.0944
v -0.0022 -0.0291 -0.0948
v -0.0044 -0.0140 -0.0959
v -0.0085 -0.0240 0.0935
v -0.0014 0.0011 -0.0960
v 0.0043 0.0180 -0.0954
v -0.0142 0.0680 -0.0692
v -0.0085 0.0766 0.0624
v -0.0198 0.0907 0.0349
v -0.0202 0.0964 -0.0053
v -0.0256 0.0949 0.0205
v -0.0262 0.0922 0.0245
v 0.0026 -0.9341 -0.0256
v -0.0034 -0.9367 -0.0194
v 0.0023 -0.9405 0.0040
v -0.0071 -0.9366 0.0158
v -0.0120 -0.9116 -0.0423
v -0.0225 -0.9056 0.0412
v 0.0055 -0.9000 -0.0496
v -0.0120 -0.8919 -0.0478
v -0.0097 -0.8561 -0.0493
v -0.0061 -0.8457 -0.0505
v 0.0048 -0.8122 0.0527
v -0.0100 -0.8045 -0.0523
v -0.0097 -0.7853 0.0513
v -0.0065 -0.7420 -0.0590
v -0.0103 -0.7424 0.0531
v -0.0083 -0.7199 -0.0598
v 0.0034 -0.7478 0.0563
v -0.0185 -0.7188 0.0503
v -0.0024 -0.7122 -0.0613
v 0.0047 -0.6581 -0.0650
v -0.0088 -0.6004 -0.0684
v -0.0088 -0.5487 -0.0717
v -0.0175 -0.5552 0.0550
v -0.0014 -0.5197 -0.0744
v -0.0058 -0.5166 0.0586
v -0.0095 -0.5014 -0.0760
v -0.0012 -0.4610 -0.0869
v -0.0061 -0.4536 -0.0873
v -0.0097 -0.4492 0.0686
v -0.0033 -0.4312 -0.0900
v -0.0037 -0.4065 0.0682
v -0.0059 -0.3343 0.0686
v 0.0029 -0.3168 -0.0842
v -0.0149 -0.3225 0.0682
v -0.0116 -0.2962 -0.0843
v -0.0082 -0.2732 0.0747
v -0.0021 -0.2617 -0.0877
v -0.0070 -0.2616 0.0761
v -0.0062 -0.2376 0.0782
v 0.0003 -0.2279 0.0797
v 0.0068 -0.1674 -0.0907
v -0.0061 -0.1577 -0.0910
v -0.0149 -0.1541 0.0842
v -0.0129 -0.1365 0.0862
v 0.0063 -0.1302 -0.0935
v -0.0050 -0.1221 0.0889
v -0.0101 -0.0728 0.0913
v 0.0083 -0.1026 0.0906
v -0.0128 -0.0456 0.0918
v 0.0112 -0.0382 -0.0943
v -0.0197 0.0105 0.0953
v -0.0061 0.0255 -0.0935
v -0.0195 0.0513 -0.0810
v 0.0108 0.0588 -0.0783
v -0.0060 0.0639 0.0748
v 0.0017 0.0727 -0.0660
v -0.0014 0.0792 0.0601
v 0.0031 -0.9316 0.0311
v 0.0057 -0.9156 -0.0437
v -0.0018 -0.9084 0.0470
v 0.0049 -0.8558 -0.0516
v -0.0009 -0.8604 0.0511
v -0.0087 -0.8225 -0.0515
v 0.0025 -0.8093 -0.0538
v -0.0108 -0.7901 0.0512
v 0.0080 -0.8005 -0.0547
v 0.0094 -0.7589 -0.0591
v 0.0088 -0.7445 -0.0603
v 0.0001 -0.7429 -0.0600
v 0.0109 -0.7429 0.0564
v 0.0058 -0.7074 -0.0620
v 0.0021 -0.6588 0.0553
v 0.0027 -0.6468 -0.0656
v 0.0016 -0.6263 -0.0676
v -0.0013 -0.6189 -0.0680
v 0.0086 -0.5971 -0.0704
v 0.0065 -0.5932 0.0585
v -0.0013 -0.5881 -0.0710
v -0.0013 -0.5610 0.0588
v -0.0154 -0.5034 0.0581
v 0.0056 -0.5057 0.0603
v 0.0056 -0.4938 -0.0790
v 0.0052 -0.4659 -0.0866
v -0.0086 -0.4526 0.0690
v 0.0055 -0.4250 -0.0891
v 0.0096 -0.4162 -0.0877
v -0.0086 -0.4291 0.0698
v -0.0085 -0.3959 -0.0831
v -0.0084 -0.3825 0.0660
v 0.0063 -0.3603 -0.0826
v -0.0068 -0.3594 0.0672
v 0.0014 -0.3509 0.0680
v 0.0062 -0.3314 -0.0834
v -0.0003 -0.2834 0.0743
v 0.0017 -0.3046 -0.0848
v -0.0024 -0.2619 0.0768
v -0.0042 -0.2327 0.0791
v 0.0055 -0.1981 -0.0894
v 0.0023 -0.1814 0.0832
v 0.0018 -0.1616 -0.0910
v -0.0057 -0.1643 0.0843
v -0.0002 -0.1478 -0.0923
v 0.0052 -0.1356 0.0873
v -0.0010 -0.0911 -0.0946
v -0.0015 -0.0548 0.0921
v 0.0030 0.0298 0.0923
v 0.0004 0.0415 -0.0886
v 0.0053 0.0564 0.0809
v 0.0009 0.0795 -0.0572
v -0.0077 0.0924 -0.0305
v -0.0004 0.0841 0.0548
v 0.0031 0.0897 -0.0383
v 0.0171 -0.9353 -0.0195
v 0.0198 -0.9389 0.0064
v 0.0199 -0.9246 -0.0346
v -0.0036 -0.8981 0.0511
v -0.0010 -0.8792 0.0511
v 0.0125 -0.8308 -0.0522
v 0.0193 -0.8060 -0.0525
v -0.0009 -0.8006 0.0524
v 0.0174 -0.7552 -0.0582
v 0.0023 -0.7483 0.0555
v 0.0063 -0.7220 -0.0613
v 0.0061 -0.7029 0.0555
v 0.0029 -0.6698 -0.0638
v 0.0069 -0.6883 0.0554
v 0.0091 -0.6362 0.0563
v -0.0025 -0.5814 0.0586
v 0.0158 -0.5807 0.0586
v 0.0098 -0.5064 -0.0761
v -0.0005 -0.4704 0.0671
v 0.0129 -0.4477 -0.0891
v 0.0090 -0.4351 0.0710
v 0.0070 -0.3882 -0.0835
v -0.0045 -0.3690 0.0673
v 0.0133 -0.2699 -0.0868
v 0.0165 -0.2075 -0.0881
v 0.0094 -0.1611 0.0845
v 0.0051 -0.1341 -0.0930
v 0.0190 -0.1046 -0.0928
v 0.0215 -0.0891 -0.0928
v 0.0085 -0.0623 -0.0941
v 0.0082 -0.0404 0.0924
v 0.0133 0.0032 -0.0947
v 0.0012 0.0055 0.0960
v 0.0103 0.0340 -0.0902
v 0.0209 0.0657 -0.0703
v 0.0158 0.0948 -0.0176
v 0.0026 0.0990 0.0064
v 0.0050 0.0978 0.0151
v 0.0018 0.0954 0.0267
v 0.0247 -0.9220 0.0367
v 0.0283 -0.9256 0.0292
v 0.0074 -0.9172 0.0436
v 0.0246 -0.8968 -0.0474
v 0.0200 -0.8840 0.0502
v 0.0182 -0.8574 -0.0498
v 0.0144 -0.8612 0.0505
v 0.0246 -0.8216 -0.0493
v 0.0155 -0.7909 0.0525
v 0.0156 -0.7789 -0.0561
v 0.0108 -0.7677 0.0545
v 0.0221 -0.7157 -0.0598
v 0.0167 -0.7100 -0.0609
v 0.0219 -0.6902 -0.0606
v 0.0217 -0.6829 -0.0608
v 0.0179 -0.6759 0.0537
v 0.0130 -0.6757 0.0546
v 0.0171 -0.6371 -0.0653
v 0.0078 -0.6448 0.0558
v 0.0137 -0.5948 -0.0701
v 0.0137 -0.5481 -0.0729
v 0.0118 -0.5169 -0.0745
v 0.0163 -0.5627 0.0587
v 0.0201 -0.5080 -0.0741
v 0.0183 -0.4728 -0.0836
v 0.0303 -0.4466 -0.0856
v 0.0178 -0.4183 0.0691
v 0.0150 -0.3991 -0.0843
v 0.0238 -0.3953 -0.0821
v 0.0024 -0.3969 0.0681
v 0.0367 -0.3846 -0.0770
v 0.0103 -0.3862 -0.0830
v 0.0123 -0.3478 0.0677
v 0.0215 -0.3412 -0.0809
v 0.0240 -0.3261 -0.0809
v 0.0144 -0.3361 0.0684
v 0.0184 -0.3081 -0.0833
v 0.0181 -0.3029 0.0711
v 0.0173 -0.2974 -0.0846
v 0.0127 -0.2667 0.0760
v 0.0147 -0.2392 -0.0882
v 0.0227 -0.2233 0.0780
v 0.0204 -0.1853 0.0804
v 0.0290 -0.1905 -0.0853
v 0.0063 -0.1732 0.0837
v 0.0211 -0.1564 -0.0890
v 0.0109 -0.1324 -0.0928
v 0.0214 -0.1442 -0.0900
v 0.0177 -0.0794 -0.0932
v 0.0116 -0.0742 0.0911
v 0.0196 -0.0516 -0.0924
v 0.0151 -0.0348 0.0917
v 0.0237 -0.0194 0.0913
v 0.0236 0.0402 -0.0857
v 0.0114 0.0478 -0.0844
v 0.0159 0.0520 0.0817
v 0.0254 0.0425 0.0846
v 0.0146 0.0637 -0.0727
v 0.0223 0.0678 0.0689
v 0.0183 0.0790 -0.0550
v 0.0135 0.0886 0.0429
v 0.0289 -0.9294 -0.0221
v 0.0248 -0.9058 -0.0446
v 0.0309 -0.8402 -0.0457
v 0.0200 -0.8076 -0.0520
v 0.0174 -0.7901 0.0521
v 0.0278 -0.7697 -0.0533
v 0.0256 -0.7532 0.0522
v 0.0338 -0.7501 -0.0525
v 0.0261 -0.6960 -0.0589
v 0.0307 -0.6884 -0.0572
v 0.0237 -0.6961 0.0527
v 0.0227 -0.6662 0.0530
v 0.0209 -0.6113 0.0557
v 0.0176 -0.5956 0.0574
v 0.0206 -0.6020 -0.0684
v 0.0315 -0.5950 -0.0652
v 0.0175 -0.5532 -0.0723
v 0.0336 -0.5215 -0.0685
v 0.0223 -0.5041 0.0583
v 0.0198 -0.4958 0.0603
v 0.0342 -0.4981 -0.0720
v 0.0206 -0.4697 0.0659
v 0.0271 -0.4621 -0.0841
v 0.0116 -0.4519 0.0699
v 0.0319 -0.4387 -0.0850
v 0.0295 -0.4241 0.0668
v 0.0232 -0.4214 -0.0867
v 0.0243 -0.3161 0.0685
v 0.0354 -0.3310 -0.0769
v 0.0300 -0.2937 -0.0813
v 0.0283 -0.2567 -0.0844
v 0.0163 -0.2556 0.0767
v 0.0361 -0.2395 -0.0825
v 0.0300 -0.2075 -0.0847
v 0.0342 -0.1645 -0.0847
v 0.0207 -0.1531 0.0835
v 0.0312 -0.1435 0.0817
v 0.0243 -0.1324 0.0849
v 0.0298 -0.1122 -0.0895
v 0.0270 -0.0843 -0.0910
v 0.0267 -0.0775 0.0879
v 0.0236 -0.0159 -0.0919
v 0.0208 -0.0032 0.0931
v 0.0267 0.0030 -0.0920
v 0.0270 0.0145 -0.0917
v 0.0218 0.0185 0.0924
v 0.0059 0.0441 0.0880
v 0.0255 0.0418 -0.0843
v 0.0182 0.0610 0.0759
v 0.0203 0.0798 0.0560
v 0.0196 0.0905 -0.0308
v 0.0262 0.0907 -0.0247
v 0.0222 0.0902 0.0349
v 0.0279 0.0897 0.0318
v 0.0068 0.0987 -0.0050
v 0.0171 0.0950 0.0222
v 0.0318 -0.9344 -0.0032
v 0.0368 -0.9181 -0.0282
v 0.0394 -0.9005 -0.0377
v 0.0284 -0.9045 0.0447
v 0.0319 -0.8776 -0.0440
v 0.0383 -0.8824 0.0397
v 0.0300 -0.8805 0.0454
v 0.0282 -0.8274 0.0471
v 0.0357 -0.8315 -0.0431
v 0.0239 -0.8217 0.0491
v 0.0363 -0.8158 0.0426
v 0.0364 -0.7976 -0.0454
v 0.0265 -0.7784 0.0500
v 0.0311 -0.7727 -0.0513
v 0.0334 -0.7437 0.0491
v 0.0363 -0.7178 0.0472
v 0.0399 -0.6854 0.0447
v 0.0381 -0.6767 -0.0542
v 0.0316 -0.6559 -0.0593
v 0.0270 -0.6391 0.0523
v 0.0325 -0.6407 -0.0601
v 0.0276 -0.6194 -0.0644
v 0.0350 -0.5917 0.0519
v 0.0395 -0.5997 -0.0610
v 0.0327 -0.5801 0.0532
v 0.0235 -0.5828 -0.0696
v 0.0386 -0.5711 -0.0636
v 0.0384 -0.5626 -0.0642
v 0.0265 -0.5605 0.0562
v 0.0327 -0.5480 0.0536
v 0.0381 -0.5486 -0.0649
v 0.0317 -0.5207 -0.0693
v 0.0292 -0.5286 0.0550
v 0.0391 -0.4828 -0.0741
v 0.0364 -0.4978 0.0544
v 0.0265 -0.4491 0.0674
v 0.0420 -0.4292 -0.0802
v 0.0521 -0.4266 0.0563
v 0.0390 -0.3495 -0.0746
v 0.0335 -0.3096 -0.0788
v 0.0297 -0.2595 -0.0839
v 0.0292 -0.2440 0.0748
v 0.0325 -0.2149 -0.0837
v 0.0378 -0.1996 -0.0816
v 0.0401 -0.1972 0.0732
v 0.0335 -0.1876 0.0767
v 0.0397 -0.1238 -0.0850
v 0.0429 -0.1022 -0.0845
v 0.0354 -0.1070 0.0837
v 0.0249 -0.0970 0.0877
v 0.0232 -0.0952 0.0888
v 0.0375 -0.0474 -0.0870
v 0.0300 -0.0325 0.0882
v 0.0307 -0.0448 -0.0893
v 0.0254 0.0068 0.0924
v 0.0323 0.0223 0.0884
v 0.0382 0.0441 0.0789
v 0.0375 0.0494 -0.0756
v 0.0354 0.0634 -0.0660
v 0.0316 0.0614 0.0709
v 0.0342 0.0734 -0.0547
v 0.0372 0.0746 -0.0512
v 0.0433 0.0750 -0.0457
v 0.0375 0.0827 -0.0365
v 0.0340 0.0828 0.0430
v 0.0285 0.0841 -0.0410
v 0.0456 -0.9208 0.0123
v 0.0304 -0.9326 0.0145
v 0.0381 -0.9244 -0.0186
v 0.0407 -0.9146 -0.0281
v 0.0401 -0.9080 0.0341
v 0.0403 -0.8777 -0.0379
v 0.0400 -0.8557 -0.0389
v 0.0424 -0.8465 0.0361
v 0.0421 -0.8226 0.0370
v 0.0430 -0.7933 0.0385
v 0.0498 -0.7681 -0.0364
v 0.0393 -0.7585 0.0442
v 0.0450 -0.7328 0.0406
v 0.0516 -0.7118 -0.0404
v 0.0334 -0.7317 0.0489
v 0.0388 -0.7238 -0.0512
v 0.0422 -0.6952 -0.0502
v 0.0451 -0.6751 0.0410
v 0.0409 -0.6345 -0.0562
v 0.0350 -0.6020 0.0512
v 0.0379 -0.6070 -0.0611
v 0.0448 -0.5786 -0.0594
v 0.0375 -0.5699 0.0512
v 0.0422 -0.5149 0.0493
v 0.0249 -0.5154 0.0574
v 0.0420 -0.5158 -0.0645
v 0.0391 -0.4735 -0.0767
v 0.0384 -0.4537 0.0631
v 0.0462 -0.4547 -0.0769
v 0.0374 -0.3925 -0.0768
v 0.0315 -0.3961 0.0639
v 0.0353 -0.3836 0.0609
v 0.0349 -0.3726 0.0611
v 0.0414 -0.3670 -0.0732
v 0.0199 -0.3860 0.0655
v 0.0361 -0.3645 -0.0761
v 0.0431 -0.3488 0.0589
v 0.0310 -0.3202 0.0669
v 0.0396 -0.2987 -0.0772
v 0.0322 -0.2687 0.0717
v 0.0511 -0.2465 -0.0740
v 0.0432 -0.2333 -0.0787
v 0.0296 -0.2122 0.0766
v 0.0514 -0.2159 -0.0741
v 0.0421 -0.1639 0.0751
v 0.0467 -0.1494 -0.0795
v 0.0267 -0.1271 0.0853
v 0.0434 -0.0783 -0.0845
v 0.0367 -0.0672 0.0849
v 0.0411 -0.0370 0.0840
v 0.0408 -0.0253 -0.0858
v 0.0411 -0.0054 -0.0866
v 0.0412 0.0023 -0.0866
v 0.0429 0.0193 -0.0846
v 0.0480 0.0183 -0.0823
v 0.0351 0.0287 -0.0861
v 0.0459 0.0327 0.0799
v 0.0462 0.0439 -0.0744
v 0.0423 0.0567 0.0689
v 0.0408 0.0653 0.0619
v 0.0459 0.0680 0.0550
v 0.0357 0.0892 -0.0184
v 0.0388 0.0907 -0.0003
v 0.0354 0.0918 -0.0007
v 0.0425 -0.9176 0.0224
v 0.0530 -0.9034 -0.0167
v 0.0444 -0.9111 0.0258
v 0.0510 -0.9008 -0.0221
v 0.0497 -0.8930 0.0267
v 0.0425 -0.9012 0.0351
v 0.0440 -0.8750 0.0343
v 0.0484 -0.8525 -0.0302
v 0.0514 -0.8805 -0.0244
v 0.0485 -0.8519 0.0292
v 0.0502 -0.8258 0.0272
v 0.0486 -0.8403 -0.0313
v 0.0423 -0.8130 -0.0396
v 0.0497 -0.8083 -0.0312
v 0.0474 -0.7898 -0.0364
v 0.0482 -0.7903 0.0326
v 0.0441 -0.7698 -0.0425
v 0.0525 -0.7225 0.0321
v 0.0494 -0.7122 -0.0423
v 0.0507 -0.6830 -0.0436
v 0.0557 -0.6899 0.0289
v 0.0455 -0.6785 -0.0489
v 0.0463 -0.6597 -0.0496
v 0.0344 -0.6482 0.0490
v 0.0484 -0.6316 -0.0509
v 0.0566 -0.6022 -0.0462
v 0.0463 -0.6447 0.0409
v 0.0482 -0.6154 -0.0531
v 0.0462 -0.6116 0.0434
v 0.0505 -0.5912 -0.0538
v 0.0457 -0.5840 0.0456
v 0.0526 -0.5838 0.0394
v 0.0489 -0.5532 0.0434
v 0.0560 -0.5212 -0.0525
v 0.0477 -0.5329 -0.0594
v 0.0453 -0.5281 0.0468
v 0.0489 -0.5163 -0.0595
v 0.0549 -0.5107 -0.0549
v 0.0556 -0.5027 -0.0562
v 0.0547 -0.4967 -0.0594
v 0.0550 -0.4868 -0.0617
v 0.0545 -0.4742 0.0485
v 0.0507 -0.4718 -0.0702
v 0.0451 -0.4415 0.0601
v 0.0598 -0.4519 -0.0677
v 0.0486 -0.4233 -0.0754
v 0.0522 -0.4132 -0.0713
v 0.0541 -0.4111 0.0516
v 0.0499 -0.3688 -0.0681
v 0.0440 -0.3345 0.0612
v 0.0484 -0.3321 -0.0706
v 0.0353 -0.2946 0.0683
v 0.0429 -0.2788 -0.0769
v 0.0541 -0.2717 -0.0709
v 0.0533 -0.2555 -0.0721
v 0.0540 -0.2218 -0.0721
v 0.0343 -0.1957 0.0759
v 0.0514 -0.1905 -0.0746
v 0.0500 -0.1800 -0.0759
v 0.0480 -0.1804 -0.0771
v 0.0524 -0.1342 0.0723
v 0.0497 -0.1369 -0.0786
v 0.0483 -0.1146 0.0768
v 0.0555 -0.0438 -0.0777
v 0.0433 -0.0529 0.0824
v 0.0500 -0.0257 -0.0812
v 0.0596 -0.0210 0.0749
v 0.0446 0.0022 0.0855
v 0.0432 0.0106 0.0857
v 0.0568 0.0169 0.0769
v 0.0503 0.0498 0.0682
v 0.0542 0.0639 -0.0509
v 0.0475 0.0638 -0.0574
v 0.0493 0.0786 -0.0318
v 0.0368 0.0729 0.0569
v 0.0492 0.0737 0.0438
v 0.0412 0.0869 0.0239
v 0.0376 0.0908 0.0108
v 0.0480 -0.9188 -0.0080
v 0.0525 -0.9094 0.0115
v 0.0517 -0.9032 0.0181
v 0.0571 -0.8852 -0.0040
v 0.0567 -0.8974 0.0070
v 0.0576 -0.8416 -0.0081
v 0.0558 -0.8730 0.0123
v 0.0534 -0.8642 0.0198
v 0.0567 -0.8707 0.0099
v 0.0579 -0.8366 0.0035
v 0.0571 -0.8177 0.0116
v 0.0537 -0.8311 0.0200
v 0.0576 -0.8172 -0.0117
v 0.0530 -0.8110 -0.0249
v 0.0528 -0.8090 0.0238
v 0.0515 -0.8052 0.0264
v 0.0584 -0.7779 -0.0174
v 0.0526 -0.7819 0.0268
v 0.0583 -0.7425 0.0195
v 0.0553 -0.7647 0.0235
v 0.0586 -0.7239 -0.0274
v 0.0576 -0.7416 -0.0260
v 0.0504 -0.7670 0.0321
v 0.0582 -0.7187 -0.0284
v 0.0587 -0.6750 -0.0330
v 0.0528 -0.6994 0.0323
v 0.0567 -0.6661 -0.0376
v 0.0510 -0.6754 0.0360
v 0.0524 -0.6495 0.0346
v 0.0559 -0.6556 -0.0400
v 0.0554 -0.6437 0.0315
v 0.0562 -0.6217 0.0323
v 0.0575 -0.6162 -0.0431
v 0.0566 -0.5985 0.0335
v 0.0544 -0.5819 -0.0506
v 0.0546 -0.5750 -0.0509
v 0.0597 -0.5389 0.0321
v 0.0551 -0.5154 0.0385
v 0.0579 -0.5081 0.0359
v 0.0533 -0.5071 0.0408
v 0.0488 -0.4999 0.0467
v 0.0485 -0.4702 -0.0726
v 0.0434 -0.4697 0.0575
v 0.0550 -0.4653 0.0500
v 0.0562 -0.4577 0.0504
v 0.0663 -0.4383 -0.0610
v 0.0453 -0.4379 0.0609
v 0.0525 -0.4379 0.0554
v 0.0576 -0.4248 -0.0684
v 0.0660 -0.4090 -0.0569
v 0.0595 -0.3892 -0.0606
v 0.0512 -0.3866 0.0511
v 0.0539 -0.3823 -0.0652
v 0.0498 -0.3760 0.0523
v 0.0420 -0.3808 -0.0738
v 0.0599 -0.3631 0.0450
v 0.0645 -0.3533 -0.0567
v 0.0419 -0.3583 0.0589
v 0.0614 -0.3446 0.0495
v 0.0613 -0.3464 -0.0606
v 0.0502 -0.3240 0.0606
v 0.0636 -0.3157 -0.0633
v 0.0365 -0.2870 0.0688
v 0.0547 -0.2847 -0.0700
v 0.0567 -0.2896 0.0604
v 0.0620 -0.2691 -0.0661
v 0.0476 -0.2474 0.0676
v 0.0469 -0.2392 0.0685
v 0.0566 -0.2377 -0.0705
v 0.0642 -0.2361 -0.0655
v 0.0630 -0.2370 0.0606
v 0.0516 -0.2191 0.0661
v 0.0486 -0.1634 -0.0778
v 0.0542 -0.1799 0.0663
v 0.0620 -0.1722 -0.0671
v 0.0524 -0.1471 0.0711
v 0.0530 -0.1591 -0.0750
v 0.0610 -0.1304 0.0659
v 0.0584 -0.1277 -0.0729
v 0.0604 -0.1147 -0.0720
v 0.0476 -0.0959 0.0786
v 0.0532 -0.1051 -0.0781
v 0.0530 -0.0869 0.0755
v 0.0507 -0.0874 0.0769
v 0.0577 -0.0606 -0.0756
v 0.0588 -0.0674 0.0721
v 0.0621 -0.0334 -0.0730
v 0.0520 -0.0379 0.0784
v 0.0598 -0.0173 -0.0753
v 0.0539 0.0053 -0.0802
v 0.0611 0.0149 -0.0744
v 0.0546 0.0307 -0.0747
v 0.0530 0.0290 0.0764
v 0.0570 0.0536 0.0611
v 0.0582 0.0384 -0.0682
v 0.0628 0.0491 -0.0570
v 0.0555 0.0569 -0.0570
v 0.0484 0.0626 0.0591
v 0.0589 0.0656 0.0438
v 0.0630 0.0665 -0.0345
v 0.0571 0.0745 -0.0274
v 0.0495 0.0783 0.0350
v 0.0595 0.0748 0.0234
v 0.0602 0.0739 -0.0224
v 0.0568 0.0792 -0.0119
v 0.0551 0.0809 0.0080
v 0.0582 -0.8300 0.0017
v 0.0582 -0.8297 0.0002
v 0.0585 -0.8040 0.0081
v 0.0584 -0.8018 -0.0120
v 0.0600 -0.7839 0.0026
v 0.0579 -0.7884 0.0139
v 0.0622 -0.7502 -0.0010
v 0.0582 -0.7713 -0.0194
v 0.0607 -0.7426 0.0118
v 0.0635 -0.7178 -0.0092
v 0.0623 -0.7337 0.0042
v 0.0593 -0.7428 0.0164
v 0.0646 -0.7010 -0.0005
v 0.0591 -0.6981 0.0218
v 0.0658 -0.6792 -0.0093
v 0.0649 -0.6847 0.0041
v 0.0665 -0.6531 -0.0185
v 0.0655 -0.6857 -0.0039
v 0.0617 -0.6943 0.0155
v 0.0613 -0.6986 -0.0235
v 0.0661 -0.6715 -0.0121
v 0.0660 -0.6693 0.0030
v 0.0661 -0.6528 -0.0192
v 0.0594 -0.6561 0.0246
v 0.0622 -0.6549 -0.0291
v 0.0609 -0.6381 -0.0348
v 0.0662 -0.6437 0.0101
v 0.0660 -0.6490 -0.0210
v 0.0662 -0.6342 0.0118
v 0.0650 -0.6550 0.0125
v 0.0652 -0.6165 0.0170
v 0.0597 -0.6320 0.0263
v 0.0657 -0.6201 -0.0281
v 0.0645 -0.6085 -0.0326
v 0.0660 -0.6115 0.0156
v 0.0621 -0.6093 0.0243
v 0.0665 -0.5865 0.0171
v 0.0610 -0.5995 0.0269
v 0.0661 -0.6014 -0.0302
v 0.0613 -0.5915 0.0270
v 0.0660 -0.5523 -0.0358
v 0.0644 -0.5643 -0.0382
v 0.0637 -0.5829 0.0233
v 0.0661 -0.5605 0.0200
v 0.0664 -0.5677 -0.0333
v 0.0619 -0.5684 0.0272
v 0.0646 -0.5353 -0.0397
v 0.0630 -0.5450 -0.0421
v 0.0643 -0.5287 -0.0406
v 0.0644 -0.5245 -0.0407
v 0.0648 -0.5286 0.0240
v 0.0665 -0.5186 -0.0378
v 0.0654 -0.4905 -0.0483
v 0.0666 -0.4770 0.0336
v 0.0665 -0.4728 -0.0543
v 0.0632 -0.4926 0.0330
v 0.0598 -0.4786 0.0419
v 0.0572 -0.4552 0.0506
v 0.0661 -0.4505 -0.0600
v 0.0649 -0.4325 -0.0618
v 0.0706 -0.4217 -0.0525
v 0.0645 -0.4222 0.0422
v 0.0639 -0.3996 0.0396
v 0.0702 -0.3793 -0.0461
v 0.0676 -0.3866 0.0333
v 0.0644 -0.3742 0.0380
v 0.0582 -0.3859 0.0448
v 0.0659 -0.3782 -0.0529
v 0.0667 -0.3605 -0.0528
v 0.0685 -0.3438 -0.0550
v 0.0640 -0.3305 -0.0618
v 0.0739 -0.3330 -0.0541
v 0.0637 -0.3147 0.0561
v 0.0632 -0.3005 0.0570
v 0.0623 -0.2857 0.0582
v 0.0519 -0.2641 0.0647
v 0.0717 -0.2776 -0.0591
v 0.0721 -0.2793 0.0531
v 0.0647 -0.2596 0.0584
v 0.0704 -0.2312 -0.0608
v 0.0676 -0.2138 -0.0609
v 0.0612 -0.2139 0.0594
v 0.0567 -0.2061 0.0625
v 0.0672 -0.2048 -0.0606
v 0.0634 -0.2027 0.0568
v 0.0637 -0.1893 0.0573
v 0.0632 -0.1839 -0.0653
v 0.0632 -0.1624 -0.0666
v 0.0713 -0.1511 0.0527
v 0.0644 -0.1393 0.0616
v 0.0658 -0.1090 -0.0671
v 0.0631 -0.1096 0.0657
v 0.0673 -0.1012 -0.0658
v 0.0618 -0.0955 0.0677
v 0.0671 -0.0858 -0.0669
v 0.0645 -0.0841 0.0661
v 0.0596 -0.0804 -0.0740
v 0.0684 -0.0751 0.0629
v 0.0662 -0.0384 0.0675
v 0.0648 -0.0237 -0.0712
v 0.0601 -0.0032 0.0755
v 0.0648 0.0294 -0.0670
v 0.0659 0.0226 0.0680
v 0.0609 0.0402 -0.0652
v 0.0673 0.0416 0.0582
v 0.0605 0.0494 0.0591
v 0.0682 0.0544 -0.0441
v 0.0667 0.0619 -0.0368
v 0.0627 0.0580 0.0483
v 0.0658 0.0617 0.0387
v 0.0634 0.0654 -0.0357
v 0.0647 0.0732 -0.0041
v 0.0647 0.0732 0.0041
v 0.0641 0.0725 0.0152
v 0.0662 -0.6739 -0.0036
v 0.0666 -0.6646 -0.0004
v 0.0677 -0.6459 -0.0120
v 0.0675 -0.6516 -0.0010
v 0.0672 -0.6260 -0.0225
v 0.0690 -0.6282 -0.0039
v 0.0671 -0.6399 0.0072
v 0.0706 -0.6051 -0.0062
v 0.0687 -0.6182 0.0043
v 0.0669 -0.6118 -0.0261
v 0.0708 -0.5928 -0.0040
v 0.0676 -0.6100 0.0110
v 0.0702 -0.5848 -0.0198
v 0.0691 -0.5977 -0.0204
v 0.0690 -0.5955 0.0080
v 0.0714 -0.5821 -0.0079
v 0.0721 -0.5370 -0.0168
v 0.0685 -0.5663 0.0128
v 0.0678 -0.5461 -0.0320
v 0.0721 -0.5580 -0.0056
v 0.0718 -0.5625 -0.0040
v 0.0705 -0.5718 0.0042
v 0.0686 -0.5434 0.0143
v 0.0710 -0.5387 -0.0224
v 0.0689 -0.5274 0.0158
v 0.0671 -0.5444 0.0184
v 0.0724 -0.5177 -0.0199
v 0.0661 -0.5251 0.0219
v 0.0714 -0.5135 0.0083
v 0.0734 -0.5070 -0.0197
v 0.0736 -0.5105 -0.0068
v 0.0733 -0.5051 0.0029
v 0.0663 -0.5033 0.0246
v 0.0699 -0.4953 0.0201
v 0.0654 -0.5050 -0.0431
v 0.0745 -0.4813 0.0164
v 0.0763 -0.4852 -0.0268
v 0.0734 -0.4810 -0.0386
v 0.0684 -0.4874 0.0266
v 0.0744 -0.4758 -0.0388
v 0.0739 -0.4648 0.0254
v 0.0654 -0.4670 0.0388
v 0.0708 -0.4548 -0.0530
v 0.0750 -0.4598 -0.0443
v 0.0686 -0.4634 0.0347
v 0.0742 -0.4507 0.0278
v 0.0762 -0.4377 -0.0449
v 0.0701 -0.4230 0.0350
v 0.0679 -0.4392 0.0393
v 0.0722 -0.4085 0.0280
v 0.0681 -0.4075 0.0347
v 0.0753 -0.3988 -0.0382
v 0.0739 -0.3866 -0.0396
v 0.0710 -0.3694 0.0286
v 0.0755 -0.3559 -0.0405
v 0.0748 -0.3542 0.0276
v 0.0714 -0.3545 0.0332
v 0.0745 -0.3184 -0.0561
v 0.0705 -0.3240 0.0521
v 0.0717 -0.3194 -0.0581
v 0.0784 -0.3200 0.0469
v 0.0747 -0.3118 -0.0561
v 0.0774 -0.2805 -0.0540
v 0.0737 -0.2957 0.0512
v 0.0723 -0.2911 -0.0584
v 0.0704 -0.2489 0.0558
v 0.0724 -0.2517 0.0539
v 0.0724 -0.2358 0.0544
v 0.0747 -0.2337 -0.0577
v 0.0765 -0.2142 -0.0517
v 0.0682 -0.1965 -0.0594
v 0.0710 -0.2049 0.0488
v 0.0684 -0.1989 0.0514
v 0.0738 -0.1992 -0.0521
v 0.0733 -0.1937 0.0452
v 0.0715 -0.1844 -0.0561
v 0.0672 -0.1928 0.0534
v 0.0721 -0.1823 0.0482
v 0.0719 -0.1784 -0.0559
v 0.0666 -0.1575 0.0576
v 0.0707 -0.1594 -0.0587
v 0.0697 -0.1334 0.0563
v 0.0726 -0.1301 -0.0580
v 0.0737 -0.1285 0.0516
v 0.0712 -0.1057 0.0570
v 0.0749 -0.1195 -0.0555
v 0.0713 -0.1013 -0.0614
v 0.0722 -0.0998 0.0563
v 0.0765 -0.0949 -0.0551
v 0.0738 -0.0819 0.0556
v 0.0761 -0.0813 -0.0566
v 0.0680 -0.0774 -0.0662
v 0.0729 -0.0711 -0.0613
v 0.0702 -0.0840 0.0599
v 0.0701 -0.0572 -0.0653
v 0.0735 -0.0510 0.0587
v 0.0711 -0.0473 -0.0645
v 0.0713 -0.0376 0.0625
v 0.0713 -0.0319 -0.0651
v 0.0725 -0.0283 -0.0642
v 0.0759 -0.0073 -0.0619
v 0.0714 -0.0085 0.0651
v 0.0702 0.0024 -0.0681
v 0.0695 0.0113 0.0669
v 0.0730 0.0300 -0.0581
v 0.0734 0.0269 0.0582
v 0.0685 0.0403 0.0568
v 0.0749 0.0352 -0.0526
v 0.0709 0.0431 -0.0520
v 0.0740 0.0457 0.0446
v 0.0723 0.0502 -0.0427
v 0.0741 0.0593 -0.0243
v 0.0738 0.0567 0.0296
v 0.0723 0.0640 -0.0149
v 0.0731 0.0648 -0.0002
v 0.0742 0.0624 0.0100
v 0.0719 0.0637 0.0180
v 0.0678 0.0643 0.0291
v 0.0744 -0.4982 -0.0235
v 0.0763 -0.4916 0.0010
v 0.0750 -0.4925 0.0064
v 0.0816 -0.4670 -0.0055
v 0.0792 -0.4623 0.0120
v 0.0766 -0.4713 0.0155
v 0.0813 -0.4487 -0.0294
v 0.0812 -0.4669 -0.0189
v 0.0822 -0.4595 -0.0048
v 0.0820 -0.4570 0.0005
v 0.0824 -0.4504 -0.0230
v 0.0796 -0.4436 0.0149
v 0.0730 -0.4478 0.0305
v 0.0820 -0.4390 0.0057
v 0.0818 -0.4304 -0.0251
v 0.0818 -0.4273 0.0044
v 0.0784 -0.4297 0.0174
v 0.0762 -0.4402 0.0241
v 0.0818 -0.4275 -0.0257
v 0.0786 -0.4079 0.0113
v 0.0757 -0.4229 -0.0434
v 0.0810 -0.4068 -0.0210
v 0.0818 -0.4134 -0.0071
v 0.0770 -0.4059 0.0158
v 0.0765 -0.4156 0.0196
v 0.0820 -0.4122 -0.0104
v 0.0760 -0.3812 0.0179
v 0.0772 -0.3944 0.0127
v 0.0782 -0.3978 -0.0282
v 0.0803 -0.3817 -0.0117
v 0.0805 -0.3687 -0.0176
v 0.0800 -0.3793 -0.0022
v 0.0766 -0.3689 0.0162
v 0.0753 -0.3755 0.0185
v 0.0810 -0.3600 -0.0217
v 0.0803 -0.3534 0.0121
v 0.0774 -0.3597 0.0176
v 0.0815 -0.3628 -0.0069
v 0.0835 -0.3418 -0.0345
v 0.0804 -0.3418 -0.0420
v 0.0814 -0.3403 0.0265
v 0.0746 -0.3395 0.0415
v 0.0839 -0.3274 -0.0454
v 0.0824 -0.3320 0.0349
v 0.0831 -0.3232 -0.0470
v 0.0813 -0.3136 -0.0496
v 0.0822 -0.2958 -0.0485
v 0.0818 -0.3048 0.0422
v 0.0835 -0.2811 -0.0467
v 0.0821 -0.2838 0.0421
v 0.0796 -0.2838 0.0453
v 0.0840 -0.2741 -0.0460
v 0.0830 -0.2512 0.0420
v 0.0814 -0.2610 -0.0499
v 0.0763 -0.2607 0.0500
v 0.0843 -0.2434 -0.0460
v 0.0779 -0.2417 0.0496
v 0.0845 -0.2322 -0.0458
v 0.0824 -0.2307 0.0429
v 0.0730 -0.2279 0.0536
v 0.0803 -0.2178 -0.0471
v 0.0795 -0.2133 0.0398
v 0.0767 -0.2149 0.0444
v 0.0814 -0.1994 0.0294
v 0.0763 -0.2006 0.0403
v 0.0762 -0.1961 -0.0484
v 0.0754 -0.1905 0.0421
v 0.0806 -0.1913 0.0320
v 0.0780 -0.1633 -0.0477
v 0.0809 -0.1913 -0.0398
v 0.0767 -0.1675 0.0427
v 0.0823 -0.1467 0.0342
v 0.0791 -0.1584 0.0394
v 0.0800 -0.1411 -0.0455
v 0.0821 -0.1498 -0.0406
v 0.0809 -0.1419 0.0377
v 0.0804 -0.1165 -0.0469
v 0.0797 -0.1322 0.0412
v 0.0806 -0.1257 -0.0457
v 0.0808 -0.1199 0.0403
v 0.0841 -0.1334 -0.0375
v 0.0743 -0.1250 0.0511
v 0.0823 -0.0885 0.0412
v 0.0808 -0.1032 -0.0474
v 0.0769 -0.1044 0.0490
v 0.0823 -0.0944 -0.0455
v 0.0788 -0.0849 0.0478
v 0.0804 -0.0702 0.0470
v 0.0814 -0.0525 -0.0517
v 0.0805 -0.0646 0.0475
v 0.0823 -0.0663 -0.0487
v 0.0812 -0.0474 0.0486
v 0.0826 -0.0412 -0.0508
v 0.0796 -0.0354 -0.0555
v 0.0772 -0.0329 0.0559
v 0.0832 -0.0142 0.0494
v 0.0730 -0.0327 0.0611
v 0.0808 -0.0237 -0.0547
v 0.0785 -0.0184 0.0557
v 0.0703 -0.0047 0.0674
v 0.0857 0.0105 -0.0485
v 0.0812 0.0030 0.0537
v 0.0763 0.0142 -0.0604
v 0.0690 0.0085 0.0683
v 0.0822 0.0156 -0.0520
v 0.0791 0.0107 0.0560
v 0.0821 0.0364 -0.0400
v 0.0808 0.0256 0.0481
v 0.0818 0.0328 0.0415
v 0.0760 0.0372 0.0484
v 0.0825 0.0390 -0.0360
v 0.0811 0.0420 0.0339
v 0.0750 0.0480 -0.0408
v 0.0809 0.0480 0.0253
v 0.0818 0.0501 0.0168
v 0.0807 0.0504 -0.0230
v 0.0852 0.0472 -0.0078
v 0.0798 0.0556 -0.0065
v 0.0807 0.0541 0.0081
v 0.0763 0.0566 0.0216
v 0.0824 -0.4578 -0.0172
v 0.0825 -0.4546 -0.0049
v 0.0826 -0.4461 -0.0006
v 0.0833 -0.4367 -0.0119
v 0.0828 -0.4276 -0.0118
v 0.0824 -0.4240 -0.0048
v 0.0828 -0.3551 -0.0091
v 0.0797 -0.3598 -0.0279
v 0.0880 -0.3367 -0.0078
v 0.0892 -0.3308 -0.0225
v 0.0822 -0.3556 -0.0010
v 0.0844 -0.3348 0.0237
v 0.0866 -0.3262 0.0257
v 0.0885 -0.3281 -0.0308
v 0.0899 -0.3265 0.0024
v 0.0792 -0.3255 0.0459
v 0.0882 -0.3153 0.0219
v 0.0892 -0.3134 -0.0332
v 0.0899 -0.3159 -0.0301
v 0.0847 -0.3220 0.0352
v 0.0865 -0.2896 -0.0409
v 0.0882 -0.2675 0.0223
v 0.0873 -0.2877 0.0262
v 0.0898 -0.2694 0.0098
v 0.0869 -0.2774 0.0281
v 0.0889 -0.2609 -0.0332
v 0.0901 -0.2923 -0.0276
v 0.0848 -0.2839 0.0357
v 0.0898 -0.2742 -0.0286
v 0.0872 -0.2561 0.0282
v 0.0899 -0.2505 0.0121
v 0.0851 -0.2582 0.0359
v 0.0902 -0.2366 -0.0276
v 0.0900 -0.2386 0.0131
v 0.0884 -0.2394 0.0238
v 0.0896 -0.2368 -0.0318
v 0.0863 -0.2350 0.0338
v 0.0818 -0.2378 0.0450
v 0.0872 -0.2192 0.0182
v 0.0902 -0.2309 0.0090
v 0.0868 -0.2254 0.0265
v 0.0836 -0.2107 -0.0379
v 0.0877 -0.2111 -0.0199
v 0.0902 -0.2255 -0.0166
v 0.0897 -0.2209 0.0001
v 0.0840 -0.2226 0.0348
v 0.0834 -0.2039 -0.0345
v 0.0883 -0.1971 -0.0072
v 0.0877 -0.2015 0.0026
v 0.0864 -0.2032 0.0127
v 0.0872 -0.1924 -0.0187
v 0.0829 -0.1913 0.0261
v 0.0874 -0.1748 0.0121
v 0.0875 -0.1739 -0.0201
v 0.0885 -0.1877 -0.0042
v 0.0840 -0.1900 0.0233
v 0.0898 -0.1496 -0.0067
v 0.0854 -0.1682 0.0223
v 0.0838 -0.1671 -0.0351
v 0.0896 -0.1366 -0.0155
v 0.0889 -0.1546 0.0082
v 0.0840 -0.1645 0.0272
v 0.0844 -0.1411 -0.0356
v 0.0846 -0.1844 -0.0309
v 0.0885 -0.1435 -0.0199
v 0.0900 -0.1420 -0.0060
v 0.0876 -0.1373 -0.0254
v 0.0868 -0.1327 0.0227
v 0.0838 -0.1299 0.0323
v 0.0902 -0.1241 0.0064
v 0.0846 -0.1216 0.0316
v 0.0832 -0.1274 0.0343
v 0.0894 -0.1097 -0.0233
v 0.0901 -0.1088 -0.0198
v 0.0900 -0.1189 -0.0174
v 0.0899 -0.1320 0.0073
v 0.0892 -0.1303 0.0129
v 0.0875 -0.1046 -0.0310
v 0.0899 -0.1016 0.0165
v 0.0893 -0.0851 -0.0303
v 0.0887 -0.0909 0.0241
v 0.0843 -0.0987 0.0352
v 0.0892 -0.0743 -0.0322
v 0.0902 -0.0980 0.0162
v 0.0894 -0.0543 -0.0361
v 0.0842 -0.0747 0.0391
v 0.0892 -0.0777 0.0257
v 0.0881 -0.0412 0.0365
v 0.0903 -0.0578 0.0274
v 0.0837 -0.0599 0.0425
v 0.0899 -0.0479 -0.0362
v 0.0898 -0.0235 0.0359
v 0.0873 -0.0173 -0.0455
v 0.0850 -0.0396 0.0430
v 0.0924 -0.0327 -0.0333
v 0.0902 -0.0170 0.0358
v 0.0879 -0.0094 -0.0449
v 0.0889 -0.0221 0.0376
v 0.0881 -0.0010 -0.0451
v 0.0831 -0.0066 0.0502
v 0.0891 0.0117 0.0388
v 0.0933 0.0146 -0.0305
v 0.0904 0.0221 0.0298
v 0.0846 0.0171 0.0448
v 0.0852 0.0253 -0.0429
v 0.0871 0.0315 0.0301
v 0.0896 0.0288 -0.0284
v 0.0897 0.0336 -0.0218
v 0.0890 0.0342 0.0199
v 0.0830 0.0480 -0.0194
v 0.0905 0.0351 -0.0130
v 0.0883 0.0409 0.0071
v 0.0841 0.0490 -0.0039
v 0.0838 0.0479 0.0122
v 0.0910 -0.3211 -0.0101
v 0.0903 -0.3274 -0.0062
v 0.0906 -0.3170 0.0003
v 0.0906 -0.2987 -0.0200
v 0.0901 -0.3109 0.0070
v 0.0910 -0.3013 -0.0065
v 0.0905 -0.2955 0.0031
v 0.0907 -0.2751 -0.0008
v 0.0904 -0.2795 0.0031
v 0.0909 -0.2555 -0.0032
v 0.0907 -0.2677 -0.0009
v 0.0908 -0.2632 -0.0150
v 0.0911 -0.2344 -0.0161
v 0.0911 -0.2358 -0.0014
v 0.0908 -0.2385 0.0033
v 0.0903 -0.1279 0.0023
v 0.0903 -0.1326 -0.0056
v 0.0917 -0.1006 0.0029
v 0.0918 -0.1015 -0.0078
v 0.0904 -0.1111 0.0100
v 0.0911 -0.0919 -0.0196
v 0.0926 -0.0887 -0.0081
v 0.0929 -0.0820 0.0041
v 0.0910 -0.0870 0.0159
v 0.0903 -0.0778 -0.0279
v 0.0933 -0.0711 -0.0162
v 0.0957 -0.0524 -0.0001
v 0.0957 -0.0403 -0.0170
v 0.0958 -0.0318 0.0140
v 0.0914 -0.0481 -0.0322
v 0.0957 -0.0478 -0.0120
v 0.0912 -0.0579 0.0244
v 0.0931 -0.0417 -0.0279
v 0.0928 -0.0415 0.0235
v 0.0978 -0.0277 -0.0059
v 0.0972 -0.0335 -0.0006
v 0.0945 -0.0295 0.0202
v 0.0927 0.0018 -0.0358
v 0.0921 -0.0135 0.0313
v 0.0979 -0.0085 -0.0152
v 0.0980 -0.0127 0.0071
v 0.0944 -0.0014 0.0262
v 0.0978 0.0034 -0.0176
v 0.0890 -0.0016 0.0403
v 0.0981 -0.0008 -0.0145
v 0.0968 0.0033 0.0170
v 0.0982 0.0030 0.0068
v 0.0962 0.0197 -0.0116
v 0.0918 0.0120 0.0313
v 0.0945 0.0261 -0.0012
v 0.0948 0.0207 0.0131
v 0.0910 0.0255 -0.0273
v 0.0985 -0.0051 -0.0000
v 0.0982 0.0099 0.0002
v 0.0984 -0.0001 0.0031
vn -0.9966 -0.0819 -0.0046
vn -0.8164 -0.4176 0.3989
vn -0.9815 0.0561 -0.1833
vn -0.9842 -0.1019 0.1446
vn -0.9421 -0.0030 0.3355
vn -0.9271 -0.0711 -0.3680
vn -0.9644 0.1057 0.2425
vn -0.6149 0.6305 -0.4736
vn -0.9899 0.0709 0.1226
vn -0.9377 0.3367 -0.0860
vn -0.9803 0.1937 0.0394
vn -0.9272 0.3525 0.1265
vn -0.9889 -0.0515 -0.1395
vn -0.9634 -0.0847 -0.2545
vn -0.9972 -0.0687 0.0309
vn -0.8694 -0.4881 0.0771
vn -0.9726 -0.0766 -0.2195
vn -0.9513 -0.0815 0.2972
vn -0.9926 -0.1166 0.0330
vn -0.9785 -0.0968 0.1821
vn -0.9461 -0.1078 0.3054
vn -0.9033 -0.1329 -0.4079
vn -0.9787 -0.1173 -0.1685
vn -0.9875 -0.1240 -0.0975
vn -0.9894 -0.1346 0.0538
vn -0.9827 -0.0648 0.1736
vn -0.9365 -0.1087 -0.3334
vn -0.9546 0.0238 -0.2968
vn -0.9305 -0.1144 0.3480
vn -0.8993 -0.0816 -0.4296
vn -0.9544 -0.0929 0.2837
vn -0.9641 -0.1205 -0.2366
vn -0.8814 -0.0307 0.4713
vn -0.8608 0.0278 -0.5083
vn -0.8474 0.2258 -0.4805
vn -0.9192 0.1332 -0.3705
vn -0.8714 0.3192 -0.3726
vn -0.8695 0.4781 0.1244
vn -0.8920 0.4012 -0.2082
vn -0.9019 0.3290 0.2798
vn -0.8447 0.5330 -0.0482
vn -0.9997 -0.0005 0.0241
vn -0.9873 -0.0630 -0.1461
vn -0.9891 -0.0676 -0.1309
vn -0.9577 -0.1095 0.2662
vn -0.9763 -0.0916 -0.1959
vn -0.9681 -0.0990 0.2304
vn -0.9906 -0.0605 0.1226
vn -0.9401 -0.0849 0.3301
vn -0.9225 -0.0697 -0.3798
vn -0.9774 0.0319 -0.2088
vn -0.9202 -0.0382 -0.3895
vn -0.9670 -0.0660 -0.2462
vn -0.9748 -0.0693 0.2119
vn -0.9619 -0.0264 -0.2720
vn -0.9993 -0.0379 -0.0006
vn -0.9501 -0.0537 0.3074
vn -0.9822 -0.0454 0.1823
vn -0.9983 -0.0423 0.0407
vn -0.8987 -0.0435 0.4363
vn -0.9179 -0.0375 -0.3950
vn -0.9302 -0.0598 0.3621
vn -0.9580 -0.0758 -0.2767
vn -0.8752 -0.0289 0.4828
vn -0.9305 -0.1168 -0.3472
vn -0.8801 -0.0737 -0.4691
vn -0.8847 -0.0942 0.4565
vn -0.9232 -0.1048 -0.3698
vn -0.8459 -0.0915 -0.5255
vn -0.8881 -0.1159 0.4448
vn -0.8301 -0.1043 -0.5477
vn -0.7945 -0.1029 0.5984
vn -0.8452 -0.0835 0.5279
vn -0.7859 -0.0597 -0.6155
vn -0.8921 -0.0684 0.4465
vn -0.8154 -0.0748 -0.5741
vn -0.7879 0.1267 -0.6027
vn -0.8268 0.0787 0.5570
vn -0.7755 0.2551 -0.5776
vn -0.8678 0.1679 0.4677
vn -0.7901 0.3960 -0.4679
vn -0.7960 0.3659 0.4821
vn -0.7955 0.4996 -0.3430
vn -0.8240 0.4298 0.3693
vn -0.7582 0.6028 -0.2484
vn -0.7323 0.6793 -0.0481
vn -0.7569 0.6402 0.1314
vn -0.9462 -0.2722 0.1750
vn -0.9988 -0.0407 0.0271
vn -0.9888 -0.1467 0.0262
vn -0.9887 0.0312 -0.1469
vn -0.9975 0.0630 -0.0317
vn -0.9958 -0.0577 0.0705
vn -0.9614 -0.0937 -0.2587
vn -0.9833 -0.1162 0.1398
vn -0.9856 -0.1331 -0.1042
vn -0.9631 -0.0737 -0.2588
vn -0.9488 -0.0783 0.3060
vn -0.9958 -0.0770 0.0491
vn -0.9927 0.0575 -0.1062
vn -0.9691 -0.0229 -0.2456
vn -0.9917 -0.0808 -0.0998
vn -0.9673 -0.0614 0.2461
vn -0.9345 -0.0505 0.3523
vn -0.8965 -0.0230 -0.4424
vn -0.9924 0.0418 -0.1159
vn -0.9200 -0.0567 -0.3877
vn -0.9913 -0.0609 0.1166
vn -0.9977 -0.0546 0.0408
vn -0.9700 -0.0283 0.2413
vn -0.9449 -0.0486 0.3237
vn -0.9360 -0.0422 -0.3496
vn -0.8836 -0.0937 -0.4588
vn -0.8806 -0.0616 -0.4699
vn -0.8111 -0.1450 0.5666
vn -0.9227 -0.1048 0.3711
vn -0.8167 -0.0811 -0.5713
vn -0.8596 -0.0567 -0.5077
vn -0.8254 -0.1128 0.5532
vn -0.8121 -0.0141 0.5833
vn -0.8110 -0.0693 -0.5809
vn -0.8273 -0.0608 -0.5584
vn -0.8893 -0.0791 0.4505
vn -0.7889 -0.0322 -0.6137
vn -0.8632 -0.0595 0.5013
vn -0.8556 -0.0309 -0.5168
vn -0.7974 -0.0618 0.6003
vn -0.8344 -0.0262 -0.5506
vn -0.7746 0.0142 -0.6323
vn -0.7044 -0.0194 -0.7095
vn -0.7794 -0.0575 0.6238
vn -0.7586 -0.0650 -0.6483
vn -0.7219 -0.0994 0.6848
vn -0.6822 -0.0726 -0.7276
vn -0.7544 -0.1291 -0.6436
vn -0.7539 -0.1058 0.6484
vn -0.7568 -0.0094 0.6536
vn -0.7197 -0.0442 -0.6929
vn -0.6521 -0.0239 -0.7577
vn -0.7348 -0.0454 -0.6768
vn -0.7410 0.0407 0.6703
vn -0.7425 0.2769 0.6099
vn -0.7138 0.4119 -0.5664
vn -0.7832 0.5390 0.3098
vn -0.7191 0.5235 -0.4570
vn -0.7101 0.6457 0.2807
vn -0.9898 -0.0967 -0.1043
vn -0.8782 -0.1991 -0.4348
vn -0.9431 -0.1863 -0.2754
vn -0.9643 -0.1627 0.2092
vn -0.9781 -0.0243 -0.2065
vn -0.9849 -0.1411 -0.1007
vn -0.9827 -0.0570 0.1763
vn -0.9400 -0.1163 -0.3207
vn -0.9274 -0.1372 0.3480
vn -0.8968 -0.1005 -0.4310
vn -0.9837 -0.0574 -0.1701
vn -0.8381 -0.0052 0.5456
vn -0.9324 0.0152 -0.3612
vn -0.9097 -0.0583 0.4112
vn -0.9243 0.0413 0.3794
vn -0.9783 0.0327 0.2045
vn -0.9160 -0.0208 0.4006
vn -0.8916 0.0554 -0.4494
vn -0.9797 0.0310 -0.1978
vn -0.9797 -0.0752 -0.1860
vn -0.9124 -0.0205 -0.4087
vn -0.9635 -0.1038 0.2469
vn -0.9484 0.0018 0.3172
vn -0.9104 -0.0622 -0.4090
vn -0.9261 -0.1132 0.3599
vn -0.9960 0.0051 0.0891
vn -0.9169 -0.0555 0.3952
vn -0.8371 -0.1130 0.5353
vn -0.8646 -0.0697 -0.4977
vn -0.8728 -0.1291 0.4708
vn -0.7661 -0.0433 -0.6412
vn -0.7878 -0.0645 0.6126
vn -0.8267 -0.0292 -0.5618
vn -0.9382 -0.0332 -0.3446
vn -0.8743 -0.0518 0.4826
vn -0.8219 0.0240 -0.5691
vn -0.8064 0.0041 0.5914
vn -0.8987 -0.0466 0.4361
vn -0.7376 -0.0277 -0.6746
vn -0.8455 -0.0633 -0.5302
vn -0.8507 -0.0766 0.5201
vn -0.7097 -0.0560 -0.7023
vn -0.7547 -0.1181 -0.6454
vn -0.8173 -0.0303 0.5754
vn -0.7297 -0.0884 0.6781
vn -0.7068 -0.0629 -0.7046
vn -0.7413 -0.0681 0.6677
vn -0.6810 -0.0016 0.7323
vn -0.6109 -0.0728 -0.7884
vn -0.7755 -0.1144 0.6209
vn -0.7698 -0.0667 -0.6348
vn -0.7910 -0.1116 0.6016
vn -0.6116 -0.0940 0.7856
vn -0.6991 -0.0995 0.7080
vn -0.6099 -0.0805 0.7884
vn -0.6941 -0.1164 0.7104
vn -0.6218 0.1111 -0.7753
vn -0.6216 0.2068 0.7555
vn -0.6201 0.2884 -0.7296
vn -0.5410 0.4442 -0.7141
vn -0.7038 0.4853 0.5188
vn -0.6384 0.4566 -0.6196
vn -0.6498 0.6017 -0.4645
vn -0.6652 0.6823 -0.3032
vn -0.6018 0.7787 0.1773
vn -0.9953 -0.0960 -0.0139
vn -0.9579 -0.1892 0.2157
vn -0.9798 -0.1122 0.1657
vn -0.9871 -0.0704 -0.1437
vn -0.9819 -0.1188 0.1478
vn -0.9949 -0.0819 -0.0584
vn -0.9703 -0.0424 -0.2382
vn -0.9733 -0.0457 0.2251
vn -0.9310 -0.0423 -0.3625
vn -0.9405 -0.0291 0.3384
vn -0.9396 -0.0304 0.3409
vn -0.9966 -0.0230 -0.0787
vn -0.9508 -0.0402 -0.3073
vn -0.9947 -0.0153 0.1013
vn -0.8396 -0.0604 -0.5398
vn -0.9970 -0.0658 0.0410
vn -0.8917 -0.0435 0.4506
vn -0.9690 -0.0571 0.2405
vn -0.9760 0.0010 -0.2178
vn -0.9981 -0.0600 -0.0099
vn -0.9295 -0.0478 -0.3657
vn -0.8742 0.4085 0.2625
vn -0.7321 -0.1890 -0.6545
vn -0.9257 -0.2522 -0.2819
vn -0.9087 -0.1471 -0.3907
vn -0.8128 -0.1714 0.5568
vn -0.9228 -0.1474 0.3559
vn -0.8109 -0.2249 -0.5402
vn -0.7753 -0.1733 -0.6073
vn -0.8820 -0.0521 0.4684
vn -0.7227 0.0546 -0.6890
vn -0.8062 0.0270 -0.5911
vn -0.6990 -0.1472 0.6998
vn -0.7778 0.0641 -0.6252
vn -0.8475 0.0599 0.5274
vn -0.8629 0.0229 0.5048
vn -0.7459 0.0132 -0.6659
vn -0.8261 -0.0540 0.5609
vn -0.5095 0.3123 0.8018
vn -0.7390 -0.0719 0.6698
vn -0.8339 -0.1142 -0.5400
vn -0.7172 -0.0672 0.6936
vn -0.7245 -0.0356 -0.6884
vn -0.7550 -0.0547 -0.6534
vn -0.8575 -0.0754 0.5089
vn -0.6757 -0.1046 0.7297
vn -0.7539 -0.1139 0.6470
vn -0.5605 -0.4829 -0.6728
vn -0.5858 -0.0628 -0.8080
vn -0.6663 -0.0948 0.7396
vn -0.6626 -0.0696 0.7458
vn -0.6600 -0.0383 -0.7503
vn -0.6786 -0.0626 0.7318
vn -0.6974 -0.1279 -0.7052
vn -0.6200 -0.0676 0.7817
vn -0.6685 -0.0726 -0.7402
vn -0.5371 -0.0613 -0.8413
vn -0.6010 -0.0953 0.7936
vn -0.6667 -0.0706 -0.7419
vn -0.5955 -0.0121 0.8032
vn -0.4932 0.1923 0.8484
vn -0.5910 0.4603 0.6625
vn -0.6379 0.5743 0.5131
vn -0.5775 0.5478 0.6052
vn -0.5155 0.6732 -0.5301
vn -0.9795 -0.1039 0.1728
vn -0.9956 -0.0466 -0.0817
vn -0.9753 -0.0328 -0.2184
vn -0.9967 0.0298 0.0756
vn -0.9754 -0.0268 0.2190
vn -0.9551 -0.0360 -0.2940
vn -0.9635 -0.0322 -0.2658
vn -0.9923 -0.0294 -0.1201
vn -0.9982 -0.0279 0.0529
vn -0.9665 -0.0235 0.2555
vn -0.9992 -0.0395 0.0070
vn -0.9459 -0.0343 -0.3227
vn -0.9541 -0.0298 0.2980
vn -0.9940 -0.0806 0.0736
vn -0.9756 -0.0566 0.2122
vn -0.8891 -0.1109 -0.4441
vn -0.9768 -0.0736 -0.2013
vn -0.9969 -0.0786 -0.0057
vn -0.8850 -0.1058 -0.4535
vn -0.9420 -0.0691 0.3283
vn -0.8864 -0.0583 0.4593
vn -0.9262 -0.0901 -0.3661
vn -0.8680 -0.0448 0.4945
vn -0.8078 -0.1425 -0.5719
vn -0.7482 -0.0648 -0.6603
vn -0.9476 -0.0209 -0.3188
vn -0.8801 -0.0522 -0.4720
vn -0.8284 -0.0393 0.5588
vn -0.7394 -0.0780 -0.6687
vn -0.8857 -0.0376 0.4628
vn -0.7973 -0.0494 -0.6016
vn -0.8852 -0.0317 -0.4641
vn -0.9335 -0.0500 0.3551
vn -0.8384 -0.0286 0.5444
vn -0.8273 -0.0477 -0.5597
vn -0.7642 -0.0404 0.6437
vn -0.6995 0.0391 -0.7136
vn -0.8329 -0.0767 -0.5481
vn -0.6253 -0.2032 -0.7535
vn -0.7668 -0.1095 -0.6325
vn -0.7963 -0.0960 0.5972
vn -0.6818 -0.2239 0.6965
vn -0.6777 -0.1561 0.7186
vn -0.6762 -0.1440 -0.7225
vn -0.5795 0.0696 -0.8120
vn -0.5628 0.1552 -0.8119
vn -0.5881 -0.0818 -0.8046
vn -0.6993 -0.0788 -0.7104
vn -0.5860 -0.0719 -0.8071
vn -0.7263 -0.0570 -0.6850
vn -0.7216 -0.0940 0.6859
vn -0.6561 -0.0734 0.7511
vn -0.6375 -0.0362 -0.7696
vn -0.5314 -0.0708 -0.8442
vn -0.6586 -0.0368 0.7516
vn -0.6051 -0.0476 -0.7948
vn -0.6298 -0.0520 -0.7750
vn -0.6717 -0.1087 0.7328
vn -0.6344 -0.0597 -0.7707
vn -0.5637 -0.0495 -0.8245
vn -0.6633 -0.1087 0.7404
vn -0.5248 -0.0574 -0.8493
vn -0.5476 -0.0958 0.8313
vn -0.5450 -0.0421 -0.8374
vn -0.5542 -0.0292 -0.8319
vn -0.5136 -0.0590 -0.8560
vn -0.5135 -0.0821 0.8542
vn -0.5650 -0.1355 0.8139
vn -0.4914 -0.0488 -0.8696
vn -0.5033 -0.0316 -0.8635
vn -0.4912 0.0422 0.8700
vn -0.4368 0.0430 -0.8985
vn -0.2949 0.0959 -0.9507
vn -0.6420 0.3525 0.6808
vn -0.5125 0.3317 0.7920
vn -0.4975 0.4628 0.7337
vn -0.4713 0.5724 -0.6709
vn -0.4021 0.7930 -0.4577
vn -0.5193 0.7292 0.4457
vn -0.6128 0.6532 0.4448
vn -0.5119 0.7599 -0.4007
vn -0.5908 0.7732 -0.2304
vn -0.2311 0.9684 0.0935
vn -0.5800 0.8134 -0.0445
vn -0.8999 -0.4023 0.1683
vn -0.8779 -0.3891 -0.2790
vn -0.8861 -0.1481 0.4392
vn -0.9896 -0.1219 0.0764
vn -0.9588 -0.2015 -0.2004
vn -0.9948 0.0937 -0.0392
vn -0.8364 -0.0364 0.5468
vn -0.9748 -0.0140 -0.2225
vn -0.9921 -0.0017 0.1252
vn -0.7028 -0.0646 -0.7084
vn -0.8773 -0.0241 0.4794
vn -0.9439 -0.0340 0.3285
vn -0.8124 -0.0280 0.5824
vn -0.8474 -0.0399 -0.5294
vn -0.8751 -0.0550 -0.4809
vn -0.9346 -0.0375 0.3538
vn -0.9092 -0.0342 -0.4150
vn -0.8551 -0.0240 0.5179
vn -0.8494 -0.0420 -0.5261
vn -0.5673 -0.1248 0.8140
vn -0.9177 -0.0555 -0.3934
vn -0.8268 -0.0507 -0.5602
vn -0.8903 -0.0261 0.4545
vn -0.8637 0.2782 -0.4204
vn -0.8130 -0.0605 -0.5792
vn -0.8149 0.0234 0.5791
vn -0.8592 -0.0504 0.5092
vn -0.8443 -0.0633 0.5321
vn -0.8822 -0.0870 -0.4627
vn -0.6843 -0.0342 0.7284
vn -0.7836 -0.0721 -0.6170
vn -0.7801 -0.0411 0.6243
vn -0.7353 -0.0784 -0.6732
vn -0.8170 -0.0354 0.5756
vn -0.6634 -0.0378 0.7473
vn -0.6678 -0.0979 -0.7378
vn -0.6378 -0.0499 -0.7686
vn -0.6832 -0.0109 0.7302
vn -0.6979 -0.0569 -0.7139
vn -0.6362 -0.0427 0.7703
vn -0.8045 -0.0217 0.5935
vn -0.6961 -0.0774 -0.7138
vn -0.6597 -0.0049 -0.7515
vn -0.7207 -0.0752 0.6892
vn -0.5141 -0.1237 -0.8487
vn -0.5674 -0.2168 -0.7944
vn -0.5936 -0.0840 0.8003
vn -0.7231 -0.0607 0.6880
vn -0.6289 0.4718 0.6179
vn -0.5806 0.1044 -0.8075
vn -0.6082 0.0648 0.7911
vn -0.5018 -0.0373 -0.8642
vn -0.4466 -0.0154 0.8946
vn -0.6240 -0.0906 0.7761
vn -0.5605 -0.0536 -0.8264
vn -0.5331 -0.0402 -0.8451
vn -0.5782 -0.0821 0.8117
vn -0.5661 -0.0763 0.8208
vn -0.6050 -0.0821 0.7920
vn -0.5888 -0.1235 0.7988
vn -0.5058 -0.0455 -0.8615
vn -0.5807 -0.0771 0.8105
vn -0.5447 -0.1129 0.8310
vn -0.4987 -0.0554 -0.8650
vn -0.4833 -0.0719 -0.8725
vn -0.5311 -0.1104 0.8401
vn -0.3747 -0.0447 -0.9261
vn -0.4618 -0.0990 0.8814
vn -0.4221 -0.0806 0.9029
vn -0.5603 -0.0507 0.8268
vn -0.5182 -0.0693 0.8524
vn -0.4300 -0.0325 -0.9023
vn -0.5640 -0.0275 -0.8253
vn -0.5484 -0.0431 0.8351
vn -0.3325 -0.0690 0.9406
vn -0.5286 0.0349 -0.8481
vn -0.4538 -0.0602 0.8891
vn -0.4052 -0.0459 -0.9131
vn -0.4968 -0.1147 0.8602
vn -0.3651 -0.0235 0.9307
vn -0.3198 -0.0600 -0.9456
vn -0.2513 0.0544 -0.9664
vn -0.4273 0.3530 0.8323
vn -0.3797 0.4488 -0.8090
vn -0.5082 0.6074 0.6106
vn -0.4129 0.6345 0.6534
vn -0.4061 0.6764 -0.6144
vn -0.3594 0.7607 -0.5405
vn -0.3305 0.8084 0.4870
vn -0.4028 0.8782 -0.2578
vn -0.4986 0.8397 0.2152
vn -0.5829 -0.7851 -0.2095
vn -0.7941 -0.6072 0.0279
vn -0.7325 -0.5624 0.3837
vn -0.6357 -0.5778 -0.5118
vn -0.7828 -0.2384 -0.5748
vn -0.7980 -0.3092 0.5173
vn -0.7304 -0.0913 -0.6769
vn -0.6673 -0.0454 -0.7434
vn -0.6109 -0.0475 0.7903
vn -0.7685 -0.0447 0.6383
vn -0.6578 -0.0202 0.7529
vn -0.7162 -0.0551 -0.6957
vn -0.6222 -0.0144 0.7827
vn -0.7180 -0.0502 -0.6942
vn -0.6670 -0.0713 -0.7416
vn -0.6954 -0.0806 0.7141
vn -0.8169 -0.0623 -0.5735
vn -0.6164 -0.0769 -0.7837
vn -0.6151 -0.0742 -0.7849
vn -0.7445 -0.0285 0.6670
vn -0.5181 0.4538 0.7250
vn -0.8125 0.1106 -0.5724
vn -0.5600 -0.0721 -0.8254
vn -0.6173 -0.0289 0.7862
vn -0.5472 -0.0709 -0.8340
vn -0.6812 -0.0253 0.7316
vn -0.5706 -0.0626 -0.8188
vn -0.5649 -0.0661 -0.8225
vn -0.4985 -0.0917 -0.8620
vn -0.4924 -0.0628 0.8681
vn -0.6320 -0.0355 0.7741
vn -0.6609 -0.0037 0.7505
vn -0.4688 -0.1878 -0.8631
vn -0.3918 -0.2100 -0.8958
vn -0.5145 -0.1479 -0.8446
vn -0.6194 -0.1201 -0.7758
vn -0.3277 0.0730 -0.9420
vn -0.4286 0.0959 -0.8984
vn -0.4765 -0.0436 -0.8781
vn -0.3766 -0.0613 0.9243
vn -0.3990 -0.0446 -0.9159
vn -0.3853 -0.0755 0.9197
vn -0.4764 -0.0685 0.8766
vn -0.3278 -0.0387 -0.9440
vn -0.4315 -0.0478 -0.9009
vn -0.5221 -0.0862 0.8485
vn -0.5421 -0.0878 0.8357
vn -0.4637 -0.0484 -0.8847
vn -0.2782 -0.0448 -0.9595
vn -0.3175 -0.0992 0.9431
vn -0.4817 -0.1070 0.8698
vn -0.4001 -0.0526 -0.9150
vn -0.4242 -0.1018 0.8998
vn -0.3280 -0.0465 -0.9435
vn -0.3890 -0.0947 0.9164
vn -0.4027 -0.0384 -0.9145
vn -0.2943 -0.0399 -0.9549
vn -0.1375 -0.0014 -0.9905
vn -0.2806 -0.0457 -0.9587
vn -0.2284 -0.0607 0.9717
vn -0.3160 -0.0441 -0.9477
vn -0.3356 -0.0366 -0.9413
vn -0.3779 -0.0717 0.9230
vn -0.2325 -0.0128 -0.9725
vn -0.3288 -0.0222 -0.9441
vn -0.2890 -0.0698 0.9548
vn -0.3371 -0.0810 0.9380
vn -0.3422 -0.0237 0.9393
vn -0.2660 -0.1269 -0.9556
vn -0.4939 0.2673 -0.8274
vn -0.2352 0.3814 -0.8940
vn -0.3143 0.4308 0.8459
vn -0.3341 0.5221 0.7847
vn -0.2163 0.8276 -0.5179
vn -0.2210 0.8653 -0.4498
vn -0.0781 0.9781 0.1929
vn -0.3903 0.8669 0.3100
vn -0.6240 -0.7771 0.0821
vn -0.5506 -0.7696 0.3233
vn -0.5706 -0.6216 0.5367
vn -0.5397 -0.4613 -0.7043
vn -0.6127 -0.2327 -0.7553
vn -0.5287 -0.0562 -0.8469
vn -0.4854 -0.0451 -0.8731
vn -0.3319 0.0135 0.9432
vn -0.6486 -0.0556 -0.7591
vn -0.5138 -0.0618 0.8557
vn -0.4736 -0.0061 0.8807
vn -0.4601 -0.0789 -0.8844
vn -0.6063 -0.0304 0.7946
vn -0.6108 0.0025 0.7918
vn -0.5021 -0.0676 -0.8622
vn -0.4859 -0.0662 -0.8715
vn -0.5036 0.0025 0.8639
vn -0.4775 -0.0307 0.8781
vn -0.4477 -0.0843 -0.8902
vn -0.4970 -0.0405 0.8668
vn -0.4192 -0.0936 -0.9030
vn -0.2625 -0.0038 -0.9649
vn -0.5276 -0.0349 0.8488
vn -0.4217 0.0069 0.9067
vn -0.5581 -0.0253 0.8294
vn -0.4543 -0.0793 -0.8873
vn -0.3344 -0.0213 -0.9422
vn -0.5725 -0.0943 0.8145
vn -0.5039 0.0184 0.8636
vn -0.2931 -0.1699 -0.9409
vn -0.4869 -0.2128 0.8471
vn -0.4018 -0.2559 -0.8792
vn -0.3551 -0.1841 0.9165
vn -0.4077 -0.1610 0.8988
vn -0.4410 0.1343 0.8874
vn -0.5234 0.0426 0.8510
vn -0.2479 0.0350 -0.9682
vn -0.2415 -0.0082 -0.9704
vn -0.2149 -0.0471 -0.9755
vn -0.4006 -0.0806 0.9127
vn -0.1307 -0.2169 0.9674
vn -0.2373 -0.0937 0.9669
vn -0.3896 -0.0958 0.9160
vn -0.2815 -0.0211 -0.9593
vn -0.2837 -0.0936 0.9543
vn -0.2231 -0.0830 0.9713
vn -0.1656 -0.0400 -0.9854
vn -0.2417 -0.1021 0.9650
vn -0.3511 -0.0471 0.9351
vn -0.1926 -0.0361 -0.9806
vn -0.2927 -0.0759 0.9532
vn -0.1992 -0.0779 0.9769
vn -0.1299 0.2441 0.9610
vn -0.2490 0.2371 -0.9390
vn -0.2928 0.2355 0.9267
vn -0.2993 0.3309 0.8949
vn -0.2379 0.4900 0.8387
vn -0.1496 0.4585 0.8760
vn -0.3073 0.6251 -0.7176
vn -0.2087 0.6508 0.7300
vn -0.3012 0.7427 0.5981
vn -0.1661 0.8686 -0.4668
vn -0.2586 0.9181 -0.3003
vn -0.3227 -0.9464 0.0165
vn -0.3045 -0.7214 -0.6220
vn -0.3786 -0.7047 0.6001
vn -0.4524 -0.5394 0.7102
vn -0.5319 -0.0950 -0.8415
vn -0.4814 -0.0280 -0.8761
vn -0.4563 -0.0329 0.8892
vn -0.4035 -0.0818 -0.9113
vn -0.2653 -0.0588 0.9624
vn -0.1804 -0.0976 -0.9787
vn -0.4581 -0.0369 0.8881
vn -0.4146 -0.0620 -0.9079
vn -0.4234 -0.0636 -0.9037
vn -0.2626 -0.0097 0.9649
vn -0.2458 0.0107 0.9693
vn -0.2956 -0.0575 -0.9536
vn -0.3865 0.0834 0.9185
vn -0.4151 -0.0706 -0.9070
vn -0.3021 -0.2680 0.9148
vn -0.3910 -0.0417 0.9195
vn -0.2018 -0.0464 0.9783
vn -0.3963 -0.0416 0.9172
vn -0.3841 -0.0335 0.9227
vn -0.3564 -0.0679 -0.9318
vn -0.3209 -0.0589 -0.9453
vn -0.0571 -0.0512 -0.9971
vn -0.1015 -0.2390 -0.9657
vn -0.2155 -0.1969 -0.9564
vn -0.3700 -0.0293 -0.9286
vn -0.4685 0.0194 0.8832
vn -0.4208 -0.0115 0.9071
vn -0.1356 -0.0526 -0.9894
vn -0.2501 -0.0612 -0.9663
vn -0.0750 -0.0612 -0.9953
vn -0.2888 -0.0494 -0.9561
vn -0.0259 -0.1225 -0.9921
vn -0.1956 -0.0418 -0.9798
vn -0.2438 -0.0849 0.9661
vn -0.0670 -0.0170 -0.9976
vn -0.1022 -0.0276 -0.9944
vn -0.1461 -0.0551 -0.9877
vn -0.3061 -0.0523 0.9506
vn -0.1761 -0.0484 -0.9832
vn -0.1834 -0.0006 -0.9830
vn -0.1200 0.0091 -0.9927
vn -0.0549 0.0084 -0.9985
vn -0.1119 -0.1971 -0.9740
vn -0.0252 -0.0303 -0.9992
vn -0.0465 -0.0592 0.9972
vn -0.0102 0.0111 -0.9999
vn 0.0515 0.1450 -0.9881
vn -0.1471 0.6956 -0.7032
vn -0.1133 0.7667 0.6319
vn 0.0680 0.9836 0.1669
vn -0.2420 0.9661 -0.0896
vn -0.2958 0.9295 0.2204
vn -0.3531 0.8259 0.4395
vn -0.0605 -0.8486 -0.5256
vn -0.1809 -0.9207 -0.3459
vn -0.0819 -0.9958 0.0407
vn -0.2484 -0.9306 0.2689
vn -0.3311 -0.4521 -0.8282
vn -0.5555 -0.3245 0.7656
vn 0.0018 -0.0575 -0.9983
vn -0.3056 -0.1270 -0.9436
vn -0.2792 -0.0173 -0.9601
vn -0.2290 -0.0590 -0.9716
vn 0.0290 0.0412 0.9987
vn -0.2595 -0.0907 -0.9615
vn -0.3557 -0.0447 0.9335
vn -0.2468 -0.0775 -0.9660
vn -0.2953 -0.0107 0.9553
vn -0.2577 -0.0601 -0.9644
vn -0.1017 -0.3728 0.9223
vn -0.4100 -0.0117 0.9120
vn -0.0736 -0.1118 -0.9910
vn 0.0086 -0.0818 -0.9966
vn -0.2246 -0.0964 -0.9697
vn -0.1420 0.0563 -0.9883
vn -0.3620 -0.0248 0.9319
vn -0.0629 0.0167 -0.9979
vn -0.1376 -0.0558 0.9889
vn -0.1739 -0.2359 -0.9561
vn -0.1054 -0.1356 -0.9851
vn -0.2076 -0.1713 -0.9631
vn -0.2121 -0.0015 0.9772
vn -0.1171 0.0773 -0.9901
vn -0.1341 0.1040 0.9855
vn -0.1068 -0.0848 0.9907
vn 0.0054 -0.0589 -0.9983
vn -0.2129 -0.0778 0.9740
vn -0.1988 -0.0698 -0.9776
vn -0.0761 -0.0594 0.9953
vn -0.1385 -0.0039 -0.9904
vn -0.1647 -0.1024 0.9810
vn -0.2025 -0.0883 0.9753
vn 0.0428 -0.1242 0.9913
vn 0.0720 -0.0555 -0.9959
vn -0.0463 -0.0443 -0.9979
vn -0.1721 -0.1177 0.9780
vn -0.1508 -0.0952 0.9840
vn 0.0251 -0.0727 -0.9970
vn -0.0725 -0.0898 0.9933
vn -0.1194 -0.0490 0.9916
vn 0.0668 -0.0573 0.9961
vn -0.1216 -0.0488 0.9914
vn 0.1425 0.0293 -0.9894
vn -0.1850 0.0704 0.9802
vn -0.0892 0.2118 -0.9732
vn -0.1882 0.5178 -0.8345
vn 0.0917 0.5813 -0.8085
vn -0.0382 0.6446 0.7635
vn 0.0478 0.7576 -0.6510
vn -0.0383 0.7498 0.6606
vn -0.0555 -0.8079 0.5868
vn -0.0206 -0.5270 -0.8496
vn -0.1820 -0.4638 0.8671
vn -0.0117 -0.0536 -0.9985
vn -0.1362 -0.0108 0.9906
vn -0.2315 -0.0475 -0.9717
vn -0.0676 -0.0962 -0.9931
vn -0.2991 -0.0391 0.9534
vn 0.0577 -0.0829 -0.9949
vn 0.0606 -0.0624 -0.9962
vn 0.0445 -0.1515 -0.9875
vn -0.1576 -0.5445 -0.8238
vn 0.1486 -0.1453 0.9782
vn 0.0215 -0.0486 -0.9986
vn -0.0781 -0.0284 0.9965
vn -0.0601 -0.0769 -0.9952
vn -0.0488 -0.0878 -0.9949
vn -0.1437 -0.1110 -0.9834
vn 0.0312 -0.0853 -0.9959
vn 0.0355 -0.0080 0.9993
vn -0.0959 -0.0758 -0.9925
vn -0.1003 -0.0013 0.9950
vn -0.2723 -0.1471 0.9509
vn 0.0087 -0.1557 0.9878
vn 0.0044 -0.2183 -0.9759
vn -0.0020 -0.2845 -0.9587
vn -0.1828 -0.0411 0.9823
vn 0.0246 0.1013 -0.9945
vn 0.0141 0.1485 -0.9888
vn -0.2052 0.0365 0.9780
vn -0.1624 0.1116 -0.9804
vn -0.2857 -0.0624 0.9563
vn -0.1841 -0.0219 -0.9827
vn -0.1388 -0.0524 0.9889
vn 0.0260 -0.0898 0.9956
vn 0.0663 -0.0373 -0.9971
vn -0.0418 -0.1203 0.9919
vn -0.0166 -0.0578 -0.9982
vn -0.0668 -0.0957 0.9932
vn -0.0829 -0.0863 0.9928
vn 0.0593 -0.0192 -0.9981
vn 0.0010 -0.0740 0.9973
vn -0.0534 -0.0840 -0.9950
vn -0.3098 -0.4539 0.8355
vn -0.0347 -0.0827 -0.9960
vn 0.0449 -0.0921 0.9947
vn -0.0324 -0.0128 -0.9994
vn 0.0414 -0.0587 0.9974
vn 0.0355 0.2096 0.9771
vn -0.0071 0.4156 -0.9095
vn 0.0385 0.5674 0.8225
vn -0.0204 0.8238 -0.5665
vn -0.0768 0.9477 -0.3097
vn -0.0914 0.8290 0.5517
vn 0.0233 0.9166 -0.3990
vn 0.0879 -0.9782 -0.1883
vn 0.2115 -0.9723 0.0996
vn 0.2714 -0.6644 -0.6964
vn -0.1717 -0.1674 0.9708
vn -0.1693 -0.0017 0.9856
vn 0.1306 -0.0497 -0.9902
vn 0.2341 -0.1723 -0.9568
vn -0.0781 -0.0583 0.9952
vn 0.2250 -0.0533 -0.9729
vn -0.1907 -0.3102 0.9314
vn 0.0023 -0.0395 -0.9992
vn -0.1092 0.0102 0.9940
vn -0.0462 -0.0746 -0.9961
vn 0.0095 0.0119 0.9999
vn 0.0655 -0.0585 0.9961
vn -0.1390 -0.0288 0.9899
vn 0.1500 -0.0380 0.9880
vn 0.0666 -0.1899 -0.9796
vn -0.0742 -0.1887 0.9792
vn 0.1079 -0.0429 -0.9932
vn 0.0542 0.0015 0.9985
vn 0.0221 0.1437 -0.9894
vn -0.0872 0.0007 0.9962
vn 0.1174 -0.0504 -0.9918
vn 0.1977 0.0526 -0.9789
vn 0.0804 -0.0854 0.9931
vn -0.0076 -0.0742 -0.9972
vn 0.1957 -0.0325 -0.9801
vn 0.2224 -0.0088 -0.9749
vn 0.0715 0.0101 -0.9974
vn 0.0863 -0.0436 0.9953
vn 0.1488 -0.0096 -0.9888
vn 0.0032 -0.0442 0.9990
vn 0.1424 0.2974 -0.9441
vn 0.2124 0.6730 -0.7085
vn 0.1663 0.9638 -0.2083
vn -0.0218 0.9978 0.0625
vn 0.0410 0.9895 0.1386
vn -0.0225 0.9464 0.3222
vn 0.3589 -0.6376 0.6816
vn 0.3763 -0.7680 0.5183
vn -0.0051 -0.5181 0.8553
vn 0.3058 -0.1370 -0.9422
vn 0.2731 -0.0483 0.9608
vn 0.2266 -0.0281 -0.9736
vn 0.1922 0.0081 0.9813
vn 0.3890 -0.0505 -0.9198
vn 0.2870 -0.3928 0.8737
vn 0.1522 -0.1114 -0.9820
vn 0.0891 -0.0502 0.9948
vn 0.2792 -0.0493 -0.9590
vn 0.1245 -0.0547 -0.9907
vn 0.2440 -0.0319 -0.9692
vn 0.1813 -0.0332 -0.9829
vn 0.1622 -0.0094 0.9867
vn 0.1345 0.0058 0.9909
vn 0.1840 -0.0866 -0.9791
vn 0.0340 -0.0413 0.9986
vn 0.1019 -0.0602 -0.9930
vn 0.0653 -0.0516 -0.9965
vn 0.1000 -0.0875 -0.9911
vn 0.1224 0.0036 0.9925
vn 0.2290 -0.1156 -0.9665
vn 0.1579 -0.2376 -0.9585
vn 0.3224 -0.0572 -0.9449
vn 0.1164 0.0960 0.9886
vn 0.1428 0.1675 -0.9755
vn 0.2346 0.1806 -0.9552
vn -0.0058 0.0110 0.9999
vn 0.3391 0.2381 -0.9101
vn 0.1481 -0.0058 -0.9890
vn 0.0139 -0.0562 0.9983
vn 0.1453 -0.0933 -0.9850
vn 0.2670 -0.0272 -0.9633
vn 0.1185 -0.0897 0.9889
vn 0.1952 -0.0848 -0.9771
vn 0.1418 -0.0990 0.9849
vn 0.1578 -0.0727 -0.9848
vn 0.1019 -0.1046 0.9893
vn 0.1523 -0.0229 -0.9881
vn 0.1709 -0.0129 0.9852
vn 0.1865 -0.1189 0.9752
vn 0.3086 -0.0280 -0.9508
vn 0.0559 -0.0884 0.9945
vn 0.2031 -0.0667 -0.9769
vn 0.1452 -0.0588 -0.9877
vn 0.2224 -0.0736 -0.9722
vn 0.1622 0.0138 -0.9867
vn 0.0903 -0.0516 0.9946
vn 0.2369 0.0109 -0.9715
vn 0.1670 -0.0720 0.9833
vn 0.2386 -0.0598 0.9693
vn 0.2276 0.3625 -0.9038
vn 0.1318 0.4491 -0.8837
vn 0.1436 0.4374 0.8877
vn 0.2547 0.3706 0.8932
vn 0.0646 0.7308 -0.6796
vn 0.1962 0.6885 0.6982
vn 0.1835 0.8171 -0.5465
vn 0.1253 0.9055 0.4055
vn 0.4568 -0.7778 -0.4317
vn 0.3519 -0.3931 -0.8495
vn 0.4702 -0.0332 -0.8819
vn 0.3169 -0.0884 -0.9443
vn 0.2535 -0.0722 0.9646
vn 0.3959 -0.1200 -0.9104
vn 0.3112 -0.0003 0.9503
vn 0.4881 -0.0698 -0.8700
vn 0.3618 -0.0394 -0.9314
vn 0.4267 -0.0210 -0.9041
vn 0.3067 0.0105 0.9517
vn 0.2964 -0.0166 0.9549
vn 0.2345 -0.0499 0.9708
vn 0.1862 -0.0515 0.9812
vn 0.2164 -0.1147 -0.9695
vn 0.3987 -0.0698 -0.9144
vn 0.1719 -0.0470 -0.9840
vn 0.3953 -0.0375 -0.9178
vn 0.2125 -0.1068 0.9713
vn 0.1009 -0.1972 0.9752
vn 0.3777 -0.2282 -0.8974
vn 0.1968 -0.1865 0.9625
vn 0.2822 -0.1912 -0.9401
vn 0.0665 -0.0964 0.9931
vn 0.3132 0.0137 -0.9496
vn 0.3037 0.0077 0.9527
vn 0.2298 0.0839 -0.9696
vn 0.1895 -0.0965 0.9771
vn 0.3501 -0.0577 -0.9349
vn 0.3215 -0.0846 -0.9431
vn 0.2259 -0.0454 -0.9731
vn 0.1303 -0.0864 0.9877
vn 0.3785 -0.0169 -0.9254
vn 0.3275 -0.0083 -0.9448
vn 0.3730 -0.0515 -0.9264
vn 0.0087 0.1582 0.9874
vn 0.3379 -0.0927 0.9366
vn 0.4434 -0.2623 0.8571
vn 0.3094 -0.0238 -0.9506
vn 0.3431 -0.0385 -0.9385
vn 0.2845 -0.0198 0.9585
vn 0.2235 -0.0463 -0.9736
vn 0.2023 -0.0551 0.9778
vn 0.2701 -0.0045 -0.9628
vn 0.2670 0.1187 -0.9563
vn 0.2050 0.1629 0.9651
vn 0.0553 0.3912 0.9186
vn 0.3009 0.4580 -0.8364
vn 0.1688 0.5969 0.7844
vn 0.2061 0.7975 0.5670
vn 0.1839 0.9253 -0.3315
vn 0.3539 0.8657 -0.3539
vn 0.2526 0.8777 0.4071
vn 0.3017 0.9040 0.3028
vn 0.0335 0.9953 -0.0913
vn 0.2147 0.9632 0.1616
vn 0.4896 -0.8663 -0.0988
vn 0.5365 -0.6018 -0.5916
vn 0.6419 -0.2379 -0.7290
vn 0.4145 -0.2615 0.8717
vn 0.5338 -0.0309 -0.8451
vn 0.6109 -0.0450 0.7904
vn 0.4824 -0.1051 0.8696
vn 0.4340 0.0123 0.9008
vn 0.5641 -0.0572 -0.8237
vn 0.2510 -0.1420 0.9575
vn 0.5531 -0.0949 0.8277
vn 0.5559 -0.1094 -0.8240
vn 0.4024 -0.0557 0.9138
vn 0.4856 -0.0646 -0.8718
vn 0.4784 -0.0232 0.8778
vn 0.5246 0.0019 0.8513
vn 0.5658 -0.0000 0.8245
vn 0.5095 -0.0863 -0.8561
vn 0.3892 -0.0742 -0.9182
vn 0.2893 -0.0463 0.9561
vn 0.3907 -0.0797 -0.9171
vn 0.3070 -0.1080 -0.9456
vn 0.4289 -0.0467 0.9021
vn 0.5203 -0.0893 -0.8493
vn 0.3517 -0.0074 0.9361
vn 0.2599 -0.0650 -0.9634
vn 0.4645 -0.0693 -0.8829
vn 0.4685 -0.0415 -0.8825
vn 0.3026 0.0109 0.9531
vn 0.3422 0.0258 0.9393
vn 0.4791 -0.0408 -0.8768
vn 0.2686 -0.2586 -0.9279
vn 0.4318 -0.0596 0.9000
vn 0.4315 -0.2535 -0.8658
vn 0.4250 -0.1615 0.8907
vn 0.3228 0.0766 0.9434
vn 0.4789 0.0470 -0.8766
vn 0.6111 0.0640 0.7890
vn 0.4615 -0.0241 -0.8868
vn 0.3079 -0.0429 -0.9504
vn 0.2951 -0.0527 -0.9540
vn 0.2924 -0.0659 0.9540
vn 0.3728 -0.0003 -0.9279
vn 0.4360 -0.0728 -0.8970
vn 0.3677 -0.3031 0.8791
vn 0.3164 -0.0720 0.9459
vn 0.4182 -0.0576 -0.9065
vn 0.4493 -0.0225 -0.8931
vn 0.3559 -0.0548 0.9329
vn 0.3038 -0.1775 0.9361
vn 0.2533 -0.1263 0.9591
vn 0.3708 0.0117 -0.9286
vn 0.3858 -0.0258 0.9222
vn 0.0936 -0.4837 -0.8702
vn 0.2690 0.0222 0.9629
vn 0.3243 0.2009 0.9244
vn 0.3888 0.4151 0.8225
vn 0.3158 0.3433 -0.8845
vn 0.3628 0.6278 -0.6887
vn 0.3301 0.5819 0.7432
vn 0.3275 0.7509 -0.5735
vn 0.3489 0.8020 -0.4848
vn 0.4432 0.7681 -0.4621
vn 0.3707 0.8576 -0.3564
vn 0.3485 0.8389 0.4180
vn 0.2691 0.8649 -0.4237
vn 0.7874 -0.6029 0.1286
vn 0.4536 -0.8332 0.3161
vn 0.5931 -0.7626 -0.2581
vn 0.6511 -0.4923 -0.5776
vn 0.5894 -0.3772 0.7143
vn 0.6709 -0.0318 -0.7409
vn 0.6487 -0.0184 -0.7608
vn 0.6733 -0.0168 0.7392
vn 0.6828 -0.0471 0.7291
vn 0.6768 -0.0464 0.7347
vn 0.8102 -0.0645 -0.5826
vn 0.6433 -0.0094 0.7655
vn 0.6844 -0.0112 0.7290
vn 0.7646 -0.0285 -0.6439
vn 0.4354 0.0185 0.9000
vn 0.5780 -0.0647 -0.8135
vn 0.5899 -0.0461 -0.8062
vn 0.6123 0.2295 0.7566
vn 0.5470 -0.1059 -0.8304
vn 0.4571 -0.0508 0.8880
vn 0.4876 -0.0944 -0.8680
vn 0.5695 -0.0584 -0.8199
vn 0.4834 -0.0216 0.8751
vn 0.5442 -0.0410 0.8380
vn 0.2505 -0.0497 0.9668
vn 0.5165 -0.1057 -0.8498
vn 0.4098 -0.2147 -0.8866
vn 0.4042 -0.0975 0.9094
vn 0.5006 -0.0387 -0.8648
vn 0.3771 0.0586 -0.9243
vn 0.3113 0.1243 0.9421
vn 0.4060 0.0227 0.9136
vn 0.3795 -0.0022 0.9252
vn 0.5182 0.0748 -0.8520
vn 0.2381 -0.1243 0.9633
vn 0.3846 0.0045 -0.9231
vn 0.4484 -0.0921 0.8891
vn 0.2370 -0.1094 0.9653
vn 0.4043 -0.0617 -0.9125
vn 0.2778 -0.0884 0.9566
vn 0.5125 -0.0361 -0.8579
vn 0.4865 0.0026 -0.8737
vn 0.2830 -0.0469 0.9580
vn 0.5444 0.0023 -0.8389
vn 0.4472 -0.0813 0.8907
vn 0.4660 -0.0577 -0.8829
vn 0.2714 -0.0974 0.9575
vn 0.4559 -0.0102 -0.8900
vn 0.3656 -0.0345 0.9301
vn 0.4189 0.0160 0.9079
vn 0.3910 -0.0403 -0.9195
vn 0.4007 -0.0324 -0.9156
vn 0.4000 0.0382 -0.9157
vn 0.4051 0.1190 -0.9065
vn 0.4674 0.1534 -0.8706
vn 0.3487 0.2688 -0.8979
vn 0.4671 0.2923 0.8345
vn 0.4573 0.4430 -0.7711
vn 0.4324 0.5433 0.7196
vn 0.4486 0.6232 0.6406
vn 0.5125 0.6649 0.5434
vn 0.3492 0.9172 -0.1921
vn 0.4089 0.9110 -0.0539
vn 0.2928 0.9525 -0.0842
vn 0.6652 -0.5982 0.4468
vn 0.9173 -0.2746 -0.2885
vn 0.9660 -0.1076 0.2351
vn 0.8479 -0.1992 -0.4914
vn 0.8668 -0.0932 0.4899
vn 0.7038 -0.2099 0.6787
vn 0.7464 0.0061 0.6654
vn 0.6886 -0.0733 -0.7215
vn 0.8815 -0.0420 -0.4703
vn 0.8336 -0.0128 0.5521
vn 0.8479 -0.0202 0.5298
vn 0.8124 -0.0366 -0.5820
vn 0.6612 -0.0372 -0.7493
vn 0.8108 -0.1296 -0.5708
vn 0.7161 -0.0881 -0.6925
vn 0.7928 -0.0591 0.6066
vn 0.6751 -0.0896 -0.7323
vn 0.8146 -0.0163 0.5798
vn 0.6657 -0.0174 -0.7461
vn 0.7482 -0.0564 -0.6611
vn 0.8483 0.0215 0.5292
vn 0.6360 -0.0597 -0.7694
vn 0.6407 -0.0686 -0.7647
vn 0.4756 -0.0589 0.8777
vn 0.6510 -0.0742 -0.7554
vn 0.7864 -0.0727 -0.6134
vn 0.6424 -0.0383 0.7654
vn 0.6967 -0.1426 -0.7030
vn 0.6281 -0.0540 0.7762
vn 0.6640 -0.0706 -0.7444
vn 0.6175 -0.0088 0.7865
vn 0.7270 -0.0401 0.6855
vn 0.6595 -0.0125 0.7516
vn 0.7358 -0.0633 -0.6742
vn 0.6060 -0.0370 -0.7946
vn 0.6314 -0.0198 0.7752
vn 0.5888 -0.1453 -0.7951
vn 0.7047 -0.1205 -0.6992
vn 0.7294 -0.2146 -0.6496
vn 0.6596 -0.2183 -0.7192
vn 0.6320 -0.2101 -0.7459
vn 0.6523 -0.1816 0.7359
vn 0.6311 -0.2101 -0.7467
vn 0.5624 -0.1880 0.8052
vn 0.6704 -0.0875 -0.7368
vn 0.5690 0.0723 -0.8191
vn 0.6151 0.1310 -0.7775
vn 0.6555 0.1204 0.7455
vn 0.5967 0.0145 -0.8023
vn 0.3334 -0.1771 0.9260
vn 0.4707 -0.0572 -0.8805
vn 0.2746 -0.0936 0.9570
vn 0.4433 -0.0551 -0.8947
vn 0.5116 -0.0296 -0.8587
vn 0.4602 -0.0915 -0.8831
vn 0.4699 -0.0877 -0.8783
vn 0.3339 -0.0672 0.9402
vn 0.5729 -0.0246 -0.8192
vn 0.5607 -0.0474 -0.8267
vn 0.4704 -0.0663 -0.8800
vn 0.5387 -0.0855 0.8381
vn 0.5284 -0.0520 -0.8474
vn 0.5138 -0.0808 0.8541
vn 0.5537 -0.0182 -0.8325
vn 0.4669 -0.0423 0.8833
vn 0.4898 -0.0254 -0.8715
vn 0.5790 -0.0763 0.8118
vn 0.4385 -0.0234 0.8984
vn 0.4173 0.0861 0.9047
vn 0.5700 0.1229 0.8124
vn 0.5192 0.4197 0.7445
vn 0.5674 0.6584 -0.4945
vn 0.4755 0.6392 -0.6045
vn 0.5000 0.8041 -0.3215
vn 0.3841 0.7254 0.5712
vn 0.5918 0.6943 0.4095
vn 0.4265 0.8814 0.2028
vn 0.3205 0.9360 0.1457
vn 0.8025 -0.5850 -0.1174
vn 0.8875 -0.4042 0.2212
vn 0.9898 -0.0048 0.1422
vn 0.9923 -0.0466 -0.1146
vn 0.9780 -0.1686 0.1229
vn 0.9834 -0.0288 -0.1794
vn 0.9389 -0.0373 0.3422
vn 0.9453 0.1049 0.3090
vn 0.9804 -0.0133 0.1965
vn 0.9978 -0.0262 0.0609
vn 0.9633 -0.0400 0.2655
vn 0.9110 -0.0175 0.4121
vn 0.9700 -0.0507 -0.2379
vn 0.8946 -0.0610 -0.4426
vn 0.8859 -0.0469 0.4616
vn 0.8108 -0.1214 0.5725
vn 0.9595 -0.0586 -0.2755
vn 0.8789 -0.0575 0.4735
vn 0.9326 -0.0137 0.3605
vn 0.8962 -0.0470 0.4412
vn 0.9189 -0.0689 -0.3885
vn 0.8874 -0.0849 -0.4530
vn 0.8008 -0.0426 0.5975
vn 0.8739 -0.0212 -0.4856
vn 0.8753 -0.0749 -0.4777
vn 0.7716 -0.0190 0.6358
vn 0.8289 -0.0539 -0.5567
vn 0.7255 -0.0619 0.6854
vn 0.7190 -0.0008 0.6950
vn 0.7827 -0.0815 -0.6171
vn 0.7784 -0.0387 0.6266
vn 0.7800 -0.0471 0.6240
vn 0.8000 -0.0796 -0.5947
vn 0.7794 -0.0388 0.6254
vn 0.7429 -0.0436 -0.6680
vn 0.7411 -0.0488 -0.6696
vn 0.8024 -0.0157 0.5965
vn 0.7280 -0.0223 0.6852
vn 0.7650 -0.1179 0.6332
vn 0.6767 -0.1696 0.7165
vn 0.5668 -0.2677 0.7791
vn 0.5341 -0.2814 -0.7972
vn 0.4748 -0.1716 0.8632
vn 0.6423 -0.1437 0.7529
vn 0.5917 -0.2312 0.7723
vn 0.7672 0.0325 -0.6406
vn 0.4750 -0.0402 0.8791
vn 0.5494 -0.5503 0.6288
vn 0.6975 0.1168 -0.7070
vn 0.7857 0.1162 -0.6075
vn 0.7132 0.0863 -0.6957
vn 0.6121 0.0119 0.7907
vn 0.6070 0.1852 -0.7728
vn 0.5470 0.0130 0.8370
vn 0.5002 -0.0072 -0.8659
vn 0.6947 -0.1373 0.7061
vn 0.6962 -0.1440 -0.7032
vn 0.4452 -0.1055 0.8892
vn 0.5563 -0.2746 0.7843
vn 0.5878 -0.1507 -0.7949
vn 0.3453 -0.1174 0.9311
vn 0.5104 -0.0465 -0.8587
vn 0.2982 -0.0943 0.9498
vn 0.5080 -0.0459 -0.8601
vn 0.3822 -0.0442 0.9230
vn 0.5538 -0.0198 -0.8324
vn 0.4014 -0.0550 0.9143
vn 0.3956 -0.0432 0.9174
vn 0.5389 0.0300 -0.8418
vn 0.5866 -0.0470 -0.8085
vn 0.4984 -0.0060 0.8669
vn 0.4883 0.0288 0.8722
vn 0.4879 0.0316 -0.8723
vn 0.5923 -0.0712 0.8025
vn 0.6686 -0.0487 -0.7420
vn 0.5524 -0.0782 0.8299
vn 0.5679 -0.0503 -0.8216
vn 0.6672 -0.0759 0.7410
vn 0.6275 -0.0426 -0.7774
vn 0.6472 -0.0463 -0.7609
vn 0.4966 -0.0483 0.8666
vn 0.5500 -0.0784 -0.8315
vn 0.5781 -0.0354 0.8152
vn 0.5127 -0.0005 0.8586
vn 0.5965 -0.0139 -0.8025
vn 0.6161 -0.0394 0.7867
vn 0.6133 -0.0325 -0.7892
vn 0.5193 -0.0298 0.8541
vn 0.5813 -0.0287 -0.8131
vn 0.5161 0.0251 -0.8562
vn 0.6069 0.1418 -0.7820
vn 0.5342 0.2914 -0.7936
vn 0.5684 0.2767 0.7748
vn 0.6161 0.5032 0.6060
vn 0.5731 0.3558 -0.7382
vn 0.6295 0.5077 -0.5882
vn 0.4313 0.4158 -0.8007
vn 0.4797 0.6401 0.6001
vn 0.5748 0.6802 0.4548
vn 0.6312 0.6943 -0.3458
vn 0.5817 0.7622 -0.2841
vn 0.5249 0.7777 0.3459
vn 0.6197 0.7517 0.2255
vn 0.6429 0.7379 -0.2055
vn 0.5750 0.8080 -0.1282
vn 0.5611 0.8243 0.0757
vn 0.9979 -0.0067 0.0644
vn 0.9997 -0.0250 0.0033
vn 0.9924 -0.0426 0.1155
vn 0.9817 -0.0531 -0.1830
vn 0.9978 -0.0499 0.0427
vn 0.9573 -0.0424 0.2859
vn 0.9983 -0.0574 0.0055
vn 0.9418 -0.0648 -0.3298
vn 0.9607 -0.1192 0.2506
vn 0.9882 -0.0641 -0.1394
vn 0.9885 -0.0486 0.1434
vn 0.9315 -0.1776 0.3174
vn 0.9999 -0.0078 -0.0099
vn 0.9057 -0.0265 0.4231
vn 0.9948 -0.0731 -0.0705
vn 0.9875 -0.0580 0.1468
vn 0.9587 0.0263 -0.2833
vn 0.9984 -0.0387 0.0419
vn 0.9496 -0.0336 0.3118
vn 0.9397 -0.0653 -0.3358
vn 0.9926 -0.0632 -0.1038
vn 0.9881 -0.0651 0.1391
vn 0.9372 -0.0123 -0.3486
vn 0.8736 -0.0443 0.4845
vn 0.9191 -0.0832 -0.3851
vn 0.8663 -0.0743 -0.4940
vn 0.9692 -0.0605 0.2388
vn 0.9587 -0.0741 -0.2747
vn 0.9411 -0.0480 0.3348
vn 0.9530 -0.0531 0.2983
vn 0.9214 -0.0512 0.3852
vn 0.8628 -0.0514 0.5030
vn 0.9226 -0.0703 -0.3793
vn 0.8862 -0.0577 -0.4596
vn 0.9314 -0.0422 0.3615
vn 0.8738 -0.0441 0.4844
vn 0.9340 -0.0296 0.3561
vn 0.8484 -0.0421 0.5276
vn 0.9179 -0.0492 -0.3937
vn 0.8353 -0.0077 0.5497
vn 0.9108 -0.0310 -0.4116
vn 0.8687 -0.0530 -0.4925
vn 0.8710 -0.0306 0.4903
vn 0.9103 -0.0228 0.4133
vn 0.9095 -0.1041 -0.4024
vn 0.8452 -0.0295 0.5337
vn 0.8735 -0.0219 -0.4864
vn 0.8453 -0.0310 -0.5334
vn 0.8538 -0.0419 -0.5189
vn 0.8390 -0.0338 -0.5431
vn 0.8586 -0.0127 0.5124
vn 0.8970 -0.0757 -0.4356
vn 0.8367 -0.4300 -0.3391
vn 0.9086 -0.0971 0.4062
vn 0.7837 -0.1992 -0.5883
vn 0.7857 -0.1862 0.5899
vn 0.7070 -0.2288 0.6692
vn 0.6562 -0.1417 0.7412
vn 0.7903 -0.0990 -0.6046
vn 0.7355 0.0886 -0.6717
vn 0.8466 0.0821 -0.5259
vn 0.7686 0.1304 0.6263
vn 0.7621 0.0956 0.6404
vn 0.8518 -0.0033 -0.5239
vn 0.8389 0.0211 0.5439
vn 0.8155 -0.0409 0.5773
vn 0.6509 -0.4498 0.6115
vn 0.7866 -0.0312 -0.6166
vn 0.7728 -0.0689 -0.6309
vn 0.6909 -0.2308 -0.6851
vn 0.5409 -0.1175 -0.8329
vn 0.6650 -0.2152 -0.7151
vn 0.4291 -0.0548 0.9016
vn 0.4384 -0.0532 0.8972
vn 0.4451 -0.0500 0.8941
vn 0.4193 -0.0545 0.9062
vn 0.6246 -0.0081 -0.7809
vn 0.6112 -0.0270 0.7910
vn 0.4572 -0.0586 0.8874
vn 0.6193 0.0947 -0.7794
vn 0.6512 -0.3186 -0.6888
vn 0.5946 0.1075 0.7968
vn 0.5801 -0.0406 0.8136
vn 0.7050 0.0290 -0.7086
vn 0.5735 0.2325 0.7856
vn 0.8184 0.3744 0.4358
vn 0.6797 -0.0387 -0.7325
vn 0.6863 -0.0435 -0.7260
vn 0.8026 -0.0572 0.5937
vn 0.6979 -0.0748 0.7123
vn 0.6080 0.1368 -0.7821
vn 0.6828 -0.0588 0.7282
vn 0.7365 -0.0453 -0.6749
vn 0.6491 -0.0512 0.7589
vn 0.7156 -0.0352 -0.6977
vn 0.6799 -0.0367 0.7324
vn 0.6173 -0.0217 -0.7865
vn 0.7302 -0.0456 0.6817
vn 0.6219 0.2921 0.7266
vn 0.6631 0.0137 -0.7484
vn 0.5754 0.0044 0.8179
vn 0.6509 0.2804 -0.7055
vn 0.6704 0.2249 0.7071
vn 0.6127 0.4107 -0.6753
vn 0.7146 0.3852 0.5840
vn 0.7676 0.5848 0.2624
vn 0.6654 0.5715 -0.4802
vn 0.6795 0.6304 -0.3753
vn 0.7009 0.5378 0.4685
vn 0.6981 0.6061 0.3811
vn 0.5865 0.6692 -0.4562
vn 0.6710 0.7393 -0.0556
vn 0.6764 0.7354 0.0406
vn 0.6808 0.7203 0.1330
vn 0.9614 -0.2290 0.1527
vn 0.9971 -0.0500 0.0574
vn 0.9933 -0.0766 -0.0863
vn 0.9959 -0.0693 0.0581
vn 0.9703 -0.0603 -0.2343
vn 0.9969 -0.0625 0.0483
vn 0.9813 -0.0585 0.1834
vn 0.9988 -0.0481 0.0052
vn 0.9865 -0.0407 0.1587
vn 0.9491 -0.0523 -0.3107
vn 0.9938 -0.0328 0.1061
vn 0.9678 -0.0406 0.2484
vn 0.9793 -0.0483 -0.1964
vn 0.9793 -0.0581 -0.1938
vn 0.9757 -0.0392 0.2156
vn 0.9996 -0.0272 -0.0098
vn 0.9887 -0.0197 -0.1487
vn 0.9558 -0.0293 0.2924
vn 0.9372 -0.0312 -0.3473
vn 0.9985 -0.0323 0.0447
vn 0.9968 -0.0498 0.0624
vn 0.9843 -0.0264 0.1747
vn 0.9463 -0.0321 0.3218
vn 0.9734 -0.1218 -0.1938
vn 0.9383 -0.0364 0.3438
vn 0.9126 -0.0202 0.4084
vn 0.9816 -0.0661 -0.1792
vn 0.8830 0.3314 0.3324
vn 0.9720 -0.0614 0.2268
vn 0.9810 -0.1349 -0.1397
vn 0.9950 -0.0963 0.0269
vn 0.9708 -0.1563 0.1820
vn 0.8686 -0.1464 0.4733
vn 0.9118 -0.1791 0.3694
vn 0.8460 -0.1422 -0.5140
vn 0.9288 -0.1864 0.3203
vn 0.9516 -0.1893 -0.2419
vn 0.8900 -0.2089 -0.4053
vn 0.9448 -0.0553 0.3231
vn 0.9107 -0.1784 -0.3725
vn 0.8912 -0.1397 0.4316
vn 0.7889 -0.1463 0.5969
vn 0.8376 -0.1002 -0.5370
vn 0.9035 -0.1269 -0.4093
vn 0.8360 -0.1263 0.5341
vn 0.9535 0.0914 0.2871
vn 0.9079 0.0192 -0.4188
vn 0.8490 0.0718 0.5234
vn 0.8024 -0.0200 0.5964
vn 0.8917 0.0935 0.4428
vn 0.8478 0.1322 0.5136
vn 0.9271 0.0739 -0.3676
vn 0.8995 0.0334 -0.4357
vn 0.8617 -0.1169 0.4937
vn 0.8538 -0.2424 -0.4608
vn 0.8308 -0.3893 0.3978
vn 0.7873 -0.3139 0.5307
vn 0.5550 0.1964 -0.8084
vn 0.4906 -0.2330 0.8397
vn 0.5793 -0.0752 -0.8117
vn 0.7222 -0.0162 0.6915
vn 0.6379 -0.0288 -0.7696
vn 0.7167 -0.0050 -0.6974
vn 0.6181 -0.0317 0.7855
vn 0.6023 -0.0192 -0.7980
vn 0.5676 -0.0212 0.8230
vn 0.6413 -0.0553 0.7653
vn 0.6119 -0.0232 0.7906
vn 0.6865 0.0621 -0.7245
vn 0.7859 0.1238 -0.6058
vn 0.7725 -0.0133 -0.6349
vn 0.7552 0.0982 0.6480
vn 0.5874 -0.1087 0.8020
vn 0.7939 0.0517 -0.6058
vn 0.8205 0.0146 0.5715
vn 0.7857 -0.0313 -0.6179
vn 0.7472 -0.0539 0.6624
vn 0.8183 -0.0700 0.5705
vn 0.7892 -0.0354 -0.6131
vn 0.7095 -0.0710 0.7011
vn 0.7758 -0.0366 -0.6299
vn 0.7608 -0.0563 0.6466
vn 0.7966 -0.0431 -0.6030
vn 0.8277 -0.0570 0.5582
vn 0.7660 -0.0519 0.6408
vn 0.8272 -0.0450 -0.5600
vn 0.7601 -0.0133 -0.6497
vn 0.7867 -0.0528 0.6151
vn 0.8182 -0.0345 -0.5740
vn 0.8037 -0.0460 0.5933
vn 0.8036 -0.0505 -0.5930
vn 0.6918 0.0159 -0.7219
vn 0.7528 -0.0402 -0.6570
vn 0.7579 -0.0581 0.6498
vn 0.7089 -0.0260 -0.7048
vn 0.7687 -0.0580 0.6369
vn 0.6979 -0.0279 -0.7157
vn 0.7283 -0.0572 0.6828
vn 0.6944 -0.0428 -0.7184
vn 0.7088 -0.0415 -0.7042
vn 0.7491 -0.0170 -0.6623
vn 0.6633 -0.2274 0.7129
vn 0.6838 0.0220 -0.7293
vn 0.7102 0.1772 0.6813
vn 0.7323 0.3051 -0.6088
vn 0.7546 0.2589 0.6030
vn 0.8111 0.3269 0.4850
vn 0.7523 0.3717 -0.5440
vn 0.7130 0.4450 -0.5418
vn 0.7637 0.4668 0.4459
vn 0.7232 0.5097 -0.4660
vn 0.7544 0.6118 -0.2379
vn 0.7754 0.5554 0.3006
vn 0.7301 0.6650 -0.1571
vn 0.7572 0.6532 0.0010
vn 0.7565 0.6467 0.0970
vn 0.7497 0.6394 0.1707
vn 0.7050 0.6520 0.2791
vn 0.9642 -0.1842 -0.1907
vn 0.9777 -0.1790 0.1101
vn 0.9553 -0.1778 0.2360
vn 0.9908 -0.1243 0.0541
vn 0.9634 -0.1002 0.2487
vn 0.9378 -0.1685 0.3037
vn 0.9680 -0.0463 -0.2465
vn 0.9802 -0.1546 -0.1240
vn 0.7872 -0.5535 0.2718
vn 0.9581 -0.1632 0.2352
vn 0.9902 -0.0381 -0.1346
vn 0.9555 -0.0336 0.2932
vn 0.8721 -0.0506 0.4866
vn 0.9837 0.0043 0.1798
vn 0.9830 -0.0110 -0.1832
vn 0.9833 0.0576 0.1727
vn 0.9434 0.0580 0.3266
vn 0.9162 -0.0006 0.4007
vn 0.9794 0.0413 -0.1978
vn 0.9665 0.0802 0.2438
vn 0.9125 0.0827 -0.4007
vn 0.9825 0.0791 -0.1686
vn 0.9944 0.0715 0.0776
vn 0.9426 0.1578 0.2943
vn 0.9335 0.0736 0.3510
vn 0.9993 0.0326 0.0180
vn 0.9549 0.0238 0.2961
vn 0.9503 0.0111 0.3110
vn 0.9544 0.1241 -0.2715
vn 0.9972 0.0046 -0.0753
vn 0.9871 -0.1357 -0.0851
vn 0.9951 -0.0101 0.0988
vn 0.9429 -0.0939 0.3196
vn 0.9435 0.0045 0.3313
vn 0.9850 -0.0036 -0.1727
vn 0.9375 -0.2575 0.2342
vn 0.9287 -0.1570 0.3360
vn 0.9973 -0.0739 0.0023
vn 0.9119 -0.2921 -0.2884
vn 0.8160 -0.3125 -0.4863
vn 0.8702 -0.3834 0.3095
vn 0.6955 -0.4353 0.5717
vn 0.8479 -0.1644 -0.5040
vn 0.9523 -0.1105 0.2843
vn 0.8158 -0.0571 -0.5755
vn 0.7719 -0.0115 -0.6356
vn 0.7889 0.0046 -0.6145
vn 0.8462 -0.0040 0.5329
vn 0.8427 0.0075 -0.5383
vn 0.8541 -0.0027 0.5201
vn 0.7666 0.1230 0.6302
vn 0.8762 -0.0163 -0.4817
vn 0.8884 -0.0249 0.4584
vn 0.7690 -0.0135 -0.6391
vn 0.6553 -0.0920 0.7497
vn 0.8701 -0.0025 -0.4928
vn 0.7145 0.0015 0.6997
vn 0.8727 0.0971 -0.4785
vn 0.8586 0.1416 0.4927
vn 0.6636 0.1261 0.7374
vn 0.8265 0.1946 -0.5283
vn 0.8718 0.1946 0.4495
vn 0.8041 0.1730 0.5687
vn 0.9361 0.0438 0.3490
vn 0.8618 0.0834 0.5004
vn 0.8461 0.0401 -0.5315
vn 0.8567 -0.0386 0.5143
vn 0.9123 -0.0355 0.4079
vn 0.8620 -0.0350 -0.5057
vn 0.9039 0.0047 -0.4276
vn 0.8595 -0.0597 0.5076
vn 0.9215 -0.0488 0.3854
vn 0.8796 -0.0522 0.4729
vn 0.8979 -0.0346 -0.4388
vn 0.9106 -0.0334 -0.4120
vn 0.9010 -0.0445 0.4316
vn 0.8787 -0.0403 -0.4756
vn 0.8813 -0.0516 0.4697
vn 0.9086 -0.0385 -0.4160
vn 0.8906 -0.0500 0.4521
vn 0.9351 -0.0340 -0.3528
vn 0.8413 -0.0561 0.5377
vn 0.8893 -0.0613 0.4533
vn 0.8825 -0.0454 -0.4681
vn 0.8514 -0.0550 0.5217
vn 0.8931 -0.0592 -0.4460
vn 0.8515 -0.0576 0.5212
vn 0.8599 -0.0611 0.5068
vn 0.8339 -0.0510 -0.5495
vn 0.8430 -0.0654 0.5339
vn 0.8649 -0.0568 -0.4986
vn 0.8416 -0.0638 0.5363
vn 0.8364 -0.0458 -0.5462
vn 0.7889 -0.0412 -0.6132
vn 0.7929 -0.0725 0.6050
vn 0.8456 -0.0544 0.5310
vn 0.7406 -0.0458 0.6704
vn 0.8019 -0.0367 -0.5964
vn 0.7824 -0.0549 0.6203
vn 0.7162 -0.0573 0.6955
vn 0.8514 0.1014 -0.5146
vn 0.8353 -0.0414 0.5482
vn 0.7514 0.1406 -0.6447
vn 0.6820 0.0941 0.7253
vn 0.7931 0.2283 -0.5647
vn 0.8062 0.1115 0.5811
vn 0.8317 0.3903 -0.3948
vn 0.8330 0.2626 0.4870
vn 0.6616 0.4776 0.5782
vn 0.7980 0.3590 0.4840
vn 0.7628 0.5130 -0.3937
vn 0.8395 0.4230 0.3410
vn 0.7681 0.4955 -0.4055
vn 0.8414 0.4777 0.2529
vn 0.7844 0.5835 0.2101
vn 0.8204 0.5218 -0.2340
vn 0.8778 0.4748 -0.0630
vn 0.8164 0.5740 -0.0631
vn 0.8310 0.5499 0.0840
vn 0.8049 0.5583 0.2013
vn 0.9949 -0.0852 -0.0538
vn 0.9987 -0.0430 0.0274
vn 0.9959 -0.0255 0.0867
vn 0.9998 0.0123 -0.0155
vn 0.9971 0.0697 -0.0311
vn 0.9966 0.0562 0.0600
vn 0.9742 -0.2252 -0.0119
vn 0.9479 -0.1830 -0.2607
vn 0.9641 -0.2651 0.0168
vn 0.9760 -0.1944 -0.0986
vn 0.9609 -0.2488 0.1215
vn 0.9277 -0.3030 0.2180
vn 0.9553 -0.1974 0.2199
vn 0.9611 -0.1784 -0.2109
vn 0.9826 -0.1571 0.0989
vn 0.7469 -0.2033 0.6331
vn 0.9835 -0.0337 0.1779
vn 0.9498 -0.0314 -0.3111
vn 0.9816 -0.0534 -0.1831
vn 0.9260 -0.1435 0.3491
vn 0.9270 0.0002 -0.3751
vn 0.9842 -0.0143 0.1767
vn 0.9781 -0.0090 0.2078
vn 0.9936 -0.0171 0.1112
vn 0.9644 0.0242 0.2635
vn 0.9676 -0.0004 -0.2525
vn 0.9884 0.0109 -0.1517
vn 0.9459 -0.0119 0.3241
vn 0.9870 -0.0015 -0.1607
vn 0.9701 -0.0132 0.2425
vn 0.9940 -0.0184 0.1078
vn 0.9565 0.0062 0.2917
vn 0.9921 0.0487 -0.1153
vn 0.9928 0.0112 0.1191
vn 0.9821 0.0200 0.1873
vn 0.9689 0.0690 -0.2378
vn 0.9597 0.0435 0.2777
vn 0.8389 0.0291 0.5436
vn 0.9714 0.1391 0.1924
vn 0.9903 0.0864 0.1086
vn 0.9641 0.1712 0.2028
vn 0.9091 0.1906 -0.3703
vn 0.9796 0.1363 -0.1479
vn 0.9900 0.1260 -0.0635
vn 0.9927 0.1125 0.0425
vn 0.9267 0.2461 0.2842
vn 0.7467 0.4310 -0.5066
vn 0.9995 -0.0212 -0.0251
vn 0.9959 0.0273 0.0858
vn 0.9799 0.0763 0.1845
vn 0.9856 -0.0368 -0.1649
vn 0.9391 -0.0074 0.3436
vn 0.9843 -0.0491 0.1695
vn 0.9756 -0.0276 -0.2176
vn 0.9989 -0.0410 0.0227
vn 0.9567 -0.0530 0.2863
vn 0.9993 -0.0337 -0.0160
vn 0.9643 -0.0438 0.2611
vn 0.9380 -0.0327 -0.3452
vn 0.9916 -0.0346 -0.1250
vn 0.9916 -0.0352 0.1245
vn 0.9411 -0.0436 0.3353
vn 0.9471 -0.0346 -0.3191
vn 0.9565 -0.0444 -0.2885
vn 0.9838 -0.0439 -0.1736
vn 0.9994 -0.0316 -0.0130
vn 0.9696 -0.0247 -0.2433
vn 0.9652 -0.0271 0.2599
vn 0.9391 -0.0249 0.3427
vn 0.9970 -0.0409 0.0655
vn 0.9420 -0.0475 0.3322
vn 0.9228 -0.0555 0.3813
vn 0.9763 -0.0776 -0.2020
vn 0.9820 0.0366 -0.1853
vn 0.9884 -0.0400 -0.1463
vn 0.9908 -0.0795 0.1096
vn 0.9824 -0.0459 0.1810
vn 0.9726 -0.0755 -0.2197
vn 0.9780 -0.0640 0.1987
vn 0.9556 -0.0608 -0.2883
vn 0.9543 -0.0638 0.2920
vn 0.9259 -0.0522 0.3741
vn 0.9409 -0.0691 -0.3316
vn 0.9796 -0.0727 0.1875
vn 0.9184 -0.0738 -0.3886
vn 0.9081 -0.0672 0.4133
vn 0.9491 -0.0768 0.3055
vn 0.9126 -0.0740 0.4020
vn 0.9422 -0.0683 0.3281
vn 0.8810 -0.0675 0.4682
vn 0.9091 -0.0678 -0.4111
vn 0.9162 -0.0582 0.3964
vn 0.8665 -0.0377 -0.4978
vn 0.8634 -0.0491 0.5021
vn 0.9381 -0.0581 -0.3416
vn 0.9132 -0.0584 0.4034
vn 0.8654 -0.0304 -0.5001
vn 0.8913 -0.0240 0.4528
vn 0.8650 0.0102 -0.5017
vn 0.8254 0.0563 0.5617
vn 0.8983 0.1305 0.4196
vn 0.9489 0.1517 -0.2768
vn 0.9099 0.2508 0.3305
vn 0.8587 0.1831 0.4786
vn 0.8507 0.2821 -0.4436
vn 0.8857 0.3344 0.3222
vn 0.8717 0.3718 -0.3191
vn 0.9132 0.3540 -0.2019
vn 0.9077 0.3661 0.2051
vn 0.8448 0.5083 -0.1669
vn 0.9262 0.3747 -0.0430
vn 0.9064 0.4162 0.0724
vn 0.8578 0.5138 0.0110
vn 0.8719 0.4704 0.1360
vn 0.9983 -0.0579 -0.0100
vn 0.9865 -0.1613 0.0262
vn 0.9985 -0.0033 0.0554
vn 0.9990 0.0254 -0.0360
vn 0.9950 -0.0167 0.0989
vn 0.9999 -0.0034 0.0169
vn 0.9978 0.0302 0.0583
vn 0.9975 0.0004 0.0700
vn 0.9941 -0.0173 0.1072
vn 0.9995 -0.0065 0.0301
vn 0.9970 -0.0045 0.0776
vn 0.9992 -0.0042 -0.0393
vn 0.9981 0.0435 -0.0430
vn 0.9989 0.0362 0.0288
vn 0.9975 0.0059 0.0703
vn 0.9999 0.0105 0.0026
vn 0.9991 -0.0383 -0.0166
vn 0.9962 -0.0564 0.0669
vn 0.9969 -0.0579 -0.0533
vn 0.9903 -0.0434 0.1322
vn 0.9884 -0.0243 -0.1498
vn 0.9958 -0.0704 -0.0594
vn 0.9938 -0.0796 0.0779
vn 0.9808 -0.0691 0.1822
vn 0.9688 -0.0624 -0.2400
vn 0.9866 -0.0804 -0.1417
vn 0.9960 -0.0828 0.0344
vn 0.9849 -0.0711 -0.1580
vn 0.9827 -0.0651 0.1734
vn 0.9528 -0.0837 -0.2917
vn 0.9940 -0.0784 -0.0768
vn 0.9594 -0.0754 0.2717
vn 0.9687 -0.0880 -0.2320
vn 0.9574 -0.0743 0.2789
vn 0.9970 -0.0681 -0.0360
vn 0.9962 -0.0795 0.0359
vn 0.9702 -0.0356 0.2398
vn 0.9271 0.0583 -0.3704
vn 0.9436 -0.0526 0.3269
vn 0.9861 -0.0193 -0.1653
vn 0.9928 -0.0344 0.1151
vn 0.9560 -0.0011 0.2932
vn 0.9802 0.0801 -0.1812
vn 0.8967 -0.0006 0.4427
vn 0.9946 -0.0076 -0.1038
vn 0.9787 0.0545 0.1980
vn 0.9936 0.0193 0.1110
vn 0.9787 0.1984 -0.0521
vn 0.9436 0.1259 0.3063
vn 0.9416 0.3360 -0.0225
vn 0.9588 0.2374 0.1561
vn 0.9329 0.2716 -0.2363
vn 0.9997 -0.0101 0.0213
vn 0.9902 0.1389 0.0104
vn 0.9979 -0.0186 0.0620
f 1//1 4//4 5//5
f 9//9 3//3 1//1
f 11//11 3//3 9//9
f 9//9 1//1 7//7
f 36//36 6//6 3//3
f 1//1 5//5 7//7
f 8//8 36//36 3//3
f 10//10 8//8 3//3
f 11//11 9//9 40//40
f 3//3 11//11 10//10
f 15//15 13//13 56//56
f 14//14 13//13 17//17
f 17//17 13//13 15//15
f 20//20 15//15 16//16
f 19//19 17//17 15//15
f 20//20 19//19 15//15
f 23//23 17//17 19//19
f 25//25 23//23 19//19
f 20//20 18//18 21//21
f 27//27 23//23 28//28
f 25//25 19//19 26//26
f 26//26 19//19 20//20
f 28//28 23//23 24//24
f 24//24 25//25 1//1
f 24//24 23//23 25//25
f 1//1 25//25 4//4
f 29//29 20//20 21//21
f 26//26 20//20 29//29
f 28//28 24//24 1//1
f 25//25 2//2 4//4
f 25//25 26//26 31//31
f 31//31 26//26 29//29
f 27//27 30//30 22//22
f 27//27 28//28 1//1
f 25//25 31//31 2//2
f 73//73 75//75 29//29
f 3//3 27//27 1//1
f 31//31 4//4 2//2
f 29//29 75//75 31//31
f 30//30 27//27 3//3
f 31//31 5//5 4//4
f 31//31 75//75 33//33
f 32//32 6//6 30//30
f 6//6 32//32 3//3
f 3//3 32//32 30//30
f 5//5 31//31 33//33
f 36//36 34//34 6//6
f 7//7 5//5 80//80
f 7//7 40//40 9//9
f 7//7 80//80 40//40
f 36//36 37//37 35//35
f 37//37 36//36 39//39
f 10//10 36//36 8//8
f 10//10 39//39 36//36
f 12//12 10//10 11//11
f 38//38 12//12 11//11
f 38//38 11//11 40//40
f 39//39 10//10 41//41
f 12//12 38//38 10//10
f 41//41 10//10 38//38
f 43//43 42//42 44//44
f 44//44 42//42 48//48
f 48//48 46//46 44//44
f 54//54 48//48 47//47
f 47//47 45//45 49//49
f 59//59 46//46 48//48
f 59//59 48//48 54//54
f 50//50 46//46 53//53
f 53//53 46//46 51//51
f 54//54 47//47 49//49
f 59//59 51//51 46//46
f 54//54 49//49 123//123
f 56//56 51//51 59//59
f 53//53 51//51 56//56
f 54//54 123//123 57//57
f 55//55 52//52 53//53
f 55//55 53//53 13//13
f 13//13 53//53 56//56
f 57//57 59//59 54//54
f 58//58 56//56 59//59
f 13//13 52//52 55//55
f 61//61 52//52 13//13
f 62//62 59//59 57//57
f 58//58 59//59 62//62
f 62//62 15//15 58//58
f 58//58 15//15 56//56
f 64//64 57//57 60//60
f 62//62 57//57 64//64
f 63//63 61//61 13//13
f 63//63 13//13 14//14
f 15//15 62//62 16//16
f 17//17 66//66 61//61
f 14//14 61//61 63//63
f 17//17 61//61 14//14
f 18//18 16//16 62//62
f 65//65 66//66 17//17
f 18//18 20//20 16//16
f 23//23 65//65 17//17
f 67//67 18//18 62//62
f 70//70 18//18 67//67
f 68//68 66//66 65//65
f 69//69 66//66 68//68
f 27//27 68//68 23//23
f 23//23 68//68 65//65
f 69//69 68//68 27//27
f 70//70 21//21 18//18
f 198//198 70//70 67//67
f 22//22 71//71 27//27
f 27//27 71//71 69//69
f 70//70 29//29 21//21
f 30//30 71//71 22//22
f 70//70 73//73 29//29
f 73//73 70//70 72//72
f 135//135 71//71 30//30
f 6//6 74//74 30//30
f 30//30 74//74 135//135
f 6//6 76//76 74//74
f 34//34 76//76 6//6
f 75//75 73//73 141//141
f 77//77 76//76 34//34
f 141//141 33//33 75//75
f 36//36 77//77 34//34
f 78//78 5//5 141//141
f 141//141 5//5 33//33
f 35//35 77//77 36//36
f 78//78 80//80 5//5
f 37//37 77//77 35//35
f 77//77 81//81 79//79
f 37//37 81//81 77//77
f 83//83 81//81 37//37
f 40//40 82//82 84//84
f 82//82 40//40 80//80
f 39//39 83//83 37//37
f 84//84 144//144 40//40
f 85//85 83//83 39//39
f 41//41 85//85 39//39
f 38//38 144//144 146//146
f 40//40 144//144 38//38
f 86//86 41//41 38//38
f 87//87 38//38 146//146
f 91//91 89//89 92//92
f 92//92 89//89 162//162
f 95//95 96//96 93//93
f 94//94 96//96 97//97
f 99//99 96//96 95//95
f 99//99 95//95 98//98
f 97//97 96//96 99//99
f 180//180 97//97 102//102
f 102//102 97//97 99//99
f 98//98 181//181 103//103
f 103//103 99//99 98//98
f 100//100 102//102 99//99
f 100//100 99//99 103//103
f 103//103 181//181 184//184
f 103//103 184//184 104//104
f 105//105 180//180 101//101
f 101//101 180//180 102//102
f 110//110 102//102 100//100
f 110//110 100//100 103//103
f 110//110 103//103 104//104
f 110//110 104//104 184//184
f 105//105 101//101 107//107
f 106//106 101//101 102//102
f 106//106 102//102 109//109
f 109//109 102//102 110//110
f 101//101 106//106 109//109
f 101//101 109//109 43//43
f 43//43 109//109 42//42
f 42//42 109//109 108//108
f 108//108 109//109 110//110
f 256//256 110//110 111//111
f 107//107 101//101 43//43
f 42//42 108//108 48//48
f 108//108 110//110 48//48
f 112//112 114//114 107//107
f 44//44 107//107 43//43
f 116//116 48//48 110//110
f 116//116 110//110 256//256
f 46//46 112//112 44//44
f 44//44 112//112 107//107
f 47//47 48//48 45//45
f 48//48 116//116 45//45
f 114//114 112//112 46//46
f 49//49 45//45 116//116
f 50//50 113//113 46//46
f 46//46 113//113 114//114
f 119//119 49//49 116//116
f 116//116 115//115 119//119
f 117//117 113//113 118//118
f 53//53 118//118 50//50
f 50//50 118//118 113//113
f 53//53 121//121 118//118
f 119//119 123//123 49//49
f 123//123 119//119 120//120
f 52//52 122//122 53//53
f 53//53 122//122 121//121
f 52//52 124//124 122//122
f 125//125 57//57 123//123
f 126//126 124//124 52//52
f 61//61 126//126 52//52
f 125//125 60//60 57//57
f 125//125 127//127 60//60
f 127//127 64//64 60//60
f 66//66 128//128 61//61
f 61//61 128//128 126//126
f 66//66 129//129 128//128
f 64//64 127//127 131//131
f 66//66 130//130 129//129
f 62//62 64//64 131//131
f 66//66 132//132 130//130
f 131//131 196//196 62//62
f 198//198 67//67 62//62
f 62//62 196//196 198//198
f 69//69 197//197 66//66
f 66//66 197//197 132//132
f 267//267 197//197 134//134
f 71//71 134//134 69//69
f 69//69 134//134 197//197
f 72//72 198//198 133//133
f 71//71 270//270 134//134
f 72//72 70//70 198//198
f 71//71 135//135 270//270
f 136//136 73//73 200//200
f 200//200 73//73 72//72
f 137//137 73//73 136//136
f 138//138 74//74 139//139
f 139//139 74//74 76//76
f 202//202 141//141 73//73
f 77//77 139//139 76//76
f 77//77 140//140 139//139
f 79//79 203//203 77//77
f 77//77 203//203 140//140
f 78//78 141//141 142//142
f 78//78 142//142 80//80
f 81//81 143//143 79//79
f 142//142 82//82 80//80
f 82//82 142//142 350//350
f 83//83 143//143 81//81
f 207//207 82//82 350//350
f 145//145 143//143 83//83
f 84//84 82//82 207//207
f 145//145 83//83 85//85
f 41//41 86//86 85//85
f 38//38 87//87 86//86
f 360//360 86//86 87//87
f 147//147 152//152 149//149
f 152//152 147//147 153//153
f 153//153 147//147 150//150
f 149//149 154//154 148//148
f 155//155 153//153 150//150
f 151//151 154//154 149//149
f 151//151 149//149 90//90
f 90//90 149//149 152//152
f 155//155 150//150 241//241
f 154//154 151//151 90//90
f 90//90 152//152 88//88
f 88//88 152//152 153//153
f 89//89 156//156 90//90
f 90//90 156//156 154//154
f 153//153 90//90 88//88
f 159//159 156//156 157//157
f 89//89 157//157 156//156
f 153//153 155//155 158//158
f 91//91 159//159 89//89
f 89//89 159//159 157//157
f 90//90 162//162 89//89
f 90//90 153//153 162//162
f 153//153 158//158 160//160
f 161//161 162//162 153//153
f 153//153 160//160 161//161
f 165//165 164//164 159//159
f 91//91 165//165 159//159
f 92//92 165//165 91//91
f 169//169 162//162 163//163
f 162//162 161//161 247//247
f 162//162 247//247 163//163
f 172//172 165//165 92//92
f 162//162 172//172 92//92
f 172//172 162//162 169//169
f 248//248 245//245 164//164
f 163//163 247//247 169//169
f 166//166 164//164 165//165
f 167//167 164//164 166//166
f 169//169 247//247 249//249
f 166//166 172//172 94//94
f 166//166 165//165 172//172
f 94//94 172//172 96//96
f 172//172 93//93 96//96
f 167//167 166//166 94//94
f 93//93 172//172 168//168
f 252//252 167//167 170//170
f 94//94 170//170 167//167
f 172//172 169//169 173//173
f 171//171 95//95 168//168
f 168//168 95//95 93//93
f 171//171 168//168 172//172
f 94//94 252//252 170//170
f 174//174 172//172 173//173
f 171//171 172//172 174//174
f 175//175 252//252 94//94
f 97//97 175//175 94//94
f 171//171 98//98 95//95
f 98//98 171//171 174//174
f 176//176 98//98 174//174
f 180//180 175//175 97//97
f 176//176 181//181 98//98
f 181//181 176//176 178//178
f 177//177 175//175 179//179
f 179//179 175//175 180//180
f 178//178 253//253 181//181
f 105//105 179//179 180//180
f 181//181 253//253 183//183
f 182//182 179//179 105//105
f 183//183 184//184 181//181
f 111//111 110//110 184//184
f 107//107 182//182 105//105
f 185//185 182//182 107//107
f 186//186 185//185 107//107
f 114//114 186//186 107//107
f 111//111 184//184 256//256
f 185//185 186//186 114//114
f 114//114 255//255 185//185
f 187//187 116//116 256//256
f 256//256 258//258 187//187
f 114//114 188//188 255//255
f 113//113 189//189 114//114
f 114//114 189//189 188//188
f 187//187 115//115 116//116
f 187//187 258//258 115//115
f 113//113 117//117 189//189
f 118//118 192//192 117//117
f 117//117 192//192 189//189
f 190//190 119//119 191//191
f 121//121 192//192 118//118
f 190//190 120//120 119//119
f 191//191 123//123 190//190
f 190//190 123//123 120//120
f 127//127 123//123 191//191
f 127//127 125//125 123//123
f 193//193 127//127 264//264
f 128//128 124//124 126//126
f 128//128 129//129 124//124
f 193//193 131//131 127//127
f 194//194 196//196 131//131
f 197//197 195//195 132//132
f 196//196 194//194 198//198
f 200//200 72//72 133//133
f 74//74 270//270 135//135
f 138//138 270//270 74//74
f 139//139 270//270 138//138
f 201//201 137//137 200//200
f 200//200 137//137 136//136
f 201//201 73//73 137//137
f 139//139 140//140 346//346
f 201//201 202//202 73//73
f 140//140 203//203 346//346
f 204//204 142//142 141//141
f 203//203 205//205 206//206
f 143//143 205//205 79//79
f 79//79 205//205 203//203
f 208//208 206//206 143//143
f 206//206 205//205 143//143
f 350//350 142//142 204//204
f 145//145 208//208 143//143
f 350//350 273//273 207//207
f 209//209 208//208 145//145
f 85//85 209//209 145//145
f 84//84 207//207 144//144
f 207//207 356//356 144//144
f 210//210 209//209 85//85
f 85//85 358//358 210//210
f 85//85 86//86 358//358
f 356//356 146//146 144//144
f 356//356 207//207 274//274
f 211//211 87//87 146//146
f 214//214 212//212 213//213
f 217//217 212//212 214//214
f 302//302 217//217 215//215
f 217//217 214//214 216//216
f 219//219 217//217 216//216
f 219//219 215//215 217//217
f 220//220 218//218 223//223
f 219//219 218//218 215//215
f 225//225 223//223 218//218
f 225//225 218//218 219//219
f 225//225 219//219 221//221
f 224//224 220//220 223//223
f 225//225 221//221 222//222
f 222//222 309//309 225//225
f 224//224 223//223 227//227
f 223//223 225//225 309//309
f 227//227 223//223 309//309
f 230//230 224//224 227//227
f 226//226 224//224 232//232
f 232//232 224//224 230//230
f 229//229 227//227 309//309
f 231//231 230//230 227//227
f 229//229 309//309 228//228
f 232//232 231//231 147//147
f 232//232 230//230 231//231
f 231//231 227//227 229//229
f 233//233 229//229 228//228
f 236//236 232//232 147//147
f 147//147 231//231 150//150
f 231//231 238//238 150//150
f 238//238 231//231 229//229
f 317//317 229//229 233//233
f 238//238 229//229 317//317
f 149//149 235//235 147//147
f 147//147 235//235 236//236
f 234//234 236//236 239//239
f 236//236 235//235 149//149
f 239//239 236//236 149//149
f 148//148 239//239 149//149
f 238//238 241//241 150//150
f 238//238 237//237 241//241
f 156//156 239//239 154//154
f 154//154 239//239 148//148
f 319//319 241//241 237//237
f 158//158 155//155 241//241
f 240//240 156//156 242//242
f 159//159 242//242 156//156
f 164//164 242//242 159//159
f 164//164 243//243 242//242
f 158//158 161//161 160//160
f 246//246 161//161 158//158
f 246//246 158//158 244//244
f 246//246 247//247 161//161
f 164//164 245//245 243//243
f 246//246 244//244 247//247
f 167//167 248//248 164//164
f 167//167 324//324 248//248
f 173//173 169//169 249//249
f 251//251 249//249 250//250
f 173//173 249//249 251//251
f 252//252 324//324 167//167
f 174//174 173//173 251//251
f 175//175 326//326 252//252
f 176//176 174//174 327//327
f 177//177 326//326 175//175
f 178//178 176//176 327//327
f 329//329 326//326 177//177
f 179//179 254//254 177//177
f 253//253 331//331 183//183
f 179//179 185//185 254//254
f 182//182 185//185 179//179
f 334//334 184//184 183//183
f 334//334 256//256 184//184
f 334//334 257//257 256//256
f 257//257 258//258 256//256
f 189//189 259//259 188//188
f 337//337 115//115 258//258
f 259//259 189//189 260//260
f 337//337 119//119 115//115
f 119//119 337//337 261//261
f 192//192 260//260 189//189
f 261//261 191//191 119//119
f 121//121 263//263 192//192
f 262//262 127//127 191//191
f 122//122 263//263 121//121
f 264//264 127//127 262//262
f 124//124 263//263 122//122
f 130//130 263//263 124//124
f 129//129 130//130 124//124
f 266//266 193//193 264//264
f 264//264 431//431 266//266
f 266//266 131//131 193//193
f 433//433 130//130 132//132
f 265//265 433//433 132//132
f 195//195 265//265 132//132
f 266//266 194//194 131//131
f 197//197 267//267 195//195
f 266//266 198//198 194//194
f 134//134 342//342 267//267
f 266//266 133//133 198//198
f 266//266 199//199 133//133
f 199//199 200//200 133//133
f 270//270 268//268 134//134
f 269//269 200//200 199//199
f 270//270 345//345 268//268
f 201//201 200//200 269//269
f 345//345 270//270 139//139
f 345//345 139//139 346//346
f 271//271 202//202 201//201
f 347//347 141//141 271//271
f 271//271 141//141 202//202
f 521//521 348//348 203//203
f 272//272 204//204 141//141
f 141//141 347//347 272//272
f 206//206 521//521 203//203
f 350//350 204//204 272//272
f 350//350 352//352 273//273
f 353//353 206//206 208//208
f 209//209 353//353 208//208
f 273//273 275//275 207//207
f 276//276 353//353 209//209
f 275//275 274//274 207//207
f 210//210 357//357 209//209
f 209//209 357//357 276//276
f 355//355 146//146 356//356
f 210//210 358//358 357//357
f 87//87 211//211 360//360
f 279//279 278//278 282//282
f 277//277 280//280 278//278
f 278//278 280//280 281//281
f 285//285 278//278 281//281
f 282//282 278//278 284//284
f 284//284 278//278 285//285
f 282//282 284//284 283//283
f 286//286 285//285 281//281
f 283//283 284//284 288//288
f 287//287 284//284 285//285
f 287//287 285//285 286//286
f 288//288 284//284 287//287
f 286//286 289//289 287//287
f 293//293 288//288 287//287
f 293//293 287//287 291//291
f 291//291 287//287 289//289
f 290//290 293//293 291//291
f 294//294 293//293 290//290
f 296//296 290//290 291//291
f 296//296 291//291 297//297
f 295//295 292//292 293//293
f 295//295 293//293 298//298
f 298//298 293//293 294//294
f 294//294 290//290 296//296
f 212//212 298//298 294//294
f 212//212 294//294 296//296
f 296//296 213//213 212//212
f 217//217 298//298 212//212
f 296//296 214//214 213//213
f 299//299 296//296 297//297
f 300//300 298//298 302//302
f 302//302 298//298 217//217
f 296//296 216//216 214//214
f 296//296 299//299 394//394
f 301//301 300//300 303//303
f 303//303 300//300 302//302
f 216//216 296//296 219//219
f 304//304 296//296 394//394
f 218//218 303//303 215//215
f 215//215 303//303 302//302
f 219//219 296//296 304//304
f 306//306 219//219 304//304
f 306//306 221//221 219//219
f 305//305 303//303 307//307
f 220//220 307//307 218//218
f 218//218 307//307 303//303
f 310//310 221//221 306//306
f 310//310 222//222 221//221
f 306//306 304//304 310//310
f 311//311 307//307 308//308
f 220//220 308//308 307//307
f 309//309 222//222 310//310
f 224//224 308//308 220//220
f 224//224 311//311 308//308
f 224//224 226//226 311//311
f 309//309 310//310 312//312
f 309//309 312//312 401//401
f 313//313 311//311 226//226
f 401//401 228//228 309//309
f 232//232 316//316 226//226
f 228//228 401//401 404//404
f 236//236 314//314 232//232
f 232//232 314//314 316//316
f 317//317 233//233 228//228
f 228//228 404//404 317//317
f 234//234 316//316 236//236
f 236//236 316//316 314//314
f 234//234 315//315 316//316
f 317//317 237//237 238//238
f 317//317 318//318 237//237
f 156//156 234//234 239//239
f 240//240 320//320 156//156
f 156//156 320//320 234//234
f 318//318 319//319 237//237
f 407//407 241//241 319//319
f 240//240 242//242 320//320
f 407//407 408//408 241//241
f 243//243 487//487 242//242
f 409//409 158//158 241//241
f 241//241 408//408 409//409
f 321//321 487//487 243//243
f 243//243 245//245 321//321
f 248//248 410//410 245//245
f 411//411 247//247 244//244
f 248//248 322//322 410//410
f 411//411 249//249 247//247
f 324//324 323//323 248//248
f 249//249 564//564 250//250
f 252//252 326//326 324//324
f 324//324 326//326 325//325
f 414//414 174//174 251//251
f 414//414 327//327 174//174
f 329//329 415//415 326//326
f 328//328 178//178 327//327
f 328//328 253//253 178//178
f 328//328 417//417 253//253
f 254//254 329//329 177//177
f 330//330 329//329 185//185
f 254//254 185//185 329//329
f 253//253 419//419 331//331
f 330//330 185//185 332//332
f 419//419 183//183 331//331
f 255//255 332//332 185//185
f 255//255 333//333 332//332
f 420//420 334//334 183//183
f 183//183 498//498 420//420
f 255//255 335//335 333//333
f 255//255 336//336 335//335
f 188//188 336//336 255//255
f 259//259 336//336 188//188
f 337//337 258//258 257//257
f 261//261 337//337 339//339
f 192//192 338//338 260//260
f 263//263 338//338 192//192
f 339//339 191//191 261//261
f 339//339 262//262 191//191
f 263//263 340//340 338//338
f 430//430 264//264 339//339
f 339//339 264//264 262//262
f 339//339 429//429 430//430
f 263//263 341//341 340//340
f 430//430 431//431 264//264
f 130//130 341//341 263//263
f 130//130 433//433 341//341
f 434//434 266//266 431//431
f 265//265 195//195 433//433
f 434//434 437//437 266//266
f 266//266 437//437 199//199
f 342//342 195//195 267//267
f 134//134 268//268 342//342
f 343//343 199//199 437//437
f 343//343 269//269 199//199
f 201//201 269//269 343//343
f 268//268 345//345 438//438
f 344//344 201//201 439//439
f 440//440 201//201 344//344
f 201//201 440//440 347//347
f 347//347 271//271 201//201
f 203//203 348//348 346//346
f 348//348 521//521 349//349
f 272//272 347//347 699//699
f 206//206 444//444 521//521
f 272//272 351//351 350//350
f 352//352 350//350 351//351
f 445//445 275//275 273//273
f 352//352 445//445 273//273
f 357//357 353//353 276//276
f 445//445 356//356 274//274
f 445//445 274//274 275//275
f 354//354 353//353 357//357
f 86//86 360//360 358//358
f 358//358 360//360 359//359
f 211//211 451//451 360//360
f 211//211 146//146 355//355
f 451//451 211//211 355//355
f 364//364 362//362 361//361
f 363//363 361//361 457//457
f 365//365 362//362 364//364
f 364//364 361//361 363//363
f 365//365 364//364 366//366
f 366//366 364//364 363//363
f 368//368 375//375 365//365
f 369//369 365//365 366//366
f 369//369 366//366 363//363
f 363//363 367//367 371//371
f 278//278 368//368 277//277
f 277//277 368//368 365//365
f 365//365 372//372 277//277
f 365//365 369//369 372//372
f 372//372 369//369 363//363
f 278//278 375//375 368//368
f 371//371 372//372 363//363
f 370//370 375//375 374//374
f 279//279 375//375 278//278
f 376//376 277//277 372//372
f 372//372 371//371 373//373
f 378//378 372//372 373//373
f 282//282 374//374 375//375
f 279//279 282//282 375//375
f 376//376 280//280 277//277
f 376//376 372//372 378//378
f 379//379 374//374 377//377
f 377//377 374//374 282//282
f 376//376 281//281 280//280
f 282//282 283//283 377//377
f 383//383 281//281 376//376
f 383//383 376//376 378//378
f 283//283 379//379 377//377
f 383//383 286//286 281//281
f 378//378 380//380 383//383
f 382//382 379//379 381//381
f 288//288 381//381 283//283
f 283//283 381//381 379//379
f 382//382 381//381 288//288
f 385//385 382//382 384//384
f 288//288 384//384 382//382
f 383//383 289//289 286//286
f 288//288 385//385 384//384
f 388//388 289//289 383//383
f 383//383 380//380 386//386
f 468//468 385//385 288//288
f 383//383 386//386 388//388
f 293//293 468//468 288//288
f 387//387 291//291 388//388
f 388//388 291//291 289//289
f 292//292 389//389 293//293
f 293//293 389//389 468//468
f 471//471 297//297 387//387
f 387//387 297//297 291//291
f 292//292 391//391 389//389
f 390//390 297//297 471//471
f 390//390 392//392 297//297
f 292//292 295//295 391//391
f 298//298 391//391 295//295
f 393//393 391//391 298//298
f 394//394 297//297 392//392
f 300//300 393//393 298//298
f 394//394 299//299 297//297
f 394//394 392//392 395//395
f 300//300 301//301 393//393
f 395//395 475//475 394//394
f 305//305 301//301 303//303
f 475//475 304//304 394//394
f 477//477 304//304 475//475
f 307//307 396//396 305//305
f 397//397 396//396 307//307
f 477//477 310//310 304//304
f 398//398 310//310 477//477
f 311//311 399//399 307//307
f 312//312 310//310 398//398
f 313//313 399//399 311//311
f 226//226 399//399 313//313
f 400//400 401//401 312//312
f 226//226 402//402 399//399
f 316//316 402//402 226//226
f 316//316 403//403 402//402
f 315//315 405//405 316//316
f 316//316 405//405 403//403
f 404//404 483//483 317//317
f 406//406 315//315 234//234
f 234//234 486//486 406//406
f 320//320 486//486 234//234
f 242//242 486//486 320//320
f 408//408 407//407 409//409
f 621//621 158//158 409//409
f 621//621 244//244 158//158
f 245//245 410//410 321//321
f 564//564 249//249 411//411
f 323//323 412//412 248//248
f 564//564 413//413 250//250
f 323//323 324//324 412//412
f 325//325 490//490 324//324
f 413//413 251//251 250//250
f 413//413 414//414 251//251
f 326//326 415//415 325//325
f 417//417 327//327 414//414
f 329//329 416//416 415//415
f 417//417 328//328 327//327
f 496//496 416//416 329//329
f 330//330 496//496 329//329
f 418//418 253//253 417//417
f 497//497 253//253 418//418
f 497//497 419//419 253//253
f 332//332 496//496 330//330
f 498//498 183//183 419//419
f 421//421 332//332 333//333
f 498//498 422//422 420//420
f 422//422 334//334 420//420
f 335//335 421//421 333//333
f 336//336 424//424 335//335
f 335//335 424//424 421//421
f 423//423 257//257 334//334
f 257//257 423//423 426//426
f 426//426 337//337 257//257
f 426//426 571//571 504//504
f 259//259 425//425 336//336
f 260//260 425//425 259//259
f 427//427 425//425 260//260
f 426//426 339//339 337//337
f 504//504 339//339 426//426
f 338//338 427//427 260//260
f 428//428 339//339 506//506
f 428//428 429//429 339//339
f 340//340 507//507 338//338
f 341//341 507//507 340//340
f 341//341 432//432 507//507
f 430//430 429//429 633//633
f 430//430 633//633 431//431
f 432//432 341//341 433//433
f 432//432 433//433 436//436
f 431//431 633//633 437//437
f 431//431 437//437 434//434
f 436//436 433//433 513//513
f 342//342 513//513 195//195
f 195//195 513//513 433//433
f 268//268 513//513 342//342
f 514//514 343//343 437//437
f 268//268 438//438 513//513
f 201//201 514//514 439//439
f 201//201 343//343 514//514
f 441//441 438//438 345//345
f 439//439 440//440 344//344
f 439//439 517//517 579//579
f 439//439 579//579 440//440
f 346//346 441//441 345//345
f 346//346 442//442 441//441
f 579//579 347//347 440//440
f 518//518 347//347 579//579
f 348//348 442//442 346//346
f 519//519 347//347 518//518
f 519//519 699//699 347//347
f 521//521 582//582 349//349
f 272//272 699//699 584//584
f 272//272 584//584 443//443
f 443//443 351//351 272//272
f 351//351 443//443 352//352
f 206//206 587//587 444//444
f 524//524 352//352 443//443
f 587//587 206//206 447//447
f 446//446 445//445 352//352
f 524//524 446//446 352//352
f 447//447 206//206 353//353
f 354//354 447//447 353//353
f 357//357 447//447 354//354
f 356//356 445//445 446//446
f 355//355 356//356 446//446
f 357//357 448//448 447//447
f 450//450 357//357 358//358
f 359//359 450//450 358//358
f 450//450 359//359 360//360
f 647//647 450//450 360//360
f 647//647 360//360 451//451
f 528//528 451//451 449//449
f 455//455 452//452 362//362
f 362//362 452//452 453//453
f 362//362 453//453 361//361
f 361//361 453//453 454//454
f 456//456 455//455 362//362
f 361//361 454//454 457//457
f 365//365 456//456 362//362
f 654//654 363//363 457//457
f 365//365 458//458 456//456
f 654//654 460//460 363//363
f 363//363 460//460 461//461
f 375//375 459//459 458//458
f 365//365 375//375 458//458
f 461//461 367//367 363//363
f 461//461 371//371 367//367
f 370//370 459//459 375//375
f 461//461 460//460 462//462
f 373//373 371//371 461//461
f 373//373 461//461 462//462
f 374//374 463//463 370//370
f 464//464 373//373 462//462
f 379//379 463//463 374//374
f 373//373 464//464 538//538
f 373//373 538//538 380//380
f 379//379 537//537 463//463
f 380//380 378//378 373//373
f 382//382 465//465 379//379
f 379//379 465//465 537//537
f 466//466 465//465 382//382
f 385//385 466//466 382//382
f 386//386 380//380 541//541
f 541//541 542//542 386//386
f 386//386 542//542 467//467
f 468//468 466//466 385//385
f 467//467 388//388 386//386
f 469//469 466//466 468//468
f 467//467 387//387 388//388
f 391//391 468//468 389//389
f 467//467 471//471 387//387
f 467//467 542//542 471//471
f 469//469 468//468 470//470
f 391//391 470//470 468//468
f 472//472 392//392 390//390
f 470//470 391//391 393//393
f 545//545 392//392 472//472
f 470//470 473//473 474//474
f 393//393 473//473 470//470
f 392//392 545//545 395//395
f 395//395 546//546 608//608
f 393//393 474//474 473//473
f 301//301 474//474 393//393
f 608//608 475//475 395//395
f 305//305 474//474 301//301
f 305//305 476//476 474//474
f 396//396 476//476 305//305
f 477//477 475//475 548//548
f 397//397 476//476 396//396
f 477//477 548//548 551//551
f 477//477 551//551 398//398
f 478//478 397//397 307//307
f 398//398 551//551 553//553
f 399//399 478//478 307//307
f 553//553 312//312 398//398
f 400//400 312//312 553//553
f 399//399 479//479 478//478
f 402//402 479//479 399//399
f 482//482 401//401 400//400
f 482//482 400//400 481//481
f 482//482 404//404 401//401
f 403//403 479//479 402//402
f 482//482 557//557 404//404
f 405//405 479//479 403//403
f 557//557 483//483 404//404
f 405//405 315//315 484//484
f 559//559 317//317 483//483
f 315//315 406//406 484//484
f 318//318 317//317 559//559
f 319//319 318//318 559//559
f 485//485 560//560 406//406
f 319//319 559//559 561//561
f 485//485 406//406 486//486
f 407//407 319//319 561//561
f 407//407 562//562 563//563
f 242//242 487//487 486//486
f 621//621 409//409 407//407
f 321//321 620//620 487//487
f 411//411 244//244 621//621
f 621//621 735//735 411//411
f 410//410 488//488 321//321
f 410//410 322//322 489//489
f 622//622 564//564 411//411
f 248//248 489//489 322//322
f 412//412 489//489 248//248
f 324//324 490//490 412//412
f 325//325 492//492 490//490
f 414//414 413//413 491//491
f 415//415 492//492 325//325
f 493//493 414//414 491//491
f 493//493 417//417 414//414
f 416//416 492//492 415//415
f 493//493 494//494 417//417
f 496//496 492//492 416//416
f 494//494 418//418 417//417
f 494//494 493//493 568//568
f 495//495 492//492 496//496
f 494//494 497//497 418//418
f 494//494 568//568 497//497
f 501//501 497//497 568//568
f 498//498 497//497 501//501
f 496//496 499//499 500//500
f 332//332 499//499 496//496
f 498//498 419//419 497//497
f 421//421 499//499 332//332
f 503//503 499//499 421//421
f 502//502 422//422 498//498
f 498//498 501//501 571//571
f 498//498 571//571 502//502
f 424//424 503//503 421//421
f 502//502 334//334 422//422
f 502//502 423//423 334//334
f 424//424 505//505 503//503
f 502//502 426//426 423//423
f 571//571 426//426 502//502
f 336//336 505//505 424//424
f 425//425 505//505 336//336
f 425//425 427//427 505//505
f 339//339 504//504 506//506
f 506//506 573//573 574//574
f 506//506 429//429 428//428
f 506//506 574//574 429//429
f 338//338 507//507 427//427
f 508//508 507//507 509//509
f 509//509 507//507 510//510
f 510//510 507//507 432//432
f 512//512 510//510 432//432
f 436//436 512//512 432//432
f 435//435 437//437 633//633
f 437//437 511//511 514//514
f 513//513 512//512 436//436
f 438//438 515//515 513//513
f 438//438 516//516 515//515
f 517//517 439//439 514//514
f 438//438 578//578 516//516
f 441//441 578//578 438//438
f 349//349 520//520 348//348
f 522//522 582//582 521//521
f 584//584 523//523 443//443
f 521//521 701//701 522//522
f 521//521 444//444 701//701
f 523//523 524//524 443//443
f 448//448 587//587 447//447
f 449//449 355//355 589//589
f 355//355 446//446 589//589
f 357//357 525//525 448//448
f 525//525 357//357 450//450
f 527//527 451//451 355//355
f 527//527 355//355 449//449
f 450//450 526//526 525//525
f 646//646 591//591 450//450
f 647//647 646//646 450//450
f 451//451 648//648 647//647
f 451//451 528//528 645//645
f 449//449 451//451 527//527
f 648//648 451//451 645//645
f 453//453 452//452 529//529
f 453//453 529//529 454//454
f 454//454 529//529 530//530
f 530//530 531//531 454//454
f 595//595 457//457 454//454
f 531//531 595//595 454//454
f 456//456 533//533 455//455
f 455//455 533//533 532//532
f 458//458 533//533 456//456
f 595//595 654//654 457//457
f 656//656 533//533 458//458
f 596//596 656//656 458//458
f 459//459 596//596 458//458
f 598//598 462//462 460//460
f 463//463 534//534 370//370
f 370//370 534//534 535//535
f 464//464 462//462 598//598
f 535//535 534//534 711//711
f 464//464 536//536 538//538
f 534//534 537//537 599//599
f 463//463 537//537 534//534
f 538//538 713//713 539//539
f 539//539 541//541 538//538
f 538//538 541//541 380//380
f 540//540 537//537 465//465
f 466//466 540//540 465//465
f 466//466 543//543 540//540
f 542//542 541//541 602//602
f 466//466 469//469 543//543
f 543//543 469//469 544//544
f 666//666 471//471 542//542
f 470//470 544//544 469//469
f 666//666 390//390 471//471
f 390//390 545//545 472//472
f 604//604 544//544 470//470
f 474//474 604//604 470//470
f 546//546 395//395 545//545
f 609//609 474//474 476//476
f 609//609 476//476 550//550
f 611//611 548//548 475//475
f 550//550 476//476 549//549
f 397//397 549//549 476//476
f 478//478 549//549 397//397
f 615//615 549//549 478//478
f 479//479 615//615 478//478
f 552//552 553//553 551//551
f 479//479 480//480 615//615
f 671//671 400//400 553//553
f 553//553 614//614 671//671
f 481//481 400//400 671//671
f 555//555 479//479 554//554
f 555//555 480//480 479//479
f 556//556 482//482 671//671
f 671//671 482//482 481//481
f 555//555 554//554 405//405
f 479//479 405//405 554//554
f 557//557 482//482 556//556
f 728//728 483//483 557//557
f 484//484 558//558 405//405
f 728//728 559//559 483//483
f 406//406 558//558 484//484
f 406//406 560//560 558//558
f 562//562 407//407 561//561
f 486//486 619//619 485//485
f 487//487 619//619 486//486
f 732//732 407//407 563//563
f 732//732 621//621 407//407
f 488//488 678//678 321//321
f 735//735 622//622 411//411
f 488//488 410//410 489//489
f 492//492 566//566 490//490
f 490//490 566//566 565//565
f 783//783 491//491 737//737
f 623//623 566//566 492//492
f 495//495 623//623 492//492
f 739//739 493//493 491//491
f 496//496 567//567 495//495
f 496//496 683//683 567//567
f 496//496 624//624 683//683
f 500//500 624//624 496//496
f 503//503 500//500 499//499
f 570//570 571//571 501//501
f 629//629 571//571 570//570
f 505//505 626//626 503//503
f 573//573 504//504 571//571
f 427//427 572//572 505//505
f 506//506 504//504 573//573
f 427//427 575//575 572//572
f 427//427 632//632 575//575
f 427//427 508//508 632//632
f 507//507 508//508 427//427
f 576//576 429//429 574//574
f 633//633 429//429 576//576
f 512//512 634//634 510//510
f 435//435 692//692 694//694
f 435//435 694//694 511//511
f 435//435 511//511 577//577
f 577//577 437//437 435//435
f 511//511 437//437 577//577
f 695//695 514//514 511//511
f 517//517 514//514 695//695
f 697//697 579//579 517//517
f 442//442 578//578 441//441
f 518//518 579//579 580//580
f 348//348 639//639 442//442
f 442//442 639//639 578//578
f 699//699 519//519 580//580
f 580//580 519//519 518//518
f 348//348 520//520 639//639
f 583//583 699//699 581//581
f 583//583 584//584 699//699
f 586//586 585//585 584//584
f 585//585 523//523 584//584
f 585//585 524//524 523//523
f 587//587 701//701 444//444
f 524//524 588//588 446//446
f 525//525 587//587 448//448
f 588//588 589//589 446//446
f 450//450 590//590 526//526
f 591//591 590//590 450//450
f 645//645 528//528 449//449
f 650//650 455//455 593//593
f 452//452 455//455 650//650
f 529//529 452//452 592//592
f 529//529 592//592 530//530
f 530//530 594//594 531//531
f 653//653 593//593 455//455
f 594//594 595//595 531//531
f 532//532 653//653 455//455
f 653//653 532//532 533//533
f 533//533 656//656 653//653
f 764//764 460//460 654//654
f 370//370 597//597 459//459
f 459//459 597//597 596//596
f 764//764 765//765 460//460
f 460//460 765//765 598//598
f 657//657 597//597 535//535
f 535//535 597//597 370//370
f 598//598 536//536 464//464
f 534//534 660//660 711//711
f 659//659 538//538 536//536
f 659//659 713//713 538//538
f 599//599 660//660 534//534
f 661//661 539//539 713//713
f 537//537 540//540 599//599
f 599//599 540//540 601//601
f 600//600 539//539 661//661
f 600//600 541//541 539//539
f 602//602 541//541 600//600
f 540//540 603//603 662//662
f 543//543 603//603 540//540
f 662//662 603//603 543//543
f 544//544 662//662 543//543
f 666//666 542//542 602//602
f 544//544 664//664 662//662
f 544//544 604//604 664//664
f 545//545 390//390 666//666
f 605//605 546//546 545//545
f 474//474 607//607 604//604
f 547//547 607//607 474//474
f 606//606 608//608 546//546
f 607//607 609//609 550//550
f 474//474 609//609 547//547
f 547//547 609//609 607//607
f 610//610 475//475 608//608
f 610//610 611//611 475//475
f 611//611 610//610 612//612
f 613//613 551//551 611//611
f 611//611 551//551 548//548
f 611//611 612//612 613//613
f 613//613 552//552 551//551
f 613//613 612//612 614//614
f 614//614 553//553 613//613
f 613//613 553//553 552//552
f 726//726 615//615 616//616
f 480//480 616//616 615//615
f 776//776 671//671 614//614
f 555//555 616//616 480//480
f 670//670 616//616 555//555
f 405//405 670//670 555//555
f 405//405 617//617 670//670
f 671//671 557//557 556//556
f 673//673 557//557 671//671
f 558//558 617//617 405//405
f 673//673 728//728 557//557
f 558//558 560//560 674//674
f 561//561 559//559 728//728
f 618//618 674//674 485//485
f 485//485 674//674 560//560
f 619//619 618//618 485//485
f 732//732 562//562 561//561
f 487//487 620//620 619//619
f 732//732 563//563 562//562
f 677//677 621//621 732//732
f 321//321 678//678 620//620
f 679//679 622//622 735//735
f 489//489 736//736 488//488
f 679//679 564//564 622//622
f 412//412 736//736 489//489
f 679//679 413//413 564//564
f 829//829 413//413 679//679
f 490//490 736//736 412//412
f 490//490 565//565 736//736
f 829//829 491//491 413//413
f 739//739 491//491 783//783
f 567//567 623//623 495//495
f 568//568 493//493 682//682
f 501//501 568//568 682//682
f 682//682 680//680 501//501
f 624//624 500//500 625//625
f 684//684 501//501 569//569
f 570//570 501//501 684//684
f 500//500 626//626 627//627
f 503//503 626//626 500//500
f 628//628 627//627 626//626
f 505//505 628//628 626//626
f 505//505 630//630 628//628
f 629//629 744//744 573//573
f 573//573 571//571 629//629
f 572//572 630//630 505//505
f 572//572 631//631 630//630
f 575//575 631//631 572//572
f 574//574 573//573 745//745
f 747//747 574//574 688//688
f 508//508 509//509 632//632
f 691//691 633//633 576//576
f 691//691 749//749 692//692
f 691//691 692//692 633//633
f 692//692 435//435 633//633
f 512//512 635//635 634//634
f 513//513 635//635 512//512
f 515//515 636//636 513//513
f 697//697 517//517 695//695
f 637//637 515//515 578//578
f 578//578 515//515 516//516
f 697//697 580//580 579//579
f 697//697 640//640 580//580
f 578//578 639//639 638//638
f 520//520 641//641 639//639
f 640//640 699//699 580//580
f 349//349 641//641 520//520
f 793//793 581//581 699//699
f 582//582 642//642 349//349
f 582//582 522//522 700//700
f 581//581 584//584 583//583
f 907//907 584//584 581//581
f 701//701 755//755 522//522
f 586//586 584//584 907//907
f 586//586 588//588 524//524
f 585//585 586//586 524//524
f 643//643 701//701 587//587
f 643//643 587//587 525//525
f 526//526 643//643 525//525
f 590//590 643//643 526//526
f 449//449 589//589 644//644
f 589//589 588//588 644//644
f 590//590 591//591 758//758
f 645//645 449//449 644//644
f 758//758 591//591 646//646
f 650//650 651//651 452//452
f 452//452 652//652 592//592
f 651//651 652//652 452//452
f 592//592 652//652 530//530
f 594//594 530//530 652//652
f 593//593 653//653 650//650
f 650//650 653//653 649//649
f 594//594 706//706 595//595
f 654//654 595//595 706//706
f 656//656 655//655 653//653
f 708//708 764//764 654//654
f 597//597 656//656 596//596
f 657//657 656//656 597//597
f 710//710 598//598 765//765
f 535//535 658//658 657//657
f 711//711 658//658 535//535
f 536//536 598//598 710//710
f 601//601 660//660 599//599
f 661//661 768//768 600//600
f 540//540 662//662 601//601
f 663//663 602//602 600//600
f 600//600 770//770 663//663
f 663//663 666//666 602//602
f 663//663 665//665 666//666
f 665//665 718//718 666//666
f 605//605 545//545 666//666
f 666//666 718//718 605//605
f 667//667 664//664 773//773
f 773//773 664//664 607//607
f 668//668 773//773 607//607
f 607//607 664//664 604//604
f 605//605 606//606 546//546
f 774//774 608//608 606//606
f 720//720 608//608 774//774
f 607//607 550//550 668//668
f 610//610 608//608 720//720
f 550//550 722//722 721//721
f 722//722 549//549 723//723
f 722//722 550//550 549//549
f 549//549 669//669 723//723
f 776//776 614//614 612//612
f 726//726 669//669 615//615
f 615//615 669//669 549//549
f 616//616 670//670 726//726
f 727//727 671//671 776//776
f 558//558 672//672 617//617
f 729//729 561//561 728//728
f 729//729 779//779 561//561
f 779//779 732//732 561//561
f 675//675 731//731 619//619
f 620//620 675//675 619//619
f 620//620 676//676 675//675
f 678//678 676//676 620//620
f 735//735 621//621 677//677
f 488//488 733//733 678//678
f 737//737 491//491 829//829
f 623//623 741//741 566//566
f 493//493 739//739 680//680
f 567//567 681//681 623//623
f 680//680 682//682 493//493
f 742//742 501//501 680//680
f 569//569 501//501 742//742
f 625//625 683//683 624//624
f 500//500 685//685 625//625
f 570//570 742//742 686//686
f 627//627 685//685 500//500
f 686//686 629//629 570//570
f 744//744 629//629 686//686
f 687//687 573//573 744//744
f 745//745 573//573 687//687
f 688//688 574//574 745//745
f 632//632 689//689 575//575
f 844//844 574//574 747//747
f 576//576 844//844 749//749
f 576//576 574//574 844//844
f 509//509 690//690 632//632
f 749//749 691//691 576//576
f 510//510 750//750 509//509
f 787//787 750//750 634//634
f 693//693 787//787 634//634
f 634//634 750//750 510//510
f 634//634 752//752 693//693
f 635//635 752//752 634//634
f 696//696 695//695 511//511
f 513//513 752//752 635//635
f 636//636 752//752 513//513
f 515//515 752//752 636//636
f 515//515 637//637 752//752
f 638//638 698//698 578//578
f 349//349 642//642 641//641
f 582//582 700//700 642//642
f 643//643 755//755 701//701
f 643//643 702//702 755//755
f 588//588 586//586 703//703
f 588//588 703//703 644//644
f 704//704 643//643 590//590
f 704//704 590//590 757//757
f 758//758 757//757 590//590
f 645//645 759//759 648//648
f 705//705 759//759 645//645
f 645//645 644//644 705//705
f 797//797 758//758 646//646
f 797//797 915//915 758//758
f 798//798 646//646 647//647
f 799//799 798//798 647//647
f 759//759 647//647 648//648
f 652//652 706//706 594//594
f 707//707 649//649 653//653
f 802//802 708//708 706//706
f 706//706 708//708 654//654
f 655//655 707//707 653//653
f 657//657 709//709 656//656
f 658//658 709//709 657//657
f 711//711 709//709 658//658
f 659//659 536//536 710//710
f 766//766 711//711 660//660
f 712//712 766//766 660//660
f 713//713 659//659 768//768
f 660//660 714//714 712//712
f 601//601 714//714 660//660
f 713//713 768//768 661//661
f 662//662 715//715 601//601
f 810//810 770//770 600//600
f 662//662 717//717 716//716
f 665//665 663//663 770//770
f 771//771 717//717 664//664
f 719//719 771//771 664//664
f 664//664 717//717 662//662
f 667//667 719//719 664//664
f 772//772 605//605 718//718
f 774//774 605//605 772//772
f 773//773 719//719 667//667
f 774//774 606//606 605//605
f 550//550 721//721 668//668
f 818//818 610//610 720//720
f 818//818 612//612 610//610
f 775//775 612//612 818//818
f 669//669 724//724 723//723
f 725//725 776//776 612//612
f 726//726 724//724 669//669
f 670//670 617//617 726//726
f 727//727 673//673 671//671
f 558//558 821//821 672//672
f 558//558 674//674 821//821
f 821//821 674//674 778//778
f 728//728 673//673 729//729
f 618//618 778//778 674//674
f 619//619 730//730 618//618
f 676//676 678//678 675//675
f 884//884 677//677 732//732
f 735//735 677//677 884//884
f 884//884 781//781 735//735
f 488//488 734//734 733//733
f 782//782 734//734 488//488
f 782//782 488//488 736//736
f 736//736 565//565 782//782
f 566//566 782//782 565//565
f 566//566 831//831 782//782
f 566//566 738//738 831//831
f 1017//1017 739//739 783//783
f 741//741 738//738 566//566
f 740//740 680//680 739//739
f 743//743 681//681 683//683
f 567//567 683//683 681//681
f 625//625 743//743 683//683
f 742//742 684//684 569//569
f 742//742 570//570 684//684
f 742//742 744//744 686//686
f 630//630 627//627 628//628
f 630//630 840//840 627//627
f 745//745 687//687 744//744
f 575//575 746//746 631//631
f 689//689 746//746 575//575
f 632//632 748//748 689//689
f 749//749 844//844 786//786
f 690//690 748//748 632//632
f 509//509 748//748 690//690
f 509//509 750//750 748//748
f 786//786 692//692 749//749
f 787//787 846//846 750//750
f 751//751 692//692 786//786
f 751//751 694//694 692//692
f 696//696 511//511 694//694
f 697//697 695//695 753//753
f 578//578 790//790 637//637
f 791//791 697//697 753//753
f 698//698 790//790 578//578
f 640//640 697//697 791//791
f 699//699 640//640 791//791
f 755//755 642//642 700//700
f 755//755 700//700 522//522
f 754//754 907//907 581//581
f 756//756 586//586 907//907
f 703//703 586//586 756//756
f 704//704 702//702 643//643
f 644//644 703//703 756//756
f 644//644 756//756 705//705
f 758//758 760//760 757//757
f 760//760 758//758 915//915
f 649//649 762//762 650//650
f 650//650 762//762 651//651
f 651//651 706//706 652//652
f 761//761 649//649 763//763
f 649//649 707//707 763//763
f 800//800 802//802 706//706
f 764//764 708//708 802//802
f 656//656 803//803 655//655
f 804//804 765//765 764//764
f 709//709 803//803 656//656
f 806//806 710//710 765//765
f 711//711 766//766 709//709
f 926//926 659//659 924//924
f 926//926 768//768 659//659
f 601//601 767//767 714//714
f 601//601 809//809 767//767
f 810//810 600//600 768//768
f 715//715 809//809 601//601
f 662//662 769//769 715//715
f 662//662 716//716 769//769
f 771//771 716//716 717//717
f 816//816 720//720 774//774
f 872//872 720//720 816//816
f 722//722 817//817 721//721
f 725//725 612//612 775//775
f 726//726 819//819 724//724
f 726//726 877//877 942//942
f 617//617 877//877 726//726
f 777//777 727//727 776//776
f 777//777 673//673 727//727
f 672//672 821//821 617//617
f 777//777 822//822 673//673
f 1007//1007 673//673 822//822
f 1007//1007 729//729 673//673
f 619//619 824//824 730//730
f 619//619 731//731 824//824
f 732//732 779//779 884//884
f 678//678 731//731 675//675
f 678//678 780//780 731//731
f 733//733 887//887 678//678
f 826//826 679//679 735//735
f 783//783 737//737 829//829
f 832//832 739//739 1017//1017
f 740//740 739//739 832//832
f 680//680 740//740 832//832
f 623//623 681//681 741//741
f 832//832 835//835 680//680
f 742//742 680//680 835//835
f 837//837 742//742 835//835
f 743//743 838//838 681//681
f 625//625 838//838 743//743
f 839//839 742//742 837//837
f 625//625 784//784 838//838
f 685//685 784//784 625//625
f 627//627 784//784 685//685
f 839//839 744//744 742//742
f 892//892 745//745 744//744
f 841//841 745//745 892//892
f 631//631 840//840 630//630
f 631//631 746//746 840//840
f 841//841 688//688 745//745
f 748//748 750//750 689//689
f 847//847 750//750 846//846
f 1029//1029 694//694 751//751
f 752//752 788//788 693//693
f 752//752 789//789 788//788
f 752//752 848//848 789//789
f 967//967 695//695 696//696
f 752//752 790//790 848//848
f 967//967 849//849 695//695
f 637//637 790//790 752//752
f 753//753 695//695 791//791
f 695//695 849//849 791//791
f 852//852 699//699 791//791
f 852//852 793//793 699//699
f 642//642 792//792 641//641
f 906//906 581//581 793//793
f 906//906 754//754 581//581
f 757//757 857//857 704//704
f 705//705 756//756 909//909
f 705//705 909//909 759//759
f 757//757 760//760 859//859
f 796//796 911//911 760//760
f 796//796 760//760 915//915
f 797//797 646//646 798//798
f 647//647 759//759 860//860
f 647//647 860//860 799//799
f 761//761 917//917 649//649
f 649//649 917//917 762//762
f 762//762 706//706 651//651
f 763//763 707//707 862//862
f 655//655 862//862 707//707
f 920//920 764//764 802//802
f 709//709 805//805 803//803
f 804//804 806//806 765//765
f 766//766 805//805 709//709
f 806//806 659//659 710//710
f 807//807 766//766 864//864
f 712//712 864//864 766//766
f 712//712 714//714 864//864
f 768//768 926//926 865//865
f 865//865 808//808 768//768
f 808//808 810//810 768//768
f 867//867 770//770 810//810
f 665//665 770//770 867//867
f 771//771 811//811 716//716
f 719//719 811//811 771//771
f 719//719 812//812 811//811
f 719//719 813//813 812//812
f 774//774 772//772 718//718
f 773//773 813//813 719//719
f 773//773 814//814 813//813
f 815//815 774//774 871//871
f 668//668 814//814 773//773
f 815//815 816//816 774//774
f 721//721 817//817 668//668
f 872//872 818//818 720//720
f 938//938 817//817 722//722
f 873//873 725//725 775//775
f 723//723 875//875 722//722
f 722//722 875//875 938//938
f 724//724 875//875 723//723
f 873//873 874//874 725//725
f 726//726 942//942 819//819
f 874//874 776//776 725//725
f 874//874 777//777 776//776
f 822//822 777//777 945//945
f 617//617 820//820 877//877
f 617//617 821//821 820//820
f 879//879 729//729 1007//1007
f 823//823 821//821 778//778
f 880//880 729//729 879//879
f 779//779 729//729 880//880
f 730//730 778//778 618//618
f 730//730 824//824 778//778
f 880//880 882//882 779//779
f 779//779 882//882 884//884
f 678//678 825//825 780//780
f 826//826 735//735 781//781
f 782//782 827//827 734//734
f 679//679 826//826 1013//1013
f 1013//1013 829//829 679//679
f 782//782 828//828 827//827
f 1017//1017 783//783 829//829
f 831//831 830//830 782//782
f 738//738 741//741 831//831
f 832//832 1017//1017 835//835
f 681//681 833//833 741//741
f 681//681 834//834 833//833
f 836//836 834//834 681//681
f 838//838 836//836 681//681
f 744//744 839//839 892//892
f 746//746 785//785 840//840
f 1025//1025 688//688 841//841
f 1025//1025 747//747 688//688
f 746//746 894//894 785//785
f 689//689 894//894 746//746
f 842//842 844//844 747//747
f 896//896 786//786 844//844
f 750//750 845//845 689//689
f 847//847 845//845 750//750
f 786//786 1029//1029 751//751
f 787//787 693//693 846//846
f 696//696 694//694 1029//1029
f 966//966 967//967 696//696
f 790//790 850//850 848//848
f 901//901 791//791 849//849
f 638//638 639//639 698//698
f 852//852 791//791 851//851
f 641//641 902//902 639//639
f 852//852 903//903 793//793
f 792//792 902//902 641//641
f 971//971 906//906 793//793
f 755//755 794//794 642//642
f 794//794 853//853 642//642
f 906//906 907//907 754//754
f 755//755 853//853 794//794
f 854//854 853//853 755//755
f 854//854 755//755 702//702
f 856//856 855//855 756//756
f 756//756 907//907 856//856
f 855//855 909//909 756//756
f 857//857 702//702 704//704
f 795//795 857//857 757//757
f 858//858 910//910 759//759
f 759//759 909//909 858//858
f 859//859 795//795 757//757
f 911//911 859//859 760//760
f 911//911 982//982 859//859
f 860//860 759//759 910//910
f 916//916 915//915 797//797
f 916//916 798//798 799//799
f 799//799 860//860 916//916
f 706//706 762//762 984//984
f 984//984 800//800 706//706
f 763//763 861//861 761//761
f 984//984 801//801 800//800
f 802//802 800//800 920//920
f 803//803 862//862 655//655
f 920//920 804//804 764//764
f 805//805 863//863 803//803
f 923//923 806//806 804//804
f 659//659 806//806 923//923
f 766//766 863//863 805//805
f 807//807 863//863 766//766
f 767//767 864//864 714//714
f 927//927 929//929 865//865
f 865//865 929//929 808//808
f 929//929 810//810 808//808
f 867//867 810//810 929//929
f 715//715 866//866 809//809
f 769//769 866//866 715//715
f 716//716 868//868 769//769
f 811//811 868//868 716//716
f 931//931 665//665 867//867
f 931//931 718//718 665//665
f 812//812 869//869 811//811
f 813//813 869//869 812//812
f 870//870 869//869 813//813
f 718//718 871//871 774//774
f 668//668 935//935 814//814
f 814//814 935//935 813//813
f 872//872 816//816 815//815
f 872//872 815//815 871//871
f 817//817 935//935 668//668
f 936//936 872//872 1070//1070
f 818//818 872//872 936//936
f 936//936 775//775 818//818
f 936//936 873//873 775//775
f 819//819 875//875 724//724
f 819//819 942//942 875//875
f 875//875 942//942 876//876
f 821//821 877//877 820//820
f 821//821 878//878 877//877
f 821//821 948//948 878//878
f 823//823 948//948 821//821
f 949//949 1007//1007 822//822
f 881//881 823//823 778//778
f 778//778 824//824 881//881
f 882//882 880//880 879//879
f 731//731 883//883 824//824
f 780//780 883//883 731//731
f 882//882 952//952 884//884
f 952//952 781//781 884//884
f 678//678 885//885 825//825
f 781//781 952//952 1010//1010
f 887//887 885//885 678//678
f 826//826 781//781 886//886
f 734//734 887//887 733//733
f 734//734 827//827 887//887
f 886//886 1013//1013 826//826
f 828//828 887//887 827//827
f 828//828 1012//1012 887//887
f 1014//1014 829//829 1013//1013
f 830//830 828//828 782//782
f 1014//1014 1017//1017 829//829
f 831//831 1179//1179 830//830
f 741//741 1018//1018 831//831
f 833//833 1018//1018 741//741
f 1182//1182 835//835 1017//1017
f 888//888 835//835 1020//1020
f 837//837 835//835 888//888
f 890//890 836//836 838//838
f 1022//1022 839//839 837//837
f 784//784 957//957 838//838
f 627//627 957//957 784//784
f 627//627 891//891 957//957
f 1022//1022 892//892 839//839
f 840//840 891//891 627//627
f 841//841 892//892 958//958
f 1103//1103 747//747 1025//1025
f 1103//1103 842//842 747//747
f 689//689 843//843 894//894
f 962//962 844//844 842//842
f 689//689 845//845 843//843
f 962//962 896//896 844//844
f 786//786 896//896 897//897
f 898//898 786//786 897//897
f 846//846 899//899 847//847
f 898//898 1029//1029 786//786
f 899//899 846//846 693//693
f 788//788 899//899 693//693
f 789//789 848//848 900//900
f 901//901 849//849 967//967
f 900//900 848//848 968//968
f 968//968 848//848 850//850
f 790//790 698//698 850//850
f 968//968 850//850 698//698
f 1031//1031 791//791 901//901
f 1031//1031 851//851 791//791
f 639//639 970//970 698//698
f 1031//1031 852//852 851//851
f 969//969 852//852 1031//1031
f 639//639 902//902 970//970
f 792//792 904//904 902//902
f 902//902 904//904 1034//1034
f 793//793 903//903 971//971
f 904//904 642//642 905//905
f 792//792 642//642 904//904
f 642//642 1038//1038 905//905
f 853//853 1038//1038 642//642
f 972//972 907//907 906//906
f 854//854 702//702 853//853
f 702//702 908//908 853//853
f 855//855 856//856 909//909
f 857//857 795//795 702//702
f 909//909 976//976 858//858
f 859//859 975//975 795//795
f 860//860 914//914 913//913
f 914//914 860//860 910//910
f 796//796 912//912 911//911
f 1046//1046 796//796 915//915
f 1124//1124 1046//1046 915//915
f 916//916 797//797 798//798
f 913//913 916//916 860//860
f 917//917 761//761 861//861
f 917//917 984//984 762//762
f 763//763 918//918 861//861
f 918//918 986//986 861//861
f 861//861 986//986 985//985
f 919//919 986//986 763//763
f 862//862 919//919 763//763
f 763//763 986//986 918//918
f 800//800 987//987 1052//1052
f 1052//1052 920//920 800//800
f 919//919 803//803 921//921
f 923//923 804//804 922//922
f 863//863 921//921 803//803
f 989//989 921//921 863//863
f 924//924 659//659 923//923
f 807//807 925//925 863//863
f 863//863 925//925 1058//1058
f 864//864 925//925 807//807
f 864//864 1059//1059 925//925
f 865//865 926//926 927//927
f 767//767 1059//1059 864//864
f 767//767 928//928 1059//1059
f 809//809 930//930 767//767
f 930//930 928//928 767//767
f 866//866 930//930 809//809
f 930//930 866//866 1063//1063
f 769//769 868//868 866//866
f 866//866 868//868 1063//1063
f 994//994 931//931 867//867
f 997//997 718//718 931//931
f 869//869 998//998 811//811
f 932//932 871//871 718//718
f 932//932 718//718 997//997
f 933//933 871//871 932//932
f 813//813 934//934 870//870
f 933//933 872//872 871//871
f 934//934 813//813 935//935
f 817//817 937//937 935//935
f 935//935 937//937 1001//1001
f 817//817 938//938 937//937
f 1002//1002 873//873 936//936
f 875//875 876//876 938//938
f 939//939 874//874 873//873
f 939//939 873//873 1002//1002
f 777//777 874//874 939//939
f 940//940 876//876 942//942
f 941//941 777//777 939//939
f 1005//1005 777//777 941//941
f 1005//1005 945//945 777//777
f 943//943 942//942 944//944
f 877//877 878//878 942//942
f 944//944 942//942 947//947
f 947//947 942//942 878//878
f 946//946 822//822 945//945
f 1006//1006 822//822 946//946
f 1006//1006 949//949 822//822
f 1008//1008 878//878 948//948
f 823//823 1008//1008 948//948
f 951//951 879//879 1007//1007
f 881//881 1008//1008 823//823
f 824//824 950//950 881//881
f 951//951 882//882 879//879
f 883//883 950//950 824//824
f 883//883 1009//1009 950//950
f 1010//1010 882//882 1167//1167
f 780//780 825//825 883//883
f 1010//1010 952//952 882//882
f 1171//1171 781//781 1010//1010
f 887//887 953//953 885//885
f 1171//1171 886//886 781//781
f 954//954 1013//1013 886//886
f 1014//1014 1015//1015 1017//1017
f 1018//1018 1179//1179 831//831
f 833//833 834//834 1018//1018
f 1020//1020 835//835 1182//1182
f 836//836 955//955 834//834
f 836//836 889//889 955//955
f 1098//1098 888//888 1020//1020
f 837//837 888//888 1098//1098
f 836//836 956//956 889//889
f 836//836 1021//1021 956//956
f 1098//1098 1187//1187 837//837
f 890//890 1021//1021 836//836
f 957//957 890//890 838//838
f 1187//1187 1022//1022 837//837
f 1022//1022 958//958 892//892
f 840//840 893//893 891//891
f 1024//1024 893//893 959//959
f 840//840 959//959 893//893
f 840//840 894//894 959//959
f 785//785 894//894 840//840
f 962//962 1103//1103 961//961
f 842//842 1103//1103 962//962
f 845//845 895//895 843//843
f 897//897 896//896 962//962
f 847//847 895//895 845//845
f 1029//1029 898//898 897//897
f 899//899 963//963 847//847
f 965//965 966//966 696//696
f 965//965 696//696 1029//1029
f 788//788 964//964 899//899
f 789//789 964//964 788//788
f 970//970 968//968 698//698
f 902//902 1033//1033 970//970
f 1114//1114 903//903 852//852
f 903//903 1114//1114 971//971
f 905//905 1034//1034 904//904
f 971//971 1114//1114 906//906
f 1114//1114 1115//1115 906//906
f 1115//1115 972//972 906//906
f 856//856 907//907 972//972
f 1038//1038 853//853 908//908
f 1038//1038 908//908 1040//1040
f 702//702 1040//1040 908//908
f 702//702 974//974 1040//1040
f 795//795 974//974 702//702
f 909//909 856//856 973//973
f 909//909 973//973 976//976
f 975//975 859//859 977//977
f 1121//1121 858//858 976//976
f 978//978 977//977 859//859
f 980//980 979//979 982//982
f 979//979 859//859 982//982
f 979//979 978//978 859//859
f 981//981 910//910 1121//1121
f 1121//1121 910//910 858//858
f 1044//1044 911//911 912//912
f 1044//1044 982//982 911//911
f 981//981 914//914 910//910
f 912//912 1045//1045 1044//1044
f 796//796 1045//1045 912//912
f 1045//1045 796//796 1046//1046
f 1123//1123 915//915 916//916
f 1123//1123 1124//1124 915//915
f 1123//1123 916//916 914//914
f 914//914 916//916 913//913
f 1125//1125 861//861 985//985
f 917//917 861//861 1125//1125
f 984//984 917//917 983//983
f 983//983 801//801 984//984
f 1047//1047 987//987 800//800
f 983//983 1047//1047 800//800
f 801//801 983//983 800//800
f 803//803 919//919 862//862
f 1052//1052 804//804 920//920
f 922//922 804//804 1052//1052
f 921//921 988//988 919//919
f 989//989 988//988 921//921
f 924//924 923//923 922//922
f 863//863 1058//1058 989//989
f 991//991 924//924 990//990
f 991//991 926//926 924//924
f 991//991 927//927 926//926
f 992//992 929//929 927//927
f 992//992 867//867 929//929
f 1061//1061 928//928 993//993
f 994//994 867//867 992//992
f 1063//1063 993//993 928//928
f 930//930 1063//1063 928//928
f 997//997 931//931 995//995
f 998//998 868//868 811//811
f 996//996 868//868 998//998
f 995//995 932//932 997//997
f 870//870 999//999 998//998
f 870//870 998//998 869//869
f 870//870 1068//1068 999//999
f 934//934 1068//1068 870//870
f 934//934 935//935 1069//1069
f 1000//1000 872//872 933//933
f 1152//1152 1070//1070 872//872
f 1152//1152 872//872 1000//1000
f 1070//1070 1002//1002 936//936
f 938//938 1001//1001 937//937
f 1003//1003 1001//1001 938//938
f 1074//1074 1001//1001 1003//1003
f 876//876 1003//1003 938//938
f 1077//1077 939//939 1075//1075
f 876//876 940//940 1003//1003
f 1003//1003 940//940 1076//1076
f 1005//1005 941//941 939//939
f 1005//1005 939//939 1077//1077
f 942//942 1004//1004 940//940
f 943//943 1004//1004 942//942
f 1005//1005 946//946 945//945
f 1006//1006 946//946 1005//1005
f 1006//1006 1005//1005 1082//1082
f 1007//1007 949//949 1006//1006
f 1006//1006 951//951 1007//1007
f 1086//1086 1008//1008 881//881
f 1167//1167 882//882 951//951
f 883//883 1166//1166 1009//1009
f 825//825 1166//1166 883//883
f 825//825 1011//1011 1166//1166
f 885//885 953//953 825//825
f 1090//1090 1171//1171 1010//1010
f 887//887 1012//1012 953//953
f 828//828 830//830 1012//1012
f 1016//1016 1179//1179 1018//1018
f 1017//1017 1015//1015 1182//1182
f 834//834 955//955 1018//1018
f 1020//1020 1182//1182 1019//1019
f 1019//1019 1096//1096 1020//1020
f 1185//1185 1098//1098 1020//1020
f 1021//1021 889//889 956//956
f 890//890 1099//1099 1021//1021
f 957//957 1099//1099 890//890
f 957//957 893//893 1099//1099
f 1022//1022 1187//1187 1306//1306
f 891//891 893//893 957//957
f 1306//1306 958//958 1022//1022
f 1024//1024 1023//1023 893//893
f 1192//1192 1025//1025 841//841
f 959//959 1026//1026 1024//1024
f 894//894 1026//1026 959//959
f 894//894 1104//1104 1026//1026
f 960//960 1104//1104 894//894
f 894//894 1105//1105 960//960
f 1106//1106 894//894 843//843
f 895//895 1197//1197 843//843
f 1106//1106 843//843 1197//1197
f 1027//1027 897//897 962//962
f 963//963 895//895 847//847
f 1028//1028 895//895 1108//1108
f 1108//1108 895//895 963//963
f 1205//1205 967//967 966//966
f 1205//1205 966//966 965//965
f 789//789 1030//1030 964//964
f 900//900 1030//1030 789//789
f 1205//1205 901//901 967//967
f 1031//1031 901//901 1205//1205
f 968//968 1030//1030 900//900
f 1032//1032 1031//1031 1111//1111
f 970//970 1112//1112 968//968
f 1032//1032 969//969 1031//1031
f 1032//1032 852//852 969//969
f 852//852 1032//1032 1212//1212
f 902//902 1034//1034 1033//1033
f 905//905 1035//1035 1034//1034
f 1038//1038 1036//1036 905//905
f 1036//1036 1038//1038 1037//1037
f 1039//1039 856//856 972//972
f 1039//1039 973//973 856//856
f 975//975 1040//1040 795//795
f 1040//1040 974//974 795//795
f 1041//1041 976//976 973//973
f 1041//1041 1042//1042 976//976
f 977//977 978//978 975//975
f 978//978 1119//1119 975//975
f 1121//1121 976//976 1042//1042
f 1121//1121 1042//1042 1043//1043
f 1226//1226 981//981 1121//1121
f 982//982 1044//1044 980//980
f 914//914 981//981 1226//1226
f 1123//1123 914//914 1226//1226
f 1125//1125 985//985 986//986
f 1126//1126 983//983 917//917
f 1126//1126 917//917 1125//1125
f 1125//1125 986//986 1048//1048
f 1049//1049 987//987 1047//1047
f 983//983 1049//1049 1047//1047
f 919//919 1050//1050 986//986
f 1048//1048 986//986 1050//1050
f 1052//1052 1049//1049 983//983
f 1052//1052 987//987 1049//1049
f 1055//1055 919//919 1054//1054
f 1050//1050 919//919 1055//1055
f 988//988 1054//1054 919//919
f 1051//1051 1053//1053 1052//1052
f 1053//1053 922//922 1052//1052
f 989//989 1054//1054 988//988
f 1053//1053 924//924 922//922
f 1051//1051 990//990 1053//1053
f 990//990 924//924 1053//1053
f 1051//1051 1056//1056 990//990
f 1054//1054 989//989 1058//1058
f 1056//1056 991//991 990//990
f 925//925 1059//1059 1058//1058
f 1057//1057 991//991 1056//1056
f 1057//1057 992//992 991//991
f 992//992 927//927 991//991
f 928//928 1060//1060 1059//1059
f 1061//1061 1060//1060 928//928
f 1062//1062 994//994 992//992
f 1147//1147 994//994 1062//1062
f 1147//1147 931//931 994//994
f 995//995 931//931 1147//1147
f 868//868 996//996 1063//1063
f 998//998 1065//1065 996//996
f 999//999 1065//1065 998//998
f 1064//1064 932//932 995//995
f 1150//1150 933//933 932//932
f 1150//1150 932//932 1064//1064
f 1066//1066 1065//1065 999//999
f 1067//1067 933//933 1150//1150
f 999//999 1068//1068 1066//1066
f 1000//1000 933//933 1067//1067
f 934//934 1069//1069 1068//1068
f 935//935 1071//1071 1069//1069
f 1152//1152 1073//1073 1070//1070
f 1001//1001 1071//1071 935//935
f 1073//1073 1002//1002 1070//1070
f 1071//1071 1001//1001 1072//1072
f 1072//1072 1001//1001 1074//1074
f 1073//1073 939//939 1002//1002
f 1075//1075 939//939 1073//1073
f 1076//1076 1074//1074 1003//1003
f 1004//1004 1076//1076 940//940
f 1159//1159 1076//1076 1004//1004
f 1078//1078 1005//1005 1077//1077
f 944//944 1004//1004 943//943
f 1079//1079 1005//1005 1078//1078
f 947//947 1081//1081 1004//1004
f 947//947 1004//1004 944//944
f 1080//1080 1004//1004 1081//1081
f 878//878 1081//1081 947//947
f 1082//1082 1005//1005 1079//1079
f 1008//1008 1081//1081 878//878
f 1162//1162 1006//1006 1082//1082
f 1084//1084 1083//1083 1008//1008
f 1086//1086 1085//1085 1008//1008
f 1008//1008 1085//1085 1084//1084
f 951//951 1006//1006 1164//1164
f 1165//1165 951//951 1164//1164
f 1167//1167 951//951 1165//1165
f 950//950 1086//1086 881//881
f 1087//1087 1086//1086 950//950
f 1009//1009 1089//1089 950//950
f 950//950 1089//1089 1087//1087
f 1166//1166 1089//1089 1009//1009
f 825//825 1091//1091 1011//1011
f 1090//1090 1010//1010 1288//1288
f 953//953 1091//1091 825//825
f 954//954 886//886 1171//1171
f 954//954 1171//1171 1172//1172
f 1012//1012 1093//1093 1092//1092
f 1012//1012 1092//1092 953//953
f 1094//1094 1013//1013 954//954
f 830//830 1093//1093 1012//1012
f 1013//1013 1176//1176 1014//1014
f 1178//1178 1014//1014 1176//1176
f 1015//1015 1014//1014 1178//1178
f 1016//1016 1095//1095 1179//1179
f 1180//1180 1015//1015 1178//1178
f 1018//1018 1095//1095 1016//1016
f 1180//1180 1182//1182 1015//1015
f 889//889 1097//1097 955//955
f 1020//1020 1096//1096 1185//1185
f 889//889 1021//1021 1097//1097
f 1099//1099 1188//1188 1021//1021
f 1100//1100 1099//1099 893//893
f 1191//1191 958//958 1306//1306
f 1101//1101 893//893 1023//1023
f 1191//1191 841//841 958//958
f 1192//1192 841//841 1191//1191
f 1102//1102 1024//1024 1026//1026
f 1196//1196 1103//1103 1025//1025
f 1196//1196 1025//1025 1195//1195
f 1313//1313 961//961 1103//1103
f 1105//1105 1104//1104 960//960
f 894//894 1106//1106 1105//1105
f 961//961 1027//1027 962//962
f 895//895 1201//1201 1197//1197
f 1198//1198 1200//1200 1027//1027
f 1028//1028 1201//1201 895//895
f 1200//1200 897//897 1027//1027
f 1200//1200 1029//1029 897//897
f 1107//1107 1029//1029 1200//1200
f 1107//1107 965//965 1029//1029
f 1109//1109 965//965 1107//1107
f 964//964 963//963 899//899
f 1108//1108 963//963 964//964
f 965//965 1109//1109 1205//1205
f 1327//1327 964//964 1030//1030
f 1208//1208 1031//1031 1205//1205
f 1207//1207 1031//1031 1208//1208
f 1207//1207 1111//1111 1031//1031
f 968//968 1110//1110 1030//1030
f 1110//1110 968//968 1112//1112
f 1212//1212 1032//1032 1111//1111
f 1033//1033 1112//1112 970//970
f 1113//1113 852//852 1212//1212
f 1112//1112 1033//1033 1034//1034
f 1113//1113 1114//1114 852//852
f 1035//1035 1214//1214 1034//1034
f 905//905 1037//1037 1214//1214
f 905//905 1214//1214 1035//1035
f 1036//1036 1037//1037 905//905
f 1115//1115 1116//1116 1039//1039
f 1116//1116 1217//1217 1039//1039
f 1115//1115 1039//1039 972//972
f 1038//1038 1040//1040 1037//1037
f 1039//1039 1117//1117 973//973
f 975//975 1119//1119 1040//1040
f 1117//1117 1041//1041 973//973
f 979//979 1119//1119 978//978
f 1043//1043 1122//1122 1121//1121
f 1043//1043 1041//1041 1222//1222
f 1041//1041 1043//1043 1042//1042
f 980//980 1120//1120 979//979
f 1226//1226 1121//1121 1122//1122
f 1044//1044 1120//1120 980//980
f 1044//1044 1229//1229 1120//1120
f 1045//1045 1229//1229 1044//1044
f 1045//1045 1046//1046 1124//1124
f 1048//1048 1129//1129 1125//1125
f 1125//1125 1129//1129 1126//1126
f 1127//1127 1052//1052 983//983
f 1126//1126 1127//1127 983//983
f 1127//1127 1051//1051 1052//1052
f 1126//1126 1051//1051 1127//1127
f 1050//1050 1055//1055 1048//1048
f 1048//1048 1128//1128 1129//1129
f 1129//1129 1051//1051 1126//1126
f 1055//1055 1130//1130 1048//1048
f 1048//1048 1130//1130 1128//1128
f 1129//1129 1131//1131 1132//1132
f 1132//1132 1051//1051 1129//1129
f 1128//1128 1133//1133 1129//1129
f 1129//1129 1133//1133 1131//1131
f 1128//1128 1130//1130 1133//1133
f 1132//1132 1056//1056 1051//1051
f 1131//1131 1133//1133 1132//1132
f 1055//1055 1058//1058 1130//1130
f 1130//1130 1134//1134 1133//1133
f 1133//1133 1057//1057 1056//1056
f 1133//1133 1056//1056 1132//1132
f 1058//1058 1055//1055 1054//1054
f 1134//1134 1135//1135 1133//1133
f 1133//1133 1135//1135 1136//1136
f 1136//1136 1057//1057 1133//1133
f 1058//1058 1137//1137 1130//1130
f 1059//1059 1138//1138 1058//1058
f 1058//1058 1234//1234 1137//1137
f 1058//1058 1138//1138 1234//1234
f 1135//1135 1057//1057 1136//1136
f 1135//1135 1139//1139 1057//1057
f 1139//1139 992//992 1057//1057
f 1060//1060 1138//1138 1059//1059
f 1140//1140 992//992 1139//1139
f 1140//1140 1062//1062 992//992
f 1060//1060 1141//1141 1138//1138
f 1234//1234 1138//1138 1141//1141
f 1236//1236 1135//1135 1233//1233
f 1236//1236 1139//1139 1135//1135
f 1139//1139 1062//1062 1140//1140
f 1236//1236 1142//1142 1139//1139
f 1142//1142 1062//1062 1139//1139
f 993//993 1060//1060 1061//1061
f 1236//1236 1144//1144 1142//1142
f 1142//1142 1147//1147 1062//1062
f 1141//1141 993//993 1238//1238
f 1141//1141 1060//1060 993//993
f 1144//1144 1236//1236 1143//1143
f 1144//1144 1147//1147 1142//1142
f 1063//1063 1145//1145 993//993
f 1145//1145 1146//1146 993//993
f 1238//1238 993//993 1146//1146
f 1144//1144 1143//1143 1147//1147
f 996//996 1145//1145 1063//1063
f 1147//1147 1064//1064 995//995
f 1147//1147 1143//1143 1064//1064
f 996//996 1148//1148 1145//1145
f 1065//1065 1149//1149 996//996
f 1244//1244 1150//1150 1064//1064
f 1149//1149 1065//1065 1066//1066
f 1151//1151 1066//1066 1068//1068
f 1069//1069 1151//1151 1068//1068
f 1149//1149 1066//1066 1151//1151
f 1152//1152 1000//1000 1067//1067
f 1151//1151 1069//1069 1154//1154
f 1152//1152 1254//1254 1155//1155
f 1152//1152 1155//1155 1153//1153
f 1153//1153 1073//1073 1152//1152
f 1071//1071 1154//1154 1069//1069
f 1071//1071 1157//1157 1154//1154
f 1155//1155 1073//1073 1153//1153
f 1156//1156 1073//1073 1155//1155
f 1072//1072 1157//1157 1071//1071
f 1156//1156 1075//1075 1073//1073
f 1158//1158 1077//1077 1075//1075
f 1158//1158 1075//1075 1156//1156
f 1076//1076 1072//1072 1074//1074
f 1078//1078 1077//1077 1158//1158
f 1004//1004 1160//1160 1159//1159
f 1080//1080 1160//1160 1004//1004
f 1161//1161 1079//1079 1078//1078
f 1278//1278 1160//1160 1080//1080
f 1161//1161 1082//1082 1079//1079
f 1008//1008 1080//1080 1081//1081
f 1162//1162 1082//1082 1161//1161
f 1083//1083 1084//1084 1080//1080
f 1083//1083 1080//1080 1008//1008
f 1080//1080 1084//1084 1379//1379
f 1163//1163 1164//1164 1006//1006
f 1163//1163 1006//1006 1162//1162
f 1165//1165 1088//1088 1167//1167
f 1088//1088 1168//1168 1167//1167
f 1168//1168 1010//1010 1167//1167
f 1011//1011 1091//1091 1166//1166
f 1169//1169 1288//1288 1010//1010
f 1169//1169 1010//1010 1168//1168
f 1171//1171 1090//1090 1288//1288
f 953//953 1173//1173 1091//1091
f 953//953 1092//1092 1173//1173
f 1093//1093 1173//1173 1092//1092
f 1174//1174 1093//1093 1175//1175
f 1176//1176 1013//1013 1094//1094
f 830//830 1175//1175 1093//1093
f 1175//1175 830//830 1177//1177
f 1179//1179 1177//1177 830//830
f 1179//1179 1298//1298 1177//1177
f 1176//1176 1180//1180 1178//1178
f 1176//1176 1297//1297 1180//1180
f 1018//1018 1181//1181 1095//1095
f 1179//1179 1095//1095 1181//1181
f 1018//1018 1184//1184 1181//1181
f 955//955 1184//1184 1018//1018
f 1019//1019 1182//1182 1183//1183
f 1096//1096 1019//1019 1183//1183
f 1097//1097 1301//1301 955//955
f 1184//1184 955//955 1301//1301
f 1021//1021 1186//1186 1097//1097
f 1188//1188 1186//1186 1021//1021
f 1304//1304 1098//1098 1185//1185
f 1304//1304 1185//1185 1303//1303
f 1187//1187 1098//1098 1304//1304
f 1304//1304 1189//1189 1187//1187
f 1305//1305 1187//1187 1189//1189
f 1306//1306 1187//1187 1305//1305
f 1100//1100 1188//1188 1099//1099
f 893//893 1190//1190 1100//1100
f 1101//1101 1190//1190 893//893
f 1024//1024 1193//1193 1023//1023
f 1195//1195 1025//1025 1192//1192
f 1024//1024 1194//1194 1193//1193
f 1102//1102 1194//1194 1024//1024
f 1312//1312 1103//1103 1196//1196
f 1312//1312 1313//1313 1103//1103
f 1198//1198 961//961 1313//1313
f 1197//1197 1105//1105 1106//1106
f 1198//1198 1027//1027 961//961
f 1199//1199 1197//1197 1201//1201
f 1108//1108 1203//1203 1201//1201
f 1108//1108 1201//1201 1028//1028
f 1202//1202 1109//1109 1107//1107
f 1203//1203 1108//1108 1204//1204
f 964//964 1204//1204 1108//1108
f 1206//1206 1204//1204 964//964
f 964//964 1327//1327 1206//1206
f 1208//1208 1205//1205 1207//1207
f 1030//1030 1209//1209 1327//1327
f 1110//1110 1209//1209 1030//1030
f 1210//1210 1111//1111 1207//1207
f 1212//1212 1111//1111 1210//1210
f 1110//1110 1112//1112 1211//1211
f 1034//1034 1213//1213 1112//1112
f 1214//1214 1213//1213 1034//1034
f 1331//1331 1113//1113 1562//1562
f 1114//1114 1113//1113 1331//1331
f 1037//1037 1215//1215 1214//1214
f 1116//1116 1115//1115 1114//1114
f 1215//1215 1037//1037 1216//1216
f 1040//1040 1216//1216 1037//1037
f 1334//1334 1219//1219 1040//1040
f 1040//1040 1219//1219 1216//1216
f 1218//1218 1039//1039 1217//1217
f 1040//1040 1220//1220 1334//1334
f 1218//1218 1117//1117 1039//1039
f 1119//1119 1221//1221 1220//1220
f 1040//1040 1119//1119 1220//1220
f 1041//1041 1218//1218 1222//1222
f 1117//1117 1218//1218 1041//1041
f 1118//1118 1221//1221 1119//1119
f 979//979 1118//1118 1119//1119
f 1120//1120 1224//1224 979//979
f 1224//1224 1118//1118 979//979
f 1120//1120 1225//1225 1224//1224
f 1223//1223 1226//1226 1218//1218
f 1226//1226 1122//1122 1218//1218
f 1218//1218 1122//1122 1043//1043
f 1218//1218 1043//1043 1222//1222
f 1120//1120 1228//1228 1225//1225
f 1229//1229 1228//1228 1120//1120
f 1227//1227 1123//1123 1226//1226
f 1229//1229 1045//1045 1230//1230
f 1230//1230 1045//1045 1124//1124
f 1230//1230 1124//1124 1227//1227
f 1227//1227 1124//1124 1123//1123
f 1137//1137 1232//1232 1130//1130
f 1231//1231 1134//1134 1130//1130
f 1231//1231 1130//1130 1232//1232
f 1231//1231 1135//1135 1134//1134
f 1232//1232 1135//1135 1231//1231
f 1234//1234 1232//1232 1137//1137
f 1232//1232 1233//1233 1135//1135
f 1232//1232 1234//1234 1233//1233
f 1234//1234 1235//1235 1233//1233
f 1235//1235 1236//1236 1233//1233
f 1234//1234 1141//1141 1235//1235
f 1141//1141 1237//1237 1235//1235
f 1235//1235 1237//1237 1236//1236
f 1237//1237 1141//1141 1238//1238
f 1237//1237 1143//1143 1236//1236
f 1146//1146 1145//1145 1238//1238
f 1238//1238 1145//1145 1237//1237
f 1239//1239 1242//1242 1237//1237
f 1242//1242 1143//1143 1237//1237
f 1145//1145 1240//1240 1237//1237
f 1237//1237 1241//1241 1239//1239
f 1240//1240 1243//1243 1237//1237
f 1237//1237 1243//1243 1241//1241
f 1242//1242 1064//1064 1143//1143
f 1239//1239 1064//1064 1242//1242
f 996//996 1250//1250 1148//1148
f 1250//1250 1145//1145 1148//1148
f 1240//1240 1145//1145 1250//1250
f 1241//1241 1243//1243 1239//1239
f 1239//1239 1244//1244 1064//1064
f 1250//1250 1245//1245 1240//1240
f 1243//1243 1249//1249 1239//1239
f 1239//1239 1249//1249 1244//1244
f 1149//1149 1247//1247 1250//1250
f 1149//1149 1250//1250 996//996
f 1240//1240 1246//1246 1243//1243
f 1243//1243 1246//1246 1249//1249
f 1244//1244 1067//1067 1150//1150
f 1245//1245 1248//1248 1240//1240
f 1240//1240 1248//1248 1246//1246
f 1249//1249 1067//1067 1244//1244
f 1250//1250 1251//1251 1245//1245
f 1248//1248 1245//1245 1246//1246
f 1249//1249 1152//1152 1067//1067
f 1251//1251 1250//1250 1247//1247
f 1245//1245 1251//1251 1345//1345
f 1252//1252 1245//1245 1345//1345
f 1252//1252 1246//1246 1245//1245
f 1246//1246 1252//1252 1249//1249
f 1154//1154 1149//1149 1151//1151
f 1149//1149 1253//1253 1247//1247
f 1149//1149 1258//1258 1253//1253
f 1260//1260 1249//1249 1252//1252
f 1249//1249 1260//1260 1254//1254
f 1254//1254 1152//1152 1249//1249
f 1149//1149 1255//1255 1258//1258
f 1154//1154 1256//1256 1149//1149
f 1149//1149 1263//1263 1255//1255
f 1149//1149 1256//1256 1263//1263
f 1258//1258 1255//1255 1263//1263
f 1260//1260 1262//1262 1254//1254
f 1262//1262 1155//1155 1254//1254
f 1157//1157 1256//1256 1154//1154
f 1258//1258 1263//1263 1349//1349
f 1261//1261 1257//1257 1259//1259
f 1261//1261 1260//1260 1257//1257
f 1260//1260 1261//1261 1262//1262
f 1262//1262 1156//1156 1155//1155
f 1157//1157 1264//1264 1256//1256
f 1256//1256 1264//1264 1263//1263
f 1261//1261 1265//1265 1266//1266
f 1261//1261 1266//1266 1262//1262
f 1266//1266 1156//1156 1262//1262
f 1266//1266 1158//1158 1156//1156
f 1264//1264 1157//1157 1072//1072
f 1269//1269 1264//1264 1072//1072
f 1266//1266 1265//1265 1267//1267
f 1268//1268 1158//1158 1266//1266
f 1159//1159 1272//1272 1072//1072
f 1159//1159 1072//1072 1076//1076
f 1072//1072 1272//1272 1269//1269
f 1266//1266 1267//1267 1273//1273
f 1266//1266 1270//1270 1268//1268
f 1266//1266 1273//1273 1270//1270
f 1270//1270 1158//1158 1268//1268
f 1273//1273 1078//1078 1158//1158
f 1273//1273 1158//1158 1270//1270
f 1160//1160 1272//1272 1159//1159
f 1273//1273 1267//1267 1274//1274
f 1276//1276 1078//1078 1273//1273
f 1272//1272 1271//1271 1275//1275
f 1273//1273 1274//1274 1276//1276
f 1276//1276 1161//1161 1078//1078
f 1278//1278 1272//1272 1160//1160
f 1272//1272 1278//1278 1271//1271
f 1276//1276 1274//1274 1161//1161
f 1080//1080 1277//1277 1278//1278
f 1080//1080 1279//1279 1277//1277
f 1080//1080 1280//1280 1279//1279
f 1281//1281 1162//1162 1161//1161
f 1080//1080 1282//1282 1280//1280
f 1372//1372 1162//1162 1281//1281
f 1379//1379 1282//1282 1080//1080
f 1369//1369 1163//1163 1162//1162
f 1369//1369 1162//1162 1372//1372
f 1085//1085 1379//1379 1084//1084
f 1382//1382 1379//1379 1085//1085
f 1377//1377 1163//1163 1369//1369
f 1086//1086 1283//1283 1085//1085
f 1382//1382 1085//1085 1283//1283
f 1286//1286 1163//1163 1377//1377
f 1286//1286 1165//1165 1164//1164
f 1286//1286 1164//1164 1163//1163
f 1286//1286 1088//1088 1165//1165
f 1089//1089 1285//1285 1087//1087
f 1087//1087 1285//1285 1086//1086
f 1286//1286 1287//1287 1088//1088
f 1166//1166 1091//1091 1285//1285
f 1166//1166 1285//1285 1089//1089
f 1284//1284 1386//1386 1286//1286
f 1386//1386 1287//1287 1286//1286
f 1386//1386 1168//1168 1088//1088
f 1386//1386 1088//1088 1287//1287
f 1386//1386 1169//1169 1168//1168
f 1387//1387 1091//1091 1289//1289
f 1288//1288 1169//1169 1386//1386
f 1289//1289 1091//1091 1170//1170
f 1393//1393 1171//1171 1288//1288
f 1091//1091 1290//1290 1170//1170
f 1393//1393 1172//1172 1171//1171
f 1173//1173 1290//1290 1091//1091
f 954//954 1172//1172 1393//1393
f 1292//1292 1094//1094 954//954
f 1093//1093 1174//1174 1290//1290
f 1093//1093 1290//1290 1173//1173
f 1291//1291 1290//1290 1174//1174
f 1392//1392 1094//1094 1292//1292
f 1293//1293 1094//1094 1392//1392
f 1295//1295 1176//1176 1094//1094
f 1295//1295 1094//1094 1293//1293
f 1297//1297 1176//1176 1295//1295
f 1177//1177 1298//1298 1175//1175
f 1294//1294 1175//1175 1298//1298
f 1295//1295 1296//1296 1297//1297
f 1296//1296 1180//1180 1297//1297
f 1179//1179 1299//1299 1298//1298
f 1181//1181 1299//1299 1179//1179
f 1183//1183 1182//1182 1180//1180
f 1300//1300 1184//1184 1302//1302
f 1302//1302 1184//1184 1301//1301
f 1096//1096 1183//1183 1598//1598
f 1403//1403 1096//1096 1598//1598
f 1185//1185 1096//1096 1403//1403
f 1186//1186 1301//1301 1097//1097
f 1186//1186 1404//1404 1301//1301
f 1403//1403 1303//1303 1185//1185
f 1188//1188 1406//1406 1186//1186
f 1189//1189 1304//1304 1305//1305
f 1100//1100 1190//1190 1188//1188
f 1409//1409 1188//1188 1190//1190
f 1308//1308 1191//1191 1306//1306
f 1101//1101 1023//1023 1190//1190
f 1307//1307 1190//1190 1023//1023
f 1309//1309 1191//1191 1308//1308
f 1410//1410 1192//1192 1191//1191
f 1410//1410 1191//1191 1309//1309
f 1193//1193 1194//1194 1023//1023
f 1413//1413 1023//1023 1194//1194
f 1410//1410 1195//1195 1192//1192
f 1102//1102 1026//1026 1194//1194
f 1310//1310 1194//1194 1026//1026
f 1522//1522 1196//1196 1195//1195
f 1312//1312 1196//1196 1522//1522
f 1311//1311 1026//1026 1314//1314
f 1314//1314 1026//1026 1104//1104
f 1105//1105 1317//1317 1314//1314
f 1105//1105 1314//1314 1104//1104
f 1197//1197 1317//1317 1105//1105
f 1316//1316 1198//1198 1313//1313
f 1197//1197 1199//1199 1317//1317
f 1421//1421 1198//1198 1316//1316
f 1421//1421 1200//1200 1198//1198
f 1201//1201 1318//1318 1199//1199
f 1424//1424 1200//1200 1421//1421
f 1424//1424 1319//1319 1320//1320
f 1320//1320 1107//1107 1200//1200
f 1320//1320 1200//1200 1424//1424
f 1203//1203 1318//1318 1201//1201
f 1320//1320 1202//1202 1107//1107
f 1321//1321 1318//1318 1203//1203
f 1204//1204 1321//1321 1203//1203
f 1322//1322 1109//1109 1202//1202
f 1322//1322 1205//1205 1109//1109
f 1206//1206 1325//1325 1204//1204
f 1323//1323 1204//1204 1325//1325
f 1322//1322 1207//1207 1205//1205
f 1324//1324 1322//1322 1326//1326
f 1324//1324 1207//1207 1322//1322
f 1327//1327 1325//1325 1206//1206
f 1326//1326 1207//1207 1324//1324
f 1328//1328 1210//1210 1207//1207
f 1328//1328 1207//1207 1326//1326
f 1209//1209 1439//1439 1327//1327
f 1110//1110 1439//1439 1209//1209
f 1329//1329 1212//1212 1210//1210
f 1212//1212 1329//1329 1442//1442
f 1113//1113 1212//1212 1442//1442
f 1213//1213 1211//1211 1112//1112
f 1330//1330 1211//1211 1213//1213
f 1214//1214 1447//1447 1213//1213
f 1447//1447 1214//1214 1215//1215
f 1566//1566 1116//1116 1114//1114
f 1566//1566 1114//1114 1331//1331
f 1566//1566 1448//1448 1116//1116
f 1448//1448 1333//1333 1116//1116
f 1215//1215 1216//1216 1332//1332
f 1116//1116 1333//1333 1217//1217
f 1335//1335 1218//1218 1217//1217
f 1335//1335 1217//1217 1333//1333
f 1219//1219 1332//1332 1216//1216
f 1334//1334 1332//1332 1219//1219
f 1336//1336 1218//1218 1335//1335
f 1118//1118 1220//1220 1221//1221
f 1220//1220 1338//1338 1337//1337
f 1220//1220 1118//1118 1338//1338
f 1340//1340 1339//1339 1335//1335
f 1336//1336 1339//1339 1218//1218
f 1335//1335 1339//1339 1336//1336
f 1224//1224 1341//1341 1118//1118
f 1341//1341 1338//1338 1118//1118
f 1340//1340 1223//1223 1339//1339
f 1339//1339 1223//1223 1218//1218
f 1228//1228 1224//1224 1225//1225
f 1227//1227 1226//1226 1340//1340
f 1340//1340 1226//1226 1223//1223
f 1342//1342 1229//1229 1230//1230
f 1342//1342 1230//1230 1343//1343
f 1343//1343 1230//1230 1344//1344
f 1344//1344 1230//1230 1227//1227
f 1345//1345 1251//1251 1247//1247
f 1247//1247 1346//1346 1345//1345
f 1346//1346 1260//1260 1252//1252
f 1345//1345 1346//1346 1252//1252
f 1346//1346 1257//1257 1260//1260
f 1253//1253 1347//1347 1247//1247
f 1247//1247 1348//1348 1346//1346
f 1247//1247 1347//1347 1348//1348
f 1348//1348 1257//1257 1346//1346
f 1347//1347 1253//1253 1258//1258
f 1351//1351 1257//1257 1348//1348
f 1258//1258 1349//1349 1347//1347
f 1347//1347 1350//1350 1348//1348
f 1348//1348 1350//1350 1351//1351
f 1351//1351 1259//1259 1257//1257
f 1351//1351 1261//1261 1259//1259
f 1349//1349 1352//1352 1347//1347
f 1347//1347 1352//1352 1350//1350
f 1350//1350 1353//1353 1351//1351
f 1351//1351 1265//1265 1261//1261
f 1264//1264 1354//1354 1263//1263
f 1354//1354 1349//1349 1263//1263
f 1350//1350 1352//1352 1353//1353
f 1353//1353 1356//1356 1351//1351
f 1356//1356 1265//1265 1351//1351
f 1354//1354 1358//1358 1349//1349
f 1349//1349 1358//1358 1352//1352
f 1353//1353 1352//1352 1356//1356
f 1269//1269 1354//1354 1264//1264
f 1354//1354 1269//1269 1358//1358
f 1352//1352 1355//1355 1359//1359
f 1352//1352 1359//1359 1356//1356
f 1356//1356 1267//1267 1265//1265
f 1269//1269 1357//1357 1358//1358
f 1358//1358 1360//1360 1352//1352
f 1352//1352 1360//1360 1355//1355
f 1359//1359 1267//1267 1356//1356
f 1272//1272 1357//1357 1269//1269
f 1358//1358 1357//1357 1360//1360
f 1355//1355 1366//1366 1359//1359
f 1355//1355 1360//1360 1366//1366
f 1359//1359 1274//1274 1267//1267
f 1275//1275 1357//1357 1272//1272
f 1357//1357 1365//1365 1360//1360
f 1360//1360 1365//1365 1366//1366
f 1366//1366 1362//1362 1359//1359
f 1362//1362 1274//1274 1359//1359
f 1271//1271 1363//1363 1357//1357
f 1271//1271 1357//1357 1275//1275
f 1357//1357 1363//1363 1361//1361
f 1361//1361 1364//1364 1357//1357
f 1357//1357 1364//1364 1365//1365
f 1366//1366 1367//1367 1362//1362
f 1362//1362 1367//1367 1274//1274
f 1365//1365 1364//1364 1366//1366
f 1370//1370 1161//1161 1274//1274
f 1370//1370 1274//1274 1367//1367
f 1277//1277 1363//1363 1278//1278
f 1363//1363 1271//1271 1278//1278
f 1363//1363 1368//1368 1361//1361
f 1370//1370 1281//1281 1161//1161
f 1279//1279 1363//1363 1277//1277
f 1363//1363 1371//1371 1368//1368
f 1364//1364 1369//1369 1366//1366
f 1366//1366 1369//1369 1367//1367
f 1280//1280 1282//1282 1363//1363
f 1280//1280 1363//1363 1279//1279
f 1363//1363 1282//1282 1371//1371
f 1368//1368 1375//1375 1361//1361
f 1368//1368 1371//1371 1375//1375
f 1361//1361 1375//1375 1364//1364
f 1367//1367 1372//1372 1370//1370
f 1367//1367 1369//1369 1372//1372
f 1372//1372 1281//1281 1370//1370
f 1282//1282 1374//1374 1371//1371
f 1364//1364 1375//1375 1373//1373
f 1364//1364 1373//1373 1369//1369
f 1371//1371 1374//1374 1375//1375
f 1375//1375 1376//1376 1373//1373
f 1373//1373 1377//1377 1369//1369
f 1379//1379 1463//1463 1282//1282
f 1374//1374 1282//1282 1463//1463
f 1376//1376 1378//1378 1373//1373
f 1373//1373 1378//1378 1377//1377
f 1379//1379 1382//1382 1463//1463
f 1380//1380 1378//1378 1376//1376
f 1378//1378 1383//1383 1377//1377
f 1383//1383 1284//1284 1286//1286
f 1383//1383 1286//1286 1377//1377
f 1285//1285 1283//1283 1086//1086
f 1384//1384 1283//1283 1285//1285
f 1381//1381 1382//1382 1384//1384
f 1382//1382 1283//1283 1384//1384
f 1378//1378 1380//1380 1385//1385
f 1378//1378 1284//1284 1383//1383
f 1091//1091 1387//1387 1285//1285
f 1378//1378 1386//1386 1284//1284
f 1385//1385 1386//1386 1378//1378
f 1285//1285 1387//1387 1388//1388
f 1285//1285 1388//1388 1384//1384
f 1385//1385 1389//1389 1386//1386
f 1385//1385 1475//1475 1389//1389
f 1475//1475 1288//1288 1386//1386
f 1475//1475 1386//1386 1389//1389
f 1170//1170 1387//1387 1289//1289
f 1475//1475 1385//1385 1390//1390
f 1475//1475 1393//1393 1288//1288
f 1170//1170 1391//1391 1387//1387
f 1291//1291 1170//1170 1290//1290
f 1483//1483 1170//1170 1291//1291
f 1393//1393 1292//1292 954//954
f 1392//1392 1292//1292 1393//1393
f 1291//1291 1174//1174 1396//1396
f 1394//1394 1395//1395 1392//1392
f 1395//1395 1293//1293 1392//1392
f 1175//1175 1397//1397 1174//1174
f 1394//1394 1293//1293 1395//1395
f 1294//1294 1397//1397 1175//1175
f 1396//1396 1174//1174 1397//1397
f 1394//1394 1295//1295 1293//1293
f 1489//1489 1296//1296 1295//1295
f 1590//1590 1294//1294 1298//1298
f 1398//1398 1180//1180 1296//1296
f 1398//1398 1296//1296 1489//1489
f 1399//1399 1298//1298 1299//1299
f 1398//1398 1401//1401 1180//1180
f 1399//1399 1299//1299 1181//1181
f 1401//1401 1183//1183 1180//1180
f 1300//1300 1181//1181 1184//1184
f 1502//1502 1181//1181 1300//1300
f 1401//1401 1504//1504 1183//1183
f 1300//1300 1302//1302 1502//1502
f 1598//1598 1183//1183 1504//1504
f 1402//1402 1302//1302 1301//1301
f 1404//1404 1402//1402 1301//1301
f 1405//1405 1303//1303 1403//1403
f 1405//1405 1304//1304 1303//1303
f 1406//1406 1404//1404 1186//1186
f 1408//1408 1304//1304 1405//1405
f 1408//1408 1305//1305 1304//1304
f 1409//1409 1406//1406 1188//1188
f 1407//1407 1406//1406 1409//1409
f 1308//1308 1306//1306 1305//1305
f 1308//1308 1305//1305 1408//1408
f 1190//1190 1307//1307 1409//1409
f 1409//1409 1307//1307 1407//1407
f 1309//1309 1308//1308 1410//1410
f 1413//1413 1307//1307 1023//1023
f 1519//1519 1410//1410 1411//1411
f 1519//1519 1195//1195 1410//1410
f 1412//1412 1195//1195 1519//1519
f 1310//1310 1413//1413 1194//1194
f 1412//1412 1522//1522 1195//1195
f 1026//1026 1414//1414 1310//1310
f 1413//1413 1310//1310 1414//1414
f 1311//1311 1414//1414 1026//1026
f 1416//1416 1313//1313 1312//1312
f 1416//1416 1312//1312 1522//1522
f 1414//1414 1311//1311 1314//1314
f 1416//1416 1315//1315 1313//1313
f 1314//1314 1415//1415 1418//1418
f 1417//1417 1313//1313 1315//1315
f 1417//1417 1315//1315 1416//1416
f 1317//1317 1420//1420 1415//1415
f 1317//1317 1415//1415 1314//1314
f 1418//1418 1415//1415 1420//1420
f 1527//1527 1419//1419 1416//1416
f 1421//1421 1416//1416 1419//1419
f 1421//1421 1417//1417 1416//1416
f 1421//1421 1316//1316 1313//1313
f 1421//1421 1313//1313 1417//1417
f 1199//1199 1423//1423 1420//1420
f 1199//1199 1420//1420 1317//1317
f 1319//1319 1424//1424 1421//1421
f 1319//1319 1421//1421 1422//1422
f 1318//1318 1423//1423 1199//1199
f 1425//1425 1423//1423 1318//1318
f 1318//1318 1427//1427 1425//1425
f 1426//1426 1320//1320 1319//1319
f 1428//1428 1426//1426 1319//1319
f 1321//1321 1427//1427 1318//1318
f 1426//1426 1202//1202 1320//1320
f 1321//1321 1431//1431 1427//1427
f 1430//1430 1427//1427 1431//1431
f 1429//1429 1428//1428 1544//1544
f 1429//1429 1426//1426 1428//1428
f 1429//1429 1202//1202 1426//1426
f 1204//1204 1431//1431 1321//1321
f 1429//1429 1322//1322 1202//1202
f 1323//1323 1431//1431 1204//1204
f 1430//1430 1431//1431 1433//1433
f 1432//1432 1322//1322 1429//1429
f 1323//1323 1433//1433 1431//1431
f 1438//1438 1432//1432 1434//1434
f 1438//1438 1326//1326 1322//1322
f 1438//1438 1322//1322 1432//1432
f 1325//1325 1433//1433 1323//1323
f 1435//1435 1433//1433 1325//1325
f 1327//1327 1436//1436 1325//1325
f 1437//1437 1325//1325 1436//1436
f 1435//1435 1325//1325 1437//1437
f 1437//1437 1436//1436 1327//1327
f 1438//1438 1434//1434 1328//1328
f 1328//1328 1326//1326 1438//1438
f 1437//1437 1327//1327 1439//1439
f 1440//1440 1210//1210 1328//1328
f 1110//1110 1441//1441 1439//1439
f 1442//1442 1329//1329 1210//1210
f 1442//1442 1210//1210 1440//1440
f 1211//1211 1443//1443 1441//1441
f 1211//1211 1441//1441 1110//1110
f 1211//1211 1444//1444 1443//1443
f 1559//1559 1113//1113 1442//1442
f 1330//1330 1444//1444 1211//1211
f 1213//1213 1445//1445 1444//1444
f 1213//1213 1444//1444 1330//1330
f 1446//1446 1562//1562 1113//1113
f 1447//1447 1445//1445 1213//1213
f 1566//1566 1331//1331 1562//1562
f 1215//1215 1565//1565 1447//1447
f 1333//1333 1448//1448 1568//1568
f 1449//1449 1565//1565 1332//1332
f 1565//1565 1215//1215 1332//1332
f 1568//1568 1450//1450 1333//1333
f 1334//1334 1449//1449 1332//1332
f 1450//1450 1335//1335 1333//1333
f 1453//1453 1452//1452 1220//1220
f 1220//1220 1452//1452 1334//1334
f 1452//1452 1449//1449 1334//1334
f 1450//1450 1451//1451 1335//1335
f 1455//1455 1575//1575 1220//1220
f 1220//1220 1575//1575 1453//1453
f 1454//1454 1335//1335 1451//1451
f 1337//1337 1455//1455 1220//1220
f 1338//1338 1455//1455 1337//1337
f 1457//1457 1340//1340 1454//1454
f 1454//1454 1340//1340 1335//1335
f 1338//1338 1341//1341 1224//1224
f 1461//1461 1460//1460 1459//1459
f 1461//1461 1462//1462 1457//1457
f 1457//1457 1462//1462 1340//1340
f 1338//1338 1224//1224 1228//1228
f 1338//1338 1228//1228 1456//1456
f 1456//1456 1228//1228 1229//1229
f 1456//1456 1229//1229 1458//1458
f 1458//1458 1229//1229 1342//1342
f 1458//1458 1342//1342 1459//1459
f 1459//1459 1342//1342 1343//1343
f 1459//1459 1343//1343 1344//1344
f 1459//1459 1344//1344 1461//1461
f 1461//1461 1344//1344 1227//1227
f 1461//1461 1227//1227 1462//1462
f 1462//1462 1227//1227 1340//1340
f 1464//1464 1375//1375 1374//1374
f 1464//1464 1374//1374 1463//1463
f 1464//1464 1376//1376 1375//1375
f 1464//1464 1465//1465 1376//1376
f 1465//1465 1380//1380 1376//1376
f 1381//1381 1463//1463 1382//1382
f 1470//1470 1463//1463 1381//1381
f 1463//1463 1470//1470 1466//1466
f 1463//1463 1466//1466 1464//1464
f 1464//1464 1380//1380 1465//1465
f 1384//1384 1470//1470 1381//1381
f 1466//1466 1467//1467 1464//1464
f 1464//1464 1467//1467 1468//1468
f 1464//1464 1468//1468 1380//1380
f 1468//1468 1385//1385 1380//1380
f 1469//1469 1384//1384 1388//1388
f 1384//1384 1469//1469 1470//1470
f 1471//1471 1472//1472 1470//1470
f 1472//1472 1466//1466 1470//1470
f 1467//1467 1385//1385 1468//1468
f 1469//1469 1473//1473 1470//1470
f 1470//1470 1473//1473 1583//1583
f 1466//1466 1474//1474 1467//1467
f 1466//1466 1472//1472 1474//1474
f 1467//1467 1390//1390 1385//1385
f 1391//1391 1388//1388 1387//1387
f 1388//1388 1391//1391 1469//1469
f 1476//1476 1474//1474 1472//1472
f 1474//1474 1480//1480 1467//1467
f 1467//1467 1475//1475 1390//1390
f 1480//1480 1475//1475 1467//1467
f 1480//1480 1393//1393 1475//1475
f 1170//1170 1483//1483 1391//1391
f 1391//1391 1477//1477 1469//1469
f 1478//1478 1479//1479 1476//1476
f 1476//1476 1479//1479 1474//1474
f 1480//1480 1392//1392 1393//1393
f 1483//1483 1481//1481 1391//1391
f 1391//1391 1481//1481 1477//1477
f 1480//1480 1479//1479 1392//1392
f 1474//1474 1479//1479 1480//1480
f 1483//1483 1484//1484 1481//1481
f 1481//1481 1488//1488 1485//1485
f 1485//1485 1482//1482 1478//1478
f 1482//1482 1486//1486 1478//1478
f 1478//1478 1487//1487 1479//1479
f 1478//1478 1486//1486 1487//1487
f 1487//1487 1394//1394 1392//1392
f 1487//1487 1392//1392 1479//1479
f 1396//1396 1483//1483 1291//1291
f 1481//1481 1484//1484 1488//1488
f 1485//1485 1488//1488 1489//1489
f 1485//1485 1490//1490 1482//1482
f 1485//1485 1489//1489 1490//1490
f 1486//1486 1295//1295 1394//1394
f 1486//1486 1394//1394 1487//1487
f 1483//1483 1491//1491 1484//1484
f 1483//1483 1396//1396 1491//1491
f 1482//1482 1295//1295 1486//1486
f 1491//1491 1492//1492 1484//1484
f 1491//1491 1396//1396 1492//1492
f 1484//1484 1492//1492 1494//1494
f 1490//1490 1489//1489 1295//1295
f 1490//1490 1295//1295 1482//1482
f 1397//1397 1493//1493 1396//1396
f 1396//1396 1500//1500 1492//1492
f 1396//1396 1493//1493 1500//1500
f 1484//1484 1494//1494 1488//1488
f 1590//1590 1397//1397 1294//1294
f 1494//1494 1495//1495 1488//1488
f 1488//1488 1496//1496 1489//1489
f 1488//1488 1495//1495 1496//1496
f 1496//1496 1398//1398 1489//1489
f 1590//1590 1497//1497 1397//1397
f 1397//1397 1497//1497 1493//1493
f 1492//1492 1498//1498 1494//1494
f 1492//1492 1500//1500 1498//1498
f 1494//1494 1499//1499 1495//1495
f 1494//1494 1498//1498 1499//1499
f 1495//1495 1401//1401 1398//1398
f 1495//1495 1398//1398 1496//1496
f 1399//1399 1590//1590 1298//1298
f 1500//1500 1493//1493 1593//1593
f 1499//1499 1400//1400 1401//1401
f 1499//1499 1401//1401 1495//1495
f 1590//1590 1502//1502 1501//1501
f 1590//1590 1399//1399 1502//1502
f 1498//1498 1400//1400 1499//1499
f 1502//1502 1399//1399 1181//1181
f 1503//1503 1400//1400 1498//1498
f 1400//1400 1504//1504 1401//1401
f 1503//1503 1504//1504 1400//1400
f 1302//1302 1505//1505 1502//1502
f 1502//1502 1505//1505 1501//1501
f 1506//1506 1504//1504 1503//1503
f 1506//1506 1598//1598 1504//1504
f 1302//1302 1507//1507 1505//1505
f 1402//1402 1507//1507 1302//1302
f 1405//1405 1403//1403 1598//1598
f 1404//1404 1508//1508 1402//1402
f 1507//1507 1402//1402 1508//1508
f 1510//1510 1408//1408 1405//1405
f 1406//1406 1508//1508 1404//1404
f 1509//1509 1508//1508 1406//1406
f 1509//1509 1406//1406 1511//1511
f 1511//1511 1406//1406 1407//1407
f 1513//1513 1510//1510 1512//1512
f 1513//1513 1408//1408 1510//1510
f 1513//1513 1308//1308 1408//1408
f 1511//1511 1407//1407 1514//1514
f 1512//1512 1410//1410 1308//1308
f 1512//1512 1308//1308 1513//1513
f 1512//1512 1517//1517 1410//1410
f 1515//1515 1517//1517 1512//1512
f 1307//1307 1516//1516 1407//1407
f 1514//1514 1407//1407 1516//1516
f 1515//1515 1519//1519 1517//1517
f 1517//1517 1411//1411 1410//1410
f 1413//1413 1516//1516 1307//1307
f 1518//1518 1516//1516 1413//1413
f 1519//1519 1411//1411 1517//1517
f 1518//1518 1413//1413 1520//1520
f 1620//1620 1412//1412 1519//1519
f 1521//1521 1522//1522 1620//1620
f 1522//1522 1412//1412 1620//1620
f 1414//1414 1523//1523 1413//1413
f 1520//1520 1413//1413 1523//1523
f 1521//1521 1524//1524 1522//1522
f 1525//1525 1416//1416 1522//1522
f 1525//1525 1522//1522 1524//1524
f 1524//1524 1527//1527 1525//1525
f 1524//1524 1526//1526 1527//1527
f 1527//1527 1416//1416 1525//1525
f 1418//1418 1414//1414 1314//1314
f 1528//1528 1414//1414 1418//1418
f 1420//1420 1528//1528 1418//1418
f 1414//1414 1528//1528 1532//1532
f 1530//1530 1527//1527 1526//1526
f 1529//1529 1419//1419 1527//1527
f 1530//1530 1529//1529 1527//1527
f 1529//1529 1421//1421 1419//1419
f 1529//1529 1422//1422 1421//1421
f 1423//1423 1528//1528 1420//1420
f 1528//1528 1531//1531 1532//1532
f 1529//1529 1319//1319 1422//1422
f 1423//1423 1531//1531 1528//1528
f 1530//1530 1534//1534 1535//1535
f 1530//1530 1533//1533 1529//1529
f 1530//1530 1535//1535 1533//1533
f 1533//1533 1319//1319 1529//1529
f 1423//1423 1539//1539 1531//1531
f 1532//1532 1531//1531 1537//1537
f 1535//1535 1319//1319 1533//1533
f 1425//1425 1539//1539 1423//1423
f 1539//1539 1536//1536 1531//1531
f 1537//1537 1531//1531 1536//1536
f 1540//1540 1428//1428 1319//1319
f 1540//1540 1319//1319 1535//1535
f 1535//1535 1534//1534 1538//1538
f 1535//1535 1538//1538 1540//1540
f 1427//1427 1539//1539 1425//1425
f 1537//1537 1536//1536 1543//1543
f 1540//1540 1538//1538 1534//1534
f 1539//1539 1541//1541 1536//1536
f 1543//1543 1536//1536 1541//1541
f 1542//1542 1544//1544 1428//1428
f 1542//1542 1428//1428 1540//1540
f 1430//1430 1539//1539 1427//1427
f 1543//1543 1541//1541 1539//1539
f 1545//1545 1544//1544 1542//1542
f 1539//1539 1430//1430 1546//1546
f 1544//1544 1432//1432 1429//1429
f 1433//1433 1546//1546 1430//1430
f 1545//1545 1547//1547 1544//1544
f 1547//1547 1432//1432 1544//1544
f 1546//1546 1433//1433 1548//1548
f 1547//1547 1545//1545 1549//1549
f 1547//1547 1434//1434 1432//1432
f 1549//1549 1434//1434 1547//1547
f 1433//1433 1435//1435 1548//1548
f 1549//1549 1545//1545 1550//1550
f 1550//1550 1434//1434 1549//1549
f 1437//1437 1551//1551 1435//1435
f 1553//1553 1435//1435 1551//1551
f 1548//1548 1435//1435 1553//1553
f 1552//1552 1328//1328 1434//1434
f 1552//1552 1434//1434 1550//1550
f 1439//1439 1551//1551 1437//1437
f 1554//1554 1328//1328 1552//1552
f 1554//1554 1440//1440 1328//1328
f 1441//1441 1556//1556 1439//1439
f 1439//1439 1556//1556 1551//1551
f 1554//1554 1442//1442 1440//1440
f 1556//1556 1555//1555 1551//1551
f 1557//1557 1559//1559 1442//1442
f 1557//1557 1442//1442 1554//1554
f 1443//1443 1556//1556 1441//1441
f 1557//1557 1554//1554 1558//1558
f 1444//1444 1556//1556 1443//1443
f 1560//1560 1556//1556 1444//1444
f 1557//1557 1558//1558 1561//1561
f 1557//1557 1561//1561 1559//1559
f 1560//1560 1444//1444 1445//1445
f 1561//1561 1446//1446 1113//1113
f 1561//1561 1113//1113 1559//1559
f 1562//1562 1561//1561 1558//1558
f 1562//1562 1446//1446 1561//1561
f 1563//1563 1445//1445 1447//1447
f 1568//1568 1562//1562 1564//1564
f 1568//1568 1566//1566 1562//1562
f 1563//1563 1447//1447 1565//1565
f 1568//1568 1448//1448 1566//1566
f 1687//1687 1565//1565 1449//1449
f 1567//1567 1565//1565 1687//1687
f 1568//1568 1570//1570 1450//1450
f 1452//1452 1687//1687 1449//1449
f 1687//1687 1452//1452 1569//1569
f 1572//1572 1451//1451 1450//1450
f 1572//1572 1450//1450 1570//1570
f 1575//1575 1452//1452 1453//1453
f 1569//1569 1452//1452 1575//1575
f 1574//1574 1570//1570 1571//1571
f 1574//1574 1572//1572 1570//1570
f 1572//1572 1454//1454 1451//1451
f 1573//1573 1569//1569 1578//1578
f 1569//1569 1575//1575 1578//1578
f 1572//1572 1574//1574 1454//1454
f 1338//1338 1575//1575 1455//1455
f 1575//1575 1338//1338 1456//1456
f 1575//1575 1456//1456 1578//1578
f 1692//1692 1578//1578 1579//1579
f 1578//1578 1580//1580 1579//1579
f 1581//1581 1576//1576 1577//1577
f 1581//1581 1582//1582 1576//1576
f 1576//1576 1582//1582 1457//1457
f 1576//1576 1457//1457 1574//1574
f 1574//1574 1457//1457 1454//1454
f 1458//1458 1578//1578 1456//1456
f 1578//1578 1458//1458 1580//1580
f 1580//1580 1458//1458 1459//1459
f 1580//1580 1459//1459 1581//1581
f 1581//1581 1459//1459 1460//1460
f 1581//1581 1460//1460 1461//1461
f 1581//1581 1461//1461 1582//1582
f 1582//1582 1461//1461 1457//1457
f 1583//1583 1471//1471 1470//1470
f 1583//1583 1584//1584 1471//1471
f 1584//1584 1472//1472 1471//1471
f 1473//1473 1586//1586 1583//1583
f 1583//1583 1585//1585 1584//1584
f 1583//1583 1586//1586 1585//1585
f 1584//1584 1585//1585 1472//1472
f 1585//1585 1476//1476 1472//1472
f 1469//1469 1586//1586 1473//1473
f 1585//1585 1586//1586 1476//1476
f 1477//1477 1586//1586 1469//1469
f 1476//1476 1586//1586 1478//1478
f 1481//1481 1586//1586 1477//1477
f 1587//1587 1586//1586 1481//1481
f 1587//1587 1588//1588 1586//1586
f 1588//1588 1478//1478 1586//1586
f 1485//1485 1587//1587 1481//1481
f 1587//1587 1485//1485 1588//1588
f 1588//1588 1485//1485 1478//1478
f 1497//1497 1589//1589 1493//1493
f 1593//1593 1493//1493 1589//1589
f 1589//1589 1497//1497 1590//1590
f 1591//1591 1589//1589 1590//1590
f 1593//1593 1498//1498 1500//1500
f 1501//1501 1592//1592 1590//1590
f 1590//1590 1592//1592 1591//1591
f 1589//1589 1591//1591 1593//1593
f 1594//1594 1498//1498 1593//1593
f 1594//1594 1503//1503 1498//1498
f 1596//1596 1501//1501 1505//1505
f 1591//1591 1597//1597 1593//1593
f 1593//1593 1597//1597 1595//1595
f 1593//1593 1595//1595 1594//1594
f 1594//1594 1506//1506 1503//1503
f 1592//1592 1501//1501 1596//1596
f 1592//1592 1698//1698 1591//1591
f 1597//1597 1591//1591 1698//1698
f 1594//1594 1595//1595 1602//1602
f 1594//1594 1598//1598 1506//1506
f 1602//1602 1598//1598 1594//1594
f 1507//1507 1601//1601 1505//1505
f 1505//1505 1601//1601 1596//1596
f 1597//1597 1599//1599 1595//1595
f 1602//1602 1405//1405 1598//1598
f 1508//1508 1603//1603 1507//1507
f 1507//1507 1600//1600 1601//1601
f 1507//1507 1603//1603 1600//1600
f 1595//1595 1599//1599 1602//1602
f 1602//1602 1510//1510 1405//1405
f 1609//1609 1601//1601 1600//1600
f 1701//1701 1605//1605 1599//1599
f 1509//1509 1603//1603 1508//1508
f 1600//1600 1603//1603 1609//1609
f 1701//1701 1604//1604 1605//1605
f 1599//1599 1610//1610 1602//1602
f 1599//1599 1605//1605 1610//1610
f 1610//1610 1510//1510 1602//1602
f 1511//1511 1603//1603 1509//1509
f 1610//1610 1512//1512 1510//1510
f 1511//1511 1608//1608 1603//1603
f 1511//1511 1514//1514 1608//1608
f 1603//1603 1611//1611 1609//1609
f 1603//1603 1608//1608 1611//1611
f 1604//1604 1607//1607 1605//1605
f 1605//1605 1607//1607 1610//1610
f 1606//1606 1617//1617 1604//1604
f 1607//1607 1604//1604 1610//1610
f 1610//1610 1515//1515 1512//1512
f 1617//1617 1612//1612 1604//1604
f 1604//1604 1614//1614 1610//1610
f 1604//1604 1612//1612 1614//1614
f 1614//1614 1515//1515 1610//1610
f 1516//1516 1518//1518 1514//1514
f 1514//1514 1618//1618 1608//1608
f 1514//1514 1518//1518 1618//1618
f 1611//1611 1608//1608 1709//1709
f 1606//1606 1613//1613 1617//1617
f 1709//1709 1608//1608 1615//1615
f 1615//1615 1608//1608 1618//1618
f 1612//1612 1515//1515 1614//1614
f 1612//1612 1617//1617 1515//1515
f 1518//1518 1520//1520 1618//1618
f 1617//1617 1613//1613 1616//1616
f 1617//1617 1619//1619 1515//1515
f 1620//1620 1519//1519 1515//1515
f 1619//1619 1620//1620 1515//1515
f 1622//1622 1621//1621 1617//1617
f 1621//1621 1623//1623 1617//1617
f 1617//1617 1623//1623 1619//1619
f 1620//1620 1619//1619 1521//1521
f 1523//1523 1624//1624 1520//1520
f 1520//1520 1625//1625 1618//1618
f 1520//1520 1624//1624 1625//1625
f 1618//1618 1625//1625 1626//1626
f 1627//1627 1621//1621 1622//1622
f 1619//1619 1623//1623 1628//1628
f 1628//1628 1521//1521 1619//1619
f 1626//1626 1625//1625 1627//1627
f 1627//1627 1632//1632 1621//1621
f 1628//1628 1623//1623 1524//1524
f 1628//1628 1524//1524 1521//1521
f 1523//1523 1629//1629 1624//1624
f 1624//1624 1630//1630 1625//1625
f 1625//1625 1631//1631 1627//1627
f 1627//1627 1631//1631 1632//1632
f 1621//1621 1524//1524 1623//1623
f 1414//1414 1629//1629 1523//1523
f 1629//1629 1633//1633 1624//1624
f 1629//1629 1414//1414 1633//1633
f 1624//1624 1633//1633 1630//1630
f 1625//1625 1630//1630 1631//1631
f 1621//1621 1632//1632 1526//1526
f 1621//1621 1526//1526 1524//1524
f 1532//1532 1646//1646 1414//1414
f 1414//1414 1646//1646 1633//1633
f 1632//1632 1631//1631 1638//1638
f 1632//1632 1634//1634 1526//1526
f 1638//1638 1634//1634 1632//1632
f 1634//1634 1530//1530 1526//1526
f 1633//1633 1637//1637 1630//1630
f 1630//1630 1635//1635 1631//1631
f 1631//1631 1635//1635 1638//1638
f 1638//1638 1530//1530 1634//1634
f 1532//1532 1641//1641 1646//1646
f 1646//1646 1636//1636 1633//1633
f 1630//1630 1637//1637 1635//1635
f 1638//1638 1534//1534 1530//1530
f 1646//1646 1642//1642 1636//1636
f 1636//1636 1642//1642 1633//1633
f 1633//1633 1639//1639 1637//1637
f 1637//1637 1639//1639 1643//1643
f 1637//1637 1643//1643 1635//1635
f 1635//1635 1640//1640 1638//1638
f 1638//1638 1640//1640 1644//1644
f 1644//1644 1534//1534 1638//1638
f 1537//1537 1641//1641 1532//1532
f 1642//1642 1639//1639 1633//1633
f 1635//1635 1643//1643 1640//1640
f 1537//1537 1645//1645 1641//1641
f 1641//1641 1645//1645 1646//1646
f 1646//1646 1647//1647 1642//1642
f 1639//1639 1659//1659 1643//1643
f 1640//1640 1534//1534 1644//1644
f 1645//1645 1649//1649 1646//1646
f 1646//1646 1649//1649 1647//1647
f 1639//1639 1642//1642 1648//1648
f 1658//1658 1659//1659 1639//1639
f 1643//1643 1650//1650 1640//1640
f 1643//1643 1659//1659 1650//1650
f 1640//1640 1650//1650 1651//1651
f 1651//1651 1534//1534 1640//1640
f 1543//1543 1645//1645 1537//1537
f 1645//1645 1543//1543 1649//1649
f 1647//1647 1649//1649 1642//1642
f 1651//1651 1540//1540 1534//1534
f 1649//1649 1543//1543 1657//1657
f 1642//1642 1649//1649 1657//1657
f 1650//1650 1659//1659 1653//1653
f 1650//1650 1654//1654 1651//1651
f 1650//1650 1653//1653 1654//1654
f 1654//1654 1542//1542 1540//1540
f 1654//1654 1540//1540 1651//1651
f 1543//1543 1656//1656 1657//1657
f 1543//1543 1655//1655 1656//1656
f 1653//1653 1542//1542 1654//1654
f 1546//1546 1662//1662 1539//1539
f 1662//1662 1543//1543 1539//1539
f 1660//1660 1543//1543 1662//1662
f 1543//1543 1660//1660 1655//1655
f 1661//1661 1659//1659 1658//1658
f 1659//1659 1661//1661 1653//1653
f 1653//1653 1545//1545 1542//1542
f 1661//1661 1663//1663 1653//1653
f 1653//1653 1663//1663 1664//1664
f 1664//1664 1545//1545 1653//1653
f 1548//1548 1662//1662 1546//1546
f 1655//1655 1660//1660 1662//1662
f 1663//1663 1661//1661 1666//1666
f 1548//1548 1665//1665 1662//1662
f 1662//1662 1665//1665 1721//1721
f 1669//1669 1663//1663 1666//1666
f 1663//1663 1668//1668 1664//1664
f 1663//1663 1669//1669 1668//1668
f 1668//1668 1545//1545 1664//1664
f 1548//1548 1667//1667 1665//1665
f 1553//1553 1667//1667 1548//1548
f 1668//1668 1550//1550 1545//1545
f 1668//1668 1552//1552 1550//1550
f 1669//1669 1670//1670 1668//1668
f 1668//1668 1670//1670 1672//1672
f 1672//1672 1554//1554 1552//1552
f 1672//1672 1552//1552 1668//1668
f 1553//1553 1673//1673 1667//1667
f 1670//1670 1669//1669 1671//1671
f 1673//1673 1553//1553 1551//1551
f 1670//1670 1554//1554 1672//1672
f 1556//1556 1675//1675 1555//1555
f 1675//1675 1551//1551 1555//1555
f 1677//1677 1551//1551 1675//1675
f 1673//1673 1551//1551 1677//1677
f 1674//1674 1676//1676 1670//1670
f 1676//1676 1554//1554 1670//1670
f 1674//1674 1558//1558 1554//1554
f 1674//1674 1554//1554 1676//1676
f 1560//1560 1675//1675 1556//1556
f 1674//1674 1678//1678 1680//1680
f 1674//1674 1680//1680 1558//1558
f 1560//1560 1679//1679 1675//1675
f 1558//1558 1680//1680 1678//1678
f 1445//1445 1681//1681 1679//1679
f 1445//1445 1679//1679 1560//1560
f 1558//1558 1678//1678 1740//1740
f 1740//1740 1682//1682 1558//1558
f 1682//1682 1562//1562 1558//1558
f 1563//1563 1681//1681 1445//1445
f 1734//1734 1679//1679 1681//1681
f 1740//1740 1564//1564 1562//1562
f 1740//1740 1562//1562 1682//1682
f 1684//1684 1681//1681 1563//1563
f 1740//1740 1683//1683 1568//1568
f 1740//1740 1568//1568 1564//1564
f 1567//1567 1563//1563 1565//1565
f 1686//1686 1570//1570 1568//1568
f 1686//1686 1568//1568 1683//1683
f 1687//1687 1563//1563 1567//1567
f 1688//1688 1683//1683 1685//1685
f 1683//1683 1570//1570 1686//1686
f 1573//1573 1687//1687 1569//1569
f 1687//1687 1690//1690 1689//1689
f 1687//1687 1573//1573 1690//1690
f 1691//1691 1688//1688 1685//1685
f 1683//1683 1688//1688 1571//1571
f 1683//1683 1571//1571 1570//1570
f 1690//1690 1579//1579 1693//1693
f 1690//1690 1692//1692 1579//1579
f 1688//1688 1574//1574 1571//1571
f 1578//1578 1690//1690 1573//1573
f 1690//1690 1578//1578 1692//1692
f 1579//1579 1695//1695 1694//1694
f 1691//1691 1696//1696 1577//1577
f 1694//1694 1696//1696 1691//1691
f 1691//1691 1577//1577 1576//1576
f 1691//1691 1576//1576 1688//1688
f 1688//1688 1576//1576 1574//1574
f 1579//1579 1580//1580 1695//1695
f 1695//1695 1580//1580 1581//1581
f 1695//1695 1581//1581 1694//1694
f 1694//1694 1581//1581 1696//1696
f 1696//1696 1581//1581 1577//1577
f 1596//1596 1697//1697 1592//1592
f 1698//1698 1592//1592 1697//1697
f 1601//1601 1697//1697 1596//1596
f 1698//1698 1697//1697 1699//1699
f 1698//1698 1699//1699 1597//1597
f 1699//1699 1599//1599 1597//1597
f 1699//1699 1701//1701 1599//1599
f 1609//1609 1700//1700 1601//1601
f 1601//1601 1702//1702 1697//1697
f 1601//1601 1700//1700 1702//1702
f 1697//1697 1701//1701 1699//1699
f 1697//1697 1703//1703 1701//1701
f 1697//1697 1702//1702 1703//1703
f 1703//1703 1604//1604 1701//1701
f 1700//1700 1609//1609 1702//1702
f 1702//1702 1606//1606 1604//1604
f 1702//1702 1604//1604 1703//1703
f 1609//1609 1708//1708 1702//1702
f 1702//1702 1704//1704 1705//1705
f 1705//1705 1606//1606 1702//1702
f 1708//1708 1706//1706 1702//1702
f 1702//1702 1707//1707 1704//1704
f 1702//1702 1706//1706 1707//1707
f 1704//1704 1606//1606 1705//1705
f 1611//1611 1708//1708 1609//1609
f 1707//1707 1613//1613 1606//1606
f 1707//1707 1606//1606 1704//1704
f 1709//1709 1708//1708 1611//1611
f 1706//1706 1613//1613 1707//1707
f 1708//1708 1710//1710 1706//1706
f 1708//1708 1709//1709 1710//1710
f 1706//1706 1616//1616 1613//1613
f 1710//1710 1711//1711 1706//1706
f 1711//1711 1616//1616 1706//1706
f 1626//1626 1615//1615 1618//1618
f 1615//1615 1626//1626 1709//1709
f 1616//1616 1710//1710 1622//1622
f 1711//1711 1710//1710 1616//1616
f 1616//1616 1622//1622 1617//1617
f 1709//1709 1626//1626 1627//1627
f 1709//1709 1627//1627 1710//1710
f 1710//1710 1627//1627 1622//1622
f 1648//1648 1658//1658 1639//1639
f 1648//1648 1713//1713 1658//1658
f 1657//1657 1713//1713 1642//1642
f 1713//1713 1648//1648 1642//1642
f 1712//1712 1652//1652 1658//1658
f 1712//1712 1658//1658 1713//1713
f 1713//1713 1652//1652 1712//1712
f 1713//1713 1714//1714 1652//1652
f 1656//1656 1715//1715 1713//1713
f 1656//1656 1713//1713 1657//1657
f 1713//1713 1715//1715 1714//1714
f 1716//1716 1658//1658 1652//1652
f 1714//1714 1716//1716 1652//1652
f 1716//1716 1661//1661 1658//1658
f 1655//1655 1715//1715 1656//1656
f 1714//1714 1661//1661 1716//1716
f 1662//1662 1717//1717 1655//1655
f 1655//1655 1718//1718 1715//1715
f 1655//1655 1717//1717 1718//1718
f 1715//1715 1718//1718 1714//1714
f 1666//1666 1661//1661 1714//1714
f 1717//1717 1662//1662 1718//1718
f 1718//1718 1719//1719 1714//1714
f 1714//1714 1720//1720 1666//1666
f 1714//1714 1719//1719 1720//1720
f 1720//1720 1669//1669 1666//1666
f 1722//1722 1662//1662 1721//1721
f 1662//1662 1722//1722 1718//1718
f 1718//1718 1723//1723 1719//1719
f 1667//1667 1721//1721 1665//1665
f 1718//1718 1722//1722 1723//1723
f 1719//1719 1725//1725 1720//1720
f 1720//1720 1671//1671 1669//1669
f 1726//1726 1721//1721 1667//1667
f 1721//1721 1726//1726 1722//1722
f 1719//1719 1723//1723 1725//1725
f 1725//1725 1728//1728 1720//1720
f 1728//1728 1671//1671 1720//1720
f 1726//1726 1724//1724 1722//1722
f 1722//1722 1724//1724 1727//1727
f 1722//1722 1727//1727 1723//1723
f 1725//1725 1730//1730 1728//1728
f 1728//1728 1670//1670 1671//1671
f 1726//1726 1667//1667 1673//1673
f 1726//1726 1729//1729 1724//1724
f 1727//1727 1732//1732 1723//1723
f 1728//1728 1674//1674 1670//1670
f 1677//1677 1726//1726 1673//1673
f 1727//1727 1724//1724 1732//1732
f 1723//1723 1732//1732 1725//1725
f 1730//1730 1674//1674 1728//1728
f 1726//1726 1677//1677 1729//1729
f 1729//1729 1736//1736 1724//1724
f 1724//1724 1736//1736 1731//1731
f 1724//1724 1731//1731 1732//1732
f 1732//1732 1737//1737 1725//1725
f 1725//1725 1733//1733 1730//1730
f 1730//1730 1678//1678 1674//1674
f 1675//1675 1734//1734 1677//1677
f 1729//1729 1677//1677 1736//1736
f 1733//1733 1735//1735 1730//1730
f 1733//1733 1725//1725 1735//1735
f 1735//1735 1678//1678 1730//1730
f 1679//1679 1734//1734 1675//1675
f 1737//1737 1732//1732 1731//1731
f 1737//1737 1738//1738 1725//1725
f 1725//1725 1738//1738 1735//1735
f 1734//1734 1739//1739 1677//1677
f 1677//1677 1739//1739 1741//1741
f 1736//1736 1677//1677 1741//1741
f 1737//1737 1742//1742 1738//1738
f 1735//1735 1738//1738 1740//1740
f 1740//1740 1678//1678 1735//1735
f 1681//1681 1684//1684 1734//1734
f 1738//1738 1683//1683 1740//1740
f 1734//1734 1744//1744 1739//1739
f 1734//1734 1684//1684 1744//1744
f 1750//1750 1742//1742 1743//1743
f 1750//1750 1747//1747 1742//1742
f 1742//1742 1745//1745 1738//1738
f 1745//1745 1683//1683 1738//1738
f 1739//1739 1746//1746 1750//1750
f 1739//1739 1744//1744 1746//1746
f 1742//1742 1747//1747 1745//1745
f 1745//1745 1685//1685 1683//1683
f 1687//1687 1684//1684 1563//1563
f 1748//1748 1684//1684 1687//1687
f 1750//1750 1746//1746 1747//1747
f 1745//1745 1747//1747 1685//1685
f 1689//1689 1748//1748 1687//1687
f 1748//1748 1689//1689 1690//1690
f 1748//1748 1690//1690 1684//1684
f 1693//1693 1684//1684 1690//1690
f 1744//1744 1684//1684 1693//1693
f 1747//1747 1691//1691 1685//1685
f 1693//1693 1579//1579 1744//1744
f 1744//1744 1579//1579 1694//1694
f 1744//1744 1694//1694 1746//1746
f 1746//1746 1694//1694 1747//1747
f 1747//1747 1694//1694 1691//1691
f 1736//1736 1749//1749 1731//1731
f 1737//1737 1731//1731 1749//1749
f 1741//1741 1749//1749 1736//1736
f 1749//1749 1742//1742 1737//1737
f 1741//1741 1750//1750 1749//1749
f 1749//1749 1750//1750 1751//1751
f 1751//1751 1743//1743 1742//1742
f 1751//1751 1742//1742 1749//1749
f 1741//1741 1739//1739 1750//1750
f 1751//1751 1750//1750 1743//1743
o boots
usemtl boots
v -0.0541 -0.9138 -0.0061
v -0.0545 -0.9177 0.0009
v -0.0481 -0.9517 -0.0420
v -0.0484 -0.9502 -0.0406
v -0.0501 -0.9507 0.0188
v -0.0482 -0.9511 0.0415
v -0.0491 -0.9467 -0.1163
v -0.0485 -0.9499 -0.0600
v -0.0490 -0.9448 -0.0582
v -0.0485 -0.9510 0.0347
v -0.0483 -0.9510 -0.0377
v -0.0506 -0.9497 -0.0171
v -0.0511 -0.9503 0.0007
v -0.0519 -0.9409 0.0185
v -0.0488 -0.9451 -0.1321
v -0.0483 -0.9398 0.0545
v -0.0493 -0.9311 -0.0483
v -0.0497 -0.9365 -0.0403
v -0.0502 -0.9406 -0.0327
v -0.0493 -0.9393 -0.0732
v -0.0492 -0.9120 -0.0628
v -0.0518 -0.9454 -0.0179
v -0.0486 -0.9228 0.0521
v -0.0484 -0.9192 0.0534
v -0.0484 -0.9157 -0.1341
v -0.0493 -0.9199 -0.0699
v -0.0530 -0.9145 -0.0184
v -0.0541 -0.9313 0.0052
v -0.0483 -0.9087 0.0534
v -0.0491 -0.9081 -0.1258
v -0.0486 -0.9046 -0.0953
v -0.0491 -0.9067 -0.0802
v -0.0536 -0.9123 0.0141
v -0.0481 -0.9013 0.0488
v -0.0451 -0.8981 0.0579
v -0.0484 -0.9038 -0.1300
v -0.0480 -0.9010 -0.1172
v -0.0479 -0.9014 -0.0853
v -0.0469 -0.8982 -0.0547
v -0.0491 -0.9058 -0.0508
v -0.0494 -0.9043 -0.0398
v -0.0508 -0.9002 0.0278
v -0.0484 -0.8934 -0.0305
v -0.0537 -0.9014 -0.0081
v -0.0486 -0.9018 0.0428
v -0.0534 -0.9017 0.0109
v -0.0493 -0.8886 -0.0212
v -0.0501 -0.8857 -0.0141
v -0.0498 -0.8762 0.0014
v -0.0527 -0.8922 0.0046
v -0.0495 -0.8734 -0.0029
v -0.0489 -0.8641 -0.0070
v -0.0475 -0.8511 -0.0140
v -0.0493 -0.8713 -0.0062
v -0.0483 -0.8642 0.0105
v -0.0485 -0.8321 0.0097
v -0.0475 -0.8290 -0.0139
v -0.0492 -0.8304 -0.0005
v -0.0486 -0.8135 0.0098
v -0.0483 -0.8165 -0.0106
v -0.0491 -0.8150 -0.0013
v -0.0483 -0.8048 -0.0047
v -0.0408 -0.9665 -0.1203
v -0.0412 -0.9657 -0.0655
v -0.0428 -0.9636 -0.0594
v -0.0430 -0.9632 -0.0436
v -0.0424 -0.9653 -0.0198
v -0.0441 -0.9639 -0.0108
v -0.0446 -0.9635 0.0050
v -0.0427 -0.9650 0.0205
v -0.0433 -0.9631 0.0308
v -0.0432 -0.9631 0.0439
v -0.0429 -0.9626 0.0513
v -0.0427 -0.9628 -0.1332
v -0.0442 -0.9611 -0.1229
v -0.0441 -0.9613 -0.0688
v -0.0472 -0.9544 -0.0468
v -0.0460 -0.9583 -0.0280
v -0.0436 -0.9628 -0.0294
v -0.0471 -0.9592 -0.0040
v -0.0419 -0.9516 -0.1462
v -0.0472 -0.9522 -0.1308
v -0.0486 -0.9499 -0.1249
v -0.0476 -0.9531 -0.1108
v -0.0476 -0.9531 -0.0807
v -0.0468 -0.9546 0.0489
v -0.0356 -0.9651 0.0651
v -0.0429 -0.9571 0.0611
v -0.0457 -0.9481 -0.1405
v -0.0426 -0.9396 0.0677
v -0.0451 -0.9348 -0.1430
v -0.0428 -0.9153 -0.1470
v -0.0448 -0.9066 -0.1431
v -0.0450 -0.8959 -0.1362
v -0.0480 -0.8983 -0.0406
v -0.0459 -0.8889 0.0348
v -0.0440 -0.8915 -0.0595
v -0.0445 -0.8864 -0.0358
v -0.0433 -0.8905 -0.1253
v -0.0433 -0.8907 -0.0947
v -0.0411 -0.8874 -0.1037
v -0.0427 -0.8897 -0.0684
v -0.0413 -0.8864 -0.0507
v -0.0435 -0.8841 0.0364
v -0.0419 -0.8826 -0.0390
v -0.0428 -0.8805 -0.0342
v -0.0483 -0.8768 0.0137
v -0.0453 -0.8815 0.0283
v -0.0423 -0.8738 -0.0297
v -0.0469 -0.8690 -0.0164
v -0.0423 -0.8703 0.0286
v -0.0442 -0.8699 -0.0242
v -0.0442 -0.8576 -0.0231
v -0.0467 -0.8631 -0.0162
v -0.0440 -0.8412 0.0240
v -0.0435 -0.8263 -0.0246
v -0.0457 -0.8379 0.0196
v -0.0453 -0.8187 0.0204
v -0.0467 -0.8212 -0.0164
v -0.0437 -0.8073 -0.0241
v -0.0431 -0.8041 0.0230
v -0.0481 -0.8088 0.0098
v -0.0422 -0.7949 -0.0168
v -0.0421 -0.7901 -0.0072
v -0.0416 -0.7919 0.0138
v -0.0439 -0.7923 0.0051
v -0.0361 -0.9704 -0.1346
v -0.0369 -0.9706 -0.1109
v -0.0351 -0.9721 -0.1007
v -0.0351 -0.9721 -0.0657
v -0.0376 -0.9698 -0.0506
v -0.0351 -0.9721 -0.0519
v -0.0370 -0.9704 -0.0388
v -0.0367 -0.9709 -0.0316
v -0.0305 -0.9757 -0.0335
v -0.0374 -0.9718 -0.0080
v -0.0373 -0.9720 0.0072
v -0.0369 -0.9704 0.0442
v -0.0370 -0.9694 0.0528
v -0.0365 -0.9613 -0.1470
v -0.0362 -0.9580 0.0695
v -0.0464 -0.9474 0.0627
v -0.0342 -0.9544 0.0744
v -0.0373 -0.9482 -0.1531
v -0.0317 -0.9400 0.0783
v -0.0425 -0.9197 0.0676
v -0.0371 -0.9044 -0.1534
v -0.0444 -0.9090 0.0642
v -0.0378 -0.9081 0.0730
v -0.0297 -0.9075 -0.1596
v -0.0391 -0.9000 0.0697
v -0.0385 -0.8935 -0.1456
v -0.0360 -0.8817 -0.0763
v -0.0387 -0.8813 -0.0459
v -0.0396 -0.8782 0.0390
v -0.0403 -0.8864 -0.1301
v -0.0378 -0.8837 -0.0926
v -0.0363 -0.8823 -0.0886
v -0.0350 -0.8805 -0.0618
v -0.0310 -0.8718 0.0472
v -0.0397 -0.8603 -0.0312
v -0.0420 -0.8387 -0.0274
v -0.0375 -0.8553 -0.0340
v -0.0402 -0.8170 0.0305
v -0.0373 -0.8119 -0.0341
v -0.0407 -0.8272 -0.0294
v -0.0387 -0.8105 0.0323
v -0.0423 -0.8016 -0.0240
v -0.0360 -0.7959 -0.0294
v -0.0387 -0.7919 -0.0216
v -0.0368 -0.7905 0.0235
v -0.0370 -0.7835 -0.0116
v -0.0300 -0.9757 -0.0935
v -0.0317 -0.9749 -0.0712
v -0.0306 -0.9755 -0.0604
v -0.0310 -0.9757 -0.0154
v -0.0319 -0.9758 -0.0018
v -0.0316 -0.9756 0.0161
v -0.0329 -0.9751 0.0173
v -0.0300 -0.9758 0.0439
v -0.0294 -0.9756 0.0545
v -0.0308 -0.9702 -0.1439
v -0.0312 -0.9579 -0.1543
v -0.0265 -0.9477 -0.1610
v -0.0348 -0.9367 -0.1559
v -0.0355 -0.8850 -0.1410
v -0.0346 -0.8914 0.0684
v -0.0316 -0.8785 -0.0805
v -0.0311 -0.8775 0.0542
v -0.0362 -0.8733 -0.0399
v -0.0329 -0.8703 0.0433
v -0.0321 -0.8693 -0.0433
v -0.0350 -0.8674 0.0388
v -0.0275 -0.8596 -0.0446
v -0.0404 -0.8567 0.0304
v -0.0312 -0.8566 0.0412
v -0.0312 -0.8513 -0.0407
v -0.0342 -0.8514 0.0381
v -0.0342 -0.8320 -0.0380
v -0.0312 -0.8163 -0.0407
v -0.0283 -0.8076 -0.0431
v -0.0296 -0.8007 -0.0395
v -0.0303 -0.7987 0.0380
v -0.0336 -0.7937 0.0317
v -0.0296 -0.7873 -0.0310
v -0.0310 -0.7790 0.0174
v -0.0294 -0.7776 -0.0183
v -0.0368 -0.7809 0.0038
v -0.0302 -0.9757 -0.1280
v -0.0242 -0.9758 -0.0947
v -0.0296 -0.9758 -0.0508
v -0.0292 -0.9759 0.0199
v -0.0275 -0.9701 -0.1467
v -0.0243 -0.9757 0.0596
v -0.0203 -0.9644 0.0766
v -0.0271 -0.9590 -0.1568
v -0.0235 -0.9557 0.0802
v -0.0238 -0.9272 -0.1625
v -0.0333 -0.9133 0.0771
v -0.0217 -0.9088 0.0837
v -0.0261 -0.8999 -0.1602
v -0.0225 -0.9024 0.0826
v -0.0182 -0.8999 -0.1628
v -0.0270 -0.8912 0.0745
v -0.0241 -0.8850 -0.1513
v -0.0332 -0.8861 0.0651
v -0.0196 -0.8826 0.0714
v -0.0317 -0.8783 -0.1262
v -0.0249 -0.8749 -0.0942
v -0.0230 -0.8741 -0.0767
v -0.0276 -0.8741 -0.0562
v -0.0260 -0.8709 -0.0512
v -0.0236 -0.8670 0.0494
v -0.0239 -0.8313 -0.0464
v -0.0276 -0.8116 -0.0440
v -0.0249 -0.8196 0.0463
v -0.0299 -0.8062 0.0410
v -0.0268 -0.7970 -0.0398
v -0.0258 -0.7803 -0.0271
v -0.0222 -0.9758 -0.1410
v -0.0267 -0.9758 -0.1361
v -0.0180 -0.9757 -0.1241
v -0.0181 -0.9757 -0.1047
v -0.0181 -0.9757 -0.0228
v -0.0183 -0.9757 -0.0130
v -0.0231 -0.9758 0.0519
v -0.0162 -0.9753 0.0659
v -0.0197 -0.9713 -0.1512
v -0.0138 -0.9457 -0.1645
v -0.0263 -0.9451 0.0815
v -0.0135 -0.9165 -0.1650
v -0.0167 -0.8952 -0.1609
v -0.0196 -0.8889 0.0766
v -0.0204 -0.8970 0.0809
v -0.0164 -0.8879 -0.1568
v -0.0217 -0.8780 -0.1434
v -0.0159 -0.8795 -0.1483
v -0.0214 -0.8735 -0.0743
v -0.0151 -0.8732 0.0609
v -0.0228 -0.8748 -0.1372
v -0.0250 -0.8746 -0.1026
v -0.0195 -0.8729 -0.0876
v -0.0141 -0.8637 -0.0541
v -0.0094 -0.8557 -0.0537
v -0.0218 -0.8568 0.0478
v -0.0249 -0.8424 -0.0463
v -0.0160 -0.8495 0.0506
v -0.0135 -0.8187 -0.0516
v -0.0279 -0.8325 0.0438
v -0.0226 -0.8109 -0.0470
v -0.0156 -0.8060 -0.0498
v -0.0225 -0.8016 0.0452
v -0.0182 -0.7986 -0.0464
v -0.0198 -0.7904 -0.0415
v -0.0224 -0.7901 0.0397
v -0.0173 -0.7860 -0.0397
v -0.0194 -0.7807 -0.0334
v -0.0128 -0.7742 -0.0305
v -0.0214 -0.7762 0.0261
v -0.0195 -0.7709 -0.0187
v -0.0124 -0.7642 0.0039
v -0.0256 -0.7710 0.0055
v -0.0156 -0.9758 -0.1443
v -0.0120 -0.9757 -0.0645
v -0.0119 -0.9757 -0.0357
v -0.0196 -0.9757 -0.0070
v -0.0178 -0.9757 0.0224
v -0.0176 -0.9757 0.0497
v -0.0054 -0.9757 0.0659
v -0.0134 -0.9705 -0.1523
v -0.0093 -0.9723 0.0710
v -0.0145 -0.9540 0.0826
v -0.0136 -0.9408 -0.1649
v -0.0102 -0.9096 -0.1649
v -0.0123 -0.9034 0.0838
v -0.0115 -0.8803 0.0700
v -0.0186 -0.8727 -0.1284
v -0.0122 -0.8719 -0.0898
v -0.0096 -0.8714 -0.0686
v -0.0123 -0.8689 -0.0603
v -0.0152 -0.8659 0.0545
v -0.0107 -0.8386 -0.0526
v -0.0154 -0.8188 0.0509
v -0.0008 -0.8094 -0.0554
v -0.0088 -0.8020 0.0515
v -0.0120 -0.7956 0.0476
v -0.0228 -0.7843 0.0351
v -0.0123 -0.7815 -0.0387
v -0.0077 -0.7788 0.0379
v -0.0115 -0.7712 -0.0263
v -0.0146 -0.7770 0.0327
v -0.0090 -0.7655 0.0157
v -0.0164 -0.7703 0.0210
v -0.0176 -0.7673 -0.0103
v -0.0041 -0.9757 -0.1302
v -0.0062 -0.9757 -0.1072
v -0.0060 -0.9757 -0.1002
v -0.0060 -0.9757 -0.0584
v -0.0059 -0.9757 -0.0314
v -0.0054 -0.9757 0.0074
v -0.0055 -0.9757 0.0192
v -0.0055 -0.9757 0.0310
v -0.0061 -0.9757 0.0432
v -0.0093 -0.9731 -0.1499
v -0.0144 -0.9619 -0.1596
v -0.0068 -0.9601 0.0807
v -0.0077 -0.9590 -0.1612
v -0.0052 -0.9387 -0.1651
v -0.0119 -0.8736 -0.1377
v -0.0132 -0.8719 -0.0927
v -0.0061 -0.8717 -0.0767
v -0.0064 -0.8713 0.0608
v -0.0059 -0.8669 -0.0583
v -0.0030 -0.8665 0.0577
v -0.0104 -0.8556 0.0528
v -0.0083 -0.8464 -0.0533
v 0.0008 -0.8069 -0.0544
v -0.0094 -0.7922 0.0472
v -0.0058 -0.7974 0.0504
v 0.0035 -0.7890 -0.0483
v -0.0013 -0.7871 0.0464
v -0.0031 -0.7816 -0.0420
v -0.0095 -0.7719 0.0291
v -0.0058 -0.7719 -0.0305
v -0.0068 -0.7649 -0.0158
v 0.0080 -0.9757 -0.1111
v 0.0092 -0.9757 -0.1074
v -0.0000 -0.9757 -0.0764
v -0.0056 -0.9757 -0.0394
v -0.0055 -0.9757 -0.0169
v -0.0050 -0.9757 0.0006
v -0.0050 -0.9757 0.0502
v 0.0108 -0.9758 0.0619
v 0.0062 -0.9757 0.0653
v 0.0128 -0.9686 -0.1546
v 0.0055 -0.9671 0.0759
v -0.0112 -0.9483 -0.1646
v -0.0132 -0.9178 0.0850
v -0.0066 -0.9073 0.0849
v -0.0062 -0.8940 -0.1611
v -0.0109 -0.8918 0.0798
v -0.0046 -0.8957 0.0817
v -0.0053 -0.8827 -0.1528
v -0.0118 -0.8753 -0.1418
v -0.0001 -0.8745 0.0643
v -0.0080 -0.8725 -0.1343
v -0.0060 -0.8716 -0.1182
v 0.0087 -0.8717 -0.0773
v 0.0074 -0.8713 -0.0714
v 0.0001 -0.8666 -0.0589
v -0.0007 -0.8548 0.0548
v 0.0001 -0.8496 0.0547
v 0.0008 -0.8366 -0.0548
v -0.0028 -0.8184 0.0544
v -0.0002 -0.8256 -0.0546
v -0.0081 -0.8131 0.0533
v -0.0084 -0.7958 -0.0492
v 0.0095 -0.7986 -0.0525
v 0.0012 -0.7834 0.0439
v 0.0029 -0.7811 -0.0424
v -0.0021 -0.7772 0.0379
v -0.0008 -0.7678 -0.0250
v -0.0015 -0.7708 0.0303
v -0.0033 -0.7651 0.0184
v -0.0018 -0.9755 -0.1462
v 0.0097 -0.9757 -0.1181
v 0.0060 -0.9757 -0.0802
v 0.0055 -0.9757 -0.0449
v 0.0311 -0.9757 -0.0191
v 0.0171 -0.9757 -0.0164
v 0.0060 -0.9757 0.0020
v 0.0153 -0.9757 0.0240
v 0.0060 -0.9757 0.0320
v 0.0135 -0.9757 0.0502
v 0.0046 -0.9644 -0.1578
v 0.0083 -0.9591 -0.1611
v 0.0292 -0.9551 -0.1624
v -0.0100 -0.9484 0.0844
v 0.0176 -0.9394 -0.1651
v -0.0060 -0.9304 0.0851
v 0.0224 -0.9213 -0.1650
v 0.0073 -0.9055 -0.1645
v -0.0003 -0.8846 0.0745
v 0.0118 -0.8807 0.0707
v 0.0072 -0.8718 0.0619
v 0.0077 -0.8667 -0.0593
v 0.0149 -0.8561 -0.0552
v -0.0010 -0.8607 0.0557
v 0.0086 -0.8419 -0.0550
v 0.0072 -0.8139 0.0551
v 0.0110 -0.8071 -0.0540
v 0.0058 -0.8014 0.0528
v 0.0032 -0.7973 -0.0516
v 0.0044 -0.7957 0.0514
v 0.0087 -0.7812 -0.0424
v 0.0092 -0.7757 0.0373
v 0.0075 -0.7700 -0.0301
v 0.0039 -0.7673 0.0250
v 0.0033 -0.7623 0.0102
v 0.0110 -0.7667 0.0239
v 0.0096 -0.9758 -0.1419
v 0.0295 -0.9757 -0.1294
v 0.0120 -0.9757 -0.0583
v 0.0120 -0.9757 -0.0400
v 0.0176 -0.9757 -0.0066
v 0.0177 -0.9757 0.0053
v 0.0161 -0.9757 0.0392
v 0.0158 -0.9753 0.0666
v 0.0156 -0.9668 -0.1561
v 0.0195 -0.9688 0.0746
v 0.0091 -0.9621 0.0795
v 0.0220 -0.9598 0.0808
v 0.0120 -0.9458 0.0847
v -0.0133 -0.9406 0.0850
v 0.0223 -0.9271 -0.1650
v 0.0185 -0.9277 0.0851
v 0.0184 -0.9109 0.0851
v -0.0065 -0.8931 -0.1606
v 0.0069 -0.8920 0.0799
v 0.0186 -0.8940 0.0811
v 0.0134 -0.8865 -0.1565
v 0.0066 -0.8777 -0.1460
v 0.0081 -0.8716 -0.1095
v 0.0126 -0.8703 0.0602
v 0.0139 -0.8670 -0.0590
v 0.0114 -0.8616 0.0559
v 0.0014 -0.8422 0.0552
v 0.0066 -0.8352 0.0552
v 0.0184 -0.8083 -0.0531
v 0.0178 -0.8012 0.0517
v 0.0111 -0.7928 0.0494
v 0.0110 -0.7841 0.0444
v 0.0150 -0.7818 -0.0421
v 0.0063 -0.7725 0.0334
v 0.0158 -0.7780 0.0382
v 0.0149 -0.7670 -0.0228
v 0.0132 -0.7650 -0.0185
v 0.0063 -0.7633 -0.0155
v 0.0060 -0.7609 -0.0009
v 0.0028 -0.7610 0.0071
v 0.0114 -0.9757 -0.1453
v 0.0239 -0.9757 -0.1346
v 0.0178 -0.9757 -0.1241
v 0.0180 -0.9757 -0.1064
v 0.0179 -0.9757 -0.0467
v 0.0299 -0.9757 -0.0277
v 0.0184 -0.9757 -0.0321
v 0.0176 -0.9757 -0.0080
v 0.0227 -0.9757 0.0536
v 0.0181 -0.9731 -0.1500
v 0.0237 -0.9556 0.0826
v 0.0273 -0.9125 -0.1649
v 0.0227 -0.9012 -0.1635
v 0.0166 -0.8803 0.0701
v 0.0246 -0.8845 0.0740
v 0.0136 -0.8775 -0.1467
v 0.0253 -0.8731 -0.1353
v 0.0164 -0.8717 -0.1266
v 0.0180 -0.8716 -0.1232
v 0.0181 -0.8716 -0.0890
v 0.0175 -0.8717 -0.0826
v 0.0181 -0.8712 -0.0698
v 0.0195 -0.8710 0.0601
v 0.0182 -0.8672 -0.0585
v 0.0232 -0.8657 0.0552
v 0.0162 -0.8517 -0.0544
v 0.0197 -0.8529 0.0539
v 0.0202 -0.8266 -0.0531
v 0.0165 -0.8130 0.0539
v 0.0186 -0.7956 0.0494
v 0.0186 -0.7905 -0.0470
v 0.0173 -0.7826 0.0422
v 0.0216 -0.7819 -0.0401
v 0.0226 -0.7732 0.0300
v 0.0231 -0.7653 -0.0119
v 0.0171 -0.7634 0.0093
v 0.0206 -0.9757 -0.1451
v 0.0298 -0.9757 -0.1194
v 0.0240 -0.9757 -0.0727
v 0.0240 -0.9757 -0.0585
v 0.0411 -0.9758 0.0173
v 0.0301 -0.9757 0.0076
v 0.0293 -0.9757 0.0287
v 0.0385 -0.9757 0.0548
v 0.0240 -0.9757 0.0380
v 0.0231 -0.9758 0.0619
v 0.0224 -0.9708 -0.1528
v 0.0236 -0.9726 0.0703
v 0.0242 -0.9618 -0.1597
v 0.0238 -0.9619 0.0797
v 0.0275 -0.9463 -0.1640
v 0.0306 -0.9449 -0.1640
v 0.0274 -0.9158 -0.1645
v 0.0218 -0.9036 0.0841
v 0.0261 -0.8946 -0.1611
v 0.0282 -0.8855 -0.1545
v 0.0230 -0.8870 0.0762
v 0.0237 -0.8834 -0.1529
v 0.0286 -0.8809 -0.1495
v 0.0236 -0.8784 -0.1469
v 0.0308 -0.8771 -0.1430
v 0.0267 -0.8721 -0.1193
v 0.0242 -0.8719 -0.0757
v 0.0232 -0.8717 -0.0708
v 0.0241 -0.8673 -0.0574
v 0.0301 -0.8627 -0.0517
v 0.0239 -0.8621 0.0536
v 0.0242 -0.8538 -0.0519
v 0.0217 -0.8228 0.0526
v 0.0254 -0.8392 -0.0514
v 0.0202 -0.8139 -0.0533
v 0.0267 -0.8255 -0.0509
v 0.0252 -0.8159 -0.0516
v 0.0112 -0.8109 0.0551
v 0.0297 -0.8009 -0.0474
v 0.0238 -0.8026 0.0502
v 0.0238 -0.7808 0.0379
v 0.0267 -0.7772 -0.0327
v 0.0189 -0.7718 -0.0298
v 0.0242 -0.7711 -0.0254
v 0.0237 -0.7662 -0.0141
v 0.0188 -0.7654 0.0168
v 0.0216 -0.7637 -0.0029
v 0.0166 -0.7622 0.0011
v 0.0343 -0.9757 -0.1414
v 0.0302 -0.9757 -0.1057
v 0.0301 -0.9757 -0.0465
v 0.0424 -0.9758 -0.0184
v 0.0414 -0.9758 0.0057
v 0.0328 -0.9757 0.0252
v 0.0405 -0.9758 0.0432
v 0.0350 -0.9758 0.0606
v 0.0264 -0.9757 0.0645
v 0.0282 -0.9723 0.0707
v 0.0298 -0.9723 -0.1492
v 0.0282 -0.9617 -0.1592
v 0.0306 -0.9581 -0.1602
v 0.0301 -0.9551 0.0817
v 0.0252 -0.9401 0.0848
v 0.0301 -0.9036 -0.1628
v 0.0271 -0.9047 0.0841
v 0.0372 -0.8912 -0.1554
v 0.0289 -0.8892 0.0774
v 0.0318 -0.8812 0.0684
v 0.0284 -0.8736 -0.1349
v 0.0281 -0.8724 -0.1253
v 0.0294 -0.8726 -0.1075
v 0.0294 -0.8726 -0.0845
v 0.0309 -0.8723 -0.0617
v 0.0299 -0.8677 -0.0550
v 0.0336 -0.8554 -0.0475
v 0.0291 -0.8570 0.0502
v 0.0331 -0.8447 0.0479
v 0.0301 -0.8313 0.0494
v 0.0276 -0.8166 0.0506
v 0.0311 -0.8095 0.0484
v 0.0321 -0.7911 -0.0413
v 0.0267 -0.7894 0.0431
v 0.0301 -0.7866 -0.0393
v 0.0320 -0.7834 -0.0356
v 0.0274 -0.7834 0.0382
v 0.0308 -0.7848 0.0375
v 0.0343 -0.7784 0.0280
v 0.0294 -0.7714 -0.0212
v 0.0284 -0.7732 0.0254
v 0.0270 -0.7657 -0.0048
v 0.0277 -0.7661 0.0057
v 0.0374 -0.7735 0.0152
v 0.0258 -0.7690 0.0197
v 0.0406 -0.9759 -0.1285
v 0.0362 -0.9758 -0.1006
v 0.0362 -0.9758 -0.0637
v 0.0361 -0.9758 -0.0458
v 0.0362 -0.9758 -0.0219
v 0.0309 -0.9757 0.0161
v 0.0405 -0.9693 -0.1465
v 0.0403 -0.9692 0.0668
v 0.0391 -0.9635 -0.1532
v 0.0340 -0.9567 -0.1597
v 0.0380 -0.9605 0.0762
v 0.0287 -0.9452 0.0842
v 0.0357 -0.9339 -0.1621
v 0.0329 -0.9283 -0.1631
v 0.0334 -0.9205 0.0830
v 0.0391 -0.9158 -0.1608
v 0.0285 -0.9100 0.0845
v 0.0369 -0.9025 -0.1605
v 0.0390 -0.9020 -0.1597
v 0.0337 -0.8984 0.0805
v 0.0405 -0.8957 0.0762
v 0.0357 -0.8888 0.0742
v 0.0354 -0.8825 -0.1483
v 0.0328 -0.8741 -0.1317
v 0.0326 -0.8734 -0.1261
v 0.0347 -0.8741 -0.1076
v 0.0330 -0.8736 -0.1037
v 0.0343 -0.8740 -0.0904
v 0.0344 -0.8741 -0.0742
v 0.0346 -0.8738 -0.0644
v 0.0280 -0.8745 0.0622
v 0.0373 -0.8741 0.0550
v 0.0370 -0.8737 -0.0589
v 0.0360 -0.8698 -0.0522
v 0.0393 -0.8707 -0.0490
v 0.0318 -0.8687 0.0538
v 0.0386 -0.8588 -0.0446
v 0.0351 -0.8543 0.0465
v 0.0348 -0.8430 -0.0468
v 0.0369 -0.8356 -0.0454
v 0.0352 -0.8202 -0.0466
v 0.0319 -0.8155 0.0485
v 0.0384 -0.8093 -0.0439
v 0.0347 -0.8038 -0.0453
v 0.0358 -0.8033 0.0443
v 0.0290 -0.7946 0.0451
v 0.0426 -0.8006 0.0380
v 0.0421 -0.7918 -0.0338
v 0.0346 -0.7882 0.0376
v 0.0314 -0.7782 -0.0304
v 0.0354 -0.7773 -0.0250
v 0.0380 -0.7738 -0.0136
v 0.0336 -0.7736 0.0207
v 0.0348 -0.7693 -0.0025
v 0.0412 -0.9757 -0.1283
v 0.0421 -0.9756 -0.1216
v 0.0406 -0.9758 -0.0956
v 0.0406 -0.9758 -0.0651
v 0.0406 -0.9759 -0.0490
v 0.0408 -0.9758 -0.0328
v 0.0417 -0.9754 0.0499
v 0.0435 -0.9747 -0.1036
v 0.0435 -0.9747 -0.0788
v 0.0435 -0.9747 -0.0576
v 0.0425 -0.9756 0.0302
v 0.0442 -0.9720 0.0564
v 0.0361 -0.9693 0.0696
v 0.0419 -0.9608 0.0728
v 0.0417 -0.9547 -0.1567
v 0.0421 -0.9466 -0.1583
v 0.0383 -0.9483 0.0805
v 0.0450 -0.9449 -0.1571
v 0.0377 -0.9377 0.0816
v 0.0456 -0.9328 -0.1563
v 0.0430 -0.9268 -0.1584
v 0.0421 -0.9313 0.0789
v 0.0407 -0.9123 0.0797
v 0.0405 -0.9070 0.0797
v 0.0415 -0.8978 -0.1560
v 0.0443 -0.8972 -0.1539
v 0.0394 -0.8910 0.0735
v 0.0404 -0.8854 -0.1480
v 0.0399 -0.8848 0.0677
v 0.0405 -0.8802 -0.1397
v 0.0418 -0.8818 0.0618
v 0.0428 -0.8784 -0.1311
v 0.0412 -0.8774 -0.1134
v 0.0412 -0.8774 -0.1074
v 0.0412 -0.8774 -0.0905
v 0.0397 -0.8765 -0.0667
v 0.0413 -0.8735 0.0501
v 0.0380 -0.8684 0.0492
v 0.0369 -0.8636 0.0474
v 0.0379 -0.8609 -0.0456
v 0.0446 -0.8594 -0.0392
v 0.0406 -0.8610 0.0431
v 0.0443 -0.8506 -0.0393
v 0.0442 -0.8214 -0.0394
v 0.0403 -0.8309 0.0428
v 0.0436 -0.8155 0.0401
v 0.0435 -0.8103 0.0398
v 0.0444 -0.8036 -0.0370
v 0.0396 -0.7950 0.0376
v 0.0423 -0.7898 -0.0313
v 0.0425 -0.7912 0.0323
v 0.0407 -0.7838 -0.0273
v 0.0420 -0.7852 0.0275
v 0.0401 -0.7776 -0.0187
v 0.0411 -0.7785 0.0186
v 0.0394 -0.7730 -0.0043
v 0.0386 -0.7728 0.0075
v 0.0429 -0.9754 -0.0297
v 0.0450 -0.9749 -0.0115
v 0.0459 -0.9748 -0.0045
v 0.0432 -0.9753 0.0291
v 0.0469 -0.9719 -0.0660
v 0.0441 -0.9744 -0.0517
v 0.0463 -0.9692 -0.1394
v 0.0472 -0.9600 0.0693
v 0.0448 -0.9571 -0.1530
v 0.0535 -0.9514 -0.1463
v 0.0480 -0.9476 -0.1538
v 0.0431 -0.9483 0.0776
v 0.0468 -0.9105 -0.1553
v 0.0509 -0.9086 -0.1513
v 0.0488 -0.9044 -0.1524
v 0.0481 -0.9051 0.0736
v 0.0519 -0.8969 -0.1462
v 0.0481 -0.8934 0.0678
v 0.0465 -0.8860 -0.1417
v 0.0480 -0.8868 0.0606
v 0.0451 -0.8808 -0.1332
v 0.0463 -0.8808 -0.1205
v 0.0468 -0.8813 -0.1089
v 0.0480 -0.8825 -0.0894
v 0.0435 -0.8787 -0.0714
v 0.0459 -0.8806 -0.0716
v 0.0463 -0.8809 -0.0697
v 0.0462 -0.8807 -0.0624
v 0.0468 -0.8807 -0.0559
v 0.0457 -0.8787 0.0510
v 0.0461 -0.8755 0.0456
v 0.0468 -0.8744 -0.0431
v 0.0458 -0.8694 -0.0406
v 0.0461 -0.8649 0.0381
v 0.0484 -0.8430 -0.0348
v 0.0434 -0.8594 0.0403
v 0.0480 -0.8240 -0.0354
v 0.0468 -0.8279 0.0366
v 0.0473 -0.8214 -0.0361
v 0.0496 -0.8101 -0.0331
v 0.0484 -0.8027 -0.0318
v 0.0441 -0.7964 -0.0340
v 0.0497 -0.7965 -0.0266
v 0.0476 -0.7994 0.0316
v 0.0482 -0.7930 0.0264
v 0.0455 -0.7851 -0.0215
v 0.0481 -0.7859 -0.0179
v 0.0481 -0.7845 0.0152
v 0.0480 -0.7829 -0.0110
v 0.0463 -0.7793 -0.0041
v 0.0436 -0.7765 0.0051
v 0.0475 -0.9709 -0.1327
v 0.0523 -0.9666 -0.1184
v 0.0485 -0.9705 -0.1148
v 0.0482 -0.9707 -0.1083
v 0.0502 -0.9686 -0.0994
v 0.0502 -0.9686 -0.0617
v 0.0449 -0.9740 -0.0338
v 0.0510 -0.9681 -0.0300
v 0.0539 -0.9666 -0.0010
v 0.0524 -0.9681 0.0091
v 0.0506 -0.9686 0.0334
v 0.0478 -0.9702 0.0545
v 0.0541 -0.9635 -0.1289
v 0.0530 -0.9653 -0.0986
v 0.0523 -0.9662 -0.0543
v 0.0494 -0.9603 -0.1459
v 0.0540 -0.9590 -0.1391
v 0.0513 -0.9648 -0.1381
v 0.0528 -0.9592 0.0615
v 0.0544 -0.9541 0.0631
v 0.0546 -0.9444 -0.1464
v 0.0542 -0.9451 0.0669
v 0.0479 -0.9469 0.0741
v 0.0524 -0.9217 -0.1497
v 0.0548 -0.9405 -0.1463
v 0.0518 -0.9125 0.0706
v 0.0482 -0.9367 0.0741
v 0.0540 -0.9259 -0.1474
v 0.0495 -0.9232 0.0727
v 0.0540 -0.9112 0.0673
v 0.0538 -0.9062 0.0669
v 0.0544 -0.8979 -0.1421
v 0.0545 -0.8914 -0.1321
v 0.0543 -0.8932 0.0568
v 0.0534 -0.8962 0.0623
v 0.0528 -0.8906 -0.1366
v 0.0516 -0.8862 -0.1263
v 0.0530 -0.8879 -0.1186
v 0.0530 -0.8880 -0.1039
v 0.0511 -0.8857 -0.0753
v 0.0537 -0.8890 -0.0769
v 0.0539 -0.8892 -0.0653
v 0.0510 -0.8842 -0.0498
v 0.0524 -0.8839 -0.0432
v 0.0525 -0.8846 0.0454
v 0.0499 -0.8871 0.0572
v 0.0535 -0.8799 -0.0352
v 0.0513 -0.8797 0.0408
v 0.0493 -0.8744 -0.0388
v 0.0520 -0.8725 0.0328
v 0.0523 -0.8642 -0.0296
v 0.0525 -0.8647 0.0293
v 0.0547 -0.8533 -0.0252
v 0.0536 -0.8444 -0.0272
v 0.0490 -0.8452 0.0340
v 0.0553 -0.8353 -0.0240
v 0.0526 -0.8485 0.0288
v 0.0525 -0.8302 0.0290
v 0.0553 -0.8221 -0.0240
v 0.0503 -0.8137 -0.0322
v 0.0496 -0.8144 0.0334
v 0.0544 -0.8135 -0.0258
v 0.0525 -0.8084 0.0280
v 0.0540 -0.8055 0.0245
v 0.0547 -0.8001 -0.0197
v 0.0536 -0.7979 0.0204
v 0.0497 -0.7966 0.0264
v 0.0533 -0.7913 -0.0123
v 0.0532 -0.7882 -0.0002
v 0.0539 -0.7919 0.0109
v 0.0501 -0.7852 0.0086
v 0.0550 -0.9624 -0.1112
v 0.0550 -0.9624 -0.0925
v 0.0559 -0.9609 -0.0621
v 0.0562 -0.9606 -0.0425
v 0.0559 -0.9612 -0.0323
v 0.0563 -0.9614 -0.0228
v 0.0544 -0.9652 -0.0178
v 0.0594 -0.9578 0.0083
v 0.0574 -0.9611 0.0161
v 0.0592 -0.9544 0.0327
v 0.0557 -0.9613 0.0355
v 0.0589 -0.9541 -0.1266
v 0.0592 -0.9530 -0.1242
v 0.0572 -0.9577 -0.0941
v 0.0572 -0.9577 -0.0545
v 0.0607 -0.9547 -0.0091
v 0.0600 -0.9567 0.0049
v 0.0569 -0.9600 0.0472
v 0.0575 -0.9533 0.0568
v 0.0554 -0.9601 0.0546
v 0.0573 -0.9532 -0.1360
v 0.0598 -0.9507 -0.1118
v 0.0592 -0.9524 -0.0989
v 0.0598 -0.9507 -0.0502
v 0.0602 -0.9492 -0.0401
v 0.0602 -0.9487 -0.1105
v 0.0602 -0.9487 -0.0687
v 0.0600 -0.9474 0.0503
v 0.0593 -0.9433 0.0558
v 0.0598 -0.9464 -0.1334
v 0.0579 -0.9374 -0.1396
v 0.0596 -0.9242 0.0545
v 0.0569 -0.9321 0.0618
v 0.0592 -0.9187 -0.1364
v 0.0602 -0.9211 -0.1326
v 0.0591 -0.9052 -0.1355
v 0.0594 -0.9118 0.0556
v 0.0569 -0.9173 0.0618
v 0.0601 -0.9092 0.0518
v 0.0559 -0.8990 -0.1395
v 0.0601 -0.9071 -0.1304
v 0.0591 -0.8993 -0.1221
v 0.0602 -0.9042 -0.1219
v 0.0603 -0.9053 -0.1134
v 0.0601 -0.9039 -0.1038
v 0.0597 -0.9023 -0.0742
v 0.0603 -0.9053 -0.0784
v 0.0601 -0.9038 -0.0694
v 0.0588 -0.8980 -0.0431
v 0.0601 -0.9039 -0.0512
v 0.0593 -0.9025 0.0507
v 0.0564 -0.9012 0.0598
v 0.0518 -0.9019 0.0692
v 0.0571 -0.8953 -0.1116
v 0.0563 -0.8933 -0.0698
v 0.0595 -0.8997 -0.0428
v 0.0601 -0.8987 -0.0370
v 0.0593 -0.8997 0.0449
v 0.0602 -0.8990 0.0373
v 0.0558 -0.8924 -0.1239
v 0.0558 -0.8926 -0.1000
v 0.0558 -0.8926 -0.0757
v 0.0558 -0.8926 -0.0580
v 0.0598 -0.8957 -0.0342
v 0.0596 -0.8926 -0.0307
v 0.0595 -0.8934 0.0325
v 0.0560 -0.8883 0.0392
v 0.0559 -0.8933 0.0506
v 0.0549 -0.8860 -0.0394
v 0.0587 -0.8793 -0.0207
v 0.0598 -0.8846 -0.0209
v 0.0577 -0.8836 0.0278
v 0.0593 -0.8799 0.0191
v 0.0548 -0.8721 -0.0270
v 0.0600 -0.8735 -0.0117
v 0.0587 -0.8727 0.0172
v 0.0558 -0.8751 0.0261
v 0.0588 -0.8660 -0.0149
v 0.0590 -0.8684 0.0142
v 0.0562 -0.8602 -0.0215
v 0.0536 -0.8609 0.0273
v 0.0600 -0.8606 -0.0090
v 0.0595 -0.8595 0.0118
v 0.0596 -0.8550 0.0116
v 0.0543 -0.8506 0.0262
v 0.0583 -0.8328 -0.0160
v 0.0600 -0.8456 -0.0096
v 0.0549 -0.8449 0.0248
v 0.0602 -0.8390 -0.0079
v 0.0599 -0.8363 0.0098
v 0.0549 -0.8389 0.0248
v 0.0559 -0.8216 0.0226
v 0.0600 -0.8240 -0.0094
v 0.0597 -0.8193 0.0112
v 0.0549 -0.8288 0.0248
v 0.0578 -0.8096 -0.0170
v 0.0546 -0.8117 0.0254
v 0.0597 -0.8033 -0.0009
v 0.0602 -0.8102 -0.0048
v 0.0585 -0.8079 0.0133
v 0.0602 -0.8071 0.0008
v 0.0553 -0.7936 -0.0075
v 0.0564 -0.7956 -0.0039
v 0.0553 -0.7975 0.0143
v 0.0621 -0.9472 -0.0203
v 0.0627 -0.9491 -0.0024
v 0.0628 -0.9447 0.0197
v 0.0613 -0.9473 0.0282
v 0.0607 -0.9508 0.0257
v 0.0606 -0.9422 -0.1277
v 0.0606 -0.9440 -0.1229
v 0.0605 -0.9451 -0.1000
v 0.0604 -0.9471 -0.0628
v 0.0610 -0.9421 -0.0395
v 0.0641 -0.9333 -0.0176
v 0.0602 -0.9505 -0.0337
v 0.0635 -0.9423 0.0158
v 0.0633 -0.9415 0.0188
v 0.0604 -0.9434 0.0489
v 0.0607 -0.9398 -0.0838
v 0.0607 -0.9398 -0.0700
v 0.0653 -0.9339 0.0030
v 0.0643 -0.9364 0.0145
v 0.0604 -0.9450 0.0491
v 0.0608 -0.9336 -0.1186
v 0.0608 -0.9335 -0.0733
v 0.0607 -0.9391 -0.0618
v 0.0608 -0.9415 -0.0438
v 0.0648 -0.9398 -0.0032
v 0.0606 -0.9297 0.0481
v 0.0608 -0.9277 -0.0986
v 0.0607 -0.9269 -0.0587
v 0.0618 -0.9143 -0.0372
v 0.0647 -0.9238 -0.0168
v 0.0657 -0.9179 -0.0085
v 0.0653 -0.9221 0.0123
v 0.0650 -0.9204 0.0150
v 0.0619 -0.9185 0.0366
v 0.0607 -0.9179 0.0477
v 0.0608 -0.9160 -0.1182
v 0.0608 -0.9158 -0.1056
v 0.0608 -0.9259 -0.0728
v 0.0609 -0.9149 -0.0473
v 0.0619 -0.9127 0.0364
v 0.0604 -0.9101 -0.1291
v 0.0608 -0.9155 -0.0719
v 0.0607 -0.9109 -0.0626
v 0.0611 -0.9053 -0.0389
v 0.0618 -0.9081 -0.0355
v 0.0641 -0.9058 -0.0203
v 0.0658 -0.9190 -0.0009
v 0.0606 -0.9113 0.0481
v 0.0606 -0.9112 -0.1246
v 0.0606 -0.9096 -0.1067
v 0.0606 -0.9096 -0.0998
v 0.0606 -0.9096 -0.0733
v 0.0656 -0.9044 -0.0048
v 0.0652 -0.9096 0.0126
v 0.0607 -0.9083 -0.0491
v 0.0651 -0.9021 0.0089
v 0.0633 -0.9012 0.0213
v 0.0613 -0.9014 0.0335
v 0.0614 -0.9054 0.0365
v 0.0605 -0.9055 0.0445
v 0.0615 -0.8979 -0.0279
v 0.0628 -0.8848 -0.0011
v 0.0629 -0.8983 0.0215
v 0.0611 -0.8780 -0.0074
v 0.0622 -0.8824 -0.0027
v 0.0633 -0.8897 0.0055
v 0.0607 -0.8808 0.0135
v 0.0608 -0.8687 0.0012
v 0.0605 -0.8552 0.0059
v 0.0603 -0.8631 0.0068
v 0.0606 -0.8535 -0.0037
v 0.0606 -0.8338 0.0020
v 0.0608 -0.8256 0.0017
v 0.0604 -0.8298 0.0068
v 0.0604 -0.8160 -0.0072
v 0.0603 -0.8117 0.0057
vn -0.9978 -0.0009 -0.0670
vn -1.0000 -0.0014 -0.0007
vn -0.9592 -0.2812 0.0309
vn -0.9727 -0.2321 -0.0052
vn -0.9539 -0.2909 0.0742
vn -0.9747 -0.2196 0.0424
vn -0.9955 -0.0944 -0.0014
vn -0.9818 -0.1900 0.0037
vn -0.9974 -0.0724 0.0060
vn -0.9595 -0.2728 0.0701
vn -0.9524 -0.3005 -0.0509
vn -0.9416 -0.3262 -0.0832
vn -0.9565 -0.2916 0.0023
vn -0.9854 -0.1253 0.1150
vn -0.9786 -0.0942 -0.1831
vn -0.9795 -0.0191 0.2007
vn -0.9996 0.0020 -0.0267
vn -0.9965 -0.0388 -0.0736
vn -0.9900 -0.0801 -0.1158
vn -0.9999 -0.0168 0.0000
vn -1.0000 0.0064 0.0038
vn -0.9801 -0.1896 -0.0582
vn -0.9939 -0.0009 0.1102
vn -0.9744 0.0123 0.2244
vn -0.9689 0.0167 -0.2469
vn -1.0000 0.0017 -0.0036
vn -0.9927 0.0056 -0.1203
vn -0.9961 -0.0807 0.0344
vn -0.9663 0.0828 0.2439
vn -0.9968 0.0690 -0.0400
vn -0.9768 0.2142 -0.0088
vn -0.9936 0.1131 -0.0010
vn -0.9911 0.1257 0.0432
vn -0.9623 0.2279 0.1486
vn -0.8759 0.3210 0.3602
vn -0.9705 0.1977 -0.1381
vn -0.9581 0.2862 -0.0073
vn -0.9588 0.2840 0.0026
vn -0.9331 0.3512 0.0773
vn -0.9875 0.1552 -0.0256
vn -0.9866 0.1293 -0.1000
vn -0.9736 0.1590 0.1639
vn -0.9206 0.3013 -0.2483
vn -0.9921 0.1024 -0.0731
vn -0.9770 0.1845 0.1074
vn -0.9916 0.0722 0.1075
vn -0.9424 0.2482 -0.2242
vn -0.9704 0.1859 -0.1542
vn -0.9919 0.1237 0.0303
vn -0.9861 0.1569 0.0546
vn -0.9960 0.0895 -0.0046
vn -0.9938 0.0199 -0.1093
vn -0.9601 -0.0131 -0.2793
vn -0.9922 0.0791 -0.0959
vn -0.9896 0.0366 0.1393
vn -0.9854 -0.0058 0.1700
vn -0.9558 -0.0003 -0.2939
vn -1.0000 -0.0035 -0.0025
vn -0.9819 0.0593 0.1799
vn -0.9800 0.0471 -0.1931
vn -0.9989 0.0408 -0.0216
vn -0.9713 0.2193 -0.0925
vn -0.7704 -0.6372 -0.0233
vn -0.7957 -0.6056 -0.0030
vn -0.8421 -0.5392 0.0069
vn -0.8489 -0.5285 0.0001
vn -0.7765 -0.6278 -0.0539
vn -0.8348 -0.5493 -0.0385
vn -0.8355 -0.5489 0.0243
vn -0.7721 -0.6325 0.0609
vn -0.8367 -0.5463 0.0380
vn -0.8464 -0.5316 0.0296
vn -0.8363 -0.5214 0.1696
vn -0.8397 -0.4967 -0.2195
vn -0.8914 -0.4522 -0.0305
vn -0.8818 -0.4716 -0.0028
vn -0.9325 -0.3610 0.0132
vn -0.8875 -0.4602 0.0226
vn -0.8462 -0.5305 -0.0496
vn -0.9081 -0.4120 -0.0752
vn -0.8214 -0.2383 -0.5182
vn -0.9332 -0.3142 -0.1741
vn -0.9714 -0.2324 -0.0481
vn -0.9497 -0.3132 0.0001
vn -0.9474 -0.3200 -0.0014
vn -0.9445 -0.3101 0.1081
vn -0.6216 -0.5978 0.5061
vn -0.8169 -0.4174 0.3981
vn -0.9021 -0.1735 -0.3950
vn -0.7993 -0.0084 0.6008
vn -0.9010 0.0013 -0.4339
vn -0.8394 0.0086 -0.5435
vn -0.8808 0.1483 -0.4497
vn -0.8828 0.3745 -0.2836
vn -0.9613 0.2744 -0.0252
vn -0.9106 0.3324 0.2455
vn -0.8584 0.5130 -0.0055
vn -0.9040 0.3372 -0.2629
vn -0.8745 0.4840 -0.0319
vn -0.8708 0.4917 -0.0045
vn -0.7954 0.6061 0.0016
vn -0.7897 0.6135 0.0020
vn -0.8141 0.5558 -0.1685
vn -0.7815 0.2374 0.5770
vn -0.8769 0.3522 -0.3271
vn -0.8577 0.3351 -0.3899
vn -0.9677 0.1426 0.2078
vn -0.9001 0.3012 0.3147
vn -0.8013 0.3524 -0.4834
vn -0.9528 -0.1078 -0.2837
vn -0.8979 0.1695 0.4063
vn -0.9172 0.1332 -0.3755
vn -0.9164 0.0104 -0.4001
vn -0.9618 0.0894 -0.2587
vn -0.8919 -0.0009 0.4522
vn -0.9032 -0.0017 -0.4292
vn -0.9425 0.0056 0.3342
vn -0.9265 0.0293 0.3753
vn -0.9350 -0.0083 -0.3545
vn -0.8940 0.1332 -0.4278
vn -0.8858 0.2263 0.4051
vn -0.9658 0.1836 0.1828
vn -0.9430 0.2832 -0.1748
vn -0.8673 0.4833 -0.1194
vn -0.8530 0.4462 0.2709
vn -0.9021 0.4216 0.0919
vn -0.6653 -0.7107 -0.2287
vn -0.6628 -0.7488 -0.0060
vn -0.6053 -0.7958 -0.0163
vn -0.6479 -0.7617 0.0076
vn -0.7253 -0.6884 -0.0039
vn -0.6455 -0.7633 -0.0272
vn -0.6920 -0.7218 -0.0103
vn -0.6895 -0.7233 -0.0360
vn -0.3262 -0.9452 -0.0144
vn -0.6656 -0.7459 -0.0235
vn -0.6672 -0.7446 0.0224
vn -0.6937 -0.7189 0.0441
vn -0.7024 -0.6849 0.1936
vn -0.6879 -0.4842 -0.5408
vn -0.7232 -0.3977 0.5646
vn -0.8945 -0.1283 0.4282
vn -0.6263 -0.2762 0.7290
vn -0.7009 -0.1609 -0.6948
vn -0.6198 -0.0841 0.7802
vn -0.8194 -0.0073 0.5732
vn -0.7029 0.2077 -0.6802
vn -0.8878 0.1417 0.4379
vn -0.6920 0.1047 0.7142
vn -0.4860 0.0808 -0.8702
vn -0.7256 0.3033 0.6177
vn -0.6989 0.4353 -0.5674
vn -0.6887 0.7250 -0.0102
vn -0.7727 0.5504 -0.3163
vn -0.8250 0.4042 0.3950
vn -0.7539 0.6455 -0.1223
vn -0.6966 0.7175 -0.0053
vn -0.5798 0.8123 -0.0630
vn -0.6856 0.7257 0.0580
vn -0.6578 0.5695 0.4928
vn -0.8287 0.0566 -0.5568
vn -0.8208 0.0298 -0.5704
vn -0.7618 -0.0080 -0.6477
vn -0.8279 0.0305 0.5600
vn -0.7854 0.0926 -0.6120
vn -0.8288 0.0129 -0.5594
vn -0.7960 0.1054 0.5960
vn -0.8568 0.2881 -0.4277
vn -0.7408 0.3671 -0.5625
vn -0.7859 0.4820 -0.3874
vn -0.7668 0.4939 0.4100
vn -0.7673 0.6110 -0.1946
vn -0.2953 -0.9554 -0.0053
vn -0.5546 -0.8321 0.0001
vn -0.3897 -0.9209 -0.0002
vn -0.2768 -0.9608 -0.0136
vn -0.2992 -0.9542 -0.0054
vn -0.2807 -0.9598 0.0045
vn -0.4976 -0.8670 0.0272
vn -0.3174 -0.9479 0.0271
vn -0.3843 -0.9049 0.1832
vn -0.5290 -0.7040 -0.4738
vn -0.5832 -0.3974 -0.7085
vn -0.4074 -0.1783 -0.8957
vn -0.6339 -0.0109 -0.7733
vn -0.6302 0.6528 -0.4203
vn -0.6507 0.4817 0.5869
vn -0.5333 0.8459 -0.0071
vn -0.6214 0.6351 0.4587
vn -0.7649 0.4077 -0.4986
vn -0.7076 0.3731 0.6001
vn -0.7508 0.2641 -0.6054
vn -0.8949 0.0281 0.4454
vn -0.6305 0.1665 -0.7581
vn -0.8391 0.0346 0.5429
vn -0.6759 0.0578 0.7347
vn -0.7329 0.0711 -0.6766
vn -0.7270 -0.0001 0.6866
vn -0.6849 -0.0240 -0.7282
vn -0.6615 0.0035 -0.7499
vn -0.5701 0.2193 -0.7918
vn -0.6502 0.2926 -0.7012
vn -0.6602 0.3154 0.6816
vn -0.7169 0.4186 0.5575
vn -0.6419 0.5199 -0.5636
vn -0.6711 0.6649 0.3281
vn -0.6345 0.7068 -0.3126
vn -0.7630 0.6442 0.0532
vn -0.3564 -0.9331 -0.0486
vn 0.0012 -1.0000 -0.0044
vn -0.2812 -0.9596 0.0103
vn -0.0774 -0.9970 0.0032
vn -0.4701 -0.6312 -0.6170
vn -0.2334 -0.9269 0.2938
vn -0.2761 -0.5912 0.7578
vn -0.2731 -0.4257 -0.8627
vn -0.3374 -0.3431 0.8766
vn -0.3658 -0.0028 -0.9307
vn -0.6016 0.0415 0.7977
vn -0.2490 0.0925 0.9641
vn -0.4236 0.3105 -0.8510
vn -0.3462 0.2583 0.9019
vn -0.2102 0.2143 -0.9539
vn -0.3723 0.2387 0.8969
vn -0.3919 0.6432 -0.6578
vn -0.6031 0.6168 0.5058
vn -0.2786 0.6768 0.6814
vn -0.5755 0.8167 -0.0428
vn -0.3958 0.9177 0.0349
vn -0.3928 0.9195 0.0144
vn -0.5615 0.7837 -0.2658
vn -0.5919 0.6272 -0.5062
vn -0.5571 0.4430 0.7024
vn -0.4584 0.0291 -0.8882
vn -0.5739 0.0525 -0.8172
vn -0.5553 0.0261 0.8312
vn -0.6567 0.1517 0.7387
vn -0.5439 0.3513 -0.7621
vn -0.4975 0.7315 -0.4662
vn -0.2363 -0.9383 -0.2525
vn -0.2691 -0.9454 -0.1837
vn 0.0029 -1.0000 0.0004
vn 0.0013 -1.0000 0.0006
vn -0.0011 -1.0000 0.0002
vn -0.0011 -1.0000 -0.0006
vn -0.0042 -1.0000 0.0022
vn -0.1732 -0.9002 0.3996
vn -0.2618 -0.7147 -0.6486
vn -0.1868 -0.1141 -0.9757
vn -0.4247 -0.1133 0.8982
vn -0.1451 0.0376 -0.9887
vn -0.1862 0.4633 -0.8664
vn -0.2829 0.5476 0.7875
vn -0.3200 0.4135 0.8524
vn -0.1988 0.5868 -0.7850
vn -0.3556 0.7794 -0.5158
vn -0.1762 0.7777 -0.6034
vn -0.2958 0.9552 -0.0009
vn -0.2068 0.7269 0.6549
vn -0.3365 0.8981 -0.2831
vn -0.4139 0.9103 -0.0025
vn -0.2418 0.9703 -0.0051
vn -0.3948 0.4775 -0.7849
vn -0.2719 0.1854 -0.9443
vn -0.5171 0.1350 0.8452
vn -0.5564 0.0054 -0.8309
vn -0.3706 0.0058 0.9288
vn -0.3775 0.0414 -0.9251
vn -0.6189 0.0086 0.7854
vn -0.5734 -0.0674 -0.8165
vn -0.3829 0.1513 -0.9113
vn -0.4849 0.2554 0.8364
vn -0.4491 0.3143 -0.8363
vn -0.4520 0.4746 -0.7553
vn -0.4794 0.4696 0.7414
vn -0.3960 0.5459 -0.7383
vn -0.4726 0.6568 -0.5876
vn -0.3618 0.7477 -0.5568
vn -0.5137 0.7219 0.4638
vn -0.4562 0.8119 -0.3644
vn -0.3100 0.9497 0.0447
vn -0.5658 0.8203 0.0835
vn -0.0762 -0.9603 -0.2684
vn -0.0007 -1.0000 0.0000
vn -0.0006 -1.0000 -0.0002
vn 0.0010 -1.0000 -0.0005
vn 0.0020 -1.0000 0.0002
vn 0.0062 -1.0000 -0.0052
vn 0.0013 -0.9527 0.3040
vn -0.0136 -0.6673 -0.7447
vn -0.0572 -0.7398 0.6704
vn -0.1359 -0.2988 0.9446
vn -0.1402 -0.0331 -0.9896
vn -0.0824 0.0951 -0.9921
vn 0.1961 0.5313 0.8242
vn -0.0675 0.7090 0.7019
vn -0.1112 0.9827 -0.1484
vn -0.1458 0.9885 0.0410
vn -0.1359 0.9751 -0.1754
vn -0.2699 0.8241 -0.4980
vn -0.3586 0.4564 0.8143
vn -0.3088 -0.0099 -0.9511
vn -0.3853 0.0602 0.9208
vn -0.1053 0.2113 -0.9717
vn -0.2698 0.2320 0.9346
vn -0.3870 0.3800 0.8401
vn -0.5107 0.5883 0.6270
vn -0.3120 0.6227 -0.7176
vn -0.2710 0.6474 0.7123
vn -0.0051 0.9966 -0.0818
vn -0.3726 0.7073 0.6007
vn -0.2618 0.9258 0.2728
vn -0.4067 0.8383 0.3631
vn -0.4256 0.8912 -0.1567
vn -0.0003 -1.0000 0.0035
vn 0.0009 -1.0000 -0.0003
vn -0.0002 -1.0000 0.0002
vn -0.0005 -1.0000 -0.0000
vn -0.0006 -1.0000 -0.0004
vn -0.0006 -1.0000 0.0004
vn -0.0006 -1.0000 0.0004
vn -0.0005 -1.0000 0.0004
vn 0.0008 -1.0000 0.0005
vn -0.0308 -0.7859 -0.6176
vn -0.1908 -0.4854 -0.8532
vn -0.0380 -0.4656 0.8842
vn -0.0157 -0.4115 -0.9113
vn -0.0077 -0.0210 -0.9997
vn -0.0433 0.9498 -0.3099
vn -0.1060 0.9944 0.0045
vn 0.0068 0.9996 -0.0290
vn -0.1275 0.6621 0.7385
vn -0.1422 0.6982 -0.7017
vn -0.1295 0.4978 0.8576
vn -0.2835 0.1466 0.9477
vn -0.2259 0.0201 -0.9739
vn -0.0463 0.3040 -0.9516
vn -0.2946 0.4759 0.8287
vn -0.1838 0.3696 0.9108
vn -0.0584 0.4939 -0.8676
vn -0.1432 0.5381 0.8306
vn -0.1981 0.6225 -0.7571
vn -0.2583 0.8334 0.4886
vn -0.1957 0.8055 -0.5593
vn -0.2289 0.9368 -0.2645
vn -0.0002 -1.0000 0.0000
vn -0.0000 -1.0000 -0.0000
vn 0.0000 -1.0000 -0.0000
vn -0.0005 -1.0000 -0.0001
vn -0.0005 -1.0000 -0.0004
vn -0.0005 -1.0000 0.0000
vn -0.0001 -1.0000 -0.0049
vn 0.0076 -0.9995 0.0308
vn -0.0061 -0.9685 0.2490
vn -0.0011 -0.6831 -0.7303
vn -0.0076 -0.6118 0.7909
vn -0.0916 -0.1982 -0.9759
vn -0.1818 -0.0656 0.9812
vn -0.0399 0.1421 0.9891
vn 0.1009 0.4638 -0.8802
vn -0.0682 0.5018 0.8623
vn -0.0254 0.3521 0.9356
vn -0.0195 0.7251 -0.6884
vn -0.0424 0.8912 -0.4517
vn -0.0632 0.6633 0.7457
vn -0.0455 0.9809 -0.1890
vn -0.0372 0.9989 -0.0271
vn -0.0004 0.9996 -0.0299
vn -0.0016 0.9802 -0.1982
vn -0.0612 0.7097 -0.7018
vn -0.4999 0.1288 0.8564
vn -0.6095 0.0662 0.7900
vn -0.0917 -0.0187 -0.9956
vn -0.1607 0.0169 0.9869
vn -0.1280 -0.0387 -0.9910
vn -0.2582 0.0794 0.9628
vn -0.2546 0.3994 -0.8807
vn 0.0849 0.3164 -0.9448
vn 0.1761 0.4742 0.8626
vn -0.0557 0.6759 -0.7349
vn -0.1348 0.7102 0.6910
vn -0.1206 0.8894 -0.4409
vn -0.1406 0.8313 0.5378
vn -0.2061 0.8889 0.4091
vn 0.0070 -0.9364 -0.3510
vn 0.0000 -1.0000 -0.0002
vn -0.0000 -1.0000 -0.0000
vn 0.0000 -1.0000 -0.0000
vn -0.0039 -1.0000 -0.0003
vn -0.0003 -1.0000 -0.0011
vn -0.0001 -1.0000 0.0005
vn 0.0004 -1.0000 -0.0000
vn -0.0001 -1.0000 0.0005
vn 0.0006 -1.0000 -0.0041
vn -0.0999 -0.6884 -0.7184
vn 0.0037 -0.4269 -0.9043
vn 0.2078 -0.3016 -0.9305
vn -0.0722 -0.1820 0.9806
vn 0.0277 -0.0587 -0.9979
vn -0.0218 0.0026 0.9998
vn 0.0702 -0.0111 -0.9975
vn -0.0021 0.1762 -0.9843
vn -0.0107 0.6508 0.7592
vn 0.0106 0.6929 0.7210
vn 0.0640 0.7013 0.7100
vn 0.0071 0.7170 -0.6970
vn 0.1350 0.2383 -0.9618
vn -0.1032 0.2525 0.9621
vn -0.0052 -0.0546 -0.9985
vn -0.0157 0.0524 0.9985
vn 0.0690 -0.1553 -0.9855
vn -0.0237 0.2272 0.9736
vn -0.1935 -0.1302 -0.9724
vn -0.0235 0.3694 0.9290
vn 0.0684 0.6571 -0.7507
vn 0.0580 0.7410 0.6690
vn 0.0264 0.8291 -0.5585
vn -0.0503 0.8945 0.4443
vn -0.1809 0.9203 0.3469
vn 0.0981 0.8951 0.4350
vn -0.0002 -0.9999 -0.0114
vn -0.0093 -0.9999 0.0085
vn -0.0000 -1.0000 0.0000
vn -0.0000 -1.0000 -0.0001
vn 0.0014 -1.0000 -0.0007
vn 0.0006 -1.0000 0.0004
vn -0.0003 -1.0000 0.0005
vn 0.0078 -0.9238 0.3829
vn 0.0966 -0.5348 -0.8395
vn 0.0458 -0.6728 0.7384
vn -0.0022 -0.5628 0.8266
vn -0.0021 -0.4523 0.8919
vn 0.0214 -0.0531 0.9984
vn -0.1266 -0.0556 0.9904
vn 0.0850 0.0021 -0.9964
vn 0.0152 -0.0057 0.9999
vn 0.0241 0.0566 0.9981
vn -0.0030 0.5261 -0.8504
vn 0.0033 0.5398 0.8418
vn 0.0448 0.4338 0.8999
vn 0.0112 0.6129 -0.7901
vn -0.0370 0.8348 -0.5493
vn 0.0003 1.0000 -0.0006
vn 0.0368 0.5857 0.8097
vn 0.0823 0.7026 -0.7068
vn 0.0874 0.8021 0.5907
vn -0.1002 0.0004 0.9950
vn 0.0513 0.0072 0.9987
vn 0.2245 0.1602 -0.9612
vn 0.2185 0.2489 0.9436
vn 0.1092 0.4467 0.8880
vn 0.0728 0.5739 0.8157
vn 0.1613 0.6355 -0.7551
vn 0.1203 0.8214 0.5576
vn 0.1950 0.7126 0.6739
vn 0.1617 0.8979 -0.4095
vn 0.1358 0.9385 -0.3174
vn 0.0105 0.9632 -0.2685
vn -0.0062 0.9980 -0.0631
vn -0.1056 0.9785 0.1769
vn 0.0088 -0.9694 -0.2453
vn -0.0029 -1.0000 0.0066
vn 0.0007 -1.0000 0.0020
vn 0.0004 -1.0000 -0.0000
vn 0.0003 -1.0000 -0.0001
vn -0.0046 -1.0000 0.0001
vn 0.0003 -1.0000 -0.0001
vn 0.0064 -1.0000 -0.0005
vn 0.0012 -1.0000 -0.0053
vn 0.0168 -0.8117 -0.5838
vn 0.0695 -0.3058 0.9496
vn 0.1830 0.0332 -0.9826
vn 0.0603 0.2618 -0.9632
vn 0.0241 0.7061 0.7077
vn 0.1245 0.6892 0.7138
vn -0.0086 0.8420 -0.5394
vn 0.1030 0.9615 -0.2546
vn 0.0200 0.9969 -0.0755
vn 0.0359 0.9989 -0.0307
vn 0.0214 0.9998 0.0016
vn 0.0161 0.9999 0.0009
vn 0.0392 0.9684 -0.2464
vn 0.1175 0.6492 0.7515
vn 0.2067 0.7168 -0.6659
vn 0.2351 0.5050 0.8305
vn 0.1889 0.0603 -0.9801
vn 0.2316 0.0349 0.9722
vn 0.2114 0.0004 -0.9774
vn 0.3147 0.3213 0.8932
vn 0.2350 0.4050 0.8836
vn 0.2475 0.4554 -0.8552
vn 0.2236 0.5924 0.7740
vn 0.3005 0.6253 -0.7202
vn 0.2990 0.7808 0.5485
vn 0.3155 0.9227 -0.2217
vn 0.3552 0.9244 0.1388
vn 0.0507 -0.9585 -0.2806
vn -0.0077 -1.0000 -0.0002
vn 0.0005 -1.0000 0.0000
vn 0.0005 -1.0000 -0.0000
vn 0.0997 -0.9949 0.0156
vn -0.0130 -0.9999 0.0105
vn 0.0018 -1.0000 -0.0015
vn 0.2517 -0.9572 0.1429
vn -0.0062 -1.0000 0.0045
vn 0.0094 -0.9997 0.0204
vn 0.0913 -0.7245 -0.6832
vn 0.0216 -0.7844 0.6199
vn 0.0605 -0.5290 -0.8465
vn 0.1014 -0.5366 0.8377
vn 0.0332 -0.1180 -0.9925
vn 0.2477 -0.0983 -0.9639
vn 0.2454 -0.0764 -0.9664
vn 0.0329 0.2236 0.9741
vn 0.1271 0.4199 -0.8986
vn 0.2051 0.6434 -0.7375
vn 0.0328 0.6102 0.7916
vn 0.0545 0.7262 -0.6853
vn 0.1933 0.7597 -0.6209
vn 0.0788 0.8406 -0.5359
vn 0.2568 0.8662 -0.4287
vn 0.1402 0.9901 -0.0035
vn 0.0936 0.9953 -0.0239
vn 0.1208 0.9854 -0.1197
vn 0.1892 0.7162 -0.6718
vn 0.4519 0.3650 -0.8140
vn 0.2960 0.2758 0.9145
vn 0.3780 0.5159 -0.7687
vn 0.2711 -0.0029 0.9625
vn 0.3880 -0.0172 -0.9215
vn 0.2437 0.0643 -0.9677
vn 0.1598 -0.1511 -0.9755
vn 0.3931 0.0545 -0.9179
vn 0.1051 0.0722 0.9918
vn 0.4119 0.2781 -0.8677
vn 0.3255 0.1723 0.9297
vn 0.3565 0.6503 0.6708
vn 0.3855 0.6967 -0.6050
vn 0.2338 0.7964 -0.5578
vn 0.5157 0.5508 -0.6563
vn 0.3657 0.8801 -0.3028
vn 0.2402 0.9247 0.2954
vn 0.2649 0.9620 -0.0659
vn 0.1949 0.9807 0.0137
vn 0.2381 -0.9312 -0.2759
vn -0.0097 -1.0000 -0.0000
vn -0.0077 -1.0000 0.0001
vn 0.1705 -0.9854 -0.0050
vn 0.1223 -0.9925 0.0047
vn 0.0062 -1.0000 0.0015
vn 0.1085 -0.9940 0.0099
vn 0.2443 -0.9346 0.2585
vn 0.0678 -0.9625 0.2627
vn 0.1706 -0.7502 0.6389
vn 0.1967 -0.7896 -0.5812
vn 0.2189 -0.5613 -0.7981
vn 0.3218 -0.4595 -0.8278
vn 0.2567 -0.3467 0.9021
vn 0.1029 -0.0365 0.9940
vn 0.2390 0.2089 -0.9483
vn 0.1755 0.2178 0.9601
vn 0.4186 0.5141 -0.7486
vn 0.2105 0.5498 0.8084
vn 0.2772 0.7102 0.6471
vn 0.2371 0.9426 -0.2351
vn 0.1495 0.9874 -0.0510
vn 0.2203 0.9754 -0.0058
vn 0.2008 0.9796 -0.0033
vn 0.3134 0.9110 -0.2679
vn 0.4098 0.6445 -0.6456
vn 0.5254 0.1236 -0.8418
vn 0.4396 0.1793 0.8801
vn 0.5252 0.0181 0.8508
vn 0.4392 -0.0199 0.8981
vn 0.3723 0.1432 0.9170
vn 0.4420 0.1240 0.8884
vn 0.4802 0.4502 -0.7528
vn 0.3967 0.5054 0.7663
vn 0.4042 0.5383 -0.7395
vn 0.4838 0.5938 -0.6429
vn 0.3862 0.6082 0.6935
vn 0.4384 0.5910 0.6771
vn 0.5156 0.6779 0.5241
vn 0.4346 0.8192 -0.3743
vn 0.4110 0.7838 0.4655
vn 0.3982 0.9127 -0.0915
vn 0.3988 0.9084 0.1258
vn 0.5662 0.7815 0.2621
vn 0.3651 0.8649 0.3443
vn 0.2356 -0.9418 -0.2397
vn -0.0129 -0.9999 0.0002
vn -0.0127 -0.9999 -0.0001
vn -0.0151 -0.9999 -0.0020
vn 0.0112 -0.9998 -0.0176
vn -0.0003 -1.0000 0.0034
vn 0.4843 -0.6893 -0.5388
vn 0.5091 -0.6816 0.5255
vn 0.4244 -0.5781 -0.6969
vn 0.3817 -0.3921 -0.8370
vn 0.4116 -0.4714 0.7800
vn 0.1854 -0.0976 0.9778
vn 0.4907 0.0661 -0.8688
vn 0.3044 0.0023 -0.9526
vn 0.4161 0.0626 0.9072
vn 0.4843 0.0373 -0.8741
vn 0.2160 0.0639 0.9743
vn 0.2818 0.2064 -0.9370
vn 0.4530 0.2324 -0.8607
vn 0.4003 0.1796 0.8986
vn 0.4974 0.3835 0.7781
vn 0.3516 0.6122 0.7082
vn 0.3681 0.7184 -0.5902
vn 0.3208 0.9279 -0.1902
vn 0.3131 0.9482 -0.0536
vn 0.3634 0.9316 -0.0085
vn 0.2820 0.9594 -0.0025
vn 0.3575 0.9339 0.0027
vn 0.3954 0.9182 -0.0225
vn 0.3660 0.9261 -0.0914
vn 0.2688 0.7146 0.6459
vn 0.5105 0.6516 0.5611
vn 0.4838 0.8312 -0.2739
vn 0.5611 0.6790 -0.4735
vn 0.6614 0.5388 -0.5217
vn 0.4261 0.5756 0.6979
vn 0.6271 0.2886 -0.7235
vn 0.5071 0.0609 0.8597
vn 0.5115 -0.0129 -0.8592
vn 0.5767 0.0042 -0.8169
vn 0.5309 0.0200 -0.8472
vn 0.4853 0.0623 0.8721
vn 0.5920 0.1170 -0.7974
vn 0.5230 0.2068 -0.8269
vn 0.5353 0.2380 0.8105
vn 0.4294 0.3903 0.8144
vn 0.6652 0.2863 0.6896
vn 0.6275 0.4809 -0.6124
vn 0.5319 0.5013 0.6824
vn 0.4646 0.7145 -0.5231
vn 0.6996 0.4506 -0.5546
vn 0.5763 0.7809 -0.2411
vn 0.4976 0.7763 0.3870
vn 0.5206 0.8525 -0.0474
vn 0.4031 -0.9086 -0.1097
vn 0.3406 -0.9401 0.0103
vn 0.1830 -0.9831 0.0001
vn 0.1831 -0.9831 -0.0002
vn 0.1880 -0.9822 -0.0005
vn 0.1765 -0.9840 -0.0262
vn 0.4152 -0.9054 0.0888
vn 0.5140 -0.8578 -0.0022
vn 0.5095 -0.8605 -0.0000
vn 0.4925 -0.8703 -0.0075
vn 0.3350 -0.9422 0.0105
vn 0.5324 -0.7805 0.3277
vn 0.3849 -0.6789 0.6253
vn 0.5174 -0.5465 0.6585
vn 0.5192 -0.3075 -0.7974
vn 0.4732 -0.1677 -0.8649
vn 0.4272 -0.1798 0.8861
vn 0.5926 -0.1348 -0.7941
vn 0.4207 -0.0196 0.9070
vn 0.6681 0.0176 -0.7438
vn 0.5533 -0.0025 -0.8329
vn 0.5534 0.0047 0.8329
vn 0.5032 0.0100 0.8641
vn 0.4855 0.1399 0.8630
vn 0.5050 0.3891 -0.7704
vn 0.6399 0.3206 -0.6984
vn 0.5528 0.5189 0.6520
vn 0.5221 0.6277 -0.5774
vn 0.4807 0.6454 0.5936
vn 0.4734 0.7995 -0.3697
vn 0.5537 0.6833 0.4759
vn 0.5281 0.8361 -0.1485
vn 0.5021 0.8648 -0.0026
vn 0.5109 0.8596 -0.0001
vn 0.4997 0.8662 0.0026
vn 0.5061 0.8606 -0.0560
vn 0.6360 0.5330 0.5580
vn 0.4664 0.4540 0.7592
vn 0.5805 0.3224 0.7477
vn 0.4304 0.2868 -0.8559
vn 0.7287 0.1048 -0.6768
vn 0.6877 0.1198 0.7160
vn 0.6907 -0.0027 -0.7231
vn 0.6865 0.0050 -0.7271
vn 0.6148 -0.0054 0.7887
vn 0.6709 0.0312 0.7409
vn 0.6795 0.1278 0.7225
vn 0.6857 0.2471 -0.6846
vn 0.5095 0.3500 0.7861
vn 0.6497 0.5379 -0.5372
vn 0.6596 0.4591 0.5951
vn 0.6294 0.5970 -0.4974
vn 0.6543 0.5741 0.4923
vn 0.6267 0.6996 -0.3433
vn 0.6587 0.6687 0.3448
vn 0.6357 0.7666 -0.0904
vn 0.5485 0.8261 0.1294
vn 0.4465 -0.8940 -0.0378
vn 0.5035 -0.8636 -0.0267
vn 0.4935 -0.8696 -0.0143
vn 0.4551 -0.8903 0.0118
vn 0.6734 -0.7393 0.0011
vn 0.5543 -0.8323 0.0011
vn 0.5550 -0.7429 -0.3743
vn 0.6564 -0.4544 0.6022
vn 0.6330 -0.3718 -0.6790
vn 0.8126 -0.2438 -0.5293
vn 0.7924 0.0787 -0.6049
vn 0.5645 -0.1782 0.8060
vn 0.6276 0.0661 -0.7757
vn 0.7745 0.0913 -0.6260
vn 0.6630 0.2169 -0.7165
vn 0.6148 0.2385 0.7518
vn 0.7570 0.3601 -0.5453
vn 0.6597 0.4813 0.5772
vn 0.6461 0.6301 -0.4307
vn 0.6824 0.5867 0.4360
vn 0.6480 0.7290 -0.2204
vn 0.6439 0.7650 -0.0107
vn 0.6556 0.7551 0.0011
vn 0.7111 0.7031 -0.0015
vn 0.5440 0.8390 0.0128
vn 0.6452 0.7640 0.0030
vn 0.6583 0.7527 0.0127
vn 0.6524 0.7564 -0.0482
vn 0.6908 0.7116 -0.1283
vn 0.6806 0.6167 0.3956
vn 0.7464 0.4805 0.4604
vn 0.7083 0.5190 -0.4784
vn 0.7481 0.3040 -0.5898
vn 0.7695 0.2213 0.5991
vn 0.7853 -0.0049 -0.6191
vn 0.7080 0.0580 0.7038
vn 0.7750 -0.0021 -0.6319
vn 0.7589 0.0096 0.6511
vn 0.7450 0.0340 -0.6662
vn 0.7931 0.1219 -0.5967
vn 0.7836 0.2741 -0.5576
vn 0.7039 0.3129 -0.6376
vn 0.7979 0.3665 -0.4786
vn 0.7757 0.2851 0.5631
vn 0.7741 0.4292 0.4654
vn 0.7244 0.5456 -0.4214
vn 0.7717 0.5395 -0.3369
vn 0.7652 0.5769 0.2859
vn 0.7644 0.6159 -0.1910
vn 0.7401 0.6681 -0.0762
vn 0.6995 0.7083 0.0947
vn 0.6364 -0.7512 -0.1751
vn 0.7882 -0.6150 -0.0236
vn 0.6755 -0.7369 -0.0248
vn 0.6800 -0.7332 -0.0023
vn 0.7383 -0.6745 0.0043
vn 0.7203 -0.6937 0.0066
vn 0.5948 -0.8038 -0.0141
vn 0.7423 -0.6675 -0.0584
vn 0.7909 -0.6119 -0.0064
vn 0.7505 -0.6603 0.0282
vn 0.7131 -0.6940 0.0995
vn 0.6801 -0.6974 0.2260
vn 0.8482 -0.5197 -0.1026
vn 0.7951 -0.6065 0.0043
vn 0.7764 -0.6302 0.0092
vn 0.7079 -0.4638 -0.5326
vn 0.8456 -0.4178 -0.3324
vn 0.7703 -0.5478 -0.3265
vn 0.7654 -0.4855 0.4224
vn 0.8976 -0.2151 0.3847
vn 0.8402 -0.0813 -0.5362
vn 0.8385 -0.1089 0.5339
vn 0.6807 -0.1442 0.7182
vn 0.7941 0.0206 -0.6074
vn 0.8418 -0.0146 -0.5395
vn 0.7532 0.0248 0.6573
vn 0.6794 -0.0146 0.7336
vn 0.8659 0.0256 -0.4996
vn 0.6377 0.0196 0.7700
vn 0.8574 0.0258 0.5140
vn 0.8693 0.1516 0.4705
vn 0.8586 0.2475 -0.4490
vn 0.8607 0.4848 -0.1553
vn 0.8389 0.4476 0.3097
vn 0.8089 0.4040 0.4270
vn 0.7857 0.5442 -0.2942
vn 0.7609 0.6445 -0.0753
vn 0.8095 0.5871 0.0041
vn 0.8025 0.5966 -0.0067
vn 0.7451 0.6670 0.0065
vn 0.8233 0.5677 -0.0030
vn 0.8148 0.5796 -0.0076
vn 0.7718 0.6063 -0.1916
vn 0.8714 0.4305 -0.2353
vn 0.8234 0.4988 0.2705
vn 0.7541 0.5622 0.3396
vn 0.8516 0.4159 -0.3191
vn 0.8235 0.4390 0.3593
vn 0.8216 0.3776 -0.4270
vn 0.8604 0.2650 0.4353
vn 0.8682 0.0705 -0.4912
vn 0.8536 0.0881 0.5135
vn 0.9021 -0.0021 -0.4315
vn 0.8555 0.0071 -0.5177
vn 0.7915 -0.0101 0.6110
vn 0.9008 0.0047 -0.4342
vn 0.8293 -0.0241 0.5583
vn 0.8375 0.0053 0.5464
vn 0.8980 -0.0029 -0.4401
vn 0.8212 0.0026 -0.5707
vn 0.7960 0.0926 0.5982
vn 0.8803 0.1001 -0.4637
vn 0.8128 0.1476 0.5636
vn 0.8446 0.2561 0.4701
vn 0.8901 0.2913 -0.3504
vn 0.8659 0.3363 0.3703
vn 0.7624 0.2842 0.5813
vn 0.8604 0.4529 -0.2335
vn 0.8584 0.5129 0.0012
vn 0.8791 0.4367 0.1909
vn 0.8036 0.5800 0.1335
vn 0.8773 -0.4798 -0.0109
vn 0.8679 -0.4967 -0.0016
vn 0.8901 -0.4557 -0.0011
vn 0.8771 -0.4804 0.0014
vn 0.8743 -0.4839 -0.0367
vn 0.8537 -0.5177 -0.0569
vn 0.7998 -0.5986 -0.0447
vn 0.8959 -0.4434 0.0274
vn 0.8640 -0.5007 0.0537
vn 0.9363 -0.3482 0.0461
vn 0.8446 -0.5230 -0.1148
vn 0.9416 -0.3307 -0.0639
vn 0.9602 -0.2792 -0.0104
vn 0.9198 -0.3925 -0.0001
vn 0.9378 -0.3467 -0.0181
vn 0.9232 -0.3818 -0.0435
vn 0.9103 -0.4133 0.0211
vn 0.8854 -0.4587 0.0748
vn 0.8998 -0.2776 0.3367
vn 0.8426 -0.4665 0.2692
vn 0.9107 -0.3074 -0.2759
vn 0.9766 -0.2150 -0.0027
vn 0.9548 -0.2971 0.0044
vn 0.9713 -0.2378 0.0001
vn 0.9745 -0.2217 -0.0344
vn 0.9880 -0.1547 -0.0018
vn 0.9820 -0.1887 -0.0012
vn 0.9688 -0.2148 0.1241
vn 0.9555 -0.0778 0.2846
vn 0.9663 -0.1312 -0.2214
vn 0.9227 0.0100 -0.3853
vn 0.9687 0.0007 0.2481
vn 0.9053 0.0016 0.4248
vn 0.9412 0.0121 -0.3377
vn 0.9837 -0.0021 -0.1800
vn 0.9435 0.1687 -0.2852
vn 0.9542 0.0555 0.2941
vn 0.9020 0.0065 0.4316
vn 0.9818 0.0818 0.1714
vn 0.8908 0.2784 -0.3591
vn 0.9877 0.1247 -0.0947
vn 0.9467 0.3203 -0.0331
vn 0.9732 0.1746 -0.1496
vn 0.9960 0.0890 0.0051
vn 0.9783 0.2071 0.0003
vn 0.9582 0.2862 0.0008
vn 0.9910 0.1337 0.0002
vn 0.9785 0.2060 0.0033
vn 0.9206 0.3606 -0.1497
vn 0.8996 0.3952 -0.1860
vn 0.9548 0.2280 0.1908
vn 0.9051 0.2214 0.3630
vn 0.7655 0.2265 0.6023
vn 0.9034 0.4286 -0.0139
vn 0.9030 0.4295 -0.0064
vn 0.9512 0.2787 -0.1326
vn 0.9740 0.1960 -0.1133
vn 0.9508 0.2771 0.1385
vn 0.9682 0.2076 0.1395
vn 0.8874 0.4599 -0.0312
vn 0.8778 0.4791 -0.0041
vn 0.8594 0.5112 -0.0072
vn 0.8718 0.4897 -0.0102
vn 0.9737 0.1924 -0.1217
vn 0.9619 0.2106 -0.1744
vn 0.9401 0.2792 0.1957
vn 0.8934 0.3845 0.2324
vn 0.8969 0.3949 0.1992
vn 0.8813 0.3818 -0.2783
vn 0.9406 0.2032 -0.2720
vn 0.9542 0.2228 -0.1999
vn 0.9175 0.2804 0.2820
vn 0.9455 0.1978 0.2585
vn 0.8725 0.2242 -0.4341
vn 0.9842 0.0930 -0.1508
vn 0.9579 0.1164 0.2624
vn 0.8915 0.2787 0.3571
vn 0.9651 0.0423 -0.2585
vn 0.9800 0.0271 0.1974
vn 0.9173 -0.0268 -0.3974
vn 0.8602 0.0078 0.5098
vn 0.9901 -0.0261 -0.1376
vn 0.9855 -0.0085 0.1695
vn 0.9761 0.0032 0.2173
vn 0.8778 0.0008 0.4790
vn 0.9524 0.0016 -0.3048
vn 0.9846 0.0005 -0.1748
vn 0.9047 0.0030 0.4261
vn 0.9956 0.0025 -0.0932
vn 0.9867 -0.0014 0.1628
vn 0.9040 -0.0000 0.4276
vn 0.9173 0.0111 0.3981
vn 0.9813 0.0090 -0.1920
vn 0.9752 0.0208 0.2201
vn 0.8933 0.0034 0.4495
vn 0.9431 0.1373 -0.3030
vn 0.8899 0.0678 0.4511
vn 0.9707 0.2385 -0.0304
vn 0.9777 0.1713 -0.1213
vn 0.9560 0.1589 0.2467
vn 0.9924 0.1211 0.0239
vn 0.9080 0.3927 -0.1462
vn 0.9207 0.3882 -0.0410
vn 0.9183 0.3198 0.2335
vn 0.9707 -0.2224 -0.0909
vn 0.9670 -0.2545 -0.0110
vn 0.9803 -0.1876 0.0619
vn 0.9790 -0.1829 0.0906
vn 0.9670 -0.2525 0.0341
vn 0.9964 -0.0545 -0.0642
vn 0.9960 -0.0865 -0.0216
vn 0.9974 -0.0727 0.0002
vn 0.9948 -0.1015 0.0045
vn 0.9953 -0.0682 -0.0693
vn 0.9918 -0.0735 -0.1042
vn 0.9547 -0.2921 -0.0564
vn 0.9707 -0.2150 0.1070
vn 0.9902 -0.0913 0.1055
vn 0.9950 -0.0601 0.0799
vn 0.9998 -0.0211 -0.0003
vn 0.9997 -0.0255 -0.0000
vn 0.9955 -0.0911 0.0277
vn 0.9899 -0.0962 0.1046
vn 0.9676 -0.0936 -0.2344
vn 1.0000 -0.0049 -0.0059
vn 1.0000 -0.0018 0.0004
vn 0.9990 -0.0315 0.0310
vn 0.9983 -0.0490 -0.0318
vn 0.9884 -0.1522 -0.0030
vn 0.9934 -0.0084 0.1142
vn 1.0000 0.0007 0.0002
vn 0.9999 0.0061 -0.0121
vn 0.9937 0.0052 -0.1123
vn 0.9930 -0.0219 -0.1158
vn 0.9971 -0.0015 -0.0764
vn 0.9940 -0.0574 0.0933
vn 0.9915 -0.0178 0.1286
vn 0.9938 -0.0072 0.1114
vn 0.9915 -0.0008 0.1301
vn 0.9998 0.0175 -0.0073
vn 0.9999 0.0132 0.0007
vn 1.0000 0.0006 0.0023
vn 0.9982 0.0155 -0.0586
vn 0.9909 0.0301 0.1310
vn 0.9949 0.0524 -0.0865
vn 0.9999 0.0112 0.0024
vn 0.9984 0.0562 0.0040
vn 0.9837 0.1379 -0.1151
vn 0.9885 0.0766 -0.1304
vn 0.9876 0.0879 -0.1304
vn 1.0000 -0.0067 0.0012
vn 0.9922 0.0419 0.1175
vn 0.9983 0.0515 -0.0269
vn 0.9984 0.0559 0.0012
vn 0.9983 0.0581 0.0000
vn 0.9984 0.0567 0.0017
vn 0.9962 0.0772 -0.0394
vn 0.9945 0.0340 0.0989
vn 0.9960 0.0821 -0.0356
vn 0.9922 0.1023 0.0713
vn 0.9860 0.0893 0.1408
vn 0.9725 0.1707 0.1585
vn 0.9854 0.1104 0.1295
vn 0.9857 0.1271 0.1105
vn 0.9654 0.1930 -0.1755
vn 0.9872 0.1587 -0.0186
vn 0.9725 0.1679 0.1615
vn 0.9813 0.1427 -0.1291
vn 0.9809 0.1508 -0.1225
vn 0.9827 0.1696 0.0742
vn 0.9714 0.1920 0.1400
vn 0.9988 0.0444 0.0200
vn 0.9943 -0.0012 0.1064
vn 0.9909 -0.0171 0.1333
vn 0.9981 -0.0005 -0.0615
vn 0.9989 -0.0081 0.0462
vn 0.9998 0.0059 0.0194
vn 0.9943 0.0020 0.1065
vn 0.9908 0.0357 -0.1309
vn 0.9917 0.0746 0.1044
f 1753//1753 1795//1795 1752//1752
f 1759//1759 1760//1760 1758//1758
f 1770//1770 1755//1755 1762//1762
f 1771//1771 1758//1758 1760//1760
f 1769//1769 1759//1759 1755//1755
f 1760//1760 1759//1759 1769//1769
f 1769//1769 1755//1755 1770//1770
f 1779//1779 1763//1763 1764//1764
f 1779//1779 1764//1764 1756//1756
f 1779//1779 1756//1756 1765//1765
f 1767//1767 1761//1761 1757//1757
f 1756//1756 1761//1761 1767//1767
f 1767//1767 1757//1757 1893//1893
f 1758//1758 1766//1766 1834//1834
f 1777//1777 1771//1771 1791//1791
f 1771//1771 1760//1760 1768//1768
f 1768//1768 1760//1760 1769//1769
f 1770//1770 1762//1762 1773//1773
f 1773//1773 1763//1763 1779//1779
f 1774//1774 1765//1765 1756//1756
f 1774//1774 1756//1756 1767//1767
f 1776//1776 1766//1766 1781//1781
f 1768//1768 1791//1791 1771//1771
f 1778//1778 1769//1769 1770//1770
f 1773//1773 1779//1779 1753//1753
f 1779//1779 1765//1765 1780//1780
f 1780//1780 1765//1765 1774//1774
f 1783//1783 1766//1766 1758//1758
f 1781//1781 1766//1766 1783//1783
f 1783//1783 1758//1758 1771//1771
f 1791//1791 1768//1768 1769//1769
f 1778//1778 1770//1770 1773//1773
f 1752//1752 1773//1773 1753//1753
f 1784//1784 1779//1779 1780//1780
f 1783//1783 1771//1771 1777//1777
f 1783//1783 1777//1777 1772//1772
f 1792//1792 1791//1791 1769//1769
f 1792//1792 1769//1769 1778//1778
f 1752//1752 1778//1778 1773//1773
f 1780//1780 1774//1774 1775//1775
f 1787//1787 1776//1776 1781//1781
f 1772//1772 1777//1777 1791//1791
f 1752//1752 1795//1795 1778//1778
f 1753//1753 1779//1779 1784//1784
f 1784//1784 1780//1780 1796//1796
f 1796//1796 1780//1780 1785//1785
f 1782//1782 1781//1781 1783//1783
f 1783//1783 1772//1772 1791//1791
f 1795//1795 1792//1792 1778//1778
f 1753//1753 1797//1797 1795//1795
f 1793//1793 1753//1753 1784//1784
f 1797//1797 1753//1753 1793//1793
f 1793//1793 1784//1784 1796//1796
f 1780//1780 1786//1786 1785//1785
f 1788//1788 1787//1787 1781//1781
f 1789//1789 1788//1788 1781//1781
f 1789//1789 1781//1781 1782//1782
f 1789//1789 1782//1782 1783//1783
f 1789//1789 1783//1783 1790//1790
f 1799//1799 1792//1792 1795//1795
f 1798//1798 1792//1792 1799//1799
f 1798//1798 1794//1794 1792//1792
f 1801//1801 1795//1795 1797//1797
f 1797//1797 1793//1793 1858//1858
f 1800//1800 1795//1795 1801//1801
f 1799//1799 1795//1795 1800//1800
f 1802//1802 1799//1799 1800//1800
f 1797//1797 1858//1858 1801//1801
f 1802//1802 1805//1805 1799//1799
f 1800//1800 1801//1801 1858//1858
f 1806//1806 1802//1802 1800//1800
f 1805//1805 1802//1802 1806//1806
f 1800//1800 1858//1858 1806//1806
f 1804//1804 1803//1803 1811//1811
f 1803//1803 1805//1805 1806//1806
f 1807//1807 1803//1803 1806//1806
f 1809//1809 1803//1803 1807//1807
f 1809//1809 1811//1811 1803//1803
f 1810//1810 1809//1809 1807//1807
f 1812//1812 1811//1811 1809//1809
f 1812//1812 1809//1809 1810//1810
f 1813//1813 1811//1811 1812//1812
f 1813//1813 1810//1810 1873//1873
f 1812//1812 1810//1810 1813//1813
f 1815//1815 1826//1826 1814//1814
f 1815//1815 1827//1827 1826//1826
f 1816//1816 1827//1827 1815//1815
f 1826//1826 1825//1825 1814//1814
f 1828//1828 1827//1827 1816//1816
f 1830//1830 1818//1818 1819//1819
f 1831//1831 1819//1819 1820//1820
f 1822//1822 1820//1820 1821//1821
f 1837//1837 1823//1823 1824//1824
f 1840//1840 1832//1832 1825//1825
f 1840//1840 1825//1825 1833//1833
f 1834//1834 1825//1825 1826//1826
f 1833//1833 1825//1825 1834//1834
f 1834//1834 1826//1826 1835//1835
f 1835//1835 1826//1826 1836//1836
f 1836//1836 1826//1826 1827//1827
f 1836//1836 1827//1827 1828//1828
f 1828//1828 1817//1817 1754//1754
f 1828//1828 1816//1816 1817//1817
f 1754//1754 1817//1817 1755//1755
f 1755//1755 1817//1817 1830//1830
f 1755//1755 1830//1830 1762//1762
f 1762//1762 1830//1830 1829//1829
f 1762//1762 1829//1829 1773//1773
f 1773//1773 1829//1829 1830//1830
f 1773//1773 1830//1830 1763//1763
f 1763//1763 1830//1830 1819//1819
f 1763//1763 1819//1819 1764//1764
f 1764//1764 1819//1819 1831//1831
f 1764//1764 1831//1831 1820//1820
f 1764//1764 1820//1820 1756//1756
f 1756//1756 1820//1820 1822//1822
f 1756//1756 1822//1822 1761//1761
f 1761//1761 1822//1822 1757//1757
f 1757//1757 1822//1822 1823//1823
f 1823//1823 1837//1837 1757//1757
f 1893//1893 1824//1824 1839//1839
f 1837//1837 1824//1824 1893//1893
f 1840//1840 1833//1833 1766//1766
f 1766//1766 1833//1833 1834//1834
f 1834//1834 1835//1835 1758//1758
f 1758//1758 1835//1835 1836//1836
f 1758//1758 1836//1836 1759//1759
f 1759//1759 1836//1836 1828//1828
f 1759//1759 1828//1828 1755//1755
f 1755//1755 1828//1828 1754//1754
f 1893//1893 1757//1757 1837//1837
f 1767//1767 1893//1893 1841//1841
f 1766//1766 1842//1842 1840//1840
f 1766//1766 1843//1843 1842//1842
f 1897//1897 1767//1767 1841//1841
f 1776//1776 1843//1843 1766//1766
f 1767//1767 1775//1775 1774//1774
f 1844//1844 1843//1843 1776//1776
f 1899//1899 1775//1775 1767//1767
f 1899//1899 1767//1767 1897//1897
f 1787//1787 1844//1844 1776//1776
f 1899//1899 1780//1780 1775//1775
f 1902//1902 1780//1780 1899//1899
f 1786//1786 1780//1780 1902//1902
f 1845//1845 1844//1844 1787//1787
f 1788//1788 1845//1845 1787//1787
f 1789//1789 1848//1848 1788//1788
f 1790//1790 1848//1848 1789//1789
f 1791//1791 1790//1790 1783//1783
f 1792//1792 1846//1846 1791//1791
f 1796//1796 1785//1785 1847//1847
f 1907//1907 1845//1845 1850//1850
f 1850//1850 1845//1845 1788//1788
f 1850//1850 1788//1788 1851//1851
f 1851//1851 1788//1788 1848//1848
f 1851//1851 1848//1848 1853//1853
f 1854//1854 1790//1790 1791//1791
f 1849//1849 1791//1791 1846//1846
f 1854//1854 1791//1791 1849//1849
f 1794//1794 1849//1849 1792//1792
f 1849//1849 1846//1846 1792//1792
f 1796//1796 1847//1847 1793//1793
f 1906//1906 1785//1785 1786//1786
f 1852//1852 1851//1851 1853//1853
f 1910//1910 1853//1853 1848//1848
f 1848//1848 1790//1790 1854//1854
f 1798//1798 1849//1849 1794//1794
f 1793//1793 1847//1847 1858//1858
f 1847//1847 1859//1859 1858//1858
f 1847//1847 1785//1785 1906//1906
f 1849//1849 1857//1857 1856//1856
f 1863//1863 1849//1849 1798//1798
f 1799//1799 1863//1863 1798//1798
f 1847//1847 1855//1855 1859//1859
f 1849//1849 1860//1860 1857//1857
f 1860//1860 1849//1849 1863//1863
f 1805//1805 1863//1863 1799//1799
f 1862//1862 1858//1858 1859//1859
f 1803//1803 1861//1861 1805//1805
f 1805//1805 1861//1861 1863//1863
f 1865//1865 1863//1863 1861//1861
f 1803//1803 1865//1865 1861//1861
f 1866//1866 1806//1806 1858//1858
f 1866//1866 1858//1858 1946//1946
f 1946//1946 1858//1858 1862//1862
f 1864//1864 1863//1863 1865//1865
f 1804//1804 1864//1864 1803//1803
f 1803//1803 1864//1864 1865//1865
f 1868//1868 1806//1806 1866//1866
f 1864//1864 1867//1867 1913//1913
f 1867//1867 1864//1864 1804//1804
f 1868//1868 1807//1807 1806//1806
f 1808//1808 1867//1867 1804//1804
f 1811//1811 1808//1808 1804//1804
f 1869//1869 1807//1807 1868//1868
f 1868//1868 1866//1866 1915//1915
f 1868//1868 1915//1915 1869//1869
f 1871//1871 1867//1867 1808//1808
f 1870//1870 1871//1871 1808//1808
f 1811//1811 1870//1870 1808//1808
f 1869//1869 1810//1810 1807//1807
f 1915//1915 1918//1918 1869//1869
f 1813//1813 1871//1871 1811//1811
f 1811//1811 1871//1871 1870//1870
f 1810//1810 1869//1869 1872//1872
f 1869//1869 1918//1918 1872//1872
f 1872//1872 1873//1873 1810//1810
f 1919//1919 1871//1871 1813//1813
f 1873//1873 1877//1877 1813//1813
f 1919//1919 1874//1874 1921//1921
f 1873//1873 1872//1872 1877//1877
f 1874//1874 1919//1919 1875//1875
f 1813//1813 1875//1875 1919//1919
f 1875//1875 1813//1813 1877//1877
f 1876//1876 1877//1877 1872//1872
f 1880//1880 1882//1882 1879//1879
f 1881//1881 1882//1882 1880//1880
f 1883//1883 1884//1884 1882//1882
f 1825//1825 1878//1878 1814//1814
f 1814//1814 1879//1879 1882//1882
f 1814//1814 1882//1882 1815//1815
f 1815//1815 1882//1882 1816//1816
f 1816//1816 1882//1882 1817//1817
f 1817//1817 1882//1882 1884//1884
f 1817//1817 1884//1884 1830//1830
f 1830//1830 1884//1884 1885//1885
f 1830//1830 1885//1885 1818//1818
f 1818//1818 1885//1885 1887//1887
f 1818//1818 1887//1887 1819//1819
f 1819//1819 1887//1887 1820//1820
f 1820//1820 1887//1887 1888//1888
f 1820//1820 1888//1888 1821//1821
f 1821//1821 1888//1888 1822//1822
f 1822//1822 1888//1888 1930//1930
f 1822//1822 1930//1930 1823//1823
f 1823//1823 1930//1930 1889//1889
f 1823//1823 1889//1889 1824//1824
f 1824//1824 1889//1889 1890//1890
f 1890//1890 1838//1838 1824//1824
f 1891//1891 1878//1878 1825//1825
f 1838//1838 1839//1839 1824//1824
f 1895//1895 1891//1891 1832//1832
f 1832//1832 1891//1891 1825//1825
f 1838//1838 1893//1893 1839//1839
f 1838//1838 1892//1892 1893//1893
f 1842//1842 1895//1895 1840//1840
f 1840//1840 1895//1895 1832//1832
f 1894//1894 2001//2001 1893//1893
f 1936//1936 1895//1895 1843//1843
f 1842//1842 1843//1843 1895//1895
f 1893//1893 2001//2001 1896//1896
f 1893//1893 1896//1896 1841//1841
f 1841//1841 1896//1896 1897//1897
f 1897//1897 1896//1896 1970//1970
f 1898//1898 1936//1936 1843//1843
f 1900//1900 1899//1899 1897//1897
f 1900//1900 1897//1897 1970//1970
f 1844//1844 1898//1898 1843//1843
f 1845//1845 1898//1898 1844//1844
f 1899//1899 1900//1900 1902//1902
f 1903//1903 1898//1898 1845//1845
f 1938//1938 1977//1977 1786//1786
f 1938//1938 1786//1786 1902//1902
f 1937//1937 1903//1903 1845//1845
f 1907//1907 1937//1937 1845//1845
f 1851//1851 1907//1907 1850//1850
f 1851//1851 1852//1852 1907//1907
f 1853//1853 1908//1908 1852//1852
f 1853//1853 1904//1904 1908//1908
f 1853//1853 1910//1910 1904//1904
f 1849//1849 1905//1905 1854//1854
f 1977//1977 1906//1906 1786//1786
f 1907//1907 1852//1852 1908//1908
f 1909//1909 1908//1908 1904//1904
f 1982//1982 1910//1910 1848//1848
f 1982//1982 1848//1848 1854//1854
f 1856//1856 1905//1905 1849//1849
f 1857//1857 1905//1905 1856//1856
f 1847//1847 1906//1906 1855//1855
f 1906//1906 1977//1977 1940//1940
f 1860//1860 1905//1905 1857//1857
f 1860//1860 1941//1941 1905//1905
f 1906//1906 1862//1862 1859//1859
f 1855//1855 1906//1906 1859//1859
f 1942//1942 1906//1906 1911//1911
f 1863//1863 1941//1941 1860//1860
f 1862//1862 1906//1906 1944//1944
f 1912//1912 1941//1941 1863//1863
f 1864//1864 1912//1912 1863//1863
f 1862//1862 1944//1944 1946//1946
f 1949//1949 1866//1866 1946//1946
f 1946//1946 1947//1947 1949//1949
f 1913//1913 1912//1912 1864//1864
f 1913//1913 1914//1914 1912//1912
f 1867//1867 1914//1914 1913//1913
f 1949//1949 1915//1915 1866//1866
f 1950//1950 1914//1914 1917//1917
f 1871//1871 1917//1917 1867//1867
f 1867//1867 1917//1917 1914//1914
f 1871//1871 1950//1950 1917//1917
f 1916//1916 1950//1950 1871//1871
f 1919//1919 1916//1916 1871//1871
f 1872//1872 1918//1918 1955//1955
f 1918//1918 1988//1988 1954//1954
f 1918//1918 1954//1954 1955//1955
f 1921//1921 1920//1920 1919//1919
f 1872//1872 1955//1955 1922//1922
f 1874//1874 1875//1875 1921//1921
f 1877//1877 1876//1876 1959//1959
f 1872//1872 1922//1922 1876//1876
f 1875//1875 1923//1923 1921//1921
f 1877//1877 1923//1923 1875//1875
f 1877//1877 1959//1959 1923//1923
f 1959//1959 1922//1922 1957//1957
f 1876//1876 1922//1922 1959//1959
f 1926//1926 1925//1925 1924//1924
f 1963//1963 1930//1930 1929//1929
f 1878//1878 1960//1960 1814//1814
f 1814//1814 1960//1960 1879//1879
f 1879//1879 1960//1960 1924//1924
f 1879//1879 1924//1924 1880//1880
f 1880//1880 1924//1924 1925//1925
f 1880//1880 1925//1925 1881//1881
f 1881//1881 1925//1925 1926//1926
f 1881//1881 1926//1926 1882//1882
f 1882//1882 1926//1926 1883//1883
f 1883//1883 1926//1926 1884//1884
f 1884//1884 1926//1926 1962//1962
f 1884//1884 1962//1962 1885//1885
f 1885//1885 1962//1962 1886//1886
f 1885//1885 1886//1886 1887//1887
f 1887//1887 1886//1886 1927//1927
f 1887//1887 1927//1927 1928//1928
f 1887//1887 1928//1928 1888//1888
f 1888//1888 1928//1928 1929//1929
f 1888//1888 1929//1929 1930//1930
f 1930//1930 1931//1931 1889//1889
f 1889//1889 1931//1931 1932//1932
f 1932//1932 1890//1890 1889//1889
f 1891//1891 1933//1933 1878//1878
f 1890//1890 1932//1932 1838//1838
f 1891//1891 1934//1934 1933//1933
f 1838//1838 1894//1894 1892//1892
f 1895//1895 1934//1934 1891//1891
f 1894//1894 1893//1893 1892//1892
f 1967//1967 1934//1934 1895//1895
f 1935//1935 1967//1967 1895//1895
f 1895//1895 1936//1936 1935//1935
f 1898//1898 1901//1901 1936//1936
f 1898//1898 1972//1972 1901//1901
f 1973//1973 1902//1902 1900//1900
f 1970//1970 1973//1973 1900//1900
f 1903//1903 1972//1972 1898//1898
f 1937//1937 1972//1972 1903//1903
f 1975//1975 1938//1938 1902//1902
f 1977//1977 1938//1938 1975//1975
f 1937//1937 1979//1979 2011//2011
f 1907//1907 1979//1979 1937//1937
f 1907//1907 2012//2012 1979//1979
f 1907//1907 1939//1939 2012//2012
f 1908//1908 1939//1939 1907//1907
f 1909//1909 1939//1939 1908//1908
f 1909//1909 1904//1904 1939//1939
f 1905//1905 1982//1982 1854//1854
f 1906//1906 1940//1940 1911//1911
f 1939//1939 1904//1904 1910//1910
f 1982//1982 1905//1905 1941//1941
f 1942//1942 1944//1944 1906//1906
f 1912//1912 1945//1945 1941//1941
f 1941//1941 1945//1945 1943//1943
f 1944//1944 1942//1942 1946//1946
f 1914//1914 1945//1945 1912//1912
f 2017//2017 1948//1948 1914//1914
f 1914//1914 1948//1948 1945//1945
f 1914//1914 1986//1986 2017//2017
f 1950//1950 1986//1986 1914//1914
f 2020//2020 1915//1915 1949//1949
f 1987//1987 1915//1915 2020//2020
f 1916//1916 1951//1951 1950//1950
f 1987//1987 1918//1918 1915//1915
f 1919//1919 1952//1952 1916//1916
f 1916//1916 1952//1952 1951//1951
f 1918//1918 1987//1987 1988//1988
f 1919//1919 1953//1953 1952//1952
f 1920//1920 1953//1953 1919//1919
f 1956//1956 1953//1953 1920//1920
f 1921//1921 1956//1956 1920//1920
f 1923//1923 1958//1958 1921//1921
f 1921//1921 1958//1958 1956//1956
f 1955//1955 1957//1957 1922//1922
f 2058//2058 1955//1955 2026//2026
f 1923//1923 1959//1959 1958//1958
f 1957//1957 1955//1955 2058//2058
f 2033//2033 1959//1959 1957//1957
f 1924//1924 1961//1961 1926//1926
f 1961//1961 1962//1962 1926//1926
f 1886//1886 2037//2037 1927//1927
f 1929//1929 1928//1928 1963//1963
f 1930//1930 1963//1963 1931//1931
f 1997//1997 1965//1965 1932//1932
f 1931//1931 1997//1997 1932//1932
f 1933//1933 1999//1999 1992//1992
f 1933//1933 1964//1964 1999//1999
f 1933//1933 1992//1992 1878//1878
f 1878//1878 1992//1992 1960//1960
f 1965//1965 1838//1838 1932//1932
f 1933//1933 1967//1967 1964//1964
f 1966//1966 1894//1894 1838//1838
f 1934//1934 1967//1967 1933//1933
f 1968//1968 2001//2001 1894//1894
f 1936//1936 1969//1969 1935//1935
f 2001//2001 1970//1970 1896//1896
f 1970//1970 2001//2001 1971//1971
f 1901//1901 1969//1969 1936//1936
f 1973//1973 1970//1970 1971//1971
f 2004//2004 1975//1975 1902//1902
f 1973//1973 2004//2004 1902//1902
f 2005//2005 2004//2004 1973//1973
f 1976//1976 1972//1972 1937//1937
f 2011//2011 1976//1976 1937//1937
f 1978//1978 1940//1940 1977//1977
f 2007//2007 1976//1976 2011//2011
f 1980//1980 2012//2012 1939//1939
f 1981//1981 1980//1980 1939//1939
f 1910//1910 1981//1981 1939//1939
f 1982//1982 2009//2009 1910//1910
f 1941//1941 1983//1983 1982//1982
f 1978//1978 1984//1984 1940//1940
f 1983//1983 1941//1941 1943//1943
f 1984//1984 1911//1911 1940//1940
f 1943//1943 1945//1945 1983//1983
f 1984//1984 1946//1946 1942//1942
f 1984//1984 1942//1942 1911//1911
f 1984//1984 1947//1947 1946//1946
f 1948//1948 2017//2017 1945//1945
f 2016//2016 1949//1949 1947//1947
f 1986//1986 1985//1985 2017//2017
f 2016//2016 2020//2020 1949//1949
f 1951//1951 1952//1952 1950//1950
f 1950//1950 1952//1952 1986//1986
f 1952//1952 1953//1953 2021//2021
f 1987//1987 2023//2023 1988//1988
f 1953//1953 1989//1989 2025//2025
f 1956//1956 1989//1989 1953//1953
f 2025//2025 1989//1989 1956//1956
f 2026//2026 1955//1955 1954//1954
f 1990//1990 1956//1956 1958//1958
f 1957//1957 2058//2058 2030//2030
f 2065//2065 2031//2031 1958//1958
f 1959//1959 2033//2033 1958//1958
f 1958//1958 2033//2033 2065//2065
f 1992//1992 1993//1993 1960//1960
f 1960//1960 1994//1994 1924//1924
f 1924//1924 1994//1994 1961//1961
f 1961//1961 1994//1994 1962//1962
f 1994//1994 1995//1995 1962//1962
f 1962//1962 1995//1995 1886//1886
f 1995//1995 1996//1996 1886//1886
f 1996//1996 2037//2037 1886//1886
f 1927//1927 2038//2038 1928//1928
f 2037//2037 2038//2038 1927//1927
f 1928//1928 2039//2039 1963//1963
f 1963//1963 2039//2039 1931//1931
f 2039//2039 1997//1997 1931//1931
f 1997//1997 1998//1998 1965//1965
f 1999//1999 1991//1991 1992//1992
f 1998//1998 1838//1838 1965//1965
f 1966//1966 1838//1838 1998//1998
f 1964//1964 1967//1967 1999//1999
f 2076//2076 1999//1999 1935//1935
f 2108//2108 2076//2076 1935//1935
f 1935//1935 1999//1999 1967//1967
f 1968//1968 1894//1894 1966//1966
f 1935//1935 2000//2000 2108//2108
f 2043//2043 2001//2001 1968//1968
f 1935//1935 2044//2044 2000//2000
f 1969//1969 2044//2044 1935//1935
f 1971//1971 2001//2001 2185//2185
f 1901//1901 2002//2002 1969//1969
f 1972//1972 2002//2002 1901//1901
f 2109//2109 1973//1973 1971//1971
f 2003//2003 1974//1974 1972//1972
f 1972//1972 1976//1976 2003//2003
f 2003//2003 1976//1976 2006//2006
f 2004//2004 1977//1977 1975//1975
f 2007//2007 2006//2006 1976//1976
f 1978//1978 1977//1977 2004//2004
f 2011//2011 2008//2008 2007//2007
f 1979//1979 2048//2048 2011//2011
f 1979//1979 2012//2012 2048//2048
f 1980//1980 2013//2013 2012//2012
f 1981//1981 2013//2013 1980//1980
f 1910//1910 2009//2009 1981//1981
f 1978//1978 2010//2010 1984//1984
f 2081//2081 2012//2012 2013//2013
f 2013//2013 1981//1981 2009//2009
f 1984//1984 2010//2010 2052//2052
f 1982//1982 1983//1983 2014//2014
f 1983//1983 1945//1945 2014//2014
f 2052//2052 2016//2016 1984//1984
f 1945//1945 2015//2015 2014//2014
f 2016//2016 1947//1947 1984//1984
f 2017//2017 2015//2015 1945//1945
f 1985//1985 2019//2019 2017//2017
f 2054//2054 2016//2016 2018//2018
f 1986//1986 2019//2019 1985//1985
f 2054//2054 2020//2020 2016//2016
f 1952//1952 2019//2019 1986//1986
f 1952//1952 2021//2021 2019//2019
f 1953//1953 2022//2022 2021//2021
f 2022//2022 1953//1953 2024//2024
f 1953//1953 2025//2025 2024//2024
f 2023//2023 1954//1954 1988//1988
f 2023//2023 2026//2026 1954//1954
f 2028//2028 2027//2027 1956//1956
f 2027//2027 2025//2025 1956//1956
f 1990//1990 2028//2028 1956//1956
f 1958//1958 2028//2028 1990//1990
f 2030//2030 2058//2058 2062//2062
f 2029//2029 2028//2028 1958//1958
f 2031//2031 2029//2029 1958//1958
f 1957//1957 2064//2064 2033//2033
f 2030//2030 2064//2064 1957//1957
f 2032//2032 2065//2065 2033//2033
f 2034//2034 1991//1991 1999//1999
f 1991//1991 2034//2034 1992//1992
f 1993//1993 2067//2067 1960//1960
f 2035//2035 2036//2036 1994//1994
f 1994//1994 2036//2036 1995//1995
f 1928//1928 2038//2038 2039//2039
f 2039//2039 2040//2040 1997//1997
f 1997//1997 2040//2040 1998//1998
f 2041//2041 2075//2075 1999//1999
f 2034//2034 1999//1999 2075//2075
f 2041//2041 1999//1999 2076//2076
f 2042//2042 1966//1966 1998//1998
f 1968//1968 1966//1966 2043//2043
f 2149//2149 2001//2001 2043//2043
f 2185//2185 2001//2001 2149//2149
f 2002//2002 2044//2044 1969//1969
f 1972//1972 2045//2045 2002//2002
f 1974//1974 2045//2045 1972//1972
f 2046//2046 2005//2005 1973//1973
f 2005//2005 2112//2112 2004//2004
f 1978//1978 2004//2004 2112//2112
f 2008//2008 2006//2006 2007//2007
f 2115//2115 2008//2008 2011//2011
f 2047//2047 2010//2010 1978//1978
f 2080//2080 2115//2115 2011//2011
f 2081//2081 2048//2048 2012//2012
f 2049//2049 2081//2081 2013//2013
f 2050//2050 2049//2049 2013//2013
f 2050//2050 2013//2013 2009//2009
f 2050//2050 2009//2009 1982//1982
f 2051//2051 2050//2050 1982//1982
f 2051//2051 1982//1982 2014//2014
f 2052//2052 2086//2086 2016//2016
f 2018//2018 2016//2016 2086//2086
f 2019//2019 2053//2053 2017//2017
f 2017//2017 2053//2053 2087//2087
f 1987//1987 2020//2020 2054//2054
f 2019//2019 2021//2021 2055//2055
f 1987//1987 2054//2054 2127//2127
f 2022//2022 2055//2055 2021//2021
f 2056//2056 2023//2023 2127//2127
f 2127//2127 2023//2023 1987//1987
f 2022//2022 2024//2024 2128//2128
f 2057//2057 2023//2023 2056//2056
f 2024//2024 2025//2025 2128//2128
f 2023//2023 2089//2089 2026//2026
f 2057//2057 2089//2089 2023//2023
f 2025//2025 2027//2027 2059//2059
f 2089//2089 2058//2058 2026//2026
f 2059//2059 2027//2027 2028//2028
f 2029//2029 2059//2059 2028//2028
f 2060//2060 2062//2062 2058//2058
f 2094//2094 2030//2030 2062//2062
f 2031//2031 2061//2061 2029//2029
f 2032//2032 2033//2033 2063//2063
f 2033//2033 2064//2064 2063//2063
f 2064//2064 2030//2030 2094//2094
f 2034//2034 2066//2066 1992//1992
f 2066//2066 1993//1993 1992//1992
f 1960//1960 2068//2068 1994//1994
f 2067//2067 2068//2068 1960//1960
f 1994//1994 2068//2068 2035//2035
f 2068//2068 2069//2069 2035//2035
f 2035//2035 2069//2069 2036//2036
f 2069//2069 2100//2100 2036//2036
f 2100//2100 2070//2070 2036//2036
f 2036//2036 2101//2101 1995//1995
f 2070//2070 2101//2101 2036//2036
f 1995//1995 2102//2102 1996//1996
f 2101//2101 2102//2102 1995//1995
f 2037//2037 2072//2072 2038//2038
f 2071//2071 2072//2072 2037//2037
f 2072//2072 2073//2073 2038//2038
f 2073//2073 2074//2074 2038//2038
f 2038//2038 2074//2074 2039//2039
f 2074//2074 2103//2103 2039//2039
f 2039//2039 2104//2104 2040//2040
f 2103//2103 2104//2104 2039//2039
f 2034//2034 2075//2075 2136//2136
f 2042//2042 1998//1998 2040//2040
f 2041//2041 2076//2076 2075//2075
f 1966//1966 2042//2042 2077//2077
f 2043//2043 1966//1966 2077//2077
f 2108//2108 2078//2078 2076//2076
f 2149//2149 2043//2043 2077//2077
f 2151//2151 1971//1971 2185//2185
f 2002//2002 2079//2079 2044//2044
f 2110//2110 1973//1973 2109//2109
f 2110//2110 2046//2046 1973//1973
f 2003//2003 2111//2111 1974//1974
f 2110//2110 2005//2005 2046//2046
f 2113//2113 2005//2005 2110//2110
f 2111//2111 2003//2003 2006//2006
f 2112//2112 2005//2005 2113//2113
f 2114//2114 2006//2006 2008//2008
f 2115//2115 2114//2114 2008//2008
f 2047//2047 2083//2083 2010//2010
f 2117//2117 2080//2080 2011//2011
f 2118//2118 2011//2011 2048//2048
f 2118//2118 2117//2117 2011//2011
f 2118//2118 2048//2048 2081//2081
f 2082//2082 2081//2081 2049//2049
f 2082//2082 2049//2049 2050//2050
f 2050//2050 2051//2051 2084//2084
f 2010//2010 2083//2083 2052//2052
f 2084//2084 2051//2051 2014//2014
f 2085//2085 2159//2159 2052//2052
f 2052//2052 2083//2083 2085//2085
f 2015//2015 2084//2084 2014//2014
f 2159//2159 2086//2086 2052//2052
f 2017//2017 2087//2087 2015//2015
f 2198//2198 2018//2018 2086//2086
f 2053//2053 2124//2124 2087//2087
f 2198//2198 2054//2054 2018//2018
f 2125//2125 2054//2054 2198//2198
f 2055//2055 2053//2053 2019//2019
f 2125//2125 2127//2127 2054//2054
f 2055//2055 2022//2022 2088//2088
f 2022//2022 2128//2128 2088//2088
f 2089//2089 2057//2057 2056//2056
f 2090//2090 2089//2089 2056//2056
f 2128//2128 2025//2025 2091//2091
f 2025//2025 2093//2093 2091//2091
f 2025//2025 2059//2059 2093//2093
f 2089//2089 2092//2092 2058//2058
f 2059//2059 2029//2029 2093//2093
f 2060//2060 2058//2058 2092//2092
f 2095//2095 2093//2093 2029//2029
f 2061//2061 2095//2095 2029//2029
f 2062//2062 2060//2060 2094//2094
f 2031//2031 2095//2095 2061//2061
f 2096//2096 2095//2095 2031//2031
f 2096//2096 2031//2031 2065//2065
f 2134//2134 2063//2063 2064//2064
f 2064//2064 2094//2094 2134//2134
f 2211//2211 2065//2065 2032//2032
f 2211//2211 2096//2096 2065//2065
f 2135//2135 2032//2032 2063//2063
f 2136//2136 2172//2172 2034//2034
f 2172//2172 2066//2066 2034//2034
f 1993//1993 2098//2098 2067//2067
f 2097//2097 2098//2098 1993//1993
f 2068//2068 2099//2099 2069//2069
f 2099//2099 2139//2139 2069//2069
f 2139//2139 2100//2100 2069//2069
f 1996//1996 2102//2102 2037//2037
f 2037//2037 2102//2102 2071//2071
f 2073//2073 2103//2103 2074//2074
f 2104//2104 2105//2105 2040//2040
f 2106//2106 2136//2136 2075//2075
f 2105//2105 2042//2042 2040//2040
f 2075//2075 2076//2076 2106//2106
f 2077//2077 2042//2042 2107//2107
f 2076//2076 2078//2078 2106//2106
f 2044//2044 2108//2108 2000//2000
f 2109//2109 1971//1971 2151//2151
f 2002//2002 2152//2152 2079//2079
f 2006//2006 2189//2189 2111//2111
f 2006//2006 2114//2114 2189//2189
f 2154//2154 1978//1978 2112//2112
f 2047//2047 1978//1978 2154//2154
f 2193//2193 2114//2114 2115//2115
f 2080//2080 2117//2117 2115//2115
f 2083//2083 2047//2047 2116//2116
f 2118//2118 2229//2229 2117//2117
f 2119//2119 2118//2118 2081//2081
f 2119//2119 2081//2081 2082//2082
f 2120//2120 2119//2119 2082//2082
f 2120//2120 2082//2082 2050//2050
f 2084//2084 2120//2120 2050//2050
f 2083//2083 2116//2116 2085//2085
f 2015//2015 2121//2121 2084//2084
f 2122//2122 2086//2086 2159//2159
f 2123//2123 2086//2086 2122//2122
f 2123//2123 2198//2198 2086//2086
f 2125//2125 2198//2198 2199//2199
f 2053//2053 2126//2126 2124//2124
f 2055//2055 2126//2126 2053//2053
f 2285//2285 2127//2127 2161//2161
f 2129//2129 2088//2088 2128//2128
f 2285//2285 2056//2056 2127//2127
f 2128//2128 2164//2164 2129//2129
f 2165//2165 2089//2089 2090//2090
f 2056//2056 2165//2165 2090//2090
f 2091//2091 2164//2164 2128//2128
f 2092//2092 2089//2089 2165//2165
f 2092//2092 2132//2132 2060//2060
f 2130//2130 2132//2132 2092//2092
f 2095//2095 2131//2131 2093//2093
f 2094//2094 2060//2060 2132//2132
f 2134//2134 2094//2094 2132//2132
f 2133//2133 2168//2168 2095//2095
f 2133//2133 2095//2095 2096//2096
f 2133//2133 2096//2096 2209//2209
f 2135//2135 2063//2063 2169//2169
f 2063//2063 2134//2134 2169//2169
f 2210//2210 2209//2209 2096//2096
f 2210//2210 2096//2096 2211//2211
f 2170//2170 2211//2211 2032//2032
f 2135//2135 2170//2170 2032//2032
f 2066//2066 2137//2137 1993//1993
f 1993//1993 2137//2137 2097//2097
f 2067//2067 2098//2098 2068//2068
f 2068//2068 2138//2138 2099//2099
f 2098//2098 2138//2138 2068//2068
f 2138//2138 2139//2139 2099//2099
f 2100//2100 2141//2141 2070//2070
f 2140//2140 2141//2141 2100//2100
f 2070//2070 2176//2176 2101//2101
f 2141//2141 2176//2176 2070//2070
f 2101//2101 2176//2176 2102//2102
f 2176//2176 2142//2142 2102//2102
f 2102//2102 2143//2143 2071//2071
f 2071//2071 2143//2143 2072//2072
f 2072//2072 2144//2144 2073//2073
f 2144//2144 2178//2178 2073//2073
f 2073//2073 2145//2145 2103//2103
f 2178//2178 2145//2145 2073//2073
f 2106//2106 2078//2078 2146//2146
f 2146//2146 2078//2078 2147//2147
f 2181//2181 2077//2077 2107//2107
f 2108//2108 2147//2147 2078//2078
f 2108//2108 2148//2148 2147//2147
f 2183//2183 2149//2149 2077//2077
f 2222//2222 2149//2149 2183//2183
f 2044//2044 2079//2079 2108//2108
f 2187//2187 2109//2109 2151//2151
f 2188//2188 2109//2109 2187//2187
f 2002//2002 2223//2223 2152//2152
f 2188//2188 2110//2110 2109//2109
f 2045//2045 2223//2223 2002//2002
f 1974//1974 2153//2153 2045//2045
f 2265//2265 2110//2110 2188//2188
f 2111//2111 2153//2153 1974//1974
f 2265//2265 2113//2113 2110//2110
f 2113//2113 2190//2190 2112//2112
f 2190//2190 2154//2154 2112//2112
f 2115//2115 2117//2117 2193//2193
f 2193//2193 2117//2117 2227//2227
f 2116//2116 2047//2047 2154//2154
f 2116//2116 2154//2154 2155//2155
f 2194//2194 2229//2229 2118//2118
f 2232//2232 2194//2194 2118//2118
f 2232//2232 2118//2118 2119//2119
f 2121//2121 2120//2120 2084//2084
f 2085//2085 2116//2116 2155//2155
f 2085//2085 2155//2155 2156//2156
f 2085//2085 2195//2195 2159//2159
f 2156//2156 2195//2195 2085//2085
f 2015//2015 2157//2157 2121//2121
f 2015//2015 2158//2158 2157//2157
f 2087//2087 2158//2158 2015//2015
f 2087//2087 2237//2237 2158//2158
f 2159//2159 2123//2123 2122//2122
f 2198//2198 2123//2123 2159//2159
f 2124//2124 2237//2237 2087//2087
f 2238//2238 2199//2199 2198//2198
f 2126//2126 2160//2160 2124//2124
f 2126//2126 2055//2055 2160//2160
f 2161//2161 2125//2125 2199//2199
f 2161//2161 2127//2127 2125//2125
f 2129//2129 2162//2162 2088//2088
f 2163//2163 2056//2056 2285//2285
f 2163//2163 2165//2165 2056//2056
f 2131//2131 2091//2091 2093//2093
f 2167//2167 2132//2132 2130//2130
f 2167//2167 2130//2130 2092//2092
f 2168//2168 2166//2166 2131//2131
f 2168//2168 2131//2131 2095//2095
f 2134//2134 2167//2167 2205//2205
f 2134//2134 2132//2132 2167//2167
f 2133//2133 2209//2209 2168//2168
f 2169//2169 2134//2134 2205//2205
f 2171//2171 2170//2170 2135//2135
f 2135//2135 2169//2169 2171//2171
f 2212//2212 2172//2172 2136//2136
f 2172//2172 2214//2214 2066//2066
f 2173//2173 2214//2214 2172//2172
f 2214//2214 2137//2137 2066//2066
f 2138//2138 2174//2174 2139//2139
f 2098//2098 2174//2174 2138//2138
f 2174//2174 2216//2216 2139//2139
f 2139//2139 2175//2175 2100//2100
f 2216//2216 2175//2175 2139//2139
f 2141//2141 2219//2219 2176//2176
f 2176//2176 2177//2177 2142//2142
f 2142//2142 2177//2177 2102//2102
f 2102//2102 2254//2254 2143//2143
f 2177//2177 2254//2254 2102//2102
f 2072//2072 2178//2178 2144//2144
f 2143//2143 2178//2178 2072//2072
f 2145//2145 2104//2104 2103//2103
f 2105//2105 2104//2104 2179//2179
f 2221//2221 2136//2136 2106//2106
f 2212//2212 2136//2136 2221//2221
f 2105//2105 2179//2179 2042//2042
f 2042//2042 2179//2179 2181//2181
f 2180//2180 2106//2106 2146//2146
f 2221//2221 2106//2106 2180//2180
f 2042//2042 2181//2181 2107//2107
f 2146//2146 2147//2147 2180//2180
f 2181//2181 2182//2182 2077//2077
f 2183//2183 2077//2077 2182//2182
f 2184//2184 2149//2149 2222//2222
f 2079//2079 2150//2150 2108//2108
f 2184//2184 2185//2185 2149//2149
f 2187//2187 2151//2151 2185//2185
f 2079//2079 2186//2186 2150//2150
f 2152//2152 2186//2186 2079//2079
f 2045//2045 2153//2153 2223//2223
f 2111//2111 2189//2189 2153//2153
f 2191//2191 2113//2113 2265//2265
f 2190//2190 2113//2113 2191//2191
f 2114//2114 2192//2192 2189//2189
f 2193//2193 2192//2192 2114//2114
f 2228//2228 2227//2227 2117//2117
f 2229//2229 2228//2228 2117//2117
f 2194//2194 2230//2230 2229//2229
f 2275//2275 2232//2232 2119//2119
f 2157//2157 2120//2120 2121//2121
f 2158//2158 2196//2196 2157//2157
f 2197//2197 2278//2278 2159//2159
f 2197//2197 2159//2159 2195//2195
f 2278//2278 2198//2198 2159//2159
f 2124//2124 2160//2160 2237//2237
f 2088//2088 2282//2282 2055//2055
f 2088//2088 2200//2200 2282//2282
f 2162//2162 2200//2200 2088//2088
f 2240//2240 2285//2285 2161//2161
f 2165//2165 2163//2163 2285//2285
f 2129//2129 2164//2164 2091//2091
f 2165//2165 2201//2201 2202//2202
f 2166//2166 2242//2242 2091//2091
f 2166//2166 2091//2091 2131//2131
f 2092//2092 2202//2202 2203//2203
f 2165//2165 2202//2202 2092//2092
f 2203//2203 2243//2243 2167//2167
f 2203//2203 2167//2167 2092//2092
f 2168//2168 2204//2204 2166//2166
f 2167//2167 2243//2243 2206//2206
f 2207//2207 2290//2290 2168//2168
f 2168//2168 2209//2209 2208//2208
f 2169//2169 2205//2205 2167//2167
f 2171//2171 2169//2169 2167//2167
f 2295//2295 2209//2209 2210//2210
f 2211//2211 2170//2170 2171//2171
f 2212//2212 2213//2213 2172//2172
f 2213//2213 2173//2173 2172//2172
f 2214//2214 2249//2249 2137//2137
f 2249//2249 2215//2215 2137//2137
f 2137//2137 2215//2215 2097//2097
f 2097//2097 2215//2215 2098//2098
f 2215//2215 2216//2216 2098//2098
f 2098//2098 2216//2216 2174//2174
f 2216//2216 2218//2218 2175//2175
f 2217//2217 2218//2218 2216//2216
f 2175//2175 2218//2218 2100//2100
f 2100//2100 2218//2218 2140//2140
f 2143//2143 2220//2220 2178//2178
f 2178//2178 2220//2220 2145//2145
f 2145//2145 2220//2220 2104//2104
f 2221//2221 2180//2180 2258//2258
f 2182//2182 2181//2181 2183//2183
f 2180//2180 2147//2147 2258//2258
f 2258//2258 2147//2147 2260//2260
f 2148//2148 2260//2260 2147//2147
f 2352//2352 2184//2184 2222//2222
f 2150//2150 2263//2263 2108//2108
f 2352//2352 2185//2185 2184//2184
f 2310//2310 2185//2185 2352//2352
f 2310//2310 2187//2187 2185//2185
f 2310//2310 2188//2188 2187//2187
f 2312//2312 2188//2188 2357//2357
f 2153//2153 2224//2224 2223//2223
f 2312//2312 2265//2265 2188//2188
f 2189//2189 2224//2224 2153//2153
f 2192//2192 2224//2224 2189//2189
f 2191//2191 2154//2154 2190//2190
f 2268//2268 2154//2154 2191//2191
f 2226//2226 2225//2225 2155//2155
f 2155//2155 2154//2154 2268//2268
f 2155//2155 2268//2268 2226//2226
f 2227//2227 2192//2192 2193//2193
f 2156//2156 2155//2155 2225//2225
f 2156//2156 2225//2225 2195//2195
f 2231//2231 2230//2230 2194//2194
f 2231//2231 2194//2194 2232//2232
f 2233//2233 2119//2119 2120//2120
f 2233//2233 2275//2275 2119//2119
f 2196//2196 2120//2120 2157//2157
f 2196//2196 2233//2233 2120//2120
f 2197//2197 2195//2195 2234//2234
f 2197//2197 2234//2234 2236//2236
f 2158//2158 2235//2235 2196//2196
f 2236//2236 2278//2278 2197//2197
f 2238//2238 2198//2198 2278//2278
f 2160//2160 2239//2239 2237//2237
f 2280//2280 2199//2199 2238//2238
f 2055//2055 2239//2239 2160//2160
f 2240//2240 2199//2199 2280//2280
f 2240//2240 2161//2161 2199//2199
f 2282//2282 2239//2239 2055//2055
f 2162//2162 2129//2129 2200//2200
f 2201//2201 2165//2165 2285//2285
f 2091//2091 2242//2242 2129//2129
f 2241//2241 2202//2202 2201//2201
f 2204//2204 2242//2242 2166//2166
f 2203//2203 2202//2202 2241//2241
f 2203//2203 2241//2241 2243//2243
f 2290//2290 2244//2244 2204//2204
f 2290//2290 2204//2204 2168//2168
f 2245//2245 2171//2171 2167//2167
f 2167//2167 2206//2206 2245//2245
f 2168//2168 2208//2208 2207//2207
f 2171//2171 2245//2245 2293//2293
f 2246//2246 2207//2207 2208//2208
f 2246//2246 2208//2208 2209//2209
f 2294//2294 2209//2209 2295//2295
f 2294//2294 2246//2246 2209//2209
f 2247//2247 2295//2295 2210//2210
f 2247//2247 2210//2210 2211//2211
f 2247//2247 2211//2211 2293//2293
f 2293//2293 2211//2211 2171//2171
f 2173//2173 2249//2249 2214//2214
f 2249//2249 2250//2250 2215//2215
f 2215//2215 2250//2250 2216//2216
f 2250//2250 2251//2251 2216//2216
f 2251//2251 2298//2298 2216//2216
f 2298//2298 2217//2217 2216//2216
f 2141//2141 2252//2252 2219//2219
f 2219//2219 2253//2253 2176//2176
f 2252//2252 2253//2253 2219//2219
f 2253//2253 2346//2346 2176//2176
f 2176//2176 2254//2254 2177//2177
f 2346//2346 2254//2254 2176//2176
f 2254//2254 2255//2255 2143//2143
f 2143//2143 2256//2256 2220//2220
f 2255//2255 2256//2256 2143//2143
f 2220//2220 2257//2257 2104//2104
f 2179//2179 2104//2104 2257//2257
f 2179//2179 2257//2257 2304//2304
f 2212//2212 2221//2221 2248//2248
f 2248//2248 2221//2221 2258//2258
f 2304//2304 2259//2259 2179//2179
f 2181//2181 2179//2179 2259//2259
f 2259//2259 2261//2261 2181//2181
f 2183//2183 2181//2181 2261//2261
f 2261//2261 2222//2222 2183//2183
f 2148//2148 2307//2307 2260//2260
f 2309//2309 2222//2222 2261//2261
f 2108//2108 2262//2262 2148//2148
f 2309//2309 2352//2352 2222//2222
f 2263//2263 2262//2262 2108//2108
f 2186//2186 2263//2263 2150//2150
f 2357//2357 2188//2188 2310//2310
f 2223//2223 2264//2264 2152//2152
f 2312//2312 2191//2191 2265//2265
f 2266//2266 2224//2224 2192//2192
f 2191//2191 2312//2312 2314//2314
f 2192//2192 2267//2267 2266//2266
f 2314//2314 2268//2268 2191//2191
f 2269//2269 2267//2267 2192//2192
f 2269//2269 2192//2192 2227//2227
f 2269//2269 2227//2227 2270//2270
f 2271//2271 2270//2270 2227//2227
f 2272//2272 2271//2271 2227//2227
f 2227//2227 2228//2228 2272//2272
f 2195//2195 2225//2225 2226//2226
f 2195//2195 2226//2226 2234//2234
f 2317//2317 2228//2228 2229//2229
f 2273//2273 2229//2229 2230//2230
f 2273//2273 2317//2317 2229//2229
f 2274//2274 2230//2230 2231//2231
f 2274//2274 2273//2273 2230//2230
f 2274//2274 2231//2231 2232//2232
f 2274//2274 2232//2232 2275//2275
f 2235//2235 2233//2233 2196//2196
f 2235//2235 2275//2275 2233//2233
f 2276//2276 2235//2235 2277//2277
f 2158//2158 2277//2277 2235//2235
f 2158//2158 2237//2237 2279//2279
f 2281//2281 2237//2237 2239//2239
f 2281//2281 2239//2239 2282//2282
f 2283//2283 2282//2282 2284//2284
f 2326//2326 2240//2240 2280//2280
f 2200//2200 2284//2284 2282//2282
f 2326//2326 2285//2285 2240//2240
f 2284//2284 2200//2200 2286//2286
f 2129//2129 2286//2286 2200//2200
f 2242//2242 2286//2286 2129//2129
f 2287//2287 2386//2386 2241//2241
f 2287//2287 2241//2241 2201//2201
f 2204//2204 2244//2244 2242//2242
f 2244//2244 2328//2328 2242//2242
f 2288//2288 2245//2245 2206//2206
f 2206//2206 2243//2243 2288//2288
f 2289//2289 2244//2244 2290//2290
f 2207//2207 2291//2291 2290//2290
f 2292//2292 2291//2291 2207//2207
f 2340//2340 2293//2293 2245//2245
f 2246//2246 2292//2292 2207//2207
f 2295//2295 2247//2247 2293//2293
f 2212//2212 2341//2341 2213//2213
f 2248//2248 2341//2341 2212//2212
f 2341//2341 2173//2173 2213//2213
f 2249//2249 2297//2297 2250//2250
f 2297//2297 2298//2298 2250//2250
f 2250//2250 2298//2298 2251//2251
f 2298//2298 2400//2400 2217//2217
f 2400//2400 2299//2299 2217//2217
f 2217//2217 2140//2140 2218//2218
f 2140//2140 2300//2300 2141//2141
f 2141//2141 2300//2300 2252//2252
f 2346//2346 2301//2301 2254//2254
f 2254//2254 2302//2302 2255//2255
f 2256//2256 2255//2255 2220//2220
f 2255//2255 2303//2303 2220//2220
f 2220//2220 2304//2304 2257//2257
f 2303//2303 2304//2304 2220//2220
f 2248//2248 2258//2258 2296//2296
f 2296//2296 2258//2258 2306//2306
f 2304//2304 2305//2305 2259//2259
f 2258//2258 2260//2260 2306//2306
f 2306//2306 2260//2260 2307//2307
f 2259//2259 2305//2305 2261//2261
f 2148//2148 2308//2308 2307//2307
f 2186//2186 2354//2354 2263//2263
f 2355//2355 2310//2310 2413//2413
f 2152//2152 2354//2354 2186//2186
f 2355//2355 2357//2357 2310//2310
f 2264//2264 2354//2354 2152//2152
f 2224//2224 2311//2311 2223//2223
f 2266//2266 2311//2311 2224//2224
f 2266//2266 2267//2267 2313//2313
f 2268//2268 2314//2314 2226//2226
f 2270//2270 2267//2267 2269//2269
f 2315//2315 2371//2371 2314//2314
f 2314//2314 2371//2371 2226//2226
f 2272//2272 2363//2363 2270//2270
f 2271//2271 2272//2272 2270//2270
f 2371//2371 2234//2234 2226//2226
f 2228//2228 2316//2316 2272//2272
f 2228//2228 2364//2364 2316//2316
f 2365//2365 2228//2228 2317//2317
f 2318//2318 2273//2273 2274//2274
f 2319//2319 2318//2318 2274//2274
f 2320//2320 2319//2319 2274//2274
f 2320//2320 2274//2274 2275//2275
f 2320//2320 2275//2275 2235//2235
f 2320//2320 2235//2235 2276//2276
f 2376//2376 2236//2236 2371//2371
f 2371//2371 2236//2236 2234//2234
f 2277//2277 2321//2321 2276//2276
f 2321//2321 2320//2320 2276//2276
f 2236//2236 2376//2376 2278//2278
f 2158//2158 2279//2279 2277//2277
f 2322//2322 2277//2277 2279//2279
f 2238//2238 2278//2278 2323//2323
f 2237//2237 2322//2322 2279//2279
f 2237//2237 2379//2379 2322//2322
f 2324//2324 2280//2280 2238//2238
f 2281//2281 2379//2379 2237//2237
f 2325//2325 2280//2280 2324//2324
f 2282//2282 2379//2379 2281//2281
f 2282//2282 2283//2283 2379//2379
f 2284//2284 2381//2381 2283//2283
f 2326//2326 2280//2280 2325//2325
f 2382//2382 2285//2285 2326//2326
f 2327//2327 2201//2201 2285//2285
f 2327//2327 2285//2285 2382//2382
f 2327//2327 2386//2386 2287//2287
f 2327//2327 2287//2287 2201//2201
f 2242//2242 2328//2328 2286//2286
f 2241//2241 2386//2386 2329//2329
f 2244//2244 2331//2331 2330//2330
f 2328//2328 2244//2244 2330//2330
f 2333//2333 2332//2332 2386//2386
f 2386//2386 2332//2332 2329//2329
f 2332//2332 2243//2243 2329//2329
f 2329//2329 2243//2243 2241//2241
f 2289//2289 2390//2390 2244//2244
f 2390//2390 2331//2331 2244//2244
f 2334//2334 2245//2245 2333//2333
f 2333//2333 2245//2245 2332//2332
f 2245//2245 2288//2288 2332//2332
f 2332//2332 2288//2288 2243//2243
f 2335//2335 2290//2290 2291//2291
f 2335//2335 2289//2289 2290//2290
f 2334//2334 2336//2336 2245//2245
f 2291//2291 2292//2292 2335//2335
f 2293//2293 2340//2340 2338//2338
f 2340//2340 2339//2339 2338//2338
f 2336//2336 2340//2340 2245//2245
f 2337//2337 2246//2246 2294//2294
f 2337//2337 2294//2294 2338//2338
f 2338//2338 2294//2294 2295//2295
f 2338//2338 2295//2295 2293//2293
f 2248//2248 2296//2296 2395//2395
f 2248//2248 2395//2395 2341//2341
f 2173//2173 2341//2341 2249//2249
f 2249//2249 2342//2342 2297//2297
f 2341//2341 2342//2342 2249//2249
f 2342//2342 2343//2343 2297//2297
f 2297//2297 2343//2343 2298//2298
f 2343//2343 2399//2399 2298//2298
f 2399//2399 2344//2344 2298//2298
f 2344//2344 2400//2400 2298//2298
f 2217//2217 2345//2345 2140//2140
f 2299//2299 2345//2345 2217//2217
f 2252//2252 2346//2346 2253//2253
f 2303//2303 2305//2305 2304//2304
f 2306//2306 2347//2347 2296//2296
f 2303//2303 2348//2348 2305//2305
f 2305//2305 2348//2348 2407//2407
f 2306//2306 2307//2307 2347//2347
f 2347//2347 2307//2307 2349//2349
f 2407//2407 2351//2351 2305//2305
f 2350//2350 2307//2307 2308//2308
f 2350//2350 2349//2349 2307//2307
f 2261//2261 2305//2305 2309//2309
f 2305//2305 2351//2351 2309//2309
f 2308//2308 2148//2148 2350//2350
f 2411//2411 2309//2309 2351//2351
f 2262//2262 2263//2263 2148//2148
f 2411//2411 2352//2352 2309//2309
f 2413//2413 2310//2310 2352//2352
f 2354//2354 2353//2353 2263//2263
f 2264//2264 2356//2356 2354//2354
f 2223//2223 2356//2356 2264//2264
f 2418//2418 2312//2312 2357//2357
f 2311//2311 2358//2358 2223//2223
f 2358//2358 2266//2266 2359//2359
f 2311//2311 2266//2266 2358//2358
f 2312//2312 2361//2361 2360//2360
f 2266//2266 2313//2313 2359//2359
f 2360//2360 2361//2361 2314//2314
f 2360//2360 2314//2314 2312//2312
f 2267//2267 2270//2270 2313//2313
f 2313//2313 2270//2270 2363//2363
f 2362//2362 2423//2423 2314//2314
f 2314//2314 2361//2361 2362//2362
f 2315//2315 2314//2314 2423//2423
f 2364//2364 2272//2272 2316//2316
f 2367//2367 2368//2368 2366//2366
f 2370//2370 2430//2430 2369//2369
f 2371//2371 2315//2315 2423//2423
f 2371//2371 2423//2423 2372//2372
f 2228//2228 2365//2365 2364//2364
f 2365//2365 2317//2317 2366//2366
f 2366//2366 2317//2317 2273//2273
f 2366//2366 2273//2273 2318//2318
f 2366//2366 2318//2318 2367//2367
f 2367//2367 2318//2318 2368//2368
f 2368//2368 2318//2318 2319//2319
f 2368//2368 2319//2319 2369//2369
f 2369//2369 2319//2319 2320//2320
f 2369//2369 2320//2320 2370//2370
f 2320//2320 2373//2373 2370//2370
f 2374//2374 2320//2320 2321//2321
f 2374//2374 2373//2373 2320//2320
f 2371//2371 2372//2372 2376//2376
f 2277//2277 2374//2374 2321//2321
f 2277//2277 2375//2375 2374//2374
f 2278//2278 2376//2376 2433//2433
f 2277//2277 2322//2322 2377//2377
f 2433//2433 2378//2378 2323//2323
f 2433//2433 2323//2323 2278//2278
f 2378//2378 2238//2238 2323//2323
f 2324//2324 2238//2238 2378//2378
f 2283//2283 2380//2380 2379//2379
f 2381//2381 2380//2380 2283//2283
f 2382//2382 2326//2326 2325//2325
f 2284//2284 2383//2383 2381//2381
f 2286//2286 2384//2384 2383//2383
f 2286//2286 2383//2383 2284//2284
f 2386//2386 2327//2327 2385//2385
f 2286//2286 2328//2328 2384//2384
f 2386//2386 2385//2385 2387//2387
f 2387//2387 2389//2389 2386//2386
f 2331//2331 2328//2328 2330//2330
f 2389//2389 2333//2333 2386//2386
f 2334//2334 2333//2333 2389//2389
f 2289//2289 2391//2391 2390//2390
f 2335//2335 2391//2391 2289//2289
f 2392//2392 2391//2391 2335//2335
f 2393//2393 2336//2336 2334//2334
f 2292//2292 2392//2392 2335//2335
f 2292//2292 2394//2394 2392//2392
f 2246//2246 2394//2394 2292//2292
f 2394//2394 2246//2246 2337//2337
f 2394//2394 2337//2337 2338//2338
f 2338//2338 2339//2339 2394//2394
f 2393//2393 2339//2339 2340//2340
f 2393//2393 2340//2340 2336//2336
f 2396//2396 2341//2341 2395//2395
f 2397//2397 2342//2342 2341//2341
f 2397//2397 2343//2343 2342//2342
f 2398//2398 2343//2343 2397//2397
f 2399//2399 2343//2343 2398//2398
f 2400//2400 2344//2344 2399//2399
f 2345//2345 2299//2299 2140//2140
f 2299//2299 2300//2300 2140//2140
f 2252//2252 2455//2455 2346//2346
f 2346//2346 2405//2405 2301//2301
f 2455//2455 2405//2405 2346//2346
f 2301//2301 2405//2405 2254//2254
f 2405//2405 2302//2302 2254//2254
f 2401//2401 2255//2255 2302//2302
f 2296//2296 2347//2347 2503//2503
f 2296//2296 2503//2503 2395//2395
f 2341//2341 2396//2396 2402//2402
f 2341//2341 2402//2402 2397//2397
f 2397//2397 2402//2402 2403//2403
f 2397//2397 2403//2403 2398//2398
f 2398//2398 2403//2403 2404//2404
f 2398//2398 2404//2404 2399//2399
f 2399//2399 2404//2404 2457//2457
f 2399//2399 2457//2457 2400//2400
f 2400//2400 2457//2457 2509//2509
f 2400//2400 2509//2509 2452//2452
f 2302//2302 2405//2405 2401//2401
f 2255//2255 2401//2401 2406//2406
f 2255//2255 2406//2406 2303//2303
f 2406//2406 2348//2348 2303//2303
f 2407//2407 2348//2348 2351//2351
f 2350//2350 2409//2409 2349//2349
f 2348//2348 2408//2408 2351//2351
f 2409//2409 2350//2350 2148//2148
f 2463//2463 2411//2411 2351//2351
f 2263//2263 2409//2409 2148//2148
f 2410//2410 2409//2409 2263//2263
f 2410//2410 2263//2263 2412//2412
f 2413//2413 2352//2352 2411//2411
f 2353//2353 2412//2412 2263//2263
f 2354//2354 2415//2415 2412//2412
f 2354//2354 2412//2412 2353//2353
f 2414//2414 2412//2412 2415//2415
f 2416//2416 2355//2355 2413//2413
f 2356//2356 2415//2415 2354//2354
f 2416//2416 2357//2357 2355//2355
f 2223//2223 2359//2359 2356//2356
f 2417//2417 2418//2418 2357//2357
f 2417//2417 2357//2357 2416//2416
f 2358//2358 2359//2359 2223//2223
f 2418//2418 2361//2361 2312//2312
f 2419//2419 2313//2313 2420//2420
f 2359//2359 2313//2313 2419//2419
f 2363//2363 2422//2422 2313//2313
f 2361//2361 2423//2423 2421//2421
f 2423//2423 2362//2362 2421//2421
f 2421//2421 2362//2362 2361//2361
f 2272//2272 2424//2424 2363//2363
f 2424//2424 2422//2422 2363//2363
f 2425//2425 2372//2372 2423//2423
f 2272//2272 2426//2426 2424//2424
f 2364//2364 2426//2426 2272//2272
f 2426//2426 2364//2364 2365//2365
f 2426//2426 2365//2365 2366//2366
f 2427//2427 2426//2426 2366//2366
f 2428//2428 2427//2427 2366//2366
f 2429//2429 2366//2366 2368//2368
f 2429//2429 2428//2428 2366//2366
f 2476//2476 2368//2368 2369//2369
f 2476//2476 2429//2429 2368//2368
f 2430//2430 2476//2476 2369//2369
f 2373//2373 2430//2430 2370//2370
f 2373//2373 2374//2374 2375//2375
f 2432//2432 2431//2431 2433//2433
f 2432//2432 2376//2376 2372//2372
f 2432//2432 2372//2372 2431//2431
f 2277//2277 2434//2434 2375//2375
f 2484//2484 2375//2375 2377//2377
f 2377//2377 2375//2375 2434//2434
f 2432//2432 2433//2433 2376//2376
f 2377//2377 2434//2434 2277//2277
f 2436//2436 2378//2378 2433//2433
f 2322//2322 2435//2435 2377//2377
f 2322//2322 2437//2437 2435//2435
f 2324//2324 2436//2436 2487//2487
f 2324//2324 2378//2378 2436//2436
f 2379//2379 2437//2437 2322//2322
f 2380//2380 2437//2437 2379//2379
f 2487//2487 2325//2325 2324//2324
f 2439//2439 2382//2382 2325//2325
f 2439//2439 2325//2325 2487//2487
f 2381//2381 2438//2438 2380//2380
f 2440//2440 2382//2382 2439//2439
f 2383//2383 2438//2438 2381//2381
f 2440//2440 2327//2327 2382//2382
f 2441//2441 2327//2327 2440//2440
f 2383//2383 2384//2384 2442//2442
f 2441//2441 2387//2387 2385//2385
f 2441//2441 2385//2385 2327//2327
f 2328//2328 2388//2388 2384//2384
f 2442//2442 2384//2384 2493//2493
f 2493//2493 2384//2384 2388//2388
f 2444//2444 2388//2388 2328//2328
f 2387//2387 2445//2445 2443//2443
f 2445//2445 2389//2389 2443//2443
f 2443//2443 2389//2389 2387//2387
f 2331//2331 2444//2444 2328//2328
f 2446//2446 2444//2444 2331//2331
f 2447//2447 2389//2389 2445//2445
f 2390//2390 2446//2446 2331//2331
f 2391//2391 2448//2448 2390//2390
f 2448//2448 2446//2446 2390//2390
f 2449//2449 2334//2334 2447//2447
f 2447//2447 2334//2334 2389//2389
f 2448//2448 2391//2391 2392//2392
f 2394//2394 2450//2450 2392//2392
f 2339//2339 2393//2393 2449//2449
f 2449//2449 2393//2393 2334//2334
f 2450//2450 2394//2394 2502//2502
f 2502//2502 2394//2394 2451//2451
f 2451//2451 2394//2394 2339//2339
f 2452//2452 2299//2299 2400//2400
f 2453//2453 2299//2299 2452//2452
f 2453//2453 2300//2300 2299//2299
f 2454//2454 2300//2300 2453//2453
f 2454//2454 2252//2252 2300//2300
f 2455//2455 2252//2252 2454//2454
f 2503//2503 2347//2347 2458//2458
f 2395//2395 2503//2503 2396//2396
f 2503//2503 2504//2504 2396//2396
f 2504//2504 2505//2505 2396//2396
f 2396//2396 2506//2506 2402//2402
f 2505//2505 2506//2506 2396//2396
f 2506//2506 2456//2456 2402//2402
f 2402//2402 2456//2456 2403//2403
f 2403//2403 2456//2456 2404//2404
f 2456//2456 2457//2457 2404//2404
f 2509//2509 2510//2510 2452//2452
f 2455//2455 2513//2513 2405//2405
f 2405//2405 2514//2514 2401//2401
f 2401//2401 2514//2514 2406//2406
f 2514//2514 2348//2348 2406//2406
f 2503//2503 2458//2458 2520//2520
f 2514//2514 2459//2459 2348//2348
f 2409//2409 2460//2460 2349//2349
f 2460//2460 2518//2518 2349//2349
f 2349//2349 2518//2518 2347//2347
f 2459//2459 2351//2351 2408//2408
f 2348//2348 2459//2459 2408//2408
f 2461//2461 2460//2460 2409//2409
f 2459//2459 2463//2463 2351//2351
f 2410//2410 2462//2462 2409//2409
f 2409//2409 2462//2462 2461//2461
f 2463//2463 2459//2459 2525//2525
f 2412//2412 2462//2462 2410//2410
f 2463//2463 2413//2413 2411//2411
f 2525//2525 2413//2413 2463//2463
f 2529//2529 2413//2413 2525//2525
f 2529//2529 2416//2416 2413//2413
f 2528//2528 2417//2417 2416//2416
f 2359//2359 2415//2415 2356//2356
f 2359//2359 2464//2464 2415//2415
f 2528//2528 2418//2418 2417//2417
f 2464//2464 2359//2359 2465//2465
f 2359//2359 2466//2466 2465//2465
f 2419//2419 2420//2420 2359//2359
f 2466//2466 2359//2359 2468//2468
f 2468//2468 2359//2359 2420//2420
f 2626//2626 2361//2361 2418//2418
f 2626//2626 2418//2418 2467//2467
f 2313//2313 2468//2468 2420//2420
f 2469//2469 2361//2361 2626//2626
f 2422//2422 2468//2468 2313//2313
f 2470//2470 2468//2468 2422//2422
f 2471//2471 2423//2423 2469//2469
f 2469//2469 2423//2423 2361//2361
f 2424//2424 2470//2470 2422//2422
f 2472//2472 2470//2470 2424//2424
f 2426//2426 2539//2539 2472//2472
f 2426//2426 2473//2473 2539//2539
f 2477//2477 2475//2475 2474//2474
f 2476//2476 2478//2478 2477//2477
f 2481//2481 2425//2425 2471//2471
f 2471//2471 2425//2425 2423//2423
f 2426//2426 2472//2472 2424//2424
f 2473//2473 2426//2426 2427//2427
f 2473//2473 2427//2427 2474//2474
f 2474//2474 2427//2427 2428//2428
f 2474//2474 2428//2428 2477//2477
f 2477//2477 2428//2428 2429//2429
f 2477//2477 2429//2429 2476//2476
f 2476//2476 2430//2430 2478//2478
f 2478//2478 2430//2430 2479//2479
f 2479//2479 2430//2430 2373//2373
f 2479//2479 2373//2373 2480//2480
f 2480//2480 2373//2373 2375//2375
f 2483//2483 2545//2545 2375//2375
f 2545//2545 2480//2480 2375//2375
f 2482//2482 2431//2431 2481//2481
f 2481//2481 2431//2431 2372//2372
f 2481//2481 2372//2372 2425//2425
f 2484//2484 2483//2483 2375//2375
f 2485//2485 2433//2433 2431//2431
f 2485//2485 2431//2431 2482//2482
f 2377//2377 2435//2435 2484//2484
f 2485//2485 2436//2436 2433//2433
f 2487//2487 2436//2436 2485//2485
f 2380//2380 2488//2488 2437//2437
f 2486//2486 2437//2437 2488//2488
f 2487//2487 2557//2557 2489//2489
f 2438//2438 2488//2488 2380//2380
f 2489//2489 2439//2439 2487//2487
f 2489//2489 2440//2440 2439//2439
f 2383//2383 2491//2491 2438//2438
f 2490//2490 2438//2438 2491//2491
f 2563//2563 2441//2441 2440//2440
f 2491//2491 2383//2383 2442//2442
f 2492//2492 2442//2442 2494//2494
f 2494//2494 2442//2442 2493//2493
f 2494//2494 2493//2493 2388//2388
f 2496//2496 2445//2445 2495//2495
f 2495//2495 2445//2445 2387//2387
f 2446//2446 2497//2497 2444//2444
f 2497//2497 2388//2388 2444//2444
f 2499//2499 2447//2447 2496//2496
f 2496//2496 2447//2447 2445//2445
f 2448//2448 2497//2497 2446//2446
f 2497//2497 2448//2448 2498//2498
f 2501//2501 2500//2500 2392//2392
f 2392//2392 2500//2500 2448//2448
f 2500//2500 2498//2498 2448//2448
f 2502//2502 2339//2339 2499//2499
f 2499//2499 2339//2339 2449//2449
f 2499//2499 2449//2449 2447//2447
f 2501//2501 2392//2392 2450//2450
f 2501//2501 2450//2450 2502//2502
f 2502//2502 2451//2451 2339//2339
f 2507//2507 2456//2456 2506//2506
f 2508//2508 2456//2456 2507//2507
f 2508//2508 2457//2457 2456//2456
f 2517//2517 2457//2457 2508//2508
f 2509//2509 2457//2457 2517//2517
f 2510//2510 2453//2453 2452//2452
f 2580//2580 2453//2453 2510//2510
f 2454//2454 2453//2453 2580//2580
f 2512//2512 2454//2454 2511//2511
f 2512//2512 2455//2455 2454//2454
f 2512//2512 2513//2513 2455//2455
f 2591//2591 2514//2514 2405//2405
f 2591//2591 2405//2405 2513//2513
f 2347//2347 2518//2518 2458//2458
f 2520//2520 2458//2458 2518//2518
f 2504//2504 2503//2503 2515//2515
f 2503//2503 2520//2520 2515//2515
f 2505//2505 2504//2504 2506//2506
f 2506//2506 2504//2504 2507//2507
f 2507//2507 2504//2504 2516//2516
f 2507//2507 2516//2516 2517//2517
f 2507//2507 2517//2517 2508//2508
f 2517//2517 2577//2577 2509//2509
f 2509//2509 2577//2577 2510//2510
f 2580//2580 2511//2511 2454//2454
f 2512//2512 2582//2582 2513//2513
f 2593//2593 2514//2514 2591//2591
f 2521//2521 2459//2459 2514//2514
f 2521//2521 2514//2514 2593//2593
f 2461//2461 2518//2518 2460//2460
f 2520//2520 2518//2518 2461//2461
f 2520//2520 2461//2461 2519//2519
f 2522//2522 2525//2525 2459//2459
f 2522//2522 2459//2459 2521//2521
f 2412//2412 2461//2461 2462//2462
f 2524//2524 2525//2525 2522//2522
f 2412//2412 2523//2523 2461//2461
f 2414//2414 2526//2526 2412//2412
f 2412//2412 2527//2527 2523//2523
f 2412//2412 2526//2526 2527//2527
f 2524//2524 2529//2529 2525//2525
f 2524//2524 2528//2528 2529//2529
f 2415//2415 2526//2526 2414//2414
f 2527//2527 2526//2526 2530//2530
f 2528//2528 2531//2531 2529//2529
f 2531//2531 2416//2416 2529//2529
f 2415//2415 2465//2465 2526//2526
f 2528//2528 2416//2416 2531//2531
f 2464//2464 2465//2465 2415//2415
f 2468//2468 2465//2465 2466//2466
f 2528//2528 2533//2533 2467//2467
f 2532//2532 2533//2533 2528//2528
f 2528//2528 2467//2467 2418//2418
f 2626//2626 2467//2467 2533//2533
f 2538//2538 2534//2534 2468//2468
f 2537//2537 2469//2469 2626//2626
f 2470//2470 2538//2538 2468//2468
f 2538//2538 2539//2539 2535//2535
f 2542//2542 2543//2543 2541//2541
f 2542//2542 2544//2544 2543//2543
f 2545//2545 2628//2628 2544//2544
f 2547//2547 2548//2548 2536//2536
f 2537//2537 2548//2548 2471//2471
f 2536//2536 2548//2548 2537//2537
f 2537//2537 2471//2471 2469//2469
f 2472//2472 2538//2538 2470//2470
f 2538//2538 2472//2472 2539//2539
f 2539//2539 2473//2473 2540//2540
f 2540//2540 2473//2473 2474//2474
f 2540//2540 2474//2474 2541//2541
f 2541//2541 2474//2474 2542//2542
f 2542//2542 2474//2474 2475//2475
f 2542//2542 2475//2475 2477//2477
f 2542//2542 2477//2477 2478//2478
f 2542//2542 2478//2478 2544//2544
f 2544//2544 2478//2478 2479//2479
f 2544//2544 2479//2479 2480//2480
f 2544//2544 2480//2480 2545//2545
f 2546//2546 2545//2545 2551//2551
f 2546//2546 2549//2549 2642//2642
f 2547//2547 2550//2550 2482//2482
f 2547//2547 2482//2482 2481//2481
f 2547//2547 2481//2481 2548//2548
f 2548//2548 2481//2481 2471//2471
f 2551//2551 2545//2545 2483//2483
f 2546//2546 2551//2551 2549//2549
f 2550//2550 2552//2552 2482//2482
f 2484//2484 2551//2551 2483//2483
f 2553//2553 2551//2551 2484//2484
f 2552//2552 2485//2485 2482//2482
f 2435//2435 2553//2553 2484//2484
f 2554//2554 2485//2485 2552//2552
f 2654//2654 2485//2485 2554//2554
f 2437//2437 2553//2553 2435//2435
f 2658//2658 2487//2487 2485//2485
f 2658//2658 2485//2485 2654//2654
f 2486//2486 2553//2553 2437//2437
f 2553//2553 2486//2486 2556//2556
f 2555//2555 2553//2553 2556//2556
f 2559//2559 2557//2557 2487//2487
f 2559//2559 2487//2487 2658//2658
f 2486//2486 2488//2488 2556//2556
f 2558//2558 2556//2556 2488//2488
f 2559//2559 2489//2489 2557//2557
f 2558//2558 2488//2488 2561//2561
f 2561//2561 2488//2488 2564//2564
f 2560//2560 2440//2440 2489//2489
f 2560//2560 2489//2489 2559//2559
f 2490//2490 2562//2562 2488//2488
f 2490//2490 2488//2488 2438//2438
f 2488//2488 2562//2562 2564//2564
f 2563//2563 2440//2440 2560//2560
f 2491//2491 2562//2562 2490//2490
f 2670//2670 2441//2441 2563//2563
f 2564//2564 2562//2562 2491//2491
f 2565//2565 2387//2387 2441//2441
f 2565//2565 2441//2441 2670//2670
f 2491//2491 2442//2442 2492//2492
f 2494//2494 2491//2491 2492//2492
f 2491//2491 2494//2494 2567//2567
f 2565//2565 2566//2566 2568//2568
f 2565//2565 2495//2495 2387//2387
f 2565//2565 2569//2569 2496//2496
f 2568//2568 2569//2569 2565//2565
f 2565//2565 2496//2496 2495//2495
f 2498//2498 2494//2494 2388//2388
f 2567//2567 2494//2494 2570//2570
f 2494//2494 2498//2498 2570//2570
f 2571//2571 2675//2675 2570//2570
f 2569//2569 2568//2568 2496//2496
f 2497//2497 2498//2498 2388//2388
f 2500//2500 2570//2570 2498//2498
f 2570//2570 2500//2500 2571//2571
f 2571//2571 2573//2573 2572//2572
f 2572//2572 2573//2573 2499//2499
f 2572//2572 2499//2499 2568//2568
f 2568//2568 2499//2499 2496//2496
f 2500//2500 2501//2501 2571//2571
f 2571//2571 2501//2501 2502//2502
f 2571//2571 2502//2502 2573//2573
f 2573//2573 2502//2502 2499//2499
f 2515//2515 2585//2585 2504//2504
f 2575//2575 2516//2516 2504//2504
f 2575//2575 2504//2504 2574//2574
f 2575//2575 2517//2517 2516//2516
f 2576//2576 2517//2517 2575//2575
f 2577//2577 2517//2517 2576//2576
f 2578//2578 2510//2510 2577//2577
f 2579//2579 2580//2580 2510//2510
f 2579//2579 2510//2510 2578//2578
f 2590//2590 2512//2512 2511//2511
f 2581//2581 2512//2512 2590//2590
f 2581//2581 2582//2582 2512//2512
f 2583//2583 2513//2513 2582//2582
f 2584//2584 2513//2513 2583//2583
f 2584//2584 2591//2591 2513//2513
f 2519//2519 2594//2594 2520//2520
f 2585//2585 2515//2515 2520//2520
f 2585//2585 2520//2520 2594//2594
f 2585//2585 2586//2586 2504//2504
f 2504//2504 2586//2586 2574//2574
f 2574//2574 2586//2586 2575//2575
f 2575//2575 2586//2586 2587//2587
f 2575//2575 2587//2587 2576//2576
f 2576//2576 2588//2588 2577//2577
f 2580//2580 2589//2589 2511//2511
f 2511//2511 2589//2589 2590//2590
f 2591//2591 2592//2592 2593//2593
f 2593//2593 2522//2522 2521//2521
f 2594//2594 2519//2519 2461//2461
f 2603//2603 2594//2594 2461//2461
f 2586//2586 2595//2595 2596//2596
f 2586//2586 2596//2596 2587//2587
f 2587//2587 2596//2596 2576//2576
f 2576//2576 2596//2596 2597//2597
f 2576//2576 2597//2597 2588//2588
f 2588//2588 2597//2597 2577//2577
f 2577//2577 2598//2598 2578//2578
f 2578//2578 2598//2598 2689//2689
f 2578//2578 2589//2589 2579//2579
f 2579//2579 2589//2589 2580//2580
f 2584//2584 2583//2583 2591//2591
f 2593//2593 2524//2524 2522//2522
f 2523//2523 2603//2603 2461//2461
f 2585//2585 2594//2594 2603//2603
f 2595//2595 2599//2599 2596//2596
f 2596//2596 2599//2599 2600//2600
f 2596//2596 2600//2600 2597//2597
f 2597//2597 2600//2600 2686//2686
f 2597//2597 2598//2598 2577//2577
f 2602//2602 2591//2591 2601//2601
f 2602//2602 2592//2592 2591//2591
f 2592//2592 2524//2524 2593//2593
f 2523//2523 2604//2604 2603//2603
f 2602//2602 2524//2524 2592//2592
f 2527//2527 2604//2604 2523//2523
f 2602//2602 2605//2605 2606//2606
f 2606//2606 2528//2528 2524//2524
f 2606//2606 2524//2524 2602//2602
f 2604//2604 2527//2527 2608//2608
f 2603//2603 2604//2604 2608//2608
f 2530//2530 2607//2607 2527//2527
f 2527//2527 2607//2607 2608//2608
f 2605//2605 2611//2611 2606//2606
f 2611//2611 2532//2532 2528//2528
f 2611//2611 2528//2528 2606//2606
f 2526//2526 2609//2609 2607//2607
f 2526//2526 2607//2607 2530//2530
f 2605//2605 2610//2610 2611//2611
f 2465//2465 2609//2609 2526//2526
f 2610//2610 2533//2533 2532//2532
f 2610//2610 2532//2532 2611//2611
f 2468//2468 2613//2613 2609//2609
f 2468//2468 2609//2609 2465//2465
f 2609//2609 2615//2615 2614//2614
f 2616//2616 2618//2618 2617//2617
f 2619//2619 2620//2620 2618//2618
f 2619//2619 2621//2621 2620//2620
f 2624//2624 2610//2610 2612//2612
f 2624//2624 2625//2625 2610//2610
f 2610//2610 2625//2625 2626//2626
f 2626//2626 2533//2533 2610//2610
f 2534//2534 2613//2613 2468//2468
f 2616//2616 2615//2615 2627//2627
f 2616//2616 2627//2627 2618//2618
f 2618//2618 2627//2627 2619//2619
f 2619//2619 2627//2627 2628//2628
f 2619//2619 2628//2628 2621//2621
f 2621//2621 2628//2628 2622//2622
f 2623//2623 2622//2622 2629//2629
f 2625//2625 2537//2537 2626//2626
f 2534//2534 2538//2538 2613//2613
f 2613//2613 2538//2538 2535//2535
f 2609//2609 2613//2613 2535//2535
f 2609//2609 2633//2633 2615//2615
f 2609//2609 2535//2535 2633//2633
f 2627//2627 2634//2634 2635//2635
f 2627//2627 2635//2635 2628//2628
f 2628//2628 2635//2635 2544//2544
f 2628//2628 2636//2636 2622//2622
f 2622//2622 2636//2636 2546//2546
f 2630//2630 2629//2629 2637//2637
f 2629//2629 2638//2638 2637//2637
f 2629//2629 2622//2622 2638//2638
f 2639//2639 2631//2631 2632//2632
f 2631//2631 2639//2639 2640//2640
f 2631//2631 2640//2640 2641//2641
f 2624//2624 2641//2641 2536//2536
f 2631//2631 2641//2641 2624//2624
f 2624//2624 2536//2536 2625//2625
f 2625//2625 2536//2536 2537//2537
f 2535//2535 2539//2539 2633//2633
f 2633//2633 2539//2539 2540//2540
f 2633//2633 2540//2540 2615//2615
f 2615//2615 2540//2540 2541//2541
f 2615//2615 2541//2541 2627//2627
f 2627//2627 2541//2541 2634//2634
f 2634//2634 2541//2541 2635//2635
f 2635//2635 2541//2541 2543//2543
f 2635//2635 2543//2543 2544//2544
f 2636//2636 2628//2628 2545//2545
f 2636//2636 2545//2545 2546//2546
f 2642//2642 2622//2622 2546//2546
f 2638//2638 2622//2622 2643//2643
f 2638//2638 2644//2644 2738//2738
f 2638//2638 2643//2643 2644//2644
f 2640//2640 2547//2547 2641//2641
f 2641//2641 2547//2547 2536//2536
f 2642//2642 2549//2549 2622//2622
f 2643//2643 2622//2622 2549//2549
f 2640//2640 2645//2645 2550//2550
f 2639//2639 2645//2645 2640//2640
f 2640//2640 2550//2550 2547//2547
f 2551//2551 2647//2647 2643//2643
f 2551//2551 2643//2643 2549//2549
f 2646//2646 2649//2649 2650//2650
f 2645//2645 2650//2650 2552//2552
f 2646//2646 2650//2650 2645//2645
f 2645//2645 2552//2552 2550//2550
f 2651//2651 2647//2647 2551//2551
f 2643//2643 2647//2647 2651//2651
f 2643//2643 2651//2651 2648//2648
f 2649//2649 2554//2554 2552//2552
f 2649//2649 2552//2552 2650//2650
f 2553//2553 2653//2653 2651//2651
f 2553//2553 2651//2651 2551//2551
f 2652//2652 2658//2658 2649//2649
f 2649//2649 2658//2658 2654//2654
f 2654//2654 2554//2554 2649//2649
f 2555//2555 2653//2653 2553//2553
f 2653//2653 2659//2659 2651//2651
f 2651//2651 2660//2660 2655//2655
f 2651//2651 2659//2659 2660//2660
f 2653//2653 2555//2555 2659//2659
f 2556//2556 2558//2558 2555//2555
f 2555//2555 2558//2558 2659//2659
f 2656//2656 2657//2657 2652//2652
f 2652//2652 2661//2661 2658//2658
f 2661//2661 2559//2559 2658//2658
f 2659//2659 2666//2666 2660//2660
f 2662//2662 2660//2660 2666//2666
f 2652//2652 2664//2664 2661//2661
f 2664//2664 2559//2559 2661//2661
f 2657//2657 2663//2663 2667//2667
f 2657//2657 2665//2665 2652//2652
f 2652//2652 2668//2668 2664//2664
f 2652//2652 2665//2665 2668//2668
f 2668//2668 2560//2560 2559//2559
f 2668//2668 2559//2559 2664//2664
f 2558//2558 2561//2561 2659//2659
f 2659//2659 2752//2752 2666//2666
f 2657//2657 2667//2667 2665//2665
f 2668//2668 2563//2563 2560//2560
f 2564//2564 2669//2669 2561//2561
f 2561//2561 2669//2669 2659//2659
f 2659//2659 2669//2669 2752//2752
f 2665//2665 2670//2670 2563//2563
f 2665//2665 2563//2563 2668//2668
f 2667//2667 2670//2670 2665//2665
f 2667//2667 2673//2673 2670//2670
f 2491//2491 2669//2669 2564//2564
f 2752//2752 2669//2669 2672//2672
f 2669//2669 2674//2674 2672//2672
f 2669//2669 2671//2671 2674//2674
f 2670//2670 2566//2566 2565//2565
f 2567//2567 2669//2669 2491//2491
f 2671//2671 2673//2673 2674//2674
f 2673//2673 2566//2566 2670//2670
f 2669//2669 2675//2675 2671//2671
f 2669//2669 2567//2567 2675//2675
f 2671//2671 2675//2675 2676//2676
f 2671//2671 2677//2677 2673//2673
f 2673//2673 2677//2677 2568//2568
f 2673//2673 2568//2568 2566//2566
f 2567//2567 2570//2570 2675//2675
f 2676//2676 2675//2675 2571//2571
f 2676//2676 2571//2571 2671//2671
f 2671//2671 2571//2571 2572//2572
f 2671//2671 2572//2572 2677//2677
f 2677//2677 2572//2572 2568//2568
f 2678//2678 2589//2589 2578//2578
f 2678//2678 2578//2578 2689//2689
f 2679//2679 2590//2590 2589//2589
f 2680//2680 2581//2581 2590//2590
f 2681//2681 2581//2581 2680//2680
f 2682//2682 2582//2582 2581//2581
f 2682//2682 2581//2581 2681//2681
f 2682//2682 2583//2583 2582//2582
f 2603//2603 2683//2683 2585//2585
f 2684//2684 2586//2586 2585//2585
f 2684//2684 2585//2585 2683//2683
f 2684//2684 2595//2595 2586//2586
f 2684//2684 2599//2599 2595//2595
f 2685//2685 2599//2599 2684//2684
f 2686//2686 2599//2599 2685//2685
f 2686//2686 2600//2600 2599//2599
f 2701//2701 2597//2597 2686//2686
f 2687//2687 2598//2598 2597//2597
f 2687//2687 2597//2597 2701//2701
f 2688//2688 2689//2689 2598//2598
f 2678//2678 2702//2702 2589//2589
f 2589//2589 2702//2702 2679//2679
f 2679//2679 2690//2690 2590//2590
f 2590//2590 2691//2691 2680//2680
f 2590//2590 2690//2690 2691//2691
f 2682//2682 2681//2681 2583//2583
f 2692//2692 2583//2583 2681//2681
f 2692//2692 2591//2591 2583//2583
f 2697//2697 2601//2601 2591//2591
f 2697//2697 2591//2591 2692//2692
f 2697//2697 2602//2602 2601//2601
f 2685//2685 2684//2684 2693//2693
f 2685//2685 2693//2693 2686//2686
f 2686//2686 2693//2693 2694//2694
f 2686//2686 2694//2694 2700//2700
f 2686//2686 2700//2700 2716//2716
f 2686//2686 2716//2716 2701//2701
f 2689//2689 2688//2688 2678//2678
f 2702//2702 2695//2695 2679//2679
f 2679//2679 2696//2696 2690//2690
f 2679//2679 2695//2695 2696//2696
f 2683//2683 2698//2698 2684//2684
f 2684//2684 2699//2699 2693//2693
f 2684//2684 2698//2698 2699//2699
f 2693//2693 2699//2699 2694//2694
f 2694//2694 2699//2699 2700//2700
f 2598//2598 2707//2707 2688//2688
f 2598//2598 2687//2687 2707//2707
f 2678//2678 2688//2688 2702//2702
f 2680//2680 2703//2703 2681//2681
f 2681//2681 2703//2703 2692//2692
f 2692//2692 2605//2605 2602//2602
f 2692//2692 2602//2602 2697//2697
f 2608//2608 2683//2683 2603//2603
f 2698//2698 2704//2704 2699//2699
f 2699//2699 2704//2704 2715//2715
f 2700//2700 2699//2699 2705//2705
f 2700//2700 2705//2705 2716//2716
f 2701//2701 2706//2706 2687//2687
f 2687//2687 2706//2706 2707//2707
f 2688//2688 2707//2707 2708//2708
f 2695//2695 2710//2710 2696//2696
f 2695//2695 2709//2709 2710//2710
f 2690//2690 2711//2711 2691//2691
f 2690//2690 2696//2696 2711//2711
f 2691//2691 2711//2711 2680//2680
f 2680//2680 2712//2712 2703//2703
f 2680//2680 2711//2711 2712//2712
f 2703//2703 2605//2605 2692//2692
f 2683//2683 2713//2713 2698//2698
f 2698//2698 2713//2713 2714//2714
f 2698//2698 2714//2714 2704//2704
f 2704//2704 2714//2714 2715//2715
f 2715//2715 2732//2732 2699//2699
f 2699//2699 2732//2732 2705//2705
f 2716//2716 2706//2706 2701//2701
f 2688//2688 2724//2724 2702//2702
f 2688//2688 2708//2708 2724//2724
f 2702//2702 2724//2724 2695//2695
f 2696//2696 2717//2717 2711//2711
f 2696//2696 2710//2710 2717//2717
f 2703//2703 2610//2610 2605//2605
f 2607//2607 2718//2718 2608//2608
f 2608//2608 2726//2726 2683//2683
f 2608//2608 2718//2718 2726//2726
f 2683//2683 2726//2726 2713//2713
f 2714//2714 2719//2719 2715//2715
f 2715//2715 2720//2720 2732//2732
f 2715//2715 2719//2719 2720//2720
f 2705//2705 2732//2732 2716//2716
f 2716//2716 2722//2722 2706//2706
f 2716//2716 2721//2721 2722//2722
f 2706//2706 2723//2723 2707//2707
f 2724//2724 2731//2731 2695//2695
f 2695//2695 2731//2731 2709//2709
f 2711//2711 2725//2725 2712//2712
f 2712//2712 2610//2610 2703//2703
f 2609//2609 2718//2718 2607//2607
f 2726//2726 2616//2616 2713//2713
f 2713//2713 2616//2616 2727//2727
f 2713//2713 2727//2727 2714//2714
f 2714//2714 2727//2727 2728//2728
f 2714//2714 2728//2728 2729//2729
f 2714//2714 2729//2729 2719//2719
f 2719//2719 2729//2729 2720//2720
f 2723//2723 2730//2730 2707//2707
f 2707//2707 2730//2730 2708//2708
f 2724//2724 2708//2708 2733//2733
f 2724//2724 2733//2733 2731//2731
f 2709//2709 2731//2731 2710//2710
f 2710//2710 2736//2736 2717//2717
f 2710//2710 2731//2731 2736//2736
f 2725//2725 2612//2612 2610//2610
f 2725//2725 2610//2610 2712//2712
f 2614//2614 2718//2718 2609//2609
f 2718//2718 2614//2614 2615//2615
f 2718//2718 2615//2615 2726//2726
f 2726//2726 2615//2615 2616//2616
f 2616//2616 2617//2617 2727//2727
f 2727//2727 2617//2617 2618//2618
f 2727//2727 2618//2618 2728//2728
f 2728//2728 2618//2618 2729//2729
f 2729//2729 2618//2618 2620//2620
f 2729//2729 2620//2620 2621//2621
f 2729//2729 2621//2621 2720//2720
f 2720//2720 2621//2621 2622//2622
f 2720//2720 2622//2622 2623//2623
f 2720//2720 2623//2623 2732//2732
f 2716//2716 2732//2732 2721//2721
f 2706//2706 2722//2722 2723//2723
f 2708//2708 2730//2730 2733//2733
f 2731//2731 2733//2733 2740//2740
f 2731//2731 2740//2740 2734//2734
f 2731//2731 2734//2734 2735//2735
f 2731//2731 2735//2735 2736//2736
f 2717//2717 2737//2737 2711//2711
f 2717//2717 2736//2736 2737//2737
f 2725//2725 2737//2737 2624//2624
f 2711//2711 2737//2737 2725//2725
f 2725//2725 2624//2624 2612//2612
f 2629//2629 2732//2732 2623//2623
f 2732//2732 2629//2629 2721//2721
f 2721//2721 2629//2629 2630//2630
f 2721//2721 2738//2738 2722//2722
f 2722//2722 2738//2738 2723//2723
f 2723//2723 2739//2739 2730//2730
f 2736//2736 2735//2735 2632//2632
f 2736//2736 2632//2632 2631//2631
f 2736//2736 2631//2631 2737//2737
f 2737//2737 2631//2631 2624//2624
f 2637//2637 2721//2721 2630//2630
f 2721//2721 2637//2637 2638//2638
f 2721//2721 2638//2638 2738//2738
f 2738//2738 2741//2741 2723//2723
f 2723//2723 2742//2742 2739//2739
f 2723//2723 2741//2741 2742//2742
f 2730//2730 2739//2739 2743//2743
f 2730//2730 2743//2743 2733//2733
f 2735//2735 2740//2740 2639//2639
f 2734//2734 2740//2740 2735//2735
f 2735//2735 2639//2639 2632//2632
f 2741//2741 2738//2738 2644//2644
f 2743//2743 2744//2744 2733//2733
f 2733//2733 2744//2744 2740//2740
f 2740//2740 2645//2645 2639//2639
f 2643//2643 2741//2741 2644//2644
f 2743//2743 2739//2739 2744//2744
f 2740//2740 2744//2744 2646//2646
f 2740//2740 2646//2646 2645//2645
f 2648//2648 2741//2741 2643//2643
f 2741//2741 2745//2745 2742//2742
f 2742//2742 2745//2745 2739//2739
f 2744//2744 2739//2739 2649//2649
f 2744//2744 2649//2649 2646//2646
f 2745//2745 2648//2648 2651//2651
f 2741//2741 2648//2648 2745//2745
f 2745//2745 2652//2652 2649//2649
f 2745//2745 2649//2649 2739//2739
f 2655//2655 2745//2745 2651//2651
f 2745//2745 2746//2746 2747//2747
f 2747//2747 2652//2652 2745//2745
f 2655//2655 2748//2748 2745//2745
f 2746//2746 2656//2656 2652//2652
f 2746//2746 2652//2652 2747//2747
f 2660//2660 2748//2748 2655//2655
f 2746//2746 2657//2657 2656//2656
f 2748//2748 2749//2749 2745//2745
f 2745//2745 2749//2749 2746//2746
f 2662//2662 2748//2748 2660//2660
f 2746//2746 2663//2663 2657//2657
f 2666//2666 2750//2750 2748//2748
f 2666//2666 2748//2748 2662//2662
f 2748//2748 2750//2750 2749//2749
f 2749//2749 2751//2751 2746//2746
f 2751//2751 2667//2667 2663//2663
f 2751//2751 2663//2663 2746//2746
f 2749//2749 2750//2750 2751//2751
f 2752//2752 2750//2750 2666//2666
f 2750//2750 2667//2667 2751//2751
f 2750//2750 2752//2752 2753//2753
f 2753//2753 2673//2673 2667//2667
f 2753//2753 2667//2667 2750//2750
f 2752//2752 2672//2672 2674//2674
f 2753//2753 2752//2752 2674//2674
f 2753//2753 2674//2674 2673//2673
