mtllib journalist_leg_r.mtl
o pants
usemtl pants
v -0.0620 -0.1573 -0.0026
v -0.0623 -0.1518 -0.0098
v -0.0615 -0.1507 0.0065
v -0.0624 -0.1339 0.0080
v -0.0626 -0.1381 -0.0150
v -0.0615 -0.1203 -0.0239
v -0.0642 -0.1222 -0.0027
v -0.0620 -0.1145 0.0159
v -0.0649 -0.1057 -0.0074
v -0.0627 -0.1076 0.0145
v -0.0643 -0.1068 -0.0156
v -0.0638 -0.1083 0.0100
v -0.0626 -0.0992 -0.0234
v -0.0639 -0.0988 -0.0183
v -0.0649 -0.0855 0.0067
v -0.0631 -0.0857 0.0162
v -0.0623 -0.0740 -0.0249
v -0.0658 -0.0747 0.0001
v -0.0657 -0.0699 -0.0075
v -0.0620 -0.0817 0.0201
v -0.0639 -0.0593 -0.0201
v -0.0660 -0.0556 -0.0074
v -0.0653 -0.0499 0.0094
v -0.0634 -0.0527 0.0179
v -0.0627 -0.0393 0.0216
v -0.0643 -0.0408 -0.0204
v -0.0657 -0.0276 0.0122
v -0.0606 -0.0175 -0.0336
v -0.0625 -0.0342 -0.0267
v -0.0675 -0.0198 0.0040
v -0.0668 -0.0349 0.0025
v -0.0628 -0.0146 0.0255
v -0.0640 -0.0129 -0.0266
v -0.0677 -0.0223 -0.0068
v -0.0635 -0.0004 0.0282
v -0.0649 -0.0067 0.0224
v -0.0625 0.0171 -0.0295
v -0.0697 0.0068 -0.0033
v -0.0688 0.0110 0.0088
v -0.0655 0.0081 -0.0260
v -0.0620 0.0248 -0.0257
v -0.0687 0.0172 -0.0012
v -0.0653 0.0251 -0.0159
v -0.0624 0.0316 0.0112
v -0.0552 -0.4405 -0.0220
v -0.0543 -0.4455 -0.0031
v -0.0562 -0.4337 0.0010
v -0.0542 -0.4207 0.0119
v -0.0568 -0.4183 -0.0274
v -0.0589 -0.4160 -0.0111
v -0.0511 -0.4041 0.0201
v -0.0555 -0.4110 -0.0318
v -0.0580 -0.4155 0.0019
v -0.0553 -0.3902 -0.0244
v -0.0580 -0.4025 -0.0149
v -0.0525 -0.4005 0.0172
v -0.0544 -0.3924 -0.0294
v -0.0540 -0.3793 -0.0215
v -0.0561 -0.3862 -0.0074
v -0.0539 -0.3280 -0.0054
v -0.0542 -0.3204 -0.0172
v -0.0539 -0.3198 0.0009
v -0.0547 -0.3048 -0.0227
v -0.0571 -0.2954 -0.0091
v -0.0542 -0.3055 0.0066
v -0.0535 -0.2928 -0.0298
v -0.0547 -0.2842 -0.0289
v -0.0583 -0.2778 -0.0155
v -0.0586 -0.2758 -0.0123
v -0.0586 -0.2725 0.0012
v -0.0541 -0.2827 0.0143
v -0.0552 -0.2719 -0.0298
v -0.0560 -0.2740 0.0117
v -0.0593 -0.2619 -0.0006
v -0.0565 -0.2676 -0.0278
v -0.0549 -0.2517 -0.0328
v -0.0603 -0.2445 -0.0130
v -0.0594 -0.2520 0.0027
v -0.0602 -0.2358 -0.0121
v -0.0598 -0.2356 0.0025
v -0.0557 -0.2313 -0.0309
v -0.0605 -0.2272 -0.0126
v -0.0550 -0.2196 0.0184
v -0.0555 -0.2140 -0.0310
v -0.0555 -0.1919 -0.0309
v -0.0572 -0.2103 0.0138
v -0.0546 -0.1968 0.0206
v -0.0607 -0.1926 -0.0036
v -0.0572 -0.1886 -0.0268
v -0.0599 -0.1932 -0.0158
v -0.0592 -0.1837 0.0083
v -0.0563 -0.1635 -0.0316
v -0.0615 -0.1667 -0.0084
v -0.0539 -0.1613 -0.0363
v -0.0607 -0.1618 -0.0166
v -0.0601 -0.1736 0.0080
v -0.0553 -0.1635 0.0231
v -0.0608 -0.1497 -0.0193
v -0.0551 -0.1437 0.0273
v -0.0599 -0.1426 0.0152
v -0.0553 -0.1296 -0.0373
v -0.0553 -0.1496 -0.0352
v -0.0606 -0.1270 0.0171
v -0.0608 -0.1307 -0.0241
v -0.0532 -0.1267 0.0334
v -0.0551 -0.1261 0.0304
v -0.0602 -0.1056 -0.0289
v -0.0554 -0.1074 -0.0390
v -0.0533 -0.0958 0.0372
v -0.0603 -0.0940 0.0235
v -0.0562 -0.0927 0.0323
v -0.0564 -0.1020 -0.0379
v -0.0545 -0.0571 0.0371
v -0.0580 -0.0643 -0.0353
v -0.0606 -0.0618 -0.0295
v -0.0569 -0.0593 0.0328
v -0.0571 -0.0542 0.0327
v -0.0609 -0.0458 -0.0295
v -0.0592 -0.0347 0.0302
v -0.0538 -0.0294 -0.0431
v -0.0577 -0.0429 -0.0362
v -0.0573 -0.0232 0.0356
v -0.0595 -0.0137 0.0324
v -0.0598 -0.0052 -0.0360
v -0.0558 -0.0048 0.0398
v -0.0516 0.0089 -0.0481
v -0.0555 0.0002 -0.0433
v -0.0558 0.0181 -0.0408
v -0.0562 0.0136 0.0403
v -0.0618 0.0222 0.0242
v -0.0546 0.0239 0.0366
v -0.0583 0.0361 0.0181
v -0.0528 0.0320 -0.0364
v -0.0545 0.0358 -0.0305
v -0.0549 0.0344 0.0278
v -0.0518 0.0434 -0.0259
v -0.0543 0.0458 -0.0131
v -0.0588 0.0409 -0.0012
v -0.0519 0.0473 0.0136
v -0.0461 -0.7919 -0.0043
v -0.0461 -0.7830 0.0041
v -0.0464 -0.7728 -0.0069
v -0.0461 -0.7754 0.0056
v -0.0464 -0.7504 0.0051
v -0.0465 -0.7484 -0.0090
v -0.0459 -0.7182 -0.0092
v -0.0460 -0.7117 -0.0005
v -0.0463 -0.6482 -0.0106
v -0.0471 -0.6320 -0.0008
v -0.0457 -0.6217 -0.0219
v -0.0463 -0.6297 0.0069
v -0.0483 -0.6254 -0.0082
v -0.0464 -0.6138 0.0095
v -0.0468 -0.6122 -0.0212
v -0.0498 -0.5946 -0.0079
v -0.0463 -0.6003 0.0123
v -0.0476 -0.6026 0.0076
v -0.0485 -0.5932 -0.0205
v -0.0459 -0.5763 -0.0284
v -0.0492 -0.5796 0.0033
v -0.0466 -0.5667 0.0125
v -0.0499 -0.5765 -0.0161
v -0.0464 -0.5534 -0.0277
v -0.0486 -0.5611 -0.0204
v -0.0496 -0.5485 -0.0152
v -0.0497 -0.5507 -0.0015
v -0.0475 -0.5424 0.0087
v -0.0471 -0.5350 0.0091
v -0.0474 -0.5272 -0.0240
v -0.0494 -0.5263 -0.0121
v -0.0469 -0.5140 -0.0259
v -0.0495 -0.5060 -0.0087
v -0.0491 -0.5000 -0.0018
v -0.0484 -0.4843 -0.0229
v -0.0392 -0.4705 -0.0432
v -0.0468 -0.4671 -0.0309
v -0.0497 -0.4761 0.0005
v -0.0515 -0.4628 -0.0123
v -0.0508 -0.4726 -0.0085
v -0.0458 -0.4513 -0.0395
v -0.0508 -0.4463 -0.0310
v -0.0535 -0.4469 -0.0209
v -0.0468 -0.4401 -0.0429
v -0.0482 -0.4543 0.0133
v -0.0455 -0.4442 0.0223
v -0.0516 -0.4369 -0.0344
v -0.0542 -0.4254 0.0125
v -0.0493 -0.4263 -0.0432
v -0.0529 -0.4138 -0.0379
v -0.0477 -0.4101 0.0254
v -0.0493 -0.4111 -0.0449
v -0.0483 -0.3971 -0.0446
v -0.0461 -0.3853 -0.0445
v -0.0472 -0.3739 -0.0388
v -0.0506 -0.3798 0.0120
v -0.0482 -0.3791 0.0178
v -0.0465 -0.3661 -0.0373
v -0.0535 -0.3796 0.0029
v -0.0449 -0.3701 0.0214
v -0.0439 -0.3598 -0.0405
v -0.0505 -0.3648 -0.0258
v -0.0485 -0.3584 0.0116
v -0.0520 -0.3596 -0.0151
v -0.0473 -0.3488 -0.0336
v -0.0511 -0.3541 0.0020
v -0.0520 -0.3435 -0.0177
v -0.0534 -0.3338 -0.0068
v -0.0461 -0.3363 0.0194
v -0.0529 -0.3250 -0.0203
v -0.0519 -0.3161 0.0106
v -0.0512 -0.3196 -0.0283
v -0.0454 -0.3342 0.0208
v -0.0477 -0.3005 -0.0398
v -0.0486 -0.3175 -0.0354
v -0.0525 -0.3013 0.0130
v -0.0457 -0.2944 0.0278
v -0.0469 -0.2880 -0.0429
v -0.0473 -0.2760 -0.0435
v -0.0520 -0.2581 -0.0374
v -0.0484 -0.2709 0.0271
v -0.0468 -0.2528 -0.0452
v -0.0474 -0.2512 0.0303
v -0.0539 -0.2327 0.0207
v -0.0461 -0.2376 0.0324
v -0.0481 -0.2497 -0.0439
v -0.0521 -0.2294 -0.0376
v -0.0467 -0.2189 -0.0452
v -0.0524 -0.2200 0.0237
v -0.0472 -0.2113 0.0320
v -0.0503 -0.2136 -0.0403
v -0.0480 -0.2006 -0.0435
v -0.0550 -0.1789 0.0217
v -0.0468 -0.1814 -0.0452
v -0.0522 -0.1824 -0.0375
v -0.0415 -0.1750 0.0420
v -0.0473 -0.1744 0.0347
v -0.0472 -0.1521 0.0378
v -0.0479 -0.1250 0.0409
v -0.0478 -0.1392 -0.0469
v -0.0489 -0.1113 -0.0476
v -0.0446 -0.1240 0.0448
v -0.0545 -0.1105 0.0338
v -0.0462 -0.1161 0.0439
v -0.0524 -0.0979 0.0380
v -0.0492 -0.0900 -0.0478
v -0.0469 -0.0774 0.0461
v -0.0494 -0.0746 -0.0476
v -0.0451 -0.0576 0.0488
v -0.0493 -0.0506 -0.0476
v -0.0454 -0.0519 0.0487
v -0.0530 -0.0394 -0.0437
v -0.0479 -0.0489 0.0462
v -0.0469 -0.0163 -0.0514
v -0.0526 -0.0243 0.0423
v -0.0445 0.0025 -0.0546
v -0.0505 0.0033 0.0471
v -0.0456 0.0165 -0.0521
v -0.0533 0.0268 0.0372
v -0.0450 0.0271 0.0461
v -0.0496 0.0321 -0.0409
v -0.0478 0.0415 -0.0346
v -0.0467 0.0525 -0.0163
v -0.0474 0.0440 0.0286
v -0.0449 0.0547 -0.0116
v -0.0488 0.0524 -0.0016
v -0.0398 -0.8446 -0.0064
v -0.0401 -0.8436 0.0064
v -0.0373 -0.8444 0.0145
v -0.0393 -0.8401 -0.0180
v -0.0379 -0.8397 0.0181
v -0.0382 -0.8363 0.0203
v -0.0403 -0.8245 -0.0225
v -0.0387 -0.8208 0.0242
v -0.0446 -0.8289 -0.0067
v -0.0440 -0.8252 0.0102
v -0.0378 -0.8087 -0.0281
v -0.0447 -0.7967 0.0104
v -0.0455 -0.8000 -0.0080
v -0.0447 -0.7925 -0.0124
v -0.0443 -0.7887 0.0120
v -0.0388 -0.7871 -0.0283
v -0.0448 -0.7692 -0.0158
v -0.0448 -0.7560 -0.0167
v -0.0391 -0.7566 -0.0296
v -0.0456 -0.7576 -0.0137
v -0.0412 -0.7674 0.0221
v -0.0400 -0.7635 0.0237
v -0.0417 -0.7324 -0.0256
v -0.0412 -0.7476 0.0215
v -0.0431 -0.7405 0.0166
v -0.0450 -0.7362 -0.0157
v -0.0444 -0.7336 0.0129
v -0.0400 -0.7085 -0.0280
v -0.0464 -0.7336 0.0042
v -0.0445 -0.7054 -0.0150
v -0.0410 -0.7160 0.0204
v -0.0437 -0.7027 0.0122
v -0.0404 -0.7002 -0.0270
v -0.0458 -0.7074 -0.0054
v -0.0435 -0.6845 0.0114
v -0.0392 -0.6713 -0.0295
v -0.0433 -0.6588 -0.0203
v -0.0454 -0.6597 -0.0119
v -0.0400 -0.6569 0.0212
v -0.0461 -0.6570 -0.0018
v -0.0455 -0.6605 0.0037
v -0.0455 -0.6532 -0.0122
v -0.0388 -0.6419 -0.0330
v -0.0407 -0.6572 -0.0276
v -0.0457 -0.6438 0.0057
v -0.0418 -0.6429 0.0174
v -0.0395 -0.6298 -0.0337
v -0.0381 -0.6403 0.0247
v -0.0450 -0.6303 -0.0215
v -0.0378 -0.6262 -0.0365
v -0.0441 -0.6148 0.0155
v -0.0392 -0.6190 -0.0358
v -0.0395 -0.6093 0.0247
v -0.0356 -0.5768 -0.0435
v -0.0447 -0.5898 -0.0295
v -0.0395 -0.5861 0.0256
v -0.0449 -0.5767 0.0163
v -0.0409 -0.5894 -0.0362
v -0.0396 -0.5595 -0.0392
v -0.0430 -0.5553 -0.0343
v -0.0406 -0.5330 0.0223
v -0.0395 -0.5172 -0.0394
v -0.0450 -0.5124 -0.0302
v -0.0402 -0.5248 0.0226
v -0.0467 -0.5081 0.0089
v -0.0396 -0.5071 0.0228
v -0.0385 -0.4928 0.0245
v -0.0398 -0.5025 -0.0395
v -0.0436 -0.4964 0.0160
v -0.0469 -0.4791 0.0093
v -0.0391 -0.4690 -0.0433
v -0.0481 -0.4593 0.0125
v -0.0398 -0.4500 -0.0481
v -0.0421 -0.4411 0.0282
v -0.0350 -0.4582 0.0313
v -0.0381 -0.4423 -0.0526
v -0.0356 -0.4294 -0.0584
v -0.0350 -0.4207 -0.0605
v -0.0372 -0.4142 -0.0589
v -0.0452 -0.4227 0.0293
v -0.0400 -0.3968 -0.0547
v -0.0403 -0.3965 0.0340
v -0.0385 -0.3724 -0.0504
v -0.0387 -0.3818 0.0325
v -0.0372 -0.3671 0.0314
v -0.0404 -0.3557 -0.0448
v -0.0437 -0.3570 0.0220
v -0.0332 -0.3494 0.0351
v -0.0462 -0.3419 0.0188
v -0.0406 -0.3418 0.0274
v -0.0452 -0.3152 -0.0417
v -0.0401 -0.3223 -0.0471
v -0.0410 -0.2973 -0.0486
v -0.0427 -0.2895 0.0320
v -0.0365 -0.2981 0.0373
v -0.0378 -0.2912 -0.0523
v -0.0440 -0.2797 0.0323
v -0.0380 -0.2829 -0.0526
v -0.0363 -0.2816 -0.0542
v -0.0400 -0.2638 0.0376
v -0.0373 -0.2533 -0.0544
v -0.0439 -0.2665 0.0337
v -0.0393 -0.2488 -0.0527
v -0.0394 -0.2393 -0.0527
v -0.0445 -0.2356 0.0349
v -0.0409 -0.2158 0.0391
v -0.0372 -0.2342 -0.0545
v -0.0391 -0.1959 -0.0526
v -0.0446 -0.2031 0.0360
v -0.0394 -0.1819 -0.0527
v -0.0466 -0.1846 0.0347
v -0.0369 -0.1738 -0.0550
v -0.0433 -0.1709 -0.0498
v -0.0349 -0.1530 0.0496
v -0.0397 -0.1523 -0.0537
v -0.0455 -0.1633 -0.0477
v -0.0343 -0.1496 0.0503
v -0.0420 -0.1236 -0.0536
v -0.0412 -0.1380 0.0462
v -0.0367 -0.1009 -0.0588
v -0.0421 -0.1092 0.0491
v -0.0366 -0.0941 -0.0589
v -0.0448 -0.0698 0.0488
v -0.0413 -0.0824 -0.0552
v -0.0425 -0.0580 -0.0541
v -0.0397 -0.0537 0.0535
v -0.0421 -0.0308 -0.0547
v -0.0443 -0.0251 0.0513
v -0.0445 -0.0125 -0.0536
v -0.0451 -0.0113 0.0515
v -0.0327 0.0048 -0.0622
v -0.0410 0.0230 0.0518
v -0.0396 0.0425 -0.0423
v -0.0437 0.0405 0.0377
v -0.0402 0.0481 -0.0354
v -0.0378 0.0480 0.0351
v -0.0412 0.0565 -0.0191
v -0.0382 0.0604 0.0063
v -0.0389 0.0534 0.0272
v -0.0312 -0.8540 -0.0155
v -0.0328 -0.8560 0.0001
v -0.0309 -0.8503 0.0209
v -0.0300 -0.8486 -0.0258
v -0.0343 -0.8367 -0.0278
v -0.0306 -0.8307 -0.0353
v -0.0386 -0.8332 0.0229
v -0.0321 -0.8232 -0.0346
v -0.0317 -0.8161 -0.0353
v -0.0328 -0.8083 0.0324
v -0.0308 -0.8037 -0.0367
v -0.0394 -0.7976 0.0237
v -0.0256 -0.8069 0.0396
v -0.0322 -0.7709 -0.0372
v -0.0329 -0.7826 0.0331
v -0.0289 -0.7642 0.0375
v -0.0323 -0.7410 -0.0380
v -0.0321 -0.7490 0.0345
v -0.0320 -0.7322 0.0342
v -0.0366 -0.7280 0.0285
v -0.0335 -0.7184 0.0318
v -0.0319 -0.7010 -0.0386
v -0.0327 -0.7028 0.0320
v -0.0319 -0.6869 -0.0387
v -0.0369 -0.6925 0.0262
v -0.0320 -0.6792 -0.0389
v -0.0300 -0.6739 -0.0414
v -0.0307 -0.6700 0.0335
v -0.0286 -0.6705 -0.0429
v -0.0369 -0.6653 0.0255
v -0.0325 -0.6587 -0.0395
v -0.0281 -0.6463 0.0363
v -0.0329 -0.6367 -0.0411
v -0.0380 -0.6133 0.0266
v -0.0307 -0.6216 -0.0446
v -0.0339 -0.6024 0.0319
v -0.0285 -0.6037 -0.0480
v -0.0325 -0.5927 -0.0453
v -0.0300 -0.5915 0.0358
v -0.0338 -0.5706 0.0319
v -0.0378 -0.5587 0.0275
v -0.0335 -0.5599 -0.0457
v -0.0334 -0.5554 0.0318
v -0.0334 -0.5302 -0.0462
v -0.0371 -0.5287 0.0266
v -0.0333 -0.5118 -0.0466
v -0.0343 -0.4874 -0.0467
v -0.0328 -0.5044 0.0309
v -0.0312 -0.4748 -0.0504
v -0.0402 -0.4786 0.0234
v -0.0245 -0.4727 -0.0557
v -0.0331 -0.4634 0.0335
v -0.0361 -0.4551 -0.0505
v -0.0293 -0.4485 -0.0576
v -0.0300 -0.4377 -0.0603
v -0.0363 -0.4295 0.0374
v -0.0276 -0.4173 0.0461
v -0.0349 -0.4034 -0.0606
v -0.0330 -0.3901 -0.0595
v -0.0374 -0.3899 0.0360
v -0.0280 -0.3798 -0.0609
v -0.0346 -0.3734 -0.0543
v -0.0264 -0.3574 -0.0578
v -0.0363 -0.3424 -0.0499
v -0.0294 -0.3297 -0.0558
v -0.0373 -0.3233 0.0335
v -0.0291 -0.3394 0.0391
v -0.0266 -0.3224 -0.0585
v -0.0376 -0.3102 -0.0511
v -0.0289 -0.3205 0.0411
v -0.0360 -0.2945 -0.0533
v -0.0314 -0.2930 -0.0567
v -0.0317 -0.2878 0.0422
v -0.0265 -0.2690 -0.0607
v -0.0361 -0.2693 0.0408
v -0.0335 -0.2545 0.0436
v -0.0355 -0.2432 0.0427
v -0.0343 -0.2261 0.0443
v -0.0265 -0.2174 0.0497
v -0.0315 -0.2048 -0.0580
v -0.0264 -0.1983 -0.0612
v -0.0354 -0.1938 0.0451
v -0.0345 -0.1828 0.0470
v -0.0299 -0.1598 -0.0601
v -0.0280 -0.1555 -0.0615
v -0.0315 -0.1451 0.0528
v -0.0305 -0.1419 -0.0606
v -0.0258 -0.1306 0.0572
v -0.0313 -0.1231 -0.0610
v -0.0362 -0.1153 0.0528
v -0.0255 -0.1116 -0.0643
v -0.0369 -0.1139 0.0525
v -0.0348 -0.0872 0.0557
v -0.0316 -0.0902 -0.0615
v -0.0342 -0.0682 0.0569
v -0.0328 -0.0731 -0.0609
v -0.0315 -0.0498 -0.0615
v -0.0324 -0.0417 0.0591
v -0.0313 -0.0250 0.0607
v -0.0361 -0.0428 -0.0591
v -0.0335 -0.0192 -0.0609
v -0.0333 -0.0214 0.0596
v -0.0385 -0.0039 0.0579
v -0.0343 0.0091 0.0605
v -0.0339 0.0208 -0.0593
v -0.0324 0.0136 0.0604
v -0.0276 0.0229 -0.0610
v -0.0335 0.0305 -0.0551
v -0.0324 0.0344 0.0520
v -0.0341 0.0436 0.0437
v -0.0320 0.0384 0.0501
v -0.0314 0.0438 -0.0474
v -0.0285 0.0472 0.0436
v -0.0352 0.0612 -0.0164
v -0.0246 0.0527 0.0402
v -0.0292 0.0651 -0.0029
v -0.0331 0.0614 0.0145
v -0.0243 -0.8609 -0.0150
v -0.0260 -0.8624 -0.0009
v -0.0217 -0.8630 0.0119
v -0.0209 -0.8578 -0.0256
v -0.0241 -0.8602 0.0166
v -0.0282 -0.8490 0.0265
v -0.0216 -0.8459 -0.0358
v -0.0228 -0.8361 -0.0397
v -0.0283 -0.8360 0.0346
v -0.0298 -0.8236 0.0357
v -0.0241 -0.7979 -0.0424
v -0.0235 -0.7924 -0.0433
v -0.0272 -0.7897 0.0383
v -0.0268 -0.7748 0.0389
v -0.0233 -0.7636 0.0414
v -0.0235 -0.7522 -0.0449
v -0.0232 -0.7476 0.0414
v -0.0224 -0.7408 0.0419
v -0.0265 -0.7238 0.0387
v -0.0235 -0.7418 -0.0451
v -0.0281 -0.7183 -0.0425
v -0.0184 -0.7179 -0.0481
v -0.0168 -0.6904 0.0444
v -0.0282 -0.7009 -0.0424
v -0.0169 -0.6792 -0.0500
v -0.0288 -0.6924 0.0358
v -0.0252 -0.6732 0.0385
v -0.0264 -0.6400 -0.0464
v -0.0260 -0.6384 0.0379
v -0.0313 -0.6312 0.0338
v -0.0265 -0.6246 -0.0476
v -0.0275 -0.6232 0.0372
v -0.0266 -0.6041 0.0380
v -0.0197 -0.6037 0.0426
v -0.0223 -0.5981 -0.0521
v -0.0235 -0.5672 -0.0528
v -0.0266 -0.5745 0.0379
v -0.0254 -0.5518 0.0381
v -0.0263 -0.5254 -0.0520
v -0.0232 -0.5514 -0.0534
v -0.0303 -0.5289 0.0338
v -0.0267 -0.5033 -0.0523
v -0.0185 -0.5168 -0.0564
v -0.0228 -0.4967 0.0390
v -0.0250 -0.4977 -0.0536
v -0.0212 -0.4907 -0.0561
v -0.0285 -0.4911 0.0351
v -0.0201 -0.4627 0.0416
v -0.0314 -0.4589 0.0346
v -0.0214 -0.4590 -0.0595
v -0.0267 -0.4507 0.0401
v -0.0184 -0.4309 -0.0673
v -0.0228 -0.4382 0.0451
v -0.0294 -0.4107 0.0441
v -0.0319 -0.4067 0.0428
v -0.0225 -0.3778 -0.0635
v -0.0210 -0.3743 0.0453
v -0.0253 -0.3778 0.0432
v -0.0286 -0.3687 0.0396
v -0.0269 -0.3505 -0.0573
v -0.0244 -0.3467 -0.0585
v -0.0286 -0.3513 0.0388
v -0.0214 -0.3429 -0.0603
v -0.0198 -0.3372 -0.0613
v -0.0226 -0.3355 0.0439
v -0.0233 -0.3108 0.0455
v -0.0214 -0.2992 -0.0619
v -0.0287 -0.2832 0.0447
v -0.0275 -0.2625 0.0468
v -0.0252 -0.2511 -0.0615
v -0.0229 -0.2438 0.0501
v -0.0210 -0.2433 -0.0634
v -0.0232 -0.2358 0.0504
v -0.0268 -0.2374 -0.0609
v -0.0251 -0.2266 -0.0615
v -0.0187 -0.2134 0.0536
v -0.0248 -0.2018 0.0515
v -0.0277 -0.1936 0.0507
v -0.0253 -0.1756 -0.0619
v -0.0230 -0.1860 0.0535
v -0.0178 -0.1619 -0.0651
v -0.0262 -0.1576 0.0544
v -0.0118 -0.1623 -0.0670
v -0.0245 -0.1408 -0.0637
v -0.0271 -0.1256 0.0570
v -0.0221 -0.1012 -0.0651
v -0.0240 -0.1065 0.0602
v -0.0208 -0.1017 0.0616
v -0.0263 -0.0897 0.0602
v -0.0256 -0.0893 0.0607
v -0.0130 -0.0687 0.0658
v -0.0283 -0.0640 0.0606
v -0.0220 -0.0438 -0.0654
v -0.0179 -0.0345 -0.0670
v -0.0155 -0.0290 -0.0678
v -0.0223 -0.0097 -0.0659
v -0.0305 -0.0026 0.0626
v -0.0299 0.0232 0.0590
v -0.0185 0.0302 -0.0611
v -0.0206 0.0322 0.0586
v -0.0242 0.0414 -0.0523
v -0.0261 0.0538 -0.0396
v -0.0234 0.0681 0.0044
v -0.0281 0.0602 0.0256
v -0.0111 -0.8690 -0.0129
v -0.0164 -0.8682 0.0032
v -0.0117 -0.8685 0.0123
v -0.0157 -0.8618 -0.0244
v -0.0134 -0.8601 0.0277
v -0.0156 -0.8511 -0.0359
v -0.0140 -0.8487 0.0378
v -0.0189 -0.8470 0.0364
v -0.0092 -0.8380 0.0460
v -0.0070 -0.8455 -0.0440
v -0.0188 -0.8267 -0.0444
v -0.0191 -0.8289 0.0435
v -0.0165 -0.8210 -0.0459
v -0.0201 -0.7981 -0.0449
v -0.0184 -0.7938 0.0442
v -0.0158 -0.7641 0.0458
v -0.0200 -0.7906 0.0434
v -0.0173 -0.7883 -0.0466
v -0.0045 -0.7695 -0.0511
v -0.0172 -0.7560 0.0450
v -0.0210 -0.7615 -0.0461
v -0.0111 -0.7395 -0.0503
v -0.0177 -0.7218 0.0444
v -0.0108 -0.7007 -0.0518
v -0.0181 -0.6613 0.0432
v -0.0150 -0.6539 0.0448
v -0.0169 -0.6508 -0.0514
v -0.0151 -0.6559 -0.0521
v -0.0139 -0.6492 -0.0529
v -0.0149 -0.6334 0.0447
v -0.0137 -0.6195 -0.0543
v -0.0170 -0.6185 -0.0533
v -0.0054 -0.6071 -0.0571
v -0.0149 -0.5973 0.0445
v -0.0200 -0.5934 -0.0536
v -0.0148 -0.5777 0.0443
v -0.0101 -0.5525 0.0454
v -0.0160 -0.5577 0.0434
v -0.0110 -0.5542 -0.0580
v -0.0144 -0.5541 0.0441
v -0.0096 -0.5415 -0.0588
v -0.0249 -0.5337 0.0383
v -0.0184 -0.5202 0.0416
v -0.0127 -0.5048 0.0441
v -0.0179 -0.4962 0.0417
v -0.0157 -0.4818 -0.0590
v -0.0174 -0.4663 -0.0599
v -0.0098 -0.4604 -0.0632
v -0.0052 -0.4532 -0.0657
v -0.0199 -0.4147 -0.0689
v -0.0085 -0.4102 -0.0722
v -0.0124 -0.3948 0.0520
v -0.0134 -0.3930 -0.0698
v -0.0151 -0.3706 -0.0649
v 0.0066 -0.3540 -0.0678
v -0.0160 -0.3627 0.0464
v -0.0185 -0.3466 -0.0616
v -0.0176 -0.3449 0.0457
v -0.0174 -0.3317 0.0467
v -0.0098 -0.3189 -0.0649
v -0.0177 -0.3058 0.0483
v -0.0169 -0.2876 -0.0642
v -0.0109 -0.2855 0.0518
v -0.0188 -0.2640 0.0506
v -0.0102 -0.2604 -0.0657
v -0.0172 -0.2551 0.0518
v -0.0159 -0.2408 0.0531
v -0.0224 -0.2154 0.0520
v -0.0141 -0.1866 -0.0656
v -0.0110 -0.1851 0.0578
v -0.0054 -0.1685 -0.0679
v -0.0178 -0.1359 0.0599
v -0.0116 -0.1393 -0.0671
v -0.0139 -0.1239 -0.0668
v -0.0192 -0.1244 0.0604
v -0.0149 -0.0934 -0.0672
v -0.0144 -0.0998 0.0634
v -0.0106 -0.0792 -0.0684
v -0.0175 -0.0579 0.0649
v -0.0188 -0.0610 -0.0665
v -0.0138 -0.0487 0.0665
v -0.0103 -0.0314 0.0680
v -0.0098 -0.0175 -0.0690
v -0.0186 -0.0102 0.0668
v -0.0088 -0.0125 -0.0695
v -0.0133 0.0001 0.0689
v -0.0146 0.0071 -0.0683
v -0.0177 0.0039 0.0674
v -0.0057 0.0133 -0.0688
v -0.0114 0.0109 0.0682
v -0.0215 0.0254 0.0618
v -0.0140 0.0348 -0.0594
v -0.0099 0.0355 0.0595
v -0.0128 0.0463 -0.0519
v -0.0173 0.0523 0.0440
v -0.0107 0.0470 0.0512
v -0.0156 0.0546 -0.0423
v -0.0211 0.0569 -0.0378
v -0.0133 0.0636 -0.0284
v -0.0179 0.0678 -0.0151
v -0.0067 0.0673 0.0225
v -0.0140 0.0685 0.0141
v 0.0034 -0.8729 0.0065
v -0.0063 -0.8711 0.0040
v -0.0076 -0.8608 -0.0299
v -0.0026 -0.8633 -0.0282
v -0.0063 -0.8681 0.0182
v -0.0066 -0.8466 0.0424
v -0.0061 -0.8445 -0.0440
v -0.0015 -0.8363 -0.0476
v 0.0008 -0.8302 -0.0497
v -0.0126 -0.8264 0.0470
v -0.0132 -0.7980 0.0468
v -0.0054 -0.7968 -0.0502
v -0.0062 -0.7638 -0.0506
v -0.0017 -0.7400 -0.0521
v -0.0062 -0.7608 0.0484
v -0.0102 -0.7356 0.0474
v -0.0078 -0.7144 -0.0521
v 0.0009 -0.7197 -0.0529
v -0.0091 -0.6915 -0.0528
v -0.0108 -0.6792 0.0468
v -0.0118 -0.6701 -0.0526
v -0.0093 -0.6765 -0.0532
v -0.0011 -0.6687 0.0491
v 0.0058 -0.6577 -0.0566
v -0.0014 -0.6077 0.0477
v -0.0062 -0.5815 -0.0578
v -0.0061 -0.5718 -0.0582
v -0.0062 -0.5639 -0.0585
v -0.0117 -0.5526 0.0451
v -0.0127 -0.5317 0.0443
v -0.0084 -0.5235 -0.0599
v 0.0021 -0.5394 0.0477
v -0.0102 -0.4801 -0.0610
v -0.0050 -0.5113 -0.0609
v -0.0009 -0.5093 -0.0616
v -0.0070 -0.4705 0.0459
v 0.0012 -0.4715 -0.0633
v -0.0073 -0.4398 -0.0682
v -0.0048 -0.4391 -0.0695
v -0.0069 -0.4224 0.0526
v -0.0134 -0.4110 0.0523
v 0.0041 -0.4029 -0.0729
v -0.0121 -0.4026 0.0518
v -0.0075 -0.3950 0.0525
v -0.0109 -0.3806 -0.0682
v -0.0092 -0.3774 0.0500
v -0.0009 -0.3806 0.0521
v -0.0024 -0.3401 -0.0660
v -0.0047 -0.3112 -0.0660
v -0.0106 -0.3086 0.0505
v 0.0021 -0.2903 -0.0666
v -0.0115 -0.2705 0.0525
v -0.0045 -0.2477 0.0550
v 0.0019 -0.2359 -0.0672
v -0.0098 -0.2165 -0.0664
v -0.0087 -0.1871 -0.0670
v -0.0062 -0.1884 0.0586
v -0.0135 -0.1672 0.0585
v -0.0079 -0.1648 0.0600
v -0.0122 -0.1477 0.0604
v -0.0066 -0.1184 -0.0680
v -0.0087 -0.1070 -0.0680
v -0.0035 -0.1182 0.0637
v -0.0083 -0.0900 -0.0683
v -0.0111 -0.0498 -0.0685
v 0.0014 -0.0045 -0.0698
v -0.0027 0.0174 0.0678
v -0.0061 0.0279 0.0635
v -0.0034 0.0352 -0.0603
v -0.0064 0.0585 -0.0390
v -0.0040 0.0509 0.0488
v -0.0102 0.0629 -0.0318
v -0.0059 0.0645 0.0283
v -0.0136 0.0601 0.0352
v -0.0132 0.0701 0.0053
v 0.0060 -0.8691 -0.0198
v 0.0065 -0.8728 -0.0033
v -0.0000 -0.8679 0.0218
v -0.0063 -0.8598 0.0323
v 0.0065 -0.8646 0.0282
v -0.0010 -0.8485 0.0431
v 0.0066 -0.8451 -0.0450
v 0.0055 -0.7982 -0.0510
v 0.0052 -0.8205 0.0511
v 0.0082 -0.7862 -0.0510
v 0.0057 -0.7743 0.0501
v 0.0019 -0.7493 0.0494
v -0.0027 -0.7286 -0.0523
v -0.0062 -0.7231 0.0487
v -0.0021 -0.7125 0.0491
v 0.0006 -0.7137 0.0497
v 0.0058 -0.6712 -0.0553
v 0.0020 -0.6678 -0.0553
v 0.0095 -0.6481 0.0494
v -0.0022 -0.6191 -0.0569
v 0.0014 -0.6373 0.0490
v 0.0021 -0.6039 -0.0576
v -0.0005 -0.5908 -0.0581
v -0.0012 -0.5633 0.0471
v 0.0023 -0.5514 -0.0600
v -0.0009 -0.5473 -0.0600
v 0.0128 -0.5236 -0.0611
v 0.0057 -0.5430 0.0476
v 0.0020 -0.4836 -0.0625
v -0.0072 -0.4549 0.0474
v 0.0050 -0.4392 -0.0689
v -0.0018 -0.4358 0.0517
v -0.0014 -0.4284 0.0524
v 0.0051 -0.4306 0.0523
v 0.0088 -0.4118 -0.0723
v 0.0080 -0.3878 -0.0708
v -0.0041 -0.3739 -0.0684
v 0.0001 -0.3713 0.0514
v 0.0008 -0.3336 0.0514
v -0.0021 -0.3060 0.0522
v 0.0060 -0.3017 -0.0662
v 0.0025 -0.2606 -0.0666
v -0.0056 -0.2805 0.0531
v 0.0050 -0.2638 0.0542
v -0.0056 -0.2262 -0.0671
v -0.0003 -0.2145 0.0575
v 0.0087 -0.2152 -0.0672
v -0.0056 -0.1962 0.0583
v 0.0021 -0.1971 -0.0677
v 0.0060 -0.1900 -0.0679
v 0.0005 -0.1808 0.0600
v 0.0045 -0.1805 0.0601
v -0.0082 -0.1471 0.0613
v 0.0060 -0.1732 0.0605
v 0.0005 -0.1641 -0.0681
v 0.0042 -0.1422 -0.0681
v 0.0023 -0.1356 -0.0681
v 0.0047 -0.1211 0.0634
v 0.0024 -0.1137 -0.0681
v 0.0007 -0.0856 -0.0685
v 0.0052 -0.0831 -0.0683
v 0.0035 -0.0568 -0.0691
v 0.0021 -0.0438 -0.0692
v -0.0061 -0.0416 0.0681
v -0.0032 -0.0313 0.0689
v -0.0012 -0.0228 -0.0696
v -0.0017 -0.0019 0.0700
v 0.0088 0.0083 -0.0686
v -0.0043 0.0157 -0.0679
v -0.0000 0.0382 0.0583
v 0.0077 0.0346 0.0602
v -0.0021 0.0502 -0.0490
v 0.0030 0.0585 0.0392
v 0.0024 0.0605 -0.0361
v -0.0045 0.0693 -0.0190
v 0.0037 0.0691 0.0173
v 0.0024 0.0619 0.0338
v 0.0179 -0.8706 -0.0123
v 0.0069 -0.8593 -0.0347
v 0.0142 -0.8487 0.0430
v 0.0115 -0.8388 0.0483
v 0.0126 -0.8261 -0.0495
v 0.0068 -0.8171 -0.0512
v 0.0029 -0.8021 0.0504
v 0.0167 -0.7620 -0.0502
v 0.0097 -0.7452 0.0492
v 0.0066 -0.7360 -0.0522
v 0.0098 -0.7079 -0.0531
v 0.0102 -0.6980 -0.0538
v 0.0102 -0.6942 0.0498
v 0.0066 -0.6451 -0.0563
v 0.0101 -0.6147 -0.0566
v 0.0123 -0.6093 0.0474
v 0.0065 -0.5592 -0.0595
v 0.0094 -0.5676 0.0474
v 0.0051 -0.5499 0.0475
v 0.0123 -0.5419 -0.0599
v 0.0131 -0.5312 -0.0605
v 0.0060 -0.5151 -0.0616
v 0.0020 -0.5271 0.0477
v 0.0131 -0.4978 -0.0617
v 0.0137 -0.4770 -0.0621
v 0.0194 -0.4634 -0.0620
v 0.0129 -0.4501 -0.0655
v 0.0143 -0.4346 -0.0687
v 0.0098 -0.3945 0.0534
v 0.0061 -0.3655 -0.0677
v 0.0093 -0.3732 0.0515
v 0.0215 -0.3604 -0.0649
v 0.0055 -0.3427 -0.0666
v 0.0048 -0.3168 0.0521
v 0.0042 -0.3000 0.0527
v 0.0135 -0.2476 -0.0653
v 0.0123 -0.2247 0.0562
v 0.0091 -0.2130 0.0578
v 0.0087 -0.1883 0.0595
v 0.0161 -0.1863 -0.0667
v 0.0119 -0.1629 -0.0672
v 0.0040 -0.1140 -0.0680
v 0.0191 -0.0956 -0.0651
v 0.0150 -0.0759 0.0649
v 0.0124 -0.0604 -0.0680
v 0.0058 -0.0740 0.0665
v 0.0058 -0.0668 0.0670
v 0.0027 -0.0542 0.0682
v 0.0090 -0.0441 -0.0689
v 0.0140 -0.0387 0.0682
v 0.0139 -0.0393 -0.0684
v 0.0066 -0.0215 0.0694
v 0.0141 -0.0165 -0.0686
v 0.0082 0.0002 0.0699
v 0.0203 0.0120 -0.0656
v 0.0003 0.0110 0.0692
v 0.0148 0.0107 0.0682
v 0.0073 0.0263 -0.0641
v 0.0091 0.0467 -0.0505
v 0.0134 0.0487 -0.0479
v 0.0092 0.0543 -0.0427
v 0.0111 0.0600 -0.0347
v 0.0091 0.0691 -0.0144
v 0.0162 0.0636 0.0268
v 0.0020 0.0715 -0.0004
v 0.0291 -0.8640 -0.0169
v 0.0160 -0.8713 0.0063
v 0.0112 -0.8658 0.0271
v 0.0162 -0.8596 -0.0328
v 0.0234 -0.8481 -0.0393
v 0.0187 -0.8408 -0.0450
v 0.0182 -0.8040 -0.0487
v 0.0136 -0.8037 0.0498
v 0.0194 -0.7964 -0.0486
v 0.0220 -0.7673 -0.0477
v 0.0290 -0.7167 -0.0467
v 0.0188 -0.7042 -0.0517
v 0.0131 -0.7220 0.0488
v 0.0155 -0.7001 -0.0527
v 0.0168 -0.6841 -0.0534
v 0.0171 -0.6760 -0.0537
v 0.0174 -0.6660 0.0487
v 0.0221 -0.6483 0.0468
v 0.0231 -0.6593 -0.0528
v 0.0134 -0.6402 0.0485
v 0.0226 -0.6262 -0.0534
v 0.0237 -0.6200 -0.0532
v 0.0142 -0.5968 0.0468
v 0.0133 -0.5855 0.0468
v 0.0150 -0.5693 -0.0575
v 0.0180 -0.5557 -0.0575
v 0.0267 -0.5483 -0.0552
v 0.0179 -0.5115 -0.0605
v 0.0174 -0.5235 0.0467
v 0.0130 -0.4899 0.0470
v 0.0204 -0.4825 -0.0605
v 0.0139 -0.4767 0.0471
v 0.0198 -0.4696 0.0456
v 0.0241 -0.4702 -0.0595
v 0.0128 -0.4500 0.0486
v 0.0180 -0.4440 0.0484
v 0.0220 -0.4392 -0.0653
v 0.0137 -0.4269 0.0521
v 0.0212 -0.3919 -0.0688
v 0.0182 -0.3898 0.0519
v 0.0208 -0.3899 -0.0689
v 0.0255 -0.3739 -0.0647
v 0.0087 -0.3606 0.0509
v 0.0124 -0.3380 0.0512
v 0.0248 -0.3230 -0.0625
v 0.0087 -0.3221 -0.0663
v 0.0182 -0.3028 -0.0639
v 0.0130 -0.2994 0.0521
v 0.0174 -0.2816 -0.0640
v 0.0159 -0.2856 0.0519
v 0.0125 -0.2664 0.0533
v 0.0140 -0.2576 0.0535
v 0.0222 -0.2544 -0.0627
v 0.0182 -0.2329 -0.0645
v 0.0293 -0.1731 -0.0627
v 0.0277 -0.1840 0.0555
v 0.0088 -0.1727 -0.0679
v 0.0216 -0.1654 -0.0649
v 0.0134 -0.1694 0.0601
v 0.0058 -0.1363 0.0629
v 0.0195 -0.1372 -0.0650
v 0.0172 -0.1055 -0.0655
v 0.0136 -0.1181 0.0624
v 0.0024 -0.1009 0.0653
v 0.0140 -0.0561 -0.0678
v 0.0182 -0.0618 -0.0663
v 0.0223 -0.0504 -0.0655
v 0.0151 -0.0358 0.0678
v 0.0277 -0.0266 -0.0642
v 0.0174 -0.0194 0.0681
v 0.0180 0.0025 0.0682
v 0.0223 0.0008 -0.0662
v 0.0216 0.0210 -0.0623
v 0.0092 0.0278 0.0634
v 0.0085 0.0365 -0.0585
v 0.0168 0.0416 -0.0526
v 0.0181 0.0439 0.0512
v 0.0139 0.0508 0.0465
v 0.0141 0.0599 0.0351
v 0.0216 0.0607 -0.0280
v 0.0146 0.0684 -0.0120
v 0.0177 0.0681 0.0108
v 0.0162 0.0691 0.0028
v 0.0328 -0.8644 -0.0095
v 0.0236 -0.8683 0.0114
v 0.0259 -0.8676 0.0105
v 0.0333 -0.8532 -0.0283
v 0.0242 -0.8606 0.0282
v 0.0250 -0.8507 -0.0366
v 0.0244 -0.8401 0.0439
v 0.0264 -0.8330 -0.0447
v 0.0250 -0.8331 0.0461
v 0.0375 -0.8223 -0.0402
v 0.0310 -0.8200 -0.0438
v 0.0251 -0.7940 0.0462
v 0.0223 -0.7717 0.0465
v 0.0198 -0.7399 -0.0491
v 0.0220 -0.7506 0.0463
v 0.0231 -0.7121 0.0464
v 0.0243 -0.6694 -0.0517
v 0.0250 -0.6842 -0.0507
v 0.0226 -0.6743 0.0472
v 0.0302 -0.6613 -0.0490
v 0.0231 -0.6351 0.0459
v 0.0255 -0.6309 -0.0525
v 0.0284 -0.6210 -0.0507
v 0.0179 -0.6072 -0.0554
v 0.0256 -0.6199 0.0442
v 0.0200 -0.5581 0.0459
v 0.0253 -0.5584 -0.0549
v 0.0217 -0.5410 0.0453
v 0.0257 -0.5311 0.0444
v 0.0217 -0.5136 -0.0592
v 0.0259 -0.5025 0.0442
v 0.0271 -0.5021 -0.0576
v 0.0307 -0.4962 -0.0559
v 0.0406 -0.4627 -0.0512
v 0.0150 -0.4560 0.0480
v 0.0232 -0.4258 -0.0675
v 0.0221 -0.4215 -0.0691
v 0.0203 -0.4158 0.0517
v 0.0132 -0.4141 0.0533
v 0.0209 -0.4009 0.0521
v 0.0363 -0.3953 -0.0630
v 0.0281 -0.3809 0.0480
v 0.0194 -0.3523 0.0494
v 0.0310 -0.3469 0.0452
v 0.0225 -0.3473 -0.0633
v 0.0167 -0.3174 0.0511
v 0.0251 -0.3140 -0.0620
v 0.0310 -0.3238 0.0459
v 0.0269 -0.2942 -0.0608
v 0.0311 -0.3056 0.0460
v 0.0208 -0.2714 -0.0633
v 0.0219 -0.2650 0.0510
v 0.0242 -0.2409 0.0519
v 0.0253 -0.2281 -0.0624
v 0.0285 -0.2176 -0.0616
v 0.0236 -0.2363 0.0526
v 0.0356 -0.1848 -0.0594
v 0.0210 -0.2097 0.0556
v 0.0218 -0.1955 0.0565
v 0.0189 -0.1594 0.0596
v 0.0199 -0.1452 0.0598
v 0.0224 -0.1373 0.0592
v 0.0291 -0.1058 -0.0608
v 0.0173 -0.0859 -0.0658
v 0.0250 -0.0822 0.0615
v 0.0304 -0.0371 -0.0627
v 0.0176 -0.0138 0.0683
v 0.0265 0.0220 0.0612
v 0.0243 0.0251 -0.0598
v 0.0134 0.0328 0.0606
v 0.0320 0.0334 0.0527
v 0.0270 0.0357 -0.0528
v 0.0269 0.0415 0.0494
v 0.0254 0.0478 -0.0435
v 0.0242 0.0505 0.0422
v 0.0291 0.0523 -0.0357
v 0.0257 0.0607 -0.0243
v 0.0383 0.0560 0.0219
v 0.0192 0.0683 -0.0058
v 0.0210 0.0679 0.0027
v 0.0335 0.0616 0.0130
v 0.0326 -0.8655 0.0039
v 0.0337 -0.8603 0.0190
v 0.0403 -0.8514 0.0250
v 0.0359 -0.8422 -0.0353
v 0.0348 -0.8059 -0.0409
v 0.0324 -0.8171 0.0435
v 0.0316 -0.7983 0.0431
v 0.0316 -0.7845 -0.0429
v 0.0304 -0.7825 0.0431
v 0.0344 -0.7537 -0.0412
v 0.0315 -0.7454 -0.0431
v 0.0263 -0.7514 0.0447
v 0.0316 -0.7446 -0.0433
v 0.0280 -0.7336 0.0438
v 0.0322 -0.7262 -0.0436
v 0.0310 -0.6979 0.0430
v 0.0356 -0.7023 -0.0432
v 0.0275 -0.6891 0.0456
v 0.0356 -0.6753 -0.0450
v 0.0316 -0.6757 0.0432
v 0.0371 -0.6776 0.0401
v 0.0342 -0.6589 -0.0468
v 0.0306 -0.6449 0.0429
v 0.0387 -0.6136 -0.0440
v 0.0279 -0.5938 -0.0517
v 0.0267 -0.6048 0.0431
v 0.0264 -0.5841 0.0429
v 0.0266 -0.5864 -0.0527
v 0.0369 -0.5785 -0.0467
v 0.0318 -0.5552 -0.0520
v 0.0366 -0.5350 -0.0508
v 0.0299 -0.5506 0.0417
v 0.0369 -0.5054 -0.0523
v 0.0295 -0.5170 0.0427
v 0.0446 -0.4972 0.0330
v 0.0282 -0.4972 0.0431
v 0.0377 -0.4977 -0.0518
v 0.0373 -0.4734 -0.0522
v 0.0287 -0.4593 0.0428
v 0.0340 -0.4375 -0.0603
v 0.0327 -0.4393 0.0438
v 0.0282 -0.4270 0.0476
v 0.0307 -0.4069 -0.0662
v 0.0482 -0.4038 -0.0544
v 0.0412 -0.3574 -0.0534
v 0.0321 -0.3520 -0.0591
v 0.0343 -0.3337 0.0442
v 0.0317 -0.3283 -0.0592
v 0.0403 -0.2789 -0.0524
v 0.0229 -0.2685 0.0508
v 0.0308 -0.2850 -0.0586
v 0.0307 -0.2639 -0.0587
v 0.0421 -0.2506 -0.0523
v 0.0351 -0.2472 -0.0567
v 0.0292 -0.2373 -0.0604
v 0.0288 -0.2263 0.0515
v 0.0409 -0.2255 -0.0539
v 0.0382 -0.2063 -0.0566
v 0.0323 -0.1943 0.0527
v 0.0332 -0.1823 -0.0605
v 0.0308 -0.1655 -0.0613
v 0.0358 -0.1658 -0.0583
v 0.0385 -0.1560 -0.0563
v 0.0306 -0.1368 -0.0605
v 0.0290 -0.1445 0.0564
v 0.0258 -0.1070 0.0594
v 0.0385 -0.1075 -0.0548
v 0.0249 -0.0959 0.0607
v 0.0285 -0.0911 0.0593
v 0.0337 -0.0938 -0.0584
v 0.0291 -0.0816 0.0599
v 0.0299 -0.0678 0.0608
v 0.0295 -0.0695 -0.0617
v 0.0439 -0.0786 -0.0519
v 0.0313 -0.0606 0.0607
v 0.0356 -0.0502 -0.0596
v 0.0270 -0.0143 0.0654
v 0.0360 0.0056 0.0614
v 0.0361 0.0279 -0.0520
v 0.0313 0.0440 -0.0434
v 0.0332 0.0524 -0.0320
v 0.0316 0.0521 0.0354
v 0.0254 0.0650 -0.0127
v 0.0410 -0.8491 0.0253
v 0.0292 -0.8489 0.0369
v 0.0404 -0.8369 -0.0336
v 0.0377 -0.8354 0.0381
v 0.0330 -0.8226 0.0443
v 0.0412 -0.8148 -0.0359
v 0.0445 -0.8271 0.0340
v 0.0426 -0.7860 -0.0339
v 0.0416 -0.7979 0.0354
v 0.0412 -0.7809 -0.0351
v 0.0458 -0.7837 -0.0303
v 0.0417 -0.7678 0.0337
v 0.0319 -0.7672 0.0426
v 0.0398 -0.7431 -0.0365
v 0.0370 -0.7502 0.0379
v 0.0413 -0.7406 -0.0350
v 0.0374 -0.7152 0.0383
v 0.0383 -0.7077 -0.0402
v 0.0423 -0.7013 -0.0368
v 0.0404 -0.7113 0.0354
v 0.0350 -0.6955 -0.0441
v 0.0433 -0.6792 -0.0376
v 0.0417 -0.6867 0.0353
v 0.0417 -0.6698 -0.0398
v 0.0432 -0.6538 -0.0390
v 0.0412 -0.6507 0.0356
v 0.0403 -0.6429 -0.0422
v 0.0414 -0.6217 -0.0415
v 0.0404 -0.6346 0.0355
v 0.0378 -0.6168 0.0371
v 0.0405 -0.5925 -0.0429
v 0.0408 -0.5947 -0.0428
v 0.0362 -0.5961 0.0372
v 0.0399 -0.5753 -0.0446
v 0.0382 -0.5866 0.0358
v 0.0449 -0.5690 -0.0401
v 0.0383 -0.5743 0.0359
v 0.0403 -0.5642 -0.0452
v 0.0405 -0.5514 0.0348
v 0.0361 -0.5279 -0.0518
v 0.0408 -0.5199 0.0356
v 0.0386 -0.4714 0.0362
v 0.0384 -0.4685 0.0365
v 0.0425 -0.4567 -0.0497
v 0.0365 -0.4486 0.0400
v 0.0401 -0.4453 -0.0541
v 0.0381 -0.4395 -0.0570
v 0.0465 -0.4270 -0.0532
v 0.0369 -0.4222 0.0440
v 0.0431 -0.4136 -0.0578
v 0.0377 -0.3845 -0.0600
v 0.0433 -0.3702 -0.0530
v 0.0384 -0.3748 0.0418
v 0.0420 -0.3544 -0.0522
v 0.0347 -0.3624 0.0430
v 0.0418 -0.3491 -0.0522
v 0.0431 -0.3447 -0.0511
v 0.0416 -0.3274 -0.0524
v 0.0383 -0.2974 0.0419
v 0.0416 -0.3123 -0.0520
v 0.0366 -0.3019 0.0430
v 0.0385 -0.2797 0.0421
v 0.0460 -0.2601 -0.0480
v 0.0366 -0.2687 0.0440
v 0.0397 -0.2366 -0.0540
v 0.0380 -0.2458 0.0447
v 0.0420 -0.2240 0.0439
v 0.0397 -0.2301 0.0448
v 0.0383 -0.2058 0.0482
v 0.0404 -0.1880 0.0483
v 0.0391 -0.1609 0.0504
v 0.0376 -0.1498 0.0516
v 0.0432 -0.1375 -0.0519
v 0.0312 -0.1097 -0.0597
v 0.0395 -0.1296 0.0508
v 0.0437 -0.1214 -0.0509
v 0.0391 -0.1093 0.0520
v 0.0433 -0.0811 0.0510
v 0.0440 -0.0778 0.0509
v 0.0362 -0.0508 0.0590
v 0.0357 -0.0540 -0.0591
v 0.0394 -0.0645 -0.0559
v 0.0322 -0.0486 0.0614
v 0.0368 -0.0318 -0.0599
v 0.0387 -0.0374 0.0584
v 0.0393 -0.0244 0.0588
v 0.0442 -0.0242 -0.0546
v 0.0371 -0.0125 0.0607
v 0.0448 -0.0088 -0.0542
v 0.0348 0.0048 -0.0604
v 0.0424 0.0173 -0.0526
v 0.0481 0.0271 -0.0426
v 0.0349 0.0410 0.0449
v 0.0435 0.0395 0.0390
v 0.0406 0.0393 -0.0405
v 0.0420 0.0492 -0.0266
v 0.0388 0.0508 0.0295
v 0.0414 0.0506 0.0265
v 0.0353 0.0588 -0.0162
v 0.0368 0.0596 -0.0092
v 0.0387 0.0591 -0.0042
v 0.0377 0.0589 0.0112
v 0.0475 -0.8491 -0.0107
v 0.0432 -0.8567 0.0047
v 0.0468 -0.8455 0.0196
v 0.0474 -0.8385 -0.0241
v 0.0458 -0.8346 0.0300
v 0.0506 -0.8269 -0.0234
v 0.0543 -0.8236 -0.0162
v 0.0511 -0.8054 -0.0228
v 0.0495 -0.8072 0.0259
v 0.0494 -0.7977 -0.0251
v 0.0487 -0.7761 0.0248
v 0.0483 -0.7589 0.0244
v 0.0438 -0.7600 0.0312
v 0.0471 -0.7486 -0.0271
v 0.0440 -0.7415 0.0309
v 0.0488 -0.7354 -0.0255
v 0.0441 -0.7307 0.0309
v 0.0515 -0.7171 -0.0210
v 0.0430 -0.7130 -0.0350
v 0.0492 -0.7054 -0.0270
v 0.0500 -0.7127 -0.0244
v 0.0484 -0.7183 0.0248
v 0.0496 -0.6859 0.0250
v 0.0467 -0.7017 0.0283
v 0.0504 -0.6848 -0.0277
v 0.0519 -0.6985 -0.0225
v 0.0494 -0.6768 -0.0296
v 0.0493 -0.6780 0.0258
v 0.0508 -0.6760 -0.0275
v 0.0493 -0.6600 0.0260
v 0.0484 -0.6582 -0.0323
v 0.0506 -0.6512 0.0239
v 0.0485 -0.6384 -0.0326
v 0.0487 -0.6197 0.0251
v 0.0501 -0.6174 -0.0306
v 0.0503 -0.6112 -0.0303
v 0.0486 -0.6143 0.0250
v 0.0484 -0.6074 0.0250
v 0.0514 -0.5908 0.0208
v 0.0489 -0.5885 -0.0335
v 0.0488 -0.5692 0.0250
v 0.0446 -0.5558 -0.0424
v 0.0496 -0.5400 0.0258
v 0.0473 -0.5335 -0.0411
v 0.0478 -0.5425 -0.0396
v 0.0470 -0.5417 0.0287
v 0.0483 -0.5293 -0.0408
v 0.0485 -0.5004 -0.0418
v 0.0494 -0.5012 0.0267
v 0.0473 -0.4947 -0.0430
v 0.0522 -0.4698 -0.0365
v 0.0466 -0.4745 0.0289
v 0.0471 -0.4493 0.0308
v 0.0453 -0.4467 -0.0494
v 0.0386 -0.4366 0.0409
v 0.0521 -0.4211 0.0313
v 0.0532 -0.4181 -0.0471
v 0.0424 -0.4146 0.0412
v 0.0458 -0.4027 0.0387
v 0.0409 -0.3882 0.0426
v 0.0533 -0.3795 -0.0440
v 0.0458 -0.3660 0.0348
v 0.0467 -0.3379 -0.0475
v 0.0478 -0.3356 0.0328
v 0.0478 -0.3314 0.0330
v 0.0510 -0.3196 -0.0425
v 0.0507 -0.3335 -0.0429
v 0.0430 -0.3205 0.0382
v 0.0508 -0.3045 -0.0424
v 0.0483 -0.3079 0.0329
v 0.0495 -0.2867 -0.0437
v 0.0493 -0.2867 0.0323
v 0.0463 -0.2729 -0.0480
v 0.0498 -0.2691 -0.0435
v 0.0483 -0.2700 0.0340
v 0.0486 -0.2668 0.0339
v 0.0445 -0.2470 0.0397
v 0.0497 -0.2387 0.0352
v 0.0454 -0.2363 -0.0494
v 0.0477 -0.2376 0.0372
v 0.0509 -0.2232 -0.0446
v 0.0489 -0.2220 -0.0468
v 0.0458 -0.2114 -0.0507
v 0.0518 -0.1889 0.0385
v 0.0482 -0.1820 -0.0492
v 0.0526 -0.1807 0.0379
v 0.0459 -0.1642 -0.0509
v 0.0505 -0.1459 -0.0451
v 0.0488 -0.1564 0.0425
v 0.0522 -0.1421 -0.0429
v 0.0488 -0.1244 0.0428
v 0.0494 -0.1076 0.0431
v 0.0462 -0.1151 -0.0484
v 0.0461 -0.0951 0.0475
v 0.0461 -0.0964 -0.0487
v 0.0484 -0.0830 0.0461
v 0.0492 -0.0464 -0.0489
v 0.0480 -0.0548 0.0497
v 0.0515 -0.0437 -0.0469
v 0.0490 -0.0251 0.0511
v 0.0456 0.0028 0.0549
v 0.0542 0.0120 -0.0439
v 0.0447 0.0087 0.0547
v 0.0508 0.0180 -0.0446
v 0.0413 0.0157 0.0556
v 0.0417 0.0236 0.0517
v 0.0490 0.0204 0.0466
v 0.0484 0.0394 -0.0315
v 0.0502 0.0342 0.0358
v 0.0499 0.0430 0.0255
v 0.0482 0.0474 -0.0196
v 0.0504 0.0486 -0.0108
v 0.0445 0.0552 0.0036
v 0.0482 0.0504 0.0122
v 0.0457 -0.8488 -0.0177
v 0.0505 -0.8466 -0.0042
v 0.0558 -0.8322 0.0003
v 0.0537 -0.8378 0.0127
v 0.0529 -0.8333 0.0163
v 0.0513 -0.8370 0.0177
v 0.0559 -0.8291 -0.0091
v 0.0569 -0.8196 0.0020
v 0.0510 -0.8215 0.0243
v 0.0545 -0.8086 0.0148
v 0.0528 -0.8130 0.0196
v 0.0567 -0.8070 -0.0005
v 0.0519 -0.7832 0.0190
v 0.0519 -0.7811 -0.0189
v 0.0548 -0.7889 0.0113
v 0.0520 -0.7603 -0.0178
v 0.0551 -0.7677 -0.0034
v 0.0543 -0.7608 0.0079
v 0.0525 -0.7455 -0.0158
v 0.0537 -0.7348 0.0115
v 0.0521 -0.7393 0.0162
v 0.0511 -0.7535 0.0185
v 0.0551 -0.7353 0.0030
v 0.0555 -0.7172 0.0034
v 0.0548 -0.7243 -0.0078
v 0.0534 -0.6988 0.0157
v 0.0547 -0.7041 -0.0122
v 0.0566 -0.6741 0.0054
v 0.0517 -0.7131 0.0188
v 0.0564 -0.6897 -0.0062
v 0.0536 -0.6895 0.0163
v 0.0540 -0.6751 -0.0195
v 0.0538 -0.6702 0.0167
v 0.0570 -0.6400 -0.0117
v 0.0574 -0.6747 -0.0033
v 0.0556 -0.6593 0.0116
v 0.0550 -0.6335 -0.0201
v 0.0574 -0.6466 0.0035
v 0.0570 -0.6373 -0.0120
v 0.0520 -0.6381 0.0215
v 0.0554 -0.6264 0.0116
v 0.0523 -0.6294 0.0191
v 0.0535 -0.6267 -0.0233
v 0.0580 -0.5884 -0.0044
v 0.0573 -0.6188 0.0028
v 0.0554 -0.6019 -0.0188
v 0.0554 -0.5935 0.0112
v 0.0462 -0.5913 0.0285
v 0.0578 -0.5889 -0.0072
v 0.0520 -0.5974 0.0188
v 0.0568 -0.5644 -0.0200
v 0.0582 -0.5818 -0.0059
v 0.0578 -0.5652 0.0053
v 0.0522 -0.5814 0.0189
v 0.0587 -0.5440 -0.0190
v 0.0578 -0.5563 -0.0177
v 0.0582 -0.5611 0.0042
v 0.0510 -0.5658 -0.0324
v 0.0577 -0.5294 0.0116
v 0.0531 -0.5503 0.0192
v 0.0580 -0.5364 -0.0219
v 0.0550 -0.5310 -0.0297
v 0.0581 -0.5235 0.0106
v 0.0537 -0.5336 0.0194
v 0.0573 -0.5300 -0.0245
v 0.0559 -0.5200 0.0160
v 0.0503 -0.5353 0.0252
v 0.0605 -0.5090 -0.0161
v 0.0524 -0.4841 -0.0358
v 0.0540 -0.5060 0.0195
v 0.0569 -0.5110 -0.0275
v 0.0468 -0.4939 0.0305
v 0.0566 -0.4757 0.0126
v 0.0546 -0.4772 0.0168
v 0.0568 -0.4656 0.0122
v 0.0583 -0.4588 0.0095
v 0.0518 -0.4597 -0.0383
v 0.0526 -0.4549 0.0229
v 0.0578 -0.4377 -0.0348
v 0.0532 -0.4423 0.0246
v 0.0599 -0.4255 -0.0353
v 0.0566 -0.4342 -0.0383
v 0.0582 -0.4134 0.0232
v 0.0532 -0.3966 -0.0472
v 0.0571 -0.3951 0.0246
v 0.0572 -0.3914 -0.0405
v 0.0587 -0.3906 0.0214
v 0.0569 -0.3579 0.0178
v 0.0493 -0.3738 0.0321
v 0.0511 -0.3586 -0.0426
v 0.0485 -0.3599 0.0314
v 0.0487 -0.3534 0.0310
v 0.0585 -0.3543 -0.0290
v 0.0521 -0.3496 0.0264
v 0.0572 -0.3326 -0.0322
v 0.0523 -0.3416 0.0265
v 0.0577 -0.3325 0.0182
v 0.0597 -0.3274 -0.0266
v 0.0575 -0.3111 0.0192
v 0.0567 -0.3124 -0.0331
v 0.0528 -0.3236 0.0268
v 0.0588 -0.3017 -0.0289
v 0.0580 -0.2872 0.0190
v 0.0582 -0.2970 -0.0304
v 0.0531 -0.2971 0.0267
v 0.0583 -0.2769 0.0189
v 0.0576 -0.2779 -0.0314
v 0.0560 -0.2691 0.0237
v 0.0582 -0.2717 -0.0308
v 0.0579 -0.2477 -0.0334
v 0.0563 -0.2548 0.0245
v 0.0497 -0.2160 0.0380
v 0.0516 -0.2287 0.0340
v 0.0600 -0.2248 0.0218
v 0.0524 -0.2106 -0.0435
v 0.0582 -0.2258 -0.0342
v 0.0576 -0.2193 0.0269
v 0.0527 -0.2136 0.0345
v 0.0607 -0.2013 -0.0326
v 0.0564 -0.2158 -0.0381
v 0.0588 -0.1788 -0.0356
v 0.0554 -0.1765 -0.0404
v 0.0520 -0.1714 0.0389
v 0.0559 -0.1400 -0.0375
v 0.0565 -0.1518 0.0328
v 0.0542 -0.1220 -0.0394
v 0.0596 -0.1322 -0.0308
v 0.0567 -0.1310 0.0327
v 0.0555 -0.1022 -0.0373
v 0.0589 -0.1125 -0.0316
v 0.0569 -0.1089 0.0330
v 0.0567 -0.0823 -0.0366
v 0.0579 -0.0748 0.0351
v 0.0583 -0.0677 -0.0352
v 0.0529 -0.0696 0.0425
v 0.0569 -0.0596 -0.0385
v 0.0570 -0.0618 0.0385
v 0.0566 -0.0451 0.0409
v 0.0581 -0.0340 -0.0390
v 0.0522 -0.0402 0.0472
v 0.0571 -0.0248 0.0420
v 0.0567 -0.0137 -0.0416
v 0.0568 -0.0010 -0.0420
v 0.0573 0.0038 0.0422
v 0.0578 0.0195 0.0369
v 0.0589 0.0256 -0.0298
v 0.0524 0.0194 0.0432
v 0.0588 0.0310 -0.0242
v 0.0506 0.0277 0.0407
v 0.0589 0.0331 -0.0205
v 0.0566 0.0356 0.0233
v 0.0582 0.0364 0.0178
v 0.0541 0.0436 -0.0110
v 0.0565 0.0421 -0.0073
v 0.0573 0.0412 0.0083
v 0.0584 -0.5667 -0.0108
v 0.0596 -0.5445 0.0000
v 0.0589 -0.5499 0.0027
v 0.0589 -0.5363 -0.0183
v 0.0610 -0.5184 -0.0049
v 0.0605 -0.5206 -0.0011
v 0.0597 -0.5256 0.0037
v 0.0604 -0.4854 -0.0131
v 0.0585 -0.5021 0.0099
v 0.0602 -0.4882 0.0002
v 0.0602 -0.4680 -0.0026
v 0.0599 -0.4768 -0.0004
v 0.0580 -0.4719 -0.0230
v 0.0608 -0.4605 -0.0057
v 0.0584 -0.4602 -0.0239
v 0.0592 -0.4537 0.0090
v 0.0635 -0.4386 -0.0147
v 0.0630 -0.4221 0.0113
v 0.0605 -0.4365 0.0123
v 0.0654 -0.4255 -0.0010
v 0.0585 -0.4314 0.0190
v 0.0597 -0.4136 -0.0372
v 0.0658 -0.4186 -0.0165
v 0.0654 -0.4253 -0.0158
v 0.0661 -0.4189 -0.0042
v 0.0655 -0.4068 0.0046
v 0.0655 -0.4052 -0.0212
v 0.0660 -0.4109 -0.0174
v 0.0603 -0.4054 0.0191
v 0.0616 -0.3959 -0.0320
v 0.0659 -0.3973 -0.0002
v 0.0636 -0.3925 0.0087
v 0.0658 -0.3898 -0.0084
v 0.0602 -0.3647 -0.0256
v 0.0646 -0.3850 -0.0165
v 0.0609 -0.3650 0.0080
v 0.0609 -0.3795 0.0126
v 0.0597 -0.3570 -0.0251
v 0.0625 -0.3559 -0.0058
v 0.0616 -0.3583 0.0038
v 0.0618 -0.3510 -0.0147
v 0.0612 -0.3475 0.0042
v 0.0630 -0.3194 -0.0021
v 0.0619 -0.3282 0.0043
v 0.0624 -0.2904 -0.0180
v 0.0628 -0.3160 -0.0122
v 0.0602 -0.3265 0.0115
v 0.0618 -0.3040 0.0069
v 0.0617 -0.2850 -0.0202
v 0.0634 -0.2949 -0.0040
v 0.0640 -0.2819 -0.0048
v 0.0618 -0.2994 0.0074
v 0.0635 -0.2597 -0.0153
v 0.0644 -0.2606 -0.0071
v 0.0630 -0.2604 0.0068
v 0.0593 -0.2758 0.0170
v 0.0606 -0.2473 0.0169
v 0.0592 -0.2614 0.0184
v 0.0636 -0.2543 -0.0161
v 0.0623 -0.2233 -0.0255
v 0.0654 -0.2371 -0.0038
v 0.0636 -0.2327 -0.0197
v 0.0651 -0.2228 0.0066
v 0.0660 -0.2160 0.0035
v 0.0637 -0.2226 0.0123
v 0.0620 -0.2095 -0.0278
v 0.0660 -0.2264 -0.0090
v 0.0657 -0.2009 0.0093
v 0.0661 -0.2136 -0.0127
v 0.0610 -0.1975 0.0232
v 0.0649 -0.1984 -0.0206
v 0.0656 -0.2096 -0.0165
v 0.0592 -0.2012 0.0263
v 0.0652 -0.1749 0.0136
v 0.0657 -0.1774 -0.0175
v 0.0659 -0.1713 0.0103
v 0.0599 -0.1781 0.0266
v 0.0644 -0.1458 -0.0193
v 0.0659 -0.1631 0.0100
v 0.0583 -0.1778 0.0299
v 0.0657 -0.1661 -0.0166
v 0.0594 -0.1668 -0.0339
v 0.0660 -0.1461 0.0073
v 0.0615 -0.1356 0.0232
v 0.0599 -0.1445 0.0268
v 0.0662 -0.1498 -0.0113
v 0.0661 -0.1219 -0.0077
v 0.0662 -0.1334 -0.0075
v 0.0657 -0.1342 0.0086
v 0.0583 -0.1270 0.0302
v 0.0647 -0.1084 -0.0161
v 0.0656 -0.1160 0.0085
v 0.0614 -0.1145 0.0239
v 0.0658 -0.0901 -0.0124
v 0.0649 -0.0884 -0.0173
v 0.0661 -0.1026 -0.0084
v 0.0659 -0.0951 0.0097
v 0.0570 -0.0843 0.0356
v 0.0658 -0.0764 0.0153
v 0.0619 -0.0961 0.0240
v 0.0648 -0.0738 -0.0197
v 0.0615 -0.0777 0.0275
v 0.0630 -0.0571 0.0280
v 0.0640 -0.0612 -0.0239
v 0.0660 -0.0687 -0.0162
v 0.0655 -0.0473 0.0235
v 0.0631 -0.0357 -0.0299
v 0.0668 -0.0596 -0.0154
v 0.0661 -0.0375 -0.0226
v 0.0658 -0.0449 -0.0220
v 0.0603 -0.0474 0.0348
v 0.0661 -0.0338 0.0239
v 0.0643 -0.0329 0.0287
v 0.0663 -0.0113 0.0262
v 0.0612 -0.0296 0.0351
v 0.0626 -0.0108 -0.0323
v 0.0655 -0.0145 -0.0263
v 0.0635 -0.0155 0.0321
v 0.0615 -0.0216 0.0352
v 0.0645 -0.0086 -0.0292
v 0.0662 -0.0024 0.0271
v 0.0555 -0.0065 0.0454
v 0.0611 0.0111 -0.0334
v 0.0653 0.0039 0.0286
v 0.0661 0.0059 -0.0248
v 0.0609 0.0113 0.0346
v 0.0609 0.0211 -0.0279
v 0.0662 0.0174 -0.0187
v 0.0659 0.0154 0.0224
v 0.0662 0.0197 0.0174
v 0.0613 0.0192 0.0299
v 0.0659 0.0230 -0.0126
v 0.0646 0.0287 -0.0067
v 0.0648 0.0284 0.0083
v 0.0613 0.0317 0.0161
v 0.0601 0.0257 0.0273
v 0.0610 0.0355 -0.0039
v 0.0662 -0.4172 -0.0109
v 0.0665 -0.4046 -0.0096
v 0.0663 -0.4047 -0.0058
v 0.0661 -0.2232 -0.0063
v 0.0663 -0.2133 0.0016
v 0.0669 -0.1983 -0.0041
v 0.0666 -0.2026 0.0025
v 0.0668 -0.1857 -0.0109
v 0.0668 -0.1898 0.0030
v 0.0672 -0.1860 -0.0042
v 0.0668 -0.1818 0.0032
v 0.0668 -0.1715 -0.0116
v 0.0670 -0.1718 -0.0040
v 0.0668 -0.1658 0.0032
v 0.0665 -0.1418 -0.0004
v 0.0666 -0.1579 0.0030
v 0.0664 -0.1418 0.0026
v 0.0663 -0.1218 0.0006
v 0.0663 -0.1338 0.0024
v 0.0662 -0.1179 0.0021
v 0.0663 -0.1057 -0.0027
v 0.0663 -0.1070 0.0021
v 0.0665 -0.0927 0.0039
v 0.0671 -0.0843 0.0034
v 0.0671 -0.0766 0.0077
v 0.0667 -0.0777 0.0104
v 0.0666 -0.0786 -0.0105
v 0.0683 -0.0598 -0.0043
v 0.0680 -0.0674 0.0014
v 0.0673 -0.0523 0.0161
v 0.0667 -0.0531 0.0181
v 0.0675 -0.0485 -0.0154
v 0.0694 -0.0399 -0.0063
v 0.0697 -0.0364 0.0065
v 0.0702 -0.0273 0.0041
v 0.0701 -0.0280 -0.0042
v 0.0687 -0.0285 0.0158
v 0.0677 -0.0296 0.0193
v 0.0668 -0.0305 -0.0215
v 0.0696 -0.0138 -0.0122
v 0.0696 -0.0195 0.0122
v 0.0700 0.0050 -0.0129
v 0.0713 -0.0012 -0.0015
v 0.0709 0.0065 0.0082
v 0.0698 0.0074 -0.0124
v 0.0711 0.0066 -0.0005
v 0.0696 -0.0061 0.0153
v 0.0682 0.0025 0.0201
v 0.0680 0.0158 -0.0122
v 0.0672 0.0232 -0.0013
v 0.0681 0.0197 0.0043
v 0.0689 0.0139 0.0116
vn -0.9936 -0.0754 0.0836
vn -0.9965 -0.0500 -0.0668
vn -0.9888 -0.0535 0.1395
vn -0.9847 -0.0667 0.1607
vn -0.9792 -0.0845 -0.1843
vn -0.9483 -0.0518 -0.3131
vn -0.9978 -0.0556 0.0346
vn -0.9554 -0.0705 0.2867
vn -0.9997 -0.0096 -0.0219
vn -0.9652 -0.0224 0.2605
vn -0.9857 -0.0292 -0.1661
vn -0.9859 -0.0550 0.1579
vn -0.9540 -0.0626 -0.2933
vn -0.9789 -0.0099 -0.2042
vn -0.9928 -0.0121 0.1195
vn -0.9697 -0.0272 0.2427
vn -0.9363 -0.0045 -0.3511
vn -0.9982 -0.0267 0.0544
vn -0.9959 -0.0227 -0.0880
vn -0.9394 -0.0253 0.3418
vn -0.9685 -0.0144 -0.2484
vn -0.9969 0.0013 -0.0781
vn -0.9877 -0.0372 0.1518
vn -0.9622 -0.0249 0.2714
vn -0.9700 0.2270 0.0870
vn -0.9594 -0.0206 -0.2813
vn -0.9835 0.1792 0.0233
vn -0.8660 -0.0570 -0.4968
vn -0.9318 -0.0552 -0.3588
vn -0.9953 0.0784 0.0562
vn -0.9968 -0.0534 0.0595
vn -0.9250 -0.0902 0.3691
vn -0.9454 -0.0550 -0.3213
vn -0.9959 -0.0466 -0.0770
vn -0.9181 -0.0421 0.3942
vn -0.9797 0.0504 0.1940
vn -0.8881 0.1881 -0.4194
vn -0.9986 0.0121 -0.0506
vn -0.9767 0.0856 0.1969
vn -0.9397 0.0520 -0.3381
vn -0.8714 0.3295 -0.3634
vn -0.9740 0.2265 -0.0038
vn -0.9295 0.3194 -0.1847
vn -0.9056 0.3679 0.2111
vn -0.9689 -0.1783 -0.1715
vn -0.9739 -0.1896 0.1247
vn -0.9698 -0.1665 0.1780
vn -0.9867 0.1231 0.1063
vn -0.9670 -0.0598 -0.2476
vn -0.9994 -0.0309 0.0131
vn -0.8685 0.0307 0.4947
vn -0.9474 0.0338 -0.3183
vn -0.9812 0.0428 0.1881
vn -0.9716 0.1470 -0.1854
vn -0.9948 0.0853 -0.0563
vn -0.9156 0.0839 0.3932
vn -0.9424 0.1411 -0.3032
vn -0.9761 0.1832 -0.1170
vn -0.9897 0.1290 0.0615
vn -0.9916 -0.0937 0.0894
vn -0.9857 -0.0921 -0.1411
vn -0.9746 -0.1401 0.1750
vn -0.9663 -0.1008 -0.2367
vn -0.9951 -0.0992 0.0021
vn -0.9602 -0.1195 0.2526
vn -0.9147 -0.0862 -0.3948
vn -0.9336 -0.0714 -0.3512
vn -0.9907 -0.0713 -0.1156
vn -0.9948 -0.0967 -0.0306
vn -0.9880 -0.0694 0.1382
vn -0.9204 -0.0901 0.3805
vn -0.9190 -0.0809 -0.3858
vn -0.9412 -0.0775 0.3288
vn -0.9984 -0.0267 0.0503
vn -0.9456 -0.0616 -0.3194
vn -0.9126 -0.0088 -0.4087
vn -0.9947 -0.0186 -0.1013
vn -0.9846 -0.0342 0.1712
vn -0.9849 -0.0136 0.1724
vn -0.9857 -0.0008 0.1685
vn -0.9286 -0.0022 -0.3711
vn -0.9963 -0.0024 -0.0863
vn -0.9181 -0.0142 0.3961
vn -0.9201 0.0065 -0.3916
vn -0.9154 -0.0137 -0.4023
vn -0.9512 -0.0165 0.3081
vn -0.8750 -0.0505 0.4814
vn -0.9986 0.0095 0.0522
vn -0.9475 -0.0530 -0.3153
vn -0.9867 -0.0026 -0.1625
vn -0.9243 -0.2192 0.3126
vn -0.9106 -0.0548 -0.4097
vn -0.9971 -0.0656 -0.0375
vn -0.8289 -0.1459 -0.5400
vn -0.9785 -0.0562 -0.1985
vn -0.9782 -0.0604 0.1987
vn -0.9041 -0.0711 0.4215
vn -0.9740 -0.0559 -0.2195
vn -0.8858 -0.0865 0.4559
vn -0.9492 -0.0759 0.3054
vn -0.8686 -0.0499 -0.4930
vn -0.8713 -0.0457 -0.4887
vn -0.9422 -0.0721 0.3273
vn -0.9485 -0.0596 -0.3112
vn -0.8305 0.0179 0.5567
vn -0.8821 -0.0687 0.4660
vn -0.9234 -0.0099 -0.3836
vn -0.8549 -0.0387 -0.5174
vn -0.8226 -0.0525 0.5662
vn -0.9262 -0.0452 0.3743
vn -0.8867 -0.0787 0.4556
vn -0.8707 -0.0424 -0.4899
vn -0.8279 -0.0231 0.5604
vn -0.8780 -0.0114 -0.4786
vn -0.9181 -0.2881 -0.2723
vn -0.8872 -0.0324 0.4603
vn -0.8853 -0.0311 0.4640
vn -0.9082 -0.0227 -0.4179
vn -0.8884 -0.0496 0.4564
vn -0.7910 -0.0299 -0.6110
vn -0.8746 -0.0216 -0.4844
vn -0.8527 -0.0734 0.5172
vn -0.8877 -0.0400 0.4588
vn -0.8683 -0.0316 -0.4950
vn -0.8167 -0.0433 0.5754
vn -0.7238 0.0661 -0.6868
vn -0.7994 -0.0194 -0.6005
vn -0.7948 0.2127 -0.5684
vn -0.8018 0.1447 0.5798
vn -0.9088 0.2474 0.3360
vn -0.8511 0.2811 0.4433
vn -0.8392 0.4675 0.2778
vn -0.7805 0.3793 -0.4970
vn -0.7809 0.4647 -0.4175
vn -0.7773 0.4631 0.4258
vn -0.7297 0.5842 -0.3553
vn -0.7794 0.6064 -0.1576
vn -0.8477 0.5303 0.0137
vn -0.7273 0.6517 0.2151
vn -0.9974 -0.0717 -0.0062
vn -0.9940 -0.0443 0.1003
vn -0.9961 -0.0231 -0.0853
vn -0.9880 -0.0092 0.1543
vn -0.9885 -0.0051 0.1511
vn -0.9930 0.0074 -0.1181
vn -0.9894 0.0325 -0.1416
vn -0.9969 0.0301 0.0728
vn -0.9902 -0.0719 -0.1195
vn -0.9888 -0.0913 0.1178
vn -0.9435 -0.0851 -0.3202
vn -0.9744 -0.0560 0.2179
vn -0.9972 -0.0627 -0.0406
vn -0.9725 -0.0390 0.2296
vn -0.9516 -0.0675 -0.2999
vn -0.9998 -0.0070 -0.0168
vn -0.9301 -0.0360 0.3656
vn -0.9604 -0.1165 0.2531
vn -0.9651 -0.0421 -0.2585
vn -0.9149 -0.0685 -0.3979
vn -0.9858 -0.0136 0.1673
vn -0.9274 0.0111 0.3739
vn -0.9892 -0.0338 -0.1425
vn -0.9267 0.0041 -0.3757
vn -0.9662 0.0160 -0.2574
vn -0.9919 0.0112 -0.1264
vn -0.9944 0.0099 0.1051
vn -0.9515 0.0295 0.3064
vn -0.9478 0.0276 0.3178
vn -0.9609 0.0096 -0.2766
vn -0.9952 0.0136 -0.0972
vn -0.9532 -0.0044 -0.3022
vn -1.0000 0.0004 -0.0010
vn -0.9934 -0.0225 0.1123
vn -0.9694 -0.0427 -0.2419
vn -0.7736 -0.0291 -0.6330
vn -0.9142 -0.1481 -0.3772
vn -0.9803 -0.0480 0.1915
vn -0.9904 -0.1338 -0.0353
vn -0.9931 -0.1118 0.0341
vn -0.8437 -0.1955 -0.4998
vn -0.9178 -0.2013 -0.3422
vn -0.9232 -0.2626 -0.2808
vn -0.8190 -0.1968 -0.5390
vn -0.9196 -0.1047 0.3787
vn -0.8294 -0.2230 0.5122
vn -0.9265 -0.1301 -0.3532
vn -0.9381 -0.0801 0.3370
vn -0.8461 -0.1165 -0.5202
vn -0.9119 -0.0311 -0.4091
vn -0.8313 0.0136 0.5556
vn -0.8317 0.0135 -0.5551
vn -0.8395 0.1093 -0.5322
vn -0.8022 0.1623 -0.5745
vn -0.8760 0.1626 -0.4541
vn -0.8748 0.3780 0.3031
vn -0.9103 0.1923 0.3666
vn -0.9148 0.1740 -0.3645
vn -0.9671 0.1325 0.2172
vn -0.8644 0.0996 0.4928
vn -0.8507 0.3001 -0.4316
vn -0.9573 0.0992 -0.2717
vn -0.9321 0.0414 0.3599
vn -0.9973 0.0343 -0.0647
vn -0.9012 -0.0300 -0.4323
vn -0.9839 0.0057 0.1787
vn -0.9833 -0.0378 -0.1783
vn -0.9975 -0.0641 0.0309
vn -0.8783 -0.0430 0.4761
vn -0.9596 -0.0874 -0.2674
vn -0.9459 -0.0938 0.3105
vn -0.9503 0.1479 -0.2739
vn -0.8447 -0.0722 0.5303
vn -0.8383 -0.0756 -0.5399
vn -0.8974 -0.0852 -0.4328
vn -0.9185 -0.1022 0.3820
vn -0.8178 -0.0941 0.5678
vn -0.8083 -0.0666 -0.5850
vn -0.7944 -0.0457 -0.6057
vn -0.8537 -0.0298 -0.5200
vn -0.8391 -0.0686 0.5396
vn -0.7581 -0.0370 -0.6511
vn -0.8071 -0.0389 0.5892
vn -0.9011 -0.0250 0.4330
vn -0.8357 -0.0060 0.5491
vn -0.7938 -0.0397 -0.6069
vn -0.8645 0.0039 -0.5026
vn -0.7438 0.0125 -0.6683
vn -0.8660 0.0065 0.5000
vn -0.8205 -0.0235 0.5711
vn -0.8405 0.0063 -0.5418
vn -0.7882 -0.0002 -0.6154
vn -0.9037 -0.0577 0.4244
vn -0.7694 -0.0111 -0.6386
vn -0.8545 -0.0182 -0.5192
vn -0.7063 -0.0708 0.7044
vn -0.7892 -0.1879 0.5846
vn -0.7783 -0.0877 0.6217
vn -0.7759 -0.0754 0.6264
vn -0.7642 -0.0510 -0.6429
vn -0.7445 -0.0278 -0.6670
vn -0.7026 -0.0866 0.7063
vn -0.8540 -0.0629 0.5165
vn -0.7484 -0.0657 0.6599
vn -0.7702 -0.0813 0.6326
vn -0.7418 -0.0108 -0.6705
vn -0.8108 0.0169 0.5851
vn -0.7557 0.0013 -0.6549
vn -0.7083 -0.0309 0.7052
vn -0.7369 0.0087 -0.6759
vn -0.6824 0.0434 0.7297
vn -0.7707 -0.0292 -0.6366
vn -0.7454 -0.0338 0.6658
vn -0.6924 -0.0497 -0.7198
vn -0.6775 0.4500 0.5818
vn -0.6125 0.0497 -0.7889
vn -0.7231 0.0055 0.6907
vn -0.6215 0.2092 -0.7549
vn -0.7528 0.3706 0.5440
vn -0.6603 0.3859 0.6443
vn -0.6736 0.4130 -0.6129
vn -0.6215 0.6264 -0.4705
vn -0.6679 0.7183 -0.1948
vn -0.6902 0.5869 0.4233
vn -0.4130 0.9098 0.0404
vn -0.6729 0.7397 0.0078
vn -0.8934 -0.4375 -0.1022
vn -0.9009 -0.4088 0.1459
vn -0.8293 -0.4741 0.2958
vn -0.8751 -0.3365 -0.3477
vn -0.8660 -0.3333 0.3728
vn -0.8219 -0.3913 0.4140
vn -0.8967 -0.1059 -0.4298
vn -0.8696 -0.0373 0.4923
vn -0.9840 -0.1462 -0.1022
vn -0.9740 -0.1081 0.1988
vn -0.8169 -0.0464 -0.5750
vn -0.9805 -0.0033 0.1964
vn -0.9934 -0.0424 -0.1065
vn -0.9737 -0.0349 -0.2252
vn -0.9667 -0.0321 0.2537
vn -0.8470 -0.0338 -0.5306
vn -0.9554 -0.0272 -0.2941
vn -0.9482 -0.0039 -0.3175
vn -0.8453 -0.0212 -0.5339
vn -0.9831 -0.0195 -0.1820
vn -0.8885 -0.0047 0.4588
vn -0.8156 0.0109 0.5785
vn -0.8913 0.0078 -0.4533
vn -0.8939 0.0104 0.4481
vn -0.9313 0.0144 0.3640
vn -0.9616 -0.0124 -0.2740
vn -0.9485 0.0381 0.3144
vn -0.8662 0.0208 -0.4993
vn -0.9924 0.0327 0.1184
vn -0.9323 0.3378 -0.1289
vn -0.9114 0.0247 0.4108
vn -0.9591 0.0100 0.2829
vn -0.8941 0.0045 -0.4479
vn -0.9953 -0.0302 -0.0915
vn -0.9817 0.0761 0.1747
vn -0.8764 -0.0224 -0.4810
vn -0.9551 -0.0231 -0.2954
vn -0.9876 -0.0295 -0.1541
vn -0.8856 -0.0248 0.4639
vn -0.9969 -0.0781 0.0108
vn -0.9838 -0.0424 0.1739
vn -0.9802 -0.0523 -0.1909
vn -0.7985 -0.1006 -0.5935
vn -0.8965 -0.0463 -0.4406
vn -0.9814 -0.0423 0.1870
vn -0.9217 -0.0329 0.3864
vn -0.8521 -0.0805 -0.5171
vn -0.8337 -0.0312 0.5514
vn -0.9473 -0.0772 -0.3110
vn -0.7687 -0.0796 -0.6347
vn -0.9078 -0.0500 0.4164
vn -0.8188 -0.0603 -0.5709
vn -0.8418 -0.0324 0.5389
vn -0.6924 -0.0347 -0.7207
vn -0.8719 -0.1102 -0.4772
vn -0.8143 -0.0068 0.5804
vn -0.8924 0.0177 0.4509
vn -0.8290 -0.0500 -0.5570
vn -0.7813 0.0671 -0.6205
vn -0.8642 -0.1278 -0.4866
vn -0.8474 0.0227 0.5305
vn -0.8092 -0.0078 -0.5875
vn -0.9048 0.0584 -0.4217
vn -0.8341 0.0253 0.5510
vn -0.9482 -0.0037 0.3177
vn -0.8365 0.0118 0.5478
vn -0.8068 -0.0166 0.5905
vn -0.8191 -0.0321 -0.5728
vn -0.8687 -0.0372 0.4939
vn -0.9159 0.1390 0.3767
vn -0.7646 -0.1044 -0.6359
vn -0.9006 -0.1784 0.3964
vn -0.7630 -0.1838 -0.6198
vn -0.7700 -0.1864 0.6102
vn -0.6590 -0.4751 0.5831
vn -0.6893 -0.2019 -0.6958
vn -0.6276 -0.1542 -0.7631
vn -0.5999 -0.0841 -0.7957
vn -0.6660 -0.0211 -0.7456
vn -0.7949 -0.0729 0.6023
vn -0.7338 0.0835 -0.6743
vn -0.7668 0.1086 0.6327
vn -0.7079 0.2051 -0.6759
vn -0.8011 0.1261 0.5851
vn -0.7533 0.0785 0.6530
vn -0.7684 -0.0477 -0.6382
vn -0.8615 0.0321 0.5067
vn -0.6942 -0.0105 0.7197
vn -0.8831 -0.0794 0.4625
vn -0.7921 -0.0542 0.6080
vn -0.8189 -0.0797 -0.5683
vn -0.7609 -0.0545 -0.6466
vn -0.7311 -0.0670 -0.6790
vn -0.7332 -0.1166 0.6700
vn -0.6837 -0.1017 0.7226
vn -0.6558 -0.0631 -0.7523
vn -0.7655 -0.0660 0.6401
vn -0.6951 -0.0283 -0.7184
vn -0.5958 -0.0369 -0.8023
vn -0.7051 -0.0309 0.7084
vn -0.6040 -0.0186 -0.7968
vn -0.4381 -0.5344 0.7228
vn -0.6788 -0.0141 -0.7342
vn -0.7062 0.0454 -0.7065
vn -0.7537 -0.0337 0.6563
vn -0.6929 -0.0232 0.7207
vn -0.6099 0.0017 -0.7925
vn -0.6454 -0.0093 -0.7638
vn -0.7569 -0.0353 0.6525
vn -0.6916 -0.0064 -0.7223
vn -0.7969 -0.0357 0.6031
vn -0.5992 -0.0203 -0.8004
vn -0.7138 -0.0440 -0.6989
vn -0.5950 -0.0890 0.7988
vn -0.6188 -0.0473 -0.7841
vn -0.7722 -0.0525 -0.6332
vn -0.5627 -0.0807 0.8227
vn -0.6352 -0.0443 -0.7711
vn -0.6616 -0.0866 0.7449
vn -0.5687 -0.0153 -0.8224
vn -0.6591 -0.0748 0.7483
vn -0.5505 -0.0012 -0.8348
vn -0.6927 -0.0235 0.7209
vn -0.6236 -0.0012 -0.7817
vn -0.6430 0.0040 -0.7659
vn -0.6128 -0.0228 0.7899
vn -0.6774 -0.0637 -0.7328
vn -0.6700 -0.0576 0.7401
vn -0.6073 -0.0628 -0.7920
vn -0.8146 0.2242 0.5349
vn -0.4392 0.0541 -0.8968
vn -0.5902 0.1438 0.7943
vn -0.5465 0.5653 -0.6178
vn -0.6347 0.5263 0.5658
vn -0.4514 0.7442 -0.4923
vn -0.4954 0.6768 0.5446
vn -0.5580 0.7816 -0.2788
vn -0.5510 0.8286 0.0992
vn -0.5478 0.7338 0.4018
vn -0.7295 -0.6226 -0.2834
vn -0.7636 -0.6450 0.0294
vn -0.7496 -0.5319 0.3940
vn -0.6877 -0.5044 -0.5222
vn -0.8130 -0.2098 -0.5431
vn -0.7004 -0.1964 -0.6862
vn -0.8402 -0.2636 0.4738
vn -0.7322 -0.0563 -0.6788
vn -0.7106 -0.0439 -0.7022
vn -0.7526 0.0393 0.6573
vn -0.6932 -0.0376 -0.7197
vn -0.8645 -0.0228 0.5021
vn -0.6135 -0.0012 0.7897
vn -0.6952 -0.0297 -0.7182
vn -0.7507 -0.0161 0.6604
vn -0.6638 -0.0088 0.7479
vn -0.7165 -0.0121 -0.6975
vn -0.7262 0.0073 0.6874
vn -0.7279 0.0335 0.6849
vn -0.8196 0.0229 0.5725
vn -0.7614 0.0212 0.6480
vn -0.6702 0.4854 -0.5615
vn -0.7576 0.0332 0.6519
vn -0.7720 -0.0255 -0.6351
vn -0.8458 0.0245 0.5329
vn -0.7810 -0.0153 -0.6243
vn -0.7539 0.0061 -0.6570
vn -0.7334 0.0077 0.6797
vn -0.6616 -0.0290 -0.7493
vn -0.8243 0.0031 0.5662
vn -0.7859 -0.0551 -0.6159
vn -0.6677 -0.0216 0.7442
vn -0.7216 -0.0699 -0.6887
vn -0.8048 -0.0381 0.5923
vn -0.6733 -0.0647 -0.7365
vn -0.7113 -0.0176 0.7026
vn -0.6015 -0.0585 -0.7967
vn -0.6558 -0.0418 -0.7538
vn -0.6273 -0.0019 0.7788
vn -0.6775 0.0351 0.7347
vn -0.7834 0.0188 0.6213
vn -0.6685 -0.0068 -0.7436
vn -0.6800 0.0243 0.7328
vn -0.6900 -0.0103 -0.7237
vn -0.7421 0.0658 0.6671
vn -0.6944 -0.0220 -0.7193
vn -0.6702 -0.0378 -0.7412
vn -0.7062 0.0059 0.7080
vn -0.6677 -0.0605 -0.7419
vn -0.8575 0.0184 0.5142
vn -0.5157 -0.0865 -0.8524
vn -0.6977 -0.0014 0.7164
vn -0.6431 -0.2107 -0.7362
vn -0.5544 -0.2403 -0.7968
vn -0.5103 -0.1951 -0.8376
vn -0.6548 -0.1346 0.7437
vn -0.5174 -0.0280 0.8553
vn -0.5889 0.0676 -0.8054
vn -0.5979 0.1614 -0.7852
vn -0.6856 0.1202 0.7180
vn -0.5256 0.2115 -0.8240
vn -0.6689 0.1091 -0.7353
vn -0.5424 0.0862 -0.8357
vn -0.7056 -0.0418 -0.7073
vn -0.5431 -0.0408 -0.8387
vn -0.7225 -0.0809 0.6866
vn -0.6154 -0.0658 0.7854
vn -0.5371 -0.0827 -0.8395
vn -0.6679 -0.0494 -0.7426
vn -0.5925 -0.0772 0.8019
vn -0.6099 -0.0586 -0.7903
vn -0.5213 -0.0506 -0.8519
vn -0.6019 -0.0776 0.7948
vn -0.4243 -0.0219 -0.9053
vn -0.6359 -0.0628 0.7692
vn -0.5779 -0.0407 0.8151
vn -0.6157 -0.0425 0.7869
vn -0.5975 -0.0376 0.8010
vn -0.4865 -0.0623 0.8715
vn -0.5404 0.0100 -0.8414
vn -0.4299 -0.0084 -0.9028
vn -0.6100 -0.1325 0.7812
vn -0.5689 0.0155 0.8222
vn -0.4935 -0.0397 -0.8689
vn -0.4323 -0.0559 -0.9000
vn -0.5061 -0.0896 0.8578
vn -0.5072 -0.0129 -0.8617
vn -0.4125 -0.0921 0.9063
vn -0.4693 -0.0369 -0.8823
vn -0.5868 -0.1753 0.7906
vn -0.3466 -0.0138 -0.9379
vn -0.5620 -0.0759 0.8237
vn -0.5465 -0.0489 0.8360
vn -0.4350 -0.0082 -0.9004
vn -0.5588 -0.0319 0.8287
vn -0.4743 0.0034 -0.8803
vn -0.4153 0.0092 -0.9096
vn -0.5563 -0.0430 0.8299
vn -0.4846 -0.0523 0.8732
vn -0.5413 0.0020 -0.8408
vn -0.4750 -0.0301 -0.8795
vn -0.6020 -0.0982 0.7924
vn -0.5920 -0.0307 0.8054
vn -0.5125 0.1428 0.8467
vn -0.4619 0.2525 -0.8502
vn -0.4425 0.2026 0.8736
vn -0.3045 0.2925 -0.9065
vn -0.4605 0.4285 -0.7774
vn -0.4697 0.4137 0.7799
vn -0.4895 0.6279 0.6051
vn -0.4447 0.5273 0.7240
vn -0.4029 0.6113 -0.6811
vn -0.3690 0.6639 0.6505
vn -0.4563 0.8617 -0.2221
vn -0.3603 0.7257 0.5861
vn -0.4105 0.9094 -0.0668
vn -0.4583 0.8557 0.2403
vn -0.5021 -0.8310 -0.2395
vn -0.6039 -0.7968 -0.0206
vn -0.5225 -0.8324 0.1848
vn -0.5180 -0.6791 -0.5201
vn -0.5913 -0.7324 0.3377
vn -0.6859 -0.4867 0.5409
vn -0.5474 -0.4421 -0.7106
vn -0.5375 -0.2941 -0.7903
vn -0.6963 -0.1841 0.6937
vn -0.6870 -0.1284 0.7152
vn -0.5817 -0.0529 -0.8117
vn -0.5415 -0.0530 -0.8391
vn -0.6276 -0.0139 0.7784
vn -0.6042 -0.0090 0.7968
vn -0.5362 -0.2174 0.8156
vn -0.5502 -0.0368 -0.8342
vn -0.5646 0.0048 0.8254
vn -0.5519 0.0071 0.8339
vn -0.6260 0.0232 0.7795
vn -0.5068 -0.0242 -0.8617
vn -0.6402 0.0011 -0.7682
vn -0.4294 -0.0090 -0.9031
vn -0.4564 0.0053 0.8897
vn -0.6566 0.0032 -0.7542
vn -0.4432 -0.0422 -0.8955
vn -0.6772 0.0218 0.7355
vn -0.5935 -0.0055 0.8048
vn -0.5867 -0.0578 -0.8077
vn -0.5562 -0.0133 0.8310
vn -0.7190 -0.0215 0.6947
vn -0.5566 -0.0705 -0.8278
vn -0.6135 -0.0084 0.7896
vn -0.5741 0.2205 0.7886
vn -0.4395 -0.0032 0.8983
vn -0.4629 -0.0541 -0.8848
vn -0.4841 -0.0275 -0.8746
vn -0.5542 0.0162 0.8322
vn -0.5470 0.0189 0.8369
vn -0.5565 -0.0162 -0.8307
vn -0.4727 -0.0248 -0.8809
vn -0.6807 -0.0535 0.7306
vn -0.5729 -0.0323 -0.8190
vn -0.4156 -0.0304 -0.9091
vn -0.5261 0.0284 0.8500
vn -0.5485 -0.0206 -0.8359
vn -0.4740 -0.0349 -0.8798
vn -0.6118 -0.0086 0.7910
vn -0.4536 -0.2354 0.8596
vn -0.6482 -0.0804 0.7572
vn -0.4153 -0.2009 -0.8872
vn -0.6077 -0.1334 0.7829
vn -0.3398 -0.1600 -0.9268
vn -0.4338 -0.1526 0.8880
vn -0.5528 0.0018 0.8333
vn -0.5832 0.0226 0.8120
vn -0.4221 0.1663 -0.8912
vn -0.4542 0.0927 0.8861
vn -0.3158 -0.2057 0.9263
vn -0.6126 0.0807 0.7862
vn -0.5340 0.0191 -0.8453
vn -0.5172 0.0427 -0.8548
vn -0.6104 -0.1353 0.7804
vn -0.5025 -0.0165 -0.8644
vn -0.3996 -0.0343 -0.9161
vn -0.5093 -0.0810 0.8568
vn -0.4552 -0.0722 0.8875
vn -0.4049 -0.0423 -0.9134
vn -0.5178 -0.0689 0.8527
vn -0.4718 -0.0595 0.8797
vn -0.4099 -0.0113 -0.9121
vn -0.4022 -0.0518 0.9141
vn -0.3212 0.0055 -0.9470
vn -0.3532 -0.0286 0.9351
vn -0.4646 -0.0779 -0.8821
vn -0.3676 0.0027 -0.9300
vn -0.3104 -0.0548 0.9490
vn -0.3853 -0.0423 0.9218
vn -0.4937 -0.0607 0.8675
vn -0.4069 -0.0200 -0.9133
vn -0.4070 -0.0902 0.9090
vn -0.2475 0.3913 -0.8864
vn -0.4158 -0.0560 0.9077
vn -0.2243 -0.0597 -0.9727
vn -0.3488 -0.0398 -0.9364
vn -0.4416 -0.0786 0.8938
vn -0.3329 0.0204 -0.9427
vn -0.3843 -0.0721 0.9204
vn -0.2683 -0.0752 0.9604
vn -0.5225 -0.1300 0.8427
vn -0.4125 -0.0746 0.9079
vn -0.1817 -0.0478 0.9822
vn -0.4454 -0.0313 0.8948
vn -0.3750 0.0077 -0.9270
vn -0.3431 0.0124 -0.9392
vn -0.2506 -0.0125 -0.9680
vn -0.3050 0.0143 -0.9522
vn -0.4335 -0.0846 0.8972
vn -0.4567 0.3030 0.8364
vn -0.2104 0.4027 -0.8908
vn -0.2827 0.4917 0.8236
vn -0.3085 0.5416 -0.7820
vn -0.3777 0.7403 -0.5561
vn -0.3169 0.9453 0.0769
vn -0.3604 0.8536 0.3762
vn -0.3235 -0.9132 -0.2476
vn -0.4487 -0.8896 0.0850
vn -0.3432 -0.9015 0.2634
vn -0.3762 -0.7929 -0.4793
vn -0.3975 -0.7454 0.5352
vn -0.3407 -0.6232 -0.7039
vn -0.3712 -0.5436 0.7528
vn -0.4955 -0.4779 0.7253
vn -0.2823 -0.2913 0.9140
vn -0.0986 -0.4409 -0.8921
vn -0.4476 -0.1369 -0.8837
vn -0.5383 -0.0884 0.8381
vn -0.3528 -0.0558 -0.9340
vn -0.4247 -0.0105 -0.9053
vn -0.5567 -0.1579 0.8155
vn -0.3788 -0.0008 0.9255
vn -0.5303 -0.0320 0.8472
vn -0.3766 -0.0731 -0.9235
vn -0.1282 -0.0200 -0.9915
vn -0.4219 0.0038 0.9066
vn -0.4573 -0.0232 -0.8890
vn -0.2796 -0.0499 -0.9588
vn -0.4404 0.0227 0.8975
vn -0.3377 -0.0338 -0.9406
vn -0.5098 0.0068 0.8603
vn -0.4132 0.0114 0.9106
vn -0.4717 -0.0425 -0.8807
vn -0.3786 -0.0457 -0.9244
vn -0.3174 -0.0457 -0.9472
vn -0.3832 0.0104 0.9236
vn -0.2488 0.0767 -0.9655
vn -0.3819 -0.0443 -0.9231
vn -0.1585 -0.0433 -0.9864
vn -0.3016 -0.0102 0.9534
vn -0.3985 -0.0503 -0.9158
vn -0.3651 0.0078 0.9309
vn -0.2313 0.3277 0.9160
vn -0.4179 0.0173 0.9083
vn -0.2490 -0.0344 -0.9679
vn -0.3799 0.0592 0.9231
vn -0.2591 -0.0449 -0.9648
vn -0.5621 0.0231 0.8268
vn -0.4621 0.0168 0.8867
vn -0.3496 -0.0000 0.9369
vn -0.4584 0.0194 0.8885
vn -0.3421 -0.0575 -0.9379
vn -0.3624 -0.1289 -0.9231
vn -0.2674 -0.1737 -0.9478
vn -0.1212 -0.1979 -0.9727
vn -0.3613 0.0102 -0.9324
vn -0.1672 -0.0173 -0.9858
vn -0.2921 0.0560 0.9548
vn -0.2750 0.1058 -0.9556
vn -0.2676 0.2121 -0.9399
vn 0.0248 0.0751 -0.9969
vn -0.3600 0.0589 0.9311
vn -0.3265 -0.1261 -0.9368
vn -0.4082 -0.0360 0.9122
vn -0.3517 -0.0686 0.9336
vn -0.2238 -0.0257 -0.9743
vn -0.3547 -0.0877 0.9309
vn -0.2841 -0.0205 -0.9586
vn -0.2477 -0.0609 0.9669
vn -0.3653 -0.0725 0.9280
vn -0.1707 -0.0168 -0.9852
vn -0.3096 -0.0551 0.9493
vn -0.2960 -0.0521 0.9538
vn -0.4222 -0.0589 0.9046
vn -0.2757 -0.0394 -0.9604
vn -0.2426 -0.0660 0.9679
vn -0.0821 0.0643 -0.9945
vn -0.3100 -0.0864 0.9468
vn -0.1775 -0.0103 -0.9841
vn -0.1382 -0.0697 -0.9879
vn -0.2612 -0.0593 0.9635
vn -0.2112 -0.0175 -0.9773
vn -0.1951 -0.0632 0.9787
vn -0.1200 -0.0101 -0.9927
vn -0.2717 -0.0357 0.9617
vn -0.3045 -0.0064 -0.9525
vn -0.2320 -0.0623 0.9707
vn -0.1783 -0.0401 0.9832
vn -0.0710 -0.0763 -0.9946
vn -0.3355 -0.0449 0.9410
vn -0.1243 -0.0067 -0.9922
vn -0.2004 0.0196 0.9795
vn -0.2176 0.0985 -0.9711
vn -0.3159 0.0821 0.9452
vn -0.1626 0.3081 -0.9374
vn -0.1909 0.1753 0.9658
vn -0.2904 0.3330 0.8971
vn -0.1571 0.5018 -0.8506
vn -0.1354 0.5019 0.8542
vn -0.1314 0.6431 -0.7544
vn -0.2207 0.7175 0.6607
vn -0.1730 0.6339 0.7539
vn -0.1692 0.7458 -0.6443
vn -0.2591 0.8127 -0.5220
vn -0.2273 0.8984 -0.3759
vn -0.2459 0.9448 -0.2165
vn -0.0995 0.9374 0.3339
vn -0.4208 0.7843 0.4559
vn -0.0389 -0.9903 0.1337
vn -0.2256 -0.9736 0.0335
vn -0.2476 -0.7153 -0.6534
vn -0.1187 -0.8174 -0.5637
vn -0.2306 -0.9198 0.3174
vn -0.3077 -0.4971 0.8113
vn 0.3325 -0.5083 -0.7944
vn -0.1605 -0.2768 -0.9474
vn -0.1018 -0.1729 -0.9797
vn -0.3434 -0.0848 0.9354
vn -0.3596 -0.0017 0.9331
vn -0.2031 -0.0280 -0.9788
vn -0.2916 -0.0042 -0.9565
vn -0.0902 -0.0515 -0.9946
vn -0.2108 -0.0196 0.9773
vn -0.2492 -0.0039 0.9685
vn -0.2126 -0.0230 -0.9769
vn -0.0173 -0.0306 -0.9994
vn -0.2528 -0.0460 -0.9664
vn -0.3207 0.0097 0.9471
vn -0.3411 -0.0470 -0.9388
vn -0.2517 -0.0403 -0.9670
vn -0.1328 0.0149 0.9910
vn 0.0186 -0.0350 -0.9992
vn -0.1180 0.0182 0.9928
vn -0.1865 -0.0576 -0.9808
vn -0.1629 -0.0427 -0.9857
vn -0.1307 -0.0226 -0.9912
vn -0.2817 -0.0720 0.9568
vn -0.3357 0.0081 0.9419
vn -0.2165 -0.0406 -0.9754
vn -0.0568 -0.0182 0.9982
vn -0.2469 -0.0473 -0.9679
vn -0.1394 -0.0484 -0.9891
vn -0.0799 -0.0547 -0.9953
vn -0.2295 -0.0489 0.9721
vn -0.0278 -0.0827 -0.9962
vn -0.2279 -0.3152 -0.9212
vn -0.0678 -0.5402 -0.8388
vn -0.1739 -0.1015 0.9795
vn -0.2616 -0.0005 0.9652
vn 0.0546 0.0572 -0.9969
vn -0.3541 0.0573 0.9335
vn -0.0739 0.3784 0.9227
vn -0.2691 0.2084 -0.9403
vn -0.2615 0.1303 0.9564
vn -0.1015 0.0892 0.9908
vn -0.2274 -0.3578 -0.9057
vn -0.1187 -0.0118 -0.9929
vn -0.2628 -0.0650 0.9627
vn -0.0018 -0.0201 -0.9998
vn -0.1819 -0.0204 0.9831
vn -0.0889 -0.0602 0.9942
vn 0.0221 -0.0309 -0.9993
vn -0.1853 -0.0032 -0.9827
vn -0.1817 -0.0290 -0.9829
vn -0.1071 0.0260 0.9939
vn -0.2834 -0.0787 0.9558
vn -0.1819 -0.0842 0.9797
vn -0.2506 -0.0791 0.9648
vn -0.0942 -0.0116 -0.9955
vn -0.1539 -0.0240 -0.9878
vn -0.0717 -0.0652 0.9953
vn -0.0772 -0.0209 -0.9968
vn -0.1449 -0.0103 -0.9894
vn 0.0399 0.0090 -0.9992
vn -0.0433 0.2844 0.9577
vn -0.0741 0.3968 0.9149
vn -0.0106 0.4890 -0.8722
vn -0.0476 0.8029 -0.5942
vn -0.0351 0.7038 0.7095
vn -0.1200 0.8778 -0.4638
vn -0.0543 0.8889 0.4549
vn -0.1834 0.8404 0.5100
vn -0.1312 0.9896 0.0598
vn 0.1480 -0.8203 -0.5525
vn 0.0023 -0.9961 -0.0881
vn -0.0720 -0.9091 0.4103
vn -0.2296 -0.7244 0.6500
vn -0.0578 -0.8052 0.5901
vn -0.1001 -0.4986 0.8610
vn 0.0374 -0.4555 -0.8895
vn 0.0380 -0.0038 -0.9993
vn -0.0127 -0.0645 0.9978
vn 0.2691 0.1762 -0.9469
vn 0.0220 0.0253 0.9994
vn -0.0682 0.0443 0.9967
vn -0.1049 -0.0263 -0.9941
vn -0.1952 0.0165 0.9806
vn -0.1909 0.0178 0.9815
vn -0.2598 -0.3734 0.8905
vn 0.0014 -0.0779 -0.9970
vn -0.1085 -0.0940 -0.9896
vn 0.0778 0.0276 0.9966
vn -0.0948 -0.0323 -0.9950
vn -0.0852 0.0410 0.9955
vn 0.0221 -0.0519 -0.9984
vn -0.0445 -0.0424 -0.9981
vn -0.0771 0.0128 0.9969
vn -0.0520 -0.0715 -0.9961
vn -0.1551 -0.1184 -0.9808
vn 0.1272 -0.0512 -0.9906
vn 0.0480 0.0046 0.9988
vn -0.0707 -0.0548 -0.9960
vn -0.1885 -0.1401 0.9720
vn 0.0752 -0.1751 -0.9817
vn -0.1039 -0.1530 0.9828
vn -0.0221 -0.0638 0.9977
vn 0.0708 -0.1526 0.9858
vn 0.0945 -0.1393 -0.9857
vn 0.0646 0.1231 -0.9903
vn -0.1569 0.1502 -0.9761
vn -0.1200 0.1145 0.9861
vn -0.1097 -0.0464 0.9929
vn -0.0857 -0.0424 0.9954
vn 0.0650 0.0114 -0.9978
vn 0.0515 -0.0203 -0.9985
vn -0.0957 -0.0532 0.9940
vn 0.0715 -0.0406 0.9966
vn -0.1300 -0.0145 -0.9914
vn -0.0910 -0.0758 0.9930
vn 0.1159 -0.0205 -0.9931
vn -0.1456 -0.0698 0.9869
vn -0.0410 -0.0476 -0.9980
vn 0.0857 -0.0396 -0.9955
vn -0.0911 -0.1005 0.9908
vn -0.0073 -0.0615 0.9981
vn -0.1362 -0.0656 0.9885
vn 0.0276 -0.0471 0.9985
vn -0.0370 -0.0448 -0.9983
vn 0.0705 0.0167 -0.9974
vn 0.0776 0.0082 -0.9970
vn 0.0708 -0.0513 0.9962
vn 0.0595 0.0060 -0.9982
vn 0.0136 0.0058 -0.9999
vn 0.0996 -0.0109 -0.9950
vn 0.0421 -0.0338 -0.9985
vn 0.0039 -0.0132 -0.9999
vn -0.1199 -0.0581 0.9911
vn -0.0562 -0.0403 0.9976
vn -0.0083 -0.0015 -1.0000
vn -0.0438 0.0999 0.9940
vn 0.1338 0.1618 -0.9777
vn -0.0981 0.3598 -0.9279
vn 0.0180 0.5440 0.8389
vn 0.0714 0.5305 0.8447
vn 0.0201 0.6932 -0.7205
vn 0.0382 0.8100 0.5851
vn 0.0829 0.8367 -0.5414
vn -0.0256 0.9595 -0.2804
vn 0.0613 0.9622 0.2653
vn 0.0317 0.8839 0.4667
vn 0.2350 -0.9346 -0.2669
vn 0.0211 -0.7377 -0.6748
vn 0.1561 -0.5369 0.8291
vn 0.0666 -0.3128 0.9475
vn 0.2175 -0.0963 -0.9713
vn 0.0452 -0.0490 -0.9978
vn -0.0871 0.0188 0.9960
vn 0.2568 -0.0185 -0.9663
vn 0.1215 0.0126 0.9925
vn 0.0985 -0.0423 -0.9942
vn 0.1629 -0.1261 -0.9785
vn 0.0821 -0.0474 -0.9955
vn 0.1034 -0.0018 0.9946
vn 0.1608 0.0021 -0.9870
vn 0.1267 -0.0308 -0.9915
vn 0.1343 0.0309 0.9905
vn 0.0427 -0.0592 -0.9973
vn 0.0683 0.0157 0.9975
vn -0.0045 -0.0087 1.0000
vn 0.1749 -0.0651 -0.9824
vn 0.1773 -0.0703 -0.9816
vn 0.0003 -0.0486 -0.9988
vn -0.0819 0.0030 0.9966
vn 0.1418 -0.0304 -0.9894
vn 0.1608 0.0355 -0.9864
vn 0.2189 -0.1667 -0.9614
vn 0.1360 -0.1977 -0.9708
vn 0.1713 -0.1940 -0.9659
vn 0.0429 0.0102 0.9990
vn 0.1166 0.0456 -0.9921
vn 0.0090 0.0365 0.9993
vn 0.3139 0.1261 -0.9411
vn 0.0102 0.0312 -0.9995
vn 0.0414 -0.0134 0.9991
vn 0.0234 -0.0699 0.9973
vn 0.3750 0.1818 -0.9090
vn 0.1428 -0.0781 0.9867
vn 0.0833 -0.0884 0.9926
vn 0.0770 -0.0683 0.9947
vn 0.1654 0.0947 -0.9817
vn 0.1674 0.0128 -0.9858
vn 0.1317 0.0441 -0.9903
vn 0.3182 -0.0119 -0.9480
vn 0.2293 -0.0709 0.9708
vn 0.1846 -0.0356 -0.9822
vn 0.0565 -0.0609 0.9965
vn 0.0680 -0.0677 0.9954
vn -0.0034 -0.0696 0.9976
vn 0.0939 -0.0164 -0.9954
vn 0.1907 -0.0359 0.9810
vn 0.2071 -0.0126 -0.9782
vn 0.0455 -0.0341 0.9984
vn 0.1802 0.0044 -0.9836
vn 0.0731 0.0339 0.9967
vn 0.2978 0.2069 -0.9319
vn -0.0020 0.1463 0.9892
vn 0.1976 0.1969 0.9603
vn 0.1207 0.3641 -0.9235
vn 0.1365 0.6345 -0.7608
vn 0.2257 0.6838 -0.6939
vn 0.1470 0.7723 -0.6181
vn 0.1919 0.8387 -0.5096
vn 0.1939 0.8901 -0.4124
vn 0.2496 0.8878 0.3866
vn 0.0336 0.9994 -0.0006
vn 0.4496 -0.7952 -0.4068
vn 0.2253 -0.9671 0.1185
vn 0.0843 -0.8503 0.5196
vn 0.1879 -0.7992 -0.5709
vn 0.3435 -0.4863 -0.8035
vn 0.2446 -0.3623 -0.8994
vn 0.4064 0.0974 -0.9085
vn 0.1850 0.0116 0.9827
vn 0.2318 -0.0666 -0.9705
vn 0.4500 -0.0028 -0.8930
vn 0.4968 -0.0556 -0.8661
vn 0.3103 -0.0655 -0.9484
vn 0.1404 -0.0192 0.9899
vn 0.2169 -0.0485 -0.9750
vn 0.2326 -0.0620 -0.9706
vn 0.3221 0.0458 -0.9456
vn 0.2141 0.0131 0.9767
vn 0.3286 0.0346 0.9438
vn 0.3333 -0.0349 -0.9422
vn 0.1650 0.1150 0.9796
vn 0.2830 -0.0237 -0.9588
vn 0.3797 -0.0221 -0.9249
vn 0.1754 0.0240 0.9842
vn 0.1569 0.0109 0.9876
vn 0.2236 -0.0630 -0.9727
vn 0.2972 -0.0477 -0.9536
vn 0.4068 -0.0671 -0.9110
vn 0.2192 -0.0256 -0.9753
vn 0.1817 -0.0198 0.9831
vn 0.0808 0.0026 0.9967
vn 0.3076 -0.0243 -0.9512
vn 0.0848 0.0602 0.9946
vn 0.2767 0.0010 0.9609
vn 0.3610 -0.0765 -0.9294
vn 0.0579 -0.1034 0.9930
vn 0.1787 -0.1037 0.9784
vn 0.3230 -0.1859 -0.9280
vn 0.1522 -0.1242 0.9805
vn 0.2872 -0.0510 -0.9565
vn 0.2240 0.0852 0.9709
vn 0.2650 0.0681 -0.9618
vn 0.3574 0.1266 -0.9253
vn 0.0169 0.0300 0.9994
vn 0.1111 -0.0710 0.9913
vn 0.3404 0.0260 -0.9399
vn 0.0977 0.0008 -0.9952
vn 0.2541 0.0129 -0.9671
vn 0.1543 -0.0326 0.9875
vn 0.2566 -0.0018 -0.9665
vn 0.1329 0.0109 0.9911
vn 0.1503 -0.0551 0.9871
vn 0.1564 -0.0593 0.9859
vn 0.3314 -0.0194 -0.9433
vn 0.2491 -0.0348 -0.9678
vn 0.3963 0.0338 -0.9175
vn 0.3588 -0.0538 0.9318
vn 0.1261 -0.0051 -0.9920
vn 0.3190 -0.0919 -0.9433
vn 0.1419 -0.0354 0.9892
vn 0.0701 -0.0547 0.9960
vn 0.2824 0.0195 -0.9591
vn 0.2685 -0.0059 -0.9633
vn 0.2147 -0.0508 0.9754
vn 0.0421 -0.0615 0.9972
vn 0.2262 -0.0315 -0.9736
vn 0.3236 -0.0710 -0.9435
vn 0.3419 -0.0372 -0.9390
vn 0.2658 -0.0177 0.9639
vn 0.3921 -0.0238 -0.9196
vn 0.2163 -0.0446 0.9753
vn 0.2594 0.0583 0.9640
vn 0.3065 0.0486 -0.9506
vn 0.3056 0.3184 -0.8973
vn 0.1043 0.3693 0.9234
vn 0.1554 0.5286 -0.8346
vn 0.2752 0.5850 -0.7629
vn 0.2468 0.6086 0.7541
vn 0.1890 0.6951 0.6936
vn 0.2185 0.8293 0.5144
vn 0.2996 0.8555 -0.4223
vn 0.2276 0.9477 -0.2236
vn 0.2509 0.9507 0.1823
vn 0.1898 0.9814 0.0283
vn 0.5597 -0.8079 -0.1844
vn 0.3267 -0.9080 0.2622
vn 0.4227 -0.8788 0.2214
vn 0.5438 -0.6287 -0.5559
vn 0.3595 -0.7572 0.5453
vn 0.4026 -0.5842 -0.7047
vn 0.3862 -0.3920 0.8350
vn 0.4495 -0.2108 -0.8681
vn 0.3444 -0.1912 0.9191
vn 0.6099 -0.0406 -0.7915
vn 0.3405 -0.3642 -0.8668
vn 0.3657 0.0285 0.9303
vn 0.2336 0.2491 0.9399
vn 0.3356 -0.0315 -0.9415
vn 0.3019 0.1328 0.9441
vn 0.3604 -0.0242 0.9325
vn 0.3593 -0.0567 -0.9315
vn 0.4118 -0.0513 -0.9098
vn 0.3393 0.0348 0.9400
vn 0.4830 -0.0168 -0.8755
vn 0.2957 0.0421 0.9543
vn 0.4028 -0.0084 -0.9152
vn 0.4984 0.0346 -0.8662
vn 0.2506 -0.0245 -0.9678
vn 0.3886 0.0461 0.9203
vn 0.2661 -0.0185 0.9638
vn 0.3654 -0.0608 -0.9289
vn 0.2373 -0.0030 0.9714
vn 0.3526 -0.0192 0.9356
vn 0.3411 -0.0504 -0.9387
vn 0.3644 0.0097 0.9312
vn 0.3845 -0.0250 -0.9228
vn 0.4800 0.0389 -0.8764
vn 0.6014 -0.0339 -0.7982
vn 0.1583 -0.1145 0.9807
vn 0.3497 -0.2286 -0.9086
vn 0.3058 -0.1087 -0.9459
vn 0.3039 -0.0680 0.9503
vn 0.0760 -0.0089 0.9971
vn 0.2688 0.0138 0.9631
vn 0.5166 0.0907 -0.8514
vn 0.3713 0.0686 0.9260
vn 0.2883 0.0428 0.9566
vn 0.3392 -0.0444 0.9397
vn 0.3132 -0.0448 -0.9486
vn 0.2140 -0.0149 0.9767
vn 0.3416 0.0194 -0.9396
vn 0.3911 -0.0221 0.9201
vn 0.4177 0.0234 -0.9083
vn 0.4254 -0.0093 0.9050
vn 0.3287 -0.0052 -0.9444
vn 0.3276 -0.0221 0.9446
vn 0.3794 -0.0846 0.9214
vn 0.3205 -0.0319 -0.9467
vn 0.3934 -0.0348 -0.9187
vn 0.3295 -0.0869 0.9402
vn 0.5187 0.0546 -0.8532
vn 0.2674 -0.0765 0.9606
vn 0.2645 -0.0646 0.9622
vn 0.2409 -0.0478 0.9694
vn 0.2720 -0.0291 0.9619
vn 0.3414 0.0081 0.9399
vn 0.4411 -0.0254 -0.8971
vn 0.2922 -0.0310 -0.9558
vn 0.3359 -0.0146 0.9418
vn 0.3635 0.0325 -0.9310
vn 0.2146 -0.0240 0.9764
vn 0.3593 0.3338 0.8715
vn 0.3618 0.3686 -0.8563
vn 0.1990 0.4807 0.8540
vn 0.4400 0.4783 0.7600
vn 0.3852 0.5140 -0.7664
vn 0.3609 0.5867 0.7249
vn 0.3472 0.6774 -0.6486
vn 0.3521 0.6987 0.6228
vn 0.4127 0.7299 -0.5449
vn 0.5327 0.6314 -0.5636
vn 0.5373 0.7752 0.3322
vn 0.2912 0.9536 -0.0763
vn 0.3679 0.9298 0.0128
vn 0.4526 0.8750 0.1721
vn 0.5111 -0.8550 0.0877
vn 0.5412 -0.7824 0.3080
vn 0.6730 -0.5427 0.5026
vn 0.5560 -0.3886 -0.7347
vn 0.6115 0.0139 -0.7911
vn 0.6972 0.1164 0.7074
vn 0.5292 0.0391 0.8476
vn 0.5240 0.0092 -0.8517
vn 0.5203 0.0273 0.8535
vn 0.5460 0.0882 -0.8332
vn 0.5608 -0.2210 -0.7980
vn 0.4266 0.0420 0.9035
vn 0.5350 -0.1596 -0.8297
vn 0.4727 -0.0266 0.8808
vn 0.6380 -0.0334 -0.7693
vn 0.5893 0.0043 0.8079
vn 0.6003 -0.0554 -0.7979
vn 0.4248 -0.0194 0.9051
vn 0.5889 -0.0501 -0.8066
vn 0.5200 0.1592 0.8392
vn 0.5689 -0.0848 0.8180
vn 0.5753 -0.0232 -0.8176
vn 0.4703 0.0165 0.8824
vn 0.6423 -0.0089 -0.7664
vn 0.4748 -0.0341 -0.8794
vn 0.4283 0.0339 0.9030
vn 0.4131 0.0122 0.9106
vn 0.4043 -0.0515 -0.9132
vn 0.6066 -0.0888 -0.7900
vn 0.5390 -0.0103 -0.8422
vn 0.5878 -0.0816 -0.8049
vn 0.4688 -0.0299 0.8828
vn 0.5781 -0.0302 -0.8154
vn 0.4380 -0.0024 0.8990
vn 0.6353 0.0992 0.7659
vn 0.4467 0.0084 0.8946
vn 0.5942 -0.0049 -0.8043
vn 0.5954 -0.0418 -0.8023
vn 0.3657 -0.1895 0.9112
vn 0.4978 -0.1438 -0.8553
vn 0.4331 -0.1486 0.8890
vn 0.3771 -0.1076 0.9199
vn 0.4062 0.0096 -0.9137
vn 0.7128 0.0460 -0.6999
vn 0.6320 0.1155 -0.7663
vn 0.4858 0.0065 -0.8741
vn 0.5003 -0.0316 0.8653
vn 0.5046 0.0087 -0.8633
vn 0.5367 0.1049 -0.8372
vn 0.3445 -0.0046 0.9388
vn 0.4938 0.0160 -0.8694
vn 0.4905 -0.0521 -0.8699
vn 0.6297 -0.0286 -0.7763
vn 0.5032 -0.0636 -0.8618
vn 0.4336 -0.0368 -0.9004
vn 0.4249 -0.0836 0.9014
vn 0.5952 -0.0448 -0.8024
vn 0.5542 -0.0395 -0.8314
vn 0.4381 -0.0660 0.8965
vn 0.4680 0.0039 -0.8837
vn 0.4370 0.0432 -0.8984
vn 0.5481 0.2142 -0.8085
vn 0.5686 0.0195 -0.8224
vn 0.4681 0.0267 -0.8833
vn 0.4185 -0.0280 0.9078
vn 0.3949 -0.0634 0.9166
vn 0.5994 0.0014 -0.8005
vn 0.3438 -0.0770 0.9359
vn 0.4782 -0.0776 0.8748
vn 0.5146 -0.0229 -0.8571
vn 0.4406 -0.0667 0.8952
vn 0.4152 -0.0835 0.9059
vn 0.4369 -0.0451 -0.8984
vn 0.6528 -0.0408 -0.7564
vn 0.4250 -0.0834 0.9014
vn 0.5217 -0.0454 -0.8519
vn 0.3612 -0.0265 0.9321
vn 0.4785 0.1232 0.8694
vn 0.5068 0.4140 -0.7561
vn 0.4617 0.6103 -0.6437
vn 0.5211 0.6712 -0.5272
vn 0.4323 0.7367 0.5200
vn 0.3649 0.9088 -0.2023
vn 0.7198 -0.3399 0.6053
vn 0.4464 -0.5263 0.7237
vn 0.7040 -0.2557 -0.6626
vn 0.6196 -0.2788 0.7337
vn 0.5188 -0.0069 0.8549
vn 0.7400 -0.0140 -0.6725
vn 0.7268 -0.1277 0.6748
vn 0.7641 0.0572 -0.6425
vn 0.7041 0.0407 0.7089
vn 0.6900 0.0059 -0.7238
vn 0.7897 -0.0124 -0.6134
vn 0.7154 0.1087 0.6903
vn 0.5175 0.0099 0.8556
vn 0.6881 -0.0244 -0.7252
vn 0.5994 0.1187 0.7916
vn 0.5360 0.4483 -0.7154
vn 0.6326 -0.0302 0.7739
vn 0.6704 -0.0965 -0.7357
vn 0.7378 -0.0121 -0.6749
vn 0.7253 -0.0424 0.6871
vn 0.5817 -0.0533 -0.8117
vn 0.7470 -0.0604 -0.6621
vn 0.7034 -0.0205 0.7105
vn 0.6973 -0.0344 -0.7159
vn 0.7312 -0.0221 -0.6818
vn 0.6920 0.0309 0.7212
vn 0.6734 -0.0004 -0.7392
vn 0.6999 -0.0112 -0.7142
vn 0.6944 0.0368 0.7187
vn 0.6278 0.0379 0.7775
vn 0.6645 -0.0003 -0.7472
vn 0.6723 -0.0057 -0.7403
vn 0.6525 -0.1171 0.7487
vn 0.2958 0.3710 -0.8803
vn 0.5378 -0.2726 0.7978
vn 0.7457 -0.0759 -0.6620
vn 0.6109 -0.0242 0.7913
vn 0.6300 -0.0762 -0.7729
vn 0.6414 -0.0284 0.7667
vn 0.5533 -0.0498 -0.8315
vn 0.6164 -0.0209 0.7872
vn 0.5691 0.0047 0.8222
vn 0.6685 0.2224 0.7097
vn 0.6485 -0.1095 -0.7533
vn 0.5402 -0.1463 0.8287
vn 0.6117 -0.1932 -0.7671
vn 0.5859 -0.1738 -0.7915
vn 0.6763 -0.1315 -0.7248
vn 0.5137 -0.0853 0.8537
vn 0.5960 -0.0894 -0.7980
vn 0.5756 0.1247 -0.8081
vn 0.6982 0.0822 -0.7111
vn 0.5530 0.1130 0.8255
vn 0.6682 0.0683 -0.7409
vn 0.5036 0.0300 0.8634
vn 0.5791 0.0244 -0.8149
vn 0.6803 0.0048 -0.7329
vn 0.6423 0.0096 -0.7664
vn 0.5835 -0.0039 0.8121
vn 0.6480 0.0153 -0.7615
vn 0.5499 -0.0146 0.8351
vn 0.5737 -0.0279 0.8186
vn 0.7088 -0.0177 -0.7052
vn 0.5334 -0.0542 0.8441
vn 0.5816 -0.0535 -0.8117
vn 0.5325 -0.0640 0.8440
vn 0.5933 -0.0804 0.8010
vn 0.5128 -0.0630 0.8562
vn 0.5599 -0.0769 0.8250
vn 0.5793 -0.0491 0.8137
vn 0.5611 -0.0308 0.8272
vn 0.5052 -0.0206 0.8627
vn 0.6425 0.0330 -0.7656
vn 0.5448 0.0730 -0.8354
vn 0.5794 -0.0237 0.8147
vn 0.6614 0.0196 -0.7497
vn 0.5681 -0.0456 0.8217
vn 0.5988 -0.0835 0.7965
vn 0.6338 -0.0825 0.7690
vn 0.4985 -0.0594 0.8649
vn 0.5224 -0.0898 -0.8480
vn 0.5731 -0.0506 -0.8179
vn 0.4281 -0.0743 0.9007
vn 0.5148 0.0048 -0.8573
vn 0.5492 -0.0503 0.8342
vn 0.5383 -0.0379 0.8419
vn 0.6249 -0.0049 -0.7807
vn 0.5280 -0.0180 0.8491
vn 0.6248 0.0169 -0.7806
vn 0.4981 0.1187 -0.8589
vn 0.5685 0.2559 -0.7819
vn 0.6555 0.4184 -0.6287
vn 0.4839 0.5831 0.6525
vn 0.5937 0.5647 0.5732
vn 0.5622 0.5625 -0.6062
vn 0.5752 0.6988 -0.4253
vn 0.5465 0.6879 0.4776
vn 0.6089 0.6756 0.4157
vn 0.5155 0.8096 -0.2807
vn 0.5947 0.7860 -0.1689
vn 0.5316 0.8440 -0.0709
vn 0.5854 0.7973 0.1472
vn 0.7920 -0.5826 -0.1826
vn 0.7284 -0.6797 0.0866
vn 0.7948 -0.4735 0.3795
vn 0.8128 -0.3153 -0.4898
vn 0.7708 -0.2874 0.5686
vn 0.8516 -0.0091 -0.5242
vn 0.9309 -0.0509 -0.3616
vn 0.8671 0.0014 -0.4981
vn 0.8547 0.0434 0.5173
vn 0.8328 0.0190 -0.5533
vn 0.8653 0.0401 0.4996
vn 0.8469 0.0682 0.5274
vn 0.7905 -0.2842 0.5426
vn 0.8367 -0.0191 -0.5474
vn 0.7752 0.0138 0.6316
vn 0.8670 -0.0263 -0.4975
vn 0.7784 -0.0318 0.6269
vn 0.9223 -0.0546 -0.3827
vn 0.7561 -0.0686 -0.6508
vn 0.8530 -0.0649 -0.5179
vn 0.8619 -0.0959 -0.4980
vn 0.8518 -0.0415 0.5222
vn 0.8672 -0.0169 0.4977
vn 0.7838 -0.0460 0.6193
vn 0.8825 -0.0525 -0.4675
vn 0.9364 -0.0382 -0.3489
vn 0.7078 0.3487 -0.6144
vn 0.8413 -0.0096 0.5405
vn 0.8847 -0.0157 -0.4659
vn 0.8396 0.0000 0.5432
vn 0.8362 -0.0191 -0.5481
vn 0.8581 0.0020 0.5135
vn 0.8296 -0.0065 -0.5583
vn 0.8246 0.0255 0.5651
vn 0.8512 -0.0053 -0.5248
vn 0.8584 -0.0121 -0.5128
vn 0.8285 0.0220 0.5596
vn 0.8423 0.0066 0.5390
vn 0.8651 -0.0179 0.5012
vn 0.8335 -0.0410 -0.5509
vn 0.8021 -0.0367 0.5961
vn 0.7167 -0.0593 -0.6948
vn 0.8140 -0.0502 0.5787
vn 0.7508 -0.0946 -0.6537
vn 0.7901 -0.0700 -0.6089
vn 0.6260 0.0694 0.7767
vn 0.7713 -0.0766 -0.6318
vn 0.7705 -0.0111 -0.6373
vn 0.6199 -0.4042 0.6726
vn 0.7285 0.0181 -0.6848
vn 0.8453 -0.0371 -0.5330
vn 0.7657 0.0173 0.6429
vn 0.6718 -0.2644 0.6919
vn 0.6971 -0.1754 -0.6952
vn 0.5774 -0.1279 0.8064
vn 0.7562 -0.0539 0.6521
vn 0.7936 -0.0892 -0.6019
vn 0.6004 -0.0519 0.7980
vn 0.6635 0.0024 0.7482
vn 0.5823 0.0528 0.8113
vn 0.7989 0.0999 -0.5931
vn 0.6577 0.0933 0.7474
vn 0.7594 -0.0441 -0.6491
vn 0.7365 -0.0384 0.6753
vn 0.7508 -0.0245 0.6600
vn 0.7920 0.0090 -0.6105
vn 0.8170 -0.0755 -0.5717
vn 0.6711 -0.0158 0.7412
vn 0.7920 0.0136 -0.6104
vn 0.8565 -0.1522 0.4932
vn 0.7786 0.0085 -0.6274
vn 0.7546 -0.0181 0.6560
vn 0.6934 -0.0177 -0.7203
vn 0.8189 -0.0041 -0.5739
vn 0.7280 -0.0297 0.6849
vn 0.7370 -0.0487 0.6741
vn 0.6694 -0.0320 0.7423
vn 0.7443 -0.0840 0.6626
vn 0.6945 -0.0410 -0.7183
vn 0.6883 -0.0927 0.7194
vn 0.7812 -0.0987 -0.6164
vn 0.7036 -0.0860 -0.7054
vn 0.6812 -0.0230 -0.7317
vn 0.7438 -0.0429 0.6671
vn 0.7048 0.0040 -0.7094
vn 0.7600 -0.0384 0.6488
vn 0.6700 0.0170 -0.7422
vn 0.7559 0.0374 -0.6537
vn 0.7075 -0.0094 0.7066
vn 0.7904 0.0060 -0.6125
vn 0.7288 -0.0203 0.6844
vn 0.7422 -0.0369 0.6692
vn 0.7105 0.0086 -0.7037
vn 0.6732 -0.0609 0.7369
vn 0.6933 -0.0252 -0.7202
vn 0.7462 -0.0068 0.6657
vn 0.6647 -0.0046 -0.7471
vn 0.6822 -0.0735 0.7274
vn 0.7397 -0.0494 -0.6711
vn 0.6747 -0.0301 0.7375
vn 0.6018 -0.0898 0.7936
vn 0.7418 0.1801 -0.6460
vn 0.6353 0.1845 0.7499
vn 0.6852 0.3252 -0.6517
vn 0.5277 0.2188 0.8208
vn 0.5559 0.3923 0.7329
vn 0.6868 0.2724 0.6739
vn 0.6829 0.5611 -0.4677
vn 0.7234 0.4784 0.4977
vn 0.7195 0.6420 0.2650
vn 0.6961 0.6456 -0.3141
vn 0.7049 0.6871 -0.1760
vn 0.6387 0.7687 0.0357
vn 0.7090 0.6545 0.2626
vn 0.7678 -0.5288 -0.3617
vn 0.8792 -0.4618 -0.1176
vn 0.9744 -0.2241 -0.0146
vn 0.9234 -0.3021 0.2367
vn 0.9565 -0.0538 0.2868
vn 0.8503 -0.2805 0.4454
vn 0.9634 -0.1930 -0.1859
vn 0.9974 -0.0282 0.0662
vn 0.8951 -0.0525 0.4427
vn 0.9585 0.0135 0.2847
vn 0.9337 0.0181 0.3576
vn 0.9988 0.0320 -0.0373
vn 0.9442 0.1852 0.2725
vn 0.8849 0.0271 -0.4651
vn 0.9763 0.0448 0.2117
vn 0.9397 0.0119 -0.3419
vn 0.9973 0.0264 -0.0687
vn 0.9904 0.0593 0.1249
vn 0.9584 0.0002 -0.2856
vn 0.9601 -0.0088 0.2794
vn 0.9132 0.0681 0.4017
vn 0.9144 0.0197 0.4042
vn 0.9994 -0.0106 0.0331
vn 0.9950 -0.0361 0.0935
vn 0.9889 -0.0654 -0.1336
vn 0.9483 -0.0346 0.3156
vn 0.9701 -0.0341 -0.2404
vn 0.9690 0.2206 0.1109
vn 0.9311 -0.0431 0.3621
vn 0.9935 -0.0352 -0.1085
vn 0.9389 -0.0331 0.3427
vn 0.9573 -0.0788 -0.2781
vn 0.9412 -0.0063 0.3379
vn 0.9911 -0.0092 -0.1325
vn 0.9986 -0.0373 -0.0383
vn 0.9869 0.0881 0.1351
vn 0.9474 0.0070 -0.3201
vn 0.9885 -0.0038 0.1513
vn 0.9935 0.0102 -0.1133
vn 0.8889 0.0285 0.4572
vn 0.9599 0.0121 0.2801
vn 0.9218 0.0484 0.3847
vn 0.9202 0.0055 -0.3914
vn 0.9998 -0.0152 0.0130
vn 0.9929 -0.0148 0.1179
vn 0.9624 -0.0340 -0.2694
vn 0.9542 -0.0258 0.2982
vn 0.7612 0.1697 0.6259
vn 0.9930 -0.0624 -0.1004
vn 0.8580 -0.1414 0.4939
vn 0.9499 -0.0638 -0.3060
vn 0.9982 -0.0594 0.0052
vn 0.9720 -0.0430 0.2309
vn 0.9671 0.1593 0.1982
vn 0.9720 -0.0544 -0.2286
vn 0.9801 -0.0821 -0.1809
vn 0.9967 -0.0099 0.0807
vn 0.8589 -0.0622 -0.5084
vn 0.9384 -0.0178 0.3451
vn 0.8911 -0.0412 0.4520
vn 0.9528 0.0592 -0.2979
vn 0.8883 -0.0471 -0.4569
vn 0.9502 -0.0136 0.3114
vn 0.8960 -0.0908 0.4346
vn 0.9330 -0.0512 -0.3561
vn 0.8929 -0.0051 0.4502
vn 0.8119 -0.0361 0.5827
vn 0.9886 0.0130 -0.1498
vn 0.8696 0.0007 -0.4938
vn 0.8636 0.0178 0.5039
vn 0.9170 -0.0189 -0.3984
vn 0.7494 0.0428 0.6607
vn 0.9281 0.0298 0.3710
vn 0.8630 0.1301 0.4881
vn 0.9289 -0.0607 0.3654
vn 0.9681 -0.1376 0.2093
vn 0.8318 -0.1151 -0.5430
vn 0.8296 -0.1130 0.5468
vn 0.8856 -0.1704 -0.4321
vn 0.8068 -0.1308 0.5761
vn 0.9015 -0.1082 -0.4191
vn 0.8297 -0.1474 -0.5384
vn 0.8537 -0.0337 0.5198
vn 0.7894 0.1179 -0.6024
vn 0.8158 0.0707 0.5740
vn 0.8487 0.0692 -0.5243
vn 0.8764 0.0763 0.4755
vn 0.9040 0.0280 0.4266
vn 0.7593 0.0737 0.6465
vn 0.8042 0.0804 -0.5889
vn 0.7560 0.0570 0.6521
vn 0.7556 -0.0154 0.6548
vn 0.9364 0.0218 -0.3503
vn 0.8368 -0.0396 0.5461
vn 0.8863 0.0432 -0.4612
vn 0.8279 -0.0154 0.5606
vn 0.9094 -0.0342 0.4145
vn 0.9428 -0.0190 -0.3328
vn 0.8985 -0.0139 0.4388
vn 0.8820 0.0223 -0.4707
vn 0.8174 -0.0201 0.5757
vn 0.9348 -0.0483 -0.3519
vn 0.8977 -0.0153 0.4404
vn 0.8956 0.0010 -0.4449
vn 0.8300 -0.0113 0.5577
vn 0.8798 -0.0458 0.4731
vn 0.7998 -0.0148 -0.6001
vn 0.8454 -0.0437 0.5323
vn 0.8929 -0.0213 -0.4497
vn 0.8713 -0.0427 -0.4889
vn 0.8411 -0.0530 0.5383
vn 0.7212 -0.0721 0.6889
vn 0.8005 -0.0834 0.5936
vn 0.9070 -0.0666 0.4158
vn 0.7536 0.0518 -0.6553
vn 0.8880 -0.0328 -0.4588
vn 0.8645 -0.0341 0.5015
vn 0.8016 -0.0763 0.5930
vn 0.8828 -0.0199 -0.4694
vn 0.8327 -0.0408 -0.5522
vn 0.8725 0.0087 -0.4886
vn 0.7959 -0.0021 -0.6054
vn 0.7413 -0.0199 0.6709
vn 0.8205 0.0748 -0.5668
vn 0.8299 0.0037 0.5579
vn 0.8202 0.0200 -0.5717
vn 0.8964 0.0382 -0.4416
vn 0.8355 -0.0057 0.5494
vn 0.8394 -0.0010 -0.5435
vn 0.9155 -0.0782 -0.3945
vn 0.8417 -0.0380 0.5385
vn 0.8472 -0.0391 -0.5298
vn 0.8562 -0.0640 0.5127
vn 0.8693 -0.0590 -0.4907
vn 0.7585 -0.0873 0.6458
vn 0.8310 -0.0524 -0.5538
vn 0.8220 -0.0717 0.5650
vn 0.8155 -0.0403 0.5773
vn 0.8370 -0.0759 -0.5420
vn 0.7367 -0.0585 0.6737
vn 0.8082 -0.0443 0.5872
vn 0.7896 -0.0136 -0.6134
vn 0.7933 0.0243 -0.6083
vn 0.7974 0.1016 0.5948
vn 0.7945 0.2930 0.5319
vn 0.8258 0.3629 -0.4316
vn 0.7501 0.1193 0.6504
vn 0.7303 0.5242 -0.4380
vn 0.6932 0.4221 0.5842
vn 0.7219 0.5977 -0.3488
vn 0.7742 0.5279 0.3492
vn 0.7747 0.5751 0.2629
vn 0.7715 0.5781 -0.2656
vn 0.7944 0.5963 -0.1153
vn 0.7878 0.6036 0.1230
vn 0.9917 -0.0519 -0.1175
vn 0.9968 -0.0346 0.0719
vn 0.9566 -0.0891 0.2773
vn 0.9810 -0.0089 -0.1937
vn 0.9990 -0.0134 0.0422
vn 0.9868 0.0528 0.1534
vn 0.9818 -0.0169 0.1892
vn 0.9952 -0.0015 -0.0974
vn 0.9584 0.0188 0.2847
vn 0.9950 -0.0238 0.0970
vn 0.9891 -0.0346 0.1430
vn 0.9896 0.0110 0.1434
vn 0.9574 -0.0096 -0.2886
vn 0.9967 -0.0792 0.0159
vn 0.9540 -0.1064 -0.2805
vn 0.9535 -0.1104 0.2805
vn 0.9844 -0.1461 -0.0983
vn 0.9462 -0.0869 0.3118
vn 0.9429 -0.1429 0.3008
vn 0.9861 -0.1164 0.1185
vn 0.8813 -0.1255 0.4557
vn 0.8942 -0.0117 -0.4475
vn 0.9828 -0.0592 -0.1750
vn 0.9839 -0.1119 -0.1393
vn 0.9968 -0.0575 0.0556
vn 0.9768 0.0025 0.2144
vn 0.9760 0.0140 -0.2173
vn 0.9871 -0.0330 -0.1567
vn 0.9154 0.0182 0.4020
vn 0.9258 0.0583 -0.3736
vn 0.9901 0.0652 0.1242
vn 0.9587 0.0879 0.2707
vn 0.9951 0.0983 -0.0061
vn 0.9493 0.0953 -0.2996
vn 0.9827 0.1067 -0.1512
vn 0.9596 0.0839 0.2687
vn 0.9474 0.0898 0.3072
vn 0.9588 0.0584 -0.2781
vn 0.9996 0.0225 0.0141
vn 0.9805 0.0401 0.1925
vn 0.9892 -0.0087 -0.1461
vn 0.9687 0.2457 -0.0363
vn 0.9972 -0.0163 0.0735
vn 0.9798 -0.0220 0.1989
vn 0.9799 0.0025 -0.1993
vn 0.9950 -0.0113 -0.0993
vn 0.9597 -0.0334 0.2789
vn 0.9745 -0.0103 0.2241
vn 0.9683 0.0042 -0.2499
vn 0.9993 -0.0290 0.0238
vn 0.9993 -0.0253 0.0285
vn 0.9705 -0.0136 0.2407
vn 0.9805 -0.0427 -0.1920
vn 0.9992 -0.0360 -0.0160
vn 0.9789 -0.0479 0.1988
vn 0.9321 -0.0449 0.3595
vn 0.9324 -0.0461 0.3584
vn 0.8791 -0.0422 0.4748
vn 0.9761 -0.0396 -0.2139
vn 0.9480 -0.0326 -0.3165
vn 0.9979 -0.0552 0.0334
vn 0.9677 -0.0306 -0.2504
vn 0.9803 -0.0684 0.1853
vn 0.9922 -0.0534 0.1123
vn 0.9356 -0.2086 0.2847
vn 0.9327 -0.0621 -0.3554
vn 0.9957 -0.0408 -0.0832
vn 0.9715 -0.0339 0.2345
vn 0.9852 -0.0561 -0.1618
vn 0.9109 -0.0303 0.4116
vn 0.9667 0.0029 -0.2561
vn 0.9707 -0.0672 -0.2305
vn 0.8574 -0.0521 0.5120
vn 0.9594 -0.0109 0.2817
vn 0.9847 -0.1120 -0.1333
vn 0.9879 0.0003 0.1552
vn 0.8980 0.0462 0.4375
vn 0.9594 0.0284 -0.2805
vn 0.9811 0.0146 0.1930
vn 0.8602 -0.1946 0.4713
vn 0.9642 0.0226 -0.2644
vn 0.8940 0.0196 -0.4476
vn 0.9941 0.0087 0.1080
vn 0.9303 -0.0011 0.3668
vn 0.8793 0.0337 0.4751
vn 0.9911 0.0329 -0.1289
vn 0.9961 0.0027 -0.0881
vn 0.9956 0.0127 -0.0933
vn 0.9823 0.0122 0.1868
vn 0.8636 -0.0176 0.5038
vn 0.9627 0.0010 -0.2705
vn 0.9845 -0.0102 0.1753
vn 0.9343 -0.0166 0.3561
vn 0.9872 0.0348 -0.1556
vn 0.9612 -0.0518 -0.2710
vn 0.9957 -0.0135 -0.0922
vn 0.9839 -0.0418 0.1737
vn 0.8355 -0.0600 0.5463
vn 0.9672 -0.0650 0.2455
vn 0.9372 -0.0419 0.3463
vn 0.9451 -0.0601 -0.3211
vn 0.9171 -0.0643 0.3934
vn 0.9122 -0.0709 0.4035
vn 0.9260 -0.0616 -0.3724
vn 0.9675 -0.0577 -0.2461
vn 0.9444 -0.0431 0.3259
vn 0.8910 -0.0474 -0.4514
vn 0.9739 -0.0586 -0.2192
vn 0.9409 -0.0483 -0.3352
vn 0.9490 -0.0635 -0.3088
vn 0.8747 -0.0523 0.4818
vn 0.9423 -0.0646 0.3284
vn 0.9041 -0.0604 0.4230
vn 0.9283 -0.0161 0.3714
vn 0.8619 -0.0849 0.5000
vn 0.8543 0.0345 -0.5186
vn 0.9264 -0.0256 -0.3757
vn 0.8819 0.0006 0.4715
vn 0.8616 -0.0241 0.5070
vn 0.9030 -0.0009 -0.4297
vn 0.9193 -0.0037 0.3935
vn 0.7661 0.0055 0.6426
vn 0.8585 0.1699 -0.4838
vn 0.9075 0.0827 0.4119
vn 0.9236 0.0795 -0.3749
vn 0.8588 0.1631 0.4856
vn 0.8776 0.2689 -0.3969
vn 0.9143 0.2688 -0.3030
vn 0.9194 0.2268 0.3213
vn 0.7004 0.5421 0.4642
vn 0.8698 0.2722 0.4116
vn 0.7222 0.5572 -0.4098
vn 0.8977 0.4226 -0.1247
vn 0.9027 0.4135 0.1191
vn 0.8688 0.4328 0.2405
vn 0.8307 0.3966 0.3906
vn 0.8564 0.5134 -0.0547
vn 0.9983 -0.0514 -0.0283
vn 0.9996 0.0184 -0.0195
vn 0.9938 -0.1018 0.0446
vn 0.9966 -0.0729 0.0391
vn 0.9977 -0.0309 0.0604
vn 0.9996 -0.0266 -0.0005
vn 0.9959 -0.0302 0.0850
vn 0.9931 -0.0358 -0.1119
vn 0.9946 -0.0148 0.1027
vn 0.9999 -0.0123 -0.0116
vn 0.9964 0.0309 0.0788
vn 0.9939 0.0122 -0.1100
vn 0.9992 0.0392 -0.0103
vn 0.9973 0.0022 0.0731
vn 0.9999 0.0094 0.0075
vn 0.9973 0.0215 0.0708
vn 0.9982 -0.0045 0.0601
vn 0.9997 0.0099 0.0244
vn 0.9970 0.0139 0.0766
vn 0.9988 -0.0086 0.0474
vn 0.9981 0.0620 0.0070
vn 0.9993 -0.0115 0.0347
vn 0.9976 -0.0506 0.0465
vn 0.9982 -0.0511 0.0313
vn 0.9922 -0.0514 0.1134
vn 0.9800 -0.0790 0.1829
vn 0.9895 -0.0700 -0.1264
vn 0.9958 -0.0587 -0.0706
vn 0.9982 -0.0574 0.0176
vn 0.9782 -0.0598 0.1989
vn 0.9592 -0.0626 0.2758
vn 0.9748 -0.0591 -0.2151
vn 0.9945 -0.0460 -0.0944
vn 0.9958 -0.0528 0.0747
vn 0.9979 -0.0422 0.0500
vn 0.9950 -0.0397 -0.0914
vn 0.9790 -0.0407 0.1995
vn 0.9611 -0.0418 0.2729
vn 0.9514 -0.0356 -0.3060
vn 0.9850 -0.0356 -0.1689
vn 0.9914 -0.0310 0.1270
vn 0.9609 0.0876 -0.2628
vn 0.9965 0.0141 -0.0820
vn 0.9864 0.1145 0.1180
vn 0.9684 0.1545 -0.1957
vn 0.9906 0.1306 -0.0418
vn 0.9790 -0.0170 0.2033
vn 0.9558 0.1036 0.2752
vn 0.9612 0.2353 -0.1443
vn 0.9490 0.3129 -0.0377
vn 0.9638 0.2617 0.0512
vn 0.9628 0.1973 0.1849
f 1//1 3//3 2//2
f 5//5 2//2 7//7
f 2//2 3//3 4//4
f 7//7 2//2 4//4
f 6//6 5//5 11//11
f 9//9 5//5 7//7
f 11//11 5//5 9//9
f 8//8 7//7 4//4
f 12//12 7//7 8//8
f 9//9 7//7 12//12
f 12//12 8//8 10//10
f 15//15 9//9 12//12
f 11//11 9//9 15//15
f 18//18 14//14 11//11
f 18//18 11//11 15//15
f 12//12 16//16 15//15
f 19//19 13//13 14//14
f 19//19 14//14 18//18
f 18//18 15//15 16//16
f 17//17 13//13 21//21
f 22//22 13//13 19//19
f 21//21 13//13 22//22
f 22//22 19//19 18//18
f 24//24 18//18 16//16
f 24//24 16//16 20//20
f 23//23 22//22 18//18
f 23//23 18//18 24//24
f 20//20 119//119 24//24
f 31//31 21//21 22//22
f 31//31 22//22 23//23
f 26//26 21//21 34//34
f 34//34 21//21 31//31
f 25//25 23//23 24//24
f 34//34 29//29 26//26
f 27//27 31//31 23//23
f 25//25 122//122 23//23
f 30//30 34//34 31//31
f 32//32 27//27 23//23
f 31//31 27//27 32//32
f 23//23 122//122 32//32
f 33//33 28//28 29//29
f 33//33 29//29 34//34
f 36//36 30//30 31//31
f 34//34 30//30 36//36
f 36//36 31//31 32//32
f 40//40 33//33 34//34
f 39//39 38//38 34//34
f 35//35 34//34 36//36
f 39//39 34//34 35//35
f 38//38 40//40 34//34
f 42//42 40//40 38//38
f 43//43 40//40 42//42
f 39//39 35//35 129//129
f 42//42 38//38 39//39
f 39//39 129//129 130//130
f 40//40 41//41 37//37
f 41//41 40//40 43//43
f 39//39 130//130 132//132
f 44//44 39//39 132//132
f 42//42 39//39 44//44
f 138//138 43//43 42//42
f 138//138 42//42 44//44
f 47//47 45//45 46//46
f 49//49 45//45 50//50
f 53//53 45//45 47//47
f 50//50 45//45 53//53
f 47//47 46//46 187//187
f 51//51 47//47 48//48
f 53//53 47//47 51//51
f 55//55 52//52 49//49
f 55//55 49//49 50//50
f 52//52 54//54 57//57
f 54//54 52//52 55//55
f 59//59 55//55 50//50
f 56//56 50//50 53//53
f 59//59 50//50 56//56
f 59//59 54//54 55//55
f 58//58 54//54 59//59
f 198//198 59//59 56//56
f 61//61 60//60 62//62
f 63//63 61//61 64//64
f 64//64 61//61 62//62
f 64//64 62//62 65//65
f 68//68 63//63 64//64
f 70//70 64//64 65//65
f 66//66 63//63 67//67
f 67//67 63//63 68//68
f 68//68 64//64 70//70
f 70//70 65//65 71//71
f 72//72 67//67 68//68
f 69//69 68//68 70//70
f 75//75 72//72 68//68
f 74//74 69//69 70//70
f 68//68 69//69 74//74
f 74//74 70//70 73//73
f 70//70 71//71 73//73
f 77//77 75//75 68//68
f 78//78 68//68 74//74
f 77//77 68//68 78//78
f 78//78 74//74 73//73
f 76//76 75//75 77//77
f 80//80 77//77 78//78
f 73//73 223//223 78//78
f 81//81 76//76 77//77
f 79//79 77//77 80//80
f 78//78 223//223 80//80
f 82//82 81//81 77//77
f 82//82 77//77 79//79
f 82//82 79//79 80//80
f 82//82 80//80 86//86
f 83//83 80//80 223//223
f 86//86 80//80 83//83
f 223//223 228//228 83//83
f 90//90 81//81 82//82
f 90//90 82//82 88//88
f 88//88 82//82 86//86
f 83//83 228//228 86//86
f 84//84 81//81 90//90
f 85//85 84//84 90//90
f 232//232 88//88 86//86
f 232//232 86//86 87//87
f 91//91 88//88 232//232
f 89//89 85//85 90//90
f 96//96 90//90 88//88
f 96//96 88//88 91//91
f 93//93 89//89 90//90
f 93//93 90//90 96//96
f 96//96 91//91 232//232
f 92//92 89//89 95//95
f 95//95 89//89 93//93
f 3//3 93//93 96//96
f 96//96 232//232 97//97
f 95//95 93//93 2//2
f 2//2 93//93 1//1
f 93//93 3//3 1//1
f 94//94 92//92 102//102
f 98//98 95//95 2//2
f 98//98 92//92 95//95
f 4//4 3//3 100//100
f 100//100 3//3 96//96
f 96//96 97//97 99//99
f 100//100 96//96 99//99
f 104//104 102//102 92//92
f 104//104 92//92 98//98
f 5//5 104//104 2//2
f 2//2 104//104 98//98
f 103//103 100//100 99//99
f 103//103 4//4 100//100
f 104//104 101//101 102//102
f 6//6 104//104 5//5
f 4//4 103//103 8//8
f 8//8 103//103 99//99
f 6//6 101//101 104//104
f 106//106 8//8 99//99
f 99//99 105//105 106//106
f 107//107 101//101 6//6
f 108//108 101//101 107//107
f 11//11 107//107 6//6
f 242//242 8//8 106//106
f 110//110 8//8 242//242
f 14//14 107//107 11//11
f 110//110 10//10 8//8
f 13//13 108//108 107//107
f 14//14 13//13 107//107
f 110//110 12//12 10//10
f 110//110 242//242 109//109
f 111//111 110//110 109//109
f 112//112 108//108 13//13
f 110//110 16//16 12//12
f 17//17 114//114 13//13
f 13//13 114//114 112//112
f 16//16 110//110 20//20
f 110//110 111//111 113//113
f 111//111 109//109 113//113
f 21//21 114//114 17//17
f 116//116 20//20 110//110
f 116//116 110//110 113//113
f 21//21 115//115 114//114
f 117//117 20//20 116//116
f 121//121 114//114 115//115
f 21//21 121//121 115//115
f 117//117 119//119 20//20
f 116//116 113//113 117//117
f 26//26 118//118 21//21
f 21//21 118//118 121//121
f 117//117 113//113 119//119
f 29//29 121//121 26//26
f 26//26 121//121 118//118
f 122//122 25//25 119//119
f 119//119 25//25 24//24
f 119//119 113//113 252//252
f 120//120 121//121 29//29
f 120//120 251//251 121//121
f 254//254 122//122 119//119
f 119//119 252//252 254//254
f 28//28 120//120 29//29
f 123//123 32//32 122//122
f 124//124 127//127 28//28
f 40//40 124//124 33//33
f 33//33 124//124 28//28
f 123//123 36//36 32//32
f 123//123 125//125 36//36
f 123//123 122//122 125//125
f 40//40 127//127 124//124
f 125//125 35//35 36//36
f 128//128 126//126 127//127
f 37//37 128//128 40//40
f 40//40 128//128 127//127
f 41//41 128//128 37//37
f 129//129 131//131 130//130
f 129//129 258//258 131//131
f 130//130 131//131 258//258
f 133//133 260//260 128//128
f 128//128 134//134 133//133
f 41//41 134//134 128//128
f 43//43 136//136 41//41
f 136//136 134//134 41//41
f 43//43 137//137 136//136
f 43//43 138//138 137//137
f 132//132 130//130 135//135
f 135//135 130//130 258//258
f 139//139 138//138 44//44
f 44//44 132//132 139//139
f 143//143 140//140 141//141
f 144//144 140//140 143//143
f 142//142 140//140 144//144
f 145//145 142//142 144//144
f 294//294 145//145 144//144
f 144//144 292//292 294//294
f 145//145 294//294 146//146
f 147//147 146//146 294//294
f 305//305 310//310 148//148
f 148//148 310//310 151//151
f 149//149 148//148 151//151
f 152//152 148//148 149//149
f 152//152 149//149 151//151
f 150//150 152//152 154//154
f 154//154 152//152 155//155
f 151//151 153//153 152//152
f 155//155 152//152 157//157
f 152//152 153//153 156//156
f 157//157 152//152 156//156
f 158//158 154//154 155//155
f 160//160 155//155 157//157
f 160//160 157//157 156//156
f 160//160 158//158 155//155
f 156//156 322//322 160//160
f 162//162 158//158 160//160
f 160//160 322//322 161//161
f 159//159 162//162 163//163
f 163//163 162//162 164//164
f 166//166 162//162 160//160
f 166//166 160//160 161//161
f 165//165 164//164 162//162
f 165//165 162//162 166//166
f 167//167 166//166 161//161
f 165//165 163//163 164//164
f 161//161 326//326 167//167
f 170//170 165//165 166//166
f 169//169 325//325 163//163
f 165//165 169//169 163//163
f 169//169 165//165 170//170
f 166//166 167//167 168//168
f 172//172 170//170 166//166
f 172//172 166//166 168//168
f 172//172 169//169 170//170
f 330//330 172//172 168//168
f 171//171 169//169 172//172
f 173//173 172//172 330//330
f 174//174 171//171 172//172
f 171//171 174//174 175//175
f 174//174 172//172 173//173
f 173//173 330//330 335//335
f 179//179 174//174 177//177
f 177//177 174//174 173//173
f 177//177 173//173 335//335
f 178//178 174//174 179//179
f 176//176 174//174 178//178
f 177//177 335//335 454//454
f 179//179 177//177 337//337
f 176//176 181//181 180//180
f 182//182 176//176 178//178
f 181//181 176//176 182//182
f 337//337 178//178 179//179
f 180//180 181//181 183//183
f 45//45 182//182 178//178
f 45//45 178//178 46//46
f 46//46 178//178 337//337
f 337//337 184//184 46//46
f 186//186 181//181 45//45
f 186//186 183//183 181//181
f 45//45 181//181 182//182
f 184//184 187//187 46//46
f 187//187 184//184 345//345
f 184//184 185//185 345//345
f 188//188 183//183 186//186
f 49//49 188//188 45//45
f 45//45 188//188 186//186
f 52//52 188//188 49//49
f 47//47 187//187 48//48
f 189//189 191//191 188//188
f 52//52 189//189 188//188
f 190//190 51//51 187//187
f 187//187 51//51 48//48
f 52//52 191//191 189//189
f 57//57 192//192 52//52
f 52//52 192//192 191//191
f 51//51 56//56 53//53
f 194//194 192//192 57//57
f 54//54 194//194 57//57
f 192//192 194//194 193//193
f 58//58 201//201 54//54
f 54//54 201//201 194//194
f 56//56 195//195 198//198
f 195//195 56//56 196//196
f 59//59 201//201 58//58
f 59//59 203//203 201//201
f 59//59 198//198 203//203
f 198//198 196//196 199//199
f 195//195 196//196 198//198
f 199//199 196//196 56//56
f 197//197 194//194 201//201
f 205//205 203//203 198//198
f 205//205 198//198 202//202
f 352//352 202//202 198//198
f 198//198 199//199 352//352
f 197//197 201//201 200//200
f 204//204 201//201 206//206
f 206//206 201//201 203//203
f 207//207 206//206 203//203
f 207//207 203//203 205//205
f 205//205 202//202 354//354
f 209//209 204//204 206//206
f 210//210 207//207 205//205
f 210//210 205//205 354//354
f 211//211 214//214 204//204
f 211//211 204//204 209//209
f 209//209 206//206 61//61
f 61//61 206//206 60//60
f 60//60 206//206 207//207
f 207//207 210//210 60//60
f 210//210 354//354 208//208
f 208//208 212//212 210//210
f 211//211 209//209 61//61
f 210//210 62//62 60//60
f 63//63 214//214 61//61
f 61//61 214//214 211//211
f 210//210 215//215 62//62
f 215//215 210//210 212//212
f 213//213 356//356 214//214
f 215//215 65//65 62//62
f 216//216 215//215 212//212
f 213//213 214//214 66//66
f 66//66 214//214 63//63
f 71//71 65//65 215//215
f 71//71 215//215 216//216
f 67//67 217//217 66//66
f 66//66 217//217 213//213
f 71//71 216//216 362//362
f 72//72 217//217 67//67
f 220//220 71//71 362//362
f 72//72 218//218 217//217
f 221//221 218//218 219//219
f 75//75 219//219 72//72
f 72//72 219//219 218//218
f 220//220 73//73 71//71
f 222//222 73//73 220//220
f 222//222 220//220 367//367
f 76//76 221//221 219//219
f 75//75 76//76 219//219
f 222//222 223//223 73//73
f 225//225 221//221 76//76
f 81//81 225//225 76//76
f 222//222 224//224 223//223
f 230//230 225//225 226//226
f 81//81 226//226 225//225
f 223//223 370//370 228//228
f 223//223 224//224 370//370
f 225//225 230//230 227//227
f 370//370 229//229 228//228
f 84//84 230//230 81//81
f 81//81 230//230 226//226
f 231//231 227//227 230//230
f 85//85 230//230 84//84
f 229//229 86//86 228//228
f 85//85 231//231 230//230
f 374//374 87//87 229//229
f 229//229 87//87 86//86
f 233//233 231//231 234//234
f 85//85 234//234 231//231
f 374//374 232//232 87//87
f 374//374 376//376 232//232
f 89//89 234//234 85//85
f 92//92 234//234 89//89
f 232//232 376//376 235//235
f 92//92 233//233 234//234
f 378//378 233//233 92//92
f 236//236 97//97 232//232
f 236//236 232//232 235//235
f 381//381 92//92 94//94
f 381//381 378//378 92//92
f 102//102 381//381 94//94
f 236//236 99//99 97//97
f 236//236 237//237 99//99
f 101//101 239//239 102//102
f 102//102 239//239 381//381
f 237//237 105//105 99//99
f 237//237 238//238 105//105
f 108//108 240//240 101//101
f 101//101 240//240 239//239
f 242//242 106//106 238//238
f 238//238 106//106 105//105
f 242//242 238//238 241//241
f 243//243 242//242 241//241
f 386//386 242//242 243//243
f 244//244 242//242 386//386
f 112//112 245//245 108//108
f 108//108 245//245 240//240
f 244//244 109//109 242//242
f 244//244 386//386 109//109
f 109//109 386//386 246//246
f 112//112 247//247 245//245
f 388//388 109//109 246//246
f 114//114 247//247 112//112
f 248//248 113//113 388//388
f 388//388 113//113 109//109
f 121//121 247//247 114//114
f 121//121 249//249 247//247
f 250//250 113//113 248//248
f 251//251 249//249 121//121
f 252//252 113//113 250//250
f 28//28 253//253 120//120
f 393//393 122//122 254//254
f 127//127 253//253 28//28
f 393//393 395//395 122//122
f 394//394 253//253 255//255
f 256//256 125//125 122//122
f 122//122 395//395 507//507
f 122//122 507//507 256//256
f 126//126 255//255 127//127
f 127//127 255//255 253//253
f 256//256 35//35 125//125
f 256//256 129//129 35//35
f 257//257 126//126 128//128
f 129//129 397//397 258//258
f 128//128 260//260 257//257
f 258//258 397//397 259//259
f 134//134 260//260 133//133
f 258//258 263//263 135//135
f 258//258 515//515 399//399
f 515//515 258//258 259//259
f 261//261 260//260 136//136
f 260//260 134//134 136//136
f 135//135 263//263 132//132
f 263//263 139//139 132//132
f 263//263 258//258 399//399
f 262//262 136//136 137//137
f 139//139 265//265 138//138
f 138//138 265//265 137//137
f 264//264 262//262 137//137
f 264//264 137//137 265//265
f 403//403 265//265 139//139
f 403//403 139//139 404//404
f 269//269 266//266 274//274
f 274//274 266//266 267//267
f 267//267 268//268 270//270
f 271//271 267//267 270//270
f 411//411 267//267 271//271
f 272//272 269//269 274//274
f 275//275 274//274 267//267
f 275//275 267//267 411//411
f 275//275 411//411 273//273
f 278//278 272//272 274//274
f 277//277 274//274 275//275
f 278//278 274//274 277//277
f 277//277 275//275 416//416
f 275//275 273//273 416//416
f 276//276 272//272 281//281
f 279//279 272//272 278//278
f 282//282 281//281 272//272
f 282//282 272//272 279//279
f 279//279 278//278 140//140
f 278//278 280//280 140//140
f 278//278 277//277 280//280
f 416//416 280//280 277//277
f 140//140 282//282 279//279
f 280//280 141//141 140//140
f 283//283 281//281 282//282
f 142//142 282//282 140//140
f 286//286 143//143 280//280
f 280//280 143//143 141//141
f 416//416 286//286 280//280
f 284//284 281//281 283//283
f 145//145 282//282 142//142
f 285//285 283//283 282//282
f 145//145 285//285 282//282
f 286//286 144//144 143//143
f 288//288 284//284 283//283
f 145//145 283//283 285//285
f 289//289 144//144 286//286
f 289//289 286//286 287//287
f 145//145 288//288 283//283
f 290//290 144//144 289//289
f 145//145 291//291 288//288
f 290//290 292//292 144//144
f 289//289 424//424 290//290
f 293//293 288//288 291//291
f 146//146 291//291 145//145
f 290//290 424//424 292//292
f 293//293 291//291 146//146
f 292//292 424//424 296//296
f 298//298 293//293 295//295
f 295//295 293//293 146//146
f 147//147 295//295 146//146
f 296//296 147//147 294//294
f 297//297 147//147 296//296
f 296//296 294//294 292//292
f 299//299 295//295 147//147
f 299//299 298//298 295//295
f 300//300 299//299 147//147
f 300//300 147//147 297//297
f 296//296 429//429 297//297
f 301//301 298//298 303//303
f 303//303 298//298 299//299
f 297//297 429//429 300//300
f 303//303 299//299 306//306
f 302//302 301//301 303//303
f 304//304 299//299 300//300
f 306//306 299//299 304//304
f 429//429 434//434 300//300
f 305//305 303//303 306//306
f 300//300 434//434 304//304
f 309//309 301//301 302//302
f 307//307 302//302 303//303
f 307//307 303//303 305//305
f 310//310 305//305 306//306
f 311//311 306//306 304//304
f 310//310 306//306 311//311
f 309//309 307//307 148//148
f 309//309 302//302 307//307
f 148//148 307//307 305//305
f 311//311 304//304 313//313
f 308//308 309//309 312//312
f 148//148 314//314 309//309
f 310//310 311//311 151//151
f 312//312 309//309 314//314
f 152//152 314//314 148//148
f 316//316 151//151 311//311
f 312//312 314//314 150//150
f 150//150 314//314 152//152
f 311//311 313//313 438//438
f 311//311 438//438 316//316
f 315//315 312//312 317//317
f 154//154 312//312 150//150
f 316//316 153//153 151//151
f 154//154 317//317 312//312
f 316//316 156//156 153//153
f 316//316 318//318 156//156
f 316//316 438//438 318//318
f 323//323 317//317 158//158
f 154//154 158//158 317//317
f 321//321 156//156 318//318
f 320//320 323//323 158//158
f 162//162 320//320 158//158
f 159//159 323//323 162//162
f 162//162 323//323 320//320
f 321//321 322//322 156//156
f 321//321 161//161 322//322
f 319//319 323//323 324//324
f 163//163 324//324 159//159
f 159//159 324//324 323//323
f 445//445 161//161 321//321
f 163//163 325//325 324//324
f 445//445 326//326 161//161
f 326//326 168//168 167//167
f 328//328 327//327 325//325
f 169//169 328//328 325//325
f 329//329 168//168 326//326
f 326//326 449//449 329//329
f 171//171 328//328 169//169
f 329//329 330//330 168//168
f 331//331 330//330 329//329
f 333//333 328//328 171//171
f 333//333 327//327 328//328
f 332//332 330//330 331//331
f 334//334 330//330 332//332
f 175//175 333//333 171//171
f 334//334 335//335 330//330
f 332//332 335//335 334//334
f 176//176 175//175 174//174
f 454//454 335//335 332//332
f 176//176 336//336 175//175
f 454//454 456//456 177//177
f 180//180 336//336 176//176
f 456//456 337//337 177//177
f 338//338 336//336 180//180
f 338//338 457//457 336//336
f 339//339 337//337 340//340
f 339//339 184//184 337//337
f 184//184 339//339 185//185
f 341//341 180//180 183//183
f 341//341 338//338 180//180
f 339//339 345//345 185//185
f 188//188 342//342 183//183
f 183//183 342//342 341//341
f 339//339 460//460 345//345
f 191//191 343//343 188//188
f 188//188 343//343 342//342
f 461//461 345//345 460//460
f 191//191 344//344 343//343
f 345//345 190//190 187//187
f 192//192 462//462 191//191
f 191//191 462//462 344//344
f 347//347 190//190 345//345
f 347//347 345//345 576//576
f 192//192 346//346 462//462
f 347//347 51//51 190//190
f 193//193 348//348 192//192
f 192//192 348//348 346//346
f 51//51 347//347 464//464
f 194//194 348//348 193//193
f 464//464 56//56 51//51
f 464//464 349//349 56//56
f 194//194 200//200 348//348
f 56//56 350//350 199//199
f 56//56 349//349 350//350
f 197//197 200//200 194//194
f 199//199 350//350 352//352
f 204//204 351//351 201//201
f 201//201 351//351 200//200
f 355//355 202//202 352//352
f 355//355 352//352 353//353
f 468//468 351//351 204//204
f 355//355 354//354 202//202
f 214//214 468//468 204//204
f 214//214 356//356 468//468
f 470//470 212//212 354//354
f 354//354 212//212 208//208
f 354//354 355//355 470//470
f 216//216 212//212 470//470
f 213//213 473//473 356//356
f 356//356 473//473 357//357
f 217//217 358//358 213//213
f 213//213 358//358 473//473
f 360//360 359//359 216//216
f 217//217 361//361 358//358
f 359//359 362//362 216//216
f 359//359 360//360 362//362
f 218//218 363//363 217//217
f 217//217 363//363 361//361
f 479//479 220//220 362//362
f 218//218 364//364 363//363
f 365//365 220//220 479//479
f 221//221 366//366 218//218
f 218//218 366//366 364//364
f 365//365 367//367 220//220
f 221//221 368//368 366//366
f 367//367 481//481 222//222
f 225//225 369//369 221//221
f 221//221 369//369 368//368
f 370//370 224//224 222//222
f 222//222 481//481 370//370
f 227//227 372//372 225//225
f 225//225 372//372 369//369
f 371//371 229//229 370//370
f 231//231 372//372 227//227
f 231//231 373//373 372//372
f 374//374 229//229 371//371
f 233//233 373//373 231//231
f 374//374 487//487 376//376
f 233//233 375//375 373//373
f 378//378 377//377 233//233
f 233//233 377//377 375//375
f 376//376 487//487 235//235
f 379//379 236//236 235//235
f 381//381 380//380 378//378
f 384//384 236//236 379//379
f 384//384 237//237 236//236
f 384//384 379//379 382//382
f 380//380 381//381 383//383
f 239//239 383//383 381//381
f 384//384 238//238 237//237
f 240//240 383//383 239//239
f 241//241 238//238 384//384
f 240//240 385//385 383//383
f 243//243 241//241 496//496
f 496//496 386//386 243//243
f 245//245 387//387 240//240
f 240//240 387//387 385//385
f 388//388 246//246 386//386
f 386//386 497//497 388//388
f 247//247 389//389 245//245
f 245//245 389//389 387//387
f 388//388 497//497 248//248
f 247//247 390//390 389//389
f 248//248 497//497 499//499
f 249//249 390//390 247//247
f 248//248 499//499 391//391
f 248//248 391//391 250//250
f 251//251 504//504 249//249
f 249//249 504//504 390//390
f 391//391 252//252 250//250
f 120//120 504//504 251//251
f 391//391 503//503 252//252
f 253//253 392//392 120//120
f 120//120 392//392 504//504
f 393//393 254//254 252//252
f 252//252 503//503 393//393
f 393//393 507//507 395//395
f 255//255 505//505 394//394
f 126//126 396//396 255//255
f 508//508 256//256 507//507
f 257//257 396//396 126//126
f 508//508 129//129 256//256
f 508//508 510//510 129//129
f 129//129 510//510 619//619
f 129//129 619//619 397//397
f 260//260 509//509 257//257
f 398//398 512//512 260//260
f 512//512 509//509 260//260
f 261//261 398//398 260//260
f 397//397 515//515 259//259
f 136//136 398//398 261//261
f 514//514 399//399 515//515
f 400//400 398//398 136//136
f 262//262 402//402 136//136
f 136//136 402//402 400//400
f 263//263 404//404 139//139
f 404//404 263//263 399//399
f 401//401 404//404 399//399
f 401//401 399//399 514//514
f 264//264 402//402 262//262
f 402//402 264//264 265//265
f 265//265 403//403 402//402
f 518//518 402//402 403//403
f 526//526 407//407 406//406
f 408//408 405//405 269//269
f 269//269 405//405 266//266
f 266//266 405//405 406//406
f 266//266 406//406 267//267
f 267//267 406//406 407//407
f 267//267 407//407 268//268
f 408//408 409//409 410//410
f 409//409 408//408 269//269
f 407//407 270//270 268//268
f 270//270 407//407 271//271
f 407//407 530//530 271//271
f 407//407 527//527 530//530
f 272//272 410//410 269//269
f 269//269 410//410 409//409
f 530//530 411//411 271//271
f 272//272 412//412 410//410
f 531//531 273//273 411//411
f 276//276 413//413 272//272
f 272//272 413//413 412//412
f 414//414 416//416 273//273
f 273//273 531//531 414//414
f 281//281 415//415 276//276
f 276//276 415//415 413//413
f 414//414 417//417 416//416
f 281//281 418//418 415//415
f 416//416 417//417 419//419
f 419//419 286//286 416//416
f 284//284 418//418 281//281
f 286//286 419//419 420//420
f 419//419 535//535 420//420
f 422//422 286//286 420//420
f 422//422 287//287 286//286
f 288//288 421//421 284//284
f 284//284 421//421 418//418
f 422//422 289//289 287//287
f 423//423 289//289 422//422
f 293//293 421//421 288//288
f 423//423 424//424 289//289
f 293//293 542//542 421//421
f 425//425 296//296 424//424
f 298//298 542//542 293//293
f 298//298 426//426 542//542
f 427//427 429//429 425//425
f 425//425 429//429 296//296
f 425//425 547//547 427//427
f 298//298 545//545 426//426
f 301//301 428//428 298//298
f 298//298 428//428 545//545
f 301//301 430//430 428//428
f 429//429 547//547 432//432
f 301//301 431//431 430//430
f 432//432 434//434 429//429
f 301//301 433//433 431//431
f 432//432 304//304 434//434
f 309//309 435//435 301//301
f 301//301 435//435 433//433
f 432//432 436//436 304//304
f 308//308 437//437 309//309
f 309//309 437//437 435//435
f 551//551 313//313 304//304
f 304//304 436//436 551//551
f 308//308 312//312 437//437
f 315//315 437//437 312//312
f 438//438 313//313 551//551
f 552//552 437//437 439//439
f 439//439 437//437 315//315
f 438//438 551//551 553//553
f 317//317 439//439 315//315
f 438//438 553//553 440//440
f 317//317 441//441 439//439
f 323//323 442//442 317//317
f 317//317 442//442 441//441
f 440//440 318//318 438//438
f 319//319 442//442 323//323
f 443//443 321//321 440//440
f 440//440 321//321 318//318
f 321//321 443//443 444//444
f 324//324 446//446 319//319
f 444//444 445//445 321//321
f 325//325 446//446 324//324
f 447//447 326//326 445//445
f 327//327 446//446 325//325
f 327//327 448//448 446//446
f 447//447 449//449 326//326
f 447//447 667//667 449//449
f 562//562 329//329 449//449
f 449//449 667//667 562//562
f 327//327 450//450 448//448
f 333//333 450//450 327//327
f 452//452 331//331 329//329
f 329//329 562//562 452//452
f 333//333 451//451 450//450
f 452//452 332//332 331//331
f 452//452 568//568 332//332
f 175//175 451//451 333//333
f 568//568 454//454 332//332
f 455//455 453//453 175//175
f 336//336 455//455 175//175
f 336//336 457//457 455//455
f 570//570 337//337 456//456
f 570//570 340//340 337//337
f 570//570 572//572 340//340
f 458//458 457//457 341//341
f 341//341 457//457 338//338
f 572//572 574//574 340//340
f 458//458 341//341 459//459
f 460//460 339//339 340//340
f 340//340 574//574 460//460
f 341//341 342//342 459//459
f 575//575 345//345 461//461
f 575//575 576//576 345//345
f 462//462 463//463 465//465
f 348//348 463//463 346//346
f 346//346 463//463 462//462
f 576//576 464//464 347//347
f 463//463 348//348 465//465
f 348//348 466//466 465//465
f 200//200 466//466 348//348
f 580//580 350//350 464//464
f 464//464 350//350 349//349
f 351//351 467//467 200//200
f 200//200 467//467 466//466
f 351//351 581//581 467//467
f 353//353 352//352 350//350
f 350//350 580//580 353//353
f 468//468 581//581 351//351
f 583//583 471//471 353//353
f 471//471 355//355 353//353
f 469//469 468//468 473//473
f 357//357 468//468 356//356
f 471//471 470//470 355//355
f 357//357 473//473 468//468
f 470//470 471//471 474//474
f 360//360 216//216 474//474
f 474//474 216//216 470//470
f 476//476 473//473 475//475
f 361//361 475//475 358//358
f 358//358 475//475 473//473
f 477//477 360//360 474//474
f 476//476 475//475 361//361
f 364//364 476//476 361//361
f 363//363 364//364 361//361
f 362//362 477//477 479//479
f 362//362 360//360 477//477
f 366//366 478//478 364//364
f 480//480 365//365 479//479
f 479//479 590//590 480//480
f 480//480 367//367 365//365
f 480//480 481//481 367//367
f 480//480 590//590 481//481
f 369//369 366//366 368//368
f 369//369 372//372 366//366
f 482//482 370//370 481//481
f 481//481 590//590 482//482
f 482//482 590//590 483//483
f 482//482 371//371 370//370
f 372//372 484//484 595//595
f 599//599 371//371 482//482
f 482//482 483//483 599//599
f 373//373 484//484 372//372
f 599//599 374//374 371//371
f 373//373 485//485 484//484
f 486//486 374//374 599//599
f 373//373 377//377 485//485
f 486//486 487//487 374//374
f 486//486 599//599 487//487
f 375//375 377//377 373//373
f 378//378 488//488 377//377
f 488//488 380//380 489//489
f 488//488 378//378 380//380
f 382//382 603//603 490//490
f 490//490 384//384 382//382
f 383//383 491//491 380//380
f 380//380 491//491 489//489
f 383//383 605//605 491//491
f 494//494 241//241 490//490
f 490//490 241//241 384//384
f 490//490 492//492 606//606
f 490//490 606//606 494//494
f 385//385 493//493 383//383
f 383//383 493//493 605//605
f 494//494 496//496 241//241
f 606//606 496//496 494//494
f 387//387 495//495 385//385
f 608//608 386//386 496//496
f 608//608 497//497 386//386
f 389//389 498//498 387//387
f 389//389 500//500 498//498
f 390//390 500//500 389//389
f 613//613 391//391 499//499
f 504//504 500//500 390//390
f 504//504 501//501 500//500
f 502//502 391//391 613//613
f 613//613 503//503 502//502
f 502//502 503//503 391//391
f 253//253 504//504 392//392
f 506//506 393//393 503//503
f 394//394 505//505 253//253
f 253//253 505//505 504//504
f 506//506 507//507 393//393
f 506//506 503//503 507//507
f 255//255 396//396 505//505
f 618//618 508//508 507//507
f 257//257 509//509 396//396
f 509//509 512//512 511//511
f 619//619 513//513 397//397
f 513//513 515//515 397//397
f 516//516 512//512 398//398
f 400//400 516//516 398//398
f 402//402 516//516 400//400
f 404//404 401//401 514//514
f 517//517 404//404 514//514
f 623//623 516//516 402//402
f 518//518 623//623 402//402
f 404//404 521//521 403//403
f 521//521 404//404 625//625
f 519//519 625//625 404//404
f 520//520 624//624 518//518
f 403//403 520//520 518//518
f 524//524 526//526 523//523
f 408//408 525//525 522//522
f 408//408 522//522 405//405
f 405//405 522//522 406//406
f 406//406 522//522 523//523
f 406//406 523//523 526//526
f 526//526 527//527 407//407
f 408//408 528//528 525//525
f 410//410 529//529 408//408
f 408//408 529//529 528//528
f 530//530 527//527 633//633
f 636//636 529//529 410//410
f 637//637 411//411 530//530
f 412//412 636//636 410//410
f 637//637 531//531 411//411
f 413//413 636//636 412//412
f 413//413 532//532 636//636
f 417//417 414//414 531//531
f 415//415 532//532 413//413
f 532//532 418//418 533//533
f 532//532 415//415 418//418
f 534//534 419//419 417//417
f 535//535 419//419 534//534
f 642//642 535//535 534//534
f 643//643 533//533 646//646
f 418//418 646//646 533//533
f 641//641 420//420 535//535
f 536//536 420//420 641//641
f 421//421 646//646 418//418
f 538//538 422//422 420//420
f 421//421 537//537 646//646
f 539//539 422//422 538//538
f 421//421 541//541 537//537
f 422//422 540//540 423//423
f 539//539 540//540 422//422
f 542//542 541//541 421//421
f 540//540 424//424 423//423
f 541//541 542//542 543//543
f 540//540 425//425 424//424
f 540//540 547//547 425//425
f 426//426 545//545 542//542
f 547//547 540//540 544//544
f 542//542 545//545 546//546
f 547//547 429//429 427//427
f 430//430 545//545 428//428
f 547//547 544//544 650//650
f 430//430 431//431 545//545
f 548//548 432//432 547//547
f 547//547 650//650 548//548
f 545//545 431//431 433//433
f 545//545 433//433 653//653
f 432//432 548//548 436//436
f 437//437 433//433 435//435
f 437//437 549//549 433//433
f 553//553 436//436 550//550
f 552//552 549//549 437//437
f 553//553 551//551 436//436
f 439//439 441//441 552//552
f 554//554 440//440 553//553
f 555//555 440//440 554//554
f 442//442 556//556 441//441
f 555//555 443//443 440//440
f 319//319 556//556 442//442
f 319//319 660//660 556//556
f 558//558 444//444 443//443
f 446//446 557//557 319//319
f 319//319 557//557 660//660
f 558//558 445//445 444//444
f 559//559 447//447 558//558
f 558//558 447//447 445//445
f 446//446 561//561 557//557
f 667//667 447//447 559//559
f 448//448 560//560 446//446
f 446//446 560//560 561//561
f 561//561 560//560 564//564
f 667//667 668//668 562//562
f 450//450 560//560 448//448
f 564//564 560//560 563//563
f 450//450 563//563 560//560
f 565//565 452//452 562//562
f 562//562 668//668 565//565
f 451//451 563//563 450//450
f 564//564 563//563 566//566
f 175//175 563//563 451//451
f 565//565 568//568 452//452
f 565//565 670//670 568//568
f 175//175 566//566 563//563
f 453//453 567//567 175//175
f 175//175 567//567 566//566
f 456//456 454//454 568//568
f 455//455 567//567 453//453
f 457//457 672//672 455//455
f 457//457 458//458 672//672
f 569//569 570//570 456//456
f 569//569 572//572 570//570
f 573//573 571//571 459//459
f 459//459 571//571 458//458
f 342//342 573//573 459//459
f 574//574 461//461 460//460
f 343//343 573//573 342//342
f 344//344 675//675 343//343
f 768//768 575//575 461//461
f 462//462 675//675 344//344
f 575//575 768//768 576//576
f 465//465 577//577 462//462
f 578//578 464//464 677//677
f 677//677 464//464 576//576
f 579//579 464//464 578//578
f 466//466 577//577 465//465
f 579//579 580//580 464//464
f 579//579 578//578 580//580
f 466//466 467//467 577//577
f 353//353 580//580 578//578
f 681//681 583//583 353//353
f 582//582 468//468 584//584
f 582//582 581//581 468//468
f 469//469 585//585 468//468
f 468//468 585//585 584//584
f 473//473 585//585 469//469
f 586//586 683//683 684//684
f 472//472 585//585 473//473
f 587//587 471//471 586//586
f 586//586 684//684 587//587
f 587//587 474//474 471//471
f 476//476 588//588 473//473
f 473//473 588//588 472//472
f 587//587 477//477 474//474
f 364//364 588//588 476//476
f 589//589 477//477 587//587
f 587//587 686//686 590//590
f 587//587 590//590 589//589
f 364//364 687//687 588//588
f 589//589 479//479 477//477
f 590//590 479//479 589//589
f 478//478 687//687 364//364
f 366//366 591//591 478//478
f 372//372 591//591 366//366
f 594//594 590//590 592//592
f 372//372 593//593 591//591
f 594//594 483//483 590//590
f 372//372 595//595 593//593
f 484//484 596//596 595//595
f 598//598 599//599 693//693
f 693//693 599//599 483//483
f 693//693 597//597 598//598
f 484//484 485//485 596//596
f 598//598 597//597 599//599
f 377//377 600//600 485//485
f 487//487 599//599 601//601
f 488//488 600//600 377//377
f 601//601 235//235 487//487
f 601//601 379//379 235//235
f 601//601 603//603 379//379
f 602//602 600//600 488//488
f 604//604 602//602 488//488
f 603//603 382//382 379//379
f 489//489 604//604 488//488
f 785//785 490//490 603//603
f 697//697 490//490 785//785
f 491//491 605//605 489//489
f 492//492 490//490 697//697
f 385//385 605//605 493//493
f 385//385 495//495 605//605
f 608//608 496//496 606//606
f 387//387 607//607 495//495
f 498//498 607//607 387//387
f 610//610 497//497 608//608
f 608//608 609//609 611//611
f 608//608 611//611 610//610
f 498//498 705//705 607//607
f 610//610 611//611 497//497
f 611//611 499//499 497//497
f 500//500 705//705 498//498
f 611//611 613//613 499//499
f 611//611 612//612 704//704
f 611//611 704//704 613//613
f 501//501 705//705 500//500
f 501//501 614//614 705//705
f 704//704 503//503 613//613
f 504//504 614//614 501//501
f 504//504 615//615 614//614
f 706//706 503//503 704//704
f 504//504 616//616 615//615
f 505//505 616//616 504//504
f 709//709 503//503 706//706
f 505//505 617//617 616//616
f 709//709 507//507 503//503
f 396//396 617//617 505//505
f 709//709 618//618 507//507
f 713//713 508//508 618//618
f 509//509 712//712 396//396
f 716//716 619//619 510//510
f 508//508 716//716 510//510
f 620//620 511//511 512//512
f 512//512 516//516 620//620
f 621//621 513//513 619//619
f 621//621 619//619 716//716
f 622//622 620//620 516//516
f 622//622 516//516 719//719
f 515//515 513//513 621//621
f 623//623 719//719 516//516
f 517//517 519//519 404//404
f 517//517 514//514 515//515
f 517//517 515//515 519//519
f 723//723 623//623 518//518
f 625//625 519//519 801//801
f 725//725 723//723 518//518
f 725//725 518//518 624//624
f 624//624 520//520 403//403
f 624//624 403//403 521//521
f 624//624 521//521 625//625
f 525//525 629//629 522//522
f 627//627 523//523 626//626
f 523//523 629//629 626//626
f 523//523 522//522 629//629
f 628//628 523//523 627//627
f 628//628 524//524 523//523
f 524//524 628//628 526//526
f 630//630 526//526 628//628
f 629//629 525//525 631//631
f 630//630 527//527 526//526
f 527//527 630//630 633//633
f 635//635 631//631 528//528
f 528//528 631//631 525//525
f 634//634 633//633 632//632
f 635//635 528//528 529//529
f 634//634 530//530 633//633
f 635//635 529//529 636//636
f 634//634 637//637 530//530
f 737//737 531//531 637//637
f 532//532 638//638 636//636
f 737//737 417//417 531//531
f 417//417 737//737 738//738
f 638//638 639//639 739//739
f 532//532 639//639 638//638
f 640//640 534//534 738//738
f 738//738 534//534 417//417
f 738//738 641//641 640//640
f 739//739 639//639 533//533
f 643//643 739//739 533//533
f 533//533 639//639 532//532
f 640//640 642//642 534//534
f 640//640 641//641 642//642
f 641//641 535//535 642//642
f 646//646 644//644 643//643
f 645//645 536//536 641//641
f 645//645 420//420 536//536
f 537//537 647//647 646//646
f 645//645 538//538 420//420
f 541//541 647//647 537//537
f 648//648 539//539 645//645
f 645//645 539//539 538//538
f 645//645 743//743 648//648
f 648//648 540//540 539//539
f 541//541 744//744 647//647
f 648//648 743//743 816//816
f 543//543 744//744 541//541
f 542//542 649//649 543//543
f 544//544 540//540 648//648
f 542//542 746//746 649//649
f 546//546 746//746 542//542
f 544//544 747//747 650//650
f 653//653 546//546 545//545
f 651//651 436//436 650//650
f 650//650 436//436 548//548
f 650//650 747//747 651//651
f 549//549 652//652 433//433
f 433//433 652//652 653//653
f 653//653 652//652 654//654
f 655//655 550//550 651//651
f 651//651 550//550 436//436
f 552//552 652//652 549//549
f 655//655 553//553 550//550
f 552//552 654//654 652//652
f 555//555 553//553 655//655
f 656//656 654//654 657//657
f 441//441 657//657 552//552
f 552//552 657//657 654//654
f 555//555 554//554 553//553
f 658//658 657//657 556//556
f 660//660 658//658 556//556
f 556//556 657//657 441//441
f 661//661 555//555 659//659
f 661//661 443//443 555//555
f 661//661 558//558 443//443
f 557//557 664//664 660//660
f 663//663 558//558 661//661
f 661//661 662//662 663//663
f 663//663 559//559 558//558
f 561//561 664//664 557//557
f 665//665 559//559 663//663
f 665//665 663//663 662//662
f 561//561 666//666 664//664
f 756//756 559//559 665//665
f 756//756 667//667 559//559
f 564//564 666//666 561//561
f 757//757 565//565 668//668
f 566//566 567//567 564//564
f 669//669 670//670 565//565
f 763//763 568//568 670//670
f 455//455 671//671 567//567
f 763//763 456//456 568//568
f 673//673 672//672 571//571
f 674//674 673//673 571//571
f 571//571 672//672 458//458
f 569//569 832//832 574//574
f 569//569 574//574 572//572
f 573//573 674//674 571//571
f 834//834 574//574 832//832
f 834//834 461//461 574//574
f 343//343 675//675 573//573
f 573//573 675//675 766//766
f 767//767 768//768 461//461
f 462//462 676//676 675//675
f 770//770 576//576 768//768
f 577//577 678//678 462//462
f 462//462 678//678 676//676
f 770//770 677//677 576//576
f 467//467 679//679 577//577
f 467//467 839//839 679//679
f 578//578 681//681 353//353
f 773//773 681//681 578//578
f 581//581 839//839 467//467
f 581//581 680//680 839//839
f 680//680 581//581 682//682
f 582//582 682//682 581//581
f 683//683 583//583 681//681
f 585//585 682//682 584//584
f 584//584 682//682 582//582
f 586//586 471//471 683//683
f 683//683 471//471 583//583
f 472//472 685//685 585//585
f 588//588 685//685 472//472
f 777//777 587//587 684//684
f 588//588 776//776 685//685
f 777//777 686//686 587//587
f 688//688 590//590 686//686
f 688//688 689//689 590//590
f 478//478 690//690 687//687
f 591//591 690//690 478//478
f 691//691 590//590 689//689
f 591//591 593//593 690//690
f 691//691 592//592 590//590
f 691//691 845//845 780//780
f 691//691 594//594 592//592
f 691//691 780//780 692//692
f 595//595 847//847 593//593
f 692//692 483//483 691//691
f 691//691 483//483 594//594
f 595//595 782//782 847//847
f 692//692 693//693 483//483
f 692//692 597//597 693//693
f 596//596 782//782 595//595
f 485//485 782//782 596//596
f 485//485 783//783 782//782
f 485//485 694//694 783//783
f 695//695 597//597 850//850
f 600//600 694//694 485//485
f 695//695 599//599 597//597
f 695//695 601//601 599//599
f 600//600 696//696 694//694
f 785//785 601//601 695//695
f 602//602 696//696 600//600
f 785//785 603//603 601//601
f 489//489 698//698 604//604
f 605//605 698//698 489//489
f 700//700 492//492 697//697
f 697//697 855//855 700//700
f 700//700 606//606 492//492
f 495//495 699//699 605//605
f 700//700 608//608 606//606
f 855//855 608//608 700//700
f 702//702 608//608 855//855
f 607//607 701//701 495//495
f 702//702 609//609 608//608
f 702//702 611//611 609//609
f 705//705 701//701 607//607
f 612//612 611//611 702//702
f 705//705 703//703 701//701
f 614//614 615//615 705//705
f 792//792 615//615 616//616
f 707//707 709//709 706//706
f 708//708 616//616 710//710
f 396//396 710//710 617//617
f 617//617 710//710 616//616
f 711//711 618//618 709//709
f 396//396 712//712 710//710
f 711//711 713//713 618//618
f 715//715 508//508 713//713
f 715//715 713//713 711//711
f 511//511 712//712 509//509
f 511//511 620//620 712//712
f 715//715 716//716 508//508
f 621//621 716//716 718//718
f 620//620 622//622 719//719
f 717//717 620//620 719//719
f 718//718 721//721 515//515
f 621//621 718//718 515//515
f 723//723 719//719 623//623
f 720//720 519//519 515//515
f 721//721 720//720 515//515
f 722//722 719//719 723//723
f 801//801 519//519 720//720
f 724//724 799//799 723//723
f 724//724 723//723 725//725
f 624//624 802//802 725//725
f 624//624 726//726 727//727
f 726//726 624//624 625//625
f 625//625 801//801 726//726
f 877//877 725//725 802//802
f 802//802 624//624 727//727
f 626//626 729//729 627//627
f 728//728 729//729 626//626
f 729//729 628//628 627//627
f 731//731 629//629 730//730
f 629//629 731//731 626//626
f 628//628 806//806 630//630
f 732//732 806//806 628//628
f 629//629 635//635 730//730
f 629//629 631//631 635//635
f 806//806 633//633 630//630
f 806//806 632//632 633//633
f 733//733 634//634 632//632
f 806//806 733//733 632//632
f 735//735 734//734 635//635
f 808//808 634//634 733//733
f 636//636 735//735 635//635
f 636//636 736//736 735//735
f 737//737 637//637 634//634
f 638//638 736//736 636//636
f 638//638 885//885 736//736
f 638//638 739//739 885//885
f 811//811 738//738 737//737
f 811//811 641//641 738//738
f 886//886 641//641 811//811
f 643//643 644//644 739//739
f 646//646 740//740 644//644
f 742//742 641//641 813//813
f 646//646 741//741 740//740
f 742//742 645//645 641//641
f 647//647 741//741 646//646
f 742//742 743//743 645//645
f 744//744 543//543 649//649
f 744//744 649//649 745//745
f 817//817 648//648 816//816
f 745//745 649//649 746//746
f 817//817 544//544 648//648
f 818//818 544//544 817//817
f 546//546 749//749 746//746
f 818//818 747//747 544//544
f 653//653 748//748 546//546
f 546//546 748//748 749//749
f 749//749 748//748 653//653
f 751//751 749//749 653//653
f 750//750 651//651 747//747
f 654//654 751//751 653//653
f 654//654 822//822 751//751
f 750//750 655//655 651//651
f 823//823 655//655 750//750
f 656//656 822//822 654//654
f 823//823 555//555 655//655
f 657//657 822//822 656//656
f 657//657 658//658 822//822
f 752//752 555//555 823//823
f 752//752 659//659 555//555
f 660//660 825//825 658//658
f 752//752 661//661 659//659
f 660//660 753//753 825//825
f 752//752 662//662 661//661
f 826//826 662//662 752//752
f 664//664 753//753 660//660
f 664//664 754//754 753//753
f 664//664 755//755 754//754
f 662//662 756//756 665//665
f 757//757 667//667 756//756
f 666//666 564//564 758//758
f 757//757 668//668 667//667
f 757//757 756//756 759//759
f 761//761 758//758 760//760
f 564//564 760//760 758//758
f 757//757 669//669 565//565
f 757//757 759//759 902//902
f 757//757 902//902 669//669
f 761//761 760//760 762//762
f 567//567 760//760 564//564
f 671//671 760//760 567//567
f 669//669 763//763 670//670
f 669//669 902//902 763//763
f 455//455 760//760 671//671
f 764//764 760//760 672//672
f 672//672 760//760 455//455
f 763//763 569//569 456//456
f 673//673 764//764 672//672
f 763//763 832//832 569//569
f 573//573 765//765 674//674
f 766//766 765//765 573//573
f 767//767 461//461 834//834
f 675//675 676//676 766//766
f 678//678 769//769 676//676
f 771//771 677//677 770//770
f 770//770 768//768 771//771
f 839//839 678//678 772//772
f 577//577 772//772 678//678
f 774//774 773//773 677//677
f 773//773 578//578 677//677
f 772//772 577//577 839//839
f 577//577 679//679 839//839
f 840//840 681//681 773//773
f 682//682 912//912 680//680
f 841//841 683//683 681//681
f 585//585 912//912 682//682
f 585//585 775//775 912//912
f 841//841 684//684 683//683
f 685//685 775//775 585//585
f 777//777 684//684 841//841
f 588//588 687//687 776//776
f 686//686 777//777 688//688
f 688//688 914//914 845//845
f 688//688 845//845 779//779
f 690//690 844//844 687//687
f 779//779 689//689 688//688
f 779//779 691//691 689//689
f 845//845 691//691 779//779
f 593//593 781//781 690//690
f 848//848 692//692 780//780
f 847//847 781//781 593//593
f 848//848 597//597 692//692
f 850//850 597//597 848//848
f 784//784 695//695 850//850
f 694//694 696//696 783//783
f 602//602 604//604 696//696
f 786//786 697//697 785//785
f 698//698 857//857 604//604
f 787//787 697//697 786//786
f 786//786 855//855 787//787
f 855//855 697//697 787//787
f 605//605 788//788 698//698
f 790//790 855//855 1004//1004
f 699//699 788//788 605//605
f 788//788 699//699 495//495
f 790//790 702//702 855//855
f 788//788 789//789 791//791
f 701//701 789//789 495//495
f 495//495 789//789 788//788
f 1008//1008 702//702 790//790
f 701//701 791//791 789//789
f 1008//1008 612//612 702//702
f 703//703 791//791 701//701
f 705//705 792//792 703//703
f 927//927 704//704 612//612
f 706//706 704//704 927//927
f 615//615 792//792 705//705
f 706//706 866//866 707//707
f 868//868 792//792 616//616
f 708//708 868//868 616//616
f 707//707 711//711 709//709
f 867//867 711//711 707//707
f 712//712 793//793 710//710
f 869//869 711//711 867//867
f 714//714 793//793 712//712
f 711//711 935//935 715//715
f 712//712 871//871 714//714
f 712//712 620//620 871//871
f 794//794 716//716 715//715
f 794//794 715//715 935//935
f 620//620 937//937 871//871
f 795//795 716//716 794//794
f 796//796 937//937 620//620
f 796//796 620//620 717//717
f 718//718 716//716 795//795
f 719//719 796//796 717//717
f 721//721 718//718 798//798
f 797//797 874//874 719//719
f 797//797 719//719 722//722
f 797//797 723//723 799//799
f 797//797 722//722 723//723
f 801//801 720//720 721//721
f 801//801 721//721 798//798
f 799//799 724//724 725//725
f 725//725 877//877 799//799
f 800//800 726//726 801//801
f 944//944 877//877 802//802
f 727//727 726//726 802//802
f 804//804 626//626 803//803
f 626//626 804//804 728//728
f 729//729 728//728 628//628
f 628//628 805//805 732//732
f 728//728 805//805 628//628
f 626//626 731//731 803//803
f 806//806 732//732 805//805
f 730//730 635//635 731//731
f 731//731 635//635 881//881
f 807//807 808//808 806//806
f 733//733 806//806 808//808
f 635//635 734//734 881//881
f 881//881 734//734 809//809
f 735//735 809//809 734//734
f 883//883 737//737 634//634
f 811//811 737//737 883//883
f 739//739 810//810 885//885
f 739//739 812//812 810//810
f 644//644 812//812 739//739
f 813//813 641//641 886//886
f 741//741 644//644 740//740
f 741//741 887//887 644//644
f 814//814 742//742 813//813
f 814//814 743//743 742//742
f 744//744 741//741 647//647
f 888//888 743//743 814//814
f 744//744 815//815 741//741
f 888//888 816//816 743//743
f 745//745 815//815 744//744
f 746//746 891//891 745//745
f 746//746 819//819 891//891
f 749//749 819//819 746//746
f 749//749 820//820 819//819
f 818//818 750//750 747//747
f 751//751 820//820 749//749
f 822//822 893//893 751//751
f 821//821 823//823 750//750
f 825//825 824//824 658//658
f 754//754 825//825 753//753
f 755//755 825//825 754//754
f 755//755 896//896 825//825
f 664//664 896//896 755//755
f 664//664 827//827 896//896
f 827//827 666//666 828//828
f 827//827 664//664 666//666
f 898//898 662//662 826//826
f 898//898 756//756 662//662
f 830//830 756//756 898//898
f 829//829 828//828 758//758
f 901//901 829//829 758//758
f 758//758 828//828 666//666
f 759//759 756//756 830//830
f 761//761 901//901 758//758
f 761//761 762//762 901//901
f 760//760 831//831 762//762
f 764//764 831//831 760//760
f 673//673 674//674 764//764
f 1062//1062 832//832 763//763
f 765//765 833//833 674//674
f 766//766 833//833 765//765
f 767//767 834//834 835//835
f 836//836 767//767 835//835
f 1066//1066 768//768 767//767
f 769//769 837//837 676//676
f 908//908 771//771 768//768
f 678//678 838//838 769//769
f 908//908 677//677 771//771
f 839//839 838//838 678//678
f 840//840 773//773 774//774
f 839//839 680//680 909//909
f 987//987 681//681 840//840
f 987//987 841//841 681//681
f 685//685 912//912 775//775
f 685//685 990//990 912//912
f 842//842 777//777 841//841
f 776//776 990//990 685//685
f 842//842 688//688 777//777
f 687//687 843//843 776//776
f 914//914 688//688 842//842
f 778//778 843//843 687//687
f 687//687 844//844 778//778
f 846//846 780//780 845//845
f 781//781 844//844 690//690
f 782//782 849//849 847//847
f 917//917 850//850 848//848
f 783//783 849//849 782//782
f 783//783 851//851 849//849
f 918//918 784//784 850//850
f 696//696 851//851 783//783
f 696//696 852//852 851//851
f 695//695 918//918 853//853
f 695//695 784//784 918//918
f 853//853 785//785 695//695
f 853//853 854//854 855//855
f 696//696 604//604 1001//1001
f 853//853 786//786 785//785
f 855//855 786//786 853//853
f 1001//1001 604//604 857//857
f 1004//1004 855//855 856//856
f 788//788 858//858 698//698
f 698//698 858//858 857//857
f 788//788 859//859 858//858
f 861//861 859//859 788//788
f 791//791 861//861 788//788
f 860//860 1008//1008 790//790
f 791//791 862//862 861//861
f 703//703 862//862 791//791
f 703//703 863//863 862//862
f 925//925 612//612 1008//1008
f 926//926 612//612 925//925
f 792//792 864//864 703//703
f 926//926 927//927 612//612
f 792//792 865//865 864//864
f 927//927 866//866 706//706
f 927//927 929//929 867//867
f 927//927 867//867 866//866
f 868//868 865//865 792//792
f 867//867 707//707 866//866
f 710//710 868//868 708//708
f 933//933 867//867 931//931
f 933//933 869//869 867//867
f 714//714 870//870 793//793
f 933//933 711//711 869//869
f 933//933 935//935 711//711
f 1018//1018 795//795 794//794
f 873//873 872//872 718//718
f 718//718 795//795 1018//1018
f 718//718 1018//1018 873//873
f 719//719 1019//1019 796//796
f 872//872 798//798 718//718
f 874//874 1019//1019 719//719
f 874//874 797//797 876//876
f 876//876 797//797 799//799
f 877//877 876//876 799//799
f 879//879 800//800 801//801
f 879//879 726//726 800//800
f 801//801 798//798 875//875
f 801//801 875//875 879//879
f 942//942 877//877 944//944
f 878//878 944//944 802//802
f 802//802 726//726 878//878
f 805//805 728//728 807//807
f 803//803 731//731 880//880
f 880//880 731//731 881//881
f 805//805 807//807 806//806
f 807//807 947//947 808//808
f 808//808 947//947 882//882
f 881//881 809//809 948//948
f 735//735 736//736 809//809
f 882//882 634//634 808//808
f 883//883 634//634 882//882
f 885//885 884//884 736//736
f 952//952 886//886 811//811
f 952//952 813//813 886//886
f 644//644 953//953 812//812
f 644//644 887//887 953//953
f 888//888 814//814 813//813
f 741//741 889//889 887//887
f 741//741 745//745 889//889
f 815//815 745//745 741//741
f 957//957 816//816 888//888
f 957//957 817//817 816//816
f 957//957 818//818 817//817
f 891//891 890//890 745//745
f 820//820 751//751 819//819
f 892//892 750//750 818//818
f 961//961 750//750 892//892
f 821//821 750//750 961//961
f 964//964 823//823 821//821
f 822//822 894//894 893//893
f 658//658 894//894 822//822
f 895//895 752//752 823//823
f 824//824 894//894 658//658
f 825//825 894//894 824//824
f 825//825 1051//1051 894//894
f 967//967 752//752 895//895
f 967//967 826//826 752//752
f 968//968 826//826 967//967
f 825//825 969//969 1051//1051
f 825//825 896//896 969//969
f 968//968 897//897 826//826
f 827//827 899//899 896//896
f 1053//1053 826//826 897//897
f 1053//1053 898//898 826//826
f 827//827 900//900 899//899
f 828//828 900//900 827//827
f 829//829 900//900 828//828
f 973//973 902//902 759//759
f 762//762 903//903 901//901
f 831//831 903//903 762//762
f 974//974 763//763 902//902
f 764//764 903//903 831//831
f 764//764 904//904 903//903
f 974//974 976//976 763//763
f 977//977 763//763 976//976
f 674//674 905//905 764//764
f 977//977 1062//1062 763//763
f 674//674 906//906 905//905
f 979//979 832//832 1062//1062
f 833//833 906//906 674//674
f 979//979 834//834 832//832
f 766//766 907//907 833//833
f 982//982 836//836 834//834
f 834//834 836//836 835//835
f 676//676 1064//1064 766//766
f 982//982 767//767 836//836
f 1066//1066 767//767 982//982
f 837//837 1064//1064 676//676
f 1067//1067 768//768 1066//1066
f 1067//1067 908//908 768//768
f 908//908 774//774 677//677
f 840//840 774//774 908//908
f 839//839 909//909 838//838
f 910//910 987//987 840//840
f 680//680 911//911 909//909
f 1070//1070 841//841 987//987
f 988//988 841//841 1070//1070
f 841//841 1073//1073 913//913
f 913//913 842//842 841//841
f 776//776 843//843 990//990
f 842//842 913//913 1073//1073
f 992//992 842//842 1073//1073
f 992//992 914//914 842//842
f 778//778 993//993 843//843
f 995//995 845//845 914//914
f 846//846 845//845 995//995
f 995//995 780//780 846//846
f 781//781 915//915 844//844
f 996//996 780//780 995//995
f 996//996 848//848 780//780
f 847//847 849//849 781//781
f 916//916 848//848 996//996
f 916//916 917//917 848//848
f 851//851 919//919 849//849
f 918//918 850//850 917//917
f 852//852 919//919 851//851
f 853//853 918//918 854//854
f 696//696 1001//1001 852//852
f 918//918 856//856 854//854
f 855//855 854//854 856//856
f 857//857 920//920 1001//1001
f 858//858 920//920 857//857
f 860//860 790//790 1004//1004
f 858//858 859//859 1005//1005
f 861//861 921//921 859//859
f 1005//1005 859//859 1006//1006
f 1006//1006 859//859 921//921
f 1006//1006 921//921 861//861
f 1006//1006 861//861 922//922
f 862//862 863//863 861//861
f 922//922 861//861 1091//1091
f 1091//1091 861//861 863//863
f 1007//1007 1008//1008 860//860
f 1091//1091 863//863 924//924
f 923//923 925//925 1008//1008
f 703//703 924//924 863//863
f 864//864 924//924 703//703
f 865//865 928//928 864//864
f 868//868 928//928 865//865
f 868//868 930//930 928//928
f 929//929 931//931 867//867
f 868//868 932//932 930//930
f 710//710 932//932 868//868
f 793//793 932//932 710//710
f 870//870 714//714 934//934
f 871//871 937//937 714//714
f 937//937 934//934 714//714
f 794//794 935//935 936//936
f 936//936 1018//1018 794//794
f 1019//1019 937//937 796//796
f 873//873 798//798 872//872
f 1097//1097 798//798 873//873
f 938//938 1019//1019 874//874
f 938//938 874//874 939//939
f 798//798 1097//1097 1022//1022
f 940//940 939//939 874//874
f 941//941 874//874 876//876
f 941//941 940//940 874//874
f 875//875 798//798 1022//1022
f 875//875 1022//1022 1023//1023
f 876//876 877//877 941//941
f 943//943 878//878 726//726
f 943//943 879//879 1023//1023
f 726//726 879//879 943//943
f 1023//1023 879//879 875//875
f 803//803 880//880 804//804
f 880//880 946//946 804//804
f 804//804 946//946 728//728
f 728//728 946//946 947//947
f 947//947 807//807 728//728
f 881//881 945//945 880//880
f 881//881 948//948 945//945
f 1032//1032 882//882 947//947
f 950//950 949//949 809//809
f 949//949 948//948 809//809
f 736//736 950//950 809//809
f 884//884 950//950 736//736
f 1036//1036 811//811 883//883
f 1196//1196 952//952 811//811
f 810//810 951//951 885//885
f 812//812 951//951 810//810
f 1040//1040 813//813 952//952
f 887//887 954//954 953//953
f 1204//1204 888//888 813//813
f 889//889 1041//1041 887//887
f 1120//1120 888//888 1042//1042
f 745//745 956//956 889//889
f 956//956 1041//1041 889//889
f 1043//1043 957//957 888//888
f 890//890 956//956 745//745
f 958//958 1045//1045 956//956
f 890//890 958//958 956//956
f 891//891 958//958 890//890
f 957//957 892//892 818//818
f 819//819 959//959 891//891
f 819//819 960//960 959//959
f 751//751 960//960 819//819
f 961//961 892//892 1046//1046
f 893//893 963//963 751//751
f 962//962 821//821 961//961
f 893//893 1049//1049 963//963
f 894//894 1049//1049 893//893
f 1048//1048 823//823 964//964
f 894//894 965//965 1049//1049
f 1048//1048 895//895 823//823
f 894//894 966//966 965//965
f 1051//1051 966//966 894//894
f 899//899 969//969 896//896
f 899//899 970//970 969//969
f 1055//1055 898//898 1053//1053
f 1055//1055 830//830 898//898
f 971//971 900//900 829//829
f 1055//1055 759//759 830//830
f 1056//1056 759//759 1055//1055
f 973//973 759//759 1056//1056
f 972//972 1057//1057 829//829
f 901//901 972//972 829//829
f 903//903 972//972 901//901
f 973//973 974//974 902//902
f 904//904 975//975 903//903
f 764//764 978//978 904//904
f 905//905 978//978 764//764
f 833//833 981//981 906//906
f 980//980 834//834 979//979
f 981//981 833//833 907//907
f 980//980 982//982 834//834
f 1064//1064 907//907 766//766
f 1066//1066 982//982 1065//1065
f 838//838 983//983 769//769
f 984//984 840//840 908//908
f 909//909 985//985 838//838
f 986//986 985//985 909//909
f 984//984 987//987 910//910
f 984//984 910//910 840//840
f 911//911 986//986 909//909
f 1069//1069 1070//1070 987//987
f 912//912 989//989 1072//1072
f 1073//1073 841//841 988//988
f 990//990 989//989 912//912
f 843//843 991//991 990//990
f 993//993 991//991 843//843
f 994//994 914//914 992//992
f 844//844 993//993 778//778
f 1158//1158 995//995 914//914
f 1158//1158 914//914 994//994
f 1078//1078 993//993 844//844
f 844//844 997//997 1078//1078
f 915//915 997//997 844//844
f 781//781 997//997 915//915
f 781//781 998//998 997//997
f 849//849 998//998 781//781
f 1083//1083 916//916 996//996
f 1085//1085 918//918 917//917
f 1086//1086 918//918 1085//1085
f 852//852 999//999 919//919
f 1001//1001 999//999 852//852
f 856//856 918//918 1003//1003
f 918//918 1087//1087 1003//1003
f 918//918 1000//1000 1087//1087
f 920//920 1002//1002 1001//1001
f 1087//1087 1004//1004 856//856
f 1087//1087 856//856 1003//1003
f 1004//1004 1087//1087 1088//1088
f 858//858 1005//1005 920//920
f 1007//1007 860//860 1004//1004
f 1176//1176 1008//1008 1007//1007
f 923//923 926//926 925//925
f 864//864 1009//1009 924//924
f 1010//1010 924//924 1009//1009
f 923//923 927//927 926//926
f 929//929 927//927 923//923
f 928//928 1009//1009 864//864
f 930//930 1009//1009 928//928
f 1011//1011 1009//1009 930//930
f 1012//1012 931//931 929//929
f 1013//1013 930//930 932//932
f 1014//1014 931//931 1012//1012
f 1094//1094 931//931 1014//1014
f 933//933 931//931 1094//1094
f 793//793 1016//1016 932//932
f 1015//1015 933//933 1094//1094
f 870//870 1016//1016 793//793
f 934//934 1016//1016 870//870
f 933//933 1015//1015 936//936
f 936//936 935//935 933//933
f 937//937 1017//1017 934//934
f 1095//1095 1018//1018 936//936
f 873//873 1018//1018 1097//1097
f 1019//1019 939//939 1020//1020
f 1099//1099 1019//1019 1020//1020
f 938//938 939//939 1019//1019
f 1021//1021 1022//1022 1097//1097
f 941//941 1101//1101 939//939
f 940//940 941//941 939//939
f 1024//1024 941//941 877//877
f 1191//1191 877//877 942//942
f 1191//1191 1024//1024 877//877
f 1025//1025 1191//1191 942//942
f 878//878 943//943 1026//1026
f 942//942 1106//1106 1025//1025
f 1027//1027 942//942 944//944
f 1027//1027 1106//1106 942//942
f 1027//1027 944//944 1026//1026
f 1026//1026 944//944 878//878
f 945//945 1028//1028 880//880
f 880//880 1030//1030 1029//1029
f 946//946 880//880 1029//1029
f 1029//1029 947//947 946//946
f 1029//1029 1030//1030 947//947
f 1030//1030 1032//1032 947//947
f 949//949 1033//1033 948//948
f 1033//1033 1031//1031 948//948
f 1193//1193 882//882 1032//1032
f 882//882 1193//1193 883//883
f 1035//1035 949//949 950//950
f 1193//1193 1034//1034 883//883
f 1036//1036 883//883 1034//1034
f 884//884 1035//1035 950//950
f 885//885 1035//1035 884//884
f 885//885 1037//1037 1035//1035
f 1196//1196 811//811 1036//1036
f 885//885 1038//1038 1037//1037
f 951//951 1038//1038 885//885
f 1039//1039 952//952 1196//1196
f 812//812 1038//1038 951//951
f 953//953 1038//1038 812//812
f 1039//1039 1040//1040 952//952
f 1040//1040 1204//1204 813//813
f 1204//1204 1042//1042 888//888
f 1122//1122 888//888 1120//1120
f 956//956 1121//1121 1041//1041
f 1122//1122 1043//1043 888//888
f 955//955 1121//1121 956//956
f 1043//1043 892//892 957//957
f 1126//1126 892//892 1043//1043
f 891//891 1045//1045 958//958
f 959//959 1045//1045 891//891
f 1046//1046 892//892 1126//1126
f 960//960 1045//1045 959//959
f 751//751 1044//1044 1045//1045
f 751//751 1045//1045 960//960
f 963//963 1044//1044 751//751
f 1047//1047 1044//1044 963//963
f 1048//1048 821//821 962//962
f 1130//1130 963//963 1049//1049
f 1048//1048 964//964 821//821
f 1050//1050 1049//1049 965//965
f 895//895 1048//1048 1052//1052
f 965//965 966//966 1050//1050
f 1052//1052 967//967 895//895
f 1052//1052 1221//1221 1134//1134
f 1134//1134 967//967 1052//1052
f 969//969 1133//1133 1051//1051
f 1134//1134 968//968 967//967
f 969//969 1136//1136 1133//1133
f 1135//1135 968//968 1134//1134
f 1135//1135 897//897 968//968
f 969//969 1054//1054 1136//1136
f 1053//1053 897//897 1135//1135
f 970//970 1054//1054 969//969
f 1055//1055 1053//1053 1140//1140
f 899//899 1054//1054 970//970
f 899//899 971//971 1054//1054
f 900//900 971//971 899//899
f 1055//1055 1140//1140 1056//1056
f 829//829 1057//1057 971//971
f 1059//1059 1057//1057 972//972
f 903//903 1059//1059 972//972
f 973//973 1058//1058 974//974
f 975//975 1059//1059 903//903
f 1060//1060 1059//1059 975//975
f 976//976 1058//1058 1144//1144
f 976//976 974//974 1058//1058
f 904//904 978//978 975//975
f 1144//1144 977//977 976//976
f 981//981 905//905 906//906
f 1062//1062 980//980 979//979
f 1150//1150 980//980 1062//1062
f 1150//1150 982//982 980//980
f 1063//1063 981//981 907//907
f 1064//1064 1063//1063 907//907
f 1150//1150 1065//1065 982//982
f 837//837 1151//1151 1064//1064
f 1065//1065 1067//1067 1066//1066
f 769//769 1068//1068 1151//1151
f 769//769 1151//1151 837//837
f 983//983 1068//1068 769//769
f 1068//1068 983//983 985//985
f 1067//1067 1353//1353 984//984
f 1353//1353 1069//1069 984//984
f 1067//1067 984//984 908//908
f 985//985 983//983 838//838
f 1069//1069 987//987 984//984
f 912//912 1072//1072 680//680
f 1071//1071 1073//1073 988//988
f 990//990 1074//1074 989//989
f 991//991 1074//1074 990//990
f 1075//1075 992//992 1073//1073
f 991//991 1076//1076 1074//1074
f 1075//1075 994//994 992//992
f 993//993 1076//1076 991//991
f 1077//1077 994//994 1075//1075
f 1077//1077 1158//1158 994//994
f 1079//1079 995//995 1158//1158
f 1079//1079 996//996 995//995
f 1080//1080 996//996 1079//1079
f 998//998 1163//1163 997//997
f 1083//1083 996//996 1080//1080
f 998//998 1081//1081 1163//1163
f 849//849 1081//1081 998//998
f 849//849 1082//1082 1081//1081
f 1083//1083 917//917 916//916
f 919//919 1082//1082 849//849
f 1083//1083 1085//1085 917//917
f 919//919 1084//1084 1082//1082
f 999//999 1168//1168 919//919
f 1000//1000 918//918 1086//1086
f 1001//1001 1169//1169 999//999
f 1002//1002 1169//1169 1001//1001
f 920//920 1005//1005 1002//1002
f 1173//1173 1088//1088 1087//1087
f 1089//1089 1004//1004 1088//1088
f 1089//1089 1007//1007 1004//1004
f 1005//1005 1265//1265 1172//1172
f 1173//1173 1007//1007 1089//1089
f 1006//1006 1265//1265 1005//1005
f 1174//1174 1007//1007 1173//1173
f 1174//1174 1176//1176 1007//1007
f 922//922 1090//1090 1006//1006
f 1176//1176 923//923 1008//1008
f 1092//1092 923//923 1176//1176
f 924//924 1181//1181 1091//1091
f 1179//1179 923//923 1092//1092
f 1180//1180 923//923 1179//1179
f 1010//1010 1181//1181 924//924
f 1180//1180 929//929 923//923
f 1183//1183 929//929 1180//1180
f 1009//1009 1181//1181 1010//1010
f 1009//1009 1011//1011 1181//1181
f 1274//1274 1012//1012 929//929
f 930//930 1093//1093 1011//1011
f 930//930 1275//1275 1093//1093
f 1274//1274 1014//1014 1012//1012
f 1185//1185 1014//1014 1274//1274
f 1013//1013 1275//1275 930//930
f 1014//1014 1185//1185 1094//1094
f 1016//1016 1013//1013 932//932
f 1185//1185 1015//1015 1094//1094
f 1185//1185 1186//1186 1015//1015
f 1186//1186 936//936 1015//1015
f 1186//1186 1095//1095 936//936
f 1017//1017 937//937 1096//1096
f 1018//1018 1095//1095 1097//1097
f 1019//1019 1096//1096 937//937
f 1019//1019 1099//1099 1096//1096
f 1095//1095 1098//1098 1097//1097
f 1020//1020 939//939 1099//1099
f 1099//1099 939//939 1101//1101
f 1021//1021 1097//1097 1098//1098
f 1021//1021 1098//1098 1100//1100
f 1022//1022 1021//1021 1100//1100
f 1022//1022 1100//1100 1102//1102
f 1103//1103 1101//1101 941//941
f 1024//1024 1103//1103 941//941
f 1023//1023 1190//1190 1105//1105
f 1023//1023 1022//1022 1102//1102
f 1023//1023 1102//1102 1190//1190
f 1191//1191 1104//1104 1024//1024
f 1106//1106 1191//1191 1025//1025
f 1108//1108 1026//1026 943//943
f 943//943 1023//1023 1105//1105
f 1108//1108 943//943 1105//1105
f 1107//1107 1106//1106 1027//1027
f 1107//1107 1027//1027 1026//1026
f 1028//1028 1109//1109 880//880
f 1109//1109 1030//1030 880//880
f 1032//1032 1109//1109 1110//1110
f 1030//1030 1109//1109 1032//1032
f 948//948 1031//1031 945//945
f 1031//1031 1408//1408 945//945
f 1110//1110 1111//1111 1032//1032
f 1032//1032 1111//1111 1193//1193
f 949//949 1112//1112 1033//1033
f 1112//1112 1031//1031 1033//1033
f 1034//1034 1193//1193 1036//1036
f 1193//1193 1195//1195 1036//1036
f 1037//1037 949//949 1035//1035
f 1037//1037 1112//1112 949//949
f 1196//1196 1036//1036 1195//1195
f 1114//1114 1039//1039 1196//1196
f 1113//1113 1038//1038 1116//1116
f 1115//1115 1039//1039 1114//1114
f 953//953 1116//1116 1038//1038
f 1118//1118 1116//1116 953//953
f 1117//1117 1040//1040 1039//1039
f 1117//1117 1039//1039 1115//1115
f 954//954 1118//1118 953//953
f 1204//1204 1040//1040 1117//1117
f 887//887 1118//1118 954//954
f 1205//1205 1118//1118 887//887
f 1041//1041 1119//1119 887//887
f 1205//1205 887//887 1119//1119
f 1120//1120 1042//1042 1204//1204
f 1120//1120 1204//1204 1206//1206
f 1041//1041 1121//1121 1119//1119
f 955//955 1123//1123 1121//1121
f 1208//1208 1043//1043 1122//1122
f 956//956 1125//1125 955//955
f 1209//1209 955//955 1125//1125
f 1124//1124 1043//1043 1208//1208
f 1124//1124 1126//1126 1043//1043
f 1045//1045 1125//1125 956//956
f 1044//1044 1212//1212 1045//1045
f 1128//1128 1046//1046 1126//1126
f 1044//1044 1127//1127 1212//1212
f 1128//1128 961//961 1046//1046
f 1047//1047 1127//1127 1044//1044
f 1129//1129 962//962 961//961
f 1129//1129 961//961 1128//1128
f 963//963 1130//1130 1047//1047
f 1129//1129 1048//1048 962//962
f 1131//1131 1048//1048 1129//1129
f 1131//1131 1221//1221 1052//1052
f 1131//1131 1052//1052 1048//1048
f 1132//1132 1050//1050 966//966
f 1132//1132 1049//1049 1050//1050
f 1051//1051 1133//1133 966//966
f 1132//1132 966//966 1223//1223
f 1223//1223 966//966 1133//1133
f 1224//1224 1135//1135 1134//1134
f 1225//1225 1133//1133 1137//1137
f 1137//1137 1133//1133 1136//1136
f 1226//1226 1053//1053 1135//1135
f 1228//1228 1053//1053 1226//1226
f 1054//1054 1138//1138 1136//1136
f 1137//1137 1136//1136 1229//1229
f 1229//1229 1136//1136 1138//1138
f 1228//1228 1140//1140 1053//1053
f 971//971 1138//1138 1054//1054
f 1335//1335 1138//1138 971//971
f 1335//1335 971//971 1139//1139
f 971//971 1231//1231 1139//1139
f 1057//1057 1231//1231 971//971
f 1057//1057 1059//1059 1231//1231
f 1142//1142 973//973 1056//1056
f 1142//1142 1058//1058 973//973
f 1142//1142 1143//1143 1058//1058
f 1143//1143 1144//1144 1058//1058
f 1060//1060 1141//1141 1059//1059
f 975//975 1145//1145 1060//1060
f 978//978 1145//1145 975//975
f 978//978 1146//1146 1145//1145
f 1233//1233 977//977 1144//1144
f 1234//1234 977//977 1233//1233
f 1061//1061 1146//1146 978//978
f 1234//1234 1062//1062 977//977
f 1234//1234 1147//1147 1062//1062
f 1148//1148 978//978 905//905
f 1236//1236 1062//1062 1147//1147
f 981//981 1148//1148 905//905
f 978//978 1148//1148 1238//1238
f 1149//1149 1150//1150 1062//1062
f 1149//1149 1062//1062 1236//1236
f 1063//1063 1148//1148 981//981
f 1063//1063 1064//1064 1148//1148
f 1150//1150 1149//1149 1348//1348
f 1240//1240 1065//1065 1150//1150
f 1240//1240 1067//1067 1065//1065
f 1351//1351 1067//1067 1240//1240
f 1068//1068 1152//1152 1151//1151
f 985//985 1242//1242 1068//1068
f 986//986 1242//1242 985//985
f 680//680 1154//1154 911//911
f 1153//1153 911//911 1154//1154
f 1246//1246 988//988 1070//1070
f 1072//1072 1154//1154 680//680
f 1071//1071 988//988 1246//1246
f 989//989 1154//1154 1072//1072
f 1073//1073 1071//1071 1155//1155
f 1154//1154 989//989 1156//1156
f 1074//1074 1156//1156 989//989
f 1075//1075 1073//1073 1155//1155
f 1076//1076 1156//1156 1074//1074
f 1157//1157 1156//1156 1076//1076
f 993//993 1159//1159 1076//1076
f 1157//1157 1076//1076 1159//1159
f 1078//1078 1159//1159 993//993
f 1366//1366 1159//1159 1078//1078
f 1255//1255 1079//1079 1158//1158
f 1366//1366 1078//1078 1160//1160
f 997//997 1160//1160 1078//1078
f 1257//1257 1079//1079 1255//1255
f 997//997 1161//1161 1160//1160
f 1257//1257 1080//1080 1079//1079
f 997//997 1162//1162 1161//1161
f 1257//1257 1083//1083 1080//1080
f 1163//1163 1162//1162 997//997
f 1257//1257 1164//1164 1083//1083
f 1082//1082 1163//1163 1081//1081
f 1165//1165 1163//1163 1082//1082
f 1167//1167 1164//1164 1260//1260
f 1167//1167 1083//1083 1164//1164
f 1165//1165 1082//1082 1166//1166
f 1166//1166 1082//1082 1084//1084
f 1167//1167 1085//1085 1083//1083
f 1167//1167 1086//1086 1085//1085
f 1168//1168 1084//1084 919//919
f 1000//1000 1086//1086 1167//1167
f 999//999 1169//1169 1170//1170
f 1000//1000 1173//1173 1087//1087
f 1005//1005 1169//1169 1002//1002
f 1173//1173 1089//1089 1088//1088
f 1005//1005 1172//1172 1169//1169
f 1171//1171 1169//1169 1172//1172
f 1006//1006 1090//1090 1265//1265
f 1268//1268 1176//1176 1174//1174
f 922//922 1178//1178 1090//1090
f 1175//1175 1090//1090 1178//1178
f 1091//1091 1178//1178 922//922
f 1179//1179 1092//1092 1176//1176
f 1179//1179 1176//1176 1177//1177
f 1181//1181 1178//1178 1091//1091
f 1182//1182 1178//1178 1181//1181
f 1182//1182 1181//1181 1273//1273
f 1184//1184 1272//1272 1181//1181
f 1011//1011 1184//1184 1181//1181
f 1181//1181 1272//1272 1273//1273
f 1183//1183 1274//1274 929//929
f 1093//1093 1184//1184 1011//1011
f 1016//1016 1281//1281 1013//1013
f 1279//1279 1186//1186 1185//1185
f 1016//1016 934//934 1281//1281
f 934//934 1282//1282 1281//1281
f 1017//1017 1096//1096 934//934
f 1282//1282 934//934 1096//1096
f 1096//1096 1187//1187 1282//1282
f 1398//1398 1098//1098 1095//1095
f 1096//1096 1099//1099 1187//1187
f 1101//1101 1188//1188 1099//1099
f 1284//1284 1100//1100 1098//1098
f 1103//1103 1188//1188 1101//1101
f 1284//1284 1190//1190 1100//1100
f 1190//1190 1102//1102 1100//1100
f 1024//1024 1189//1189 1103//1103
f 1290//1290 1024//1024 1104//1104
f 1290//1290 1189//1189 1024//1024
f 1104//1104 1191//1191 1290//1290
f 1108//1108 1106//1106 1107//1107
f 1108//1108 1191//1191 1106//1106
f 1108//1108 1107//1107 1026//1026
f 1295//1295 1109//1109 1028//1028
f 1408//1408 1028//1028 945//945
f 1109//1109 1295//1295 1111//1111
f 1109//1109 1111//1111 1110//1110
f 1408//1408 1112//1112 1297//1297
f 1408//1408 1031//1031 1112//1112
f 1192//1192 1195//1195 1193//1193
f 1192//1192 1193//1193 1111//1111
f 1112//1112 1194//1194 1297//1297
f 1037//1037 1194//1194 1112//1112
f 1298//1298 1196//1196 1195//1195
f 1037//1037 1038//1038 1197//1197
f 1198//1198 1114//1114 1196//1196
f 1113//1113 1197//1197 1038//1038
f 1116//1116 1199//1199 1197//1197
f 1116//1116 1197//1197 1113//1113
f 1200//1200 1115//1115 1114//1114
f 1200//1200 1114//1114 1198//1198
f 1116//1116 1201//1201 1199//1199
f 1203//1203 1115//1115 1200//1200
f 1118//1118 1202//1202 1201//1201
f 1118//1118 1201//1201 1116//1116
f 1203//1203 1117//1117 1115//1115
f 1204//1204 1117//1117 1203//1203
f 1307//1307 1118//1118 1205//1205
f 1306//1306 1206//1206 1204//1204
f 1121//1121 1207//1207 1205//1205
f 1121//1121 1205//1205 1119//1119
f 1308//1308 1120//1120 1206//1206
f 1309//1309 1207//1207 1121//1121
f 1310//1310 1122//1122 1120//1120
f 1310//1310 1120//1120 1308//1308
f 1123//1123 1312//1312 1121//1121
f 1309//1309 1121//1121 1312//1312
f 1208//1208 1122//1122 1310//1310
f 955//955 1312//1312 1123//1123
f 955//955 1209//1209 1312//1312
f 1211//1211 1124//1124 1208//1208
f 1210//1210 1209//1209 1125//1125
f 1211//1211 1126//1126 1124//1124
f 1045//1045 1212//1212 1125//1125
f 1214//1214 1126//1126 1211//1211
f 1125//1125 1212//1212 1213//1213
f 1214//1214 1128//1128 1126//1126
f 1213//1213 1212//1212 1127//1127
f 1213//1213 1127//1127 1215//1215
f 1129//1129 1128//1128 1214//1214
f 1047//1047 1130//1130 1127//1127
f 1215//1215 1127//1127 1216//1216
f 1216//1216 1127//1127 1130//1130
f 1216//1216 1130//1130 1218//1218
f 1217//1217 1131//1131 1129//1129
f 1049//1049 1219//1219 1218//1218
f 1049//1049 1218//1218 1130//1130
f 1220//1220 1221//1221 1131//1131
f 1220//1220 1131//1131 1217//1217
f 1132//1132 1219//1219 1049//1049
f 1455//1455 1134//1134 1221//1221
f 1133//1133 1222//1222 1223//1223
f 1224//1224 1134//1134 1455//1455
f 1225//1225 1222//1222 1133//1133
f 1455//1455 1135//1135 1224//1224
f 1226//1226 1135//1135 1455//1455
f 1227//1227 1225//1225 1137//1137
f 1227//1227 1137//1137 1229//1229
f 1230//1230 1140//1140 1228//1228
f 1335//1335 1229//1229 1138//1138
f 1232//1232 1056//1056 1140//1140
f 1232//1232 1140//1140 1230//1230
f 1340//1340 1139//1139 1231//1231
f 1232//1232 1142//1142 1056//1056
f 1141//1141 1231//1231 1059//1059
f 1341//1341 1231//1231 1141//1141
f 1232//1232 1143//1143 1142//1142
f 1060//1060 1145//1145 1141//1141
f 1479//1479 1144//1144 1143//1143
f 1479//1479 1233//1233 1144//1144
f 1343//1343 1145//1145 1146//1146
f 978//978 1235//1235 1061//1061
f 1345//1345 1147//1147 1234//1234
f 978//978 1347//1347 1235//1235
f 1236//1236 1147//1147 1345//1345
f 978//978 1237//1237 1347//1347
f 1238//1238 1237//1237 978//978
f 1348//1348 1236//1236 1346//1346
f 1149//1149 1236//1236 1348//1348
f 1064//1064 1239//1239 1148//1148
f 1238//1238 1148//1148 1239//1239
f 1240//1240 1150//1150 1348//1348
f 1064//1064 1241//1241 1239//1239
f 1151//1151 1241//1241 1064//1064
f 1241//1241 1151//1151 1152//1152
f 1352//1352 1353//1353 1067//1067
f 1352//1352 1067//1067 1351//1351
f 1244//1244 1069//1069 1353//1353
f 911//911 1242//1242 986//986
f 1244//1244 1070//1070 1069//1069
f 1153//1153 1242//1242 911//911
f 1153//1153 1243//1243 1242//1242
f 1244//1244 1355//1355 1246//1246
f 1244//1244 1246//1246 1070//1070
f 1154//1154 1245//1245 1153//1153
f 1245//1245 1154//1154 1247//1247
f 1155//1155 1071//1071 1246//1246
f 1154//1154 1248//1248 1247//1247
f 1248//1248 1156//1156 1249//1249
f 1154//1154 1156//1156 1248//1248
f 1250//1250 1075//1075 1155//1155
f 1250//1250 1155//1155 1361//1361
f 1156//1156 1251//1251 1249//1249
f 1157//1157 1251//1251 1156//1156
f 1252//1252 1077//1077 1075//1075
f 1252//1252 1075//1075 1250//1250
f 1250//1250 1158//1158 1077//1077
f 1250//1250 1077//1077 1252//1252
f 1253//1253 1158//1158 1250//1250
f 1366//1366 1157//1157 1159//1159
f 1253//1253 1255//1255 1158//1158
f 1160//1160 1254//1254 1366//1366
f 1161//1161 1254//1254 1160//1160
f 1370//1370 1257//1257 1255//1255
f 1372//1372 1161//1161 1162//1162
f 1256//1256 1372//1372 1162//1162
f 1163//1163 1256//1256 1162//1162
f 1163//1163 1165//1165 1256//1256
f 1257//1257 1258//1258 1259//1259
f 1259//1259 1164//1164 1257//1257
f 1164//1164 1259//1259 1258//1258
f 1258//1258 1260//1260 1164//1164
f 1166//1166 1376//1376 1165//1165
f 1167//1167 1260//1260 1261//1261
f 999//999 1378//1378 1168//1168
f 1261//1261 1000//1000 1167//1167
f 1262//1262 1000//1000 1261//1261
f 1170//1170 1380//1380 999//999
f 1262//1262 1173//1173 1000//1000
f 1169//1169 1380//1380 1170//1170
f 1171//1171 1380//1380 1169//1169
f 1263//1263 1173//1173 1262//1262
f 1172//1172 1264//1264 1171//1171
f 1263//1263 1262//1262 1266//1266
f 1266//1266 1173//1173 1263//1263
f 1172//1172 1265//1265 1264//1264
f 1266//1266 1174//1174 1173//1173
f 1090//1090 1267//1267 1265//1265
f 1268//1268 1174//1174 1266//1266
f 1175//1175 1267//1267 1090//1090
f 1178//1178 1386//1386 1175//1175
f 1268//1268 1177//1177 1176//1176
f 1387//1387 1177//1177 1268//1268
f 1269//1269 1179//1179 1177//1177
f 1269//1269 1177//1177 1387//1387
f 1182//1182 1388//1388 1178//1178
f 1270//1270 1179//1179 1269//1269
f 1180//1180 1179//1179 1270//1270
f 1270//1270 1183//1183 1180//1180
f 1270//1270 1271//1271 1183//1183
f 1273//1273 1272//1272 1184//1184
f 1276//1276 1274//1274 1183//1183
f 1276//1276 1183//1183 1271//1271
f 1275//1275 1184//1184 1093//1093
f 1276//1276 1185//1185 1274//1274
f 1013//1013 1278//1278 1275//1275
f 1277//1277 1279//1279 1185//1185
f 1277//1277 1185//1185 1276//1276
f 1013//1013 1280//1280 1278//1278
f 1281//1281 1280//1280 1013//1013
f 1396//1396 1095//1095 1186//1186
f 1396//1396 1186//1186 1394//1394
f 1396//1396 1398//1398 1095//1095
f 1283//1283 1282//1282 1187//1187
f 1398//1398 1399//1399 1098//1098
f 1099//1099 1286//1286 1187//1187
f 1286//1286 1283//1283 1187//1187
f 1285//1285 1284//1284 1399//1399
f 1284//1284 1098//1098 1399//1399
f 1188//1188 1286//1286 1099//1099
f 1103//1103 1286//1286 1188//1188
f 1189//1189 1287//1287 1103//1103
f 1287//1287 1286//1286 1103//1103
f 1289//1289 1288//1288 1285//1285
f 1288//1288 1190//1190 1285//1285
f 1285//1285 1190//1190 1284//1284
f 1189//1189 1290//1290 1287//1287
f 1291//1291 1292//1292 1290//1290
f 1108//1108 1105//1105 1293//1293
f 1105//1105 1288//1288 1289//1289
f 1288//1288 1105//1105 1190//1190
f 1191//1191 1291//1291 1290//1290
f 1291//1291 1191//1191 1292//1292
f 1292//1292 1191//1191 1108//1108
f 1292//1292 1108//1108 1406//1406
f 1406//1406 1108//1108 1293//1293
f 1408//1408 1294//1294 1028//1028
f 1409//1409 1295//1295 1028//1028
f 1409//1409 1028//1028 1294//1294
f 1296//1296 1111//1111 1295//1295
f 1296//1296 1192//1192 1111//1111
f 1295//1295 1409//1409 1411//1411
f 1296//1296 1295//1295 1411//1411
f 1296//1296 1195//1195 1192//1192
f 1298//1298 1195//1195 1296//1296
f 1037//1037 1299//1299 1297//1297
f 1037//1037 1297//1297 1194//1194
f 1300//1300 1299//1299 1037//1037
f 1198//1198 1196//1196 1298//1298
f 1197//1197 1301//1301 1037//1037
f 1300//1300 1037//1037 1301//1301
f 1199//1199 1301//1301 1197//1197
f 1302//1302 1200//1200 1198//1198
f 1302//1302 1198//1198 1416//1416
f 1301//1301 1199//1199 1303//1303
f 1304//1304 1200//1200 1302//1302
f 1201//1201 1303//1303 1199//1199
f 1304//1304 1203//1203 1200//1200
f 1202//1202 1303//1303 1201//1201
f 1118//1118 1307//1307 1202//1202
f 1203//1203 1304//1304 1305//1305
f 1305//1305 1204//1204 1203//1203
f 1305//1305 1306//1306 1204//1204
f 1207//1207 1307//1307 1205//1205
f 1308//1308 1206//1206 1306//1306
f 1309//1309 1307//1307 1207//1207
f 1311//1311 1309//1309 1312//1312
f 1315//1315 1208//1208 1310//1310
f 1311//1311 1312//1312 1314//1314
f 1314//1314 1312//1312 1313//1313
f 1315//1315 1211//1211 1208//1208
f 1315//1315 1214//1214 1211//1211
f 1210//1210 1312//1312 1209//1209
f 1312//1312 1210//1210 1313//1313
f 1315//1315 1316//1316 1317//1317
f 1317//1317 1214//1214 1315//1315
f 1125//1125 1318//1318 1210//1210
f 1210//1210 1318//1318 1313//1313
f 1319//1319 1313//1313 1318//1318
f 1316//1316 1214//1214 1317//1317
f 1213//1213 1318//1318 1125//1125
f 1321//1321 1214//1214 1316//1316
f 1322//1322 1318//1318 1320//1320
f 1318//1318 1213//1213 1320//1320
f 1321//1321 1129//1129 1214//1214
f 1320//1320 1213//1213 1322//1322
f 1323//1323 1129//1129 1321//1321
f 1216//1216 1324//1324 1213//1213
f 1216//1216 1213//1213 1215//1215
f 1322//1322 1213//1213 1324//1324
f 1323//1323 1217//1217 1129//1129
f 1218//1218 1326//1326 1216//1216
f 1324//1324 1216//1216 1326//1326
f 1325//1325 1217//1217 1323//1323
f 1447//1447 1220//1220 1217//1217
f 1447//1447 1217//1217 1325//1325
f 1218//1218 1328//1328 1326//1326
f 1447//1447 1221//1221 1220//1220
f 1219//1219 1328//1328 1218//1218
f 1327//1327 1221//1221 1447//1447
f 1132//1132 1329//1329 1219//1219
f 1328//1328 1219//1219 1329//1329
f 1330//1330 1221//1221 1327//1327
f 1223//1223 1329//1329 1132//1132
f 1331//1331 1455//1455 1221//1221
f 1331//1331 1221//1221 1330//1330
f 1329//1329 1223//1223 1333//1333
f 1222//1222 1333//1333 1223//1223
f 1332//1332 1226//1226 1455//1455
f 1225//1225 1333//1333 1222//1222
f 1332//1332 1228//1228 1226//1226
f 1227//1227 1333//1333 1225//1225
f 1465//1465 1333//1333 1227//1227
f 1334//1334 1228//1228 1332//1332
f 1465//1465 1227//1227 1335//1335
f 1334//1334 1230//1230 1228//1228
f 1335//1335 1227//1227 1229//1229
f 1336//1336 1230//1230 1334//1334
f 1139//1139 1337//1337 1338//1338
f 1139//1139 1338//1338 1335//1335
f 1339//1339 1230//1230 1336//1336
f 1339//1339 1336//1336 1474//1474
f 1474//1474 1232//1232 1230//1230
f 1474//1474 1230//1230 1339//1339
f 1340//1340 1337//1337 1139//1139
f 1231//1231 1341//1341 1340//1340
f 1143//1143 1232//1232 1474//1474
f 1141//1141 1343//1343 1341//1341
f 1342//1342 1479//1479 1143//1143
f 1145//1145 1343//1343 1141//1141
f 1345//1345 1233//1233 1479//1479
f 1146//1146 1344//1344 1343//1343
f 1476//1476 1343//1343 1344//1344
f 1345//1345 1234//1234 1233//1233
f 1061//1061 1344//1344 1146//1146
f 1235//1235 1484//1484 1061//1061
f 1485//1485 1236//1236 1345//1345
f 1346//1346 1236//1236 1485//1485
f 1235//1235 1347//1347 1484//1484
f 1238//1238 1239//1239 1347//1347
f 1238//1238 1347//1347 1237//1237
f 1349//1349 1240//1240 1348//1348
f 1349//1349 1348//1348 1346//1346
f 1241//1241 1350//1350 1239//1239
f 1349//1349 1351//1351 1240//1240
f 1350//1350 1241//1241 1152//1152
f 1068//1068 1491//1491 1152//1152
f 1493//1493 1491//1491 1068//1068
f 1242//1242 1354//1354 1068//1068
f 1493//1493 1068//1068 1354//1354
f 1243//1243 1354//1354 1242//1242
f 1496//1496 1244//1244 1353//1353
f 1354//1354 1243//1243 1153//1153
f 1355//1355 1244//1244 1496//1496
f 1153//1153 1245//1245 1497//1497
f 1498//1498 1246//1246 1355//1355
f 1248//1248 1245//1245 1247//1247
f 1497//1497 1245//1245 1248//1248
f 1502//1502 1497//1497 1248//1248
f 1499//1499 1155//1155 1246//1246
f 1499//1499 1246//1246 1498//1498
f 1502//1502 1248//1248 1360//1360
f 1357//1357 1155//1155 1499//1499
f 1248//1248 1356//1356 1360//1360
f 1357//1357 1361//1361 1155//1155
f 1249//1249 1356//1356 1248//1248
f 1360//1360 1356//1356 1249//1249
f 1358//1358 1361//1361 1357//1357
f 1249//1249 1359//1359 1360//1360
f 1251//1251 1362//1362 1359//1359
f 1251//1251 1359//1359 1249//1249
f 1157//1157 1364//1364 1362//1362
f 1157//1157 1362//1362 1251//1251
f 1363//1363 1250//1250 1361//1361
f 1365//1365 1253//1253 1250//1250
f 1365//1365 1250//1250 1363//1363
f 1366//1366 1364//1364 1157//1157
f 1368//1368 1255//1255 1253//1253
f 1368//1368 1253//1253 1365//1365
f 1254//1254 1367//1367 1366//1366
f 1369//1369 1370//1370 1255//1255
f 1369//1369 1255//1255 1368//1368
f 1517//1517 1254//1254 1161//1161
f 1371//1371 1257//1257 1370//1370
f 1373//1373 1258//1258 1257//1257
f 1373//1373 1257//1257 1371//1371
f 1165//1165 1372//1372 1256//1256
f 1374//1374 1372//1372 1165//1165
f 1258//1258 1373//1373 1371//1371
f 1374//1374 1165//1165 1375//1375
f 1258//1258 1371//1371 1519//1519
f 1375//1375 1165//1165 1376//1376
f 1519//1519 1260//1260 1258//1258
f 1377//1377 1260//1260 1519//1519
f 1084//1084 1376//1376 1166//1166
f 1378//1378 1376//1376 1084//1084
f 1261//1261 1260//1260 1377//1377
f 1168//1168 1378//1378 1084//1084
f 1379//1379 1261//1261 1377//1377
f 999//999 1380//1380 1378//1378
f 1530//1530 1262//1262 1261//1261
f 1530//1530 1261//1261 1379//1379
f 1381//1381 1380//1380 1264//1264
f 1382//1382 1262//1262 1530//1530
f 1171//1171 1264//1264 1380//1380
f 1381//1381 1264//1264 1383//1383
f 1384//1384 1266//1266 1262//1262
f 1384//1384 1262//1262 1382//1382
f 1265//1265 1267//1267 1264//1264
f 1383//1383 1264//1264 1267//1267
f 1533//1533 1267//1267 1386//1386
f 1384//1384 1268//1268 1266//1266
f 1175//1175 1386//1386 1267//1267
f 1385//1385 1268//1268 1384//1384
f 1387//1387 1268//1268 1385//1385
f 1178//1178 1388//1388 1386//1386
f 1389//1389 1269//1269 1387//1387
f 1269//1269 1389//1389 1270//1270
f 1273//1273 1390//1390 1182//1182
f 1391//1391 1271//1271 1270//1270
f 1391//1391 1276//1276 1271//1271
f 1184//1184 1392//1392 1390//1390
f 1184//1184 1390//1390 1273//1273
f 1547//1547 1276//1276 1391//1391
f 1275//1275 1392//1392 1184//1184
f 1393//1393 1277//1277 1276//1276
f 1393//1393 1276//1276 1547//1547
f 1392//1392 1275//1275 1278//1278
f 1393//1393 1279//1279 1277//1277
f 1684//1684 1186//1186 1279//1279
f 1684//1684 1279//1279 1393//1393
f 1394//1394 1186//1186 1684//1684
f 1281//1281 1395//1395 1280//1280
f 1550//1550 1280//1280 1395//1395
f 1282//1282 1395//1395 1281//1281
f 1282//1282 1397//1397 1395//1395
f 1399//1399 1398//1398 1400//1400
f 1282//1282 1283//1283 1397//1397
f 1400//1400 1556//1556 1399//1399
f 1401//1401 1283//1283 1286//1286
f 1402//1402 1285//1285 1556//1556
f 1556//1556 1285//1285 1399//1399
f 1287//1287 1401//1401 1286//1286
f 1403//1403 1285//1285 1402//1402
f 1404//1404 1401//1401 1287//1287
f 1105//1105 1289//1289 1403//1403
f 1403//1403 1289//1289 1285//1285
f 1290//1290 1404//1404 1287//1287
f 1404//1404 1290//1290 1405//1405
f 1405//1405 1290//1290 1292//1292
f 1405//1405 1292//1292 1406//1406
f 1406//1406 1293//1293 1407//1407
f 1407//1407 1293//1293 1105//1105
f 1409//1409 1294//1294 1408//1408
f 1414//1414 1408//1408 1297//1297
f 1408//1408 1410//1410 1409//1409
f 1408//1408 1414//1414 1410//1410
f 1409//1409 1410//1410 1411//1411
f 1413//1413 1298//1298 1296//1296
f 1411//1411 1413//1413 1296//1296
f 1412//1412 1413//1413 1411//1411
f 1299//1299 1414//1414 1297//1297
f 1412//1412 1198//1198 1298//1298
f 1412//1412 1298//1298 1413//1413
f 1299//1299 1300//1300 1414//1414
f 1414//1414 1415//1415 1410//1410
f 1410//1410 1415//1415 1411//1411
f 1411//1411 1416//1416 1412//1412
f 1416//1416 1198//1198 1412//1412
f 1415//1415 1417//1417 1411//1411
f 1411//1411 1418//1418 1416//1416
f 1411//1411 1417//1417 1418//1418
f 1418//1418 1302//1302 1416//1416
f 1300//1300 1419//1419 1414//1414
f 1414//1414 1419//1419 1415//1415
f 1417//1417 1302//1302 1418//1418
f 1303//1303 1421//1421 1301//1301
f 1301//1301 1421//1421 1300//1300
f 1415//1415 1422//1422 1417//1417
f 1415//1415 1419//1419 1422//1422
f 1417//1417 1422//1422 1420//1420
f 1420//1420 1304//1304 1302//1302
f 1420//1420 1302//1302 1417//1417
f 1202//1202 1421//1421 1303//1303
f 1300//1300 1424//1424 1419//1419
f 1419//1419 1424//1424 1422//1422
f 1202//1202 1423//1423 1421//1421
f 1421//1421 1423//1423 1300//1300
f 1300//1300 1423//1423 1424//1424
f 1422//1422 1304//1304 1420//1420
f 1307//1307 1423//1423 1202//1202
f 1424//1424 1425//1425 1422//1422
f 1422//1422 1305//1305 1304//1304
f 1425//1425 1429//1429 1422//1422
f 1429//1429 1305//1305 1422//1422
f 1307//1307 1426//1426 1423//1423
f 1423//1423 1426//1426 1424//1424
f 1424//1424 1428//1428 1425//1425
f 1424//1424 1427//1427 1428//1428
f 1425//1425 1428//1428 1429//1429
f 1429//1429 1306//1306 1305//1305
f 1426//1426 1430//1430 1424//1424
f 1424//1424 1430//1430 1427//1427
f 1428//1428 1308//1308 1306//1306
f 1428//1428 1306//1306 1429//1429
f 1309//1309 1426//1426 1307//1307
f 1426//1426 1309//1309 1432//1432
f 1426//1426 1431//1431 1430//1430
f 1426//1426 1432//1432 1431//1431
f 1427//1427 1310//1310 1308//1308
f 1427//1427 1308//1308 1428//1428
f 1309//1309 1311//1311 1432//1432
f 1427//1427 1315//1315 1310//1310
f 1432//1432 1435//1435 1431//1431
f 1430//1430 1436//1436 1427//1427
f 1430//1430 1431//1431 1436//1436
f 1436//1436 1315//1315 1427//1427
f 1311//1311 1434//1434 1432//1432
f 1432//1432 1434//1434 1437//1437
f 1432//1432 1437//1437 1435//1435
f 1435//1435 1433//1433 1431//1431
f 1431//1431 1433//1433 1436//1436
f 1436//1436 1316//1316 1315//1315
f 1313//1313 1319//1319 1311//1311
f 1313//1313 1311//1311 1314//1314
f 1311//1311 1319//1319 1434//1434
f 1319//1319 1437//1437 1434//1434
f 1433//1433 1316//1316 1436//1436
f 1319//1319 1442//1442 1437//1437
f 1319//1319 1318//1318 1442//1442
f 1435//1435 1438//1438 1433//1433
f 1433//1433 1321//1321 1316//1316
f 1439//1439 1318//1318 1322//1322
f 1318//1318 1439//1439 1442//1442
f 1437//1437 1442//1442 1435//1435
f 1438//1438 1321//1321 1433//1433
f 1439//1439 1441//1441 1442//1442
f 1435//1435 1442//1442 1440//1440
f 1435//1435 1440//1440 1438//1438
f 1440//1440 1323//1323 1321//1321
f 1440//1440 1321//1321 1438//1438
f 1322//1322 1441//1441 1439//1439
f 1442//1442 1443//1443 1440//1440
f 1324//1324 1444//1444 1322//1322
f 1322//1322 1446//1446 1441//1441
f 1322//1322 1444//1444 1446//1446
f 1441//1441 1445//1445 1442//1442
f 1443//1443 1323//1323 1440//1440
f 1326//1326 1444//1444 1324//1324
f 1442//1442 1447//1447 1443//1443
f 1442//1442 1445//1445 1447//1447
f 1443//1443 1447//1447 1325//1325
f 1325//1325 1323//1323 1443//1443
f 1441//1441 1448//1448 1445//1445
f 1441//1441 1446//1446 1448//1448
f 1326//1326 1450//1450 1444//1444
f 1444//1444 1452//1452 1446//1446
f 1446//1446 1452//1452 1448//1448
f 1445//1445 1449//1449 1447//1447
f 1445//1445 1448//1448 1449//1449
f 1449//1449 1327//1327 1447//1447
f 1328//1328 1450//1450 1326//1326
f 1450//1450 1451//1451 1444//1444
f 1444//1444 1451//1451 1452//1452
f 1448//1448 1330//1330 1327//1327
f 1448//1448 1327//1327 1449//1449
f 1328//1328 1453//1453 1450//1450
f 1328//1328 1329//1329 1453//1453
f 1450//1450 1453//1453 1451//1451
f 1448//1448 1331//1331 1330//1330
f 1452//1452 1451//1451 1454//1454
f 1452//1452 1455//1455 1448//1448
f 1455//1455 1331//1331 1448//1448
f 1333//1333 1453//1453 1329//1329
f 1453//1453 1456//1456 1451//1451
f 1454//1454 1332//1332 1452//1452
f 1452//1452 1457//1457 1455//1455
f 1452//1452 1332//1332 1457//1457
f 1457//1457 1332//1332 1455//1455
f 1333//1333 1458//1458 1453//1453
f 1453//1453 1458//1458 1459//1459
f 1456//1456 1453//1453 1459//1459
f 1460//1460 1451//1451 1456//1456
f 1451//1451 1460//1460 1454//1454
f 1454//1454 1461//1461 1332//1332
f 1461//1461 1334//1334 1332//1332
f 1465//1465 1462//1462 1458//1458
f 1465//1465 1458//1458 1333//1333
f 1458//1458 1462//1462 1463//1463
f 1454//1454 1334//1334 1461//1461
f 1458//1458 1563//1563 1459//1459
f 1466//1466 1460//1460 1464//1464
f 1460//1460 1467//1467 1454//1454
f 1460//1460 1466//1466 1467//1467
f 1467//1467 1336//1336 1334//1334
f 1467//1467 1334//1334 1454//1454
f 1338//1338 1469//1469 1335//1335
f 1469//1469 1465//1465 1335//1335
f 1468//1468 1465//1465 1469//1469
f 1465//1465 1468//1468 1462//1462
f 1466//1466 1336//1336 1467//1467
f 1337//1337 1469//1469 1338//1338
f 1470//1470 1471//1471 1466//1466
f 1471//1471 1474//1474 1336//1336
f 1471//1471 1336//1336 1466//1466
f 1340//1340 1469//1469 1337//1337
f 1470//1470 1474//1474 1471//1471
f 1470//1470 1473//1473 1474//1474
f 1341//1341 1478//1478 1340//1340
f 1340//1340 1478//1478 1469//1469
f 1472//1472 1469//1469 1475//1475
f 1473//1473 1143//1143 1474//1474
f 1475//1475 1469//1469 1478//1478
f 1470//1470 1477//1477 1473//1473
f 1470//1470 1571//1571 1477//1477
f 1477//1477 1143//1143 1473//1473
f 1343//1343 1476//1476 1341//1341
f 1341//1341 1476//1476 1478//1478
f 1477//1477 1342//1342 1143//1143
f 1571//1571 1479//1479 1477//1477
f 1479//1479 1342//1342 1477//1477
f 1478//1478 1476//1476 1575//1575
f 1481//1481 1571//1571 1480//1480
f 1571//1571 1481//1481 1479//1479
f 1481//1481 1345//1345 1479//1479
f 1476//1476 1344//1344 1575//1575
f 1061//1061 1484//1484 1344//1344
f 1480//1480 1345//1345 1481//1481
f 1575//1575 1344//1344 1577//1577
f 1482//1482 1485//1485 1345//1345
f 1482//1482 1345//1345 1480//1480
f 1483//1483 1578//1578 1482//1482
f 1485//1485 1482//1482 1578//1578
f 1489//1489 1484//1484 1347//1347
f 1486//1486 1484//1484 1489//1489
f 1577//1577 1484//1484 1486//1486
f 1487//1487 1485//1485 1583//1583
f 1485//1485 1487//1487 1346//1346
f 1239//1239 1489//1489 1347//1347
f 1487//1487 1349//1349 1346//1346
f 1489//1489 1239//1239 1488//1488
f 1349//1349 1487//1487 1583//1583
f 1350//1350 1488//1488 1239//1239
f 1490//1490 1351//1351 1349//1349
f 1490//1490 1352//1352 1351//1351
f 1584//1584 1350//1350 1152//1152
f 1492//1492 1353//1353 1352//1352
f 1492//1492 1352//1352 1490//1490
f 1494//1494 1353//1353 1492//1492
f 1496//1496 1353//1353 1494//1494
f 1596//1596 1493//1493 1354//1354
f 1494//1494 1495//1495 1496//1496
f 1153//1153 1497//1497 1354//1354
f 1495//1495 1498//1498 1496//1496
f 1498//1498 1355//1355 1496//1496
f 1354//1354 1497//1497 1500//1500
f 1495//1495 1499//1499 1498//1498
f 1502//1502 1500//1500 1497//1497
f 1495//1495 1501//1501 1499//1499
f 1501//1501 1357//1357 1499//1499
f 1495//1495 1503//1503 1501//1501
f 1495//1495 1504//1504 1503//1503
f 1503//1503 1357//1357 1501//1501
f 1504//1504 1357//1357 1503//1503
f 1502//1502 1360//1360 1505//1505
f 1505//1505 1360//1360 1507//1507
f 1504//1504 1506//1506 1508//1508
f 1508//1508 1358//1358 1357//1357
f 1508//1508 1357//1357 1504//1504
f 1508//1508 1361//1361 1358//1358
f 1359//1359 1507//1507 1360//1360
f 1509//1509 1507//1507 1359//1359
f 1506//1506 1512//1512 1508//1508
f 1512//1512 1363//1363 1361//1361
f 1512//1512 1361//1361 1508//1508
f 1509//1509 1359//1359 1362//1362
f 1506//1506 1510//1510 1512//1512
f 1509//1509 1362//1362 1511//1511
f 1512//1512 1365//1365 1363//1363
f 1364//1364 1511//1511 1362//1362
f 1510//1510 1365//1365 1512//1512
f 1510//1510 1513//1513 1365//1365
f 1366//1366 1511//1511 1364//1364
f 1514//1514 1511//1511 1366//1366
f 1513//1513 1515//1515 1365//1365
f 1515//1515 1368//1368 1365//1365
f 1367//1367 1516//1516 1366//1366
f 1514//1514 1366//1366 1516//1516
f 1513//1513 1618//1618 1515//1515
f 1515//1515 1369//1369 1368//1368
f 1254//1254 1516//1516 1367//1367
f 1518//1518 1370//1370 1369//1369
f 1518//1518 1369//1369 1515//1515
f 1517//1517 1516//1516 1254//1254
f 1518//1518 1371//1371 1370//1370
f 1372//1372 1527//1527 1161//1161
f 1527//1527 1517//1517 1161//1161
f 1527//1527 1523//1523 1517//1517
f 1524//1524 1371//1371 1518//1518
f 1374//1374 1527//1527 1372//1372
f 1524//1524 1520//1520 1371//1371
f 1519//1519 1520//1520 1524//1524
f 1519//1519 1371//1371 1520//1520
f 1376//1376 1522//1522 1374//1374
f 1376//1376 1374//1374 1375//1375
f 1374//1374 1522//1522 1527//1527
f 1524//1524 1525//1525 1519//1519
f 1376//1376 1526//1526 1522//1522
f 1527//1527 1522//1522 1526//1526
f 1521//1521 1377//1377 1524//1524
f 1377//1377 1525//1525 1524//1524
f 1377//1377 1519//1519 1525//1525
f 1378//1378 1526//1526 1376//1376
f 1526//1526 1378//1378 1528//1528
f 1380//1380 1529//1529 1378//1378
f 1528//1528 1378//1378 1529//1529
f 1642//1642 1530//1530 1379//1379
f 1381//1381 1529//1529 1380//1380
f 1529//1529 1381//1381 1644//1644
f 1532//1532 1382//1382 1530//1530
f 1381//1381 1531//1531 1644//1644
f 1534//1534 1644//1644 1531//1531
f 1381//1381 1383//1383 1531//1531
f 1532//1532 1384//1384 1382//1382
f 1267//1267 1533//1533 1383//1383
f 1534//1534 1531//1531 1383//1383
f 1534//1534 1383//1383 1533//1533
f 1535//1535 1384//1384 1532//1532
f 1386//1386 1536//1536 1533//1533
f 1533//1533 1536//1536 1537//1537
f 1652//1652 1384//1384 1535//1535
f 1538//1538 1385//1385 1384//1384
f 1538//1538 1384//1384 1652//1652
f 1538//1538 1387//1387 1385//1385
f 1388//1388 1539//1539 1386//1386
f 1386//1386 1539//1539 1536//1536
f 1660//1660 1387//1387 1538//1538
f 1660//1660 1389//1389 1387//1387
f 1388//1388 1541//1541 1539//1539
f 1388//1388 1543//1543 1541//1541
f 1660//1660 1270//1270 1389//1389
f 1182//1182 1543//1543 1388//1388
f 1540//1540 1542//1542 1660//1660
f 1542//1542 1391//1391 1270//1270
f 1542//1542 1270//1270 1660//1660
f 1390//1390 1543//1543 1182//1182
f 1544//1544 1542//1542 1540//1540
f 1544//1544 1391//1391 1542//1542
f 1543//1543 1390//1390 1392//1392
f 1545//1545 1547//1547 1391//1391
f 1545//1545 1391//1391 1544//1544
f 1548//1548 1393//1393 1547//1547
f 1278//1278 1549//1549 1392//1392
f 1546//1546 1392//1392 1549//1549
f 1280//1280 1549//1549 1278//1278
f 1684//1684 1393//1393 1548//1548
f 1550//1550 1549//1549 1280//1280
f 1551//1551 1396//1396 1394//1394
f 1551//1551 1394//1394 1684//1684
f 1552//1552 1398//1398 1396//1396
f 1552//1552 1396//1396 1551//1551
f 1395//1395 1397//1397 1553//1553
f 1554//1554 1400//1400 1398//1398
f 1554//1554 1398//1398 1552//1552
f 1553//1553 1397//1397 1283//1283
f 1552//1552 1556//1556 1554//1554
f 1554//1554 1556//1556 1400//1400
f 1553//1553 1283//1283 1401//1401
f 1552//1552 1558//1558 1556//1556
f 1558//1558 1402//1402 1556//1556
f 1553//1553 1401//1401 1404//1404
f 1405//1405 1553//1553 1404//1404
f 1555//1555 1553//1553 1405//1405
f 1557//1557 1555//1555 1561//1561
f 1555//1555 1560//1560 1561//1561
f 1555//1555 1405//1405 1560//1560
f 1562//1562 1558//1558 1559//1559
f 1558//1558 1403//1403 1402//1402
f 1560//1560 1405//1405 1561//1561
f 1561//1561 1405//1405 1406//1406
f 1561//1561 1406//1406 1562//1562
f 1562//1562 1406//1406 1407//1407
f 1562//1562 1407//1407 1105//1105
f 1562//1562 1105//1105 1558//1558
f 1558//1558 1105//1105 1403//1403
f 1459//1459 1460//1460 1456//1456
f 1459//1459 1464//1464 1460//1460
f 1463//1463 1563//1563 1458//1458
f 1563//1563 1564//1564 1459//1459
f 1459//1459 1466//1466 1464//1464
f 1462//1462 1563//1563 1463//1463
f 1563//1563 1462//1462 1564//1564
f 1564//1564 1565//1565 1459//1459
f 1565//1565 1466//1466 1459//1459
f 1469//1469 1566//1566 1468//1468
f 1566//1566 1462//1462 1468//1468
f 1564//1564 1470//1470 1466//1466
f 1564//1564 1466//1466 1565//1565
f 1472//1472 1566//1566 1469//1469
f 1566//1566 1567//1567 1462//1462
f 1462//1462 1568//1568 1564//1564
f 1462//1462 1567//1567 1568//1568
f 1472//1472 1475//1475 1566//1566
f 1566//1566 1475//1475 1567//1567
f 1568//1568 1569//1569 1564//1564
f 1569//1569 1470//1470 1564//1564
f 1568//1568 1470//1470 1569//1569
f 1567//1567 1571//1571 1470//1470
f 1567//1567 1470//1470 1568//1568
f 1478//1478 1570//1570 1475//1475
f 1475//1475 1571//1571 1567//1567
f 1475//1475 1570//1570 1571//1571
f 1570//1570 1572//1572 1571//1571
f 1575//1575 1570//1570 1478//1478
f 1570//1570 1574//1574 1572//1572
f 1570//1570 1573//1573 1574//1574
f 1572//1572 1480//1480 1571//1571
f 1574//1574 1482//1482 1480//1480
f 1574//1574 1480//1480 1572//1572
f 1575//1575 1576//1576 1570//1570
f 1570//1570 1576//1576 1573//1573
f 1573//1573 1482//1482 1574//1574
f 1575//1575 1577//1577 1576//1576
f 1573//1573 1483//1483 1482//1482
f 1484//1484 1577//1577 1344//1344
f 1576//1576 1578//1578 1573//1573
f 1573//1573 1578//1578 1483//1483
f 1577//1577 1579//1579 1576//1576
f 1576//1576 1579//1579 1582//1582
f 1578//1578 1583//1583 1485//1485
f 1486//1486 1488//1488 1577//1577
f 1577//1577 1586//1586 1579//1579
f 1577//1577 1488//1488 1586//1586
f 1582//1582 1580//1580 1576//1576
f 1576//1576 1581//1581 1578//1578
f 1576//1576 1580//1580 1581//1581
f 1581//1581 1583//1583 1578//1578
f 1488//1488 1486//1486 1489//1489
f 1579//1579 1586//1586 1582//1582
f 1580//1580 1583//1583 1581//1581
f 1350//1350 1584//1584 1488//1488
f 1488//1488 1585//1585 1586//1586
f 1587//1587 1582//1582 1586//1586
f 1580//1580 1490//1490 1583//1583
f 1490//1490 1349//1349 1583//1583
f 1584//1584 1589//1589 1488//1488
f 1488//1488 1590//1590 1585//1585
f 1488//1488 1589//1589 1590//1590
f 1588//1588 1582//1582 1587//1587
f 1582//1582 1588//1588 1580//1580
f 1152//1152 1592//1592 1584//1584
f 1584//1584 1592//1592 1589//1589
f 1588//1588 1591//1591 1580//1580
f 1591//1591 1490//1490 1580//1580
f 1491//1491 1592//1592 1152//1152
f 1593//1593 1594//1594 1588//1588
f 1588//1588 1494//1494 1591//1591
f 1588//1588 1594//1594 1494//1494
f 1494//1494 1492//1492 1490//1490
f 1494//1494 1490//1490 1591//1591
f 1493//1493 1592//1592 1491//1491
f 1592//1592 1597//1597 1589//1589
f 1589//1589 1597//1597 1595//1595
f 1592//1592 1493//1493 1596//1596
f 1592//1592 1596//1596 1597//1597
f 1593//1593 1599//1599 1594//1594
f 1594//1594 1599//1599 1494//1494
f 1597//1597 1602//1602 1595//1595
f 1595//1595 1598//1598 1593//1593
f 1595//1595 1602//1602 1598//1598
f 1593//1593 1598//1598 1599//1599
f 1599//1599 1495//1495 1494//1494
f 1354//1354 1600//1600 1596//1596
f 1596//1596 1601//1601 1597//1597
f 1597//1597 1601//1601 1602//1602
f 1598//1598 1495//1495 1599//1599
f 1500//1500 1600//1600 1354//1354
f 1600//1600 1603//1603 1596//1596
f 1596//1596 1603//1603 1601//1601
f 1602//1602 1495//1495 1598//1598
f 1601//1601 1604//1604 1602//1602
f 1600//1600 1500//1500 1603//1603
f 1603//1603 1605//1605 1601//1601
f 1604//1604 1504//1504 1602//1602
f 1604//1604 1601//1601 1504//1504
f 1504//1504 1495//1495 1602//1602
f 1502//1502 1603//1603 1500//1500
f 1502//1502 1505//1505 1603//1603
f 1605//1605 1606//1606 1601//1601
f 1601//1601 1609//1609 1504//1504
f 1601//1601 1606//1606 1609//1609
f 1507//1507 1607//1607 1505//1505
f 1505//1505 1608//1608 1603//1603
f 1505//1505 1607//1607 1608//1608
f 1603//1603 1608//1608 1605//1605
f 1606//1606 1605//1605 1609//1609
f 1609//1609 1506//1506 1504//1504
f 1509//1509 1607//1607 1507//1507
f 1608//1608 1607//1607 1605//1605
f 1605//1605 1610//1610 1609//1609
f 1609//1609 1510//1510 1506//1506
f 1509//1509 1611//1611 1607//1607
f 1607//1607 1612//1612 1605//1605
f 1605//1605 1612//1612 1610//1610
f 1610//1610 1510//1510 1609//1609
f 1509//1509 1511//1511 1611//1611
f 1611//1611 1613//1613 1607//1607
f 1607//1607 1613//1613 1612//1612
f 1612//1612 1614//1614 1610//1610
f 1614//1614 1513//1513 1510//1510
f 1614//1614 1510//1510 1610//1610
f 1612//1612 1613//1613 1614//1614
f 1514//1514 1516//1516 1511//1511
f 1511//1511 1516//1516 1611//1611
f 1611//1611 1616//1616 1613//1613
f 1614//1614 1613//1613 1618//1618
f 1618//1618 1513//1513 1614//1614
f 1516//1516 1615//1615 1611//1611
f 1611//1611 1615//1615 1616//1616
f 1613//1613 1616//1616 1617//1617
f 1613//1613 1617//1617 1618//1618
f 1516//1516 1621//1621 1615//1615
f 1516//1516 1517//1517 1621//1621
f 1617//1617 1619//1619 1618//1618
f 1618//1618 1619//1619 1620//1620
f 1620//1620 1518//1518 1515//1515
f 1620//1620 1515//1515 1618//1618
f 1615//1615 1621//1621 1616//1616
f 1619//1619 1518//1518 1620//1620
f 1523//1523 1622//1622 1517//1517
f 1517//1517 1622//1622 1621//1621
f 1621//1621 1623//1623 1616//1616
f 1616//1616 1625//1625 1617//1617
f 1616//1616 1623//1623 1625//1625
f 1619//1619 1524//1524 1518//1518
f 1622//1622 1624//1624 1621//1621
f 1621//1621 1624//1624 1629//1629
f 1621//1621 1629//1629 1623//1623
f 1617//1617 1521//1521 1619//1619
f 1617//1617 1625//1625 1521//1521
f 1521//1521 1524//1524 1619//1619
f 1623//1623 1629//1629 1625//1625
f 1625//1625 1627//1627 1521//1521
f 1523//1523 1628//1628 1622//1622
f 1624//1624 1622//1622 1629//1629
f 1626//1626 1625//1625 1629//1629
f 1629//1629 1628//1628 1631//1631
f 1629//1629 1622//1622 1628//1628
f 1630//1630 1625//1625 1626//1626
f 1630//1630 1627//1627 1625//1625
f 1627//1627 1630//1630 1521//1521
f 1526//1526 1628//1628 1527//1527
f 1628//1628 1523//1523 1527//1527
f 1628//1628 1633//1633 1634//1634
f 1631//1631 1628//1628 1634//1634
f 1630//1630 1632//1632 1521//1521
f 1635//1635 1377//1377 1521//1521
f 1632//1632 1635//1635 1521//1521
f 1628//1628 1526//1526 1633//1633
f 1635//1635 1379//1379 1377//1377
f 1632//1632 1379//1379 1635//1635
f 1633//1633 1526//1526 1711//1711
f 1630//1630 1636//1636 1632//1632
f 1632//1632 1636//1636 1639//1639
f 1639//1639 1642//1642 1379//1379
f 1639//1639 1379//1379 1632//1632
f 1528//1528 1637//1637 1526//1526
f 1711//1711 1526//1526 1637//1637
f 1644//1644 1528//1528 1529//1529
f 1640//1640 1528//1528 1644//1644
f 1528//1528 1643//1643 1637//1637
f 1528//1528 1640//1640 1643//1643
f 1638//1638 1641//1641 1636//1636
f 1636//1636 1642//1642 1639//1639
f 1641//1641 1646//1646 1636//1636
f 1636//1636 1646//1646 1642//1642
f 1642//1642 1532//1532 1530//1530
f 1643//1643 1640//1640 1648//1648
f 1646//1646 1647//1647 1642//1642
f 1647//1647 1532//1532 1642//1642
f 1644//1644 1534//1534 1640//1640
f 1641//1641 1645//1645 1651//1651
f 1648//1648 1640//1640 1650//1650
f 1650//1650 1640//1640 1649//1649
f 1641//1641 1651//1651 1646//1646
f 1646//1646 1535//1535 1532//1532
f 1646//1646 1532//1532 1647//1647
f 1533//1533 1653//1653 1534//1534
f 1534//1534 1653//1653 1640//1640
f 1651//1651 1655//1655 1646//1646
f 1646//1646 1655//1655 1652//1652
f 1652//1652 1535//1535 1646//1646
f 1537//1537 1653//1653 1533//1533
f 1649//1649 1640//1640 1653//1653
f 1651//1651 1654//1654 1655//1655
f 1655//1655 1538//1538 1652//1652
f 1537//1537 1656//1656 1653//1653
f 1653//1653 1656//1656 1658//1658
f 1536//1536 1657//1657 1537//1537
f 1537//1537 1657//1657 1656//1656
f 1654//1654 1662//1662 1655//1655
f 1654//1654 1659//1659 1662//1662
f 1655//1655 1662//1662 1660//1660
f 1660//1660 1538//1538 1655//1655
f 1539//1539 1663//1663 1657//1657
f 1539//1539 1657//1657 1536//1536
f 1659//1659 1661//1661 1662//1662
f 1662//1662 1540//1540 1660//1660
f 1541//1541 1666//1666 1663//1663
f 1541//1541 1663//1663 1539//1539
f 1661//1661 1664//1664 1662//1662
f 1661//1661 1665//1665 1664//1664
f 1664//1664 1540//1540 1662//1662
f 1667//1667 1663//1663 1666//1666
f 1665//1665 1544//1544 1540//1540
f 1665//1665 1540//1540 1664//1664
f 1666//1666 1541//1541 1543//1543
f 1669//1669 1666//1666 1543//1543
f 1665//1665 1661//1661 1668//1668
f 1667//1667 1666//1666 1670//1670
f 1668//1668 1673//1673 1665//1665
f 1673//1673 1544//1544 1665//1665
f 1392//1392 1669//1669 1543//1543
f 1731//1731 1666//1666 1672//1672
f 1666//1666 1671//1671 1672//1672
f 1666//1666 1669//1669 1671//1671
f 1666//1666 1731//1731 1670//1670
f 1668//1668 1675//1675 1673//1673
f 1673//1673 1545//1545 1544//1544
f 1546//1546 1669//1669 1392//1392
f 1675//1675 1547//1547 1545//1545
f 1675//1675 1545//1545 1673//1673
f 1675//1675 1674//1674 1676//1676
f 1677//1677 1548//1548 1547//1547
f 1677//1677 1547//1547 1675//1675
f 1549//1549 1678//1678 1546//1546
f 1546//1546 1679//1679 1669//1669
f 1546//1546 1678//1678 1679//1679
f 1738//1738 1669//1669 1679//1679
f 1675//1675 1676//1676 1680//1680
f 1675//1675 1681//1681 1677//1677
f 1675//1675 1680//1680 1681//1681
f 1681//1681 1548//1548 1677//1677
f 1549//1549 1682//1682 1678//1678
f 1680//1680 1684//1684 1548//1548
f 1680//1680 1548//1548 1681//1681
f 1550//1550 1682//1682 1549//1549
f 1679//1679 1678//1678 1682//1682
f 1676//1676 1684//1684 1680//1680
f 1676//1676 1683//1683 1684//1684
f 1395//1395 1685//1685 1550//1550
f 1550//1550 1687//1687 1682//1682
f 1550//1550 1685//1685 1687//1687
f 1683//1683 1686//1686 1684//1684
f 1686//1686 1551//1551 1684//1684
f 1686//1686 1691//1691 1688//1688
f 1688//1688 1552//1552 1551//1551
f 1688//1688 1551//1551 1686//1686
f 1689//1689 1395//1395 1553//1553
f 1685//1685 1395//1395 1689//1689
f 1687//1687 1685//1685 1690//1690
f 1685//1685 1689//1689 1690//1690
f 1688//1688 1693//1693 1552//1552
f 1691//1691 1693//1693 1688//1688
f 1555//1555 1689//1689 1553//1553
f 1557//1557 1689//1689 1555//1555
f 1690//1690 1689//1689 1557//1557
f 1690//1690 1695//1695 1694//1694
f 1690//1690 1557//1557 1695//1695
f 1696//1696 1749//1749 1695//1695
f 1696//1696 1691//1691 1692//1692
f 1696//1696 1697//1697 1691//1691
f 1691//1691 1698//1698 1693//1693
f 1691//1691 1697//1697 1698//1698
f 1698//1698 1552//1552 1693//1693
f 1695//1695 1699//1699 1696//1696
f 1697//1697 1559//1559 1558//1558
f 1697//1697 1558//1558 1698//1698
f 1698//1698 1558//1558 1552//1552
f 1561//1561 1695//1695 1557//1557
f 1695//1695 1561//1561 1699//1699
f 1699//1699 1561//1561 1562//1562
f 1699//1699 1562//1562 1696//1696
f 1696//1696 1562//1562 1697//1697
f 1697//1697 1562//1562 1559//1559
f 1585//1585 1700//1700 1586//1586
f 1700//1700 1587//1587 1586//1586
f 1590//1590 1701//1701 1700//1700
f 1590//1590 1700//1700 1585//1585
f 1700//1700 1701//1701 1587//1587
f 1701//1701 1588//1588 1587//1587
f 1702//1702 1588//1588 1701//1701
f 1589//1589 1701//1701 1590//1590
f 1702//1702 1701//1701 1593//1593
f 1702//1702 1593//1593 1588//1588
f 1595//1595 1701//1701 1589//1589
f 1701//1701 1595//1595 1593//1593
f 1703//1703 1626//1626 1629//1629
f 1631//1631 1703//1703 1629//1629
f 1703//1703 1704//1704 1626//1626
f 1704//1704 1630//1630 1626//1626
f 1631//1631 1705//1705 1703//1703
f 1703//1703 1706//1706 1704//1704
f 1703//1703 1705//1705 1706//1706
f 1706//1706 1630//1630 1704//1704
f 1634//1634 1709//1709 1631//1631
f 1631//1631 1709//1709 1705//1705
f 1633//1633 1707//1707 1709//1709
f 1633//1633 1709//1709 1634//1634
f 1705//1705 1708//1708 1706//1706
f 1705//1705 1709//1709 1708//1708
f 1708//1708 1636//1636 1630//1630
f 1708//1708 1630//1630 1706//1706
f 1711//1711 1707//1707 1633//1633
f 1707//1707 1711//1711 1709//1709
f 1709//1709 1710//1710 1708//1708
f 1710//1710 1638//1638 1636//1636
f 1710//1710 1636//1636 1708//1708
f 1711//1711 1712//1712 1709//1709
f 1709//1709 1641//1641 1638//1638
f 1709//1709 1638//1638 1710//1710
f 1643//1643 1648//1648 1711//1711
f 1643//1643 1711//1711 1637//1637
f 1712//1712 1713//1713 1709//1709
f 1712//1712 1711//1711 1713//1713
f 1713//1713 1641//1641 1709//1709
f 1648//1648 1714//1714 1711//1711
f 1711//1711 1715//1715 1713//1713
f 1711//1711 1714//1714 1715//1715
f 1715//1715 1641//1641 1713//1713
f 1714//1714 1645//1645 1641//1641
f 1714//1714 1641//1641 1715//1715
f 1716//1716 1651//1651 1645//1645
f 1716//1716 1645//1645 1714//1714
f 1650//1650 1717//1717 1714//1714
f 1650//1650 1714//1714 1648//1648
f 1714//1714 1718//1718 1716//1716
f 1714//1714 1717//1717 1718//1718
f 1718//1718 1651//1651 1716//1716
f 1649//1649 1717//1717 1650//1650
f 1717//1717 1654//1654 1651//1651
f 1717//1717 1651//1651 1718//1718
f 1649//1649 1719//1719 1717//1717
f 1719//1719 1654//1654 1717//1717
f 1658//1658 1720//1720 1649//1649
f 1658//1658 1649//1649 1653//1653
f 1649//1649 1721//1721 1719//1719
f 1649//1649 1720//1720 1721//1721
f 1721//1721 1659//1659 1654//1654
f 1721//1721 1654//1654 1719//1719
f 1720//1720 1658//1658 1721//1721
f 1656//1656 1723//1723 1658//1658
f 1658//1658 1722//1722 1721//1721
f 1658//1658 1723//1723 1722//1722
f 1722//1722 1659//1659 1721//1721
f 1663//1663 1726//1726 1657//1657
f 1723//1723 1656//1656 1657//1657
f 1726//1726 1723//1723 1657//1657
f 1722//1722 1723//1723 1659//1659
f 1723//1723 1661//1661 1659//1659
f 1726//1726 1728//1728 1723//1723
f 1723//1723 1728//1728 1724//1724
f 1723//1723 1724//1724 1725//1725
f 1725//1725 1661//1661 1723//1723
f 1667//1667 1726//1726 1663//1663
f 1726//1726 1727//1727 1728//1728
f 1724//1724 1661//1661 1725//1725
f 1667//1667 1670//1670 1726//1726
f 1726//1726 1670//1670 1727//1727
f 1728//1728 1729//1729 1724//1724
f 1729//1729 1661//1661 1724//1724
f 1727//1727 1733//1733 1728//1728
f 1728//1728 1733//1733 1729//1729
f 1730//1730 1668//1668 1661//1661
f 1729//1729 1730//1730 1661//1661
f 1732//1732 1670//1670 1731//1731
f 1670//1670 1732//1732 1727//1727
f 1727//1727 1732//1732 1733//1733
f 1729//1729 1675//1675 1668//1668
f 1729//1729 1668//1668 1730//1730
f 1671//1671 1731//1731 1672//1672
f 1732//1732 1734//1734 1733//1733
f 1733//1733 1734//1734 1736//1736
f 1733//1733 1736//1736 1729//1729
f 1729//1729 1674//1674 1675//1675
f 1669//1669 1738//1738 1671//1671
f 1671//1671 1738//1738 1731//1731
f 1731//1731 1735//1735 1732//1732
f 1732//1732 1735//1735 1734//1734
f 1736//1736 1737//1737 1729//1729
f 1737//1737 1676//1676 1674//1674
f 1737//1737 1674//1674 1729//1729
f 1738//1738 1739//1739 1731//1731
f 1731//1731 1742//1742 1735//1735
f 1731//1731 1739//1739 1742//1742
f 1735//1735 1742//1742 1734//1734
f 1734//1734 1740//1740 1736//1736
f 1736//1736 1676//1676 1737//1737
f 1679//1679 1741//1741 1738//1738
f 1738//1738 1741//1741 1739//1739
f 1742//1742 1743//1743 1734//1734
f 1734//1734 1746//1746 1740//1740
f 1734//1734 1743//1743 1746//1746
f 1740//1740 1746//1746 1736//1736
f 1682//1682 1744//1744 1741//1741
f 1682//1682 1741//1741 1679//1679
f 1739//1739 1745//1745 1742//1742
f 1739//1739 1741//1741 1745//1745
f 1746//1746 1683//1683 1676//1676
f 1746//1746 1676//1676 1736//1736
f 1687//1687 1744//1744 1682//1682
f 1742//1742 1745//1745 1743//1743
f 1743//1743 1747//1747 1746//1746
f 1747//1747 1686//1686 1683//1683
f 1747//1747 1683//1683 1746//1746
f 1687//1687 1690//1690 1744//1744
f 1744//1744 1690//1690 1748//1748
f 1741//1741 1744//1744 1745//1745
f 1745//1745 1751//1751 1743//1743
f 1743//1743 1691//1691 1686//1686
f 1743//1743 1686//1686 1747//1747
f 1748//1748 1749//1749 1744//1744
f 1744//1744 1750//1750 1745//1745
f 1744//1744 1749//1749 1750//1750
f 1745//1745 1750//1750 1751//1751
f 1743//1743 1751//1751 1692//1692
f 1743//1743 1692//1692 1691//1691
f 1694//1694 1748//1748 1690//1690
f 1748//1748 1694//1694 1695//1695
f 1748//1748 1695//1695 1749//1749
f 1750//1750 1749//1749 1696//1696
f 1750//1750 1696//1696 1751//1751
f 1751//1751 1696//1696 1692//1692
o boots
usemtl boots
v -0.0544 -0.8649 -0.0055
v -0.0546 -0.8632 0.0114
v -0.0551 -0.8329 -0.0112
v -0.0559 -0.8438 -0.0053
v -0.0549 -0.8303 0.0074
v -0.0553 -0.8286 -0.0008
v -0.0506 -0.8801 -0.0195
v -0.0485 -0.8858 0.0013
v -0.0492 -0.8782 -0.1236
v -0.0480 -0.8818 -0.0852
v -0.0487 -0.8798 -0.0604
v -0.0490 -0.8796 -0.0387
v -0.0487 -0.8787 0.0516
v -0.0489 -0.8769 -0.1338
v -0.0504 -0.8700 -0.0714
v -0.0489 -0.8806 -0.0331
v -0.0524 -0.8730 0.0156
v -0.0491 -0.8744 0.0542
v -0.0504 -0.8702 -0.1090
v -0.0475 -0.8557 -0.1402
v -0.0507 -0.8698 -0.0393
v -0.0525 -0.8576 -0.0282
v -0.0517 -0.8690 -0.0283
v -0.0524 -0.8718 -0.0185
v -0.0498 -0.8762 0.0437
v -0.0505 -0.8677 -0.1265
v -0.0506 -0.8683 -0.0425
v -0.0492 -0.8657 0.0559
v -0.0505 -0.8546 -0.0998
v -0.0505 -0.8635 -0.0656
v -0.0540 -0.8568 0.0181
v -0.0522 -0.8643 0.0283
v -0.0501 -0.8479 -0.1329
v -0.0505 -0.8380 -0.0576
v -0.0533 -0.8443 -0.0249
v -0.0504 -0.8346 -0.1216
v -0.0503 -0.8356 -0.0712
v -0.0535 -0.8371 -0.0228
v -0.0496 -0.8280 0.0468
v -0.0480 -0.8235 -0.1327
v -0.0492 -0.8274 -0.0642
v -0.0509 -0.8347 -0.0424
v -0.0541 -0.8310 -0.0171
v -0.0539 -0.8283 0.0177
v -0.0494 -0.8352 0.0550
v -0.0484 -0.8315 -0.1373
v -0.0485 -0.8252 -0.1006
v -0.0471 -0.8212 -0.0625
v -0.0500 -0.8293 -0.0469
v -0.0527 -0.8314 0.0283
v -0.0509 -0.8241 -0.0315
v -0.0536 -0.8265 -0.0173
v -0.0482 -0.8126 -0.0282
v -0.0515 -0.8160 0.0187
v -0.0470 -0.8116 0.0308
v -0.0498 -0.8010 -0.0127
v -0.0507 -0.8033 0.0080
v -0.0481 -0.8042 0.0211
v -0.0486 -0.7942 0.0149
v -0.0521 -0.8076 -0.0061
v -0.0481 -0.7789 0.0164
v -0.0498 -0.7916 -0.0103
v -0.0503 -0.7892 0.0059
v -0.0504 -0.7698 0.0021
v -0.0496 -0.7797 0.0103
v -0.0480 -0.7674 -0.0169
v -0.0505 -0.7744 -0.0015
v -0.0486 -0.7507 0.0146
v -0.0466 -0.7482 -0.0201
v -0.0495 -0.7572 0.0106
v -0.0506 -0.7526 -0.0021
v -0.0482 -0.7469 -0.0142
v -0.0484 -0.7392 -0.0025
v -0.0437 -0.8901 -0.1253
v -0.0442 -0.8895 -0.1096
v -0.0418 -0.8926 -0.1001
v -0.0418 -0.8926 -0.0599
v -0.0437 -0.8900 -0.0411
v -0.0442 -0.8896 -0.0334
v -0.0415 -0.8937 -0.0304
v -0.0401 -0.8965 -0.0141
v -0.0426 -0.8937 -0.0054
v -0.0435 -0.8923 0.0118
v -0.0469 -0.8868 0.0208
v -0.0442 -0.8897 0.0330
v -0.0426 -0.8887 -0.1381
v -0.0467 -0.8847 -0.1180
v -0.0467 -0.8847 -0.0927
v -0.0467 -0.8847 -0.0693
v -0.0467 -0.8847 -0.0580
v -0.0468 -0.8849 -0.0340
v -0.0471 -0.8850 0.0264
v -0.0424 -0.8878 0.0594
v -0.0468 -0.8815 -0.1343
v -0.0440 -0.8881 0.0572
v -0.0425 -0.8731 0.0684
v -0.0462 -0.8673 -0.1427
v -0.0436 -0.8734 -0.1472
v -0.0442 -0.8698 0.0666
v -0.0463 -0.8432 -0.1427
v -0.0411 -0.8341 -0.1508
v -0.0465 -0.8288 0.0615
v -0.0418 -0.8299 -0.1488
v -0.0485 -0.8244 -0.1225
v -0.0474 -0.8223 -0.0767
v -0.0480 -0.8237 -0.0531
v -0.0465 -0.8225 0.0542
v -0.0447 -0.8213 -0.1389
v -0.0452 -0.8181 -0.0812
v -0.0387 -0.8118 -0.1368
v -0.0384 -0.8083 -0.1261
v -0.0457 -0.8173 -0.0471
v -0.0389 -0.8017 -0.0405
v -0.0443 -0.8081 -0.0348
v -0.0461 -0.7953 -0.0222
v -0.0431 -0.7964 -0.0288
v -0.0444 -0.7835 -0.0254
v -0.0440 -0.7803 0.0264
v -0.0407 -0.7655 -0.0317
v -0.0429 -0.7571 -0.0280
v -0.0377 -0.7514 -0.0358
v -0.0375 -0.7486 0.0359
v -0.0438 -0.7453 0.0247
v -0.0425 -0.7374 -0.0228
v -0.0432 -0.7346 -0.0189
v -0.0466 -0.7355 0.0097
v -0.0423 -0.7265 -0.0084
v -0.0380 -0.8962 -0.1353
v -0.0376 -0.8972 -0.1061
v -0.0357 -0.8988 -0.0992
v -0.0390 -0.8958 -0.0684
v -0.0374 -0.8974 -0.0613
v -0.0357 -0.8988 -0.0517
v -0.0390 -0.8960 -0.0342
v -0.0332 -0.9017 -0.0225
v -0.0376 -0.8991 -0.0001
v -0.0334 -0.9016 0.0145
v -0.0377 -0.8987 0.0107
v -0.0372 -0.8978 0.0326
v -0.0376 -0.8970 0.0483
v -0.0363 -0.8955 0.0581
v -0.0340 -0.8921 0.0664
v -0.0364 -0.8813 -0.1527
v -0.0342 -0.8842 -0.1530
v -0.0396 -0.8844 0.0669
v -0.0408 -0.8724 0.0712
v -0.0281 -0.8796 -0.1601
v -0.0332 -0.8643 0.0782
v -0.0354 -0.8374 -0.1564
v -0.0416 -0.8356 0.0705
v -0.0358 -0.8258 -0.1539
v -0.0356 -0.8213 0.0720
v -0.0382 -0.8179 -0.1464
v -0.0419 -0.8129 -0.1171
v -0.0392 -0.8092 -0.0773
v -0.0433 -0.8209 0.0618
v -0.0327 -0.8120 0.0663
v -0.0384 -0.8091 -0.1132
v -0.0351 -0.8062 -0.0929
v -0.0351 -0.8058 -0.0604
v -0.0369 -0.8069 -0.0542
v -0.0412 -0.8055 0.0396
v -0.0344 -0.8023 -0.0500
v -0.0409 -0.8007 -0.0357
v -0.0390 -0.7950 -0.0355
v -0.0444 -0.7924 0.0257
v -0.0318 -0.7898 -0.0430
v -0.0398 -0.7691 0.0329
v -0.0427 -0.7604 0.0288
v -0.0434 -0.7371 0.0210
v -0.0343 -0.7360 0.0344
v -0.0360 -0.7424 -0.0353
v -0.0365 -0.7300 -0.0272
v -0.0362 -0.7240 0.0203
v -0.0330 -0.7229 0.0249
v -0.0411 -0.7232 0.0022
v -0.0311 -0.9018 -0.1286
v -0.0316 -0.9016 -0.1175
v -0.0323 -0.9012 -0.0635
v -0.0314 -0.9017 -0.0385
v -0.0326 -0.9017 -0.0141
v -0.0331 -0.9018 -0.0042
v -0.0329 -0.9018 0.0056
v -0.0313 -0.9018 0.0304
v -0.0310 -0.9018 0.0488
v -0.0340 -0.8962 -0.1409
v -0.0259 -0.9019 -0.1395
v -0.0309 -0.8921 -0.1491
v -0.0342 -0.8835 0.0736
v -0.0338 -0.8706 -0.1578
v -0.0308 -0.8199 0.0746
v -0.0315 -0.8115 -0.1468
v -0.0313 -0.8056 -0.1372
v -0.0346 -0.8065 0.0553
v -0.0326 -0.8044 -0.1123
v -0.0296 -0.8028 -0.0932
v -0.0337 -0.8051 -0.0784
v -0.0347 -0.7982 0.0440
v -0.0339 -0.8009 0.0485
v -0.0314 -0.7960 -0.0467
v -0.0390 -0.7939 0.0353
v -0.0345 -0.7689 0.0388
v -0.0280 -0.7561 -0.0446
v -0.0359 -0.7341 -0.0310
v -0.0294 -0.7322 -0.0374
v -0.0335 -0.7219 -0.0230
v -0.0298 -0.7154 -0.0171
v -0.0293 -0.9019 -0.1345
v -0.0291 -0.9020 -0.0971
v -0.0242 -0.9019 -0.0408
v -0.0291 -0.9020 -0.0340
v -0.0242 -0.9019 -0.0046
v -0.0241 -0.9019 0.0264
v -0.0293 -0.9019 0.0543
v -0.0246 -0.8959 -0.1496
v -0.0281 -0.9009 0.0591
v -0.0257 -0.8939 0.0717
v -0.0237 -0.8823 0.0799
v -0.0276 -0.8750 0.0806
v -0.0267 -0.8664 -0.1617
v -0.0241 -0.8683 0.0827
v -0.0330 -0.8577 0.0783
v -0.0269 -0.8502 -0.1616
v -0.0286 -0.8362 -0.1608
v -0.0310 -0.8370 0.0795
v -0.0207 -0.8313 -0.1635
v -0.0272 -0.8354 0.0813
v -0.0299 -0.8299 0.0791
v -0.0186 -0.8261 -0.1630
v -0.0247 -0.8143 0.0742
v -0.0287 -0.8073 0.0640
v -0.0251 -0.8020 -0.1354
v -0.0252 -0.8006 -0.0915
v -0.0241 -0.8001 -0.0678
v -0.0252 -0.8002 0.0569
v -0.0236 -0.7973 -0.0551
v -0.0288 -0.7937 0.0474
v -0.0242 -0.7946 0.0519
v -0.0174 -0.7917 0.0535
v -0.0298 -0.7898 0.0445
v -0.0226 -0.7854 -0.0488
v -0.0265 -0.7767 0.0454
v -0.0314 -0.7823 -0.0422
v -0.0235 -0.7674 -0.0474
v -0.0221 -0.7729 0.0482
v -0.0296 -0.7540 0.0433
v -0.0274 -0.7482 -0.0446
v -0.0238 -0.7515 0.0470
v -0.0227 -0.7439 -0.0466
v -0.0264 -0.7371 0.0421
v -0.0246 -0.7285 -0.0387
v -0.0241 -0.7293 0.0394
v -0.0279 -0.7209 -0.0285
v -0.0283 -0.7240 0.0317
v -0.0232 -0.7253 0.0374
v -0.0262 -0.7210 0.0305
v -0.0248 -0.7140 -0.0231
v -0.0335 -0.7158 0.0096
v -0.0251 -0.7139 0.0221
v -0.0256 -0.7097 -0.0092
v -0.0239 -0.7092 0.0118
v -0.0176 -0.9018 -0.1455
v -0.0178 -0.9018 -0.1332
v -0.0181 -0.9018 -0.1182
v -0.0181 -0.9018 -0.1061
v -0.0181 -0.9018 -0.0581
v -0.0181 -0.9018 -0.0408
v -0.0182 -0.9018 -0.0095
v -0.0180 -0.9018 0.0172
v -0.0181 -0.9018 0.0236
v -0.0178 -0.9018 0.0504
v -0.0214 -0.9020 0.0606
v -0.0199 -0.9015 0.0644
v -0.0235 -0.8889 -0.1566
v -0.0193 -0.8879 0.0786
v -0.0184 -0.8846 0.0809
v -0.0135 -0.8778 -0.1636
v -0.0212 -0.8624 -0.1638
v -0.0189 -0.8183 -0.1594
v -0.0190 -0.8158 0.0776
v -0.0153 -0.8099 -0.1536
v -0.0240 -0.8130 -0.1547
v -0.0178 -0.8051 -0.1469
v -0.0147 -0.8092 0.0727
v -0.0215 -0.7996 -0.1295
v -0.0226 -0.7995 -0.1250
v -0.0191 -0.8059 0.0679
v -0.0161 -0.7993 -0.1355
v -0.0203 -0.7989 -0.1156
v -0.0179 -0.7985 -0.0926
v -0.0202 -0.7989 -0.0819
v -0.0178 -0.7975 -0.0641
v -0.0154 -0.7932 -0.0570
v -0.0181 -0.7909 -0.0534
v -0.0137 -0.7849 -0.0529
v -0.0172 -0.7879 0.0522
v -0.0032 -0.7835 -0.0561
v -0.0188 -0.7457 0.0491
v -0.0178 -0.7299 0.0437
v -0.0196 -0.7185 -0.0334
v -0.0194 -0.7153 0.0299
v -0.0191 -0.7150 -0.0296
v -0.0191 -0.7094 -0.0202
v -0.0182 -0.7069 -0.0145
v -0.0281 -0.7104 -0.0075
v -0.0164 -0.9019 -0.1446
v -0.0181 -0.9018 -0.1301
v -0.0061 -0.9018 -0.1160
v -0.0120 -0.9018 -0.0943
v -0.0120 -0.9018 -0.0639
v -0.0066 -0.9018 -0.0463
v -0.0120 -0.9018 -0.0400
v -0.0181 -0.9018 -0.0242
v -0.0062 -0.9018 0.0044
v -0.0085 -0.9018 0.0171
v -0.0064 -0.9018 0.0501
v -0.0179 -0.9018 0.0655
v -0.0144 -0.8976 -0.1516
v -0.0057 -0.8975 0.0723
v -0.0134 -0.8880 -0.1596
v -0.0120 -0.8933 0.0758
v -0.0107 -0.8515 -0.1650
v -0.0157 -0.8559 0.0847
v -0.0120 -0.8476 0.0850
v -0.0139 -0.8407 -0.1650
v -0.0212 -0.8451 0.0839
v -0.0198 -0.8210 0.0807
v -0.0150 -0.8055 -0.1482
v -0.0129 -0.7993 -0.1367
v -0.0181 -0.8009 0.0623
v -0.0124 -0.8006 0.0633
v -0.0112 -0.7978 -0.1170
v -0.0123 -0.7979 -0.0835
v -0.0119 -0.7975 -0.0701
v -0.0173 -0.7981 -0.0664
v -0.0131 -0.7951 0.0578
v -0.0074 -0.7960 0.0598
v -0.0139 -0.7743 -0.0519
v -0.0083 -0.7726 -0.0536
v -0.0135 -0.7552 -0.0521
v -0.0152 -0.7390 0.0488
v -0.0158 -0.7278 -0.0437
v -0.0114 -0.7374 0.0497
v -0.0155 -0.7336 -0.0469
v -0.0070 -0.7264 -0.0459
v -0.0146 -0.7209 0.0389
v -0.0153 -0.7154 0.0328
v -0.0109 -0.7146 -0.0348
v -0.0166 -0.7100 0.0238
v -0.0083 -0.7112 0.0310
v -0.0187 -0.7093 0.0211
v -0.0137 -0.7029 -0.0012
v -0.0060 -0.9018 -0.0947
v -0.0059 -0.9018 -0.0344
v -0.0058 -0.9018 -0.0285
v -0.0042 -0.9018 -0.0108
v -0.0059 -0.9018 0.0424
v -0.0031 -0.9019 0.0651
v -0.0080 -0.8991 -0.1501
v -0.0079 -0.8882 -0.1597
v -0.0128 -0.8835 0.0820
v -0.0110 -0.8657 -0.1651
v 0.0206 -0.8354 -0.1650
v -0.0107 -0.8197 -0.1609
v -0.0102 -0.8203 0.0812
v -0.0109 -0.7978 -0.1231
v -0.0061 -0.7898 -0.0567
v -0.0098 -0.7815 0.0534
v -0.0127 -0.7736 0.0523
v -0.0118 -0.7581 0.0530
v 0.0032 -0.7604 -0.0553
v -0.0088 -0.7537 0.0533
v -0.0130 -0.7480 -0.0518
v -0.0086 -0.7416 0.0521
v -0.0092 -0.7452 -0.0527
v -0.0021 -0.7379 -0.0521
v -0.0048 -0.7339 0.0501
v -0.0117 -0.7270 0.0447
v 0.0001 -0.7257 -0.0468
v -0.0018 -0.7216 0.0434
v -0.0062 -0.7171 -0.0385
v -0.0048 -0.7155 0.0374
v -0.0109 -0.7076 -0.0237
v -0.0072 -0.7046 0.0202
v -0.0108 -0.7015 -0.0005
v -0.0068 -0.9019 -0.1451
v -0.0016 -0.9017 -0.1457
v -0.0060 -0.9018 -0.0459
v 0.0076 -0.9018 -0.0038
v 0.0243 -0.9018 0.0319
v 0.0021 -0.9018 0.0144
v 0.0002 -0.9018 0.0501
v 0.0122 -0.9015 0.0668
v -0.0110 -0.8718 -0.1647
v -0.0135 -0.8709 0.0848
v -0.0108 -0.8357 0.0849
v -0.0163 -0.8303 0.0840
v -0.0122 -0.8167 0.0792
v -0.0037 -0.8062 0.0701
v 0.0040 -0.8064 0.0703
v -0.0092 -0.8061 -0.1497
v -0.0004 -0.8006 0.0643
v -0.0007 -0.7978 -0.0992
v -0.0064 -0.7978 -0.0768
v -0.0041 -0.7970 -0.0684
v 0.0026 -0.7958 0.0604
v -0.0016 -0.7931 -0.0593
v -0.0011 -0.7824 0.0551
v -0.0027 -0.7885 0.0561
v 0.0006 -0.7658 -0.0550
v -0.0027 -0.7514 0.0544
v 0.0028 -0.7489 -0.0547
v 0.0054 -0.7403 -0.0533
v 0.0026 -0.7305 0.0494
v 0.0031 -0.7194 -0.0423
v 0.0029 -0.7154 0.0382
v -0.0013 -0.7045 -0.0217
v 0.0028 -0.7096 0.0315
v -0.0059 -0.7031 -0.0168
v -0.0002 -0.7003 -0.0043
v -0.0122 -0.7029 0.0101
v 0.0066 -0.9018 -0.1353
v -0.0042 -0.9018 -0.1301
v 0.0119 -0.9018 -0.1181
v 0.0060 -0.9018 -0.1061
v 0.0060 -0.9018 -0.0819
v 0.0060 -0.9018 -0.0574
v 0.0176 -0.9018 -0.0032
v 0.0244 -0.9018 0.0504
v 0.0097 -0.9018 0.0546
v -0.0009 -0.8945 -0.1549
v 0.0038 -0.8990 0.0702
v 0.0083 -0.8884 -0.1596
v 0.0106 -0.8659 -0.1651
v 0.0059 -0.8511 -0.1650
v 0.0217 -0.8558 0.0850
v 0.0247 -0.8425 -0.1650
v -0.0052 -0.8411 0.0851
v 0.0017 -0.8183 -0.1600
v -0.0086 -0.8090 -0.1529
v -0.0057 -0.7987 -0.1355
v 0.0052 -0.7977 -0.1230
v 0.0100 -0.7978 -0.0769
v 0.0101 -0.7895 -0.0574
v 0.0080 -0.7904 0.0572
v 0.0072 -0.7865 0.0557
v 0.0052 -0.7567 0.0552
v 0.0048 -0.7434 0.0541
v 0.0060 -0.7219 0.0440
v 0.0082 -0.7196 -0.0423
v 0.0075 -0.7047 -0.0226
v -0.0021 -0.7034 0.0187
v 0.0108 -0.7046 0.0219
v 0.0029 -0.7008 0.0098
v 0.0084 -0.7036 0.0196
v 0.0093 -0.9018 -0.1453
v 0.0169 -0.9018 -0.1221
v 0.0120 -0.9018 -0.0780
v 0.0120 -0.9018 -0.0647
v 0.0122 -0.9018 -0.0469
v 0.0173 -0.9018 -0.0334
v 0.0191 -0.9018 -0.0313
v 0.0124 -0.9018 -0.0209
v 0.0161 -0.9018 0.0045
v 0.0244 -0.9018 0.0448
v 0.0105 -0.8994 -0.1497
v 0.0138 -0.8929 -0.1561
v 0.0081 -0.8928 0.0762
v 0.0150 -0.8826 0.0823
v -0.0143 -0.8508 0.0850
v 0.0246 -0.8602 -0.1649
v 0.0264 -0.8248 -0.1627
v 0.0105 -0.8202 -0.1611
v 0.0241 -0.8156 0.0782
v 0.0143 -0.8077 -0.1515
v 0.0187 -0.8094 0.0731
v 0.0097 -0.8043 -0.1468
v 0.0085 -0.8007 0.0645
v 0.0054 -0.7984 -0.1323
v 0.0120 -0.7974 -0.0710
v 0.0169 -0.7965 0.0601
v 0.0115 -0.7747 -0.0546
v 0.0170 -0.7515 -0.0535
v 0.0123 -0.7375 -0.0519
v 0.0141 -0.7396 0.0522
v 0.0169 -0.7287 -0.0470
v 0.0120 -0.7323 0.0496
v 0.0157 -0.7192 -0.0405
v 0.0118 -0.7162 0.0386
v 0.0003 -0.7104 -0.0328
v 0.0124 -0.7090 0.0294
v 0.0158 -0.7031 -0.0154
v 0.0079 -0.7010 0.0106
v 0.0139 -0.9018 -0.1453
v 0.0180 -0.9018 -0.0581
v 0.0360 -0.9018 -0.0316
v 0.0234 -0.9018 -0.0367
v 0.0185 -0.9018 -0.0051
v 0.0178 -0.9018 0.0652
v 0.0226 -0.8990 -0.1500
v 0.0186 -0.8931 -0.1560
v 0.0212 -0.8949 0.0748
v 0.0186 -0.8839 -0.1618
v 0.0209 -0.8747 -0.1643
v 0.0180 -0.8658 -0.1651
v 0.0178 -0.8660 0.0850
v 0.0226 -0.8521 -0.1649
v 0.0217 -0.8396 0.0850
v 0.0176 -0.8297 0.0841
v 0.0233 -0.8217 -0.1615
v 0.0213 -0.8202 0.0811
v 0.0217 -0.8087 -0.1530
v 0.0169 -0.8004 -0.1394
v 0.0224 -0.8016 0.0642
v 0.0174 -0.7977 -0.1235
v 0.0169 -0.7978 -0.0882
v 0.0152 -0.7957 -0.0631
v 0.0190 -0.7941 -0.0596
v 0.0213 -0.7902 0.0547
v 0.0215 -0.7825 -0.0527
v 0.0156 -0.7855 0.0546
v 0.0215 -0.7596 -0.0525
v 0.0151 -0.7613 0.0540
v 0.0174 -0.7462 -0.0527
v 0.0134 -0.7284 0.0479
v 0.0212 -0.7304 0.0463
v 0.0167 -0.7157 0.0372
v 0.0163 -0.7130 -0.0338
v 0.0185 -0.7092 -0.0276
v 0.0175 -0.7035 -0.0151
v 0.0188 -0.7042 0.0163
v 0.0182 -0.7019 -0.0039
v 0.0094 -0.7000 -0.0050
v 0.0096 -0.6993 0.0000
v 0.0206 -0.9018 -0.1450
v 0.0237 -0.9018 -0.1346
v 0.0240 -0.9018 -0.1095
v 0.0242 -0.9018 -0.0622
v 0.0292 -0.9018 -0.0527
v 0.0240 -0.9018 -0.0520
v 0.0240 -0.9018 -0.0280
v 0.0240 -0.9018 -0.0100
v 0.0305 -0.9018 0.0130
v 0.0243 -0.9018 0.0157
v 0.0259 -0.9018 0.0643
v 0.0266 -0.9006 0.0672
v 0.0275 -0.8943 0.0740
v 0.0226 -0.8762 0.0841
v 0.0272 -0.8774 -0.1629
v 0.0236 -0.8096 -0.1529
v 0.0265 -0.8057 -0.1480
v 0.0274 -0.8082 0.0710
v 0.0260 -0.7983 0.0596
v 0.0250 -0.8041 0.0666
v 0.0227 -0.7998 -0.1380
v 0.0230 -0.7980 -0.1245
v 0.0242 -0.7982 -0.0758
v 0.0224 -0.7978 -0.0711
v 0.0165 -0.7790 0.0543
v 0.0257 -0.7795 -0.0509
v 0.0323 -0.7766 -0.0476
v 0.0339 -0.7542 -0.0469
v 0.0219 -0.7418 -0.0507
v 0.0216 -0.7406 0.0503
v 0.0275 -0.7448 0.0491
v 0.0288 -0.7273 -0.0409
v 0.0237 -0.7287 0.0445
v 0.0226 -0.7218 -0.0401
v 0.0283 -0.7236 0.0385
v 0.0231 -0.7188 0.0371
v 0.0231 -0.7096 -0.0251
v 0.0230 -0.7097 0.0256
v 0.0224 -0.7037 -0.0098
v 0.0279 -0.7056 0.0079
v 0.0223 -0.7032 0.0083
v 0.0339 -0.9018 -0.1409
v 0.0296 -0.9018 -0.1110
v 0.0302 -0.9018 -0.0988
v 0.0302 -0.9018 -0.0590
v 0.0408 -0.9019 -0.0186
v 0.0303 -0.9018 -0.0187
v 0.0409 -0.9019 0.0128
v 0.0417 -0.9019 0.0198
v 0.0411 -0.9020 0.0197
v 0.0395 -0.9019 0.0407
v 0.0342 -0.9020 0.0567
v 0.0261 -0.8945 -0.1542
v 0.0281 -0.8877 -0.1590
v 0.0270 -0.8851 0.0806
v 0.0327 -0.8820 -0.1603
v 0.0276 -0.8697 -0.1643
v 0.0366 -0.8564 0.0814
v 0.0301 -0.8572 -0.1637
v 0.0244 -0.8359 0.0848
v 0.0407 -0.8360 -0.1595
v 0.0296 -0.8282 0.0825
v 0.0286 -0.8138 -0.1561
v 0.0366 -0.8174 -0.1551
v 0.0268 -0.8188 0.0796
v 0.0273 -0.8110 0.0735
v 0.0286 -0.7998 -0.1340
v 0.0274 -0.7987 -0.1295
v 0.0291 -0.7989 -0.1074
v 0.0291 -0.7989 -0.0846
v 0.0263 -0.7983 -0.0728
v 0.0285 -0.7966 -0.0593
v 0.0244 -0.7910 -0.0552
v 0.0291 -0.7940 0.0540
v 0.0350 -0.7958 -0.0517
v 0.0317 -0.7895 -0.0501
v 0.0292 -0.7845 0.0497
v 0.0329 -0.7588 -0.0471
v 0.0268 -0.7717 0.0504
v 0.0339 -0.7579 -0.0467
v 0.0266 -0.7555 0.0505
v 0.0202 -0.7526 0.0529
v 0.0302 -0.7351 0.0445
v 0.0304 -0.7372 -0.0451
v 0.0333 -0.7318 -0.0410
v 0.0264 -0.7179 -0.0346
v 0.0279 -0.7162 0.0314
v 0.0296 -0.7109 -0.0217
v 0.0300 -0.7103 0.0199
v 0.0320 -0.7087 -0.0126
v 0.0260 -0.7042 0.0005
v 0.0358 -0.9019 -0.1160
v 0.0358 -0.9019 -0.0515
v 0.0370 -0.9010 0.0601
v 0.0416 -0.8950 -0.1455
v 0.0355 -0.8902 -0.1541
v 0.0391 -0.8861 -0.1550
v 0.0338 -0.8832 0.0790
v 0.0300 -0.8704 0.0836
v 0.0381 -0.8641 -0.1606
v 0.0384 -0.8580 -0.1603
v 0.0354 -0.8420 -0.1618
v 0.0312 -0.8376 0.0834
v 0.0364 -0.8291 -0.1602
v 0.0405 -0.8261 -0.1571
v 0.0349 -0.8257 0.0799
v 0.0390 -0.8115 -0.1482
v 0.0350 -0.8080 0.0668
v 0.0344 -0.8048 -0.1426
v 0.0340 -0.8005 -0.1288
v 0.0364 -0.8017 -0.1173
v 0.0324 -0.7998 -0.1072
v 0.0334 -0.8002 -0.0950
v 0.0334 -0.8003 -0.0736
v 0.0339 -0.8002 -0.0650
v 0.0363 -0.7995 -0.0563
v 0.0393 -0.8009 0.0528
v 0.0345 -0.7941 0.0506
v 0.0335 -0.7884 0.0480
v 0.0394 -0.7874 -0.0434
v 0.0391 -0.7747 -0.0428
v 0.0350 -0.7564 0.0458
v 0.0339 -0.7408 0.0443
v 0.0354 -0.7414 0.0435
v 0.0333 -0.7418 -0.0452
v 0.0361 -0.7304 0.0379
v 0.0391 -0.7281 -0.0336
v 0.0409 -0.7225 -0.0259
v 0.0335 -0.7214 0.0323
v 0.0359 -0.7193 0.0280
v 0.0323 -0.7161 -0.0274
v 0.0341 -0.7087 -0.0051
v 0.0380 -0.9019 -0.1327
v 0.0409 -0.9015 -0.1222
v 0.0411 -0.9014 -0.1211
v 0.0399 -0.9017 -0.1005
v 0.0399 -0.9017 -0.0533
v 0.0397 -0.9018 -0.0377
v 0.0412 -0.9015 -0.0289
v 0.0410 -0.9020 -0.0038
v 0.0401 -0.9019 0.0252
v 0.0396 -0.9019 0.0324
v 0.0396 -0.9018 0.0502
v 0.0449 -0.8945 -0.1408
v 0.0432 -0.9001 -0.0986
v 0.0432 -0.9001 -0.0654
v 0.0439 -0.8996 -0.0552
v 0.0362 -0.8922 0.0721
v 0.0420 -0.8834 -0.1541
v 0.0425 -0.8875 0.0713
v 0.0419 -0.8802 0.0759
v 0.0473 -0.8742 -0.1541
v 0.0341 -0.8753 0.0820
v 0.0460 -0.8718 -0.1550
v 0.0400 -0.8663 0.0794
v 0.0477 -0.8570 -0.1537
v 0.0402 -0.8508 0.0793
v 0.0401 -0.8382 0.0793
v 0.0424 -0.8212 -0.1531
v 0.0340 -0.8138 0.0738
v 0.0401 -0.8124 0.0681
v 0.0375 -0.8066 -0.1425
v 0.0401 -0.8055 -0.1368
v 0.0397 -0.8069 0.0612
v 0.0423 -0.8049 -0.1196
v 0.0409 -0.8041 -0.0999
v 0.0409 -0.8041 -0.0894
v 0.0398 -0.8034 -0.0751
v 0.0409 -0.8040 -0.0662
v 0.0399 -0.8020 -0.0558
v 0.0411 -0.7949 0.0446
v 0.0407 -0.7820 -0.0414
v 0.0358 -0.7847 0.0457
v 0.0419 -0.7545 -0.0403
v 0.0382 -0.7625 0.0436
v 0.0378 -0.7524 0.0439
v 0.0387 -0.7389 -0.0400
v 0.0460 -0.7392 -0.0333
v 0.0418 -0.7441 0.0393
v 0.0415 -0.7308 -0.0329
v 0.0411 -0.7319 0.0342
v 0.0412 -0.7195 0.0211
v 0.0382 -0.7189 -0.0247
v 0.0373 -0.7149 -0.0188
v 0.0419 -0.7155 -0.0091
v 0.0417 -0.7160 0.0115
v 0.0378 -0.7109 0.0015
v 0.0371 -0.7116 0.0100
v 0.0431 -0.9014 -0.0166
v 0.0445 -0.9007 0.0124
v 0.0434 -0.8969 -0.1384
v 0.0437 -0.9001 -0.1294
v 0.0476 -0.8963 -0.1109
v 0.0466 -0.8972 -0.0533
v 0.0451 -0.8989 -0.0311
v 0.0427 -0.9016 0.0193
v 0.0437 -0.8998 0.0431
v 0.0483 -0.8956 0.0468
v 0.0449 -0.8960 0.0580
v 0.0475 -0.8857 -0.1474
v 0.0451 -0.8508 0.0760
v 0.0505 -0.8444 -0.1507
v 0.0505 -0.8469 0.0707
v 0.0442 -0.8315 0.0762
v 0.0489 -0.8307 -0.1515
v 0.0466 -0.8278 0.0728
v 0.0421 -0.8202 0.0734
v 0.0493 -0.8217 -0.1466
v 0.0451 -0.8141 -0.1448
v 0.0482 -0.8165 0.0634
v 0.0470 -0.8104 -0.1356
v 0.0452 -0.8071 -0.1266
v 0.0475 -0.8092 -0.1194
v 0.0443 -0.8064 -0.1032
v 0.0463 -0.8081 -0.1056
v 0.0474 -0.8093 -0.0894
v 0.0457 -0.8075 -0.0788
v 0.0457 -0.8075 -0.0629
v 0.0459 -0.8065 -0.0529
v 0.0510 -0.8107 -0.0457
v 0.0471 -0.8042 -0.0450
v 0.0455 -0.8017 0.0446
v 0.0435 -0.7988 -0.0447
v 0.0485 -0.7988 -0.0363
v 0.0452 -0.7930 -0.0390
v 0.0468 -0.7948 0.0372
v 0.0471 -0.7890 -0.0352
v 0.0463 -0.7833 0.0357
v 0.0468 -0.7810 -0.0351
v 0.0427 -0.7820 0.0397
v 0.0466 -0.7633 -0.0356
v 0.0464 -0.7536 0.0356
v 0.0483 -0.7473 -0.0330
v 0.0444 -0.7470 0.0371
v 0.0480 -0.7426 0.0316
v 0.0482 -0.7387 -0.0294
v 0.0422 -0.7277 0.0298
v 0.0476 -0.7304 0.0241
v 0.0454 -0.7226 -0.0187
v 0.0485 -0.7275 0.0187
v 0.0475 -0.7219 -0.0097
v 0.0468 -0.7213 0.0105
v 0.0480 -0.7217 0.0059
v 0.0440 -0.7232 0.0212
v 0.0470 -0.7197 -0.0008
v 0.0524 -0.8906 -0.1134
v 0.0493 -0.8944 -0.0657
v 0.0493 -0.8944 -0.0472
v 0.0508 -0.8935 -0.0217
v 0.0531 -0.8920 -0.0066
v 0.0485 -0.8971 -0.0040
v 0.0534 -0.8915 0.0093
v 0.0454 -0.8992 0.0226
v 0.0505 -0.8930 0.0433
v 0.0521 -0.8909 -0.1014
v 0.0521 -0.8909 -0.0953
v 0.0521 -0.8909 -0.0714
v 0.0521 -0.8909 -0.0654
v 0.0521 -0.8909 -0.0504
v 0.0506 -0.8930 -0.0357
v 0.0552 -0.8864 -0.0332
v 0.0546 -0.8889 0.0199
v 0.0531 -0.8902 0.0295
v 0.0549 -0.8867 0.0461
v 0.0506 -0.8925 0.0513
v 0.0530 -0.8847 -0.1398
v 0.0543 -0.8875 -0.1104
v 0.0543 -0.8875 -0.0637
v 0.0553 -0.8857 -0.0431
v 0.0490 -0.8888 0.0623
v 0.0479 -0.8813 0.0700
v 0.0538 -0.8794 -0.1421
v 0.0529 -0.8773 0.0649
v 0.0504 -0.8679 -0.1507
v 0.0547 -0.8648 -0.1444
v 0.0558 -0.8334 -0.1420
v 0.0500 -0.8691 0.0712
v 0.0544 -0.8327 -0.1443
v 0.0545 -0.8226 -0.1380
v 0.0533 -0.8268 0.0635
v 0.0537 -0.8169 -0.1283
v 0.0542 -0.8220 0.0579
v 0.0544 -0.8180 -0.1265
v 0.0522 -0.8147 -0.1188
v 0.0517 -0.8140 -0.1040
v 0.0531 -0.8161 -0.0978
v 0.0522 -0.8147 -0.0738
v 0.0505 -0.8127 -0.0684
v 0.0522 -0.8146 -0.0563
v 0.0536 -0.8126 -0.0401
v 0.0537 -0.8122 0.0393
v 0.0488 -0.8085 0.0493
v 0.0491 -0.8135 0.0568
v 0.0528 -0.8059 -0.0341
v 0.0532 -0.8044 0.0312
v 0.0496 -0.8071 0.0436
v 0.0532 -0.8003 -0.0288
v 0.0490 -0.7988 0.0358
v 0.0531 -0.7943 -0.0267
v 0.0537 -0.7944 0.0250
v 0.0478 -0.7884 0.0343
v 0.0530 -0.7776 -0.0259
v 0.0508 -0.7710 0.0296
v 0.0537 -0.7653 0.0247
v 0.0533 -0.7765 -0.0254
v 0.0472 -0.7576 0.0348
v 0.0515 -0.7592 -0.0286
v 0.0526 -0.7544 0.0269
v 0.0541 -0.7478 -0.0233
v 0.0546 -0.7454 0.0217
v 0.0495 -0.7469 0.0305
v 0.0527 -0.7359 -0.0183
v 0.0505 -0.7373 0.0242
v 0.0501 -0.7411 0.0273
v 0.0541 -0.7390 -0.0183
v 0.0553 -0.7356 0.0108
v 0.0485 -0.7266 -0.0169
v 0.0540 -0.7315 -0.0067
v 0.0539 -0.7309 0.0006
v 0.0524 -0.7283 0.0051
v 0.0592 -0.8820 0.0022
v 0.0584 -0.8800 -0.1278
v 0.0575 -0.8802 -0.1251
v 0.0530 -0.8902 -0.1272
v 0.0562 -0.8835 -0.0741
v 0.0582 -0.8782 -0.0425
v 0.0562 -0.8840 -0.0400
v 0.0559 -0.8867 -0.0173
v 0.0580 -0.8834 -0.0124
v 0.0582 -0.8750 0.0533
v 0.0583 -0.8734 -0.1345
v 0.0572 -0.8811 -0.1175
v 0.0581 -0.8779 -0.0986
v 0.0581 -0.8779 -0.0708
v 0.0588 -0.8751 -0.0647
v 0.0602 -0.8769 0.0189
v 0.0544 -0.8815 0.0593
v 0.0589 -0.8680 -0.1325
v 0.0589 -0.8746 -0.1166
v 0.0592 -0.8718 -0.0838
v 0.0593 -0.8726 -0.0456
v 0.0597 -0.8752 -0.0273
v 0.0589 -0.8771 0.0344
v 0.0592 -0.8704 0.0487
v 0.0566 -0.8716 0.0595
v 0.0523 -0.8744 0.0678
v 0.0595 -0.8657 -0.1070
v 0.0595 -0.8658 -0.0593
v 0.0597 -0.8715 -0.0346
v 0.0600 -0.8668 0.0374
v 0.0595 -0.8539 -0.1047
v 0.0595 -0.8541 -0.0684
v 0.0596 -0.8604 -0.0467
v 0.0599 -0.8646 -0.0388
v 0.0560 -0.8610 0.0615
v 0.0594 -0.8391 -0.1281
v 0.0595 -0.8535 -0.1238
v 0.0595 -0.8517 -0.1174
v 0.0595 -0.8521 -0.0655
v 0.0595 -0.8453 -0.0493
v 0.0596 -0.8544 -0.0480
v 0.0599 -0.8425 0.0442
v 0.0578 -0.8535 0.0562
v 0.0587 -0.8449 0.0530
v 0.0547 -0.8528 0.0643
v 0.0586 -0.8307 -0.1320
v 0.0595 -0.8372 -0.1112
v 0.0595 -0.8366 -0.0705
v 0.0596 -0.8418 -0.0668
v 0.0600 -0.8446 -0.0418
v 0.0546 -0.8365 0.0645
v 0.0566 -0.8276 -0.1370
v 0.0589 -0.8298 -0.1263
v 0.0594 -0.8358 -0.1064
v 0.0595 -0.8372 -0.0575
v 0.0586 -0.8278 -0.0456
v 0.0596 -0.8357 -0.0458
v 0.0568 -0.8330 0.0583
v 0.0545 -0.8320 0.0638
v 0.0581 -0.8271 -0.1166
v 0.0579 -0.8267 -0.1017
v 0.0586 -0.8296 -0.0757
v 0.0589 -0.8313 -0.0565
v 0.0597 -0.8302 -0.0391
v 0.0600 -0.8318 0.0383
v 0.0578 -0.8272 0.0490
v 0.0582 -0.8315 0.0534
v 0.0545 -0.8225 -0.1368
v 0.0558 -0.8208 -0.0706
v 0.0551 -0.8189 -0.0530
v 0.0598 -0.8243 -0.0312
v 0.0592 -0.8220 0.0316
v 0.0565 -0.8203 0.0426
v 0.0561 -0.8218 0.0488
v 0.0549 -0.8190 -0.1158
v 0.0549 -0.8190 -0.0824
v 0.0538 -0.8169 -0.0695
v 0.0553 -0.8184 -0.0459
v 0.0555 -0.8098 -0.0304
v 0.0599 -0.8177 0.0228
v 0.0591 -0.8049 -0.0126
v 0.0572 -0.8093 0.0242
v 0.0560 -0.8125 0.0319
v 0.0601 -0.8051 -0.0068
v 0.0574 -0.8038 0.0199
v 0.0599 -0.8063 0.0103
v 0.0555 -0.7992 -0.0222
v 0.0598 -0.8010 -0.0035
v 0.0567 -0.7976 0.0183
v 0.0582 -0.7929 -0.0121
v 0.0593 -0.7932 0.0056
v 0.0585 -0.7571 -0.0118
v 0.0558 -0.7891 0.0196
v 0.0585 -0.7819 -0.0101
v 0.0589 -0.7797 0.0081
v 0.0541 -0.7875 -0.0240
v 0.0595 -0.7879 -0.0013
v 0.0570 -0.7839 0.0165
v 0.0553 -0.7670 -0.0211
v 0.0594 -0.7698 -0.0040
v 0.0586 -0.7522 -0.0107
v 0.0594 -0.7516 0.0031
v 0.0580 -0.7509 0.0128
v 0.0559 -0.7666 0.0196
v 0.0562 -0.7528 -0.0187
v 0.0581 -0.7492 0.0120
v 0.0559 -0.7592 0.0197
v 0.0587 -0.7455 0.0042
v 0.0572 -0.7439 -0.0114
v 0.0586 -0.7437 -0.0040
v 0.0568 -0.7444 0.0130
v 0.0620 -0.8737 0.0029
v 0.0624 -0.8688 0.0164
v 0.0594 -0.8812 0.0084
v 0.0606 -0.8736 -0.0231
v 0.0607 -0.8762 -0.0147
v 0.0626 -0.8670 0.0141
v 0.0601 -0.8752 0.0239
v 0.0606 -0.8612 -0.0339
v 0.0635 -0.8583 -0.0126
v 0.0605 -0.8641 0.0331
v 0.0641 -0.8592 -0.0025
v 0.0638 -0.8533 0.0132
v 0.0632 -0.8641 0.0142
v 0.0634 -0.8356 -0.0177
v 0.0646 -0.8425 0.0066
v 0.0640 -0.8437 -0.0129
v 0.0644 -0.8459 -0.0061
v 0.0605 -0.8444 0.0371
v 0.0604 -0.8492 0.0376
v 0.0644 -0.8330 -0.0039
v 0.0607 -0.8342 0.0345
v 0.0605 -0.8372 0.0370
v 0.0599 -0.8317 -0.0385
v 0.0634 -0.8358 -0.0160
v 0.0642 -0.8299 0.0060
v 0.0619 -0.8314 -0.0256
v 0.0633 -0.8250 -0.0095
v 0.0628 -0.8276 0.0162
v 0.0631 -0.8225 0.0058
v 0.0614 -0.8307 0.0283
v 0.0604 -0.8184 -0.0213
v 0.0602 -0.8113 -0.0141
v 0.0619 -0.8140 0.0014
v 0.0605 -0.8100 0.0106
v 0.0607 -0.8188 0.0199
v 0.0598 -0.8015 0.0071
vn -0.9882 -0.1494 -0.0341
vn -0.9911 -0.1210 0.0560
vn -0.9931 0.0641 -0.0986
vn -0.9994 -0.0131 -0.0321
vn -0.9954 0.0504 0.0813
vn -0.9948 0.1009 0.0112
vn -0.9242 -0.3758 -0.0677
vn -0.8889 -0.4581 0.0039
vn -0.9622 -0.2693 -0.0403
vn -0.9248 -0.3804 0.0022
vn -0.9609 -0.2769 -0.0007
vn -0.9542 -0.2982 -0.0259
vn -0.9459 -0.2945 0.1359
vn -0.9444 -0.2319 -0.2332
vn -0.9958 -0.0921 0.0006
vn -0.9391 -0.3394 -0.0530
vn -0.9679 -0.2480 0.0397
vn -0.9571 -0.1391 0.2542
vn -0.9969 -0.0789 -0.0002
vn -0.9401 -0.0605 -0.3355
vn -0.9880 -0.1437 -0.0564
vn -0.9925 -0.0554 -0.1088
vn -0.9661 -0.0978 -0.2387
vn -0.9845 -0.1537 -0.0840
vn -0.9714 -0.2287 0.0647
vn -0.9959 -0.0562 -0.0705
vn -0.9951 -0.0860 -0.0495
vn -0.9627 -0.0300 0.2689
vn -1.0000 -0.0014 -0.0014
vn -1.0000 -0.0073 -0.0035
vn -0.9946 -0.0062 0.1039
vn -0.9915 -0.0612 0.1152
vn -0.9804 0.0135 -0.1966
vn -0.9991 0.0357 0.0212
vn -0.9921 -0.0141 -0.1245
vn -0.9949 0.0930 -0.0399
vn -0.9933 0.1158 0.0043
vn -0.9907 0.0163 -0.1351
vn -0.9668 0.2013 0.1572
vn -0.9208 0.3503 -0.1716
vn -0.9732 0.2297 -0.0054
vn -0.9897 0.0966 -0.1057
vn -0.9871 0.0773 -0.1401
vn -0.9889 0.1014 0.1085
vn -0.9639 0.0759 0.2552
vn -0.9418 0.1298 -0.3102
vn -0.9683 0.2496 0.0033
vn -0.8901 0.4556 -0.0134
vn -0.9702 0.2335 0.0641
vn -0.9876 0.0663 0.1426
vn -0.9545 0.2286 -0.1914
vn -0.9812 0.1388 -0.1340
vn -0.9062 0.3306 -0.2638
vn -0.9652 0.2058 0.1615
vn -0.9002 0.3334 0.2801
vn -0.9689 0.1011 -0.2257
vn -0.9783 0.1774 0.1069
vn -0.9345 0.2281 0.2733
vn -0.9746 0.1654 0.1512
vn -0.9828 0.1655 -0.0816
vn -0.9436 -0.0478 0.3276
vn -0.9856 0.0164 -0.1684
vn -0.9910 -0.0070 0.1333
vn -0.9653 0.1828 -0.1865
vn -0.9875 -0.0165 0.1567
vn -0.9499 0.0105 -0.3125
vn -0.9997 -0.0220 0.0061
vn -0.9604 0.0954 0.2619
vn -0.9202 0.1194 -0.3728
vn -0.9270 0.2786 -0.2512
vn -0.9971 0.0705 -0.0289
vn -0.9667 0.1066 -0.2327
vn -0.9595 0.2775 -0.0485
vn -0.8283 -0.5583 -0.0477
vn -0.8412 -0.5406 -0.0110
vn -0.7698 -0.6382 -0.0052
vn -0.7783 -0.6279 -0.0000
vn -0.8411 -0.5408 -0.0038
vn -0.8522 -0.5227 0.0224
vn -0.7747 -0.6299 -0.0543
vn -0.7202 -0.6927 -0.0378
vn -0.7821 -0.6231 0.0046
vn -0.7659 -0.6396 0.0659
vn -0.8689 -0.4919 0.0549
vn -0.8285 -0.5573 0.0549
vn -0.7908 -0.4899 -0.3670
vn -0.9045 -0.4263 -0.0152
vn -0.9250 -0.3789 -0.0276
vn -0.8984 -0.4392 -0.0000
vn -0.8974 -0.4411 -0.0005
vn -0.8801 -0.4748 -0.0023
vn -0.8845 -0.4556 0.1006
vn -0.6000 -0.6612 0.4504
vn -0.8952 -0.3782 -0.2358
vn -0.7669 -0.5520 0.3274
vn -0.8299 -0.2366 0.5053
vn -0.8502 0.0653 -0.5224
vn -0.8168 -0.1624 -0.5537
vn -0.8718 -0.0865 0.4822
vn -0.8921 0.0184 -0.4515
vn -0.7673 0.1016 -0.6332
vn -0.9086 0.2247 0.3522
vn -0.8652 0.1689 -0.4722
vn -0.9407 0.3391 -0.0070
vn -0.9048 0.4259 0.0051
vn -0.9441 0.3298 -0.0045
vn -0.8988 0.3666 0.2403
vn -0.8218 0.4115 -0.3940
vn -0.8525 0.5224 0.0182
vn -0.7072 0.6415 -0.2970
vn -0.6768 0.7317 -0.0813
vn -0.8921 0.4303 -0.1381
vn -0.7985 0.4317 -0.4196
vn -0.8893 0.3491 -0.2953
vn -0.8344 0.4018 -0.3773
vn -0.8548 0.2240 -0.4682
vn -0.8831 0.0061 -0.4691
vn -0.9066 0.0375 0.4204
vn -0.8160 -0.0121 -0.5779
vn -0.8756 0.0194 -0.4827
vn -0.7620 0.0775 -0.6429
vn -0.7540 0.1088 0.6478
vn -0.8772 0.1161 0.4659
vn -0.7698 0.4049 -0.4934
vn -0.8617 0.3819 -0.3342
vn -0.9192 0.3522 0.1765
vn -0.8391 0.5163 -0.1711
vn -0.6748 -0.6925 -0.2553
vn -0.6855 -0.7280 -0.0151
vn -0.6109 -0.7917 -0.0006
vn -0.7267 -0.6869 -0.0012
vn -0.6717 -0.7408 -0.0017
vn -0.6069 -0.7948 0.0049
vn -0.6581 -0.7520 0.0374
vn -0.3588 -0.9331 -0.0228
vn -0.6375 -0.7704 0.0018
vn -0.3515 -0.9356 0.0338
vn -0.6586 -0.7518 0.0328
vn -0.6671 -0.7442 0.0340
vn -0.6959 -0.7119 0.0940
vn -0.6366 -0.7074 0.3071
vn -0.5797 -0.6207 0.5279
vn -0.6907 -0.3037 -0.6563
vn -0.6033 -0.4811 -0.6361
vn -0.7443 -0.3906 0.5417
vn -0.7330 -0.1475 0.6641
vn -0.4156 -0.2822 -0.8647
vn -0.5669 -0.0304 0.8232
vn -0.6051 0.1234 -0.7865
vn -0.7685 0.0928 0.6331
vn -0.6070 0.3022 -0.7350
vn -0.6310 0.3913 0.6699
vn -0.6917 0.4757 -0.5433
vn -0.8163 0.5776 0.0070
vn -0.7180 0.6959 0.0131
vn -0.7969 0.4349 0.4192
vn -0.5919 0.6540 0.4711
vn -0.6962 0.7174 0.0264
vn -0.6378 0.7702 0.0066
vn -0.6627 0.7424 -0.0980
vn -0.8017 0.5810 -0.1403
vn -0.8351 0.4105 0.3662
vn -0.6936 0.6288 -0.3514
vn -0.8405 0.3175 -0.4390
vn -0.7945 0.4274 -0.4313
vn -0.9044 0.0419 0.4246
vn -0.7227 0.2333 -0.6506
vn -0.7965 0.0197 0.6044
vn -0.8557 0.0251 0.5169
vn -0.8552 0.3360 0.3947
vn -0.7106 0.3511 0.6098
vn -0.7406 0.2405 -0.6274
vn -0.7537 0.4440 -0.4846
vn -0.7734 0.5434 0.3265
vn -0.6868 0.5713 0.4493
vn -0.8169 0.5730 0.0656
vn -0.3374 -0.9408 -0.0324
vn -0.4141 -0.9102 -0.0036
vn -0.4492 -0.8934 -0.0033
vn -0.3332 -0.9428 -0.0137
vn -0.2969 -0.9549 0.0014
vn -0.2919 -0.9562 -0.0200
vn -0.2742 -0.9616 0.0069
vn -0.2882 -0.9574 0.0163
vn -0.3354 -0.9405 0.0551
vn -0.5863 -0.6602 -0.4694
vn -0.2503 -0.9334 -0.2572
vn -0.5450 -0.5975 -0.5882
vn -0.5785 -0.3821 0.7206
vn -0.6136 -0.0930 -0.7841
vn -0.4425 0.4517 0.7747
vn -0.5076 0.6845 -0.5232
vn -0.4879 0.8152 -0.3122
vn -0.6391 0.6213 0.4534
vn -0.5340 0.8455 -0.0048
vn -0.4803 0.8771 -0.0004
vn -0.5484 0.8350 0.0441
vn -0.7903 0.4401 0.4263
vn -0.6894 0.5530 0.4679
vn -0.6860 0.4390 -0.5802
vn -0.8180 0.1782 0.5469
vn -0.7151 -0.0641 0.6961
vn -0.5828 0.0209 -0.8124
vn -0.8047 0.3128 -0.5045
vn -0.6072 0.4125 -0.6791
vn -0.7040 0.5856 -0.4019
vn -0.6851 0.6793 -0.2631
vn -0.2928 -0.9454 -0.1430
vn -0.0824 -0.9966 0.0014
vn -0.0045 -1.0000 -0.0033
vn -0.0398 -0.9992 -0.0098
vn 0.0097 -0.9999 0.0085
vn -0.0032 -1.0000 -0.0002
vn -0.3432 -0.9251 0.1628
vn -0.3251 -0.7046 -0.6307
vn -0.4188 -0.8344 0.3584
vn -0.3579 -0.6545 0.6660
vn -0.3597 -0.3537 0.8634
vn -0.4270 -0.1846 0.8852
vn -0.3957 -0.0267 -0.9180
vn -0.3205 -0.0655 0.9450
vn -0.5590 0.0034 0.8292
vn -0.5587 -0.1033 -0.8229
vn -0.4491 0.0944 -0.8885
vn -0.5414 0.0520 0.8392
vn -0.2669 0.1285 -0.9551
vn -0.3781 0.0914 0.9212
vn -0.4892 0.2237 0.8430
vn -0.2132 0.2679 -0.9396
vn -0.3743 0.5868 0.7181
vn -0.4810 0.6945 0.5351
vn -0.3662 0.8817 -0.2975
vn -0.3929 0.9196 0.0034
vn -0.3974 0.9148 -0.0721
vn -0.4706 0.7017 0.5349
vn -0.5131 0.7119 -0.4796
vn -0.5460 0.4334 0.7170
vn -0.3166 0.0934 0.9440
vn -0.4788 0.4557 0.7504
vn -0.6233 0.2857 0.7279
vn -0.4584 0.4478 -0.7677
vn -0.6776 -0.1281 0.7242
vn -0.6646 0.0568 -0.7451
vn -0.4716 -0.0116 -0.8818
vn -0.4789 0.0253 0.8775
vn -0.6152 0.0671 0.7855
vn -0.5695 0.1310 -0.8115
vn -0.5295 0.0612 0.8461
vn -0.4845 0.2102 -0.8491
vn -0.5634 0.2963 0.7713
vn -0.5167 0.4873 -0.7039
vn -0.6331 0.4258 0.6464
vn -0.5443 0.6043 -0.5819
vn -0.6114 0.5327 0.5852
vn -0.5058 0.5343 0.6772
vn -0.5380 0.6579 0.5270
vn -0.5220 0.7379 -0.4279
vn -0.6780 0.7145 0.1725
vn -0.5472 0.7376 0.3957
vn -0.4319 0.8723 -0.2291
vn -0.5390 0.8421 0.0190
vn -0.0562 -0.9183 -0.3918
vn 0.0051 -1.0000 0.0013
vn -0.0015 -1.0000 0.0028
vn 0.0041 -1.0000 -0.0015
vn 0.0062 -1.0000 0.0001
vn 0.0059 -1.0000 -0.0001
vn -0.0003 -1.0000 -0.0012
vn 0.0016 -1.0000 -0.0007
vn 0.0044 -1.0000 0.0004
vn 0.0023 -1.0000 -0.0041
vn -0.0574 -0.9952 0.0788
vn -0.3347 -0.8678 0.3674
vn -0.3145 -0.5552 -0.7699
vn -0.2310 -0.5559 0.7985
vn -0.1882 -0.3976 0.8981
vn -0.1155 -0.2342 -0.9653
vn -0.2565 -0.0242 -0.9662
vn -0.2069 0.4759 -0.8548
vn -0.2090 0.5907 0.7794
vn -0.0959 0.6895 -0.7179
vn -0.3572 0.6094 -0.7078
vn -0.3443 0.8279 -0.4428
vn -0.1122 0.6982 0.7071
vn -0.2591 0.9600 -0.1066
vn -0.3165 0.9471 -0.0533
vn -0.2518 0.7282 0.6375
vn -0.1755 0.9472 -0.2682
vn -0.2096 0.9778 -0.0009
vn -0.1384 0.9904 -0.0008
vn -0.2152 0.9766 -0.0038
vn -0.4826 0.8183 -0.3121
vn -0.3319 0.6941 -0.6388
vn -0.6850 0.1365 -0.7156
vn -0.3018 0.5543 -0.7757
vn -0.4224 0.2504 0.8711
vn -0.1430 0.2138 -0.9664
vn -0.4461 0.1658 0.8795
vn -0.4065 0.4375 0.8021
vn -0.4789 0.6261 -0.6154
vn -0.4315 0.7411 0.5143
vn -0.4237 0.7362 -0.5278
vn -0.4213 0.8287 -0.3685
vn -0.4084 0.8807 -0.2399
vn -0.5787 0.8067 -0.1195
vn 0.0287 -0.9801 -0.1963
vn 0.0062 -1.0000 -0.0031
vn -0.0000 -1.0000 0.0000
vn -0.0007 -1.0000 0.0000
vn -0.0006 -1.0000 -0.0000
vn -0.0013 -1.0000 0.0001
vn -0.0007 -1.0000 -0.0001
vn -0.0001 -1.0000 0.0021
vn -0.0007 -1.0000 0.0001
vn -0.0008 -1.0000 0.0003
vn -0.0001 -1.0000 -0.0008
vn -0.1450 -0.9146 0.3775
vn -0.1221 -0.7327 -0.6695
vn -0.0244 -0.7314 0.6815
vn -0.1036 -0.5056 -0.8566
vn 0.0308 -0.5509 0.8340
vn -0.0465 -0.0030 -0.9989
vn -0.1998 -0.0025 0.9798
vn -0.0789 0.0622 0.9949
vn -0.1109 0.0492 -0.9926
vn -0.2657 0.0162 0.9639
vn -0.2683 0.3878 0.8818
vn -0.1045 0.8292 -0.5491
vn -0.0668 0.9471 -0.3140
vn -0.2555 0.7133 0.6527
vn -0.1512 0.6784 0.7190
vn -0.0670 0.9977 -0.0053
vn -0.0806 0.9964 0.0250
vn -0.0739 0.9970 -0.0222
vn -0.2284 0.9554 -0.1869
vn -0.1910 0.6141 0.7657
vn -0.1222 0.6095 0.7833
vn -0.3895 0.0137 -0.9209
vn -0.2271 0.0523 -0.9725
vn -0.3298 0.0271 -0.9437
vn -0.3897 0.3052 0.8689
vn -0.3817 0.5104 -0.7706
vn -0.3072 0.3573 0.8820
vn -0.3639 0.3584 -0.8597
vn -0.2039 0.4856 -0.8501
vn -0.3390 0.6204 0.7073
vn -0.3558 0.7201 0.5957
vn -0.2894 0.7229 -0.6274
vn -0.3420 0.7873 0.5130
vn -0.2352 0.7952 0.5588
vn -0.4287 0.8127 0.3947
vn -0.4491 0.8934 -0.0137
vn -0.0004 -1.0000 0.0000
vn -0.0004 -1.0000 -0.0003
vn -0.0005 -1.0000 -0.0004
vn -0.0005 -1.0000 -0.0003
vn -0.0009 -1.0000 0.0007
vn -0.0061 -0.9674 0.2530
vn -0.0401 -0.7972 -0.6024
vn -0.0203 -0.5075 -0.8614
vn -0.0618 -0.3918 0.9180
vn -0.0690 -0.0295 -0.9972
vn 0.0885 0.1050 -0.9905
vn -0.0260 0.4602 -0.8874
vn -0.0266 0.3864 0.9220
vn -0.0674 0.9969 -0.0396
vn -0.2416 0.3586 -0.9017
vn -0.2441 0.1044 0.9641
vn -0.3060 -0.0109 0.9520
vn -0.2868 0.0204 0.9578
vn -0.0214 0.0172 -0.9996
vn -0.1942 0.0648 0.9788
vn -0.3508 0.1386 -0.9261
vn -0.2301 0.2248 0.9468
vn -0.3814 0.3480 -0.8564
vn -0.1337 0.3196 -0.9381
vn -0.1596 0.3978 0.9035
vn -0.2790 0.5059 0.8162
vn -0.0715 0.5112 -0.8565
vn -0.1271 0.5948 0.7938
vn -0.1832 0.6628 -0.7260
vn -0.1649 0.7231 0.6708
vn -0.2918 0.8472 -0.4439
vn -0.2053 0.9001 0.3843
vn -0.2783 0.9603 -0.0217
vn -0.0173 -0.9675 -0.2523
vn 0.0010 -0.8996 -0.4368
vn -0.0007 -1.0000 -0.0000
vn -0.0003 -1.0000 0.0002
vn -0.0023 -1.0000 0.0010
vn 0.0004 -1.0000 0.0000
vn -0.0007 -1.0000 0.0002
vn 0.0102 -0.9254 0.3789
vn -0.0797 -0.1199 -0.9896
vn -0.1061 -0.1177 0.9874
vn -0.0469 0.0649 0.9968
vn -0.1546 0.1795 0.9715
vn -0.0497 0.5617 0.8258
vn -0.0247 0.6937 0.7199
vn 0.0011 0.6789 0.7342
vn -0.0153 0.8148 -0.5795
vn -0.0481 0.6881 0.7241
vn -0.0017 1.0000 0.0001
vn -0.0290 0.9989 -0.0365
vn -0.0462 0.9704 -0.2370
vn -0.0116 0.5853 0.8107
vn -0.0716 0.7099 -0.7006
vn 0.0284 0.3313 0.9431
vn -0.1098 0.3493 0.9306
vn -0.0983 -0.0373 -0.9945
vn -0.1357 0.0511 0.9894
vn -0.0265 0.1035 -0.9943
vn 0.0163 0.2728 -0.9619
vn -0.0439 0.4397 0.8971
vn -0.0425 0.6572 -0.7525
vn -0.0202 0.7157 0.6982
vn -0.0818 0.9128 -0.4001
vn -0.0361 0.8216 0.5689
vn -0.1797 0.9423 -0.2825
vn -0.0804 0.9901 -0.1151
vn -0.3137 0.9346 0.1677
vn 0.0042 -1.0000 -0.0023
vn -0.0007 -1.0000 0.0013
vn 0.0001 -1.0000 -0.0001
vn -0.0000 -1.0000 0.0000
vn -0.0000 -1.0000 0.0000
vn -0.0000 -1.0000 -0.0000
vn 0.0011 -1.0000 -0.0003
vn -0.0064 -1.0000 -0.0009
vn -0.0033 -1.0000 0.0094
vn -0.0061 -0.6661 -0.7458
vn 0.0383 -0.7443 0.6668
vn 0.0045 -0.5249 -0.8512
vn 0.0026 -0.0362 -0.9993
vn 0.0045 0.0038 -1.0000
vn 0.1076 -0.0044 0.9942
vn 0.1642 0.0430 -0.9855
vn -0.0185 0.0117 0.9998
vn 0.0148 0.5791 -0.8151
vn -0.0023 0.6830 -0.7304
vn -0.0167 0.9638 -0.2659
vn -0.0044 0.9994 -0.0338
vn -0.0020 0.9994 -0.0355
vn 0.1013 0.6029 -0.7914
vn -0.0288 0.4028 0.9148
vn 0.0254 0.2384 0.9708
vn -0.0031 0.0043 1.0000
vn 0.0097 0.2056 0.9786
vn 0.1201 0.6461 0.7537
vn 0.0929 0.6493 -0.7548
vn 0.0632 0.9134 -0.4021
vn -0.0432 0.9652 0.2579
vn 0.1225 0.9031 0.4115
vn -0.0274 0.9947 0.0986
vn 0.0381 0.9427 0.3315
vn -0.0007 -0.9688 -0.2477
vn 0.0000 -1.0000 0.0002
vn 0.0001 -1.0000 0.0000
vn 0.0001 -1.0000 0.0000
vn -0.0004 -1.0000 0.0001
vn 0.0003 -1.0000 0.0001
vn 0.0008 -1.0000 -0.0006
vn 0.0003 -1.0000 -0.0005
vn 0.0007 -1.0000 0.0003
vn -0.0010 -1.0000 -0.0012
vn 0.0036 -0.7940 -0.6080
vn -0.0179 -0.6386 -0.7693
vn 0.0032 -0.6155 0.7882
vn 0.0070 -0.3858 0.9225
vn -0.0938 0.0087 0.9956
vn 0.1132 -0.0234 -0.9933
vn 0.1948 0.2852 -0.9385
vn 0.0064 0.4549 -0.8905
vn 0.1429 0.5734 0.8067
vn -0.0087 0.8026 -0.5964
vn 0.0284 0.6772 0.7353
vn 0.0060 0.8507 -0.5256
vn 0.0493 0.6926 0.7196
vn 0.0104 0.9893 -0.1453
vn -0.5431 0.8380 0.0538
vn 0.1141 0.6115 0.7830
vn 0.1267 -0.0021 -0.9919
vn 0.2222 0.0675 -0.9727
vn 0.1381 0.3250 -0.9356
vn 0.1764 0.2682 0.9471
vn 0.2376 0.4746 -0.8475
vn 0.0844 0.3668 0.9265
vn 0.2056 0.6504 -0.7312
vn 0.0786 0.6883 0.7211
vn -0.0550 0.8062 -0.5891
vn 0.3385 0.8211 0.4595
vn 0.2040 0.9181 -0.3399
vn 0.0668 0.9787 0.1939
vn 0.0045 -0.9672 -0.2541
vn 0.0002 -1.0000 -0.0003
vn 0.0208 -0.9998 -0.0004
vn -0.0030 -1.0000 0.0025
vn 0.0002 -1.0000 -0.0010
vn 0.0342 -0.9582 0.2841
vn 0.1192 -0.7978 -0.5910
vn 0.0363 -0.6173 -0.7859
vn 0.0537 -0.6738 0.7369
vn 0.0572 -0.3939 -0.9174
vn 0.0567 -0.1909 -0.9800
vn 0.0587 0.0111 -0.9982
vn 0.0403 -0.0399 0.9984
vn 0.0643 -0.0079 -0.9979
vn 0.0686 0.0115 0.9976
vn 0.0298 0.2089 0.9775
vn 0.0648 0.4616 -0.8847
vn 0.0647 0.4007 0.9139
vn 0.1036 0.7169 -0.6894
vn 0.0100 0.9106 -0.4132
vn 0.1198 0.7343 0.6681
vn 0.0241 0.9986 -0.0461
vn 0.0271 0.9996 0.0002
vn 0.1140 0.9069 -0.4057
vn 0.2250 0.7531 -0.6182
vn 0.1808 0.3384 0.9235
vn 0.2589 0.2020 -0.9446
vn 0.0864 0.0856 0.9926
vn 0.3043 0.0216 -0.9523
vn 0.2085 0.0166 0.9779
vn 0.2033 0.1558 -0.9666
vn 0.1756 0.4884 0.8548
vn 0.2888 0.4142 0.8632
vn 0.2219 0.7093 0.6690
vn 0.1882 0.7601 -0.6219
vn 0.2495 0.8348 -0.4908
vn 0.3046 0.8956 -0.3243
vn 0.2616 0.9182 0.2974
vn 0.2669 0.9625 -0.0485
vn 0.0771 0.9861 -0.1471
vn 0.1162 0.9932 -0.0045
vn 0.0403 -0.9649 -0.2596
vn -0.0046 -1.0000 0.0025
vn -0.0012 -1.0000 0.0004
vn -0.0014 -1.0000 -0.0001
vn -0.0092 -1.0000 0.0015
vn 0.0025 -1.0000 -0.0021
vn 0.0007 -1.0000 -0.0011
vn -0.0043 -1.0000 -0.0001
vn -0.0091 -1.0000 -0.0003
vn -0.0012 -1.0000 -0.0011
vn 0.0458 -0.9659 0.2549
vn 0.0672 -0.8529 0.5177
vn 0.2433 -0.6576 0.7130
vn 0.0874 -0.1946 0.9770
vn 0.1698 -0.2611 -0.9503
vn 0.3134 0.7449 -0.5891
vn 0.1748 0.8072 -0.5638
vn 0.2071 0.7089 0.6742
vn 0.3020 0.6818 0.6663
vn 0.1677 0.7643 0.6227
vn 0.0942 0.9373 -0.3355
vn 0.0856 0.9955 -0.0402
vn 0.0817 0.9966 -0.0139
vn 0.0839 0.9904 -0.1098
vn 0.1969 0.0733 0.9777
vn 0.3828 0.0763 -0.9207
vn 0.5086 0.0004 -0.8610
vn 0.5302 0.0482 -0.8465
vn 0.3371 0.2373 -0.9111
vn 0.3658 0.3019 0.8804
vn 0.4193 0.1899 0.8878
vn 0.4249 0.5042 -0.7519
vn 0.3380 0.4941 0.8010
vn 0.2764 0.5033 -0.8187
vn 0.4349 0.5637 0.7022
vn 0.3331 0.6144 0.7152
vn 0.4409 0.6049 -0.6631
vn 0.3183 0.8231 0.4702
vn 0.3306 0.9262 -0.1813
vn 0.4504 0.8785 0.1594
vn 0.3110 0.9369 0.1599
vn 0.2458 -0.9203 -0.3044
vn -0.0111 -0.9999 -0.0000
vn -0.0126 -0.9999 -0.0000
vn -0.0130 -0.9999 0.0004
vn 0.1664 -0.9853 -0.0394
vn -0.0037 -1.0000 -0.0015
vn 0.1487 -0.9889 -0.0056
vn 0.1121 -0.9130 0.3922
vn 0.1522 -0.9880 -0.0264
vn 0.2250 -0.9743 0.0053
vn 0.0848 -0.9936 0.0748
vn 0.2070 -0.6694 -0.7135
vn 0.1893 -0.5124 -0.8376
vn 0.1810 -0.4426 0.8783
vn 0.3479 -0.3001 -0.8882
vn 0.2375 -0.0785 -0.9682
vn 0.4160 -0.0083 0.9093
vn 0.2867 -0.0141 -0.9579
vn 0.1262 0.0743 0.9892
vn 0.5171 0.0814 -0.8521
vn 0.2535 0.2296 0.9397
vn 0.2266 0.5979 -0.7689
vn 0.4373 0.4999 -0.7476
vn 0.3642 0.5525 0.7497
vn 0.1919 0.6435 0.7410
vn 0.0342 0.9989 0.0312
vn 0.1824 0.9741 -0.1333
vn 0.2076 0.9782 -0.0090
vn 0.2432 0.9700 -0.0008
vn 0.1875 0.9806 -0.0572
vn 0.3529 0.8534 -0.3836
vn 0.3221 0.5428 -0.7757
vn 0.4391 0.5021 0.7451
vn 0.5641 0.6242 -0.5406
vn 0.5298 0.3578 -0.7690
vn 0.4232 0.2078 0.8819
vn 0.4546 0.0045 -0.8907
vn 0.4102 -0.0003 0.9120
vn 0.5312 -0.0305 -0.8467
vn 0.4189 0.0193 0.9078
vn 0.2678 0.0609 0.9615
vn 0.4543 0.3641 0.8131
vn 0.3964 0.3819 -0.8349
vn 0.5096 0.4226 -0.7495
vn 0.4122 0.6712 -0.6161
vn 0.4289 0.7080 0.5610
vn 0.4358 0.8095 -0.3935
vn 0.4687 0.8085 0.3560
vn 0.4991 0.8345 -0.2334
vn 0.3693 0.9292 -0.0129
vn 0.0295 -0.9996 -0.0027
vn 0.0112 -0.9999 0.0025
vn 0.3802 -0.8566 0.3490
vn 0.5239 -0.6740 -0.5208
vn 0.2629 -0.7035 -0.6603
vn 0.4991 -0.4410 -0.7460
vn 0.3816 -0.4184 0.8242
vn 0.2357 -0.0458 0.9708
vn 0.4631 -0.0653 -0.8839
vn 0.4862 0.0110 -0.8738
vn 0.3233 0.0341 -0.9457
vn 0.3182 0.0597 0.9462
vn 0.3629 0.2118 -0.9074
vn 0.5274 0.3111 -0.7906
vn 0.3905 0.2879 0.8744
vn 0.4778 0.6603 -0.5795
vn 0.3902 0.6987 0.5997
vn 0.3552 0.8212 -0.4466
vn 0.3888 0.9135 -0.1196
vn 0.4628 0.8864 0.0126
vn 0.3447 0.9387 -0.0013
vn 0.3738 0.9275 -0.0006
vn 0.3590 0.9333 -0.0047
vn 0.4291 0.8950 -0.1222
vn 0.5173 0.7830 -0.3454
vn 0.5779 0.6251 0.5246
vn 0.5286 0.4738 0.7044
vn 0.3790 0.3601 0.8525
vn 0.6534 0.1984 -0.7305
vn 0.6372 -0.0047 -0.7707
vn 0.5130 0.0038 0.8584
vn 0.5006 0.2599 0.8257
vn 0.5746 0.2065 0.7919
vn 0.5354 0.2121 -0.8175
vn 0.5713 0.4480 0.6877
vn 0.6083 0.5015 -0.6152
vn 0.6648 0.5608 -0.4935
vn 0.5330 0.5871 0.6093
vn 0.5632 0.6497 0.5106
vn 0.4961 0.6989 -0.5152
vn 0.6043 0.7863 -0.1290
vn 0.2456 -0.9611 -0.1263
vn 0.2850 -0.9585 0.0048
vn 0.3766 -0.9257 0.0348
vn 0.2561 -0.9666 0.0037
vn 0.2685 -0.9633 0.0003
vn 0.1861 -0.9825 -0.0090
vn 0.3315 -0.9433 -0.0158
vn 0.1665 -0.9860 -0.0012
vn 0.2293 -0.9731 0.0233
vn 0.1998 -0.9797 0.0144
vn 0.3368 -0.9376 0.0864
vn 0.7042 -0.6269 -0.3335
vn 0.5581 -0.8298 0.0006
vn 0.5537 -0.8327 -0.0003
vn 0.5802 -0.8145 0.0002
vn 0.4183 -0.6268 0.6574
vn 0.5883 -0.3647 -0.7217
vn 0.5644 -0.5178 0.6429
vn 0.5715 -0.2445 0.7833
vn 0.6735 -0.1626 -0.7211
vn 0.3888 -0.1763 0.9043
vn 0.5643 -0.0112 -0.8255
vn 0.5541 -0.0371 0.8316
vn 0.6912 0.0119 -0.7226
vn 0.5267 0.0411 0.8491
vn 0.4939 0.0318 0.8689
vn 0.6006 0.4502 -0.6608
vn 0.3572 0.5621 0.7460
vn 0.5194 0.6285 0.5790
vn 0.4526 0.6906 -0.5641
vn 0.5325 0.8096 -0.2469
vn 0.5350 0.6977 0.4764
vn 0.5583 0.8296 -0.0100
vn 0.5110 0.8596 -0.0004
vn 0.5243 0.8515 0.0005
vn 0.5024 0.8646 0.0016
vn 0.5382 0.8414 -0.0485
vn 0.5993 0.7561 -0.2630
vn 0.6977 0.3907 0.6004
vn 0.6753 0.0676 -0.7345
vn 0.5804 0.1449 0.8013
vn 0.6659 0.0876 -0.7409
vn 0.6100 0.0064 0.7923
vn 0.6016 0.0746 0.7953
vn 0.6422 0.2351 -0.7296
vn 0.7390 0.2991 -0.6037
vn 0.6666 0.2089 0.7156
vn 0.6937 0.4169 -0.5873
vn 0.7303 0.3620 0.5793
vn 0.6631 0.6490 0.3729
vn 0.5906 0.6672 -0.4539
vn 0.6185 0.7332 -0.2826
vn 0.6618 0.7278 -0.1800
vn 0.6940 0.7111 0.1124
vn 0.6118 0.7907 0.0231
vn 0.5940 0.7818 0.1896
vn 0.4725 -0.8807 -0.0326
vn 0.5488 -0.8357 0.0179
vn 0.5908 -0.7515 -0.2936
vn 0.5840 -0.7999 -0.1383
vn 0.7054 -0.7088 -0.0063
vn 0.6779 -0.7347 0.0278
vn 0.6555 -0.7549 -0.0205
vn 0.4549 -0.8851 0.0986
vn 0.5792 -0.8142 0.0397
vn 0.6905 -0.7208 0.0603
vn 0.6247 -0.7059 0.3339
vn 0.7090 -0.4338 -0.5561
vn 0.6179 0.0075 0.7862
vn 0.7933 -0.0142 -0.6087
vn 0.7599 0.0239 0.6496
vn 0.6076 0.1431 0.7812
vn 0.7458 0.0937 -0.6596
vn 0.7151 0.2549 0.6509
vn 0.5553 0.4379 0.7070
vn 0.7437 0.3969 -0.5379
vn 0.6495 0.5820 -0.4893
vn 0.7095 0.5163 0.4796
vn 0.6857 0.6793 -0.2613
vn 0.6336 0.7682 -0.0920
vn 0.7116 0.7025 -0.0094
vn 0.6127 0.7903 0.0048
vn 0.6923 0.7216 -0.0014
vn 0.7206 0.6934 -0.0012
vn 0.6612 0.7502 0.0035
vn 0.6779 0.7332 -0.0534
vn 0.7420 0.6395 -0.2013
vn 0.8301 0.4992 -0.2487
vn 0.7720 0.5212 -0.3639
vn 0.7338 0.5050 0.4545
vn 0.7245 0.4829 -0.4918
vn 0.8287 0.3078 -0.4675
vn 0.7742 0.2550 -0.5794
vn 0.7775 0.2402 0.5812
vn 0.7945 0.1237 -0.5945
vn 0.7370 0.0137 0.6757
vn 0.7790 0.0144 -0.6269
vn 0.7054 -0.0828 0.7039
vn 0.7645 -0.0039 -0.6446
vn 0.7581 0.0543 0.6499
vn 0.7833 0.1324 -0.6074
vn 0.7291 0.0961 0.6777
vn 0.7836 0.2453 0.5708
vn 0.7607 0.4720 -0.4456
vn 0.6703 0.4886 0.5586
vn 0.7887 0.4357 0.4337
vn 0.7438 0.5729 -0.3444
vn 0.7042 0.5970 0.3844
vn 0.7898 0.5909 -0.1643
vn 0.7662 0.6106 0.2005
vn 0.7670 0.6323 0.1092
vn 0.7424 0.5455 0.3890
vn 0.7677 0.6407 -0.0104
vn 0.8199 -0.5724 -0.0081
vn 0.7563 -0.6542 0.0007
vn 0.7351 -0.6779 0.0044
vn 0.7548 -0.6533 -0.0590
vn 0.7957 -0.6053 -0.0234
vn 0.7026 -0.7115 -0.0131
vn 0.7953 -0.6053 0.0337
vn 0.6424 -0.7640 0.0593
vn 0.7830 -0.6219 -0.0093
vn 0.8028 -0.5963 0.0014
vn 0.8045 -0.5940 -0.0011
vn 0.8095 -0.5872 0.0000
vn 0.8095 -0.5872 0.0000
vn 0.8154 -0.5789 0.0018
vn 0.7833 -0.6197 0.0488
vn 0.8690 -0.4930 -0.0427
vn 0.8396 -0.5395 0.0631
vn 0.8211 -0.5686 0.0493
vn 0.8877 -0.4503 0.0957
vn 0.7778 -0.6040 0.1738
vn 0.8204 -0.4576 -0.3427
vn 0.8785 -0.4774 -0.0145
vn 0.8654 -0.5010 -0.0017
vn 0.8954 -0.4453 -0.0043
vn 0.7258 -0.5300 0.4385
vn 0.7058 -0.3386 0.6222
vn 0.8495 -0.2334 -0.4731
vn 0.8778 -0.2345 0.4178
vn 0.7866 -0.0521 -0.6152
vn 0.8812 -0.0523 -0.4699
vn 0.9102 0.0913 -0.4040
vn 0.7111 -0.0859 0.6978
vn 0.8296 0.1542 -0.5367
vn 0.9152 0.3035 -0.2651
vn 0.8265 0.2952 0.4793
vn 0.8446 0.5227 -0.1161
vn 0.8663 0.3821 0.3216
vn 0.9097 0.4134 -0.0385
vn 0.7996 0.6005 -0.0033
vn 0.7879 0.6157 -0.0045
vn 0.8371 0.5470 -0.0013
vn 0.8014 0.5981 -0.0017
vn 0.7638 0.6435 0.0495
vn 0.8048 0.5932 0.0207
vn 0.8765 0.4053 -0.2598
vn 0.8820 0.3864 0.2698
vn 0.7670 0.5575 0.3176
vn 0.7520 0.5590 0.3492
vn 0.8665 0.3566 -0.3494
vn 0.8868 0.2998 0.3519
vn 0.8218 0.4824 0.3033
vn 0.8841 0.2372 -0.4026
vn 0.8425 0.2969 0.4494
vn 0.8999 0.0802 -0.4287
vn 0.9009 0.1066 0.4208
vn 0.7980 0.0965 0.5949
vn 0.8518 -0.0001 -0.5238
vn 0.8294 0.0038 0.5586
vn 0.8903 0.0062 0.4553
vn 0.8741 0.0095 -0.4857
vn 0.7726 0.0121 0.6348
vn 0.8581 0.0080 -0.5134
vn 0.8667 0.0355 0.4975
vn 0.8950 0.1401 -0.4235
vn 0.9017 0.1767 0.3947
vn 0.8210 0.1090 0.5605
vn 0.8465 0.3892 -0.3634
vn 0.8355 0.3356 0.4350
vn 0.8280 0.2623 0.4956
vn 0.8839 0.3015 -0.3576
vn 0.9144 0.3573 0.1903
vn 0.8217 0.4655 -0.3287
vn 0.8954 0.4266 -0.1278
vn 0.9073 0.4185 0.0402
vn 0.8726 0.4800 0.0904
vn 0.9150 -0.4034 0.0038
vn 0.9413 -0.3359 -0.0342
vn 0.8488 -0.4851 0.2102
vn 0.7736 -0.5096 -0.3765
vn 0.9273 -0.3742 0.0029
vn 0.9545 -0.2816 -0.0980
vn 0.9145 -0.4042 -0.0158
vn 0.8605 -0.5075 -0.0445
vn 0.9045 -0.4244 -0.0427
vn 0.9585 -0.1981 0.2051
vn 0.9586 -0.1133 -0.2614
vn 0.9467 -0.3105 -0.0856
vn 0.9775 -0.2106 -0.0084
vn 0.9595 -0.2815 0.0123
vn 0.9812 -0.1929 0.0042
vn 0.9446 -0.3116 0.1035
vn 0.8749 -0.3551 0.3294
vn 0.9925 -0.0573 -0.1077
vn 0.9871 -0.1601 -0.0056
vn 0.9931 -0.1175 -0.0006
vn 0.9885 -0.1511 0.0049
vn 0.9537 -0.2861 -0.0931
vn 0.9629 -0.2655 0.0490
vn 0.9923 -0.0672 0.1045
vn 0.9284 -0.1033 0.3569
vn 0.8005 -0.1676 0.5754
vn 0.9995 -0.0188 -0.0259
vn 0.9995 -0.0323 -0.0010
vn 0.9842 -0.1481 -0.0967
vn 0.9881 -0.1506 0.0301
vn 1.0000 -0.0045 -0.0059
vn 1.0000 0.0004 0.0010
vn 0.9890 -0.0304 -0.1449
vn 0.9959 -0.0564 -0.0713
vn 0.9655 0.0569 0.2540
vn 0.9953 0.0237 -0.0935
vn 0.9996 -0.0246 -0.0166
vn 0.9998 -0.0185 0.0005
vn 1.0000 -0.0006 0.0016
vn 0.9997 0.0016 -0.0258
vn 0.9996 -0.0052 -0.0281
vn 0.9931 0.0169 0.1160
vn 0.9520 -0.0035 0.3061
vn 0.9732 0.0121 0.2294
vn 0.8922 -0.0024 0.4516
vn 0.9692 0.1823 -0.1657
vn 0.9975 0.0700 0.0008
vn 0.9976 0.0691 -0.0017
vn 1.0000 0.0019 0.0020
vn 0.9957 0.0041 -0.0924
vn 0.8763 0.0615 0.4778
vn 0.9030 0.2924 -0.3148
vn 0.9657 0.2532 -0.0574
vn 0.9912 0.1317 -0.0120
vn 0.9988 0.0498 -0.0024
vn 0.9694 0.2276 -0.0919
vn 0.9969 0.0621 -0.0490
vn 0.9351 0.0990 0.3403
vn 0.8668 0.1461 0.4768
vn 0.9624 0.2715 0.0050
vn 0.9636 0.2675 -0.0022
vn 0.9766 0.2153 0.0031
vn 0.9815 0.1911 -0.0099
vn 0.9839 0.1341 -0.1178
vn 0.9827 0.1363 0.1256
vn 0.9529 0.2678 0.1426
vn 0.9642 0.1530 0.2166
vn 0.9474 0.2832 -0.1493
vn 0.9210 0.3896 -0.0061
vn 0.8986 0.4364 -0.0454
vn 0.9586 0.2266 -0.1725
vn 0.9502 0.2436 0.1942
vn 0.9228 0.3438 0.1739
vn 0.9135 0.3711 0.1665
vn 0.8947 0.4467 -0.0049
vn 0.8870 0.4617 -0.0027
vn 0.8441 0.5358 -0.0218
vn 0.9180 0.3892 -0.0758
vn 0.9112 0.3026 -0.2795
vn 0.9504 0.2279 0.2116
vn 0.9667 0.1643 -0.1961
vn 0.9159 0.2608 0.3050
vn 0.9146 0.3066 0.2637
vn 0.9796 0.1757 -0.0975
vn 0.9421 0.1967 0.2716
vn 0.9609 0.1805 0.2099
vn 0.9389 0.1317 -0.3180
vn 0.9804 0.1736 -0.0933
vn 0.9517 0.1127 0.2855
vn 0.9737 0.0485 -0.2226
vn 0.9961 0.0388 0.0798
vn 0.9441 0.0509 -0.3257
vn 0.9307 0.0299 0.3645
vn 0.9848 -0.0071 -0.1738
vn 0.9888 -0.0042 0.1494
vn 0.8850 0.0413 -0.4637
vn 0.9996 0.0016 -0.0280
vn 0.9561 0.0009 0.2931
vn 0.9316 -0.0029 -0.3634
vn 0.9969 0.0024 -0.0783
vn 0.9758 0.0918 -0.1982
vn 0.9970 0.0676 0.0376
vn 0.9692 0.0489 0.2413
vn 0.9342 -0.0011 0.3567
vn 0.9404 0.0525 -0.3359
vn 0.9724 0.1472 0.1811
vn 0.9337 0.0076 0.3579
vn 0.9821 0.1670 0.0877
vn 0.9584 0.1825 -0.2194
vn 0.9788 0.1932 -0.0683
vn 0.9542 0.2007 0.2221
vn 0.9666 -0.2510 0.0519
vn 0.9823 -0.1729 0.0726
vn 0.9288 -0.3693 0.0309
vn 0.9700 -0.2263 -0.0894
vn 0.9564 -0.2834 -0.0712
vn 0.9762 -0.2126 -0.0428
vn 0.9747 -0.2143 0.0637
vn 0.9919 -0.0516 -0.1158
vn 0.9927 -0.0780 -0.0917
vn 0.9931 -0.0674 0.0964
vn 0.9956 -0.0930 -0.0105
vn 0.9940 -0.0397 0.1023
vn 0.9928 -0.1027 0.0615
vn 0.9930 0.0447 -0.1097
vn 0.9996 0.0122 0.0235
vn 0.9949 -0.0026 -0.1010
vn 0.9996 -0.0154 -0.0222
vn 0.9947 -0.0011 0.1025
vn 0.9943 -0.0172 0.1050
vn 0.9979 0.0558 -0.0342
vn 0.9888 0.0661 0.1340
vn 0.9928 0.0272 0.1163
vn 0.9868 0.0990 -0.1278
vn 0.9976 0.0478 -0.0502
vn 0.9946 0.0880 0.0548
vn 0.9831 0.1062 -0.1493
vn 0.9877 0.1306 -0.0861
vn 0.9856 0.1200 0.1193
vn 0.9865 0.1469 0.0727
vn 0.9814 0.1058 0.1604
vn 0.9712 0.1806 -0.1553
vn 0.9706 0.1850 -0.1539
vn 0.9868 0.1612 0.0135
vn 0.9782 0.1614 0.1306
vn 0.9682 0.1911 0.1615
vn 0.9877 0.1106 0.1103
f 1755//1755 1752//1752 1753//1753
f 1757//1757 1754//1754 1755//1755
f 1795//1795 1755//1755 1753//1753
f 1753//1753 1801//1801 1795//1795
f 1756//1756 1757//1757 1755//1755
f 1756//1756 1755//1755 1795//1795
f 1757//1757 1795//1795 1805//1805
f 1756//1756 1795//1795 1757//1757
f 1762//1762 1760//1760 1761//1761
f 1775//1775 1767//1767 1758//1758
f 1768//1768 1759//1759 1835//1835
f 1768//1768 1835//1835 1776//1776
f 1777//1777 1765//1765 1760//1760
f 1770//1770 1760//1760 1766//1766
f 1766//1766 1760//1760 1762//1762
f 1766//1766 1762//1762 1778//1778
f 1778//1778 1762//1762 1763//1763
f 1772//1772 1763//1763 1767//1767
f 1753//1753 1758//1758 1759//1759
f 1753//1753 1759//1759 1768//1768
f 1784//1784 1765//1765 1777//1777
f 1777//1777 1760//1760 1770//1770
f 1770//1770 1766//1766 1781//1781
f 1778//1778 1763//1763 1772//1772
f 1773//1773 1772//1772 1767//1767
f 1773//1773 1767//1767 1774//1774
f 1774//1774 1767//1767 1775//1775
f 1752//1752 1758//1758 1753//1753
f 1768//1768 1783//1783 1753//1753
f 1776//1776 1764//1764 1769//1769
f 1780//1780 1777//1777 1770//1770
f 1780//1780 1770//1770 1781//1781
f 1775//1775 1758//1758 1752//1752
f 1783//1783 1782//1782 1753//1753
f 1783//1783 1768//1768 1776//1776
f 1779//1779 1776//1776 1769//1769
f 1778//1778 1781//1781 1766//1766
f 1778//1778 1772//1772 1773//1773
f 1773//1773 1775//1775 1755//1755
f 1773//1773 1774//1774 1775//1775
f 1755//1755 1775//1775 1752//1752
f 1779//1779 1783//1783 1776//1776
f 1784//1784 1777//1777 1787//1787
f 1781//1781 1778//1778 1793//1793
f 1786//1786 1778//1778 1773//1773
f 1793//1793 1778//1778 1786//1786
f 1754//1754 1773//1773 1755//1755
f 1801//1801 1753//1753 1782//1782
f 1796//1796 1783//1783 1779//1779
f 1787//1787 1777//1777 1780//1780
f 1787//1787 1780//1780 1785//1785
f 1785//1785 1780//1780 1781//1781
f 1785//1785 1781//1781 1800//1800
f 1754//1754 1786//1786 1773//1773
f 1790//1790 1801//1801 1782//1782
f 1790//1790 1782//1782 1783//1783
f 1790//1790 1783//1783 1796//1796
f 1791//1791 1797//1797 1784//1784
f 1791//1791 1784//1784 1787//1787
f 1787//1787 1785//1785 1788//1788
f 1800//1800 1781//1781 1793//1793
f 1802//1802 1793//1793 1803//1803
f 1803//1803 1793//1793 1794//1794
f 1789//1789 1793//1793 1786//1786
f 1794//1794 1793//1793 1789//1789
f 1754//1754 1789//1789 1786//1786
f 1792//1792 1787//1787 1788//1788
f 1792//1792 1788//1788 1785//1785
f 1792//1792 1785//1785 1800//1800
f 1754//1754 1794//1794 1789//1789
f 1853//1853 1907//1907 1796//1796
f 1791//1791 1787//1787 1855//1855
f 1798//1798 1855//1855 1787//1787
f 1798//1798 1787//1787 1792//1792
f 1792//1792 1800//1800 1857//1857
f 1863//1863 1800//1800 1793//1793
f 1863//1863 1793//1793 1802//1802
f 1754//1754 1803//1803 1794//1794
f 1790//1790 1796//1796 1858//1858
f 1858//1858 1796//1796 1907//1907
f 1757//1757 1811//1811 1754//1754
f 1811//1811 1803//1803 1754//1754
f 1757//1757 1808//1808 1811//1811
f 1757//1757 1805//1805 1808//1808
f 1805//1805 1801//1801 1790//1790
f 1795//1795 1801//1801 1805//1805
f 1802//1802 1811//1811 1804//1804
f 1811//1811 1802//1802 1803//1803
f 1806//1806 1805//1805 1790//1790
f 1808//1808 1805//1805 1809//1809
f 1811//1811 1807//1807 1865//1865
f 1807//1807 1811//1811 1814//1814
f 1808//1808 1809//1809 1917//1917
f 1811//1811 1808//1808 1810//1810
f 1808//1808 1917//1917 1810//1810
f 1813//1813 1807//1807 1814//1814
f 1810//1810 1869//1869 1811//1811
f 1812//1812 1814//1814 1811//1811
f 1811//1811 1869//1869 1812//1812
f 1816//1816 1813//1813 1814//1814
f 1818//1818 1813//1813 1816//1816
f 1815//1815 1818//1818 1816//1816
f 1814//1814 1812//1812 1816//1816
f 1822//1822 1817//1817 1813//1813
f 1822//1822 1813//1813 1818//1818
f 1821//1821 1815//1815 1816//1816
f 1818//1818 1815//1815 1821//1821
f 1821//1821 1816//1816 1819//1819
f 1816//1816 1812//1812 1819//1819
f 1820//1820 1817//1817 1822//1822
f 1819//1819 1818//1818 1821//1821
f 1822//1822 1818//1818 1819//1819
f 1822//1822 1823//1823 1820//1820
f 1823//1823 1822//1822 1824//1824
f 1822//1822 1819//1819 1877//1877
f 1822//1822 1877//1877 1824//1824
f 1827//1827 1829//1829 1826//1826
f 1828//1828 1829//1829 1827//1827
f 1885//1885 1829//1829 1828//1828
f 1833//1833 1759//1759 1832//1832
f 1845//1845 1837//1837 1825//1825
f 1761//1761 1825//1825 1826//1826
f 1838//1838 1825//1825 1761//1761
f 1826//1826 1829//1829 1839//1839
f 1839//1839 1829//1829 1840//1840
f 1840//1840 1829//1829 1841//1841
f 1841//1841 1829//1829 1763//1763
f 1763//1763 1829//1829 1830//1830
f 1842//1842 1830//1830 1831//1831
f 1767//1767 1831//1831 1832//1832
f 1767//1767 1832//1832 1758//1758
f 1758//1758 1832//1832 1759//1759
f 1759//1759 1834//1834 1835//1835
f 1835//1835 1843//1843 1776//1776
f 1835//1835 1836//1836 1843//1843
f 1849//1849 1837//1837 1845//1845
f 1765//1765 1845//1845 1825//1825
f 1765//1765 1825//1825 1760//1760
f 1760//1760 1825//1825 1838//1838
f 1760//1760 1838//1838 1761//1761
f 1761//1761 1826//1826 1839//1839
f 1761//1761 1839//1839 1762//1762
f 1762//1762 1839//1839 1840//1840
f 1762//1762 1840//1840 1841//1841
f 1762//1762 1841//1841 1763//1763
f 1763//1763 1830//1830 1842//1842
f 1763//1763 1842//1842 1767//1767
f 1767//1767 1842//1842 1831//1831
f 1776//1776 1843//1843 1836//1836
f 1776//1776 1836//1836 1764//1764
f 1764//1764 1836//1836 1846//1846
f 1849//1849 1845//1845 1765//1765
f 1764//1764 1846//1846 1769//1769
f 1846//1846 1850//1850 1769//1769
f 1847//1847 1846//1846 1897//1897
f 1850//1850 1846//1846 1847//1847
f 1784//1784 1848//1848 1765//1765
f 1765//1765 1848//1848 1849//1849
f 1850//1850 1779//1779 1769//1769
f 1771//1771 1849//1849 1784//1784
f 1784//1784 1849//1849 1848//1848
f 1851//1851 1849//1849 1771//1771
f 1852//1852 1849//1849 1851//1851
f 1784//1784 1851//1851 1771//1771
f 1850//1850 1796//1796 1779//1779
f 1797//1797 1851//1851 1784//1784
f 1901//1901 1796//1796 1850//1850
f 1901//1901 1850//1850 1897//1897
f 1797//1797 1852//1852 1851//1851
f 1901//1901 1853//1853 1796//1796
f 1859//1859 1852//1852 1797//1797
f 1854//1854 1852//1852 1859//1859
f 1791//1791 1859//1859 1797//1797
f 1798//1798 1856//1856 1855//1855
f 1792//1792 1856//1856 1798//1798
f 1792//1792 1799//1799 1856//1856
f 1792//1792 1857//1857 1799//1799
f 1791//1791 1855//1855 1905//1905
f 1855//1855 1856//1856 1860//1860
f 1906//1906 1856//1856 1799//1799
f 1860//1860 1856//1856 1906//1906
f 1863//1863 1799//1799 1857//1857
f 1863//1863 1857//1857 1800//1800
f 1861//1861 1859//1859 1791//1791
f 1905//1905 1862//1862 1791//1791
f 1905//1905 1855//1855 1906//1906
f 1906//1906 1855//1855 1860//1860
f 1865//1865 1863//1863 1802//1802
f 1802//1802 1804//1804 1865//1865
f 1806//1806 1790//1790 1913//1913
f 1790//1790 1858//1858 1913//1913
f 1863//1863 1865//1865 1864//1864
f 1811//1811 1865//1865 1804//1804
f 1806//1806 1809//1809 1805//1805
f 1952//1952 1809//1809 1806//1806
f 1806//1806 1913//1913 1952//1952
f 1866//1866 1867//1867 1865//1865
f 1813//1813 1866//1866 1807//1807
f 1807//1807 1866//1866 1865//1865
f 1809//1809 1952//1952 1917//1917
f 1813//1813 1867//1867 1866//1866
f 1917//1917 1869//1869 1810//1810
f 1813//1813 1868//1868 1867//1867
f 1812//1812 1869//1869 1919//1919
f 1817//1817 1868//1868 1813//1813
f 1920//1920 1812//1812 1919//1919
f 1817//1817 1870//1870 1868//1868
f 1871//1871 1870//1870 1817//1817
f 1820//1820 1871//1871 1817//1817
f 1920//1920 1819//1819 1812//1812
f 1872//1872 1871//1871 1820//1820
f 1873//1873 1819//1819 1920//1920
f 1874//1874 1819//1819 1873//1873
f 1874//1874 1921//1921 1819//1819
f 1876//1876 1820//1820 1823//1823
f 1824//1824 1876//1876 1823//1823
f 1819//1819 1921//1921 1877//1877
f 1820//1820 1876//1876 1875//1875
f 1878//1878 1876//1876 1824//1824
f 1824//1824 1927//1927 1878//1878
f 1877//1877 1927//1927 1824//1824
f 1881//1881 1882//1882 1880//1880
f 1883//1883 1882//1882 1881//1881
f 1884//1884 1885//1885 1883//1883
f 1837//1837 1879//1879 1825//1825
f 1825//1825 1879//1879 1826//1826
f 1826//1826 1879//1879 1880//1880
f 1826//1826 1880//1880 1827//1827
f 1827//1827 1880//1880 1882//1882
f 1827//1827 1882//1882 1828//1828
f 1828//1828 1882//1882 1883//1883
f 1828//1828 1883//1883 1885//1885
f 1829//1829 1885//1885 1830//1830
f 1830//1830 1885//1885 1831//1831
f 1831//1831 1886//1886 1832//1832
f 1833//1833 1832//1832 1887//1887
f 1833//1833 1887//1887 1759//1759
f 1759//1759 1887//1887 1834//1834
f 1834//1834 1887//1887 1889//1889
f 1834//1834 1889//1889 1835//1835
f 1835//1835 1889//1889 1836//1836
f 1836//1836 1889//1889 1890//1890
f 1836//1836 1890//1890 1846//1846
f 1846//1846 1890//1890 1891//1891
f 1846//1846 1891//1891 1844//1844
f 1844//1844 1891//1891 1892//1892
f 1892//1892 1893//1893 1844//1844
f 1894//1894 1895//1895 1879//1879
f 1837//1837 1894//1894 1879//1879
f 1893//1893 1896//1896 1844//1844
f 1849//1849 1894//1894 1837//1837
f 1897//1897 1846//1846 1896//1896
f 1896//1896 1846//1846 1844//1844
f 1897//1897 1896//1896 1940//1940
f 1898//1898 1894//1894 1849//1849
f 1849//1849 1941//1941 1898//1898
f 1897//1897 1850//1850 1847//1847
f 1852//1852 1941//1941 1849//1849
f 1852//1852 1900//1900 1941//1941
f 1897//1897 1899//1899 1973//1973
f 1973//1973 1901//1901 1897//1897
f 1901//1901 1976//1976 1979//1979
f 1901//1901 1979//1979 1903//1903
f 1902//1902 1852//1852 1854//1854
f 1859//1859 1902//1902 1854//1854
f 1903//1903 1853//1853 1901//1901
f 1904//1904 1902//1902 1859//1859
f 1853//1853 1903//1903 1907//1907
f 1904//1904 1859//1859 1861//1861
f 1791//1791 1862//1862 1861//1861
f 1863//1863 1911//1911 1799//1799
f 1799//1799 1911//1911 1906//1906
f 1858//1858 1907//1907 1950//1950
f 1903//1903 1908//1908 1907//1907
f 1862//1862 1905//1905 1909//1909
f 1909//1909 1905//1905 1910//1910
f 1910//1910 1905//1905 1948//1948
f 1948//1948 1905//1905 1906//1906
f 1863//1863 1912//1912 1911//1911
f 1914//1914 1912//1912 1863//1863
f 1863//1863 1864//1864 1914//1914
f 1858//1858 1950//1950 1913//1913
f 1950//1950 1907//1907 1945//1945
f 1867//1867 1915//1915 1865//1865
f 1915//1915 1864//1864 1865//1865
f 1915//1915 1916//1916 1864//1864
f 1867//1867 1916//1916 1915//1915
f 1952//1952 1913//1913 1991//1991
f 1867//1867 1918//1918 1916//1916
f 1917//1917 1952//1952 1869//1869
f 1868//1868 1994//1994 1867//1867
f 1867//1867 1994//1994 1918//1918
f 1870//1870 1994//1994 1868//1868
f 1869//1869 1952//1952 1919//1919
f 1919//1919 1953//1953 1920//1920
f 1871//1871 1872//1872 1870//1870
f 1820//1820 1923//1923 1872//1872
f 1875//1875 1923//1923 1820//1820
f 1873//1873 1921//1921 1874//1874
f 1873//1873 1922//1922 1921//1921
f 1876//1876 1923//1923 1875//1875
f 1876//1876 1924//1924 1923//1923
f 1878//1878 1924//1924 1876//1876
f 1921//1921 1925//1925 1877//1877
f 1926//1926 1925//1925 1921//1921
f 1926//1926 1921//1921 1922//1922
f 1878//1878 1957//1957 1924//1924
f 1877//1877 2009//2009 1927//1927
f 1877//1877 1925//1925 2009//2009
f 2056//2056 1957//1957 1878//1878
f 1960//1960 1930//1930 1929//1929
f 1931//1931 1930//1930 1960//1960
f 1886//1886 1931//1931 1962//1962
f 1928//1928 1879//1879 1959//1959
f 1879//1879 1938//1938 1959//1959
f 1879//1879 1937//1937 1938//1938
f 1879//1879 1928//1928 1880//1880
f 1880//1880 1928//1928 1929//1929
f 1880//1880 1929//1929 1881//1881
f 1881//1881 1929//1929 1930//1930
f 1881//1881 1930//1930 1883//1883
f 1883//1883 1930//1930 1884//1884
f 1884//1884 1930//1930 1931//1931
f 1884//1884 1931//1931 1885//1885
f 1885//1885 1931//1931 1831//1831
f 1831//1831 1931//1931 1886//1886
f 1832//1832 1886//1886 1932//1932
f 1832//1832 1932//1932 1933//1933
f 1832//1832 1933//1933 1887//1887
f 1887//1887 1933//1933 1934//1934
f 1887//1887 1934//1934 1889//1889
f 1889//1889 1934//1934 1888//1888
f 1888//1888 1935//1935 1889//1889
f 1889//1889 1935//1935 1890//1890
f 1890//1890 1935//1935 1936//1936
f 1890//1890 1936//1936 1891//1891
f 1891//1891 1936//1936 1965//1965
f 1967//1967 1891//1891 1965//1965
f 1967//1967 1892//1892 1891//1891
f 1893//1893 1892//1892 1967//1967
f 1879//1879 1939//1939 1937//1937
f 1895//1895 1939//1939 1879//1879
f 1893//1893 1940//1940 1896//1896
f 1898//1898 1895//1895 1894//1894
f 1970//1970 1897//1897 1940//1940
f 1899//1899 1897//1897 1970//1970
f 1976//1976 1901//1901 1973//1973
f 1852//1852 1975//1975 1900//1900
f 1902//1902 1975//1975 1852//1852
f 1979//1979 1942//1942 1903//1903
f 1902//1902 1904//1904 2033//2033
f 2033//2033 1904//1904 1943//1943
f 1861//1861 1943//1943 1904//1904
f 1982//1982 1907//1907 1908//1908
f 1944//1944 1943//1943 1861//1861
f 1862//1862 1944//1944 1861//1861
f 1909//1909 1946//1946 1862//1862
f 1909//1909 1910//1910 1946//1946
f 1982//1982 1945//1945 1907//1907
f 1983//1983 1944//1944 1862//1862
f 1947//1947 1946//1946 1910//1910
f 1947//1947 1910//1910 1948//1948
f 1911//1911 1912//1912 1914//1914
f 1913//1913 1950//1950 1949//1949
f 1950//1950 1945//1945 1982//1982
f 1916//1916 1951//1951 1864//1864
f 1951//1951 1914//1914 1864//1864
f 1949//1949 1991//1991 1913//1913
f 1991//1991 1950//1950 1988//1988
f 1949//1949 1950//1950 1991//1991
f 1916//1916 1918//1918 1951//1951
f 1870//1870 1954//1954 1994//1994
f 1870//1870 1872//1872 1954//1954
f 1997//1997 1920//1920 1953//1953
f 1997//1997 1873//1873 1920//1920
f 1923//1923 1998//1998 1872//1872
f 1998//1998 1923//1923 1956//1956
f 1873//1873 2001//2001 1922//1922
f 1955//1955 1956//1956 1923//1923
f 1924//1924 1955//1955 1923//1923
f 1924//1924 1956//1956 1955//1955
f 1922//1922 2005//2005 1926//1926
f 1922//1922 2006//2006 2005//2005
f 1956//1956 1924//1924 1957//1957
f 1926//1926 2005//2005 2007//2007
f 1927//1927 2056//2056 1878//1878
f 1926//1926 2009//2009 1925//1925
f 1958//1958 1957//1957 2056//2056
f 2056//2056 1927//1927 2009//2009
f 1928//1928 1960//1960 1929//1929
f 1960//1960 1961//1961 1931//1931
f 1931//1931 1961//1961 1962//1962
f 1932//1932 1963//1963 1933//1933
f 1886//1886 1963//1963 1932//1932
f 1933//1933 1963//1963 1934//1934
f 1934//1934 1964//1964 1888//1888
f 1888//1888 1964//1964 1935//1935
f 1936//1936 2023//2023 1965//1965
f 1938//1938 1937//1937 1966//1966
f 1967//1967 1968//1968 1893//1893
f 1939//1939 2025//2025 1966//1966
f 1939//1939 1966//1966 1937//1937
f 1968//1968 1940//1940 1893//1893
f 1895//1895 2025//2025 1939//1939
f 1969//1969 1940//1940 1968//1968
f 2025//2025 1895//1895 1898//1898
f 1970//1970 1940//1940 1969//1969
f 2027//2027 1970//1970 1969//1969
f 1898//1898 1941//1941 1971//1971
f 1970//1970 1972//1972 1899//1899
f 1900//1900 1971//1971 1941//1941
f 1900//1900 2029//2029 1971//1971
f 1972//1972 1973//1973 1899//1899
f 1900//1900 1974//1974 2029//2029
f 1973//1973 1972//1972 2077//2077
f 1900//1900 1975//1975 1974//1974
f 2077//2077 1976//1976 1973//1973
f 1976//1976 2077//2077 1978//1978
f 1902//1902 1977//1977 1975//1975
f 1978//1978 1979//1979 1976//1976
f 1978//1978 2148//2148 1979//1979
f 1977//1977 1902//1902 1980//1980
f 1902//1902 2033//2033 1980//1980
f 2078//2078 1979//1979 2148//2148
f 1979//1979 1981//1981 1942//1942
f 2078//2078 1981//1981 1979//1979
f 1981//1981 1903//1903 1942//1942
f 2033//2033 1943//1943 1944//1944
f 1908//1908 1903//1903 1981//1981
f 1908//1908 1981//1981 1982//1982
f 1983//1983 2033//2033 1944//1944
f 2037//2037 1983//1983 1862//1862
f 2037//2037 1862//1862 1946//1946
f 1984//1984 2037//2037 1946//1946
f 1984//1984 1946//1946 1947//1947
f 1984//1984 1947//1947 1948//1948
f 1985//1985 1984//1984 1948//1948
f 1985//1985 1948//1948 1906//1906
f 1985//1985 1906//1906 1911//1911
f 1985//1985 1911//1911 1987//1987
f 1914//1914 1987//1987 1911//1911
f 1986//1986 1950//1950 1982//1982
f 2081//2081 1986//1986 1982//1982
f 1951//1951 1987//1987 1914//1914
f 1989//1989 1988//1988 1950//1950
f 1990//1990 1989//1989 1950//1950
f 1986//1986 1990//1990 1950//1950
f 1987//1987 1951//1951 1918//1918
f 1991//1991 1988//1988 1989//1989
f 1994//1994 1992//1992 1918//1918
f 2047//2047 1919//1919 1991//1991
f 1991//1991 1919//1919 1952//1952
f 1993//1993 1953//1953 2047//2047
f 2047//2047 1953//1953 1919//1919
f 1993//1993 1997//1997 1953//1953
f 1954//1954 1995//1995 1994//1994
f 1996//1996 1997//1997 1993//1993
f 1872//1872 1998//1998 1954//1954
f 1999//1999 1873//1873 1997//1997
f 1999//1999 2049//2049 1873//1873
f 1998//1998 1956//1956 2000//2000
f 1873//1873 2049//2049 2001//2001
f 1957//1957 2002//2002 1956//1956
f 2001//2001 2006//2006 1922//1922
f 2001//2001 2003//2003 2006//2006
f 2008//2008 2002//2002 2004//2004
f 2004//2004 2002//2002 1957//1957
f 2008//2008 2004//2004 1957//1957
f 1958//1958 2008//2008 1957//1957
f 2010//2010 2009//2009 1926//1926
f 2008//2008 2056//2056 2011//2011
f 2008//2008 1958//1958 2056//2056
f 2009//2009 2102//2102 2012//2012
f 2009//2009 2010//2010 2102//2102
f 2010//2010 1926//1926 2052//2052
f 2052//2052 1926//1926 2007//2007
f 2172//2172 2056//2056 2009//2009
f 2172//2172 2009//2009 2012//2012
f 2014//2014 1938//1938 2013//2013
f 1938//1938 2058//2058 1959//1959
f 2014//2014 2058//2058 1938//1938
f 1959//1959 2015//2015 1928//1928
f 2015//2015 2016//2016 1928//1928
f 1928//1928 2016//2016 1960//1960
f 2016//2016 2017//2017 1960//1960
f 1960//1960 2017//2017 1961//1961
f 2017//2017 2018//2018 1961//1961
f 1961//1961 2064//2064 1962//1962
f 2018//2018 2064//2064 1961//1961
f 1962//1962 2064//2064 1886//1886
f 2064//2064 2019//2019 1886//1886
f 1886//1886 2019//2019 1963//1963
f 1963//1963 2019//2019 1934//1934
f 1934//1934 2020//2020 1964//1964
f 2019//2019 2020//2020 1934//1934
f 2020//2020 2021//2021 1964//1964
f 2021//2021 2022//2022 1964//1964
f 1964//1964 2022//2022 1935//1935
f 1935//1935 2022//2022 1936//1936
f 2022//2022 2023//2023 1936//1936
f 2023//2023 2024//2024 1965//1965
f 1938//1938 1966//1966 2013//2013
f 2024//2024 1967//1967 1965//1965
f 2024//2024 1968//1968 1967//1967
f 1968//1968 2024//2024 2068//2068
f 1966//1966 2025//2025 2013//2013
f 2013//2013 2025//2025 2069//2069
f 2068//2068 2026//2026 1968//1968
f 1969//1969 1968//1968 2026//2026
f 2027//2027 1969//1969 2026//2026
f 2146//2146 1970//1970 2027//2027
f 1971//1971 2029//2029 1898//1898
f 2146//2146 1972//1972 1970//1970
f 2221//2221 1972//1972 2074//2074
f 2221//2221 2077//2077 1972//1972
f 1975//1975 2029//2029 1974//1974
f 1975//1975 2076//2076 2029//2029
f 1977//1977 2076//2076 1975//1975
f 2148//2148 1978//1978 2077//2077
f 2030//2030 1980//1980 2033//2033
f 2031//2031 1981//1981 2078//2078
f 2032//2032 2030//2030 2033//2033
f 2038//2038 2081//2081 1982//1982
f 2038//2038 1982//1982 1981//1981
f 2035//2035 2038//2038 1981//1981
f 2031//2031 2035//2035 1981//1981
f 2039//2039 2034//2034 2033//2033
f 2039//2039 2033//2033 1983//1983
f 2039//2039 1983//1983 2036//2036
f 2037//2037 2036//2036 1983//1983
f 1984//1984 2042//2042 2037//2037
f 1985//1985 2042//2042 1984//1984
f 2039//2039 2036//2036 2037//2037
f 2040//2040 2037//2037 2041//2041
f 2041//2041 2037//2037 2042//2042
f 2042//2042 1985//1985 2086//2086
f 1987//1987 2086//2086 1985//1985
f 2043//2043 2086//2086 1987//1987
f 2044//2044 2043//2043 1987//1987
f 1990//1990 1986//1986 2081//2081
f 2045//2045 2044//2044 1987//1987
f 1987//1987 1992//1992 2045//2045
f 1987//1987 1918//1918 1992//1992
f 1989//1989 1990//1990 1991//1991
f 1990//1990 2047//2047 1991//1991
f 1994//1994 2046//2046 1992//1992
f 1994//1994 2048//2048 2046//2046
f 1996//1996 1993//1993 2047//2047
f 1994//1994 2089//2089 2048//2048
f 1995//1995 2089//2089 1994//1994
f 1996//1996 2120//2120 2121//2121
f 1954//1954 2091//2091 1995//1995
f 2121//2121 1997//1997 1996//1996
f 1998//1998 2091//2091 1954//1954
f 1998//1998 2124//2124 2091//2091
f 2121//2121 1999//1999 1997//1997
f 2000//2000 2124//2124 1998//1998
f 2049//2049 1999//1999 2121//2121
f 2000//2000 1956//1956 2095//2095
f 1956//1956 2093//2093 2095//2095
f 1956//1956 2002//2002 2093//2093
f 2092//2092 2050//2050 2001//2001
f 2049//2049 2092//2092 2001//2001
f 2050//2050 2003//2003 2001//2001
f 2051//2051 2093//2093 2002//2002
f 2008//2008 2051//2051 2002//2002
f 2006//2006 2003//2003 2050//2050
f 2007//2007 2005//2005 2006//2006
f 2007//2007 2006//2006 2052//2052
f 2053//2053 2051//2051 2008//2008
f 2054//2054 2053//2053 2008//2008
f 2102//2102 2010//2010 2100//2100
f 2055//2055 2054//2054 2008//2008
f 2011//2011 2055//2055 2008//2008
f 2136//2136 2011//2011 2056//2056
f 2136//2136 2055//2055 2011//2011
f 2172//2172 2012//2012 2102//2102
f 1959//1959 2059//2059 2015//2015
f 2058//2058 2059//2059 1959//1959
f 2016//2016 2060//2060 2017//2017
f 2060//2060 2061//2061 2017//2017
f 2061//2061 2062//2062 2017//2017
f 2017//2017 2062//2062 2018//2018
f 2062//2062 2063//2063 2018//2018
f 2063//2063 2064//2064 2018//2018
f 2065//2065 2066//2066 2019//2019
f 2066//2066 2020//2020 2019//2019
f 2021//2021 2108//2108 2022//2022
f 2108//2108 2067//2067 2022//2022
f 2067//2067 2068//2068 2022//2022
f 2022//2022 2068//2068 2023//2023
f 2024//2024 2023//2023 2068//2068
f 2057//2057 2013//2013 2069//2069
f 2071//2071 2069//2069 2025//2025
f 2070//2070 2072//2072 2068//2068
f 2068//2068 2072//2072 2026//2026
f 2025//2025 1898//1898 2071//2071
f 2072//2072 2027//2027 2026//2026
f 2028//2028 2071//2071 1898//1898
f 1898//1898 2145//2145 2028//2028
f 2112//2112 2146//2146 2027//2027
f 2029//2029 2145//2145 1898//1898
f 2029//2029 2113//2113 2145//2145
f 2029//2029 2073//2073 2113//2113
f 2146//2146 2074//2074 1972//1972
f 2075//2075 2077//2077 2221//2221
f 2147//2147 2148//2148 2077//2077
f 2032//2032 2115//2115 2030//2030
f 2149//2149 2031//2031 2078//2078
f 2032//2032 2033//2033 2079//2079
f 2034//2034 2079//2079 2033//2033
f 2035//2035 2031//2031 2149//2149
f 2039//2039 2079//2079 2034//2034
f 2080//2080 2079//2079 2039//2039
f 2038//2038 2035//2035 2081//2081
f 2117//2117 2039//2039 2037//2037
f 2117//2117 2080//2080 2039//2039
f 2083//2083 2037//2037 2040//2040
f 2083//2083 2117//2117 2037//2037
f 2083//2083 2040//2040 2041//2041
f 2084//2084 2083//2083 2041//2041
f 2084//2084 2041//2041 2042//2042
f 2085//2085 2042//2042 2086//2086
f 2086//2086 2043//2043 2044//2044
f 2087//2087 2047//2047 1990//1990
f 2087//2087 1990//1990 2081//2081
f 2088//2088 2087//2087 2081//2081
f 2088//2088 2081//2081 2082//2082
f 2046//2046 2044//2044 1992//1992
f 1992//1992 2044//2044 2045//2045
f 2119//2119 1996//1996 2047//2047
f 2120//2120 1996//1996 2119//2119
f 1995//1995 2090//2090 2089//2089
f 1995//1995 2091//2091 2090//2090
f 2091//2091 2124//2124 2126//2126
f 2121//2121 2125//2125 2049//2049
f 2123//2123 2125//2125 2121//2121
f 2095//2095 2124//2124 2000//2000
f 2125//2125 2092//2092 2049//2049
f 2094//2094 2092//2092 2125//2125
f 2093//2093 2096//2096 2095//2095
f 2092//2092 2129//2129 2050//2050
f 2094//2094 2129//2129 2092//2092
f 2096//2096 2093//2093 2099//2099
f 2097//2097 2006//2006 2050//2050
f 2129//2129 2097//2097 2050//2050
f 2099//2099 2093//2093 2051//2051
f 2053//2053 2099//2099 2051//2051
f 2098//2098 2052//2052 2006//2006
f 2097//2097 2098//2098 2006//2006
f 2099//2099 2054//2054 2134//2134
f 2099//2099 2053//2053 2054//2054
f 2055//2055 2134//2134 2054//2054
f 2101//2101 2100//2100 2010//2010
f 2101//2101 2010//2010 2052//2052
f 2098//2098 2101//2101 2052//2052
f 2170//2170 2134//2134 2055//2055
f 2056//2056 2103//2103 2136//2136
f 2056//2056 2172//2172 2103//2103
f 2172//2172 2102//2102 2135//2135
f 2102//2102 2100//2100 2101//2101
f 2136//2136 2170//2170 2055//2055
f 2057//2057 2014//2014 2013//2013
f 2015//2015 2059//2059 2016//2016
f 2016//2016 2104//2104 2060//2060
f 2059//2059 2104//2104 2016//2016
f 2060//2060 2139//2139 2061//2061
f 2104//2104 2139//2139 2060//2060
f 2061//2061 2139//2139 2062//2062
f 2063//2063 2105//2105 2064//2064
f 2062//2062 2105//2105 2063//2063
f 2105//2105 2106//2106 2064//2064
f 2106//2106 2107//2107 2064//2064
f 2064//2064 2107//2107 2019//2019
f 2107//2107 2065//2065 2019//2019
f 2020//2020 2066//2066 2021//2021
f 2066//2066 2108//2108 2021//2021
f 2057//2057 2069//2069 2137//2137
f 2137//2137 2069//2069 2110//2110
f 2109//2109 2070//2070 2068//2068
f 2069//2069 2071//2071 2110//2110
f 2110//2110 2071//2071 2111//2111
f 2070//2070 2027//2027 2072//2072
f 2028//2028 2111//2111 2071//2071
f 2221//2221 2074//2074 2146//2146
f 2076//2076 2073//2073 2029//2029
f 2189//2189 2075//2075 2221//2221
f 2189//2189 2077//2077 2075//2075
f 1977//1977 2114//2114 2076//2076
f 2189//2189 2147//2147 2077//2077
f 1980//1980 2114//2114 1977//1977
f 2030//2030 2115//2115 1980//1980
f 2116//2116 2078//2078 2148//2148
f 2116//2116 2149//2149 2078//2078
f 2035//2035 2149//2149 2150//2150
f 2152//2152 2032//2032 2079//2079
f 2080//2080 2152//2152 2079//2079
f 2081//2081 2150//2150 2082//2082
f 2081//2081 2035//2035 2150//2150
f 2192//2192 2080//2080 2117//2117
f 2155//2155 2083//2083 2084//2084
f 2155//2155 2084//2084 2042//2042
f 2156//2156 2042//2042 2085//2085
f 2156//2156 2155//2155 2042//2042
f 2156//2156 2085//2085 2086//2086
f 2086//2086 2044//2044 2156//2156
f 2156//2156 2044//2044 2158//2158
f 2088//2088 2082//2082 2150//2150
f 2118//2118 2158//2158 2044//2044
f 2044//2044 2046//2046 2118//2118
f 2047//2047 2087//2087 2088//2088
f 2047//2047 2088//2088 2160//2160
f 2048//2048 2118//2118 2046//2046
f 2160//2160 2119//2119 2047//2047
f 2089//2089 2090//2090 2048//2048
f 2091//2091 2161//2161 2090//2090
f 2091//2091 2122//2122 2161//2161
f 2126//2126 2122//2122 2091//2091
f 2162//2162 2125//2125 2123//2123
f 2124//2124 2127//2127 2126//2126
f 2124//2124 2095//2095 2127//2127
f 2094//2094 2125//2125 2128//2128
f 2127//2127 2095//2095 2130//2130
f 2128//2128 2129//2129 2094//2094
f 2095//2095 2096//2096 2130//2130
f 2129//2129 2131//2131 2097//2097
f 2132//2132 2096//2096 2099//2099
f 2097//2097 2133//2133 2098//2098
f 2097//2097 2131//2131 2133//2133
f 2241//2241 2132//2132 2099//2099
f 2101//2101 2098//2098 2133//2133
f 2134//2134 2241//2241 2099//2099
f 2102//2102 2101//2101 2135//2135
f 2170//2170 2168//2168 2134//2134
f 2136//2136 2103//2103 2172//2172
f 2203//2203 2172//2172 2135//2135
f 2057//2057 2174//2174 2014//2014
f 2137//2137 2174//2174 2057//2057
f 2014//2014 2175//2175 2058//2058
f 2058//2058 2175//2175 2059//2059
f 2177//2177 2139//2139 2104//2104
f 2139//2139 2105//2105 2062//2062
f 2065//2065 2142//2142 2066//2066
f 2141//2141 2142//2142 2065//2065
f 2108//2108 2143//2143 2067//2067
f 2181//2181 2143//2143 2108//2108
f 2143//2143 2068//2068 2067//2067
f 2137//2137 2110//2110 2138//2138
f 2144//2144 2070//2070 2109//2109
f 2110//2110 2111//2111 2182//2182
f 2183//2183 2219//2219 2070//2070
f 2182//2182 2111//2111 2184//2184
f 2219//2219 2112//2112 2070//2070
f 2070//2070 2112//2112 2027//2027
f 2028//2028 2184//2184 2111//2111
f 2220//2220 2146//2146 2112//2112
f 2257//2257 2221//2221 2146//2146
f 2187//2187 2189//2189 2221//2221
f 2076//2076 2186//2186 2073//2073
f 2032//2032 2190//2190 2115//2115
f 2032//2032 2191//2191 2190//2190
f 2191//2191 2032//2032 2152//2152
f 2150//2150 2149//2149 2151//2151
f 2192//2192 2152//2152 2080//2080
f 2193//2193 2192//2192 2117//2117
f 2193//2193 2117//2117 2083//2083
f 2154//2154 2193//2193 2083//2083
f 2154//2154 2083//2083 2155//2155
f 2088//2088 2150//2150 2153//2153
f 2088//2088 2153//2153 2157//2157
f 2157//2157 2160//2160 2088//2088
f 2048//2048 2158//2158 2118//2118
f 2159//2159 2119//2119 2160//2160
f 2159//2159 2120//2120 2119//2119
f 2197//2197 2120//2120 2159//2159
f 2197//2197 2121//2121 2120//2120
f 2198//2198 2123//2123 2121//2121
f 2126//2126 2163//2163 2122//2122
f 2198//2198 2162//2162 2123//2123
f 2199//2199 2125//2125 2162//2162
f 2163//2163 2126//2126 2164//2164
f 2126//2126 2127//2127 2164//2164
f 2125//2125 2199//2199 2128//2128
f 2165//2165 2129//2129 2128//2128
f 2165//2165 2128//2128 2199//2199
f 2131//2131 2129//2129 2165//2165
f 2166//2166 2096//2096 2132//2132
f 2241//2241 2166//2166 2132//2132
f 2169//2169 2135//2135 2101//2101
f 2167//2167 2101//2101 2133//2133
f 2169//2169 2101//2101 2167//2167
f 2167//2167 2133//2133 2131//2131
f 2168//2168 2241//2241 2134//2134
f 2169//2169 2203//2203 2135//2135
f 2171//2171 2170//2170 2136//2136
f 2171//2171 2285//2285 2170//2170
f 2205//2205 2136//2136 2172//2172
f 2207//2207 2137//2137 2138//2138
f 2207//2207 2173//2173 2137//2137
f 2014//2014 2208//2208 2175//2175
f 2174//2174 2208//2208 2014//2014
f 2175//2175 2176//2176 2059//2059
f 2176//2176 2177//2177 2059//2059
f 2059//2059 2177//2177 2104//2104
f 2139//2139 2177//2177 2178//2178
f 2178//2178 2211//2211 2139//2139
f 2211//2211 2248//2248 2139//2139
f 2139//2139 2212//2212 2105//2105
f 2248//2248 2212//2212 2139//2139
f 2105//2105 2214//2214 2106//2106
f 2214//2214 2107//2107 2106//2106
f 2107//2107 2179//2179 2140//2140
f 2107//2107 2215//2215 2065//2065
f 2140//2140 2215//2215 2107//2107
f 2142//2142 2216//2216 2066//2066
f 2216//2216 2180//2180 2066//2066
f 2066//2066 2296//2296 2108//2108
f 2180//2180 2296//2296 2066//2066
f 2296//2296 2181//2181 2108//2108
f 2143//2143 2181//2181 2068//2068
f 2181//2181 2109//2109 2068//2068
f 2182//2182 2217//2217 2110//2110
f 2138//2138 2110//2110 2207//2207
f 2207//2207 2110//2110 2217//2217
f 2144//2144 2183//2183 2070//2070
f 2028//2028 2254//2254 2184//2184
f 2145//2145 2254//2254 2028//2028
f 2299//2299 2146//2146 2220//2220
f 2113//2113 2185//2185 2145//2145
f 2299//2299 2257//2257 2146//2146
f 2073//2073 2185//2185 2113//2113
f 2073//2073 2186//2186 2185//2185
f 2076//2076 2188//2188 2186//2186
f 2114//2114 2188//2188 2076//2076
f 2345//2345 2147//2147 2189//2189
f 2345//2345 2148//2148 2147//2147
f 2260//2260 2148//2148 2345//2345
f 2115//2115 2224//2224 1980//1980
f 2260//2260 2116//2116 2148//2148
f 2190//2190 2224//2224 2115//2115
f 2151//2151 2149//2149 2225//2225
f 2228//2228 2191//2191 2152//2152
f 2192//2192 2228//2228 2152//2152
f 2153//2153 2150//2150 2151//2151
f 2230//2230 2264//2264 2192//2192
f 2230//2230 2192//2192 2193//2193
f 2194//2194 2193//2193 2154//2154
f 2194//2194 2154//2154 2155//2155
f 2231//2231 2155//2155 2156//2156
f 2231//2231 2194//2194 2155//2155
f 2158//2158 2231//2231 2156//2156
f 2157//2157 2153//2153 2151//2151
f 2195//2195 2268//2268 2158//2158
f 2196//2196 2160//2160 2157//2157
f 2048//2048 2195//2195 2158//2158
f 2160//2160 2197//2197 2159//2159
f 2160//2160 2196//2196 2197//2197
f 2090//2090 2233//2233 2048//2048
f 2161//2161 2233//2233 2090//2090
f 2310//2310 2121//2121 2197//2197
f 2310//2310 2198//2198 2121//2121
f 2199//2199 2162//2162 2198//2198
f 2130//2130 2235//2235 2127//2127
f 2165//2165 2199//2199 2236//2236
f 2166//2166 2130//2130 2096//2096
f 2131//2131 2165//2165 2200//2200
f 2167//2167 2131//2131 2200//2200
f 2241//2241 2201//2201 2166//2166
f 2202//2202 2241//2241 2168//2168
f 2168//2168 2170//2170 2202//2202
f 2203//2203 2169//2169 2204//2204
f 2284//2284 2202//2202 2170//2170
f 2284//2284 2170//2170 2285//2285
f 2285//2285 2171//2171 2136//2136
f 2244//2244 2136//2136 2205//2205
f 2244//2244 2285//2285 2136//2136
f 2206//2206 2172//2172 2203//2203
f 2205//2205 2172//2172 2206//2206
f 2206//2206 2203//2203 2204//2204
f 2137//2137 2208//2208 2174//2174
f 2173//2173 2208//2208 2137//2137
f 2176//2176 2175//2175 2177//2177
f 2175//2175 2209//2209 2177//2177
f 2209//2209 2210//2210 2177//2177
f 2177//2177 2211//2211 2178//2178
f 2210//2210 2211//2211 2177//2177
f 2105//2105 2213//2213 2214//2214
f 2212//2212 2213//2213 2105//2105
f 2214//2214 2179//2179 2107//2107
f 2065//2065 2215//2215 2141//2141
f 2141//2141 2216//2216 2142//2142
f 2181//2181 2144//2144 2109//2109
f 2182//2182 2184//2184 2217//2217
f 2217//2217 2184//2184 2218//2218
f 2144//2144 2219//2219 2183//2183
f 2184//2184 2254//2254 2218//2218
f 2219//2219 2220//2220 2112//2112
f 2145//2145 2255//2255 2254//2254
f 2185//2185 2255//2255 2145//2145
f 2259//2259 2345//2345 2189//2189
f 1980//1980 2223//2223 2114//2114
f 2224//2224 2223//2223 1980//1980
f 2262//2262 2116//2116 2260//2260
f 2149//2149 2262//2262 2225//2225
f 2149//2149 2116//2116 2262//2262
f 2191//2191 2224//2224 2190//2190
f 2191//2191 2263//2263 2224//2224
f 2226//2226 2263//2263 2191//2191
f 2227//2227 2229//2229 2151//2151
f 2151//2151 2225//2225 2227//2227
f 2228//2228 2226//2226 2191//2191
f 2264//2264 2228//2228 2192//2192
f 2266//2266 2230//2230 2193//2193
f 2267//2267 2266//2266 2193//2193
f 2267//2267 2193//2193 2194//2194
f 2309//2309 2267//2267 2194//2194
f 2268//2268 2231//2231 2158//2158
f 2232//2232 2196//2196 2157//2157
f 2157//2157 2151//2151 2229//2229
f 2157//2157 2229//2229 2232//2232
f 2272//2272 2310//2310 2197//2197
f 2122//2122 2233//2233 2161//2161
f 2274//2274 2198//2198 2310//2310
f 2163//2163 2234//2234 2122//2122
f 2367//2367 2199//2199 2198//2198
f 2164//2164 2234//2234 2163//2163
f 2235//2235 2164//2164 2127//2127
f 2130//2130 2237//2237 2235//2235
f 2238//2238 2276//2276 2165//2165
f 2165//2165 2236//2236 2238//2238
f 2201//2201 2237//2237 2130//2130
f 2201//2201 2130//2130 2166//2166
f 2200//2200 2165//2165 2276//2276
f 2167//2167 2276//2276 2240//2240
f 2200//2200 2276//2276 2167//2167
f 2241//2241 2239//2239 2201//2201
f 2242//2242 2169//2169 2240//2240
f 2240//2240 2169//2169 2167//2167
f 2280//2280 2279//2279 2241//2241
f 2280//2280 2241//2241 2202//2202
f 2204//2204 2169//2169 2242//2242
f 2243//2243 2202//2202 2284//2284
f 2205//2205 2206//2206 2244//2244
f 2207//2207 2287//2287 2173//2173
f 2245//2245 2287//2287 2207//2207
f 2287//2287 2208//2208 2173//2173
f 2208//2208 2289//2289 2175//2175
f 2175//2175 2246//2246 2209//2209
f 2289//2289 2246//2246 2175//2175
f 2209//2209 2246//2246 2210//2210
f 2210//2210 2246//2246 2211//2211
f 2246//2246 2247//2247 2211//2211
f 2247//2247 2248//2248 2211//2211
f 2213//2213 2249//2249 2214//2214
f 2214//2214 2249//2249 2179//2179
f 2140//2140 2179//2179 2215//2215
f 2179//2179 2295//2295 2215//2215
f 2141//2141 2428//2428 2216//2216
f 2181//2181 2250//2250 2144//2144
f 2207//2207 2217//2217 2245//2245
f 2245//2245 2217//2217 2251//2251
f 2217//2217 2218//2218 2251//2251
f 2251//2251 2218//2218 2252//2252
f 2144//2144 2253//2253 2219//2219
f 2218//2218 2254//2254 2252//2252
f 2219//2219 2253//2253 2220//2220
f 2220//2220 2253//2253 2340//2340
f 2340//2340 2299//2299 2220//2220
f 2185//2185 2256//2256 2255//2255
f 2186//2186 2256//2256 2185//2185
f 2186//2186 2342//2342 2256//2256
f 2187//2187 2221//2221 2257//2257
f 2222//2222 2342//2342 2186//2186
f 2186//2186 2258//2258 2222//2222
f 2259//2259 2189//2189 2187//2187
f 2188//2188 2258//2258 2186//2186
f 2224//2224 2261//2261 2223//2223
f 2261//2261 2224//2224 2263//2263
f 2263//2263 2226//2226 2228//2228
f 2264//2264 2263//2263 2228//2228
f 2229//2229 2227//2227 2265//2265
f 2306//2306 2264//2264 2230//2230
f 2353//2353 2306//2306 2230//2230
f 2307//2307 2230//2230 2266//2266
f 2307//2307 2353//2353 2230//2230
f 2356//2356 2266//2266 2267//2267
f 2268//2268 2194//2194 2231//2231
f 2268//2268 2309//2309 2194//2194
f 2232//2232 2229//2229 2265//2265
f 2195//2195 2269//2269 2268//2268
f 2270//2270 2272//2272 2197//2197
f 2197//2197 2196//2196 2232//2232
f 2197//2197 2232//2232 2270//2270
f 2048//2048 2358//2358 2195//2195
f 2048//2048 2271//2271 2358//2358
f 2233//2233 2271//2271 2048//2048
f 2122//2122 2273//2273 2233//2233
f 2234//2234 2273//2273 2122//2122
f 2274//2274 2367//2367 2198//2198
f 2164//2164 2275//2275 2234//2234
f 2236//2236 2199//2199 2367//2367
f 2275//2275 2235//2235 2314//2314
f 2164//2164 2235//2235 2275//2275
f 2237//2237 2314//2314 2235//2235
f 2276//2276 2238//2238 2236//2236
f 2201//2201 2239//2239 2237//2237
f 2276//2276 2277//2277 2278//2278
f 2240//2240 2276//2276 2278//2278
f 2279//2279 2239//2239 2241//2241
f 2242//2242 2240//2240 2278//2278
f 2281//2281 2202//2202 2243//2243
f 2281//2281 2280//2280 2202//2202
f 2204//2204 2282//2282 2206//2206
f 2242//2242 2278//2278 2204//2204
f 2283//2283 2243//2243 2284//2284
f 2326//2326 2284//2284 2285//2285
f 2244//2244 2206//2206 2282//2282
f 2244//2244 2282//2282 2285//2285
f 2286//2286 2287//2287 2245//2245
f 2287//2287 2328//2328 2208//2208
f 2208//2208 2288//2288 2289//2289
f 2328//2328 2288//2288 2208//2208
f 2289//2289 2290//2290 2246//2246
f 2246//2246 2291//2291 2247//2247
f 2290//2290 2291//2291 2246//2246
f 2248//2248 2292//2292 2212//2212
f 2292//2292 2213//2213 2212//2212
f 2213//2213 2293//2293 2249//2249
f 2249//2249 2294//2294 2179//2179
f 2294//2294 2295//2295 2179//2179
f 2295//2295 2141//2141 2215//2215
f 2296//2296 2250//2250 2181//2181
f 2245//2245 2251//2251 2286//2286
f 2296//2296 2253//2253 2250//2250
f 2250//2250 2253//2253 2144//2144
f 2251//2251 2252//2252 2338//2338
f 2252//2252 2254//2254 2338//2338
f 2338//2338 2254//2254 2339//2339
f 2298//2298 2340//2340 2253//2253
f 2255//2255 2339//2339 2254//2254
f 2255//2255 2300//2300 2339//2339
f 2256//2256 2342//2342 2255//2255
f 2384//2384 2257//2257 2299//2299
f 2384//2384 2187//2187 2257//2257
f 2258//2258 2344//2344 2222//2222
f 2388//2388 2259//2259 2187//2187
f 2347//2347 2260//2260 2345//2345
f 2347//2347 2262//2262 2260//2260
f 2261//2261 2263//2263 2348//2348
f 2262//2262 2350//2350 2225//2225
f 2301//2301 2348//2348 2263//2263
f 2301//2301 2263//2263 2302//2302
f 2227//2227 2225//2225 2303//2303
f 2306//2306 2302//2302 2263//2263
f 2306//2306 2263//2263 2264//2264
f 2265//2265 2227//2227 2303//2303
f 2265//2265 2303//2303 2305//2305
f 2356//2356 2307//2307 2266//2266
f 2308//2308 2267//2267 2309//2309
f 2308//2308 2356//2356 2267//2267
f 2357//2357 2309//2309 2268//2268
f 2357//2357 2268//2268 2269//2269
f 2304//2304 2232//2232 2265//2265
f 2195//2195 2357//2357 2269//2269
f 2195//2195 2358//2358 2357//2357
f 2270//2270 2232//2232 2304//2304
f 2310//2310 2272//2272 2270//2270
f 2233//2233 2311//2311 2271//2271
f 2273//2273 2311//2311 2233//2233
f 2364//2364 2274//2274 2310//2310
f 2312//2312 2311//2311 2273//2273
f 2366//2366 2274//2274 2364//2364
f 2313//2313 2273//2273 2234//2234
f 2366//2366 2367//2367 2274//2274
f 2275//2275 2314//2314 2234//2234
f 2313//2313 2234//2234 2314//2314
f 2236//2236 2316//2316 2315//2315
f 2315//2315 2316//2316 2276//2276
f 2316//2316 2277//2277 2276//2276
f 2315//2315 2276//2276 2236//2236
f 2317//2317 2239//2239 2319//2319
f 2237//2237 2239//2239 2317//2317
f 2318//2318 2320//2320 2278//2278
f 2318//2318 2278//2278 2277//2277
f 2279//2279 2371//2371 2239//2239
f 2371//2371 2319//2319 2239//2239
f 2278//2278 2320//2320 2321//2321
f 2280//2280 2371//2371 2279//2279
f 2278//2278 2372//2372 2323//2323
f 2278//2278 2321//2321 2372//2372
f 2324//2324 2280//2280 2281//2281
f 2324//2324 2322//2322 2280//2280
f 2282//2282 2204//2204 2323//2323
f 2323//2323 2204//2204 2278//2278
f 2243//2243 2324//2324 2281//2281
f 2283//2283 2324//2324 2243//2243
f 2326//2326 2283//2283 2284//2284
f 2326//2326 2324//2324 2283//2283
f 2326//2326 2285//2285 2282//2282
f 2286//2286 2418//2418 2287//2287
f 2287//2287 2418//2418 2328//2328
f 2328//2328 2329//2329 2288//2288
f 2288//2288 2329//2329 2289//2289
f 2289//2289 2330//2330 2290//2290
f 2329//2329 2330//2330 2289//2289
f 2291//2291 2290//2290 2247//2247
f 2247//2247 2331//2331 2248//2248
f 2248//2248 2332//2332 2292//2292
f 2331//2331 2332//2332 2248//2248
f 2292//2292 2332//2332 2213//2213
f 2213//2213 2333//2333 2293//2293
f 2332//2332 2333//2333 2213//2213
f 2293//2293 2333//2333 2249//2249
f 2333//2333 2334//2334 2249//2249
f 2334//2334 2294//2294 2249//2249
f 2294//2294 2335//2335 2295//2295
f 2295//2295 2426//2426 2141//2141
f 2335//2335 2426//2426 2295//2295
f 2426//2426 2427//2427 2141//2141
f 2141//2141 2336//2336 2428//2428
f 2427//2427 2336//2336 2141//2141
f 2216//2216 2337//2337 2180//2180
f 2428//2428 2337//2337 2216//2216
f 2180//2180 2337//2337 2296//2296
f 2338//2338 2380//2380 2251//2251
f 2286//2286 2251//2251 2327//2327
f 2327//2327 2251//2251 2380//2380
f 2296//2296 2297//2297 2253//2253
f 2297//2297 2298//2298 2253//2253
f 2299//2299 2340//2340 2438//2438
f 2300//2300 2341//2341 2339//2339
f 2255//2255 2342//2342 2300//2300
f 2438//2438 2384//2384 2299//2299
f 2343//2343 2187//2187 2384//2384
f 2343//2343 2388//2388 2187//2187
f 2258//2258 2188//2188 2344//2344
f 2388//2388 2345//2345 2259//2259
f 2114//2114 2346//2346 2188//2188
f 2223//2223 2346//2346 2114//2114
f 2388//2388 2347//2347 2345//2345
f 2348//2348 2223//2223 2261//2261
f 2350//2350 2262//2262 2347//2347
f 2225//2225 2445//2445 2351//2351
f 2302//2302 2348//2348 2301//2301
f 2445//2445 2303//2303 2351//2351
f 2351//2351 2303//2303 2225//2225
f 2306//2306 2394//2394 2302//2302
f 2352//2352 2394//2394 2306//2306
f 2304//2304 2305//2305 2303//2303
f 2265//2265 2305//2305 2304//2304
f 2306//2306 2395//2395 2352//2352
f 2353//2353 2395//2395 2306//2306
f 2397//2397 2353//2353 2307//2307
f 2354//2354 2397//2397 2307//2307
f 2355//2355 2354//2354 2307//2307
f 2355//2355 2307//2307 2356//2356
f 2356//2356 2308//2308 2309//2309
f 2357//2357 2356//2356 2309//2309
f 2358//2358 2361//2361 2360//2360
f 2359//2359 2310//2310 2270//2270
f 2359//2359 2270//2270 2304//2304
f 2271//2271 2361//2361 2358//2358
f 2271//2271 2311//2311 2361//2361
f 2458//2458 2310//2310 2362//2362
f 2364//2364 2310//2310 2458//2458
f 2273//2273 2363//2363 2312//2312
f 2273//2273 2365//2365 2363//2363
f 2313//2313 2365//2365 2273//2273
f 2367//2367 2366//2366 2316//2316
f 2316//2316 2236//2236 2367//2367
f 2314//2314 2370//2370 2369//2369
f 2410//2410 2314//2314 2369//2369
f 2316//2316 2368//2368 2277//2277
f 2237//2237 2370//2370 2314//2314
f 2237//2237 2317//2317 2370//2370
f 2368//2368 2320//2320 2318//2318
f 2368//2368 2318//2318 2277//2277
f 2317//2317 2319//2319 2371//2371
f 2320//2320 2372//2372 2321//2321
f 2373//2373 2416//2416 2371//2371
f 2373//2373 2371//2371 2280//2280
f 2373//2373 2280//2280 2322//2322
f 2323//2323 2372//2372 2374//2374
f 2322//2322 2375//2375 2373//2373
f 2324//2324 2375//2375 2322//2322
f 2376//2376 2417//2417 2324//2324
f 2417//2417 2375//2375 2324//2324
f 2325//2325 2282//2282 2374//2374
f 2326//2326 2282//2282 2325//2325
f 2374//2374 2282//2282 2323//2323
f 2376//2376 2324//2324 2326//2326
f 2376//2376 2326//2326 2325//2325
f 2286//2286 2327//2327 2418//2418
f 2418//2418 2377//2377 2328//2328
f 2328//2328 2377//2377 2329//2329
f 2377//2377 2378//2378 2329//2329
f 2329//2329 2378//2378 2330//2330
f 2330//2330 2378//2378 2290//2290
f 2378//2378 2423//2423 2290//2290
f 2290//2290 2423//2423 2247//2247
f 2334//2334 2335//2335 2294//2294
f 2296//2296 2337//2337 2379//2379
f 2379//2379 2297//2297 2296//2296
f 2298//2298 2297//2297 2379//2379
f 2298//2298 2379//2379 2433//2433
f 2338//2338 2339//2339 2380//2380
f 2380//2380 2339//2339 2381//2381
f 2340//2340 2298//2298 2433//2433
f 2382//2382 2339//2339 2341//2341
f 2382//2382 2381//2381 2339//2339
f 2340//2340 2433//2433 2383//2383
f 2383//2383 2438//2438 2340//2340
f 2342//2342 2341//2341 2300//2300
f 2222//2222 2385//2385 2342//2342
f 2344//2344 2385//2385 2222//2222
f 2188//2188 2386//2386 2344//2344
f 2188//2188 2387//2387 2386//2386
f 2346//2346 2387//2387 2188//2188
f 2223//2223 2389//2389 2346//2346
f 2389//2389 2223//2223 2390//2390
f 2348//2348 2349//2349 2223//2223
f 2349//2349 2390//2390 2223//2223
f 2391//2391 2225//2225 2350//2350
f 2391//2391 2492//2492 2225//2225
f 2391//2391 2350//2350 2347//2347
f 2349//2349 2348//2348 2392//2392
f 2445//2445 2225//2225 2492//2492
f 2394//2394 2392//2392 2348//2348
f 2394//2394 2348//2348 2302//2302
f 2303//2303 2445//2445 2446//2446
f 2303//2303 2446//2446 2393//2393
f 2395//2395 2394//2394 2352//2352
f 2397//2397 2396//2396 2395//2395
f 2399//2399 2453//2453 2398//2398
f 2401//2401 2455//2455 2400//2400
f 2304//2304 2402//2402 2403//2403
f 2304//2304 2449//2449 2402//2402
f 2304//2304 2303//2303 2393//2393
f 2304//2304 2393//2393 2449//2449
f 2395//2395 2353//2353 2397//2397
f 2397//2397 2354//2354 2398//2398
f 2398//2398 2354//2354 2355//2355
f 2398//2398 2355//2355 2399//2399
f 2399//2399 2355//2355 2356//2356
f 2399//2399 2356//2356 2400//2400
f 2400//2400 2356//2356 2357//2357
f 2400//2400 2357//2357 2401//2401
f 2358//2358 2360//2360 2357//2357
f 2360//2360 2401//2401 2357//2357
f 2403//2403 2359//2359 2304//2304
f 2404//2404 2310//2310 2359//2359
f 2404//2404 2359//2359 2403//2403
f 2361//2361 2311//2311 2405//2405
f 2404//2404 2458//2458 2362//2362
f 2404//2404 2362//2362 2310//2310
f 2312//2312 2405//2405 2311//2311
f 2406//2406 2312//2312 2363//2363
f 2460//2460 2364//2364 2458//2458
f 2406//2406 2363//2363 2365//2365
f 2460//2460 2366//2366 2364//2364
f 2407//2407 2366//2366 2460//2460
f 2407//2407 2316//2316 2366//2366
f 2461//2461 2316//2316 2407//2407
f 2314//2314 2410//2410 2313//2313
f 2316//2316 2409//2409 2408//2408
f 2368//2368 2316//2316 2408//2408
f 2370//2370 2410//2410 2369//2369
f 2408//2408 2409//2409 2368//2368
f 2409//2409 2411//2411 2368//2368
f 2368//2368 2411//2411 2320//2320
f 2371//2371 2412//2412 2317//2317
f 2412//2412 2370//2370 2317//2317
f 2415//2415 2414//2414 2411//2411
f 2414//2414 2320//2320 2411//2411
f 2416//2416 2413//2413 2371//2371
f 2413//2413 2412//2412 2371//2371
f 2415//2415 2372//2372 2414//2414
f 2414//2414 2372//2372 2320//2320
f 2373//2373 2468//2468 2416//2416
f 2375//2375 2469//2469 2373//2373
f 2325//2325 2473//2473 2472//2472
f 2415//2415 2374//2374 2372//2372
f 2417//2417 2376//2376 2472//2472
f 2472//2472 2376//2376 2325//2325
f 2473//2473 2325//2325 2374//2374
f 2419//2419 2377//2377 2418//2418
f 2419//2419 2418//2418 2477//2477
f 2420//2420 2377//2377 2419//2419
f 2421//2421 2377//2377 2420//2420
f 2422//2422 2378//2378 2377//2377
f 2422//2422 2377//2377 2421//2421
f 2423//2423 2378//2378 2422//2422
f 2424//2424 2247//2247 2423//2423
f 2424//2424 2331//2331 2247//2247
f 2332//2332 2425//2425 2333//2333
f 2331//2331 2425//2425 2332//2332
f 2333//2333 2481//2481 2334//2334
f 2428//2428 2379//2379 2337//2337
f 2476//2476 2380//2380 2429//2429
f 2380//2380 2476//2476 2327//2327
f 2327//2327 2476//2476 2418//2418
f 2418//2418 2476//2476 2477//2477
f 2421//2421 2420//2420 2430//2430
f 2421//2421 2430//2430 2422//2422
f 2422//2422 2430//2430 2431//2431
f 2422//2422 2431//2431 2432//2432
f 2422//2422 2432//2432 2423//2423
f 2423//2423 2432//2432 2424//2424
f 2424//2424 2480//2480 2331//2331
f 2331//2331 2480//2480 2474//2474
f 2334//2334 2538//2538 2335//2335
f 2335//2335 2538//2538 2426//2426
f 2426//2426 2538//2538 2482//2482
f 2426//2426 2482//2482 2427//2427
f 2427//2427 2482//2482 2336//2336
f 2336//2336 2482//2482 2428//2428
f 2428//2428 2484//2484 2379//2379
f 2381//2381 2382//2382 2380//2380
f 2379//2379 2435//2435 2433//2433
f 2435//2435 2383//2383 2433//2433
f 2341//2341 2437//2437 2382//2382
f 2437//2437 2434//2434 2382//2382
f 2435//2435 2436//2436 2383//2383
f 2436//2436 2438//2438 2383//2383
f 2342//2342 2439//2439 2437//2437
f 2342//2342 2437//2437 2341//2341
f 2385//2385 2439//2439 2342//2342
f 2440//2440 2343//2343 2384//2384
f 2440//2440 2384//2384 2438//2438
f 2344//2344 2386//2386 2385//2385
f 2441//2441 2385//2385 2386//2386
f 2442//2442 2388//2388 2343//2343
f 2387//2387 2346//2346 2386//2386
f 2486//2486 2388//2388 2442//2442
f 2443//2443 2388//2388 2486//2486
f 2390//2390 2346//2346 2389//2389
f 2489//2489 2347//2347 2388//2388
f 2489//2489 2388//2388 2443//2443
f 2489//2489 2492//2492 2391//2391
f 2489//2489 2391//2391 2347//2347
f 2390//2390 2349//2349 2444//2444
f 2492//2492 2446//2446 2445//2445
f 2447//2447 2494//2494 2394//2394
f 2494//2494 2392//2392 2394//2394
f 2449//2449 2393//2393 2446//2446
f 2394//2394 2448//2448 2447//2447
f 2395//2395 2496//2496 2448//2448
f 2394//2394 2395//2395 2448//2448
f 2450//2450 2395//2395 2396//2396
f 2450//2450 2396//2396 2397//2397
f 2451//2451 2450//2450 2397//2397
f 2451//2451 2397//2397 2398//2398
f 2452//2452 2451//2451 2398//2398
f 2453//2453 2452//2452 2398//2398
f 2454//2454 2399//2399 2400//2400
f 2454//2454 2453//2453 2399//2399
f 2455//2455 2454//2454 2400//2400
f 2360//2360 2455//2455 2401//2401
f 2361//2361 2508//2508 2360//2360
f 2508//2508 2455//2455 2360//2360
f 2456//2456 2403//2403 2402//2402
f 2361//2361 2405//2405 2508//2508
f 2458//2458 2404//2404 2403//2403
f 2458//2458 2403//2403 2456//2456
f 2312//2312 2457//2457 2405//2405
f 2312//2312 2406//2406 2457//2457
f 2515//2515 2460//2460 2458//2458
f 2365//2365 2459//2459 2406//2406
f 2313//2313 2459//2459 2365//2365
f 2461//2461 2407//2407 2460//2460
f 2410//2410 2463//2463 2518//2518
f 2313//2313 2410//2410 2518//2518
f 2464//2464 2316//2316 2461//2461
f 2410//2410 2462//2462 2463//2463
f 2464//2464 2409//2409 2316//2316
f 2410//2410 2370//2370 2462//2462
f 2370//2370 2463//2463 2462//2462
f 2370//2370 2412//2412 2463//2463
f 2466//2466 2411//2411 2409//2409
f 2466//2466 2409//2409 2464//2464
f 2413//2413 2465//2465 2412//2412
f 2522//2522 2415//2415 2466//2466
f 2466//2466 2415//2415 2411//2411
f 2468//2468 2413//2413 2416//2416
f 2469//2469 2524//2524 2468//2468
f 2467//2467 2415//2415 2522//2522
f 2373//2373 2469//2469 2468//2468
f 2524//2524 2469//2469 2375//2375
f 2524//2524 2375//2375 2470//2470
f 2375//2375 2472//2472 2470//2470
f 2417//2417 2472//2472 2375//2375
f 2473//2473 2467//2467 2471//2471
f 2467//2467 2473//2473 2374//2374
f 2467//2467 2374//2374 2415//2415
f 2475//2475 2425//2425 2331//2331
f 2475//2475 2331//2331 2474//2474
f 2475//2475 2333//2333 2425//2425
f 2475//2475 2481//2481 2333//2333
f 2419//2419 2477//2477 2420//2420
f 2477//2477 2478//2478 2420//2420
f 2420//2420 2478//2478 2430//2430
f 2478//2478 2479//2479 2430//2430
f 2430//2430 2479//2479 2431//2431
f 2431//2431 2479//2479 2432//2432
f 2432//2432 2480//2480 2424//2424
f 2475//2475 2474//2474 2536//2536
f 2481//2481 2538//2538 2334//2334
f 2428//2428 2483//2483 2550//2550
f 2482//2482 2483//2483 2428//2428
f 2550//2550 2484//2484 2428//2428
f 2476//2476 2429//2429 2477//2477
f 2484//2484 2555//2555 2435//2435
f 2379//2379 2484//2484 2435//2435
f 2434//2434 2485//2485 2382//2382
f 2382//2382 2485//2485 2380//2380
f 2436//2436 2435//2435 2556//2556
f 2437//2437 2485//2485 2434//2434
f 2631//2631 2438//2438 2436//2436
f 2631//2631 2436//2436 2556//2556
f 2562//2562 2440//2440 2438//2438
f 2562//2562 2438//2438 2631//2631
f 2385//2385 2559//2559 2439//2439
f 2562//2562 2343//2343 2440//2440
f 2441//2441 2559//2559 2385//2385
f 2486//2486 2442//2442 2343//2343
f 2486//2486 2343//2343 2562//2562
f 2386//2386 2487//2487 2441//2441
f 2346//2346 2487//2487 2386//2386
f 2488//2488 2443//2443 2486//2486
f 2489//2489 2443//2443 2488//2488
f 2390//2390 2490//2490 2346//2346
f 2490//2490 2390//2390 2493//2493
f 2491//2491 2492//2492 2489//2489
f 2494//2494 2493//2493 2349//2349
f 2349//2349 2493//2493 2444//2444
f 2493//2493 2390//2390 2444//2444
f 2392//2392 2494//2494 2349//2349
f 2495//2495 2446//2446 2492//2492
f 2494//2494 2447//2447 2448//2448
f 2494//2494 2448//2448 2496//2496
f 2450//2450 2498//2498 2497//2497
f 2450//2450 2500//2500 2498//2498
f 2499//2499 2501//2501 2500//2500
f 2499//2499 2502//2502 2501//2501
f 2506//2506 2505//2505 2504//2504
f 2577//2577 2449//2449 2495//2495
f 2495//2495 2449//2449 2446//2446
f 2395//2395 2497//2497 2496//2496
f 2497//2497 2395//2395 2450//2450
f 2500//2500 2450//2450 2499//2499
f 2499//2499 2450//2450 2451//2451
f 2499//2499 2451//2451 2452//2452
f 2499//2499 2452//2452 2453//2453
f 2499//2499 2453//2453 2502//2502
f 2502//2502 2453//2453 2454//2454
f 2502//2502 2454//2454 2503//2503
f 2503//2503 2454//2454 2455//2455
f 2503//2503 2455//2455 2504//2504
f 2504//2504 2455//2455 2508//2508
f 2506//2506 2504//2504 2508//2508
f 2506//2506 2508//2508 2509//2509
f 2507//2507 2402//2402 2577//2577
f 2577//2577 2402//2402 2449//2449
f 2509//2509 2508//2508 2510//2510
f 2511//2511 2456//2456 2507//2507
f 2507//2507 2456//2456 2402//2402
f 2405//2405 2510//2510 2508//2508
f 2510//2510 2405//2405 2512//2512
f 2586//2586 2458//2458 2456//2456
f 2586//2586 2456//2456 2511//2511
f 2457//2457 2514//2514 2405//2405
f 2405//2405 2514//2514 2512//2512
f 2513//2513 2515//2515 2458//2458
f 2513//2513 2458//2458 2586//2586
f 2406//2406 2516//2516 2514//2514
f 2406//2406 2514//2514 2457//2457
f 2459//2459 2516//2516 2406//2406
f 2591//2591 2460//2460 2515//2515
f 2591//2591 2461//2461 2460//2460
f 2313//2313 2518//2518 2459//2459
f 2459//2459 2518//2518 2516//2516
f 2592//2592 2516//2516 2518//2518
f 2517//2517 2464//2464 2461//2461
f 2517//2517 2461//2461 2591//2591
f 2519//2519 2464//2464 2517//2517
f 2521//2521 2518//2518 2463//2463
f 2520//2520 2464//2464 2519//2519
f 2412//2412 2465//2465 2463//2463
f 2522//2522 2520//2520 2523//2523
f 2522//2522 2466//2466 2464//2464
f 2522//2522 2464//2464 2520//2520
f 2463//2463 2465//2465 2413//2413
f 2463//2463 2413//2413 2524//2524
f 2524//2524 2526//2526 2602//2602
f 2527//2527 2523//2523 2525//2525
f 2527//2527 2529//2529 2523//2523
f 2523//2523 2529//2529 2467//2467
f 2523//2523 2467//2467 2522//2522
f 2413//2413 2468//2468 2524//2524
f 2524//2524 2470//2470 2526//2526
f 2530//2530 2526//2526 2470//2470
f 2530//2530 2527//2527 2528//2528
f 2527//2527 2471//2471 2467//2467
f 2527//2527 2467//2467 2529//2529
f 2472//2472 2530//2530 2470//2470
f 2530//2530 2472//2472 2473//2473
f 2530//2530 2473//2473 2527//2527
f 2527//2527 2473//2473 2471//2471
f 2531//2531 2478//2478 2477//2477
f 2532//2532 2479//2479 2478//2478
f 2533//2533 2479//2479 2532//2532
f 2533//2533 2432//2432 2479//2479
f 2545//2545 2432//2432 2533//2533
f 2545//2545 2480//2480 2432//2432
f 2534//2534 2474//2474 2480//2480
f 2535//2535 2474//2474 2534//2534
f 2536//2536 2474//2474 2535//2535
f 2535//2535 2475//2475 2536//2536
f 2537//2537 2475//2475 2535//2535
f 2538//2538 2481//2481 2475//2475
f 2539//2539 2482//2482 2538//2538
f 2483//2483 2482//2482 2539//2539
f 2551//2551 2477//2477 2429//2429
f 2551//2551 2429//2429 2380//2380
f 2607//2607 2609//2609 2477//2477
f 2607//2607 2477//2477 2551//2551
f 2609//2609 2531//2531 2477//2477
f 2478//2478 2531//2531 2540//2540
f 2478//2478 2541//2541 2532//2532
f 2478//2478 2540//2540 2541//2541
f 2532//2532 2541//2541 2542//2542
f 2532//2532 2542//2542 2543//2543
f 2532//2532 2544//2544 2533//2533
f 2532//2532 2543//2543 2544//2544
f 2533//2533 2544//2544 2545//2545
f 2545//2545 2546//2546 2480//2480
f 2480//2480 2546//2546 2534//2534
f 2475//2475 2537//2537 2547//2547
f 2547//2547 2538//2538 2475//2475
f 2538//2538 2547//2547 2548//2548
f 2538//2538 2549//2549 2539//2539
f 2538//2538 2548//2548 2549//2549
f 2539//2539 2550//2550 2483//2483
f 2555//2555 2484//2484 2550//2550
f 2551//2551 2380//2380 2485//2485
f 2531//2531 2552//2552 2540//2540
f 2540//2540 2552//2552 2541//2541
f 2541//2541 2552//2552 2553//2553
f 2541//2541 2553//2553 2542//2542
f 2542//2542 2553//2553 2543//2543
f 2543//2543 2553//2553 2544//2544
f 2544//2544 2553//2553 2554//2554
f 2544//2544 2554//2554 2545//2545
f 2545//2545 2554//2554 2612//2612
f 2545//2545 2612//2612 2546//2546
f 2534//2534 2546//2546 2535//2535
f 2539//2539 2549//2549 2550//2550
f 2556//2556 2435//2435 2555//2555
f 2437//2437 2551//2551 2485//2485
f 2551//2551 2437//2437 2557//2557
f 2558//2558 2555//2555 2622//2622
f 2558//2558 2556//2556 2555//2555
f 2631//2631 2556//2556 2558//2558
f 2437//2437 2439//2439 2559//2559
f 2650//2650 2562//2562 2631//2631
f 2441//2441 2560//2560 2559//2559
f 2560//2560 2441//2441 2561//2561
f 2561//2561 2441//2441 2487//2487
f 2346//2346 2563//2563 2487//2487
f 2488//2488 2486//2486 2562//2562
f 2490//2490 2563//2563 2346//2346
f 2656//2656 2489//2489 2488//2488
f 2664//2664 2491//2491 2489//2489
f 2664//2664 2489//2489 2656//2656
f 2563//2563 2490//2490 2564//2564
f 2490//2490 2493//2493 2564//2564
f 2565//2565 2492//2492 2491//2491
f 2565//2565 2491//2491 2664//2664
f 2564//2564 2566//2566 2673//2673
f 2565//2565 2567//2567 2495//2495
f 2565//2565 2495//2495 2492//2492
f 2493//2493 2494//2494 2496//2496
f 2493//2493 2496//2496 2564//2564
f 2566//2566 2564//2564 2496//2496
f 2572//2572 2571//2571 2570//2570
f 2573//2573 2682//2682 2572//2572
f 2577//2577 2578//2578 2567//2567
f 2567//2567 2578//2578 2495//2495
f 2566//2566 2496//2496 2497//2497
f 2566//2566 2497//2497 2498//2498
f 2566//2566 2498//2498 2569//2569
f 2569//2569 2498//2498 2500//2500
f 2569//2569 2500//2500 2570//2570
f 2570//2570 2500//2500 2501//2501
f 2570//2570 2501//2501 2572//2572
f 2572//2572 2501//2501 2502//2502
f 2572//2572 2502//2502 2503//2503
f 2572//2572 2503//2503 2573//2573
f 2573//2573 2503//2503 2682//2682
f 2682//2682 2503//2503 2504//2504
f 2682//2682 2504//2504 2574//2574
f 2574//2574 2504//2504 2675//2675
f 2675//2675 2504//2504 2505//2505
f 2509//2509 2505//2505 2506//2506
f 2575//2575 2505//2505 2509//2509
f 2575//2575 2509//2509 2579//2579
f 2576//2576 2580//2580 2581//2581
f 2577//2577 2581//2581 2507//2507
f 2576//2576 2581//2581 2577//2577
f 2578//2578 2577//2577 2495//2495
f 2579//2579 2509//2509 2582//2582
f 2580//2580 2585//2585 2583//2583
f 2581//2581 2583//2583 2507//2507
f 2580//2580 2583//2583 2581//2581
f 2509//2509 2584//2584 2582//2582
f 2583//2583 2511//2511 2507//2507
f 2512//2512 2509//2509 2510//2510
f 2701//2701 2509//2509 2512//2512
f 2584//2584 2509//2509 2701//2701
f 2585//2585 2586//2586 2583//2583
f 2586//2586 2511//2511 2583//2583
f 2514//2514 2587//2587 2701//2701
f 2514//2514 2701//2701 2512//2512
f 2588//2588 2585//2585 2589//2589
f 2585//2585 2588//2588 2586//2586
f 2588//2588 2515//2515 2513//2513
f 2588//2588 2513//2513 2586//2586
f 2516//2516 2590//2590 2587//2587
f 2516//2516 2587//2587 2514//2514
f 2588//2588 2591//2591 2515//2515
f 2516//2516 2592//2592 2590//2590
f 2589//2589 2591//2591 2588//2588
f 2589//2589 2593//2593 2591//2591
f 2593//2593 2517//2517 2591//2591
f 2518//2518 2594//2594 2592//2592
f 2593//2593 2519//2519 2517//2517
f 2595//2595 2596//2596 2593//2593
f 2596//2596 2520//2520 2519//2519
f 2596//2596 2519//2519 2593//2593
f 2518//2518 2597//2597 2600//2600
f 2518//2518 2521//2521 2597//2597
f 2598//2598 2599//2599 2595//2595
f 2596//2596 2599//2599 2520//2520
f 2595//2595 2599//2599 2596//2596
f 2597//2597 2521//2521 2463//2463
f 2601//2601 2598//2598 2595//2595
f 2598//2598 2523//2523 2520//2520
f 2598//2598 2520//2520 2599//2599
f 2524//2524 2597//2597 2463//2463
f 2602//2602 2597//2597 2524//2524
f 2600//2600 2597//2597 2603//2603
f 2597//2597 2602//2602 2603//2603
f 2605//2605 2604//2604 2603//2603
f 2601//2601 2525//2525 2523//2523
f 2601//2601 2523//2523 2598//2598
f 2602//2602 2526//2526 2603//2603
f 2530//2530 2603//2603 2526//2526
f 2603//2603 2530//2530 2605//2605
f 2605//2605 2528//2528 2527//2527
f 2605//2605 2527//2527 2601//2601
f 2601//2601 2527//2527 2525//2525
f 2605//2605 2530//2530 2528//2528
f 2614//2614 2535//2535 2613//2613
f 2606//2606 2537//2537 2535//2535
f 2719//2719 2547//2547 2537//2537
f 2607//2607 2551//2551 2616//2616
f 2608//2608 2609//2609 2607//2607
f 2617//2617 2552//2552 2531//2531
f 2617//2617 2531//2531 2609//2609
f 2610//2610 2552//2552 2617//2617
f 2610//2610 2553//2553 2552//2552
f 2554//2554 2553//2553 2610//2610
f 2612//2612 2554//2554 2611//2611
f 2613//2613 2535//2535 2546//2546
f 2614//2614 2613//2613 2546//2546
f 2535//2535 2614//2614 2606//2606
f 2537//2537 2606//2606 2719//2719
f 2628//2628 2548//2548 2547//2547
f 2549//2549 2548//2548 2628//2628
f 2615//2615 2550//2550 2549//2549
f 2622//2622 2555//2555 2550//2550
f 2622//2622 2550//2550 2615//2615
f 2616//2616 2551//2551 2557//2557
f 2609//2609 2624//2624 2617//2617
f 2609//2609 2608//2608 2624//2624
f 2617//2617 2618//2618 2610//2610
f 2610//2610 2618//2618 2619//2619
f 2610//2610 2620//2620 2554//2554
f 2610//2610 2619//2619 2620//2620
f 2554//2554 2620//2620 2626//2626
f 2554//2554 2626//2626 2611//2611
f 2612//2612 2627//2627 2546//2546
f 2621//2621 2547//2547 2719//2719
f 2547//2547 2723//2723 2628//2628
f 2547//2547 2621//2621 2723//2723
f 2549//2549 2628//2628 2615//2615
f 2437//2437 2616//2616 2557//2557
f 2608//2608 2607//2607 2624//2624
f 2617//2617 2625//2625 2618//2618
f 2617//2617 2624//2624 2625//2625
f 2618//2618 2625//2625 2619//2619
f 2619//2619 2625//2625 2620//2620
f 2611//2611 2634//2634 2612//2612
f 2627//2627 2612//2612 2634//2634
f 2546//2546 2627//2627 2720//2720
f 2546//2546 2720//2720 2614//2614
f 2614//2614 2720//2720 2721//2721
f 2628//2628 2629//2629 2615//2615
f 2615//2615 2631//2631 2622//2622
f 2615//2615 2630//2630 2631//2631
f 2631//2631 2558//2558 2622//2622
f 2559//2559 2560//2560 2616//2616
f 2559//2559 2616//2616 2437//2437
f 2616//2616 2560//2560 2623//2623
f 2624//2624 2607//2607 2632//2632
f 2624//2624 2632//2632 2625//2625
f 2625//2625 2632//2632 2633//2633
f 2625//2625 2633//2633 2620//2620
f 2620//2620 2633//2633 2626//2626
f 2626//2626 2639//2639 2611//2611
f 2634//2634 2611//2611 2639//2639
f 2635//2635 2629//2629 2628//2628
f 2616//2616 2643//2643 2607//2607
f 2616//2616 2623//2623 2643//2643
f 2607//2607 2636//2636 2632//2632
f 2607//2607 2643//2643 2636//2636
f 2632//2632 2636//2636 2637//2637
f 2632//2632 2637//2637 2633//2633
f 2633//2633 2637//2637 2644//2644
f 2626//2626 2633//2633 2646//2646
f 2626//2626 2638//2638 2639//2639
f 2626//2626 2646//2646 2638//2638
f 2629//2629 2649//2649 2615//2615
f 2615//2615 2640//2640 2630//2630
f 2640//2640 2650//2650 2631//2631
f 2640//2640 2631//2631 2630//2630
f 2560//2560 2561//2561 2623//2623
f 2641//2641 2642//2642 2623//2623
f 2623//2623 2642//2642 2643//2643
f 2644//2644 2645//2645 2633//2633
f 2633//2633 2645//2645 2646//2646
f 2639//2639 2646//2646 2655//2655
f 2639//2639 2638//2638 2646//2646
f 2629//2629 2647//2647 2649//2649
f 2649//2649 2648//2648 2615//2615
f 2615//2615 2650//2650 2640//2640
f 2615//2615 2648//2648 2650//2650
f 2643//2643 2652//2652 2636//2636
f 2636//2636 2652//2652 2654//2654
f 2636//2636 2654//2654 2637//2637
f 2637//2637 2654//2654 2644//2644
f 2644//2644 2662//2662 2645//2645
f 2644//2644 2660//2660 2662//2662
f 2655//2655 2646//2646 2645//2645
f 2648//2648 2649//2649 2650//2650
f 2650//2650 2488//2488 2562//2562
f 2561//2561 2651//2651 2623//2623
f 2623//2623 2651//2651 2641//2641
f 2642//2642 2652//2652 2643//2643
f 2642//2642 2641//2641 2652//2652
f 2654//2654 2652//2652 2653//2653
f 2644//2644 2654//2654 2660//2660
f 2647//2647 2672//2672 2649//2649
f 2649//2649 2656//2656 2650//2650
f 2656//2656 2488//2488 2650//2650
f 2563//2563 2657//2657 2561//2561
f 2563//2563 2561//2561 2487//2487
f 2651//2651 2658//2658 2641//2641
f 2641//2641 2658//2658 2652//2652
f 2652//2652 2659//2659 2653//2653
f 2654//2654 2653//2653 2660//2660
f 2660//2660 2661//2661 2662//2662
f 2660//2660 2668//2668 2661//2661
f 2655//2655 2645//2645 2662//2662
f 2647//2647 2670//2670 2672//2672
f 2672//2672 2663//2663 2649//2649
f 2649//2649 2664//2664 2656//2656
f 2649//2649 2663//2663 2664//2664
f 2561//2561 2657//2657 2651//2651
f 2658//2658 2665//2665 2652//2652
f 2652//2652 2666//2666 2659//2659
f 2652//2652 2665//2665 2666//2666
f 2659//2659 2666//2666 2667//2667
f 2659//2659 2667//2667 2653//2653
f 2653//2653 2667//2667 2668//2668
f 2653//2653 2668//2668 2660//2660
f 2662//2662 2669//2669 2739//2739
f 2662//2662 2661//2661 2669//2669
f 2670//2670 2671//2671 2672//2672
f 2663//2663 2565//2565 2664//2664
f 2673//2673 2563//2563 2564//2564
f 2657//2657 2563//2563 2673//2673
f 2667//2667 2666//2666 2674//2674
f 2667//2667 2674//2674 2668//2668
f 2668//2668 2674//2674 2675//2675
f 2668//2668 2675//2675 2661//2661
f 2669//2669 2661//2661 2676//2676
f 2677//2677 2678//2678 2670//2670
f 2670//2670 2679//2679 2671//2671
f 2670//2670 2678//2678 2679//2679
f 2663//2663 2672//2672 2567//2567
f 2663//2663 2567//2567 2565//2565
f 2673//2673 2566//2566 2657//2657
f 2657//2657 2566//2566 2568//2568
f 2651//2651 2657//2657 2568//2568
f 2651//2651 2680//2680 2658//2658
f 2651//2651 2568//2568 2680//2680
f 2658//2658 2680//2680 2665//2665
f 2665//2665 2680//2680 2666//2666
f 2666//2666 2680//2680 2681//2681
f 2666//2666 2681//2681 2674//2674
f 2674//2674 2682//2682 2675//2675
f 2661//2661 2675//2675 2683//2683
f 2661//2661 2684//2684 2676//2676
f 2672//2672 2679//2679 2567//2567
f 2671//2671 2679//2679 2672//2672
f 2568//2568 2566//2566 2680//2680
f 2680//2680 2566//2566 2569//2569
f 2680//2680 2569//2569 2570//2570
f 2680//2680 2570//2570 2571//2571
f 2680//2680 2571//2571 2681//2681
f 2681//2681 2571//2571 2572//2572
f 2681//2681 2572//2572 2674//2674
f 2674//2674 2572//2572 2682//2682
f 2682//2682 2574//2574 2675//2675
f 2675//2675 2505//2505 2683//2683
f 2683//2683 2505//2505 2575//2575
f 2683//2683 2575//2575 2661//2661
f 2684//2684 2661//2661 2575//2575
f 2676//2676 2684//2684 2686//2686
f 2685//2685 2687//2687 2688//2688
f 2677//2677 2688//2688 2576//2576
f 2685//2685 2688//2688 2677//2677
f 2677//2677 2576//2576 2678//2678
f 2678//2678 2576//2576 2577//2577
f 2678//2678 2577//2577 2679//2679
f 2679//2679 2577//2577 2567//2567
f 2579//2579 2684//2684 2575//2575
f 2692//2692 2684//2684 2579//2579
f 2748//2748 2686//2686 2689//2689
f 2691//2691 2690//2690 2685//2685
f 2690//2690 2687//2687 2685//2685
f 2688//2688 2687//2687 2580//2580
f 2688//2688 2580//2580 2576//2576
f 2582//2582 2692//2692 2579//2579
f 2684//2684 2692//2692 2686//2686
f 2689//2689 2686//2686 2693//2693
f 2752//2752 2690//2690 2691//2691
f 2752//2752 2694//2694 2690//2690
f 2690//2690 2580//2580 2687//2687
f 2584//2584 2692//2692 2582//2582
f 2692//2692 2695//2695 2686//2686
f 2693//2693 2696//2696 2752//2752
f 2693//2693 2686//2686 2696//2696
f 2690//2690 2694//2694 2585//2585
f 2690//2690 2585//2585 2580//2580
f 2701//2701 2697//2697 2692//2692
f 2701//2701 2692//2692 2584//2584
f 2695//2695 2702//2702 2686//2686
f 2686//2686 2702//2702 2696//2696
f 2696//2696 2703//2703 2752//2752
f 2752//2752 2698//2698 2694//2694
f 2752//2752 2703//2703 2698//2698
f 2698//2698 2585//2585 2694//2694
f 2692//2692 2699//2699 2695//2695
f 2692//2692 2697//2697 2699//2699
f 2695//2695 2699//2699 2702//2702
f 2702//2702 2700//2700 2696//2696
f 2696//2696 2700//2700 2703//2703
f 2703//2703 2585//2585 2698//2698
f 2701//2701 2706//2706 2697//2697
f 2699//2699 2697//2697 2702//2702
f 2702//2702 2707//2707 2700//2700
f 2703//2703 2589//2589 2585//2585
f 2590//2590 2704//2704 2701//2701
f 2590//2590 2701//2701 2587//2587
f 2701//2701 2704//2704 2706//2706
f 2697//2697 2705//2705 2702//2702
f 2702//2702 2705//2705 2707//2707
f 2700//2700 2708//2708 2703//2703
f 2703//2703 2708//2708 2709//2709
f 2709//2709 2589//2589 2703//2703
f 2705//2705 2697//2697 2707//2707
f 2707//2707 2708//2708 2700//2700
f 2709//2709 2593//2593 2589//2589
f 2592//2592 2710//2710 2704//2704
f 2592//2592 2704//2704 2590//2590
f 2704//2704 2710//2710 2706//2706
f 2697//2697 2706//2706 2707//2707
f 2707//2707 2711//2711 2708//2708
f 2708//2708 2712//2712 2709//2709
f 2712//2712 2595//2595 2593//2593
f 2712//2712 2593//2593 2709//2709
f 2594//2594 2710//2710 2592//2592
f 2710//2710 2715//2715 2706//2706
f 2706//2706 2713//2713 2707//2707
f 2706//2706 2715//2715 2713//2713
f 2708//2708 2595//2595 2712//2712
f 2594//2594 2714//2714 2710//2710
f 2710//2710 2714//2714 2715//2715
f 2707//2707 2716//2716 2711//2711
f 2707//2707 2713//2713 2716//2716
f 2711//2711 2595//2595 2708//2708
f 2600//2600 2594//2594 2518//2518
f 2714//2714 2594//2594 2600//2600
f 2715//2715 2601//2601 2713//2713
f 2711//2711 2716//2716 2595//2595
f 2714//2714 2600//2600 2603//2603
f 2714//2714 2603//2603 2715//2715
f 2713//2713 2601//2601 2716//2716
f 2716//2716 2601//2601 2595//2595
f 2603//2603 2604//2604 2715//2715
f 2715//2715 2604//2604 2605//2605
f 2715//2715 2605//2605 2601//2601
f 2717//2717 2606//2606 2614//2614
f 2717//2717 2614//2614 2721//2721
f 2718//2718 2719//2719 2606//2606
f 2720//2720 2627//2627 2634//2634
f 2717//2717 2729//2729 2606//2606
f 2606//2606 2722//2722 2718//2718
f 2606//2606 2729//2729 2722//2722
f 2718//2718 2621//2621 2719//2719
f 2639//2639 2724//2724 2634//2634
f 2634//2634 2725//2725 2720//2720
f 2721//2721 2720//2720 2727//2727
f 2721//2721 2727//2727 2717//2717
f 2621//2621 2726//2726 2723//2723
f 2621//2621 2718//2718 2726//2726
f 2723//2723 2726//2726 2628//2628
f 2726//2726 2635//2635 2628//2628
f 2634//2634 2724//2724 2725//2725
f 2720//2720 2725//2725 2727//2727
f 2717//2717 2728//2728 2729//2729
f 2717//2717 2727//2727 2728//2728
f 2726//2726 2629//2629 2635//2635
f 2730//2730 2639//2639 2655//2655
f 2639//2639 2730//2730 2724//2724
f 2724//2724 2732//2732 2725//2725
f 2727//2727 2731//2731 2728//2728
f 2722//2722 2729//2729 2718//2718
f 2726//2726 2647//2647 2629//2629
f 2724//2724 2730//2730 2732//2732
f 2725//2725 2732//2732 2733//2733
f 2725//2725 2733//2733 2727//2727
f 2729//2729 2734//2734 2718//2718
f 2718//2718 2735//2735 2726//2726
f 2718//2718 2734//2734 2735//2735
f 2735//2735 2647//2647 2726//2726
f 2655//2655 2742//2742 2730//2730
f 2732//2732 2736//2736 2733//2733
f 2733//2733 2741//2741 2727//2727
f 2727//2727 2741//2741 2731//2731
f 2728//2728 2737//2737 2729//2729
f 2729//2729 2738//2738 2734//2734
f 2729//2729 2737//2737 2738//2738
f 2734//2734 2647//2647 2735//2735
f 2662//2662 2739//2739 2655//2655
f 2655//2655 2739//2739 2742//2742
f 2730//2730 2740//2740 2732//2732
f 2733//2733 2736//2736 2741//2741
f 2731//2731 2746//2746 2728//2728
f 2728//2728 2746//2746 2737//2737
f 2738//2738 2670//2670 2647//2647
f 2738//2738 2647//2647 2734//2734
f 2740//2740 2743//2743 2732//2732
f 2740//2740 2730//2730 2743//2743
f 2732//2732 2743//2743 2736//2736
f 2741//2741 2744//2744 2731//2731
f 2731//2731 2744//2744 2746//2746
f 2738//2738 2737//2737 2670//2670
f 2676//2676 2739//2739 2669//2669
f 2742//2742 2743//2743 2730//2730
f 2736//2736 2743//2743 2745//2745
f 2736//2736 2745//2745 2741//2741
f 2737//2737 2746//2746 2677//2677
f 2737//2737 2677//2677 2670//2670
f 2747//2747 2739//2739 2676//2676
f 2742//2742 2739//2739 2747//2747
f 2742//2742 2748//2748 2743//2743
f 2742//2742 2747//2747 2748//2748
f 2743//2743 2749//2749 2745//2745
f 2745//2745 2750//2750 2741//2741
f 2741//2741 2751//2751 2744//2744
f 2741//2741 2750//2750 2751//2751
f 2746//2746 2751//2751 2685//2685
f 2744//2744 2751//2751 2746//2746
f 2746//2746 2685//2685 2677//2677
f 2686//2686 2747//2747 2676//2676
f 2747//2747 2686//2686 2748//2748
f 2743//2743 2748//2748 2689//2689
f 2743//2743 2689//2689 2749//2749
f 2745//2745 2749//2749 2750//2750
f 2751//2751 2750//2750 2685//2685
f 2689//2689 2752//2752 2749//2749
f 2749//2749 2752//2752 2750//2750
f 2750//2750 2691//2691 2685//2685
f 2689//2689 2693//2693 2752//2752
f 2750//2750 2752//2752 2691//2691
