mtllib journalist_arm_l.mtl
o sleeve
usemtl sleeve
v -0.0814 -0.5327 -0.0043
v -0.0825 -0.5300 -0.0153
v -0.0812 -0.5291 0.0025
v -0.0814 -0.5261 0.0050
v -0.0826 -0.5196 -0.0233
v -0.0824 -0.5131 0.0073
v -0.0843 -0.5042 -0.0191
v -0.0857 -0.5181 -0.0058
v -0.0850 -0.4887 -0.0097
v -0.0824 -0.4872 0.0080
v -0.0811 -0.4883 -0.0240
v -0.0827 -0.4912 -0.0205
v -0.0845 -0.4861 -0.0008
v -0.0813 -0.4653 -0.0190
v -0.0820 -0.4730 0.0084
v -0.0815 -0.4565 -0.0153
v -0.0810 -0.4393 -0.0086
v -0.0834 -0.4636 -0.0026
v -0.0811 -0.4361 -0.0039
v -0.0809 -0.2923 0.0097
v -0.0816 -0.2838 -0.0009
v -0.0818 -0.2718 0.0215
v -0.0806 -0.2660 0.0264
v -0.0846 -0.2628 0.0099
v -0.0818 -0.2490 -0.0050
v -0.0836 -0.2581 -0.0024
v -0.0812 -0.2369 -0.0002
v -0.0821 -0.2386 0.0093
v -0.0843 -0.2510 0.0109
v -0.0756 -0.5410 -0.0131
v -0.0766 -0.5384 0.0017
v -0.0751 -0.5378 -0.0232
v -0.0727 -0.5359 0.0109
v -0.0759 -0.5262 -0.0319
v -0.0738 -0.5127 -0.0371
v -0.0715 -0.5226 0.0205
v -0.0821 -0.5238 0.0068
v -0.0718 -0.5073 0.0220
v -0.0728 -0.4974 -0.0370
v -0.0815 -0.5014 0.0103
v -0.0751 -0.4903 0.0196
v -0.0753 -0.4708 -0.0311
v -0.0796 -0.4812 -0.0257
v -0.0736 -0.4810 0.0224
v -0.0731 -0.4688 -0.0331
v -0.0748 -0.4612 0.0203
v -0.0821 -0.4713 0.0084
v -0.0754 -0.4426 -0.0252
v -0.0809 -0.4434 0.0053
v -0.0765 -0.4362 -0.0214
v -0.0735 -0.4397 -0.0273
v -0.0740 -0.4597 0.0216
v -0.0782 -0.4311 -0.0162
v -0.0740 -0.4246 -0.0237
v -0.0756 -0.4282 0.0175
v -0.0795 -0.4230 0.0069
v -0.0726 -0.3964 0.0232
v -0.0770 -0.4064 -0.0156
v -0.0798 -0.3993 -0.0014
v -0.0796 -0.4084 0.0058
v -0.0752 -0.3994 -0.0187
v -0.0742 -0.3942 0.0210
v -0.0797 -0.3901 -0.0042
v -0.0788 -0.3980 0.0088
v -0.0747 -0.3823 0.0216
v -0.0738 -0.3768 -0.0215
v -0.0810 -0.3639 0.0002
v -0.0759 -0.3781 0.0196
v -0.0744 -0.3607 0.0246
v -0.0766 -0.3504 -0.0162
v -0.0782 -0.3594 0.0170
v -0.0810 -0.3526 0.0047
v -0.0736 -0.3401 0.0271
v -0.0751 -0.3350 -0.0176
v -0.0798 -0.3346 -0.0047
v -0.0702 -0.3197 -0.0230
v -0.0807 -0.3309 0.0033
v -0.0783 -0.3358 0.0177
v -0.0740 -0.3181 0.0261
v -0.0740 -0.3193 -0.0173
v -0.0762 -0.3158 0.0217
v -0.0765 -0.3101 0.0221
v -0.0793 -0.3145 -0.0035
v -0.0767 -0.3048 0.0213
v -0.0769 -0.3053 -0.0099
v -0.0805 -0.2942 0.0035
v -0.0782 -0.2922 0.0237
v -0.0777 -0.2976 0.0218
v -0.0721 -0.2793 -0.0225
v -0.0764 -0.2933 -0.0130
v -0.0793 -0.2748 -0.0108
v -0.0778 -0.2806 0.0280
v -0.0769 -0.2697 -0.0169
v -0.0755 -0.2662 0.0356
v -0.0768 -0.2610 -0.0177
v -0.0806 -0.2565 0.0293
v -0.0810 -0.2516 0.0263
v -0.0798 -0.2390 -0.0085
v -0.0771 -0.2483 -0.0161
v -0.0736 -0.2438 0.0379
v -0.0798 -0.2391 -0.0063
v -0.0813 -0.2449 0.0236
v -0.0770 -0.2317 0.0275
v -0.0736 -0.2334 0.0344
v -0.0809 -0.2326 0.0119
v -0.0740 -0.2220 -0.0105
v -0.0748 -0.2162 -0.0035
v -0.0765 -0.2176 0.0103
v -0.0727 -0.2075 0.0185
v -0.0742 -0.2188 0.0246
v -0.0749 -0.2109 0.0063
v -0.0699 -0.5469 -0.0120
v -0.0687 -0.5462 0.0012
v -0.0663 -0.5451 0.0066
v -0.0687 -0.5376 -0.0318
v -0.0648 -0.5487 -0.0223
v -0.0707 -0.5380 0.0117
v -0.0712 -0.5323 0.0164
v -0.0690 -0.5239 -0.0397
v -0.0700 -0.5026 -0.0396
v -0.0656 -0.5054 0.0263
v -0.0681 -0.4960 0.0257
v -0.0685 -0.4762 -0.0386
v -0.0666 -0.4547 -0.0376
v -0.0693 -0.4596 0.0260
v -0.0688 -0.4432 -0.0333
v -0.0689 -0.4434 0.0261
v -0.0701 -0.4359 -0.0307
v -0.0685 -0.4308 0.0263
v -0.0721 -0.4185 -0.0255
v -0.0722 -0.4106 0.0228
v -0.0681 -0.4106 -0.0298
v -0.0667 -0.4032 -0.0307
v -0.0690 -0.3862 -0.0275
v -0.0667 -0.3571 -0.0301
v -0.0673 -0.3722 0.0319
v -0.0680 -0.3694 0.0316
v -0.0667 -0.3621 0.0336
v -0.0651 -0.3432 0.0364
v -0.0649 -0.3226 -0.0294
v -0.0683 -0.3288 0.0336
v -0.0661 -0.3167 0.0359
v -0.0724 -0.3099 -0.0185
v -0.0695 -0.3069 -0.0225
v -0.0687 -0.3011 -0.0235
v -0.0679 -0.2962 0.0369
v -0.0671 -0.2869 0.0403
v -0.0667 -0.2672 -0.0299
v -0.0732 -0.2741 0.0373
v -0.0665 -0.2512 -0.0299
v -0.0681 -0.2555 0.0455
v -0.0723 -0.2406 -0.0219
v -0.0723 -0.2325 -0.0187
v -0.0679 -0.2319 0.0416
v -0.0662 -0.2277 -0.0248
v -0.0691 -0.2036 -0.0109
v -0.0703 -0.2238 -0.0186
v -0.0593 -0.2060 0.0418
v -0.0724 -0.2004 0.0087
v -0.0677 -0.1836 -0.0061
v -0.0673 -0.1981 -0.0124
v -0.0672 -0.1861 -0.0087
v -0.0714 -0.1931 0.0062
v -0.0670 -0.1727 -0.0033
v -0.0669 -0.1651 0.0048
v -0.0673 -0.1699 0.0142
v -0.0669 -0.1662 0.0111
v -0.0581 -0.5536 -0.0060
v -0.0625 -0.5459 0.0097
v -0.0593 -0.5414 0.0174
v -0.0639 -0.5351 -0.0389
v -0.0593 -0.5301 0.0246
v -0.0600 -0.5279 -0.0442
v -0.0632 -0.5197 0.0261
v -0.0592 -0.5181 -0.0466
v -0.0611 -0.4950 -0.0451
v -0.0569 -0.4817 -0.0461
v -0.0618 -0.4821 -0.0436
v -0.0607 -0.4831 0.0304
v -0.0609 -0.4744 -0.0433
v -0.0607 -0.4606 -0.0421
v -0.0681 -0.4769 0.0269
v -0.0606 -0.4531 0.0320
v -0.0593 -0.4331 -0.0393
v -0.0603 -0.4271 0.0327
v -0.0659 -0.4220 -0.0331
v -0.0591 -0.4258 -0.0385
v -0.0595 -0.4215 -0.0378
v -0.0566 -0.4160 -0.0390
v -0.0643 -0.4105 0.0307
v -0.0608 -0.4065 0.0335
v -0.0639 -0.4028 -0.0331
v -0.0619 -0.3928 0.0342
v -0.0657 -0.3849 0.0318
v -0.0638 -0.3794 -0.0325
v -0.0662 -0.3801 0.0320
v -0.0630 -0.3627 -0.0330
v -0.0689 -0.3745 0.0302
v -0.0630 -0.3691 0.0357
v -0.0665 -0.3485 -0.0299
v -0.0622 -0.3399 -0.0327
v -0.0623 -0.3330 -0.0321
v -0.0578 -0.3324 0.0419
v -0.0598 -0.3108 -0.0318
v -0.0589 -0.3074 -0.0323
v -0.0604 -0.2991 -0.0313
v -0.0643 -0.2933 -0.0289
v -0.0662 -0.2914 0.0397
v -0.0575 -0.2954 0.0457
v -0.0608 -0.2829 0.0468
v -0.0619 -0.2726 0.0483
v -0.0577 -0.2579 -0.0368
v -0.0684 -0.2633 0.0447
v -0.0628 -0.2491 -0.0325
v -0.0598 -0.2366 -0.0332
v -0.0601 -0.2423 0.0506
v -0.0613 -0.2344 -0.0315
v -0.0586 -0.2250 0.0477
v -0.0586 -0.2230 -0.0311
v -0.0616 -0.2168 -0.0263
v -0.0700 -0.2181 0.0334
v -0.0629 -0.2263 0.0446
v -0.0621 -0.2045 -0.0223
v -0.0681 -0.2050 0.0294
v -0.0626 -0.1950 0.0351
v -0.0590 -0.1993 0.0400
v -0.0604 -0.1875 -0.0216
v -0.0654 -0.1910 0.0291
v -0.0616 -0.1787 -0.0183
v -0.0657 -0.1839 -0.0115
v -0.0603 -0.1838 0.0354
v -0.0596 -0.1736 -0.0205
v -0.0669 -0.1827 0.0231
v -0.0599 -0.1733 0.0337
v -0.0658 -0.1717 -0.0068
v -0.0663 -0.1673 0.0170
v -0.0606 -0.1598 0.0290
v -0.0610 -0.1619 -0.0157
v -0.0613 -0.1527 -0.0128
v -0.0662 -0.1623 0.0008
v -0.0598 -0.1606 -0.0177
v -0.0631 -0.1539 0.0211
v -0.0660 -0.1565 0.0051
v -0.0633 -0.1478 0.0172
v -0.0608 -0.1389 0.0225
v -0.0606 -0.1348 -0.0111
v -0.0629 -0.1375 -0.0052
v -0.0623 -0.1316 0.0144
v -0.0602 -0.1291 0.0213
v -0.0632 -0.1324 0.0103
v -0.0606 -0.1100 -0.0083
v -0.0611 -0.1240 -0.0083
v -0.0625 -0.1238 0.0007
v -0.0620 -0.1171 0.0108
v -0.0615 -0.1122 -0.0031
v -0.0617 -0.1128 0.0103
v -0.0602 -0.1069 0.0171
v -0.0601 -0.1097 -0.0099
v -0.0609 -0.0993 0.0130
v -0.0608 -0.0957 -0.0062
v -0.0615 -0.0976 0.0042
v -0.0603 -0.1065 0.0171
v -0.0605 -0.0839 -0.0059
v -0.0608 -0.0855 0.0099
v -0.0601 -0.0688 -0.0039
v -0.0600 -0.0753 -0.0063
v -0.0609 -0.0803 0.0065
v -0.0601 -0.0732 0.0101
v -0.0542 -0.5535 -0.0010
v -0.0609 -0.5458 -0.0295
v -0.0592 -0.5471 -0.0297
v -0.0546 -0.5499 0.0078
v -0.0511 -0.5465 0.0146
v -0.0531 -0.5401 -0.0395
v -0.0494 -0.5444 0.0178
v -0.0549 -0.5321 0.0251
v -0.0554 -0.5289 0.0264
v -0.0545 -0.5278 -0.0458
v -0.0457 -0.5209 -0.0489
v -0.0501 -0.5122 -0.0489
v -0.0560 -0.5063 0.0301
v -0.0558 -0.4940 0.0314
v -0.0526 -0.4953 0.0321
v -0.0560 -0.4772 -0.0459
v -0.0545 -0.4848 0.0327
v -0.0527 -0.4777 0.0337
v -0.0591 -0.4629 0.0324
v -0.0565 -0.4603 0.0335
v -0.0494 -0.4463 0.0359
v -0.0498 -0.4389 -0.0435
v -0.0489 -0.4319 -0.0432
v -0.0532 -0.4154 0.0363
v -0.0546 -0.4053 -0.0392
v -0.0544 -0.3993 -0.0390
v -0.0541 -0.3905 -0.0389
v -0.0555 -0.3822 0.0387
v -0.0516 -0.3839 0.0401
v -0.0559 -0.3769 -0.0377
v -0.0520 -0.3830 -0.0396
v -0.0536 -0.3634 -0.0387
v -0.0560 -0.3662 0.0404
v -0.0535 -0.3565 -0.0386
v -0.0535 -0.3472 -0.0382
v -0.0589 -0.3515 0.0403
v -0.0521 -0.3373 -0.0383
v -0.0510 -0.3370 -0.0388
v -0.0534 -0.3220 0.0439
v -0.0476 -0.3180 -0.0384
v -0.0570 -0.3151 0.0426
v -0.0481 -0.2966 -0.0381
v -0.0561 -0.3011 0.0451
v -0.0590 -0.2930 -0.0327
v -0.0496 -0.2992 0.0486
v -0.0599 -0.2846 -0.0331
v -0.0546 -0.2734 -0.0375
v -0.0529 -0.2752 -0.0383
v -0.0539 -0.2756 0.0525
v -0.0536 -0.2682 -0.0385
v -0.0543 -0.2665 0.0541
v -0.0609 -0.2553 0.0511
v -0.0541 -0.2506 -0.0384
v -0.0550 -0.2519 0.0546
v -0.0472 -0.2443 -0.0413
v -0.0535 -0.2344 0.0531
v -0.0541 -0.2209 -0.0335
v -0.0548 -0.2147 -0.0316
v -0.0543 -0.2186 0.0485
v -0.0551 -0.2092 0.0457
v -0.0514 -0.2109 0.0483
v -0.0581 -0.2005 -0.0263
v -0.0534 -0.1942 -0.0300
v -0.0542 -0.1903 0.0431
v -0.0556 -0.1862 -0.0271
v -0.0533 -0.1838 0.0427
v -0.0558 -0.1825 0.0403
v -0.0541 -0.1694 -0.0267
v -0.0508 -0.1563 -0.0291
v -0.0564 -0.1621 0.0356
v -0.0526 -0.1560 0.0389
v -0.0543 -0.1487 -0.0243
v -0.0586 -0.1587 0.0319
v -0.0582 -0.1489 -0.0183
v -0.0566 -0.1441 0.0314
v -0.0548 -0.1440 -0.0233
v -0.0532 -0.1353 -0.0248
v -0.0575 -0.1349 -0.0176
v -0.0557 -0.1345 0.0313
v -0.0573 -0.1279 -0.0174
v -0.0531 -0.1204 0.0330
v -0.0541 -0.1227 -0.0232
v -0.0556 -0.1196 0.0291
v -0.0532 -0.1161 -0.0244
v -0.0566 -0.1043 0.0258
v -0.0539 -0.1063 0.0306
v -0.0588 -0.1099 -0.0134
v -0.0533 -0.1003 -0.0244
v -0.0602 -0.1093 -0.0095
v -0.0548 -0.0991 0.0282
v -0.0590 -0.0992 -0.0128
v -0.0543 -0.0837 0.0275
v -0.0533 -0.0843 -0.0244
v -0.0586 -0.0898 -0.0133
v -0.0574 -0.0885 0.0220
v -0.0591 -0.0725 0.0137
v -0.0570 -0.0844 0.0224
v -0.0515 -0.0747 -0.0267
v -0.0546 -0.0679 -0.0214
v -0.0584 -0.0742 -0.0125
v -0.0538 -0.0730 0.0268
v -0.0597 -0.0634 -0.0033
v -0.0602 -0.0666 0.0030
v -0.0547 -0.0614 0.0232
v -0.0544 -0.0534 -0.0197
v -0.0588 -0.0586 -0.0071
v -0.0560 -0.0493 0.0167
v -0.0537 -0.0397 -0.0181
v -0.0588 -0.0553 0.0066
v -0.0540 -0.0417 0.0188
v -0.0527 -0.0373 -0.0196
v -0.0577 -0.0462 -0.0056
v -0.0560 -0.0340 0.0073
v -0.0531 -0.0298 0.0163
v -0.0532 -0.0327 -0.0172
v -0.0534 -0.0225 -0.0121
v -0.0560 -0.0311 0.0008
v -0.0544 -0.0286 0.0111
v -0.0545 -0.0205 -0.0006
v -0.0531 -0.0167 -0.0106
v -0.0530 -0.0089 -0.0041
v -0.0533 -0.0145 0.0073
v -0.0531 -0.0111 0.0044
v -0.0483 -0.5554 -0.0158
v -0.0495 -0.5532 -0.0230
v -0.0412 -0.5551 -0.0023
v -0.0473 -0.5545 -0.0010
v -0.0461 -0.5525 0.0059
v -0.0479 -0.5462 -0.0348
v -0.0505 -0.5393 -0.0411
v -0.0431 -0.5388 0.0226
v -0.0473 -0.5335 -0.0450
v -0.0439 -0.5337 0.0256
v -0.0451 -0.5024 0.0318
v -0.0481 -0.4980 0.0323
v -0.0462 -0.4899 -0.0484
v -0.0440 -0.4866 0.0333
v -0.0482 -0.4701 -0.0472
v -0.0380 -0.4646 -0.0468
v -0.0474 -0.4486 0.0361
v -0.0516 -0.4577 -0.0454
v -0.0503 -0.4557 -0.0456
v -0.0410 -0.4446 -0.0455
v -0.0454 -0.4446 -0.0452
v -0.0480 -0.4327 0.0368
v -0.0415 -0.4315 -0.0444
v -0.0458 -0.4135 0.0385
v -0.0466 -0.4029 0.0396
v -0.0472 -0.3992 0.0397
v -0.0525 -0.3882 0.0393
v -0.0462 -0.3849 -0.0413
v -0.0401 -0.3970 0.0408
v -0.0491 -0.3839 0.0409
v -0.0463 -0.3675 -0.0410
v -0.0452 -0.3535 0.0451
v -0.0421 -0.3429 -0.0411
v -0.0493 -0.3448 0.0445
v -0.0471 -0.3368 0.0455
v -0.0476 -0.3235 -0.0388
v -0.0466 -0.3178 0.0468
v -0.0442 -0.3138 -0.0391
v -0.0461 -0.3053 -0.0383
v -0.0622 -0.3067 0.0408
v -0.0450 -0.3088 0.0483
v -0.0469 -0.2952 -0.0385
v -0.0475 -0.2932 -0.0385
v -0.0415 -0.2818 -0.0415
v -0.0447 -0.2866 0.0535
v -0.0487 -0.2841 0.0528
v -0.0517 -0.2735 0.0542
v -0.0422 -0.2695 -0.0426
v -0.0346 -0.2592 -0.0448
v -0.0463 -0.2519 -0.0415
v -0.0462 -0.2450 0.0575
v -0.0488 -0.2359 -0.0393
v -0.0497 -0.2350 0.0550
v -0.0472 -0.2283 -0.0387
v -0.0419 -0.2153 -0.0384
v -0.0469 -0.2200 0.0528
v -0.0485 -0.2096 -0.0349
v -0.0414 -0.1849 -0.0371
v -0.0541 -0.1988 0.0443
v -0.0496 -0.1874 -0.0323
v -0.0482 -0.1834 0.0466
v -0.0456 -0.1775 -0.0345
v -0.0458 -0.1681 -0.0339
v -0.0499 -0.1721 0.0438
v -0.0482 -0.1631 -0.0317
v -0.0462 -0.1655 0.0457
v -0.0453 -0.1482 -0.0334
v -0.0497 -0.1515 0.0409
v -0.0473 -0.1420 -0.0314
v -0.0513 -0.1501 0.0392
v -0.0444 -0.1314 -0.0339
v -0.0457 -0.1469 0.0438
v -0.0470 -0.1259 -0.0314
v -0.0487 -0.1231 0.0383
v -0.0469 -0.1096 -0.0318
v -0.0501 -0.1108 0.0359
v -0.0434 -0.1111 0.0421
v -0.0469 -0.0930 -0.0322
v -0.0482 -0.0957 0.0368
v -0.0469 -0.0831 -0.0324
v -0.0485 -0.0860 0.0355
v -0.0432 -0.0807 -0.0363
v -0.0464 -0.0785 0.0371
v -0.0452 -0.0683 -0.0339
v -0.0457 -0.0629 0.0359
v -0.0532 -0.0691 -0.0240
v -0.0500 -0.0655 0.0312
v -0.0462 -0.0561 -0.0324
v -0.0538 -0.0596 -0.0220
v -0.0515 -0.0536 0.0267
v -0.0510 -0.0509 -0.0253
v -0.0464 -0.0394 0.0311
v -0.0505 -0.0439 -0.0250
v -0.0528 -0.0458 0.0225
v -0.0458 -0.0410 -0.0316
v -0.0476 -0.0366 -0.0285
v -0.0515 -0.0366 0.0223
v -0.0465 -0.0363 0.0303
v -0.0481 -0.0255 -0.0259
v -0.0461 -0.0197 -0.0281
v -0.0470 -0.0179 0.0255
v -0.0521 -0.0165 -0.0143
v -0.0494 -0.0170 0.0204
v -0.0460 -0.0012 -0.0254
v -0.0513 -0.0082 -0.0135
v -0.0470 -0.0059 0.0227
v -0.0468 0.0074 -0.0219
v -0.0523 -0.0117 0.0102
v -0.0463 0.0039 -0.0239
v -0.0515 0.0044 0.0002
v -0.0507 0.0052 0.0075
v -0.0466 0.0119 0.0181
v -0.0472 0.0135 -0.0165
v -0.0484 0.0172 -0.0068
v -0.0507 0.0103 -0.0047
v -0.0467 0.0190 0.0109
v -0.0461 0.0184 -0.0157
v -0.0420 0.0276 -0.0142
v -0.0466 0.0222 0.0023
v -0.0434 0.0282 0.0009
v -0.0392 -0.5544 -0.0194
v -0.0427 -0.5535 0.0032
v -0.0401 -0.5494 -0.0312
v -0.0362 -0.5500 0.0083
v -0.0391 -0.5470 0.0140
v -0.0386 -0.5422 -0.0388
v -0.0385 -0.5339 -0.0445
v -0.0349 -0.5305 -0.0457
v -0.0399 -0.5307 0.0269
v -0.0305 -0.5198 -0.0471
v -0.0460 -0.5163 0.0305
v -0.0367 -0.5110 -0.0486
v -0.0394 -0.4952 0.0323
v -0.0427 -0.5062 -0.0492
v -0.0384 -0.4715 -0.0474
v -0.0411 -0.4726 0.0346
v -0.0333 -0.4470 -0.0451
v -0.0398 -0.4396 -0.0451
v -0.0364 -0.4458 0.0363
v -0.0450 -0.4256 0.0381
v -0.0421 -0.4233 -0.0438
v -0.0367 -0.4200 0.0387
v -0.0368 -0.4142 0.0391
v -0.0420 -0.4169 -0.0433
v -0.0419 -0.4080 -0.0429
v -0.0413 -0.3917 -0.0424
v -0.0362 -0.3897 0.0416
v -0.0391 -0.3781 -0.0422
v -0.0367 -0.3772 0.0430
v -0.0408 -0.3540 -0.0416
v -0.0366 -0.3420 -0.0413
v -0.0401 -0.3441 0.0462
v -0.0459 -0.3333 0.0462
v -0.0423 -0.3329 0.0467
v -0.0356 -0.3253 -0.0405
v -0.0310 -0.3189 -0.0401
v -0.0422 -0.2820 0.0552
v -0.0453 -0.2657 0.0580
v -0.0319 -0.2666 -0.0445
v -0.0499 -0.2487 0.0570
v -0.0359 -0.2433 -0.0436
v -0.0401 -0.2369 0.0580
v -0.0304 -0.2313 -0.0428
v -0.0338 -0.2233 -0.0411
v -0.0378 -0.2299 0.0574
v -0.0377 -0.2110 0.0537
v -0.0373 -0.2073 -0.0390
v -0.0433 -0.2088 0.0517
v -0.0416 -0.1943 -0.0371
v -0.0389 -0.2054 0.0526
v -0.0284 -0.2059 -0.0404
v -0.0401 -0.1931 -0.0377
v -0.0427 -0.1909 0.0498
v -0.0371 -0.1766 -0.0389
v -0.0433 -0.1761 0.0484
v -0.0387 -0.1598 0.0494
v -0.0406 -0.1523 -0.0366
v -0.0392 -0.1475 0.0480
v -0.0380 -0.1416 0.0480
v -0.0415 -0.1313 0.0451
v -0.0362 -0.1217 0.0476
v -0.0408 -0.1244 -0.0367
v -0.0433 -0.1311 0.0439
v -0.0382 -0.1216 0.0466
v -0.0404 -0.1130 -0.0373
v -0.0388 -0.1154 -0.0383
v -0.0388 -0.1163 0.0458
v -0.0413 -0.1045 -0.0368
v -0.0376 -0.1051 -0.0393
v -0.0397 -0.0977 -0.0383
v -0.0421 -0.1000 0.0424
v -0.0401 -0.0957 -0.0381
v -0.0396 -0.0858 0.0430
v -0.0424 -0.0820 0.0408
v -0.0402 -0.0728 -0.0384
v -0.0407 -0.0631 0.0403
v -0.0387 -0.0630 -0.0395
v -0.0398 -0.0546 -0.0384
v -0.0428 -0.0449 0.0360
v -0.0389 -0.0474 0.0398
v -0.0416 -0.0322 -0.0353
v -0.0385 -0.0413 -0.0388
v -0.0443 -0.0365 -0.0328
v -0.0432 -0.0374 0.0343
v -0.0396 -0.0407 0.0383
v -0.0400 -0.0321 -0.0369
v -0.0388 -0.0167 0.0357
v -0.0411 -0.0161 -0.0343
v -0.0423 -0.0108 0.0309
v -0.0370 0.0031 -0.0375
v -0.0394 -0.0015 0.0333
v -0.0392 0.0119 -0.0329
v -0.0406 0.0074 -0.0324
v -0.0451 0.0106 0.0219
v -0.0423 0.0093 0.0276
v -0.0370 0.0057 0.0346
v -0.0403 0.0187 -0.0276
v -0.0440 0.0181 0.0186
v -0.0383 0.0129 0.0314
v -0.0442 0.0206 -0.0174
v -0.0383 0.0239 0.0244
v -0.0410 0.0310 -0.0064
v -0.0405 0.0306 0.0081
v -0.0375 0.0335 0.0125
v -0.0374 0.0305 0.0174
v -0.0325 -0.5535 -0.0177
v -0.0319 -0.5510 -0.0235
v -0.0293 -0.5513 0.0007
v -0.0335 -0.5448 0.0148
v -0.0302 -0.5398 -0.0386
v -0.0336 -0.5356 0.0227
v -0.0305 -0.5254 -0.0459
v -0.0329 -0.5296 0.0253
v -0.0297 -0.5221 0.0267
v -0.0322 -0.5043 -0.0472
v -0.0353 -0.5053 0.0301
v -0.0323 -0.4915 -0.0469
v -0.0279 -0.5029 0.0277
v -0.0353 -0.4883 0.0321
v -0.0316 -0.4786 0.0321
v -0.0294 -0.4707 -0.0452
v -0.0313 -0.4563 -0.0451
v -0.0351 -0.4830 0.0327
v -0.0356 -0.4537 0.0355
v -0.0371 -0.4467 0.0363
v -0.0369 -0.4406 -0.0451
v -0.0327 -0.4456 -0.0447
v -0.0305 -0.4398 -0.0438
v -0.0318 -0.4344 0.0363
v -0.0320 -0.4274 0.0370
v -0.0294 -0.4094 0.0386
v -0.0301 -0.4127 -0.0425
v -0.0318 -0.3872 -0.0420
v -0.0318 -0.3737 0.0428
v -0.0291 -0.3580 -0.0411
v -0.0289 -0.3472 -0.0408
v -0.0383 -0.3446 0.0466
v -0.0303 -0.3390 0.0462
v -0.0319 -0.3293 -0.0404
v -0.0357 -0.3206 0.0478
v -0.0353 -0.3153 0.0484
v -0.0258 -0.3103 -0.0394
v -0.0339 -0.2972 0.0524
v -0.0353 -0.2992 -0.0404
v -0.0378 -0.2932 0.0530
v -0.0296 -0.2779 -0.0434
v -0.0350 -0.2619 0.0603
v -0.0279 -0.2640 0.0603
v -0.0321 -0.2520 -0.0444
v -0.0323 -0.2476 0.0604
v -0.0342 -0.2433 0.0599
v -0.0224 -0.2172 -0.0407
v -0.0345 -0.2056 0.0535
v -0.0283 -0.2066 -0.0399
v -0.0426 -0.1978 0.0508
v -0.0358 -0.1874 -0.0392
v -0.0359 -0.1843 -0.0392
v -0.0357 -0.1892 0.0523
v -0.0306 -0.1862 0.0532
v -0.0354 -0.1690 -0.0394
v -0.0367 -0.1611 -0.0390
v -0.0353 -0.1559 -0.0395
v -0.0353 -0.1468 -0.0395
v -0.0371 -0.1388 -0.0389
v -0.0353 -0.1316 -0.0399
v -0.0284 -0.1155 -0.0433
v -0.0341 -0.0917 0.0470
v -0.0325 -0.0893 -0.0425
v -0.0336 -0.0853 0.0468
v -0.0326 -0.0823 -0.0427
v -0.0312 -0.0811 0.0475
v -0.0329 -0.0683 -0.0429
v -0.0328 -0.0676 0.0459
v -0.0330 -0.0507 -0.0428
v -0.0330 -0.0404 -0.0426
v -0.0277 -0.0356 -0.0459
v -0.0359 -0.0257 -0.0401
v -0.0397 -0.0281 0.0366
v -0.0339 -0.0211 0.0406
v -0.0351 -0.0149 -0.0402
v -0.0293 -0.0058 -0.0448
v -0.0334 -0.0114 0.0399
v -0.0345 0.0099 -0.0386
v -0.0326 0.0096 0.0382
v -0.0360 0.0147 -0.0357
v -0.0329 0.0248 -0.0326
v -0.0363 0.0194 0.0304
v -0.0341 0.0287 0.0250
v -0.0300 0.0271 0.0315
v -0.0357 0.0264 -0.0283
v -0.0348 0.0343 -0.0185
v -0.0314 0.0377 -0.0167
v -0.0373 0.0347 -0.0107
v -0.0307 0.0416 0.0009
v -0.0273 -0.5522 -0.0150
v -0.0318 -0.5534 -0.0032
v -0.0291 -0.5475 -0.0297
v -0.0254 -0.5509 -0.0089
v -0.0257 -0.5456 0.0087
v -0.0220 -0.5406 -0.0321
v -0.0283 -0.5397 0.0173
v -0.0255 -0.5389 0.0161
v -0.0237 -0.5355 -0.0378
v -0.0198 -0.5308 -0.0380
v -0.0259 -0.5265 -0.0431
v -0.0289 -0.5246 0.0254
v -0.0239 -0.5122 -0.0440
v -0.0268 -0.5100 0.0263
v -0.0261 -0.5057 -0.0449
v -0.0279 -0.4958 0.0284
v -0.0213 -0.4960 -0.0416
v -0.0244 -0.4821 0.0280
v -0.0266 -0.4897 -0.0447
v -0.0270 -0.4677 0.0312
v -0.0207 -0.4516 -0.0401
v -0.0272 -0.4591 0.0323
v -0.0243 -0.4504 0.0321
v -0.0263 -0.4435 0.0337
v -0.0248 -0.4412 -0.0418
v -0.0214 -0.4250 -0.0400
v -0.0195 -0.4192 -0.0391
v -0.0248 -0.4064 -0.0408
v -0.0249 -0.3993 -0.0407
v -0.0272 -0.3998 0.0391
v -0.0249 -0.3923 -0.0405
v -0.0232 -0.3912 0.0388
v -0.0287 -0.3955 0.0399
v -0.0255 -0.3804 0.0406
v -0.0251 -0.3773 -0.0403
v -0.0297 -0.3660 -0.0413
v -0.0332 -0.3507 0.0457
v -0.0291 -0.3550 0.0443
v -0.0254 -0.3433 -0.0398
v -0.0207 -0.3512 0.0419
v -0.0296 -0.3369 0.0461
v -0.0262 -0.3285 0.0462
v -0.0257 -0.3278 -0.0396
v -0.0259 -0.3262 0.0463
v -0.0295 -0.3261 0.0469
v -0.0235 -0.3148 -0.0388
v -0.0235 -0.3180 0.0468
v -0.0259 -0.3073 0.0490
v -0.0284 -0.2923 -0.0413
v -0.0333 -0.2934 0.0535
v -0.0245 -0.2933 0.0529
v -0.0285 -0.2776 0.0577
v -0.0218 -0.2750 -0.0430
v -0.0262 -0.2571 0.0604
v -0.0218 -0.2522 -0.0440
v -0.0189 -0.2437 -0.0432
v -0.0284 -0.2460 0.0602
v -0.0255 -0.2460 0.0600
v -0.0254 -0.2386 0.0593
v -0.0222 -0.2274 -0.0415
v -0.0284 -0.2190 0.0558
v -0.0218 -0.2066 0.0537
v -0.0232 -0.1898 0.0536
v -0.0231 -0.1960 -0.0402
v -0.0286 -0.1885 0.0534
v -0.0212 -0.1793 -0.0413
v -0.0283 -0.1803 0.0534
v -0.0255 -0.1720 0.0535
v -0.0226 -0.1752 -0.0416
v -0.0293 -0.1662 0.0527
v -0.0294 -0.1632 0.0526
v -0.0220 -0.1591 -0.0426
v -0.0188 -0.1554 -0.0434
v -0.0272 -0.1558 0.0529
v -0.0176 -0.1404 -0.0445
v -0.0291 -0.1417 0.0516
v -0.0260 -0.1441 0.0527
v -0.0260 -0.1181 0.0513
v -0.0263 -0.1105 -0.0442
v -0.0289 -0.1018 -0.0437
v -0.0247 -0.1020 -0.0452
v -0.0251 -0.1023 0.0507
v -0.0266 -0.0901 -0.0451
v -0.0215 -0.0970 -0.0461
v -0.0276 -0.0725 -0.0454
v -0.0272 -0.0720 0.0485
v -0.0267 -0.0703 -0.0457
v -0.0269 -0.0627 -0.0458
v -0.0278 -0.0596 0.0475
v -0.0246 -0.0607 -0.0469
v -0.0312 -0.0569 0.0458
v -0.0213 -0.0523 -0.0483
v -0.0276 -0.0436 0.0466
v -0.0297 -0.0424 0.0453
v -0.0267 -0.0316 -0.0463
v -0.0292 -0.0302 0.0449
v -0.0268 -0.0210 -0.0462
v -0.0247 -0.0209 0.0464
v -0.0254 -0.0191 0.0460
v -0.0263 0.0016 -0.0462
v -0.0266 0.0090 0.0428
v -0.0236 0.0111 -0.0466
v -0.0243 0.0136 -0.0454
v -0.0276 0.0197 0.0387
v -0.0294 0.0203 -0.0388
v -0.0279 0.0196 0.0383
v -0.0223 0.0188 -0.0447
v -0.0268 0.0278 -0.0359
v -0.0228 0.0265 0.0376
v -0.0256 0.0360 -0.0285
v -0.0256 0.0417 -0.0182
v -0.0312 0.0381 0.0153
v -0.0275 0.0369 0.0225
v -0.0273 0.0433 -0.0066
v -0.0217 -0.5461 -0.0237
v -0.0177 -0.5461 -0.0122
v -0.0183 -0.5466 -0.0078
v -0.0194 -0.5459 -0.0009
v -0.0203 -0.5419 -0.0292
v -0.0180 -0.5430 -0.0229
v -0.0176 -0.5397 0.0075
v -0.0175 -0.5363 -0.0314
v -0.0180 -0.5359 0.0119
v -0.0215 -0.5310 0.0186
v -0.0201 -0.5252 -0.0399
v -0.0168 -0.5250 0.0167
v -0.0151 -0.5176 -0.0367
v -0.0176 -0.5083 -0.0389
v -0.0171 -0.4922 -0.0381
v -0.0210 -0.5027 0.0235
v -0.0189 -0.4811 0.0244
v -0.0194 -0.4833 -0.0398
v -0.0186 -0.4774 0.0247
v -0.0211 -0.4737 -0.0409
v -0.0183 -0.4727 0.0251
v -0.0194 -0.4692 -0.0395
v -0.0194 -0.4621 -0.0394
v -0.0212 -0.4642 0.0283
v -0.0181 -0.4541 0.0274
v -0.0191 -0.4407 -0.0390
v -0.0193 -0.4374 0.0307
v -0.0194 -0.4343 -0.0390
v -0.0209 -0.4359 0.0320
v -0.0191 -0.4247 0.0325
v -0.0209 -0.4158 0.0345
v -0.0136 -0.4037 0.0317
v -0.0197 -0.4067 -0.0388
v -0.0202 -0.3743 -0.0385
v -0.0165 -0.3851 -0.0366
v -0.0215 -0.3860 0.0385
v -0.0151 -0.3726 -0.0355
v -0.0191 -0.3728 0.0389
v -0.0212 -0.3711 0.0401
v -0.0206 -0.3527 -0.0383
v -0.0196 -0.3480 -0.0378
v -0.0197 -0.3401 -0.0378
v -0.0137 -0.3298 -0.0345
v -0.0181 -0.3193 -0.0369
v -0.0210 -0.3190 0.0456
v -0.0166 -0.3090 -0.0365
v -0.0216 -0.3061 0.0483
v -0.0214 -0.3042 -0.0389
v -0.0202 -0.2976 0.0504
v -0.0160 -0.2932 -0.0388
v -0.0258 -0.2708 0.0592
v -0.0117 -0.2699 -0.0410
v -0.0168 -0.2673 0.0578
v -0.0218 -0.2585 0.0600
v -0.0178 -0.2383 -0.0420
v -0.0145 -0.2302 0.0554
v -0.0218 -0.2150 0.0546
v -0.0185 -0.2103 -0.0393
v -0.0181 -0.2042 0.0530
v -0.0164 -0.1957 0.0528
v -0.0178 -0.1894 -0.0402
v -0.0167 -0.1908 0.0531
v -0.0157 -0.1735 -0.0414
v -0.0225 -0.1501 0.0534
v -0.0211 -0.1284 -0.0447
v -0.0208 -0.1406 0.0533
v -0.0204 -0.1253 -0.0449
v -0.0166 -0.1286 -0.0451
v -0.0101 -0.1139 -0.0460
v -0.0256 -0.1074 0.0511
v -0.0213 -0.1289 0.0530
v -0.0190 -0.1227 -0.0453
v -0.0147 -0.1102 0.0530
v -0.0180 -0.0980 -0.0464
v -0.0211 -0.0906 0.0512
v -0.0134 -0.0820 -0.0477
v -0.0138 -0.0555 -0.0492
v -0.0148 -0.0405 -0.0498
v -0.0216 -0.0317 -0.0488
v -0.0182 -0.0210 -0.0496
v -0.0211 -0.0176 0.0479
v -0.0118 -0.0157 -0.0520
v -0.0140 -0.0020 -0.0518
v -0.0239 -0.0060 0.0459
v -0.0130 0.0024 -0.0522
v -0.0238 -0.0036 0.0462
v -0.0166 0.0112 0.0478
v -0.0199 0.0143 0.0453
v -0.0085 0.0136 -0.0518
v -0.0192 0.0274 -0.0413
v -0.0191 0.0278 0.0390
v -0.0189 0.0351 -0.0345
v -0.0252 0.0350 0.0278
v -0.0211 0.0424 0.0199
v -0.0211 0.0349 0.0313
v -0.0182 0.0446 -0.0191
v -0.0219 0.0447 -0.0134
v -0.0222 0.0451 0.0094
v -0.0132 -0.5390 -0.0212
v -0.0091 -0.5362 -0.0105
v -0.0104 -0.5315 -0.0252
v -0.0119 -0.5320 0.0065
v -0.0170 -0.5270 -0.0369
v -0.0091 -0.5239 -0.0272
v -0.0108 -0.5225 -0.0306
v -0.0110 -0.5227 0.0098
v -0.0107 -0.5169 0.0106
v -0.0180 -0.5229 0.0185
v -0.0154 -0.5220 0.0162
v -0.0131 -0.5108 -0.0343
v -0.0148 -0.5057 0.0172
v -0.0126 -0.5009 0.0152
v -0.0121 -0.4970 -0.0326
v -0.0110 -0.4955 -0.0312
v -0.0116 -0.4890 0.0154
v -0.0110 -0.4943 -0.0311
v -0.0136 -0.4848 0.0185
v -0.0096 -0.4756 -0.0288
v -0.0095 -0.4755 0.0144
v -0.0150 -0.4760 -0.0358
v -0.0119 -0.4698 -0.0323
v -0.0122 -0.4695 0.0192
v -0.0161 -0.4702 0.0233
v -0.0142 -0.4592 -0.0350
v -0.0114 -0.4532 0.0210
v -0.0144 -0.4522 -0.0353
v -0.0134 -0.4546 0.0231
v -0.0094 -0.4425 -0.0300
v -0.0111 -0.4367 0.0239
v -0.0130 -0.4359 0.0259
v -0.0110 -0.4322 0.0247
v -0.0149 -0.4385 -0.0359
v -0.0123 -0.4204 -0.0335
v -0.0145 -0.4159 0.0306
v -0.0129 -0.4096 0.0302
v -0.0146 -0.4123 -0.0356
v -0.0145 -0.4078 0.0317
v -0.0146 -0.3916 -0.0355
v -0.0092 -0.4028 0.0276
v -0.0078 -0.3812 -0.0296
v -0.0129 -0.3888 0.0329
v -0.0109 -0.3837 0.0320
v -0.0105 -0.3783 -0.0320
v -0.0142 -0.3793 0.0350
v -0.0156 -0.3657 0.0378
v -0.0122 -0.3571 -0.0333
v -0.0146 -0.3570 0.0379
v -0.0106 -0.3485 0.0359
v -0.0117 -0.3452 -0.0331
v -0.0141 -0.3448 0.0390
v -0.0170 -0.3343 0.0420
v -0.0077 -0.3377 0.0348
v -0.0093 -0.3201 -0.0319
v -0.0123 -0.3288 0.0398
v -0.0141 -0.3024 -0.0363
v -0.0127 -0.3062 0.0448
v -0.0095 -0.2964 0.0465
v -0.0158 -0.2942 -0.0386
v -0.0060 -0.2860 -0.0355
v -0.0141 -0.2802 0.0544
v -0.0142 -0.2875 -0.0395
v -0.0131 -0.2871 0.0517
v -0.0113 -0.2567 -0.0414
v -0.0109 -0.2523 -0.0409
v -0.0155 -0.2501 0.0582
v -0.0076 -0.2485 0.0551
v -0.0142 -0.2311 -0.0402
v -0.0114 -0.2219 -0.0381
v -0.0111 -0.2249 0.0532
v -0.0015 -0.2135 -0.0324
v -0.0135 -0.2167 0.0528
v -0.0130 -0.2025 -0.0383
v -0.0108 -0.2095 -0.0372
v -0.0119 -0.1968 -0.0385
v -0.0099 -0.1818 -0.0394
v -0.0097 -0.1773 0.0520
v -0.0127 -0.1652 0.0532
v -0.0077 -0.1670 -0.0406
v -0.0125 -0.1592 0.0533
v -0.0147 -0.1551 0.0535
v -0.0081 -0.1413 -0.0436
v -0.0068 -0.1297 -0.0445
v -0.0105 -0.1270 -0.0452
v -0.0131 -0.1267 0.0534
v -0.0139 -0.1175 0.0531
v -0.0131 -0.0969 -0.0469
v -0.0144 -0.0941 0.0523
v -0.0138 -0.0687 -0.0484
v -0.0139 -0.0689 0.0512
v -0.0074 -0.0523 -0.0497
v -0.0152 -0.0607 0.0508
v -0.0138 -0.0338 0.0504
v -0.0112 -0.0208 0.0507
v -0.0113 -0.0106 -0.0522
v -0.0096 -0.0125 0.0513
v -0.0133 0.0046 -0.0518
v -0.0050 0.0088 -0.0532
v -0.0130 0.0252 -0.0451
v -0.0080 0.0275 -0.0450
v -0.0140 0.0214 0.0451
v -0.0078 0.0208 0.0470
v -0.0141 0.0334 -0.0385
v -0.0125 0.0346 0.0358
v -0.0060 0.0332 0.0390
v -0.0087 0.0358 -0.0380
v -0.0162 0.0414 -0.0278
v -0.0101 0.0422 -0.0291
v -0.0101 0.0387 0.0317
v -0.0085 0.0482 -0.0165
v -0.0148 0.0487 0.0034
v -0.0101 0.0490 0.0092
v -0.0158 0.0431 0.0226
v -0.0131 0.0426 0.0250
v -0.0093 0.0496 0.0055
v -0.0063 -0.5268 -0.0035
v -0.0090 -0.5343 -0.0062
v -0.0111 -0.5354 0.0009
v -0.0050 -0.5220 -0.0127
v -0.0086 -0.5269 0.0029
v -0.0098 -0.5164 -0.0295
v -0.0050 -0.5184 -0.0060
v -0.0072 -0.5081 0.0041
v -0.0076 -0.5094 -0.0244
v -0.0055 -0.5106 -0.0173
v -0.0055 -0.5016 0.0000
v -0.0094 -0.5055 0.0096
v -0.0091 -0.5050 -0.0281
v -0.0038 -0.4873 -0.0097
v -0.0058 -0.4933 0.0033
v -0.0054 -0.4912 -0.0180
v -0.0087 -0.4915 0.0102
v -0.0062 -0.4865 -0.0209
v -0.0040 -0.4849 -0.0107
v -0.0039 -0.4848 -0.0088
v -0.0042 -0.4779 -0.0001
v -0.0038 -0.4670 0.0020
v -0.0078 -0.4776 0.0106
v -0.0041 -0.4590 -0.0179
v -0.0038 -0.4614 -0.0164
v -0.0048 -0.4691 0.0047
v -0.0074 -0.4632 -0.0250
v -0.0041 -0.4534 0.0078
v -0.0095 -0.4634 0.0165
v -0.0096 -0.4510 -0.0296
v -0.0086 -0.4537 0.0169
v -0.0061 -0.4484 -0.0240
v -0.0040 -0.4308 -0.0220
v -0.0041 -0.4428 -0.0205
v -0.0038 -0.4431 0.0106
v -0.0053 -0.4418 0.0140
v -0.0102 -0.4293 -0.0312
v -0.0034 -0.4212 0.0159
v -0.0041 -0.4175 -0.0237
v -0.0073 -0.4217 0.0220
v -0.0066 -0.4131 -0.0276
v -0.0053 -0.4205 0.0193
v -0.0053 -0.4019 -0.0265
v -0.0051 -0.4109 0.0212
v -0.0025 -0.4143 -0.0209
v -0.0073 -0.4077 0.0246
v -0.0038 -0.3869 0.0234
v -0.0057 -0.3929 -0.0269
v -0.0051 -0.3871 -0.0262
v -0.0062 -0.3739 0.0284
v -0.0037 -0.3769 0.0248
v -0.0060 -0.3632 -0.0276
v -0.0062 -0.3643 0.0296
v -0.0075 -0.3521 -0.0295
v -0.0065 -0.3495 -0.0285
v -0.0054 -0.3583 0.0296
v -0.0048 -0.3451 -0.0267
v -0.0039 -0.3394 0.0308
v -0.0054 -0.3394 -0.0278
v -0.0051 -0.3299 0.0337
v -0.0059 -0.3255 -0.0288
v -0.0106 -0.3221 0.0397
v -0.0020 -0.3135 -0.0264
v -0.0073 -0.3179 0.0380
v -0.0048 -0.3111 0.0377
v -0.0019 -0.3064 0.0364
v -0.0056 -0.3007 -0.0317
v -0.0040 -0.3063 -0.0293
v -0.0045 -0.2988 -0.0314
v -0.0050 -0.2922 0.0453
v -0.0078 -0.2785 -0.0380
v -0.0080 -0.2755 0.0531
v -0.0038 -0.2743 -0.0364
v -0.0016 -0.2732 -0.0356
v -0.0065 -0.2717 0.0530
v 0.0044 -0.2644 -0.0318
v -0.0088 -0.2595 0.0558
v -0.0006 -0.2476 -0.0358
v -0.0039 -0.2476 0.0531
v -0.0030 -0.2411 -0.0364
v -0.0039 -0.2356 -0.0362
v -0.0061 -0.2400 0.0533
v -0.0008 -0.2370 0.0493
v -0.0048 -0.2249 -0.0350
v -0.0066 -0.2006 0.0492
v -0.0042 -0.1990 -0.0350
v -0.0026 -0.1831 -0.0362
v -0.0049 -0.1797 -0.0380
v -0.0107 -0.1715 0.0525
v -0.0074 -0.1565 0.0524
v -0.0047 -0.1534 -0.0413
v -0.0105 -0.1528 0.0532
v -0.0092 -0.1504 0.0532
v -0.0067 -0.1372 0.0529
v 0.0004 -0.1222 -0.0434
v -0.0049 -0.1317 0.0526
v -0.0042 -0.1165 -0.0452
v -0.0040 -0.0988 -0.0462
v -0.0078 -0.1093 0.0527
v -0.0020 -0.0904 -0.0465
v -0.0019 -0.0943 0.0512
v -0.0038 -0.0774 -0.0475
v -0.0014 -0.0695 -0.0478
v -0.0048 -0.0662 0.0513
v -0.0007 -0.0471 -0.0498
v -0.0100 -0.0465 0.0513
v 0.0013 -0.0422 -0.0501
v -0.0127 -0.0382 0.0511
v -0.0008 -0.0275 -0.0518
v -0.0092 -0.0230 0.0514
v -0.0088 -0.0167 -0.0522
v -0.0011 -0.0209 -0.0524
v -0.0040 -0.0072 -0.0531
v -0.0005 -0.0020 -0.0536
v -0.0071 -0.0003 0.0515
v -0.0090 0.0104 -0.0520
v -0.0043 0.0142 0.0497
v 0.0036 0.0141 -0.0522
v -0.0043 0.0251 0.0452
v -0.0043 0.0280 -0.0452
v -0.0070 0.0408 0.0302
v -0.0054 0.0419 -0.0311
v 0.0009 0.0475 -0.0205
v -0.0017 0.0433 0.0270
v -0.0041 0.0500 -0.0091
v -0.0097 0.0499 -0.0079
v -0.0125 0.0498 -0.0002
v -0.0028 0.0489 0.0135
v -0.0038 -0.4716 -0.0142
v -0.0037 -0.4777 -0.0053
v -0.0030 -0.4663 -0.0026
v -0.0034 -0.4700 -0.0032
v -0.0023 -0.4567 -0.0068
v -0.0024 -0.4553 -0.0030
v -0.0014 -0.4468 -0.0065
v -0.0026 -0.4426 0.0071
v -0.0023 -0.4466 -0.0138
v -0.0003 -0.4341 -0.0030
v -0.0011 -0.4294 -0.0139
v 0.0012 -0.4184 -0.0051
v -0.0009 -0.4324 0.0043
v -0.0020 -0.4287 0.0102
v 0.0000 -0.4173 -0.0130
v 0.0008 -0.4159 0.0042
v -0.0017 -0.4126 0.0145
v -0.0029 -0.4142 0.0165
v 0.0012 -0.4063 -0.0101
v 0.0000 -0.4059 0.0112
v -0.0027 -0.3986 -0.0222
v 0.0012 -0.3944 -0.0128
v 0.0023 -0.4058 -0.0006
v 0.0019 -0.3966 0.0080
v 0.0028 -0.3919 0.0034
v -0.0012 -0.3936 0.0175
v -0.0016 -0.3842 -0.0208
v 0.0033 -0.3721 -0.0094
v 0.0030 -0.3908 -0.0059
v 0.0031 -0.3781 0.0083
v -0.0007 -0.3866 0.0177
v -0.0026 -0.3758 -0.0226
v 0.0031 -0.3842 -0.0060
v -0.0011 -0.3720 0.0210
v -0.0014 -0.3611 -0.0212
v 0.0023 -0.3607 -0.0134
v 0.0032 -0.3661 -0.0102
v 0.0028 -0.3684 0.0123
v -0.0021 -0.3656 0.0238
v 0.0015 -0.3418 -0.0179
v 0.0027 -0.3589 -0.0127
v 0.0036 -0.3563 0.0131
v -0.0015 -0.3587 0.0240
v 0.0009 -0.3488 0.0215
v 0.0026 -0.3455 0.0189
v 0.0030 -0.3369 -0.0154
v 0.0033 -0.3308 -0.0162
v 0.0013 -0.3265 0.0262
v -0.0023 -0.3303 0.0304
v 0.0016 -0.3203 -0.0204
v 0.0038 -0.3185 0.0244
v 0.0018 -0.3150 0.0288
v 0.0019 -0.3077 -0.0226
v 0.0033 -0.3000 0.0338
v -0.0027 -0.3022 0.0391
v -0.0022 -0.3008 -0.0290
v -0.0000 -0.2952 0.0398
v 0.0014 -0.2796 -0.0318
v 0.0038 -0.2809 -0.0294
v -0.0027 -0.2873 0.0457
v 0.0022 -0.2829 0.0436
v 0.0012 -0.2715 0.0479
v 0.0041 -0.2658 -0.0316
v -0.0022 -0.2635 0.0520
v -0.0014 -0.2577 0.0518
v 0.0015 -0.2504 0.0493
v 0.0018 -0.2449 -0.0332
v 0.0037 -0.2350 -0.0302
v 0.0071 -0.2321 -0.0265
v 0.0029 -0.2348 0.0462
v 0.0019 -0.2233 -0.0303
v -0.0002 -0.2250 0.0470
v -0.0025 -0.2167 0.0473
v 0.0017 -0.2114 -0.0302
v -0.0031 -0.2088 0.0475
v 0.0021 -0.2023 -0.0305
v 0.0050 -0.2130 0.0412
v 0.0045 -0.1968 -0.0293
v -0.0007 -0.1963 0.0465
v 0.0011 -0.1939 -0.0326
v 0.0012 -0.1934 0.0454
v 0.0032 -0.1789 0.0459
v -0.0007 -0.1778 0.0482
v 0.0003 -0.1686 -0.0372
v 0.0010 -0.1614 0.0489
v 0.0039 -0.1615 -0.0363
v 0.0030 -0.1576 -0.0378
v 0.0046 -0.1589 0.0474
v 0.0015 -0.1483 -0.0400
v 0.0078 -0.1442 0.0472
v 0.0022 -0.1403 -0.0406
v 0.0065 -0.1353 -0.0395
v -0.0003 -0.1166 0.0512
v 0.0010 -0.1043 -0.0448
v -0.0013 -0.1091 0.0515
v 0.0075 -0.1030 -0.0423
v 0.0020 -0.0952 -0.0452
v 0.0021 -0.0789 -0.0463
v -0.0055 -0.0839 0.0517
v 0.0050 -0.0632 -0.0470
v 0.0019 -0.0614 0.0502
v -0.0045 -0.0351 -0.0514
v -0.0007 -0.0336 0.0513
v 0.0031 -0.0212 -0.0522
v 0.0031 -0.0213 0.0514
v 0.0031 -0.0000 -0.0535
v 0.0030 -0.0002 0.0521
v -0.0034 0.0069 0.0517
v 0.0026 0.0237 0.0464
v 0.0052 0.0286 -0.0448
v 0.0014 0.0360 0.0368
v 0.0079 0.0335 0.0388
v 0.0004 0.0381 -0.0365
v 0.0086 0.0407 0.0302
v 0.0021 0.0428 -0.0297
v 0.0031 0.0445 0.0244
v 0.0026 0.0502 0.0053
v 0.0035 -0.3818 -0.0023
v 0.0033 -0.3856 0.0021
v 0.0035 -0.3747 0.0068
v 0.0049 -0.3590 0.0013
v 0.0043 -0.3589 -0.0063
v 0.0039 -0.3623 0.0096
v 0.0046 -0.3420 -0.0095
v 0.0064 -0.3417 0.0004
v 0.0052 -0.3430 0.0112
v 0.0077 -0.3261 0.0081
v 0.0034 -0.3389 0.0191
v 0.0085 -0.3226 0.0019
v 0.0050 -0.3307 0.0172
v 0.0040 -0.3208 -0.0161
v 0.0085 -0.3161 -0.0050
v 0.0085 -0.3120 0.0156
v 0.0039 -0.3252 0.0220
v 0.0095 -0.3147 0.0015
v 0.0095 -0.3135 0.0090
v 0.0107 -0.3060 -0.0045
v 0.0059 -0.3087 0.0250
v 0.0047 -0.3049 -0.0193
v 0.0096 -0.3040 -0.0104
v 0.0089 -0.3077 -0.0096
v 0.0099 -0.3042 0.0189
v 0.0083 -0.2998 0.0266
v 0.0031 -0.2985 -0.0240
v 0.0099 -0.2998 -0.0127
v 0.0091 -0.2942 0.0289
v 0.0106 -0.2881 -0.0185
v 0.0102 -0.2903 -0.0178
v 0.0085 -0.2859 0.0350
v 0.0105 -0.2793 -0.0220
v 0.0098 -0.2750 0.0382
v 0.0103 -0.2709 0.0390
v 0.0088 -0.2683 -0.0269
v 0.0073 -0.2667 0.0435
v 0.0076 -0.2464 -0.0282
v 0.0062 -0.2469 0.0452
v 0.0067 -0.2407 -0.0284
v 0.0106 -0.2322 -0.0223
v 0.0089 -0.2380 0.0407
v 0.0104 -0.2313 0.0372
v 0.0105 -0.2198 -0.0207
v 0.0091 -0.2172 -0.0224
v 0.0088 -0.2165 0.0370
v 0.0102 -0.2118 -0.0210
v 0.0116 -0.2049 -0.0199
v 0.0090 -0.2035 0.0372
v 0.0093 -0.1971 -0.0246
v 0.0094 -0.1940 0.0382
v 0.0076 -0.1834 -0.0293
v 0.0098 -0.1877 0.0391
v 0.0078 -0.1778 -0.0303
v 0.0067 -0.1724 0.0443
v 0.0133 -0.1698 -0.0269
v 0.0083 -0.1675 -0.0323
v 0.0085 -0.1562 -0.0343
v 0.0075 -0.1620 0.0453
v 0.0137 -0.1436 -0.0330
v 0.0094 -0.1482 0.0457
v 0.0133 -0.1291 -0.0360
v 0.0126 -0.1350 0.0448
v 0.0066 -0.1354 0.0482
v 0.0056 -0.1279 -0.0408
v 0.0073 -0.1206 0.0485
v 0.0117 -0.1173 -0.0388
v 0.0090 -0.1122 -0.0407
v 0.0093 -0.1052 -0.0412
v 0.0073 -0.0955 0.0484
v 0.0064 -0.0867 -0.0443
v 0.0071 -0.0828 0.0484
v 0.0091 -0.0757 0.0477
v 0.0115 -0.0682 -0.0441
v 0.0092 -0.0681 -0.0451
v 0.0097 -0.0546 0.0481
v 0.0113 -0.0533 -0.0461
v 0.0055 -0.0408 0.0501
v 0.0093 -0.0227 -0.0507
v 0.0094 -0.0098 -0.0525
v 0.0102 -0.0144 0.0506
v 0.0020 -0.0110 0.0523
v 0.0117 0.0021 -0.0526
v 0.0126 0.0060 -0.0522
v 0.0047 0.0121 -0.0524
v 0.0061 0.0139 0.0500
v 0.0167 0.0169 -0.0482
v 0.0130 0.0181 0.0475
v 0.0090 0.0261 -0.0456
v 0.0093 0.0243 0.0452
v 0.0089 0.0365 -0.0368
v 0.0057 0.0418 -0.0309
v 0.0041 0.0489 -0.0154
v 0.0083 0.0491 0.0105
v 0.0101 0.0463 0.0183
v 0.0107 0.0437 0.0249
v 0.0106 0.0494 -0.0080
v 0.0059 0.0504 -0.0035
v 0.0114 -0.3064 0.0080
v 0.0157 -0.2932 0.0059
v 0.0151 -0.2846 0.0238
v 0.0113 -0.2988 0.0205
v 0.0146 -0.2871 -0.0100
v 0.0169 -0.2884 0.0010
v 0.0172 -0.2870 0.0126
v 0.0110 -0.2879 0.0299
v 0.0170 -0.2854 -0.0035
v 0.0170 -0.2832 0.0188
v 0.0170 -0.2784 0.0232
v 0.0131 -0.2685 -0.0209
v 0.0174 -0.2775 -0.0094
v 0.0157 -0.2699 0.0309
v 0.0174 -0.2710 -0.0125
v 0.0170 -0.2643 0.0299
v 0.0135 -0.2535 -0.0212
v 0.0123 -0.2608 0.0379
v 0.0179 -0.2552 -0.0137
v 0.0169 -0.2519 0.0309
v 0.0094 -0.2540 0.0423
v 0.0120 -0.2474 -0.0233
v 0.0168 -0.2467 -0.0150
v 0.0121 -0.2467 0.0379
v 0.0184 -0.2352 -0.0087
v 0.0091 -0.2402 0.0410
v 0.0140 -0.2352 -0.0179
v 0.0163 -0.2406 0.0298
v 0.0165 -0.2308 0.0266
v 0.0170 -0.2252 -0.0091
v 0.0162 -0.2248 0.0258
v 0.0100 -0.2219 0.0361
v 0.0166 -0.2127 0.0232
v 0.0167 -0.2155 -0.0085
v 0.0127 -0.2117 0.0310
v 0.0176 -0.2014 -0.0099
v 0.0165 -0.2090 -0.0103
v 0.0160 -0.2037 0.0262
v 0.0159 -0.1865 -0.0186
v 0.0168 -0.1898 -0.0159
v 0.0166 -0.1979 -0.0134
v 0.0145 -0.2016 0.0295
v 0.0173 -0.1801 0.0311
v 0.0154 -0.1790 -0.0216
v 0.0154 -0.1824 0.0332
v 0.0174 -0.1674 -0.0225
v 0.0166 -0.1767 -0.0205
v 0.0146 -0.1768 0.0356
v 0.0139 -0.1651 -0.0277
v 0.0172 -0.1523 0.0383
v 0.0171 -0.1516 0.0384
v 0.0176 -0.1535 -0.0265
v 0.0151 -0.1456 0.0412
v 0.0169 -0.1386 -0.0312
v 0.0135 -0.1309 0.0443
v 0.0134 -0.1246 -0.0367
v 0.0083 -0.1200 0.0482
v 0.0196 -0.1119 -0.0334
v 0.0136 -0.1176 0.0449
v 0.0203 -0.0967 -0.0349
v 0.0138 -0.1072 0.0450
v 0.0166 -0.0968 -0.0379
v 0.0149 -0.0913 -0.0396
v 0.0177 -0.0887 -0.0381
v 0.0158 -0.0771 -0.0406
v 0.0143 -0.0862 0.0449
v 0.0132 -0.0750 0.0460
v 0.0140 -0.0595 -0.0440
v 0.0165 -0.0572 -0.0430
v 0.0151 -0.0631 0.0454
v 0.0127 -0.0437 0.0482
v 0.0162 -0.0468 -0.0450
v 0.0162 -0.0457 -0.0452
v 0.0194 -0.0430 0.0451
v 0.0094 -0.0310 0.0499
v 0.0136 -0.0328 -0.0481
v 0.0195 -0.0343 0.0461
v 0.0049 -0.0208 0.0519
v 0.0176 -0.0235 -0.0480
v 0.0172 -0.0015 -0.0510
v 0.0134 -0.0016 0.0507
v 0.0158 0.0194 0.0462
v 0.0190 0.0207 -0.0455
v 0.0136 0.0334 -0.0386
v 0.0224 0.0257 0.0399
v 0.0177 0.0322 -0.0376
v 0.0213 0.0358 -0.0319
v 0.0175 0.0302 0.0386
v 0.0144 0.0422 -0.0267
v 0.0185 0.0367 0.0316
v 0.0122 0.0488 -0.0098
v 0.0149 0.0488 0.0007
v 0.0164 0.0463 0.0133
v 0.0176 -0.2861 0.0102
v 0.0198 -0.2786 0.0094
v 0.0188 -0.2757 -0.0062
v 0.0228 -0.2616 0.0083
v 0.0214 -0.2700 0.0076
v 0.0190 -0.2713 0.0217
v 0.0180 -0.2742 0.0232
v 0.0204 -0.2540 -0.0063
v 0.0226 -0.2534 0.0114
v 0.0213 -0.2634 0.0179
v 0.0192 -0.2607 0.0246
v 0.0214 -0.2423 0.0028
v 0.0227 -0.2538 0.0055
v 0.0199 -0.2437 0.0215
v 0.0190 -0.2467 0.0247
v 0.0195 -0.2259 0.0012
v 0.0195 -0.2279 0.0146
v 0.0179 -0.2322 0.0233
v 0.0195 -0.2178 0.0034
v 0.0190 -0.2146 0.0140
v 0.0183 -0.2187 0.0174
v 0.0201 -0.2054 0.0073
v 0.0193 -0.2073 -0.0003
v 0.0207 -0.1956 0.0154
v 0.0188 -0.2037 0.0184
v 0.0223 -0.1893 0.0013
v 0.0172 -0.2023 0.0242
v 0.0232 -0.1831 -0.0009
v 0.0190 -0.1863 -0.0127
v 0.0238 -0.1823 0.0093
v 0.0235 -0.1710 0.0212
v 0.0196 -0.1848 0.0248
v 0.0244 -0.1755 0.0153
v 0.0239 -0.1718 -0.0075
v 0.0240 -0.1676 0.0222
v 0.0191 -0.1712 0.0308
v 0.0238 -0.1641 -0.0124
v 0.0178 -0.1700 0.0336
v 0.0196 -0.1530 -0.0241
v 0.0240 -0.1577 -0.0151
v 0.0241 -0.1513 0.0288
v 0.0240 -0.1498 -0.0186
v 0.0201 -0.1458 0.0359
v 0.0243 -0.1384 0.0319
v 0.0249 -0.1377 -0.0212
v 0.0225 -0.1355 0.0349
v 0.0192 -0.1385 -0.0288
v 0.0236 -0.1272 -0.0260
v 0.0217 -0.1148 -0.0311
v 0.0226 -0.1219 0.0368
v 0.0227 -0.1123 0.0374
v 0.0246 -0.1078 -0.0287
v 0.0236 -0.1028 -0.0309
v 0.0242 -0.0984 -0.0309
v 0.0185 -0.1056 0.0420
v 0.0282 -0.0826 0.0341
v 0.0231 -0.0859 -0.0339
v 0.0266 -0.0720 -0.0335
v 0.0235 -0.0794 0.0387
v 0.0220 -0.0688 0.0407
v 0.0250 -0.0648 -0.0361
v 0.0231 -0.0608 -0.0383
v 0.0217 -0.0480 -0.0415
v 0.0209 -0.0387 0.0446
v 0.0250 -0.0285 -0.0432
v 0.0224 -0.0270 -0.0452
v 0.0217 -0.0270 0.0455
v 0.0238 -0.0136 0.0460
v 0.0203 -0.0076 0.0481
v 0.0157 0.0070 0.0497
v 0.0214 0.0128 0.0463
v 0.0236 0.0119 0.0456
v 0.0259 0.0139 -0.0446
v 0.0286 0.0228 -0.0386
v 0.0256 0.0266 -0.0380
v 0.0231 0.0378 -0.0275
v 0.0239 0.0337 0.0315
v 0.0225 0.0421 -0.0203
v 0.0233 0.0424 0.0179
v 0.0245 0.0382 0.0245
v 0.0204 0.0449 -0.0148
v 0.0240 0.0451 0.0022
v 0.0199 0.0464 0.0071
v 0.0252 -0.1749 0.0078
v 0.0264 -0.1678 0.0009
v 0.0296 -0.1506 -0.0003
v 0.0276 -0.1612 0.0112
v 0.0303 -0.1492 0.0079
v 0.0252 -0.1650 0.0200
v 0.0256 -0.1556 0.0238
v 0.0280 -0.1423 -0.0127
v 0.0267 -0.1535 -0.0101
v 0.0307 -0.1390 0.0166
v 0.0311 -0.1270 -0.0124
v 0.0311 -0.1407 -0.0033
v 0.0264 -0.1410 0.0277
v 0.0306 -0.1301 0.0216
v 0.0246 -0.1310 -0.0238
v 0.0314 -0.1168 0.0238
v 0.0262 -0.1277 0.0309
v 0.0311 -0.1213 -0.0145
v 0.0282 -0.1197 0.0291
v 0.0298 -0.1086 -0.0212
v 0.0306 -0.1069 -0.0203
v 0.0261 -0.1051 0.0345
v 0.0317 -0.0944 -0.0219
v 0.0305 -0.0948 0.0294
v 0.0306 -0.0836 -0.0262
v 0.0310 -0.0877 -0.0246
v 0.0309 -0.0778 0.0312
v 0.0309 -0.0755 0.0315
v 0.0323 -0.0614 -0.0293
v 0.0311 -0.0716 -0.0282
v 0.0264 -0.0741 0.0365
v 0.0247 -0.0630 0.0393
v 0.0269 -0.0568 -0.0360
v 0.0309 -0.0608 -0.0310
v 0.0273 -0.0570 0.0380
v 0.0291 -0.0455 -0.0367
v 0.0288 -0.0381 -0.0386
v 0.0307 -0.0374 0.0380
v 0.0356 -0.0353 -0.0326
v 0.0318 -0.0319 0.0378
v 0.0293 -0.0230 -0.0412
v 0.0280 -0.0133 -0.0442
v 0.0263 -0.0087 0.0452
v 0.0294 -0.0051 -0.0447
v 0.0262 0.0023 0.0459
v 0.0326 0.0036 -0.0424
v 0.0276 0.0068 0.0446
v 0.0264 0.0108 -0.0455
v 0.0319 0.0224 -0.0358
v 0.0283 0.0215 0.0386
v 0.0288 0.0286 0.0327
v 0.0319 0.0263 0.0325
v 0.0293 0.0301 -0.0313
v 0.0298 0.0354 -0.0243
v 0.0340 0.0351 -0.0184
v 0.0311 0.0336 0.0252
v 0.0293 0.0387 -0.0180
v 0.0277 0.0422 -0.0112
v 0.0325 0.0401 -0.0030
v 0.0284 0.0433 0.0004
v 0.0274 0.0420 0.0121
v 0.0306 0.0379 0.0177
v 0.0325 -0.1365 0.0041
v 0.0318 -0.1393 0.0040
v 0.0309 -0.1452 0.0092
v 0.0316 -0.1343 0.0160
v 0.0319 -0.1389 -0.0009
v 0.0335 -0.1284 0.0116
v 0.0326 -0.1300 0.0144
v 0.0312 -0.1264 -0.0124
v 0.0370 -0.1045 0.0001
v 0.0375 -0.1000 -0.0033
v 0.0360 -0.1123 0.0040
v 0.0323 -0.1170 0.0214
v 0.0315 -0.1145 -0.0161
v 0.0363 -0.1037 0.0132
v 0.0355 -0.0991 -0.0110
v 0.0314 -0.1076 0.0260
v 0.0381 -0.0880 -0.0087
v 0.0385 -0.0914 -0.0038
v 0.0374 -0.0914 0.0146
v 0.0336 -0.0926 0.0243
v 0.0326 -0.0915 -0.0208
v 0.0380 -0.0866 -0.0100
v 0.0342 -0.0857 0.0244
v 0.0385 -0.0808 -0.0113
v 0.0382 -0.0772 0.0188
v 0.0379 -0.0682 -0.0188
v 0.0379 -0.0723 -0.0170
v 0.0324 -0.0711 0.0302
v 0.0376 -0.0649 -0.0203
v 0.0382 -0.0582 0.0245
v 0.0372 -0.0591 0.0258
v 0.0379 -0.0515 -0.0247
v 0.0325 -0.0528 0.0338
v 0.0368 -0.0412 -0.0295
v 0.0380 -0.0345 0.0310
v 0.0372 -0.0276 0.0335
v 0.0338 -0.0290 -0.0361
v 0.0357 -0.0203 0.0363
v 0.0350 -0.0124 -0.0387
v 0.0362 -0.0210 -0.0356
v 0.0338 -0.0196 0.0384
v 0.0402 -0.0060 -0.0344
v 0.0412 -0.0003 -0.0341
v 0.0331 0.0024 0.0417
v 0.0369 0.0062 0.0377
v 0.0344 0.0140 -0.0380
v 0.0405 0.0137 -0.0314
v 0.0311 0.0168 0.0394
v 0.0373 0.0214 -0.0307
v 0.0381 0.0197 0.0310
v 0.0366 0.0280 -0.0255
v 0.0405 0.0216 -0.0259
v 0.0355 0.0286 0.0257
v 0.0383 0.0268 0.0243
v 0.0389 0.0327 -0.0122
v 0.0382 0.0348 -0.0081
v 0.0365 0.0350 0.0139
v 0.0378 0.0351 0.0090
v 0.0388 -0.0903 0.0078
v 0.0382 -0.0944 0.0088
v 0.0407 -0.0784 0.0064
v 0.0411 -0.0746 -0.0032
v 0.0441 -0.0596 -0.0028
v 0.0385 -0.0785 0.0170
v 0.0428 -0.0664 0.0041
v 0.0417 -0.0674 0.0111
v 0.0407 -0.0600 0.0185
v 0.0427 -0.0572 -0.0111
v 0.0383 -0.0520 0.0262
v 0.0412 -0.0446 -0.0213
v 0.0388 -0.0600 -0.0198
v 0.0452 -0.0526 0.0050
v 0.0451 -0.0461 -0.0107
v 0.0451 -0.0425 0.0153
v 0.0405 -0.0462 0.0240
v 0.0449 -0.0384 -0.0165
v 0.0417 -0.0241 -0.0279
v 0.0427 -0.0305 -0.0242
v 0.0452 -0.0248 0.0225
v 0.0422 -0.0341 0.0252
v 0.0403 -0.0201 -0.0309
v 0.0453 -0.0236 -0.0218
v 0.0402 -0.0228 0.0306
v 0.0451 -0.0122 -0.0265
v 0.0445 -0.0169 0.0261
v 0.0437 -0.0144 0.0279
v 0.0493 -0.0034 -0.0209
v 0.0407 -0.0006 0.0346
v 0.0447 0.0069 -0.0285
v 0.0449 0.0079 0.0276
v 0.0456 0.0105 0.0262
v 0.0384 0.0147 0.0334
v 0.0443 0.0152 -0.0249
v 0.0413 0.0206 0.0256
v 0.0441 0.0212 0.0205
v 0.0440 0.0222 -0.0187
v 0.0436 0.0274 -0.0112
v 0.0457 0.0259 -0.0046
v 0.0439 0.0293 0.0014
v 0.0456 0.0250 0.0095
v 0.0439 0.0252 0.0156
v 0.0381 0.0358 0.0010
v 0.0451 -0.0527 -0.0043
v 0.0455 -0.0497 0.0086
v 0.0484 -0.0330 -0.0068
v 0.0481 -0.0383 0.0011
v 0.0461 -0.0464 0.0076
v 0.0516 -0.0184 0.0009
v 0.0464 -0.0381 0.0135
v 0.0467 -0.0297 0.0170
v 0.0493 -0.0222 -0.0110
v 0.0479 -0.0271 0.0152
v 0.0484 -0.0092 -0.0205
v 0.0485 -0.0163 -0.0173
v 0.0522 -0.0101 -0.0082
v 0.0521 -0.0110 0.0085
v 0.0510 -0.0141 0.0104
v 0.0462 -0.0152 0.0235
v 0.0521 -0.0082 -0.0102
v 0.0518 -0.0024 0.0140
v 0.0469 -0.0086 0.0240
v 0.0494 0.0116 -0.0178
v 0.0455 -0.0038 0.0277
v 0.0522 0.0060 -0.0099
v 0.0501 0.0065 0.0174
v 0.0525 0.0069 0.0092
v 0.0472 0.0062 0.0237
v 0.0513 0.0144 -0.0017
v 0.0514 0.0133 0.0067
v 0.0495 0.0150 0.0122
v 0.0466 0.0167 -0.0190
v 0.0485 0.0207 0.0042
v 0.0466 0.0188 0.0173
v 0.0522 -0.0145 -0.0023
v 0.0531 -0.0037 -0.0052
v 0.0531 -0.0037 0.0060
v 0.0534 -0.0007 0.0036
v 0.0528 0.0065 -0.0030
vn -0.9124 -0.3996 0.0886
vn -0.9178 -0.3566 -0.1745
vn -0.8987 -0.3303 0.2887
vn -0.8465 -0.4482 0.2874
vn -0.9154 -0.1233 -0.3831
vn -0.9409 -0.0246 0.3377
vn -0.9550 0.0237 -0.2958
vn -0.9908 -0.1246 0.0524
vn -0.9987 0.0169 -0.0478
vn -0.9285 0.0148 0.3710
vn -0.8846 0.0522 -0.4635
vn -0.9538 0.0810 -0.2894
vn -0.9919 0.0779 0.1003
vn -0.9310 0.1226 -0.3438
vn -0.9396 -0.0086 0.3421
vn -0.9601 0.0872 -0.2659
vn -0.9839 0.0878 -0.1555
vn -0.9979 0.0610 0.0208
vn -0.9829 0.1672 -0.0777
vn -0.9201 -0.3771 0.1056
vn -0.9745 -0.1302 -0.1826
vn -0.9600 -0.1059 0.2593
vn -0.9037 -0.1182 0.4116
vn -0.9980 -0.0414 0.0485
vn -0.9428 0.1284 -0.3075
vn -0.9717 0.0174 -0.2356
vn -0.8166 0.5241 -0.2417
vn -0.9843 0.1736 -0.0312
vn -0.9938 0.1008 0.0479
vn -0.7595 -0.6427 -0.1007
vn -0.7558 -0.5928 0.2781
vn -0.7470 -0.5451 -0.3807
vn -0.7717 -0.4356 0.4633
vn -0.7728 -0.2802 -0.5695
vn -0.7209 -0.0160 -0.6929
vn -0.6357 -0.2073 0.7436
vn -0.8861 -0.2371 0.3983
vn -0.6581 -0.0843 0.7482
vn -0.7241 0.0546 -0.6875
vn -0.8908 -0.0311 0.4533
vn -0.7509 -0.0627 0.6575
vn -0.8026 0.0975 -0.5885
vn -0.8628 0.0781 -0.4995
vn -0.7182 -0.0297 0.6952
vn -0.7233 0.1040 -0.6826
vn -0.7977 -0.0382 0.6019
vn -0.9480 -0.0397 0.3157
vn -0.8426 0.1107 -0.5270
vn -0.9689 0.0580 0.2407
vn -0.9025 0.0971 -0.4197
vn -0.7946 0.1079 -0.5974
vn -0.7598 -0.0796 0.6452
vn -0.9463 0.0786 -0.3136
vn -0.8616 0.1398 -0.4880
vn -0.8731 0.0243 0.4870
vn -0.9702 0.0279 0.2407
vn -0.8023 -0.0533 0.5945
vn -0.9270 0.0432 -0.3726
vn -0.9993 0.0096 -0.0365
vn -0.9852 0.0047 0.1715
vn -0.8888 0.0217 -0.4579
vn -0.8710 -0.0714 0.4860
vn -0.9924 0.0050 -0.1228
vn -0.9730 -0.0075 0.2307
vn -0.8622 -0.0537 0.5037
vn -0.8632 0.0072 -0.5049
vn -0.9980 -0.0294 -0.0568
vn -0.8911 -0.0544 0.4506
vn -0.8407 -0.0479 0.5394
vn -0.9109 0.0143 -0.4124
vn -0.9478 -0.0391 0.3165
vn -0.9997 -0.0009 0.0237
vn -0.8301 -0.0185 0.5572
vn -0.8713 0.0522 -0.4879
vn -0.9860 -0.0443 -0.1605
vn -0.7749 0.0691 -0.6283
vn -0.9969 0.0760 -0.0218
vn -0.9509 0.0171 0.3091
vn -0.8403 0.0129 0.5420
vn -0.8813 0.0779 -0.4661
vn -0.9362 -0.0435 0.3487
vn -0.9192 -0.0427 0.3915
vn -0.9851 0.0192 -0.1710
vn -0.9922 -0.1164 -0.0446
vn -0.9197 -0.0211 -0.3920
vn -0.9895 -0.1296 -0.0635
vn -0.9124 -0.1588 0.3773
vn -0.9900 -0.1046 0.0946
vn -0.7730 -0.0873 -0.6283
vn -0.9069 -0.0962 -0.4102
vn -0.9260 -0.0817 -0.3686
vn -0.8732 -0.1432 0.4659
vn -0.8597 -0.0512 -0.5083
vn -0.8195 -0.0768 0.5679
vn -0.8500 -0.0004 -0.5268
vn -0.9090 0.0158 0.4164
vn -0.9429 0.0972 0.3187
vn -0.9730 -0.0051 -0.2306
vn -0.8367 0.1546 -0.5254
vn -0.7967 0.1223 0.5919
vn -0.9387 -0.3341 -0.0846
vn -0.9478 0.1773 0.2650
vn -0.9049 0.2187 0.3651
vn -0.8053 0.3137 0.5031
vn -0.9710 0.2270 0.0746
vn -0.8493 0.3324 -0.4102
vn -0.9342 0.2584 -0.2459
vn -0.9531 0.2870 0.0959
vn -0.9443 0.2360 0.2296
vn -0.9047 0.2815 0.3196
vn -0.9654 0.2573 -0.0420
vn -0.6224 -0.7810 -0.0518
vn -0.5713 -0.7807 0.2532
vn -0.5641 -0.6568 0.5004
vn -0.6104 -0.5586 -0.5616
vn -0.4960 -0.8067 -0.3213
vn -0.6042 -0.6098 0.5129
vn -0.6213 -0.4301 0.6550
vn -0.6134 -0.1974 -0.7647
vn -0.5711 0.0273 -0.8204
vn -0.4250 -0.2881 0.8581
vn -0.5292 -0.0320 0.8479
vn -0.6257 0.0839 -0.7756
vn -0.6369 0.1152 -0.7622
vn -0.6513 0.0844 0.7541
vn -0.7099 0.1119 -0.6954
vn -0.6239 -0.0002 0.7815
vn -0.7566 0.1118 -0.6443
vn -0.6885 0.0077 0.7252
vn -0.8165 0.0743 -0.5725
vn -0.8075 -0.0310 0.5890
vn -0.7353 0.0597 -0.6751
vn -0.7134 0.0398 -0.6997
vn -0.7421 0.0343 -0.6694
vn -0.6876 0.0152 -0.7259
vn -0.5997 -0.1657 0.7829
vn -0.7033 -0.0676 0.7077
vn -0.6612 -0.0607 0.7478
vn -0.6565 -0.0357 0.7535
vn -0.6595 0.0858 -0.7468
vn -0.7146 -0.0026 0.6995
vn -0.7009 -0.0258 0.7128
vn -0.8622 0.0823 -0.4998
vn -0.7798 0.0430 -0.6245
vn -0.7645 -0.0550 -0.6423
vn -0.7676 -0.1288 0.6279
vn -0.7027 -0.2067 0.6808
vn -0.6769 -0.0488 -0.7344
vn -0.7690 -0.1592 0.6191
vn -0.6890 0.0849 -0.7198
vn -0.6990 0.0096 0.7151
vn -0.8121 0.0693 -0.5794
vn -0.8440 0.1988 -0.4981
vn -0.7214 0.2013 0.6627
vn -0.8058 0.0533 -0.5898
vn -0.9011 0.2083 -0.3802
vn -0.8035 0.2345 -0.5472
vn -0.6623 0.2046 0.7208
vn -0.9816 0.1910 -0.0021
vn -0.9577 0.1238 -0.2597
vn -0.8982 0.1471 -0.4142
vn -0.9345 0.1259 -0.3331
vn -0.9903 0.1323 -0.0429
vn -0.9709 0.1572 -0.1809
vn -0.9665 0.2565 0.0109
vn -0.9777 0.1548 0.1422
vn -0.7061 0.6929 0.1460
vn -0.3372 -0.9375 0.0858
vn -0.4177 -0.7724 0.4784
vn -0.3356 -0.6280 0.7021
vn -0.4828 -0.4938 -0.7233
vn -0.3827 -0.3501 0.8550
vn -0.3704 -0.3019 -0.8784
vn -0.3995 -0.1808 0.8987
vn -0.3733 -0.0866 -0.9236
vn -0.4431 0.0373 -0.8957
vn -0.3155 0.0906 -0.9446
vn -0.5036 0.0835 -0.8599
vn -0.4129 0.0031 0.9108
vn -0.4606 0.1112 -0.8806
vn -0.4873 0.0726 -0.8702
vn -0.5498 -0.0597 0.8332
vn -0.4603 -0.0049 0.8878
vn -0.4761 0.1105 -0.8724
vn -0.4907 -0.0327 0.8707
vn -0.6715 0.0944 -0.7350
vn -0.4900 0.0839 -0.8677
vn -0.5641 0.0988 -0.8198
vn -0.4420 0.0738 -0.8940
vn -0.6539 -0.0375 0.7556
vn -0.5209 -0.0438 0.8525
vn -0.6117 0.0798 -0.7871
vn -0.5610 -0.1079 0.8208
vn -0.6962 -0.0938 0.7117
vn -0.6424 0.0183 -0.7661
vn -0.6756 -0.0929 0.7314
vn -0.5934 0.0283 -0.8044
vn -0.7365 -0.0822 0.6714
vn -0.5692 -0.0780 0.8185
vn -0.6890 0.0296 -0.7242
vn -0.5545 0.0480 -0.8308
vn -0.5435 0.0765 -0.8359
vn -0.4757 -0.0248 0.8793
vn -0.5776 0.0520 -0.8146
vn -0.5442 0.0158 -0.8388
vn -0.5704 -0.0203 -0.8212
vn -0.6310 -0.0551 -0.7738
vn -0.7008 -0.1705 0.6926
vn -0.5044 -0.1868 0.8430
vn -0.5615 -0.1883 0.8057
vn -0.5862 -0.1646 0.7932
vn -0.4931 0.0046 -0.8699
vn -0.6842 -0.0830 0.7246
vn -0.5987 0.0643 -0.7984
vn -0.5802 0.1345 -0.8033
vn -0.5790 0.1263 0.8055
vn -0.6715 0.1540 -0.7249
vn -0.5680 0.2471 0.7851
vn -0.6127 0.1902 -0.7671
vn -0.7107 0.2101 -0.6714
vn -0.8186 0.2537 0.5153
vn -0.6527 0.2100 0.7280
vn -0.7800 0.1213 -0.6140
vn -0.8708 0.2654 0.4139
vn -0.8006 0.1450 0.5815
vn -0.6675 0.2369 0.7059
vn -0.7789 0.1141 -0.6167
vn -0.8767 0.1282 0.4637
vn -0.8489 0.1038 -0.5183
vn -0.9001 0.1287 -0.4162
vn -0.7768 0.1300 0.6162
vn -0.7953 0.0760 -0.6015
vn -0.9349 0.1462 0.3236
vn -0.8050 0.1310 0.5786
vn -0.9404 0.1397 -0.3102
vn -0.9577 0.1704 0.2319
vn -0.8677 0.1807 0.4630
vn -0.8975 0.1017 -0.4292
vn -0.9214 0.1012 -0.3751
vn -0.9817 0.1329 -0.1364
vn -0.8502 0.1030 -0.5163
vn -0.9461 0.1213 0.3004
vn -0.9938 0.1086 -0.0221
vn -0.9765 0.1671 0.1362
vn -0.9298 0.1015 0.3537
vn -0.9311 0.0219 -0.3640
vn -0.9686 0.0891 -0.2320
vn -0.9445 0.2808 0.1706
vn -0.9342 0.0892 0.3455
vn -0.9919 0.0900 0.0895
vn -0.9705 0.0136 -0.2408
vn -0.9611 0.0293 -0.2747
vn -0.9977 0.0337 -0.0584
vn -0.9893 0.0654 0.1302
vn -0.9903 0.0475 -0.1304
vn -0.9952 0.0672 0.0714
vn -0.9507 -0.0459 0.3068
vn -0.9385 -0.0388 -0.3430
vn -0.9841 0.0443 0.1718
vn -0.9848 0.0206 -0.1723
vn -0.9996 0.0266 0.0030
vn -0.9636 -0.0213 0.2665
vn -0.9875 0.0327 -0.1540
vn -0.9878 0.0473 0.1485
vn -0.9873 0.0775 -0.1388
vn -0.9783 0.0547 -0.1999
vn -0.9972 0.0516 0.0544
vn -0.9789 0.0853 0.1854
vn -0.2527 -0.9314 0.2621
vn -0.5491 -0.6330 -0.5457
vn -0.3503 -0.7612 -0.5457
vn -0.2652 -0.8579 0.4401
vn -0.1698 -0.8044 0.5693
vn -0.2851 -0.6191 -0.7317
vn -0.1007 -0.7061 0.7009
vn -0.2044 -0.4829 0.8515
vn -0.2129 -0.2916 0.9325
vn -0.2372 -0.2576 -0.9367
vn -0.0180 -0.1283 -0.9916
vn -0.1280 -0.0138 -0.9917
vn -0.2686 -0.1075 0.9572
vn -0.3232 -0.1010 0.9409
vn -0.2525 -0.3188 0.9136
vn -0.3139 0.0852 -0.9456
vn -0.2414 -0.0666 0.9681
vn -0.2155 -0.0746 0.9737
vn -0.4056 -0.0502 0.9127
vn -0.3007 -0.0233 0.9534
vn -0.1884 -0.0570 0.9804
vn -0.2616 0.1125 -0.9586
vn -0.2532 0.1090 -0.9612
vn -0.3388 -0.0649 0.9386
vn -0.4133 0.0504 -0.9092
vn -0.4216 0.0323 -0.9062
vn -0.4140 0.0160 -0.9101
vn -0.4227 -0.0946 0.9013
vn -0.3097 -0.0449 0.9498
vn -0.4891 0.0078 -0.8722
vn -0.3308 0.0103 -0.9436
vn -0.4092 0.0258 -0.9121
vn -0.4279 -0.0848 0.8998
vn -0.3977 0.0330 -0.9169
vn -0.3978 0.0326 -0.9169
vn -0.4924 -0.0872 0.8660
vn -0.4466 0.5560 -0.7010
vn -0.3402 -0.0086 -0.9403
vn -0.3821 -0.0164 0.9240
vn -0.3194 0.0634 -0.9455
vn -0.4661 -0.0517 0.8832
vn -0.3524 -0.0303 -0.9353
vn -0.4217 -0.2156 0.8807
vn -0.5330 -0.2469 -0.8093
vn -0.3363 -0.2158 0.9167
vn -0.5779 -0.1051 -0.8093
vn -0.5542 -0.1494 -0.8189
vn -0.4286 -0.0926 -0.8987
vn -0.4957 -0.2310 0.8372
vn -0.4338 -0.0364 -0.9003
vn -0.4569 -0.0877 0.8852
vn -0.5553 -0.0181 0.8315
vn -0.4524 0.0330 -0.8912
vn -0.4715 0.0003 0.8819
vn -0.3292 0.0952 -0.9394
vn -0.4446 0.1879 0.8758
vn -0.5018 0.1548 -0.8510
vn -0.5978 0.2187 -0.7713
vn -0.5179 0.2216 0.8263
vn -0.4420 0.3724 0.8160
vn -0.4663 0.2755 0.8406
vn -0.7207 0.1316 -0.6807
vn -0.5101 -0.1104 -0.8530
vn -0.6315 0.1026 0.7686
vn -0.7079 0.0946 -0.6999
vn -0.6132 0.1910 0.7665
vn -0.7383 0.0988 0.6672
vn -0.7285 0.0702 -0.6814
vn -0.6961 0.0582 -0.7156
vn -0.7844 0.1412 0.6039
vn -0.7320 0.1646 0.6611
vn -0.7817 0.0604 -0.6207
vn -0.8267 0.1247 0.5487
vn -0.8657 0.0274 -0.4998
vn -0.8328 0.1050 0.5436
vn -0.8144 0.0493 -0.5781
vn -0.7938 0.0311 -0.6073
vn -0.8843 0.0294 -0.4660
vn -0.8252 0.0838 0.5586
vn -0.8932 0.0526 -0.4465
vn -0.7975 0.0748 0.5987
vn -0.8391 0.0163 -0.5437
vn -0.8654 0.0736 0.4956
vn -0.8230 0.0047 -0.5680
vn -0.8977 0.0823 0.4329
vn -0.8294 0.0752 0.5535
vn -0.9219 -0.0294 -0.3863
vn -0.8382 -0.0048 -0.5453
vn -0.9517 0.0343 -0.3052
vn -0.8472 0.0278 0.5306
vn -0.9324 0.0165 -0.3609
vn -0.8509 0.0612 0.5218
vn -0.8477 0.0080 -0.5304
vn -0.9368 0.0173 -0.3495
vn -0.9103 0.0404 0.4120
vn -0.9587 0.0875 0.2707
vn -0.9059 0.0584 0.4195
vn -0.8025 0.0164 -0.5964
vn -0.9086 0.0418 -0.4155
vn -0.9473 0.0502 -0.3164
vn -0.8594 0.0786 0.5052
vn -0.9908 0.0974 -0.0943
vn -0.9945 0.0915 0.0501
vn -0.8920 0.0972 0.4414
vn -0.9178 0.0793 -0.3891
vn -0.9791 0.0897 -0.1824
vn -0.9456 0.1464 0.2905
vn -0.9276 0.0978 -0.3605
vn -0.9878 0.0940 0.1241
vn -0.9273 0.1333 0.3498
vn -0.8811 0.1209 -0.4573
vn -0.9860 0.1156 -0.1205
vn -0.9801 0.1393 0.1412
vn -0.9337 0.1382 0.3303
vn -0.9325 0.1093 -0.3442
vn -0.9725 0.1173 -0.2010
vn -0.9915 0.1278 0.0224
vn -0.9692 0.1299 0.2093
vn -0.9905 0.1344 -0.0305
vn -0.9744 0.1369 -0.1784
vn -0.9853 0.1451 -0.0902
vn -0.9773 0.1394 0.1595
vn -0.9084 0.4035 0.1098
vn -0.0928 -0.9883 -0.1209
vn -0.1434 -0.9136 -0.3806
vn 0.0972 -0.9850 0.1429
vn -0.0943 -0.9810 0.1693
vn -0.0478 -0.9006 0.4319
vn -0.0800 -0.7645 -0.6396
vn -0.1602 -0.5895 -0.7918
vn 0.0469 -0.5856 0.8093
vn -0.0804 -0.4271 -0.9006
vn -0.0235 -0.4537 0.8908
vn 0.0052 -0.1138 0.9935
vn -0.1101 -0.1593 0.9811
vn -0.0571 0.0446 -0.9974
vn 0.0196 -0.0895 0.9958
vn -0.1089 0.0868 -0.9903
vn 0.0753 0.0715 -0.9946
vn -0.0319 0.0545 0.9980
vn -0.2616 0.0899 -0.9610
vn -0.1981 0.0714 -0.9776
vn 0.0119 0.0413 -0.9991
vn -0.1282 0.1123 -0.9854
vn -0.2199 -0.0676 0.9732
vn -0.0411 0.0924 -0.9949
vn -0.1748 -0.0933 0.9802
vn -0.2238 -0.0804 0.9713
vn -0.2537 -0.0710 0.9647
vn -0.3615 -0.1251 0.9239
vn -0.2555 -0.0145 -0.9667
vn -0.0241 -0.0950 0.9952
vn -0.2322 -0.1384 0.9628
vn -0.2162 0.0228 -0.9761
vn -0.1983 -0.0447 0.9791
vn -0.1194 0.0933 -0.9885
vn -0.2463 -0.1704 0.9541
vn -0.2668 -0.0707 0.9611
vn -0.2623 0.0780 -0.9618
vn -0.2604 -0.0741 0.9627
vn -0.1975 0.0634 -0.9783
vn -0.2684 -0.0114 -0.9632
vn -0.6056 -0.1347 0.7843
vn -0.2329 -0.1564 0.9599
vn -0.2711 -0.0614 -0.9606
vn -0.3515 -0.1112 -0.9296
vn -0.2075 -0.1082 -0.9722
vn -0.3361 -0.3764 0.8633
vn -0.3591 -0.2242 0.9060
vn -0.3966 -0.1900 0.8981
vn -0.2578 -0.0547 -0.9647
vn -0.0934 -0.0045 -0.9956
vn -0.3488 -0.1051 -0.9313
vn -0.2305 0.1355 0.9636
vn -0.3816 0.1451 -0.9128
vn -0.3578 0.1663 0.9189
vn -0.3597 0.1545 -0.9202
vn -0.2835 0.1190 -0.9516
vn -0.3691 0.1973 0.9082
vn -0.4922 0.1253 -0.8614
vn -0.3864 0.0651 -0.9200
vn -0.5748 0.1123 0.8106
vn -0.5734 0.0496 -0.8178
vn -0.5146 0.0791 0.8538
vn -0.5420 0.0434 -0.8393
vn -0.5673 0.0427 -0.8224
vn -0.6250 0.1072 0.7732
vn -0.6046 0.0593 -0.7943
vn -0.5588 0.1012 0.8231
vn -0.6165 0.0187 -0.7871
vn -0.6573 0.0978 0.7472
vn -0.7132 0.0108 -0.7009
vn -0.7196 0.1008 0.6870
vn -0.5613 0.0946 -0.8222
vn -0.6023 0.0515 0.7966
vn -0.6957 -0.0050 -0.7183
vn -0.7133 0.0600 0.6983
vn -0.7084 -0.0184 -0.7056
vn -0.7411 0.0561 0.6690
vn -0.6369 0.0586 0.7688
vn -0.7188 -0.0125 -0.6951
vn -0.7299 0.0540 0.6815
vn -0.7579 0.0833 -0.6470
vn -0.7743 0.0657 0.6294
vn -0.6467 -0.0113 -0.7627
vn -0.7107 0.0788 0.6991
vn -0.7080 0.0290 -0.7056
vn -0.7240 0.1176 0.6797
vn -0.8530 0.0155 -0.5216
vn -0.7734 0.0481 0.6321
vn -0.7486 0.0428 -0.6616
vn -0.8889 0.0612 -0.4539
vn -0.8455 0.1241 0.5194
vn -0.8407 0.0728 -0.5367
vn -0.7929 0.1199 0.5974
vn -0.8578 0.0867 -0.5066
vn -0.8996 0.0835 0.4286
vn -0.7645 0.0638 -0.6415
vn -0.8270 0.0942 -0.5543
vn -0.8704 0.1360 0.4733
vn -0.8031 0.1242 0.5828
vn -0.8585 0.0896 -0.5050
vn -0.8122 0.0651 -0.5798
vn -0.8440 0.1549 0.5135
vn -0.9397 0.1333 -0.3150
vn -0.9078 0.1360 0.3967
vn -0.8753 0.0755 -0.4777
vn -0.9670 0.1005 -0.2340
vn -0.8943 0.1361 0.4263
vn -0.9082 0.1817 -0.3771
vn -0.9625 0.1187 0.2441
vn -0.9160 0.0780 -0.3936
vn -0.9889 0.1464 0.0270
vn -0.9699 0.1778 0.1666
vn -0.9086 0.2191 0.3556
vn -0.9542 0.1747 -0.2427
vn -0.9312 0.3441 -0.1199
vn -0.9748 0.2099 -0.0753
vn -0.9024 0.3681 0.2242
vn -0.8915 0.3481 -0.2901
vn -0.8145 0.5252 -0.2466
vn -0.9065 0.4181 0.0586
vn -0.8287 0.5591 0.0265
vn 0.1292 -0.9739 -0.1866
vn 0.0934 -0.9324 0.3492
vn 0.0688 -0.8340 -0.5474
vn 0.2203 -0.8622 0.4561
vn 0.1214 -0.7830 0.6101
vn 0.1027 -0.6626 -0.7419
vn 0.1155 -0.4892 -0.8645
vn 0.2131 -0.3565 -0.9097
vn 0.1134 -0.3527 0.9288
vn 0.3206 -0.1005 -0.9419
vn -0.0146 -0.1622 0.9866
vn 0.1620 -0.0286 -0.9864
vn 0.1646 -0.1114 0.9800
vn 0.0327 0.0160 -0.9993
vn 0.1085 0.0621 -0.9921
vn 0.0530 -0.0834 0.9951
vn 0.2050 0.0977 -0.9739
vn -0.0208 0.0800 -0.9966
vn 0.1692 -0.1263 0.9775
vn -0.1352 -0.0819 0.9874
vn -0.1130 0.0574 -0.9919
vn 0.0634 -0.1096 0.9920
vn 0.0453 -0.0687 0.9966
vn -0.0985 0.0651 -0.9930
vn -0.1027 0.0429 -0.9938
vn -0.1098 0.0190 -0.9938
vn 0.0292 -0.1104 0.9935
vn -0.0286 0.0271 -0.9992
vn 0.0265 -0.1091 0.9937
vn -0.0828 0.0389 -0.9958
vn -0.0048 -0.0157 -0.9999
vn -0.1381 0.0304 0.9899
vn -0.2333 0.3114 0.9212
vn -0.1085 -0.0414 0.9932
vn -0.0284 0.0502 -0.9983
vn 0.0772 0.0221 -0.9968
vn -0.1871 -0.2140 0.9587
vn -0.2663 -0.1153 0.9570
vn 0.0103 -0.0486 -0.9988
vn -0.3448 0.0581 0.9369
vn -0.1222 0.0795 -0.9893
vn -0.2475 0.0988 0.9638
vn -0.0293 0.1407 -0.9896
vn -0.1166 0.1617 -0.9799
vn -0.1457 0.1785 0.9731
vn -0.1953 0.1666 0.9665
vn -0.2020 0.0567 -0.9777
vn -0.3612 0.1641 0.9179
vn -0.4218 0.0184 -0.9065
vn -0.2073 0.0703 0.9757
vn -0.2602 -0.3063 -0.9157
vn -0.2699 0.0028 -0.9629
vn -0.4191 0.1131 0.9009
vn -0.3346 -0.0037 -0.9424
vn -0.4480 0.0727 0.8911
vn -0.3853 0.0740 0.9198
vn -0.3171 0.3225 -0.8919
vn -0.4563 0.0790 0.8863
vn -0.4448 0.0695 0.8930
vn -0.5436 0.0799 0.8355
vn -0.4188 0.0580 0.9062
vn -0.5975 -0.0250 -0.8014
vn -0.6052 0.0838 0.7917
vn -0.4940 0.0734 0.8663
vn -0.6337 -0.0655 -0.7708
vn -0.5365 -0.0278 -0.8434
vn -0.5680 -0.0012 0.8230
vn -0.6157 -0.0271 -0.7875
vn -0.4918 -0.0263 -0.8703
vn -0.5487 -0.0180 -0.8358
vn -0.6052 0.0572 0.7940
vn -0.5763 -0.0338 -0.8165
vn -0.5637 0.0734 0.8227
vn -0.6617 -0.0336 0.7490
vn -0.5772 0.0054 -0.8166
vn -0.6023 0.0862 0.7936
vn -0.5819 0.0092 -0.8132
vn -0.6341 0.0337 -0.7725
vn -0.7023 0.0968 0.7053
vn -0.6106 0.0864 0.7872
vn -0.7368 0.0650 -0.6730
vn -0.6363 0.0368 -0.7706
vn -0.7499 0.0815 -0.6565
vn -0.7145 0.1229 0.6888
vn -0.6439 0.1294 0.7541
vn -0.6889 0.0613 -0.7222
vn -0.7165 0.1114 0.6886
vn -0.7549 0.0646 -0.6526
vn -0.7864 0.0909 0.6110
vn -0.7177 0.0860 -0.6910
vn -0.7377 0.0892 0.6692
vn -0.7947 0.2187 -0.5663
vn -0.8071 0.1392 -0.5737
vn -0.8682 0.1907 0.4580
vn -0.8209 0.2090 0.5314
vn -0.7203 0.1465 0.6781
vn -0.8025 0.3534 -0.4807
vn -0.8354 0.3841 0.3931
vn -0.7450 0.2492 0.6187
vn -0.8188 0.4256 -0.3853
vn -0.7582 0.4575 0.4645
vn -0.7784 0.6259 -0.0490
vn -0.7956 0.5884 0.1439
vn -0.7337 0.6348 0.2422
vn -0.7537 0.5323 0.3855
vn 0.1780 -0.9836 0.0282
vn 0.2718 -0.8922 -0.3606
vn 0.3792 -0.8721 0.3094
vn 0.2765 -0.7227 0.6335
vn 0.3273 -0.5832 -0.7435
vn 0.3006 -0.5080 0.8072
vn 0.3234 -0.2578 -0.9105
vn 0.3522 -0.3356 0.8737
vn 0.3870 -0.1956 0.9011
vn 0.2908 0.0230 -0.9565
vn 0.2532 -0.1046 0.9617
vn 0.4128 0.0963 -0.9057
vn 0.4195 -0.0967 0.9026
vn 0.2403 -0.1174 0.9636
vn 0.2974 -0.0541 0.9532
vn 0.3508 0.0358 -0.9358
vn 0.3065 0.0569 -0.9502
vn 0.2144 -0.1061 0.9710
vn 0.1669 -0.0767 0.9830
vn 0.0852 -0.0902 0.9923
vn 0.1849 0.1069 -0.9769
vn 0.2549 0.0818 -0.9635
vn 0.2528 0.0584 -0.9658
vn 0.2069 -0.0814 0.9750
vn 0.1604 -0.1213 0.9796
vn 0.2323 -0.1015 0.9673
vn 0.1869 0.0329 -0.9818
vn 0.1276 0.0189 -0.9916
vn 0.1664 -0.1050 0.9805
vn 0.1799 0.0236 -0.9834
vn 0.1615 0.0362 -0.9862
vn -0.0630 0.0284 0.9976
vn 0.1636 -0.0781 0.9834
vn 0.0963 0.0537 -0.9939
vn -0.0237 -0.0996 0.9947
vn 0.0748 0.0862 0.9935
vn 0.1892 -0.0190 -0.9817
vn -0.0216 -0.2713 0.9622
vn -0.0773 -0.0824 -0.9936
vn -0.1559 -0.2567 0.9538
vn 0.0014 -0.1330 -0.9911
vn -0.1135 -0.0922 0.9893
vn 0.0482 -0.1067 0.9931
vn -0.0378 0.0759 -0.9964
vn -0.0610 0.0378 0.9974
vn -0.0854 0.1190 0.9892
vn 0.1184 0.0902 -0.9889
vn -0.1215 0.1127 0.9862
vn -0.1763 -0.2259 -0.9581
vn -0.3677 0.0993 0.9246
vn -0.2569 -0.0253 -0.9661
vn -0.2813 -0.0147 -0.9595
vn -0.2481 0.0236 0.9685
vn -0.1506 0.0159 0.9885
vn -0.3016 0.0064 -0.9534
vn -0.3900 -0.0032 -0.9208
vn -0.3455 0.0087 -0.9384
vn -0.3905 -0.0092 -0.9205
vn -0.4748 -0.0422 -0.8791
vn -0.4075 -0.0261 -0.9129
vn -0.3523 -0.0474 -0.9347
vn -0.4425 0.0575 0.8949
vn -0.4532 -0.0286 -0.8910
vn -0.4394 0.0554 0.8966
vn -0.4689 -0.0264 -0.8829
vn -0.3575 0.0457 0.9328
vn -0.4389 0.0493 -0.8972
vn -0.4735 0.0701 0.8780
vn -0.4900 0.0162 -0.8716
vn -0.5398 0.0335 -0.8411
vn -0.4391 0.0041 -0.8985
vn -0.6183 0.0402 -0.7849
vn -0.6900 0.0902 0.7182
vn -0.5991 0.0879 0.7958
vn -0.6603 0.0477 -0.7495
vn -0.5438 0.0228 -0.8389
vn -0.6239 0.0971 0.7754
vn -0.6530 0.1790 -0.7359
vn -0.6440 0.1672 0.7465
vn -0.6911 0.2929 -0.6608
vn -0.6313 0.4691 -0.6176
vn -0.7124 0.3650 0.5994
vn -0.6683 0.5830 0.4620
vn -0.5911 0.5235 0.6136
vn -0.6988 0.5093 -0.5024
vn -0.6635 0.6653 -0.3422
vn -0.5907 0.7551 -0.2846
vn -0.7372 0.6513 -0.1800
vn -0.5820 0.8122 0.0406
vn 0.4010 -0.9083 -0.1191
vn 0.2837 -0.9460 0.1568
vn 0.3461 -0.7912 -0.5042
vn 0.4766 -0.8750 0.0856
vn 0.4582 -0.7465 0.4824
vn 0.5178 -0.5959 -0.6138
vn 0.3862 -0.5927 0.7068
vn 0.4876 -0.5684 0.6627
vn 0.4348 -0.4444 -0.7833
vn 0.5944 -0.3687 -0.7146
vn 0.4624 -0.2785 -0.8418
vn 0.4536 -0.2943 0.8412
vn 0.5227 -0.0211 -0.8523
vn 0.4584 -0.0888 0.8843
vn 0.2865 -0.0508 -0.9567
vn 0.4240 -0.1065 0.8994
vn 0.6159 -0.0225 -0.7875
vn 0.5157 -0.1073 0.8500
vn 0.4036 0.0285 -0.9145
vn 0.4464 -0.1078 0.8883
vn 0.5026 0.0221 -0.8642
vn 0.3868 -0.0994 0.9168
vn 0.4418 -0.1108 0.8903
vn 0.3572 -0.1016 0.9285
vn 0.4143 0.0771 -0.9069
vn 0.4081 0.0164 -0.9128
vn 0.4780 0.0090 -0.8783
vn 0.3309 -0.0019 -0.9436
vn 0.3055 0.0260 -0.9519
vn 0.2392 -0.1182 0.9638
vn 0.2889 0.0184 -0.9572
vn 0.3584 -0.0754 0.9305
vn 0.1826 -0.1209 0.9757
vn 0.2783 -0.0963 0.9556
vn 0.2914 0.0198 -0.9564
vn 0.1754 0.0219 -0.9843
vn 0.4542 0.2451 0.8565
vn 0.2268 -0.1262 0.9657
vn 0.2497 0.0259 -0.9680
vn 0.3923 -0.0957 0.9149
vn -0.1319 0.0846 0.9876
vn 0.2649 -0.0878 0.9603
vn 0.2419 0.0338 -0.9697
vn 0.2416 -0.0758 0.9674
vn 0.1130 -0.0810 0.9903
vn 0.2603 -0.0496 -0.9642
vn 0.2699 -0.1683 0.9481
vn 0.1981 -0.1615 0.9668
vn 0.0641 -0.1243 -0.9902
vn -0.0122 -0.2765 0.9609
vn 0.1295 -0.3420 0.9307
vn 0.0180 -0.2297 0.9731
vn 0.1633 -0.0876 -0.9827
vn 0.0586 0.0225 0.9980
vn 0.1423 -0.0283 -0.9894
vn 0.2079 0.0847 -0.9745
vn 0.0587 0.0896 0.9943
vn 0.1064 0.0768 0.9913
vn 0.0886 0.1260 0.9881
vn 0.1434 0.0801 -0.9864
vn 0.0209 0.1630 0.9864
vn 0.0845 0.0527 0.9950
vn 0.0867 0.4356 0.8959
vn 0.0426 -0.0419 -0.9982
vn -0.0596 -0.0654 0.9961
vn 0.0235 -0.0506 -0.9984
vn -0.1124 0.0316 0.9932
vn -0.1049 0.0117 0.9944
vn -0.0683 -0.0818 -0.9943
vn -0.3083 -0.0576 0.9495
vn -0.2572 0.0461 0.9653
vn -0.1203 -0.0706 -0.9902
vn -0.0341 -0.0925 -0.9951
vn -0.2048 0.0253 0.9785
vn -0.0537 -0.0592 -0.9968
vn -0.3170 0.0599 0.9465
vn -0.3099 -0.0506 0.9494
vn -0.3235 0.0201 0.9460
vn -0.2185 -0.0114 -0.9758
vn -0.3891 -0.0452 -0.9201
vn -0.2516 -0.0614 -0.9659
vn -0.2400 0.0701 0.9682
vn -0.3012 -0.0254 -0.9532
vn -0.1630 -0.0501 -0.9853
vn -0.3392 -0.0211 -0.9405
vn -0.3019 0.0629 0.9512
vn -0.3025 -0.0105 -0.9531
vn -0.3777 -0.0398 -0.9251
vn -0.3273 0.0590 0.9431
vn -0.3060 -0.0671 -0.9497
vn -0.4823 0.0763 0.8727
vn -0.2635 -0.0276 -0.9643
vn -0.3892 0.1379 0.9108
vn -0.4729 0.0641 0.8788
vn -0.4382 0.0961 -0.8937
vn -0.4793 0.0641 0.8753
vn -0.4782 0.0011 -0.8783
vn -0.4209 0.0320 0.9065
vn -0.4944 0.0483 0.8679
vn -0.5073 0.0627 -0.8595
vn -0.5426 0.1717 0.8223
vn -0.4617 0.1949 -0.8653
vn -0.5409 0.2744 -0.7950
vn -0.5969 0.4107 0.6893
vn -0.5410 0.4392 -0.7172
vn -0.6694 0.4096 0.6198
vn -0.4316 0.3750 -0.8204
vn -0.5247 0.5372 -0.6603
vn -0.4844 0.5094 0.7112
vn -0.4717 0.7214 -0.5070
vn -0.4930 0.8091 -0.3198
vn -0.5860 0.7485 0.3105
vn -0.6475 0.5987 0.4714
vn -0.4957 0.8630 -0.0973
vn 0.5671 -0.7737 -0.2825
vn 0.6477 -0.7524 -0.1199
vn 0.6406 -0.7609 0.1032
vn 0.6152 -0.7460 0.2549
vn 0.6016 -0.6354 -0.4840
vn 0.6626 -0.7115 -0.2340
vn 0.6623 -0.5977 0.4518
vn 0.6889 -0.4824 -0.5410
vn 0.6651 -0.4758 0.5756
vn 0.5641 -0.3690 0.7387
vn 0.5754 -0.1413 -0.8055
vn 0.7340 -0.2475 0.6324
vn 0.7067 -0.0450 -0.7061
vn 0.6667 -0.0261 -0.7449
vn 0.6906 0.0097 -0.7232
vn 0.6089 -0.0901 0.7881
vn 0.6325 -0.1054 0.7674
vn 0.6078 0.0198 -0.7939
vn 0.6401 -0.1050 0.7611
vn 0.5556 0.0357 -0.8307
vn 0.6365 -0.1006 0.7647
vn 0.5860 0.0209 -0.8101
vn 0.5738 0.0099 -0.8189
vn 0.5650 -0.1116 0.8175
vn 0.6188 -0.1140 0.7772
vn 0.5265 0.0057 -0.8501
vn 0.5708 -0.1297 0.8108
vn 0.5089 0.0239 -0.8605
vn 0.4837 -0.1276 0.8659
vn 0.4848 -0.1097 0.8677
vn 0.4274 -0.1219 0.8958
vn 0.5982 -0.1130 0.7934
vn 0.4461 0.0107 -0.8949
vn 0.4125 0.0222 -0.9107
vn 0.5511 0.0170 -0.8343
vn 0.4279 -0.1044 0.8978
vn 0.5665 0.0141 -0.8239
vn 0.4609 -0.1125 0.8803
vn 0.3656 -0.0973 0.9257
vn 0.3979 0.0096 -0.9174
vn 0.4343 0.0006 -0.9008
vn 0.4045 0.0120 -0.9145
vn 0.5129 -0.0079 -0.8584
vn 0.3976 -0.0165 -0.9174
vn 0.4759 0.1812 0.8606
vn 0.1852 -0.0256 -0.9824
vn 0.2651 -0.2135 0.9403
vn 0.2418 -0.1056 -0.9646
vn 0.2484 -0.3030 0.9201
vn 0.2706 -0.1582 -0.9496
vn 0.0788 -0.1913 0.9784
vn 0.3238 -0.0605 -0.9442
vn 0.2829 -0.1428 0.9484
vn 0.1881 -0.0347 0.9815
vn 0.1397 0.1764 -0.9743
vn 0.2909 0.1430 0.9460
vn 0.1418 0.1343 0.9807
vn 0.2114 0.1632 -0.9637
vn 0.2339 0.0184 0.9721
vn 0.2264 -0.0294 0.9736
vn 0.1841 -0.0537 -0.9814
vn 0.1850 -0.0376 0.9820
vn 0.1049 -0.1049 -0.9889
vn -0.0853 0.0238 0.9961
vn -0.1803 -0.0763 -0.9806
vn -0.0636 0.0107 0.9979
vn -0.1539 -0.0390 -0.9873
vn -0.0729 -0.5514 -0.8311
vn 0.0510 -0.0527 -0.9973
vn -0.2625 0.0597 0.9631
vn -0.1750 0.0404 0.9837
vn -0.0350 -0.1213 -0.9920
vn -0.0443 0.0324 0.9985
vn -0.0719 -0.1245 -0.9896
vn -0.2168 0.0439 0.9752
vn -0.0497 -0.0434 -0.9978
vn -0.0920 -0.0420 -0.9949
vn -0.1574 -0.0550 -0.9860
vn -0.3500 -0.0817 -0.9332
vn -0.3732 0.0383 -0.9270
vn -0.3452 0.0102 0.9385
vn -0.2176 -0.0448 -0.9750
vn -0.3363 -0.0267 -0.9414
vn -0.4494 -0.0172 0.8931
vn -0.2727 0.0407 -0.9612
vn -0.4692 0.0350 0.8824
vn -0.3380 0.1903 0.9217
vn -0.5317 0.3984 0.7474
vn -0.2225 0.2742 -0.9356
vn -0.3793 0.5329 -0.7564
vn -0.3702 0.5451 0.7522
vn -0.3854 0.6898 -0.6129
vn -0.4908 0.7052 0.5117
vn -0.3807 0.8439 0.3782
vn -0.3966 0.6973 0.5971
vn -0.3115 0.8941 -0.3217
vn -0.3769 0.9078 -0.1841
vn -0.4056 0.8955 0.1829
vn 0.7582 -0.5890 -0.2796
vn 0.8733 -0.4870 -0.0125
vn 0.8509 -0.3605 -0.3821
vn 0.7991 -0.3758 0.4693
vn 0.7260 -0.2688 -0.6330
vn 0.8964 -0.1808 -0.4048
vn 0.8155 -0.1767 -0.5510
vn 0.8531 -0.1854 0.4877
vn 0.8676 -0.0743 0.4917
vn 0.5610 0.2548 0.7876
vn 0.7052 -0.3176 0.6339
vn 0.7732 0.0070 -0.6341
vn 0.7164 -0.0571 0.6954
vn 0.7824 -0.0767 0.6180
vn 0.7769 0.0121 -0.6296
vn 0.8328 0.0210 -0.5532
vn 0.8156 -0.0787 0.5733
vn 0.8371 0.0164 -0.5468
vn 0.7142 -0.1420 0.6854
vn 0.8671 -0.0132 -0.4979
vn 0.8716 -0.0816 0.4834
vn 0.7173 0.0027 -0.6967
vn 0.8204 0.0146 -0.5716
vn 0.7706 -0.1059 0.6284
vn 0.7049 -0.1284 0.6975
vn 0.7208 -0.0012 -0.6932
vn 0.7833 -0.1906 0.5917
vn 0.6878 -0.0020 -0.7259
vn 0.7167 -0.1227 0.6865
vn 0.7878 -0.0311 -0.6152
vn 0.7488 -0.1378 0.6483
vn 0.6411 -0.1997 0.7410
vn 0.7191 -0.1205 0.6844
vn 0.6573 -0.0579 -0.7514
vn 0.6647 -0.0203 -0.7468
vn 0.6178 -0.1072 0.7790
vn 0.6569 -0.1244 0.7436
vn 0.6311 0.0031 -0.7757
vn 0.5442 -0.1312 0.8287
vn 0.6119 0.0048 -0.7909
vn 0.7258 -0.1215 0.6770
vn 0.7312 -0.0097 -0.6821
vn 0.5832 -0.1061 0.8053
vn 0.6626 -0.0828 0.7444
vn 0.6438 -0.0039 -0.7652
vn 0.5829 -0.0935 0.8071
vn 0.5498 -0.0828 0.8312
vn 0.6538 -0.0127 -0.7566
vn 0.5664 -0.0974 0.8183
vn 0.6453 -0.0993 0.7575
vn 0.5920 -0.0028 -0.8059
vn 0.5691 -0.0757 0.8188
vn 0.4639 -0.1068 0.8794
vn 0.6538 -0.1200 0.7471
vn 0.5532 0.0414 -0.8320
vn 0.5533 -0.1312 0.8226
vn 0.4507 -0.1467 -0.8806
vn 0.4629 -0.2633 0.8464
vn 0.4647 -0.3116 0.8288
vn 0.3397 -0.1499 -0.9285
vn 0.5170 -0.2007 -0.8321
vn 0.3017 -0.2470 0.9208
vn 0.3197 -0.1908 -0.9281
vn 0.3862 -0.3094 0.8690
vn 0.3385 -0.0096 -0.9409
vn 0.3614 0.0837 -0.9286
vn 0.2940 0.0827 0.9522
vn 0.4068 0.0700 0.9108
vn 0.2939 0.1126 -0.9492
vn 0.3523 0.1493 -0.9239
vn 0.4332 0.1619 0.8866
vn 0.5386 0.0498 -0.8411
vn 0.3430 0.1242 0.9311
vn 0.1889 -0.0815 -0.9786
vn 0.3580 -0.0832 -0.9300
vn 0.2792 -0.0820 -0.9567
vn 0.2369 -0.1004 -0.9663
vn 0.3358 -0.0590 0.9401
vn 0.1573 -0.0257 0.9872
vn 0.2510 -0.1084 -0.9619
vn 0.1100 -0.0061 0.9939
vn 0.0472 0.0110 0.9988
vn 0.1289 -0.2107 -0.9690
vn 0.1713 -0.0961 -0.9805
vn 0.0756 -0.1141 -0.9906
vn 0.0311 0.0199 0.9993
vn -0.0007 0.0378 0.9993
vn -0.0182 -0.0522 -0.9985
vn -0.0587 0.0090 0.9982
vn -0.0774 -0.0586 -0.9953
vn -0.1074 0.0423 0.9933
vn -0.0181 -0.0084 -0.9998
vn -0.1402 0.0306 0.9897
vn -0.2211 0.0524 0.9738
vn -0.2848 0.0134 0.9585
vn -0.1459 -0.0298 -0.9888
vn -0.1903 0.0007 0.9817
vn -0.3112 0.1685 -0.9353
vn -0.0863 0.1294 -0.9878
vn -0.2999 0.4593 -0.8361
vn -0.1765 0.5391 -0.8235
vn -0.3149 0.4299 0.8462
vn -0.1651 0.3958 0.9034
vn -0.2363 0.6209 -0.7475
vn -0.2530 0.6889 0.6792
vn -0.1273 0.6552 0.7447
vn -0.1529 0.7223 -0.6744
vn -0.3145 0.8117 -0.4921
vn -0.2006 0.8103 -0.5506
vn -0.2473 0.7681 0.5907
vn -0.1609 0.9432 -0.2906
vn -0.3248 0.9403 0.1015
vn -0.1892 0.9595 0.2086
vn -0.3009 0.8378 0.4556
vn -0.3168 0.7542 0.5751
vn -0.0047 0.9994 0.0333
vn 0.9478 -0.2441 0.2054
vn 0.8922 -0.4104 0.1886
vn 0.8257 -0.4894 0.2805
vn 0.9841 -0.1463 -0.1009
vn 0.9176 -0.1923 0.3480
vn 0.8745 -0.0210 -0.4845
vn 0.9927 -0.0414 0.1132
vn 0.9306 -0.0730 0.3587
vn 0.9426 0.0021 -0.3341
vn 0.9732 -0.0205 -0.2291
vn 0.9896 -0.0015 0.1438
vn 0.8868 -0.0688 0.4570
vn 0.8980 0.0129 -0.4398
vn 0.9986 -0.0294 -0.0441
vn 0.9533 -0.0783 0.2916
vn 0.9778 -0.0833 -0.1925
vn 0.9096 0.1983 0.3652
vn 0.9464 -0.0101 -0.3228
vn 0.9930 -0.0186 -0.1162
vn 0.9986 0.0503 -0.0138
vn 0.9786 -0.0611 0.1965
vn 0.9740 -0.0803 0.2121
vn 0.9263 0.0367 0.3751
vn 0.9561 -0.0515 -0.2886
vn 0.9758 -0.0545 -0.2118
vn 0.9361 -0.1092 0.3344
vn 0.9244 -0.0509 -0.3779
vn 0.9342 -0.1147 0.3379
vn 0.8437 -0.0927 0.5287
vn 0.8314 -0.0942 -0.5476
vn 0.8500 -0.1176 0.5135
vn 0.8928 -0.0513 -0.4475
vn 0.9080 -0.0518 -0.4157
vn 0.9355 -0.0695 -0.3464
vn 0.9278 -0.0111 0.3730
vn 0.8785 -0.1129 0.4642
vn 0.7327 -0.0071 -0.6806
vn 0.8838 -0.1250 0.4508
vn 0.8762 -0.0394 -0.4803
vn 0.7876 -0.1198 0.6045
vn 0.7834 -0.0194 -0.6212
vn 0.8387 -0.1652 0.5189
vn 0.8063 -0.0149 -0.5913
vn 0.8192 -0.1071 0.5634
vn 0.9121 -0.0583 -0.4059
vn 0.7638 -0.1198 0.6343
vn 0.8292 -0.0896 0.5517
vn 0.7755 -0.0132 -0.6312
vn 0.8173 0.0119 -0.5760
vn 0.7296 -0.0878 0.6782
vn 0.8208 -0.0778 0.5659
vn 0.7531 -0.0067 -0.6578
vn 0.7355 -0.0923 0.6712
vn 0.7185 -0.0153 -0.6954
vn 0.7628 -0.0450 -0.6451
vn 0.7501 -0.0929 0.6547
vn 0.7722 -0.0504 -0.6334
vn 0.7734 -0.1175 0.6229
vn 0.7271 -0.0345 -0.6857
vn 0.7390 -0.1034 0.6657
vn 0.6806 -0.0493 -0.7310
vn 0.5229 -0.0872 0.8479
vn 0.7088 -0.0976 -0.6986
vn 0.6269 -0.1689 0.7606
vn 0.6572 -0.2117 0.7234
vn 0.6605 -0.2828 0.6955
vn 0.5133 -0.1879 -0.8374
vn 0.6131 -0.1785 -0.7696
vn 0.5757 -0.1728 -0.7992
vn 0.5407 -0.3137 0.7805
vn 0.4571 -0.1431 -0.8778
vn 0.4262 -0.1987 0.8826
vn 0.4300 -0.1513 -0.8901
vn 0.5440 -0.1118 -0.8316
vn 0.4541 -0.1729 0.8740
vn 0.6551 -0.0729 -0.7521
vn 0.3963 -0.0541 0.9165
vn 0.5588 0.0540 -0.8275
vn 0.5358 0.0830 0.8402
vn 0.5022 0.0962 -0.8594
vn 0.5077 0.1182 -0.8534
vn 0.4773 0.1329 0.8687
vn 0.5741 0.1144 0.8108
vn 0.5031 0.1040 -0.8579
vn 0.4005 -0.0315 0.9158
vn 0.4709 -0.0779 -0.8787
vn 0.4420 -0.1501 -0.8844
vn 0.3845 -0.1194 -0.9154
vn 0.2900 -0.0399 0.9562
vn 0.2838 -0.0458 0.9578
vn 0.2274 -0.0809 -0.9704
vn 0.0879 -0.0493 0.9949
vn 0.1822 -0.0263 0.9829
vn 0.2126 -0.0245 0.9768
vn 0.3143 -0.1029 -0.9437
vn 0.2251 -0.0156 0.9742
vn 0.1909 -0.0752 -0.9787
vn 0.1372 -0.0608 -0.9887
vn 0.1039 -0.0206 0.9944
vn 0.1680 -0.0575 -0.9841
vn 0.1958 0.0192 0.9805
vn 0.0956 -0.0704 -0.9929
vn 0.1503 -0.0749 -0.9858
vn 0.0991 0.0502 0.9938
vn 0.0883 -0.0996 -0.9911
vn -0.0404 0.0164 0.9990
vn 0.1410 -0.1062 -0.9843
vn -0.1473 0.0261 0.9887
vn 0.0472 -0.1137 -0.9924
vn -0.1081 0.0073 0.9941
vn -0.0912 -0.1096 -0.9898
vn -0.0160 -0.0758 -0.9970
vn -0.0893 -0.0456 -0.9950
vn -0.0201 -0.0182 -0.9996
vn -0.1910 0.0416 0.9807
vn -0.3322 -0.0238 -0.9429
vn -0.1035 0.2899 0.9514
vn 0.0570 0.2674 -0.9619
vn -0.1073 0.5360 0.8374
vn -0.0567 0.5571 -0.8285
vn -0.1479 0.8060 0.5732
vn -0.1390 0.8007 -0.5827
vn 0.0402 0.9310 -0.3629
vn -0.0388 0.8665 0.4977
vn -0.0242 0.9920 -0.1238
vn -0.1727 0.9782 -0.1150
vn -0.2269 0.9738 0.0152
vn -0.0509 0.9611 0.2713
vn 0.9816 -0.0380 -0.1870
vn 0.9977 -0.0557 0.0388
vn 0.9943 -0.0873 0.0606
vn 0.9955 -0.0805 0.0494
vn 0.9959 -0.0766 -0.0490
vn 0.9989 -0.0233 0.0410
vn 0.9961 -0.0849 -0.0254
vn 0.9638 -0.1018 0.2465
vn 0.9750 -0.0758 -0.2089
vn 0.9943 -0.1013 0.0327
vn 0.9646 -0.0607 -0.2566
vn 0.9935 -0.0486 -0.1026
vn 0.9809 -0.0982 0.1679
vn 0.9450 -0.1047 0.3098
vn 0.9706 -0.0641 -0.2322
vn 0.9805 -0.0980 0.1706
vn 0.9246 -0.0957 0.3686
vn 0.8819 -0.0942 0.4620
vn 0.9808 -0.0544 -0.1871
vn 0.9495 -0.0747 0.3047
vn 0.9098 -0.2329 -0.3436
vn 0.9592 -0.0270 -0.2814
vn 0.9969 -0.0752 0.0251
vn 0.9701 -0.0824 0.2285
vn 0.9948 -0.0651 0.0780
vn 0.9072 -0.0853 0.4120
vn 0.8929 -0.0197 -0.4499
vn 0.9762 -0.0484 -0.2115
vn 0.9889 -0.0538 -0.1382
vn 0.9713 -0.0699 0.2272
vn 0.9162 -0.0711 0.3943
vn 0.8471 -0.0159 -0.5312
vn 0.9975 -0.0285 -0.0646
vn 0.8899 -0.0771 0.4496
vn 0.8590 -0.0219 -0.5116
vn 0.9320 -0.0243 -0.3618
vn 0.9558 -0.0296 -0.2924
vn 0.9490 -0.0900 0.3022
vn 0.8302 -0.1013 0.5482
vn 0.8801 -0.0648 -0.4703
vn 0.9470 -0.0425 -0.3185
vn 0.9638 -0.0799 0.2542
vn 0.8375 -0.0768 0.5410
vn 0.8740 -0.1020 0.4752
vn 0.9057 -0.1289 0.4039
vn 0.9285 -0.0956 -0.3588
vn 0.9009 -0.0674 -0.4288
vn 0.8258 -0.1413 0.5459
vn 0.7733 -0.0709 0.6300
vn 0.8383 -0.0583 -0.5421
vn 0.8743 -0.1650 0.4564
vn 0.7808 -0.2173 0.5858
vn 0.7885 -0.1000 -0.6069
vn 0.7462 -0.2999 0.5944
vn 0.6167 -0.3279 0.7157
vn 0.6774 -0.1933 -0.7098
vn 0.6541 -0.3191 0.6857
vn 0.6211 -0.1922 -0.7598
vn 0.6880 -0.1914 -0.7000
vn 0.5623 -0.3124 0.7657
vn 0.6517 -0.2741 0.7072
vn 0.6115 -0.1955 0.7667
vn 0.6945 -0.2264 -0.6830
vn 0.5556 -0.0982 0.8256
vn 0.5785 -0.0156 0.8155
vn 0.6242 0.0454 0.7800
vn 0.6591 0.1734 -0.7318
vn 0.6202 0.1948 -0.7598
vn 0.7243 0.1022 -0.6819
vn 0.6572 0.1001 0.7470
vn 0.6542 0.0860 -0.7514
vn 0.5914 0.1315 0.7956
vn 0.3067 0.0251 0.9515
vn 0.6234 -0.0840 -0.7774
vn 0.5395 0.0681 0.8392
vn 0.5885 -0.0806 -0.8045
vn 0.5594 -0.2917 0.7759
vn 0.6671 -0.0697 -0.7417
vn 0.5201 -0.0662 0.8515
vn 0.5533 -0.1505 -0.8193
vn 0.5818 -0.0947 0.8078
vn 0.5304 -0.1052 0.8412
vn 0.3881 -0.2929 0.8739
vn 0.4520 -0.1490 -0.8795
vn 0.3996 -0.0691 0.9141
vn 0.5382 -0.1677 -0.8260
vn 0.4750 -0.1547 -0.8663
vn 0.4567 -0.0843 0.8856
vn 0.3877 -0.1220 -0.9137
vn 0.4783 -0.0701 0.8754
vn 0.3302 -0.0920 -0.9394
vn 0.4606 -0.1334 -0.8775
vn 0.3085 0.1149 0.9442
vn 0.2852 -0.0815 -0.9550
vn 0.2293 -0.0095 0.9733
vn 0.4133 -0.1011 -0.9050
vn 0.2897 -0.0710 -0.9545
vn 0.2524 -0.0690 -0.9652
vn -0.0532 -0.0651 0.9965
vn 0.2535 -0.0987 -0.9623
vn 0.1963 -0.0285 0.9801
vn -0.0108 -0.0813 -0.9966
vn 0.0595 -0.0229 0.9980
vn 0.1330 -0.1081 -0.9852
vn -0.1864 -0.2597 0.9475
vn 0.0699 0.0251 -0.9972
vn 0.0689 0.0840 0.9941
vn -0.0807 0.1374 0.9872
vn 0.0260 0.4757 0.8792
vn 0.1082 0.5658 -0.8174
vn 0.0080 0.7266 0.6870
vn 0.1361 0.6634 0.7358
vn 0.0038 0.7429 -0.6694
vn 0.1335 0.8026 0.5814
vn 0.0324 0.8655 -0.4999
vn 0.0496 0.9075 0.4171
vn 0.0259 0.9959 0.0861
vn 0.9993 -0.0236 -0.0279
vn 0.9974 -0.0561 0.0454
vn 0.9941 -0.0521 0.0953
vn 0.9973 -0.0716 0.0188
vn 0.9841 -0.0510 -0.1702
vn 0.9859 -0.0534 0.1589
vn 0.9607 -0.0737 -0.2677
vn 0.9949 -0.0947 -0.0358
vn 0.9787 -0.1013 0.1783
vn 0.9826 -0.1180 0.1435
vn 0.9134 -0.1073 0.3926
vn 0.9899 -0.1304 -0.0558
vn 0.9475 -0.1018 0.3030
vn 0.8913 -0.1020 -0.4417
vn 0.9610 -0.1822 -0.2080
vn 0.9380 -0.2297 0.2596
vn 0.8977 -0.1703 0.4064
vn 0.9835 -0.1726 -0.0543
vn 0.9585 -0.2446 0.1463
vn 0.9548 -0.2415 -0.1733
vn 0.8657 -0.2643 0.4251
vn 0.8226 -0.1980 -0.5330
vn 0.8989 -0.2628 -0.3505
vn 0.9209 -0.2053 -0.3313
vn 0.8375 -0.3365 0.4305
vn 0.8379 -0.3134 0.4469
vn 0.7469 -0.2359 -0.6217
vn 0.8815 -0.2628 -0.3922
vn 0.8136 -0.3189 0.4862
vn 0.8345 -0.2363 -0.4977
vn 0.8128 -0.2915 -0.5044
vn 0.7543 -0.3193 0.5737
vn 0.8054 -0.1850 -0.5631
vn 0.7759 -0.2354 0.5853
vn 0.7923 -0.1334 0.5954
vn 0.7566 -0.0837 -0.6485
vn 0.7196 -0.1207 0.6838
vn 0.7018 -0.1306 -0.7002
vn 0.6862 0.0795 0.7231
vn 0.7067 0.1049 -0.6997
vn 0.7846 0.0138 -0.6199
vn 0.7197 0.1719 0.6727
vn 0.8266 0.1057 0.5527
vn 0.8115 0.0415 -0.5829
vn 0.7202 -0.0469 -0.6921
vn 0.7738 0.0636 0.6303
vn 0.6860 -0.0080 -0.7275
vn 0.8163 -0.1111 -0.5668
vn 0.7677 -0.0798 0.6359
vn 0.7345 -0.1391 -0.6642
vn 0.7336 -0.1173 0.6694
vn 0.6663 -0.1449 -0.7314
vn 0.7059 -0.1356 0.6952
vn 0.6349 -0.1736 -0.7528
vn 0.6092 -0.1141 0.7848
vn 0.7374 -0.2297 -0.6352
vn 0.6069 -0.1700 -0.7764
vn 0.5884 -0.1587 -0.7929
vn 0.5889 -0.1153 0.7999
vn 0.6246 -0.1620 -0.7639
vn 0.5968 -0.0898 0.7973
vn 0.6185 -0.1315 -0.7747
vn 0.6011 -0.0510 0.7975
vn 0.4177 -0.0450 0.9075
vn 0.3992 -0.1088 -0.9104
vn 0.3618 -0.0574 0.9305
vn 0.5166 -0.0983 -0.8506
vn 0.3686 -0.1450 -0.9182
vn 0.4448 -0.0836 -0.8917
vn 0.3978 0.0090 0.9174
vn 0.3741 -0.0829 -0.9237
vn 0.3397 0.0057 0.9405
vn 0.3355 0.0505 0.9407
vn 0.4429 -0.1244 -0.8879
vn 0.3224 -0.4097 -0.8533
vn 0.3302 -0.0928 0.9394
vn 0.3495 -0.1135 -0.9301
vn 0.0716 -0.3411 0.9373
vn 0.2778 0.1575 -0.9476
vn 0.1873 -0.0929 -0.9779
vn 0.2314 0.0060 0.9728
vn 0.0434 -0.0176 0.9989
vn 0.1790 0.0260 -0.9835
vn 0.2451 0.1303 -0.9607
vn 0.0757 0.1077 -0.9913
vn 0.0834 0.2482 0.9651
vn 0.3092 0.3292 -0.8922
vn 0.2096 0.3417 0.9161
vn 0.2383 0.5843 -0.7757
vn 0.1742 0.5169 0.8381
vn 0.1703 0.7132 -0.6799
vn 0.1432 0.8348 -0.5315
vn 0.1112 0.9576 -0.2658
vn 0.1467 0.9673 0.2071
vn 0.0259 0.9347 0.3545
vn 0.1925 0.8783 0.4377
vn 0.1751 0.9788 -0.1063
vn 0.0753 0.9968 -0.0282
vn 0.9622 -0.2629 0.0706
vn 0.9530 -0.3023 0.0205
vn 0.8921 -0.2856 0.3501
vn 0.9046 -0.3092 0.2934
vn 0.9153 0.1021 -0.3896
vn 0.8995 -0.3862 -0.2040
vn 0.9166 -0.3580 0.1781
vn 0.8416 -0.2645 0.4710
vn 0.9474 -0.2438 -0.2075
vn 0.9387 -0.2638 0.2218
vn 0.9263 -0.2223 0.3043
vn 0.8389 -0.0733 -0.5394
vn 0.9103 -0.3067 -0.2779
vn 0.8715 -0.1667 0.4612
vn 0.9196 -0.1108 -0.3768
vn 0.8979 -0.0770 0.4334
vn 0.8293 -0.0143 -0.5587
vn 0.8389 -0.0264 0.5437
vn 0.9141 -0.0004 -0.4054
vn 0.8923 0.0205 0.4510
vn 0.7585 -0.0007 0.6517
vn 0.8005 0.0594 -0.5963
vn 0.8896 0.0932 -0.4471
vn 0.8350 0.1017 0.5407
vn 0.9436 0.0906 -0.3185
vn 0.7638 0.1199 0.6342
vn 0.8623 0.0846 -0.4992
vn 0.8863 0.0999 0.4521
vn 0.9315 0.0961 0.3509
vn 0.9349 0.0892 -0.3435
vn 0.9181 0.0863 0.3868
vn 0.8031 0.1110 0.5853
vn 0.9365 -0.0231 0.3498
vn 0.9418 -0.0194 -0.3355
vn 0.8465 -0.0161 0.5322
vn 0.9244 -0.1471 -0.3519
vn 0.9233 -0.0783 -0.3760
vn 0.8817 -0.0961 0.4619
vn 0.8477 -0.1501 -0.5088
vn 0.8768 -0.1570 -0.4546
vn 0.8810 -0.1699 -0.4416
vn 0.8487 -0.1106 0.5172
vn 0.8417 -0.1531 0.5179
vn 0.7923 -0.1739 -0.5849
vn 0.8004 -0.1482 0.5808
vn 0.8077 -0.1941 -0.5567
vn 0.8423 -0.1871 -0.5055
vn 0.7553 -0.1349 0.6413
vn 0.7159 -0.1829 -0.6738
vn 0.7404 -0.1141 0.6624
vn 0.7259 -0.1147 0.6782
vn 0.7562 -0.1676 -0.6325
vn 0.6773 -0.0926 0.7299
vn 0.6996 -0.1432 -0.7001
vn 0.6098 -0.0508 0.7909
vn 0.5910 -0.1205 -0.7976
vn 0.4247 -0.0464 0.9041
vn 0.6552 -0.1156 -0.7466
vn 0.5878 -0.0237 0.8086
vn 0.6344 -0.2149 -0.7425
vn 0.5365 -0.0168 0.8437
vn 0.5716 -0.1030 -0.8140
vn 0.4899 -0.0667 -0.8692
vn 0.5627 -0.0928 -0.8214
vn 0.5260 -0.0882 -0.8459
vn 0.5060 -0.0349 0.8618
vn 0.4498 -0.0264 0.8927
vn 0.4466 -0.1351 -0.8845
vn 0.4820 -0.1393 -0.8650
vn 0.4519 -0.0476 0.8908
vn 0.3332 -0.0701 0.9403
vn 0.4651 -0.1806 -0.8667
vn 0.4136 -0.1398 -0.8997
vn 0.4812 -0.1154 0.8690
vn 0.2433 -0.0412 0.9691
vn 0.3018 -0.1353 -0.9437
vn 0.4151 -0.1283 0.9007
vn 0.0587 -0.1318 0.9895
vn 0.3680 -0.1289 -0.9209
vn 0.3676 -0.0159 -0.9298
vn 0.2280 -0.0031 0.9737
vn 0.3127 0.4066 0.8584
vn 0.3700 0.4537 -0.8107
vn 0.2674 0.6621 -0.7001
vn 0.3984 0.5190 0.7562
vn 0.3750 0.6187 -0.6904
vn 0.3976 0.7129 -0.5776
vn 0.2722 0.5698 0.7754
vn 0.2636 0.8512 -0.4539
vn 0.3220 0.7438 0.5858
vn 0.2653 0.9456 -0.1886
vn 0.2770 0.9606 0.0224
vn 0.2893 0.9237 0.2511
vn 0.9595 -0.2770 0.0507
vn 0.9760 -0.2130 0.0446
vn 0.9600 -0.1686 -0.2234
vn 0.9915 0.0271 -0.1271
vn 0.9851 -0.1721 -0.0060
vn 0.9473 -0.1766 0.2673
vn 0.9329 -0.2032 0.2974
vn 0.9621 0.0382 -0.2699
vn 0.9869 -0.0187 0.1602
vn 0.9744 -0.0679 0.2141
vn 0.9483 -0.0158 0.3169
vn 0.9899 0.0911 -0.1086
vn 0.9976 -0.0359 -0.0593
vn 0.9679 0.0871 0.2357
vn 0.9470 0.0469 0.3176
vn 0.9859 0.0884 -0.1423
vn 0.9870 0.1106 0.1168
vn 0.9511 0.1094 0.2890
vn 0.9971 -0.0152 -0.0742
vn 0.9911 0.0006 0.1334
vn 0.9726 0.0336 0.2302
vn 0.9958 -0.0858 -0.0319
vn 0.9795 -0.0918 -0.1791
vn 0.9742 -0.1386 0.1781
vn 0.9644 -0.1123 0.2395
vn 0.9787 -0.1687 -0.1171
vn 0.9188 -0.1140 0.3779
vn 0.9689 -0.1862 -0.1629
vn 0.9100 -0.1637 -0.3809
vn 0.9807 -0.1819 0.0718
vn 0.9183 -0.2045 0.3389
vn 0.9120 -0.1598 0.3779
vn 0.8955 -0.3229 0.3062
vn 0.9487 -0.1794 -0.2604
vn 0.9088 -0.1343 0.3950
vn 0.8711 -0.1564 0.4655
vn 0.9134 -0.1919 -0.3591
vn 0.8027 -0.1699 0.5716
vn 0.7988 -0.1054 -0.5923
vn 0.8904 -0.1887 -0.4142
vn 0.8567 -0.1578 0.4911
vn 0.8626 -0.1779 -0.4735
vn 0.7722 -0.1194 0.6241
vn 0.8915 0.0743 0.4469
vn 0.8452 -0.1678 -0.5074
vn 0.7709 -0.1015 0.6288
vn 0.7487 -0.1601 -0.6433
vn 0.8241 -0.1033 -0.5570
vn 0.7246 -0.1168 -0.6792
vn 0.7433 -0.0680 0.6654
vn 0.7143 -0.0376 0.6988
vn 0.7759 -0.1290 -0.6176
vn 0.7279 -0.1037 -0.6779
vn 0.7308 -0.1136 -0.6731
vn 0.6227 -0.3179 0.7150
vn 0.7446 -0.0536 0.6654
vn 0.6839 -0.1264 -0.7185
vn 0.6733 -0.1313 -0.7276
vn 0.6334 -0.0599 0.7715
vn 0.5786 -0.0920 0.8104
vn 0.6135 -0.1557 -0.7742
vn 0.5508 -0.1805 -0.8149
vn 0.5325 -0.1468 -0.8336
vn 0.4957 -0.0968 0.8631
vn 0.5530 -0.1617 -0.8173
vn 0.4852 -0.1511 -0.8613
vn 0.4553 -0.0882 0.8859
vn 0.4485 -0.1149 0.8864
vn 0.3575 -0.0642 0.9317
vn 0.2538 0.1278 0.9588
vn 0.3658 0.2767 0.8886
vn 0.4321 0.2488 0.8668
vn 0.5401 0.3097 -0.7825
vn 0.5625 0.4389 -0.7007
vn 0.4769 0.5547 -0.6818
vn 0.4409 0.7620 -0.4743
vn 0.4361 0.6728 0.5976
vn 0.4135 0.8342 -0.3649
vn 0.4015 0.8503 0.3403
vn 0.4256 0.7812 0.4568
vn 0.3465 0.9064 -0.2415
vn 0.3949 0.9167 0.0609
vn 0.3531 0.9242 0.1458
vn 0.9832 -0.1803 0.0300
vn 0.9767 -0.1825 -0.1127
vn 0.9738 -0.1884 -0.1271
vn 0.9759 -0.1877 0.1116
vn 0.9841 -0.1712 0.0484
vn 0.9427 -0.1712 0.2864
vn 0.9521 -0.1463 0.2684
vn 0.9242 -0.1784 -0.3376
vn 0.9379 -0.1874 -0.2918
vn 0.9546 -0.1704 0.2443
vn 0.9226 -0.1435 -0.3580
vn 0.9691 -0.1239 -0.2134
vn 0.8946 -0.1341 0.4262
vn 0.9291 -0.1236 0.3485
vn 0.8299 -0.1531 -0.5365
vn 0.9058 -0.1165 0.4073
vn 0.8486 -0.0952 0.5204
vn 0.8918 -0.1571 -0.4243
vn 0.8483 -0.0946 0.5210
vn 0.8472 -0.1375 -0.5132
vn 0.8822 -0.1386 -0.4500
vn 0.7600 -0.0536 0.6478
vn 0.8632 -0.1290 -0.4880
vn 0.8227 -0.0666 0.5646
vn 0.7994 -0.1389 -0.5845
vn 0.8363 -0.1307 -0.5325
vn 0.8046 -0.0845 0.5877
vn 0.7840 -0.0923 0.6138
vn 0.7715 -0.1655 -0.6144
vn 0.7936 -0.1439 -0.5912
vn 0.6822 -0.0792 0.7269
vn 0.5801 -0.0774 0.8108
vn 0.6597 -0.1537 -0.7356
vn 0.7320 -0.1318 -0.6685
vn 0.6488 -0.0888 0.7558
vn 0.6605 -0.1679 -0.7318
vn 0.6231 -0.1734 -0.7627
vn 0.6338 -0.1146 0.7649
vn 0.7412 -0.1834 -0.6458
vn 0.6377 -0.1294 0.7594
vn 0.6094 -0.1538 -0.7778
vn 0.5484 -0.1518 -0.8223
vn 0.5137 -0.0653 0.8555
vn 0.5547 -0.0595 -0.8299
vn 0.4648 0.0217 0.8852
vn 0.6241 0.0801 -0.7772
vn 0.5200 0.1366 0.8432
vn 0.5033 0.1911 -0.8427
vn 0.6856 0.0785 -0.7238
vn 0.5336 0.4629 0.7078
vn 0.5002 0.5870 0.6366
vn 0.5588 0.5326 0.6357
vn 0.5718 0.5863 -0.5739
vn 0.5268 0.7486 -0.4025
vn 0.6344 0.6993 -0.3293
vn 0.5640 0.6803 0.4681
vn 0.5398 0.7709 -0.3381
vn 0.5058 0.8427 -0.1846
vn 0.6326 0.7642 -0.1259
vn 0.4989 0.8666 0.0107
vn 0.4986 0.8402 0.2131
vn 0.5351 0.7853 0.3114
vn 0.9920 -0.1228 -0.0302
vn 0.9714 -0.2284 -0.0646
vn 0.9787 -0.1832 0.0928
vn 0.9670 -0.1545 0.2026
vn 0.9190 -0.3941 0.0119
vn 0.9809 -0.1548 0.1182
vn 0.9650 -0.1532 0.2126
vn 0.9336 -0.1461 -0.3273
vn 0.9888 -0.1434 -0.0413
vn 0.9812 -0.1346 -0.1383
vn 0.9874 -0.1478 0.0557
vn 0.9319 -0.1452 0.3324
vn 0.9123 -0.1390 -0.3853
vn 0.9716 -0.1268 0.1999
vn 0.9405 -0.1413 -0.3090
vn 0.8857 -0.0913 0.4551
vn 0.9858 -0.0447 -0.1621
vn 0.9829 -0.1458 -0.1126
vn 0.9578 -0.1142 0.2639
vn 0.8967 -0.0811 0.4351
vn 0.8961 -0.1288 -0.4248
vn 0.9447 -0.1655 -0.2831
vn 0.8764 -0.1031 0.4704
vn 0.9450 -0.1588 -0.2859
vn 0.9316 -0.0950 0.3508
vn 0.8914 -0.1620 -0.4233
vn 0.9089 -0.1676 -0.3820
vn 0.7941 -0.0929 0.6006
vn 0.8339 -0.1621 -0.5276
vn 0.8671 -0.2064 0.4534
vn 0.8194 -0.1540 0.5521
vn 0.8324 -0.1814 -0.5236
vn 0.7307 -0.2265 0.6440
vn 0.7768 -0.1766 -0.6045
vn 0.7687 -0.1403 0.6240
vn 0.7398 -0.1421 0.6577
vn 0.6988 -0.1609 -0.6970
vn 0.7251 -0.0717 0.6849
vn 0.6708 -0.1391 -0.7284
vn 0.7142 -0.1629 -0.6807
vn 0.6452 -0.1078 0.7563
vn 0.7589 -0.1050 -0.6426
vn 0.7772 0.0131 -0.6291
vn 0.5907 0.1052 0.8000
vn 0.7454 0.0020 0.6666
vn 0.6683 0.2859 -0.6868
vn 0.7440 0.2781 -0.6076
vn 0.5622 0.3413 0.7533
vn 0.6851 0.4308 -0.5875
vn 0.7080 0.4043 0.5791
vn 0.6824 0.5649 -0.4639
vn 0.7620 0.4372 -0.4777
vn 0.6371 0.5939 0.4912
vn 0.6897 0.5554 0.4646
vn 0.7169 0.6424 -0.2710
vn 0.6832 0.7157 -0.1451
vn 0.6529 0.7101 0.2636
vn 0.5953 0.7948 0.1176
vn 0.9863 -0.1410 0.0852
vn 0.9866 -0.1321 0.0959
vn 0.9845 -0.1546 0.0834
vn 0.9795 -0.1777 -0.0951
vn 0.9791 -0.1812 -0.0919
vn 0.9311 -0.1981 0.3063
vn 0.9888 -0.1241 0.0830
vn 0.9693 -0.1497 0.1952
vn 0.9207 -0.1548 0.3584
vn 0.9387 -0.2045 -0.2774
vn 0.8288 -0.1360 0.5428
vn 0.8743 -0.1869 -0.4479
vn 0.8799 -0.1715 -0.4431
vn 0.9268 -0.3225 0.1924
vn 0.9442 -0.1912 -0.2681
vn 0.9334 -0.1649 0.3188
vn 0.8623 -0.1516 0.4832
vn 0.9190 -0.1858 -0.3477
vn 0.8097 -0.1757 -0.5600
vn 0.8534 -0.1758 -0.4908
vn 0.8800 -0.1495 0.4508
vn 0.8559 -0.1541 0.4937
vn 0.7723 -0.1539 -0.6164
vn 0.9127 -0.2223 -0.3430
vn 0.7911 -0.1265 0.5985
vn 0.8472 -0.1330 -0.5143
vn 0.8210 -0.1664 0.5461
vn 0.8036 -0.1273 0.5814
vn 0.9148 -0.0319 -0.4026
vn 0.7439 0.0101 0.6682
vn 0.8724 0.0384 -0.4872
vn 0.8278 0.0615 0.5576
vn 0.8387 0.2079 0.5034
vn 0.7146 0.2850 0.6388
vn 0.8310 0.3101 -0.4618
vn 0.7661 0.4150 0.4908
vn 0.7818 0.4615 0.4192
vn 0.8140 0.4707 -0.3404
vn 0.8115 0.5387 -0.2264
vn 0.8621 0.4971 -0.0982
vn 0.8026 0.5951 0.0412
vn 0.8363 0.5186 0.1778
vn 0.8037 0.5260 0.2783
vn 0.6845 0.7285 0.0264
vn 0.9775 -0.1784 -0.1127
vn 0.9743 -0.1734 0.1436
vn 0.9708 -0.1715 -0.1676
vn 0.9844 -0.1747 0.0223
vn 0.9799 -0.1671 0.1087
vn 0.9843 -0.1704 0.0455
vn 0.9536 -0.1604 0.2548
vn 0.9037 -0.1816 0.3878
vn 0.9476 -0.1858 -0.2599
vn 0.9497 -0.1515 0.2742
vn 0.9153 -0.1656 -0.3671
vn 0.9287 -0.1565 -0.3362
vn 0.9738 -0.1418 -0.1780
vn 0.9741 -0.1473 0.1714
vn 0.9619 -0.1740 0.2107
vn 0.8905 -0.1321 0.4354
vn 0.9626 -0.1127 -0.2462
vn 0.9563 -0.0326 0.2904
vn 0.8944 -0.1088 0.4338
vn 0.9077 0.2452 -0.3406
vn 0.8482 -0.0416 0.5280
vn 0.9768 0.1105 -0.1835
vn 0.9274 0.1366 0.3483
vn 0.9776 0.1434 0.1543
vn 0.8896 0.0516 0.4537
vn 0.9475 0.3133 -0.0644
vn 0.9518 0.2802 0.1249
vn 0.9124 0.3230 0.2512
vn 0.8557 0.3814 -0.3498
vn 0.8980 0.4372 0.0495
vn 0.8828 0.3595 0.3023
vn 0.9885 -0.1427 -0.0492
vn 0.9943 -0.0274 -0.1026
vn 0.9933 -0.0589 0.0989
vn 0.9990 0.0058 0.0438
vn 0.9915 0.1251 -0.0369
f 2//2 1//1 37//37
f 4//4 1//1 3//3
f 37//37 1//1 4//4
f 8//8 5//5 2//2
f 8//8 2//2 37//37
f 8//8 37//37 6//6
f 7//7 5//5 8//8
f 7//7 12//12 11//11
f 12//12 7//7 9//9
f 8//8 6//6 40//40
f 13//13 7//7 8//8
f 9//9 7//7 13//13
f 10//10 8//8 40//40
f 13//13 8//8 10//10
f 11//11 12//12 14//14
f 14//14 12//12 9//9
f 9//9 13//13 15//15
f 13//13 10//10 15//15
f 18//18 9//9 15//15
f 18//18 14//14 9//9
f 18//18 16//16 14//14
f 18//18 15//15 47//47
f 49//49 18//18 47//47
f 16//16 19//19 17//17
f 18//18 19//19 16//16
f 18//18 49//49 19//19
f 21//21 20//20 24//24
f 24//24 20//20 22//22
f 26//26 21//21 24//24
f 96//96 24//24 22//22
f 29//29 26//26 24//24
f 22//22 23//23 96//96
f 97//97 24//24 96//96
f 29//29 24//24 97//97
f 29//29 97//97 102//102
f 26//26 27//27 25//25
f 28//28 26//26 29//29
f 27//27 26//26 28//28
f 102//102 103//103 29//29
f 27//27 28//28 105//105
f 105//105 28//28 29//29
f 105//105 29//29 103//103
f 32//32 30//30 2//2
f 2//2 30//30 1//1
f 1//1 30//30 31//31
f 31//31 117//117 33//33
f 118//118 31//31 33//33
f 34//34 32//32 2//2
f 31//31 3//3 1//1
f 3//3 31//31 4//4
f 31//31 37//37 4//4
f 31//31 118//118 37//37
f 5//5 34//34 2//2
f 7//7 35//35 5//5
f 5//5 35//35 34//34
f 38//38 37//37 36//36
f 40//40 6//6 37//37
f 40//40 37//37 38//38
f 11//11 39//39 7//7
f 7//7 39//39 35//35
f 11//11 42//42 39//39
f 40//40 38//38 41//41
f 43//43 42//42 11//11
f 44//44 10//10 40//40
f 44//44 40//40 41//41
f 14//14 43//43 11//11
f 44//44 15//15 10//10
f 14//14 42//42 43//43
f 46//46 15//15 44//44
f 48//48 45//45 42//42
f 16//16 42//42 14//14
f 47//47 15//15 46//46
f 48//48 42//42 16//16
f 17//17 50//50 16//16
f 16//16 50//50 48//48
f 49//49 47//47 52//52
f 47//47 46//46 52//52
f 48//48 50//50 51//51
f 17//17 53//53 50//50
f 55//55 49//49 52//52
f 51//51 50//50 54//54
f 56//56 17//17 19//19
f 49//49 56//56 19//19
f 54//54 50//50 53//53
f 56//56 49//49 55//55
f 60//60 53//53 17//17
f 60//60 17//17 56//56
f 131//131 56//56 55//55
f 58//58 53//53 59//59
f 59//59 53//53 60//60
f 60//60 56//56 57//57
f 56//56 131//131 57//57
f 63//63 61//61 58//58
f 63//63 58//58 59//59
f 64//64 59//59 60//60
f 64//64 60//60 62//62
f 60//60 57//57 62//62
f 66//66 61//61 63//63
f 64//64 63//63 59//59
f 64//64 62//62 65//65
f 67//67 66//66 63//63
f 63//63 64//64 71//71
f 68//68 64//64 65//65
f 71//71 64//64 68//68
f 70//70 66//66 67//67
f 67//67 63//63 71//71
f 71//71 68//68 69//69
f 72//72 70//70 67//67
f 72//72 67//67 71//71
f 69//69 73//73 71//71
f 74//74 70//70 75//75
f 77//77 70//70 72//72
f 75//75 70//70 77//77
f 78//78 72//72 71//71
f 78//78 71//71 73//73
f 77//77 72//72 78//78
f 78//78 73//73 79//79
f 83//83 74//74 75//75
f 81//81 77//77 78//78
f 82//82 77//77 81//81
f 81//81 78//78 79//79
f 80//80 76//76 74//74
f 74//74 83//83 80//80
f 88//88 75//75 77//77
f 83//83 75//75 88//88
f 84//84 77//77 82//82
f 88//88 77//77 84//84
f 81//81 79//79 82//82
f 85//85 90//90 89//89
f 86//86 85//85 83//83
f 86//86 83//83 87//87
f 87//87 83//83 88//88
f 84//84 82//82 88//88
f 90//90 86//86 21//21
f 90//90 85//85 86//86
f 21//21 86//86 20//20
f 20//20 86//86 87//87
f 87//87 22//22 20//20
f 22//22 87//87 92//92
f 93//93 90//90 91//91
f 26//26 91//91 21//21
f 21//21 91//91 90//90
f 26//26 93//93 91//91
f 22//22 92//92 23//23
f 92//92 94//94 23//23
f 92//92 149//149 94//94
f 26//26 95//95 93//93
f 94//94 96//96 23//23
f 25//25 99//99 26//26
f 26//26 99//99 95//95
f 27//27 99//99 25//25
f 97//97 100//100 102//102
f 97//97 96//96 100//100
f 101//101 98//98 99//99
f 101//101 99//99 27//27
f 98//98 101//101 27//27
f 27//27 105//105 98//98
f 102//102 100//100 104//104
f 102//102 104//104 103//103
f 98//98 107//107 106//106
f 107//107 98//98 111//111
f 111//111 98//98 105//105
f 109//109 105//105 103//103
f 111//111 105//105 108//108
f 108//108 105//105 109//109
f 110//110 109//109 103//103
f 108//108 109//109 111//111
f 32//32 116//116 112//112
f 32//32 112//112 30//30
f 30//30 112//112 31//31
f 31//31 112//112 113//113
f 169//169 117//117 31//31
f 114//114 169//169 31//31
f 113//113 114//114 31//31
f 115//115 116//116 32//32
f 117//117 118//118 33//33
f 34//34 171//171 115//115
f 34//34 115//115 32//32
f 36//36 37//37 118//118
f 35//35 119//119 34//34
f 34//34 119//119 171//171
f 174//174 38//38 36//36
f 39//39 120//120 35//35
f 122//122 41//41 38//38
f 176//176 39//39 123//123
f 122//122 44//44 41//41
f 45//45 123//123 42//42
f 42//42 123//123 39//39
f 182//182 46//46 44//44
f 48//48 124//124 45//45
f 124//124 123//123 45//45
f 125//125 46//46 182//182
f 48//48 126//126 124//124
f 125//125 52//52 46//46
f 51//51 126//126 48//48
f 54//54 128//128 51//51
f 51//51 128//128 126//126
f 129//129 52//52 127//127
f 126//126 128//128 186//186
f 54//54 186//186 128//128
f 129//129 55//55 52//52
f 130//130 186//186 54//54
f 53//53 130//130 54//54
f 129//129 131//131 55//55
f 132//132 186//186 130//130
f 58//58 130//130 53//53
f 61//61 132//132 58//58
f 58//58 132//132 130//130
f 131//131 190//190 57//57
f 61//61 133//133 132//132
f 57//57 193//193 194//194
f 57//57 194//194 62//62
f 66//66 133//133 61//61
f 62//62 194//194 196//196
f 66//66 134//134 133//133
f 62//62 196//196 198//198
f 62//62 198//198 65//65
f 198//198 68//68 65//65
f 198//198 199//199 136//136
f 70//70 135//135 66//66
f 198//198 69//69 68//68
f 198//198 137//137 69//69
f 198//198 136//136 137//137
f 138//138 73//73 137//137
f 137//137 73//73 69//69
f 74//74 200//200 70//70
f 70//70 200//200 135//135
f 139//139 73//73 138//138
f 76//76 140//140 74//74
f 74//74 140//140 200//200
f 141//141 79//79 73//73
f 73//73 139//139 141//141
f 142//142 79//79 141//141
f 143//143 76//76 80//80
f 144//144 76//76 143//143
f 85//85 143//143 83//83
f 83//83 143//143 80//80
f 431//431 82//82 79//79
f 79//79 142//142 431//431
f 85//85 144//144 143//143
f 89//89 145//145 85//85
f 85//85 145//145 144//144
f 87//87 88//88 82//82
f 82//82 431//431 146//146
f 82//82 146//146 87//87
f 207//207 145//145 89//89
f 87//87 146//146 208//208
f 147//147 87//87 208//208
f 149//149 87//87 147//147
f 149//149 92//92 87//87
f 93//93 89//89 90//90
f 95//95 148//148 93//93
f 93//93 148//148 89//89
f 213//213 94//94 149//149
f 151//151 96//96 213//213
f 213//213 96//96 94//94
f 99//99 150//150 95//95
f 95//95 150//150 148//148
f 98//98 150//150 99//99
f 96//96 151//151 100//100
f 98//98 152//152 150//150
f 153//153 157//157 152//152
f 98//98 153//153 152//152
f 154//154 104//104 100//100
f 106//106 157//157 98//98
f 98//98 157//157 153//153
f 104//104 154//154 103//103
f 154//154 221//221 103//103
f 107//107 157//157 106//106
f 103//103 221//221 110//110
f 221//221 154//154 222//222
f 156//156 157//157 107//107
f 110//110 221//221 109//109
f 221//221 158//158 224//224
f 111//111 159//159 107//107
f 159//159 156//156 107//107
f 159//159 163//163 156//156
f 224//224 109//109 221//221
f 161//161 156//156 163//163
f 224//224 225//225 109//109
f 160//160 161//161 163//163
f 233//233 111//111 109//109
f 159//159 111//111 233//233
f 109//109 225//225 228//228
f 109//109 228//228 233//233
f 162//162 161//161 160//160
f 160//160 163//163 165//165
f 159//159 233//233 163//163
f 165//165 163//163 166//166
f 163//163 233//233 166//166
f 160//160 165//165 164//164
f 165//165 166//166 167//167
f 116//116 168//168 112//112
f 112//112 168//168 113//113
f 113//113 169//169 114//114
f 168//168 169//169 113//113
f 271//271 116//116 270//270
f 116//116 171//171 270//270
f 116//116 115//115 171//171
f 170//170 117//117 169//169
f 118//118 117//117 170//170
f 172//172 118//118 170//170
f 119//119 173//173 171//171
f 36//36 118//118 172//172
f 277//277 36//36 172//172
f 173//173 119//119 175//175
f 36//36 277//277 174//174
f 35//35 175//175 119//119
f 174//174 281//281 38//38
f 120//120 176//176 35//35
f 35//35 176//176 175//175
f 121//121 122//122 38//38
f 281//281 121//121 38//38
f 39//39 176//176 120//120
f 281//281 122//122 121//121
f 282//282 122//122 281//281
f 176//176 178//178 177//177
f 176//176 123//123 178//178
f 282//282 44//44 122//122
f 179//179 44//44 282//282
f 123//123 180//180 178//178
f 179//179 182//182 44//44
f 124//124 180//180 123//123
f 125//125 182//182 183//183
f 126//126 184//184 124//124
f 124//124 184//184 181//181
f 183//183 52//52 125//125
f 183//183 127//127 52//52
f 185//185 129//129 183//183
f 183//183 129//129 127//127
f 187//187 184//184 186//186
f 126//126 186//186 184//184
f 186//186 188//188 187//187
f 185//185 131//131 129//129
f 132//132 188//188 186//186
f 132//132 189//189 188//188
f 185//185 190//190 131//131
f 185//185 191//191 190//190
f 189//189 132//132 192//192
f 191//191 57//57 190//190
f 133//133 192//192 132//132
f 191//191 193//193 57//57
f 134//134 195//195 133//133
f 194//194 193//193 196//196
f 196//196 193//193 199//199
f 196//196 199//199 198//198
f 66//66 195//195 134//134
f 135//135 197//197 66//66
f 66//66 197//197 195//195
f 199//199 137//137 136//136
f 138//138 137//137 199//199
f 140//140 202//202 200//200
f 200//200 202//202 201//201
f 304//304 203//203 139//139
f 203//203 141//141 139//139
f 76//76 204//204 140//140
f 203//203 142//142 141//141
f 144//144 204//204 76//76
f 203//203 309//309 142//142
f 145//145 204//204 144//144
f 142//142 309//309 431//431
f 145//145 205//205 204//204
f 207//207 206//206 145//145
f 145//145 206//206 205//205
f 208//208 146//146 431//431
f 431//431 311//311 209//209
f 431//431 209//209 208//208
f 209//209 147//147 208//208
f 89//89 312//312 207//207
f 210//210 147//147 209//209
f 148//148 314//314 89//89
f 89//89 314//314 312//312
f 211//211 149//149 210//210
f 210//210 149//149 147//147
f 211//211 213//213 149//149
f 150//150 212//212 148//148
f 211//211 151//151 213//213
f 320//320 151//151 211//211
f 152//152 214//214 150//150
f 216//216 100//100 151//151
f 320//320 216//216 151//151
f 152//152 215//215 214//214
f 216//216 154//154 100//100
f 157//157 217//217 152//152
f 152//152 217//217 215//215
f 154//154 216//216 218//218
f 219//219 217//217 155//155
f 217//217 157//157 155//155
f 157//157 219//219 155//155
f 218//218 222//222 154//154
f 156//156 220//220 157//157
f 157//157 220//220 219//219
f 161//161 223//223 156//156
f 156//156 223//223 220//220
f 221//221 222//222 158//158
f 158//158 226//226 225//225
f 224//224 158//158 225//225
f 226//226 158//158 450//450
f 227//227 223//223 229//229
f 162//162 230//230 161//161
f 230//230 223//223 161//161
f 230//230 229//229 223//223
f 160//160 230//230 162//162
f 228//228 225//225 231//231
f 235//235 229//229 230//230
f 164//164 235//235 160//160
f 160//160 235//235 230//230
f 234//234 233//233 228//228
f 228//228 231//231 234//234
f 232//232 229//229 241//241
f 165//165 235//235 164//164
f 233//233 236//236 166//166
f 237//237 233//233 234//234
f 236//236 233//233 237//237
f 241//241 229//229 238//238
f 239//239 229//229 235//235
f 238//238 229//229 239//239
f 239//239 235//235 240//240
f 240//240 235//235 165//165
f 167//167 236//236 165//165
f 165//165 236//236 240//240
f 166//166 236//236 167//167
f 242//242 236//236 237//237
f 238//238 239//239 241//241
f 243//243 240//240 236//236
f 243//243 236//236 242//242
f 237//237 341//341 242//242
f 243//243 239//239 240//240
f 247//247 239//239 243//243
f 244//244 243//243 242//242
f 244//244 242//242 245//245
f 242//242 341//341 245//245
f 247//247 243//243 250//250
f 250//250 243//243 248//248
f 245//245 243//243 244//244
f 248//248 243//243 245//245
f 253//253 246//246 247//247
f 245//245 249//249 248//248
f 252//252 246//246 253//253
f 254//254 253//253 247//247
f 254//254 247//247 250//250
f 248//248 249//249 250//250
f 250//250 249//249 254//254
f 255//255 251//251 252//252
f 255//255 252//252 253//253
f 256//256 253//253 254//254
f 256//256 254//254 257//257
f 254//254 249//249 353//353
f 254//254 353//353 257//257
f 251//251 357//357 258//258
f 261//261 255//255 253//253
f 251//251 255//255 261//261
f 259//259 253//253 256//256
f 261//261 253//253 259//259
f 256//256 257//257 259//259
f 357//357 251//251 260//260
f 260//260 251//251 261//261
f 263//263 260//260 261//261
f 264//264 261//261 259//259
f 259//259 262//262 264//264
f 267//267 263//263 261//261
f 267//267 261//261 264//264
f 263//263 265//265 266//266
f 265//265 263//263 267//267
f 264//264 262//262 364//364
f 264//264 364//364 267//267
f 371//371 265//265 267//267
f 371//371 267//267 268//268
f 268//268 267//267 364//364
f 168//168 116//116 392//392
f 116//116 393//393 392//392
f 116//116 271//271 393//393
f 272//272 168//168 269//269
f 168//168 272//272 169//169
f 170//170 169//169 272//272
f 170//170 272//272 273//273
f 171//171 274//274 271//271
f 171//171 271//271 270//270
f 274//274 171//171 173//173
f 398//398 274//274 173//173
f 172//172 275//275 276//276
f 172//172 170//170 275//275
f 278//278 398//398 173//173
f 277//277 172//172 276//276
f 279//279 278//278 173//173
f 522//522 174//174 277//277
f 175//175 279//279 173//173
f 522//522 281//281 174//174
f 176//176 280//280 175//175
f 177//177 280//280 176//176
f 178//178 284//284 177//177
f 285//285 179//179 282//282
f 282//282 283//283 285//285
f 180//180 284//284 178//178
f 286//286 182//182 285//285
f 285//285 182//182 179//179
f 406//406 284//284 409//409
f 124//124 284//284 180//180
f 286//286 287//287 182//182
f 409//409 284//284 181//181
f 124//124 181//181 284//284
f 287//287 286//286 288//288
f 181//181 410//410 409//409
f 287//287 183//183 182//182
f 288//288 183//183 287//287
f 184//184 410//410 181//181
f 184//184 290//290 410//410
f 408//408 183//183 288//288
f 289//289 183//183 408//408
f 187//187 290//290 184//184
f 289//289 185//185 183//183
f 413//413 185//185 289//289
f 187//187 291//291 290//290
f 531//531 185//185 413//413
f 189//189 187//187 188//188
f 291//291 187//187 189//189
f 292//292 185//185 531//531
f 292//292 191//191 185//185
f 192//192 293//293 189//189
f 416//416 191//191 292//292
f 192//192 294//294 293//293
f 193//193 191//191 416//416
f 133//133 295//295 192//192
f 192//192 295//295 294//294
f 195//195 295//295 133//133
f 193//193 418//418 296//296
f 299//299 295//295 298//298
f 197//197 298//298 195//195
f 195//195 298//298 295//295
f 296//296 199//199 193//193
f 296//296 297//297 421//421
f 299//299 298//298 300//300
f 135//135 300//300 197//197
f 197//197 300//300 298//298
f 301//301 199//199 296//296
f 296//296 421//421 301//301
f 200//200 302//302 135//135
f 135//135 302//302 300//300
f 301//301 138//138 199//199
f 201//201 303//303 200//200
f 200//200 303//303 302//302
f 301//301 139//139 138//138
f 304//304 139//139 301//301
f 423//423 304//304 301//301
f 303//303 201//201 305//305
f 201//201 306//306 305//305
f 201//201 202//202 306//306
f 425//425 203//203 304//304
f 140//140 306//306 202//202
f 204//204 306//306 140//140
f 307//307 309//309 203//203
f 205//205 308//308 204//204
f 206//206 310//310 205//205
f 207//207 310//310 206//206
f 207//207 312//312 310//310
f 311//311 432//432 313//313
f 311//311 313//313 209//209
f 437//437 210//210 209//209
f 316//316 148//148 315//315
f 316//316 314//314 148//148
f 438//438 211//211 317//317
f 211//211 437//437 317//317
f 211//211 210//210 437//437
f 316//316 315//315 318//318
f 212//212 318//318 148//148
f 148//148 318//318 315//315
f 319//319 211//211 438//438
f 319//319 320//320 211//211
f 319//319 549//549 320//320
f 214//214 321//321 150//150
f 150//150 321//321 212//212
f 320//320 549//549 322//322
f 215//215 321//321 214//214
f 551//551 216//216 322//322
f 322//322 216//216 320//320
f 321//321 215//215 323//323
f 551//551 444//444 216//216
f 219//219 215//215 217//217
f 324//324 218//218 216//216
f 324//324 216//216 444//444
f 220//220 326//326 219//219
f 219//219 326//326 325//325
f 218//218 327//327 222//222
f 223//223 326//326 220//220
f 328//328 158//158 222//222
f 222//222 327//327 329//329
f 222//222 329//329 328//328
f 326//326 223//223 448//448
f 223//223 330//330 448//448
f 158//158 328//328 329//329
f 223//223 331//331 330//330
f 450//450 225//225 226//226
f 227//227 333//333 223//223
f 223//223 333//333 331//331
f 225//225 450//450 332//332
f 229//229 333//333 227//227
f 332//332 231//231 225//225
f 232//232 336//336 229//229
f 229//229 336//336 333//333
f 335//335 234//234 332//332
f 332//332 234//234 231//231
f 332//332 334//334 335//335
f 241//241 336//336 232//232
f 335//335 455//455 234//234
f 241//241 337//337 336//336
f 234//234 338//338 237//237
f 234//234 455//455 339//339
f 234//234 339//339 338//338
f 340//340 337//337 241//241
f 239//239 340//340 241//241
f 338//338 341//341 237//237
f 341//341 338//338 339//339
f 344//344 340//340 342//342
f 247//247 342//342 239//239
f 239//239 342//342 340//340
f 246//246 344//344 247//247
f 247//247 344//344 342//342
f 341//341 343//343 245//245
f 343//343 347//347 245//245
f 343//343 341//341 461//461
f 346//346 345//345 344//344
f 246//246 346//346 344//344
f 347//347 249//249 245//245
f 343//343 461//461 347//347
f 348//348 345//345 346//346
f 350//350 345//345 348//348
f 252//252 348//348 246//246
f 246//246 348//348 346//346
f 351//351 249//249 347//347
f 351//351 347//347 349//349
f 251//251 350//350 252//252
f 252//252 350//350 348//348
f 354//354 249//249 351//351
f 355//355 352//352 350//350
f 258//258 355//355 251//251
f 251//251 355//355 350//350
f 354//354 353//353 249//249
f 351//351 349//349 467//467
f 351//351 467//467 354//354
f 356//356 352//352 355//355
f 357//357 355//355 258//258
f 353//353 262//262 257//257
f 359//359 356//356 355//355
f 359//359 355//355 357//357
f 262//262 259//259 257//257
f 358//358 262//262 353//353
f 362//362 356//356 359//359
f 361//361 356//356 362//362
f 263//263 359//359 260//260
f 260//260 359//359 357//357
f 360//360 262//262 358//358
f 363//363 262//262 360//360
f 263//263 362//362 359//359
f 365//365 262//262 363//363
f 361//361 367//367 366//366
f 368//368 361//361 362//362
f 367//367 361//361 368//368
f 266//266 368//368 263//263
f 263//263 368//368 362//362
f 365//365 364//364 262//262
f 363//363 360//360 369//369
f 363//363 369//369 365//365
f 265//265 368//368 266//266
f 369//369 364//364 365//365
f 372//372 364//364 369//369
f 477//477 366//366 367//367
f 367//367 480//480 477//477
f 374//374 367//367 368//368
f 480//480 367//367 374//374
f 371//371 370//370 265//265
f 370//370 368//368 265//265
f 370//370 374//374 368//368
f 268//268 364//364 371//371
f 364//364 375//375 371//371
f 369//369 478//478 372//372
f 373//373 480//480 374//374
f 377//377 370//370 371//371
f 374//374 370//370 377//377
f 377//377 371//371 375//375
f 364//364 372//372 375//375
f 376//376 373//373 374//374
f 380//380 374//374 377//377
f 377//377 375//375 378//378
f 380//380 376//376 374//374
f 381//381 380//380 377//377
f 381//381 377//377 378//378
f 385//385 380//380 381//381
f 382//382 381//381 378//378
f 378//378 485//485 488//488
f 378//378 488//488 382//382
f 383//383 379//379 376//376
f 376//376 384//384 383//383
f 380//380 384//384 376//376
f 387//387 380//380 385//385
f 384//384 380//380 387//387
f 386//386 385//385 381//381
f 381//381 382//382 386//386
f 390//390 385//385 386//386
f 387//387 385//385 390//390
f 386//386 382//382 390//390
f 384//384 389//389 388//388
f 387//387 389//389 384//384
f 389//389 387//387 390//390
f 389//389 390//390 391//391
f 392//392 394//394 168//168
f 168//168 395//395 269//269
f 394//394 395//395 168//168
f 395//395 396//396 269//269
f 397//397 514//514 271//271
f 514//514 393//393 271//271
f 396//396 272//272 269//269
f 273//273 272//272 396//396
f 273//273 396//396 275//275
f 271//271 274//274 397//397
f 397//397 274//274 398//398
f 273//273 275//275 170//170
f 275//275 399//399 276//276
f 277//277 276//276 399//399
f 277//277 399//399 401//401
f 279//279 400//400 278//278
f 278//278 400//400 398//398
f 520//520 277//277 401//401
f 520//520 522//522 277//277
f 175//175 280//280 279//279
f 402//402 281//281 522//522
f 403//403 282//282 402//402
f 282//282 281//281 402//402
f 177//177 525//525 280//280
f 177//177 404//404 525//525
f 403//403 283//283 282//282
f 405//405 283//283 403//403
f 284//284 404//404 177//177
f 284//284 406//406 404//404
f 405//405 285//285 283//283
f 405//405 286//286 285//285
f 527//527 286//286 405//405
f 409//409 526//526 406//406
f 409//409 407//407 526//526
f 408//408 288//288 286//286
f 407//407 409//409 410//410
f 412//412 411//411 410//410
f 410//410 290//290 412//412
f 189//189 414//414 291//291
f 189//189 532//532 414//414
f 415//415 292//292 531//531
f 293//293 532//532 189//189
f 294//294 532//532 293//293
f 294//294 535//535 532//532
f 416//416 292//292 415//415
f 295//295 535//535 294//294
f 295//295 536//536 535//535
f 417//417 193//193 416//416
f 295//295 537//537 536//536
f 417//417 418//418 193//193
f 299//299 537//537 295//295
f 299//299 419//419 537//537
f 297//297 296//296 418//418
f 417//417 297//297 418//418
f 420//420 297//297 417//417
f 299//299 422//422 419//419
f 421//421 297//297 420//420
f 300//300 422//422 299//299
f 423//423 301//301 421//421
f 302//302 422//422 300//300
f 302//302 541//541 422//422
f 303//303 541//541 302//302
f 303//303 424//424 541//541
f 648//648 304//304 423//423
f 305//305 424//424 303//303
f 648//648 425//425 304//304
f 424//424 305//305 306//306
f 426//426 203//203 425//425
f 203//203 426//426 544//544
f 545//545 203//203 544//544
f 204//204 427//427 306//306
f 428//428 307//307 203//203
f 203//203 545//545 428//428
f 204//204 308//308 427//427
f 428//428 309//309 307//307
f 205//205 429//429 308//308
f 428//428 431//431 309//309
f 428//428 432//432 431//431
f 310//310 430//430 205//205
f 205//205 430//430 429//429
f 432//432 311//311 431//431
f 314//314 433//433 312//312
f 312//312 433//433 310//310
f 437//437 209//209 313//313
f 316//316 434//434 314//314
f 314//314 434//434 433//433
f 548//548 437//437 436//436
f 435//435 434//434 316//316
f 439//439 435//435 316//316
f 438//438 317//317 437//437
f 548//548 438//438 437//437
f 318//318 439//439 316//316
f 549//549 319//319 438//438
f 212//212 439//439 318//318
f 212//212 440//440 439//439
f 321//321 440//440 212//212
f 321//321 441//441 440//440
f 551//551 322//322 549//549
f 323//323 441//441 321//321
f 215//215 443//443 323//323
f 442//442 444//444 551//551
f 219//219 445//445 215//215
f 215//215 445//445 443//443
f 325//325 445//445 219//219
f 447//447 218//218 444//444
f 444//444 218//218 324//324
f 444//444 556//556 447//447
f 445//445 325//325 446//446
f 447//447 327//327 218//218
f 448//448 325//325 326//326
f 447//447 329//329 327//327
f 559//559 329//329 447//447
f 330//330 560//560 448//448
f 559//559 666//666 158//158
f 329//329 559//559 158//158
f 331//331 449//449 330//330
f 330//330 449//449 560//560
f 666//666 450//450 158//158
f 450//450 666//666 564//564
f 450//450 564//564 332//332
f 333//333 451//451 331//331
f 452//452 334//334 332//332
f 332//332 564//564 452//452
f 336//336 453//453 333//333
f 333//333 453//453 451//451
f 452//452 335//335 334//334
f 336//336 454//454 453//453
f 452//452 455//455 335//335
f 452//452 566//566 455//455
f 337//337 456//456 336//336
f 336//336 456//456 454//454
f 457//457 339//339 455//455
f 457//457 455//455 566//566
f 457//457 459//459 339//339
f 344//344 458//458 340//340
f 340//340 458//458 337//337
f 459//459 341//341 339//339
f 345//345 460//460 344//344
f 344//344 460//460 458//458
f 459//459 461//461 341//341
f 345//345 462//462 460//460
f 463//463 347//347 461//461
f 350//350 464//464 345//345
f 345//345 464//464 462//462
f 465//465 349//349 463//463
f 463//463 349//349 347//347
f 463//463 574//574 465//465
f 352//352 464//464 350//350
f 352//352 466//466 464//464
f 465//465 467//467 349//349
f 465//465 574//574 468//468
f 465//465 468//468 467//467
f 356//356 466//466 352//352
f 470//470 353//353 354//354
f 467//467 470//470 354//354
f 356//356 469//469 466//466
f 470//470 358//358 353//353
f 467//467 468//468 582//582
f 467//467 582//582 470//470
f 361//361 469//469 356//356
f 472//472 360//360 470//470
f 470//470 360//360 358//358
f 361//361 471//471 469//469
f 366//366 473//473 361//361
f 361//361 473//473 471//471
f 474//474 369//369 472//472
f 472//472 369//369 360//360
f 473//473 366//366 475//475
f 476//476 369//369 474//474
f 475//475 366//366 479//479
f 477//477 479//479 366//366
f 476//476 478//478 369//369
f 480//480 479//479 477//477
f 481//481 375//375 372//372
f 478//478 481//481 372//372
f 482//482 479//479 480//480
f 486//486 479//479 482//482
f 376//376 482//482 373//373
f 373//373 482//482 480//480
f 481//481 378//378 375//375
f 483//483 481//481 478//478
f 478//478 590//590 483//483
f 484//484 486//486 482//482
f 487//487 486//486 484//484
f 379//379 484//484 376//376
f 376//376 484//484 482//482
f 481//481 485//485 378//378
f 485//485 481//481 483//483
f 379//379 487//487 484//484
f 488//488 483//483 489//489
f 485//485 483//483 488//488
f 383//383 487//487 379//379
f 383//383 490//490 487//487
f 488//488 492//492 382//382
f 488//488 489//489 492//492
f 493//493 490//490 383//383
f 388//388 493//493 384//384
f 384//384 493//493 383//383
f 494//494 382//382 492//492
f 491//491 490//490 495//495
f 389//389 493//493 388//388
f 382//382 494//494 390//390
f 494//494 499//499 390//390
f 492//492 600//600 494//494
f 496//496 490//490 493//493
f 495//495 490//490 496//496
f 501//501 493//493 389//389
f 501//501 496//496 493//493
f 391//391 499//499 389//389
f 389//389 499//499 501//501
f 390//390 499//499 391//391
f 497//497 499//499 494//494
f 497//497 494//494 600//600
f 495//495 498//498 500//500
f 498//498 495//495 496//496
f 506//506 496//496 501//501
f 502//502 501//501 499//499
f 497//497 606//606 499//499
f 498//498 496//496 506//506
f 503//503 502//502 499//499
f 499//499 606//606 605//605
f 499//499 605//605 503//503
f 498//498 504//504 508//508
f 505//505 498//498 506//506
f 504//504 498//498 505//505
f 507//507 501//501 502//502
f 506//506 501//501 507//507
f 502//502 503//503 507//507
f 504//504 505//505 508//508
f 510//510 505//505 506//506
f 506//506 507//507 510//510
f 509//509 508//508 505//505
f 509//509 505//505 510//510
f 511//511 510//510 507//507
f 512//512 392//392 393//393
f 395//395 394//394 513//513
f 513//513 396//396 395//395
f 512//512 393//393 514//514
f 394//394 515//515 513//513
f 513//513 515//515 396//396
f 515//515 516//516 396//396
f 275//275 396//396 516//516
f 397//397 398//398 514//514
f 514//514 398//398 517//517
f 516//516 399//399 275//275
f 519//519 518//518 400//400
f 398//398 400//400 517//517
f 517//517 400//400 518//518
f 622//622 401//401 399//399
f 279//279 519//519 400//400
f 625//625 522//522 520//520
f 280//280 521//521 279//279
f 280//280 523//523 521//521
f 525//525 523//523 280//280
f 627//627 402//402 522//522
f 402//402 627//627 524//524
f 524//524 403//403 402//402
f 405//405 403//403 524//524
f 406//406 525//525 404//404
f 406//406 526//526 525//525
f 634//634 527//527 405//405
f 527//527 408//408 286//286
f 410//410 528//528 407//407
f 635//635 408//408 527//527
f 411//411 528//528 410//410
f 635//635 289//289 408//408
f 636//636 289//289 635//635
f 529//529 411//411 412//412
f 636//636 413//413 289//289
f 412//412 290//290 529//529
f 290//290 414//414 529//529
f 290//290 291//291 414//414
f 530//530 413//413 636//636
f 530//530 531//531 413//413
f 533//533 415//415 531//531
f 416//416 415//415 533//533
f 534//534 416//416 533//533
f 420//420 417//417 416//416
f 422//422 537//537 419//419
f 422//422 539//539 537//537
f 538//538 421//421 420//420
f 540//540 421//421 538//538
f 422//422 541//541 539//539
f 540//540 423//423 421//421
f 742//742 648//648 423//423
f 425//425 648//648 543//543
f 306//306 542//542 424//424
f 544//544 426//426 543//543
f 543//543 426//426 425//425
f 543//543 545//545 544//544
f 427//427 542//542 306//306
f 308//308 542//542 427//427
f 308//308 546//546 542//542
f 651//651 428//428 545//545
f 429//429 546//546 308//308
f 652//652 428//428 651//651
f 430//430 547//547 429//429
f 652//652 432//432 428//428
f 310//310 547//547 430//430
f 310//310 655//655 547//547
f 433//433 655//655 310//310
f 654//654 313//313 432//432
f 656//656 313//313 654//654
f 434//434 655//655 433//433
f 434//434 435//435 655//655
f 437//437 656//656 436//436
f 437//437 313//313 656//656
f 755//755 548//548 436//436
f 549//549 438//438 548//548
f 440//440 550//550 439//439
f 441//441 323//323 440//440
f 658//658 551//551 549//549
f 662//662 442//442 551//551
f 443//443 552//552 323//323
f 662//662 444//444 442//442
f 553//553 444//444 662//662
f 445//445 552//552 443//443
f 445//445 554//554 552//552
f 556//556 444//444 553//553
f 446//446 554//554 445//445
f 446//446 555//555 554//554
f 556//556 557//557 447//447
f 446//446 448//448 558//558
f 325//325 448//448 446//446
f 557//557 559//559 447//447
f 557//557 664//664 559//559
f 560//560 558//558 448//448
f 561//561 559//559 664//664
f 561//561 666//666 559//559
f 563//563 562//562 560//560
f 560//560 449//449 563//563
f 451//451 449//449 331//331
f 451//451 453//453 449//449
f 669//669 452//452 564//564
f 669//669 566//566 452//452
f 454//454 565//565 453//453
f 456//456 672//672 454//454
f 566//566 567//567 457//457
f 337//337 672//672 456//456
f 337//337 568//568 672//672
f 569//569 457//457 567//567
f 458//458 568//568 337//337
f 463//463 459//459 569//569
f 569//569 459//459 457//457
f 460//460 462//462 458//458
f 463//463 461//461 459//459
f 463//463 569//569 570//570
f 463//463 570//570 572//572
f 463//463 572//572 571//571
f 464//464 675//675 462//462
f 464//464 573//573 675//675
f 571//571 574//574 463//463
f 571//571 572//572 574//574
f 464//464 577//577 573//573
f 575//575 468//468 574//574
f 575//575 574//574 572//572
f 577//577 466//466 576//576
f 577//577 464//464 466//466
f 577//577 576//576 579//579
f 577//577 579//579 580//580
f 466//466 579//579 576//576
f 580//580 579//579 581//581
f 469//469 579//579 466//466
f 578//578 582//582 468//468
f 469//469 581//581 579//579
f 474//474 472//472 470//470
f 582//582 474//474 470//470
f 471//471 583//583 469//469
f 469//469 583//583 581//581
f 474//474 582//582 584//584
f 471//471 473//473 583//583
f 474//474 584//584 585//585
f 475//475 586//586 473//473
f 587//587 476//476 585//585
f 585//585 476//476 474//474
f 479//479 586//586 475//475
f 479//479 588//588 586//586
f 591//591 478//478 476//476
f 476//476 587//587 591//591
f 486//486 589//589 479//479
f 479//479 589//589 588//588
f 591//591 590//590 478//478
f 486//486 593//593 589//589
f 590//590 591//591 596//596
f 594//594 593//593 486//486
f 594//594 592//592 593//593
f 487//487 594//594 486//486
f 595//595 489//489 483//483
f 595//595 483//483 590//590
f 596//596 595//595 590//590
f 597//597 593//593 592//592
f 490//490 592//592 487//487
f 487//487 592//592 594//594
f 689//689 492//492 595//595
f 595//595 492//492 489//489
f 491//491 599//599 490//490
f 490//490 599//599 592//592
f 598//598 492//492 689//689
f 495//495 599//599 491//491
f 598//598 600//600 492//492
f 495//495 601//601 599//599
f 600//600 602//602 497//497
f 500//500 604//604 495//495
f 495//495 604//604 601//601
f 602//602 606//606 497//497
f 498//498 604//604 500//500
f 602//602 607//607 606//606
f 608//608 603//603 604//604
f 508//508 608//608 498//498
f 498//498 608//608 604//604
f 605//605 609//609 503//503
f 605//605 606//606 610//610
f 603//603 608//608 696//696
f 611//611 608//608 508//508
f 503//503 609//609 507//507
f 612//612 609//609 605//605
f 605//605 610//610 698//698
f 605//605 698//698 612//612
f 608//608 509//509 701//701
f 611//611 509//509 608//608
f 509//509 611//611 508//508
f 510//510 613//613 509//509
f 510//510 511//511 613//613
f 507//507 614//614 511//511
f 615//615 507//507 609//609
f 614//614 507//507 615//615
f 609//609 612//612 615//615
f 702//702 509//509 613//613
f 616//616 615//615 612//612
f 512//512 706//706 392//392
f 617//617 706//706 512//512
f 392//392 707//707 394//394
f 706//706 707//707 392//392
f 708//708 618//618 514//514
f 512//512 514//514 617//617
f 617//617 514//514 618//618
f 707//707 619//619 394//394
f 394//394 619//619 515//515
f 516//516 515//515 620//620
f 514//514 517//517 708//708
f 708//708 517//517 621//621
f 516//516 620//620 399//399
f 622//622 399//399 620//620
f 519//519 517//517 518//518
f 519//519 621//621 517//517
f 401//401 622//622 520//520
f 279//279 623//623 519//519
f 622//622 624//624 520//520
f 717//717 520//520 624//624
f 521//521 623//623 279//279
f 717//717 625//625 520//520
f 627//627 522//522 625//625
f 525//525 626//626 523//523
f 525//525 628//628 626//626
f 629//629 524//524 627//627
f 524//524 721//721 630//630
f 524//524 629//629 721//721
f 630//630 405//405 524//524
f 526//526 628//628 525//525
f 630//630 721//721 631//631
f 630//630 634//634 405//405
f 634//634 630//630 631//631
f 407//407 632//632 526//526
f 528//528 633//633 407//407
f 634//634 635//635 527//527
f 528//528 411//411 638//638
f 529//529 637//637 638//638
f 529//529 638//638 411//411
f 529//529 414//414 637//637
f 414//414 638//638 637//637
f 414//414 639//639 638//638
f 640//640 531//531 530//530
f 641//641 531//531 640//640
f 532//532 639//639 414//414
f 641//641 533//533 531//531
f 532//532 643//643 639//639
f 533//533 642//642 534//534
f 535//535 643//643 532//532
f 420//420 534//534 642//642
f 416//416 534//534 420//420
f 536//536 643//643 535//535
f 537//537 643//643 536//536
f 537//537 644//644 643//643
f 538//538 420//420 738//738
f 539//539 644//644 537//537
f 541//541 644//644 539//539
f 541//541 741//741 644//644
f 645//645 423//423 540//540
f 742//742 423//423 645//645
f 541//541 646//646 741//741
f 424//424 646//646 541//541
f 424//424 647//647 646//646
f 743//743 648//648 742//742
f 542//542 647//647 424//424
f 543//543 648//648 649//649
f 750//750 543//543 649//649
f 545//545 543//543 750//750
f 542//542 650//650 748//748
f 546//546 650//650 542//542
f 750//750 651//651 545//545
f 429//429 547//547 546//546
f 752//752 432//432 652//652
f 655//655 653//653 547//547
f 752//752 654//654 432//432
f 755//755 656//656 654//654
f 435//435 754//754 655//655
f 755//755 436//436 656//656
f 435//435 657//657 754//754
f 757//757 548//548 755//755
f 439//439 657//657 435//435
f 757//757 549//549 548//548
f 870//870 549//549 757//757
f 550//550 657//657 439//439
f 870//870 658//658 549//549
f 323//323 660//660 440//440
f 661//661 551//551 658//658
f 658//658 659//659 661//661
f 552//552 660//660 323//323
f 661//661 662//662 551//551
f 556//556 553//553 662//662
f 557//557 556//556 764//764
f 446//446 663//663 555//555
f 558//558 663//663 446//446
f 766//766 664//664 557//557
f 560//560 665//665 558//558
f 562//562 665//665 560//560
f 664//664 666//666 561//561
f 664//664 768//768 666//666
f 562//562 563//563 449//449
f 667//667 562//562 449//449
f 669//669 564//564 666//666
f 666//666 768//768 770//770
f 666//666 770//770 669//669
f 453//453 667//667 449//449
f 670//670 669//669 770//770
f 565//565 668//668 453//453
f 453//453 668//668 667//667
f 567//567 566//566 669//669
f 672//672 671//671 454//454
f 454//454 671//671 565//565
f 776//776 567//567 775//775
f 776//776 569//569 567//567
f 779//779 569//569 776//776
f 458//458 673//673 568//568
f 568//568 673//673 672//672
f 462//462 674//674 458//458
f 458//458 674//674 673//673
f 781//781 570//570 569//569
f 675//675 674//674 462//462
f 781//781 572//572 570//570
f 782//782 572//572 781//781
f 577//577 676//676 573//573
f 573//573 676//676 675//675
f 572//572 468//468 575//575
f 677//677 676//676 577//577
f 785//785 677//677 577//577
f 572//572 578//578 468//468
f 572//572 889//889 578//578
f 580//580 785//785 577//577
f 578//578 889//889 678//678
f 581//581 785//785 580//580
f 678//678 582//582 578//578
f 583//583 785//785 581//581
f 583//583 679//679 785//785
f 680//680 582//582 678//678
f 473//473 679//679 583//583
f 473//473 681//681 679//679
f 680//680 584//584 582//582
f 586//586 681//681 473//473
f 586//586 790//790 681//681
f 684//684 585//585 680//680
f 680//680 585//585 584//584
f 680//680 682//682 684//684
f 586//586 683//683 790//790
f 684//684 587//587 585//585
f 684//684 682//682 791//791
f 588//588 683//683 586//586
f 589//589 685//685 588//588
f 684//684 591//591 587//587
f 796//796 591//591 684//684
f 593//593 685//685 589//589
f 798//798 591//591 796//796
f 593//593 686//686 685//685
f 799//799 591//591 798//798
f 593//593 687//687 686//686
f 801//801 595//595 596//596
f 591//591 801//801 596//596
f 799//799 801//801 591//591
f 593//593 597//597 688//688
f 687//687 593//593 688//688
f 592//592 688//688 597//597
f 801//801 689//689 595//595
f 801//801 690//690 689//689
f 599//599 688//688 592//592
f 690//690 598//598 689//689
f 599//599 691//691 688//688
f 690//690 693//693 598//598
f 601//601 692//692 599//599
f 599//599 692//692 691//691
f 693//693 600//600 598//598
f 693//693 602//602 600//600
f 693//693 905//905 602//602
f 603//603 694//694 604//604
f 604//604 694//694 601//601
f 695//695 607//607 602//602
f 602//602 905//905 806//806
f 602//602 806//806 695//695
f 696//696 694//694 603//603
f 695//695 610//610 606//606
f 695//695 606//606 607//607
f 608//608 697//697 696//696
f 610//610 695//695 811//811
f 610//610 811//811 698//698
f 701//701 697//697 608//608
f 700//700 699//699 612//612
f 700//700 612//612 698//698
f 700//700 698//698 811//811
f 701//701 509//509 702//702
f 613//613 704//704 702//702
f 511//511 704//704 613//613
f 614//614 705//705 511//511
f 511//511 705//705 704//704
f 614//614 615//615 705//705
f 616//616 817//817 615//615
f 817//817 616//616 612//612
f 699//699 817//817 612//612
f 703//703 702//702 704//704
f 618//618 706//706 617//617
f 618//618 708//708 706//706
f 706//706 709//709 707//707
f 707//707 709//709 619//619
f 515//515 619//619 710//710
f 710//710 620//620 515//515
f 621//621 711//711 708//708
f 711//711 824//824 708//708
f 710//710 713//713 712//712
f 710//710 712//712 620//620
f 712//712 622//622 620//620
f 715//715 714//714 621//621
f 519//519 715//715 621//621
f 621//621 714//714 711//711
f 622//622 712//712 713//713
f 829//829 622//622 713//713
f 623//623 716//716 519//519
f 716//716 715//715 519//519
f 624//624 622//622 717//717
f 622//622 829//829 717//717
f 716//716 623//623 521//521
f 523//523 718//718 521//521
f 627//627 625//625 719//719
f 626//626 718//718 523//523
f 629//629 627//627 719//719
f 628//628 720//720 718//718
f 628//628 718//718 626//626
f 526//526 724//724 720//720
f 526//526 720//720 628//628
f 722//722 720//720 724//724
f 723//723 631//631 721//721
f 632//632 724//724 526//526
f 631//631 723//723 725//725
f 724//724 632//632 839//839
f 725//725 634//634 631//631
f 633//633 632//632 407//407
f 727//727 725//725 843//843
f 727//727 634//634 725//725
f 632//632 633//633 726//726
f 726//726 633//633 528//528
f 727//727 843//843 728//728
f 727//727 635//635 634//634
f 638//638 726//726 528//528
f 638//638 845//845 726//726
f 635//635 727//727 728//728
f 729//729 635//635 728//728
f 636//636 635//635 729//729
f 638//638 730//730 845//845
f 729//729 530//530 636//636
f 639//639 730//730 638//638
f 729//729 640//640 530//530
f 729//729 641//641 640//640
f 642//642 641//641 729//729
f 639//639 732//732 731//731
f 642//642 533//533 641//641
f 643//643 732//732 639//639
f 642//642 850//850 735//735
f 735//735 420//420 642//642
f 643//643 734//734 733//733
f 735//735 738//738 420//420
f 644//644 734//734 643//643
f 644//644 736//736 734//734
f 738//738 735//735 737//737
f 644//644 740//740 736//736
f 738//738 540//540 538//538
f 739//739 540//540 738//738
f 739//739 645//645 540//540
f 741//741 740//740 644//644
f 858//858 645//645 739//739
f 858//858 742//742 645//645
f 649//649 648//648 743//743
f 542//542 744//744 647//647
f 748//748 744//744 542//542
f 649//649 747//747 746//746
f 649//649 745//745 747//747
f 746//746 750//750 649//649
f 747//747 750//750 746//746
f 546//546 748//748 650//650
f 546//546 547//547 748//748
f 970//970 749//749 747//747
f 750//750 747//747 749//749
f 750//750 652//652 651//651
f 752//752 652//652 750//750
f 653//653 751//751 547//547
f 655//655 867//867 653//653
f 753//753 654//654 752//752
f 866//866 654//654 753//753
f 655//655 754//754 867//867
f 654//654 868//868 755//755
f 654//654 866//866 868//868
f 868//868 756//756 755//755
f 756//756 757//757 755//755
f 550//550 758//758 657//657
f 659//659 658//658 870//870
f 660//660 760//760 440//440
f 759//759 661//661 659//659
f 552//552 760//760 660//660
f 552//552 761//761 760//760
f 661//661 763//763 762//762
f 554//554 761//761 552//552
f 762//762 763//763 662//662
f 763//763 556//556 662//662
f 763//763 764//764 556//556
f 762//762 662//662 661//661
f 555//555 765//765 554//554
f 766//766 557//557 764//764
f 663//663 765//765 555//555
f 558//558 665//665 663//663
f 876//876 664//664 766//766
f 767//767 664//664 876//876
f 767//767 768//768 664//664
f 667//667 769//769 562//562
f 668//668 769//769 667//667
f 668//668 771//771 769//769
f 772//772 669//669 670//670
f 770//770 772//772 670//670
f 565//565 771//771 668//668
f 565//565 774//774 771//771
f 773//773 567//567 772//772
f 772//772 567//567 669//669
f 671//671 774//774 565//565
f 773//773 775//775 567//567
f 672//672 774//774 671//671
f 672//672 777//777 774//774
f 775//775 773//773 883//883
f 775//775 883//883 776//776
f 673//673 777//777 672//672
f 776//776 883//883 779//779
f 674//674 777//777 673//673
f 674//674 778//778 777//777
f 674//674 780//780 778//778
f 779//779 781//781 569//569
f 675//675 780//780 674//674
f 675//675 884//884 780//780
f 676//676 884//884 675//675
f 677//677 884//884 676//676
f 890//890 572//572 782//782
f 783//783 572//572 890//890
f 785//785 784//784 677//677
f 783//783 889//889 572//572
f 787//787 678//678 889//889
f 786//786 788//788 789//789
f 679//679 788//788 785//785
f 785//785 788//788 786//786
f 787//787 680//680 678//678
f 894//894 680//680 787//787
f 681//681 788//788 679//679
f 894//894 682//682 680//680
f 790//790 788//788 681//681
f 791//791 682//682 894//894
f 588//588 792//792 683//683
f 683//683 792//792 790//790
f 791//791 794//794 684//684
f 685//685 793//793 588//588
f 588//588 793//793 792//792
f 794//794 796//796 684//684
f 685//685 795//795 793//793
f 796//796 794//794 798//798
f 686//686 797//797 685//685
f 685//685 797//797 795//795
f 798//798 1141//1141 799//799
f 686//686 687//687 797//797
f 799//799 1141//1141 801//801
f 688//688 800//800 687//687
f 803//803 690//690 801//801
f 688//688 898//898 800//800
f 691//691 802//802 688//688
f 688//688 802//802 898//898
f 804//804 690//690 803//803
f 804//804 693//693 690//690
f 804//804 803//803 900//900
f 691//691 692//692 802//802
f 903//903 693//693 804//804
f 601//601 805//805 692//692
f 903//903 905//905 693//693
f 694//694 805//805 601//601
f 805//805 694//694 807//807
f 694//694 808//808 807//807
f 694//694 696//696 808//808
f 806//806 809//809 695//695
f 812//812 696//696 810//810
f 808//808 696//696 812//812
f 697//697 810//810 696//696
f 809//809 811//811 695//695
f 810//810 697//697 812//812
f 697//697 813//813 812//812
f 697//697 701//701 813//813
f 814//814 700//700 811//811
f 814//814 811//811 809//809
f 815//815 813//813 701//701
f 815//815 701//701 702//702
f 912//912 817//817 699//699
f 912//912 699//699 700//700
f 914//914 912//912 700//700
f 914//914 700//700 814//814
f 816//816 815//815 703//703
f 815//815 702//702 703//703
f 704//704 816//816 703//703
f 705//705 819//819 704//704
f 704//704 819//819 816//816
f 615//615 817//817 705//705
f 817//817 818//818 913//913
f 818//818 817//817 912//912
f 916//916 816//816 819//819
f 917//917 705//705 817//817
f 917//917 817//817 913//913
f 824//824 820//820 708//708
f 706//706 708//708 820//820
f 822//822 706//706 821//821
f 709//709 706//706 822//822
f 619//619 822//822 823//823
f 709//709 822//822 619//619
f 823//823 710//710 619//619
f 825//825 820//820 824//824
f 820//820 825//825 706//706
f 706//706 825//825 918//918
f 706//706 918//918 821//821
f 826//826 828//828 710//710
f 823//823 826//826 710//710
f 828//828 713//713 710//710
f 714//714 715//715 711//711
f 715//715 827//827 711//711
f 711//711 827//827 824//824
f 828//828 829//829 713//713
f 830//830 922//922 715//715
f 716//716 830//830 715//715
f 829//829 828//828 831//831
f 521//521 830//830 716//716
f 521//521 832//832 830//830
f 831//831 927//927 829//829
f 717//717 829//829 927//927
f 928//928 717//717 927//927
f 625//625 717//717 928//928
f 718//718 832//832 521//521
f 625//625 928//928 835//835
f 835//835 719//719 625//625
f 720//720 833//833 718//718
f 835//835 629//629 719//719
f 720//720 834//834 833//833
f 835//835 721//721 629//629
f 722//722 834//834 720//720
f 836//836 721//721 835//835
f 724//724 837//837 722//722
f 838//838 723//723 721//721
f 838//838 721//721 836//836
f 724//724 839//839 837//837
f 840//840 725//725 723//723
f 840//840 723//723 838//838
f 843//843 725//725 840//840
f 632//632 841//841 839//839
f 632//632 842//842 841//841
f 726//726 842//842 632//632
f 844//844 728//728 843//843
f 728//728 844//844 846//846
f 846//846 729//729 728//728
f 639//639 845//845 730//730
f 639//639 847//847 845//845
f 848//848 729//729 846//846
f 731//731 847//847 639//639
f 848//848 846//846 849//849
f 849//849 846//846 953//953
f 849//849 642//642 729//729
f 849//849 729//729 848//848
f 850//850 642//642 849//849
f 643//643 852//852 732//732
f 955//955 732//732 852//852
f 733//733 852//852 643//643
f 737//737 735//735 850//850
f 734//734 852//852 733//733
f 955//955 852//852 957//957
f 736//736 852//852 734//734
f 737//737 851//851 855//855
f 855//855 738//738 737//737
f 740//740 853//853 852//852
f 740//740 852//852 736//736
f 957//957 852//852 854//854
f 854//854 852//852 853//853
f 855//855 739//739 738//738
f 855//855 963//963 857//857
f 854//854 853//853 856//856
f 857//857 858//858 739//739
f 857//857 739//739 855//855
f 741//741 859//859 853//853
f 741//741 853//853 740//740
f 856//856 853//853 859//859
f 858//858 857//857 964//964
f 646//646 859//859 741//741
f 858//858 743//743 742//742
f 647//647 859//859 646//646
f 856//856 859//859 968//968
f 858//858 649//649 743//743
f 745//745 649//649 858//858
f 744//744 860//860 859//859
f 744//744 859//859 647//647
f 968//968 859//859 860//860
f 748//748 861//861 860//860
f 748//748 860//860 744//744
f 970//970 747//747 745//745
f 862//862 861//861 748//748
f 547//547 863//863 748//748
f 862//862 748//748 863//863
f 749//749 970//970 864//864
f 864//864 750//750 749//749
f 751//751 863//863 547//547
f 864//864 752//752 750//750
f 863//863 751//751 865//865
f 865//865 751//751 653//653
f 753//753 752//752 866//866
f 653//653 867//867 865//865
f 754//754 977//977 867//867
f 754//754 869//869 977//977
f 657//657 869//869 754//754
f 657//657 980//980 869//869
f 979//979 757//757 756//756
f 758//758 980//980 657//657
f 979//979 870//870 757//757
f 550//550 871//871 758//758
f 872//872 659//659 870//870
f 440//440 871//871 550//550
f 440//440 982//982 871//871
f 659//659 872//872 873//873
f 873//873 759//759 659//659
f 760//760 982//982 440//440
f 873//873 661//661 759//759
f 873//873 984//984 763//763
f 873//873 763//763 661//661
f 554//554 874//874 761//761
f 984//984 764//764 763//763
f 554//554 986//986 874//874
f 765//765 986//986 554//554
f 875//875 766//766 764//764
f 875//875 876//876 766//766
f 665//665 877//877 663//663
f 562//562 877//877 665//665
f 768//768 878//878 879//879
f 768//768 767//767 878//878
f 881//881 768//768 879//879
f 770//770 768//768 881//881
f 771//771 880//880 769//769
f 881//881 772//772 770//770
f 881//881 773//773 772//772
f 996//996 773//773 881//881
f 777//777 882//882 774//774
f 999//999 883//883 773//773
f 782//782 781//781 883//883
f 883//883 781//781 779//779
f 883//883 885//885 782//782
f 887//887 884//884 886//886
f 885//885 890//890 782//782
f 885//885 1003//1003 890//890
f 887//887 886//886 888//888
f 677//677 886//886 884//884
f 889//889 783//783 890//890
f 888//888 886//886 891//891
f 784//784 886//886 677//677
f 785//785 891//891 784//784
f 784//784 891//891 886//886
f 892//892 787//787 889//889
f 1005//1005 891//891 786//786
f 893//893 1005//1005 786//786
f 786//786 891//891 785//785
f 894//894 787//787 892//892
f 789//789 893//893 786//786
f 788//788 895//895 789//789
f 790//790 895//895 788//788
f 790//790 1007//1007 895//895
f 1008//1008 791//791 894//894
f 792//792 1007//1007 790//790
f 793//793 1007//1007 792//792
f 793//793 795//795 1007//1007
f 1008//1008 794//794 791//791
f 1010//1010 794//794 1008//1008
f 797//797 896//896 795//795
f 1010//1010 798//798 794//794
f 1139//1139 798//798 1010//1010
f 687//687 897//897 797//797
f 1139//1139 1141//1141 798//798
f 800//800 897//897 687//687
f 1011//1011 801//801 1141//1141
f 898//898 897//897 800//800
f 1011//1011 803//803 801//801
f 1143//1143 803//803 1011//1011
f 802//802 899//899 898//898
f 1143//1143 900//900 803//803
f 692//692 899//899 802//802
f 692//692 901//901 899//899
f 805//805 901//901 692//692
f 805//805 902//902 901//901
f 900//900 903//903 804//804
f 900//900 1014//1014 903//903
f 805//805 904//904 902//902
f 903//903 1014//1014 905//905
f 807//807 904//904 805//805
f 906//906 806//806 905//905
f 812//812 807//807 808//808
f 907//907 806//806 906//906
f 1019//1019 806//806 907//907
f 1019//1019 809//809 806//806
f 1019//1019 907//907 906//906
f 909//909 908//908 812//812
f 813//813 909//909 812//812
f 809//809 910//910 814//814
f 1019//1019 910//910 809//809
f 911//911 909//909 815//815
f 909//909 813//813 815//815
f 910//910 914//914 814//814
f 1025//1025 911//911 816//816
f 911//911 815//815 816//816
f 914//914 818//818 912//912
f 913//913 818//818 914//914
f 915//915 1025//1025 816//816
f 916//916 915//915 816//816
f 1160//1160 819//819 705//705
f 1160//1160 916//916 819//819
f 1029//1029 705//705 917//917
f 1029//1029 1160//1160 705//705
f 1031//1031 917//917 913//913
f 918//918 825//825 824//824
f 919//919 821//821 918//918
f 919//919 823//823 822//822
f 821//821 919//919 822//822
f 1036//1036 826//826 823//823
f 1036//1036 823//823 919//919
f 715//715 920//920 827//827
f 827//827 920//920 824//824
f 920//920 918//918 824//824
f 919//919 1035//1035 1036//1036
f 1036//1036 921//921 828//828
f 826//826 1036//1036 828//828
f 924//924 715//715 922//922
f 920//920 715//715 923//923
f 923//923 715//715 924//924
f 925//925 831//831 828//828
f 925//925 828//828 921//921
f 832//832 922//922 830//830
f 924//924 922//922 832//832
f 925//925 927//927 831//831
f 718//718 929//929 832//832
f 928//928 925//925 926//926
f 928//928 927//927 925//925
f 833//833 929//929 718//718
f 930//930 928//928 931//931
f 930//930 835//835 928//928
f 929//929 833//833 932//932
f 932//932 833//833 834//834
f 931//931 836//836 835//835
f 931//931 835//835 930//930
f 834//834 933//933 932//932
f 934//934 836//836 931//931
f 837//837 939//939 834//834
f 837//837 834//834 722//722
f 834//834 935//935 933//933
f 834//834 939//939 935//935
f 936//936 838//838 836//836
f 936//936 836//836 934//934
f 839//839 939//939 837//837
f 937//937 935//935 939//939
f 936//936 934//934 941//941
f 941//941 934//934 938//938
f 941//941 840//840 838//838
f 941//941 838//838 936//936
f 841//841 939//939 839//839
f 937//937 939//939 940//940
f 941//941 942//942 840//840
f 942//942 843//843 840//840
f 842//842 943//943 939//939
f 842//842 939//939 841//841
f 940//940 939//939 943//943
f 946//946 942//942 941//941
f 946//946 843//843 942//942
f 726//726 943//943 842//842
f 946//946 844//844 843//843
f 845//845 945//945 943//943
f 845//845 943//943 726//726
f 946//946 944//944 948//948
f 946//946 846//846 844//844
f 947//947 945//945 845//845
f 948//948 846//846 946//946
f 847//847 951//951 845//845
f 947//947 845//845 951//951
f 949//949 948//948 950//950
f 949//949 846//846 948//948
f 731//731 951//951 847//847
f 846//846 949//949 950//950
f 953//953 846//846 950//950
f 732//732 951//951 731//731
f 732//732 1070//1070 951//951
f 732//732 952//952 1070//1070
f 953//953 850//850 849//849
f 955//955 952//952 732//732
f 954//954 850//850 953//953
f 956//956 954//954 851//851
f 956//956 737//737 850//850
f 956//956 850//850 954//954
f 851//851 737//737 956//956
f 851//851 958//958 960//960
f 960//960 855//855 851//851
f 854//854 959//959 957//957
f 854//854 962//962 959//959
f 960//960 958//958 961//961
f 960//960 963//963 855//855
f 963//963 960//960 961//961
f 856//856 962//962 854//854
f 963//963 964//964 857//857
f 966//966 858//858 964//964
f 856//856 965//965 1087//1087
f 968//968 965//965 856//856
f 966//966 745//745 858//858
f 966//966 967//967 969//969
f 969//969 745//745 966//966
f 861//861 968//968 860//860
f 861//861 862//862 968//968
f 969//969 967//967 970//970
f 970//970 967//967 971//971
f 970//970 745//745 969//969
f 970//970 971//971 973//973
f 863//863 972//972 862//862
f 1095//1095 970//970 973//973
f 864//864 970//970 1095//1095
f 1095//1095 752//752 864//864
f 1097//1097 752//752 1095//1095
f 865//865 974//974 863//863
f 752//752 1097//1097 975//975
f 975//975 866//866 752//752
f 974//974 865//865 867//867
f 975//975 868//868 866//866
f 977//977 974//974 867//867
f 868//868 975//975 976//976
f 981//981 868//868 976//976
f 978//978 977//977 869//869
f 756//756 868//868 979//979
f 868//868 981//981 979//979
f 869//869 980//980 978//978
f 758//758 871//871 980//980
f 979//979 981//981 1105//1105
f 979//979 872//872 870//870
f 1110//1110 872//872 979//979
f 1110//1110 873//873 872//872
f 760//760 983//983 982//982
f 1110//1110 984//984 873//873
f 761//761 983//983 760//760
f 874//874 986//986 761//761
f 985//985 764//764 984//984
f 875//875 764//764 985//985
f 765//765 987//987 986//986
f 765//765 663//663 987//987
f 663//663 989//989 987//987
f 990//990 876//876 875//875
f 990//990 875//875 988//988
f 877//877 992//992 663//663
f 989//989 663//663 992//992
f 990//990 767//767 876//876
f 562//562 991//991 992//992
f 562//562 992//992 877//877
f 990//990 1236//1236 878//878
f 1236//1236 879//879 878//878
f 990//990 878//878 767//767
f 562//562 993//993 991//991
f 769//769 993//993 562//562
f 991//991 993//993 992//992
f 880//880 993//993 769//769
f 879//879 1118//1118 881//881
f 771//771 993//993 880//880
f 771//771 994//994 993//993
f 774//774 994//994 771//771
f 1122//1122 996//996 881//881
f 1122//1122 881//881 995//995
f 882//882 994//994 774//774
f 777//777 997//997 882//882
f 998//998 996//996 1123//1123
f 998//998 999//999 773//773
f 998//998 773//773 996//996
f 778//778 997//997 777//777
f 1125//1125 883//883 999//999
f 1125//1125 885//885 883//883
f 1126//1126 885//885 1125//1125
f 884//884 1000//1000 780//780
f 884//884 1001//1001 1000//1000
f 1003//1003 885//885 1126//1126
f 884//884 887//887 1001//1001
f 1001//1001 887//887 1002//1002
f 888//888 1002//1002 887//887
f 1004//1004 889//889 890//890
f 1003//1003 1004//1004 890//890
f 892//892 889//889 1004//1004
f 1132//1132 894//894 892//892
f 789//789 1005//1005 893//893
f 789//789 895//895 1005//1005
f 1132//1132 1006//1006 894//894
f 1008//1008 894//894 1006//1006
f 795//795 896//896 1007//1007
f 1137//1137 1010//1010 1008//1008
f 797//797 1009//1009 896//896
f 898//898 1263//1263 897//897
f 899//899 901//901 898//898
f 1012//1012 900//900 1143//1143
f 1014//1014 900//900 1012//1012
f 1013//1013 901//901 902//902
f 1013//1013 902//902 904//904
f 1148//1148 905//905 1014//1014
f 904//904 1015//1015 1016//1016
f 807//807 1015//1015 904//904
f 1148//1148 906//906 905//905
f 1269//1269 906//906 1148//1148
f 1015//1015 807//807 1016//1016
f 807//807 1149//1149 1016//1016
f 807//807 812//812 1149//1149
f 908//908 1149//1149 812//812
f 906//906 1020//1020 1019//1019
f 1017//1017 908//908 909//909
f 1017//1017 909//909 1018//1018
f 909//909 911//911 1021//1021
f 1024//1024 909//909 1021//1021
f 1018//1018 909//909 1024//1024
f 1023//1023 1022//1022 910//910
f 910//910 1022//1022 914//914
f 910//910 1019//1019 1023//1023
f 1024//1024 1021//1021 911//911
f 1025//1025 1024//1024 911//911
f 1032//1032 1031//1031 913//913
f 1032//1032 913//913 1154//1154
f 913//913 1027//1027 1154//1154
f 913//913 914//914 1027//1027
f 914//914 1022//1022 1027//1027
f 1028//1028 1026//1026 1025//1025
f 1028//1028 1025//1025 915//915
f 1028//1028 916//916 1159//1159
f 1028//1028 915//915 916//916
f 916//916 1160//1160 1159//1159
f 1029//1029 917//917 1030//1030
f 1031//1031 1030//1030 917//917
f 1160//1160 1029//1029 1033//1033
f 1033//1033 1029//1029 1030//1030
f 919//919 918//918 920//920
f 1034//1034 1035//1035 919//919
f 920//920 1037//1037 919//919
f 920//920 923//923 1037//1037
f 919//919 1037//1037 1034//1034
f 1035//1035 1038//1038 1036//1036
f 1035//1035 1034//1034 1038//1038
f 1038//1038 925//925 921//921
f 1038//1038 921//921 1036//1036
f 832//832 1039//1039 924//924
f 1039//1039 923//923 924//924
f 1037//1037 1040//1040 1034//1034
f 1034//1034 926//926 925//925
f 1034//1034 925//925 1038//1038
f 929//929 1039//1039 832//832
f 1039//1039 1042//1042 923//923
f 923//923 1043//1043 1037//1037
f 923//923 1042//1042 1043//1043
f 1040//1040 1041//1041 1034//1034
f 1034//1034 1045//1045 926//926
f 1041//1041 1045//1045 1034//1034
f 1045//1045 928//928 926//926
f 929//929 1046//1046 1039//1039
f 1039//1039 1046//1046 1042//1042
f 1037//1037 1044//1044 1040//1040
f 1040//1040 1044//1044 1041//1041
f 1045//1045 931//931 928//928
f 932//932 1046//1046 929//929
f 1042//1042 1047//1047 1043//1043
f 1042//1042 1046//1046 1047//1047
f 1043//1043 1047//1047 1037//1037
f 1037//1037 1048//1048 1044//1044
f 1037//1037 1047//1047 1048//1048
f 1041//1041 1044//1044 1045//1045
f 1045//1045 934//934 931//931
f 1046//1046 932//932 933//933
f 1051//1051 1046//1046 933//933
f 1046//1046 1049//1049 1047//1047
f 1046//1046 1051//1051 1049//1049
f 1044//1044 1050//1050 1045//1045
f 1044//1044 1048//1048 1050//1050
f 1050//1050 934//934 1045//1045
f 935//935 1051//1051 933//933
f 1053//1053 1047//1047 1052//1052
f 1047//1047 1051//1051 1052//1052
f 1047//1047 1049//1049 1051//1051
f 1054//1054 1047//1047 1053//1053
f 1047//1047 1054//1054 1048//1048
f 1048//1048 934//934 1050//1050
f 937//937 1051//1051 935//935
f 1051//1051 937//937 1162//1162
f 1052//1052 1051//1051 1162//1162
f 1054//1054 1056//1056 1048//1048
f 1056//1056 938//938 934//934
f 1056//1056 934//934 1048//1048
f 937//937 1058//1058 1162//1162
f 937//937 1057//1057 1058//1058
f 1054//1054 1055//1055 1059//1059
f 1054//1054 938//938 1056//1056
f 1054//1054 1059//1059 938//938
f 943//943 1065//1065 937//937
f 943//943 937//937 940//940
f 937//937 1060//1060 1057//1057
f 937//937 1065//1065 1060//1060
f 1061//1061 1059//1059 1055//1055
f 1061//1061 938//938 1059//1059
f 1062//1062 941//941 938//938
f 1061//1061 1062//1062 938//938
f 1062//1062 946//946 941//941
f 943//943 1063//1063 1065//1065
f 1057//1057 1060//1060 1065//1065
f 1061//1061 1064//1064 1062//1062
f 1061//1061 1069//1069 1064//1064
f 1064//1064 944//944 946//946
f 1064//1064 946//946 1062//1062
f 945//945 1063//1063 943//943
f 1069//1069 1061//1061 1068//1068
f 1064//1064 948//948 944//944
f 947//947 1063//1063 945//945
f 1063//1063 1066//1066 1065//1065
f 1063//1063 947//947 1066//1066
f 1067//1067 1065//1065 1066//1066
f 1069//1069 948//948 1064//1064
f 951//951 1070//1070 947//947
f 1073//1073 1069//1069 1071//1071
f 1073//1073 950//950 948//948
f 1073//1073 948//948 1069//1069
f 1070//1070 1072//1072 947//947
f 1066//1066 947//947 1072//1072
f 1073//1073 953//953 950//950
f 952//952 1074//1074 1070//1070
f 1070//1070 1074//1074 1072//1072
f 1073//1073 1071//1071 1075//1075
f 1073//1073 954//954 953//953
f 955//955 1076//1076 1074//1074
f 955//955 1074//1074 952//952
f 1078//1078 1072//1072 1074//1074
f 1071//1071 1077//1077 1075//1075
f 1077//1077 1073//1073 1075//1075
f 1077//1077 954//954 1073//1073
f 1078//1078 1074//1074 1076//1076
f 1079//1079 851//851 954//954
f 1079//1079 954//954 1077//1077
f 957//957 1081//1081 1076//1076
f 957//957 1076//1076 955//955
f 1079//1079 1077//1077 958//958
f 958//958 1077//1077 1080//1080
f 958//958 851//851 1079//1079
f 959//959 1081//1081 957//957
f 1081//1081 959//959 1082//1082
f 1083//1083 961//961 958//958
f 1083//1083 958//958 1080//1080
f 1083//1083 1080//1080 1084//1084
f 1083//1083 963//963 961//961
f 856//856 1085//1085 962//962
f 959//959 962//962 1085//1085
f 1086//1086 1083//1083 1084//1084
f 1086//1086 964//964 963//963
f 1086//1086 963//963 1083//1083
f 1087//1087 1085//1085 856//856
f 1086//1086 966//966 964//964
f 1089//1089 967//967 966//966
f 1089//1089 966//966 1086//1086
f 968//968 1088//1088 1087//1087
f 968//968 1087//1087 965//965
f 1090//1090 1088//1088 968//968
f 1091//1091 967//967 1089//1089
f 862//862 1092//1092 968//968
f 1090//1090 968//968 1092//1092
f 971//971 967//967 1091//1091
f 862//862 1094//1094 1092//1092
f 1091//1091 1093//1093 971//971
f 972//972 1094//1094 862//862
f 973//973 971//971 1095//1095
f 971//971 1097//1097 1095//1095
f 971//971 1093//1093 1097//1097
f 863//863 1096//1096 972//972
f 1094//1094 972//972 1096//1096
f 974//974 1101//1101 1096//1096
f 974//974 1096//1096 863//863
f 1098//1098 975//975 1097//1097
f 974//974 1100//1100 1101//1101
f 975//975 1098//1098 1099//1099
f 1216//1216 975//975 1099//1099
f 976//976 975//975 1216//1216
f 974//974 1102//1102 1100//1100
f 977//977 1102//1102 974//974
f 1100//1100 1102//1102 1101//1101
f 976//976 1216//1216 1103//1103
f 1103//1103 981//981 976//976
f 978//978 1102//1102 977//977
f 1221//1221 981//981 1103//1103
f 1104//1104 978//978 980//980
f 1221//1221 1105//1105 981//981
f 871//871 1104//1104 980//980
f 978//978 1104//1104 1106//1106
f 1106//1106 1104//1104 871//871
f 1108//1108 979//979 1105//1105
f 1106//1106 871//871 1107//1107
f 1108//1108 1110//1110 979//979
f 982//982 1107//1107 871//871
f 1109//1109 1107//1107 982//982
f 1110//1110 1108//1108 1225//1225
f 983//983 1111//1111 982//982
f 1109//1109 982//982 1111//1111
f 985//985 984//984 1110//1110
f 761//761 1113//1113 1111//1111
f 761//761 1111//1111 983//983
f 986//986 1114//1114 1113//1113
f 986//986 1113//1113 761//761
f 1115//1115 875//875 985//985
f 1115//1115 985//985 1112//1112
f 987//987 1114//1114 986//986
f 1117//1117 1114//1114 987//987
f 1115//1115 1116//1116 988//988
f 1116//1116 1233//1233 988//988
f 1115//1115 988//988 875//875
f 989//989 1117//1117 987//987
f 1233//1233 990//990 988//988
f 1234//1234 990//990 1233//1233
f 992//992 1235//1235 989//989
f 1234//1234 1236//1236 990//990
f 1118//1118 879//879 1236//1236
f 1119//1119 992//992 993//993
f 1241//1241 1119//1119 993//993
f 1240//1240 881//881 1118//1118
f 995//995 881//881 1240//1240
f 994//994 1121//1121 993//993
f 1241//1241 993//993 1120//1120
f 1120//1120 993//993 1121//1121
f 1244//1244 1122//1122 995//995
f 882//882 997//997 994//994
f 1246//1246 996//996 1122//1122
f 1246//1246 1123//1123 996//996
f 778//778 1124//1124 997//997
f 1123//1123 999//999 998//998
f 780//780 1124//1124 778//778
f 780//780 1250//1250 1124//1124
f 1125//1125 1123//1123 1126//1126
f 1125//1125 999//999 1123//1123
f 1000//1000 1250//1250 780//780
f 1127//1127 1003//1003 1126//1126
f 888//888 1130//1130 1002//1002
f 1001//1001 1002//1002 1128//1128
f 1128//1128 1002//1002 1130//1130
f 1129//1129 1004//1004 1003//1003
f 1129//1129 1003//1003 1127//1127
f 1129//1129 1254//1254 892//892
f 1254//1254 1132//1132 892//892
f 1129//1129 892//892 1004//1004
f 1005//1005 888//888 891//891
f 1005//1005 1131//1131 888//888
f 895//895 1131//1131 1005//1005
f 895//895 1133//1133 1131//1131
f 1134//1134 1006//1006 1132//1132
f 1134//1134 1008//1008 1006//1006
f 1007//1007 1133//1133 895//895
f 1007//1007 1135//1135 1133//1133
f 1134//1134 1260//1260 1008//1008
f 1007//1007 1136//1136 1135//1135
f 1137//1137 1008//1008 1260//1260
f 896//896 1136//1136 1007//1007
f 1009//1009 1136//1136 896//896
f 1262//1262 1010//1010 1137//1137
f 797//797 1138//1138 1009//1009
f 1262//1262 1139//1139 1010//1010
f 897//897 1138//1138 797//797
f 897//897 1140//1140 1138//1138
f 1263//1263 1140//1140 897//897
f 1264//1264 1011//1011 1141//1141
f 898//898 1142//1142 1263//1263
f 1264//1264 1143//1143 1011//1011
f 1145//1145 1142//1142 901//901
f 1142//1142 898//898 901//901
f 1014//1014 1012//1012 1143//1143
f 1145//1145 901//901 1144//1144
f 1013//1013 1144//1144 901//901
f 1145//1145 1144//1144 1013//1013
f 1146//1146 1145//1145 1013//1013
f 1360//1360 1014//1014 1454//1454
f 904//904 1146//1146 1013//1013
f 904//904 1147//1147 1146//1146
f 1360//1360 1148//1148 1014//1014
f 1016//1016 1147//1147 904//904
f 1150//1150 906//906 1269//1269
f 1150//1150 1020//1020 906//906
f 908//908 1017//1017 1018//1018
f 1153//1153 908//908 1018//1018
f 1151//1151 908//908 1153//1153
f 1020//1020 1152//1152 1019//1019
f 1018//1018 1024//1024 1153//1153
f 1023//1023 1019//1019 1152//1152
f 1274//1274 1025//1025 1155//1155
f 1274//1274 1024//1024 1025//1025
f 1026//1026 1155//1155 1025//1025
f 1027//1027 1022//1022 1023//1023
f 1027//1027 1023//1023 1154//1154
f 1028//1028 1155//1155 1026//1026
f 1156//1156 1155//1155 1028//1028
f 1156//1156 1028//1028 1371//1371
f 1030//1030 1031//1031 1161//1161
f 1157//1157 1031//1031 1032//1032
f 1157//1157 1161//1161 1031//1031
f 1032//1032 1154//1154 1157//1157
f 1158//1158 1371//1371 1028//1028
f 1158//1158 1028//1028 1159//1159
f 1161//1161 1033//1033 1030//1030
f 1160//1160 1033//1033 1161//1161
f 1052//1052 1054//1054 1053//1053
f 1163//1163 1055//1055 1054//1054
f 1052//1052 1163//1163 1054//1054
f 1162//1162 1163//1163 1052//1052
f 1162//1162 1165//1165 1163//1163
f 1162//1162 1164//1164 1165//1165
f 1165//1165 1055//1055 1163//1163
f 1058//1058 1166//1166 1164//1164
f 1058//1058 1164//1164 1162//1162
f 1165//1165 1164//1164 1055//1055
f 1164//1164 1061//1061 1055//1055
f 1057//1057 1166//1166 1058//1058
f 1166//1166 1167//1167 1164//1164
f 1164//1164 1167//1167 1169//1169
f 1169//1169 1061//1061 1164//1164
f 1065//1065 1170//1170 1057//1057
f 1057//1057 1168//1168 1166//1166
f 1057//1057 1170//1170 1168//1168
f 1167//1167 1166//1166 1169//1169
f 1169//1169 1068//1068 1061//1061
f 1067//1067 1170//1170 1065//1065
f 1166//1166 1174//1174 1169//1169
f 1166//1166 1168//1168 1174//1174
f 1169//1169 1069//1069 1068//1068
f 1066//1066 1172//1172 1170//1170
f 1066//1066 1170//1170 1067//1067
f 1170//1170 1171//1171 1168//1168
f 1168//1168 1171//1171 1174//1174
f 1169//1169 1071//1071 1069//1069
f 1172//1172 1173//1173 1170//1170
f 1170//1170 1173//1173 1171//1171
f 1171//1171 1173//1173 1174//1174
f 1174//1174 1175//1175 1169//1169
f 1175//1175 1071//1071 1169//1169
f 1072//1072 1176//1176 1172//1172
f 1072//1072 1172//1172 1066//1066
f 1173//1173 1177//1177 1174//1174
f 1174//1174 1178//1178 1175//1175
f 1174//1174 1177//1177 1178//1178
f 1178//1178 1071//1071 1175//1175
f 1078//1078 1176//1176 1072//1072
f 1172//1172 1184//1184 1173//1173
f 1172//1172 1176//1176 1184//1184
f 1173//1173 1184//1184 1177//1177
f 1179//1179 1077//1077 1071//1071
f 1178//1178 1179//1179 1071//1071
f 1078//1078 1180//1180 1176//1176
f 1078//1078 1183//1183 1180//1180
f 1176//1176 1180//1180 1184//1184
f 1177//1177 1181//1181 1178//1178
f 1177//1177 1184//1184 1181//1181
f 1178//1178 1077//1077 1179//1179
f 1081//1081 1182//1182 1076//1076
f 1183//1183 1078//1078 1076//1076
f 1182//1182 1183//1183 1076//1076
f 1180//1180 1183//1183 1184//1184
f 1184//1184 1185//1185 1181//1181
f 1181//1181 1185//1185 1178//1178
f 1178//1178 1080//1080 1077//1077
f 1081//1081 1188//1188 1182//1182
f 1182//1182 1188//1188 1183//1183
f 1183//1183 1190//1190 1184//1184
f 1184//1184 1186//1186 1185//1185
f 1184//1184 1190//1190 1186//1186
f 1185//1185 1187//1187 1178//1178
f 1187//1187 1080//1080 1178//1178
f 1082//1082 1188//1188 1081//1081
f 1188//1188 1190//1190 1183//1183
f 1188//1188 1189//1189 1190//1190
f 1191//1191 1185//1185 1186//1186
f 1185//1185 1192//1192 1187//1187
f 1185//1185 1191//1191 1192//1192
f 1192//1192 1080//1080 1187//1187
f 959//959 1193//1193 1188//1188
f 959//959 1188//1188 1082//1082
f 1194//1194 1190//1190 1189//1189
f 1191//1191 1195//1195 1192//1192
f 1191//1191 1199//1199 1195//1195
f 1195//1195 1084//1084 1080//1080
f 1195//1195 1080//1080 1192//1192
f 1085//1085 1193//1193 959//959
f 1193//1193 1197//1197 1188//1188
f 1188//1188 1198//1198 1189//1189
f 1188//1188 1197//1197 1198//1198
f 1199//1199 1191//1191 1281//1281
f 1195//1195 1086//1086 1084//1084
f 1085//1085 1196//1196 1193//1193
f 1193//1193 1196//1196 1197//1197
f 1200//1200 1089//1089 1086//1086
f 1200//1200 1086//1086 1195//1195
f 1087//1087 1201//1201 1196//1196
f 1087//1087 1196//1196 1085//1085
f 1202//1202 1197//1197 1196//1196
f 1195//1195 1199//1199 1205//1205
f 1205//1205 1199//1199 1203//1203
f 1195//1195 1204//1204 1200//1200
f 1195//1195 1205//1205 1204//1204
f 1204//1204 1089//1089 1200//1200
f 1088//1088 1201//1201 1087//1087
f 1202//1202 1196//1196 1201//1201
f 1205//1205 1091//1091 1089//1089
f 1205//1205 1089//1089 1204//1204
f 1090//1090 1208//1208 1201//1201
f 1090//1090 1201//1201 1088//1088
f 1201//1201 1208//1208 1207//1207
f 1203//1203 1206//1206 1205//1205
f 1289//1289 1205//1205 1206//1206
f 1289//1289 1091//1091 1205//1205
f 1092//1092 1208//1208 1090//1090
f 1209//1209 1091//1091 1289//1289
f 1092//1092 1292//1292 1208//1208
f 1210//1210 1093//1093 1091//1091
f 1209//1209 1210//1210 1091//1091
f 1094//1094 1211//1211 1092//1092
f 1292//1292 1092//1092 1211//1211
f 1209//1209 1097//1097 1093//1093
f 1209//1209 1093//1093 1210//1210
f 1096//1096 1211//1211 1094//1094
f 1213//1213 1295//1295 1212//1212
f 1213//1213 1209//1209 1295//1295
f 1213//1213 1098//1098 1097//1097
f 1213//1213 1097//1097 1209//1209
f 1101//1101 1214//1214 1096//1096
f 1099//1099 1213//1213 1215//1215
f 1099//1099 1098//1098 1213//1213
f 1300//1300 1214//1214 1101//1101
f 1215//1215 1216//1216 1099//1099
f 1102//1102 1217//1217 1101//1101
f 1217//1217 1305//1305 1101//1101
f 1101//1101 1305//1305 1300//1300
f 1216//1216 1215//1215 1218//1218
f 1218//1218 1103//1103 1216//1216
f 978//978 1220//1220 1217//1217
f 978//978 1217//1217 1102//1102
f 1215//1215 1222//1222 1218//1218
f 1222//1222 1221//1221 1103//1103
f 1218//1218 1222//1222 1103//1103
f 978//978 1219//1219 1220//1220
f 978//978 1107//1107 1219//1219
f 1106//1106 1107//1107 978//978
f 1219//1219 1107//1107 1220//1220
f 1105//1105 1221//1221 1222//1222
f 1223//1223 1105//1105 1222//1222
f 1108//1108 1105//1105 1223//1223
f 1223//1223 1225//1225 1108//1108
f 1109//1109 1224//1224 1107//1107
f 1226//1226 1110//1110 1225//1225
f 1226//1226 985//985 1110//1110
f 1113//1113 1228//1228 1111//1111
f 1226//1226 1227//1227 1112//1112
f 1227//1227 1317//1317 1112//1112
f 1226//1226 1112//1112 985//985
f 1317//1317 1115//1115 1112//1112
f 1116//1116 1115//1115 1317//1317
f 1113//1113 1114//1114 1229//1229
f 1114//1114 1230//1230 1229//1229
f 1117//1117 1232//1232 1114//1114
f 1230//1230 1114//1114 1232//1232
f 1233//1233 1116//1116 1231//1231
f 989//989 1232//1232 1117//1117
f 1234//1234 1233//1233 1236//1236
f 992//992 1237//1237 1235//1235
f 1238//1238 1118//1118 1236//1236
f 1119//1119 1237//1237 992//992
f 1239//1239 1237//1237 1119//1119
f 1240//1240 1118//1118 1238//1238
f 1119//1119 1241//1241 1239//1239
f 1242//1242 995//995 1240//1240
f 1120//1120 1245//1245 1241//1241
f 1243//1243 1244//1244 995//995
f 1243//1243 995//995 1242//1242
f 994//994 1245//1245 1121//1121
f 1245//1245 1120//1120 1121//1121
f 997//997 1245//1245 994//994
f 1244//1244 1246//1246 1122//1122
f 997//997 1248//1248 1245//1245
f 1335//1335 1245//1245 1247//1247
f 1247//1247 1245//1245 1248//1248
f 1249//1249 1123//1123 1246//1246
f 997//997 1250//1250 1248//1248
f 1124//1124 1250//1250 997//997
f 1249//1249 1126//1126 1123//1123
f 1251//1251 1126//1126 1249//1249
f 1000//1000 1252//1252 1250//1250
f 1251//1251 1127//1127 1126//1126
f 1342//1342 1127//1127 1251//1251
f 1001//1001 1252//1252 1000//1000
f 1001//1001 1253//1253 1252//1252
f 1129//1129 1127//1127 1342//1342
f 1001//1001 1343//1343 1253//1253
f 1128//1128 1343//1343 1001//1001
f 1344//1344 1254//1254 1129//1129
f 888//888 1255//1255 1130//1130
f 1255//1255 1128//1128 1130//1130
f 1433//1433 1132//1132 1254//1254
f 1131//1131 1258//1258 1255//1255
f 1131//1131 1255//1255 888//888
f 1433//1433 1256//1256 1132//1132
f 1255//1255 1258//1258 1257//1257
f 1348//1348 1132//1132 1256//1256
f 1131//1131 1133//1133 1258//1258
f 1348//1348 1134//1134 1132//1132
f 1135//1135 1259//1259 1133//1133
f 1350//1350 1260//1260 1134//1134
f 1136//1136 1259//1259 1135//1135
f 1009//1009 1261//1261 1136//1136
f 1138//1138 1261//1261 1009//1009
f 1447//1447 1139//1139 1262//1262
f 1447//1447 1141//1141 1139//1139
f 1356//1356 1141//1141 1447//1447
f 1356//1356 1264//1264 1141//1141
f 1451//1451 1143//1143 1264//1264
f 1142//1142 1145//1145 1265//1265
f 1451//1451 1014//1014 1143//1143
f 1266//1266 1014//1014 1451//1451
f 1266//1266 1454//1454 1014//1014
f 1146//1146 1147//1147 1145//1145
f 1268//1268 1148//1148 1360//1360
f 1016//1016 1267//1267 1147//1147
f 1268//1268 1269//1269 1148//1148
f 908//908 1016//1016 1149//1149
f 1364//1364 1150//1150 1269//1269
f 1151//1151 1363//1363 908//908
f 1364//1364 1020//1020 1150//1150
f 1270//1270 1020//1020 1364//1364
f 1153//1153 1271//1271 1151//1151
f 1152//1152 1020//1020 1270//1270
f 1153//1153 1024//1024 1271//1271
f 1271//1271 1024//1024 1274//1274
f 1273//1273 1272//1272 1023//1023
f 1023//1023 1152//1152 1270//1270
f 1023//1023 1270//1270 1273//1273
f 1275//1275 1157//1157 1154//1154
f 1154//1154 1023//1023 1272//1272
f 1154//1154 1272//1272 1275//1275
f 1276//1276 1370//1370 1274//1274
f 1276//1276 1274//1274 1155//1155
f 1156//1156 1276//1276 1155//1155
f 1277//1277 1161//1161 1157//1157
f 1277//1277 1374//1374 1161//1161
f 1376//1376 1371//1371 1158//1158
f 1376//1376 1158//1158 1159//1159
f 1278//1278 1159//1159 1160//1160
f 1278//1278 1376//1376 1159//1159
f 1278//1278 1160//1160 1161//1161
f 1194//1194 1279//1279 1190//1190
f 1280//1280 1186//1186 1190//1190
f 1280//1280 1190//1190 1279//1279
f 1280//1280 1191//1191 1186//1186
f 1189//1189 1279//1279 1194//1194
f 1279//1279 1281//1281 1280//1280
f 1279//1279 1189//1189 1281//1281
f 1281//1281 1191//1191 1280//1280
f 1197//1197 1283//1283 1198//1198
f 1283//1283 1189//1189 1198//1198
f 1282//1282 1189//1189 1283//1283
f 1189//1189 1282//1282 1281//1281
f 1284//1284 1199//1199 1281//1281
f 1202//1202 1283//1283 1197//1197
f 1281//1281 1282//1282 1284//1284
f 1284//1284 1203//1203 1199//1199
f 1201//1201 1285//1285 1283//1283
f 1201//1201 1283//1283 1202//1202
f 1283//1283 1286//1286 1282//1282
f 1282//1282 1203//1203 1284//1284
f 1282//1282 1286//1286 1203//1203
f 1207//1207 1285//1285 1201//1201
f 1285//1285 1286//1286 1283//1283
f 1286//1286 1287//1287 1203//1203
f 1289//1289 1206//1206 1203//1203
f 1287//1287 1289//1289 1203//1203
f 1286//1286 1288//1288 1287//1287
f 1287//1287 1288//1288 1289//1289
f 1208//1208 1285//1285 1207//1207
f 1285//1285 1290//1290 1286//1286
f 1285//1285 1208//1208 1290//1290
f 1286//1286 1290//1290 1288//1288
f 1288//1288 1291//1291 1289//1289
f 1291//1291 1295//1295 1209//1209
f 1291//1291 1209//1209 1289//1289
f 1293//1293 1208//1208 1292//1292
f 1208//1208 1293//1293 1290//1290
f 1290//1290 1294//1294 1288//1288
f 1288//1288 1295//1295 1291//1291
f 1288//1288 1294//1294 1295//1295
f 1096//1096 1300//1300 1292//1292
f 1096//1096 1292//1292 1211//1211
f 1293//1293 1296//1296 1290//1290
f 1290//1290 1297//1297 1294//1294
f 1290//1290 1296//1296 1297//1297
f 1294//1294 1212//1212 1295//1295
f 1214//1214 1300//1300 1096//1096
f 1300//1300 1302//1302 1292//1292
f 1296//1296 1293//1293 1298//1298
f 1293//1293 1302//1302 1298//1298
f 1293//1293 1292//1292 1302//1302
f 1294//1294 1299//1299 1212//1212
f 1299//1299 1215//1215 1213//1213
f 1299//1299 1213//1213 1212//1212
f 1302//1302 1300//1300 1301//1301
f 1304//1304 1294//1294 1303//1303
f 1304//1304 1299//1299 1294//1294
f 1299//1299 1304//1304 1215//1215
f 1309//1309 1300//1300 1305//1305
f 1301//1301 1300//1300 1306//1306
f 1306//1306 1300//1300 1309//1309
f 1307//1307 1215//1215 1304//1304
f 1220//1220 1308//1308 1305//1305
f 1220//1220 1305//1305 1217//1217
f 1309//1309 1305//1305 1308//1308
f 1307//1307 1310//1310 1222//1222
f 1215//1215 1307//1307 1222//1222
f 1311//1311 1308//1308 1220//1220
f 1312//1312 1222//1222 1310//1310
f 1107//1107 1314//1314 1220//1220
f 1314//1314 1311//1311 1220//1220
f 1312//1312 1315//1315 1222//1222
f 1315//1315 1223//1223 1222//1222
f 1224//1224 1314//1314 1107//1107
f 1315//1315 1312//1312 1313//1313
f 1315//1315 1225//1225 1223//1223
f 1314//1314 1224//1224 1109//1109
f 1315//1315 1226//1226 1225//1225
f 1398//1398 1109//1109 1111//1111
f 1397//1397 1227//1227 1226//1226
f 1397//1397 1226//1226 1315//1315
f 1228//1228 1316//1316 1111//1111
f 1398//1398 1111//1111 1316//1316
f 1317//1317 1227//1227 1397//1397
f 1113//1113 1318//1318 1316//1316
f 1113//1113 1316//1316 1228//1228
f 1402//1402 1116//1116 1317//1317
f 1229//1229 1318//1318 1113//1113
f 1230//1230 1318//1318 1229//1229
f 1320//1320 1231//1231 1402//1402
f 1402//1402 1231//1231 1116//1116
f 1232//1232 1322//1322 1230//1230
f 1319//1319 1230//1230 1322//1322
f 1320//1320 1321//1321 1408//1408
f 1408//1408 1233//1233 1231//1231
f 1408//1408 1231//1231 1320//1320
f 989//989 1323//1323 1322//1322
f 989//989 1322//1322 1232//1232
f 1324//1324 1236//1236 1233//1233
f 1324//1324 1233//1233 1408//1408
f 1235//1235 1323//1323 989//989
f 1325//1325 1323//1323 1235//1235
f 1238//1238 1236//1236 1324//1324
f 1237//1237 1328//1328 1235//1235
f 1325//1325 1235//1235 1326//1326
f 1326//1326 1235//1235 1328//1328
f 1327//1327 1240//1240 1238//1238
f 1239//1239 1328//1328 1237//1237
f 1329//1329 1242//1242 1240//1240
f 1329//1329 1240//1240 1327//1327
f 1330//1330 1328//1328 1241//1241
f 1328//1328 1239//1239 1241//1241
f 1329//1329 1243//1243 1242//1242
f 1245//1245 1332//1332 1330//1330
f 1245//1245 1330//1330 1241//1241
f 1243//1243 1329//1329 1331//1331
f 1243//1243 1331//1331 1333//1333
f 1333//1333 1244//1244 1243//1243
f 1335//1335 1332//1332 1245//1245
f 1334//1334 1332//1332 1335//1335
f 1333//1333 1246//1246 1244//1244
f 1247//1247 1336//1336 1335//1335
f 1249//1249 1333//1333 1337//1337
f 1249//1249 1246//1246 1333//1333
f 1336//1336 1247//1247 1248//1248
f 1336//1336 1248//1248 1338//1338
f 1338//1338 1248//1248 1250//1250
f 1339//1339 1251//1251 1249//1249
f 1339//1339 1249//1249 1337//1337
f 1252//1252 1253//1253 1250//1250
f 1338//1338 1250//1250 1340//1340
f 1340//1340 1250//1250 1253//1253
f 1342//1342 1251//1251 1341//1341
f 1343//1343 1432//1432 1253//1253
f 1253//1253 1432//1432 1340//1340
f 1342//1342 1344//1344 1129//1129
f 1128//1128 1345//1345 1343//1343
f 1433//1433 1254//1254 1344//1344
f 1255//1255 1345//1345 1128//1128
f 1255//1255 1346//1346 1345//1345
f 1255//1255 1347//1347 1346//1346
f 1348//1348 1256//1256 1433//1433
f 1257//1257 1347//1347 1255//1255
f 1133//1133 1349//1349 1258//1258
f 1349//1349 1257//1257 1258//1258
f 1350//1350 1134//1134 1348//1348
f 1259//1259 1349//1349 1133//1133
f 1259//1259 1352//1352 1349//1349
f 1351//1351 1260//1260 1350//1350
f 1136//1136 1353//1353 1352//1352
f 1136//1136 1352//1352 1259//1259
f 1351//1351 1137//1137 1260//1260
f 1443//1443 1137//1137 1351//1351
f 1136//1136 1261//1261 1353//1353
f 1443//1443 1262//1262 1137//1137
f 1138//1138 1355//1355 1261//1261
f 1354//1354 1447//1447 1262//1262
f 1140//1140 1355//1355 1138//1138
f 1263//1263 1452//1452 1140//1140
f 1451//1451 1264//1264 1356//1356
f 1142//1142 1452//1452 1263//1263
f 1357//1357 1142//1142 1265//1265
f 1357//1357 1452//1452 1142//1142
f 1454//1454 1266//1266 1451//1451
f 1145//1145 1358//1358 1265//1265
f 1357//1357 1265//1265 1455//1455
f 1455//1455 1265//1265 1358//1358
f 1147//1147 1358//1358 1145//1145
f 1359//1359 1360//1360 1454//1454
f 1267//1267 1358//1358 1147//1147
f 1267//1267 1361//1361 1358//1358
f 1457//1457 1268//1268 1360//1360
f 1016//1016 1361//1361 1267//1267
f 1016//1016 1362//1362 1361//1361
f 1457//1457 1269//1269 1268//1268
f 1539//1539 1269//1269 1457//1457
f 1363//1363 1362//1362 1016//1016
f 1363//1363 1016//1016 908//908
f 1539//1539 1364//1364 1269//1269
f 1366//1366 1270//1270 1364//1364
f 1365//1365 1271//1271 1367//1367
f 1151//1151 1271//1271 1365//1365
f 1270//1270 1366//1366 1368//1368
f 1274//1274 1460//1460 1271//1271
f 1273//1273 1270//1270 1368//1368
f 1369//1369 1460//1460 1274//1274
f 1370//1370 1369//1369 1274//1274
f 1275//1275 1272//1272 1273//1273
f 1156//1156 1465//1465 1370//1370
f 1276//1276 1156//1156 1370//1370
f 1161//1161 1374//1374 1372//1372
f 1374//1374 1373//1373 1372//1372
f 1277//1277 1157//1157 1275//1275
f 1277//1277 1275//1275 1374//1374
f 1375//1375 1467//1467 1371//1371
f 1375//1375 1371//1371 1376//1376
f 1376//1376 1278//1278 1372//1372
f 1372//1372 1278//1278 1161//1161
f 1377//1377 1297//1297 1296//1296
f 1377//1377 1296//1296 1298//1298
f 1377//1377 1294//1294 1297//1297
f 1301//1301 1298//1298 1302//1302
f 1298//1298 1378//1378 1377//1377
f 1380//1380 1303//1303 1294//1294
f 1377//1377 1380//1380 1294//1294
f 1380//1380 1304//1304 1303//1303
f 1301//1301 1385//1385 1298//1298
f 1301//1301 1306//1306 1385//1385
f 1298//1298 1385//1385 1378//1378
f 1377//1377 1379//1379 1380//1380
f 1377//1377 1378//1378 1379//1379
f 1380//1380 1307//1307 1304//1304
f 1308//1308 1306//1306 1309//1309
f 1381//1381 1306//1306 1308//1308
f 1306//1306 1381//1381 1385//1385
f 1378//1378 1385//1385 1382//1382
f 1379//1379 1378//1378 1383//1383
f 1384//1384 1310//1310 1307//1307
f 1380//1380 1384//1384 1307//1307
f 1379//1379 1384//1384 1380//1380
f 1385//1385 1308//1308 1472//1472
f 1385//1385 1381//1381 1308//1308
f 1383//1383 1386//1386 1379//1379
f 1387//1387 1379//1379 1386//1386
f 1379//1379 1312//1312 1310//1310
f 1379//1379 1310//1310 1384//1384
f 1314//1314 1388//1388 1311//1311
f 1391//1391 1311//1311 1388//1388
f 1389//1389 1308//1308 1391//1391
f 1308//1308 1311//1311 1391//1391
f 1308//1308 1389//1389 1472//1472
f 1390//1390 1379//1379 1387//1387
f 1390//1390 1313//1313 1312//1312
f 1390//1390 1312//1312 1379//1379
f 1390//1390 1315//1315 1313//1313
f 1109//1109 1393//1393 1314//1314
f 1314//1314 1395//1395 1388//1388
f 1314//1314 1393//1393 1395//1395
f 1391//1391 1388//1388 1395//1395
f 1392//1392 1394//1394 1390//1390
f 1394//1394 1397//1397 1315//1315
f 1394//1394 1315//1315 1390//1390
f 1398//1398 1393//1393 1109//1109
f 1392//1392 1397//1397 1394//1394
f 1392//1392 1396//1396 1397//1397
f 1398//1398 1399//1399 1393//1393
f 1395//1395 1393//1393 1399//1399
f 1396//1396 1400//1400 1397//1397
f 1400//1400 1402//1402 1317//1317
f 1400//1400 1317//1317 1397//1397
f 1318//1318 1403//1403 1398//1398
f 1318//1318 1398//1398 1316//1316
f 1401//1401 1399//1399 1398//1398
f 1396//1396 1402//1402 1400//1400
f 1396//1396 1404//1404 1402//1402
f 1230//1230 1403//1403 1318//1318
f 1403//1403 1230//1230 1319//1319
f 1401//1401 1398//1398 1403//1403
f 1402//1402 1404//1404 1321//1321
f 1402//1402 1321//1321 1320//1320
f 1322//1322 1403//1403 1319//1319
f 1403//1403 1322//1322 1406//1406
f 1407//1407 1404//1404 1405//1405
f 1407//1407 1408//1408 1404//1404
f 1408//1408 1321//1321 1404//1404
f 1322//1322 1410//1410 1406//1406
f 1407//1407 1324//1324 1408//1408
f 1325//1325 1326//1326 1322//1322
f 1325//1325 1322//1322 1323//1323
f 1322//1322 1413//1413 1410//1410
f 1322//1322 1326//1326 1413//1413
f 1409//1409 1411//1411 1407//1407
f 1411//1411 1238//1238 1324//1324
f 1411//1411 1324//1324 1407//1407
f 1413//1413 1326//1326 1412//1412
f 1414//1414 1409//1409 1496//1496
f 1409//1409 1418//1418 1411//1411
f 1409//1409 1414//1414 1418//1418
f 1418//1418 1327//1327 1238//1238
f 1418//1418 1238//1238 1411//1411
f 1415//1415 1326//1326 1328//1328
f 1416//1416 1326//1326 1415//1415
f 1412//1412 1326//1326 1417//1417
f 1417//1417 1326//1326 1416//1416
f 1418//1418 1414//1414 1496//1496
f 1418//1418 1329//1329 1327//1327
f 1328//1328 1420//1420 1415//1415
f 1418//1418 1331//1331 1329//1329
f 1330//1330 1420//1420 1328//1328
f 1418//1418 1419//1419 1421//1421
f 1418//1418 1424//1424 1331//1331
f 1421//1421 1424//1424 1418//1418
f 1332//1332 1422//1422 1420//1420
f 1332//1332 1420//1420 1330//1330
f 1423//1423 1420//1420 1422//1422
f 1424//1424 1421//1421 1419//1419
f 1424//1424 1333//1333 1331//1331
f 1334//1334 1422//1422 1332//1332
f 1507//1507 1333//1333 1424//1424
f 1336//1336 1425//1425 1335//1335
f 1335//1335 1425//1425 1334//1334
f 1334//1334 1425//1425 1422//1422
f 1426//1426 1337//1337 1333//1333
f 1426//1426 1333//1333 1507//1507
f 1336//1336 1338//1338 1425//1425
f 1428//1428 1425//1425 1338//1338
f 1426//1426 1339//1339 1337//1337
f 1339//1339 1426//1426 1427//1427
f 1429//1429 1339//1339 1427//1427
f 1251//1251 1339//1339 1429//1429
f 1340//1340 1430//1430 1338//1338
f 1428//1428 1338//1338 1516//1516
f 1516//1516 1338//1338 1430//1430
f 1429//1429 1341//1341 1251//1251
f 1431//1431 1342//1342 1341//1341
f 1431//1431 1344//1344 1342//1342
f 1345//1345 1432//1432 1343//1343
f 1518//1518 1432//1432 1345//1345
f 1433//1433 1431//1431 1435//1435
f 1433//1433 1344//1344 1431//1431
f 1518//1518 1345//1345 1434//1434
f 1347//1347 1438//1438 1345//1345
f 1347//1347 1345//1345 1346//1346
f 1434//1434 1345//1345 1438//1438
f 1435//1435 1348//1348 1433//1433
f 1257//1257 1438//1438 1347//1347
f 1437//1437 1348//1348 1435//1435
f 1257//1257 1439//1439 1438//1438
f 1349//1349 1439//1439 1257//1257
f 1524//1524 1350//1350 1348//1348
f 1524//1524 1348//1348 1437//1437
f 1349//1349 1440//1440 1439//1439
f 1442//1442 1350//1350 1524//1524
f 1352//1352 1440//1440 1349//1349
f 1352//1352 1441//1441 1440//1440
f 1442//1442 1351//1351 1350//1350
f 1443//1443 1351//1351 1442//1442
f 1261//1261 1444//1444 1353//1353
f 1444//1444 1352//1352 1353//1353
f 1446//1446 1262//1262 1443//1443
f 1355//1355 1444//1444 1261//1261
f 1445//1445 1444//1444 1355//1355
f 1446//1446 1354//1354 1262//1262
f 1445//1445 1355//1355 1532//1532
f 1532//1532 1355//1355 1448//1448
f 1447//1447 1354//1354 1446//1446
f 1355//1355 1449//1449 1448//1448
f 1140//1140 1449//1449 1355//1355
f 1451//1451 1447//1447 1450//1450
f 1356//1356 1447//1447 1451//1451
f 1452//1452 1449//1449 1140//1140
f 1357//1357 1455//1455 1452//1452
f 1453//1453 1454//1454 1451//1451
f 1538//1538 1359//1359 1454//1454
f 1456//1456 1455//1455 1358//1358
f 1538//1538 1360//1360 1359//1359
f 1457//1457 1360//1360 1538//1538
f 1361//1361 1456//1456 1358//1358
f 1456//1456 1361//1361 1362//1362
f 1363//1363 1151//1151 1362//1362
f 1151//1151 1365//1365 1362//1362
f 1366//1366 1364//1364 1539//1539
f 1459//1459 1365//1365 1367//1367
f 1367//1367 1271//1271 1459//1459
f 1459//1459 1271//1271 1460//1460
f 1458//1458 1461//1461 1368//1368
f 1458//1458 1368//1368 1366//1366
f 1460//1460 1463//1463 1462//1462
f 1464//1464 1466//1466 1273//1273
f 1273//1273 1368//1368 1461//1461
f 1273//1273 1461//1461 1464//1464
f 1465//1465 1463//1463 1460//1460
f 1369//1369 1465//1465 1460//1460
f 1370//1370 1465//1465 1369//1369
f 1275//1275 1466//1466 1374//1374
f 1275//1275 1273//1273 1466//1466
f 1550//1550 1156//1156 1371//1371
f 1550//1550 1465//1465 1156//1156
f 1467//1467 1550//1550 1371//1371
f 1375//1375 1468//1468 1467//1467
f 1372//1372 1552//1552 1468//1468
f 1372//1372 1469//1469 1552//1552
f 1469//1469 1372//1372 1373//1373
f 1373//1373 1374//1374 1469//1469
f 1468//1468 1375//1375 1376//1376
f 1468//1468 1376//1376 1372//1372
f 1382//1382 1471//1471 1378//1378
f 1470//1470 1383//1383 1378//1378
f 1470//1470 1378//1378 1471//1471
f 1471//1471 1382//1382 1385//1385
f 1472//1472 1471//1471 1385//1385
f 1471//1471 1386//1386 1383//1383
f 1470//1470 1471//1471 1383//1383
f 1471//1471 1387//1387 1386//1386
f 1391//1391 1472//1472 1389//1389
f 1472//1472 1474//1474 1471//1471
f 1472//1472 1473//1473 1474//1474
f 1471//1471 1474//1474 1479//1479
f 1471//1471 1479//1479 1475//1475
f 1476//1476 1390//1390 1387//1387
f 1471//1471 1476//1476 1387//1387
f 1475//1475 1476//1476 1471//1471
f 1476//1476 1392//1392 1390//1390
f 1475//1475 1392//1392 1476//1476
f 1395//1395 1477//1477 1391//1391
f 1391//1391 1482//1482 1472//1472
f 1391//1391 1477//1477 1482//1482
f 1472//1472 1478//1478 1473//1473
f 1472//1472 1482//1482 1478//1478
f 1474//1474 1473//1473 1479//1479
f 1479//1479 1480//1480 1475//1475
f 1480//1480 1396//1396 1392//1392
f 1480//1480 1392//1392 1475//1475
f 1479//1479 1396//1396 1480//1480
f 1399//1399 1401//1401 1395//1395
f 1395//1395 1481//1481 1477//1477
f 1395//1395 1401//1401 1481//1481
f 1477//1477 1481//1481 1482//1482
f 1478//1478 1483//1483 1473//1473
f 1473//1473 1484//1484 1479//1479
f 1473//1473 1483//1483 1484//1484
f 1484//1484 1404//1404 1396//1396
f 1484//1484 1396//1396 1479//1479
f 1483//1483 1404//1404 1484//1484
f 1403//1403 1406//1406 1401//1401
f 1401//1401 1406//1406 1485//1485
f 1401//1401 1485//1485 1481//1481
f 1481//1481 1486//1486 1482//1482
f 1482//1482 1486//1486 1478//1478
f 1478//1478 1487//1487 1483//1483
f 1478//1478 1486//1486 1487//1487
f 1487//1487 1405//1405 1404//1404
f 1487//1487 1404//1404 1483//1483
f 1485//1485 1406//1406 1488//1488
f 1487//1487 1486//1486 1407//1407
f 1487//1487 1407//1407 1405//1405
f 1410//1410 1488//1488 1406//1406
f 1485//1485 1489//1489 1481//1481
f 1485//1485 1488//1488 1489//1489
f 1481//1481 1490//1490 1486//1486
f 1481//1481 1489//1489 1490//1490
f 1490//1490 1409//1409 1407//1407
f 1490//1490 1407//1407 1486//1486
f 1410//1410 1492//1492 1488//1488
f 1488//1488 1492//1492 1491//1491
f 1489//1489 1409//1409 1490//1490
f 1492//1492 1410//1410 1413//1413
f 1412//1412 1492//1492 1413//1413
f 1491//1491 1493//1493 1488//1488
f 1488//1488 1494//1494 1489//1489
f 1488//1488 1493//1493 1494//1494
f 1494//1494 1496//1496 1409//1409
f 1494//1494 1409//1409 1489//1489
f 1412//1412 1495//1495 1492//1492
f 1493//1493 1496//1496 1494//1494
f 1416//1416 1498//1498 1412//1412
f 1416//1416 1412//1412 1417//1417
f 1412//1412 1497//1497 1495//1495
f 1412//1412 1498//1498 1497//1497
f 1492//1492 1495//1495 1491//1491
f 1493//1493 1501//1501 1496//1496
f 1501//1501 1419//1419 1418//1418
f 1501//1501 1418//1418 1496//1496
f 1420//1420 1498//1498 1415//1415
f 1498//1498 1416//1416 1415//1415
f 1495//1495 1499//1499 1491//1491
f 1495//1495 1497//1497 1499//1499
f 1491//1491 1500//1500 1493//1493
f 1491//1491 1499//1499 1500//1500
f 1493//1493 1500//1500 1501//1501
f 1423//1423 1506//1506 1498//1498
f 1423//1423 1498//1498 1420//1420
f 1498//1498 1506//1506 1503//1503
f 1497//1497 1498//1498 1503//1503
f 1502//1502 1500//1500 1499//1499
f 1501//1501 1505//1505 1419//1419
f 1500//1500 1505//1505 1501//1501
f 1505//1505 1424//1424 1419//1419
f 1422//1422 1506//1506 1423//1423
f 1504//1504 1500//1500 1502//1502
f 1500//1500 1504//1504 1505//1505
f 1505//1505 1507//1507 1424//1424
f 1506//1506 1422//1422 1509//1509
f 1507//1507 1505//1505 1504//1504
f 1428//1428 1508//1508 1422//1422
f 1428//1428 1422//1422 1425//1425
f 1422//1422 1511//1511 1509//1509
f 1422//1422 1508//1508 1511//1511
f 1510//1510 1427//1427 1426//1426
f 1510//1510 1426//1426 1507//1507
f 1511//1511 1508//1508 1428//1428
f 1512//1512 1427//1427 1510//1510
f 1511//1511 1428//1428 1516//1516
f 1512//1512 1510//1510 1515//1515
f 1515//1515 1510//1510 1513//1513
f 1512//1512 1341//1341 1429//1429
f 1512//1512 1429//1429 1427//1427
f 1340//1340 1516//1516 1430//1430
f 1511//1511 1516//1516 1514//1514
f 1514//1514 1516//1516 1567//1567
f 1515//1515 1431//1431 1341//1341
f 1515//1515 1341//1341 1512//1512
f 1432//1432 1516//1516 1340//1340
f 1567//1567 1516//1516 1517//1517
f 1519//1519 1431//1431 1515//1515
f 1518//1518 1516//1516 1432//1432
f 1517//1517 1516//1516 1518//1518
f 1519//1519 1435//1435 1431//1431
f 1521//1521 1518//1518 1434//1434
f 1520//1520 1435//1435 1519//1519
f 1438//1438 1522//1522 1434//1434
f 1521//1521 1434//1434 1522//1522
f 1574//1574 1437//1437 1435//1435
f 1574//1574 1435//1435 1520//1520
f 1438//1438 1523//1523 1522//1522
f 1436//1436 1523//1523 1438//1438
f 1524//1524 1437//1437 1574//1574
f 1439//1439 1440//1440 1438//1438
f 1440//1440 1436//1436 1438//1438
f 1525//1525 1442//1442 1524//1524
f 1436//1436 1440//1440 1526//1526
f 1528//1528 1442//1442 1525//1525
f 1441//1441 1527//1527 1440//1440
f 1526//1526 1440//1440 1527//1527
f 1528//1528 1443//1443 1442//1442
f 1352//1352 1530//1530 1527//1527
f 1352//1352 1527//1527 1441//1441
f 1443//1443 1528//1528 1583//1583
f 1529//1529 1443//1443 1583//1583
f 1446//1446 1443//1443 1529//1529
f 1444//1444 1531//1531 1530//1530
f 1444//1444 1530//1530 1352//1352
f 1584//1584 1446//1446 1529//1529
f 1445//1445 1531//1531 1444//1444
f 1584//1584 1447//1447 1446//1446
f 1587//1587 1447//1447 1584//1584
f 1532//1532 1531//1531 1445//1445
f 1587//1587 1450//1450 1447//1447
f 1449//1449 1532//1532 1448//1448
f 1533//1533 1451//1451 1450//1450
f 1532//1532 1449//1449 1589//1589
f 1453//1453 1451//1451 1533//1533
f 1452//1452 1535//1535 1449//1449
f 1589//1589 1449//1449 1534//1534
f 1534//1534 1449//1449 1535//1535
f 1455//1455 1535//1535 1452//1452
f 1536//1536 1454//1454 1453//1453
f 1537//1537 1538//1538 1454//1454
f 1537//1537 1454//1454 1536//1536
f 1456//1456 1596//1596 1455//1455
f 1538//1538 1537//1537 1595//1595
f 1597//1597 1457//1457 1538//1538
f 1362//1362 1600//1600 1456//1456
f 1597//1597 1539//1539 1457//1457
f 1365//1365 1600//1600 1362//1362
f 1539//1539 1541//1541 1540//1540
f 1366//1366 1539//1539 1540//1540
f 1365//1365 1459//1459 1542//1542
f 1459//1459 1543//1543 1542//1542
f 1540//1540 1541//1541 1458//1458
f 1541//1541 1461//1461 1458//1458
f 1540//1540 1458//1458 1366//1366
f 1460//1460 1544//1544 1459//1459
f 1544//1544 1543//1543 1459//1459
f 1462//1462 1544//1544 1460//1460
f 1463//1463 1544//1544 1462//1462
f 1546//1546 1466//1466 1461//1461
f 1461//1461 1466//1466 1464//1464
f 1545//1545 1463//1463 1465//1465
f 1374//1374 1466//1466 1548//1548
f 1466//1466 1549//1549 1548//1548
f 1549//1549 1466//1466 1546//1546
f 1465//1465 1547//1547 1545//1545
f 1550//1550 1547//1547 1465//1465
f 1612//1612 1467//1467 1468//1468
f 1612//1612 1550//1550 1467//1467
f 1551//1551 1468//1468 1552//1552
f 1551//1551 1612//1612 1468//1468
f 1552//1552 1469//1469 1548//1548
f 1548//1548 1469//1469 1374//1374
f 1503//1503 1554//1554 1497//1497
f 1553//1553 1499//1499 1497//1497
f 1553//1553 1497//1497 1554//1554
f 1502//1502 1499//1499 1553//1553
f 1558//1558 1504//1504 1502//1502
f 1553//1553 1558//1558 1502//1502
f 1509//1509 1561//1561 1506//1506
f 1554//1554 1503//1503 1506//1506
f 1561//1561 1554//1554 1506//1506
f 1555//1555 1554//1554 1561//1561
f 1554//1554 1556//1556 1553//1553
f 1553//1553 1556//1556 1558//1558
f 1558//1558 1507//1507 1504//1504
f 1558//1558 1510//1510 1507//1507
f 1555//1555 1557//1557 1554//1554
f 1554//1554 1557//1557 1556//1556
f 1556//1556 1557//1557 1558//1558
f 1559//1559 1510//1510 1558//1558
f 1561//1561 1509//1509 1511//1511
f 1560//1560 1561//1561 1511//1511
f 1561//1561 1564//1564 1555//1555
f 1557//1557 1562//1562 1558//1558
f 1558//1558 1565//1565 1559//1559
f 1558//1558 1562//1562 1565//1565
f 1565//1565 1510//1510 1559//1559
f 1511//1511 1563//1563 1560//1560
f 1564//1564 1561//1561 1560//1560
f 1555//1555 1564//1564 1617//1617
f 1555//1555 1617//1617 1557//1557
f 1562//1562 1557//1557 1617//1617
f 1565//1565 1513//1513 1510//1510
f 1514//1514 1563//1563 1511//1511
f 1564//1564 1560//1560 1619//1619
f 1619//1619 1560//1560 1563//1563
f 1566//1566 1565//1565 1562//1562
f 1565//1565 1515//1515 1513//1513
f 1622//1622 1514//1514 1567//1567
f 1563//1563 1514//1514 1622//1622
f 1566//1566 1569//1569 1565//1565
f 1569//1569 1519//1519 1515//1515
f 1569//1569 1515//1515 1565//1565
f 1518//1518 1572//1572 1567//1567
f 1518//1518 1567//1567 1517//1517
f 1570//1570 1622//1622 1567//1567
f 1566//1566 1568//1568 1571//1571
f 1566//1566 1571//1571 1569//1569
f 1571//1571 1519//1519 1569//1569
f 1521//1521 1572//1572 1518//1518
f 1627//1627 1567//1567 1572//1572
f 1567//1567 1627//1627 1570//1570
f 1630//1630 1571//1571 1568//1568
f 1630//1630 1520//1520 1519//1519
f 1630//1630 1519//1519 1571//1571
f 1521//1521 1575//1575 1572//1572
f 1573//1573 1572//1572 1575//1575
f 1574//1574 1520//1520 1630//1630
f 1575//1575 1521//1521 1522//1522
f 1523//1523 1575//1575 1522//1522
f 1576//1576 1524//1524 1574//1574
f 1523//1523 1578//1578 1575//1575
f 1635//1635 1575//1575 1578//1578
f 1525//1525 1524//1524 1576//1576
f 1526//1526 1577//1577 1523//1523
f 1526//1526 1523//1523 1436//1436
f 1578//1578 1523//1523 1577//1577
f 1579//1579 1528//1528 1525//1525
f 1527//1527 1577//1577 1526//1526
f 1579//1579 1583//1583 1528//1528
f 1530//1530 1581//1581 1527//1527
f 1582//1582 1527//1527 1581//1581
f 1579//1579 1580//1580 1583//1583
f 1584//1584 1583//1583 1587//1587
f 1584//1584 1529//1529 1583//1583
f 1531//1531 1585//1585 1530//1530
f 1585//1585 1586//1586 1530//1530
f 1530//1530 1586//1586 1581//1581
f 1532//1532 1588//1588 1585//1585
f 1532//1532 1585//1585 1531//1531
f 1647//1647 1450//1450 1587//1587
f 1532//1532 1589//1589 1588//1588
f 1590//1590 1533//1533 1450//1450
f 1590//1590 1450//1450 1647//1647
f 1590//1590 1453//1453 1533//1533
f 1593//1593 1651//1651 1589//1589
f 1534//1534 1593//1593 1589//1589
f 1589//1589 1651//1651 1591//1591
f 1453//1453 1590//1590 1592//1592
f 1655//1655 1453//1453 1592//1592
f 1536//1536 1453//1453 1655//1655
f 1594//1594 1593//1593 1535//1535
f 1593//1593 1534//1534 1535//1535
f 1655//1655 1537//1537 1536//1536
f 1455//1455 1594//1594 1535//1535
f 1655//1655 1595//1595 1537//1537
f 1596//1596 1594//1594 1455//1455
f 1658//1658 1538//1538 1595//1595
f 1456//1456 1598//1598 1596//1596
f 1597//1597 1538//1538 1658//1658
f 1600//1600 1598//1598 1456//1456
f 1599//1599 1539//1539 1597//1597
f 1365//1365 1542//1542 1600//1600
f 1599//1599 1662//1662 1541//1541
f 1599//1599 1541//1541 1539//1539
f 1543//1543 1600//1600 1542//1542
f 1461//1461 1662//1662 1602//1602
f 1541//1541 1662//1662 1461//1461
f 1544//1544 1601//1601 1543//1543
f 1604//1604 1603//1603 1662//1662
f 1662//1662 1603//1603 1602//1602
f 1603//1603 1461//1461 1602//1602
f 1605//1605 1544//1544 1463//1463
f 1606//1606 1463//1463 1545//1545
f 1606//1606 1605//1605 1463//1463
f 1604//1604 1608//1608 1603//1603
f 1608//1608 1546//1546 1603//1603
f 1603//1603 1546//1546 1461//1461
f 1610//1610 1609//1609 1547//1547
f 1547//1547 1609//1609 1545//1545
f 1609//1609 1607//1607 1545//1545
f 1607//1607 1606//1606 1545//1545
f 1612//1612 1611//1611 1610//1610
f 1613//1613 1671//1671 1612//1612
f 1548//1548 1671//1671 1613//1613
f 1548//1548 1614//1614 1671//1671
f 1614//1614 1549//1549 1608//1608
f 1548//1548 1549//1549 1614//1614
f 1608//1608 1549//1549 1546//1546
f 1610//1610 1547//1547 1550//1550
f 1610//1610 1550//1550 1612//1612
f 1612//1612 1551//1551 1552//1552
f 1612//1612 1552//1552 1613//1613
f 1613//1613 1552//1552 1548//1548
f 1616//1616 1617//1617 1564//1564
f 1616//1616 1564//1564 1615//1615
f 1619//1619 1615//1615 1564//1564
f 1616//1616 1615//1615 1617//1617
f 1618//1618 1566//1566 1562//1562
f 1617//1617 1618//1618 1562//1562
f 1615//1615 1618//1618 1617//1617
f 1622//1622 1619//1619 1563//1563
f 1619//1619 1620//1620 1615//1615
f 1615//1615 1620//1620 1621//1621
f 1615//1615 1621//1621 1618//1618
f 1621//1621 1568//1568 1566//1566
f 1621//1621 1566//1566 1618//1618
f 1622//1622 1623//1623 1619//1619
f 1620//1620 1568//1568 1621//1621
f 1622//1622 1570//1570 1627//1627
f 1624//1624 1622//1622 1627//1627
f 1622//1622 1624//1624 1623//1623
f 1623//1623 1625//1625 1619//1619
f 1619//1619 1628//1628 1620//1620
f 1619//1619 1625//1625 1628//1628
f 1620//1620 1628//1628 1626//1626
f 1620//1620 1626//1626 1568//1568
f 1626//1626 1630//1630 1568//1568
f 1573//1573 1627//1627 1572//1572
f 1625//1625 1623//1623 1628//1628
f 1626//1626 1628//1628 1630//1630
f 1575//1575 1627//1627 1573//1573
f 1627//1627 1629//1629 1624//1624
f 1627//1627 1575//1575 1629//1629
f 1624//1624 1629//1629 1632//1632
f 1623//1623 1674//1674 1628//1628
f 1623//1623 1624//1624 1674//1674
f 1628//1628 1674//1674 1633//1633
f 1628//1628 1633//1633 1630//1630
f 1630//1630 1576//1576 1574//1574
f 1575//1575 1631//1631 1629//1629
f 1575//1575 1635//1635 1631//1631
f 1632//1632 1629//1629 1631//1631
f 1624//1624 1632//1632 1674//1674
f 1633//1633 1634//1634 1630//1630
f 1634//1634 1525//1525 1576//1576
f 1634//1634 1576//1576 1630//1630
f 1577//1577 1635//1635 1578//1578
f 1631//1631 1635//1635 1636//1636
f 1633//1633 1637//1637 1634//1634
f 1633//1633 1639//1639 1637//1637
f 1637//1637 1579//1579 1525//1525
f 1637//1637 1525//1525 1634//1634
f 1577//1577 1641//1641 1635//1635
f 1636//1636 1635//1635 1638//1638
f 1638//1638 1635//1635 1641//1641
f 1639//1639 1580//1580 1579//1579
f 1639//1639 1579//1579 1637//1637
f 1582//1582 1640//1640 1577//1577
f 1582//1582 1577//1577 1527//1527
f 1641//1641 1577//1577 1640//1640
f 1639//1639 1642//1642 1580//1580
f 1645//1645 1642//1642 1639//1639
f 1642//1642 1583//1583 1580//1580
f 1581//1581 1640//1640 1582//1582
f 1643//1643 1640//1640 1581//1581
f 1645//1645 1587//1587 1583//1583
f 1645//1645 1583//1583 1642//1642
f 1585//1585 1581//1581 1586//1586
f 1643//1643 1581//1581 1685//1685
f 1685//1685 1581//1581 1646//1646
f 1683//1683 1645//1645 1644//1644
f 1683//1683 1647//1647 1587//1587
f 1683//1683 1587//1587 1645//1645
f 1588//1588 1648//1648 1581//1581
f 1588//1588 1581//1581 1585//1585
f 1646//1646 1581//1581 1648//1648
f 1589//1589 1648//1648 1588//1588
f 1649//1649 1590//1590 1647//1647
f 1591//1591 1648//1648 1589//1589
f 1692//1692 1648//1648 1591//1591
f 1649//1649 1592//1592 1590//1590
f 1649//1649 1650//1650 1592//1592
f 1650//1650 1655//1655 1592//1592
f 1593//1593 1654//1654 1651//1651
f 1652//1652 1655//1655 1650//1650
f 1594//1594 1653//1653 1654//1654
f 1594//1594 1654//1654 1593//1593
f 1596//1596 1653//1653 1594//1594
f 1654//1654 1653//1653 1656//1656
f 1656//1656 1653//1653 1596//1596
f 1702//1702 1658//1658 1595//1595
f 1702//1702 1595//1595 1655//1655
f 1598//1598 1657//1657 1596//1596
f 1656//1656 1596//1596 1657//1657
f 1703//1703 1657//1657 1598//1598
f 1659//1659 1599//1599 1597//1597
f 1659//1659 1597//1597 1658//1658
f 1600//1600 1660//1660 1598//1598
f 1703//1703 1598//1598 1661//1661
f 1661//1661 1598//1598 1660//1660
f 1662//1662 1659//1659 1706//1706
f 1662//1662 1599//1599 1659//1659
f 1543//1543 1660//1660 1600//1600
f 1601//1601 1663//1663 1543//1543
f 1663//1663 1661//1661 1543//1543
f 1661//1661 1660//1660 1543//1543
f 1706//1706 1664//1664 1662//1662
f 1544//1544 1665//1665 1663//1663
f 1544//1544 1663//1663 1601//1601
f 1663//1663 1665//1665 1666//1666
f 1668//1668 1667//1667 1664//1664
f 1667//1667 1604//1604 1664//1664
f 1664//1664 1604//1604 1662//1662
f 1605//1605 1665//1665 1544//1544
f 1665//1665 1605//1605 1606//1606
f 1607//1607 1665//1665 1606//1606
f 1670//1670 1669//1669 1607//1607
f 1668//1668 1671//1671 1667//1667
f 1671//1671 1608//1608 1667//1667
f 1667//1667 1608//1608 1604//1604
f 1607//1607 1609//1609 1610//1610
f 1607//1607 1610//1610 1670//1670
f 1610//1610 1716//1716 1670//1670
f 1611//1611 1716//1716 1610//1610
f 1716//1716 1611//1611 1612//1612
f 1716//1716 1671//1671 1672//1672
f 1612//1612 1671//1671 1716//1716
f 1671//1671 1614//1614 1608//1608
f 1673//1673 1674//1674 1632//1632
f 1674//1674 1639//1639 1633//1633
f 1632//1632 1631//1631 1636//1636
f 1638//1638 1632//1632 1636//1636
f 1632//1632 1675//1675 1673//1673
f 1673//1673 1678//1678 1639//1639
f 1673//1673 1639//1639 1674//1674
f 1638//1638 1676//1676 1632//1632
f 1632//1632 1676//1676 1675//1675
f 1675//1675 1678//1678 1673//1673
f 1640//1640 1638//1638 1641//1641
f 1677//1677 1638//1638 1640//1640
f 1638//1638 1677//1677 1676//1676
f 1676//1676 1679//1679 1675//1675
f 1675//1675 1679//1679 1680//1680
f 1675//1675 1680//1680 1678//1678
f 1678//1678 1645//1645 1639//1639
f 1676//1676 1677//1677 1679//1679
f 1680//1680 1681//1681 1678//1678
f 1681//1681 1644//1644 1645//1645
f 1681//1681 1645//1645 1678//1678
f 1685//1685 1640//1640 1643//1643
f 1640//1640 1682//1682 1677//1677
f 1640//1640 1685//1685 1682//1682
f 1677//1677 1682//1682 1717//1717
f 1679//1679 1677//1677 1680//1680
f 1681//1681 1683//1683 1644//1644
f 1684//1684 1685//1685 1646//1646
f 1685//1685 1687//1687 1682//1682
f 1717//1717 1682//1682 1687//1687
f 1677//1677 1717//1717 1686//1686
f 1718//1718 1677//1677 1686//1686
f 1718//1718 1680//1680 1677//1677
f 1680//1680 1718//1718 1681//1681
f 1681//1681 1689//1689 1683//1683
f 1689//1689 1647//1647 1683//1683
f 1648//1648 1684//1684 1646//1646
f 1687//1687 1685//1685 1684//1684
f 1688//1688 1681//1681 1718//1718
f 1681//1681 1688//1688 1689//1689
f 1689//1689 1649//1649 1647//1647
f 1692//1692 1684//1684 1648//1648
f 1684//1684 1692//1692 1690//1690
f 1684//1684 1690//1690 1687//1687
f 1694//1694 1689//1689 1688//1688
f 1694//1694 1650//1650 1649//1649
f 1694//1694 1649//1649 1689//1689
f 1651//1651 1691//1691 1591//1591
f 1691//1691 1692//1692 1591//1591
f 1654//1654 1695//1695 1691//1691
f 1654//1654 1691//1691 1651//1651
f 1696//1696 1692//1692 1691//1691
f 1693//1693 1697//1697 1694//1694
f 1693//1693 1700//1700 1697//1697
f 1697//1697 1652//1652 1650//1650
f 1697//1697 1650//1650 1694//1694
f 1654//1654 1698//1698 1695//1695
f 1691//1691 1695//1695 1698//1698
f 1691//1691 1698//1698 1696//1696
f 1693//1693 1699//1699 1700//1700
f 1700//1700 1655//1655 1652//1652
f 1700//1700 1652//1652 1697//1697
f 1656//1656 1698//1698 1654//1654
f 1701//1701 1698//1698 1656//1656
f 1737//1737 1702//1702 1655//1655
f 1737//1737 1655//1655 1700//1700
f 1701//1701 1656//1656 1657//1657
f 1705//1705 1702//1702 1704//1704
f 1705//1705 1659//1659 1658//1658
f 1705//1705 1658//1658 1702//1702
f 1707//1707 1703//1703 1661//1661
f 1706//1706 1659//1659 1705//1705
f 1666//1666 1707//1707 1663//1663
f 1707//1707 1661//1661 1663//1663
f 1708//1708 1705//1705 1709//1709
f 1706//1706 1708//1708 1664//1664
f 1705//1705 1708//1708 1706//1706
f 1711//1711 1710//1710 1665//1665
f 1665//1665 1710//1710 1666//1666
f 1710//1710 1707//1707 1666//1666
f 1713//1713 1712//1712 1711//1711
f 1715//1715 1714//1714 1713//1713
f 1709//1709 1715//1715 1708//1708
f 1715//1715 1668//1668 1708//1708
f 1708//1708 1668//1668 1664//1664
f 1607//1607 1711//1711 1665//1665
f 1711//1711 1607//1607 1669//1669
f 1711//1711 1669//1669 1670//1670
f 1713//1713 1711//1711 1670//1670
f 1715//1715 1716//1716 1672//1672
f 1713//1713 1716//1716 1715//1715
f 1715//1715 1672//1672 1671//1671
f 1715//1715 1671//1671 1668//1668
f 1716//1716 1713//1713 1670//1670
f 1718//1718 1686//1686 1717//1717
f 1719//1719 1717//1717 1687//1687
f 1720//1720 1717//1717 1719//1719
f 1717//1717 1721//1721 1718//1718
f 1717//1717 1720//1720 1721//1721
f 1721//1721 1688//1688 1718//1718
f 1719//1719 1687//1687 1690//1690
f 1721//1721 1720//1720 1723//1723
f 1723//1723 1694//1694 1688//1688
f 1721//1721 1723//1723 1688//1688
f 1723//1723 1693//1693 1694//1694
f 1692//1692 1728//1728 1690//1690
f 1690//1690 1728//1728 1719//1719
f 1719//1719 1722//1722 1720//1720
f 1720//1720 1722//1722 1723//1723
f 1724//1724 1693//1693 1723//1723
f 1696//1696 1728//1728 1692//1692
f 1728//1728 1725//1725 1719//1719
f 1719//1719 1748//1748 1722//1722
f 1719//1719 1725//1725 1748//1748
f 1722//1722 1726//1726 1723//1723
f 1723//1723 1726//1726 1724//1724
f 1726//1726 1693//1693 1724//1724
f 1728//1728 1696//1696 1698//1698
f 1727//1727 1728//1728 1698//1698
f 1728//1728 1729//1729 1725//1725
f 1748//1748 1725//1725 1729//1729
f 1722//1722 1748//1748 1730//1730
f 1731//1731 1722//1722 1730//1730
f 1731//1731 1726//1726 1722//1722
f 1732//1732 1699//1699 1693//1693
f 1726//1726 1732//1732 1693//1693
f 1732//1732 1700//1700 1699//1699
f 1701//1701 1727//1727 1698//1698
f 1729//1729 1727//1727 1733//1733
f 1729//1729 1728//1728 1727//1727
f 1734//1734 1731//1731 1730//1730
f 1734//1734 1726//1726 1731//1731
f 1726//1726 1735//1735 1732//1732
f 1726//1726 1734//1734 1735//1735
f 1735//1735 1737//1737 1700//1700
f 1735//1735 1700//1700 1732//1732
f 1657//1657 1736//1736 1701//1701
f 1733//1733 1727//1727 1701//1701
f 1734//1734 1737//1737 1735//1735
f 1734//1734 1739//1739 1737//1737
f 1703//1703 1736//1736 1657//1657
f 1701//1701 1736//1736 1738//1738
f 1740//1740 1739//1739 1734//1734
f 1739//1739 1741//1741 1737//1737
f 1741//1741 1704//1704 1702//1702
f 1741//1741 1702//1702 1737//1737
f 1707//1707 1745//1745 1703//1703
f 1703//1703 1745//1745 1736//1736
f 1738//1738 1736//1736 1742//1742
f 1743//1743 1739//1739 1740//1740
f 1743//1743 1744//1744 1739//1739
f 1741//1741 1739//1739 1705//1705
f 1741//1741 1705//1705 1704//1704
f 1745//1745 1707//1707 1710//1710
f 1742//1742 1746//1746 1743//1743
f 1744//1744 1747//1747 1739//1739
f 1744//1744 1743//1743 1747//1747
f 1747//1747 1709//1709 1705//1705
f 1747//1747 1705//1705 1739//1739
f 1745//1745 1710//1710 1711//1711
f 1745//1745 1711//1711 1736//1736
f 1736//1736 1711//1711 1712//1712
f 1736//1736 1712//1712 1742//1742
f 1742//1742 1712//1712 1713//1713
f 1742//1742 1713//1713 1746//1746
f 1746//1746 1713//1713 1714//1714
f 1746//1746 1714//1714 1743//1743
f 1743//1743 1714//1714 1715//1715
f 1743//1743 1715//1715 1747//1747
f 1747//1747 1715//1715 1709//1709
f 1729//1729 1749//1749 1748//1748
f 1749//1749 1729//1729 1733//1733
f 1749//1749 1750//1750 1748//1748
f 1748//1748 1750//1750 1730//1730
f 1750//1750 1734//1734 1730//1730
f 1701//1701 1749//1749 1733//1733
f 1749//1749 1751//1751 1750//1750
f 1751//1751 1734//1734 1750//1750
f 1738//1738 1749//1749 1701//1701
f 1752//1752 1749//1749 1738//1738
f 1751//1751 1749//1749 1752//1752
f 1751//1751 1740//1740 1734//1734
f 1742//1742 1752//1752 1738//1738
f 1752//1752 1742//1742 1743//1743
f 1752//1752 1743//1743 1751//1751
f 1751//1751 1743//1743 1740//1740
o skin
usemtl skin
v -0.0752 -0.6125 -0.0118
v -0.0752 -0.6125 -0.0069
v -0.0754 -0.6110 -0.0140
v -0.0750 -0.6119 -0.0023
v -0.0751 -0.6082 0.0008
v -0.0756 -0.6043 -0.0194
v -0.0756 -0.6065 -0.0008
v -0.0756 -0.5988 0.0032
v -0.0749 -0.5976 0.0063
v -0.0756 -0.5940 -0.0221
v -0.0769 -0.5969 -0.0078
v -0.0767 -0.5944 -0.0031
v -0.0753 -0.5900 0.0058
v -0.0772 -0.5918 -0.0103
v -0.0753 -0.5796 -0.0213
v -0.0769 -0.5855 -0.0118
v -0.0759 -0.5814 -0.0195
v -0.0764 -0.5804 -0.0038
v -0.0756 -0.5796 0.0020
v -0.0750 -0.5796 0.0046
v -0.0750 -0.5757 -0.0205
v -0.0751 -0.5704 -0.0155
v -0.0752 -0.5722 -0.0016
v -0.0753 -0.5698 -0.0104
v -0.0755 -0.5705 -0.0070
v -0.0700 -0.6275 -0.0214
v -0.0708 -0.6281 -0.0165
v -0.0703 -0.6307 -0.0113
v -0.0718 -0.6267 -0.0072
v -0.0702 -0.6296 -0.0014
v -0.0704 -0.6248 -0.0239
v -0.0706 -0.6271 0.0016
v -0.0702 -0.6221 0.0086
v -0.0707 -0.6167 -0.0294
v -0.0732 -0.6199 -0.0158
v -0.0743 -0.6169 -0.0105
v -0.0749 -0.6131 -0.0031
v -0.0735 -0.6195 -0.0025
v -0.0703 -0.6185 0.0110
v -0.0712 -0.6078 -0.0323
v -0.0732 -0.6150 -0.0222
v -0.0735 -0.6178 -0.0174
v -0.0718 -0.6193 0.0062
v -0.0704 -0.6071 -0.0340
v -0.0747 -0.6084 -0.0205
v -0.0712 -0.6114 0.0128
v -0.0704 -0.6095 0.0154
v -0.0698 -0.6037 -0.0361
v -0.0739 -0.6055 -0.0254
v -0.0745 -0.5992 0.0077
v -0.0743 -0.6036 0.0070
v -0.0709 -0.6004 0.0168
v -0.0737 -0.5992 -0.0280
v -0.0709 -0.5945 -0.0354
v -0.0746 -0.5933 -0.0261
v -0.0718 -0.5917 0.0157
v -0.0742 -0.5907 -0.0273
v -0.0709 -0.5846 -0.0352
v -0.0740 -0.5850 -0.0276
v -0.0745 -0.5839 0.0079
v -0.0708 -0.5773 -0.0343
v -0.0716 -0.5723 -0.0307
v -0.0701 -0.5741 0.0166
v -0.0704 -0.5752 -0.0348
v -0.0743 -0.5743 -0.0231
v -0.0734 -0.5729 0.0071
v -0.0709 -0.5721 0.0141
v -0.0701 -0.5645 0.0122
v -0.0705 -0.5607 -0.0269
v -0.0737 -0.5646 -0.0175
v -0.0744 -0.5653 -0.0123
v -0.0734 -0.5655 0.0020
v -0.0704 -0.5564 -0.0226
v -0.0725 -0.5578 -0.0076
v -0.0712 -0.5541 -0.0027
v -0.0722 -0.5625 0.0042
v -0.0698 -0.5589 0.0090
v -0.0701 -0.5522 -0.0171
v -0.0736 -0.5623 -0.0165
v -0.0696 -0.5543 0.0048
v -0.0686 -0.5469 -0.0095
v -0.0701 -0.5508 -0.0059
v -0.0653 -0.6379 -0.0218
v -0.0663 -0.6384 -0.0167
v -0.0655 -0.6407 -0.0113
v -0.0673 -0.6378 -0.0070
v -0.0649 -0.6414 -0.0034
v -0.0663 -0.6364 0.0036
v -0.0657 -0.6355 -0.0245
v -0.0689 -0.6333 -0.0150
v -0.0692 -0.6330 -0.0050
v -0.0638 -0.6369 0.0088
v -0.0647 -0.6315 0.0129
v -0.0668 -0.6276 -0.0299
v -0.0653 -0.6288 -0.0319
v -0.0689 -0.6276 -0.0247
v -0.0651 -0.6273 0.0155
v -0.0655 -0.6251 -0.0345
v -0.0693 -0.6260 0.0076
v -0.0653 -0.6230 0.0179
v -0.0681 -0.6154 -0.0350
v -0.0652 -0.6171 0.0209
v -0.0649 -0.6131 -0.0409
v -0.0666 -0.6161 0.0195
v -0.0654 -0.6030 -0.0441
v -0.0651 -0.6064 -0.0434
v -0.0689 -0.6082 -0.0364
v -0.0658 -0.6053 0.0238
v -0.0680 -0.5984 -0.0404
v -0.0653 -0.5991 0.0253
v -0.0660 -0.5954 -0.0450
v -0.0666 -0.5973 0.0241
v -0.0661 -0.5886 -0.0459
v -0.0685 -0.5884 -0.0407
v -0.0649 -0.5911 0.0266
v -0.0685 -0.5834 -0.0406
v -0.0704 -0.5810 0.0176
v -0.0679 -0.5830 0.0223
v -0.0636 -0.5825 0.0271
v -0.0674 -0.5798 -0.0429
v -0.0662 -0.5764 0.0232
v -0.0652 -0.5739 -0.0476
v -0.0658 -0.5674 -0.0444
v -0.0678 -0.5676 -0.0391
v -0.0694 -0.5674 -0.0346
v -0.0689 -0.5667 0.0156
v -0.0654 -0.5640 0.0203
v -0.0637 -0.5641 0.0226
v -0.0651 -0.5650 -0.0453
v -0.0650 -0.5586 -0.0433
v -0.0699 -0.5599 -0.0283
v -0.0654 -0.5542 0.0147
v -0.0651 -0.5540 -0.0397
v -0.0651 -0.5523 -0.0376
v -0.0669 -0.5553 -0.0347
v -0.0693 -0.5522 -0.0206
v -0.0698 -0.5515 -0.0006
v -0.0656 -0.5501 -0.0324
v -0.0658 -0.5473 0.0074
v -0.0653 -0.5484 0.0096
v -0.0660 -0.5432 -0.0172
v -0.0650 -0.5424 -0.0189
v -0.0652 -0.5418 -0.0168
v -0.0641 -0.5417 0.0025
v -0.0636 -0.5381 -0.0127
v -0.0648 -0.5399 -0.0087
v -0.0653 -0.5410 -0.0039
v -0.0598 -0.6479 -0.0156
v -0.0616 -0.6465 -0.0123
v -0.0604 -0.6472 -0.0015
v -0.0599 -0.6438 -0.0250
v -0.0608 -0.6442 -0.0222
v -0.0639 -0.6433 -0.0101
v -0.0631 -0.6427 0.0005
v -0.0596 -0.6457 0.0040
v -0.0604 -0.6406 -0.0287
v -0.0603 -0.6411 0.0098
v -0.0597 -0.6372 0.0148
v -0.0606 -0.6328 -0.0356
v -0.0642 -0.6330 -0.0301
v -0.0606 -0.6320 0.0180
v -0.0605 -0.6269 0.0214
v -0.0624 -0.6233 -0.0394
v -0.0607 -0.6257 -0.0400
v -0.0616 -0.6223 0.0227
v -0.0634 -0.6174 -0.0409
v -0.0599 -0.6192 0.0258
v -0.0619 -0.6132 -0.0448
v -0.0578 -0.6135 -0.0496
v -0.0592 -0.6126 0.0286
v -0.0606 -0.6077 -0.0507
v -0.0636 -0.6072 -0.0456
v -0.0632 -0.6063 0.0265
v -0.0602 -0.6021 -0.0582
v -0.0623 -0.6013 -0.0521
v -0.0602 -0.5995 0.0303
v -0.0600 -0.5930 -0.0615
v -0.0598 -0.5983 -0.0620
v -0.0631 -0.5958 -0.0525
v -0.0607 -0.5866 -0.0595
v -0.0642 -0.5883 -0.0509
v -0.0601 -0.5851 -0.0601
v -0.0642 -0.5833 -0.0510
v -0.0607 -0.5809 0.0296
v -0.0581 -0.5864 0.0319
v -0.0640 -0.5784 -0.0509
v -0.0643 -0.5731 0.0247
v -0.0602 -0.5683 -0.0556
v -0.0637 -0.5734 -0.0508
v -0.0614 -0.5711 -0.0548
v -0.0594 -0.5660 -0.0559
v -0.0610 -0.5579 -0.0510
v -0.0652 -0.5628 0.0200
v -0.0578 -0.5593 0.0260
v -0.0610 -0.5504 -0.0471
v -0.0622 -0.5532 0.0187
v -0.0604 -0.5540 -0.0504
v -0.0627 -0.5466 0.0126
v -0.0593 -0.5528 0.0212
v -0.0597 -0.5477 -0.0467
v -0.0612 -0.5467 -0.0417
v -0.0615 -0.5454 -0.0377
v -0.0654 -0.5468 -0.0272
v -0.0606 -0.5423 -0.0335
v -0.0618 -0.5403 0.0062
v -0.0596 -0.5456 0.0158
v -0.0606 -0.5409 -0.0299
v -0.0628 -0.5371 -0.0111
v -0.0619 -0.5377 0.0009
v -0.0575 -0.5376 0.0097
v -0.0604 -0.5369 -0.0217
v -0.0592 -0.5328 -0.0066
v -0.0593 -0.5346 0.0006
v -0.0541 -0.6525 -0.0170
v -0.0555 -0.6525 -0.0117
v -0.0541 -0.6530 -0.0054
v -0.0557 -0.6521 -0.0049
v -0.0566 -0.6485 -0.0222
v -0.0576 -0.6500 -0.0025
v -0.0565 -0.6477 0.0057
v -0.0553 -0.6441 -0.0304
v -0.0570 -0.6436 0.0112
v -0.0576 -0.6371 -0.0351
v -0.0545 -0.6392 -0.0360
v -0.0570 -0.6389 0.0163
v -0.0552 -0.6333 -0.0401
v -0.0552 -0.6352 0.0205
v -0.0568 -0.6330 0.0210
v -0.0586 -0.6274 -0.0409
v -0.0553 -0.6270 0.0257
v -0.0550 -0.6237 -0.0453
v -0.0587 -0.6175 -0.0459
v -0.0542 -0.6143 -0.0526
v -0.0542 -0.6175 0.0305
v -0.0565 -0.6088 -0.0571
v -0.0559 -0.6035 -0.0652
v -0.0578 -0.6058 0.0312
v -0.0566 -0.5972 -0.0671
v -0.0593 -0.5915 0.0314
v -0.0560 -0.5856 -0.0657
v -0.0584 -0.5795 -0.0611
v -0.0548 -0.5779 -0.0643
v -0.0574 -0.5780 0.0315
v -0.0577 -0.5729 0.0305
v -0.0537 -0.5687 -0.0623
v -0.0578 -0.5682 0.0291
v -0.0560 -0.5624 -0.0582
v -0.0545 -0.5641 0.0298
v -0.0558 -0.5536 -0.0552
v -0.0588 -0.5585 0.0248
v -0.0558 -0.5492 -0.0530
v -0.0545 -0.5538 0.0254
v -0.0524 -0.5492 -0.0556
v -0.0557 -0.5467 0.0202
v -0.0549 -0.5425 -0.0465
v -0.0576 -0.5422 0.0148
v -0.0544 -0.5408 -0.0434
v -0.0571 -0.5428 -0.0434
v -0.0585 -0.5368 -0.0257
v -0.0586 -0.5361 0.0057
v -0.0548 -0.5396 0.0146
v -0.0552 -0.5370 -0.0322
v -0.0546 -0.5324 -0.0231
v -0.0540 -0.5304 0.0022
v -0.0553 -0.5318 -0.0208
v -0.0572 -0.5312 -0.0137
v -0.0545 -0.5291 -0.0095
v -0.0523 -0.5276 -0.0073
v -0.0476 -0.6542 -0.0193
v -0.0444 -0.6563 -0.0080
v -0.0501 -0.6549 -0.0100
v -0.0516 -0.6534 -0.0006
v -0.0500 -0.6523 0.0042
v -0.0526 -0.6463 -0.0300
v -0.0520 -0.6474 -0.0295
v -0.0528 -0.6474 0.0107
v -0.0502 -0.6439 -0.0342
v -0.0533 -0.6427 0.0159
v -0.0496 -0.6424 0.0177
v -0.0506 -0.6377 0.0213
v -0.0500 -0.6360 -0.0406
v -0.0511 -0.6296 -0.0441
v -0.0521 -0.6311 0.0250
v -0.0475 -0.6322 0.0258
v -0.0497 -0.6284 -0.0453
v -0.0532 -0.6168 -0.0508
v -0.0483 -0.6199 -0.0502
v -0.0513 -0.6200 0.0303
v -0.0523 -0.6206 0.0298
v -0.0496 -0.6137 -0.0567
v -0.0530 -0.6063 -0.0652
v -0.0525 -0.6073 -0.0653
v -0.0464 -0.6113 -0.0623
v -0.0498 -0.6026 -0.0706
v -0.0522 -0.5968 -0.0710
v -0.0518 -0.5998 0.0347
v -0.0497 -0.6002 0.0351
v -0.0499 -0.5947 0.0356
v -0.0531 -0.5941 -0.0710
v -0.0504 -0.5834 0.0352
v -0.0508 -0.5742 -0.0654
v -0.0500 -0.5818 0.0352
v -0.0486 -0.5721 -0.0653
v -0.0519 -0.5711 0.0327
v -0.0532 -0.5627 -0.0603
v -0.0504 -0.5561 -0.0589
v -0.0505 -0.5602 0.0300
v -0.0530 -0.5521 0.0254
v -0.0523 -0.5483 -0.0549
v -0.0509 -0.5470 0.0229
v -0.0460 -0.5483 0.0250
v -0.0453 -0.5461 -0.0560
v -0.0490 -0.5420 -0.0503
v -0.0506 -0.5379 -0.0403
v -0.0501 -0.5359 -0.0352
v -0.0514 -0.5331 -0.0281
v -0.0524 -0.5326 0.0078
v -0.0508 -0.5368 0.0146
v -0.0495 -0.5272 -0.0149
v -0.0488 -0.5268 -0.0038
v -0.0453 -0.6545 -0.0201
v -0.0457 -0.6546 -0.0004
v -0.0459 -0.6521 0.0068
v -0.0464 -0.6467 -0.0320
v -0.0451 -0.6510 -0.0261
v -0.0449 -0.6485 0.0118
v -0.0440 -0.6443 -0.0346
v -0.0478 -0.6385 -0.0396
v -0.0464 -0.6457 0.0155
v -0.0436 -0.6375 -0.0405
v -0.0429 -0.6395 0.0209
v -0.0457 -0.6323 -0.0436
v -0.0445 -0.6313 0.0266
v -0.0451 -0.6288 -0.0457
v -0.0462 -0.6228 0.0303
v -0.0465 -0.6175 -0.0527
v -0.0476 -0.6137 0.0330
v -0.0427 -0.6116 -0.0617
v -0.0444 -0.6154 -0.0552
v -0.0462 -0.6071 -0.0677
v -0.0463 -0.6015 -0.0716
v -0.0464 -0.6030 0.0352
v -0.0451 -0.5972 -0.0724
v -0.0442 -0.5926 -0.0726
v -0.0497 -0.5867 -0.0698
v -0.0480 -0.5835 0.0355
v -0.0430 -0.5838 -0.0695
v -0.0457 -0.5773 0.0350
v -0.0424 -0.5710 -0.0652
v -0.0465 -0.5702 0.0336
v -0.0448 -0.5678 -0.0641
v -0.0478 -0.5571 -0.0604
v -0.0455 -0.5579 0.0298
v -0.0414 -0.5537 -0.0591
v -0.0475 -0.5425 -0.0517
v -0.0492 -0.5419 0.0200
v -0.0428 -0.5446 0.0224
v -0.0471 -0.5372 -0.0410
v -0.0453 -0.5374 -0.0419
v -0.0423 -0.5356 -0.0364
v -0.0450 -0.5354 0.0144
v -0.0450 -0.5303 -0.0248
v -0.0475 -0.5302 -0.0246
v -0.0475 -0.5270 -0.0160
v -0.0478 -0.5311 0.0082
v -0.0456 -0.5319 0.0100
v -0.0436 -0.5266 -0.0150
v -0.0428 -0.5262 -0.0042
v -0.0391 -0.6525 -0.0214
v -0.0399 -0.6549 -0.0100
v -0.0416 -0.6526 0.0048
v -0.0399 -0.6520 0.0048
v -0.0406 -0.6484 -0.0293
v -0.0399 -0.6430 -0.0351
v -0.0374 -0.6402 -0.0365
v -0.0395 -0.6357 -0.0408
v -0.0402 -0.6285 -0.0452
v -0.0401 -0.6273 0.0277
v -0.0371 -0.6226 -0.0472
v -0.0424 -0.6233 0.0299
v -0.0410 -0.6177 -0.0518
v -0.0372 -0.6135 -0.0546
v -0.0401 -0.6140 -0.0557
v -0.0451 -0.6078 0.0346
v -0.0375 -0.6073 -0.0650
v -0.0412 -0.6032 -0.0707
v -0.0427 -0.6031 0.0351
v -0.0386 -0.5988 0.0349
v -0.0425 -0.5916 0.0358
v -0.0386 -0.5908 -0.0706
v -0.0418 -0.5881 0.0357
v -0.0403 -0.5872 -0.0702
v -0.0415 -0.5820 0.0353
v -0.0376 -0.5766 -0.0654
v -0.0403 -0.5792 0.0347
v -0.0365 -0.5731 -0.0637
v -0.0400 -0.5669 0.0320
v -0.0429 -0.5621 0.0312
v -0.0406 -0.5586 -0.0604
v -0.0393 -0.5582 -0.0600
v -0.0404 -0.5588 0.0294
v -0.0430 -0.5527 0.0272
v -0.0395 -0.5500 0.0250
v -0.0386 -0.5455 -0.0532
v -0.0415 -0.5414 -0.0501
v -0.0406 -0.5426 0.0205
v -0.0402 -0.5379 -0.0407
v -0.0406 -0.5368 -0.0386
v -0.0406 -0.5380 0.0162
v -0.0402 -0.5333 -0.0300
v -0.0415 -0.5322 0.0095
v -0.0377 -0.5378 0.0148
v -0.0394 -0.5308 -0.0242
v -0.0399 -0.5278 -0.0156
v -0.0403 -0.5269 -0.0132
v -0.0415 -0.5301 0.0061
v -0.0412 -0.5265 -0.0082
v -0.0342 -0.6517 -0.0149
v -0.0360 -0.6528 -0.0145
v -0.0365 -0.6525 -0.0003
v -0.0349 -0.6516 -0.0010
v -0.0373 -0.6467 -0.0295
v -0.0335 -0.6468 -0.0253
v -0.0396 -0.6473 0.0122
v -0.0366 -0.6411 -0.0350
v -0.0339 -0.6436 0.0123
v -0.0360 -0.6412 0.0168
v -0.0392 -0.6374 0.0216
v -0.0347 -0.6324 -0.0406
v -0.0349 -0.6341 0.0214
v -0.0360 -0.6273 -0.0440
v -0.0379 -0.6321 0.0246
v -0.0356 -0.6163 -0.0502
v -0.0337 -0.6179 -0.0476
v -0.0354 -0.6165 0.0302
v -0.0387 -0.6114 0.0328
v -0.0376 -0.6067 0.0333
v -0.0375 -0.6016 -0.0698
v -0.0352 -0.5960 -0.0693
v -0.0377 -0.5955 0.0348
v -0.0354 -0.5872 -0.0671
v -0.0342 -0.5828 -0.0650
v -0.0353 -0.5849 0.0338
v -0.0351 -0.5772 -0.0638
v -0.0355 -0.5700 0.0318
v -0.0378 -0.5627 -0.0608
v -0.0359 -0.5643 0.0300
v -0.0339 -0.5660 -0.0593
v -0.0325 -0.5618 -0.0566
v -0.0372 -0.5630 0.0301
v -0.0331 -0.5627 0.0279
v -0.0356 -0.5533 0.0252
v -0.0367 -0.5477 -0.0538
v -0.0323 -0.5486 0.0202
v -0.0359 -0.5419 -0.0462
v -0.0354 -0.5451 0.0198
v -0.0379 -0.5402 -0.0450
v -0.0356 -0.5379 -0.0357
v -0.0359 -0.5386 0.0143
v -0.0360 -0.5331 -0.0252
v -0.0351 -0.5325 0.0049
v -0.0354 -0.5355 0.0096
v -0.0356 -0.5316 -0.0217
v -0.0374 -0.5279 -0.0120
v -0.0383 -0.5275 -0.0055
v -0.0354 -0.5305 -0.0002
v -0.0369 -0.6541 -0.0073
v -0.0327 -0.6470 -0.0241
v -0.0302 -0.6479 -0.0158
v -0.0298 -0.6472 -0.0009
v -0.0344 -0.6479 0.0071
v -0.0316 -0.6421 -0.0294
v -0.0293 -0.6457 -0.0194
v -0.0298 -0.6425 0.0084
v -0.0311 -0.6362 -0.0347
v -0.0301 -0.6399 -0.0300
v -0.0292 -0.6385 0.0121
v -0.0298 -0.6338 -0.0353
v -0.0296 -0.6361 0.0151
v -0.0322 -0.6325 0.0204
v -0.0301 -0.6261 -0.0405
v -0.0277 -0.6288 -0.0364
v -0.0293 -0.6278 0.0207
v -0.0365 -0.6231 0.0285
v -0.0305 -0.6232 0.0244
v -0.0304 -0.6181 -0.0449
v -0.0293 -0.6123 -0.0471
v -0.0296 -0.6152 -0.0454
v -0.0319 -0.6125 0.0293
v -0.0338 -0.6084 -0.0583
v -0.0331 -0.6020 -0.0646
v -0.0285 -0.6036 -0.0532
v -0.0297 -0.6052 -0.0544
v -0.0308 -0.6050 0.0302
v -0.0274 -0.5974 0.0286
v -0.0306 -0.5964 -0.0629
v -0.0317 -0.6052 -0.0601
v -0.0353 -0.5914 0.0340
v -0.0302 -0.5936 -0.0620
v -0.0303 -0.5883 -0.0614
v -0.0308 -0.5775 -0.0598
v -0.0299 -0.5796 0.0300
v -0.0299 -0.5734 -0.0572
v -0.0290 -0.5677 -0.0544
v -0.0321 -0.5706 0.0298
v -0.0295 -0.5629 -0.0536
v -0.0299 -0.5551 -0.0515
v -0.0309 -0.5584 0.0246
v -0.0355 -0.5503 -0.0546
v -0.0297 -0.5527 -0.0498
v -0.0328 -0.5482 -0.0504
v -0.0327 -0.5471 0.0192
v -0.0328 -0.5436 -0.0448
v -0.0311 -0.5425 -0.0387
v -0.0326 -0.5422 0.0149
v -0.0301 -0.5428 0.0128
v -0.0300 -0.5419 -0.0333
v -0.0312 -0.5367 -0.0250
v -0.0308 -0.5381 0.0080
v -0.0295 -0.5377 0.0049
v -0.0317 -0.5343 -0.0204
v -0.0301 -0.5345 -0.0162
v -0.0314 -0.5321 -0.0113
v -0.0296 -0.5342 -0.0061
v -0.0315 -0.5330 -0.0013
v -0.0253 -0.6425 -0.0075
v -0.0314 -0.6499 -0.0071
v -0.0256 -0.6423 -0.0137
v -0.0256 -0.6412 0.0004
v -0.0280 -0.6391 -0.0277
v -0.0242 -0.6378 -0.0204
v -0.0254 -0.6398 -0.0203
v -0.0253 -0.6365 0.0076
v -0.0251 -0.6298 0.0141
v -0.0272 -0.6322 0.0150
v -0.0245 -0.6299 -0.0309
v -0.0260 -0.6226 -0.0379
v -0.0270 -0.6232 0.0206
v -0.0251 -0.6211 0.0195
v -0.0244 -0.6170 -0.0384
v -0.0262 -0.6162 0.0230
v -0.0215 -0.6130 -0.0359
v -0.0292 -0.6077 -0.0506
v -0.0243 -0.6054 -0.0429
v -0.0259 -0.6110 0.0243
v -0.0250 -0.6052 0.0248
v -0.0252 -0.5998 -0.0465
v -0.0259 -0.6052 -0.0457
v -0.0279 -0.5948 -0.0558
v -0.0250 -0.5933 -0.0479
v -0.0287 -0.5936 0.0298
v -0.0261 -0.5834 -0.0517
v -0.0299 -0.5829 -0.0597
v -0.0247 -0.5843 -0.0484
v -0.0287 -0.5852 0.0297
v -0.0256 -0.5815 0.0262
v -0.0257 -0.5779 -0.0502
v -0.0247 -0.5782 0.0248
v -0.0252 -0.5707 -0.0479
v -0.0249 -0.5657 -0.0457
v -0.0251 -0.5664 0.0219
v -0.0251 -0.5624 -0.0450
v -0.0261 -0.5673 0.0235
v -0.0248 -0.5601 0.0187
v -0.0285 -0.5628 0.0242
v -0.0250 -0.5569 -0.0420
v -0.0293 -0.5484 -0.0455
v -0.0250 -0.5531 -0.0391
v -0.0275 -0.5528 0.0179
v -0.0248 -0.5523 0.0135
v -0.0288 -0.5529 0.0194
v -0.0288 -0.5437 -0.0356
v -0.0251 -0.5503 -0.0354
v -0.0250 -0.5464 -0.0276
v -0.0249 -0.5479 0.0094
v -0.0263 -0.5464 -0.0325
v -0.0279 -0.5419 0.0081
v -0.0252 -0.5425 0.0025
v -0.0263 -0.5404 -0.0196
v -0.0273 -0.5376 -0.0144
v -0.0259 -0.5389 -0.0115
v -0.0261 -0.5395 -0.0014
v -0.0217 -0.6353 -0.0124
v -0.0201 -0.6319 -0.0073
v -0.0200 -0.6303 -0.0016
v -0.0243 -0.6352 0.0067
v -0.0243 -0.6330 -0.0273
v -0.0202 -0.6279 -0.0219
v -0.0202 -0.6292 -0.0201
v -0.0213 -0.6318 0.0020
v -0.0237 -0.6287 0.0121
v -0.0235 -0.6217 -0.0346
v -0.0200 -0.6241 -0.0255
v -0.0198 -0.6259 0.0048
v -0.0199 -0.6211 0.0097
v -0.0200 -0.6183 -0.0301
v -0.0205 -0.6211 -0.0291
v -0.0232 -0.6202 0.0170
v -0.0197 -0.6118 0.0146
v -0.0203 -0.6118 -0.0338
v -0.0206 -0.6127 0.0160
v -0.0191 -0.6079 -0.0327
v -0.0208 -0.6097 0.0176
v -0.0203 -0.6028 -0.0364
v -0.0202 -0.6011 0.0187
v -0.0239 -0.6028 0.0238
v -0.0212 -0.5967 -0.0392
v -0.0201 -0.5940 0.0194
v -0.0224 -0.5889 -0.0425
v -0.0234 -0.5932 0.0241
v -0.0216 -0.5834 -0.0408
v -0.0210 -0.5901 -0.0396
v -0.0203 -0.5838 0.0192
v -0.0260 -0.5882 0.0273
v -0.0235 -0.5827 0.0237
v -0.0214 -0.5681 -0.0375
v -0.0214 -0.5766 -0.0395
v -0.0202 -0.5726 -0.0354
v -0.0203 -0.5718 0.0164
v -0.0207 -0.5667 -0.0343
v -0.0209 -0.5733 0.0180
v -0.0201 -0.5653 0.0132
v -0.0233 -0.5672 0.0196
v -0.0202 -0.5621 -0.0301
v -0.0236 -0.5541 -0.0349
v -0.0214 -0.5571 -0.0300
v -0.0198 -0.5593 -0.0264
v -0.0212 -0.5605 0.0125
v -0.0201 -0.5580 0.0080
v -0.0236 -0.5542 0.0127
v -0.0241 -0.5525 -0.0347
v -0.0199 -0.5544 -0.0213
v -0.0198 -0.5535 -0.0190
v -0.0203 -0.5535 0.0036
v -0.0199 -0.5521 -0.0014
v -0.0237 -0.5475 -0.0249
v -0.0245 -0.5428 -0.0186
v -0.0202 -0.5508 -0.0152
v -0.0234 -0.5438 -0.0146
v -0.0205 -0.5490 -0.0094
v -0.0202 -0.5502 -0.0063
v -0.0221 -0.5469 -0.0017
v -0.0233 -0.5478 0.0048
v -0.0246 -0.5409 -0.0084
v -0.0237 -0.5430 -0.0050
v -0.0240 -0.5437 -0.0000
v -0.0180 -0.6247 -0.0149
v -0.0193 -0.6297 -0.0114
v -0.0178 -0.6241 -0.0025
v -0.0191 -0.6269 -0.0002
v -0.0180 -0.6177 -0.0244
v -0.0184 -0.6234 -0.0196
v -0.0166 -0.6210 -0.0072
v -0.0171 -0.6223 -0.0050
v -0.0189 -0.6226 0.0048
v -0.0162 -0.6158 -0.0181
v -0.0163 -0.6180 -0.0156
v -0.0164 -0.6171 0.0001
v -0.0182 -0.6179 0.0070
v -0.0175 -0.6096 -0.0278
v -0.0171 -0.6121 -0.0250
v -0.0149 -0.6123 -0.0135
v -0.0152 -0.6146 -0.0108
v -0.0151 -0.6134 -0.0048
v -0.0150 -0.6109 -0.0011
v -0.0165 -0.6094 0.0071
v -0.0182 -0.6126 0.0104
v -0.0157 -0.6099 -0.0212
v -0.0148 -0.6096 -0.0167
v -0.0150 -0.6064 0.0027
v -0.0189 -0.6083 0.0141
v -0.0180 -0.5984 -0.0325
v -0.0161 -0.5989 -0.0276
v -0.0151 -0.6019 -0.0234
v -0.0147 -0.6057 -0.0198
v -0.0148 -0.6024 0.0041
v -0.0148 -0.6020 0.0038
v -0.0176 -0.6018 0.0129
v -0.0184 -0.6032 0.0145
v -0.0186 -0.5934 -0.0344
v -0.0145 -0.5971 -0.0223
v -0.0152 -0.5971 0.0071
v -0.0157 -0.5901 -0.0272
v -0.0150 -0.5928 -0.0247
v -0.0153 -0.5927 0.0079
v -0.0179 -0.5934 0.0148
v -0.0179 -0.5833 -0.0324
v -0.0169 -0.5871 -0.0301
v -0.0144 -0.5867 -0.0221
v -0.0154 -0.5882 0.0081
v -0.0180 -0.5884 0.0149
v -0.0189 -0.5787 -0.0340
v -0.0150 -0.5829 -0.0240
v -0.0154 -0.5837 0.0075
v -0.0151 -0.5820 0.0061
v -0.0181 -0.5834 0.0147
v -0.0165 -0.5753 -0.0264
v -0.0152 -0.5783 -0.0229
v -0.0167 -0.5736 0.0080
v -0.0149 -0.5780 0.0035
v -0.0180 -0.5757 0.0126
v -0.0185 -0.5782 0.0146
v -0.0187 -0.5686 -0.0298
v -0.0152 -0.5697 -0.0170
v -0.0150 -0.5740 -0.0196
v -0.0160 -0.5704 0.0036
v -0.0148 -0.5719 -0.0015
v -0.0170 -0.5652 -0.0219
v -0.0163 -0.5672 -0.0201
v -0.0149 -0.5692 -0.0112
v -0.0159 -0.5640 -0.0093
v -0.0150 -0.5692 -0.0044
v -0.0169 -0.5647 0.0024
v -0.0181 -0.5650 0.0071
v -0.0184 -0.5683 0.0104
v -0.0188 -0.5615 -0.0250
v -0.0171 -0.5602 -0.0150
v -0.0170 -0.5609 -0.0027
v -0.0172 -0.5620 0.0000
v -0.0190 -0.5566 -0.0196
v -0.0178 -0.5569 -0.0099
v -0.0192 -0.5587 0.0052
v -0.0194 -0.5529 -0.0145
v -0.0191 -0.5528 -0.0099
v -0.0181 -0.5561 -0.0053
v -0.0146 -0.6109 -0.0106
v -0.0137 -0.6046 -0.0095
v -0.0144 -0.6088 -0.0051
v -0.0146 -0.6081 -0.0014
v -0.0137 -0.5983 -0.0166
v -0.0137 -0.6017 -0.0146
v -0.0135 -0.5990 -0.0032
v -0.0145 -0.6013 0.0026
v -0.0130 -0.5942 -0.0076
v -0.0133 -0.5970 -0.0050
v -0.0135 -0.5887 -0.0171
v -0.0130 -0.5896 -0.0123
v -0.0130 -0.5922 -0.0101
v -0.0140 -0.5908 0.0025
v -0.0144 -0.5933 0.0042
v -0.0134 -0.5845 -0.0033
v -0.0138 -0.5869 0.0003
v -0.0141 -0.5788 -0.0172
v -0.0135 -0.5800 -0.0121
v -0.0134 -0.5802 -0.0078
v -0.0135 -0.5819 -0.0048
v -0.0146 -0.5830 0.0039
v -0.0146 -0.5762 -0.0187
v -0.0144 -0.5778 0.0001
v -0.0149 -0.5708 -0.0153
v -0.0144 -0.5723 -0.0099
v -0.0144 -0.5731 -0.0044
vn -0.9808 -0.1924 -0.0324
vn -0.9877 -0.1541 0.0263
vn -0.9846 -0.1560 -0.0785
vn -0.9966 -0.0681 0.0457
vn -0.9522 -0.2017 0.2294
vn -0.9812 -0.0958 -0.1675
vn -0.9857 -0.1199 0.1183
vn -0.9799 -0.0670 0.1880
vn -0.9672 -0.0431 0.2505
vn -0.9800 -0.0218 -0.1979
vn -0.9983 -0.0558 0.0171
vn -0.9963 0.0026 0.0855
vn -0.9704 0.0054 0.2416
vn -0.9999 -0.0037 -0.0167
vn -0.9690 0.0976 -0.2268
vn -0.9971 0.0555 -0.0522
vn -0.9846 0.0723 -0.1593
vn -0.9950 0.0634 0.0772
vn -0.9823 0.0865 0.1664
vn -0.9631 0.1009 0.2495
vn -0.9803 0.1172 -0.1591
vn -0.9723 0.1854 -0.1424
vn -0.9802 0.1483 0.1312
vn -0.9894 0.1406 -0.0351
vn -0.9859 0.1634 0.0364
vn -0.9123 -0.3460 -0.2190
vn -0.9352 -0.3269 -0.1363
vn -0.9309 -0.3632 -0.0382
vn -0.9526 -0.3031 0.0267
vn -0.9243 -0.3562 0.1370
vn -0.9107 -0.2982 -0.2860
vn -0.9275 -0.3191 0.1948
vn -0.8973 -0.2797 0.3416
vn -0.9048 -0.2219 -0.3633
vn -0.9626 -0.2475 -0.1101
vn -0.9731 -0.2294 -0.0228
vn -0.9804 -0.1638 0.1099
vn -0.9658 -0.2366 0.1059
vn -0.8852 -0.2527 0.3907
vn -0.9082 -0.1414 -0.3938
vn -0.9539 -0.1874 -0.2343
vn -0.9636 -0.2206 -0.1510
vn -0.9418 -0.2228 0.2516
vn -0.8752 -0.1577 -0.4573
vn -0.9628 -0.1624 -0.2158
vn -0.9133 -0.1744 0.3680
vn -0.8800 -0.1494 0.4508
vn -0.8853 -0.1054 -0.4529
vn -0.9508 -0.1253 -0.2833
vn -0.9523 -0.0666 0.2978
vn -0.9569 -0.1085 0.2694
vn -0.8890 -0.0804 0.4508
vn -0.9429 -0.0688 -0.3260
vn -0.9102 -0.0373 -0.4124
vn -0.9569 -0.0279 -0.2892
vn -0.9036 -0.0053 0.4283
vn -0.9478 0.0097 -0.3189
vn -0.9224 0.0354 -0.3847
vn -0.9479 0.0509 -0.3145
vn -0.9510 0.0593 0.3035
vn -0.9346 0.0697 -0.3489
vn -0.9390 0.1404 -0.3139
vn -0.8712 0.1402 0.4706
vn -0.9265 0.0945 -0.3643
vn -0.9556 0.1506 -0.2533
vn -0.9497 0.1510 0.2743
vn -0.9096 0.1539 0.3858
vn -0.8903 0.2369 0.3890
vn -0.9442 0.2113 -0.2528
vn -0.9962 0.0870 -0.0045
vn -0.9721 0.2290 -0.0512
vn -0.9607 0.2405 0.1384
vn -0.9102 0.3273 -0.2537
vn -0.9686 0.2450 0.0423
vn -0.9433 0.3117 0.1137
vn -0.9471 0.2333 0.2205
vn -0.8934 0.2932 0.3405
vn -0.9239 0.3580 -0.1351
vn -0.9847 0.1631 -0.0606
vn -0.9035 0.3360 0.2661
vn -0.9112 0.4117 -0.0164
vn -0.9279 0.3709 0.0369
vn -0.8348 -0.4879 -0.2551
vn -0.8644 -0.4779 -0.1561
vn -0.8621 -0.5031 -0.0612
vn -0.8919 -0.4506 0.0380
vn -0.8397 -0.5304 0.1170
vn -0.8521 -0.4547 0.2593
vn -0.8394 -0.4391 -0.3204
vn -0.9062 -0.4035 -0.1263
vn -0.9161 -0.3935 0.0768
vn -0.7818 -0.4926 0.3823
vn -0.7947 -0.4102 0.4475
vn -0.8789 -0.2913 -0.3777
vn -0.8062 -0.3773 -0.4558
vn -0.8740 -0.3498 -0.3373
vn -0.8006 -0.3402 0.4932
vn -0.8010 -0.3196 -0.5062
vn -0.8875 -0.3220 0.3295
vn -0.7998 -0.3008 0.5195
vn -0.8432 -0.2236 -0.4889
vn -0.7227 -0.1135 0.6818
vn -0.7976 -0.2446 -0.5513
vn -0.8064 -0.2225 0.5478
vn -0.8797 -0.1593 -0.4480
vn -0.8895 -0.1724 -0.4232
vn -0.8558 -0.1726 -0.4877
vn -0.7815 -0.1446 0.6069
vn -0.8812 -0.0929 -0.4636
vn -0.7137 -0.0765 0.6962
vn -0.9103 -0.0906 -0.4038
vn -0.7899 -0.0494 0.6112
vn -0.9236 -0.0341 -0.3819
vn -0.9073 -0.0160 -0.4201
vn -0.7344 -0.0174 0.6785
vn -0.9105 0.0081 -0.4133
vn -0.8907 0.0856 0.4465
vn -0.8141 0.0710 0.5764
vn -0.7179 0.1764 0.6735
vn -0.9231 0.0447 -0.3820
vn -0.7795 0.1356 0.6115
vn -0.9185 0.0848 -0.3863
vn -0.9288 0.0980 -0.3573
vn -0.9311 0.1315 -0.3402
vn -0.9307 0.1750 -0.3211
vn -0.8497 0.2249 0.4770
vn -0.8066 0.2147 0.5508
vn -0.7188 0.2455 0.6505
vn -0.9060 0.1366 -0.4007
vn -0.9124 0.1926 -0.3611
vn -0.9348 0.2364 -0.2649
vn -0.8138 0.3223 0.4835
vn -0.9643 0.1876 -0.1867
vn -0.8848 0.3601 -0.2958
vn -0.9298 0.2621 -0.2583
vn -0.8977 0.3772 -0.2276
vn -0.9025 0.3911 0.1804
vn -0.9004 0.3784 -0.2146
vn -0.8413 0.4358 0.3199
vn -0.8332 0.3959 0.3861
vn -0.8729 0.4589 -0.1661
vn -0.8488 0.4575 -0.2651
vn -0.8274 0.5337 -0.1751
vn -0.8301 0.4980 0.2511
vn -0.8060 0.5860 -0.0835
vn -0.8394 0.5432 0.0173
vn -0.8484 0.5166 0.1158
vn -0.7061 -0.6850 -0.1797
vn -0.7706 -0.6340 -0.0643
vn -0.7322 -0.6605 0.1665
vn -0.6798 -0.6165 -0.3974
vn -0.7467 -0.6011 -0.2847
vn -0.8182 -0.5749 0.0030
vn -0.7984 -0.5519 0.2408
vn -0.6973 -0.6344 0.3336
vn -0.6918 -0.5525 -0.4650
vn -0.7034 -0.5610 0.4364
vn -0.6692 -0.5023 0.5476
vn -0.6747 -0.4463 -0.5879
vn -0.7808 -0.4332 -0.4503
vn -0.6645 -0.4416 0.6028
vn -0.6445 -0.3844 0.6609
vn -0.7245 -0.3123 -0.6145
vn -0.6669 -0.3606 -0.6521
vn -0.6793 -0.3232 0.6589
vn -0.7526 -0.2851 -0.5935
vn -0.6130 -0.2826 0.7378
vn -0.7435 -0.3309 -0.5812
vn -0.6470 -0.5060 -0.5703
vn -0.4403 -0.0215 0.8976
vn -0.8105 -0.3875 -0.4393
vn -0.8415 -0.2562 -0.4756
vn -0.6908 -0.1664 0.7036
vn -0.8705 -0.3392 -0.3567
vn -0.9155 -0.2195 -0.3372
vn -0.6072 -0.0850 0.7900
vn -0.8994 0.0242 -0.4364
vn -0.8794 -0.1411 -0.4548
vn -0.9380 -0.1102 -0.3286
vn -0.8797 0.0647 -0.4711
vn -0.9304 -0.0218 -0.3660
vn -0.8547 0.1547 -0.4955
vn -0.9252 0.0124 -0.3793
vn -0.6365 0.0978 0.7651
vn -0.5101 0.0423 0.8591
vn -0.9140 0.0545 -0.4022
vn -0.7322 0.1731 0.6587
vn -0.7710 0.1755 -0.6121
vn -0.8986 0.1619 -0.4078
vn -0.8396 0.1388 -0.5251
vn -0.7291 0.2068 -0.6524
vn -0.8170 0.2085 -0.5376
vn -0.7994 0.2902 0.5261
vn -0.5304 0.3211 0.7846
vn -0.8203 0.3784 -0.4288
vn -0.7044 0.3876 0.5946
vn -0.8003 0.2671 -0.5369
vn -0.7424 0.4803 0.4670
vn -0.4274 0.7968 0.4272
vn -0.7982 0.5265 -0.2928
vn -0.8050 0.5121 -0.2994
vn -0.8048 0.5333 -0.2605
vn -0.8639 0.4538 -0.2187
vn -0.7487 0.6139 -0.2502
vn -0.7505 0.5508 0.3651
vn -0.6525 0.4959 0.5730
vn -0.7345 0.6237 -0.2674
vn -0.8039 0.5910 0.0665
vn -0.7535 0.6147 0.2331
vn -0.6004 0.6389 0.4811
vn -0.7242 0.6424 -0.2506
vn -0.6962 0.7147 0.0670
vn -0.6765 0.6518 0.3427
vn -0.4838 -0.8406 -0.2434
vn -0.5583 -0.8277 -0.0562
vn -0.2763 -0.9609 0.0173
vn -0.5989 -0.7932 0.1105
vn -0.5561 -0.7516 -0.3548
vn -0.6360 -0.7506 0.1792
vn -0.5855 -0.7038 0.4023
vn -0.5321 -0.6445 -0.5491
vn -0.5843 -0.6155 0.5289
vn -0.5888 -0.5310 -0.6095
vn -0.4507 -0.5802 -0.6784
vn -0.5629 -0.5438 0.6224
vn -0.4665 -0.4869 -0.7385
vn -0.4848 -0.5217 0.7020
vn -0.5519 -0.4886 0.6758
vn -0.5732 -0.3910 -0.7201
vn -0.4445 -0.3960 0.8035
vn -0.4562 -0.4182 -0.7855
vn -0.6534 -0.3880 -0.6500
vn -0.4935 -0.6580 -0.5688
vn -0.4850 -0.3672 0.7937
vn -0.6444 -0.6114 -0.4592
vn -0.6969 -0.4296 -0.5743
vn -0.5002 -0.1620 0.8506
vn -0.8031 0.0305 -0.5951
vn -0.5529 -0.0032 0.8332
vn -0.6753 0.1921 -0.7121
vn -0.7594 0.1880 -0.6229
vn -0.5900 0.2467 -0.7688
vn -0.4749 0.1215 0.8716
vn -0.5218 0.1838 0.8330
vn -0.4854 0.2762 -0.8295
vn -0.5499 0.2337 0.8019
vn -0.6162 0.2800 -0.7362
vn -0.4111 0.2895 0.8644
vn -0.5995 0.2918 -0.7453
vn -0.6038 0.3404 0.7208
vn -0.5860 0.5118 -0.6282
vn -0.5540 0.4766 0.6826
vn -0.3775 0.4388 -0.8155
vn -0.4973 0.5133 0.6994
vn -0.5153 0.7125 -0.4763
vn -0.5751 0.5753 0.5817
vn -0.4845 0.8370 -0.2543
vn -0.6399 0.6866 -0.3452
vn -0.6427 0.6995 -0.3125
vn -0.6181 0.7394 0.2670
vn -0.3923 0.5332 0.7496
vn -0.5291 0.7786 -0.3375
vn -0.4791 0.8079 -0.3432
vn -0.4658 0.8219 0.3279
vn -0.5258 0.7961 -0.2998
vn -0.6179 0.7750 -0.1325
vn -0.5471 0.8354 -0.0522
vn -0.3989 0.9165 0.0309
vn -0.2457 -0.9157 -0.3180
vn 0.0252 -0.9995 0.0182
vn -0.2821 -0.9568 -0.0711
vn -0.3761 -0.8913 0.2533
vn -0.2913 -0.8834 0.3672
vn -0.4160 -0.5778 -0.7022
vn -0.3590 -0.7588 -0.5435
vn -0.4001 -0.7149 0.5735
vn -0.2677 -0.6736 -0.6889
vn -0.4085 -0.6569 0.6338
vn -0.2366 -0.6354 0.7351
vn -0.2798 -0.5850 0.7612
vn -0.2740 -0.5678 -0.7762
vn -0.3031 -0.4753 -0.8260
vn -0.3227 -0.4334 0.8414
vn -0.1535 -0.4395 0.8851
vn -0.2369 -0.4772 -0.8462
vn -0.5079 -0.8004 -0.3183
vn -0.1572 -0.5979 -0.7860
vn -0.1644 -0.2750 0.9473
vn -0.3409 -0.3784 0.8606
vn -0.3024 -0.7540 -0.5831
vn -0.3186 -0.1757 -0.9314
vn -0.4799 -0.6518 -0.5873
vn -0.1145 -0.8394 -0.5314
vn -0.3262 -0.4244 -0.8447
vn -0.4265 -0.1766 -0.8871
vn -0.3416 -0.1221 0.9319
vn -0.2085 -0.1813 0.9611
vn -0.2124 -0.0178 0.9770
vn -0.5149 0.0723 -0.8542
vn -0.2636 0.0430 0.9637
vn -0.5298 0.5888 -0.6104
vn -0.2329 0.1215 0.9649
vn -0.1535 0.2259 -0.9620
vn -0.2993 0.2059 0.9317
vn -0.4556 0.3672 -0.8109
vn -0.3216 0.3516 -0.8791
vn -0.2412 0.3487 0.9057
vn -0.3612 0.4486 0.8175
vn -0.3857 0.7841 -0.4862
vn -0.2739 0.5462 0.7916
vn -0.0719 0.5205 0.8508
vn -0.0302 0.5962 -0.8023
vn -0.3347 0.7326 -0.5927
vn -0.3149 0.8728 -0.3730
vn -0.2546 0.8959 -0.3640
vn -0.3596 0.8520 -0.3806
vn -0.4218 0.7688 0.4806
vn -0.3142 0.7110 0.6290
vn -0.2932 0.9423 -0.1612
vn -0.1899 0.9673 0.1684
vn -0.0293 -0.9564 -0.2906
vn 0.2343 -0.9292 0.2858
vn -0.0736 -0.8664 0.4939
vn -0.0620 -0.8101 -0.5831
vn -0.0196 -0.8334 -0.5524
vn -0.0042 -0.8156 0.5786
vn 0.0477 -0.6915 -0.7208
vn -0.1350 -0.5923 -0.7943
vn -0.0660 -0.7355 0.6743
vn 0.0557 -0.6293 -0.7751
vn 0.0882 -0.6351 0.7674
vn -0.0639 -0.5332 -0.8436
vn 0.0239 -0.4731 0.8807
vn 0.0167 -0.4765 -0.8790
vn -0.0568 -0.3497 0.9351
vn 0.0327 -0.7411 -0.6706
vn -0.1090 -0.2349 0.9659
vn 0.1708 -0.7989 -0.5767
vn 0.0408 -0.8057 -0.5910
vn -0.0379 -0.7170 -0.6960
vn -0.0621 -0.3312 -0.9415
vn -0.0767 -0.1177 0.9901
vn 0.0258 -0.0984 -0.9948
vn 0.0583 0.1173 -0.9914
vn -0.2839 0.3112 -0.9070
vn -0.0713 0.0012 0.9975
vn 0.1305 0.3358 -0.9328
vn -0.0164 0.1699 0.9853
vn 0.1986 0.4105 -0.8900
vn -0.0404 0.2266 0.9731
vn 0.0194 0.3545 -0.9349
vn -0.1614 0.4119 -0.8968
vn -0.0340 0.3889 0.9206
vn 0.2096 0.3734 -0.9037
vn -0.2058 0.7548 -0.6228
vn -0.2147 0.6105 0.7623
vn 0.1095 0.5690 0.8150
vn -0.1570 0.8693 -0.4687
vn -0.0361 0.9081 -0.4171
vn 0.1271 0.9234 -0.3622
vn -0.0026 0.7481 0.6636
vn 0.0414 0.9991 -0.0073
vn -0.1327 0.9185 -0.3724
vn -0.1295 0.9679 -0.2153
vn -0.1811 0.8734 0.4521
vn -0.0585 0.8181 0.5721
vn 0.0738 0.9728 -0.2196
vn 0.1009 0.9803 0.1695
vn 0.3557 -0.8664 -0.3504
vn 0.3531 -0.9150 -0.1953
vn 0.2029 -0.8788 0.4320
vn 0.3209 -0.8592 0.3986
vn 0.2160 -0.7980 -0.5626
vn 0.2455 -0.6591 -0.7108
vn 0.3784 -0.5993 -0.7054
vn 0.2620 -0.5321 -0.8051
vn 0.2191 -0.4579 -0.8616
vn -0.0277 -0.1974 0.9799
vn 0.3638 -0.4478 -0.8168
vn 0.1778 0.1233 0.9763
vn 0.2030 -0.6896 -0.6952
vn 0.4889 -0.6845 -0.5408
vn 0.2872 -0.7925 -0.5380
vn -0.0288 -0.2052 0.9783
vn 0.4437 -0.6925 -0.5689
vn 0.2220 -0.4547 -0.8625
vn 0.1645 -0.1342 0.9772
vn 0.2865 -0.0865 0.9542
vn 0.0706 -0.0125 0.9974
vn 0.5849 0.2697 -0.7650
vn 0.1234 0.0312 0.9919
vn 0.3592 0.3637 -0.8595
vn 0.1486 0.0891 0.9849
vn 0.4247 0.2527 -0.8693
vn 0.2173 0.1554 0.9636
vn 0.5071 0.2872 -0.8126
vn 0.1880 0.2351 0.9536
vn 0.0882 0.3090 0.9470
vn 0.0966 0.3052 -0.9474
vn 0.3668 0.3311 -0.8694
vn 0.2781 0.4057 0.8707
vn 0.0947 0.4400 0.8930
vn 0.3236 0.5264 0.7862
vn 0.3793 0.6330 -0.6749
vn 0.1680 0.8119 -0.5591
vn 0.2273 0.5806 0.7818
vn 0.2616 0.8894 -0.3748
vn 0.2824 0.8962 -0.3421
vn 0.2017 0.7131 0.6714
vn 0.2888 0.8735 -0.3920
vn 0.2575 0.7932 0.5519
vn 0.3721 0.6894 0.6215
vn 0.2735 0.8922 -0.3593
vn 0.3229 0.8946 -0.3090
vn 0.2772 0.9498 -0.1450
vn 0.1840 0.8971 0.4016
vn 0.2255 0.9740 -0.0199
vn 0.6085 -0.7747 -0.1721
vn 0.4157 -0.8961 -0.1558
vn 0.4310 -0.8519 0.2977
vn 0.5742 -0.7837 0.2368
vn 0.4196 -0.7359 -0.5314
vn 0.4909 -0.7376 -0.4636
vn 0.2782 -0.7508 0.5991
vn 0.4979 -0.6008 -0.6253
vn 0.5678 -0.6118 0.5507
vn 0.4335 -0.6214 0.6526
vn 0.3043 -0.5389 0.7855
vn 0.4894 -0.4646 -0.7380
vn 0.4704 -0.4986 0.7281
vn 0.4407 -0.4236 -0.7914
vn 0.2866 -0.6083 0.7402
vn 0.4863 -0.5941 -0.6407
vn 0.5442 -0.4420 -0.7131
vn 0.4131 -0.2655 0.8711
vn 0.2610 -0.2292 0.9377
vn 0.3374 -0.1718 0.9256
vn 0.5063 -0.3098 -0.8048
vn 0.6211 -0.0229 -0.7834
vn 0.3057 -0.0285 0.9517
vn 0.5252 0.2594 -0.8105
vn 0.6235 0.2022 -0.7552
vn 0.4040 0.0645 0.9125
vn 0.6237 0.2479 -0.7413
vn 0.3677 0.2152 0.9047
vn 0.3831 0.2998 -0.8737
vn 0.3774 0.3136 0.8713
vn 0.6399 0.2320 -0.7326
vn 0.6457 0.2681 -0.7150
vn 0.3605 0.3436 0.8672
vn 0.5066 0.3105 0.8043
vn 0.3949 0.4183 0.8180
vn 0.4624 0.5142 -0.7224
vn 0.5486 0.4841 0.6816
vn 0.5276 0.7456 -0.4071
vn 0.4260 0.5000 0.7540
vn 0.3707 0.8549 -0.3630
vn 0.4956 0.8086 -0.3172
vn 0.4963 0.6076 0.6201
vn 0.5128 0.7463 -0.4243
vn 0.5078 0.7711 0.3842
vn 0.4856 0.7176 0.4993
vn 0.5052 0.8078 -0.3038
vn 0.4723 0.8757 -0.1004
vn 0.4349 0.8920 0.1229
vn 0.4880 0.8377 0.2453
vn 0.4350 -0.8995 0.0414
vn 0.6010 -0.7031 -0.3802
vn 0.7023 -0.6931 -0.1624
vn 0.7348 -0.6528 0.1843
vn 0.5377 -0.7321 0.4181
vn 0.6157 -0.5980 -0.5131
vn 0.7442 -0.6149 -0.2609
vn 0.7185 -0.5642 0.4067
vn 0.5865 -0.5017 -0.6359
vn 0.6665 -0.5314 -0.5229
vn 0.7027 -0.5253 0.4800
vn 0.6613 -0.4573 -0.5945
vn 0.6675 -0.4940 0.5571
vn 0.5742 -0.4524 0.6824
vn 0.6186 -0.3803 -0.6875
vn 0.7097 -0.3903 -0.5865
vn 0.6452 -0.3924 0.6555
vn 0.3738 -0.3517 0.8582
vn 0.5980 -0.3522 0.7200
vn 0.6435 -0.3280 -0.6916
vn 0.7236 -0.4011 -0.5617
vn 0.7019 -0.3770 -0.6043
vn 0.5473 -0.2090 0.8104
vn 0.6202 -0.6780 -0.3945
vn 0.7575 -0.3389 -0.5580
vn 0.8977 -0.2747 -0.3444
vn 0.7762 -0.2109 -0.5942
vn 0.5554 -0.1338 0.8207
vn 0.6664 -0.0599 0.7432
vn 0.8767 -0.0998 -0.4707
vn 0.7888 -0.4736 -0.3918
vn 0.4210 -0.0106 0.9070
vn 0.8808 0.0337 -0.4723
vn 0.8436 0.1007 -0.5274
vn 0.7577 0.1923 -0.6236
vn 0.5945 0.1227 0.7947
vn 0.7565 0.1923 -0.6251
vn 0.8137 0.1612 -0.5585
vn 0.5770 0.2047 0.7907
vn 0.7795 0.1953 -0.5952
vn 0.7631 0.2726 -0.5859
vn 0.6046 0.3437 0.7186
vn 0.5371 0.3435 -0.7704
vn 0.9306 0.1690 -0.3246
vn 0.6325 0.5887 -0.5034
vn 0.4967 0.5879 0.6385
vn 0.6356 0.6581 -0.4035
vn 0.6586 0.6993 -0.2778
vn 0.5590 0.5774 0.5951
vn 0.6833 0.5259 0.5064
vn 0.6988 0.6680 -0.2558
vn 0.6581 0.6843 -0.3141
vn 0.6465 0.6308 0.4290
vn 0.7195 0.6204 0.3122
vn 0.6566 0.7075 -0.2613
vn 0.7185 0.6722 -0.1785
vn 0.6634 0.7457 -0.0616
vn 0.7429 0.6659 0.0684
vn 0.6630 0.7239 0.1909
vn 0.8347 -0.5491 0.0423
vn 0.6856 -0.7275 0.0268
vn 0.8301 -0.5459 -0.1135
vn 0.8273 -0.5236 0.2033
vn 0.7509 -0.5194 -0.4080
vn 0.8541 -0.4721 -0.2180
vn 0.8073 -0.5374 -0.2439
vn 0.7820 -0.5023 0.3691
vn 0.7826 -0.3865 0.4880
vn 0.7160 -0.4243 0.5544
vn 0.8116 -0.3734 -0.4494
vn 0.7552 -0.3146 -0.5751
vn 0.7147 -0.3234 0.6202
vn 0.7655 -0.2882 0.5753
vn 0.7813 -0.2035 -0.5900
vn 0.7288 -0.2390 0.6417
vn 0.8584 -0.3089 -0.4096
vn 0.8012 -0.4166 -0.4295
vn 0.8455 -0.1866 -0.5003
vn 0.7320 -0.1900 0.6542
vn 0.7498 -0.1401 0.6467
vn 0.8997 -0.1411 -0.4132
vn 0.8451 -0.2402 -0.4776
vn 0.9351 -0.1008 -0.3396
vn 0.9300 -0.0867 -0.3571
vn 0.6100 -0.0299 0.7918
vn 0.9181 0.0244 -0.3957
vn 0.8441 0.1038 -0.5261
vn 0.9271 0.0047 -0.3747
vn 0.6241 0.0563 0.7793
vn 0.7250 0.0689 0.6853
vn 0.9167 0.0578 -0.3953
vn 0.7580 0.1266 0.6398
vn 0.9089 0.0970 -0.4055
vn 0.9089 0.1341 -0.3949
vn 0.7891 0.2211 0.5731
vn 0.9199 0.1489 -0.3629
vn 0.7230 0.2171 0.6559
vn 0.7711 0.2950 0.5643
vn 0.6758 0.2714 0.6853
vn 0.9125 0.2229 -0.3429
vn 0.7896 0.4645 -0.4008
vn 0.9110 0.3066 -0.2757
vn 0.7280 0.3925 0.5621
vn 0.7908 0.3961 0.4667
vn 0.6768 0.3762 0.6328
vn 0.7640 0.6041 -0.2266
vn 0.8719 0.4216 -0.2492
vn 0.8721 0.4345 -0.2250
vn 0.8132 0.4295 0.3926
vn 0.8431 0.4800 -0.2426
vn 0.7650 0.5158 0.3857
vn 0.8196 0.5094 0.2624
vn 0.7994 0.5614 -0.2140
vn 0.7905 0.5974 -0.1351
vn 0.8225 0.5661 -0.0545
vn 0.8112 0.5612 0.1643
vn 0.9030 -0.4213 -0.0842
vn 0.9233 -0.3814 0.0458
vn 0.9199 -0.3698 0.1302
vn 0.8522 -0.4203 0.3115
vn 0.8340 -0.4121 -0.3669
vn 0.9064 -0.3327 -0.2603
vn 0.9126 -0.3590 -0.1958
vn 0.8959 -0.3875 0.2173
vn 0.8572 -0.3421 0.3848
vn 0.7738 -0.4889 -0.4027
vn 0.9043 -0.2968 -0.3069
vn 0.8925 -0.3372 0.2996
vn 0.8965 -0.2701 0.3512
vn 0.8866 -0.2386 -0.3962
vn 0.8801 -0.2776 -0.3852
vn 0.8334 -0.2599 0.4878
vn 0.8916 -0.1872 0.4124
vn 0.8891 -0.1959 -0.4136
vn 0.8483 -0.2157 0.4836
vn 0.8957 -0.1187 -0.4286
vn 0.8462 -0.1607 0.5081
vn 0.8904 -0.1119 -0.4411
vn 0.8578 -0.0800 0.5078
vn 0.8037 -0.0717 0.5907
vn 0.8870 -0.0691 -0.4566
vn 0.8562 -0.0291 0.5159
vn 0.9118 -0.0360 -0.4091
vn 0.7999 -0.0322 0.5993
vn 0.9184 0.0263 -0.3949
vn 0.9021 -0.0199 -0.4310
vn 0.8573 0.0579 0.5116
vn 0.7406 0.0289 0.6713
vn 0.7978 0.0572 0.6002
vn 0.9357 0.1327 -0.3268
vn 0.9132 0.0803 -0.3995
vn 0.9318 0.1097 -0.3460
vn 0.8819 0.1755 0.4375
vn 0.9387 0.1580 -0.3064
vn 0.8512 0.1532 0.5019
vn 0.8673 0.2319 0.4405
vn 0.8259 0.2135 0.5219
vn 0.9263 0.2244 -0.3027
vn 0.9219 0.2875 -0.2596
vn 0.9328 0.2439 -0.2654
vn 0.8601 0.3721 -0.3489
vn 0.8656 0.2805 0.4148
vn 0.8646 0.3539 0.3566
vn 0.8520 0.3339 0.4033
vn 0.9437 0.3172 -0.0937
vn 0.9222 0.3263 -0.2075
vn 0.9096 0.3719 -0.1851
vn 0.9060 0.3422 0.2491
vn 0.9256 0.3493 0.1454
vn 0.8862 0.4113 -0.2133
vn 0.8612 0.4738 -0.1840
vn 0.9127 0.3870 -0.1312
vn 0.8854 0.4521 -0.1081
vn 0.9160 0.4011 -0.0112
vn 0.9213 0.3847 0.0562
vn 0.8945 0.4219 0.1477
vn 0.8719 0.4057 0.2741
vn 0.8535 0.5207 0.0208
vn 0.8808 0.4660 0.0839
vn 0.8731 0.4529 0.1803
vn 0.9543 -0.2811 -0.1010
vn 0.9389 -0.3399 -0.0546
vn 0.9528 -0.2796 0.1182
vn 0.9369 -0.3025 0.1750
vn 0.9405 -0.2188 -0.2599
vn 0.9458 -0.2641 -0.1889
vn 0.9670 -0.2537 0.0247
vn 0.9601 -0.2701 0.0728
vn 0.9428 -0.2493 0.2212
vn 0.9633 -0.2085 -0.1693
vn 0.9673 -0.2282 -0.1106
vn 0.9623 -0.2189 0.1614
vn 0.9377 -0.2200 0.2689
vn 0.9359 -0.1454 -0.3209
vn 0.9455 -0.1791 -0.2718
vn 0.9832 -0.1661 -0.0756
vn 0.9799 -0.1975 -0.0280
vn 0.9783 -0.1914 0.0789
vn 0.9763 -0.1661 0.1384
vn 0.9506 -0.1456 0.2743
vn 0.9239 -0.1866 0.3341
vn 0.9612 -0.1629 -0.2226
vn 0.9818 -0.1449 -0.1227
vn 0.9736 -0.1200 0.1944
vn 0.9122 -0.1289 0.3889
vn 0.9171 -0.0646 -0.3934
vn 0.9434 -0.0659 -0.3250
vn 0.9640 -0.0945 -0.2484
vn 0.9779 -0.1108 -0.1771
vn 0.9689 -0.0903 0.2303
vn 0.9691 0.0266 0.2453
vn 0.9273 -0.0877 0.3640
vn 0.9064 -0.1074 0.4086
vn 0.9123 -0.0224 -0.4089
vn 0.9780 -0.0455 -0.2034
vn 0.9636 -0.0428 0.2640
vn 0.9469 0.0078 -0.3213
vn 0.9652 -0.0171 -0.2610
vn 0.9555 -0.0172 0.2946
vn 0.9188 -0.0221 0.3940
vn 0.9287 0.0517 -0.3672
vn 0.9350 0.0302 -0.3534
vn 0.9790 0.0332 -0.2010
vn 0.9554 0.0242 0.2942
vn 0.9165 0.0210 0.3995
vn 0.9252 0.0872 -0.3693
vn 0.9625 0.0730 -0.2614
vn 0.9546 0.0578 0.2924
vn 0.9626 0.0780 0.2593
vn 0.9177 0.0629 0.3923
vn 0.9482 0.1250 -0.2920
vn 0.9657 0.1025 -0.2387
vn 0.9454 0.1463 0.2911
vn 0.9728 0.1066 0.2057
vn 0.9237 0.1240 0.3626
vn 0.9097 0.0964 0.4038
vn 0.9363 0.1655 -0.3098
vn 0.9747 0.1740 -0.1401
vn 0.9305 0.2170 -0.2951
vn 0.9599 0.1733 0.2205
vn 0.9784 0.1571 0.1340
vn 0.9515 0.2140 -0.2210
vn 0.9640 0.1863 -0.1899
vn 0.9840 0.1742 -0.0364
vn 0.9742 0.2258 -0.0076
vn 0.9804 0.1814 0.0765
vn 0.9568 0.2182 0.1923
vn 0.9359 0.2116 0.2815
vn 0.9284 0.1787 0.3258
vn 0.9390 0.2373 -0.2489
vn 0.9599 0.2590 -0.1072
vn 0.9609 0.2517 0.1154
vn 0.9537 0.2509 0.1657
vn 0.9462 0.2726 -0.1746
vn 0.9574 0.2879 -0.0236
vn 0.9364 0.2670 0.2277
vn 0.9430 0.3200 -0.0917
vn 0.9450 0.3265 -0.0203
vn 0.9538 0.2935 0.0641
vn 0.9905 -0.1373 -0.0124
vn 0.9946 -0.1032 -0.0056
vn 0.9905 -0.1254 0.0560
vn 0.9894 -0.1031 0.1025
vn 0.9920 -0.0447 -0.1180
vn 0.9931 -0.0822 -0.0835
vn 0.9937 -0.0626 0.0927
vn 0.9833 -0.0726 0.1669
vn 0.9994 -0.0236 0.0247
vn 0.9969 -0.0415 0.0672
vn 0.9919 0.0165 -0.1257
vn 0.9985 0.0175 -0.0520
vn 0.9998 -0.0098 -0.0191
vn 0.9857 0.0005 0.1682
vn 0.9778 -0.0294 0.2073
vn 0.9953 0.0458 0.0851
vn 0.9904 0.0264 0.1360
vn 0.9889 0.0828 -0.1234
vn 0.9957 0.0766 -0.0519
vn 0.9961 0.0863 0.0184
vn 0.9950 0.0755 0.0651
vn 0.9803 0.0536 0.1898
vn 0.9829 0.1088 -0.1483
vn 0.9876 0.0937 0.1263
vn 0.9869 0.1403 -0.0792
vn 0.9915 0.1292 -0.0142
vn 0.9917 0.1166 0.0550
f 1754//1754 1755//1755 1753//1753
f 1755//1755 1754//1754 1759//1759
f 1757//1757 1754//1754 1756//1756
f 1759//1759 1754//1754 1757//1757
f 1758//1758 1755//1755 1763//1763
f 1763//1763 1755//1755 1759//1759
f 1762//1762 1758//1758 1766//1766
f 1766//1766 1758//1758 1763//1763
f 1764//1764 1763//1763 1759//1759
f 1764//1764 1759//1759 1760//1760
f 1764//1764 1760//1760 1765//1765
f 1760//1760 1761//1761 1765//1765
f 1768//1768 1762//1762 1766//1766
f 1769//1769 1762//1762 1768//1768
f 1771//1771 1763//1763 1764//1764
f 1766//1766 1763//1763 1771//1771
f 1771//1771 1764//1764 1765//1765
f 1770//1770 1768//1768 1766//1766
f 1770//1770 1766//1766 1771//1771
f 1765//1765 1812//1812 1771//1771
f 1777//1777 1769//1769 1768//1768
f 1777//1777 1768//1768 1770//1770
f 1772//1772 1771//1771 1812//1812
f 1767//1767 1774//1774 1773//1773
f 1769//1769 1774//1774 1767//1767
f 1776//1776 1769//1769 1777//1777
f 1774//1774 1769//1769 1776//1776
f 1777//1777 1771//1771 1775//1775
f 1770//1770 1771//1771 1777//1777
f 1780//1780 1781//1781 1779//1779
f 1782//1782 1784//1784 1781//1781
f 1779//1779 1783//1783 1778//1778
f 1783//1783 1779//1779 1787//1787
f 1787//1787 1779//1779 1781//1781
f 1790//1790 1781//1781 1784//1784
f 1793//1793 1786//1786 1783//1783
f 1793//1793 1783//1783 1794//1794
f 1794//1794 1783//1783 1787//1787
f 1788//1788 1787//1787 1781//1781
f 1789//1789 1781//1781 1790//1790
f 1788//1788 1781//1781 1789//1789
f 1790//1790 1784//1784 1795//1795
f 1791//1791 1795//1795 1785//1785
f 1794//1794 1788//1788 1753//1753
f 1794//1794 1787//1787 1788//1788
f 1753//1753 1788//1788 1754//1754
f 1754//1754 1788//1788 1789//1789
f 1754//1754 1789//1789 1756//1756
f 1789//1789 1790//1790 1795//1795
f 1798//1798 1795//1795 1791//1791
f 1801//1801 1792//1792 1786//1786
f 1797//1797 1786//1786 1793//1793
f 1801//1801 1786//1786 1797//1797
f 1797//1797 1794//1794 1755//1755
f 1797//1797 1793//1793 1794//1794
f 1755//1755 1794//1794 1753//1753
f 1756//1756 1789//1789 1757//1757
f 1789//1789 1803//1803 1757//1757
f 1789//1789 1795//1795 1803//1803
f 1803//1803 1795//1795 1798//1798
f 1792//1792 1800//1800 1796//1796
f 1805//1805 1792//1792 1801//1801
f 1801//1801 1797//1797 1758//1758
f 1758//1758 1797//1797 1755//1755
f 1802//1802 1759//1759 1803//1803
f 1803//1803 1759//1759 1757//1757
f 1804//1804 1798//1798 1799//1799
f 1803//1803 1798//1798 1804//1804
f 1800//1800 1792//1792 1806//1806
f 1806//1806 1792//1792 1805//1805
f 1762//1762 1805//1805 1758//1758
f 1758//1758 1805//1805 1801//1801
f 1802//1802 1760//1760 1759//1759
f 1760//1760 1802//1802 1761//1761
f 1802//1802 1803//1803 1804//1804
f 1809//1809 1806//1806 1805//1805
f 1809//1809 1805//1805 1807//1807
f 1762//1762 1807//1807 1805//1805
f 1808//1808 1765//1765 1802//1802
f 1802//1802 1765//1765 1761//1761
f 1808//1808 1802//1802 1804//1804
f 1811//1811 1806//1806 1809//1809
f 1810//1810 1806//1806 1811//1811
f 1769//1769 1809//1809 1762//1762
f 1762//1762 1809//1809 1807//1807
f 1812//1812 1765//1765 1808//1808
f 1767//1767 1811//1811 1769//1769
f 1769//1769 1811//1811 1809//1809
f 1869//1869 1812//1812 1808//1808
f 1808//1808 1870//1870 1869//1869
f 1810//1810 1813//1813 1816//1816
f 1814//1814 1810//1810 1811//1811
f 1813//1813 1810//1810 1814//1814
f 1814//1814 1811//1811 1817//1817
f 1773//1773 1817//1817 1767//1767
f 1767//1767 1817//1817 1811//1811
f 1812//1812 1818//1818 1772//1772
f 1812//1812 1819//1819 1818//1818
f 1815//1815 1812//1812 1869//1869
f 1819//1819 1812//1812 1815//1815
f 1813//1813 1814//1814 1816//1816
f 1774//1774 1817//1817 1773//1773
f 1824//1824 1775//1775 1771//1771
f 1772//1772 1818//1818 1771//1771
f 1818//1818 1824//1824 1771//1771
f 1831//1831 1814//1814 1817//1817
f 1831//1831 1817//1817 1822//1822
f 1823//1823 1817//1817 1774//1774
f 1823//1823 1822//1822 1817//1817
f 1776//1776 1823//1823 1774//1774
f 1776//1776 1777//1777 1823//1823
f 1775//1775 1824//1824 1777//1777
f 1828//1828 1824//1824 1818//1818
f 1828//1828 1818//1818 1820//1820
f 1818//1818 1819//1819 1820//1820
f 1883//1883 1877//1877 1814//1814
f 1814//1814 1821//1821 1883//1883
f 1831//1831 1821//1821 1814//1814
f 1827//1827 1823//1823 1777//1777
f 1828//1828 1777//1777 1824//1824
f 1827//1827 1777//1777 1828//1828
f 1831//1831 1825//1825 1821//1821
f 1826//1826 1822//1822 1823//1823
f 1831//1831 1822//1822 1826//1826
f 1826//1826 1823//1823 1827//1827
f 1829//1829 1828//1828 1820//1820
f 1831//1831 1830//1830 1825//1825
f 1831//1831 1826//1826 1834//1834
f 1834//1834 1827//1827 1889//1889
f 1826//1826 1827//1827 1834//1834
f 1827//1827 1828//1828 1832//1832
f 1832//1832 1828//1828 1829//1829
f 1833//1833 1830//1830 1831//1831
f 1833//1833 1831//1831 1834//1834
f 1837//1837 1838//1838 1836//1836
f 1839//1839 1840//1840 1838//1838
f 1836//1836 1841//1841 1835//1835
f 1841//1841 1836//1836 1842//1842
f 1842//1842 1836//1836 1838//1838
f 1843//1843 1838//1838 1840//1840
f 1845//1845 1840//1840 1844//1844
f 1851//1851 1840//1840 1845//1845
f 1846//1846 1847//1847 1841//1841
f 1848//1848 1846//1846 1841//1841
f 1848//1848 1841//1841 1778//1778
f 1778//1778 1841//1841 1779//1779
f 1779//1779 1841//1841 1842//1842
f 1779//1779 1842//1842 1780//1780
f 1780//1780 1842//1842 1838//1838
f 1780//1780 1838//1838 1781//1781
f 1781//1781 1838//1838 1843//1843
f 1781//1781 1843//1843 1782//1782
f 1782//1782 1843//1843 1840//1840
f 1782//1782 1840//1840 1784//1784
f 1840//1840 1851//1851 1784//1784
f 1851//1851 1845//1845 1849//1849
f 1846//1846 1850//1850 1847//1847
f 1850//1850 1848//1848 1783//1783
f 1850//1850 1846//1846 1848//1848
f 1783//1783 1848//1848 1778//1778
f 1851//1851 1795//1795 1784//1784
f 1795//1795 1851//1851 1785//1785
f 1852//1852 1851//1851 1849//1849
f 1850//1850 1853//1853 1855//1855
f 1853//1853 1850//1850 1786//1786
f 1786//1786 1850//1850 1783//1783
f 1785//1785 1851//1851 1791//1791
f 1851//1851 1856//1856 1791//1791
f 1851//1851 1852//1852 1856//1856
f 1856//1856 1852//1852 1854//1854
f 1792//1792 1853//1853 1786//1786
f 1856//1856 1798//1798 1791//1791
f 1855//1855 1853//1853 1857//1857
f 1855//1855 1857//1857 1858//1858
f 1857//1857 1853//1853 1859//1859
f 1796//1796 1859//1859 1792//1792
f 1792//1792 1859//1859 1853//1853
f 1856//1856 1799//1799 1798//1798
f 1856//1856 1860//1860 1799//1799
f 1800//1800 1857//1857 1859//1859
f 1800//1800 1859//1859 1796//1796
f 1864//1864 1804//1804 1860//1860
f 1860//1860 1804//1804 1799//1799
f 1861//1861 1857//1857 1800//1800
f 1863//1863 1857//1857 1861//1861
f 1806//1806 1861//1861 1800//1800
f 1862//1862 1864//1864 1860//1860
f 1860//1860 1925//1925 1862//1862
f 1806//1806 1863//1863 1861//1861
f 1867//1867 1808//1808 1864//1864
f 1864//1864 1808//1808 1804//1804
f 1866//1866 1865//1865 1863//1863
f 1810//1810 1866//1866 1806//1806
f 1806//1806 1866//1866 1863//1863
f 1867//1867 1870//1870 1808//1808
f 1868//1868 1865//1865 1866//1866
f 1872//1872 1865//1865 1868//1868
f 1810//1810 1868//1868 1866//1866
f 1867//1867 1871//1871 1870//1870
f 1816//1816 1872//1872 1810//1810
f 1810//1810 1872//1872 1868//1868
f 1873//1873 1815//1815 1869//1869
f 1869//1869 1870//1870 1873//1873
f 1876//1876 1874//1874 1872//1872
f 1876//1876 1872//1872 1816//1816
f 1814//1814 1876//1876 1816//1816
f 1873//1873 1939//1939 1815//1815
f 1874//1874 1875//1875 1881//1881
f 1875//1875 1874//1874 1876//1876
f 1814//1814 1877//1877 1876//1876
f 1878//1878 1820//1820 1819//1819
f 1815//1815 1878//1878 1819//1819
f 1815//1815 1879//1879 1878//1878
f 1815//1815 1939//1939 1880//1880
f 1815//1815 1880//1880 1879//1879
f 1876//1876 1882//1882 1881//1881
f 1875//1875 1876//1876 1881//1881
f 1887//1887 1876//1876 1877//1877
f 1883//1883 1887//1887 1877//1877
f 1820//1820 1879//1879 1945//1945
f 1878//1878 1879//1879 1820//1820
f 1882//1882 1876//1876 1887//1887
f 1825//1825 1883//1883 1821//1821
f 1820//1820 1884//1884 1829//1829
f 1820//1820 1945//1945 1948//1948
f 1820//1820 1948//1948 1884//1884
f 1882//1882 1886//1886 1885//1885
f 1887//1887 1886//1886 1882//1882
f 1886//1886 1887//1887 1890//1890
f 1830//1830 1888//1888 1825//1825
f 1888//1888 1883//1883 1825//1825
f 1888//1888 1887//1887 1883//1883
f 1827//1827 1832//1832 1889//1889
f 1829//1829 1891//1891 1832//1832
f 1829//1829 1884//1884 1891//1891
f 1893//1893 1887//1887 1888//1888
f 1890//1890 1887//1887 1893//1893
f 1833//1833 1893//1893 1830//1830
f 1893//1893 1888//1888 1830//1830
f 1834//1834 1899//1899 1833//1833
f 1889//1889 1899//1899 1834//1834
f 1891//1891 1889//1889 1832//1832
f 1892//1892 1891//1891 1884//1884
f 1893//1893 1955//1955 1890//1890
f 1893//1893 1895//1895 1894//1894
f 1897//1897 1893//1893 1833//1833
f 1895//1895 1893//1893 1897//1897
f 1899//1899 1891//1891 1896//1896
f 1889//1889 1891//1891 1899//1899
f 1898//1898 1897//1897 1833//1833
f 1898//1898 1833//1833 1899//1899
f 1961//1961 1899//1899 1896//1896
f 1971//1971 1902//1902 1901//1901
f 1901//1901 1904//1904 1900//1900
f 1839//1839 1901//1901 1902//1902
f 1905//1905 1901//1901 1839//1839
f 1839//1839 1902//1902 1906//1906
f 1907//1907 1906//1906 1902//1902
f 1904//1904 1908//1908 1903//1903
f 1908//1908 1904//1904 1835//1835
f 1835//1835 1904//1904 1836//1836
f 1836//1836 1904//1904 1901//1901
f 1836//1836 1901//1901 1837//1837
f 1837//1837 1901//1901 1905//1905
f 1837//1837 1905//1905 1838//1838
f 1838//1838 1905//1905 1839//1839
f 1839//1839 1906//1906 1840//1840
f 1840//1840 1906//1906 1907//1907
f 1909//1909 1844//1844 1840//1840
f 1907//1907 1909//1909 1840//1840
f 1912//1912 1911//1911 1908//1908
f 1912//1912 1908//1908 1841//1841
f 1841//1841 1908//1908 1835//1835
f 1910//1910 1913//1913 1845//1845
f 1910//1910 1845//1845 1844//1844
f 1909//1909 1910//1910 1844//1844
f 1911//1911 1912//1912 1847//1847
f 1847//1847 1912//1912 1841//1841
f 1913//1913 1914//1914 1849//1849
f 1913//1913 1849//1849 1845//1845
f 1915//1915 1916//1916 1911//1911
f 1850//1850 1915//1915 1911//1911
f 1850//1850 1911//1911 1847//1847
f 1917//1917 1852//1852 1914//1914
f 1914//1914 1852//1852 1849//1849
f 1916//1916 1915//1915 1918//1918
f 1916//1916 1918//1918 1920//1920
f 1855//1855 1918//1918 1850//1850
f 1850//1850 1918//1918 1915//1915
f 1917//1917 1919//1919 1854//1854
f 1917//1917 1854//1854 1852//1852
f 1855//1855 1920//1920 1918//1918
f 1922//1922 1856//1856 1919//1919
f 1919//1919 1856//1856 1854//1854
f 1920//1920 1923//1923 1921//1921
f 1924//1924 1923//1923 1920//1920
f 1858//1858 1924//1924 1855//1855
f 1855//1855 1924//1924 1920//1920
f 1925//1925 1860//1860 1922//1922
f 1922//1922 1860//1860 1856//1856
f 1927//1927 1926//1926 1923//1923
f 1927//1927 1924//1924 1857//1857
f 1927//1927 1923//1923 1924//1924
f 1857//1857 1924//1924 1858//1858
f 1927//1927 1930//1930 1926//1926
f 1931//1931 1930//1930 1927//1927
f 1863//1863 1927//1927 1857//1857
f 1862//1862 1989//1989 1928//1928
f 1862//1862 1925//1925 1989//1989
f 1865//1865 1931//1931 1863//1863
f 1863//1863 1931//1931 1927//1927
f 1991//1991 1864//1864 1928//1928
f 1928//1928 1864//1864 1862//1862
f 1932//1932 1929//1929 1930//1930
f 1933//1933 1930//1930 1931//1931
f 1932//1932 1930//1930 1933//1933
f 1865//1865 1933//1933 1931//1931
f 1991//1991 1867//1867 1864//1864
f 1991//1991 1937//1937 1867//1867
f 1929//1929 1932//1932 1934//1934
f 1935//1935 1932//1932 1933//1933
f 1872//1872 1935//1935 1865//1865
f 1865//1865 1935//1935 1933//1933
f 1936//1936 1871//1871 1867//1867
f 1867//1867 1937//1937 1936//1936
f 1938//1938 1932//1932 1935//1935
f 1874//1874 1938//1938 1872//1872
f 1872//1872 1938//1938 1935//1935
f 1939//1939 1873//1873 1870//1870
f 1936//1936 1939//1939 1870//1870
f 1936//1936 1870//1870 1871//1871
f 1941//1941 1932//1932 1938//1938
f 1942//1942 1932//1932 1941//1941
f 1874//1874 1941//1941 1938//1938
f 1939//1939 1936//1936 1996//1996
f 1881//1881 1942//1942 1874//1874
f 1874//1874 1942//1942 1941//1941
f 1939//1939 1996//1996 1998//1998
f 1939//1939 1998//1998 1880//1880
f 1940//1940 1944//1944 1943//1943
f 1942//1942 1944//1944 1940//1940
f 1882//1882 1942//1942 1881//1881
f 1882//1882 1944//1944 1942//1942
f 1880//1880 1945//1945 1879//1879
f 1880//1880 1998//1998 1946//1946
f 1947//1947 1944//1944 1882//1882
f 1885//1885 1947//1947 1882//1882
f 1948//1948 1880//1880 2002//2002
f 1945//1945 1880//1880 1948//1948
f 2002//2002 1880//1880 1946//1946
f 1944//1944 1947//1947 1949//1949
f 1948//1948 1950//1950 1884//1884
f 1948//1948 2002//2002 1951//1951
f 1953//1953 1947//1947 1885//1885
f 1890//1890 1954//1954 1886//1886
f 1954//1954 1885//1885 1886//1886
f 1954//1954 1953//1953 1885//1885
f 1890//1890 1955//1955 1954//1954
f 1884//1884 1950//1950 1892//1892
f 1950//1950 1948//1948 1958//1958
f 2010//2010 1952//1952 1947//1947
f 2010//2010 1947//1947 1953//1953
f 1955//1955 1956//1956 1954//1954
f 1893//1893 1959//1959 1955//1955
f 1959//1959 1956//1956 1955//1955
f 1893//1893 1894//1894 1959//1959
f 1957//1957 1896//1896 1891//1891
f 1892//1892 1950//1950 1891//1891
f 1950//1950 1957//1957 1891//1891
f 1950//1950 1958//1958 2008//2008
f 1894//1894 1963//1963 1959//1959
f 1897//1897 1894//1894 1895//1895
f 1897//1897 1963//1963 1894//1894
f 1898//1898 1960//1960 1897//1897
f 1898//1898 1899//1899 1960//1960
f 1957//1957 1961//1961 1896//1896
f 1957//1957 1950//1950 1962//1962
f 1962//1962 1950//1950 2008//2008
f 1897//1897 1960//1960 1964//1964
f 1964//1964 1960//1960 1899//1899
f 1964//1964 1899//1899 1961//1961
f 1964//1964 1961//1961 1965//1965
f 1968//1968 1969//1969 1967//1967
f 1970//1970 1966//1966 1967//1967
f 1900//1900 1970//1970 1967//1967
f 1900//1900 1967//1967 1901//1901
f 1901//1901 1967//1967 1971//1971
f 1971//1971 1967//1967 1969//1969
f 1971//1971 1907//1907 1902//1902
f 1972//1972 1907//1907 1971//1971
f 1973//1973 2027//2027 1970//1970
f 1903//1903 1973//1973 1970//1970
f 1903//1903 1970//1970 1904//1904
f 1904//1904 1970//1970 1900//1900
f 1974//1974 1909//1909 1907//1907
f 2028//2028 1974//1974 1907//1907
f 1972//1972 2028//2028 1907//1907
f 1975//1975 1976//1976 1973//1973
f 1908//1908 1975//1975 1973//1973
f 1908//1908 1973//1973 1903//1903
f 1977//1977 1910//1910 1909//1909
f 2030//2030 1977//1977 1909//1909
f 1974//1974 2030//2030 1909//1909
f 1978//1978 1976//1976 1975//1975
f 1911//1911 1978//1978 1975//1975
f 1911//1911 1975//1975 1908//1908
f 1979//1979 1980//1980 1913//1913
f 1979//1979 1913//1913 1910//1910
f 1977//1977 1979//1979 1910//1910
f 1978//1978 1981//1981 1983//1983
f 1916//1916 1981//1981 1911//1911
f 1911//1911 1981//1981 1978//1978
f 1982//1982 1914//1914 1913//1913
f 1980//1980 1982//1982 1913//1913
f 1916//1916 1983//1983 1981//1981
f 1919//1919 1917//1917 1982//1982
f 1982//1982 1917//1917 1914//1914
f 1982//1982 2041//2041 1919//1919
f 1983//1983 1984//1984 1921//1921
f 1920//1920 1984//1984 1916//1916
f 1916//1916 1984//1984 1983//1983
f 1921//1921 1984//1984 1920//1920
f 1922//1922 1919//1919 2041//2041
f 1987//1987 1985//1985 1921//1921
f 1923//1923 1987//1987 1921//1921
f 1989//1989 1925//1925 1986//1986
f 1986//1986 1925//1925 1922//1922
f 1987//1987 1988//1988 2044//2044
f 1988//1988 1987//1987 1926//1926
f 1926//1926 1987//1987 1923//1923
f 1990//1990 1988//1988 1930//1930
f 1930//1930 1988//1988 1926//1926
f 2048//2048 1928//1928 1989//1989
f 1929//1929 2051//2051 1930//1930
f 1930//1930 2051//2051 1990//1990
f 2048//2048 1991//1991 1928//1928
f 1934//1934 1992//1992 1929//1929
f 1929//1929 1992//1992 2051//2051
f 1993//1993 1992//1992 1934//1934
f 1932//1932 1993//1993 1934//1934
f 1992//1992 1993//1993 1994//1994
f 1942//1942 1993//1993 1932//1932
f 1937//1937 1995//1995 1936//1936
f 1940//1940 1994//1994 1942//1942
f 1942//1942 1994//1994 1993//1993
f 1995//1995 1996//1996 1936//1936
f 1943//1943 1997//1997 1940//1940
f 1940//1940 1997//1997 1994//1994
f 1996//1996 2056//2056 1998//1998
f 1999//1999 1997//1997 1943//1943
f 1944//1944 1999//1999 1943//1943
f 2000//2000 1946//1946 1998//1998
f 2000//2000 1998//1998 2056//2056
f 1949//1949 2001//2001 1944//1944
f 1944//1944 2001//2001 1999//1999
f 2003//2003 2001//2001 1949//1949
f 1947//1947 2003//2003 1949//1949
f 2004//2004 2060//2060 2002//2002
f 2060//2060 1951//1951 2002//2002
f 2004//2004 2002//2002 1946//1946
f 2001//2001 2003//2003 2005//2005
f 1952//1952 2003//2003 1947//1947
f 2006//2006 1958//1958 1948//1948
f 2060//2060 2006//2006 1948//1948
f 1951//1951 2060//2060 1948//1948
f 2007//2007 2003//2003 2010//2010
f 2003//2003 1952//1952 2010//2010
f 1954//1954 2010//2010 1953//1953
f 1956//1956 2010//2010 1954//1954
f 2006//2006 2008//2008 1958//1958
f 2009//2009 2007//2007 2010//2010
f 2014//2014 2010//2010 1959//1959
f 2010//2010 1956//1956 1959//1959
f 1963//1963 2011//2011 1959//1959
f 1959//1959 2011//2011 2014//2014
f 2012//2012 1961//1961 1957//1957
f 1957//1957 1962//1962 2012//2012
f 2013//2013 1962//1962 2008//2008
f 2014//2014 2011//2011 2015//2015
f 2017//2017 2015//2015 1963//1963
f 2015//2015 2011//2011 1963//1963
f 1897//1897 2018//2018 1963//1963
f 1963//1963 2018//2018 2017//2017
f 1964//1964 2018//2018 1897//1897
f 1965//1965 2016//2016 1964//1964
f 2016//2016 1965//1965 1961//1961
f 2069//2069 2016//2016 1961//1961
f 2012//2012 2069//2069 1961//1961
f 2069//2069 2012//2012 1962//1962
f 2019//2019 2018//2018 1964//1964
f 2019//2019 1964//1964 2020//2020
f 2020//2020 1964//1964 2016//2016
f 2022//2022 1966//1966 2021//2021
f 1966//1966 2023//2023 1967//1967
f 2022//2022 2023//2023 1966//1966
f 1967//1967 2024//2024 1968//1968
f 2023//2023 2024//2024 1967//1967
f 1968//1968 2024//2024 1969//1969
f 1966//1966 1970//1970 2021//2021
f 1970//1970 2073//2073 2021//2021
f 1970//1970 2027//2027 2073//2073
f 2024//2024 1971//1971 1969//1969
f 2025//2025 1971//1971 2024//2024
f 2025//2025 1972//1972 1971//1971
f 2025//2025 2028//2028 1972//1972
f 2029//2029 2027//2027 2026//2026
f 1973//1973 2029//2029 2026//2026
f 1973//1973 2026//2026 2027//2027
f 2081//2081 2030//2030 1974//1974
f 2028//2028 2081//2081 1974//1974
f 2080//2080 2029//2029 1976//1976
f 1976//1976 2029//2029 1973//1973
f 2031//2031 2032//2032 1977//1977
f 2030//2030 2031//2031 1977//1977
f 2034//2034 2033//2033 1978//1978
f 1976//1976 1978//1978 2080//2080
f 2080//2080 1978//1978 2033//2033
f 2032//2032 1979//1979 1977//1977
f 2032//2032 2035//2035 1980//1980
f 2032//2032 1980//1980 1979//1979
f 2036//2036 2035//2035 2032//2032
f 2034//2034 1978//1978 1983//1983
f 2035//2035 1982//1982 1980//1980
f 2036//2036 1982//1982 2035//2035
f 2085//2085 1982//1982 2036//2036
f 2037//2037 2034//2034 1983//1983
f 2039//2039 2037//2037 1983//1983
f 2085//2085 2041//2041 1982//1982
f 2039//2039 1921//1921 2038//2038
f 2039//2039 1983//1983 1921//1921
f 1986//1986 2041//2041 2040//2040
f 1985//1985 2042//2042 2039//2039
f 1985//1985 2039//2039 2038//2038
f 1985//1985 2038//2038 1921//1921
f 1986//1986 1922//1922 2041//2041
f 1985//1985 1987//1987 2042//2042
f 1987//1987 2045//2045 2042//2042
f 1987//1987 2044//2044 2045//2045
f 2089//2089 1989//1989 1986//1986
f 2136//2136 1989//1989 2089//2089
f 2046//2046 2044//2044 2043//2043
f 1988//1988 2046//2046 2043//2043
f 1988//1988 2043//2043 2044//2044
f 2136//2136 2048//2048 1989//1989
f 1990//1990 2047//2047 1988//1988
f 1988//1988 2047//2047 2046//2046
f 2051//2051 2047//2047 1990//1990
f 2050//2050 1991//1991 2048//2048
f 2048//2048 2049//2049 2050//2050
f 2051//2051 1992//1992 2097//2097
f 2052//2052 1937//1937 2050//2050
f 2050//2050 1937//1937 1991//1991
f 1994//1994 2097//2097 1992//1992
f 2052//2052 1995//1995 1937//1937
f 2097//2097 1994//1994 2053//2053
f 2054//2054 1995//1995 2052//2052
f 2054//2054 2052//2052 2098//2098
f 1994//1994 2055//2055 2053//2053
f 1994//1994 1997//1997 2055//2055
f 2054//2054 1996//1996 1995//1995
f 2056//2056 1996//1996 2054//2054
f 1997//1997 1999//1999 2057//2057
f 2104//2104 1997//1997 2057//2057
f 2056//2056 2059//2059 2000//2000
f 2102//2102 2059//2059 2056//2056
f 2057//2057 1999//1999 2104//2104
f 1999//1999 2058//2058 2104//2104
f 1999//1999 2001//2001 2058//2058
f 2059//2059 1946//1946 2000//2000
f 2005//2005 2058//2058 2001//2001
f 1946//1946 2060//2060 2004//2004
f 2059//2059 2060//2060 1946//1946
f 2064//2064 2005//2005 2061//2061
f 2003//2003 2061//2061 2005//2005
f 2063//2063 2062//2062 2060//2060
f 2064//2064 2061//2061 2003//2003
f 2007//2007 2064//2064 2003//2003
f 2107//2107 2064//2064 2007//2007
f 2107//2107 2007//2007 2065//2065
f 2006//2006 2108//2108 2008//2008
f 2006//2006 2060//2060 2062//2062
f 2006//2006 2062//2062 2108//2108
f 2066//2066 2065//2065 2007//2007
f 2066//2066 2007//2007 2009//2009
f 2066//2066 2009//2009 2010//2010
f 2066//2066 2010//2010 2014//2014
f 2070//2070 1962//1962 2013//2013
f 2008//2008 2070//2070 2013//2013
f 2108//2108 2070//2070 2008//2008
f 2067//2067 2066//2066 2014//2014
f 2068//2068 2067//2067 2014//2014
f 2068//2068 2014//2014 2015//2015
f 2069//2069 1962//1962 2070//2070
f 2115//2115 2068//2068 2015//2015
f 2017//2017 2115//2115 2015//2015
f 2071//2071 2115//2115 2017//2017
f 2071//2071 2017//2017 2018//2018
f 2071//2071 2019//2019 2020//2020
f 2071//2071 2018//2018 2019//2019
f 2020//2020 2016//2016 2072//2072
f 2117//2117 2016//2016 2069//2069
f 2120//2120 2071//2071 2020//2020
f 2120//2120 2020//2020 2072//2072
f 2023//2023 2022//2022 2024//2024
f 2022//2022 2074//2074 2024//2024
f 2024//2024 2075//2075 2025//2025
f 2074//2074 2075//2075 2024//2024
f 2076//2076 2125//2125 2027//2027
f 2027//2027 2077//2077 2073//2073
f 2125//2125 2077//2077 2027//2027
f 2078//2078 2025//2025 2075//2075
f 2078//2078 2028//2028 2025//2025
f 2081//2081 2028//2028 2078//2078
f 2080//2080 2079//2079 2029//2029
f 2027//2027 2029//2029 2076//2076
f 2076//2076 2029//2029 2079//2079
f 2031//2031 2030//2030 2081//2081
f 2081//2081 2083//2083 2031//2031
f 2032//2032 2031//2031 2083//2083
f 2082//2082 2080//2080 2033//2033
f 2034//2034 2082//2082 2033//2033
f 2084//2084 2082//2082 2034//2034
f 2083//2083 2036//2036 2032//2032
f 2034//2034 2037//2037 2084//2084
f 2084//2084 2037//2037 2086//2086
f 2039//2039 2086//2086 2037//2037
f 2041//2041 2085//2085 2087//2087
f 2088//2088 2133//2133 2039//2039
f 2087//2087 2040//2040 2041//2041
f 1986//1986 2040//2040 2087//2087
f 2089//2089 1986//1986 2087//2087
f 2091//2091 2042//2042 2090//2090
f 2039//2039 2042//2042 2088//2088
f 2088//2088 2042//2042 2091//2091
f 2092//2092 2045//2045 2044//2044
f 2042//2042 2045//2045 2090//2090
f 2093//2093 2138//2138 2046//2046
f 2044//2044 2046//2046 2092//2092
f 2092//2092 2046//2046 2138//2138
f 2048//2048 2136//2136 2094//2094
f 2047//2047 2093//2093 2046//2046
f 2047//2047 2095//2095 2093//2093
f 2094//2094 2049//2049 2048//2048
f 2050//2050 2049//2049 2094//2094
f 2051//2051 2095//2095 2047//2047
f 2051//2051 2096//2096 2095//2095
f 2096//2096 2051//2051 2097//2097
f 2141//2141 2052//2052 2050//2050
f 2143//2143 2052//2052 2141//2141
f 2097//2097 2099//2099 2096//2096
f 2143//2143 2098//2098 2052//2052
f 2053//2053 2099//2099 2097//2097
f 2054//2054 2098//2098 2100//2100
f 2101//2101 2053//2053 2055//2055
f 2099//2099 2053//2053 2101//2101
f 2100//2100 2056//2056 2054//2054
f 2102//2102 2056//2056 2100//2100
f 2055//2055 1997//1997 2103//2103
f 2104//2104 2103//2103 1997//1997
f 2150//2150 2059//2059 2102//2102
f 2059//2059 2150//2150 2105//2105
f 2104//2104 2058//2058 2106//2106
f 2058//2058 2005//2005 2106//2106
f 2105//2105 2060//2060 2059//2059
f 2154//2154 2060//2060 2105//2105
f 2064//2064 2106//2106 2005//2005
f 2063//2063 2060//2060 2154//2154
f 2062//2062 2109//2109 2108//2108
f 2063//2063 2109//2109 2062//2062
f 2157//2157 2107//2107 2065//2065
f 2066//2066 2157//2157 2065//2065
f 2111//2111 2157//2157 2066//2066
f 2111//2111 2066//2066 2110//2110
f 2067//2067 2110//2110 2066//2066
f 2113//2113 2070//2070 2108//2108
f 2113//2113 2108//2108 2109//2109
f 2111//2111 2110//2110 2067//2067
f 2112//2112 2111//2111 2067//2067
f 2115//2115 2067//2067 2068//2068
f 2115//2115 2112//2112 2067//2067
f 2118//2118 2117//2117 2069//2069
f 2118//2118 2069//2069 2113//2113
f 2069//2069 2070//2070 2113//2113
f 2114//2114 2162//2162 2115//2115
f 2119//2119 2115//2115 2116//2116
f 2115//2115 2071//2071 2116//2116
f 2168//2168 2072//2072 2016//2016
f 2117//2117 2168//2168 2016//2016
f 2119//2119 2116//2116 2071//2071
f 2120//2120 2119//2119 2071//2071
f 2021//2021 2122//2122 2022//2022
f 2073//2073 2122//2122 2021//2021
f 2122//2122 2219//2219 2022//2022
f 2022//2022 2124//2124 2123//2123
f 2075//2075 2022//2022 2123//2123
f 2074//2074 2022//2022 2075//2075
f 2073//2073 2077//2077 2121//2121
f 2121//2121 2077//2077 2125//2125
f 2123//2123 2124//2124 2075//2075
f 2124//2124 2078//2078 2075//2075
f 2078//2078 2124//2124 2176//2176
f 2126//2126 2079//2079 2080//2080
f 2076//2076 2079//2079 2125//2125
f 2125//2125 2079//2079 2126//2126
f 2078//2078 2176//2176 2081//2081
f 2081//2081 2176//2176 2179//2179
f 2127//2127 2080//2080 2082//2082
f 2127//2127 2126//2126 2080//2080
f 2179//2179 2083//2083 2081//2081
f 2084//2084 2128//2128 2082//2082
f 2082//2082 2128//2128 2127//2127
f 2180//2180 2085//2085 2083//2083
f 2083//2083 2085//2085 2036//2036
f 2084//2084 2086//2086 2128//2128
f 2128//2128 2086//2086 2129//2129
f 2130//2130 2085//2085 2184//2184
f 2039//2039 2129//2129 2086//2086
f 2039//2039 2131//2131 2129//2129
f 2087//2087 2085//2085 2132//2132
f 2085//2085 2236//2236 2132//2132
f 2085//2085 2130//2130 2236//2236
f 2039//2039 2133//2133 2131//2131
f 2087//2087 2132//2132 2236//2236
f 2188//2188 2087//2087 2236//2236
f 2089//2089 2087//2087 2188//2188
f 2135//2135 2090//2090 2134//2134
f 2091//2091 2090//2090 2135//2135
f 2088//2088 2091//2091 2133//2133
f 2133//2133 2091//2091 2135//2135
f 2188//2188 2136//2136 2089//2089
f 2137//2137 2045//2045 2092//2092
f 2045//2045 2137//2137 2090//2090
f 2092//2092 2138//2138 2137//2137
f 2094//2094 2136//2136 2139//2139
f 2136//2136 2140//2140 2139//2139
f 2136//2136 2189//2189 2140//2140
f 2095//2095 2138//2138 2093//2093
f 2095//2095 2096//2096 2138//2138
f 2094//2094 2139//2139 2140//2140
f 2141//2141 2094//2094 2140//2140
f 2050//2050 2094//2094 2141//2141
f 2142//2142 2096//2096 2144//2144
f 2096//2096 2099//2099 2144//2144
f 2145//2145 2098//2098 2143//2143
f 2100//2100 2098//2098 2145//2145
f 2100//2100 2145//2145 2147//2147
f 2099//2099 2101//2101 2146//2146
f 2147//2147 2102//2102 2100//2100
f 2197//2197 2102//2102 2147//2147
f 2055//2055 2103//2103 2101//2101
f 2103//2103 2148//2148 2101//2101
f 2149//2149 2102//2102 2197//2197
f 2103//2103 2198//2198 2148//2148
f 2149//2149 2150//2150 2102//2102
f 2104//2104 2152//2152 2151//2151
f 2198//2198 2104//2104 2151//2151
f 2103//2103 2104//2104 2198//2198
f 2105//2105 2150//2150 2153//2153
f 2106//2106 2152//2152 2104//2104
f 2153//2153 2154//2154 2105//2105
f 2155//2155 2109//2109 2063//2063
f 2063//2063 2154//2154 2155//2155
f 2156//2156 2064//2064 2107//2107
f 2157//2157 2156//2156 2107//2107
f 2111//2111 2209//2209 2157//2157
f 2160//2160 2159//2159 2111//2111
f 2159//2159 2209//2209 2111//2111
f 2158//2158 2161//2161 2113//2113
f 2158//2158 2113//2113 2109//2109
f 2111//2111 2112//2112 2160//2160
f 2162//2162 2112//2112 2115//2115
f 2113//2113 2164//2164 2163//2163
f 2113//2113 2161//2161 2164//2164
f 2165//2165 2162//2162 2114//2114
f 2165//2165 2114//2114 2115//2115
f 2167//2167 2166//2166 2119//2119
f 2166//2166 2115//2115 2119//2119
f 2166//2166 2165//2165 2115//2115
f 2168//2168 2120//2120 2072//2072
f 2168//2168 2118//2118 2163//2163
f 2117//2117 2118//2118 2168//2168
f 2163//2163 2118//2118 2113//2113
f 2119//2119 2169//2169 2167//2167
f 2169//2169 2119//2119 2120//2120
f 2171//2171 2121//2121 2170//2170
f 2073//2073 2121//2121 2171//2171
f 2073//2073 2219//2219 2122//2122
f 2171//2171 2219//2219 2073//2073
f 2219//2219 2173//2173 2172//2172
f 2022//2022 2219//2219 2172//2172
f 2172//2172 2124//2124 2022//2022
f 2125//2125 2174//2174 2175//2175
f 2220//2220 2125//2125 2175//2175
f 2125//2125 2220//2220 2121//2121
f 2172//2172 2173//2173 2124//2124
f 2173//2173 2223//2223 2124//2124
f 2124//2124 2223//2223 2176//2176
f 2126//2126 2177//2177 2125//2125
f 2177//2177 2174//2174 2125//2125
f 2223//2223 2178//2178 2176//2176
f 2178//2178 2179//2179 2176//2176
f 2126//2126 2127//2127 2177//2177
f 2179//2179 2180//2180 2083//2083
f 2127//2127 2128//2128 2181//2181
f 2179//2179 2182//2182 2180//2180
f 2182//2182 2184//2184 2085//2085
f 2180//2180 2182//2182 2085//2085
f 2183//2183 2128//2128 2129//2129
f 2183//2183 2181//2181 2128//2128
f 2130//2130 2184//2184 2236//2236
f 2129//2129 2131//2131 2183//2183
f 2185//2185 2186//2186 2133//2133
f 2186//2186 2131//2131 2133//2133
f 2187//2187 2188//2188 2236//2236
f 2135//2135 2134//2134 2133//2133
f 2134//2134 2185//2185 2133//2133
f 2242//2242 2137//2137 2249//2249
f 2090//2090 2137//2137 2242//2242
f 2090//2090 2242//2242 2134//2134
f 2188//2188 2189//2189 2136//2136
f 2138//2138 2190//2190 2137//2137
f 2096//2096 2191//2191 2190//2190
f 2096//2096 2190//2190 2138//2138
f 2142//2142 2191//2191 2096//2096
f 2192//2192 2143//2143 2141//2141
f 2192//2192 2141//2141 2140//2140
f 2144//2144 2191//2191 2142//2142
f 2144//2144 2193//2193 2191//2191
f 2250//2250 2143//2143 2192//2192
f 2099//2099 2193//2193 2144//2144
f 2099//2099 2194//2194 2193//2193
f 2195//2195 2145//2145 2143//2143
f 2195//2195 2143//2143 2250//2250
f 2099//2099 2146//2146 2194//2194
f 2195//2195 2197//2197 2147//2147
f 2195//2195 2147//2147 2145//2145
f 2101//2101 2148//2148 2146//2146
f 2148//2148 2196//2196 2146//2146
f 2199//2199 2149//2149 2197//2197
f 2198//2198 2201//2201 2200//2200
f 2150//2150 2199//2199 2202//2202
f 2149//2149 2199//2199 2150//2150
f 2151//2151 2152//2152 2198//2198
f 2152//2152 2201//2201 2198//2198
f 2202//2202 2199//2199 2153//2153
f 2199//2199 2203//2203 2153//2153
f 2202//2202 2153//2153 2150//2150
f 2154//2154 2203//2203 2204//2204
f 2153//2153 2203//2203 2154//2154
f 2064//2064 2205//2205 2261//2261
f 2106//2106 2064//2064 2261//2261
f 2204//2204 2109//2109 2155//2155
f 2204//2204 2206//2206 2109//2109
f 2204//2204 2155//2155 2154//2154
f 2156//2156 2205//2205 2064//2064
f 2156//2156 2157//2157 2207//2207
f 2208//2208 2164//2164 2158//2158
f 2158//2158 2109//2109 2206//2206
f 2158//2158 2206//2206 2208//2208
f 2207//2207 2157//2157 2209//2209
f 2210//2210 2159//2159 2160//2160
f 2210//2210 2209//2209 2159//2159
f 2158//2158 2164//2164 2161//2161
f 2112//2112 2210//2210 2160//2160
f 2112//2112 2162//2162 2210//2210
f 2212//2212 2162//2162 2165//2165
f 2163//2163 2213//2213 2168//2168
f 2163//2163 2214//2214 2213//2213
f 2214//2214 2164//2164 2211//2211
f 2163//2163 2164//2164 2214//2214
f 2165//2165 2215//2215 2212//2212
f 2216//2216 2165//2165 2166//2166
f 2216//2216 2215//2215 2165//2165
f 2216//2216 2166//2166 2167//2167
f 2120//2120 2218//2218 2217//2217
f 2218//2218 2168//2168 2213//2213
f 2120//2120 2168//2168 2218//2218
f 2169//2169 2216//2216 2167//2167
f 2216//2216 2169//2169 2217//2217
f 2217//2217 2169//2169 2120//2120
f 2219//2219 2171//2171 2170//2170
f 2279//2279 2173//2173 2219//2219
f 2220//2220 2221//2221 2121//2121
f 2121//2121 2221//2221 2170//2170
f 2170//2170 2221//2221 2219//2219
f 2219//2219 2221//2221 2279//2279
f 2279//2279 2222//2222 2173//2173
f 2223//2223 2173//2173 2222//2222
f 2177//2177 2224//2224 2174//2174
f 2174//2174 2224//2224 2175//2175
f 2224//2224 2220//2220 2175//2175
f 2220//2220 2225//2225 2221//2221
f 2223//2223 2222//2222 2226//2226
f 2223//2223 2226//2226 2178//2178
f 2227//2227 2228//2228 2127//2127
f 2127//2127 2228//2228 2177//2177
f 2228//2228 2224//2224 2177//2177
f 2229//2229 2231//2231 2179//2179
f 2226//2226 2229//2229 2179//2179
f 2178//2178 2226//2226 2179//2179
f 2181//2181 2230//2230 2127//2127
f 2230//2230 2227//2227 2127//2127
f 2231//2231 2232//2232 2182//2182
f 2179//2179 2231//2231 2182//2182
f 2183//2183 2233//2233 2181//2181
f 2230//2230 2181//2181 2234//2234
f 2234//2234 2181//2181 2233//2233
f 2231//2231 2235//2235 2232//2232
f 2235//2235 2236//2236 2184//2184
f 2232//2232 2235//2235 2184//2184
f 2182//2182 2232//2232 2184//2184
f 2238//2238 2233//2233 2131//2131
f 2131//2131 2233//2233 2183//2183
f 2236//2236 2235//2235 2237//2237
f 2237//2237 2187//2187 2236//2236
f 2186//2186 2238//2238 2131//2131
f 2241//2241 2187//2187 2237//2237
f 2134//2134 2239//2239 2185//2185
f 2185//2185 2239//2239 2186//2186
f 2239//2239 2240//2240 2186//2186
f 2186//2186 2240//2240 2238//2238
f 2241//2241 2188//2188 2187//2187
f 2242//2242 2295//2295 2134//2134
f 2295//2295 2239//2239 2134//2134
f 2246//2246 2189//2189 2188//2188
f 2246//2246 2188//2188 2241//2241
f 2190//2190 2243//2243 2137//2137
f 2243//2243 2249//2249 2137//2137
f 2245//2245 2242//2242 2244//2244
f 2242//2242 2249//2249 2244//2244
f 2242//2242 2245//2245 2295//2295
f 2246//2246 2140//2140 2189//2189
f 2191//2191 2248//2248 2243//2243
f 2191//2191 2243//2243 2190//2190
f 2249//2249 2243//2243 2248//2248
f 2140//2140 2246//2246 2247//2247
f 2250//2250 2140//2140 2247//2247
f 2192//2192 2140//2140 2250//2250
f 2251//2251 2248//2248 2191//2191
f 2193//2193 2194//2194 2191//2191
f 2251//2251 2191//2191 2252//2252
f 2252//2252 2191//2191 2194//2194
f 2303//2303 2195//2195 2250//2250
f 2307//2307 2195//2195 2303//2303
f 2194//2194 2305//2305 2252//2252
f 2194//2194 2146//2146 2196//2196
f 2253//2253 2194//2194 2196//2196
f 2305//2305 2194//2194 2253//2253
f 2195//2195 2254//2254 2197//2197
f 2148//2148 2253//2253 2196//2196
f 2255//2255 2253//2253 2148//2148
f 2197//2197 2254//2254 2257//2257
f 2198//2198 2200//2200 2148//2148
f 2255//2255 2148//2148 2256//2256
f 2256//2256 2148//2148 2200//2200
f 2257//2257 2199//2199 2197//2197
f 2201//2201 2256//2256 2200//2200
f 2257//2257 2203//2203 2199//2199
f 2152//2152 2259//2259 2201//2201
f 2258//2258 2201//2201 2259//2259
f 2106//2106 2261//2261 2259//2259
f 2106//2106 2259//2259 2152//2152
f 2259//2259 2261//2261 2262//2262
f 2260//2260 2206//2206 2204//2204
f 2260//2260 2204//2204 2203//2203
f 2263//2263 2261//2261 2205//2205
f 2262//2262 2261//2261 2263//2263
f 2319//2319 2262//2262 2263//2263
f 2156//2156 2263//2263 2205//2205
f 2207//2207 2265//2265 2156//2156
f 2265//2265 2319//2319 2156//2156
f 2319//2319 2263//2263 2156//2156
f 2268//2268 2267//2267 2206//2206
f 2206//2206 2267//2267 2264//2264
f 2267//2267 2164//2164 2264//2264
f 2164//2164 2208//2208 2264//2264
f 2264//2264 2208//2208 2206//2206
f 2265//2265 2207//2207 2209//2209
f 2265//2265 2209//2209 2266//2266
f 2266//2266 2209//2209 2210//2210
f 2266//2266 2210//2210 2324//2324
f 2270//2270 2269//2269 2210//2210
f 2269//2269 2324//2324 2210//2210
f 2268//2268 2271//2271 2267//2267
f 2271//2271 2211//2211 2267//2267
f 2267//2267 2211//2211 2164//2164
f 2162//2162 2270//2270 2210//2210
f 2270//2270 2162//2162 2212//2212
f 2215//2215 2273//2273 2212//2212
f 2273//2273 2270//2270 2212//2212
f 2275//2275 2274//2274 2273//2273
f 2277//2277 2276//2276 2275//2275
f 2272//2272 2277//2277 2271//2271
f 2277//2277 2213//2213 2271//2271
f 2271//2271 2213//2213 2214//2214
f 2271//2271 2214//2214 2211//2211
f 2273//2273 2215//2215 2216//2216
f 2273//2273 2216//2216 2275//2275
f 2275//2275 2216//2216 2217//2217
f 2275//2275 2217//2217 2277//2277
f 2277//2277 2217//2217 2218//2218
f 2277//2277 2218//2218 2213//2213
f 2278//2278 2279//2279 2221//2221
f 2224//2224 2282//2282 2220//2220
f 2284//2284 2225//2225 2220//2220
f 2284//2284 2220//2220 2282//2282
f 2284//2284 2221//2221 2225//2225
f 2280//2280 2221//2221 2284//2284
f 2221//2221 2280//2280 2278//2278
f 2279//2279 2281//2281 2222//2222
f 2278//2278 2281//2281 2279//2279
f 2281//2281 2226//2226 2222//2222
f 2282//2282 2224//2224 2228//2228
f 2284//2284 2282//2282 2283//2283
f 2281//2281 2285//2285 2229//2229
f 2226//2226 2281//2281 2229//2229
f 2282//2282 2228//2228 2227//2227
f 2230//2230 2282//2282 2227//2227
f 2288//2288 2282//2282 2230//2230
f 2283//2283 2282//2282 2339//2339
f 2282//2282 2288//2288 2339//2339
f 2286//2286 2287//2287 2231//2231
f 2285//2285 2286//2286 2231//2231
f 2229//2229 2285//2285 2231//2231
f 2288//2288 2230//2230 2234//2234
f 2287//2287 2286//2286 2235//2235
f 2231//2231 2287//2287 2235//2235
f 2233//2233 2289//2289 2234//2234
f 2234//2234 2289//2289 2288//2288
f 2235//2235 2286//2286 2290//2290
f 2290//2290 2286//2286 2291//2291
f 2290//2290 2237//2237 2235//2235
f 2238//2238 2289//2289 2233//2233
f 2292//2292 2289//2289 2238//2238
f 2291//2291 2293//2293 2237//2237
f 2290//2290 2291//2291 2237//2237
f 2293//2293 2241//2241 2237//2237
f 2239//2239 2294//2294 2240//2240
f 2240//2240 2294//2294 2238//2238
f 2294//2294 2292//2292 2238//2238
f 2297//2297 2241//2241 2293//2293
f 2300//2300 2239//2239 2295//2295
f 2294//2294 2239//2239 2296//2296
f 2296//2296 2239//2239 2300//2300
f 2297//2297 2246//2246 2241//2241
f 2244//2244 2295//2295 2245//2245
f 2299//2299 2295//2295 2244//2244
f 2300//2300 2295//2295 2299//2299
f 2246//2246 2297//2297 2298//2298
f 2247//2247 2246//2246 2298//2298
f 2248//2248 2301//2301 2249//2249
f 2301//2301 2244//2244 2249//2249
f 2303//2303 2250//2250 2247//2247
f 2251//2251 2301//2301 2248//2248
f 2302//2302 2244//2244 2301//2301
f 2251//2251 2304//2304 2301//2301
f 2251//2251 2252//2252 2304//2304
f 2301//2301 2304//2304 2306//2306
f 2302//2302 2301//2301 2306//2306
f 2366//2366 2307//2307 2303//2303
f 2304//2304 2252//2252 2305//2305
f 2305//2305 2309//2309 2304//2304
f 2306//2306 2304//2304 2309//2309
f 2308//2308 2310//2310 2307//2307
f 2310//2310 2254//2254 2307//2307
f 2307//2307 2254//2254 2195//2195
f 2255//2255 2256//2256 2305//2305
f 2255//2255 2305//2305 2253//2253
f 2305//2305 2311//2311 2309//2309
f 2305//2305 2256//2256 2311//2311
f 2315//2315 2257//2257 2254//2254
f 2315//2315 2254//2254 2310//2310
f 2312//2312 2311//2311 2256//2256
f 2315//2315 2203//2203 2257//2257
f 2256//2256 2201//2201 2258//2258
f 2259//2259 2256//2256 2258//2258
f 2256//2256 2314//2314 2312//2312
f 2256//2256 2259//2259 2314//2314
f 2316//2316 2315//2315 2313//2313
f 2317//2317 2203//2203 2315//2315
f 2259//2259 2318//2318 2314//2314
f 2315//2315 2316//2316 2321//2321
f 2317//2317 2321//2321 2260//2260
f 2315//2315 2321//2321 2317//2317
f 2317//2317 2260//2260 2203//2203
f 2319//2319 2259//2259 2262//2262
f 2318//2318 2259//2259 2319//2319
f 2318//2318 2319//2319 2320//2320
f 2322//2322 2321//2321 2316//2316
f 2323//2323 2206//2206 2260//2260
f 2323//2323 2260//2260 2321//2321
f 2319//2319 2324//2324 2320//2320
f 2320//2320 2328//2328 2325//2325
f 2320//2320 2324//2324 2328//2328
f 2327//2327 2321//2321 2322//2322
f 2323//2323 2321//2321 2206//2206
f 2319//2319 2265//2265 2266//2266
f 2319//2319 2266//2266 2324//2324
f 2328//2328 2324//2324 2269//2269
f 2326//2326 2328//2328 2331//2331
f 2330//2330 2329//2329 2327//2327
f 2321//2321 2329//2329 2268//2268
f 2327//2327 2329//2329 2321//2321
f 2321//2321 2268//2268 2206//2206
f 2328//2328 2269//2269 2270//2270
f 2328//2328 2270//2270 2331//2331
f 2331//2331 2270//2270 2273//2273
f 2389//2389 2332//2332 2333//2333
f 2389//2389 2331//2331 2332//2332
f 2334//2334 2396//2396 2333//2333
f 2330//2330 2334//2334 2329//2329
f 2334//2334 2272//2272 2329//2329
f 2329//2329 2272//2272 2271//2271
f 2329//2329 2271//2271 2268//2268
f 2331//2331 2273//2273 2274//2274
f 2331//2331 2274//2274 2332//2332
f 2332//2332 2274//2274 2275//2275
f 2332//2332 2275//2275 2333//2333
f 2333//2333 2275//2275 2276//2276
f 2333//2333 2276//2276 2334//2334
f 2334//2334 2276//2276 2277//2277
f 2334//2334 2277//2277 2272//2272
f 2335//2335 2280//2280 2284//2284
f 2335//2335 2284//2284 2283//2283
f 2335//2335 2278//2278 2280//2280
f 2342//2342 2281//2281 2278//2278
f 2338//2338 2285//2285 2281//2281
f 2338//2338 2281//2281 2342//2342
f 2341//2341 2283//2283 2339//2339
f 2335//2335 2336//2336 2278//2278
f 2278//2278 2337//2337 2342//2342
f 2278//2278 2336//2336 2337//2337
f 2338//2338 2286//2286 2285//2285
f 2349//2349 2339//2339 2288//2288
f 2341//2341 2339//2339 2340//2340
f 2283//2283 2341//2341 2400//2400
f 2283//2283 2400//2400 2335//2335
f 2335//2335 2400//2400 2336//2336
f 2342//2342 2343//2343 2338//2338
f 2338//2338 2343//2343 2286//2286
f 2349//2349 2288//2288 2289//2289
f 2344//2344 2349//2349 2289//2289
f 2339//2339 2349//2349 2345//2345
f 2339//2339 2345//2345 2340//2340
f 2347//2347 2342//2342 2346//2346
f 2347//2347 2343//2343 2342//2342
f 2343//2343 2347//2347 2350//2350
f 2350//2350 2291//2291 2286//2286
f 2350//2350 2286//2286 2343//2343
f 2292//2292 2344//2344 2289//2289
f 2349//2349 2292//2292 2348//2348
f 2349//2349 2344//2344 2292//2292
f 2351//2351 2350//2350 2347//2347
f 2350//2350 2293//2293 2291//2291
f 2352//2352 2292//2292 2294//2294
f 2348//2348 2292//2292 2352//2352
f 2350//2350 2351//2351 2353//2353
f 2350//2350 2353//2353 2355//2355
f 2355//2355 2297//2297 2293//2293
f 2355//2355 2293//2293 2350//2350
f 2354//2354 2352//2352 2294//2294
f 2355//2355 2353//2353 2351//2351
f 2355//2355 2298//2298 2297//2297
f 2299//2299 2296//2296 2300//2300
f 2294//2294 2296//2296 2356//2356
f 2355//2355 2358//2358 2298//2298
f 2357//2357 2358//2358 2355//2355
f 2358//2358 2247//2247 2298//2298
f 2299//2299 2359//2359 2296//2296
f 2356//2356 2296//2296 2359//2359
f 2357//2357 2247//2247 2358//2358
f 2357//2357 2360//2360 2247//2247
f 2302//2302 2361//2361 2299//2299
f 2302//2302 2299//2299 2244//2244
f 2299//2299 2364//2364 2359//2359
f 2299//2299 2361//2361 2364//2364
f 2360//2360 2362//2362 2247//2247
f 2362//2362 2366//2366 2303//2303
f 2362//2362 2303//2303 2247//2247
f 2306//2306 2363//2363 2361//2361
f 2306//2306 2361//2361 2302//2302
f 2360//2360 2366//2366 2362//2362
f 2360//2360 2365//2365 2366//2366
f 2364//2364 2361//2361 2363//2363
f 2365//2365 2367//2367 2366//2366
f 2367//2367 2308//2308 2307//2307
f 2367//2367 2307//2307 2366//2366
f 2309//2309 2368//2368 2306//2306
f 2306//2306 2369//2369 2363//2363
f 2306//2306 2368//2368 2369//2369
f 2367//2367 2373//2373 2310//2310
f 2365//2365 2373//2373 2367//2367
f 2367//2367 2310//2310 2308//2308
f 2311//2311 2368//2368 2309//2309
f 2369//2369 2368//2368 2370//2370
f 2373//2373 2315//2315 2310//2310
f 2311//2311 2312//2312 2368//2368
f 2368//2368 2372//2372 2370//2370
f 2374//2374 2373//2373 2371//2371
f 2375//2375 2313//2313 2315//2315
f 2375//2375 2315//2315 2373//2373
f 2318//2318 2312//2312 2314//2314
f 2368//2368 2312//2312 2318//2318
f 2372//2372 2368//2368 2376//2376
f 2373//2373 2374//2374 2380//2380
f 2375//2375 2380//2380 2316//2316
f 2373//2373 2380//2380 2375//2375
f 2375//2375 2316//2316 2313//2313
f 2318//2318 2377//2377 2368//2368
f 2368//2368 2378//2378 2376//2376
f 2368//2368 2377//2377 2378//2378
f 2376//2376 2384//2384 2379//2379
f 2376//2376 2378//2378 2384//2384
f 2381//2381 2380//2380 2374//2374
f 2382//2382 2316//2316 2380//2380
f 2383//2383 2318//2318 2320//2320
f 2377//2377 2318//2318 2383//2383
f 2378//2378 2377//2377 2384//2384
f 2386//2386 2380//2380 2381//2381
f 2386//2386 2382//2382 2380//2380
f 2382//2382 2322//2322 2316//2316
f 2325//2325 2383//2383 2320//2320
f 2383//2383 2325//2325 2328//2328
f 2383//2383 2328//2328 2377//2377
f 2377//2377 2328//2328 2326//2326
f 2388//2388 2377//2377 2326//2326
f 2384//2384 2377//2377 2388//2388
f 2384//2384 2388//2388 2389//2389
f 2385//2385 2384//2384 2390//2390
f 2384//2384 2391//2391 2390//2390
f 2384//2384 2389//2389 2391//2391
f 2391//2391 2392//2392 2390//2390
f 2394//2394 2393//2393 2392//2392
f 2393//2393 2394//2394 2387//2387
f 2394//2394 2386//2386 2387//2387
f 2386//2386 2394//2394 2395//2395
f 2382//2382 2395//2395 2327//2327
f 2386//2386 2395//2395 2382//2382
f 2382//2382 2327//2327 2322//2322
f 2331//2331 2388//2388 2326//2326
f 2388//2388 2331//2331 2389//2389
f 2391//2391 2396//2396 2392//2392
f 2392//2392 2397//2397 2394//2394
f 2392//2392 2396//2396 2397//2397
f 2394//2394 2397//2397 2398//2398
f 2395//2395 2398//2398 2330//2330
f 2394//2394 2398//2398 2395//2395
f 2395//2395 2330//2330 2327//2327
f 2333//2333 2391//2391 2389//2389
f 2391//2391 2333//2333 2396//2396
f 2397//2397 2396//2396 2334//2334
f 2397//2397 2334//2334 2398//2398
f 2398//2398 2334//2334 2330//2330
f 2340//2340 2404//2404 2341//2341
f 2399//2399 2400//2400 2341//2341
f 2399//2399 2341//2341 2404//2404
f 2401//2401 2337//2337 2336//2336
f 2401//2401 2336//2336 2400//2400
f 2402//2402 2342//2342 2337//2337
f 2402//2402 2337//2337 2401//2401
f 2402//2402 2346//2346 2342//2342
f 2404//2404 2340//2340 2345//2345
f 2403//2403 2404//2404 2345//2345
f 2399//2399 2405//2405 2400//2400
f 2400//2400 2406//2406 2401//2401
f 2400//2400 2405//2405 2406//2406
f 2402//2402 2407//2407 2346//2346
f 2401//2401 2407//2407 2402//2402
f 2407//2407 2347//2347 2346//2346
f 2403//2403 2345//2345 2349//2349
f 2348//2348 2403//2403 2349//2349
f 2403//2403 2408//2408 2404//2404
f 2404//2404 2409//2409 2399//2399
f 2404//2404 2408//2408 2409//2409
f 2399//2399 2415//2415 2405//2405
f 2399//2399 2409//2409 2415//2415
f 2406//2406 2410//2410 2401//2401
f 2406//2406 2405//2405 2410//2410
f 2401//2401 2411//2411 2407//2407
f 2401//2401 2410//2410 2411//2411
f 2407//2407 2411//2411 2347//2347
f 2411//2411 2351//2351 2347//2347
f 2352//2352 2412//2412 2348//2348
f 2348//2348 2413//2413 2403//2403
f 2348//2348 2412//2412 2413//2413
f 2403//2403 2420//2420 2408//2408
f 2403//2403 2413//2413 2420//2420
f 2415//2415 2408//2408 2414//2414
f 2415//2415 2409//2409 2408//2408
f 2405//2405 2415//2415 2416//2416
f 2417//2417 2405//2405 2416//2416
f 2417//2417 2410//2410 2405//2405
f 2410//2410 2418//2418 2411//2411
f 2410//2410 2417//2417 2418//2418
f 2411//2411 2418//2418 2419//2419
f 2419//2419 2351//2351 2411//2411
f 2354//2354 2412//2412 2352//2352
f 2413//2413 2412//2412 2420//2420
f 2414//2414 2408//2408 2421//2421
f 2408//2408 2420//2420 2421//2421
f 2422//2422 2418//2418 2417//2417
f 2419//2419 2423//2423 2351//2351
f 2418//2418 2423//2423 2419//2419
f 2423//2423 2355//2355 2351//2351
f 2356//2356 2424//2424 2294//2294
f 2424//2424 2354//2354 2294//2294
f 2425//2425 2354//2354 2424//2424
f 2354//2354 2426//2426 2412//2412
f 2354//2354 2425//2425 2426//2426
f 2427//2427 2420//2420 2426//2426
f 2420//2420 2412//2412 2426//2426
f 2420//2420 2427//2427 2421//2421
f 2422//2422 2430//2430 2418//2418
f 2422//2422 2428//2428 2430//2430
f 2418//2418 2431//2431 2423//2423
f 2418//2418 2430//2430 2431//2431
f 2431//2431 2357//2357 2355//2355
f 2431//2431 2355//2355 2423//2423
f 2359//2359 2432//2432 2424//2424
f 2359//2359 2424//2424 2356//2356
f 2433//2433 2426//2426 2425//2425
f 2429//2429 2434//2434 2428//2428
f 2434//2434 2430//2430 2428//2428
f 2430//2430 2360//2360 2357//2357
f 2430//2430 2357//2357 2431//2431
f 2364//2364 2432//2432 2359//2359
f 2432//2432 2435//2435 2424//2424
f 2424//2424 2436//2436 2425//2425
f 2424//2424 2435//2435 2436//2436
f 2433//2433 2425//2425 2436//2436
f 2434//2434 2438//2438 2430//2430
f 2434//2434 2437//2437 2438//2438
f 2438//2438 2360//2360 2430//2430
f 2364//2364 2439//2439 2432//2432
f 2432//2432 2440//2440 2435//2435
f 2432//2432 2439//2439 2440//2440
f 2441//2441 2436//2436 2435//2435
f 2437//2437 2443//2443 2438//2438
f 2437//2437 2442//2442 2443//2443
f 2443//2443 2365//2365 2360//2360
f 2443//2443 2360//2360 2438//2438
f 2363//2363 2444//2444 2439//2439
f 2363//2363 2439//2439 2364//2364
f 2440//2440 2445//2445 2435//2435
f 2440//2440 2439//2439 2445//2445
f 2441//2441 2435//2435 2445//2445
f 2442//2442 2448//2448 2443//2443
f 2442//2442 2446//2446 2448//2448
f 2448//2448 2365//2365 2443//2443
f 2369//2369 2444//2444 2363//2363
f 2444//2444 2449//2449 2439//2439
f 2439//2439 2450//2450 2445//2445
f 2439//2439 2449//2449 2450//2450
f 2452//2452 2451//2451 2447//2447
f 2451//2451 2446//2446 2447//2447
f 2451//2451 2453//2453 2446//2446
f 2446//2446 2454//2454 2448//2448
f 2446//2446 2453//2453 2454//2454
f 2454//2454 2373//2373 2365//2365
f 2454//2454 2365//2365 2448//2448
f 2370//2370 2444//2444 2369//2369
f 2455//2455 2444//2444 2370//2370
f 2449//2449 2444//2444 2455//2455
f 2450//2450 2456//2456 2457//2457
f 2450//2450 2449//2449 2456//2456
f 2459//2459 2458//2458 2452//2452
f 2458//2458 2451//2451 2452//2452
f 2453//2453 2371//2371 2373//2373
f 2453//2453 2373//2373 2454//2454
f 2372//2372 2455//2455 2370//2370
f 2455//2455 2460//2460 2449//2449
f 2449//2449 2461//2461 2456//2456
f 2449//2449 2460//2460 2461//2461
f 2457//2457 2456//2456 2502//2502
f 2463//2463 2462//2462 2456//2456
f 2456//2456 2462//2462 2502//2502
f 2463//2463 2464//2464 2462//2462
f 2464//2464 2458//2458 2459//2459
f 2464//2464 2465//2465 2458//2458
f 2458//2458 2465//2465 2466//2466
f 2458//2458 2467//2467 2451//2451
f 2458//2458 2466//2466 2467//2467
f 2453//2453 2467//2467 2374//2374
f 2451//2451 2467//2467 2453//2453
f 2453//2453 2374//2374 2371//2371
f 2376//2376 2455//2455 2372//2372
f 2468//2468 2455//2455 2376//2376
f 2460//2460 2455//2455 2468//2468
f 2461//2461 2469//2469 2456//2456
f 2461//2461 2460//2460 2469//2469
f 2456//2456 2469//2469 2463//2463
f 2463//2463 2470//2470 2464//2464
f 2464//2464 2471//2471 2465//2465
f 2464//2464 2470//2470 2471//2471
f 2466//2466 2374//2374 2467//2467
f 2379//2379 2468//2468 2376//2376
f 2468//2468 2379//2379 2384//2384
f 2472//2472 2468//2468 2384//2384
f 2460//2460 2468//2468 2472//2472
f 2460//2460 2472//2472 2469//2469
f 2469//2469 2473//2473 2463//2463
f 2463//2463 2477//2477 2470//2470
f 2463//2463 2473//2473 2477//2477
f 2471//2471 2474//2474 2465//2465
f 2471//2471 2470//2470 2474//2474
f 2466//2466 2474//2474 2381//2381
f 2465//2465 2474//2474 2466//2466
f 2466//2466 2381//2381 2374//2374
f 2385//2385 2472//2472 2384//2384
f 2475//2475 2472//2472 2385//2385
f 2469//2469 2472//2472 2475//2475
f 2469//2469 2476//2476 2473//2473
f 2469//2469 2475//2475 2476//2476
f 2473//2473 2476//2476 2477//2477
f 2470//2470 2477//2477 2387//2387
f 2470//2470 2387//2387 2386//2386
f 2470//2470 2386//2386 2474//2474
f 2474//2474 2386//2386 2381//2381
f 2390//2390 2475//2475 2385//2385
f 2475//2475 2390//2390 2392//2392
f 2475//2475 2392//2392 2476//2476
f 2476//2476 2392//2392 2393//2393
f 2476//2476 2393//2393 2477//2477
f 2477//2477 2393//2393 2387//2387
f 2414//2414 2478//2478 2415//2415
f 2480//2480 2416//2416 2415//2415
f 2480//2480 2415//2415 2478//2478
f 2480//2480 2417//2417 2416//2416
f 2421//2421 2478//2478 2414//2414
f 2479//2479 2478//2478 2421//2421
f 2478//2478 2479//2479 2480//2480
f 2481//2481 2422//2422 2417//2417
f 2480//2480 2481//2481 2417//2417
f 2481//2481 2428//2428 2422//2422
f 2426//2426 2482//2482 2427//2427
f 2482//2482 2421//2421 2427//2427
f 2483//2483 2421//2421 2482//2482
f 2421//2421 2483//2483 2479//2479
f 2479//2479 2484//2484 2480//2480
f 2480//2480 2485//2485 2481//2481
f 2480//2480 2484//2484 2485//2485
f 2485//2485 2429//2429 2428//2428
f 2485//2485 2428//2428 2481//2481
f 2433//2433 2482//2482 2426//2426
f 2483//2483 2486//2486 2479//2479
f 2483//2483 2482//2482 2486//2486
f 2479//2479 2487//2487 2484//2484
f 2479//2479 2486//2486 2487//2487
f 2485//2485 2434//2434 2429//2429
f 2485//2485 2437//2437 2434//2434
f 2436//2436 2488//2488 2433//2433
f 2433//2433 2489//2489 2482//2482
f 2433//2433 2488//2488 2489//2489
f 2482//2482 2490//2490 2486//2486
f 2482//2482 2489//2489 2490//2490
f 2487//2487 2491//2491 2484//2484
f 2487//2487 2486//2486 2491//2491
f 2484//2484 2492//2492 2485//2485
f 2484//2484 2491//2491 2492//2492
f 2492//2492 2442//2442 2437//2437
f 2492//2492 2437//2437 2485//2485
f 2441//2441 2488//2488 2436//2436
f 2490//2490 2493//2493 2486//2486
f 2490//2490 2489//2489 2493//2493
f 2486//2486 2494//2494 2491//2491
f 2486//2486 2493//2493 2494//2494
f 2491//2491 2446//2446 2442//2442
f 2491//2491 2442//2442 2492//2492
f 2445//2445 2495//2495 2441//2441
f 2441//2441 2496//2496 2488//2488
f 2441//2441 2495//2495 2496//2496
f 2488//2488 2497//2497 2489//2489
f 2488//2488 2496//2496 2497//2497
f 2489//2489 2498//2498 2493//2493
f 2489//2489 2497//2497 2498//2498
f 2494//2494 2499//2499 2491//2491
f 2494//2494 2493//2493 2499//2499
f 2499//2499 2447//2447 2446//2446
f 2499//2499 2446//2446 2491//2491
f 2450//2450 2500//2500 2495//2495
f 2450//2450 2495//2495 2445//2445
f 2498//2498 2501//2501 2493//2493
f 2498//2498 2497//2497 2501//2501
f 2499//2499 2501//2501 2452//2452
f 2493//2493 2501//2501 2499//2499
f 2499//2499 2452//2452 2447//2447
f 2457//2457 2500//2500 2450//2450
f 2502//2502 2500//2500 2457//2457
f 2495//2495 2500//2500 2502//2502
f 2495//2495 2503//2503 2496//2496
f 2495//2495 2502//2502 2503//2503
f 2496//2496 2504//2504 2497//2497
f 2496//2496 2503//2503 2504//2504
f 2501//2501 2504//2504 2459//2459
f 2497//2497 2504//2504 2501//2501
f 2501//2501 2459//2459 2452//2452
f 2502//2502 2462//2462 2503//2503
f 2503//2503 2462//2462 2464//2464
f 2503//2503 2464//2464 2504//2504
f 2504//2504 2464//2464 2459//2459
