mtllib journalist_arm_r.mtl
o sleeve
usemtl sleeve
v -0.0506 -0.0215 -0.0008
v -0.0505 -0.0173 -0.0075
v -0.0509 -0.0124 0.0097
v -0.0498 -0.0144 0.0128
v -0.0510 -0.0006 -0.0118
v -0.0524 0.0006 -0.0003
v -0.0512 0.0047 0.0121
v -0.0503 0.0090 -0.0107
v -0.0505 0.0147 -0.0009
v -0.0437 -0.0709 -0.0013
v -0.0441 -0.0619 -0.0089
v -0.0438 -0.0684 0.0075
v -0.0435 -0.0621 0.0145
v -0.0429 -0.0513 -0.0174
v -0.0437 -0.0384 0.0223
v -0.0441 -0.0517 -0.0150
v -0.0491 -0.0370 0.0027
v -0.0499 -0.0246 0.0073
v -0.0471 -0.0230 -0.0166
v -0.0423 -0.0059 0.0302
v -0.0450 -0.0154 0.0242
v -0.0455 -0.0104 -0.0240
v -0.0490 -0.0118 0.0165
v -0.0456 -0.0015 -0.0252
v -0.0466 -0.0009 0.0240
v -0.0496 0.0096 -0.0130
v -0.0470 0.0138 0.0181
v -0.0434 0.0171 0.0241
v -0.0437 0.0127 -0.0253
v -0.0435 0.0221 -0.0183
v -0.0434 0.0274 -0.0097
v -0.0472 0.0203 0.0112
v -0.0448 0.0269 -0.0053
v -0.0407 0.0314 0.0112
v -0.0370 -0.1051 0.0019
v -0.0364 -0.1102 0.0079
v -0.0362 -0.1037 -0.0071
v -0.0392 -0.0932 0.0070
v -0.0363 -0.0897 0.0218
v -0.0391 -0.0941 0.0005
v -0.0416 -0.0740 0.0140
v -0.0387 -0.0880 -0.0097
v -0.0432 -0.0721 0.0083
v -0.0362 -0.0811 0.0250
v -0.0377 -0.0717 -0.0203
v -0.0416 -0.0713 -0.0103
v -0.0360 -0.0748 0.0270
v -0.0355 -0.0649 -0.0261
v -0.0412 -0.0642 -0.0155
v -0.0418 -0.0575 0.0210
v -0.0335 -0.0595 0.0341
v -0.0366 -0.0652 -0.0245
v -0.0427 -0.0460 0.0229
v -0.0353 -0.0472 0.0328
v -0.0353 -0.0441 0.0334
v -0.0369 -0.0409 -0.0301
v -0.0415 -0.0363 -0.0242
v -0.0403 -0.0363 0.0281
v -0.0429 -0.0261 -0.0245
v -0.0367 -0.0302 -0.0323
v -0.0359 -0.0108 -0.0369
v -0.0365 0.0030 -0.0372
v -0.0420 0.0082 0.0303
v -0.0319 0.0122 -0.0406
v -0.0361 0.0244 -0.0285
v -0.0367 0.0238 0.0291
v -0.0349 0.0269 0.0279
v -0.0366 0.0305 -0.0209
v -0.0343 0.0318 0.0240
v -0.0372 0.0348 -0.0119
v -0.0289 -0.1503 0.0132
v -0.0270 -0.1429 0.0239
v -0.0291 -0.1357 -0.0104
v -0.0319 -0.1295 0.0143
v -0.0290 -0.1397 0.0196
v -0.0296 -0.1240 -0.0150
v -0.0314 -0.1344 -0.0019
v -0.0336 -0.1235 0.0039
v -0.0296 -0.1152 0.0269
v -0.0342 -0.1069 -0.0106
v -0.0340 -0.1147 -0.0058
v -0.0345 -0.1100 0.0170
v -0.0308 -0.1046 -0.0201
v -0.0313 -0.1037 0.0275
v -0.0279 -0.0858 -0.0302
v -0.0340 -0.0992 -0.0155
v -0.0359 -0.0874 -0.0174
v -0.0290 -0.0943 0.0326
v -0.0319 -0.0791 -0.0268
v -0.0318 -0.0792 0.0319
v -0.0306 -0.0623 -0.0325
v -0.0281 -0.0589 0.0388
v -0.0303 -0.0483 -0.0358
v -0.0298 -0.0493 0.0382
v -0.0291 -0.0416 -0.0379
v -0.0305 -0.0316 -0.0382
v -0.0296 -0.0361 0.0396
v -0.0342 -0.0256 0.0370
v -0.0325 -0.0031 -0.0406
v -0.0331 -0.0078 0.0396
v -0.0356 0.0006 0.0381
v -0.0315 0.0102 -0.0402
v -0.0308 0.0104 0.0408
v -0.0295 0.0335 -0.0270
v -0.0259 0.0254 -0.0378
v -0.0301 0.0278 0.0324
v -0.0338 0.0352 -0.0178
v -0.0338 0.0358 0.0175
v -0.0370 0.0375 -0.0067
v -0.0309 0.0417 0.0074
v -0.0268 0.0444 0.0033
v -0.0233 -0.1912 0.0045
v -0.0220 -0.1970 0.0138
v -0.0221 -0.1930 -0.0026
v -0.0223 -0.1800 0.0227
v -0.0243 -0.1586 -0.0128
v -0.0265 -0.1682 0.0037
v -0.0240 -0.1836 0.0123
v -0.0203 -0.1567 -0.0215
v -0.0297 -0.1458 -0.0008
v -0.0284 -0.1551 0.0015
v -0.0240 -0.1712 0.0224
v -0.0247 -0.1348 -0.0203
v -0.0212 -0.1417 0.0346
v -0.0219 -0.1359 -0.0245
v -0.0275 -0.1386 -0.0131
v -0.0212 -0.1404 0.0355
v -0.0247 -0.1129 -0.0267
v -0.0216 -0.1102 -0.0311
v -0.0243 -0.0948 0.0377
v -0.0260 -0.0789 -0.0334
v -0.0216 -0.0741 -0.0380
v -0.0274 -0.0721 -0.0339
v -0.0205 -0.0676 -0.0398
v -0.0267 -0.0491 0.0406
v -0.0227 -0.0422 0.0437
v -0.0238 -0.0216 -0.0445
v -0.0222 -0.0250 -0.0451
v -0.0235 -0.0241 0.0446
v -0.0234 -0.0158 0.0454
v -0.0202 -0.0048 -0.0488
v -0.0243 0.0024 -0.0465
v -0.0199 0.0163 -0.0460
v -0.0168 0.0146 0.0475
v -0.0281 0.0207 0.0388
v -0.0188 0.0284 0.0396
v -0.0226 0.0326 -0.0340
v -0.0237 0.0355 0.0301
v -0.0225 0.0417 -0.0215
v -0.0238 0.0433 -0.0162
v -0.0283 0.0423 0.0123
v -0.0150 -0.2948 0.0065
v -0.0153 -0.2924 -0.0005
v -0.0178 -0.2812 0.0156
v -0.0192 -0.2723 -0.0058
v -0.0151 -0.2833 0.0239
v -0.0130 -0.2581 -0.0218
v -0.0210 -0.2655 0.0140
v -0.0160 -0.2669 0.0306
v -0.0157 -0.2491 -0.0170
v -0.0188 -0.2619 -0.0098
v -0.0218 -0.2673 0.0102
v -0.0223 -0.2552 0.0057
v -0.0193 -0.2567 0.0249
v -0.0165 -0.2433 -0.0151
v -0.0214 -0.2485 -0.0019
v -0.0183 -0.2360 0.0259
v -0.0156 -0.2257 0.0291
v -0.0210 -0.2274 0.0050
v -0.0202 -0.2297 0.0164
v -0.0159 -0.2131 -0.0124
v -0.0170 -0.2200 -0.0104
v -0.0206 -0.2101 0.0111
v -0.0166 -0.2152 0.0263
v -0.0207 -0.2103 0.0059
v -0.0149 -0.1954 0.0326
v -0.0149 -0.2007 -0.0172
v -0.0206 -0.1989 -0.0035
v -0.0214 -0.1914 0.0201
v -0.0162 -0.2011 -0.0149
v -0.0152 -0.1935 0.0324
v -0.0219 -0.1800 -0.0100
v -0.0133 -0.1911 0.0355
v -0.0203 -0.1743 0.0286
v -0.0152 -0.1717 -0.0242
v -0.0204 -0.1692 -0.0169
v -0.0132 -0.1592 -0.0295
v -0.0176 -0.1725 -0.0204
v -0.0170 -0.1594 0.0368
v -0.0134 -0.1555 0.0410
v -0.0191 -0.1478 -0.0250
v -0.0151 -0.1478 0.0404
v -0.0150 -0.1488 -0.0299
v -0.0164 -0.1322 -0.0318
v -0.0112 -0.1331 0.0456
v -0.0113 -0.1260 -0.0374
v -0.0217 -0.1149 0.0381
v -0.0222 -0.1037 0.0387
v -0.0179 -0.1041 -0.0360
v -0.0173 -0.0888 -0.0385
v -0.0267 -0.0765 0.0381
v -0.0120 -0.0716 -0.0437
v -0.0132 -0.0664 0.0471
v -0.0139 -0.0560 0.0473
v -0.0151 -0.0514 -0.0451
v -0.0192 -0.0361 -0.0451
v -0.0201 -0.0231 0.0465
v -0.0084 -0.0286 -0.0502
v -0.0146 -0.0297 0.0483
v -0.0208 0.0023 0.0478
v -0.0152 -0.0151 -0.0493
v -0.0158 0.0017 -0.0503
v -0.0143 0.0229 -0.0458
v -0.0192 0.0153 0.0462
v -0.0195 0.0419 0.0238
v -0.0130 0.0354 0.0360
v -0.0134 0.0462 -0.0187
v -0.0178 0.0491 -0.0009
v -0.0092 0.0428 0.0276
v -0.0083 -0.3264 -0.0008
v -0.0080 -0.3233 0.0113
v -0.0083 -0.3148 -0.0076
v -0.0085 -0.3162 0.0138
v -0.0090 -0.3112 -0.0077
v -0.0139 -0.2988 0.0055
v -0.0109 -0.3085 0.0104
v -0.0076 -0.3052 0.0243
v -0.0081 -0.2972 -0.0175
v -0.0131 -0.2881 -0.0127
v -0.0135 -0.2884 -0.0103
v -0.0088 -0.2930 0.0304
v -0.0079 -0.2825 -0.0240
v -0.0131 -0.2748 -0.0180
v -0.0096 -0.2781 0.0369
v -0.0081 -0.2736 0.0404
v -0.0074 -0.2687 -0.0282
v -0.0131 -0.2682 0.0355
v -0.0068 -0.2620 -0.0292
v -0.0120 -0.2486 0.0390
v -0.0117 -0.2429 0.0384
v -0.0081 -0.2299 -0.0261
v -0.0086 -0.2262 -0.0241
v -0.0088 -0.2225 0.0384
v -0.0091 -0.2137 -0.0229
v -0.0099 -0.2018 -0.0235
v -0.0043 -0.2029 0.0424
v -0.0115 -0.1780 -0.0268
v -0.0085 -0.1873 -0.0277
v -0.0081 -0.1749 -0.0307
v -0.0074 -0.1773 0.0433
v -0.0048 -0.1524 -0.0373
v -0.0137 -0.1607 0.0401
v -0.0093 -0.1499 0.0452
v -0.0107 -0.1522 -0.0330
v -0.0106 -0.1425 0.0453
v -0.0074 -0.1365 -0.0383
v -0.0083 -0.1325 -0.0383
v -0.0099 -0.1142 -0.0397
v -0.0071 -0.1078 0.0487
v -0.0086 -0.1048 -0.0413
v -0.0185 -0.1007 0.0423
v -0.0052 -0.0928 -0.0441
v -0.0097 -0.0956 0.0479
v -0.0117 -0.0874 -0.0419
v -0.0107 -0.0832 0.0474
v -0.0118 -0.0772 0.0476
v -0.0110 -0.0642 -0.0451
v -0.0154 -0.0664 0.0460
v -0.0044 -0.0643 -0.0470
v -0.0082 -0.0417 -0.0485
v -0.0060 -0.0290 0.0507
v -0.0096 -0.0129 -0.0514
v -0.0070 -0.0207 0.0511
v -0.0120 -0.0014 0.0506
v -0.0104 0.0044 -0.0523
v -0.0043 0.0101 -0.0526
v -0.0065 0.0200 0.0482
v -0.0173 0.0319 -0.0387
v -0.0054 0.0277 -0.0451
v -0.0083 0.0247 0.0452
v -0.0098 0.0347 -0.0383
v -0.0144 0.0404 -0.0299
v -0.0071 0.0423 -0.0294
v -0.0122 0.0496 -0.0083
v -0.0129 0.0445 0.0239
v -0.0074 0.0495 0.0099
v -0.0012 -0.4212 -0.0037
v -0.0010 -0.4159 0.0041
v -0.0012 -0.4092 -0.0106
v -0.0012 -0.3979 0.0111
v -0.0029 -0.3930 0.0007
v -0.0016 -0.3950 -0.0119
v -0.0021 -0.3743 0.0140
v -0.0048 -0.3655 0.0041
v -0.0052 -0.3600 0.0009
v -0.0006 -0.3645 0.0196
v -0.0009 -0.3588 -0.0173
v -0.0040 -0.3528 -0.0096
v -0.0015 -0.3567 0.0193
v -0.0015 -0.3468 -0.0175
v -0.0037 -0.3574 0.0131
v -0.0023 -0.3564 -0.0147
v -0.0069 -0.3400 0.0004
v -0.0017 -0.3349 0.0239
v -0.0073 -0.3303 -0.0033
v -0.0078 -0.3284 0.0101
v -0.0061 -0.3250 -0.0100
v -0.0030 -0.3200 -0.0182
v -0.0066 -0.3163 -0.0113
v -0.0063 -0.3130 0.0224
v -0.0025 -0.3065 -0.0223
v -0.0019 -0.3078 -0.0225
v 0.0001 -0.3117 0.0325
v -0.0015 -0.3072 0.0327
v -0.0044 -0.2954 -0.0236
v -0.0014 -0.2952 0.0388
v -0.0011 -0.2836 -0.0310
v -0.0026 -0.2778 0.0451
v -0.0035 -0.2513 -0.0322
v 0.0001 -0.2407 -0.0343
v -0.0044 -0.2374 0.0455
v -0.0013 -0.2268 -0.0311
v -0.0031 -0.2229 -0.0291
v -0.0032 -0.2197 0.0434
v -0.0059 -0.2144 0.0412
v -0.0079 -0.2109 0.0386
v -0.0006 -0.2060 -0.0310
v -0.0027 -0.1945 -0.0312
v -0.0024 -0.1901 0.0452
v -0.0027 -0.1878 -0.0322
v -0.0037 -0.1911 0.0441
v -0.0024 -0.1663 -0.0362
v -0.0036 -0.1649 0.0474
v 0.0018 -0.1640 0.0501
v -0.0048 -0.1454 0.0484
v -0.0057 -0.1419 -0.0384
v -0.0015 -0.1374 -0.0411
v 0.0039 -0.1313 0.0526
v -0.0087 -0.1115 0.0479
v 0.0047 -0.1234 0.0528
v 0.0015 -0.1225 -0.0439
v -0.0002 -0.1014 -0.0451
v -0.0014 -0.0908 -0.0455
v 0.0087 -0.0669 -0.0486
v 0.0029 -0.0574 -0.0488
v 0.0017 -0.0357 -0.0509
v -0.0008 -0.0240 -0.0519
v -0.0074 -0.0087 -0.0523
v 0.0027 -0.0138 -0.0529
v 0.0016 -0.0026 -0.0536
v -0.0043 -0.0005 0.0520
v 0.0029 0.0198 -0.0496
v 0.0023 0.0218 0.0477
v 0.0022 0.0286 -0.0452
v -0.0010 0.0343 0.0388
v 0.0038 0.0408 0.0309
v -0.0030 0.0459 -0.0238
v -0.0041 0.0478 0.0180
v -0.0011 0.0505 -0.0031
v -0.0036 0.0505 0.0038
v 0.0057 -0.5256 -0.0056
v 0.0053 -0.5221 -0.0167
v 0.0059 -0.5183 -0.0005
v 0.0049 -0.5036 -0.0156
v 0.0055 -0.5155 -0.0023
v 0.0054 -0.5009 -0.0178
v 0.0047 -0.4997 -0.0100
v 0.0052 -0.4921 0.0001
v 0.0054 -0.4936 -0.0179
v 0.0055 -0.4798 -0.0192
v 0.0041 -0.4832 -0.0077
v 0.0058 -0.4874 0.0034
v 0.0047 -0.4821 -0.0000
v 0.0052 -0.4765 -0.0184
v 0.0044 -0.4714 0.0028
v 0.0029 -0.4646 -0.0061
v 0.0057 -0.4641 0.0087
v 0.0050 -0.4642 -0.0192
v 0.0059 -0.4600 0.0105
v 0.0015 -0.4510 -0.0034
v 0.0049 -0.4643 0.0062
v 0.0060 -0.4455 0.0147
v 0.0060 -0.4457 -0.0245
v 0.0024 -0.4415 -0.0163
v 0.0007 -0.4406 -0.0051
v 0.0002 -0.4342 -0.0030
v 0.0006 -0.4316 0.0041
v 0.0054 -0.4327 -0.0248
v 0.0002 -0.4332 -0.0088
v 0.0056 -0.4327 0.0179
v 0.0010 -0.4293 -0.0138
v 0.0024 -0.4294 0.0115
v 0.0056 -0.4264 0.0194
v 0.0050 -0.4185 -0.0254
v -0.0005 -0.4144 -0.0114
v 0.0048 -0.4085 -0.0257
v 0.0010 -0.4126 -0.0169
v 0.0000 -0.4112 0.0115
v 0.0068 -0.3908 -0.0290
v 0.0007 -0.4009 -0.0175
v -0.0000 -0.3959 0.0147
v 0.0047 -0.3993 0.0234
v 0.0070 -0.4024 0.0256
v 0.0005 -0.3904 -0.0179
v 0.0058 -0.3950 0.0255
v 0.0051 -0.3879 -0.0263
v 0.0003 -0.3799 -0.0182
v 0.0019 -0.3789 0.0217
v 0.0060 -0.3687 0.0287
v 0.0075 -0.3611 -0.0292
v 0.0002 -0.3729 -0.0183
v 0.0007 -0.3683 0.0212
v 0.0037 -0.3720 -0.0244
v 0.0062 -0.3638 0.0299
v 0.0049 -0.3586 -0.0259
v 0.0033 -0.3493 0.0281
v 0.0046 -0.3437 -0.0261
v 0.0048 -0.3443 0.0307
v 0.0043 -0.3340 -0.0263
v -0.0024 -0.3284 0.0249
v 0.0076 -0.3297 -0.0301
v 0.0050 -0.3301 0.0333
v 0.0026 -0.3101 -0.0270
v -0.0017 -0.3175 0.0286
v 0.0066 -0.3116 0.0390
v 0.0086 -0.3108 -0.0319
v 0.0058 -0.3038 -0.0312
v 0.0043 -0.2981 -0.0314
v 0.0014 -0.3013 0.0388
v 0.0078 -0.2820 -0.0378
v 0.0045 -0.2731 -0.0373
v 0.0063 -0.2753 -0.0382
v 0.0047 -0.2739 0.0518
v 0.0056 -0.2685 -0.0385
v -0.0026 -0.2631 0.0490
v 0.0055 -0.2605 -0.0388
v 0.0050 -0.2510 -0.0384
v 0.0014 -0.2536 0.0522
v 0.0118 -0.2397 -0.0409
v 0.0041 -0.2448 0.0531
v 0.0024 -0.2252 0.0483
v 0.0014 -0.2201 -0.0322
v 0.0025 -0.2137 -0.0326
v 0.0036 -0.2155 0.0477
v 0.0095 -0.2128 -0.0359
v 0.0061 -0.2031 -0.0349
v 0.0029 -0.1909 -0.0350
v 0.0015 -0.1824 0.0483
v 0.0015 -0.1717 -0.0374
v -0.0002 -0.1597 -0.0386
v 0.0071 -0.1789 -0.0386
v 0.0091 -0.1794 0.0513
v 0.0090 -0.1468 -0.0436
v 0.0097 -0.1448 -0.0440
v 0.0030 -0.1365 0.0522
v 0.0064 -0.1378 0.0532
v 0.0061 -0.1235 -0.0452
v 0.0061 -0.1231 -0.0452
v 0.0088 -0.1018 -0.0465
v 0.0051 -0.1040 0.0521
v 0.0018 -0.0900 -0.0463
v 0.0126 -0.0790 -0.0476
v 0.0036 -0.0672 0.0509
v -0.0001 -0.0544 0.0508
v 0.0087 -0.0371 -0.0507
v 0.0051 -0.0313 0.0517
v 0.0101 -0.0331 -0.0508
v 0.0061 -0.0231 -0.0521
v 0.0086 -0.0169 -0.0525
v 0.0033 -0.0176 0.0520
v 0.0061 -0.0001 -0.0533
v 0.0060 -0.0003 0.0520
v 0.0114 0.0049 -0.0528
v -0.0006 0.0076 0.0519
v 0.0097 0.0181 0.0481
v 0.0057 0.0244 0.0456
v 0.0052 0.0300 -0.0435
v 0.0096 0.0352 -0.0384
v 0.0055 0.0338 0.0386
v 0.0057 0.0370 -0.0369
v 0.0002 0.0410 -0.0327
v 0.0022 0.0425 -0.0303
v 0.0101 0.0427 -0.0283
v 0.0017 0.0484 -0.0175
v 0.0079 0.0471 0.0176
v 0.0030 0.0479 0.0174
v 0.0070 0.0492 -0.0121
v 0.0054 0.0496 0.0087
v 0.0128 -0.5408 -0.0180
v 0.0114 -0.5400 -0.0127
v 0.0144 -0.5426 -0.0037
v 0.0123 -0.5386 0.0006
v 0.0111 -0.5348 -0.0241
v 0.0057 -0.5276 -0.0086
v 0.0125 -0.5330 0.0077
v 0.0153 -0.5239 -0.0369
v 0.0083 -0.5253 -0.0243
v 0.0068 -0.5267 -0.0179
v 0.0099 -0.5264 0.0077
v 0.0106 -0.5214 -0.0308
v 0.0123 -0.5197 0.0129
v 0.0078 -0.5129 -0.0247
v 0.0082 -0.4967 0.0077
v 0.0107 -0.5065 -0.0306
v 0.0121 -0.5004 -0.0321
v 0.0080 -0.4989 -0.0245
v 0.0115 -0.5048 0.0128
v 0.0111 -0.4943 -0.0305
v 0.0093 -0.4867 0.0114
v 0.0108 -0.4948 0.0133
v 0.0122 -0.4800 -0.0316
v 0.0080 -0.4779 -0.0247
v 0.0132 -0.4818 0.0178
v 0.0110 -0.4750 -0.0302
v 0.0070 -0.4675 0.0107
v 0.0127 -0.4724 0.0185
v 0.0110 -0.4700 -0.0302
v 0.0080 -0.4600 0.0144
v 0.0133 -0.4571 0.0223
v 0.0113 -0.4487 -0.0317
v 0.0074 -0.4569 -0.0253
v 0.0124 -0.4441 -0.0333
v 0.0073 -0.4496 -0.0260
v 0.0108 -0.4526 0.0203
v 0.0135 -0.4475 0.0246
v 0.0113 -0.4275 -0.0331
v 0.0144 -0.4343 0.0279
v 0.0101 -0.4326 0.0239
v 0.0111 -0.4174 -0.0332
v 0.0109 -0.4160 0.0281
v 0.0109 -0.4097 -0.0331
v 0.0105 -0.4135 0.0281
v 0.0107 -0.4016 -0.0329
v 0.0047 -0.4070 0.0223
v 0.0116 -0.4043 0.0305
v 0.0106 -0.3827 -0.0323
v 0.0130 -0.4035 0.0321
v 0.0108 -0.3734 -0.0321
v 0.0121 -0.3837 0.0332
v 0.0111 -0.3560 -0.0319
v 0.0100 -0.3573 0.0339
v 0.0136 -0.3500 -0.0338
v 0.0075 -0.3491 0.0327
v 0.0089 -0.3431 0.0347
v 0.0110 -0.3387 -0.0320
v 0.0180 -0.3557 0.0394
v 0.0106 -0.3246 -0.0322
v 0.0123 -0.3305 0.0392
v 0.0068 -0.3170 -0.0302
v 0.0080 -0.3187 0.0386
v 0.0081 -0.3142 0.0395
v 0.0161 -0.3067 -0.0367
v 0.0135 -0.3025 0.0470
v 0.0078 -0.2938 0.0469
v 0.0076 -0.2936 0.0471
v 0.0124 -0.2898 -0.0385
v 0.0178 -0.2892 0.0535
v 0.0086 -0.2819 -0.0381
v 0.0207 -0.2795 -0.0434
v 0.0146 -0.2857 0.0535
v 0.0048 -0.2776 0.0510
v 0.0060 -0.2710 0.0534
v 0.0163 -0.2710 -0.0430
v 0.0213 -0.2616 -0.0449
v 0.0128 -0.2520 -0.0418
v 0.0171 -0.2531 0.0594
v 0.0102 -0.2336 -0.0389
v 0.0091 -0.2420 0.0552
v 0.0119 -0.2255 -0.0383
v 0.0112 -0.2249 0.0528
v 0.0182 -0.2180 -0.0392
v 0.0133 -0.2173 0.0522
v 0.0073 -0.2058 0.0492
v 0.0114 -0.1962 -0.0377
v 0.0134 -0.1993 -0.0380
v 0.0126 -0.1967 -0.0380
v 0.0128 -0.1936 0.0515
v 0.0153 -0.1632 -0.0425
v 0.0115 -0.1677 0.0529
v 0.0096 -0.1567 -0.0425
v 0.0066 -0.1476 0.0530
v 0.0084 -0.1455 0.0534
v 0.0104 -0.1452 0.0538
v 0.0098 -0.1358 -0.0449
v 0.0085 -0.1285 -0.0452
v 0.0165 -0.1343 -0.0455
v 0.0131 -0.1157 -0.0462
v 0.0084 -0.1146 0.0531
v 0.0178 -0.1208 0.0536
v 0.0063 -0.1035 0.0525
v 0.0142 -0.1098 0.0531
v 0.0163 -0.0991 -0.0466
v 0.0152 -0.0872 -0.0469
v 0.0137 -0.1007 0.0526
v 0.0061 -0.0767 0.0515
v 0.0099 -0.0587 -0.0487
v 0.0093 -0.0558 0.0509
v 0.0206 -0.0389 -0.0483
v 0.0060 -0.0292 0.0518
v 0.0228 -0.0230 -0.0485
v 0.0132 -0.0177 0.0507
v 0.0124 -0.0109 -0.0524
v 0.0057 -0.0048 0.0524
v 0.0127 0.0077 -0.0523
v 0.0108 0.0106 -0.0523
v 0.0123 0.0205 0.0465
v 0.0117 0.0257 -0.0455
v 0.0100 0.0275 -0.0448
v 0.0189 0.0274 0.0399
v 0.0123 0.0319 0.0387
v 0.0121 0.0393 -0.0321
v 0.0119 0.0398 0.0298
v 0.0129 0.0440 -0.0238
v 0.0159 0.0455 -0.0176
v 0.0123 0.0488 -0.0084
v 0.0085 0.0504 -0.0017
v 0.0097 0.0485 0.0108
v 0.0109 0.0494 -0.0036
v 0.0193 -0.5468 -0.0209
v 0.0167 -0.5460 -0.0128
v 0.0208 -0.5483 -0.0031
v 0.0188 -0.5460 0.0006
v 0.0203 -0.5409 -0.0313
v 0.0182 -0.5422 -0.0271
v 0.0185 -0.5391 0.0105
v 0.0217 -0.5386 0.0144
v 0.0199 -0.5337 -0.0372
v 0.0151 -0.5337 0.0107
v 0.0193 -0.5268 -0.0395
v 0.0184 -0.5207 0.0193
v 0.0178 -0.5060 -0.0387
v 0.0213 -0.5199 0.0221
v 0.0175 -0.5020 0.0200
v 0.0191 -0.4953 -0.0390
v 0.0172 -0.4960 0.0203
v 0.0206 -0.4871 -0.0399
v 0.0209 -0.4806 -0.0400
v 0.0184 -0.4836 0.0225
v 0.0193 -0.4722 -0.0386
v 0.0201 -0.4643 -0.0393
v 0.0206 -0.4592 -0.0398
v 0.0168 -0.4602 0.0249
v 0.0186 -0.4410 -0.0389
v 0.0193 -0.4486 0.0289
v 0.0245 -0.4352 0.0344
v 0.0199 -0.4183 -0.0403
v 0.0189 -0.4257 0.0332
v 0.0178 -0.4149 -0.0389
v 0.0180 -0.4214 0.0333
v 0.0190 -0.4003 -0.0392
v 0.0162 -0.4120 0.0334
v 0.0194 -0.3866 -0.0388
v 0.0192 -0.3921 0.0371
v 0.0198 -0.3740 -0.0382
v 0.0165 -0.3904 0.0358
v 0.0244 -0.3706 -0.0398
v 0.0185 -0.3719 0.0384
v 0.0202 -0.3662 -0.0379
v 0.0162 -0.3648 0.0376
v 0.0231 -0.3520 -0.0385
v 0.0234 -0.3358 -0.0383
v 0.0180 -0.3419 0.0408
v 0.0191 -0.3309 -0.0365
v 0.0190 -0.3203 -0.0367
v 0.0231 -0.3162 -0.0384
v 0.0153 -0.3155 0.0434
v 0.0147 -0.3086 0.0450
v 0.0167 -0.3004 -0.0381
v 0.0228 -0.2885 -0.0420
v 0.0165 -0.2699 0.0582
v 0.0229 -0.2652 -0.0449
v 0.0245 -0.2678 0.0606
v 0.0216 -0.2650 0.0604
v 0.0097 -0.2566 0.0571
v 0.0210 -0.2487 0.0600
v 0.0222 -0.2418 -0.0434
v 0.0244 -0.2401 -0.0434
v 0.0200 -0.2309 0.0565
v 0.0173 -0.2166 -0.0387
v 0.0181 -0.2084 -0.0384
v 0.0168 -0.2103 0.0523
v 0.0229 -0.2030 -0.0390
v 0.0192 -0.2022 0.0523
v 0.0173 -0.1923 -0.0393
v 0.0228 -0.1799 -0.0409
v 0.0231 -0.1884 0.0530
v 0.0204 -0.1855 0.0530
v 0.0128 -0.1670 0.0532
v 0.0128 -0.1620 0.0535
v 0.0231 -0.1662 -0.0424
v 0.0168 -0.1565 0.0541
v 0.0222 -0.1487 -0.0441
v 0.0278 -0.1456 -0.0436
v 0.0200 -0.1400 0.0541
v 0.0211 -0.1317 -0.0454
v 0.0137 -0.1308 0.0541
v 0.0221 -0.1210 -0.0457
v 0.0196 -0.1135 0.0531
v 0.0103 -0.0891 0.0524
v 0.0197 -0.0741 0.0499
v 0.0230 -0.0664 -0.0460
v 0.0240 -0.0606 -0.0459
v 0.0168 -0.0530 0.0497
v 0.0161 -0.0437 -0.0490
v 0.0202 -0.0460 0.0488
v 0.0224 -0.0256 0.0479
v 0.0199 -0.0125 0.0487
v 0.0168 -0.0043 -0.0515
v 0.0208 -0.0011 -0.0502
v 0.0268 0.0077 -0.0466
v 0.0165 0.0077 0.0490
v 0.0183 0.0139 0.0470
v 0.0203 0.0160 0.0454
v 0.0183 0.0209 -0.0462
v 0.0199 0.0314 0.0358
v 0.0199 0.0315 -0.0381
v 0.0218 0.0347 0.0310
v 0.0181 0.0419 -0.0249
v 0.0184 0.0410 0.0242
v 0.0158 0.0482 -0.0049
v 0.0149 0.0484 0.0040
v 0.0187 0.0438 0.0171
v 0.0267 -0.5532 -0.0111
v 0.0268 -0.5531 -0.0071
v 0.0281 -0.5464 -0.0323
v 0.0233 -0.5471 -0.0265
v 0.0260 -0.5518 -0.0171
v 0.0262 -0.5493 0.0039
v 0.0250 -0.5473 0.0076
v 0.0269 -0.5396 -0.0383
v 0.0256 -0.5448 0.0111
v 0.0266 -0.5390 0.0183
v 0.0200 -0.5309 0.0182
v 0.0203 -0.5265 0.0199
v 0.0269 -0.5212 -0.0455
v 0.0249 -0.5132 -0.0443
v 0.0257 -0.5084 0.0255
v 0.0278 -0.5088 -0.0456
v 0.0223 -0.5020 -0.0418
v 0.0221 -0.4897 0.0248
v 0.0310 -0.4836 -0.0452
v 0.0223 -0.4813 0.0258
v 0.0196 -0.4733 0.0250
v 0.0322 -0.4655 -0.0451
v 0.0233 -0.4713 0.0278
v 0.0202 -0.4482 -0.0398
v 0.0251 -0.4502 0.0322
v 0.0269 -0.4463 -0.0429
v 0.0238 -0.4463 0.0321
v 0.0323 -0.4430 -0.0450
v 0.0198 -0.4351 0.0320
v 0.0307 -0.4314 -0.0444
v 0.0241 -0.4177 -0.0421
v 0.0269 -0.4060 -0.0426
v 0.0268 -0.4081 0.0392
v 0.0226 -0.3939 0.0388
v 0.0306 -0.4033 -0.0436
v 0.0304 -0.4034 0.0405
v 0.0267 -0.3849 -0.0413
v 0.0218 -0.3784 0.0395
v 0.0308 -0.3956 0.0412
v 0.0318 -0.3811 -0.0423
v 0.0230 -0.3659 0.0408
v 0.0239 -0.3589 -0.0389
v 0.0303 -0.3585 0.0432
v 0.0281 -0.3465 -0.0397
v 0.0253 -0.3290 -0.0387
v 0.0205 -0.3371 0.0425
v 0.0268 -0.3246 0.0458
v 0.0247 -0.3180 0.0464
v 0.0322 -0.3222 -0.0398
v 0.0203 -0.3111 0.0466
v 0.0305 -0.3083 -0.0400
v 0.0329 -0.3005 -0.0412
v 0.0316 -0.3008 0.0518
v 0.0267 -0.2961 0.0528
v 0.0247 -0.2914 0.0543
v 0.0301 -0.2719 -0.0453
v 0.0235 -0.2604 0.0608
v 0.0251 -0.2545 -0.0450
v 0.0249 -0.2527 0.0609
v 0.0277 -0.2517 -0.0451
v 0.0236 -0.2423 0.0596
v 0.0312 -0.2433 0.0602
v 0.0268 -0.2310 -0.0420
v 0.0215 -0.2314 0.0571
v 0.0305 -0.2170 -0.0396
v 0.0217 -0.2143 0.0536
v 0.0306 -0.2101 -0.0389
v 0.0299 -0.2128 0.0536
v 0.0261 -0.2052 0.0528
v 0.0327 -0.2016 -0.0385
v 0.0251 -0.1739 0.0533
v 0.0307 -0.1715 -0.0407
v 0.0239 -0.1610 0.0538
v 0.0270 -0.1355 0.0532
v 0.0260 -0.1303 -0.0448
v 0.0256 -0.1331 0.0534
v 0.0252 -0.1242 -0.0450
v 0.0300 -0.1250 0.0516
v 0.0313 -0.1216 -0.0430
v 0.0230 -0.1224 0.0532
v 0.0247 -0.1194 -0.0453
v 0.0272 -0.1121 0.0512
v 0.0301 -0.1002 -0.0434
v 0.0276 -0.0911 -0.0443
v 0.0235 -0.1020 0.0513
v 0.0241 -0.0880 -0.0454
v 0.0258 -0.0758 -0.0449
v 0.0283 -0.0671 -0.0441
v 0.0203 -0.0696 0.0496
v 0.0290 -0.0573 -0.0438
v 0.0256 -0.0546 0.0470
v 0.0266 -0.0539 -0.0452
v 0.0273 -0.0389 0.0459
v 0.0259 -0.0281 -0.0468
v 0.0266 -0.0258 0.0460
v 0.0265 -0.0191 0.0459
v 0.0287 -0.0073 -0.0462
v 0.0242 -0.0100 0.0470
v 0.0209 0.0014 0.0484
v 0.0264 0.0118 -0.0458
v 0.0260 0.0169 -0.0444
v 0.0247 0.0140 0.0440
v 0.0248 0.0282 -0.0380
v 0.0253 0.0247 0.0379
v 0.0240 0.0350 -0.0314
v 0.0269 0.0354 -0.0281
v 0.0251 0.0329 0.0305
v 0.0240 0.0419 -0.0186
v 0.0266 0.0423 -0.0132
v 0.0247 0.0417 0.0157
v 0.0272 0.0422 0.0093
v 0.0255 0.0438 0.0034
v 0.0346 -0.5535 -0.0243
v 0.0313 -0.5541 -0.0189
v 0.0380 -0.5560 -0.0063
v 0.0329 -0.5538 0.0006
v 0.0332 -0.5474 -0.0337
v 0.0294 -0.5479 0.0103
v 0.0334 -0.5458 0.0154
v 0.0309 -0.5334 -0.0440
v 0.0325 -0.5321 -0.0454
v 0.0345 -0.5362 0.0241
v 0.0365 -0.5333 0.0258
v 0.0374 -0.5260 -0.0479
v 0.0289 -0.5247 0.0256
v 0.0303 -0.5247 0.0263
v 0.0378 -0.5163 -0.0489
v 0.0410 -0.5081 0.0307
v 0.0322 -0.4909 -0.0459
v 0.0331 -0.4771 -0.0455
v 0.0334 -0.4712 -0.0454
v 0.0333 -0.4765 0.0313
v 0.0338 -0.4593 -0.0453
v 0.0275 -0.4575 0.0320
v 0.0333 -0.4698 0.0322
v 0.0357 -0.4579 -0.0457
v 0.0376 -0.4613 0.0341
v 0.0338 -0.4409 0.0363
v 0.0348 -0.4323 -0.0453
v 0.0314 -0.4266 0.0381
v 0.0365 -0.4231 -0.0451
v 0.0286 -0.4131 0.0391
v 0.0354 -0.4224 0.0393
v 0.0310 -0.4127 0.0397
v 0.0335 -0.4118 -0.0444
v 0.0337 -0.3759 -0.0420
v 0.0339 -0.3742 0.0427
v 0.0381 -0.3737 -0.0421
v 0.0386 -0.3706 -0.0417
v 0.0380 -0.3507 -0.0405
v 0.0308 -0.3453 0.0444
v 0.0417 -0.3468 -0.0401
v 0.0314 -0.3361 0.0454
v 0.0339 -0.3289 -0.0397
v 0.0333 -0.3308 0.0459
v 0.0373 -0.3259 -0.0397
v 0.0303 -0.3214 0.0467
v 0.0307 -0.2889 -0.0429
v 0.0248 -0.2796 0.0584
v 0.0409 -0.2781 -0.0437
v 0.0353 -0.2656 -0.0452
v 0.0316 -0.2605 0.0613
v 0.0346 -0.2529 -0.0451
v 0.0317 -0.2502 -0.0450
v 0.0334 -0.2417 0.0598
v 0.0364 -0.2428 -0.0438
v 0.0382 -0.2178 -0.0386
v 0.0328 -0.2100 0.0529
v 0.0332 -0.1974 -0.0386
v 0.0330 -0.1823 -0.0393
v 0.0298 -0.1801 0.0526
v 0.0365 -0.1783 -0.0385
v 0.0300 -0.1705 0.0528
v 0.0281 -0.1671 0.0534
v 0.0377 -0.1650 -0.0389
v 0.0297 -0.1486 -0.0426
v 0.0256 -0.1494 0.0539
v 0.0312 -0.1479 0.0524
v 0.0381 -0.1417 0.0493
v 0.0308 -0.1041 0.0493
v 0.0339 -0.1121 -0.0417
v 0.0329 -0.1000 0.0478
v 0.0336 -0.0911 -0.0414
v 0.0271 -0.0985 0.0500
v 0.0339 -0.0891 0.0460
v 0.0340 -0.0785 -0.0412
v 0.0294 -0.0808 0.0472
v 0.0334 -0.0701 -0.0413
v 0.0320 -0.0755 0.0454
v 0.0286 -0.0608 0.0461
v 0.0305 -0.0572 0.0448
v 0.0280 -0.0474 0.0458
v 0.0280 -0.0394 -0.0453
v 0.0313 -0.0498 -0.0429
v 0.0305 -0.0435 0.0442
v 0.0372 -0.0382 -0.0394
v 0.0364 -0.0247 -0.0406
v 0.0313 -0.0170 -0.0442
v 0.0329 -0.0195 0.0418
v 0.0333 -0.0017 -0.0431
v 0.0281 -0.0034 0.0445
v 0.0314 0.0001 -0.0442
v 0.0389 0.0051 -0.0371
v 0.0340 0.0061 0.0393
v 0.0319 0.0186 -0.0392
v 0.0361 0.0141 -0.0373
v 0.0377 0.0204 -0.0318
v 0.0320 0.0165 0.0377
v 0.0339 0.0239 0.0312
v 0.0322 0.0285 -0.0311
v 0.0360 0.0288 -0.0254
v 0.0330 0.0348 -0.0208
v 0.0342 0.0339 0.0177
v 0.0340 0.0332 0.0197
v 0.0322 0.0312 0.0259
v 0.0342 0.0362 -0.0151
v 0.0281 0.0425 -0.0062
v 0.0310 0.0408 -0.0039
v 0.0303 0.0410 0.0035
v 0.0332 0.0374 0.0106
v 0.0444 -0.5549 -0.0240
v 0.0409 -0.5560 -0.0174
v 0.0388 -0.5534 0.0060
v 0.0401 -0.5465 -0.0372
v 0.0426 -0.5496 0.0130
v 0.0405 -0.5429 -0.0403
v 0.0445 -0.5430 0.0204
v 0.0394 -0.5313 -0.0467
v 0.0336 -0.5187 0.0284
v 0.0448 -0.5088 -0.0491
v 0.0381 -0.4986 -0.0478
v 0.0386 -0.5041 0.0303
v 0.0348 -0.4953 0.0303
v 0.0442 -0.4910 -0.0476
v 0.0324 -0.4780 0.0311
v 0.0428 -0.4858 0.0321
v 0.0366 -0.4759 0.0323
v 0.0384 -0.4759 0.0326
v 0.0450 -0.4562 -0.0458
v 0.0451 -0.4543 -0.0457
v 0.0347 -0.4308 0.0384
v 0.0356 -0.4299 -0.0453
v 0.0406 -0.4197 -0.0452
v 0.0412 -0.4171 -0.0449
v 0.0337 -0.4110 0.0405
v 0.0411 -0.3991 -0.0438
v 0.0411 -0.3889 -0.0431
v 0.0373 -0.3538 0.0442
v 0.0413 -0.3425 0.0447
v 0.0405 -0.3278 0.0461
v 0.0444 -0.3219 -0.0388
v 0.0400 -0.3215 0.0467
v 0.0342 -0.3122 0.0488
v 0.0444 -0.3088 -0.0389
v 0.0401 -0.3073 0.0493
v 0.0446 -0.2986 -0.0397
v 0.0374 -0.2864 0.0560
v 0.0438 -0.2842 -0.0420
v 0.0370 -0.2703 0.0602
v 0.0404 -0.2658 -0.0447
v 0.0393 -0.2610 -0.0448
v 0.0409 -0.2662 0.0602
v 0.0394 -0.2582 0.0607
v 0.0480 -0.2547 -0.0423
v 0.0370 -0.2502 0.0606
v 0.0400 -0.2480 0.0600
v 0.0412 -0.2313 -0.0406
v 0.0412 -0.2311 0.0562
v 0.0365 -0.2210 0.0547
v 0.0406 -0.2167 -0.0378
v 0.0400 -0.2167 0.0528
v 0.0426 -0.2118 -0.0363
v 0.0489 -0.2009 -0.0324
v 0.0461 -0.2003 -0.0339
v 0.0452 -0.1906 -0.0341
v 0.0372 -0.1863 0.0507
v 0.0431 -0.1752 0.0481
v 0.0451 -0.1767 -0.0344
v 0.0449 -0.1627 -0.0349
v 0.0335 -0.1554 0.0520
v 0.0400 -0.1489 -0.0385
v 0.0391 -0.1401 -0.0392
v 0.0398 -0.1351 0.0479
v 0.0394 -0.1309 -0.0391
v 0.0407 -0.1223 0.0463
v 0.0396 -0.1198 0.0466
v 0.0408 -0.1222 -0.0383
v 0.0416 -0.1057 0.0432
v 0.0447 -0.1125 -0.0349
v 0.0378 -0.1102 0.0465
v 0.0402 -0.1020 -0.0380
v 0.0396 -0.0844 -0.0378
v 0.0361 -0.0936 0.0453
v 0.0395 -0.0897 0.0424
v 0.0441 -0.0754 -0.0337
v 0.0397 -0.0696 -0.0373
v 0.0412 -0.0729 0.0392
v 0.0397 -0.0630 -0.0372
v 0.0404 -0.0626 0.0386
v 0.0394 -0.0516 -0.0374
v 0.0397 -0.0486 -0.0372
v 0.0395 -0.0451 0.0379
v 0.0411 -0.0338 -0.0361
v 0.0358 -0.0342 0.0403
v 0.0392 -0.0325 0.0374
v 0.0436 -0.0239 -0.0335
v 0.0393 -0.0211 0.0365
v 0.0351 -0.0139 0.0398
v 0.0462 -0.0050 -0.0286
v 0.0386 -0.0050 0.0360
v 0.0340 0.0041 0.0394
v 0.0414 0.0060 0.0313
v 0.0400 0.0120 -0.0337
v 0.0406 0.0167 0.0280
v 0.0416 0.0207 0.0234
v 0.0360 0.0201 0.0314
v 0.0400 0.0246 -0.0246
v 0.0408 0.0270 0.0169
v 0.0361 0.0259 0.0261
v 0.0407 0.0279 -0.0182
v 0.0390 0.0329 -0.0101
v 0.0396 0.0333 -0.0029
v 0.0396 0.0330 0.0041
v 0.0398 0.0312 0.0108
v 0.0517 -0.5535 -0.0252
v 0.0447 -0.5568 -0.0096
v 0.0473 -0.5546 0.0028
v 0.0547 -0.5487 0.0123
v 0.0469 -0.5450 -0.0386
v 0.0487 -0.5369 0.0246
v 0.0474 -0.5346 -0.0457
v 0.0474 -0.5245 -0.0486
v 0.0446 -0.5255 0.0289
v 0.0512 -0.5139 -0.0488
v 0.0485 -0.4916 0.0315
v 0.0486 -0.4862 -0.0470
v 0.0506 -0.4776 0.0324
v 0.0472 -0.4683 0.0335
v 0.0440 -0.4512 0.0358
v 0.0447 -0.4386 -0.0453
v 0.0513 -0.4466 -0.0443
v 0.0480 -0.4413 0.0364
v 0.0451 -0.4246 -0.0448
v 0.0444 -0.4217 0.0392
v 0.0499 -0.4116 0.0392
v 0.0438 -0.4058 0.0408
v 0.0452 -0.4091 -0.0440
v 0.0440 -0.3980 0.0413
v 0.0482 -0.3923 -0.0420
v 0.0432 -0.3827 0.0423
v 0.0486 -0.3717 -0.0402
v 0.0479 -0.3643 -0.0399
v 0.0439 -0.3751 0.0425
v 0.0449 -0.3559 0.0434
v 0.0475 -0.3540 -0.0394
v 0.0532 -0.3589 0.0409
v 0.0465 -0.3316 -0.0386
v 0.0490 -0.3301 0.0440
v 0.0500 -0.3289 -0.0376
v 0.0462 -0.3181 0.0461
v 0.0493 -0.3125 -0.0373
v 0.0457 -0.3060 0.0484
v 0.0476 -0.3038 -0.0382
v 0.0390 -0.2984 0.0523
v 0.0466 -0.2860 0.0541
v 0.0503 -0.2817 -0.0402
v 0.0438 -0.2583 0.0599
v 0.0525 -0.2445 -0.0393
v 0.0378 -0.2365 0.0587
v 0.0444 -0.2357 -0.0407
v 0.0473 -0.2270 0.0533
v 0.0503 -0.2333 -0.0380
v 0.0454 -0.2248 0.0534
v 0.0553 -0.2165 -0.0308
v 0.0448 -0.2102 0.0499
v 0.0407 -0.2044 0.0506
v 0.0377 -0.2017 0.0514
v 0.0484 -0.1928 0.0459
v 0.0505 -0.1861 -0.0307
v 0.0512 -0.1752 -0.0300
v 0.0469 -0.1725 0.0458
v 0.0451 -0.1661 0.0468
v 0.0457 -0.1529 0.0455
v 0.0456 -0.1481 0.0452
v 0.0455 -0.1483 -0.0347
v 0.0454 -0.1422 0.0449
v 0.0439 -0.1359 -0.0361
v 0.0437 -0.1264 -0.0361
v 0.0450 -0.1312 0.0441
v 0.0479 -0.1131 0.0391
v 0.0466 -0.1123 -0.0331
v 0.0477 -0.0912 0.0356
v 0.0456 -0.1020 -0.0335
v 0.0489 -0.0985 -0.0299
v 0.0455 -0.1057 0.0401
v 0.0474 -0.0836 -0.0307
v 0.0492 -0.0928 -0.0291
v 0.0444 -0.0929 0.0391
v 0.0409 -0.0758 0.0397
v 0.0457 -0.0809 0.0361
v 0.0484 -0.0719 -0.0288
v 0.0471 -0.0749 0.0336
v 0.0489 -0.0700 0.0307
v 0.0479 -0.0695 0.0319
v 0.0474 -0.0616 -0.0295
v 0.0475 -0.0532 -0.0290
v 0.0476 -0.0467 -0.0287
v 0.0471 -0.0491 0.0302
v 0.0496 -0.0367 -0.0252
v 0.0467 -0.0369 0.0294
v 0.0474 -0.0331 -0.0283
v 0.0434 -0.0167 -0.0335
v 0.0467 -0.0227 0.0278
v 0.0485 -0.0164 0.0237
v 0.0431 -0.0151 0.0317
v 0.0474 -0.0049 -0.0259
v 0.0471 -0.0102 0.0254
v 0.0431 -0.0088 0.0308
v 0.0427 0.0069 -0.0319
v 0.0471 0.0054 0.0221
v 0.0486 0.0109 -0.0195
v 0.0476 0.0127 -0.0201
v 0.0466 0.0102 0.0212
v 0.0482 0.0131 0.0158
v 0.0432 0.0180 0.0226
v 0.0426 0.0180 -0.0266
v 0.0451 0.0219 -0.0166
v 0.0477 0.0204 -0.0090
v 0.0485 0.0203 -0.0050
v 0.0483 0.0199 0.0041
v 0.0484 0.0190 0.0077
v 0.0435 0.0271 -0.0100
v 0.0440 0.0271 0.0040
v 0.0563 -0.5538 -0.0199
v 0.0527 -0.5550 0.0009
v 0.0513 -0.5537 0.0046
v 0.0585 -0.5485 -0.0304
v 0.0572 -0.5468 -0.0329
v 0.0573 -0.5406 -0.0392
v 0.0535 -0.5409 0.0213
v 0.0558 -0.5298 -0.0459
v 0.0551 -0.5335 -0.0441
v 0.0519 -0.5286 0.0277
v 0.0509 -0.5171 -0.0488
v 0.0536 -0.5239 0.0287
v 0.0543 -0.4903 -0.0462
v 0.0523 -0.4781 0.0321
v 0.0516 -0.4718 -0.0457
v 0.0588 -0.4820 -0.0441
v 0.0519 -0.4667 0.0332
v 0.0494 -0.4562 -0.0453
v 0.0523 -0.4561 -0.0446
v 0.0592 -0.4586 -0.0420
v 0.0456 -0.4263 0.0388
v 0.0581 -0.4294 -0.0405
v 0.0510 -0.4223 0.0377
v 0.0582 -0.4218 -0.0401
v 0.0497 -0.4154 0.0389
v 0.0574 -0.4113 -0.0398
v 0.0547 -0.4063 -0.0406
v 0.0542 -0.3907 -0.0397
v 0.0528 -0.4019 0.0388
v 0.0549 -0.3807 0.0392
v 0.0514 -0.3915 0.0400
v 0.0538 -0.3785 -0.0390
v 0.0585 -0.3744 -0.0362
v 0.0514 -0.3727 0.0409
v 0.0589 -0.3691 -0.0356
v 0.0533 -0.3695 -0.0385
v 0.0506 -0.3386 -0.0376
v 0.0591 -0.3439 -0.0338
v 0.0518 -0.3355 0.0427
v 0.0554 -0.3378 -0.0354
v 0.0544 -0.3299 -0.0354
v 0.0545 -0.3274 0.0421
v 0.0598 -0.3127 -0.0319
v 0.0509 -0.3092 0.0460
v 0.0540 -0.3068 0.0451
v 0.0587 -0.3020 -0.0329
v 0.0520 -0.2915 -0.0379
v 0.0610 -0.2950 -0.0320
v 0.0523 -0.2841 0.0525
v 0.0562 -0.2752 0.0528
v 0.0538 -0.2731 -0.0395
v 0.0452 -0.2681 0.0591
v 0.0571 -0.2697 -0.0381
v 0.0522 -0.2660 0.0562
v 0.0553 -0.2497 -0.0385
v 0.0520 -0.2505 0.0564
v 0.0587 -0.2453 -0.0356
v 0.0511 -0.2442 0.0559
v 0.0534 -0.2388 -0.0377
v 0.0550 -0.2403 0.0533
v 0.0513 -0.2333 0.0533
v 0.0596 -0.2324 0.0483
v 0.0559 -0.2206 -0.0312
v 0.0515 -0.2182 0.0487
v 0.0540 -0.2103 -0.0299
v 0.0538 -0.2110 0.0452
v 0.0567 -0.1964 -0.0255
v 0.0519 -0.2017 0.0443
v 0.0534 -0.1944 0.0422
v 0.0585 -0.1846 -0.0228
v 0.0491 -0.1800 0.0447
v 0.0533 -0.1741 0.0406
v 0.0552 -0.1709 0.0385
v 0.0529 -0.1634 -0.0280
v 0.0513 -0.1532 -0.0296
v 0.0553 -0.1524 0.0361
v 0.0539 -0.1602 0.0387
v 0.0501 -0.1433 0.0412
v 0.0509 -0.1315 -0.0292
v 0.0535 -0.1328 0.0359
v 0.0517 -0.1242 -0.0280
v 0.0532 -0.1404 -0.0271
v 0.0480 -0.1138 0.0391
v 0.0498 -0.1149 -0.0300
v 0.0520 -0.1212 0.0358
v 0.0551 -0.1244 0.0323
v 0.0558 -0.1236 -0.0223
v 0.0552 -0.1103 0.0293
v 0.0555 -0.1223 -0.0229
v 0.0504 -0.1033 -0.0283
v 0.0553 -0.0999 -0.0209
v 0.0542 -0.1078 0.0304
v 0.0546 -0.0952 -0.0216
v 0.0540 -0.1011 0.0294
v 0.0547 -0.0929 -0.0212
v 0.0533 -0.0876 0.0276
v 0.0554 -0.0854 0.0235
v 0.0500 -0.0851 0.0318
v 0.0546 -0.0789 -0.0197
v 0.0540 -0.0687 -0.0198
v 0.0521 -0.0540 -0.0218
v 0.0547 -0.0625 0.0197
v 0.0555 -0.0579 -0.0146
v 0.0537 -0.0648 0.0221
v 0.0478 -0.0526 0.0298
v 0.0552 -0.0557 -0.0151
v 0.0510 -0.0508 0.0244
v 0.0549 -0.0469 -0.0144
v 0.0550 -0.0412 0.0132
v 0.0505 -0.0438 0.0241
v 0.0547 -0.0355 -0.0128
v 0.0544 -0.0429 0.0157
v 0.0500 -0.0367 0.0239
v 0.0507 -0.0199 -0.0213
v 0.0552 -0.0325 -0.0098
v 0.0551 -0.0273 0.0068
v 0.0521 -0.0257 0.0174
v 0.0549 -0.0297 -0.0106
v 0.0550 -0.0278 0.0082
v 0.0550 -0.0182 -0.0018
v 0.0531 -0.0240 0.0140
v 0.0497 -0.0251 0.0227
v 0.0523 0.0091 -0.0057
v 0.0544 -0.0127 0.0012
v 0.0499 -0.0040 -0.0205
v 0.0517 -0.0020 0.0114
v 0.0507 0.0069 -0.0143
v 0.0516 0.0072 -0.0115
v 0.0519 0.0053 0.0065
v 0.0499 -0.0031 0.0176
v 0.0492 0.0104 0.0149
v 0.0505 0.0140 -0.0029
v 0.0576 -0.5546 -0.0127
v 0.0660 -0.5505 -0.0035
v 0.0640 -0.5506 -0.0180
v 0.0614 -0.5520 -0.0013
v 0.0630 -0.5493 0.0041
v 0.0642 -0.5428 -0.0321
v 0.0640 -0.5270 0.0241
v 0.0601 -0.5247 -0.0455
v 0.0648 -0.5323 -0.0401
v 0.0593 -0.5309 0.0249
v 0.0623 -0.5207 -0.0452
v 0.0579 -0.4995 -0.0460
v 0.0660 -0.5020 -0.0420
v 0.0585 -0.5139 0.0282
v 0.0581 -0.4954 0.0293
v 0.0579 -0.4861 -0.0448
v 0.0654 -0.4990 -0.0421
v 0.0590 -0.4951 0.0290
v 0.0567 -0.4709 0.0316
v 0.0650 -0.4675 -0.0395
v 0.0584 -0.4647 0.0314
v 0.0585 -0.4746 -0.0436
v 0.0594 -0.4586 0.0314
v 0.0548 -0.4626 0.0329
v 0.0641 -0.4397 -0.0377
v 0.0610 -0.4371 0.0322
v 0.0610 -0.4283 -0.0388
v 0.0586 -0.4310 0.0339
v 0.0639 -0.4205 -0.0359
v 0.0609 -0.4117 0.0339
v 0.0604 -0.4112 -0.0379
v 0.0586 -0.3983 0.0362
v 0.0600 -0.3998 -0.0372
v 0.0620 -0.3841 0.0347
v 0.0566 -0.3775 -0.0376
v 0.0586 -0.3599 -0.0351
v 0.0586 -0.3665 0.0380
v 0.0624 -0.3527 0.0361
v 0.0608 -0.3501 -0.0330
v 0.0589 -0.3421 0.0390
v 0.0605 -0.3298 -0.0321
v 0.0608 -0.3305 0.0386
v 0.0605 -0.3228 -0.0317
v 0.0637 -0.3239 -0.0293
v 0.0597 -0.3228 0.0398
v 0.0623 -0.3130 0.0387
v 0.0533 -0.3158 0.0440
v 0.0630 -0.3053 -0.0295
v 0.0569 -0.3016 0.0450
v 0.0526 -0.2931 0.0498
v 0.0614 -0.2880 -0.0327
v 0.0616 -0.2861 0.0463
v 0.0577 -0.2783 -0.0368
v 0.0627 -0.2827 0.0464
v 0.0584 -0.2715 0.0521
v 0.0648 -0.2664 -0.0326
v 0.0582 -0.2575 0.0538
v 0.0622 -0.2552 -0.0345
v 0.0593 -0.2513 0.0527
v 0.0610 -0.2432 0.0500
v 0.0605 -0.2355 -0.0323
v 0.0627 -0.2351 -0.0301
v 0.0663 -0.2329 -0.0262
v 0.0624 -0.2335 0.0465
v 0.0617 -0.2250 -0.0278
v 0.0597 -0.2204 0.0439
v 0.0612 -0.2095 -0.0232
v 0.0614 -0.2104 0.0385
v 0.0624 -0.2028 -0.0199
v 0.0604 -0.1913 -0.0208
v 0.0590 -0.1954 0.0372
v 0.0624 -0.1817 -0.0168
v 0.0600 -0.1846 0.0344
v 0.0565 -0.1833 0.0383
v 0.0576 -0.1735 -0.0229
v 0.0623 -0.1824 0.0308
v 0.0622 -0.1751 -0.0161
v 0.0617 -0.1764 0.0306
v 0.0565 -0.1572 -0.0237
v 0.0621 -0.1661 -0.0150
v 0.0556 -0.1469 -0.0242
v 0.0628 -0.1521 -0.0110
v 0.0605 -0.1566 0.0288
v 0.0621 -0.1521 0.0247
v 0.0576 -0.1481 0.0322
v 0.0565 -0.1256 -0.0214
v 0.0616 -0.1503 -0.0136
v 0.0576 -0.1418 0.0312
v 0.0611 -0.1379 -0.0128
v 0.0622 -0.1367 -0.0098
v 0.0618 -0.1325 0.0200
v 0.0570 -0.1347 0.0309
v 0.0623 -0.1278 -0.0069
v 0.0612 -0.1354 0.0225
v 0.0623 -0.1252 0.0160
v 0.0584 -0.1222 0.0255
v 0.0566 -0.1271 0.0301
v 0.0580 -0.1117 -0.0166
v 0.0622 -0.1155 -0.0037
v 0.0617 -0.1186 -0.0071
v 0.0621 -0.1075 0.0008
v 0.0603 -0.1101 0.0179
v 0.0622 -0.1119 0.0090
v 0.0585 -0.1076 0.0220
v 0.0613 -0.1076 -0.0059
v 0.0622 -0.1090 0.0029
v 0.0606 -0.0981 0.0113
v 0.0576 -0.0943 0.0207
v 0.0569 -0.0897 -0.0161
v 0.0604 -0.0967 -0.0064
v 0.0572 -0.0883 0.0203
v 0.0580 -0.0775 -0.0102
v 0.0603 -0.0859 0.0057
v 0.0562 -0.0757 -0.0157
v 0.0593 -0.0760 -0.0031
v 0.0585 -0.0652 0.0042
v 0.0557 -0.0788 0.0215
v 0.0553 -0.0643 -0.0165
v 0.0582 -0.0727 0.0113
v 0.0560 -0.0641 0.0165
v 0.0585 -0.0628 0.0015
v 0.0559 -0.0526 0.0139
v 0.0564 -0.0437 -0.0078
v 0.0571 -0.0490 -0.0030
v 0.0564 -0.0506 0.0108
v 0.0563 -0.0393 0.0038
v 0.0559 -0.0428 0.0097
v 0.0557 -0.0326 -0.0066
v 0.0555 -0.0288 0.0030
v 0.0698 -0.5455 -0.0205
v 0.0672 -0.5470 0.0038
v 0.0617 -0.5460 0.0118
v 0.0688 -0.5394 -0.0315
v 0.0681 -0.5393 0.0138
v 0.0630 -0.5388 0.0183
v 0.0695 -0.5332 -0.0353
v 0.0688 -0.5296 -0.0385
v 0.0647 -0.5210 -0.0439
v 0.0638 -0.5195 0.0257
v 0.0658 -0.5117 -0.0434
v 0.0678 -0.5154 0.0236
v 0.0661 -0.5059 0.0251
v 0.0683 -0.4842 0.0249
v 0.0666 -0.4936 0.0255
v 0.0675 -0.4866 -0.0395
v 0.0688 -0.4792 -0.0380
v 0.0688 -0.4715 0.0250
v 0.0741 -0.4650 -0.0310
v 0.0679 -0.4663 0.0259
v 0.0672 -0.4577 -0.0369
v 0.0628 -0.4447 0.0307
v 0.0676 -0.4560 -0.0368
v 0.0685 -0.4431 -0.0339
v 0.0693 -0.4396 0.0257
v 0.0636 -0.4333 -0.0373
v 0.0637 -0.4263 0.0313
v 0.0676 -0.4273 -0.0331
v 0.0656 -0.4208 0.0300
v 0.0675 -0.4211 -0.0327
v 0.0684 -0.4147 -0.0312
v 0.0664 -0.4075 0.0301
v 0.0709 -0.4074 -0.0275
v 0.0684 -0.4005 0.0286
v 0.0712 -0.3945 -0.0264
v 0.0643 -0.3940 0.0326
v 0.0682 -0.3831 -0.0289
v 0.0678 -0.3951 0.0294
v 0.0618 -0.3708 0.0358
v 0.0652 -0.3780 -0.0315
v 0.0720 -0.3630 -0.0231
v 0.0678 -0.3760 0.0306
v 0.0699 -0.3663 -0.0259
v 0.0666 -0.3734 -0.0300
v 0.0682 -0.3593 0.0311
v 0.0669 -0.3640 -0.0291
v 0.0685 -0.3455 0.0314
v 0.0655 -0.3371 -0.0287
v 0.0702 -0.3274 0.0301
v 0.0672 -0.3269 -0.0262
v 0.0682 -0.3263 0.0324
v 0.0679 -0.3192 -0.0249
v 0.0688 -0.3151 -0.0237
v 0.0636 -0.3186 0.0372
v 0.0699 -0.3093 -0.0221
v 0.0660 -0.3072 0.0365
v 0.0707 -0.3000 -0.0216
v 0.0675 -0.2981 0.0372
v 0.0691 -0.2892 0.0384
v 0.0651 -0.2948 -0.0286
v 0.0707 -0.2786 -0.0258
v 0.0662 -0.2775 0.0448
v 0.0691 -0.2677 -0.0286
v 0.0646 -0.2651 0.0489
v 0.0678 -0.2588 -0.0299
v 0.0685 -0.2591 0.0455
v 0.0732 -0.2565 -0.0237
v 0.0671 -0.2457 -0.0290
v 0.0719 -0.2429 -0.0230
v 0.0676 -0.2441 0.0448
v 0.0696 -0.2339 0.0394
v 0.0696 -0.2320 -0.0220
v 0.0668 -0.2202 -0.0203
v 0.0690 -0.2269 0.0370
v 0.0689 -0.2124 0.0290
v 0.0616 -0.2137 0.0395
v 0.0691 -0.2107 -0.0120
v 0.0647 -0.2016 -0.0160
v 0.0687 -0.2039 -0.0089
v 0.0680 -0.2053 0.0271
v 0.0645 -0.2041 0.0323
v 0.0683 -0.1982 -0.0070
v 0.0617 -0.2004 0.0352
v 0.0688 -0.1856 0.0010
v 0.0680 -0.1942 0.0214
v 0.0691 -0.1857 0.0123
v 0.0644 -0.1874 0.0278
v 0.0648 -0.1774 -0.0103
v 0.0672 -0.1791 -0.0032
v 0.0691 -0.1861 0.0035
v 0.0680 -0.1814 0.0155
v 0.0646 -0.1766 0.0245
v 0.0662 -0.1683 -0.0032
v 0.0676 -0.1733 0.0109
v 0.0652 -0.1572 -0.0032
v 0.0672 -0.1682 0.0039
v 0.0655 -0.1554 0.0135
v 0.0652 -0.1631 0.0183
v 0.0636 -0.1660 0.0243
v 0.0629 -0.1552 0.0233
v 0.0644 -0.1473 -0.0032
v 0.0651 -0.1519 0.0137
v 0.0629 -0.1346 -0.0065
v 0.0649 -0.1447 0.0039
v 0.0635 -0.1310 0.0110
v 0.0639 -0.1330 0.0041
v 0.0629 -0.1347 0.0167
v 0.0627 -0.1169 0.0033
v 0.0627 -0.1198 0.0099
v 0.0715 -0.5455 -0.0165
v 0.0762 -0.5419 -0.0073
v 0.0716 -0.5464 -0.0077
v 0.0741 -0.5416 -0.0207
v 0.0766 -0.5394 -0.0001
v 0.0720 -0.5407 0.0069
v 0.0737 -0.5334 -0.0306
v 0.0766 -0.5321 0.0097
v 0.0687 -0.5336 0.0178
v 0.0725 -0.5165 -0.0378
v 0.0748 -0.5247 -0.0346
v 0.0778 -0.5118 -0.0318
v 0.0755 -0.5200 0.0168
v 0.0745 -0.5090 -0.0356
v 0.0757 -0.5046 0.0173
v 0.0736 -0.5018 -0.0359
v 0.0763 -0.4896 0.0171
v 0.0763 -0.4845 -0.0309
v 0.0742 -0.4848 0.0195
v 0.0736 -0.4873 -0.0343
v 0.0765 -0.4829 0.0171
v 0.0776 -0.4639 -0.0258
v 0.0762 -0.4678 0.0175
v 0.0731 -0.4604 -0.0312
v 0.0695 -0.4663 0.0247
v 0.0727 -0.4535 -0.0307
v 0.0766 -0.4485 0.0167
v 0.0755 -0.4499 -0.0264
v 0.0760 -0.4460 0.0174
v 0.0700 -0.4531 0.0245
v 0.0714 -0.4346 -0.0296
v 0.0760 -0.4426 -0.0243
v 0.0767 -0.4359 -0.0217
v 0.0750 -0.4347 0.0190
v 0.0712 -0.4358 0.0237
v 0.0758 -0.4250 0.0173
v 0.0720 -0.4246 -0.0277
v 0.0759 -0.4313 -0.0225
v 0.0714 -0.4217 0.0238
v 0.0751 -0.4114 -0.0211
v 0.0716 -0.4118 0.0239
v 0.0766 -0.3973 0.0160
v 0.0719 -0.4007 0.0240
v 0.0757 -0.3946 0.0183
v 0.0720 -0.3679 -0.0233
v 0.0747 -0.3869 -0.0199
v 0.0761 -0.3802 -0.0168
v 0.0743 -0.3761 0.0220
v 0.0749 -0.3691 0.0216
v 0.0760 -0.3707 -0.0166
v 0.0749 -0.3603 0.0222
v 0.0735 -0.3522 -0.0201
v 0.0775 -0.3543 -0.0125
v 0.0723 -0.3341 -0.0207
v 0.0774 -0.3434 -0.0121
v 0.0750 -0.3552 0.0222
v 0.0743 -0.3431 -0.0182
v 0.0753 -0.3495 0.0221
v 0.0764 -0.3417 -0.0142
v 0.0705 -0.3254 -0.0223
v 0.0761 -0.3309 -0.0136
v 0.0752 -0.3416 0.0224
v 0.0732 -0.3236 0.0262
v 0.0751 -0.3184 -0.0143
v 0.0760 -0.3239 -0.0131
v 0.0735 -0.3135 0.0261
v 0.0693 -0.3177 0.0316
v 0.0760 -0.3087 -0.0122
v 0.0754 -0.3077 0.0230
v 0.0771 -0.3040 -0.0095
v 0.0764 -0.3006 0.0230
v 0.0716 -0.3027 0.0307
v 0.0722 -0.2914 -0.0209
v 0.0753 -0.2916 0.0287
v 0.0710 -0.2861 -0.0236
v 0.0760 -0.2944 -0.0141
v 0.0704 -0.2878 0.0371
v 0.0764 -0.2839 -0.0161
v 0.0748 -0.2809 0.0334
v 0.0760 -0.2708 -0.0195
v 0.0712 -0.2690 0.0419
v 0.0782 -0.2574 -0.0165
v 0.0753 -0.2662 0.0366
v 0.0769 -0.2515 -0.0176
v 0.0721 -0.2528 0.0417
v 0.0753 -0.2433 0.0350
v 0.0763 -0.2361 0.0303
v 0.0715 -0.2383 0.0383
v 0.0748 -0.2307 -0.0131
v 0.0695 -0.2193 -0.0161
v 0.0740 -0.2278 0.0295
v 0.0761 -0.2250 0.0224
v 0.0715 -0.2241 0.0316
v 0.0702 -0.2044 -0.0046
v 0.0757 -0.2220 -0.0033
v 0.0753 -0.2173 0.0017
v 0.0746 -0.2153 0.0156
v 0.0706 -0.2000 0.0038
v 0.0713 -0.2065 0.0180
v 0.0708 -0.2109 0.0237
v 0.0708 -0.1998 0.0131
v 0.0695 -0.1911 0.0114
v 0.0785 -0.5372 -0.0168
v 0.0785 -0.5381 -0.0100
v 0.0827 -0.5310 -0.0111
v 0.0772 -0.5353 0.0054
v 0.0799 -0.5212 -0.0279
v 0.0797 -0.5295 -0.0240
v 0.0834 -0.5238 0.0013
v 0.0764 -0.5276 0.0135
v 0.0820 -0.5164 -0.0248
v 0.0839 -0.5199 -0.0186
v 0.0820 -0.5182 0.0071
v 0.0828 -0.5100 -0.0223
v 0.0827 -0.5048 -0.0221
v 0.0782 -0.4851 -0.0279
v 0.0825 -0.4872 -0.0194
v 0.0828 -0.4892 0.0053
v 0.0833 -0.4859 -0.0168
v 0.0821 -0.4915 0.0073
v 0.0796 -0.4841 0.0118
v 0.0833 -0.4776 -0.0136
v 0.0833 -0.4780 0.0027
v 0.0798 -0.4726 0.0109
v 0.0830 -0.4751 -0.0144
v 0.0775 -0.4491 -0.0227
v 0.0826 -0.4626 -0.0098
v 0.0830 -0.4626 -0.0022
v 0.0815 -0.4646 0.0060
v 0.0808 -0.4617 -0.0173
v 0.0825 -0.4562 -0.0013
v 0.0811 -0.4492 -0.0126
v 0.0804 -0.4456 0.0069
v 0.0791 -0.4498 0.0109
v 0.0812 -0.4382 0.0002
v 0.0795 -0.4349 -0.0141
v 0.0810 -0.4360 -0.0067
v 0.0808 -0.4327 0.0024
v 0.0785 -0.4323 0.0109
v 0.0776 -0.4152 -0.0160
v 0.0802 -0.4164 0.0012
v 0.0795 -0.4164 -0.0095
v 0.0800 -0.4131 -0.0031
v 0.0782 -0.4147 0.0109
v 0.0781 -0.4043 -0.0130
v 0.0796 -0.4059 0.0041
v 0.0774 -0.3948 -0.0143
v 0.0798 -0.3930 0.0014
v 0.0770 -0.4046 0.0154
v 0.0795 -0.3865 -0.0049
v 0.0773 -0.3929 0.0147
v 0.0772 -0.3820 -0.0143
v 0.0796 -0.3841 0.0056
v 0.0776 -0.3830 0.0145
v 0.0756 -0.3925 0.0189
v 0.0796 -0.3755 -0.0032
v 0.0781 -0.3680 0.0145
v 0.0771 -0.3726 0.0167
v 0.0783 -0.3664 -0.0099
v 0.0798 -0.3615 0.0070
v 0.0782 -0.3627 0.0144
v 0.0799 -0.3523 0.0071
v 0.0801 -0.3521 -0.0004
v 0.0800 -0.3392 0.0060
v 0.0786 -0.3429 0.0143
v 0.0776 -0.3478 0.0170
v 0.0792 -0.3313 -0.0033
v 0.0783 -0.3232 0.0144
v 0.0776 -0.3306 0.0171
v 0.0779 -0.3334 -0.0094
v 0.0793 -0.3177 0.0072
v 0.0782 -0.3172 0.0143
v 0.0796 -0.3058 0.0006
v 0.0792 -0.3107 0.0010
v 0.0792 -0.3088 0.0104
v 0.0776 -0.3097 0.0171
v 0.0816 -0.2884 0.0056
v 0.0795 -0.3009 0.0111
v 0.0800 -0.2875 -0.0055
v 0.0791 -0.2942 0.0181
v 0.0816 -0.2846 0.0145
v 0.0766 -0.2967 0.0241
v 0.0792 -0.2703 -0.0132
v 0.0774 -0.2788 0.0300
v 0.0835 -0.2698 0.0008
v 0.0830 -0.2754 -0.0003
v 0.0831 -0.2760 0.0115
v 0.0776 -0.2746 0.0308
v 0.0814 -0.2664 0.0247
v 0.0828 -0.2568 -0.0044
v 0.0831 -0.2627 -0.0032
v 0.0827 -0.2573 0.0216
v 0.0767 -0.2607 0.0353
v 0.0831 -0.2487 0.0171
v 0.0785 -0.2538 0.0315
v 0.0772 -0.2427 -0.0145
v 0.0817 -0.2399 0.0010
v 0.0831 -0.2456 0.0041
v 0.0805 -0.2431 0.0232
v 0.0780 -0.2458 0.0306
v 0.0767 -0.2322 -0.0098
v 0.0832 -0.2444 0.0087
v 0.0809 -0.2355 0.0142
v 0.0766 -0.2255 -0.0043
v 0.0790 -0.2324 0.0197
v 0.0766 -0.2202 0.0064
v 0.0778 -0.2244 0.0112
v 0.0846 -0.5227 -0.0065
v 0.0836 -0.5233 0.0007
v 0.0853 -0.5198 -0.0096
v 0.0838 -0.5166 0.0039
v 0.0848 -0.5055 -0.0144
v 0.0838 -0.5056 0.0027
v 0.0847 -0.4927 -0.0070
v 0.0846 -0.4970 -0.0028
v 0.0830 -0.4938 0.0055
v 0.0839 -0.4852 -0.0130
v 0.0840 -0.4846 -0.0023
v 0.0837 -0.4817 0.0014
v 0.0834 -0.4682 -0.0068
v 0.0842 -0.2641 0.0119
v 0.0834 -0.2704 0.0156
v 0.0834 -0.2674 0.0161
v 0.0835 -0.2562 -0.0012
v 0.0840 -0.2574 0.0141
v 0.0839 -0.2515 0.0088
vn -0.9936 -0.0969 -0.0582
vn -0.9753 -0.1422 -0.1689
vn -0.9845 -0.0736 0.1589
vn -0.9525 -0.1267 0.2771
vn -0.9688 0.0068 -0.2477
vn -0.9995 0.0259 -0.0195
vn -0.9664 0.0950 0.2386
vn -0.9695 0.1749 -0.1717
vn -0.9586 0.2823 -0.0369
vn -0.9820 -0.1779 -0.0641
vn -0.9614 -0.1679 -0.2178
vn -0.9882 -0.1341 0.0740
vn -0.9292 -0.2003 0.3106
vn -0.8820 -0.1215 -0.4554
vn -0.8965 -0.0888 0.4340
vn -0.9203 -0.1716 -0.3514
vn -0.9916 -0.1272 0.0247
vn -0.9680 -0.1410 0.2075
vn -0.9393 -0.1185 -0.3219
vn -0.8018 -0.0440 0.5959
vn -0.8751 -0.0710 0.4787
vn -0.8771 -0.0958 -0.4707
vn -0.9409 -0.0515 0.3348
vn -0.8689 0.0085 -0.4949
vn -0.8847 0.0034 0.4662
vn -0.9295 0.2131 -0.3011
vn -0.8973 0.2063 0.3901
vn -0.8261 0.3363 0.4522
vn -0.8376 0.2333 -0.4940
vn -0.8404 0.4101 -0.3543
vn -0.8249 0.5105 -0.2428
vn -0.8882 0.4094 0.2087
vn -0.8614 0.5030 -0.0704
vn -0.7898 0.5815 0.1950
vn -0.9804 -0.1755 -0.0892
vn -0.9759 -0.2004 0.0862
vn -0.9537 -0.1998 -0.2246
vn -0.9812 -0.1676 0.0955
vn -0.9069 -0.1579 0.3907
vn -0.9739 -0.2239 -0.0375
vn -0.9460 -0.1567 0.2837
vn -0.9522 -0.1826 -0.2448
vn -0.9756 -0.1853 0.1178
vn -0.8679 -0.1490 0.4739
vn -0.8759 -0.1788 -0.4481
vn -0.9393 -0.1947 -0.2826
vn -0.8728 -0.1011 0.4774
vn -0.7861 -0.1083 -0.6086
vn -0.9077 0.0039 -0.4196
vn -0.8887 -0.1663 0.4274
vn -0.7374 -0.0274 0.6749
vn -0.8125 -0.1914 -0.5507
vn -0.8862 -0.1108 0.4498
vn -0.7409 -0.3789 0.5545
vn -0.7484 -0.1023 0.6553
vn -0.7776 -0.1345 -0.6142
vn -0.8491 -0.1429 -0.5086
vn -0.8374 -0.0064 0.5465
vn -0.8534 -0.1169 -0.5079
vn -0.7530 -0.1186 -0.6472
vn -0.7033 -0.0960 -0.7044
vn -0.7210 0.0513 -0.6911
vn -0.7944 0.1517 0.5881
vn -0.6216 0.1737 -0.7639
vn -0.7015 0.4533 -0.5499
vn -0.7106 0.4326 0.5549
vn -0.6063 0.5497 0.5747
vn -0.7127 0.5727 -0.4051
vn -0.6493 0.6150 0.4474
vn -0.7278 0.6126 -0.3083
vn -0.9794 -0.1577 0.1258
vn -0.9137 -0.0730 0.3997
vn -0.9334 -0.1767 -0.3123
vn -0.9679 -0.1531 0.1994
vn -0.9336 -0.1027 0.3432
vn -0.9145 -0.1659 -0.3689
vn -0.9805 -0.1518 -0.1248
vn -0.9741 -0.2110 0.0814
vn -0.8763 -0.1458 0.4592
vn -0.9215 -0.1948 -0.3359
vn -0.9476 -0.2877 -0.1392
vn -0.9664 -0.0445 0.2533
vn -0.8634 -0.1816 -0.4707
vn -0.8623 -0.1327 0.4888
vn -0.7312 -0.1563 -0.6640
vn -0.9083 -0.2048 -0.3648
vn -0.8880 -0.1824 -0.4222
vn -0.7885 -0.1126 0.6047
vn -0.7921 -0.1698 -0.5863
vn -0.7220 -0.2570 0.6424
vn -0.7436 -0.1404 -0.6537
vn -0.6124 -0.1477 0.7766
vn -0.6747 -0.1365 -0.7253
vn -0.6795 -0.0840 0.7289
vn -0.6308 -0.1190 -0.7667
vn -0.6413 -0.1175 -0.7582
vn -0.6003 -0.0814 0.7957
vn -0.6903 -0.0791 0.7191
vn -0.5945 -0.0200 -0.8039
vn -0.6265 -0.0565 0.7774
vn -0.6725 0.0157 0.7400
vn -0.5572 -0.1706 -0.8127
vn -0.5923 0.1939 0.7821
vn -0.5565 0.6597 -0.5051
vn -0.5306 0.4751 -0.7020
vn -0.5499 0.5365 0.6401
vn -0.4456 0.8329 -0.3281
vn -0.6123 0.7147 0.3382
vn -0.6846 0.7173 -0.1295
vn -0.5948 0.7938 0.1265
vn -0.4504 0.8910 0.0574
vn -0.9899 -0.1400 -0.0241
vn -0.9623 -0.1762 0.2074
vn -0.9597 -0.1616 -0.2299
vn -0.9213 -0.1651 0.3520
vn -0.9223 -0.1558 -0.3536
vn -0.9897 -0.1427 -0.0123
vn -0.9812 -0.1514 0.1195
vn -0.8253 -0.1576 -0.5423
vn -0.9785 -0.1621 -0.1277
vn -0.9826 -0.1641 -0.0874
vn -0.9392 -0.1317 0.3172
vn -0.8616 -0.1641 -0.4803
vn -0.7954 -0.2332 0.5595
vn -0.8050 -0.1833 -0.5643
vn -0.9146 -0.1634 -0.3699
vn -0.7724 -0.2195 0.5961
vn -0.7836 -0.1687 -0.5979
vn -0.7795 -0.0646 -0.6230
vn -0.6779 -0.1172 0.7257
vn -0.6744 -0.1642 -0.7199
vn -0.5600 -0.1340 -0.8176
vn -0.6784 -0.1573 -0.7176
vn -0.5146 -0.1421 -0.8456
vn -0.5640 -0.0495 0.8243
vn -0.5142 -0.0693 0.8549
vn -0.5801 -0.0892 -0.8097
vn -0.4773 -0.1201 -0.8705
vn -0.5207 -0.0691 0.8510
vn -0.5004 -0.0576 0.8639
vn -0.4391 -0.0536 -0.8968
vn -0.5031 0.0728 -0.8611
vn -0.4251 0.2950 -0.8557
vn -0.3142 0.2803 0.9070
vn -0.5416 0.3858 0.7469
vn -0.3559 0.5389 0.7635
vn -0.2479 0.8873 -0.3889
vn -0.4411 0.6979 0.5643
vn -0.3857 0.8311 -0.4006
vn -0.4481 0.8459 -0.2893
vn -0.4649 0.8478 0.2553
vn -0.9630 -0.2633 0.0580
vn -0.9206 -0.3403 -0.1914
vn -0.9595 -0.2286 0.1648
vn -0.9552 -0.1521 -0.2540
vn -0.9069 -0.2459 0.3422
vn -0.8350 -0.0423 -0.5487
vn -0.9594 -0.1301 0.2502
vn -0.8963 -0.1270 0.4249
vn -0.8835 0.0258 -0.4676
vn -0.9347 -0.0599 -0.3504
vn -0.9899 -0.1252 0.0664
vn -0.9999 -0.0073 -0.0113
vn -0.9520 -0.0220 0.3052
vn -0.9018 0.0559 -0.4285
vn -0.9789 0.0382 -0.2006
vn -0.9350 0.0610 0.3494
vn -0.8810 0.0786 0.4666
vn -0.9976 0.0364 -0.0596
vn -0.9832 0.0823 0.1630
vn -0.8685 -0.0384 -0.4942
vn -0.9255 0.0088 -0.3786
vn -0.9743 0.0731 -0.2131
vn -0.9264 0.0185 0.3761
vn -0.9957 -0.0612 -0.0699
vn -0.8123 -0.0703 0.5789
vn -0.8239 -0.1258 -0.5527
vn -0.9466 -0.1610 -0.2795
vn -0.9420 -0.1450 0.3028
vn -0.8884 -0.1239 -0.4420
vn -0.8495 -0.0283 0.5268
vn -0.9192 -0.1480 -0.3650
vn -0.7704 -0.1299 0.6241
vn -0.8585 -0.1245 0.4975
vn -0.7789 -0.1671 -0.6045
vn -0.8555 -0.1360 -0.4997
vn -0.7042 -0.1238 -0.6991
vn -0.8282 -0.1640 -0.5359
vn -0.7834 -0.1171 0.6104
vn -0.6803 -0.0963 0.7266
vn -0.7806 -0.1261 -0.6122
vn -0.7017 -0.0823 0.7077
vn -0.7101 -0.1742 -0.6822
vn -0.6915 -0.1384 -0.7090
vn -0.5557 -0.0569 0.8294
vn -0.5650 -0.1288 -0.8150
vn -0.7118 -0.0754 0.6983
vn -0.7445 0.0358 0.6667
vn -0.6102 -0.1261 -0.7821
vn -0.5550 -0.1230 -0.8227
vn -0.6412 -0.0887 0.7622
vn -0.4194 -0.1108 -0.9010
vn -0.3494 -0.0136 0.9369
vn -0.3730 -0.0541 0.9262
vn -0.3910 -0.1209 -0.9124
vn -0.4256 -0.1134 -0.8978
vn -0.4238 -0.0623 0.9036
vn -0.2402 -0.1137 -0.9640
vn -0.3121 -0.0448 0.9490
vn -0.4024 0.0523 0.9140
vn -0.3447 -0.1139 -0.9318
vn -0.3824 0.0931 -0.9193
vn -0.2939 0.4226 -0.8573
vn -0.4139 0.3026 0.8585
vn -0.3833 0.8105 0.4429
vn -0.2129 0.6959 0.6858
vn -0.2445 0.9076 -0.3414
vn -0.3175 0.9482 0.0113
vn -0.0891 0.8497 0.5197
vn -0.9884 -0.1101 -0.1048
vn -0.9976 -0.0454 -0.0526
vn -0.9228 -0.1978 -0.3308
vn -0.9589 -0.1679 0.2286
vn -0.9431 -0.1846 -0.2765
vn -0.9603 -0.2768 -0.0357
vn -0.9635 -0.2362 0.1259
vn -0.9372 -0.2234 0.2678
vn -0.8162 -0.2727 -0.5094
vn -0.9052 -0.2194 -0.3639
vn -0.9730 -0.1161 -0.1997
vn -0.8238 -0.3009 0.4805
vn -0.8061 -0.1700 -0.5669
vn -0.8492 -0.1521 -0.5056
vn -0.7963 -0.2493 0.5511
vn -0.6561 0.0381 0.7537
vn -0.7423 -0.1025 -0.6621
vn -0.8361 -0.0235 0.5481
vn -0.6953 -0.0204 -0.7184
vn -0.8121 0.0385 0.5822
vn -0.8127 0.0920 0.5753
vn -0.7330 0.1441 -0.6648
vn -0.7554 0.1433 -0.6394
vn -0.7655 0.0862 0.6377
vn -0.7612 -0.0230 -0.6482
vn -0.7346 -0.1243 -0.6671
vn -0.5843 -0.0367 0.8107
vn -0.7192 -0.1566 -0.6770
vn -0.6468 -0.1369 -0.7502
vn -0.6220 -0.1587 -0.7668
vn -0.6172 -0.1108 0.7789
vn -0.5257 -0.1391 -0.8392
vn -0.7011 -0.1144 0.7039
vn -0.5881 -0.0939 0.8033
vn -0.6330 -0.1587 -0.7577
vn -0.5852 -0.0695 0.8079
vn -0.5336 -0.1266 -0.8362
vn -0.5225 -0.1153 -0.8448
vn -0.4653 -0.1045 -0.8790
vn -0.4044 -0.0124 0.9145
vn -0.4550 -0.0833 -0.8866
vn -0.6054 -0.0300 0.7953
vn -0.3712 -0.0736 -0.9256
vn -0.3927 -0.0010 0.9197
vn -0.4207 -0.1126 -0.9002
vn -0.3804 -0.0436 0.9238
vn -0.3879 -0.0526 0.9202
vn -0.3465 -0.1182 -0.9306
vn -0.4903 0.0151 0.8714
vn -0.2256 -0.3891 -0.8931
vn -0.2329 -0.1200 -0.9651
vn -0.1845 -0.0433 0.9819
vn -0.2774 -0.0870 -0.9568
vn -0.2173 -0.0510 0.9748
vn -0.2278 0.0586 0.9719
vn -0.2587 0.0876 -0.9620
vn -0.1171 0.2139 -0.9698
vn -0.1408 0.3707 0.9180
vn -0.3558 0.6237 -0.6960
vn -0.1002 0.4524 -0.8862
vn -0.1485 0.5462 0.8244
vn -0.1606 0.7027 -0.6931
vn -0.2953 0.7952 -0.5297
vn -0.1616 0.8317 -0.5312
vn -0.2036 0.9635 -0.1735
vn -0.2222 0.8715 0.4371
vn -0.1957 0.9517 0.2365
vn -0.9914 -0.1264 0.0326
vn -0.7533 -0.5322 0.3864
vn -0.9812 -0.0532 -0.1856
vn -0.9683 -0.0688 0.2400
vn -0.9977 -0.0624 0.0256
vn -0.9728 -0.0435 -0.2275
vn -0.9485 -0.0858 0.3048
vn -0.9940 -0.0690 0.0848
vn -0.9969 -0.0700 -0.0372
vn -0.8744 -0.0823 0.4782
vn -0.8842 -0.0116 -0.4669
vn -0.9575 -0.0270 -0.2871
vn -0.8895 -0.0949 0.4470
vn -0.8373 -0.0779 -0.5411
vn -0.9637 -0.0880 0.2521
vn -0.9243 -0.0479 -0.3787
vn -0.9919 -0.0931 -0.0863
vn -0.7063 -0.1740 0.6862
vn -0.9706 -0.0993 -0.2193
vn -0.9794 -0.0992 0.1758
vn -0.9464 -0.0856 -0.3115
vn -0.8474 -0.0925 -0.5228
vn -0.9155 -0.1311 -0.3804
vn -0.8849 -0.2248 0.4079
vn -0.7917 -0.1821 -0.5831
vn -0.7147 -0.2088 -0.6675
vn -0.7323 -0.2497 0.6336
vn -0.8305 -0.1518 0.5360
vn -0.7559 -0.2316 -0.6123
vn -0.6935 -0.3085 0.6511
vn -0.6523 -0.1831 -0.7355
vn -0.6697 -0.2374 0.7036
vn -0.6865 0.0522 -0.7252
vn -0.5955 0.0872 -0.7986
vn -0.6669 0.0989 0.7386
vn -0.6348 0.1237 -0.7627
vn -0.6535 0.0869 -0.7519
vn -0.6209 0.0767 0.7801
vn -0.6847 0.0139 0.7287
vn -0.8662 -0.1722 0.4691
vn -0.5632 -0.0701 -0.8233
vn -0.5721 -0.1332 -0.8093
vn -0.5311 -0.0747 0.8440
vn -0.5575 -0.1335 -0.8194
vn -0.6064 -0.0925 0.7898
vn -0.5166 -0.1623 -0.8407
vn -0.4940 -0.0943 0.8643
vn -0.3714 -0.0850 0.9246
vn -0.4540 -0.0411 0.8900
vn -0.4989 -0.1403 -0.8553
vn -0.3813 -0.1086 -0.9181
vn -0.2756 -0.0210 0.9610
vn -0.5118 0.0111 0.8590
vn -0.2308 0.0188 0.9728
vn -0.3439 -0.0981 -0.9339
vn -0.2446 -0.0656 -0.9674
vn -0.2683 0.0297 -0.9629
vn 0.0218 -0.0603 -0.9979
vn -0.0780 -0.0775 -0.9939
vn -0.0579 -0.0377 -0.9976
vn -0.0773 -0.1295 -0.9886
vn -0.1857 -0.0608 -0.9807
vn -0.0117 -0.0651 -0.9978
vn -0.0205 -0.0118 -0.9997
vn -0.1366 -0.0602 0.9888
vn 0.0194 0.4012 -0.9158
vn 0.0523 0.4315 0.9006
vn 0.0089 0.5615 -0.8275
vn -0.0356 0.6698 0.7417
vn 0.0860 0.8224 0.5624
vn -0.0656 0.9117 -0.4055
vn -0.0689 0.9419 0.3287
vn 0.0093 0.9910 -0.1339
vn -0.0361 0.9961 0.0806
vn -0.9668 -0.1935 0.1670
vn -0.9776 -0.1134 -0.1773
vn -0.9646 -0.0746 0.2529
vn -0.9876 0.0098 -0.1567
vn -0.9907 -0.0383 0.1305
vn -0.9638 -0.0062 -0.2665
vn -0.9998 -0.0203 -0.0054
vn -0.9751 -0.0402 0.2183
vn -0.9642 -0.0122 -0.2650
vn -0.9548 -0.0152 -0.2968
vn -0.9990 -0.0449 -0.0091
vn -0.9471 -0.1001 0.3048
vn -0.9843 -0.0798 0.1573
vn -0.9607 -0.0244 -0.2766
vn -0.9670 -0.0831 0.2407
vn -0.9966 -0.0814 0.0075
vn -0.9168 -0.1178 0.3816
vn -0.9454 -0.0583 -0.3205
vn -0.9082 -0.1229 0.4001
vn -0.9943 -0.0997 0.0386
vn -0.9616 -0.0902 0.2593
vn -0.8762 -0.1337 0.4630
vn -0.8715 -0.0555 -0.4872
vn -0.9616 -0.0700 -0.2653
vn -0.9963 -0.0665 -0.0542
vn -0.9998 -0.0067 0.0201
vn -0.9823 -0.0923 0.1627
vn -0.8718 -0.0494 -0.4873
vn -0.9905 -0.1044 -0.0891
vn -0.8591 -0.1308 0.4948
vn -0.9631 -0.0543 -0.2637
vn -0.9339 -0.1192 0.3370
vn -0.8497 -0.1182 0.5139
vn -0.8569 -0.0328 -0.5145
vn -0.9702 -0.0825 -0.2278
vn -0.8471 -0.0253 -0.5308
vn -0.9359 -0.0494 -0.3488
vn -0.9430 -0.1043 0.3160
vn -0.7692 0.0215 -0.6387
vn -0.9251 -0.0418 -0.3774
vn -0.9187 -0.0598 0.3905
vn -0.8344 -0.1053 0.5410
vn -0.7729 -0.0999 0.6266
vn -0.9094 -0.0232 -0.4152
vn -0.7967 -0.0774 0.5993
vn -0.8332 0.0033 -0.5530
vn -0.9085 -0.0245 -0.4173
vn -0.8656 -0.0760 0.4949
vn -0.7831 -0.0925 0.6150
vn -0.6944 0.0333 -0.7189
vn -0.8888 -0.0296 -0.4573
vn -0.8588 -0.0764 0.5065
vn -0.8104 -0.0095 -0.5857
vn -0.7358 -0.0831 0.6721
vn -0.7860 0.0153 -0.6181
vn -0.7814 -0.1136 0.6136
vn -0.7424 -0.0401 -0.6688
vn -0.7200 -0.0879 0.6884
vn -0.7347 -0.0422 -0.6771
vn -0.8625 -0.1081 0.4944
vn -0.6331 -0.0500 -0.7724
vn -0.7096 -0.1371 0.6912
vn -0.7066 -0.1304 -0.6955
vn -0.8048 -0.1701 0.5687
vn -0.6094 -0.2389 0.7560
vn -0.5419 -0.1032 -0.8341
vn -0.5929 -0.1595 -0.7893
vn -0.5994 -0.2071 -0.7732
vn -0.6588 -0.3114 0.6849
vn -0.4927 -0.1754 -0.8523
vn -0.6036 -0.1392 -0.7851
vn -0.4960 -0.1331 -0.8581
vn -0.6008 -0.1834 0.7781
vn -0.5092 -0.0558 -0.8589
vn -0.6554 -0.0895 0.7500
vn -0.4937 -0.0113 -0.8696
vn -0.4968 0.0257 -0.8675
vn -0.5758 0.0521 0.8159
vn -0.3267 0.1546 -0.9324
vn -0.5246 0.0918 0.8464
vn -0.5165 0.1454 0.8438
vn -0.5299 0.0725 -0.8450
vn -0.4231 0.0154 -0.9059
vn -0.4826 0.0903 0.8712
vn -0.3703 -0.0208 -0.9287
vn -0.4187 -0.0781 -0.9048
vn -0.4354 -0.1358 -0.8899
vn -0.4318 -0.0933 0.8971
vn -0.4476 -0.1517 -0.8813
vn -0.4111 -0.1373 -0.9012
vn -0.3085 -0.1375 -0.9412
vn -0.2762 -0.0749 0.9582
vn -0.2071 -0.1185 -0.9711
vn -0.1610 -0.1064 -0.9812
vn -0.3356 -0.0110 0.9419
vn -0.2328 0.0076 0.9725
vn -0.1880 -0.1008 -0.9770
vn -0.1709 -0.0913 -0.9810
vn -0.0673 -0.0334 -0.9972
vn -0.2453 -0.0832 0.9659
vn -0.1643 -0.0622 -0.9845
vn 0.0868 -0.0512 -0.9949
vn -0.0773 -0.0011 0.9970
vn -0.1130 -0.0253 0.9933
vn 0.0781 -0.0837 -0.9934
vn -0.0042 -0.0555 0.9985
vn 0.1044 -0.0750 -0.9917
vn 0.0193 -0.0940 -0.9954
vn 0.1091 -0.0723 -0.9914
vn 0.0074 -0.0180 0.9998
vn 0.0598 0.0216 -0.9980
vn 0.1392 0.1075 0.9844
vn 0.1561 0.0505 -0.9864
vn -0.0130 0.1563 0.9876
vn 0.1200 0.2551 0.9594
vn 0.1436 0.5470 0.8247
vn 0.1208 0.6374 -0.7610
vn 0.1695 0.7164 -0.6767
vn 0.1374 0.6746 0.7253
vn 0.0631 0.7502 -0.6582
vn -0.0129 0.7953 -0.6061
vn 0.0648 0.8598 -0.5065
vn 0.1829 0.8560 -0.4836
vn 0.0433 0.9584 -0.2820
vn 0.1822 0.9218 0.3423
vn 0.0918 0.9491 0.3013
vn 0.2081 0.9303 -0.3022
vn 0.0593 0.9788 0.1958
vn -0.7741 -0.5935 -0.2203
vn -0.8506 -0.5248 -0.0321
vn -0.7481 -0.6484 0.1414
vn -0.8215 -0.4996 0.2749
vn -0.8396 -0.4061 -0.3607
vn -0.9616 -0.2710 0.0446
vn -0.8099 -0.3825 0.4448
vn -0.7312 -0.1419 -0.6673
vn -0.9543 -0.0156 -0.2985
vn -0.9355 -0.2779 -0.2183
vn -0.8703 -0.2164 0.4425
vn -0.8587 -0.1031 -0.5020
vn -0.8095 -0.1028 0.5781
vn -0.9296 0.0077 -0.3684
vn -0.9167 -0.0082 0.3994
vn -0.8450 0.0269 -0.5340
vn -0.7973 0.0400 -0.6022
vn -0.9281 0.1092 -0.3560
vn -0.8205 -0.0542 0.5691
vn -0.8296 0.0163 -0.5582
vn -0.8810 -0.0743 0.4672
vn -0.8301 -0.0617 0.5541
vn -0.7847 -0.0043 -0.6199
vn -0.8913 -0.0344 -0.4521
vn -0.7571 -0.0915 0.6469
vn -0.8162 -0.0064 -0.5777
vn -0.8823 -0.1116 0.4573
vn -0.7720 -0.1090 0.6263
vn -0.8032 -0.0290 -0.5950
vn -0.8295 -0.1570 0.5360
vn -0.7178 -0.1379 0.6825
vn -0.7569 -0.0380 -0.6524
vn -0.8759 -0.0459 -0.4804
vn -0.7284 -0.0494 -0.6833
vn -0.8384 -0.0660 -0.5410
vn -0.7942 -0.1405 0.5912
vn -0.6834 -0.1512 0.7142
vn -0.7221 -0.0312 -0.6911
vn -0.6578 -0.1424 0.7396
vn -0.7521 -0.1371 0.6446
vn -0.7168 -0.0176 -0.6971
vn -0.6964 -0.1136 0.7086
vn -0.7123 -0.0050 -0.7019
vn -0.7140 -0.1133 0.6909
vn -0.6838 0.0135 -0.7295
vn -0.8759 0.0259 0.4818
vn -0.7161 -0.1071 0.6897
vn -0.6613 0.0328 -0.7494
vn -0.6320 -0.0963 0.7689
vn -0.6441 0.0219 -0.7646
vn -0.6328 -0.0661 0.7715
vn -0.5996 0.0047 -0.8003
vn -0.6253 -0.0874 0.7755
vn -0.5225 -0.0080 -0.8526
vn -0.6958 -0.1075 0.7101
vn -0.6261 -0.0986 0.7734
vn -0.5639 -0.0100 -0.8258
vn -0.4386 -0.0716 0.8958
vn -0.4850 -0.0291 -0.8740
vn -0.5349 -0.1357 0.8340
vn -0.6302 -0.0752 -0.7727
vn -0.5952 -0.1679 0.7859
vn -0.5072 -0.1450 0.8496
vn -0.4241 -0.1519 -0.8928
vn -0.3974 -0.3219 0.8594
vn -0.5604 -0.7245 0.4013
vn -0.5035 -0.4366 0.7456
vn -0.4101 -0.1931 -0.8914
vn -0.2665 -0.2668 0.9261
vn -0.3909 -0.1460 -0.9088
vn -0.2272 -0.1341 -0.9646
vn -0.4675 -0.3889 0.7939
vn -0.5102 -0.2391 0.8262
vn -0.4647 -0.1265 0.8764
vn -0.3090 -0.0765 -0.9480
vn -0.1966 0.0021 -0.9805
vn -0.3582 0.0002 -0.9337
vn -0.2570 -0.0632 0.9643
vn -0.3957 0.1666 -0.9031
vn -0.3825 0.1324 0.9144
vn -0.3636 0.1538 -0.9188
vn -0.3753 0.1770 0.9098
vn -0.1648 0.1927 -0.9673
vn -0.3290 0.1611 0.9305
vn -0.4036 0.0154 0.9148
vn -0.2355 0.0990 -0.9668
vn -0.2458 -0.0790 -0.9661
vn -0.2339 -0.0770 -0.9692
vn -0.2367 -0.0572 0.9699
vn -0.0630 -0.0562 -0.9964
vn -0.2465 -0.0676 0.9668
vn -0.2068 -0.1209 -0.9709
vn -0.2730 -0.0510 0.9607
vn -0.2059 -0.0121 0.9785
vn -0.1169 -0.0253 0.9928
vn -0.1616 -0.0949 -0.9823
vn -0.1469 -0.0576 -0.9875
vn 0.0000 -0.1036 -0.9946
vn -0.0161 -0.0338 -0.9993
vn -0.1315 0.0427 0.9904
vn 0.0438 0.0434 0.9981
vn -0.1534 0.1212 0.9807
vn 0.1941 0.3154 0.9289
vn 0.0833 -0.0163 -0.9964
vn 0.0827 -0.0426 -0.9957
vn 0.0341 0.0675 0.9971
vn -0.0632 0.0468 0.9969
vn 0.0907 -0.0373 -0.9952
vn 0.0588 0.1259 0.9903
vn 0.2946 -0.0648 -0.9534
vn 0.0667 -0.0391 0.9970
vn 0.3728 -0.0454 -0.9268
vn 0.2242 -0.0129 0.9744
vn 0.1810 -0.0576 -0.9818
vn 0.0892 0.0165 0.9959
vn 0.2880 0.1388 -0.9475
vn 0.1671 0.2371 -0.9570
vn 0.2496 0.4363 0.8645
vn 0.1801 0.3946 -0.9010
vn 0.1791 0.5432 -0.8203
vn 0.3580 0.5474 0.7564
vn 0.1918 0.5890 0.7850
vn 0.2473 0.7784 -0.5770
vn 0.2370 0.7988 0.5529
vn -0.0528 0.9715 -0.2311
vn 0.2818 0.9186 -0.2769
vn 0.2358 0.9578 -0.1643
vn 0.1627 0.9862 -0.0309
vn 0.2267 0.9509 0.2107
vn 0.2560 0.9636 -0.0767
vn -0.6638 -0.7072 -0.2432
vn -0.6725 -0.7384 -0.0490
vn -0.5796 -0.7978 0.1662
vn -0.6283 -0.7227 0.2880
vn -0.6128 -0.5713 -0.5460
vn -0.6796 -0.5955 -0.4284
vn -0.6481 -0.5630 0.5128
vn -0.5347 -0.6382 0.5539
vn -0.6230 -0.4005 -0.6719
vn -0.7233 -0.3802 0.5765
vn -0.5769 -0.2218 -0.7861
vn -0.7108 -0.0114 0.7033
vn -0.6708 0.0327 -0.7409
vn -0.5847 -0.0971 0.8054
vn -0.6772 -0.0581 0.7335
vn -0.6728 0.0462 -0.7384
vn -0.6928 -0.0272 0.7206
vn -0.5907 0.0320 -0.8062
vn -0.5663 0.0179 -0.8240
vn -0.6587 -0.1102 0.7443
vn -0.6831 0.0032 -0.7303
vn -0.5808 -0.0073 -0.8140
vn -0.5442 -0.0200 -0.8387
vn -0.6217 -0.1041 0.7763
vn -0.5522 -0.0230 -0.8334
vn -0.5608 -0.1905 0.8057
vn -0.3750 -0.1321 0.9175
vn -0.4877 0.0229 -0.8727
vn -0.5099 -0.1360 0.8494
vn -0.5574 0.0071 -0.8302
vn -0.5500 -0.1347 0.8242
vn -0.4882 0.0401 -0.8718
vn -0.5637 -0.1176 0.8175
vn -0.4590 0.0503 -0.8870
vn -0.4648 -0.0383 0.8846
vn -0.4519 0.0446 -0.8909
vn -0.5291 -0.0747 0.8453
vn -0.2842 0.0471 -0.9576
vn -0.4776 -0.0644 0.8762
vn -0.4575 0.0515 -0.8877
vn -0.5269 -0.0734 0.8467
vn -0.3530 0.0669 -0.9332
vn -0.3105 -0.0012 -0.9506
vn -0.4171 -0.1162 0.9014
vn -0.4334 -0.0504 -0.8998
vn -0.4102 -0.0233 -0.9117
vn -0.2226 0.0306 -0.9744
vn -0.4160 -0.2980 0.8591
vn -0.4398 -0.3089 0.8433
vn -0.3527 -0.1686 -0.9204
vn -0.1974 -0.1904 -0.9617
vn -0.3351 -0.1674 0.9272
vn -0.1458 -0.0735 -0.9866
vn -0.0803 -0.0396 0.9960
vn -0.3565 -0.2912 0.8877
vn -0.4117 0.0466 0.9101
vn -0.2073 0.1165 0.9713
vn -0.1577 0.1166 -0.9806
vn -0.0761 0.1146 -0.9905
vn -0.3210 0.1133 0.9403
vn -0.1906 0.1491 -0.9703
vn -0.1531 -0.0042 -0.9882
vn -0.2125 0.0848 0.9735
vn -0.0288 -0.0230 -0.9993
vn -0.1203 0.0267 0.9924
vn -0.0999 -0.0962 -0.9903
vn 0.0398 -0.1057 -0.9936
vn -0.0001 -0.0668 0.9978
vn -0.1334 -0.1311 0.9823
vn -0.1666 -0.0702 0.9835
vn -0.1512 -0.0528 0.9871
vn 0.0936 -0.0827 -0.9922
vn -0.0377 -0.0239 0.9990
vn 0.0728 -0.0744 -0.9946
vn 0.2372 -0.0761 -0.9685
vn 0.0393 0.0113 0.9992
vn 0.1127 -0.1507 -0.9821
vn -0.0402 0.0193 0.9990
vn 0.1309 -0.0262 -0.9910
vn 0.1396 0.0875 0.9863
vn -0.0162 0.0319 0.9994
vn 0.2196 0.0531 0.9742
vn 0.2338 -0.3604 -0.9030
vn 0.3112 -0.0466 -0.9492
vn 0.2051 0.0242 0.9784
vn 0.1872 -0.0825 -0.9789
vn 0.3003 -0.0028 0.9538
vn 0.3343 0.0031 0.9424
vn 0.3187 0.0422 0.9469
vn 0.2971 -0.0227 -0.9546
vn 0.3852 0.0135 -0.9227
vn 0.5071 0.1586 -0.8471
vn 0.2565 0.1410 0.9562
vn 0.3330 0.2566 0.9073
vn 0.3935 0.3714 0.8409
vn 0.3214 0.4237 -0.8469
vn 0.5460 0.5623 0.6210
vn 0.3465 0.6480 -0.6782
vn 0.3797 0.7251 0.5745
vn 0.3409 0.8330 -0.4357
vn 0.3580 0.8174 0.4514
vn 0.3309 0.9410 -0.0714
vn 0.3122 0.9438 0.1088
vn 0.3399 0.8926 0.2961
vn -0.4296 -0.9023 -0.0343
vn -0.4298 -0.8946 0.1223
vn -0.3935 -0.7616 -0.5149
vn -0.4939 -0.7609 -0.4208
vn -0.4914 -0.8489 -0.1946
vn -0.3666 -0.8795 0.3035
vn -0.5276 -0.7283 0.4374
vn -0.4117 -0.5613 -0.7179
vn -0.5131 -0.6538 0.5561
vn -0.4600 -0.5380 0.7064
vn -0.6194 -0.3306 0.7121
vn -0.6142 -0.2343 0.7535
vn -0.4339 -0.0963 -0.8958
vn -0.5321 0.0378 -0.8458
vn -0.4658 -0.0552 0.8831
vn -0.4028 0.0585 -0.9134
vn -0.5612 0.0309 -0.8271
vn -0.5568 -0.0830 0.8265
vn -0.3313 0.0459 -0.9424
vn -0.5142 -0.0944 0.8524
vn -0.5944 -0.1287 0.7938
vn -0.2959 -0.0004 -0.9552
vn -0.4695 -0.1687 0.8667
vn -0.5318 -0.0253 -0.8465
vn -0.4163 -0.1513 0.8965
vn -0.3872 -0.0077 -0.9220
vn -0.5079 -0.1570 0.8470
vn -0.2323 -0.0034 -0.9726
vn -0.5379 -0.1559 0.8285
vn -0.2759 0.0256 -0.9608
vn -0.3345 0.0152 -0.9423
vn -0.3099 0.0488 -0.9495
vn -0.3260 -0.0937 0.9407
vn -0.3966 -0.0795 0.9145
vn -0.1788 0.0512 -0.9826
vn -0.2484 -0.1260 0.9604
vn -0.2947 0.0665 -0.9533
vn -0.3884 -0.0680 0.9190
vn -0.1590 -0.0687 0.9849
vn -0.1431 0.0763 -0.9868
vn -0.3309 -0.0575 0.9419
vn -0.2469 0.0384 -0.9683
vn -0.1837 -0.0711 0.9804
vn -0.1774 0.0630 -0.9821
vn -0.2152 -0.0026 -0.9766
vn -0.3189 -0.1482 0.9361
vn -0.1275 -0.1812 0.9751
vn -0.2291 -0.1445 0.9626
vn -0.3191 -0.4572 -0.8302
vn -0.2612 -0.2099 0.9422
vn -0.0599 -0.0657 -0.9960
vn -0.0011 -0.1402 -0.9901
vn -0.0618 -0.2984 0.9524
vn -0.2725 -0.4748 0.8369
vn -0.1318 -0.3246 0.9366
vn -0.0204 -0.0787 -0.9967
vn -0.1478 -0.0087 0.9890
vn -0.1215 0.0563 -0.9910
vn -0.1010 0.0453 0.9939
vn -0.0673 0.0691 -0.9953
vn -0.1481 0.1720 0.9739
vn -0.0031 0.1779 0.9840
vn 0.1348 0.2828 -0.9496
vn -0.1798 0.1788 0.9673
vn 0.0529 -0.2785 -0.9590
vn -0.0962 0.1928 0.9765
vn 0.0905 0.0567 -0.9943
vn 0.0343 0.1393 0.9897
vn 0.0172 0.1122 0.9935
vn 0.1767 0.0055 -0.9842
vn 0.0512 -0.0323 0.9982
vn 0.1324 -0.1574 -0.9786
vn 0.0662 -0.0310 0.9973
vn 0.2267 0.0439 0.9730
vn 0.2465 -0.0381 -0.9684
vn 0.1217 0.0267 0.9922
vn 0.2286 0.0042 -0.9735
vn 0.3383 0.0815 0.9375
vn 0.3771 -0.0035 -0.9262
vn 0.1758 0.0708 0.9819
vn 0.2390 -0.0607 -0.9691
vn 0.2519 0.1025 0.9623
vn 0.4140 0.0140 -0.9102
vn 0.3494 0.0573 -0.9352
vn 0.1211 -0.3072 0.9439
vn 0.2504 -0.0544 -0.9666
vn 0.3040 -0.0058 -0.9527
vn 0.3950 -0.0169 -0.9185
vn 0.2386 0.0339 0.9705
vn 0.4056 -0.0276 -0.9136
vn 0.3591 0.0355 0.9326
vn 0.3923 -0.0351 -0.9192
vn 0.4533 0.0057 0.8913
vn 0.4568 -0.0309 -0.8890
vn 0.4738 0.0162 0.8805
vn 0.4786 0.0239 0.8777
vn 0.5509 -0.0589 -0.8325
vn 0.4329 0.0168 0.9013
vn 0.3774 0.0772 0.9228
vn 0.7435 0.2132 -0.6338
vn 0.4856 0.3697 -0.7922
vn 0.4913 0.2757 0.8262
vn 0.4821 0.5467 -0.6846
vn 0.4930 0.5027 0.7101
vn 0.4250 0.7161 -0.5536
vn 0.5284 0.6949 -0.4878
vn 0.4831 0.6659 0.5686
vn 0.4462 0.8373 -0.3160
vn 0.4814 0.8514 -0.2083
vn 0.4602 0.8320 0.3098
vn 0.4923 0.8489 0.1927
vn 0.4450 0.8934 0.0616
vn -0.2314 -0.8957 -0.3796
vn -0.3132 -0.9311 -0.1869
vn -0.1442 -0.9859 0.0843
vn -0.3152 -0.9105 0.2678
vn -0.2568 -0.7701 -0.5839
vn -0.3595 -0.7843 0.5056
vn -0.2443 -0.7182 0.6515
vn -0.3774 -0.4366 -0.8167
vn -0.2862 -0.3598 -0.8880
vn -0.2497 -0.4835 0.8390
vn -0.1523 -0.3473 0.9253
vn -0.1465 -0.1717 -0.9742
vn -0.4624 -0.1960 0.8648
vn -0.3578 -0.1981 0.9126
vn -0.1569 -0.0193 -0.9874
vn -0.0990 -0.0679 0.9928
vn -0.3319 0.0527 -0.9419
vn -0.2815 0.0347 -0.9589
vn -0.2251 0.0355 -0.9737
vn -0.3117 -0.0187 0.9500
vn -0.2920 0.0551 -0.9548
vn -0.3503 -0.1429 0.9256
vn -0.2935 -0.1262 0.9476
vn -0.1344 0.0293 -0.9905
vn -0.1238 -0.1244 0.9845
vn -0.2986 -0.1589 0.9411
vn -0.1040 0.0230 -0.9943
vn -0.2561 -0.1585 0.9536
vn -0.1297 0.0475 -0.9904
vn -0.3128 -0.1250 0.9415
vn -0.0751 -0.1504 0.9858
vn -0.2148 -0.1138 0.9700
vn -0.1208 0.0485 -0.9915
vn -0.1007 0.0908 -0.9908
vn -0.0887 -0.0455 0.9950
vn 0.0324 0.0944 -0.9950
vn 0.0501 0.0894 -0.9947
vn 0.0257 0.0547 -0.9982
vn -0.1553 -0.0828 0.9844
vn 0.1102 0.0422 -0.9930
vn -0.1391 -0.0804 0.9870
vn -0.0672 0.0126 -0.9977
vn -0.0718 -0.1048 0.9919
vn 0.0436 0.0316 -0.9985
vn -0.0906 -0.1479 0.9849
vn 0.0026 -0.1509 -0.9885
vn -0.1306 -0.2545 0.9582
vn 0.1523 -0.1634 -0.9747
vn 0.0565 -0.0173 -0.9983
vn 0.0085 -0.0335 0.9994
vn 0.1010 0.0541 -0.9934
vn 0.0121 0.1084 -0.9940
vn 0.0346 0.1783 0.9834
vn 0.1350 0.1469 -0.9799
vn 0.1640 0.2494 -0.9544
vn 0.1455 0.1647 0.9756
vn 0.2029 -0.0441 -0.9782
vn 0.2077 -0.0500 -0.9769
vn 0.1870 -0.0327 0.9818
vn 0.3496 -0.0533 -0.9354
vn 0.2607 -0.0231 0.9651
vn 0.1769 -0.0226 0.9840
vn 0.3856 -0.0483 -0.9214
vn 0.2912 -0.0915 -0.9523
vn 0.1293 0.0024 0.9916
vn 0.3052 0.0386 0.9515
vn 0.4428 0.0516 0.8952
vn 0.3441 0.1150 0.9319
vn 0.4378 0.0190 -0.8989
vn 0.4151 0.1223 0.9015
vn 0.4535 0.0087 -0.8912
vn 0.3074 0.0708 0.9489
vn 0.4766 0.1004 0.8734
vn 0.4898 0.0070 -0.8718
vn 0.3470 0.0946 0.9331
vn 0.5174 0.0647 -0.8533
vn 0.4594 0.0934 0.8833
vn 0.3078 0.1663 0.9368
vn 0.4905 0.0369 0.8707
vn 0.4370 0.0608 0.8974
vn 0.4491 -0.0545 -0.8918
vn 0.5045 -0.0213 -0.8632
vn 0.5139 0.0144 0.8577
vn 0.6638 -0.1070 -0.7402
vn 0.6308 0.0227 -0.7756
vn 0.5421 -0.0153 -0.8402
vn 0.5859 0.0367 0.8096
vn 0.6380 0.0460 -0.7687
vn 0.5558 0.0619 0.8290
vn 0.5643 0.0855 -0.8212
vn 0.7172 0.1113 -0.6879
vn 0.6385 0.1456 0.7557
vn 0.5952 0.3836 -0.7061
vn 0.6406 0.2480 -0.7268
vn 0.6966 0.4308 -0.5737
vn 0.6256 0.3270 0.7083
vn 0.6924 0.4865 0.5329
vn 0.6011 0.5868 -0.5426
vn 0.6600 0.6087 -0.4403
vn 0.5747 0.7404 -0.3486
vn 0.6308 0.7118 0.3090
vn 0.6289 0.6799 0.3771
vn 0.5991 0.6384 0.4831
vn 0.6271 0.7395 -0.2448
vn 0.5034 0.8601 -0.0831
vn 0.5950 0.8029 -0.0365
vn 0.5773 0.8129 0.0769
vn 0.6191 0.7560 0.2126
vn 0.0179 -0.9381 -0.3458
vn -0.0924 -0.9891 -0.1145
vn -0.1365 -0.9101 0.3913
vn -0.1034 -0.7486 -0.6550
vn -0.0450 -0.8049 0.5917
vn -0.1343 -0.5871 -0.7983
vn -0.0437 -0.6706 0.7405
vn -0.0623 -0.3435 -0.9371
vn -0.2658 -0.1090 0.9578
vn 0.1074 0.1532 -0.9823
vn -0.1392 0.0683 -0.9879
vn -0.2228 -0.0563 0.9732
vn -0.2530 -0.0805 0.9641
vn 0.0088 0.0719 -0.9974
vn -0.3184 -0.0546 0.9464
vn -0.0458 -0.0877 0.9951
vn -0.2003 -0.1366 0.9702
vn -0.1058 -0.1068 0.9886
vn 0.0846 -0.2323 -0.9690
vn 0.0760 0.0386 -0.9964
vn -0.1404 -0.0969 0.9853
vn -0.0661 0.0135 -0.9977
vn 0.0100 0.0650 -0.9978
vn 0.0472 0.0684 -0.9965
vn -0.0876 -0.0810 0.9929
vn 0.0414 0.0555 -0.9976
vn 0.0851 0.0783 -0.9933
vn 0.0358 -0.0128 0.9993
vn 0.1091 -0.0850 0.9904
vn 0.1054 -0.0973 0.9897
vn 0.1564 0.0573 -0.9860
vn 0.0833 -0.1143 0.9899
vn -0.0030 -0.2098 0.9777
vn 0.1939 -0.0645 -0.9789
vn 0.1906 -0.2604 0.9465
vn 0.2224 -0.1397 -0.9649
vn 0.1106 -0.2711 0.9562
vn 0.2247 -0.1475 -0.9632
vn 0.1385 -0.2807 0.9498
vn 0.2207 -0.0291 -0.9749
vn 0.1754 0.0394 -0.9837
vn 0.1856 -0.0747 0.9798
vn 0.1255 0.0064 0.9921
vn 0.3429 0.0558 -0.9377
vn 0.0863 0.0779 0.9932
vn 0.2058 0.1199 0.9712
vn 0.2109 0.1832 -0.9602
vn 0.2572 0.2670 0.9287
vn 0.1444 0.2386 0.9603
vn 0.2992 0.1810 -0.9369
vn 0.2534 0.2323 0.9390
vn 0.3603 0.1108 -0.9262
vn 0.5246 0.1718 -0.8338
vn 0.4233 -0.2306 -0.8762
vn 0.4539 0.0131 -0.8910
vn 0.3079 0.0276 0.9510
vn 0.4212 0.0156 0.9068
vn 0.5168 -0.0210 -0.8558
vn 0.5682 -0.0363 -0.8221
vn 0.3374 0.0054 0.9413
vn 0.4740 -0.0258 -0.8801
vn 0.4610 -0.0184 -0.8872
vn 0.4944 0.0724 0.8662
vn 0.4825 -0.0057 -0.8759
vn 0.5295 0.0963 0.8428
vn 0.4007 0.0547 0.9146
vn 0.5501 0.0192 -0.8349
vn 0.5929 0.1122 0.7975
vn 0.6673 0.0117 -0.7447
vn 0.5000 0.1083 0.8592
vn 0.5551 0.0291 -0.8313
vn 0.5922 0.0332 -0.8051
vn 0.5010 0.1111 0.8583
vn 0.5718 0.1112 0.8128
vn 0.6759 0.0431 -0.7357
vn 0.6108 0.0146 -0.7917
vn 0.6243 0.0930 0.7756
vn 0.6197 0.0004 -0.7849
vn 0.6331 0.0778 0.7701
vn 0.6260 -0.0067 -0.7798
vn 0.6404 -0.0026 -0.7681
vn 0.6552 0.0491 0.7538
vn 0.7264 0.0170 -0.6871
vn 0.5890 0.0372 0.8073
vn 0.6869 0.0484 0.7251
vn 0.7681 -0.0056 -0.6403
vn 0.7066 0.0493 0.7059
vn 0.6247 0.0498 0.7793
vn 0.8603 0.0430 -0.5079
vn 0.7202 0.0695 0.6902
vn 0.6366 0.0843 0.7666
vn 0.7869 0.1644 0.5947
vn 0.7640 0.2589 -0.5910
vn 0.7737 0.3229 0.5452
vn 0.5724 0.5987 0.5603
vn 0.7015 0.4010 0.5892
vn 0.7623 0.5003 -0.4106
vn 0.7741 0.5354 0.3378
vn 0.7035 0.5099 0.4951
vn 0.7662 0.5718 -0.2933
vn 0.7275 0.6677 -0.1578
vn 0.7413 0.6708 -0.0208
vn 0.7336 0.6743 0.0844
vn 0.7441 0.6316 0.2175
vn 0.1981 -0.9009 -0.3861
vn 0.0192 -0.9998 0.0075
vn -0.0004 -0.9589 0.2836
vn 0.2336 -0.8039 0.5470
vn 0.1169 -0.7131 -0.6912
vn 0.0683 -0.4683 0.8809
vn 0.0845 -0.4390 -0.8945
vn 0.0666 -0.1657 -0.9839
vn -0.0351 -0.1506 0.9880
vn 0.1948 0.0378 -0.9801
vn 0.0816 -0.0835 0.9932
vn 0.1125 0.0580 -0.9920
vn 0.0929 -0.0901 0.9916
vn 0.0355 -0.0701 0.9969
vn 0.1165 -0.0785 0.9901
vn 0.0985 0.0310 -0.9947
vn 0.3139 0.0537 -0.9479
vn 0.0412 -0.1502 0.9878
vn 0.1972 0.0340 -0.9798
vn 0.0757 -0.0680 0.9948
vn 0.2657 -0.0963 0.9592
vn 0.0985 -0.0938 0.9907
vn 0.1816 0.0602 -0.9815
vn 0.1193 -0.0620 0.9909
vn 0.2655 0.0726 -0.9614
vn 0.1007 -0.0578 0.9932
vn 0.2387 0.0713 -0.9685
vn 0.2275 0.0603 -0.9719
vn 0.1311 -0.0490 0.9902
vn 0.1896 -0.0367 0.9812
vn 0.2145 0.0536 -0.9752
vn 0.3452 -0.0466 0.9374
vn 0.2147 0.0304 -0.9762
vn 0.2761 -0.0932 0.9566
vn 0.3605 0.0363 -0.9321
vn 0.2549 -0.0415 0.9661
vn 0.3468 -0.0118 -0.9379
vn 0.2510 -0.2519 0.9346
vn 0.3210 -0.0736 -0.9442
vn 0.1313 -0.3083 0.9422
vn 0.2643 -0.2902 0.9197
vn 0.3778 -0.1157 -0.9186
vn 0.2779 0.0061 0.9606
vn 0.4052 0.1414 -0.9032
vn 0.1534 0.2074 0.9661
vn 0.2885 0.1710 -0.9421
vn 0.3573 0.2488 0.9002
vn 0.4177 0.2118 -0.8836
vn 0.3000 0.2433 0.9224
vn 0.5657 0.2177 -0.7954
vn 0.3714 0.1814 0.9106
vn 0.3315 0.1318 0.9342
vn 0.2371 0.0080 0.9715
vn 0.5170 0.0581 0.8540
vn 0.6133 0.0111 -0.7897
vn 0.6615 0.0186 -0.7497
vn 0.5718 0.0433 0.8193
vn 0.5217 0.0403 0.8522
vn 0.5732 0.0479 0.8180
vn 0.5973 0.0611 0.7997
vn 0.6259 -0.0001 -0.7799
vn 0.5916 0.0965 0.8004
vn 0.6231 0.0000 -0.7821
vn 0.6406 0.0179 -0.7677
vn 0.6272 0.0832 0.7744
vn 0.7012 0.1005 0.7059
vn 0.6943 0.0351 -0.7188
vn 0.7354 0.1106 0.6686
vn 0.6881 0.0338 -0.7248
vn 0.7445 0.0465 -0.6660
vn 0.6484 0.1119 0.7530
vn 0.7431 0.0318 -0.6684
vn 0.7842 0.0491 -0.6186
vn 0.6556 0.1145 0.7464
vn 0.5937 0.0866 0.8000
vn 0.7114 0.0990 0.6958
vn 0.7841 0.0454 -0.6190
vn 0.7413 0.1011 0.6635
vn 0.8018 0.1423 0.5804
vn 0.7614 0.1056 0.6396
vn 0.7781 0.0258 -0.6276
vn 0.7957 0.0196 -0.6053
vn 0.8113 0.0264 -0.5840
vn 0.7840 0.0769 0.6159
vn 0.8705 0.0398 -0.4906
vn 0.8011 0.0635 0.5952
vn 0.8118 -0.0021 -0.5840
vn 0.7875 0.0349 -0.6153
vn 0.8238 0.0641 0.5632
vn 0.8946 0.0753 0.4406
vn 0.7699 0.0668 0.6347
vn 0.9032 -0.0007 -0.4291
vn 0.8611 0.0923 0.4999
vn 0.8013 0.1580 0.5770
vn 0.8246 0.1597 -0.5427
vn 0.6176 0.1900 0.7632
vn 0.9113 0.2272 -0.3435
vn 0.8561 0.3233 -0.4032
vn 0.8701 0.2297 0.4361
vn 0.7711 0.4743 0.4248
vn 0.8487 0.3395 0.4056
vn 0.8140 0.3551 -0.4598
vn 0.8474 0.4495 -0.2825
vn 0.8938 0.4051 -0.1922
vn 0.9075 0.4143 -0.0687
vn 0.9075 0.4157 0.0603
vn 0.9091 0.3766 0.1783
vn 0.8085 0.5653 -0.1633
vn 0.8219 0.5654 0.0695
vn 0.2886 -0.9226 -0.2560
vn 0.2158 -0.9459 0.2423
vn 0.1678 -0.8913 0.4213
vn 0.3739 -0.7720 -0.5140
vn 0.3201 -0.6868 -0.6526
vn 0.3439 -0.5701 -0.7462
vn 0.2255 -0.6044 0.7641
vn 0.3007 -0.3107 -0.9017
vn 0.3001 -0.4855 -0.8211
vn 0.1303 -0.3287 0.9354
vn 0.1621 -0.0468 -0.9857
vn 0.1822 -0.1549 0.9710
vn 0.2079 0.0718 -0.9755
vn 0.1734 -0.0722 0.9822
vn 0.1963 0.0665 -0.9783
vn 0.4104 0.0791 -0.9085
vn 0.1797 -0.0796 0.9805
vn 0.1138 0.5921 -0.7978
vn 0.2831 0.0580 -0.9573
vn 0.4540 0.0876 -0.8867
vn 0.1402 -0.1165 0.9832
vn 0.4248 0.0499 -0.9039
vn 0.3145 -0.1124 0.9426
vn 0.4565 0.0617 -0.8876
vn 0.2589 -0.0751 0.9630
vn 0.4547 0.0734 -0.8876
vn 0.3933 0.0556 -0.9177
vn 0.4059 0.0676 -0.9114
vn 0.3490 -0.0656 0.9348
vn 0.4015 -0.0488 0.9145
vn 0.2739 -0.0614 0.9598
vn 0.3753 0.0639 -0.9247
vn 0.5372 0.0699 -0.8406
vn 0.3009 -0.0476 0.9525
vn 0.5391 0.0617 -0.8400
vn 0.3841 0.0669 -0.9209
vn 0.3427 0.0380 -0.9387
vn 0.5212 0.0512 -0.8519
vn 0.3367 -0.0636 0.9395
vn 0.4367 0.0413 -0.8987
vn 0.4571 0.1264 -0.8804
vn 0.4167 -0.0574 0.9072
vn 0.5487 0.0407 -0.8350
vn 0.3545 -0.1335 0.9255
vn 0.3196 -0.1429 0.9367
vn 0.5231 -0.1032 -0.8460
vn 0.4247 -0.1280 -0.8963
vn 0.5849 -0.0956 -0.8055
vn 0.4193 -0.2349 0.8769
vn 0.4920 -0.1796 0.8519
vn 0.4012 -0.0584 -0.9141
vn 0.3012 -0.0650 0.9514
vn 0.5101 -0.0389 -0.8593
vn 0.4456 -0.2878 0.8477
vn 0.4866 0.0643 -0.8712
vn 0.3932 0.0877 0.9153
vn 0.5690 0.1427 -0.8099
vn 0.3707 0.1730 0.9125
vn 0.4638 0.1945 -0.8643
vn 0.4601 0.1961 0.8660
vn 0.4053 0.2372 0.8829
vn 0.5409 0.2414 0.8057
vn 0.5801 0.1905 -0.7920
vn 0.4574 0.2463 0.8545
vn 0.5829 0.1738 -0.7938
vn 0.5523 0.2291 0.8015
vn 0.6933 0.0341 -0.7199
vn 0.5648 0.1347 0.8142
vn 0.6397 0.3559 0.6813
vn 0.7653 0.0341 -0.6428
vn 0.5762 0.0411 0.8163
vn 0.6759 0.0585 0.7347
vn 0.7359 0.0821 0.6721
vn 0.7278 0.0010 -0.6858
vn 0.7077 0.0130 -0.7064
vn 0.7993 0.0787 0.5958
vn 0.7383 0.0630 0.6715
vn 0.6978 0.0731 0.7125
vn 0.7139 0.0221 -0.6999
vn 0.7757 0.0895 0.6247
vn 0.7664 0.0308 -0.6416
vn 0.7597 0.0272 -0.6497
vn 0.6805 0.0719 0.7292
vn 0.7429 0.0305 -0.6687
vn 0.7767 0.1360 0.6150
vn 0.8383 0.1019 0.5356
vn 0.8471 0.0385 -0.5300
vn 0.8822 0.1034 0.4593
vn 0.8019 -0.0513 -0.5952
vn 0.7826 0.0431 -0.6211
vn 0.8687 0.0499 -0.4927
vn 0.8324 0.1158 0.5419
vn 0.8574 0.0557 -0.5117
vn 0.8425 0.1097 0.5274
vn 0.8667 0.0527 -0.4961
vn 0.8445 0.1045 0.5252
vn 0.8843 0.0726 0.4613
vn 0.8083 0.2643 0.5261
vn 0.8799 0.0570 -0.4717
vn 0.8772 0.0507 -0.4775
vn 0.8811 0.0411 -0.4711
vn 0.8917 0.1189 0.4367
vn 0.9671 0.0254 -0.2533
vn 0.8796 0.0958 0.4660
vn 0.7925 0.0844 0.6040
vn 0.9362 0.0504 -0.3479
vn 0.8695 0.0895 0.4857
vn 0.9456 0.0611 -0.3196
vn 0.9599 0.0732 0.2705
vn 0.8751 0.0743 0.4781
vn 0.9530 0.0708 -0.2946
vn 0.9362 0.0821 0.3417
vn 0.8767 0.0708 0.4757
vn 0.9171 0.0571 -0.3946
vn 0.9845 0.0273 -0.1734
vn 0.9909 0.0879 0.1023
vn 0.9277 0.1110 0.3565
vn 0.9687 0.0760 -0.2362
vn 0.9786 0.0936 0.1832
vn 0.9614 0.1954 -0.1936
vn 0.9535 0.0721 0.2928
vn 0.8943 0.0769 0.4409
vn 0.9084 0.3903 -0.1499
vn 0.9944 0.0919 0.0521
vn 0.9279 0.1048 -0.3577
vn 0.9675 0.1003 0.2323
vn 0.9379 0.1929 -0.2882
vn 0.9321 0.2709 -0.2405
vn 0.9719 0.1860 0.1443
vn 0.9330 0.0979 0.3463
vn 0.9423 0.1934 0.2732
vn 0.9932 0.0651 0.0963
vn 0.3118 -0.9485 -0.0552
vn 0.5304 -0.8358 0.1420
vn 0.5060 -0.8362 -0.2114
vn 0.3671 -0.9012 0.2304
vn 0.3865 -0.8474 0.3640
vn 0.5287 -0.6343 -0.5640
vn 0.4836 -0.2744 0.8312
vn 0.3186 -0.1360 -0.9381
vn 0.5011 -0.4145 -0.7597
vn 0.4101 -0.4242 0.8074
vn 0.3964 -0.0970 -0.9129
vn 0.3218 0.0761 -0.9437
vn 0.5644 0.0932 -0.8202
vn 0.2891 -0.0569 0.9556
vn 0.3020 0.0308 0.9528
vn 0.3395 0.0748 -0.9376
vn 0.5321 0.0680 -0.8439
vn 0.4038 -0.3164 0.8584
vn 0.3497 -0.0682 0.9344
vn 0.5336 0.1065 -0.8390
vn 0.3967 -0.0721 0.9151
vn 0.3983 0.0776 -0.9140
vn 0.4185 -0.0683 0.9056
vn 0.3665 -0.1736 0.9141
vn 0.5785 0.0676 -0.8128
vn 0.4825 -0.0686 0.8732
vn 0.5460 0.0543 -0.8360
vn 0.3968 -0.0919 0.9133
vn 0.6287 0.0754 -0.7740
vn 0.5182 -0.0573 0.8534
vn 0.5803 0.0622 -0.8120
vn 0.5020 -0.0524 0.8633
vn 0.5763 0.0627 -0.8149
vn 0.5645 -0.0591 0.8233
vn 0.4705 0.0676 -0.8798
vn 0.5274 0.0513 -0.8481
vn 0.5087 -0.0379 0.8601
vn 0.5983 -0.0446 0.8000
vn 0.6286 0.0749 -0.7741
vn 0.4864 -0.0468 0.8725
vn 0.5388 0.0512 -0.8409
vn 0.5580 -0.0466 0.8285
vn 0.5445 0.0331 -0.8381
vn 0.6570 0.0595 -0.7515
vn 0.5334 -0.0564 0.8440
vn 0.5480 -0.0544 0.8347
vn 0.4003 -0.1592 0.9024
vn 0.6426 -0.0502 -0.7646
vn 0.5143 -0.2315 0.8258
vn 0.3952 -0.2571 0.8819
vn 0.6815 -0.0499 -0.7301
vn 0.5777 -0.2311 0.7829
vn 0.5541 -0.1016 -0.8262
vn 0.5970 -0.2153 0.7728
vn 0.5437 -0.1324 0.8287
vn 0.6340 -0.0844 -0.7687
vn 0.5195 -0.0027 0.8545
vn 0.5963 0.0597 -0.8005
vn 0.5646 0.0893 0.8205
vn 0.5902 0.1677 0.7897
vn 0.5987 0.2038 -0.7746
vn 0.6553 0.2050 -0.7270
vn 0.7011 0.2210 -0.6780
vn 0.6206 0.2167 0.7536
vn 0.6667 0.2607 -0.6982
vn 0.6165 0.2669 0.7407
vn 0.7275 0.1961 -0.6574
vn 0.7218 0.2281 0.6534
vn 0.7889 0.1315 -0.6003
vn 0.7649 0.0748 -0.6398
vn 0.7251 0.1048 0.6807
vn 0.8722 0.0712 -0.4840
vn 0.7973 0.0819 0.5980
vn 0.7105 0.4331 0.5547
vn 0.7875 0.0401 -0.6151
vn 0.8557 0.0835 0.5107
vn 0.8781 0.0611 -0.4746
vn 0.8511 0.1013 0.5152
vn 0.8204 0.0383 -0.5705
vn 0.8941 0.0700 -0.4424
vn 0.8302 0.0321 -0.5566
vn 0.9390 0.0614 -0.3384
vn 0.8660 0.0838 0.4929
vn 0.9248 0.0936 0.3688
vn 0.8226 0.0922 0.5611
vn 0.8817 0.0437 -0.4697
vn 0.9041 0.0369 -0.4258
vn 0.8469 0.0907 0.5240
vn 0.9146 0.0609 -0.3998
vn 0.9512 0.0629 -0.3021
vn 0.9364 0.1119 0.3326
vn 0.8614 0.0910 0.4997
vn 0.9493 0.0874 -0.3019
vn 0.9251 0.0905 0.3688
vn 0.9725 0.0872 0.2158
vn 0.8899 0.1236 0.4391
vn 0.8728 0.0873 0.4803
vn 0.9241 0.0478 -0.3791
vn 0.9757 0.1098 -0.1898
vn 0.9665 0.0453 -0.2525
vn 0.9958 0.0858 -0.0315
vn 0.9543 0.0978 0.2823
vn 0.9808 0.1600 0.1114
vn 0.9107 0.0664 0.4076
vn 0.9750 0.0720 -0.2100
vn 0.9983 0.0561 0.0179
vn 0.9814 0.0849 0.1720
vn 0.9280 0.0980 0.3594
vn 0.9296 0.0552 -0.3645
vn 0.9805 0.0674 -0.1846
vn 0.9353 0.0886 0.3426
vn 0.9681 0.0662 -0.2417
vn 0.9936 0.0807 0.0787
vn 0.9341 0.0570 -0.3524
vn 0.9921 0.0739 -0.1017
vn 0.9924 0.0914 0.0828
vn 0.9128 0.1002 0.3960
vn 0.9169 0.0836 -0.3902
vn 0.9740 0.0852 0.2101
vn 0.9430 0.0817 0.3225
vn 0.9962 0.0854 0.0180
vn 0.9603 0.0809 0.2670
vn 0.9854 0.0797 -0.1502
vn 0.9950 0.0855 -0.0509
vn 0.9811 0.0726 0.1792
vn 0.9959 0.0785 0.0460
vn 0.9814 0.0753 0.1764
vn 0.9936 0.0630 -0.0937
vn 0.9966 0.0720 0.0391
vn 0.5892 -0.7268 -0.3531
vn 0.6016 -0.7297 0.3250
vn 0.4218 -0.7367 0.5285
vn 0.5952 -0.5699 -0.5665
vn 0.6106 -0.5641 0.5559
vn 0.4287 -0.5437 0.7215
vn 0.6235 -0.4490 -0.6400
vn 0.6107 -0.3234 -0.7228
vn 0.5310 -0.1461 -0.8347
vn 0.4508 -0.1130 0.8854
vn 0.5226 0.0419 -0.8516
vn 0.5602 -0.0772 0.8247
vn 0.4606 -0.0460 0.8864
vn 0.5680 -0.0395 0.8221
vn 0.4757 -0.0357 0.8789
vn 0.5772 0.0735 -0.8133
vn 0.6294 0.0811 -0.7728
vn 0.6036 -0.0341 0.7965
vn 0.7622 0.0886 -0.6412
vn 0.5287 0.4116 0.7423
vn 0.6361 -0.0017 -0.7716
vn 0.5435 -0.0400 0.8385
vn 0.6656 -0.0110 -0.7462
vn 0.7046 0.1096 -0.7011
vn 0.6934 -0.0315 0.7198
vn 0.5034 0.0844 -0.8599
vn 0.5521 0.0038 0.8338
vn 0.7098 0.0669 -0.7012
vn 0.6531 -0.0496 0.7557
vn 0.7099 0.0644 -0.7013
vn 0.7391 0.0664 -0.6704
vn 0.6547 -0.0292 0.7553
vn 0.8243 0.0190 -0.5658
vn 0.7290 -0.0310 0.6838
vn 0.8012 0.0442 -0.5968
vn 0.6154 -0.0321 0.7876
vn 0.7452 0.0436 -0.6655
vn 0.7325 -0.0261 0.6803
vn 0.6551 0.0912 0.7500
vn 0.6606 0.0591 -0.7484
vn 0.8125 0.0466 -0.5812
vn 0.7205 -0.0360 0.6926
vn 0.7398 0.0454 -0.6713
vn 0.7286 0.0073 -0.6849
vn 0.7129 -0.0416 0.7000
vn 0.7098 0.0424 -0.7032
vn 0.7278 -0.0298 0.6851
vn 0.6781 0.0437 -0.7337
vn 0.7738 -0.0364 0.6323
vn 0.7245 0.0488 -0.6876
vn 0.7188 -0.0347 0.6943
vn 0.7167 0.0521 -0.6954
vn 0.7660 0.0359 -0.6418
vn 0.6402 -0.0634 0.7656
vn 0.8062 -0.0071 -0.5916
vn 0.6818 -0.1371 0.7186
vn 0.8037 -0.0766 -0.5901
vn 0.7107 -0.1975 0.6752
vn 0.7335 -0.2135 0.6453
vn 0.6985 -0.0955 -0.7092
vn 0.7506 -0.0957 -0.6538
vn 0.6536 -0.1606 0.7396
vn 0.7204 -0.0509 -0.6917
vn 0.6323 -0.1053 0.7675
vn 0.6991 0.0820 -0.7103
vn 0.7054 -0.0166 0.7086
vn 0.7847 0.0403 -0.6186
vn 0.6902 0.1431 -0.7094
vn 0.7794 0.1732 -0.6021
vn 0.6891 0.1530 0.7083
vn 0.7574 0.2417 0.6065
vn 0.7812 0.2422 -0.5754
vn 0.7590 0.2593 -0.5972
vn 0.7653 0.2710 0.5838
vn 0.8807 0.2488 0.4032
vn 0.7108 0.2668 0.6508
vn 0.8896 0.2090 -0.4062
vn 0.6739 0.5333 -0.5114
vn 0.9087 0.2006 -0.3661
vn 0.8749 0.2331 0.4246
vn 0.8263 0.1619 0.5394
vn 0.9213 0.1464 -0.3601
vn 0.7715 0.1661 0.6141
vn 0.9828 0.1229 -0.1377
vn 0.9360 0.1363 0.3246
vn 0.9843 0.1608 0.0734
vn 0.8914 0.0969 0.4428
vn 0.9355 0.0773 -0.3446
vn 0.9647 0.0805 -0.2508
vn 0.9758 0.2165 -0.0300
vn 0.9755 0.1165 0.1868
vn 0.9276 0.0906 0.3624
vn 0.9728 0.0894 -0.2136
vn 0.9919 0.1034 0.0738
vn 0.9785 0.0831 -0.1886
vn 0.9933 0.1008 -0.0563
vn 0.9850 0.1034 0.1382
vn 0.9647 0.0987 0.2442
vn 0.9275 0.0935 0.3620
vn 0.9410 0.0976 0.3239
vn 0.9839 0.0730 -0.1632
vn 0.9840 0.0915 0.1532
vn 0.9805 0.0665 -0.1850
vn 0.9957 0.0857 -0.0340
vn 0.9920 0.0829 0.0954
vn 0.9963 0.0798 -0.0323
vn 0.9716 0.0834 0.2216
vn 0.9981 0.0598 -0.0154
vn 0.9940 0.0725 0.0824
vn 0.6410 -0.7595 -0.1110
vn 0.7794 -0.6246 0.0489
vn 0.6683 -0.7439 -0.0041
vn 0.7231 -0.6111 -0.3221
vn 0.8725 -0.4612 0.1613
vn 0.6611 -0.6248 0.4155
vn 0.7345 -0.4290 -0.5258
vn 0.8470 -0.3400 0.4086
vn 0.5903 -0.4151 0.6923
vn 0.6938 0.0010 -0.7202
vn 0.7482 -0.2065 -0.6306
vn 0.8139 0.0135 -0.5808
vn 0.7321 -0.1256 0.6695
vn 0.7140 -0.0175 -0.7000
vn 0.7635 -0.0288 0.6451
vn 0.7040 0.0670 -0.7071
vn 0.7863 -0.0223 0.6175
vn 0.7914 0.0818 -0.6058
vn 0.6990 -0.0359 0.7142
vn 0.7117 0.0785 -0.6981
vn 0.8164 -0.0067 0.5775
vn 0.8740 0.0901 -0.4774
vn 0.8186 0.0036 0.5743
vn 0.6513 0.1075 -0.7512
vn 0.6591 -0.0207 0.7518
vn 0.7288 0.1786 -0.6610
vn 0.8617 0.0437 0.5055
vn 0.8165 0.1042 -0.5679
vn 0.8498 0.0197 0.5268
vn 0.7030 -0.0108 0.7111
vn 0.7771 0.0736 -0.6251
vn 0.8612 0.0874 -0.5007
vn 0.9198 0.0718 -0.3857
vn 0.8443 0.0039 0.5358
vn 0.7532 0.0175 0.6575
vn 0.8947 0.0053 0.4466
vn 0.8054 0.0716 -0.5884
vn 0.8870 0.0781 -0.4552
vn 0.7720 -0.0263 0.6351
vn 0.8816 0.0597 -0.4683
vn 0.7992 -0.0277 0.6005
vn 0.9086 0.0026 0.4177
vn 0.8154 0.0096 0.5788
vn 0.8837 -0.0558 0.4648
vn 0.8132 0.0199 -0.5816
vn 0.8746 0.0234 -0.4842
vn 0.9251 0.0882 -0.3694
vn 0.8446 -0.0321 0.5344
vn 0.8597 -0.0315 0.5098
vn 0.8989 0.0082 -0.4380
vn 0.8600 -0.0315 0.5093
vn 0.8434 0.0255 -0.5367
vn 0.9396 0.0197 -0.3416
vn 0.8176 0.0464 -0.5739
vn 0.9437 0.0211 -0.3302
vn 0.8626 -0.0297 0.5051
vn 0.8687 0.0413 -0.4937
vn 0.8676 -0.0181 0.4969
vn 0.8985 0.0385 -0.4373
vn 0.7989 0.0510 -0.5993
vn 0.9034 0.0474 -0.4261
vn 0.8720 -0.0151 0.4892
vn 0.8563 -0.0109 0.5164
vn 0.9001 0.0430 -0.4336
vn 0.9325 0.0722 -0.3539
vn 0.8578 -0.0536 0.5113
vn 0.7254 0.1088 0.6797
vn 0.9128 0.0146 -0.4081
vn 0.9129 -0.0917 0.3977
vn 0.9536 -0.1259 -0.2735
vn 0.9484 -0.1325 0.2879
vn 0.8025 -0.1515 0.5770
vn 0.8072 -0.1188 -0.5783
vn 0.8363 -0.1893 0.5145
vn 0.7530 -0.1525 -0.6401
vn 0.8877 -0.1076 -0.4478
vn 0.7657 -0.1686 0.6207
vn 0.8733 -0.1004 -0.4768
vn 0.8112 -0.1791 0.5567
vn 0.8517 -0.1137 -0.5115
vn 0.7560 -0.0626 0.6515
vn 0.8883 0.0405 -0.4576
vn 0.8258 -0.1978 0.5282
vn 0.8542 0.1130 -0.5075
vn 0.7623 0.0671 0.6438
vn 0.8320 0.1591 0.5314
vn 0.8594 0.2409 0.4510
vn 0.7904 0.2035 0.5779
vn 0.8559 0.2628 -0.4453
vn 0.8196 0.2721 -0.5041
vn 0.8503 0.2832 0.4436
vn 0.8863 0.3333 0.3215
vn 0.8184 0.2770 0.5035
vn 0.9440 0.2079 -0.2563
vn 0.6571 0.5670 -0.4967
vn 0.9496 0.2820 -0.1371
vn 0.9441 0.2898 0.1573
vn 0.9823 0.1752 -0.0659
vn 0.9188 0.2759 0.2823
vn 0.9083 0.2688 0.3206
vn 0.9763 0.1855 0.1113
vn 0.9938 0.1012 -0.0466
vn 0.8236 -0.5298 -0.2027
vn 0.8326 -0.5512 -0.0546
vn 0.9326 -0.3576 -0.0485
vn 0.8156 -0.4636 0.3464
vn 0.8540 -0.1087 -0.5088
vn 0.8652 -0.3310 -0.3766
vn 0.9241 -0.2550 0.2846
vn 0.7626 -0.2899 0.5782
vn 0.9083 -0.0395 -0.4165
vn 0.9600 -0.1539 -0.2340
vn 0.8559 0.0189 0.5167
vn 0.9401 0.0167 -0.3406
vn 0.9232 0.0622 -0.3793
vn 0.8681 0.0613 -0.4926
vn 0.9359 0.0593 -0.3473
vn 0.8943 0.1159 0.4322
vn 0.9710 -0.1007 -0.2167
vn 0.8866 0.0151 0.4623
vn 0.8650 0.0095 0.5017
vn 0.9830 0.0686 -0.1701
vn 0.9725 0.0481 0.2278
vn 0.9017 0.0341 0.4311
vn 0.9674 0.0868 -0.2379
vn 0.9046 0.0879 -0.4171
vn 0.9873 0.0935 -0.1287
vn 0.9949 0.0721 0.0708
vn 0.9516 0.0483 0.3036
vn 0.9471 0.0833 -0.3098
vn 0.9954 0.0710 0.0648
vn 0.9758 0.0821 -0.2025
vn 0.9669 0.0685 0.2460
vn 0.9258 0.0529 0.3743
vn 0.9962 0.0732 0.0470
vn 0.9586 0.0845 -0.2718
vn 0.9948 0.0568 -0.0847
vn 0.9887 0.0178 0.1488
vn 0.9486 0.0567 0.3112
vn 0.9418 0.0409 -0.3338
vn 0.9974 0.0359 0.0630
vn 0.9848 0.0304 -0.1708
vn 0.9860 0.1233 -0.1126
vn 0.9671 0.0105 0.2542
vn 0.9558 0.0468 -0.2902
vn 0.9917 0.0080 0.1286
vn 0.9364 0.0165 -0.3506
vn 0.9990 -0.0057 0.0449
vn 0.9299 -0.0094 0.3676
vn 0.9917 0.0084 -0.1286
vn 0.9563 -0.0251 0.2914
vn 0.9482 0.0155 -0.3174
vn 0.9921 -0.0283 0.1225
vn 0.9529 -0.0177 0.3027
vn 0.8754 -0.0547 0.4804
vn 0.9943 -0.0057 -0.1065
vn 0.9503 -0.0274 0.3101
vn 0.9285 -0.0365 0.3696
vn 0.9673 0.0046 -0.2538
vn 0.9943 -0.0103 0.1062
vn 0.9527 -0.0171 0.3035
vn 0.9937 0.0303 0.1083
vn 0.9965 0.0106 -0.0830
vn 0.9976 0.0058 0.0692
vn 0.9654 -0.0052 0.2608
vn 0.9354 0.0022 0.3536
vn 0.9886 0.0327 -0.1472
vn 0.9623 0.0160 0.2715
vn 0.9435 0.0108 0.3313
vn 0.9576 0.0344 -0.2861
vn 0.9989 0.0227 0.0416
vn 0.9682 0.0117 0.2499
vn 0.9925 -0.0561 -0.1083
vn 0.9986 -0.0480 0.0210
vn 0.9903 -0.0486 0.1300
vn 0.9561 0.0760 0.2829
vn 0.9905 -0.1312 -0.0412
vn 0.9994 0.0198 0.0275
vn 0.9567 -0.1105 -0.2693
vn 0.9570 -0.1487 0.2492
vn 0.9732 -0.1460 0.1775
vn 0.9196 -0.1474 0.3641
vn 0.9159 -0.0781 -0.3938
vn 0.8853 -0.1539 0.4388
vn 0.9948 -0.0494 -0.0894
vn 0.9805 -0.1061 -0.1653
vn 0.9814 -0.1501 0.1201
vn 0.8696 -0.0900 0.4855
vn 0.9328 -0.0825 0.3509
vn 0.9518 0.0767 -0.2970
vn 0.9706 -0.0283 -0.2391
vn 0.9593 0.0231 0.2815
vn 0.8520 -0.0336 0.5225
vn 0.9763 0.1244 0.1772
vn 0.8947 0.0650 0.4420
vn 0.8953 0.1639 -0.4141
vn 0.9649 0.2036 -0.1656
vn 0.9839 0.1480 -0.0998
vn 0.9378 0.1736 0.3006
vn 0.8975 0.1235 0.4234
vn 0.9064 0.2476 -0.3422
vn 0.9802 0.1977 -0.0126
vn 0.9653 0.2425 0.0974
vn 0.9162 0.2990 -0.2667
vn 0.9394 0.2513 0.2331
vn 0.9460 0.3218 -0.0394
vn 0.9584 0.2805 0.0533
vn 0.9772 -0.1913 0.0925
vn 0.9662 -0.1814 0.1832
vn 0.9938 -0.1065 -0.0332
vn 0.9436 -0.0624 0.3252
vn 0.9895 0.0287 -0.1416
vn 0.9907 0.0311 0.1326
vn 0.9989 0.0429 0.0200
vn 0.9929 0.0262 0.1163
vn 0.9411 0.0113 0.3380
vn 0.9920 0.0534 -0.1144
vn 0.9968 0.0660 0.0458
vn 0.9891 0.0263 0.1449
vn 0.9973 0.0658 -0.0323
vn 0.9995 -0.0173 0.0269
vn 0.9826 -0.1047 0.1534
vn 0.9810 -0.0471 0.1881
vn 0.9880 0.0612 -0.1416
vn 0.9969 0.0152 0.0773
vn 0.9983 0.0572 -0.0070
f 2//2 1//1 3//3
f 5//5 2//2 6//6
f 6//6 2//2 3//3
f 7//7 6//6 3//3
f 9//9 5//5 6//6
f 5//5 9//9 8//8
f 9//9 7//7 32//32
f 6//6 7//7 9//9
f 11//11 10//10 12//12
f 10//10 43//43 12//12
f 17//17 11//11 12//12
f 17//17 12//12 13//13
f 14//14 11//11 16//16
f 23//23 17//17 13//13
f 15//15 13//13 53//53
f 23//23 13//13 15//15
f 16//16 11//11 17//17
f 16//16 19//19 59//59
f 1//1 16//16 17//17
f 1//1 17//17 18//18
f 18//18 17//17 23//23
f 19//19 1//1 2//2
f 19//19 16//16 1//1
f 1//1 18//18 3//3
f 21//21 23//23 15//15
f 15//15 20//20 21//21
f 59//59 19//19 22//22
f 3//3 18//18 4//4
f 18//18 23//23 4//4
f 5//5 22//22 2//2
f 2//2 22//22 19//19
f 25//25 3//3 23//23
f 23//23 3//3 4//4
f 21//21 20//20 23//23
f 5//5 24//24 22//22
f 25//25 7//7 3//3
f 23//23 20//20 25//25
f 29//29 24//24 26//26
f 8//8 26//26 5//5
f 5//5 26//26 24//24
f 7//7 25//25 63//63
f 9//9 26//26 8//8
f 7//7 27//27 32//32
f 28//28 7//7 63//63
f 27//27 7//7 28//28
f 26//26 30//30 29//29
f 30//30 26//26 33//33
f 33//33 26//26 9//9
f 9//9 32//32 33//33
f 27//27 28//28 32//32
f 30//30 33//33 31//31
f 109//109 33//33 32//32
f 109//109 32//32 34//34
f 37//37 35//35 38//38
f 38//38 35//35 36//36
f 37//37 42//42 87//87
f 42//42 37//37 40//40
f 40//40 37//37 38//38
f 39//39 38//38 36//36
f 40//40 38//38 41//41
f 41//41 38//38 39//39
f 87//87 42//42 45//45
f 42//42 40//40 43//43
f 43//43 40//40 41//41
f 41//41 39//39 44//44
f 46//46 45//45 42//42
f 46//46 42//42 10//10
f 10//10 42//42 43//43
f 47//47 41//41 44//44
f 49//49 46//46 11//11
f 49//49 45//45 46//46
f 11//11 46//46 10//10
f 12//12 43//43 13//13
f 43//43 50//50 13//13
f 43//43 41//41 50//50
f 51//51 41//41 47//47
f 50//50 41//41 51//51
f 48//48 45//45 52//52
f 52//52 45//45 49//49
f 14//14 52//52 11//11
f 11//11 52//52 49//49
f 13//13 50//50 53//53
f 50//50 51//51 53//53
f 16//16 56//56 14//14
f 14//14 56//56 52//52
f 58//58 15//15 53//53
f 55//55 53//53 54//54
f 58//58 53//53 55//55
f 16//16 57//57 56//56
f 59//59 56//56 57//57
f 60//60 56//56 59//59
f 16//16 59//59 57//57
f 58//58 98//98 15//15
f 58//58 55//55 98//98
f 98//98 20//20 15//15
f 22//22 61//61 59//59
f 59//59 61//61 60//60
f 24//24 61//61 22//22
f 20//20 98//98 100//100
f 24//24 62//62 61//61
f 101//101 25//25 20//20
f 20//20 100//100 101//101
f 29//29 62//62 24//24
f 101//101 63//63 25//25
f 29//29 64//64 62//62
f 65//65 64//64 29//29
f 30//30 65//65 29//29
f 66//66 28//28 63//63
f 66//66 63//63 103//103
f 68//68 65//65 30//30
f 30//30 31//31 68//68
f 69//69 34//34 32//32
f 28//28 66//66 32//32
f 66//66 69//69 32//32
f 31//31 70//70 68//68
f 70//70 31//31 33//33
f 33//33 109//109 70//70
f 69//69 66//66 67//67
f 110//110 109//109 34//34
f 110//110 34//34 151//151
f 74//74 120//120 71//71
f 120//120 77//77 73//73
f 77//77 120//120 74//74
f 75//75 74//74 71//71
f 71//71 72//72 75//75
f 73//73 77//77 76//76
f 78//78 77//77 74//74
f 36//36 76//76 77//77
f 81//81 76//76 36//36
f 36//36 77//77 78//78
f 82//82 74//74 79//79
f 80//80 76//76 81//81
f 83//83 76//76 80//80
f 82//82 78//78 74//74
f 36//36 78//78 82//82
f 80//80 81//81 37//37
f 37//37 81//81 35//35
f 35//35 81//81 36//36
f 82//82 84//84 36//36
f 84//84 82//82 79//79
f 86//86 80//80 37//37
f 86//86 83//83 80//80
f 36//36 84//84 39//39
f 85//85 83//83 89//89
f 87//87 83//83 86//86
f 89//89 83//83 87//87
f 37//37 87//87 86//86
f 39//39 84//84 88//88
f 201//201 39//39 88//88
f 90//90 39//39 201//201
f 45//45 89//89 87//87
f 90//90 44//44 39//39
f 90//90 47//47 44//44
f 133//133 89//89 91//91
f 91//91 89//89 48//48
f 48//48 89//89 45//45
f 51//51 47//47 90//90
f 52//52 91//91 48//48
f 52//52 93//93 91//91
f 94//94 53//53 92//92
f 92//92 53//53 51//51
f 56//56 93//93 52//52
f 94//94 54//54 53//53
f 94//94 55//55 54//54
f 56//56 95//95 93//93
f 60//60 96//96 56//56
f 56//56 96//96 95//95
f 97//97 55//55 94//94
f 97//97 98//98 55//55
f 61//61 96//96 60//60
f 62//62 99//99 61//61
f 103//103 63//63 101//101
f 64//64 102//102 62//62
f 145//145 66//66 103//103
f 145//145 103//103 214//214
f 104//104 105//105 65//65
f 105//105 64//64 65//65
f 106//106 67//67 66//66
f 66//66 145//145 106//106
f 104//104 65//65 68//68
f 70//70 107//107 68//68
f 68//68 107//107 104//104
f 108//108 34//34 69//69
f 106//106 69//69 67//67
f 104//104 107//107 109//109
f 109//109 107//107 70//70
f 151//151 34//34 108//108
f 151//151 108//108 69//69
f 151//151 69//69 148//148
f 218//218 109//109 111//111
f 111//111 109//109 110//110
f 111//111 110//110 151//151
f 112//112 113//113 179//179
f 118//118 112//112 179//179
f 179//179 115//115 118//118
f 182//182 114//114 116//116
f 117//117 114//114 112//112
f 117//117 112//112 118//118
f 121//121 116//116 114//114
f 121//121 114//114 117//117
f 121//121 117//117 118//118
f 122//122 118//118 115//115
f 120//120 116//116 121//121
f 122//122 121//121 118//118
f 119//119 116//116 123//123
f 120//120 121//121 71//71
f 71//71 121//121 122//122
f 122//122 72//72 71//71
f 124//124 72//72 122//122
f 126//126 123//123 116//116
f 73//73 126//126 120//120
f 120//120 126//126 116//116
f 127//127 72//72 124//124
f 127//127 75//75 72//72
f 125//125 123//123 128//128
f 76//76 123//123 73//73
f 73//73 123//123 126//126
f 127//127 74//74 75//75
f 128//128 123//123 76//76
f 127//127 79//79 74//74
f 127//127 197//197 79//79
f 83//83 128//128 76//76
f 84//84 79//79 197//197
f 197//197 198//198 84//84
f 129//129 128//128 199//199
f 199//199 128//128 85//85
f 85//85 128//128 83//83
f 84//84 198//198 261//261
f 130//130 84//84 261//261
f 84//84 130//130 88//88
f 89//89 131//131 85//85
f 130//130 201//201 88//88
f 133//133 131//131 89//89
f 133//133 132//132 131//131
f 51//51 90//90 201//201
f 201//201 266//266 51//51
f 132//132 133//133 134//134
f 134//134 133//133 93//93
f 91//91 93//93 133//133
f 135//135 94//94 92//92
f 95//95 134//134 93//93
f 136//136 94//94 135//135
f 138//138 134//134 95//95
f 139//139 94//94 136//136
f 96//96 138//138 95//95
f 139//139 97//97 94//94
f 138//138 96//96 137//137
f 139//139 98//98 97//97
f 138//138 137//137 141//141
f 61//61 141//141 96//96
f 96//96 141//141 137//137
f 100//100 139//139 140//140
f 100//100 98//98 139//139
f 99//99 141//141 61//61
f 210//210 100//100 140//140
f 62//62 141//141 99//99
f 210//210 101//101 100//100
f 102//102 142//142 62//62
f 62//62 142//142 141//141
f 210//210 103//103 101//101
f 102//102 64//64 142//142
f 144//144 214//214 103//103
f 144//144 103//103 210//210
f 64//64 213//213 143//143
f 64//64 105//105 213//213
f 146//146 106//106 145//145
f 146//146 145//145 214//214
f 147//147 105//105 104//104
f 106//106 148//148 69//69
f 106//106 146//146 148//148
f 278//278 147//147 104//104
f 149//149 278//278 104//104
f 149//149 104//104 109//109
f 151//151 148//148 215//215
f 150//150 149//149 109//109
f 218//218 150//150 109//109
f 285//285 151//151 215//215
f 153//153 152//152 154//154
f 162//162 155//155 153//153
f 162//162 153//153 154//154
f 158//158 162//162 154//154
f 159//159 154//154 156//156
f 164//164 158//158 154//154
f 164//164 154//154 159//159
f 163//163 161//161 155//155
f 157//157 161//161 160//160
f 160//160 161//161 166//166
f 163//163 155//155 162//162
f 162//162 158//158 164//164
f 239//239 164//164 159//159
f 166//166 161//161 163//163
f 167//167 163//163 162//162
f 167//167 162//162 164//164
f 166//166 165//165 160//160
f 165//165 166//166 169//169
f 170//170 166//166 163//163
f 170//170 163//163 167//167
f 164//164 239//239 240//240
f 164//164 240//240 167//167
f 169//169 166//166 170//170
f 168//168 170//170 167//167
f 175//175 165//165 169//169
f 172//172 165//165 175//175
f 174//174 169//169 170//170
f 170//170 168//168 174//174
f 173//173 175//175 169//169
f 178//178 171//171 172//172
f 178//178 172//172 175//175
f 179//179 173//173 169//169
f 175//175 173//173 179//179
f 176//176 169//169 174//174
f 179//179 169//169 176//176
f 171//171 180//180 177//177
f 180//180 171//171 178//178
f 178//178 175//175 114//114
f 114//114 175//175 112//112
f 112//112 175//175 113//113
f 175//175 179//179 113//113
f 180//180 178//178 114//114
f 179//179 176//176 181//181
f 188//188 180//180 182//182
f 114//114 182//182 180//180
f 184//184 115//115 179//179
f 183//183 179//179 181//181
f 184//184 179//179 183//183
f 116//116 186//186 182//182
f 182//182 186//186 188//188
f 185//185 188//188 187//187
f 119//119 188//188 116//116
f 116//116 188//188 186//186
f 189//189 122//122 184//184
f 184//184 122//122 115//115
f 184//184 183//183 189//189
f 119//119 187//187 188//188
f 119//119 191//191 193//193
f 123//123 191//191 119//119
f 122//122 189//189 124//124
f 189//189 192//192 124//124
f 189//189 190//190 192//192
f 125//125 193//193 123//123
f 123//123 193//193 191//191
f 194//194 193//193 125//125
f 124//124 192//192 255//255
f 128//128 194//194 125//125
f 255//255 127//127 124//124
f 195//195 197//197 127//127
f 129//129 196//196 128//128
f 128//128 196//196 194//194
f 199//199 196//196 129//129
f 197//197 261//261 198//198
f 199//199 200//200 264//264
f 85//85 200//200 199//199
f 263//263 130//130 261//261
f 131//131 200//200 85//85
f 263//263 201//201 130//130
f 132//132 200//200 131//131
f 202//202 200//200 132//132
f 267//267 202//202 132//132
f 268//268 51//51 266//266
f 134//134 267//267 132//132
f 92//92 268//268 203//203
f 92//92 51//51 268//268
f 204//204 92//92 203//203
f 204//204 135//135 92//92
f 205//205 206//206 208//208
f 138//138 206//206 134//134
f 134//134 206//206 205//205
f 204//204 136//136 135//135
f 207//207 139//139 204//204
f 204//204 139//139 136//136
f 207//207 204//204 209//209
f 208//208 206//206 138//138
f 211//211 208//208 138//138
f 207//207 209//209 210//210
f 141//141 211//211 138//138
f 207//207 140//140 139//139
f 210//210 140//140 207//207
f 274//274 210//210 273//273
f 142//142 212//212 141//141
f 64//64 212//212 142//142
f 64//64 275//275 212//212
f 143//143 275//275 64//64
f 213//213 105//105 278//278
f 278//278 105//105 147//147
f 216//216 148//148 146//146
f 282//282 278//278 149//149
f 150//150 282//282 149//149
f 216//216 215//215 148//148
f 217//217 282//282 150//150
f 218//218 217//217 150//150
f 111//111 285//285 218//218
f 111//111 151//151 285//285
f 219//219 285//285 215//215
f 220//220 306//306 221//221
f 220//220 224//224 222//222
f 224//224 220//220 226//226
f 223//223 220//220 221//221
f 226//226 220//220 223//223
f 225//225 224//224 226//226
f 226//226 223//223 310//310
f 224//224 229//229 228//228
f 226//226 310//310 227//227
f 229//229 225//225 153//153
f 229//229 224//224 225//225
f 153//153 225//225 152//152
f 231//231 226//226 227//227
f 228//228 229//229 232//232
f 230//230 229//229 153//153
f 152//152 225//225 154//154
f 154//154 225//225 226//226
f 154//154 226//226 156//156
f 226//226 231//231 156//156
f 229//229 230//230 155//155
f 155//155 230//230 153//153
f 231//231 234//234 156//156
f 232//232 229//229 236//236
f 236//236 229//229 233//233
f 161//161 233//233 155//155
f 155//155 233//233 229//229
f 234//234 159//159 156//156
f 157//157 236//236 161//161
f 161//161 236//236 233//233
f 159//159 234//234 237//237
f 234//234 235//235 237//237
f 238//238 236//236 157//157
f 435//435 159//159 237//237
f 435//435 239//239 159//159
f 165//165 241//241 160//160
f 160//160 241//241 157//157
f 172//172 241//241 165//165
f 240//240 168//168 167//167
f 172//172 242//242 241//241
f 243//243 168//168 240//240
f 240//240 321//321 324//324
f 240//240 324//324 243//243
f 171//171 242//242 172//172
f 244//244 242//242 171//171
f 325//325 174//174 168//168
f 168//168 243//243 325//325
f 325//325 326//326 174//174
f 177//177 245//245 171//171
f 171//171 245//245 244//244
f 174//174 326//326 176//176
f 181//181 176//176 246//246
f 245//245 247//247 248//248
f 180//180 247//247 177//177
f 177//177 247//247 245//245
f 188//188 247//247 180//180
f 246//246 183//183 181//181
f 246//246 331//331 183//183
f 185//185 247//247 188//188
f 183//183 331//331 250//250
f 185//185 249//249 247//247
f 249//249 187//187 251//251
f 185//185 187//187 249//249
f 252//252 189//189 250//250
f 250//250 189//189 183//183
f 190//190 189//189 252//252
f 250//250 190//190 252//252
f 253//253 190//190 250//250
f 193//193 254//254 119//119
f 119//119 254//254 187//187
f 192//192 190//190 253//253
f 255//255 192//192 253//253
f 253//253 335//335 255//255
f 254//254 194//194 256//256
f 254//254 193//193 194//194
f 194//194 257//257 256//256
f 195//195 127//127 255//255
f 196//196 257//257 194//194
f 259//259 197//197 339//339
f 339//339 197//197 195//195
f 199//199 258//258 196//196
f 259//259 261//261 197//197
f 260//260 258//258 199//199
f 262//262 260//260 199//199
f 261//261 259//259 263//263
f 264//264 262//262 199//199
f 265//265 201//201 263//263
f 202//202 264//264 200//200
f 265//265 266//266 201//201
f 266//266 203//203 268//268
f 205//205 267//267 134//134
f 464//464 204//204 203//203
f 269//269 267//267 205//205
f 270//270 269//269 205//205
f 208//208 270//270 205//205
f 271//271 209//209 204//204
f 271//271 210//210 209//209
f 273//273 210//210 271//271
f 211//211 272//272 208//208
f 348//348 272//272 141//141
f 272//272 211//211 141//141
f 348//348 141//141 275//275
f 212//212 275//275 141//141
f 351//351 210//210 274//274
f 474//474 210//210 351//351
f 275//275 143//143 276//276
f 474//474 144//144 210//210
f 213//213 276//276 143//143
f 144//144 277//277 214//214
f 280//280 214//214 277//277
f 280//280 146//146 214//214
f 279//279 278//278 281//281
f 282//282 281//281 278//278
f 146//146 280//280 216//216
f 216//216 219//219 215//215
f 357//357 283//283 282//282
f 357//357 282//282 217//217
f 217//217 218//218 284//284
f 218//218 285//285 358//358
f 360//360 284//284 218//218
f 360//360 218//218 286//286
f 286//286 218//218 358//358
f 288//288 290//290 287//287
f 289//289 287//287 292//292
f 292//292 287//287 291//291
f 287//287 290//290 291//291
f 294//294 292//292 291//291
f 293//293 291//291 290//290
f 294//294 291//291 293//293
f 295//295 292//292 294//294
f 302//302 292//292 295//295
f 295//295 294//294 301//301
f 301//301 294//294 293//293
f 298//298 302//302 295//295
f 293//293 296//296 299//299
f 293//293 299//299 301//301
f 303//303 298//298 295//295
f 302//302 298//298 303//303
f 306//306 303//303 295//295
f 306//306 295//295 301//301
f 308//308 300//300 302//302
f 305//305 302//302 303//303
f 420//420 301//301 299//299
f 306//306 301//301 420//420
f 299//299 304//304 420//420
f 307//307 308//308 302//302
f 307//307 302//302 305//305
f 305//305 303//303 220//220
f 220//220 303//303 306//306
f 307//307 305//305 220//220
f 306//306 420//420 424//424
f 309//309 308//308 307//307
f 222//222 309//309 220//220
f 220//220 309//309 307//307
f 310//310 223//223 306//306
f 306//306 223//223 221//221
f 310//310 306//306 424//424
f 308//308 311//311 312//312
f 311//311 309//309 224//224
f 311//311 308//308 309//309
f 224//224 309//309 222//222
f 310//310 424//424 313//313
f 314//314 310//310 313//313
f 228//228 315//315 224//224
f 224//224 315//315 311//311
f 314//314 429//429 310//310
f 310//310 231//231 227//227
f 310//310 429//429 316//316
f 231//231 310//310 316//316
f 232//232 315//315 228//228
f 232//232 317//317 315//315
f 318//318 234//234 316//316
f 316//316 234//234 231//231
f 232//232 236//236 317//317
f 318//318 235//235 234//234
f 435//435 237//237 318//318
f 318//318 237//237 235//235
f 157//157 319//319 238//238
f 438//438 239//239 435//435
f 241//241 320//320 157//157
f 157//157 320//320 319//319
f 438//438 440//440 239//239
f 321//321 240//240 239//239
f 239//239 440//440 321//321
f 242//242 322//322 241//241
f 242//242 323//323 322//322
f 324//324 321//321 441//441
f 244//244 323//323 242//242
f 244//244 442//442 323//323
f 324//324 325//325 243//243
f 244//244 327//327 442//442
f 327//327 244//244 245//245
f 325//325 176//176 326//326
f 246//246 176//176 325//325
f 245//245 328//328 327//327
f 248//248 328//328 245//245
f 447//447 328//328 330//330
f 247//247 328//328 248//248
f 329//329 331//331 246//246
f 329//329 448//448 331//331
f 249//249 330//330 247//247
f 247//247 330//330 328//328
f 331//331 448//448 250//250
f 449//449 330//330 249//249
f 332//332 449//449 249//249
f 250//250 448//448 333//333
f 251//251 332//332 249//249
f 333//333 253//253 250//250
f 450//450 251//251 337//337
f 254//254 251//251 187//187
f 335//335 253//253 333//333
f 334//334 335//335 333//333
f 337//337 251//251 336//336
f 254//254 336//336 251//251
f 455//455 255//255 335//335
f 337//337 336//336 256//256
f 256//256 336//336 254//254
f 257//257 337//337 256//256
f 455//455 195//195 255//255
f 338//338 195//195 455//455
f 196//196 337//337 257//257
f 196//196 341//341 337//337
f 338//338 339//339 195//195
f 258//258 341//341 196//196
f 340//340 259//259 339//339
f 260//260 341//341 258//258
f 341//341 262//262 342//342
f 341//341 260//260 262//262
f 590//590 263//263 259//259
f 342//342 262//262 343//343
f 264//264 343//343 262//262
f 699//699 265//265 263//263
f 202//202 461//461 264//264
f 264//264 461//461 343//343
f 699//699 266//266 265//265
f 595//595 266//266 699//699
f 344//344 461//461 267//267
f 267//267 461//461 202//202
f 269//269 344//344 267//267
f 463//463 203//203 266//266
f 463//463 464//464 203//203
f 270//270 345//345 269//269
f 270//270 346//346 345//345
f 464//464 271//271 204//204
f 208//208 346//346 270//270
f 599//599 271//271 466//466
f 599//599 273//273 271//271
f 347//347 348//348 349//349
f 272//272 348//348 208//208
f 208//208 348//348 347//347
f 350//350 349//349 348//348
f 470//470 274//274 273//273
f 603//603 274//274 470//470
f 275//275 350//350 348//348
f 603//603 351//351 274//274
f 276//276 350//350 275//275
f 277//277 144//144 474//474
f 213//213 352//352 276//276
f 213//213 278//278 279//279
f 354//354 213//213 279//279
f 352//352 213//213 354//354
f 280//280 277//277 353//353
f 279//279 281//281 354//354
f 216//216 280//280 353//353
f 216//216 353//353 355//355
f 481//481 354//354 281//281
f 481//481 281//281 282//282
f 283//283 481//481 282//282
f 356//356 285//285 219//219
f 219//219 216//216 355//355
f 219//219 355//355 356//356
f 357//357 481//481 283//283
f 217//217 284//284 357//357
f 357//357 284//284 484//484
f 616//616 484//484 284//284
f 359//359 284//284 360//360
f 359//359 616//616 284//284
f 286//286 358//358 486//486
f 286//286 486//486 360//360
f 361//361 362//362 494//494
f 362//362 361//361 363//363
f 365//365 362//362 363//363
f 364//364 362//362 365//365
f 366//366 364//364 367//367
f 367//367 364//364 365//365
f 368//368 367//367 365//365
f 371//371 366//366 367//367
f 369//369 366//366 371//371
f 371//371 367//367 368//368
f 370//370 369//369 371//371
f 371//371 368//368 372//372
f 374//374 370//370 371//371
f 373//373 371//371 372//372
f 372//372 515//515 373//373
f 376//376 374//374 371//371
f 375//375 371//371 373//373
f 376//376 371//371 375//375
f 373//373 515//515 375//375
f 380//380 374//374 376//376
f 378//378 374//374 380//380
f 381//381 376//376 375//375
f 380//380 376//376 381//381
f 375//375 377//377 379//379
f 381//381 375//375 379//379
f 378//378 384//384 383//383
f 385//385 378//378 380//380
f 384//384 378//378 385//385
f 379//379 382//382 381//381
f 387//387 385//385 380//380
f 392//392 380//380 381//381
f 387//387 380//380 392//392
f 381//381 382//382 392//392
f 383//383 384//384 388//388
f 391//391 384//384 389//389
f 388//388 384//384 391//391
f 386//386 384//384 385//385
f 389//389 384//384 386//386
f 386//386 385//385 387//387
f 389//389 386//386 387//387
f 392//392 382//382 390//390
f 397//397 388//388 391//391
f 394//394 388//388 397//397
f 391//391 389//389 287//287
f 389//389 398//398 287//287
f 389//389 387//387 398//398
f 398//398 387//387 392//392
f 393//393 392//392 390//390
f 395//395 397//397 391//391
f 289//289 395//395 287//287
f 287//287 395//395 391//391
f 398//398 288//288 287//287
f 534//534 392//392 393//393
f 398//398 392//392 534//534
f 396//396 394//394 397//397
f 397//397 395//395 289//289
f 398//398 290//290 288//288
f 400//400 396//396 397//397
f 292//292 400//400 289//289
f 289//289 400//400 397//397
f 401//401 290//290 398//398
f 401//401 398//398 402//402
f 398//398 534//534 403//403
f 402//402 398//398 403//403
f 404//404 396//396 400//400
f 399//399 396//396 404//404
f 292//292 404//404 400//400
f 401//401 402//402 405//405
f 406//406 399//399 404//404
f 408//408 290//290 401//401
f 408//408 401//401 405//405
f 407//407 406//406 404//404
f 292//292 407//407 404//404
f 412//412 290//290 408//408
f 405//405 409//409 408//408
f 411//411 406//406 407//407
f 413//413 406//406 411//411
f 302//302 411//411 292//292
f 292//292 411//411 407//407
f 412//412 293//293 290//290
f 408//408 409//409 412//412
f 297//297 413//413 302//302
f 302//302 413//413 411//411
f 293//293 412//412 296//296
f 412//412 414//414 296//296
f 412//412 409//409 414//414
f 415//415 413//413 297//297
f 415//415 410//410 413//413
f 416//416 299//299 414//414
f 414//414 299//299 296//296
f 302//302 415//415 297//297
f 300//300 417//417 302//302
f 302//302 417//417 415//415
f 308//308 417//417 300//300
f 420//420 304//304 416//416
f 416//416 304//304 299//299
f 420//420 416//416 418//418
f 418//418 544//544 420//420
f 308//308 419//419 417//417
f 420//420 544//544 422//422
f 308//308 421//421 419//419
f 550//550 420//420 422//422
f 308//308 549//549 421//421
f 550//550 424//424 420//420
f 550//550 425//425 424//424
f 312//312 423//423 308//308
f 308//308 423//423 549//549
f 425//425 314//314 313//313
f 424//424 425//425 313//313
f 427//427 426//426 423//423
f 311//311 427//427 423//423
f 311//311 423//423 312//312
f 425//425 429//429 314//314
f 425//425 553//553 429//429
f 315//315 428//428 311//311
f 311//311 428//428 427//427
f 317//317 428//428 315//315
f 316//316 429//429 555//555
f 430//430 428//428 317//317
f 432//432 430//430 317//317
f 561//561 318//318 555//555
f 555//555 318//318 316//316
f 432//432 236//236 431//431
f 432//432 317//317 236//236
f 433//433 318//318 561//561
f 432//432 431//431 434//434
f 236//236 434//434 431//431
f 435//435 433//433 562//562
f 435//435 318//318 433//433
f 238//238 436//436 236//236
f 236//236 436//436 434//434
f 319//319 437//437 238//238
f 238//238 437//437 436//436
f 674//674 438//438 435//435
f 320//320 437//437 319//319
f 438//438 568//568 440//440
f 437//437 320//320 439//439
f 322//322 320//320 241//241
f 440//440 441//441 321//321
f 320//320 322//322 442//442
f 323//323 442//442 322//322
f 444//444 324//324 441//441
f 327//327 443//443 442//442
f 444//444 325//325 324//324
f 445//445 443//443 327//327
f 446//446 445//445 327//327
f 573//573 246//246 325//325
f 325//325 444//444 573//573
f 328//328 446//446 327//327
f 328//328 447//447 446//446
f 573//573 577//577 246//246
f 448//448 329//329 246//246
f 577//577 448//448 246//246
f 330//330 449//449 447//447
f 451//451 449//449 450//450
f 332//332 450//450 449//449
f 452//452 333//333 448//448
f 451//451 450//450 580//580
f 251//251 450//450 332//332
f 452//452 334//334 333//333
f 453//453 580//580 450//450
f 337//337 453//453 450//450
f 581//581 335//335 334//334
f 337//337 454//454 453//453
f 581//581 455//455 335//335
f 337//337 584//584 454//454
f 337//337 341//341 584//584
f 455//455 456//456 696//696
f 455//455 696//696 338//338
f 340//340 339//339 338//338
f 340//340 338//338 696//696
f 341//341 458//458 457//457
f 588//588 259//259 340//340
f 460//460 259//259 588//588
f 459//459 458//458 342//342
f 342//342 458//458 341//341
f 460//460 590//590 259//259
f 343//343 459//459 342//342
f 343//343 461//461 459//459
f 594//594 263//263 590//590
f 594//594 699//699 263//263
f 344//344 462//462 461//461
f 463//463 266//266 595//595
f 269//269 345//345 344//344
f 597//597 464//464 463//463
f 346//346 465//465 345//345
f 466//466 271//271 464//464
f 208//208 467//467 346//346
f 469//469 468//468 347//347
f 208//208 347//347 467//467
f 467//467 347//347 468//468
f 470//470 273//273 599//599
f 349//349 469//469 347//347
f 472//472 351//351 603//603
f 276//276 471//471 350//350
f 276//276 473//473 471//471
f 472//472 474//474 351//351
f 605//605 473//473 276//276
f 353//353 277//277 474//474
f 352//352 605//605 276//276
f 353//353 475//475 476//476
f 477//477 354//354 478//478
f 355//355 353//353 476//476
f 355//355 476//476 479//479
f 480//480 478//478 354//354
f 480//480 354//354 481//481
f 482//482 483//483 481//481
f 356//356 355//355 479//479
f 357//357 482//482 481//481
f 357//357 483//483 482//482
f 484//484 483//483 357//357
f 358//358 285//285 356//356
f 358//358 356//356 486//486
f 487//487 484//484 616//616
f 616//616 359//359 360//360
f 488//488 616//616 360//360
f 360//360 486//486 485//485
f 360//360 485//485 488//488
f 491//491 492//492 490//490
f 490//490 493//493 489//489
f 493//493 490//490 494//494
f 494//494 490//490 492//492
f 494//494 492//492 495//495
f 500//500 496//496 493//493
f 497//497 500//500 493//493
f 497//497 493//493 498//498
f 498//498 493//493 494//494
f 494//494 499//499 361//361
f 499//499 494//494 495//495
f 500//500 498//498 362//362
f 500//500 497//497 498//498
f 362//362 498//498 494//494
f 361//361 499//499 363//363
f 363//363 499//499 501//501
f 504//504 500//500 502//502
f 364//364 502//502 362//362
f 362//362 502//502 500//500
f 503//503 363//363 501//501
f 366//366 504//504 364//364
f 364//364 504//504 502//502
f 503//503 365//365 363//363
f 503//503 501//501 507//507
f 506//506 505//505 504//504
f 366//366 506//506 504//504
f 510//510 368//368 503//503
f 503//503 368//368 365//365
f 510//510 503//503 507//507
f 508//508 505//505 506//506
f 369//369 508//508 366//366
f 366//366 508//508 506//506
f 509//509 368//368 510//510
f 511//511 508//508 370//370
f 369//369 370//370 508//508
f 509//509 372//372 368//368
f 512//512 511//511 370//370
f 374//374 512//512 370//370
f 509//509 515//515 372//372
f 515//515 509//509 513//513
f 514//514 511//511 512//512
f 374//374 514//514 512//512
f 516//516 515//515 513//513
f 378//378 517//517 374//374
f 374//374 517//517 514//514
f 518//518 377//377 515//515
f 515//515 377//377 375//375
f 519//519 515//515 516//516
f 518//518 515//515 519//519
f 520//520 517//517 521//521
f 378//378 521//521 517//517
f 518//518 379//379 377//377
f 523//523 520//520 521//521
f 383//383 523//523 378//378
f 378//378 523//523 521//521
f 524//524 382//382 518//518
f 518//518 382//382 379//379
f 518//518 519//519 524//524
f 520//520 523//523 383//383
f 388//388 522//522 383//383
f 383//383 522//522 520//520
f 528//528 524//524 525//525
f 525//525 527//527 528//528
f 388//388 526//526 522//522
f 524//524 390//390 382//382
f 524//524 528//528 390//390
f 394//394 526//526 388//388
f 530//530 393//393 528//528
f 528//528 393//393 390//390
f 528//528 527//527 530//530
f 394//394 529//529 526//526
f 532//532 393//393 530//530
f 396//396 531//531 394//394
f 394//394 531//531 529//529
f 532//532 534//534 393//393
f 532//532 535//535 534//534
f 399//399 533//533 396//396
f 396//396 533//533 531//531
f 535//535 402//402 403//403
f 534//534 535//535 403//403
f 537//537 405//405 535//535
f 535//535 405//405 402//402
f 406//406 536//536 399//399
f 413//413 536//536 406//406
f 539//539 409//409 537//537
f 537//537 409//409 405//405
f 537//537 655//655 539//539
f 410//410 538//538 413//413
f 413//413 538//538 536//536
f 414//414 409//409 539//539
f 414//414 539//539 659//659
f 415//415 540//540 410//410
f 414//414 659//659 541//541
f 417//417 540//540 415//415
f 543//543 416//416 541//541
f 541//541 416//416 414//414
f 541//541 544//544 543//543
f 417//417 542//542 540//540
f 543//543 418//418 416//416
f 544//544 418//418 543//543
f 419//419 545//545 417//417
f 417//417 545//545 542//542
f 419//419 421//421 545//545
f 422//422 544//544 548//548
f 549//549 547//547 421//421
f 548//548 550//550 422//422
f 548//548 768//768 550//550
f 551//551 425//425 550//550
f 550//550 666//666 551//551
f 423//423 426//426 549//549
f 666//666 425//425 551//551
f 667//667 425//425 666//666
f 552//552 426//426 427//427
f 668//668 552//552 427//427
f 553//553 425//425 667//667
f 428//428 668//668 427//427
f 428//428 556//556 668//668
f 554//554 429//429 553//553
f 553//553 555//555 554//554
f 556//556 428//428 430//430
f 554//554 555//555 429//429
f 556//556 430//430 558//558
f 556//556 558//558 559//559
f 432//432 558//558 430//430
f 561//561 557//557 560//560
f 561//561 555//555 557//557
f 881//881 561//561 560//560
f 559//559 558//558 432//432
f 563//563 559//559 432//432
f 562//562 433//433 561//561
f 561//561 881//881 670//670
f 561//561 670//670 562//562
f 434//434 563//563 432//432
f 670//670 435//435 562//562
f 436//436 563//563 434//434
f 436//436 564//564 563//563
f 670//670 674//674 435//435
f 437//437 564//564 436//436
f 437//437 565//565 564//564
f 566//566 438//438 674//674
f 439//439 565//565 437//437
f 566//566 568//568 438//438
f 320//320 567//567 439//439
f 320//320 569//569 567//567
f 570//570 441//441 568//568
f 568//568 441//441 440//440
f 442//442 569//569 320//320
f 569//569 442//442 571//571
f 442//442 445//445 571//571
f 442//442 443//443 445//445
f 572//572 441//441 570//570
f 572//572 444//444 441//441
f 572//572 570//570 786//786
f 681//681 444//444 572//572
f 446//446 575//575 445//445
f 681//681 573//573 444//444
f 575//575 447//447 574//574
f 575//575 446//446 447//447
f 575//575 574//574 576//576
f 447//447 576//576 574//574
f 449//449 576//576 447//447
f 577//577 452//452 448//448
f 684//684 576//576 451//451
f 578//578 684//684 451//451
f 451//451 576//576 449//449
f 452//452 688//688 579//579
f 580//580 578//578 451//451
f 689//689 334//334 579//579
f 579//579 334//334 452//452
f 689//689 581//581 334//334
f 689//689 691//691 581//581
f 581//581 691//691 583//583
f 581//581 583//583 582//582
f 583//583 455//455 582//582
f 582//582 455//455 581//581
f 583//583 456//456 455//455
f 696//696 456//456 583//583
f 586//586 584//584 585//585
f 341//341 585//585 584//584
f 586//586 585//585 457//457
f 587//587 586//586 457//457
f 457//457 585//585 341//341
f 696//696 588//588 340//340
f 458//458 587//587 457//457
f 459//459 587//587 458//458
f 591//591 590//590 588//588
f 590//590 460//460 588//588
f 591//591 588//588 589//589
f 461//461 592//592 459//459
f 461//461 593//593 592//592
f 462//462 593//593 461//461
f 700//700 463//463 595//595
f 345//345 596//596 344//344
f 811//811 463//463 700//700
f 811//811 597//597 463//463
f 345//345 704//704 596//596
f 703//703 464//464 597//597
f 465//465 704//704 345//345
f 703//703 466//466 464//464
f 346//346 467//467 465//465
f 705//705 599//599 466//466
f 469//469 467//467 468//468
f 469//469 598//598 467//467
f 601//601 470//470 599//599
f 349//349 602//602 469//469
f 600//600 469//469 602//602
f 350//350 602//602 349//349
f 601//601 603//603 470//470
f 471//471 602//602 350//350
f 471//471 473//473 602//602
f 821//821 472//472 603//603
f 821//821 474//474 472//472
f 711//711 474//474 821//821
f 604//604 473//473 605//605
f 711//711 353//353 474//474
f 475//475 353//353 711//711
f 352//352 714//714 605//605
f 354//354 608//608 607//607
f 714//714 354//354 607//607
f 352//352 354//354 714//714
f 606//606 609//609 476//476
f 606//606 476//476 475//475
f 477//477 608//608 354//354
f 478//478 608//608 477//477
f 479//479 476//476 609//609
f 479//479 609//609 610//610
f 611//611 716//716 478//478
f 480//480 611//611 478//478
f 481//481 611//611 480//480
f 481//481 483//483 611//611
f 356//356 479//479 610//610
f 356//356 610//610 612//612
f 614//614 483//483 484//484
f 614//614 613//613 483//483
f 615//615 484//484 487//487
f 615//615 614//614 484//484
f 616//616 617//617 721//721
f 486//486 356//356 612//612
f 486//486 612//612 485//485
f 487//487 618//618 615//615
f 616//616 618//618 487//487
f 618//618 616//616 721//721
f 616//616 488//488 617//617
f 617//617 488//488 485//485
f 621//621 622//622 620//620
f 624//624 619//619 620//620
f 489//489 624//624 620//620
f 489//489 620//620 490//490
f 490//490 620//620 491//491
f 491//491 620//620 622//622
f 622//622 625//625 492//492
f 622//622 492//492 491//491
f 624//624 627//627 623//623
f 627//627 624//624 493//493
f 493//493 624//624 489//489
f 492//492 625//625 495//495
f 625//625 628//628 495//495
f 625//625 626//626 733//733
f 625//625 733//733 628//628
f 629//629 627//627 496//496
f 496//496 627//627 493//493
f 733//733 734//734 499//499
f 733//733 499//499 495//495
f 628//628 733//733 495//495
f 630//630 501//501 734//734
f 734//734 501//501 499//499
f 504//504 631//631 500//500
f 500//500 631//631 496//496
f 632//632 501//501 630//630
f 505//505 631//631 504//504
f 633//633 501//501 632//632
f 739//739 631//631 634//634
f 635//635 507//507 633//633
f 633//633 507//507 501//501
f 508//508 634//634 505//505
f 505//505 634//634 631//631
f 635//635 510//510 507//507
f 635//635 740//740 510//510
f 511//511 636//636 508//508
f 508//508 636//636 634//634
f 513//513 509//509 510//510
f 510//510 740//740 638//638
f 510//510 638//638 513//513
f 511//511 637//637 636//636
f 743//743 513//513 638//638
f 514//514 639//639 511//511
f 511//511 639//639 637//637
f 516//516 513//513 743//743
f 517//517 640//640 514//514
f 514//514 640//640 639//639
f 642//642 519//519 743//743
f 743//743 519//519 516//516
f 743//743 745//745 747//747
f 743//743 747//747 642//642
f 520//520 641//641 517//517
f 517//517 641//641 640//640
f 642//642 747//747 519//519
f 522//522 746//746 520//520
f 520//520 746//746 641//641
f 525//525 524//524 519//519
f 519//519 747//747 644//644
f 519//519 644//644 525//525
f 522//522 643//643 746//746
f 751//751 525//525 644//644
f 526//526 643//643 522//522
f 527//527 525//525 751//751
f 526//526 646//646 643//643
f 647//647 527//527 751//751
f 751//751 645//645 647//647
f 529//529 648//648 526//526
f 526//526 648//648 646//646
f 647//647 530//530 527//527
f 531//531 648//648 529//529
f 649//649 532//532 647//647
f 647//647 532//532 530//530
f 753//753 648//648 650//650
f 533//533 648//648 531//531
f 651//651 535//535 649//649
f 649//649 535//535 532//532
f 399//399 650//650 533//533
f 533//533 650//650 648//648
f 537//537 535//535 651//651
f 756//756 537//537 651//651
f 536//536 650//650 399//399
f 653//653 537//537 756//756
f 536//536 652//652 650//650
f 653//653 655//655 537//537
f 538//538 654//654 536//536
f 536//536 654//654 652//652
f 410//410 654//654 538//538
f 539//539 655//655 657//657
f 658//658 656//656 654//654
f 654//654 410//410 658//658
f 410//410 540//540 658//658
f 657//657 659//659 539//539
f 657//657 763//763 659//659
f 540//540 660//660 658//658
f 546//546 541//541 659//659
f 659//659 763//763 546//546
f 542//542 660//660 540//540
f 546//546 544//544 541//541
f 545//545 661//661 542//542
f 421//421 661//661 545//545
f 421//421 663//663 661//661
f 548//548 544//544 662//662
f 662//662 544//544 546//546
f 547//547 663//663 421//421
f 662//662 768//768 548//548
f 549//549 663//663 547//547
f 549//549 664//664 663//663
f 770//770 550//550 768//768
f 426//426 664//664 549//549
f 426//426 665//665 664//664
f 770//770 666//666 550//550
f 552//552 665//665 426//426
f 667//667 666//666 772//772
f 772//772 553//553 667//667
f 557//557 555//555 553//553
f 669//669 668//668 556//556
f 559//559 669//669 556//556
f 777//777 881//881 560//560
f 564//564 671//671 563//563
f 674//674 672//672 673//673
f 674//674 670//670 672//672
f 779//779 674//674 673//673
f 565//565 439//439 564//564
f 674//674 779//779 781//781
f 674//674 781//781 566//566
f 675//675 568//568 566//566
f 675//675 566//566 781//781
f 567//567 676//676 439//439
f 783//783 568//568 675//675
f 569//569 676//676 567//567
f 569//569 677//677 676//676
f 783//783 570//570 568//568
f 678//678 570//570 783//783
f 571//571 677//677 569//569
f 678//678 786//786 570//570
f 445//445 679//679 571//571
f 786//786 788//788 572//572
f 445//445 680//680 679//679
f 681//681 572//572 788//788
f 575//575 680//680 445//445
f 683//683 573//573 681//681
f 682//682 680//680 575//575
f 684//684 682//682 575//575
f 683//683 577//577 573//573
f 576//576 684//684 575//575
f 687//687 452//452 686//686
f 452//452 577//577 686//686
f 578//578 685//685 684//684
f 687//687 688//688 452//452
f 687//687 689//689 688//688
f 689//689 579//579 688//688
f 580//580 690//690 578//578
f 795//795 689//689 896//896
f 453//453 690//690 580//580
f 453//453 692//692 690//690
f 795//795 691//691 689//689
f 454//454 692//692 453//453
f 899//899 583//583 691//691
f 584//584 692//692 454//454
f 584//584 693//693 692//692
f 694//694 583//583 899//899
f 695//695 797//797 586//586
f 584//584 586//586 693//693
f 693//693 586//586 797//797
f 694//694 696//696 583//583
f 587//587 697//697 586//586
f 589//589 588//588 696//696
f 459//459 697//697 587//587
f 459//459 803//803 697//697
f 698//698 590//590 591//591
f 698//698 594//594 590//590
f 698//698 591//591 589//589
f 592//592 803//803 459//459
f 906//906 594//594 807//807
f 906//906 699//699 594//594
f 462//462 808//808 593//593
f 700//700 595//595 699//699
f 596//596 701//701 344//344
f 596//596 702//702 701//701
f 703//703 597//597 811//811
f 704//704 702//702 596//596
f 705//705 466//466 703//703
f 467//467 704//704 465//465
f 467//467 598//598 704//704
f 706//706 599//599 705//705
f 469//469 600//600 598//598
f 706//706 601//601 599//599
f 707//707 601//601 706//706
f 708//708 600//600 602//602
f 707//707 603//603 601//601
f 820//820 603//603 707//707
f 473//473 709//709 708//708
f 473//473 708//708 602//602
f 820//820 821//821 603//603
f 604//604 709//709 473//473
f 710//710 709//709 604//604
f 605//605 710//710 604//604
f 712//712 475//475 711//711
f 713//713 609//609 606//606
f 606//606 475//475 712//712
f 606//606 712//712 713//713
f 607//607 608//608 714//714
f 714//714 608//608 716//716
f 716//716 608//608 478//478
f 717//717 715//715 609//609
f 715//715 610//610 609//609
f 718//718 827//827 716//716
f 718//718 716//716 611//611
f 718//718 611//611 483//483
f 717//717 719//719 715//715
f 719//719 612//612 715//715
f 715//715 612//612 610//610
f 613//613 718//718 483//483
f 614//614 830//830 718//718
f 613//613 614//614 718//718
f 720//720 614//614 615//615
f 722//722 617//617 485//485
f 722//722 721//721 617//617
f 722//722 485//485 719//719
f 719//719 485//485 612//612
f 618//618 720//720 615//615
f 720//720 618//618 721//721
f 727//727 619//619 726//726
f 724//724 620//620 723//723
f 620//620 727//727 723//723
f 620//620 619//619 727//727
f 724//724 621//621 620//620
f 728//728 729//729 622//622
f 621//621 728//728 622//622
f 724//724 728//728 621//621
f 730//730 725//725 726//726
f 623//623 730//730 726//726
f 623//623 726//726 624//624
f 624//624 726//726 619//619
f 731//731 622//622 729//729
f 731//731 625//625 622//622
f 625//625 732//732 626//626
f 731//731 732//732 625//625
f 842//842 730//730 627//627
f 627//627 730//730 623//623
f 732//732 733//733 626//626
f 732//732 844//844 733//733
f 629//629 842//842 627//627
f 844//844 734//734 733//733
f 629//629 496//496 735//735
f 630//630 734//734 632//632
f 735//735 736//736 738//738
f 631//631 736//736 496//496
f 496//496 736//736 735//735
f 632//632 848//848 951//951
f 632//632 951//951 737//737
f 736//736 631//631 738//738
f 631//631 739//739 738//738
f 737//737 633//633 632//632
f 634//634 636//636 739//739
f 740//740 635//635 737//737
f 737//737 635//635 633//633
f 740//740 737//737 955//955
f 637//637 741//741 636//636
f 742//742 638//638 740//740
f 740//740 955//955 957//957
f 740//740 957//957 742//742
f 639//639 640//640 637//637
f 742//742 743//743 638//638
f 742//742 957//957 743//743
f 957//957 745//745 743//743
f 641//641 744//744 640//640
f 856//856 747//747 745//745
f 643//643 748//748 746//746
f 749//749 644//644 747//747
f 747//747 645//645 749//749
f 643//643 750//750 748//748
f 749//749 751//751 644//644
f 749//749 645//645 751//751
f 646//646 750//750 643//643
f 646//646 752//752 750//750
f 963//963 647//647 645//645
f 862//862 647//647 963//963
f 648//648 753//753 646//646
f 864//864 647//647 862//862
f 864//864 649//649 647//647
f 650//650 754//754 753//753
f 651//651 864//864 755//755
f 651//651 649//649 864//864
f 650//650 757//757 754//754
f 755//755 756//756 651//651
f 755//755 866//866 967//967
f 755//755 967//967 756//756
f 652//652 757//757 650//650
f 756//756 967//967 758//758
f 654//654 757//757 652//652
f 654//654 759//759 757//757
f 760//760 655//655 756//756
f 756//756 655//655 653//653
f 756//756 758//758 761//761
f 756//756 761//761 760//760
f 654//654 762//762 759//759
f 656//656 762//762 654//654
f 760//760 657//657 655//655
f 763//763 657//657 760//760
f 761//761 763//763 760//760
f 764//764 656//656 658//658
f 660//660 764//764 658//658
f 765//765 546//546 763//763
f 873//873 546//546 765//765
f 661//661 766//766 542//542
f 542//542 766//766 660//660
f 873//873 662//662 546//546
f 875//875 662//662 873//873
f 663//663 767//767 661//661
f 875//875 768//768 662//662
f 664//664 767//767 663//663
f 770//770 768//768 769//769
f 664//664 665//665 767//767
f 772//772 666//666 770//770
f 770//770 879//879 772//772
f 552//552 771//771 665//665
f 975//975 772//772 879//879
f 773//773 771//771 668//668
f 774//774 773//773 668//668
f 668//668 771//771 552//552
f 975//975 553//553 772//772
f 775//775 553//553 975//975
f 669//669 774//774 668//668
f 557//557 775//775 776//776
f 557//557 553//553 775//775
f 777//777 557//557 776//776
f 777//777 560//560 557//557
f 559//559 880//880 669//669
f 563//563 778//778 559//559
f 672//672 670//670 881//881
f 778//778 563//563 671//671
f 778//778 671//671 564//564
f 884//884 779//779 673//673
f 564//564 780//780 782//782
f 439//439 780//780 564//564
f 780//780 439//439 782//782
f 439//439 676//676 782//782
f 781//781 783//783 675//675
f 784//784 783//783 781//781
f 786//786 678//678 783//783
f 571//571 785//785 677//677
f 679//679 787//787 571//571
f 1091//1091 788//788 786//786
f 680//680 787//787 679//679
f 680//680 789//789 787//787
f 790//790 791//791 681//681
f 788//788 790//790 681//681
f 682//682 789//789 680//680
f 791//791 683//683 681//681
f 684//684 792//792 682//682
f 791//791 577//577 683//683
f 1099//1099 577//577 791//791
f 684//684 891//891 792//792
f 1099//1099 686//686 577//577
f 685//685 891//891 684//684
f 686//686 893//893 687//687
f 578//578 690//690 685//685
f 793//793 687//687 893//893
f 689//689 687//687 793//793
f 793//793 896//896 689//689
f 899//899 691//691 795//795
f 693//693 898//898 692//692
f 796//796 694//694 899//899
f 696//696 796//796 798//798
f 694//694 796//796 696//696
f 586//586 799//799 695//695
f 797//797 695//695 799//799
f 798//798 796//796 802//802
f 802//802 796//796 800//800
f 802//802 589//589 696//696
f 802//802 696//696 798//798
f 697//697 799//799 586//586
f 801//801 799//799 697//697
f 801//801 697//697 803//803
f 802//802 800//800 698//698
f 800//800 804//804 698//698
f 802//802 698//698 589//589
f 804//804 594//594 698//698
f 902//902 594//594 804//804
f 592//592 806//806 803//803
f 805//805 803//803 806//806
f 902//902 807//807 594//594
f 593//593 808//808 806//806
f 593//593 806//806 592//592
f 909//909 699//699 906//906
f 462//462 809//809 808//808
f 908//908 808//808 809//809
f 909//909 700//700 699//699
f 344//344 810//810 809//809
f 344//344 809//809 462//462
f 701//701 810//810 344//344
f 912//912 811//811 700//700
f 810//810 701//701 812//812
f 812//812 701//701 702//702
f 813//813 703//703 811//811
f 704//704 814//814 702//702
f 702//702 814//814 812//812
f 914//914 703//703 813//813
f 704//704 598//598 814//814
f 914//914 705//705 703//703
f 598//598 816//816 915//915
f 706//706 815//815 817//817
f 706//706 705//705 815//815
f 600//600 816//816 598//598
f 818//818 707//707 706//706
f 818//818 706//706 817//817
f 708//708 819//819 600//600
f 820//820 707//707 818//818
f 709//709 819//819 708//708
f 923//923 821//821 820//820
f 605//605 823//823 822//822
f 710//710 605//605 822//822
f 824//824 712//712 711//711
f 824//824 711//711 821//821
f 714//714 823//823 605//605
f 824//824 609//609 713//713
f 824//824 713//713 712//712
f 716//716 825//825 714//714
f 825//825 927//927 714//714
f 927//927 823//823 714//714
f 609//609 824//824 826//826
f 827//827 825//825 716//716
f 717//717 609//609 826//826
f 717//717 826//826 829//829
f 718//718 828//828 827//827
f 830//830 828//828 718//718
f 719//719 937//937 832//832
f 719//719 717//717 829//829
f 719//719 829//829 937//937
f 614//614 831//831 830//830
f 720//720 831//831 614//614
f 939//939 831//831 720//720
f 834//834 720//720 721//721
f 834//834 939//939 720//720
f 721//721 832//832 833//833
f 834//834 721//721 833//833
f 832//832 721//721 722//722
f 832//832 722//722 719//719
f 837//837 723//723 836//836
f 837//837 838//838 724//724
f 723//723 837//837 724//724
f 836//836 726//726 835//835
f 726//726 839//839 835//835
f 726//726 725//725 839//839
f 726//726 836//836 727//727
f 727//727 836//836 723//723
f 840//840 724//724 838//838
f 840//840 728//728 724//724
f 728//728 840//840 729//729
f 842//842 946//946 730//730
f 725//725 730//730 839//839
f 839//839 730//730 946//946
f 840//840 731//731 729//729
f 841//841 731//731 840//840
f 841//841 732//732 731//731
f 732//732 841//841 844//844
f 629//629 843//843 842//842
f 847//847 734//734 844//844
f 844//844 845//845 848//848
f 844//844 848//848 847//847
f 846//846 843//843 735//735
f 849//849 846//846 735//735
f 735//735 843//843 629//629
f 847//847 632//632 734//734
f 848//848 632//632 847//847
f 738//738 849//849 735//735
f 849//849 738//738 953//953
f 953//953 738//738 851//851
f 636//636 738//738 739//739
f 850//850 737//737 951//951
f 954//954 737//737 850//850
f 741//741 851//851 636//636
f 636//636 851//851 738//738
f 954//954 955//955 737//737
f 640//640 852//852 637//637
f 637//637 852//852 741//741
f 744//744 853//853 640//640
f 640//640 853//853 852//852
f 745//745 854//854 857//857
f 745//745 957//957 854//854
f 857//857 856//856 745//745
f 746//746 855//855 641//641
f 641//641 855//855 744//744
f 857//857 747//747 856//856
f 859//859 747//747 857//857
f 748//748 858//858 746//746
f 746//746 858//858 855//855
f 859//859 645//645 747//747
f 748//748 750//750 858//858
f 860//860 645//645 859//859
f 752//752 861//861 750//750
f 860//860 963//963 645//645
f 861//861 752//752 964//964
f 753//753 752//752 646//646
f 753//753 863//863 752//752
f 864//864 862//862 865//865
f 753//753 867//867 863//863
f 864//864 865//865 866//866
f 864//864 866//866 755//755
f 754//754 867//867 753//753
f 757//757 867//867 754//754
f 759//759 762//762 757//757
f 656//656 868//868 762//762
f 869//869 763//763 761//761
f 764//764 868//868 656//656
f 764//764 870//870 868//868
f 869//869 765//765 763//763
f 660//660 870//870 764//764
f 660//660 871//871 870//870
f 766//766 871//871 660//660
f 970//970 873//873 765//765
f 661//661 872//872 766//766
f 767//767 872//872 661//661
f 767//767 874//874 872//872
f 767//767 876//876 874//874
f 879//879 768//768 877//877
f 768//768 875//875 877//877
f 665//665 876//876 767//767
f 665//665 878//878 876//876
f 879//879 769//769 768//768
f 770//770 769//769 879//879
f 771//771 878//878 665//665
f 669//669 880//880 774//774
f 777//777 776//776 775//775
f 777//777 775//775 1086//1086
f 979//979 777//777 1086//1086
f 559//559 778//778 880//880
f 979//979 881//881 777//777
f 981//981 672//672 881//881
f 883//883 982//982 778//778
f 882//882 778//778 982//982
f 672//672 981//981 673//673
f 884//884 673//673 981//981
f 564//564 883//883 778//778
f 564//564 885//885 883//883
f 782//782 885//885 564//564
f 884//884 781//781 779//779
f 987//987 781//781 884//884
f 886//886 885//885 782//782
f 782//782 676//676 886//886
f 886//886 676//676 888//888
f 784//784 781//781 987//987
f 677//677 888//888 676//676
f 784//784 887//887 783//783
f 785//785 888//888 677//677
f 887//887 786//786 783//783
f 1091//1091 786//786 887//887
f 571//571 888//888 785//785
f 571//571 889//889 888//888
f 787//787 889//889 571//571
f 991//991 788//788 1091//1091
f 790//790 788//788 991//991
f 682//682 792//792 789//789
f 890//890 1098//1098 791//791
f 890//890 791//791 790//790
f 1098//1098 1099//1099 791//791
f 998//998 686//686 1099//1099
f 685//685 892//892 891//891
f 998//998 893//893 686//686
f 690//690 892//892 685//685
f 690//690 894//894 892//892
f 895//895 793//793 893//893
f 794//794 894//894 690//690
f 896//896 793//793 895//895
f 690//690 897//897 794//794
f 1002//1002 795//795 896//896
f 692//692 897//897 690//690
f 692//692 898//898 897//897
f 899//899 1002//1002 900//900
f 899//899 795//795 1002//1002
f 900//900 796//796 899//899
f 900//900 901//901 796//796
f 901//901 800//800 796//796
f 799//799 801//801 797//797
f 803//803 903//903 801//801
f 902//902 804//804 800//800
f 805//805 903//903 803//803
f 904//904 807//807 902//902
f 808//808 905//905 806//806
f 904//904 906//906 807//807
f 908//908 905//905 808//808
f 909//909 906//906 907//907
f 909//909 907//907 911//911
f 810//810 908//908 809//809
f 810//810 910//910 908//908
f 911//911 912//912 700//700
f 911//911 700//700 909//909
f 812//812 916//916 810//810
f 913//913 813//813 811//811
f 913//913 811//811 912//912
f 916//916 812//812 814//814
f 914//914 813//813 913//913
f 598//598 915//915 916//916
f 598//598 916//916 814//814
f 917//917 705//705 914//914
f 916//916 915//915 918//918
f 917//917 1026//1026 815//815
f 917//917 815//815 705//705
f 816//816 919//919 915//915
f 918//918 915//915 919//919
f 1026//1026 817//817 815//815
f 600//600 920//920 919//919
f 600//600 919//919 816//816
f 1026//1026 818//818 817//817
f 921//921 818//818 1026//1026
f 600//600 922//922 920//920
f 921//921 820//820 818//818
f 1030//1030 820//820 921//921
f 819//819 922//922 600//600
f 1030//1030 923//923 820//820
f 709//709 924//924 819//819
f 922//922 819//819 924//924
f 1033//1033 821//821 923//923
f 710//710 924//924 709//709
f 925//925 924//924 710//710
f 824//824 1033//1033 926//926
f 821//821 1033//1033 824//824
f 822//822 823//823 710//710
f 823//823 925//925 710//710
f 823//823 927//927 925//925
f 930//930 824//824 926//926
f 927//927 929//929 928//928
f 932//932 929//929 825//825
f 929//929 927//927 825//825
f 931//931 826//826 930//930
f 930//930 826//826 824//824
f 827//827 932//932 825//825
f 934//934 933//933 828//828
f 828//828 933//933 827//827
f 933//933 932//932 827//827
f 937//937 829//829 931//931
f 931//931 829//829 826//826
f 828//828 938//938 934//934
f 830//830 938//938 828//828
f 939//939 938//938 831//831
f 938//938 830//830 831//831
f 939//939 940//940 938//938
f 833//833 942//942 941//941
f 832//832 936//936 935//935
f 942//942 832//832 935//935
f 833//833 832//832 942//942
f 936//936 832//832 937//937
f 940//940 939//939 834//834
f 940//940 834//834 941//941
f 941//941 834//834 833//833
f 835//835 944//944 836//836
f 943//943 944//944 835//835
f 836//836 1048//1048 837//837
f 944//944 1048//1048 836//836
f 837//837 945//945 838//838
f 835//835 839//839 943//943
f 943//943 839//839 946//946
f 945//945 840//840 838//838
f 947//947 840//840 945//945
f 841//841 840//840 947//947
f 948//948 946//946 842//842
f 947//947 844//844 841//841
f 950//950 1053//1053 843//843
f 842//842 843//843 948//948
f 948//948 843//843 1053//1053
f 949//949 845//845 844//844
f 846//846 950//950 843//843
f 1055//1055 848//848 845//845
f 1055//1055 951//951 848//848
f 953//953 952//952 849//849
f 741//741 953//953 851//851
f 741//741 956//956 953//953
f 852//852 956//956 741//741
f 957//957 955//955 958//958
f 853//853 956//956 852//852
f 853//853 1058//1058 956//956
f 959//959 854//854 957//957
f 957//957 958//958 960//960
f 957//957 960//960 959//959
f 744//744 1058//1058 853//853
f 744//744 858//858 1058//1058
f 959//959 857//857 854//854
f 960//960 857//857 959//959
f 855//855 858//858 744//744
f 859//859 857//857 960//960
f 750//750 961//961 858//858
f 750//750 962//962 961//961
f 963//963 859//859 1061//1061
f 861//861 962//962 750//750
f 861//861 1062//1062 962//962
f 963//963 860//860 859//859
f 1176//1176 862//862 963//963
f 964//964 863//863 965//965
f 752//752 863//863 964//964
f 1176//1176 865//865 862//862
f 863//863 966//966 965//965
f 863//863 867//867 966//966
f 967//967 866//866 865//865
f 867//867 1069//1069 966//966
f 757//757 1069//1069 867//867
f 757//757 968//968 1069//1069
f 1068//1068 758//758 967//967
f 762//762 968//968 757//757
f 762//762 969//969 968//968
f 1068//1068 761//761 758//758
f 1070//1070 761//761 1068//1068
f 1072//1072 761//761 1070//1070
f 868//868 969//969 762//762
f 1072//1072 869//869 761//761
f 868//868 870//870 969//969
f 1075//1075 869//869 1072//1072
f 1075//1075 765//765 869//869
f 1075//1075 970//970 765//765
f 766//766 872//872 871//871
f 1076//1076 873//873 970//970
f 971//971 873//873 1076//1076
f 971//971 875//875 873//873
f 876//876 878//878 874//874
f 877//877 875//875 972//972
f 875//875 971//971 972//972
f 972//972 879//879 877//877
f 974//974 879//879 972//972
f 771//771 973//973 878//878
f 974//974 975//975 879//879
f 773//773 976//976 771//771
f 774//774 976//976 773//773
f 977//977 775//775 975//975
f 1084//1084 775//775 977//977
f 880//880 978//978 774//774
f 1084//1084 1086//1086 775//775
f 880//880 980//980 978//978
f 778//778 980//980 880//880
f 1207//1207 881//881 979//979
f 882//882 980//980 778//778
f 1207//1207 981//981 881//881
f 984//984 884//884 981//981
f 885//885 983//983 883//883
f 982//982 883//883 983//983
f 985//985 884//884 984//984
f 986//986 983//983 885//885
f 985//985 987//987 884//884
f 886//886 888//888 885//885
f 888//888 986//986 885//885
f 784//784 987//987 988//988
f 988//988 1091//1091 887//887
f 988//988 887//887 784//784
f 888//888 989//989 1092//1092
f 889//889 989//989 888//888
f 990//990 991//991 1091//1091
f 889//889 787//787 992//992
f 790//790 991//991 993//993
f 789//789 994//994 992//992
f 789//789 992//992 787//787
f 993//993 1097//1097 890//890
f 993//993 890//890 790//790
f 792//792 994//994 789//789
f 995//995 994//994 792//792
f 1097//1097 1098//1098 890//890
f 995//995 792//792 996//996
f 891//891 996//996 792//792
f 997//997 996//996 891//891
f 892//892 894//894 891//891
f 997//997 891//891 894//894
f 999//999 893//893 998//998
f 999//999 895//895 893//893
f 794//794 897//897 894//894
f 1000//1000 894//894 897//897
f 999//999 896//896 895//895
f 1104//1104 896//896 999//999
f 1104//1104 1002//1002 896//896
f 898//898 1003//1003 897//897
f 1001//1001 897//897 1003//1003
f 901//901 900//900 1002//1002
f 693//693 1003//1003 898//898
f 1004//1004 1109//1109 1003//1003
f 693//693 1004//1004 1003//1003
f 1003//1003 1109//1109 1107//1107
f 797//797 1004//1004 693//693
f 797//797 1006//1006 1004//1004
f 1005//1005 800//800 901//901
f 801//801 1006//1006 797//797
f 1007//1007 800//800 1005//1005
f 1006//1006 801//801 1009//1009
f 902//902 1007//1007 1008//1008
f 800//800 1007//1007 902//902
f 903//903 1009//1009 801//801
f 1008//1008 1007//1007 1012//1012
f 1012//1012 1007//1007 1010//1010
f 1012//1012 902//902 1008//1008
f 805//805 1013//1013 1009//1009
f 805//805 1009//1009 903//903
f 1011//1011 1009//1009 1013//1013
f 1012//1012 904//904 902//902
f 806//806 1013//1013 805//805
f 905//905 1014//1014 1013//1013
f 905//905 1013//1013 806//806
f 1115//1115 1013//1013 1014//1014
f 1012//1012 1010//1010 1015//1015
f 1015//1015 1010//1010 1016//1016
f 1015//1015 906//906 904//904
f 1015//1015 904//904 1012//1012
f 908//908 1014//1014 905//905
f 1015//1015 1016//1016 907//907
f 1016//1016 1121//1121 907//907
f 1015//1015 907//907 906//906
f 1017//1017 1014//1014 908//908
f 1121//1121 911//911 907//907
f 910//910 1018//1018 908//908
f 1017//1017 908//908 1018//1018
f 912//912 1121//1121 1019//1019
f 911//911 1121//1121 912//912
f 810//810 1020//1020 1018//1018
f 810//810 1018//1018 910//910
f 1021//1021 913//913 912//912
f 1021//1021 912//912 1019//1019
f 916//916 1022//1022 1020//1020
f 916//916 1020//1020 810//810
f 1021//1021 914//914 913//913
f 916//916 1023//1023 1022//1022
f 1024//1024 917//917 914//914
f 1024//1024 914//914 1021//1021
f 916//916 1025//1025 1023//1023
f 918//918 1025//1025 916//916
f 1026//1026 1024//1024 1027//1027
f 1026//1026 917//917 1024//1024
f 1025//1025 918//918 919//919
f 920//920 1028//1028 919//919
f 1029//1029 921//921 1026//1026
f 1029//1029 1026//1026 1027//1027
f 922//922 1134//1134 1028//1028
f 922//922 1028//1028 920//920
f 1030//1030 921//921 1029//1029
f 1031//1031 1134//1134 922//922
f 1030//1030 1029//1029 1032//1032
f 1032//1032 923//923 1030//1030
f 924//924 925//925 922//922
f 1031//1031 922//922 925//925
f 1033//1033 923//923 1032//1032
f 1032//1032 1034//1034 1033//1033
f 1034//1034 926//926 1033//1033
f 927//927 928//928 925//925
f 1141//1141 925//925 1035//1035
f 1035//1035 925//925 928//928
f 1036//1036 930//930 926//926
f 1036//1036 926//926 1034//1034
f 929//929 1035//1035 928//928
f 1038//1038 931//931 930//930
f 1038//1038 930//930 1036//1036
f 933//933 1039//1039 932//932
f 1039//1039 929//929 932//932
f 1040//1040 1036//1036 1037//1037
f 1040//1040 1041//1041 1036//1036
f 1038//1038 1041//1041 937//937
f 1036//1036 1041//1041 1038//1038
f 1038//1038 937//937 931//931
f 938//938 1042//1042 934//934
f 934//934 1042//1042 933//933
f 1042//1042 1039//1039 933//933
f 938//938 1043//1043 1042//1042
f 1046//1046 935//935 1040//1040
f 1040//1040 935//935 936//936
f 1040//1040 936//936 1041//1041
f 1041//1041 936//936 937//937
f 1043//1043 938//938 940//940
f 1043//1043 940//940 1044//1044
f 1044//1044 940//940 941//941
f 1044//1044 941//941 1045//1045
f 1045//1045 941//941 942//942
f 1045//1045 942//942 1046//1046
f 1046//1046 942//942 935//935
f 943//943 1048//1048 944//944
f 1048//1048 1157//1157 837//837
f 837//837 1049//1049 945//945
f 1157//1157 1049//1049 837//837
f 945//945 1049//1049 1158//1158
f 1051//1051 1159//1159 946//946
f 943//943 946//946 1047//1047
f 1047//1047 946//946 1159//1159
f 1158//1158 947//947 945//945
f 946//946 948//948 1051//1051
f 1050//1050 949//949 947//947
f 947//947 949//949 844//844
f 948//948 1053//1053 1051//1051
f 949//949 1052//1052 845//845
f 845//845 1052//1052 1165//1165
f 846//846 1053//1053 950//950
f 846//846 1054//1054 1053//1053
f 1165//1165 1055//1055 845//845
f 849//849 1054//1054 846//846
f 849//849 1166//1166 1054//1054
f 1167//1167 951//951 1055//1055
f 952//952 1166//1166 849//849
f 1167//1167 850//850 951//951
f 953//953 1056//1056 952//952
f 1057//1057 954//954 850//850
f 956//956 1056//1056 953//953
f 1057//1057 955//955 954//954
f 1057//1057 958//958 955//955
f 1059//1059 960//960 958//958
f 858//858 1170//1170 1058//1058
f 1059//1059 859//859 960//960
f 1060//1060 859//859 1059//1059
f 858//858 1173//1173 1170//1170
f 1172//1172 859//859 1060//1060
f 961//961 1173//1173 858//858
f 1172//1172 1061//1061 859//859
f 1311//1311 963//963 1061//1061
f 1064//1064 963//963 1311//1311
f 861//861 1065//1065 1062//1062
f 1063//1063 1062//1062 1065//1065
f 1064//1064 1176//1176 963//963
f 964//964 1065//1065 861//861
f 965//965 966//966 1065//1065
f 965//965 1065//1065 964//964
f 865//865 1176//1176 1066//1066
f 1176//1176 1180//1180 1066//1066
f 1176//1176 1178//1178 1180//1180
f 1066//1066 967//967 865//865
f 966//966 1069//1069 1065//1065
f 967//967 1066//1066 1180//1180
f 1067//1067 967//967 1180//1180
f 1067//1067 1068//1068 967//967
f 969//969 1069//1069 968//968
f 969//969 1071//1071 1069//1069
f 969//969 1073//1073 1071//1071
f 1075//1075 1072//1072 1186//1186
f 870//870 1073//1073 969//969
f 871//871 1073//1073 870//870
f 871//871 1074//1074 1073//1073
f 871//871 1077//1077 1074//1074
f 1076//1076 970//970 1075//1075
f 872//872 1077//1077 871//871
f 874//874 1077//1077 872//872
f 1078//1078 971//971 1076//1076
f 1194//1194 971//971 1078//1078
f 878//878 1079//1079 874//874
f 1194//1194 972//972 971//971
f 1080//1080 972//972 1194//1194
f 1079//1079 973//973 1081//1081
f 878//878 973//973 1079//1079
f 972//972 1080//1080 1082//1082
f 1082//1082 974//974 972//972
f 771//771 1083//1083 973//973
f 1081//1081 973//973 1083//1083
f 1082//1082 975//975 974//974
f 976//976 1083//1083 771//771
f 975//975 1082//1082 1334//1334
f 1084//1084 975//975 1334//1334
f 977//977 975//975 1084//1084
f 774//774 1085//1085 976//976
f 976//976 1085//1085 1083//1083
f 978//978 1085//1085 774//774
f 1084//1084 1337//1337 1086//1086
f 979//979 1086//1086 1337//1337
f 1087//1087 979//979 1337//1337
f 1087//1087 1207//1207 979//979
f 882//882 1088//1088 980//980
f 984//984 981//981 1207//1207
f 983//983 986//986 982//982
f 984//984 1209//1209 1089//1089
f 1089//1089 985//985 984//984
f 1089//1089 987//987 985//985
f 888//888 1090//1090 986//986
f 1089//1089 1211//1211 988//988
f 1211//1211 1213//1213 988//988
f 1089//1089 988//988 987//987
f 1092//1092 1090//1090 888//888
f 1213//1213 1091//1091 988//988
f 1093//1093 990//990 1091//1091
f 1092//1092 889//889 1094//1094
f 989//989 889//889 1092//1092
f 991//991 1093//1093 1095//1095
f 990//990 1093//1093 991//991
f 992//992 1094//1094 889//889
f 992//992 1096//1096 1094//1094
f 1095//1095 1093//1093 993//993
f 1093//1093 1219//1219 993//993
f 1095//1095 993//993 991//991
f 994//994 1096//1096 992//992
f 1219//1219 1097//1097 993//993
f 998//998 1099//1099 1100//1100
f 894//894 1101//1101 997//997
f 1226//1226 999//999 998//998
f 1226//1226 998//998 1100//1100
f 1000//1000 1101//1101 894//894
f 999//999 1226//1226 1103//1103
f 897//897 1102//1102 1000//1000
f 1103//1103 1104//1104 999//999
f 1001//1001 1102//1102 897//897
f 1003//1003 1107//1107 1001//1001
f 1105//1105 901//901 1002//1002
f 1105//1105 1002//1002 1104//1104
f 1106//1106 901//901 1105//1105
f 1108//1108 1005//1005 901//901
f 1108//1108 901//901 1106//1106
f 1006//1006 1109//1109 1004//1004
f 1233//1233 1005//1005 1108//1108
f 1006//1006 1110//1110 1109//1109
f 1111//1111 1007//1007 1005//1005
f 1111//1111 1005//1005 1233//1233
f 1009//1009 1110//1110 1006//1006
f 1111//1111 1238//1238 1007//1007
f 1238//1238 1112//1112 1007//1007
f 1009//1009 1239//1239 1110//1110
f 1009//1009 1113//1113 1239//1239
f 1007//1007 1112//1112 1010//1010
f 1011//1011 1113//1113 1009//1009
f 1117//1117 1112//1112 1114//1114
f 1117//1117 1010//1010 1112//1112
f 1011//1011 1013//1013 1115//1115
f 1116//1116 1115//1115 1119//1119
f 1119//1119 1115//1115 1118//1118
f 1117//1117 1114//1114 1120//1120
f 1120//1120 1016//1016 1010//1010
f 1120//1120 1010//1010 1117//1117
f 1014//1014 1118//1118 1115//1115
f 1120//1120 1114//1114 1121//1121
f 1121//1121 1114//1114 1122//1122
f 1121//1121 1016//1016 1120//1120
f 1017//1017 1118//1118 1014//1014
f 1123//1123 1118//1118 1017//1017
f 1018//1018 1123//1123 1017//1017
f 1124//1124 1019//1019 1122//1122
f 1122//1122 1019//1019 1121//1121
f 1020//1020 1127//1127 1123//1123
f 1020//1020 1123//1123 1018//1018
f 1124//1124 1125//1125 1126//1126
f 1126//1126 1021//1021 1019//1019
f 1126//1126 1019//1019 1124//1124
f 1022//1022 1127//1127 1020//1020
f 1260//1260 1021//1021 1126//1126
f 1023//1023 1128//1128 1127//1127
f 1023//1023 1127//1127 1022//1022
f 1130//1130 1024//1024 1021//1021
f 1130//1130 1021//1021 1260//1260
f 1025//1025 1129//1129 1128//1128
f 1025//1025 1128//1128 1023//1023
f 1131//1131 1129//1129 1025//1025
f 1132//1132 1027//1027 1024//1024
f 1132//1132 1024//1024 1130//1130
f 919//919 1133//1133 1025//1025
f 1131//1131 1025//1025 1133//1133
f 1132//1132 1029//1029 1027//1027
f 1028//1028 1133//1133 919//919
f 1135//1135 1029//1029 1132//1132
f 1137//1137 1029//1029 1135//1135
f 1138//1138 1134//1134 1031//1031
f 1135//1135 1136//1136 1139//1139
f 1135//1135 1140//1140 1137//1137
f 1135//1135 1139//1139 1140//1140
f 1140//1140 1032//1032 1029//1029
f 1140//1140 1029//1029 1137//1137
f 925//925 1141//1141 1031//1031
f 1139//1139 1032//1032 1140//1140
f 1141//1141 1143//1143 1031//1031
f 1139//1139 1145//1145 1034//1034
f 1142//1142 1145//1145 1139//1139
f 1139//1139 1034//1034 1032//1032
f 1035//1035 1148//1148 1141//1141
f 1141//1141 1144//1144 1143//1143
f 1141//1141 1148//1148 1144//1144
f 1146//1146 1145//1145 1142//1142
f 1147//1147 1036//1036 1034//1034
f 1147//1147 1034//1034 1145//1145
f 929//929 1148//1148 1035//1035
f 1148//1148 929//929 1039//1039
f 1144//1144 1148//1148 1149//1149
f 1153//1153 1145//1145 1146//1146
f 1153//1153 1147//1147 1145//1145
f 1147//1147 1037//1037 1036//1036
f 1148//1148 1039//1039 1042//1042
f 1149//1149 1148//1148 1042//1042
f 1149//1149 1154//1154 1150//1150
f 1150//1150 1154//1154 1151//1151
f 1151//1151 1155//1155 1152//1152
f 1152//1152 1155//1155 1153//1153
f 1147//1147 1153//1153 1040//1040
f 1147//1147 1040//1040 1037//1037
f 1149//1149 1042//1042 1043//1043
f 1149//1149 1043//1043 1154//1154
f 1154//1154 1043//1043 1044//1044
f 1154//1154 1044//1044 1151//1151
f 1151//1151 1044//1044 1045//1045
f 1151//1151 1045//1045 1155//1155
f 1155//1155 1045//1045 1046//1046
f 1155//1155 1046//1046 1153//1153
f 1153//1153 1046//1046 1040//1040
f 1288//1288 1047//1047 1156//1156
f 943//943 1047//1047 1288//1288
f 943//943 1288//1288 1048//1048
f 1288//1288 1157//1157 1048//1048
f 1049//1049 1157//1157 1158//1158
f 1160//1160 1159//1159 1051//1051
f 1157//1157 1050//1050 1158//1158
f 1050//1050 947//947 1158//1158
f 1160//1160 1051//1051 1161//1161
f 1050//1050 1162//1162 949//949
f 1052//1052 949//949 1162//1162
f 1163//1163 1164//1164 1053//1053
f 1164//1164 1051//1051 1053//1053
f 1164//1164 1161//1161 1051//1051
f 1165//1165 1052//1052 1162//1162
f 1054//1054 1163//1163 1053//1053
f 1166//1166 1163//1163 1054//1054
f 1165//1165 1167//1167 1055//1055
f 952//952 1056//1056 1166//1166
f 1301//1301 850//850 1167//1167
f 1301//1301 1057//1057 850//850
f 1302//1302 1057//1057 1301//1301
f 956//956 1299//1299 1056//1056
f 956//956 1168//1168 1299//1299
f 1305//1305 1057//1057 1302//1302
f 1058//1058 1168//1168 956//956
f 958//958 1057//1057 1169//1169
f 1057//1057 1305//1305 1169//1169
f 1169//1169 1059//1059 958//958
f 1059//1059 1169//1169 1306//1306
f 1171//1171 1170//1170 1309//1309
f 1309//1309 1170//1170 1173//1173
f 1172//1172 1059//1059 1306//1306
f 1060//1060 1059//1059 1172//1172
f 961//961 1174//1174 1173//1173
f 1309//1309 1173//1173 1174//1174
f 1311//1311 1061//1061 1172//1172
f 962//962 1174//1174 961//961
f 1062//1062 1174//1174 962//962
f 1062//1062 1063//1063 1174//1174
f 1063//1063 1175//1175 1174//1174
f 1176//1176 1064//1064 1311//1311
f 1315//1315 1178//1178 1176//1176
f 1065//1065 1177//1177 1063//1063
f 1065//1065 1179//1179 1177//1177
f 1069//1069 1179//1179 1065//1065
f 1069//1069 1181//1181 1179//1179
f 1069//1069 1182//1182 1181//1181
f 1184//1184 1068//1068 1067//1067
f 1069//1069 1183//1183 1182//1182
f 1184//1184 1070//1070 1068//1068
f 1071//1071 1183//1183 1069//1069
f 1184//1184 1319//1319 1185//1185
f 1184//1184 1072//1072 1070//1070
f 1073//1073 1183//1183 1071//1071
f 1184//1184 1185//1185 1186//1186
f 1186//1186 1072//1072 1184//1184
f 1073//1073 1187//1187 1183//1183
f 1075//1075 1186//1186 1185//1185
f 1187//1187 1073//1073 1191//1191
f 1185//1185 1189//1189 1075//1075
f 1074//1074 1191//1191 1073//1073
f 1188//1188 1191//1191 1190//1190
f 1078//1078 1075//1075 1189//1189
f 1077//1077 1191//1191 1074//1074
f 1190//1190 1191//1191 1323//1323
f 1078//1078 1076//1076 1075//1075
f 1077//1077 1192//1192 1191//1191
f 1323//1323 1191//1191 1193//1193
f 1193//1193 1191//1191 1192//1192
f 874//874 1192//1192 1077//1077
f 1079//1079 1192//1192 874//874
f 1193//1193 1192//1192 1195//1195
f 1079//1079 1081//1081 1192//1192
f 1195//1195 1192//1192 1196//1196
f 1196//1196 1192//1192 1081//1081
f 1197//1197 1080//1080 1194//1194
f 1197//1197 1082//1082 1080//1080
f 1332//1332 1082//1082 1197//1197
f 1083//1083 1198//1198 1081//1081
f 1332//1332 1334//1334 1082//1082
f 1334//1334 1200//1200 1199//1199
f 1199//1199 1084//1084 1334//1334
f 1201//1201 1083//1083 1085//1085
f 1084//1084 1199//1199 1200//1200
f 1336//1336 1084//1084 1200//1200
f 978//978 1202//1202 1085//1085
f 1201//1201 1085//1085 1202//1202
f 1336//1336 1337//1337 1084//1084
f 980//980 1202//1202 978//978
f 1204//1204 1087//1087 1337//1337
f 1088//1088 1340//1340 1202//1202
f 980//980 1088//1088 1202//1202
f 1202//1202 1340//1340 1203//1203
f 1204//1204 1207//1207 1087//1087
f 882//882 1206//1206 1088//1088
f 1207//1207 1204//1204 1205//1205
f 982//982 1206//1206 882//882
f 982//982 1208//1208 1206//1206
f 1207//1207 1209//1209 984//984
f 986//986 1208//1208 982//982
f 1344//1344 1089//1089 1209//1209
f 1344//1344 1211//1211 1089//1089
f 986//986 1090//1090 1210//1210
f 1092//1092 1214//1214 1090//1090
f 1212//1212 1090//1090 1214//1214
f 1091//1091 1213//1213 1215//1215
f 1216//1216 1215//1215 1217//1217
f 1216//1216 1093//1093 1091//1091
f 1216//1216 1091//1091 1215//1215
f 1094//1094 1214//1214 1092//1092
f 1094//1094 1348//1348 1214//1214
f 1216//1216 1217//1217 1093//1093
f 1217//1217 1219//1219 1093//1093
f 1094//1094 1096//1096 1218//1218
f 994//994 1220//1220 1096//1096
f 1097//1097 1219//1219 1221//1221
f 995//995 1220//1220 994//994
f 1223//1223 1098//1098 1097//1097
f 1223//1223 1097//1097 1221//1221
f 1222//1222 995//995 996//996
f 1223//1223 1099//1099 1098//1098
f 997//997 1101//1101 996//996
f 1222//1222 996//996 1101//1101
f 1223//1223 1224//1224 1100//1100
f 1224//1224 1358//1358 1100//1100
f 1223//1223 1100//1100 1099//1099
f 1358//1358 1226//1226 1100//1100
f 1000//1000 1102//1102 1101//1101
f 1225//1225 1101//1101 1102//1102
f 1227//1227 1103//1103 1226//1226
f 1104//1104 1227//1227 1228//1228
f 1103//1103 1227//1227 1104//1104
f 1001//1001 1229//1229 1102//1102
f 1366//1366 1102//1102 1229//1229
f 1232//1232 1105//1105 1104//1104
f 1232//1232 1104//1104 1228//1228
f 1107//1107 1230//1230 1229//1229
f 1107//1107 1229//1229 1001//1001
f 1232//1232 1106//1106 1105//1105
f 1232//1232 1231//1231 1233//1233
f 1232//1232 1108//1108 1106//1106
f 1107//1107 1237//1237 1230//1230
f 1368//1368 1230//1230 1237//1237
f 1233//1233 1108//1108 1232//1232
f 1109//1109 1234//1234 1237//1237
f 1109//1109 1237//1237 1107//1107
f 1235//1235 1111//1111 1233//1233
f 1110//1110 1236//1236 1234//1234
f 1110//1110 1234//1234 1109//1109
f 1234//1234 1236//1236 1237//1237
f 1236//1236 1242//1242 1237//1237
f 1238//1238 1111//1111 1235//1235
f 1239//1239 1236//1236 1110//1110
f 1242//1242 1236//1236 1239//1239
f 1241//1241 1240//1240 1235//1235
f 1240//1240 1238//1238 1235//1235
f 1240//1240 1112//1112 1238//1238
f 1113//1113 1245//1245 1239//1239
f 1239//1239 1245//1245 1244//1244
f 1242//1242 1239//1239 1244//1244
f 1240//1240 1241//1241 1112//1112
f 1011//1011 1245//1245 1113//1113
f 1241//1241 1243//1243 1247//1247
f 1241//1241 1114//1114 1112//1112
f 1115//1115 1245//1245 1011//1011
f 1245//1245 1115//1115 1116//1116
f 1246//1246 1244//1244 1245//1245
f 1247//1247 1114//1114 1241//1241
f 1119//1119 1248//1248 1245//1245
f 1119//1119 1245//1245 1116//1116
f 1246//1246 1245//1245 1248//1248
f 1249//1249 1114//1114 1247//1247
f 1118//1118 1250//1250 1248//1248
f 1118//1118 1248//1248 1119//1119
f 1251//1251 1253//1253 1249//1249
f 1253//1253 1122//1122 1114//1114
f 1253//1253 1114//1114 1249//1249
f 1123//1123 1250//1250 1118//1118
f 1254//1254 1250//1250 1123//1123
f 1251//1251 1252//1252 1404//1404
f 1251//1251 1124//1124 1122//1122
f 1251//1251 1122//1122 1253//1253
f 1254//1254 1123//1123 1255//1255
f 1251//1251 1259//1259 1125//1125
f 1404//1404 1259//1259 1251//1251
f 1251//1251 1125//1125 1124//1124
f 1127//1127 1256//1256 1255//1255
f 1127//1127 1255//1255 1123//1123
f 1259//1259 1126//1126 1125//1125
f 1405//1405 1255//1255 1258//1258
f 1258//1258 1255//1255 1256//1256
f 1409//1409 1259//1259 1257//1257
f 1260//1260 1126//1126 1259//1259
f 1128//1128 1256//1256 1127//1127
f 1258//1258 1256//1256 1261//1261
f 1259//1259 1409//1409 1267//1267
f 1259//1259 1262//1262 1260//1260
f 1259//1259 1267//1267 1262//1262
f 1262//1262 1130//1130 1260//1260
f 1129//1129 1131//1131 1256//1256
f 1129//1129 1256//1256 1128//1128
f 1256//1256 1263//1263 1261//1261
f 1256//1256 1131//1131 1263//1263
f 1267//1267 1265//1265 1262//1262
f 1265//1265 1130//1130 1262//1262
f 1131//1131 1266//1266 1263//1263
f 1274//1274 1267//1267 1264//1264
f 1267//1267 1268//1268 1265//1265
f 1267//1267 1277//1277 1268//1268
f 1268//1268 1132//1132 1130//1130
f 1268//1268 1130//1130 1265//1265
f 1133//1133 1269//1269 1131//1131
f 1131//1131 1273//1273 1266//1266
f 1131//1131 1269//1269 1273//1273
f 1267//1267 1272//1272 1277//1277
f 1267//1267 1274//1274 1272//1272
f 1277//1277 1132//1132 1268//1268
f 1028//1028 1269//1269 1133//1133
f 1270//1270 1266//1266 1273//1273
f 1275//1275 1274//1274 1271//1271
f 1274//1274 1276//1276 1272//1272
f 1277//1277 1135//1135 1132//1132
f 1134//1134 1269//1269 1028//1028
f 1269//1269 1278//1278 1273//1273
f 1269//1269 1283//1283 1278//1278
f 1273//1273 1279//1279 1275//1275
f 1273//1273 1278//1278 1279//1279
f 1279//1279 1274//1274 1275//1275
f 1274//1274 1279//1279 1276//1276
f 1277//1277 1276//1276 1136//1136
f 1272//1272 1276//1276 1277//1277
f 1277//1277 1136//1136 1135//1135
f 1138//1138 1280//1280 1269//1269
f 1138//1138 1269//1269 1134//1134
f 1269//1269 1280//1280 1283//1283
f 1279//1279 1281//1281 1276//1276
f 1276//1276 1281//1281 1285//1285
f 1285//1285 1139//1139 1136//1136
f 1285//1285 1136//1136 1276//1276
f 1280//1280 1138//1138 1031//1031
f 1282//1282 1280//1280 1031//1031
f 1280//1280 1282//1282 1283//1283
f 1278//1278 1284//1284 1279//1279
f 1279//1279 1284//1284 1281//1281
f 1285//1285 1142//1142 1139//1139
f 1143//1143 1282//1282 1031//1031
f 1281//1281 1286//1286 1285//1285
f 1281//1281 1284//1284 1286//1286
f 1286//1286 1142//1142 1285//1285
f 1143//1143 1151//1151 1282//1282
f 1282//1282 1287//1287 1283//1283
f 1282//1282 1151//1151 1287//1287
f 1283//1283 1153//1153 1278//1278
f 1283//1283 1287//1287 1153//1153
f 1278//1278 1286//1286 1284//1284
f 1278//1278 1153//1153 1286//1286
f 1286//1286 1146//1146 1142//1142
f 1149//1149 1143//1143 1144//1144
f 1143//1143 1149//1149 1150//1150
f 1143//1143 1150//1150 1151//1151
f 1287//1287 1151//1151 1152//1152
f 1287//1287 1152//1152 1153//1153
f 1286//1286 1153//1153 1146//1146
f 1289//1289 1157//1157 1288//1288
f 1047//1047 1159//1159 1290//1290
f 1047//1047 1290//1290 1156//1156
f 1156//1156 1290//1290 1288//1288
f 1288//1288 1290//1290 1289//1289
f 1289//1289 1291//1291 1157//1157
f 1291//1291 1050//1050 1157//1157
f 1291//1291 1292//1292 1050//1050
f 1292//1292 1419//1419 1050//1050
f 1162//1162 1050//1050 1419//1419
f 1161//1161 1293//1293 1160//1160
f 1160//1160 1293//1293 1159//1159
f 1419//1419 1422//1422 1162//1162
f 1164//1164 1296//1296 1161//1161
f 1161//1161 1296//1296 1293//1293
f 1162//1162 1294//1294 1297//1297
f 1162//1162 1422//1422 1294//1294
f 1297//1297 1165//1165 1162//1162
f 1295//1295 1296//1296 1163//1163
f 1296//1296 1164//1164 1163//1163
f 1167//1167 1165//1165 1297//1297
f 1163//1163 1298//1298 1295//1295
f 1166//1166 1298//1298 1163//1163
f 1295//1295 1298//1298 1296//1296
f 1056//1056 1298//1298 1166//1166
f 1056//1056 1427//1427 1298//1298
f 1426//1426 1301//1301 1167//1167
f 1427//1427 1056//1056 1299//1299
f 1300//1300 1299//1299 1304//1304
f 1304//1304 1299//1299 1303//1303
f 1168//1168 1303//1303 1299//1299
f 1058//1058 1303//1303 1168//1168
f 1304//1304 1303//1303 1171//1171
f 1306//1306 1169//1169 1305//1305
f 1170//1170 1303//1303 1058//1058
f 1170//1170 1171//1171 1303//1303
f 1309//1309 1307//1307 1171//1171
f 1308//1308 1172//1172 1306//1306
f 1310//1310 1172//1172 1308//1308
f 1174//1174 1175//1175 1309//1309
f 1311//1311 1310//1310 1438//1438
f 1311//1311 1172//1172 1310//1310
f 1063//1063 1439//1439 1175//1175
f 1063//1063 1312//1312 1439//1439
f 1313//1313 1176//1176 1311//1311
f 1313//1313 1311//1311 1438//1438
f 1177//1177 1312//1312 1063//1063
f 1313//1313 1315//1315 1176//1176
f 1315//1315 1313//1313 1443//1443
f 1179//1179 1314//1314 1177//1177
f 1316//1316 1314//1314 1179//1179
f 1315//1315 1180//1180 1178//1178
f 1317//1317 1180//1180 1315//1315
f 1316//1316 1179//1179 1181//1181
f 1317//1317 1067//1067 1180//1180
f 1182//1182 1318//1318 1181//1181
f 1316//1316 1181//1181 1318//1318
f 1317//1317 1184//1184 1067//1067
f 1183//1183 1318//1318 1182//1182
f 1317//1317 1319//1319 1184//1184
f 1183//1183 1320//1320 1318//1318
f 1452//1452 1185//1185 1319//1319
f 1321//1321 1185//1185 1452//1452
f 1187//1187 1322//1322 1320//1320
f 1187//1187 1320//1320 1183//1183
f 1456//1456 1320//1320 1188//1188
f 1188//1188 1320//1320 1322//1322
f 1185//1185 1321//1321 1455//1455
f 1191//1191 1322//1322 1187//1187
f 1191//1191 1188//1188 1322//1322
f 1324//1324 1189//1189 1185//1185
f 1324//1324 1185//1185 1455//1455
f 1324//1324 1078//1078 1189//1189
f 1193//1193 1326//1326 1323//1323
f 1324//1324 1325//1325 1327//1327
f 1327//1327 1078//1078 1324//1324
f 1327//1327 1325//1325 1329//1329
f 1327//1327 1194//1194 1078//1078
f 1196//1196 1193//1193 1195//1195
f 1196//1196 1328//1328 1193//1193
f 1329//1329 1197//1197 1194//1194
f 1329//1329 1194//1194 1327//1327
f 1328//1328 1081//1081 1330//1330
f 1196//1196 1081//1081 1328//1328
f 1332//1332 1197//1197 1329//1329
f 1198//1198 1330//1330 1081//1081
f 1331//1331 1330//1330 1198//1198
f 1470//1470 1334//1334 1332//1332
f 1083//1083 1335//1335 1198//1198
f 1334//1334 1470//1470 1333//1333
f 1201//1201 1335//1335 1083//1083
f 1200//1200 1334//1334 1336//1336
f 1202//1202 1203//1203 1201//1201
f 1201//1201 1203//1203 1335//1335
f 1337//1337 1336//1336 1339//1339
f 1339//1339 1204//1204 1337//1337
f 1340//1340 1338//1338 1203//1203
f 1204//1204 1339//1339 1341//1341
f 1205//1205 1204//1204 1341//1341
f 1206//1206 1208//1208 1340//1340
f 1206//1206 1340//1340 1088//1088
f 1342//1342 1207//1207 1205//1205
f 1480//1480 1209//1209 1207//1207
f 1480//1480 1207//1207 1342//1342
f 986//986 1345//1345 1208//1208
f 1343//1343 1208//1208 1345//1345
f 1344//1344 1209//1209 1480//1480
f 1210//1210 1345//1345 986//986
f 1346//1346 1211//1211 1344//1344
f 1090//1090 1212//1212 1210//1210
f 1212//1212 1345//1345 1210//1210
f 1346//1346 1213//1213 1211//1211
f 1214//1214 1348//1348 1212//1212
f 1346//1346 1347//1347 1215//1215
f 1347//1347 1217//1217 1215//1215
f 1346//1346 1215//1215 1213//1213
f 1348//1348 1350//1350 1349//1349
f 1094//1094 1218//1218 1348//1348
f 1350//1350 1348//1348 1352//1352
f 1352//1352 1348//1348 1218//1218
f 1217//1217 1351//1351 1353//1353
f 1096//1096 1352//1352 1218//1218
f 1353//1353 1219//1219 1217//1217
f 1096//1096 1220//1220 1354//1354
f 1492//1492 1355//1355 1353//1353
f 1355//1355 1221//1221 1353//1353
f 1353//1353 1221//1221 1219//1219
f 995//995 1356//1356 1354//1354
f 995//995 1354//1354 1220//1220
f 1499//1499 1223//1223 1221//1221
f 1499//1499 1221//1221 1355//1355
f 1222//1222 1356//1356 995//995
f 1358//1358 1224//1224 1223//1223
f 1358//1358 1223//1223 1499//1499
f 1101//1101 1357//1357 1222//1222
f 1356//1356 1222//1222 1357//1357
f 1225//1225 1357//1357 1101//1101
f 1359//1359 1357//1357 1225//1225
f 1360//1360 1361//1361 1358//1358
f 1361//1361 1226//1226 1358//1358
f 1102//1102 1362//1362 1225//1225
f 1225//1225 1362//1362 1364//1364
f 1360//1360 1227//1227 1226//1226
f 1360//1360 1226//1226 1361//1361
f 1366//1366 1362//1362 1102//1102
f 1362//1362 1366//1366 1364//1364
f 1360//1360 1365//1365 1228//1228
f 1363//1363 1365//1365 1360//1360
f 1360//1360 1228//1228 1227//1227
f 1366//1366 1367//1367 1364//1364
f 1370//1370 1232//1232 1228//1228
f 1370//1370 1228//1228 1365//1365
f 1230//1230 1368//1368 1366//1366
f 1230//1230 1366//1366 1229//1229
f 1369//1369 1367//1367 1366//1366
f 1370//1370 1231//1231 1232//1232
f 1368//1368 1374//1374 1366//1366
f 1369//1369 1366//1366 1374//1374
f 1372//1372 1233//1233 1231//1231
f 1372//1372 1231//1231 1370//1370
f 1237//1237 1373//1373 1368//1368
f 1368//1368 1376//1376 1374//1374
f 1368//1368 1373//1373 1376//1376
f 1370//1370 1371//1371 1381//1381
f 1370//1370 1375//1375 1372//1372
f 1370//1370 1381//1381 1375//1375
f 1375//1375 1235//1235 1233//1233
f 1375//1375 1233//1233 1372//1372
f 1374//1374 1376//1376 1377//1377
f 1381//1381 1379//1379 1375//1375
f 1379//1379 1235//1235 1375//1375
f 1373//1373 1237//1237 1242//1242
f 1377//1377 1376//1376 1380//1380
f 1382//1382 1381//1381 1378//1378
f 1381//1381 1384//1384 1379//1379
f 1381//1381 1383//1383 1384//1384
f 1384//1384 1235//1235 1379//1379
f 1242//1242 1385//1385 1373//1373
f 1373//1373 1387//1387 1376//1376
f 1373//1373 1385//1385 1387//1387
f 1380//1380 1376//1376 1386//1386
f 1386//1386 1376//1376 1387//1387
f 1381//1381 1382//1382 1389//1389
f 1381//1381 1389//1389 1383//1383
f 1384//1384 1383//1383 1241//1241
f 1384//1384 1241//1241 1235//1235
f 1390//1390 1389//1389 1382//1382
f 1389//1389 1243//1243 1241//1241
f 1389//1389 1241//1241 1383//1383
f 1244//1244 1385//1385 1242//1242
f 1385//1385 1392//1392 1387//1387
f 1387//1387 1392//1392 1388//1388
f 1393//1393 1388//1388 1390//1390
f 1388//1388 1389//1389 1390//1390
f 1388//1388 1394//1394 1389//1389
f 1389//1389 1395//1395 1391//1391
f 1389//1389 1394//1394 1395//1395
f 1391//1391 1247//1247 1243//1243
f 1391//1391 1243//1243 1389//1389
f 1246//1246 1396//1396 1385//1385
f 1246//1246 1385//1385 1244//1244
f 1385//1385 1397//1397 1392//1392
f 1385//1385 1396//1396 1397//1397
f 1388//1388 1392//1392 1400//1400
f 1388//1388 1400//1400 1394//1394
f 1395//1395 1249//1249 1247//1247
f 1395//1395 1247//1247 1391//1391
f 1248//1248 1396//1396 1246//1246
f 1392//1392 1397//1397 1400//1400
f 1394//1394 1398//1398 1395//1395
f 1394//1394 1400//1400 1398//1398
f 1398//1398 1251//1251 1249//1249
f 1398//1398 1249//1249 1395//1395
f 1250//1250 1396//1396 1248//1248
f 1396//1396 1399//1399 1397//1397
f 1397//1397 1399//1399 1402//1402
f 1397//1397 1402//1402 1400//1400
f 1400//1400 1406//1406 1398//1398
f 1398//1398 1252//1252 1251//1251
f 1254//1254 1401//1401 1396//1396
f 1254//1254 1396//1396 1250//1250
f 1396//1396 1401//1401 1399//1399
f 1402//1402 1403//1403 1400//1400
f 1400//1400 1403//1403 1406//1406
f 1406//1406 1404//1404 1398//1398
f 1404//1404 1252//1252 1398//1398
f 1255//1255 1405//1405 1401//1401
f 1255//1255 1401//1401 1254//1254
f 1401//1401 1405//1405 1399//1399
f 1406//1406 1407//1407 1404//1404
f 1407//1407 1259//1259 1404//1404
f 1399//1399 1405//1405 1410//1410
f 1399//1399 1410//1410 1402//1402
f 1403//1403 1409//1409 1406//1406
f 1406//1406 1409//1409 1407//1407
f 1407//1407 1257//1257 1259//1259
f 1258//1258 1410//1410 1405//1405
f 1410//1410 1408//1408 1402//1402
f 1402//1402 1408//1408 1403//1403
f 1403//1403 1408//1408 1409//1409
f 1407//1407 1409//1409 1257//1257
f 1261//1261 1410//1410 1258//1258
f 1410//1410 1411//1411 1408//1408
f 1408//1408 1412//1412 1409//1409
f 1412//1412 1267//1267 1409//1409
f 1263//1263 1415//1415 1410//1410
f 1263//1263 1410//1410 1261//1261
f 1411//1411 1413//1413 1408//1408
f 1411//1411 1410//1410 1413//1413
f 1408//1408 1414//1414 1412//1412
f 1408//1408 1413//1413 1414//1414
f 1414//1414 1264//1264 1267//1267
f 1414//1414 1267//1267 1412//1412
f 1266//1266 1415//1415 1263//1263
f 1410//1410 1415//1415 1413//1413
f 1414//1414 1413//1413 1274//1274
f 1414//1414 1274//1274 1264//1264
f 1270//1270 1415//1415 1266//1266
f 1415//1415 1416//1416 1413//1413
f 1416//1416 1271//1271 1274//1274
f 1416//1416 1274//1274 1413//1413
f 1273//1273 1275//1275 1415//1415
f 1273//1273 1415//1415 1270//1270
f 1415//1415 1275//1275 1416//1416
f 1416//1416 1275//1275 1271//1271
f 1290//1290 1159//1159 1417//1417
f 1290//1290 1528//1528 1289//1289
f 1292//1292 1289//1289 1418//1418
f 1291//1291 1289//1289 1292//1292
f 1419//1419 1292//1292 1418//1418
f 1293//1293 1529//1529 1159//1159
f 1293//1293 1420//1420 1529//1529
f 1159//1159 1529//1529 1417//1417
f 1289//1289 1531//1531 1418//1418
f 1418//1418 1531//1531 1419//1419
f 1419//1419 1531//1531 1421//1421
f 1419//1419 1421//1421 1422//1422
f 1424//1424 1423//1423 1296//1296
f 1423//1423 1293//1293 1296//1296
f 1423//1423 1420//1420 1293//1293
f 1421//1421 1534//1534 1422//1422
f 1294//1294 1422//1422 1534//1534
f 1296//1296 1425//1425 1424//1424
f 1294//1294 1167//1167 1297//1297
f 1425//1425 1296//1296 1298//1298
f 1426//1426 1294//1294 1428//1428
f 1426//1426 1167//1167 1294//1294
f 1427//1427 1425//1425 1298//1298
f 1428//1428 1301//1301 1426//1426
f 1299//1299 1300//1300 1427//1427
f 1429//1429 1301//1301 1428//1428
f 1429//1429 1428//1428 1431//1431
f 1431//1431 1428//1428 1430//1430
f 1431//1431 1302//1302 1301//1301
f 1431//1431 1301//1301 1429//1429
f 1431//1431 1305//1305 1302//1302
f 1171//1171 1432//1432 1304//1304
f 1430//1430 1306//1306 1305//1305
f 1430//1430 1305//1305 1431//1431
f 1432//1432 1307//1307 1433//1433
f 1171//1171 1307//1307 1432//1432
f 1434//1434 1306//1306 1430//1430
f 1433//1433 1307//1307 1435//1435
f 1436//1436 1308//1308 1306//1306
f 1436//1436 1306//1306 1434//1434
f 1309//1309 1437//1437 1307//1307
f 1435//1435 1307//1307 1437//1437
f 1550//1550 1308//1308 1436//1436
f 1310//1310 1308//1308 1550//1550
f 1175//1175 1437//1437 1309//1309
f 1550//1550 1438//1438 1310//1310
f 1439//1439 1437//1437 1175//1175
f 1555//1555 1313//1313 1438//1438
f 1440//1440 1439//1439 1312//1312
f 1441//1441 1313//1313 1555//1555
f 1177//1177 1442//1442 1312//1312
f 1441//1441 1443//1443 1313//1313
f 1314//1314 1442//1442 1177//1177
f 1314//1314 1316//1316 1442//1442
f 1316//1316 1312//1312 1442//1442
f 1316//1316 1444//1444 1312//1312
f 1445//1445 1315//1315 1443//1443
f 1316//1316 1446//1446 1444//1444
f 1445//1445 1317//1317 1315//1315
f 1446//1446 1316//1316 1447//1447
f 1448//1448 1317//1317 1445//1445
f 1318//1318 1447//1447 1316//1316
f 1450//1450 1317//1317 1448//1448
f 1320//1320 1451//1451 1447//1447
f 1320//1320 1447//1447 1318//1318
f 1449//1449 1447//1447 1451//1451
f 1452//1452 1319//1319 1317//1317
f 1452//1452 1317//1317 1450//1450
f 1320//1320 1453//1453 1451//1451
f 1452//1452 1450//1450 1454//1454
f 1456//1456 1453//1453 1320//1320
f 1454//1454 1321//1321 1452//1452
f 1453//1453 1456//1456 1570//1570
f 1455//1455 1321//1321 1454//1454
f 1190//1190 1456//1456 1188//1188
f 1570//1570 1456//1456 1457//1457
f 1455//1455 1454//1454 1458//1458
f 1458//1458 1324//1324 1455//1455
f 1190//1190 1460//1460 1456//1456
f 1457//1457 1456//1456 1459//1459
f 1459//1459 1456//1456 1460//1460
f 1461//1461 1325//1325 1324//1324
f 1461//1461 1324//1324 1458//1458
f 1323//1323 1460//1460 1190//1190
f 1326//1326 1462//1462 1460//1460
f 1326//1326 1460//1460 1323//1323
f 1463//1463 1325//1325 1461//1461
f 1193//1193 1464//1464 1462//1462
f 1193//1193 1462//1462 1326//1326
f 1463//1463 1329//1329 1325//1325
f 1467//1467 1329//1329 1463//1463
f 1328//1328 1464//1464 1193//1193
f 1467//1467 1332//1332 1329//1329
f 1330//1330 1464//1464 1328//1328
f 1330//1330 1331//1331 1464//1464
f 1331//1331 1466//1466 1464//1464
f 1467//1467 1465//1465 1588//1588
f 1467//1467 1470//1470 1332//1332
f 1198//1198 1469//1469 1468//1468
f 1466//1466 1198//1198 1468//1468
f 1331//1331 1198//1198 1466//1466
f 1588//1588 1592//1592 1467//1467
f 1470//1470 1467//1467 1592//1592
f 1335//1335 1471//1471 1469//1469
f 1335//1335 1469//1469 1198//1198
f 1333//1333 1470//1470 1472//1472
f 1472//1472 1334//1334 1333//1333
f 1473//1473 1471//1471 1335//1335
f 1474//1474 1336//1336 1334//1334
f 1474//1474 1334//1334 1472//1472
f 1203//1203 1476//1476 1335//1335
f 1476//1476 1473//1473 1335//1335
f 1474//1474 1339//1339 1336//1336
f 1338//1338 1476//1476 1203//1203
f 1339//1339 1474//1474 1475//1475
f 1341//1341 1339//1339 1475//1475
f 1340//1340 1477//1477 1476//1476
f 1340//1340 1476//1476 1338//1338
f 1341//1341 1475//1475 1478//1478
f 1478//1478 1205//1205 1341//1341
f 1208//1208 1479//1479 1477//1477
f 1208//1208 1477//1477 1340//1340
f 1606//1606 1342//1342 1205//1205
f 1606//1606 1205//1205 1478//1478
f 1343//1343 1479//1479 1208//1208
f 1480//1480 1342//1342 1606//1606
f 1345//1345 1481//1481 1343//1343
f 1479//1479 1343//1343 1481//1481
f 1482//1482 1344//1344 1480//1480
f 1483//1483 1481//1481 1345//1345
f 1610//1610 1346//1346 1344//1344
f 1610//1610 1344//1344 1482//1482
f 1212//1212 1484//1484 1345//1345
f 1483//1483 1345//1345 1484//1484
f 1486//1486 1347//1347 1346//1346
f 1486//1486 1346//1346 1610//1610
f 1348//1348 1484//1484 1212//1212
f 1485//1485 1484//1484 1348//1348
f 1486//1486 1217//1217 1347//1347
f 1350//1350 1485//1485 1349//1349
f 1485//1485 1348//1348 1349//1349
f 1487//1487 1351//1351 1486//1486
f 1486//1486 1351//1351 1217//1217
f 1352//1352 1489//1489 1350//1350
f 1488//1488 1350//1350 1489//1489
f 1490//1490 1353//1353 1351//1351
f 1490//1490 1351//1351 1487//1487
f 1096//1096 1489//1489 1352//1352
f 1492//1492 1353//1353 1490//1490
f 1354//1354 1489//1489 1096//1096
f 1493//1493 1489//1489 1354//1354
f 1615//1615 1489//1489 1493//1493
f 1490//1490 1491//1491 1496//1496
f 1492//1492 1496//1496 1355//1355
f 1490//1490 1496//1496 1492//1492
f 1356//1356 1494//1494 1493//1493
f 1356//1356 1493//1493 1354//1354
f 1493//1493 1494//1494 1495//1495
f 1497//1497 1499//1499 1355//1355
f 1497//1497 1355//1355 1496//1496
f 1494//1494 1498//1498 1495//1495
f 1494//1494 1356//1356 1498//1498
f 1496//1496 1499//1499 1497//1497
f 1496//1496 1501//1501 1499//1499
f 1357//1357 1359//1359 1356//1356
f 1356//1356 1504//1504 1498//1498
f 1356//1356 1359//1359 1504//1504
f 1498//1498 1504//1504 1500//1500
f 1501//1501 1503//1503 1499//1499
f 1503//1503 1360//1360 1358//1358
f 1503//1503 1358//1358 1499//1499
f 1504//1504 1505//1505 1500//1500
f 1507//1507 1502//1502 1500//1500
f 1500//1500 1502//1502 1506//1506
f 1507//1507 1501//1501 1502//1502
f 1501//1501 1507//1507 1503//1503
f 1503//1503 1363//1363 1360//1360
f 1359//1359 1225//1225 1364//1364
f 1504//1504 1359//1359 1364//1364
f 1505//1505 1512//1512 1500//1500
f 1500//1500 1510//1510 1507//1507
f 1500//1500 1512//1512 1510//1510
f 1507//1507 1508//1508 1503//1503
f 1508//1508 1363//1363 1503//1503
f 1504//1504 1509//1509 1505//1505
f 1505//1505 1509//1509 1512//1512
f 1510//1510 1514//1514 1507//1507
f 1507//1507 1515//1515 1508//1508
f 1507//1507 1514//1514 1515//1515
f 1515//1515 1365//1365 1363//1363
f 1515//1515 1363//1363 1508//1508
f 1367//1367 1369//1369 1504//1504
f 1367//1367 1504//1504 1364//1364
f 1504//1504 1511//1511 1509//1509
f 1504//1504 1369//1369 1511//1511
f 1509//1509 1511//1511 1512//1512
f 1512//1512 1513//1513 1510//1510
f 1510//1510 1513//1513 1514//1514
f 1515//1515 1370//1370 1365//1365
f 1511//1511 1520//1520 1512//1512
f 1512//1512 1518//1518 1513//1513
f 1512//1512 1520//1520 1518//1518
f 1514//1514 1516//1516 1515//1515
f 1514//1514 1513//1513 1516//1516
f 1516//1516 1371//1371 1370//1370
f 1516//1516 1370//1370 1515//1515
f 1374//1374 1519//1519 1369//1369
f 1369//1369 1517//1517 1511//1511
f 1369//1369 1519//1519 1517//1517
f 1511//1511 1517//1517 1520//1520
f 1516//1516 1518//1518 1371//1371
f 1513//1513 1518//1518 1516//1516
f 1517//1517 1519//1519 1520//1520
f 1520//1520 1521//1521 1518//1518
f 1518//1518 1521//1521 1523//1523
f 1523//1523 1381//1381 1371//1371
f 1523//1523 1371//1371 1518//1518
f 1377//1377 1519//1519 1374//1374
f 1519//1519 1522//1522 1520//1520
f 1520//1520 1522//1522 1521//1521
f 1523//1523 1378//1378 1381//1381
f 1380//1380 1386//1386 1519//1519
f 1380//1380 1519//1519 1377//1377
f 1519//1519 1524//1524 1522//1522
f 1519//1519 1386//1386 1524//1524
f 1522//1522 1524//1524 1521//1521
f 1523//1523 1521//1521 1382//1382
f 1523//1523 1382//1382 1378//1378
f 1524//1524 1525//1525 1521//1521
f 1525//1525 1382//1382 1521//1521
f 1386//1386 1387//1387 1388//1388
f 1524//1524 1386//1386 1388//1388
f 1525//1525 1524//1524 1390//1390
f 1525//1525 1390//1390 1382//1382
f 1393//1393 1524//1524 1388//1388
f 1524//1524 1393//1393 1390//1390
f 1417//1417 1526//1526 1290//1290
f 1527//1527 1528//1528 1290//1290
f 1527//1527 1290//1290 1526//1526
f 1529//1529 1526//1526 1417//1417
f 1526//1526 1529//1529 1527//1527
f 1528//1528 1527//1527 1530//1530
f 1528//1528 1530//1530 1531//1531
f 1289//1289 1528//1528 1531//1531
f 1423//1423 1532//1532 1420//1420
f 1628//1628 1529//1529 1633//1633
f 1529//1529 1532//1532 1633//1633
f 1529//1529 1420//1420 1532//1532
f 1530//1530 1631//1631 1531//1531
f 1533//1533 1531//1531 1631//1631
f 1531//1531 1534//1534 1421//1421
f 1533//1533 1534//1534 1531//1531
f 1425//1425 1536//1536 1424//1424
f 1424//1424 1536//1536 1423//1423
f 1536//1536 1532//1532 1423//1423
f 1532//1532 1536//1536 1633//1633
f 1635//1635 1534//1534 1533//1533
f 1635//1635 1294//1294 1534//1534
f 1425//1425 1535//1535 1536//1536
f 1538//1538 1428//1428 1294//1294
f 1538//1538 1294//1294 1635//1635
f 1427//1427 1535//1535 1425//1425
f 1536//1536 1535//1535 1537//1537
f 1537//1537 1535//1535 1427//1427
f 1300//1300 1539//1539 1427//1427
f 1537//1537 1427//1427 1539//1539
f 1540//1540 1428//1428 1538//1538
f 1304//1304 1541//1541 1539//1539
f 1304//1304 1539//1539 1300//1300
f 1540//1540 1430//1430 1428//1428
f 1432//1432 1541//1541 1304//1304
f 1542//1542 1430//1430 1540//1540
f 1432//1432 1545//1545 1541//1541
f 1541//1541 1545//1545 1543//1543
f 1544//1544 1434//1434 1430//1430
f 1544//1544 1430//1430 1542//1542
f 1433//1433 1545//1545 1432//1432
f 1543//1543 1545//1545 1547//1547
f 1544//1544 1542//1542 1546//1546
f 1546//1546 1434//1434 1544//1544
f 1435//1435 1545//1545 1433//1433
f 1547//1547 1545//1545 1435//1435
f 1548//1548 1434//1434 1546//1546
f 1437//1437 1549//1549 1435//1435
f 1550//1550 1436//1436 1434//1434
f 1548//1548 1550//1550 1434//1434
f 1437//1437 1551//1551 1549//1549
f 1435//1435 1549//1549 1551//1551
f 1548//1548 1555//1555 1550//1550
f 1548//1548 1552//1552 1555//1555
f 1555//1555 1438//1438 1550//1550
f 1439//1439 1551//1551 1437//1437
f 1435//1435 1551//1551 1553//1553
f 1553//1553 1551//1551 1439//1439
f 1552//1552 1554//1554 1555//1555
f 1440//1440 1556//1556 1439//1439
f 1553//1553 1439//1439 1557//1557
f 1439//1439 1556//1556 1557//1557
f 1554//1554 1441//1441 1555//1555
f 1312//1312 1556//1556 1440//1440
f 1554//1554 1560//1560 1441//1441
f 1554//1554 1559//1559 1560//1560
f 1560//1560 1443//1443 1441//1441
f 1444//1444 1556//1556 1312//1312
f 1556//1556 1563//1563 1557//1557
f 1558//1558 1557//1557 1563//1563
f 1559//1559 1445//1445 1443//1443
f 1559//1559 1443//1443 1560//1560
f 1446//1446 1562//1562 1556//1556
f 1446//1446 1556//1556 1444//1444
f 1556//1556 1562//1562 1563//1563
f 1561//1561 1564//1564 1559//1559
f 1564//1564 1445//1445 1559//1559
f 1447//1447 1562//1562 1446//1446
f 1565//1565 1562//1562 1447//1447
f 1563//1563 1562//1562 1565//1565
f 1561//1561 1566//1566 1564//1564
f 1561//1561 1674//1674 1566//1566
f 1566//1566 1448//1448 1445//1445
f 1566//1566 1445//1445 1564//1564
f 1449//1449 1565//1565 1447//1447
f 1674//1674 1569//1569 1566//1566
f 1566//1566 1450//1450 1448//1448
f 1565//1565 1449//1449 1451//1451
f 1569//1569 1568//1568 1566//1566
f 1568//1568 1450//1450 1566//1566
f 1453//1453 1571//1571 1451//1451
f 1569//1569 1567//1567 1676//1676
f 1569//1569 1450//1450 1568//1568
f 1453//1453 1570//1570 1571//1571
f 1676//1676 1680//1680 1569//1569
f 1680//1680 1450//1450 1569//1569
f 1680//1680 1454//1454 1450//1450
f 1571//1571 1570//1570 1572//1572
f 1573//1573 1454//1454 1680//1680
f 1570//1570 1457//1457 1575//1575
f 1572//1572 1570//1570 1677//1677
f 1677//1677 1570//1570 1575//1575
f 1574//1574 1458//1458 1454//1454
f 1574//1574 1454//1454 1573//1573
f 1576//1576 1461//1461 1458//1458
f 1576//1576 1458//1458 1574//1574
f 1460//1460 1577//1577 1459//1459
f 1459//1459 1577//1577 1457//1457
f 1575//1575 1457//1457 1578//1578
f 1578//1578 1457//1457 1577//1577
f 1581//1581 1461//1461 1576//1576
f 1462//1462 1579//1579 1577//1577
f 1462//1462 1577//1577 1460//1460
f 1578//1578 1577//1577 1580//1580
f 1581//1581 1463//1463 1461//1461
f 1579//1579 1582//1582 1577//1577
f 1580//1580 1577//1577 1584//1584
f 1584//1584 1577//1577 1582//1582
f 1583//1583 1463//1463 1581//1581
f 1464//1464 1585//1585 1579//1579
f 1464//1464 1579//1579 1462//1462
f 1584//1584 1582//1582 1579//1579
f 1587//1587 1467//1467 1463//1463
f 1587//1587 1463//1463 1583//1583
f 1466//1466 1585//1585 1464//1464
f 1584//1584 1579//1579 1586//1586
f 1587//1587 1465//1465 1467//1467
f 1585//1585 1589//1589 1579//1579
f 1586//1586 1579//1579 1590//1590
f 1590//1590 1579//1579 1589//1589
f 1588//1588 1465//1465 1587//1587
f 1468//1468 1585//1585 1466//1466
f 1585//1585 1468//1468 1469//1469
f 1593//1593 1585//1585 1469//1469
f 1589//1589 1585//1585 1593//1593
f 1591//1591 1592//1592 1588//1588
f 1471//1471 1593//1593 1469//1469
f 1591//1591 1472//1472 1470//1470
f 1591//1591 1470//1470 1592//1592
f 1593//1593 1471//1471 1595//1595
f 1595//1595 1471//1471 1473//1473
f 1594//1594 1597//1597 1591//1591
f 1597//1597 1474//1474 1472//1472
f 1597//1597 1472//1472 1591//1591
f 1476//1476 1598//1598 1473//1473
f 1601//1601 1473//1473 1598//1598
f 1595//1595 1473//1473 1601//1601
f 1596//1596 1707//1707 1594//1594
f 1599//1599 1594//1594 1707//1707
f 1599//1599 1597//1597 1594//1594
f 1599//1599 1475//1475 1474//1474
f 1599//1599 1474//1474 1597//1597
f 1476//1476 1600//1600 1598//1598
f 1599//1599 1602//1602 1475//1475
f 1604//1604 1602//1602 1599//1599
f 1477//1477 1600//1600 1476//1476
f 1603//1603 1598//1598 1477//1477
f 1598//1598 1600//1600 1477//1477
f 1598//1598 1603//1603 1601//1601
f 1604//1604 1599//1599 1709//1709
f 1604//1604 1475//1475 1602//1602
f 1479//1479 1605//1605 1477//1477
f 1606//1606 1604//1604 1709//1709
f 1606//1606 1475//1475 1604//1604
f 1606//1606 1478//1478 1475//1475
f 1607//1607 1605//1605 1479//1479
f 1608//1608 1480//1480 1606//1606
f 1481//1481 1483//1483 1479//1479
f 1607//1607 1479//1479 1483//1483
f 1718//1718 1482//1482 1480//1480
f 1718//1718 1480//1480 1608//1608
f 1610//1610 1482//1482 1718//1718
f 1484//1484 1485//1485 1483//1483
f 1609//1609 1483//1483 1485//1485
f 1611//1611 1486//1486 1610//1610
f 1485//1485 1614//1614 1721//1721
f 1613//1613 1487//1487 1486//1486
f 1613//1613 1486//1486 1611//1611
f 1485//1485 1350//1350 1488//1488
f 1614//1614 1485//1485 1488//1488
f 1611//1611 1612//1612 1616//1616
f 1613//1613 1616//1616 1487//1487
f 1611//1611 1616//1616 1613//1613
f 1489//1489 1615//1615 1614//1614
f 1489//1489 1614//1614 1488//1488
f 1614//1614 1729//1729 1726//1726
f 1617//1617 1616//1616 1612//1612
f 1618//1618 1490//1490 1487//1487
f 1618//1618 1487//1487 1616//1616
f 1614//1614 1615//1615 1619//1619
f 1729//1729 1614//1614 1620//1620
f 1614//1614 1621//1621 1620//1620
f 1614//1614 1619//1619 1621//1621
f 1622//1622 1731//1731 1621//1621
f 1622//1622 1616//1616 1617//1617
f 1618//1618 1616//1616 1491//1491
f 1618//1618 1491//1491 1490//1490
f 1493//1493 1619//1619 1615//1615
f 1621//1621 1619//1619 1623//1623
f 1621//1621 1623//1623 1622//1622
f 1622//1622 1625//1625 1616//1616
f 1622//1622 1624//1624 1625//1625
f 1625//1625 1491//1491 1616//1616
f 1619//1619 1493//1493 1495//1495
f 1623//1623 1626//1626 1622//1622
f 1622//1622 1626//1626 1624//1624
f 1625//1625 1624//1624 1496//1496
f 1625//1625 1496//1496 1491//1491
f 1498//1498 1619//1619 1495//1495
f 1626//1626 1501//1501 1496//1496
f 1626//1626 1496//1496 1624//1624
f 1500//1500 1619//1619 1498//1498
f 1623//1623 1619//1619 1500//1500
f 1623//1623 1627//1627 1626//1626
f 1626//1626 1627//1627 1502//1502
f 1626//1626 1502//1502 1501//1501
f 1506//1506 1623//1623 1500//1500
f 1623//1623 1506//1506 1502//1502
f 1623//1623 1502//1502 1627//1627
f 1629//1629 1527//1527 1529//1529
f 1629//1629 1529//1529 1628//1628
f 1630//1630 1628//1628 1633//1633
f 1629//1629 1630//1630 1527//1527
f 1629//1629 1628//1628 1630//1630
f 1527//1527 1631//1631 1530//1530
f 1630//1630 1631//1631 1527//1527
f 1632//1632 1633//1633 1536//1536
f 1634//1634 1631//1631 1630//1630
f 1631//1631 1635//1635 1533//1533
f 1634//1634 1635//1635 1631//1631
f 1536//1536 1636//1636 1632//1632
f 1637//1637 1633//1633 1632//1632
f 1638//1638 1635//1635 1634//1634
f 1638//1638 1538//1538 1635//1635
f 1537//1537 1636//1636 1536//1536
f 1637//1637 1632//1632 1636//1636
f 1736//1736 1540//1540 1538//1538
f 1736//1736 1538//1538 1638//1638
f 1537//1537 1639//1639 1636//1636
f 1741//1741 1540//1540 1736//1736
f 1537//1537 1640//1640 1639//1639
f 1645//1645 1542//1542 1540//1540
f 1645//1645 1540//1540 1741//1741
f 1541//1541 1641//1641 1537//1537
f 1541//1541 1537//1537 1539//1539
f 1537//1537 1642//1642 1640//1640
f 1537//1537 1641//1641 1642//1642
f 1543//1543 1641//1641 1541//1541
f 1744//1744 1645//1645 1643//1643
f 1646//1646 1542//1542 1645//1645
f 1547//1547 1641//1641 1543//1543
f 1641//1641 1547//1547 1642//1642
f 1644//1644 1642//1642 1647//1647
f 1645//1645 1744//1744 1648//1648
f 1645//1645 1649//1649 1646//1646
f 1645//1645 1648//1648 1649//1649
f 1649//1649 1546//1546 1542//1542
f 1649//1649 1542//1542 1646//1646
f 1547//1547 1650//1650 1642//1642
f 1647//1647 1642//1642 1650//1650
f 1648//1648 1654//1654 1649//1649
f 1649//1649 1548//1548 1546//1546
f 1435//1435 1651//1651 1547//1547
f 1547//1547 1655//1655 1650//1650
f 1547//1547 1651//1651 1655//1655
f 1650//1650 1655//1655 1652//1652
f 1653//1653 1654//1654 1648//1648
f 1654//1654 1548//1548 1649//1649
f 1652//1652 1656//1656 1653//1653
f 1653//1653 1656//1656 1654//1654
f 1552//1552 1548//1548 1654//1654
f 1553//1553 1651//1651 1435//1435
f 1651//1651 1657//1657 1655//1655
f 1655//1655 1657//1657 1652//1652
f 1652//1652 1657//1657 1656//1656
f 1656//1656 1658//1658 1654//1654
f 1654//1654 1659//1659 1552//1552
f 1654//1654 1658//1658 1659//1659
f 1659//1659 1554//1554 1552//1552
f 1557//1557 1651//1651 1553//1553
f 1661//1661 1651//1651 1557//1557
f 1657//1657 1651//1651 1661//1661
f 1657//1657 1660//1660 1656//1656
f 1658//1658 1554//1554 1659//1659
f 1558//1558 1661//1661 1557//1557
f 1661//1661 1662//1662 1657//1657
f 1657//1657 1663//1663 1660//1660
f 1657//1657 1662//1662 1663//1663
f 1656//1656 1664//1664 1658//1658
f 1656//1656 1660//1660 1664//1664
f 1664//1664 1559//1559 1554//1554
f 1664//1664 1554//1554 1658//1658
f 1563//1563 1667//1667 1661//1661
f 1563//1563 1661//1661 1558//1558
f 1660//1660 1663//1663 1664//1664
f 1664//1664 1561//1561 1559//1559
f 1563//1563 1665//1665 1667//1667
f 1661//1661 1666//1666 1662//1662
f 1661//1661 1667//1667 1666//1666
f 1662//1662 1666//1666 1663//1663
f 1663//1663 1561//1561 1664//1664
f 1565//1565 1665//1665 1563//1563
f 1667//1667 1668//1668 1666//1666
f 1666//1666 1669//1669 1663//1663
f 1669//1669 1674//1674 1561//1561
f 1669//1669 1561//1561 1663//1663
f 1565//1565 1670//1670 1665//1665
f 1665//1665 1670//1670 1667//1667
f 1668//1668 1671//1671 1666//1666
f 1668//1668 1667//1667 1671//1671
f 1666//1666 1674//1674 1669//1669
f 1666//1666 1671//1671 1674//1674
f 1451//1451 1672//1672 1670//1670
f 1451//1451 1670//1670 1565//1565
f 1670//1670 1673//1673 1667//1667
f 1667//1667 1673//1673 1671//1671
f 1671//1671 1673//1673 1674//1674
f 1674//1674 1567//1567 1569//1569
f 1571//1571 1672//1672 1451//1451
f 1672//1672 1675//1675 1670//1670
f 1670//1670 1675//1675 1673//1673
f 1673//1673 1676//1676 1674//1674
f 1676//1676 1567//1567 1674//1674
f 1571//1571 1677//1677 1672//1672
f 1675//1675 1678//1678 1673//1673
f 1673//1673 1679//1679 1676//1676
f 1673//1673 1678//1678 1679//1679
f 1679//1679 1680//1680 1676//1676
f 1572//1572 1677//1677 1571//1571
f 1672//1672 1681//1681 1675//1675
f 1672//1672 1677//1677 1681//1681
f 1675//1675 1681//1681 1678//1678
f 1679//1679 1574//1574 1573//1573
f 1679//1679 1573//1573 1680//1680
f 1677//1677 1684//1684 1681//1681
f 1678//1678 1683//1683 1679//1679
f 1678//1678 1682//1682 1683//1683
f 1683//1683 1574//1574 1679//1679
f 1575//1575 1684//1684 1677//1677
f 1681//1681 1685//1685 1678//1678
f 1678//1678 1686//1686 1682//1682
f 1678//1678 1685//1685 1686//1686
f 1682//1682 1576//1576 1574//1574
f 1682//1682 1574//1574 1683//1683
f 1578//1578 1684//1684 1575//1575
f 1684//1684 1688//1688 1681//1681
f 1684//1684 1578//1578 1688//1688
f 1681//1681 1687//1687 1685//1685
f 1681//1681 1688//1688 1687//1687
f 1686//1686 1581//1581 1576//1576
f 1686//1686 1576//1576 1682//1682
f 1578//1578 1580//1580 1688//1688
f 1685//1685 1691//1691 1686//1686
f 1685//1685 1687//1687 1691//1691
f 1691//1691 1581//1581 1686//1686
f 1584//1584 1695//1695 1580//1580
f 1580//1580 1695//1695 1688//1688
f 1688//1688 1690//1690 1687//1687
f 1688//1688 1689//1689 1690//1690
f 1687//1687 1690//1690 1691//1691
f 1691//1691 1583//1583 1581//1581
f 1695//1695 1692//1692 1688//1688
f 1688//1688 1692//1692 1689//1689
f 1690//1690 1587//1587 1583//1583
f 1690//1690 1583//1583 1691//1691
f 1586//1586 1695//1695 1584//1584
f 1689//1689 1694//1694 1690//1690
f 1689//1689 1693//1693 1694//1694
f 1694//1694 1588//1588 1587//1587
f 1694//1694 1587//1587 1690//1690
f 1590//1590 1695//1695 1586//1586
f 1692//1692 1696//1696 1689//1689
f 1689//1689 1697//1697 1693//1693
f 1689//1689 1696//1696 1697//1697
f 1693//1693 1591//1591 1588//1588
f 1693//1693 1588//1588 1694//1694
f 1589//1589 1698//1698 1695//1695
f 1589//1589 1695//1695 1590//1590
f 1695//1695 1699//1699 1692//1692
f 1695//1695 1698//1698 1699//1699
f 1692//1692 1700//1700 1696//1696
f 1692//1692 1699//1699 1700//1700
f 1697//1697 1594//1594 1591//1591
f 1697//1697 1591//1591 1693//1693
f 1593//1593 1698//1698 1589//1589
f 1696//1696 1701//1701 1697//1697
f 1696//1696 1700//1700 1701//1701
f 1701//1701 1594//1594 1697//1697
f 1593//1593 1702//1702 1698//1698
f 1593//1593 1595//1595 1702//1702
f 1699//1699 1703//1703 1700//1700
f 1699//1699 1698//1698 1703//1703
f 1700//1700 1596//1596 1594//1594
f 1700//1700 1594//1594 1701//1701
f 1601//1601 1704//1704 1595//1595
f 1703//1703 1705//1705 1700//1700
f 1703//1703 1698//1698 1705//1705
f 1700//1700 1707//1707 1596//1596
f 1705//1705 1707//1707 1700//1700
f 1595//1595 1704//1704 1702//1702
f 1702//1702 1706//1706 1698//1698
f 1698//1698 1706//1706 1705//1705
f 1477//1477 1708//1708 1603//1603
f 1708//1708 1601//1601 1603//1603
f 1711//1711 1601//1601 1708//1708
f 1601//1601 1711//1711 1704//1704
f 1704//1704 1711//1711 1702//1702
f 1705//1705 1709//1709 1707//1707
f 1705//1705 1706//1706 1709//1709
f 1709//1709 1599//1599 1707//1707
f 1605//1605 1708//1708 1477//1477
f 1702//1702 1711//1711 1712//1712
f 1747//1747 1702//1702 1712//1712
f 1747//1747 1706//1706 1702//1702
f 1706//1706 1714//1714 1709//1709
f 1706//1706 1747//1747 1714//1714
f 1714//1714 1713//1713 1709//1709
f 1713//1713 1606//1606 1709//1709
f 1605//1605 1607//1607 1708//1708
f 1708//1708 1716//1716 1711//1711
f 1710//1710 1711//1711 1716//1716
f 1714//1714 1608//1608 1606//1606
f 1714//1714 1606//1606 1713//1713
f 1607//1607 1715//1715 1708//1708
f 1716//1716 1708//1708 1715//1715
f 1714//1714 1717//1717 1718//1718
f 1718//1718 1608//1608 1714//1714
f 1609//1609 1607//1607 1483//1483
f 1717//1717 1720//1720 1718//1718
f 1720//1720 1610//1610 1718//1718
f 1485//1485 1721//1721 1609//1609
f 1609//1609 1721//1721 1607//1607
f 1607//1607 1722//1722 1715//1715
f 1607//1607 1721//1721 1722//1722
f 1749//1749 1715//1715 1723//1723
f 1715//1715 1722//1722 1723//1723
f 1724//1724 1717//1717 1719//1719
f 1717//1717 1725//1725 1720//1720
f 1717//1717 1724//1724 1725//1725
f 1725//1725 1611//1611 1610//1610
f 1725//1725 1610//1610 1720//1720
f 1721//1721 1726//1726 1722//1722
f 1723//1723 1728//1728 1727//1727
f 1723//1723 1722//1722 1728//1728
f 1727//1727 1728//1728 1719//1719
f 1728//1728 1724//1724 1719//1719
f 1725//1725 1724//1724 1612//1612
f 1725//1725 1612//1612 1611//1611
f 1614//1614 1726//1726 1721//1721
f 1726//1726 1729//1729 1722//1722
f 1728//1728 1730//1730 1724//1724
f 1730//1730 1612//1612 1724//1724
f 1729//1729 1731//1731 1722//1722
f 1722//1722 1732//1732 1728//1728
f 1722//1722 1731//1731 1732//1732
f 1728//1728 1732//1732 1730//1730
f 1730//1730 1617//1617 1612//1612
f 1729//1729 1620//1620 1621//1621
f 1729//1729 1621//1621 1731//1731
f 1732//1732 1731//1731 1622//1622
f 1732//1732 1622//1622 1730//1730
f 1730//1730 1622//1622 1617//1617
f 1633//1633 1735//1735 1630//1630
f 1733//1733 1630//1630 1735//1735
f 1734//1734 1634//1634 1630//1630
f 1734//1734 1630//1630 1733//1733
f 1637//1637 1735//1735 1633//1633
f 1734//1734 1638//1638 1634//1634
f 1636//1636 1737//1737 1637//1637
f 1637//1637 1737//1737 1735//1735
f 1735//1735 1736//1736 1733//1733
f 1733//1733 1736//1736 1734//1734
f 1736//1736 1638//1638 1734//1734
f 1639//1639 1737//1737 1636//1636
f 1736//1736 1735//1735 1738//1738
f 1738//1738 1741//1741 1736//1736
f 1640//1640 1737//1737 1639//1639
f 1737//1737 1740//1740 1735//1735
f 1737//1737 1739//1739 1740//1740
f 1735//1735 1741//1741 1738//1738
f 1735//1735 1740//1740 1741//1741
f 1642//1642 1742//1742 1737//1737
f 1642//1642 1737//1737 1640//1640
f 1737//1737 1742//1742 1739//1739
f 1740//1740 1739//1739 1741//1741
f 1741//1741 1643//1643 1645//1645
f 1644//1644 1742//1742 1642//1642
f 1742//1742 1743//1743 1739//1739
f 1741//1741 1743//1743 1744//1744
f 1739//1739 1743//1743 1741//1741
f 1741//1741 1744//1744 1643//1643
f 1647//1647 1745//1745 1742//1742
f 1647//1647 1742//1742 1644//1644
f 1742//1742 1744//1744 1743//1743
f 1742//1742 1745//1745 1744//1744
f 1650//1650 1745//1745 1647//1647
f 1745//1745 1648//1648 1744//1744
f 1652//1652 1745//1745 1650//1650
f 1745//1745 1652//1652 1653//1653
f 1745//1745 1653//1653 1648//1648
f 1710//1710 1746//1746 1711//1711
f 1747//1747 1712//1712 1711//1711
f 1747//1747 1711//1711 1746//1746
f 1748//1748 1714//1714 1747//1747
f 1746//1746 1748//1748 1747//1747
f 1748//1748 1717//1717 1714//1714
f 1715//1715 1749//1749 1716//1716
f 1749//1749 1710//1710 1716//1716
f 1710//1710 1750//1750 1746//1746
f 1710//1710 1749//1749 1750//1750
f 1746//1746 1717//1717 1748//1748
f 1749//1749 1751//1751 1750//1750
f 1750//1750 1719//1719 1717//1717
f 1750//1750 1717//1717 1746//1746
f 1723//1723 1751//1751 1749//1749
f 1751//1751 1723//1723 1727//1727
f 1750//1750 1751//1751 1719//1719
f 1751//1751 1727//1727 1719//1719
o skin
usemtl skin
v 0.0148 -0.6125 -0.0118
v 0.0148 -0.6125 -0.0069
v 0.0146 -0.6110 -0.0140
v 0.0150 -0.6119 -0.0023
v 0.0149 -0.6082 0.0008
v 0.0144 -0.6043 -0.0194
v 0.0144 -0.6065 -0.0008
v 0.0144 -0.5988 0.0032
v 0.0151 -0.5976 0.0063
v 0.0144 -0.5940 -0.0221
v 0.0131 -0.5969 -0.0078
v 0.0133 -0.5944 -0.0031
v 0.0147 -0.5900 0.0058
v 0.0128 -0.5918 -0.0103
v 0.0147 -0.5796 -0.0213
v 0.0131 -0.5855 -0.0118
v 0.0141 -0.5814 -0.0195
v 0.0136 -0.5804 -0.0038
v 0.0144 -0.5796 0.0020
v 0.0150 -0.5796 0.0046
v 0.0150 -0.5757 -0.0205
v 0.0149 -0.5704 -0.0155
v 0.0148 -0.5722 -0.0016
v 0.0147 -0.5698 -0.0104
v 0.0145 -0.5705 -0.0070
v 0.0200 -0.6275 -0.0214
v 0.0192 -0.6281 -0.0165
v 0.0197 -0.6307 -0.0113
v 0.0182 -0.6267 -0.0072
v 0.0198 -0.6296 -0.0014
v 0.0196 -0.6248 -0.0239
v 0.0194 -0.6271 0.0016
v 0.0198 -0.6221 0.0086
v 0.0193 -0.6167 -0.0294
v 0.0168 -0.6199 -0.0158
v 0.0157 -0.6169 -0.0105
v 0.0151 -0.6131 -0.0031
v 0.0165 -0.6195 -0.0025
v 0.0197 -0.6185 0.0110
v 0.0188 -0.6078 -0.0323
v 0.0168 -0.6150 -0.0222
v 0.0165 -0.6178 -0.0174
v 0.0182 -0.6193 0.0062
v 0.0196 -0.6071 -0.0340
v 0.0153 -0.6084 -0.0205
v 0.0188 -0.6114 0.0128
v 0.0196 -0.6095 0.0154
v 0.0202 -0.6037 -0.0361
v 0.0161 -0.6055 -0.0254
v 0.0155 -0.5992 0.0077
v 0.0157 -0.6036 0.0070
v 0.0191 -0.6004 0.0168
v 0.0163 -0.5992 -0.0280
v 0.0191 -0.5945 -0.0354
v 0.0154 -0.5933 -0.0261
v 0.0182 -0.5917 0.0157
v 0.0158 -0.5907 -0.0273
v 0.0191 -0.5846 -0.0352
v 0.0160 -0.5850 -0.0276
v 0.0155 -0.5839 0.0079
v 0.0192 -0.5773 -0.0343
v 0.0184 -0.5723 -0.0307
v 0.0199 -0.5741 0.0166
v 0.0196 -0.5752 -0.0348
v 0.0157 -0.5743 -0.0231
v 0.0166 -0.5729 0.0071
v 0.0191 -0.5721 0.0141
v 0.0199 -0.5645 0.0122
v 0.0195 -0.5607 -0.0269
v 0.0163 -0.5646 -0.0175
v 0.0156 -0.5653 -0.0123
v 0.0166 -0.5655 0.0020
v 0.0196 -0.5564 -0.0226
v 0.0175 -0.5578 -0.0076
v 0.0188 -0.5541 -0.0027
v 0.0178 -0.5625 0.0042
v 0.0202 -0.5589 0.0090
v 0.0199 -0.5522 -0.0171
v 0.0164 -0.5623 -0.0165
v 0.0204 -0.5543 0.0048
v 0.0214 -0.5469 -0.0095
v 0.0199 -0.5508 -0.0059
v 0.0247 -0.6379 -0.0218
v 0.0237 -0.6384 -0.0167
v 0.0245 -0.6407 -0.0113
v 0.0227 -0.6378 -0.0070
v 0.0251 -0.6414 -0.0034
v 0.0237 -0.6364 0.0036
v 0.0243 -0.6355 -0.0245
v 0.0211 -0.6333 -0.0150
v 0.0208 -0.6330 -0.0050
v 0.0262 -0.6369 0.0088
v 0.0253 -0.6315 0.0129
v 0.0232 -0.6276 -0.0299
v 0.0247 -0.6288 -0.0319
v 0.0211 -0.6276 -0.0247
v 0.0249 -0.6273 0.0155
v 0.0245 -0.6251 -0.0345
v 0.0207 -0.6260 0.0076
v 0.0247 -0.6230 0.0179
v 0.0219 -0.6154 -0.0350
v 0.0248 -0.6171 0.0209
v 0.0251 -0.6131 -0.0409
v 0.0234 -0.6161 0.0195
v 0.0246 -0.6030 -0.0441
v 0.0249 -0.6064 -0.0434
v 0.0211 -0.6082 -0.0364
v 0.0242 -0.6053 0.0238
v 0.0220 -0.5984 -0.0404
v 0.0247 -0.5991 0.0253
v 0.0240 -0.5954 -0.0450
v 0.0234 -0.5973 0.0241
v 0.0239 -0.5886 -0.0459
v 0.0215 -0.5884 -0.0407
v 0.0251 -0.5911 0.0266
v 0.0215 -0.5834 -0.0406
v 0.0196 -0.5810 0.0176
v 0.0221 -0.5830 0.0223
v 0.0264 -0.5825 0.0271
v 0.0226 -0.5798 -0.0429
v 0.0238 -0.5764 0.0232
v 0.0248 -0.5739 -0.0476
v 0.0242 -0.5674 -0.0444
v 0.0222 -0.5676 -0.0391
v 0.0206 -0.5674 -0.0346
v 0.0211 -0.5667 0.0156
v 0.0246 -0.5640 0.0203
v 0.0263 -0.5641 0.0226
v 0.0249 -0.5650 -0.0453
v 0.0250 -0.5586 -0.0433
v 0.0201 -0.5599 -0.0283
v 0.0246 -0.5542 0.0147
v 0.0249 -0.5540 -0.0397
v 0.0249 -0.5523 -0.0376
v 0.0231 -0.5553 -0.0347
v 0.0207 -0.5522 -0.0206
v 0.0202 -0.5515 -0.0006
v 0.0244 -0.5501 -0.0324
v 0.0242 -0.5473 0.0074
v 0.0247 -0.5484 0.0096
v 0.0240 -0.5432 -0.0172
v 0.0250 -0.5424 -0.0189
v 0.0248 -0.5418 -0.0168
v 0.0259 -0.5417 0.0025
v 0.0264 -0.5381 -0.0127
v 0.0252 -0.5399 -0.0087
v 0.0247 -0.5410 -0.0039
v 0.0302 -0.6479 -0.0156
v 0.0284 -0.6465 -0.0123
v 0.0296 -0.6472 -0.0015
v 0.0301 -0.6438 -0.0250
v 0.0292 -0.6442 -0.0222
v 0.0261 -0.6433 -0.0101
v 0.0269 -0.6427 0.0005
v 0.0304 -0.6457 0.0040
v 0.0296 -0.6406 -0.0287
v 0.0297 -0.6411 0.0098
v 0.0303 -0.6372 0.0148
v 0.0294 -0.6328 -0.0356
v 0.0258 -0.6330 -0.0301
v 0.0294 -0.6320 0.0180
v 0.0295 -0.6269 0.0214
v 0.0276 -0.6233 -0.0394
v 0.0293 -0.6257 -0.0400
v 0.0284 -0.6223 0.0227
v 0.0266 -0.6174 -0.0409
v 0.0301 -0.6192 0.0258
v 0.0281 -0.6132 -0.0448
v 0.0322 -0.6135 -0.0496
v 0.0308 -0.6126 0.0286
v 0.0294 -0.6077 -0.0507
v 0.0264 -0.6072 -0.0456
v 0.0268 -0.6063 0.0265
v 0.0298 -0.6021 -0.0582
v 0.0277 -0.6013 -0.0521
v 0.0298 -0.5995 0.0303
v 0.0300 -0.5930 -0.0615
v 0.0302 -0.5983 -0.0620
v 0.0269 -0.5958 -0.0525
v 0.0293 -0.5866 -0.0595
v 0.0258 -0.5883 -0.0509
v 0.0299 -0.5851 -0.0601
v 0.0258 -0.5833 -0.0510
v 0.0293 -0.5809 0.0296
v 0.0319 -0.5864 0.0319
v 0.0260 -0.5784 -0.0509
v 0.0257 -0.5731 0.0247
v 0.0298 -0.5683 -0.0556
v 0.0263 -0.5734 -0.0508
v 0.0286 -0.5711 -0.0548
v 0.0306 -0.5660 -0.0559
v 0.0290 -0.5579 -0.0510
v 0.0248 -0.5628 0.0200
v 0.0322 -0.5593 0.0260
v 0.0290 -0.5504 -0.0471
v 0.0278 -0.5532 0.0187
v 0.0296 -0.5540 -0.0504
v 0.0273 -0.5466 0.0126
v 0.0307 -0.5528 0.0212
v 0.0303 -0.5477 -0.0467
v 0.0288 -0.5467 -0.0417
v 0.0285 -0.5454 -0.0377
v 0.0246 -0.5468 -0.0272
v 0.0294 -0.5423 -0.0335
v 0.0282 -0.5403 0.0062
v 0.0304 -0.5456 0.0158
v 0.0294 -0.5409 -0.0299
v 0.0272 -0.5371 -0.0111
v 0.0281 -0.5377 0.0009
v 0.0325 -0.5376 0.0097
v 0.0296 -0.5369 -0.0217
v 0.0308 -0.5328 -0.0066
v 0.0307 -0.5346 0.0006
v 0.0359 -0.6525 -0.0170
v 0.0345 -0.6525 -0.0117
v 0.0359 -0.6530 -0.0054
v 0.0343 -0.6521 -0.0049
v 0.0334 -0.6485 -0.0222
v 0.0324 -0.6500 -0.0025
v 0.0335 -0.6477 0.0057
v 0.0347 -0.6441 -0.0304
v 0.0330 -0.6436 0.0112
v 0.0324 -0.6371 -0.0351
v 0.0355 -0.6392 -0.0360
v 0.0330 -0.6389 0.0163
v 0.0348 -0.6333 -0.0401
v 0.0348 -0.6352 0.0205
v 0.0332 -0.6330 0.0210
v 0.0314 -0.6274 -0.0409
v 0.0347 -0.6270 0.0257
v 0.0350 -0.6237 -0.0453
v 0.0313 -0.6175 -0.0459
v 0.0358 -0.6143 -0.0526
v 0.0358 -0.6175 0.0305
v 0.0335 -0.6088 -0.0571
v 0.0341 -0.6035 -0.0652
v 0.0322 -0.6058 0.0312
v 0.0334 -0.5972 -0.0671
v 0.0307 -0.5915 0.0314
v 0.0340 -0.5856 -0.0657
v 0.0316 -0.5795 -0.0611
v 0.0352 -0.5779 -0.0643
v 0.0326 -0.5780 0.0315
v 0.0323 -0.5729 0.0305
v 0.0363 -0.5687 -0.0623
v 0.0322 -0.5682 0.0291
v 0.0340 -0.5624 -0.0582
v 0.0355 -0.5641 0.0298
v 0.0342 -0.5536 -0.0552
v 0.0312 -0.5585 0.0248
v 0.0342 -0.5492 -0.0530
v 0.0355 -0.5538 0.0254
v 0.0376 -0.5492 -0.0556
v 0.0343 -0.5467 0.0202
v 0.0351 -0.5425 -0.0465
v 0.0324 -0.5422 0.0148
v 0.0356 -0.5408 -0.0434
v 0.0329 -0.5428 -0.0434
v 0.0315 -0.5368 -0.0257
v 0.0314 -0.5361 0.0057
v 0.0352 -0.5396 0.0146
v 0.0348 -0.5370 -0.0322
v 0.0354 -0.5324 -0.0231
v 0.0360 -0.5304 0.0022
v 0.0347 -0.5318 -0.0208
v 0.0328 -0.5312 -0.0137
v 0.0355 -0.5291 -0.0095
v 0.0377 -0.5276 -0.0073
v 0.0424 -0.6542 -0.0193
v 0.0456 -0.6563 -0.0080
v 0.0399 -0.6549 -0.0100
v 0.0384 -0.6534 -0.0006
v 0.0400 -0.6523 0.0042
v 0.0374 -0.6463 -0.0300
v 0.0380 -0.6474 -0.0295
v 0.0372 -0.6474 0.0107
v 0.0398 -0.6439 -0.0342
v 0.0367 -0.6427 0.0159
v 0.0404 -0.6424 0.0177
v 0.0394 -0.6377 0.0213
v 0.0400 -0.6360 -0.0406
v 0.0389 -0.6296 -0.0441
v 0.0379 -0.6311 0.0250
v 0.0425 -0.6322 0.0258
v 0.0403 -0.6284 -0.0453
v 0.0368 -0.6168 -0.0508
v 0.0417 -0.6199 -0.0502
v 0.0387 -0.6200 0.0303
v 0.0377 -0.6206 0.0298
v 0.0404 -0.6137 -0.0567
v 0.0370 -0.6063 -0.0652
v 0.0375 -0.6073 -0.0653
v 0.0436 -0.6113 -0.0623
v 0.0402 -0.6026 -0.0706
v 0.0378 -0.5968 -0.0710
v 0.0382 -0.5998 0.0347
v 0.0403 -0.6002 0.0351
v 0.0401 -0.5947 0.0356
v 0.0369 -0.5941 -0.0710
v 0.0396 -0.5834 0.0352
v 0.0392 -0.5742 -0.0654
v 0.0400 -0.5818 0.0352
v 0.0414 -0.5721 -0.0653
v 0.0381 -0.5711 0.0327
v 0.0368 -0.5627 -0.0603
v 0.0396 -0.5561 -0.0589
v 0.0395 -0.5602 0.0300
v 0.0370 -0.5521 0.0254
v 0.0377 -0.5483 -0.0549
v 0.0391 -0.5470 0.0229
v 0.0440 -0.5483 0.0250
v 0.0447 -0.5461 -0.0560
v 0.0410 -0.5420 -0.0503
v 0.0394 -0.5379 -0.0403
v 0.0399 -0.5359 -0.0352
v 0.0386 -0.5331 -0.0281
v 0.0376 -0.5326 0.0078
v 0.0392 -0.5368 0.0146
v 0.0405 -0.5272 -0.0149
v 0.0412 -0.5268 -0.0038
v 0.0447 -0.6545 -0.0201
v 0.0443 -0.6546 -0.0004
v 0.0441 -0.6521 0.0068
v 0.0436 -0.6467 -0.0320
v 0.0449 -0.6510 -0.0261
v 0.0451 -0.6485 0.0118
v 0.0460 -0.6443 -0.0346
v 0.0422 -0.6385 -0.0396
v 0.0436 -0.6457 0.0155
v 0.0464 -0.6375 -0.0405
v 0.0471 -0.6395 0.0209
v 0.0443 -0.6323 -0.0436
v 0.0455 -0.6313 0.0266
v 0.0449 -0.6288 -0.0457
v 0.0438 -0.6228 0.0303
v 0.0435 -0.6175 -0.0527
v 0.0424 -0.6137 0.0330
v 0.0473 -0.6116 -0.0617
v 0.0456 -0.6154 -0.0552
v 0.0438 -0.6071 -0.0677
v 0.0437 -0.6015 -0.0716
v 0.0436 -0.6030 0.0352
v 0.0449 -0.5972 -0.0724
v 0.0458 -0.5926 -0.0726
v 0.0403 -0.5867 -0.0698
v 0.0420 -0.5835 0.0355
v 0.0470 -0.5838 -0.0695
v 0.0443 -0.5773 0.0350
v 0.0476 -0.5710 -0.0652
v 0.0435 -0.5702 0.0336
v 0.0452 -0.5678 -0.0641
v 0.0422 -0.5571 -0.0604
v 0.0445 -0.5579 0.0298
v 0.0486 -0.5537 -0.0591
v 0.0425 -0.5425 -0.0517
v 0.0408 -0.5419 0.0200
v 0.0472 -0.5446 0.0224
v 0.0429 -0.5372 -0.0410
v 0.0447 -0.5374 -0.0419
v 0.0477 -0.5356 -0.0364
v 0.0450 -0.5354 0.0144
v 0.0450 -0.5303 -0.0248
v 0.0425 -0.5302 -0.0246
v 0.0425 -0.5270 -0.0160
v 0.0422 -0.5311 0.0082
v 0.0444 -0.5319 0.0100
v 0.0464 -0.5266 -0.0150
v 0.0472 -0.5262 -0.0042
v 0.0509 -0.6525 -0.0214
v 0.0501 -0.6549 -0.0100
v 0.0484 -0.6526 0.0048
v 0.0501 -0.6520 0.0048
v 0.0494 -0.6484 -0.0293
v 0.0501 -0.6430 -0.0351
v 0.0526 -0.6402 -0.0365
v 0.0505 -0.6357 -0.0408
v 0.0498 -0.6285 -0.0452
v 0.0499 -0.6273 0.0277
v 0.0529 -0.6226 -0.0472
v 0.0476 -0.6233 0.0299
v 0.0490 -0.6177 -0.0518
v 0.0528 -0.6135 -0.0546
v 0.0499 -0.6140 -0.0557
v 0.0449 -0.6078 0.0346
v 0.0525 -0.6073 -0.0650
v 0.0488 -0.6032 -0.0707
v 0.0473 -0.6031 0.0351
v 0.0514 -0.5988 0.0349
v 0.0475 -0.5916 0.0358
v 0.0514 -0.5908 -0.0706
v 0.0482 -0.5881 0.0357
v 0.0497 -0.5872 -0.0702
v 0.0485 -0.5820 0.0353
v 0.0524 -0.5766 -0.0654
v 0.0497 -0.5792 0.0347
v 0.0535 -0.5731 -0.0637
v 0.0500 -0.5669 0.0320
v 0.0471 -0.5621 0.0312
v 0.0494 -0.5586 -0.0604
v 0.0507 -0.5582 -0.0600
v 0.0496 -0.5588 0.0294
v 0.0470 -0.5527 0.0272
v 0.0505 -0.5500 0.0250
v 0.0514 -0.5455 -0.0532
v 0.0485 -0.5414 -0.0501
v 0.0494 -0.5426 0.0205
v 0.0498 -0.5379 -0.0407
v 0.0494 -0.5368 -0.0386
v 0.0494 -0.5380 0.0162
v 0.0498 -0.5333 -0.0300
v 0.0485 -0.5322 0.0095
v 0.0523 -0.5378 0.0148
v 0.0506 -0.5308 -0.0242
v 0.0501 -0.5278 -0.0156
v 0.0497 -0.5269 -0.0132
v 0.0485 -0.5301 0.0061
v 0.0488 -0.5265 -0.0082
v 0.0558 -0.6517 -0.0149
v 0.0540 -0.6528 -0.0145
v 0.0535 -0.6525 -0.0003
v 0.0551 -0.6516 -0.0010
v 0.0527 -0.6467 -0.0295
v 0.0565 -0.6468 -0.0253
v 0.0504 -0.6473 0.0122
v 0.0534 -0.6411 -0.0350
v 0.0561 -0.6436 0.0123
v 0.0540 -0.6412 0.0168
v 0.0508 -0.6374 0.0216
v 0.0553 -0.6324 -0.0406
v 0.0551 -0.6341 0.0214
v 0.0540 -0.6273 -0.0440
v 0.0521 -0.6321 0.0246
v 0.0544 -0.6163 -0.0502
v 0.0563 -0.6179 -0.0476
v 0.0546 -0.6165 0.0302
v 0.0513 -0.6114 0.0328
v 0.0524 -0.6067 0.0333
v 0.0525 -0.6016 -0.0698
v 0.0548 -0.5960 -0.0693
v 0.0523 -0.5955 0.0348
v 0.0546 -0.5872 -0.0671
v 0.0558 -0.5828 -0.0650
v 0.0547 -0.5849 0.0338
v 0.0549 -0.5772 -0.0638
v 0.0545 -0.5700 0.0318
v 0.0522 -0.5627 -0.0608
v 0.0541 -0.5643 0.0300
v 0.0561 -0.5660 -0.0593
v 0.0575 -0.5618 -0.0566
v 0.0528 -0.5630 0.0301
v 0.0569 -0.5627 0.0279
v 0.0544 -0.5533 0.0252
v 0.0533 -0.5477 -0.0538
v 0.0577 -0.5486 0.0202
v 0.0541 -0.5419 -0.0462
v 0.0546 -0.5451 0.0198
v 0.0521 -0.5402 -0.0450
v 0.0544 -0.5379 -0.0357
v 0.0541 -0.5386 0.0143
v 0.0540 -0.5331 -0.0252
v 0.0549 -0.5325 0.0049
v 0.0546 -0.5355 0.0096
v 0.0544 -0.5316 -0.0217
v 0.0526 -0.5279 -0.0120
v 0.0517 -0.5275 -0.0055
v 0.0546 -0.5305 -0.0002
v 0.0531 -0.6541 -0.0073
v 0.0573 -0.6470 -0.0241
v 0.0598 -0.6479 -0.0158
v 0.0602 -0.6472 -0.0009
v 0.0556 -0.6479 0.0071
v 0.0584 -0.6421 -0.0294
v 0.0607 -0.6457 -0.0194
v 0.0602 -0.6425 0.0084
v 0.0589 -0.6362 -0.0347
v 0.0599 -0.6399 -0.0300
v 0.0608 -0.6385 0.0121
v 0.0602 -0.6338 -0.0353
v 0.0604 -0.6361 0.0151
v 0.0578 -0.6325 0.0204
v 0.0599 -0.6261 -0.0405
v 0.0623 -0.6288 -0.0364
v 0.0607 -0.6278 0.0207
v 0.0535 -0.6231 0.0285
v 0.0595 -0.6232 0.0244
v 0.0596 -0.6181 -0.0449
v 0.0607 -0.6123 -0.0471
v 0.0604 -0.6152 -0.0454
v 0.0581 -0.6125 0.0293
v 0.0562 -0.6084 -0.0583
v 0.0569 -0.6020 -0.0646
v 0.0615 -0.6036 -0.0532
v 0.0603 -0.6052 -0.0544
v 0.0592 -0.6050 0.0302
v 0.0626 -0.5974 0.0286
v 0.0594 -0.5964 -0.0629
v 0.0583 -0.6052 -0.0601
v 0.0547 -0.5914 0.0340
v 0.0598 -0.5936 -0.0620
v 0.0597 -0.5883 -0.0614
v 0.0592 -0.5775 -0.0598
v 0.0601 -0.5796 0.0300
v 0.0601 -0.5734 -0.0572
v 0.0610 -0.5677 -0.0544
v 0.0579 -0.5706 0.0298
v 0.0605 -0.5629 -0.0536
v 0.0601 -0.5551 -0.0515
v 0.0591 -0.5584 0.0246
v 0.0545 -0.5503 -0.0546
v 0.0603 -0.5527 -0.0498
v 0.0572 -0.5482 -0.0504
v 0.0573 -0.5471 0.0192
v 0.0572 -0.5436 -0.0448
v 0.0589 -0.5425 -0.0387
v 0.0574 -0.5422 0.0149
v 0.0599 -0.5428 0.0128
v 0.0600 -0.5419 -0.0333
v 0.0588 -0.5367 -0.0250
v 0.0592 -0.5381 0.0080
v 0.0605 -0.5377 0.0049
v 0.0583 -0.5343 -0.0204
v 0.0599 -0.5345 -0.0162
v 0.0586 -0.5321 -0.0113
v 0.0604 -0.5342 -0.0061
v 0.0585 -0.5330 -0.0013
v 0.0647 -0.6425 -0.0075
v 0.0586 -0.6499 -0.0071
v 0.0644 -0.6423 -0.0137
v 0.0644 -0.6412 0.0004
v 0.0620 -0.6391 -0.0277
v 0.0658 -0.6378 -0.0204
v 0.0646 -0.6398 -0.0203
v 0.0647 -0.6365 0.0076
v 0.0649 -0.6298 0.0141
v 0.0628 -0.6322 0.0150
v 0.0655 -0.6299 -0.0309
v 0.0640 -0.6226 -0.0379
v 0.0630 -0.6232 0.0206
v 0.0649 -0.6211 0.0195
v 0.0656 -0.6170 -0.0384
v 0.0638 -0.6162 0.0230
v 0.0685 -0.6130 -0.0359
v 0.0608 -0.6077 -0.0506
v 0.0657 -0.6054 -0.0429
v 0.0641 -0.6110 0.0243
v 0.0650 -0.6052 0.0248
v 0.0648 -0.5998 -0.0465
v 0.0641 -0.6052 -0.0457
v 0.0621 -0.5948 -0.0558
v 0.0650 -0.5933 -0.0479
v 0.0613 -0.5936 0.0298
v 0.0639 -0.5834 -0.0517
v 0.0601 -0.5829 -0.0597
v 0.0653 -0.5843 -0.0484
v 0.0613 -0.5852 0.0297
v 0.0644 -0.5815 0.0262
v 0.0643 -0.5779 -0.0502
v 0.0653 -0.5782 0.0248
v 0.0648 -0.5707 -0.0479
v 0.0651 -0.5657 -0.0457
v 0.0649 -0.5664 0.0219
v 0.0649 -0.5624 -0.0450
v 0.0639 -0.5673 0.0235
v 0.0652 -0.5601 0.0187
v 0.0615 -0.5628 0.0242
v 0.0650 -0.5569 -0.0420
v 0.0607 -0.5484 -0.0455
v 0.0650 -0.5531 -0.0391
v 0.0625 -0.5528 0.0179
v 0.0652 -0.5523 0.0135
v 0.0612 -0.5529 0.0194
v 0.0612 -0.5437 -0.0356
v 0.0649 -0.5503 -0.0354
v 0.0650 -0.5464 -0.0276
v 0.0651 -0.5479 0.0094
v 0.0637 -0.5464 -0.0325
v 0.0621 -0.5419 0.0081
v 0.0648 -0.5425 0.0025
v 0.0637 -0.5404 -0.0196
v 0.0627 -0.5376 -0.0144
v 0.0641 -0.5389 -0.0115
v 0.0639 -0.5395 -0.0014
v 0.0683 -0.6353 -0.0124
v 0.0699 -0.6319 -0.0073
v 0.0700 -0.6303 -0.0016
v 0.0657 -0.6352 0.0067
v 0.0657 -0.6330 -0.0273
v 0.0698 -0.6279 -0.0219
v 0.0698 -0.6292 -0.0201
v 0.0687 -0.6318 0.0020
v 0.0663 -0.6287 0.0121
v 0.0665 -0.6217 -0.0346
v 0.0700 -0.6241 -0.0255
v 0.0702 -0.6259 0.0048
v 0.0701 -0.6211 0.0097
v 0.0700 -0.6183 -0.0301
v 0.0695 -0.6211 -0.0291
v 0.0668 -0.6202 0.0170
v 0.0703 -0.6118 0.0146
v 0.0697 -0.6118 -0.0338
v 0.0694 -0.6127 0.0160
v 0.0709 -0.6079 -0.0327
v 0.0692 -0.6097 0.0176
v 0.0697 -0.6028 -0.0364
v 0.0698 -0.6011 0.0187
v 0.0661 -0.6028 0.0238
v 0.0688 -0.5967 -0.0392
v 0.0699 -0.5940 0.0194
v 0.0676 -0.5889 -0.0425
v 0.0666 -0.5932 0.0241
v 0.0684 -0.5834 -0.0408
v 0.0690 -0.5901 -0.0396
v 0.0697 -0.5838 0.0192
v 0.0640 -0.5882 0.0273
v 0.0665 -0.5827 0.0237
v 0.0686 -0.5681 -0.0375
v 0.0686 -0.5766 -0.0395
v 0.0698 -0.5726 -0.0354
v 0.0697 -0.5718 0.0164
v 0.0693 -0.5667 -0.0343
v 0.0691 -0.5733 0.0180
v 0.0699 -0.5653 0.0132
v 0.0667 -0.5672 0.0196
v 0.0698 -0.5621 -0.0301
v 0.0664 -0.5541 -0.0349
v 0.0686 -0.5571 -0.0300
v 0.0702 -0.5593 -0.0264
v 0.0688 -0.5605 0.0125
v 0.0699 -0.5580 0.0080
v 0.0664 -0.5542 0.0127
v 0.0659 -0.5525 -0.0347
v 0.0701 -0.5544 -0.0213
v 0.0702 -0.5535 -0.0190
v 0.0697 -0.5535 0.0036
v 0.0701 -0.5521 -0.0014
v 0.0663 -0.5475 -0.0249
v 0.0655 -0.5428 -0.0186
v 0.0698 -0.5508 -0.0152
v 0.0666 -0.5438 -0.0146
v 0.0695 -0.5490 -0.0094
v 0.0698 -0.5502 -0.0063
v 0.0679 -0.5469 -0.0017
v 0.0667 -0.5478 0.0048
v 0.0654 -0.5409 -0.0084
v 0.0663 -0.5430 -0.0050
v 0.0660 -0.5437 -0.0000
v 0.0720 -0.6247 -0.0149
v 0.0707 -0.6297 -0.0114
v 0.0722 -0.6241 -0.0025
v 0.0709 -0.6269 -0.0002
v 0.0720 -0.6177 -0.0244
v 0.0716 -0.6234 -0.0196
v 0.0734 -0.6210 -0.0072
v 0.0729 -0.6223 -0.0050
v 0.0711 -0.6226 0.0048
v 0.0738 -0.6158 -0.0181
v 0.0737 -0.6180 -0.0156
v 0.0736 -0.6171 0.0001
v 0.0718 -0.6179 0.0070
v 0.0725 -0.6096 -0.0278
v 0.0729 -0.6121 -0.0250
v 0.0751 -0.6123 -0.0135
v 0.0748 -0.6146 -0.0108
v 0.0749 -0.6134 -0.0048
v 0.0750 -0.6109 -0.0011
v 0.0735 -0.6094 0.0071
v 0.0718 -0.6126 0.0104
v 0.0743 -0.6099 -0.0212
v 0.0752 -0.6096 -0.0167
v 0.0750 -0.6064 0.0027
v 0.0711 -0.6083 0.0141
v 0.0720 -0.5984 -0.0325
v 0.0739 -0.5989 -0.0276
v 0.0749 -0.6019 -0.0234
v 0.0753 -0.6057 -0.0198
v 0.0752 -0.6024 0.0041
v 0.0752 -0.6020 0.0038
v 0.0724 -0.6018 0.0129
v 0.0716 -0.6032 0.0145
v 0.0714 -0.5934 -0.0344
v 0.0755 -0.5971 -0.0223
v 0.0748 -0.5971 0.0071
v 0.0743 -0.5901 -0.0272
v 0.0750 -0.5928 -0.0247
v 0.0747 -0.5927 0.0079
v 0.0721 -0.5934 0.0148
v 0.0721 -0.5833 -0.0324
v 0.0731 -0.5871 -0.0301
v 0.0756 -0.5867 -0.0221
v 0.0746 -0.5882 0.0081
v 0.0720 -0.5884 0.0149
v 0.0711 -0.5787 -0.0340
v 0.0750 -0.5829 -0.0240
v 0.0746 -0.5837 0.0075
v 0.0749 -0.5820 0.0061
v 0.0719 -0.5834 0.0147
v 0.0735 -0.5753 -0.0264
v 0.0748 -0.5783 -0.0229
v 0.0733 -0.5736 0.0080
v 0.0751 -0.5780 0.0035
v 0.0720 -0.5757 0.0126
v 0.0715 -0.5782 0.0146
v 0.0713 -0.5686 -0.0298
v 0.0748 -0.5697 -0.0170
v 0.0750 -0.5740 -0.0196
v 0.0740 -0.5704 0.0036
v 0.0752 -0.5719 -0.0015
v 0.0730 -0.5652 -0.0219
v 0.0737 -0.5672 -0.0201
v 0.0751 -0.5692 -0.0112
v 0.0741 -0.5640 -0.0093
v 0.0750 -0.5692 -0.0044
v 0.0731 -0.5647 0.0024
v 0.0719 -0.5650 0.0071
v 0.0716 -0.5683 0.0104
v 0.0712 -0.5615 -0.0250
v 0.0729 -0.5602 -0.0150
v 0.0730 -0.5609 -0.0027
v 0.0728 -0.5620 0.0000
v 0.0710 -0.5566 -0.0196
v 0.0722 -0.5569 -0.0099
v 0.0708 -0.5587 0.0052
v 0.0706 -0.5529 -0.0145
v 0.0709 -0.5528 -0.0099
v 0.0719 -0.5561 -0.0053
v 0.0754 -0.6109 -0.0106
v 0.0763 -0.6046 -0.0095
v 0.0756 -0.6088 -0.0051
v 0.0754 -0.6081 -0.0014
v 0.0763 -0.5983 -0.0166
v 0.0763 -0.6017 -0.0146
v 0.0765 -0.5990 -0.0032
v 0.0755 -0.6013 0.0026
v 0.0770 -0.5942 -0.0076
v 0.0767 -0.5970 -0.0050
v 0.0765 -0.5887 -0.0171
v 0.0770 -0.5896 -0.0123
v 0.0770 -0.5922 -0.0101
v 0.0760 -0.5908 0.0025
v 0.0756 -0.5933 0.0042
v 0.0766 -0.5845 -0.0033
v 0.0762 -0.5869 0.0003
v 0.0759 -0.5788 -0.0172
v 0.0765 -0.5800 -0.0121
v 0.0766 -0.5802 -0.0078
v 0.0765 -0.5819 -0.0048
v 0.0754 -0.5830 0.0039
v 0.0754 -0.5762 -0.0187
v 0.0756 -0.5778 0.0001
v 0.0751 -0.5708 -0.0153
v 0.0756 -0.5723 -0.0099
v 0.0756 -0.5731 -0.0044
vn -0.9808 -0.1924 -0.0324
vn -0.9877 -0.1541 0.0263
vn -0.9846 -0.1560 -0.0785
vn -0.9966 -0.0681 0.0457
vn -0.9522 -0.2017 0.2294
vn -0.9812 -0.0958 -0.1675
vn -0.9857 -0.1199 0.1183
vn -0.9799 -0.0670 0.1880
vn -0.9672 -0.0431 0.2505
vn -0.9800 -0.0218 -0.1979
vn -0.9983 -0.0558 0.0171
vn -0.9963 0.0026 0.0855
vn -0.9704 0.0054 0.2416
vn -0.9999 -0.0037 -0.0167
vn -0.9690 0.0976 -0.2268
vn -0.9971 0.0555 -0.0522
vn -0.9846 0.0723 -0.1593
vn -0.9950 0.0634 0.0772
vn -0.9823 0.0865 0.1664
vn -0.9631 0.1009 0.2495
vn -0.9803 0.1172 -0.1591
vn -0.9723 0.1854 -0.1424
vn -0.9802 0.1483 0.1312
vn -0.9894 0.1406 -0.0351
vn -0.9859 0.1634 0.0364
vn -0.9123 -0.3460 -0.2190
vn -0.9352 -0.3269 -0.1363
vn -0.9309 -0.3632 -0.0382
vn -0.9526 -0.3031 0.0267
vn -0.9243 -0.3562 0.1370
vn -0.9107 -0.2982 -0.2860
vn -0.9275 -0.3191 0.1948
vn -0.8973 -0.2797 0.3416
vn -0.9048 -0.2219 -0.3633
vn -0.9626 -0.2475 -0.1101
vn -0.9731 -0.2294 -0.0228
vn -0.9804 -0.1638 0.1099
vn -0.9658 -0.2366 0.1059
vn -0.8852 -0.2527 0.3907
vn -0.9082 -0.1414 -0.3938
vn -0.9539 -0.1874 -0.2343
vn -0.9636 -0.2206 -0.1510
vn -0.9418 -0.2228 0.2516
vn -0.8752 -0.1577 -0.4573
vn -0.9628 -0.1624 -0.2158
vn -0.9133 -0.1744 0.3680
vn -0.8800 -0.1494 0.4508
vn -0.8853 -0.1054 -0.4529
vn -0.9508 -0.1253 -0.2833
vn -0.9523 -0.0666 0.2978
vn -0.9569 -0.1085 0.2694
vn -0.8890 -0.0804 0.4508
vn -0.9429 -0.0688 -0.3260
vn -0.9102 -0.0373 -0.4124
vn -0.9569 -0.0279 -0.2892
vn -0.9036 -0.0053 0.4283
vn -0.9478 0.0097 -0.3189
vn -0.9224 0.0354 -0.3847
vn -0.9479 0.0509 -0.3145
vn -0.9510 0.0593 0.3035
vn -0.9346 0.0697 -0.3489
vn -0.9390 0.1404 -0.3139
vn -0.8712 0.1402 0.4706
vn -0.9265 0.0945 -0.3643
vn -0.9556 0.1506 -0.2533
vn -0.9497 0.1510 0.2743
vn -0.9096 0.1539 0.3858
vn -0.8903 0.2369 0.3890
vn -0.9442 0.2113 -0.2528
vn -0.9962 0.0870 -0.0045
vn -0.9721 0.2290 -0.0512
vn -0.9607 0.2405 0.1384
vn -0.9102 0.3273 -0.2537
vn -0.9686 0.2450 0.0423
vn -0.9433 0.3117 0.1137
vn -0.9471 0.2333 0.2205
vn -0.8934 0.2932 0.3405
vn -0.9239 0.3580 -0.1351
vn -0.9847 0.1631 -0.0606
vn -0.9035 0.3360 0.2661
vn -0.9112 0.4117 -0.0164
vn -0.9279 0.3709 0.0369
vn -0.8348 -0.4879 -0.2551
vn -0.8644 -0.4779 -0.1561
vn -0.8621 -0.5031 -0.0612
vn -0.8919 -0.4506 0.0380
vn -0.8397 -0.5304 0.1170
vn -0.8521 -0.4547 0.2593
vn -0.8394 -0.4391 -0.3204
vn -0.9062 -0.4035 -0.1263
vn -0.9161 -0.3935 0.0768
vn -0.7818 -0.4926 0.3823
vn -0.7947 -0.4102 0.4475
vn -0.8789 -0.2913 -0.3777
vn -0.8062 -0.3773 -0.4558
vn -0.8740 -0.3498 -0.3373
vn -0.8006 -0.3402 0.4932
vn -0.8010 -0.3196 -0.5062
vn -0.8875 -0.3220 0.3295
vn -0.7998 -0.3008 0.5195
vn -0.8432 -0.2236 -0.4889
vn -0.7227 -0.1135 0.6818
vn -0.7976 -0.2446 -0.5513
vn -0.8064 -0.2225 0.5478
vn -0.8797 -0.1593 -0.4480
vn -0.8895 -0.1724 -0.4232
vn -0.8558 -0.1726 -0.4877
vn -0.7815 -0.1446 0.6069
vn -0.8812 -0.0929 -0.4636
vn -0.7137 -0.0765 0.6962
vn -0.9103 -0.0906 -0.4038
vn -0.7899 -0.0494 0.6112
vn -0.9236 -0.0341 -0.3819
vn -0.9073 -0.0160 -0.4201
vn -0.7344 -0.0174 0.6785
vn -0.9105 0.0081 -0.4133
vn -0.8907 0.0856 0.4465
vn -0.8141 0.0710 0.5764
vn -0.7179 0.1764 0.6735
vn -0.9231 0.0447 -0.3820
vn -0.7795 0.1356 0.6115
vn -0.9185 0.0848 -0.3863
vn -0.9288 0.0980 -0.3573
vn -0.9311 0.1315 -0.3402
vn -0.9307 0.1750 -0.3211
vn -0.8497 0.2249 0.4770
vn -0.8066 0.2147 0.5508
vn -0.7188 0.2455 0.6505
vn -0.9060 0.1366 -0.4007
vn -0.9124 0.1926 -0.3611
vn -0.9348 0.2364 -0.2649
vn -0.8138 0.3223 0.4835
vn -0.9643 0.1876 -0.1867
vn -0.8848 0.3601 -0.2958
vn -0.9298 0.2621 -0.2583
vn -0.8977 0.3772 -0.2276
vn -0.9025 0.3911 0.1804
vn -0.9004 0.3784 -0.2146
vn -0.8413 0.4358 0.3199
vn -0.8332 0.3959 0.3861
vn -0.8729 0.4589 -0.1661
vn -0.8488 0.4575 -0.2651
vn -0.8274 0.5337 -0.1751
vn -0.8301 0.4980 0.2511
vn -0.8060 0.5860 -0.0835
vn -0.8394 0.5432 0.0173
vn -0.8484 0.5166 0.1158
vn -0.7061 -0.6850 -0.1797
vn -0.7706 -0.6340 -0.0643
vn -0.7322 -0.6605 0.1665
vn -0.6798 -0.6165 -0.3974
vn -0.7467 -0.6011 -0.2847
vn -0.8182 -0.5749 0.0030
vn -0.7984 -0.5519 0.2408
vn -0.6973 -0.6344 0.3336
vn -0.6918 -0.5525 -0.4650
vn -0.7034 -0.5610 0.4364
vn -0.6692 -0.5023 0.5476
vn -0.6747 -0.4463 -0.5879
vn -0.7808 -0.4332 -0.4503
vn -0.6645 -0.4416 0.6028
vn -0.6445 -0.3844 0.6609
vn -0.7245 -0.3123 -0.6145
vn -0.6669 -0.3606 -0.6521
vn -0.6793 -0.3232 0.6589
vn -0.7526 -0.2851 -0.5935
vn -0.6130 -0.2826 0.7378
vn -0.7435 -0.3309 -0.5812
vn -0.6470 -0.5060 -0.5703
vn -0.4403 -0.0215 0.8976
vn -0.8105 -0.3875 -0.4393
vn -0.8415 -0.2562 -0.4756
vn -0.6908 -0.1664 0.7036
vn -0.8705 -0.3392 -0.3567
vn -0.9155 -0.2195 -0.3372
vn -0.6072 -0.0850 0.7900
vn -0.8994 0.0242 -0.4364
vn -0.8794 -0.1411 -0.4548
vn -0.9380 -0.1102 -0.3286
vn -0.8797 0.0647 -0.4711
vn -0.9304 -0.0218 -0.3660
vn -0.8547 0.1547 -0.4955
vn -0.9252 0.0124 -0.3793
vn -0.6365 0.0978 0.7651
vn -0.5101 0.0423 0.8591
vn -0.9140 0.0545 -0.4022
vn -0.7322 0.1731 0.6587
vn -0.7710 0.1755 -0.6121
vn -0.8986 0.1619 -0.4078
vn -0.8396 0.1388 -0.5251
vn -0.7291 0.2068 -0.6524
vn -0.8170 0.2085 -0.5376
vn -0.7994 0.2902 0.5261
vn -0.5304 0.3211 0.7846
vn -0.8203 0.3784 -0.4288
vn -0.7044 0.3876 0.5946
vn -0.8003 0.2671 -0.5369
vn -0.7424 0.4803 0.4670
vn -0.4274 0.7968 0.4272
vn -0.7982 0.5265 -0.2928
vn -0.8050 0.5121 -0.2994
vn -0.8048 0.5333 -0.2605
vn -0.8639 0.4538 -0.2187
vn -0.7487 0.6139 -0.2502
vn -0.7505 0.5508 0.3651
vn -0.6525 0.4959 0.5730
vn -0.7345 0.6237 -0.2674
vn -0.8039 0.5910 0.0665
vn -0.7535 0.6147 0.2331
vn -0.6004 0.6389 0.4811
vn -0.7242 0.6424 -0.2506
vn -0.6962 0.7147 0.0670
vn -0.6765 0.6518 0.3427
vn -0.4838 -0.8406 -0.2434
vn -0.5583 -0.8277 -0.0562
vn -0.2763 -0.9609 0.0173
vn -0.5989 -0.7932 0.1105
vn -0.5561 -0.7516 -0.3548
vn -0.6360 -0.7506 0.1792
vn -0.5855 -0.7038 0.4023
vn -0.5321 -0.6445 -0.5491
vn -0.5843 -0.6155 0.5289
vn -0.5888 -0.5310 -0.6095
vn -0.4507 -0.5802 -0.6784
vn -0.5629 -0.5438 0.6224
vn -0.4665 -0.4869 -0.7385
vn -0.4848 -0.5217 0.7020
vn -0.5519 -0.4886 0.6758
vn -0.5732 -0.3910 -0.7201
vn -0.4445 -0.3960 0.8035
vn -0.4562 -0.4182 -0.7855
vn -0.6534 -0.3880 -0.6500
vn -0.4935 -0.6580 -0.5688
vn -0.4850 -0.3672 0.7937
vn -0.6444 -0.6114 -0.4592
vn -0.6969 -0.4296 -0.5743
vn -0.5002 -0.1620 0.8506
vn -0.8031 0.0305 -0.5951
vn -0.5529 -0.0032 0.8332
vn -0.6753 0.1921 -0.7121
vn -0.7594 0.1880 -0.6229
vn -0.5900 0.2467 -0.7688
vn -0.4749 0.1215 0.8716
vn -0.5218 0.1838 0.8330
vn -0.4854 0.2762 -0.8295
vn -0.5499 0.2337 0.8019
vn -0.6162 0.2800 -0.7362
vn -0.4111 0.2895 0.8644
vn -0.5995 0.2918 -0.7453
vn -0.6038 0.3404 0.7208
vn -0.5860 0.5118 -0.6282
vn -0.5540 0.4766 0.6826
vn -0.3775 0.4388 -0.8155
vn -0.4973 0.5133 0.6994
vn -0.5153 0.7125 -0.4763
vn -0.5751 0.5753 0.5817
vn -0.4845 0.8370 -0.2543
vn -0.6399 0.6866 -0.3452
vn -0.6427 0.6995 -0.3125
vn -0.6181 0.7394 0.2670
vn -0.3923 0.5332 0.7496
vn -0.5291 0.7786 -0.3375
vn -0.4791 0.8079 -0.3432
vn -0.4658 0.8219 0.3279
vn -0.5258 0.7961 -0.2998
vn -0.6179 0.7750 -0.1325
vn -0.5471 0.8354 -0.0522
vn -0.3989 0.9165 0.0309
vn -0.2457 -0.9157 -0.3180
vn 0.0252 -0.9995 0.0182
vn -0.2821 -0.9568 -0.0711
vn -0.3761 -0.8913 0.2533
vn -0.2913 -0.8834 0.3672
vn -0.4160 -0.5778 -0.7022
vn -0.3590 -0.7588 -0.5435
vn -0.4001 -0.7149 0.5735
vn -0.2677 -0.6736 -0.6889
vn -0.4085 -0.6569 0.6338
vn -0.2366 -0.6354 0.7351
vn -0.2798 -0.5850 0.7612
vn -0.2740 -0.5678 -0.7762
vn -0.3031 -0.4753 -0.8260
vn -0.3227 -0.4334 0.8414
vn -0.1535 -0.4395 0.8851
vn -0.2369 -0.4772 -0.8462
vn -0.5079 -0.8004 -0.3183
vn -0.1572 -0.5979 -0.7860
vn -0.1644 -0.2750 0.9473
vn -0.3409 -0.3784 0.8606
vn -0.3024 -0.7540 -0.5831
vn -0.3186 -0.1757 -0.9314
vn -0.4799 -0.6518 -0.5873
vn -0.1145 -0.8394 -0.5314
vn -0.3262 -0.4244 -0.8447
vn -0.4265 -0.1766 -0.8871
vn -0.3416 -0.1221 0.9319
vn -0.2085 -0.1813 0.9611
vn -0.2124 -0.0178 0.9770
vn -0.5149 0.0723 -0.8542
vn -0.2636 0.0430 0.9637
vn -0.5298 0.5888 -0.6104
vn -0.2329 0.1215 0.9649
vn -0.1535 0.2259 -0.9620
vn -0.2993 0.2059 0.9317
vn -0.4556 0.3672 -0.8109
vn -0.3216 0.3516 -0.8791
vn -0.2412 0.3487 0.9057
vn -0.3612 0.4486 0.8175
vn -0.3857 0.7841 -0.4862
vn -0.2739 0.5462 0.7916
vn -0.0719 0.5205 0.8508
vn -0.0302 0.5962 -0.8023
vn -0.3347 0.7326 -0.5927
vn -0.3149 0.8728 -0.3730
vn -0.2546 0.8959 -0.3640
vn -0.3596 0.8520 -0.3806
vn -0.4218 0.7688 0.4806
vn -0.3142 0.7110 0.6290
vn -0.2932 0.9423 -0.1612
vn -0.1899 0.9673 0.1684
vn -0.0293 -0.9564 -0.2906
vn 0.2343 -0.9292 0.2858
vn -0.0736 -0.8664 0.4939
vn -0.0620 -0.8101 -0.5831
vn -0.0196 -0.8334 -0.5524
vn -0.0042 -0.8156 0.5786
vn 0.0477 -0.6915 -0.7208
vn -0.1350 -0.5923 -0.7943
vn -0.0660 -0.7355 0.6743
vn 0.0557 -0.6293 -0.7751
vn 0.0882 -0.6351 0.7674
vn -0.0639 -0.5332 -0.8436
vn 0.0239 -0.4731 0.8807
vn 0.0167 -0.4765 -0.8790
vn -0.0568 -0.3497 0.9351
vn 0.0327 -0.7411 -0.6706
vn -0.1090 -0.2349 0.9659
vn 0.1708 -0.7989 -0.5767
vn 0.0408 -0.8057 -0.5910
vn -0.0379 -0.7170 -0.6960
vn -0.0621 -0.3312 -0.9415
vn -0.0767 -0.1177 0.9901
vn 0.0258 -0.0984 -0.9948
vn 0.0583 0.1173 -0.9914
vn -0.2839 0.3112 -0.9070
vn -0.0713 0.0012 0.9975
vn 0.1305 0.3358 -0.9328
vn -0.0164 0.1699 0.9853
vn 0.1986 0.4105 -0.8900
vn -0.0404 0.2266 0.9731
vn 0.0194 0.3545 -0.9349
vn -0.1614 0.4119 -0.8968
vn -0.0340 0.3889 0.9206
vn 0.2096 0.3734 -0.9037
vn -0.2058 0.7548 -0.6228
vn -0.2147 0.6105 0.7623
vn 0.1095 0.5690 0.8150
vn -0.1570 0.8693 -0.4687
vn -0.0361 0.9081 -0.4171
vn 0.1271 0.9234 -0.3622
vn -0.0026 0.7481 0.6636
vn 0.0414 0.9991 -0.0073
vn -0.1327 0.9185 -0.3724
vn -0.1295 0.9679 -0.2153
vn -0.1811 0.8734 0.4521
vn -0.0585 0.8181 0.5721
vn 0.0738 0.9728 -0.2196
vn 0.1009 0.9803 0.1695
vn 0.3557 -0.8664 -0.3504
vn 0.3531 -0.9150 -0.1953
vn 0.2029 -0.8788 0.4320
vn 0.3209 -0.8592 0.3986
vn 0.2160 -0.7980 -0.5626
vn 0.2455 -0.6591 -0.7108
vn 0.3784 -0.5993 -0.7054
vn 0.2620 -0.5321 -0.8051
vn 0.2191 -0.4579 -0.8616
vn -0.0277 -0.1974 0.9799
vn 0.3638 -0.4478 -0.8168
vn 0.1778 0.1234 0.9763
vn 0.2030 -0.6896 -0.6952
vn 0.4889 -0.6845 -0.5408
vn 0.2872 -0.7925 -0.5380
vn -0.0288 -0.2052 0.9783
vn 0.4437 -0.6925 -0.5689
vn 0.2220 -0.4547 -0.8625
vn 0.1645 -0.1342 0.9772
vn 0.2865 -0.0865 0.9542
vn 0.0706 -0.0125 0.9974
vn 0.5849 0.2697 -0.7650
vn 0.1234 0.0312 0.9919
vn 0.3592 0.3637 -0.8595
vn 0.1486 0.0891 0.9849
vn 0.4247 0.2527 -0.8693
vn 0.2173 0.1554 0.9636
vn 0.5071 0.2872 -0.8126
vn 0.1880 0.2351 0.9536
vn 0.0882 0.3090 0.9470
vn 0.0966 0.3052 -0.9474
vn 0.3668 0.3311 -0.8694
vn 0.2781 0.4057 0.8707
vn 0.0947 0.4400 0.8930
vn 0.3236 0.5264 0.7862
vn 0.3793 0.6330 -0.6749
vn 0.1680 0.8119 -0.5591
vn 0.2273 0.5806 0.7818
vn 0.2616 0.8894 -0.3748
vn 0.2824 0.8962 -0.3421
vn 0.2017 0.7131 0.6714
vn 0.2888 0.8735 -0.3920
vn 0.2575 0.7932 0.5519
vn 0.3721 0.6894 0.6215
vn 0.2735 0.8922 -0.3593
vn 0.3229 0.8946 -0.3090
vn 0.2772 0.9498 -0.1450
vn 0.1840 0.8971 0.4016
vn 0.2255 0.9740 -0.0199
vn 0.6085 -0.7747 -0.1721
vn 0.4157 -0.8961 -0.1558
vn 0.4310 -0.8519 0.2977
vn 0.5742 -0.7837 0.2368
vn 0.4196 -0.7359 -0.5314
vn 0.4909 -0.7376 -0.4636
vn 0.2782 -0.7508 0.5991
vn 0.4979 -0.6008 -0.6253
vn 0.5678 -0.6118 0.5507
vn 0.4335 -0.6214 0.6526
vn 0.3043 -0.5389 0.7855
vn 0.4894 -0.4646 -0.7380
vn 0.4704 -0.4986 0.7281
vn 0.4407 -0.4236 -0.7914
vn 0.2866 -0.6083 0.7402
vn 0.4863 -0.5941 -0.6407
vn 0.5442 -0.4420 -0.7131
vn 0.4131 -0.2655 0.8711
vn 0.2610 -0.2292 0.9377
vn 0.3374 -0.1718 0.9256
vn 0.5063 -0.3098 -0.8048
vn 0.6211 -0.0229 -0.7834
vn 0.3057 -0.0285 0.9517
vn 0.5252 0.2594 -0.8105
vn 0.6235 0.2022 -0.7552
vn 0.4040 0.0645 0.9125
vn 0.6237 0.2479 -0.7413
vn 0.3677 0.2152 0.9047
vn 0.3831 0.2998 -0.8737
vn 0.3774 0.3136 0.8713
vn 0.6399 0.2320 -0.7326
vn 0.6457 0.2681 -0.7150
vn 0.3605 0.3436 0.8672
vn 0.5066 0.3105 0.8043
vn 0.3949 0.4183 0.8180
vn 0.4624 0.5142 -0.7224
vn 0.5486 0.4841 0.6816
vn 0.5276 0.7456 -0.4071
vn 0.4260 0.5000 0.7540
vn 0.3707 0.8549 -0.3630
vn 0.4956 0.8086 -0.3172
vn 0.4963 0.6076 0.6201
vn 0.5128 0.7463 -0.4243
vn 0.5078 0.7711 0.3842
vn 0.4856 0.7176 0.4993
vn 0.5052 0.8078 -0.3038
vn 0.4723 0.8757 -0.1004
vn 0.4349 0.8920 0.1229
vn 0.4880 0.8377 0.2453
vn 0.4350 -0.8995 0.0414
vn 0.6010 -0.7031 -0.3802
vn 0.7023 -0.6931 -0.1624
vn 0.7348 -0.6528 0.1843
vn 0.5377 -0.7321 0.4181
vn 0.6157 -0.5980 -0.5131
vn 0.7442 -0.6149 -0.2609
vn 0.7185 -0.5642 0.4067
vn 0.5865 -0.5017 -0.6359
vn 0.6665 -0.5314 -0.5229
vn 0.7027 -0.5253 0.4800
vn 0.6613 -0.4573 -0.5945
vn 0.6675 -0.4940 0.5571
vn 0.5742 -0.4524 0.6824
vn 0.6186 -0.3803 -0.6875
vn 0.7097 -0.3903 -0.5865
vn 0.6452 -0.3924 0.6555
vn 0.3738 -0.3517 0.8582
vn 0.5980 -0.3522 0.7200
vn 0.6435 -0.3280 -0.6916
vn 0.7236 -0.4011 -0.5617
vn 0.7019 -0.3770 -0.6043
vn 0.5473 -0.2090 0.8104
vn 0.6202 -0.6780 -0.3945
vn 0.7575 -0.3389 -0.5580
vn 0.8977 -0.2747 -0.3444
vn 0.7762 -0.2109 -0.5942
vn 0.5554 -0.1338 0.8207
vn 0.6664 -0.0599 0.7432
vn 0.8767 -0.0998 -0.4707
vn 0.7888 -0.4736 -0.3918
vn 0.4210 -0.0106 0.9070
vn 0.8808 0.0337 -0.4723
vn 0.8436 0.1007 -0.5274
vn 0.7577 0.1923 -0.6236
vn 0.5945 0.1227 0.7947
vn 0.7565 0.1923 -0.6251
vn 0.8137 0.1612 -0.5585
vn 0.5770 0.2047 0.7907
vn 0.7795 0.1953 -0.5952
vn 0.7631 0.2726 -0.5859
vn 0.6046 0.3437 0.7186
vn 0.5371 0.3435 -0.7704
vn 0.9306 0.1690 -0.3246
vn 0.6325 0.5887 -0.5034
vn 0.4967 0.5879 0.6385
vn 0.6356 0.6581 -0.4035
vn 0.6586 0.6993 -0.2778
vn 0.5590 0.5774 0.5951
vn 0.6833 0.5259 0.5064
vn 0.6988 0.6680 -0.2558
vn 0.6581 0.6843 -0.3141
vn 0.6465 0.6308 0.4290
vn 0.7195 0.6204 0.3122
vn 0.6566 0.7075 -0.2613
vn 0.7185 0.6722 -0.1785
vn 0.6634 0.7457 -0.0616
vn 0.7429 0.6659 0.0684
vn 0.6630 0.7239 0.1909
vn 0.8347 -0.5491 0.0423
vn 0.6856 -0.7275 0.0268
vn 0.8301 -0.5459 -0.1135
vn 0.8273 -0.5236 0.2033
vn 0.7509 -0.5194 -0.4080
vn 0.8541 -0.4721 -0.2180
vn 0.8073 -0.5374 -0.2439
vn 0.7820 -0.5023 0.3691
vn 0.7826 -0.3865 0.4880
vn 0.7160 -0.4243 0.5544
vn 0.8116 -0.3734 -0.4494
vn 0.7552 -0.3146 -0.5751
vn 0.7147 -0.3234 0.6202
vn 0.7655 -0.2882 0.5753
vn 0.7813 -0.2035 -0.5900
vn 0.7288 -0.2390 0.6417
vn 0.8584 -0.3089 -0.4096
vn 0.8012 -0.4166 -0.4295
vn 0.8455 -0.1866 -0.5003
vn 0.7320 -0.1900 0.6542
vn 0.7498 -0.1401 0.6467
vn 0.8997 -0.1411 -0.4132
vn 0.8451 -0.2402 -0.4776
vn 0.9351 -0.1008 -0.3396
vn 0.9300 -0.0867 -0.3571
vn 0.6100 -0.0299 0.7918
vn 0.9181 0.0244 -0.3957
vn 0.8440 0.1038 -0.5261
vn 0.9271 0.0047 -0.3747
vn 0.6241 0.0563 0.7793
vn 0.7250 0.0689 0.6853
vn 0.9167 0.0578 -0.3953
vn 0.7580 0.1266 0.6398
vn 0.9089 0.0970 -0.4055
vn 0.9089 0.1341 -0.3949
vn 0.7891 0.2211 0.5731
vn 0.9199 0.1489 -0.3629
vn 0.7230 0.2171 0.6559
vn 0.7711 0.2950 0.5643
vn 0.6758 0.2714 0.6853
vn 0.9125 0.2229 -0.3429
vn 0.7896 0.4645 -0.4008
vn 0.9110 0.3066 -0.2757
vn 0.7280 0.3925 0.5621
vn 0.7908 0.3961 0.4667
vn 0.6768 0.3762 0.6328
vn 0.7640 0.6041 -0.2266
vn 0.8719 0.4216 -0.2492
vn 0.8721 0.4345 -0.2250
vn 0.8132 0.4295 0.3926
vn 0.8431 0.4800 -0.2426
vn 0.7650 0.5158 0.3857
vn 0.8196 0.5094 0.2624
vn 0.7994 0.5614 -0.2140
vn 0.7905 0.5974 -0.1351
vn 0.8225 0.5661 -0.0545
vn 0.8112 0.5612 0.1643
vn 0.9030 -0.4213 -0.0842
vn 0.9233 -0.3814 0.0458
vn 0.9199 -0.3698 0.1302
vn 0.8522 -0.4203 0.3115
vn 0.8340 -0.4121 -0.3669
vn 0.9064 -0.3327 -0.2603
vn 0.9126 -0.3590 -0.1958
vn 0.8959 -0.3875 0.2173
vn 0.8572 -0.3421 0.3848
vn 0.7738 -0.4889 -0.4027
vn 0.9043 -0.2968 -0.3069
vn 0.8925 -0.3372 0.2996
vn 0.8965 -0.2701 0.3512
vn 0.8866 -0.2386 -0.3962
vn 0.8801 -0.2776 -0.3852
vn 0.8334 -0.2599 0.4878
vn 0.8916 -0.1872 0.4124
vn 0.8891 -0.1959 -0.4136
vn 0.8483 -0.2157 0.4836
vn 0.8957 -0.1187 -0.4286
vn 0.8462 -0.1607 0.5081
vn 0.8904 -0.1119 -0.4411
vn 0.8578 -0.0800 0.5078
vn 0.8037 -0.0717 0.5907
vn 0.8870 -0.0691 -0.4566
vn 0.8562 -0.0291 0.5159
vn 0.9118 -0.0360 -0.4091
vn 0.7999 -0.0322 0.5993
vn 0.9184 0.0263 -0.3949
vn 0.9021 -0.0199 -0.4310
vn 0.8573 0.0579 0.5116
vn 0.7406 0.0289 0.6713
vn 0.7978 0.0572 0.6002
vn 0.9357 0.1327 -0.3268
vn 0.9132 0.0803 -0.3995
vn 0.9318 0.1097 -0.3460
vn 0.8819 0.1755 0.4375
vn 0.9387 0.1580 -0.3064
vn 0.8512 0.1532 0.5019
vn 0.8673 0.2319 0.4405
vn 0.8259 0.2135 0.5219
vn 0.9263 0.2244 -0.3027
vn 0.9219 0.2875 -0.2596
vn 0.9328 0.2439 -0.2654
vn 0.8601 0.3721 -0.3489
vn 0.8656 0.2805 0.4148
vn 0.8646 0.3539 0.3566
vn 0.8520 0.3339 0.4033
vn 0.9437 0.3172 -0.0937
vn 0.9222 0.3263 -0.2075
vn 0.9096 0.3719 -0.1851
vn 0.9060 0.3422 0.2491
vn 0.9256 0.3493 0.1454
vn 0.8862 0.4113 -0.2133
vn 0.8612 0.4738 -0.1840
vn 0.9127 0.3870 -0.1312
vn 0.8854 0.4521 -0.1081
vn 0.9160 0.4011 -0.0112
vn 0.9213 0.3847 0.0562
vn 0.8945 0.4219 0.1477
vn 0.8719 0.4057 0.2741
vn 0.8535 0.5207 0.0208
vn 0.8808 0.4660 0.0839
vn 0.8731 0.4529 0.1803
vn 0.9543 -0.2811 -0.1010
vn 0.9389 -0.3399 -0.0546
vn 0.9528 -0.2796 0.1182
vn 0.9369 -0.3025 0.1750
vn 0.9405 -0.2188 -0.2599
vn 0.9458 -0.2641 -0.1889
vn 0.9670 -0.2537 0.0247
vn 0.9601 -0.2701 0.0728
vn 0.9428 -0.2493 0.2212
vn 0.9633 -0.2085 -0.1693
vn 0.9673 -0.2282 -0.1106
vn 0.9623 -0.2189 0.1614
vn 0.9377 -0.2200 0.2689
vn 0.9359 -0.1454 -0.3209
vn 0.9455 -0.1791 -0.2718
vn 0.9832 -0.1661 -0.0756
vn 0.9799 -0.1975 -0.0280
vn 0.9783 -0.1914 0.0789
vn 0.9763 -0.1661 0.1384
vn 0.9506 -0.1456 0.2743
vn 0.9239 -0.1866 0.3341
vn 0.9612 -0.1629 -0.2226
vn 0.9818 -0.1449 -0.1227
vn 0.9736 -0.1200 0.1944
vn 0.9122 -0.1289 0.3889
vn 0.9171 -0.0646 -0.3934
vn 0.9434 -0.0659 -0.3250
vn 0.9640 -0.0945 -0.2484
vn 0.9779 -0.1107 -0.1771
vn 0.9689 -0.0903 0.2303
vn 0.9691 0.0266 0.2453
vn 0.9273 -0.0877 0.3640
vn 0.9064 -0.1074 0.4086
vn 0.9123 -0.0224 -0.4089
vn 0.9780 -0.0455 -0.2034
vn 0.9636 -0.0428 0.2640
vn 0.9469 0.0078 -0.3213
vn 0.9652 -0.0171 -0.2610
vn 0.9555 -0.0172 0.2946
vn 0.9188 -0.0221 0.3940
vn 0.9287 0.0517 -0.3672
vn 0.9350 0.0302 -0.3534
vn 0.9790 0.0332 -0.2010
vn 0.9554 0.0242 0.2942
vn 0.9165 0.0210 0.3995
vn 0.9252 0.0872 -0.3693
vn 0.9625 0.0730 -0.2614
vn 0.9546 0.0578 0.2924
vn 0.9626 0.0780 0.2593
vn 0.9177 0.0629 0.3923
vn 0.9482 0.1250 -0.2920
vn 0.9657 0.1025 -0.2387
vn 0.9454 0.1463 0.2911
vn 0.9728 0.1066 0.2057
vn 0.9237 0.1240 0.3626
vn 0.9097 0.0964 0.4038
vn 0.9363 0.1655 -0.3098
vn 0.9747 0.1740 -0.1401
vn 0.9305 0.2170 -0.2951
vn 0.9599 0.1733 0.2205
vn 0.9784 0.1571 0.1340
vn 0.9515 0.2140 -0.2210
vn 0.9640 0.1863 -0.1899
vn 0.9840 0.1742 -0.0364
vn 0.9742 0.2258 -0.0076
vn 0.9804 0.1814 0.0765
vn 0.9568 0.2182 0.1923
vn 0.9359 0.2116 0.2815
vn 0.9284 0.1787 0.3258
vn 0.9390 0.2373 -0.2489
vn 0.9599 0.2590 -0.1072
vn 0.9609 0.2517 0.1154
vn 0.9537 0.2509 0.1657
vn 0.9462 0.2726 -0.1746
vn 0.9574 0.2879 -0.0236
vn 0.9364 0.2670 0.2277
vn 0.9430 0.3200 -0.0917
vn 0.9450 0.3265 -0.0203
vn 0.9538 0.2935 0.0641
vn 0.9905 -0.1373 -0.0124
vn 0.9946 -0.1032 -0.0056
vn 0.9905 -0.1254 0.0560
vn 0.9894 -0.1031 0.1025
vn 0.9920 -0.0447 -0.1180
vn 0.9931 -0.0822 -0.0835
vn 0.9937 -0.0626 0.0927
vn 0.9833 -0.0726 0.1669
vn 0.9994 -0.0236 0.0247
vn 0.9969 -0.0415 0.0672
vn 0.9919 0.0165 -0.1257
vn 0.9985 0.0175 -0.0520
vn 0.9998 -0.0098 -0.0191
vn 0.9857 0.0005 0.1682
vn 0.9778 -0.0294 0.2073
vn 0.9953 0.0458 0.0851
vn 0.9904 0.0264 0.1360
vn 0.9889 0.0828 -0.1234
vn 0.9957 0.0766 -0.0519
vn 0.9961 0.0863 0.0184
vn 0.9950 0.0755 0.0651
vn 0.9803 0.0536 0.1898
vn 0.9829 0.1088 -0.1483
vn 0.9876 0.0937 0.1263
vn 0.9869 0.1403 -0.0792
vn 0.9915 0.1292 -0.0142
vn 0.9917 0.1166 0.0550
f 1753//1753 1754//1754 1752//1752
f 1754//1754 1753//1753 1758//1758
f 1756//1756 1753//1753 1755//1755
f 1758//1758 1753//1753 1756//1756
f 1757//1757 1754//1754 1762//1762
f 1762//1762 1754//1754 1758//1758
f 1761//1761 1757//1757 1765//1765
f 1765//1765 1757//1757 1762//1762
f 1763//1763 1762//1762 1758//1758
f 1763//1763 1758//1758 1759//1759
f 1763//1763 1759//1759 1764//1764
f 1759//1759 1760//1760 1764//1764
f 1767//1767 1761//1761 1765//1765
f 1768//1768 1761//1761 1767//1767
f 1770//1770 1762//1762 1763//1763
f 1765//1765 1762//1762 1770//1770
f 1770//1770 1763//1763 1764//1764
f 1769//1769 1767//1767 1765//1765
f 1769//1769 1765//1765 1770//1770
f 1764//1764 1811//1811 1770//1770
f 1776//1776 1768//1768 1767//1767
f 1776//1776 1767//1767 1769//1769
f 1771//1771 1770//1770 1811//1811
f 1766//1766 1773//1773 1772//1772
f 1768//1768 1773//1773 1766//1766
f 1775//1775 1768//1768 1776//1776
f 1773//1773 1768//1768 1775//1775
f 1776//1776 1770//1770 1774//1774
f 1769//1769 1770//1770 1776//1776
f 1779//1779 1780//1780 1778//1778
f 1781//1781 1783//1783 1780//1780
f 1778//1778 1782//1782 1777//1777
f 1782//1782 1778//1778 1786//1786
f 1786//1786 1778//1778 1780//1780
f 1789//1789 1780//1780 1783//1783
f 1792//1792 1785//1785 1782//1782
f 1792//1792 1782//1782 1793//1793
f 1793//1793 1782//1782 1786//1786
f 1787//1787 1786//1786 1780//1780
f 1788//1788 1780//1780 1789//1789
f 1787//1787 1780//1780 1788//1788
f 1789//1789 1783//1783 1794//1794
f 1790//1790 1794//1794 1784//1784
f 1793//1793 1787//1787 1752//1752
f 1793//1793 1786//1786 1787//1787
f 1752//1752 1787//1787 1753//1753
f 1753//1753 1787//1787 1788//1788
f 1753//1753 1788//1788 1755//1755
f 1788//1788 1789//1789 1794//1794
f 1797//1797 1794//1794 1790//1790
f 1800//1800 1791//1791 1785//1785
f 1796//1796 1785//1785 1792//1792
f 1800//1800 1785//1785 1796//1796
f 1796//1796 1793//1793 1754//1754
f 1796//1796 1792//1792 1793//1793
f 1754//1754 1793//1793 1752//1752
f 1755//1755 1788//1788 1756//1756
f 1788//1788 1802//1802 1756//1756
f 1788//1788 1794//1794 1802//1802
f 1802//1802 1794//1794 1797//1797
f 1791//1791 1799//1799 1795//1795
f 1804//1804 1791//1791 1800//1800
f 1800//1800 1796//1796 1757//1757
f 1757//1757 1796//1796 1754//1754
f 1801//1801 1758//1758 1802//1802
f 1802//1802 1758//1758 1756//1756
f 1803//1803 1797//1797 1798//1798
f 1802//1802 1797//1797 1803//1803
f 1799//1799 1791//1791 1805//1805
f 1805//1805 1791//1791 1804//1804
f 1761//1761 1804//1804 1757//1757
f 1757//1757 1804//1804 1800//1800
f 1801//1801 1759//1759 1758//1758
f 1759//1759 1801//1801 1760//1760
f 1801//1801 1802//1802 1803//1803
f 1808//1808 1805//1805 1804//1804
f 1808//1808 1804//1804 1806//1806
f 1761//1761 1806//1806 1804//1804
f 1807//1807 1764//1764 1801//1801
f 1801//1801 1764//1764 1760//1760
f 1807//1807 1801//1801 1803//1803
f 1810//1810 1805//1805 1808//1808
f 1809//1809 1805//1805 1810//1810
f 1768//1768 1808//1808 1761//1761
f 1761//1761 1808//1808 1806//1806
f 1811//1811 1764//1764 1807//1807
f 1766//1766 1810//1810 1768//1768
f 1768//1768 1810//1810 1808//1808
f 1868//1868 1811//1811 1807//1807
f 1807//1807 1869//1869 1868//1868
f 1809//1809 1812//1812 1815//1815
f 1813//1813 1809//1809 1810//1810
f 1812//1812 1809//1809 1813//1813
f 1813//1813 1810//1810 1816//1816
f 1772//1772 1816//1816 1766//1766
f 1766//1766 1816//1816 1810//1810
f 1811//1811 1817//1817 1771//1771
f 1811//1811 1818//1818 1817//1817
f 1814//1814 1811//1811 1868//1868
f 1818//1818 1811//1811 1814//1814
f 1812//1812 1813//1813 1815//1815
f 1773//1773 1816//1816 1772//1772
f 1823//1823 1774//1774 1770//1770
f 1771//1771 1817//1817 1770//1770
f 1817//1817 1823//1823 1770//1770
f 1830//1830 1813//1813 1816//1816
f 1830//1830 1816//1816 1821//1821
f 1822//1822 1816//1816 1773//1773
f 1822//1822 1821//1821 1816//1816
f 1775//1775 1822//1822 1773//1773
f 1775//1775 1776//1776 1822//1822
f 1774//1774 1823//1823 1776//1776
f 1827//1827 1823//1823 1817//1817
f 1827//1827 1817//1817 1819//1819
f 1817//1817 1818//1818 1819//1819
f 1882//1882 1876//1876 1813//1813
f 1813//1813 1820//1820 1882//1882
f 1830//1830 1820//1820 1813//1813
f 1826//1826 1822//1822 1776//1776
f 1827//1827 1776//1776 1823//1823
f 1826//1826 1776//1776 1827//1827
f 1830//1830 1824//1824 1820//1820
f 1825//1825 1821//1821 1822//1822
f 1830//1830 1821//1821 1825//1825
f 1825//1825 1822//1822 1826//1826
f 1828//1828 1827//1827 1819//1819
f 1830//1830 1829//1829 1824//1824
f 1830//1830 1825//1825 1833//1833
f 1833//1833 1826//1826 1888//1888
f 1825//1825 1826//1826 1833//1833
f 1826//1826 1827//1827 1831//1831
f 1831//1831 1827//1827 1828//1828
f 1832//1832 1829//1829 1830//1830
f 1832//1832 1830//1830 1833//1833
f 1836//1836 1837//1837 1835//1835
f 1838//1838 1839//1839 1837//1837
f 1835//1835 1840//1840 1834//1834
f 1840//1840 1835//1835 1841//1841
f 1841//1841 1835//1835 1837//1837
f 1842//1842 1837//1837 1839//1839
f 1844//1844 1839//1839 1843//1843
f 1850//1850 1839//1839 1844//1844
f 1845//1845 1846//1846 1840//1840
f 1847//1847 1845//1845 1840//1840
f 1847//1847 1840//1840 1777//1777
f 1777//1777 1840//1840 1778//1778
f 1778//1778 1840//1840 1841//1841
f 1778//1778 1841//1841 1779//1779
f 1779//1779 1841//1841 1837//1837
f 1779//1779 1837//1837 1780//1780
f 1780//1780 1837//1837 1842//1842
f 1780//1780 1842//1842 1781//1781
f 1781//1781 1842//1842 1839//1839
f 1781//1781 1839//1839 1783//1783
f 1839//1839 1850//1850 1783//1783
f 1850//1850 1844//1844 1848//1848
f 1845//1845 1849//1849 1846//1846
f 1849//1849 1847//1847 1782//1782
f 1849//1849 1845//1845 1847//1847
f 1782//1782 1847//1847 1777//1777
f 1850//1850 1794//1794 1783//1783
f 1794//1794 1850//1850 1784//1784
f 1851//1851 1850//1850 1848//1848
f 1849//1849 1852//1852 1854//1854
f 1852//1852 1849//1849 1785//1785
f 1785//1785 1849//1849 1782//1782
f 1784//1784 1850//1850 1790//1790
f 1850//1850 1855//1855 1790//1790
f 1850//1850 1851//1851 1855//1855
f 1855//1855 1851//1851 1853//1853
f 1791//1791 1852//1852 1785//1785
f 1855//1855 1797//1797 1790//1790
f 1854//1854 1852//1852 1856//1856
f 1854//1854 1856//1856 1857//1857
f 1856//1856 1852//1852 1858//1858
f 1795//1795 1858//1858 1791//1791
f 1791//1791 1858//1858 1852//1852
f 1855//1855 1798//1798 1797//1797
f 1855//1855 1859//1859 1798//1798
f 1799//1799 1856//1856 1858//1858
f 1799//1799 1858//1858 1795//1795
f 1863//1863 1803//1803 1859//1859
f 1859//1859 1803//1803 1798//1798
f 1860//1860 1856//1856 1799//1799
f 1862//1862 1856//1856 1860//1860
f 1805//1805 1860//1860 1799//1799
f 1861//1861 1863//1863 1859//1859
f 1859//1859 1924//1924 1861//1861
f 1805//1805 1862//1862 1860//1860
f 1866//1866 1807//1807 1863//1863
f 1863//1863 1807//1807 1803//1803
f 1865//1865 1864//1864 1862//1862
f 1809//1809 1865//1865 1805//1805
f 1805//1805 1865//1865 1862//1862
f 1866//1866 1869//1869 1807//1807
f 1867//1867 1864//1864 1865//1865
f 1871//1871 1864//1864 1867//1867
f 1809//1809 1867//1867 1865//1865
f 1866//1866 1870//1870 1869//1869
f 1815//1815 1871//1871 1809//1809
f 1809//1809 1871//1871 1867//1867
f 1872//1872 1814//1814 1868//1868
f 1868//1868 1869//1869 1872//1872
f 1875//1875 1873//1873 1871//1871
f 1875//1875 1871//1871 1815//1815
f 1813//1813 1875//1875 1815//1815
f 1872//1872 1938//1938 1814//1814
f 1873//1873 1874//1874 1880//1880
f 1874//1874 1873//1873 1875//1875
f 1813//1813 1876//1876 1875//1875
f 1877//1877 1819//1819 1818//1818
f 1814//1814 1877//1877 1818//1818
f 1814//1814 1878//1878 1877//1877
f 1814//1814 1938//1938 1879//1879
f 1814//1814 1879//1879 1878//1878
f 1875//1875 1881//1881 1880//1880
f 1874//1874 1875//1875 1880//1880
f 1886//1886 1875//1875 1876//1876
f 1882//1882 1886//1886 1876//1876
f 1819//1819 1878//1878 1944//1944
f 1877//1877 1878//1878 1819//1819
f 1881//1881 1875//1875 1886//1886
f 1824//1824 1882//1882 1820//1820
f 1819//1819 1883//1883 1828//1828
f 1819//1819 1944//1944 1947//1947
f 1819//1819 1947//1947 1883//1883
f 1881//1881 1885//1885 1884//1884
f 1886//1886 1885//1885 1881//1881
f 1885//1885 1886//1886 1889//1889
f 1829//1829 1887//1887 1824//1824
f 1887//1887 1882//1882 1824//1824
f 1887//1887 1886//1886 1882//1882
f 1826//1826 1831//1831 1888//1888
f 1828//1828 1890//1890 1831//1831
f 1828//1828 1883//1883 1890//1890
f 1892//1892 1886//1886 1887//1887
f 1889//1889 1886//1886 1892//1892
f 1832//1832 1892//1892 1829//1829
f 1892//1892 1887//1887 1829//1829
f 1833//1833 1898//1898 1832//1832
f 1888//1888 1898//1898 1833//1833
f 1890//1890 1888//1888 1831//1831
f 1891//1891 1890//1890 1883//1883
f 1892//1892 1954//1954 1889//1889
f 1892//1892 1894//1894 1893//1893
f 1896//1896 1892//1892 1832//1832
f 1894//1894 1892//1892 1896//1896
f 1898//1898 1890//1890 1895//1895
f 1888//1888 1890//1890 1898//1898
f 1897//1897 1896//1896 1832//1832
f 1897//1897 1832//1832 1898//1898
f 1960//1960 1898//1898 1895//1895
f 1970//1970 1901//1901 1900//1900
f 1900//1900 1903//1903 1899//1899
f 1838//1838 1900//1900 1901//1901
f 1904//1904 1900//1900 1838//1838
f 1838//1838 1901//1901 1905//1905
f 1906//1906 1905//1905 1901//1901
f 1903//1903 1907//1907 1902//1902
f 1907//1907 1903//1903 1834//1834
f 1834//1834 1903//1903 1835//1835
f 1835//1835 1903//1903 1900//1900
f 1835//1835 1900//1900 1836//1836
f 1836//1836 1900//1900 1904//1904
f 1836//1836 1904//1904 1837//1837
f 1837//1837 1904//1904 1838//1838
f 1838//1838 1905//1905 1839//1839
f 1839//1839 1905//1905 1906//1906
f 1908//1908 1843//1843 1839//1839
f 1906//1906 1908//1908 1839//1839
f 1911//1911 1910//1910 1907//1907
f 1911//1911 1907//1907 1840//1840
f 1840//1840 1907//1907 1834//1834
f 1909//1909 1912//1912 1844//1844
f 1909//1909 1844//1844 1843//1843
f 1908//1908 1909//1909 1843//1843
f 1910//1910 1911//1911 1846//1846
f 1846//1846 1911//1911 1840//1840
f 1912//1912 1913//1913 1848//1848
f 1912//1912 1848//1848 1844//1844
f 1914//1914 1915//1915 1910//1910
f 1849//1849 1914//1914 1910//1910
f 1849//1849 1910//1910 1846//1846
f 1916//1916 1851//1851 1913//1913
f 1913//1913 1851//1851 1848//1848
f 1915//1915 1914//1914 1917//1917
f 1915//1915 1917//1917 1919//1919
f 1854//1854 1917//1917 1849//1849
f 1849//1849 1917//1917 1914//1914
f 1916//1916 1918//1918 1853//1853
f 1916//1916 1853//1853 1851//1851
f 1854//1854 1919//1919 1917//1917
f 1921//1921 1855//1855 1918//1918
f 1918//1918 1855//1855 1853//1853
f 1919//1919 1922//1922 1920//1920
f 1923//1923 1922//1922 1919//1919
f 1857//1857 1923//1923 1854//1854
f 1854//1854 1923//1923 1919//1919
f 1924//1924 1859//1859 1921//1921
f 1921//1921 1859//1859 1855//1855
f 1926//1926 1925//1925 1922//1922
f 1926//1926 1923//1923 1856//1856
f 1926//1926 1922//1922 1923//1923
f 1856//1856 1923//1923 1857//1857
f 1926//1926 1929//1929 1925//1925
f 1930//1930 1929//1929 1926//1926
f 1862//1862 1926//1926 1856//1856
f 1861//1861 1988//1988 1927//1927
f 1861//1861 1924//1924 1988//1988
f 1864//1864 1930//1930 1862//1862
f 1862//1862 1930//1930 1926//1926
f 1990//1990 1863//1863 1927//1927
f 1927//1927 1863//1863 1861//1861
f 1931//1931 1928//1928 1929//1929
f 1932//1932 1929//1929 1930//1930
f 1931//1931 1929//1929 1932//1932
f 1864//1864 1932//1932 1930//1930
f 1990//1990 1866//1866 1863//1863
f 1990//1990 1936//1936 1866//1866
f 1928//1928 1931//1931 1933//1933
f 1934//1934 1931//1931 1932//1932
f 1871//1871 1934//1934 1864//1864
f 1864//1864 1934//1934 1932//1932
f 1935//1935 1870//1870 1866//1866
f 1866//1866 1936//1936 1935//1935
f 1937//1937 1931//1931 1934//1934
f 1873//1873 1937//1937 1871//1871
f 1871//1871 1937//1937 1934//1934
f 1938//1938 1872//1872 1869//1869
f 1935//1935 1938//1938 1869//1869
f 1935//1935 1869//1869 1870//1870
f 1940//1940 1931//1931 1937//1937
f 1941//1941 1931//1931 1940//1940
f 1873//1873 1940//1940 1937//1937
f 1938//1938 1935//1935 1995//1995
f 1880//1880 1941//1941 1873//1873
f 1873//1873 1941//1941 1940//1940
f 1938//1938 1995//1995 1997//1997
f 1938//1938 1997//1997 1879//1879
f 1939//1939 1943//1943 1942//1942
f 1941//1941 1943//1943 1939//1939
f 1881//1881 1941//1941 1880//1880
f 1881//1881 1943//1943 1941//1941
f 1879//1879 1944//1944 1878//1878
f 1879//1879 1997//1997 1945//1945
f 1946//1946 1943//1943 1881//1881
f 1884//1884 1946//1946 1881//1881
f 1947//1947 1879//1879 2001//2001
f 1944//1944 1879//1879 1947//1947
f 2001//2001 1879//1879 1945//1945
f 1943//1943 1946//1946 1948//1948
f 1947//1947 1949//1949 1883//1883
f 1947//1947 2001//2001 1950//1950
f 1952//1952 1946//1946 1884//1884
f 1889//1889 1953//1953 1885//1885
f 1953//1953 1884//1884 1885//1885
f 1953//1953 1952//1952 1884//1884
f 1889//1889 1954//1954 1953//1953
f 1883//1883 1949//1949 1891//1891
f 1949//1949 1947//1947 1957//1957
f 2009//2009 1951//1951 1946//1946
f 2009//2009 1946//1946 1952//1952
f 1954//1954 1955//1955 1953//1953
f 1892//1892 1958//1958 1954//1954
f 1958//1958 1955//1955 1954//1954
f 1892//1892 1893//1893 1958//1958
f 1956//1956 1895//1895 1890//1890
f 1891//1891 1949//1949 1890//1890
f 1949//1949 1956//1956 1890//1890
f 1949//1949 1957//1957 2007//2007
f 1893//1893 1962//1962 1958//1958
f 1896//1896 1893//1893 1894//1894
f 1896//1896 1962//1962 1893//1893
f 1897//1897 1959//1959 1896//1896
f 1897//1897 1898//1898 1959//1959
f 1956//1956 1960//1960 1895//1895
f 1956//1956 1949//1949 1961//1961
f 1961//1961 1949//1949 2007//2007
f 1896//1896 1959//1959 1963//1963
f 1963//1963 1959//1959 1898//1898
f 1963//1963 1898//1898 1960//1960
f 1963//1963 1960//1960 1964//1964
f 1967//1967 1968//1968 1966//1966
f 1969//1969 1965//1965 1966//1966
f 1899//1899 1969//1969 1966//1966
f 1899//1899 1966//1966 1900//1900
f 1900//1900 1966//1966 1970//1970
f 1970//1970 1966//1966 1968//1968
f 1970//1970 1906//1906 1901//1901
f 1971//1971 1906//1906 1970//1970
f 1972//1972 2026//2026 1969//1969
f 1902//1902 1972//1972 1969//1969
f 1902//1902 1969//1969 1903//1903
f 1903//1903 1969//1969 1899//1899
f 1973//1973 1908//1908 1906//1906
f 2027//2027 1973//1973 1906//1906
f 1971//1971 2027//2027 1906//1906
f 1974//1974 1975//1975 1972//1972
f 1907//1907 1974//1974 1972//1972
f 1907//1907 1972//1972 1902//1902
f 1976//1976 1909//1909 1908//1908
f 2029//2029 1976//1976 1908//1908
f 1973//1973 2029//2029 1908//1908
f 1977//1977 1975//1975 1974//1974
f 1910//1910 1977//1977 1974//1974
f 1910//1910 1974//1974 1907//1907
f 1978//1978 1979//1979 1912//1912
f 1978//1978 1912//1912 1909//1909
f 1976//1976 1978//1978 1909//1909
f 1977//1977 1980//1980 1982//1982
f 1915//1915 1980//1980 1910//1910
f 1910//1910 1980//1980 1977//1977
f 1981//1981 1913//1913 1912//1912
f 1979//1979 1981//1981 1912//1912
f 1915//1915 1982//1982 1980//1980
f 1918//1918 1916//1916 1981//1981
f 1981//1981 1916//1916 1913//1913
f 1981//1981 2040//2040 1918//1918
f 1982//1982 1983//1983 1920//1920
f 1919//1919 1983//1983 1915//1915
f 1915//1915 1983//1983 1982//1982
f 1920//1920 1983//1983 1919//1919
f 1921//1921 1918//1918 2040//2040
f 1986//1986 1984//1984 1920//1920
f 1922//1922 1986//1986 1920//1920
f 1988//1988 1924//1924 1985//1985
f 1985//1985 1924//1924 1921//1921
f 1986//1986 1987//1987 2043//2043
f 1987//1987 1986//1986 1925//1925
f 1925//1925 1986//1986 1922//1922
f 1989//1989 1987//1987 1929//1929
f 1929//1929 1987//1987 1925//1925
f 2047//2047 1927//1927 1988//1988
f 1928//1928 2050//2050 1929//1929
f 1929//1929 2050//2050 1989//1989
f 2047//2047 1990//1990 1927//1927
f 1933//1933 1991//1991 1928//1928
f 1928//1928 1991//1991 2050//2050
f 1992//1992 1991//1991 1933//1933
f 1931//1931 1992//1992 1933//1933
f 1991//1991 1992//1992 1993//1993
f 1941//1941 1992//1992 1931//1931
f 1936//1936 1994//1994 1935//1935
f 1939//1939 1993//1993 1941//1941
f 1941//1941 1993//1993 1992//1992
f 1994//1994 1995//1995 1935//1935
f 1942//1942 1996//1996 1939//1939
f 1939//1939 1996//1996 1993//1993
f 1995//1995 2055//2055 1997//1997
f 1998//1998 1996//1996 1942//1942
f 1943//1943 1998//1998 1942//1942
f 1999//1999 1945//1945 1997//1997
f 1999//1999 1997//1997 2055//2055
f 1948//1948 2000//2000 1943//1943
f 1943//1943 2000//2000 1998//1998
f 2002//2002 2000//2000 1948//1948
f 1946//1946 2002//2002 1948//1948
f 2003//2003 2059//2059 2001//2001
f 2059//2059 1950//1950 2001//2001
f 2003//2003 2001//2001 1945//1945
f 2000//2000 2002//2002 2004//2004
f 1951//1951 2002//2002 1946//1946
f 2005//2005 1957//1957 1947//1947
f 2059//2059 2005//2005 1947//1947
f 1950//1950 2059//2059 1947//1947
f 2006//2006 2002//2002 2009//2009
f 2002//2002 1951//1951 2009//2009
f 1953//1953 2009//2009 1952//1952
f 1955//1955 2009//2009 1953//1953
f 2005//2005 2007//2007 1957//1957
f 2008//2008 2006//2006 2009//2009
f 2013//2013 2009//2009 1958//1958
f 2009//2009 1955//1955 1958//1958
f 1962//1962 2010//2010 1958//1958
f 1958//1958 2010//2010 2013//2013
f 2011//2011 1960//1960 1956//1956
f 1956//1956 1961//1961 2011//2011
f 2012//2012 1961//1961 2007//2007
f 2013//2013 2010//2010 2014//2014
f 2016//2016 2014//2014 1962//1962
f 2014//2014 2010//2010 1962//1962
f 1896//1896 2017//2017 1962//1962
f 1962//1962 2017//2017 2016//2016
f 1963//1963 2017//2017 1896//1896
f 1964//1964 2015//2015 1963//1963
f 2015//2015 1964//1964 1960//1960
f 2068//2068 2015//2015 1960//1960
f 2011//2011 2068//2068 1960//1960
f 2068//2068 2011//2011 1961//1961
f 2018//2018 2017//2017 1963//1963
f 2018//2018 1963//1963 2019//2019
f 2019//2019 1963//1963 2015//2015
f 2021//2021 1965//1965 2020//2020
f 1965//1965 2022//2022 1966//1966
f 2021//2021 2022//2022 1965//1965
f 1966//1966 2023//2023 1967//1967
f 2022//2022 2023//2023 1966//1966
f 1967//1967 2023//2023 1968//1968
f 1965//1965 1969//1969 2020//2020
f 1969//1969 2072//2072 2020//2020
f 1969//1969 2026//2026 2072//2072
f 2023//2023 1970//1970 1968//1968
f 2024//2024 1970//1970 2023//2023
f 2024//2024 1971//1971 1970//1970
f 2024//2024 2027//2027 1971//1971
f 2028//2028 2026//2026 2025//2025
f 1972//1972 2028//2028 2025//2025
f 1972//1972 2025//2025 2026//2026
f 2080//2080 2029//2029 1973//1973
f 2027//2027 2080//2080 1973//1973
f 2079//2079 2028//2028 1975//1975
f 1975//1975 2028//2028 1972//1972
f 2030//2030 2031//2031 1976//1976
f 2029//2029 2030//2030 1976//1976
f 2033//2033 2032//2032 1977//1977
f 1975//1975 1977//1977 2079//2079
f 2079//2079 1977//1977 2032//2032
f 2031//2031 1978//1978 1976//1976
f 2031//2031 2034//2034 1979//1979
f 2031//2031 1979//1979 1978//1978
f 2035//2035 2034//2034 2031//2031
f 2033//2033 1977//1977 1982//1982
f 2034//2034 1981//1981 1979//1979
f 2035//2035 1981//1981 2034//2034
f 2084//2084 1981//1981 2035//2035
f 2036//2036 2033//2033 1982//1982
f 2038//2038 2036//2036 1982//1982
f 2084//2084 2040//2040 1981//1981
f 2038//2038 1920//1920 2037//2037
f 2038//2038 1982//1982 1920//1920
f 1985//1985 2040//2040 2039//2039
f 1984//1984 2041//2041 2038//2038
f 1984//1984 2038//2038 2037//2037
f 1984//1984 2037//2037 1920//1920
f 1985//1985 1921//1921 2040//2040
f 1984//1984 1986//1986 2041//2041
f 1986//1986 2044//2044 2041//2041
f 1986//1986 2043//2043 2044//2044
f 2088//2088 1988//1988 1985//1985
f 2135//2135 1988//1988 2088//2088
f 2045//2045 2043//2043 2042//2042
f 1987//1987 2045//2045 2042//2042
f 1987//1987 2042//2042 2043//2043
f 2135//2135 2047//2047 1988//1988
f 1989//1989 2046//2046 1987//1987
f 1987//1987 2046//2046 2045//2045
f 2050//2050 2046//2046 1989//1989
f 2049//2049 1990//1990 2047//2047
f 2047//2047 2048//2048 2049//2049
f 2050//2050 1991//1991 2096//2096
f 2051//2051 1936//1936 2049//2049
f 2049//2049 1936//1936 1990//1990
f 1993//1993 2096//2096 1991//1991
f 2051//2051 1994//1994 1936//1936
f 2096//2096 1993//1993 2052//2052
f 2053//2053 1994//1994 2051//2051
f 2053//2053 2051//2051 2097//2097
f 1993//1993 2054//2054 2052//2052
f 1993//1993 1996//1996 2054//2054
f 2053//2053 1995//1995 1994//1994
f 2055//2055 1995//1995 2053//2053
f 1996//1996 1998//1998 2056//2056
f 2103//2103 1996//1996 2056//2056
f 2055//2055 2058//2058 1999//1999
f 2101//2101 2058//2058 2055//2055
f 2056//2056 1998//1998 2103//2103
f 1998//1998 2057//2057 2103//2103
f 1998//1998 2000//2000 2057//2057
f 2058//2058 1945//1945 1999//1999
f 2004//2004 2057//2057 2000//2000
f 1945//1945 2059//2059 2003//2003
f 2058//2058 2059//2059 1945//1945
f 2063//2063 2004//2004 2060//2060
f 2002//2002 2060//2060 2004//2004
f 2062//2062 2061//2061 2059//2059
f 2063//2063 2060//2060 2002//2002
f 2006//2006 2063//2063 2002//2002
f 2106//2106 2063//2063 2006//2006
f 2106//2106 2006//2006 2064//2064
f 2005//2005 2107//2107 2007//2007
f 2005//2005 2059//2059 2061//2061
f 2005//2005 2061//2061 2107//2107
f 2065//2065 2064//2064 2006//2006
f 2065//2065 2006//2006 2008//2008
f 2065//2065 2008//2008 2009//2009
f 2065//2065 2009//2009 2013//2013
f 2069//2069 1961//1961 2012//2012
f 2007//2007 2069//2069 2012//2012
f 2107//2107 2069//2069 2007//2007
f 2066//2066 2065//2065 2013//2013
f 2067//2067 2066//2066 2013//2013
f 2067//2067 2013//2013 2014//2014
f 2068//2068 1961//1961 2069//2069
f 2114//2114 2067//2067 2014//2014
f 2016//2016 2114//2114 2014//2014
f 2070//2070 2114//2114 2016//2016
f 2070//2070 2016//2016 2017//2017
f 2070//2070 2018//2018 2019//2019
f 2070//2070 2017//2017 2018//2018
f 2019//2019 2015//2015 2071//2071
f 2116//2116 2015//2015 2068//2068
f 2119//2119 2070//2070 2019//2019
f 2119//2119 2019//2019 2071//2071
f 2022//2022 2021//2021 2023//2023
f 2021//2021 2073//2073 2023//2023
f 2023//2023 2074//2074 2024//2024
f 2073//2073 2074//2074 2023//2023
f 2075//2075 2124//2124 2026//2026
f 2026//2026 2076//2076 2072//2072
f 2124//2124 2076//2076 2026//2026
f 2077//2077 2024//2024 2074//2074
f 2077//2077 2027//2027 2024//2024
f 2080//2080 2027//2027 2077//2077
f 2079//2079 2078//2078 2028//2028
f 2026//2026 2028//2028 2075//2075
f 2075//2075 2028//2028 2078//2078
f 2030//2030 2029//2029 2080//2080
f 2080//2080 2082//2082 2030//2030
f 2031//2031 2030//2030 2082//2082
f 2081//2081 2079//2079 2032//2032
f 2033//2033 2081//2081 2032//2032
f 2083//2083 2081//2081 2033//2033
f 2082//2082 2035//2035 2031//2031
f 2033//2033 2036//2036 2083//2083
f 2083//2083 2036//2036 2085//2085
f 2038//2038 2085//2085 2036//2036
f 2040//2040 2084//2084 2086//2086
f 2087//2087 2132//2132 2038//2038
f 2086//2086 2039//2039 2040//2040
f 1985//1985 2039//2039 2086//2086
f 2088//2088 1985//1985 2086//2086
f 2090//2090 2041//2041 2089//2089
f 2038//2038 2041//2041 2087//2087
f 2087//2087 2041//2041 2090//2090
f 2091//2091 2044//2044 2043//2043
f 2041//2041 2044//2044 2089//2089
f 2092//2092 2137//2137 2045//2045
f 2043//2043 2045//2045 2091//2091
f 2091//2091 2045//2045 2137//2137
f 2047//2047 2135//2135 2093//2093
f 2046//2046 2092//2092 2045//2045
f 2046//2046 2094//2094 2092//2092
f 2093//2093 2048//2048 2047//2047
f 2049//2049 2048//2048 2093//2093
f 2050//2050 2094//2094 2046//2046
f 2050//2050 2095//2095 2094//2094
f 2095//2095 2050//2050 2096//2096
f 2140//2140 2051//2051 2049//2049
f 2142//2142 2051//2051 2140//2140
f 2096//2096 2098//2098 2095//2095
f 2142//2142 2097//2097 2051//2051
f 2052//2052 2098//2098 2096//2096
f 2053//2053 2097//2097 2099//2099
f 2100//2100 2052//2052 2054//2054
f 2098//2098 2052//2052 2100//2100
f 2099//2099 2055//2055 2053//2053
f 2101//2101 2055//2055 2099//2099
f 2054//2054 1996//1996 2102//2102
f 2103//2103 2102//2102 1996//1996
f 2149//2149 2058//2058 2101//2101
f 2058//2058 2149//2149 2104//2104
f 2103//2103 2057//2057 2105//2105
f 2057//2057 2004//2004 2105//2105
f 2104//2104 2059//2059 2058//2058
f 2153//2153 2059//2059 2104//2104
f 2063//2063 2105//2105 2004//2004
f 2062//2062 2059//2059 2153//2153
f 2061//2061 2108//2108 2107//2107
f 2062//2062 2108//2108 2061//2061
f 2156//2156 2106//2106 2064//2064
f 2065//2065 2156//2156 2064//2064
f 2110//2110 2156//2156 2065//2065
f 2110//2110 2065//2065 2109//2109
f 2066//2066 2109//2109 2065//2065
f 2112//2112 2069//2069 2107//2107
f 2112//2112 2107//2107 2108//2108
f 2110//2110 2109//2109 2066//2066
f 2111//2111 2110//2110 2066//2066
f 2114//2114 2066//2066 2067//2067
f 2114//2114 2111//2111 2066//2066
f 2117//2117 2116//2116 2068//2068
f 2117//2117 2068//2068 2112//2112
f 2068//2068 2069//2069 2112//2112
f 2113//2113 2161//2161 2114//2114
f 2118//2118 2114//2114 2115//2115
f 2114//2114 2070//2070 2115//2115
f 2167//2167 2071//2071 2015//2015
f 2116//2116 2167//2167 2015//2015
f 2118//2118 2115//2115 2070//2070
f 2119//2119 2118//2118 2070//2070
f 2020//2020 2121//2121 2021//2021
f 2072//2072 2121//2121 2020//2020
f 2121//2121 2218//2218 2021//2021
f 2021//2021 2123//2123 2122//2122
f 2074//2074 2021//2021 2122//2122
f 2073//2073 2021//2021 2074//2074
f 2072//2072 2076//2076 2120//2120
f 2120//2120 2076//2076 2124//2124
f 2122//2122 2123//2123 2074//2074
f 2123//2123 2077//2077 2074//2074
f 2077//2077 2123//2123 2175//2175
f 2125//2125 2078//2078 2079//2079
f 2075//2075 2078//2078 2124//2124
f 2124//2124 2078//2078 2125//2125
f 2077//2077 2175//2175 2080//2080
f 2080//2080 2175//2175 2178//2178
f 2126//2126 2079//2079 2081//2081
f 2126//2126 2125//2125 2079//2079
f 2178//2178 2082//2082 2080//2080
f 2083//2083 2127//2127 2081//2081
f 2081//2081 2127//2127 2126//2126
f 2179//2179 2084//2084 2082//2082
f 2082//2082 2084//2084 2035//2035
f 2083//2083 2085//2085 2127//2127
f 2127//2127 2085//2085 2128//2128
f 2129//2129 2084//2084 2183//2183
f 2038//2038 2128//2128 2085//2085
f 2038//2038 2130//2130 2128//2128
f 2086//2086 2084//2084 2131//2131
f 2084//2084 2235//2235 2131//2131
f 2084//2084 2129//2129 2235//2235
f 2038//2038 2132//2132 2130//2130
f 2086//2086 2131//2131 2235//2235
f 2187//2187 2086//2086 2235//2235
f 2088//2088 2086//2086 2187//2187
f 2134//2134 2089//2089 2133//2133
f 2090//2090 2089//2089 2134//2134
f 2087//2087 2090//2090 2132//2132
f 2132//2132 2090//2090 2134//2134
f 2187//2187 2135//2135 2088//2088
f 2136//2136 2044//2044 2091//2091
f 2044//2044 2136//2136 2089//2089
f 2091//2091 2137//2137 2136//2136
f 2093//2093 2135//2135 2138//2138
f 2135//2135 2139//2139 2138//2138
f 2135//2135 2188//2188 2139//2139
f 2094//2094 2137//2137 2092//2092
f 2094//2094 2095//2095 2137//2137
f 2093//2093 2138//2138 2139//2139
f 2140//2140 2093//2093 2139//2139
f 2049//2049 2093//2093 2140//2140
f 2141//2141 2095//2095 2143//2143
f 2095//2095 2098//2098 2143//2143
f 2144//2144 2097//2097 2142//2142
f 2099//2099 2097//2097 2144//2144
f 2099//2099 2144//2144 2146//2146
f 2098//2098 2100//2100 2145//2145
f 2146//2146 2101//2101 2099//2099
f 2196//2196 2101//2101 2146//2146
f 2054//2054 2102//2102 2100//2100
f 2102//2102 2147//2147 2100//2100
f 2148//2148 2101//2101 2196//2196
f 2102//2102 2197//2197 2147//2147
f 2148//2148 2149//2149 2101//2101
f 2103//2103 2151//2151 2150//2150
f 2197//2197 2103//2103 2150//2150
f 2102//2102 2103//2103 2197//2197
f 2104//2104 2149//2149 2152//2152
f 2105//2105 2151//2151 2103//2103
f 2152//2152 2153//2153 2104//2104
f 2154//2154 2108//2108 2062//2062
f 2062//2062 2153//2153 2154//2154
f 2155//2155 2063//2063 2106//2106
f 2156//2156 2155//2155 2106//2106
f 2110//2110 2208//2208 2156//2156
f 2159//2159 2158//2158 2110//2110
f 2158//2158 2208//2208 2110//2110
f 2157//2157 2160//2160 2112//2112
f 2157//2157 2112//2112 2108//2108
f 2110//2110 2111//2111 2159//2159
f 2161//2161 2111//2111 2114//2114
f 2112//2112 2163//2163 2162//2162
f 2112//2112 2160//2160 2163//2163
f 2164//2164 2161//2161 2113//2113
f 2164//2164 2113//2113 2114//2114
f 2166//2166 2165//2165 2118//2118
f 2165//2165 2114//2114 2118//2118
f 2165//2165 2164//2164 2114//2114
f 2167//2167 2119//2119 2071//2071
f 2167//2167 2117//2117 2162//2162
f 2116//2116 2117//2117 2167//2167
f 2162//2162 2117//2117 2112//2112
f 2118//2118 2168//2168 2166//2166
f 2168//2168 2118//2118 2119//2119
f 2170//2170 2120//2120 2169//2169
f 2072//2072 2120//2120 2170//2170
f 2072//2072 2218//2218 2121//2121
f 2170//2170 2218//2218 2072//2072
f 2218//2218 2172//2172 2171//2171
f 2021//2021 2218//2218 2171//2171
f 2171//2171 2123//2123 2021//2021
f 2124//2124 2173//2173 2174//2174
f 2219//2219 2124//2124 2174//2174
f 2124//2124 2219//2219 2120//2120
f 2171//2171 2172//2172 2123//2123
f 2172//2172 2222//2222 2123//2123
f 2123//2123 2222//2222 2175//2175
f 2125//2125 2176//2176 2124//2124
f 2176//2176 2173//2173 2124//2124
f 2222//2222 2177//2177 2175//2175
f 2177//2177 2178//2178 2175//2175
f 2125//2125 2126//2126 2176//2176
f 2178//2178 2179//2179 2082//2082
f 2126//2126 2127//2127 2180//2180
f 2178//2178 2181//2181 2179//2179
f 2181//2181 2183//2183 2084//2084
f 2179//2179 2181//2181 2084//2084
f 2182//2182 2127//2127 2128//2128
f 2182//2182 2180//2180 2127//2127
f 2129//2129 2183//2183 2235//2235
f 2128//2128 2130//2130 2182//2182
f 2184//2184 2185//2185 2132//2132
f 2185//2185 2130//2130 2132//2132
f 2186//2186 2187//2187 2235//2235
f 2134//2134 2133//2133 2132//2132
f 2133//2133 2184//2184 2132//2132
f 2241//2241 2136//2136 2248//2248
f 2089//2089 2136//2136 2241//2241
f 2089//2089 2241//2241 2133//2133
f 2187//2187 2188//2188 2135//2135
f 2137//2137 2189//2189 2136//2136
f 2095//2095 2190//2190 2189//2189
f 2095//2095 2189//2189 2137//2137
f 2141//2141 2190//2190 2095//2095
f 2191//2191 2142//2142 2140//2140
f 2191//2191 2140//2140 2139//2139
f 2143//2143 2190//2190 2141//2141
f 2143//2143 2192//2192 2190//2190
f 2249//2249 2142//2142 2191//2191
f 2098//2098 2192//2192 2143//2143
f 2098//2098 2193//2193 2192//2192
f 2194//2194 2144//2144 2142//2142
f 2194//2194 2142//2142 2249//2249
f 2098//2098 2145//2145 2193//2193
f 2194//2194 2196//2196 2146//2146
f 2194//2194 2146//2146 2144//2144
f 2100//2100 2147//2147 2145//2145
f 2147//2147 2195//2195 2145//2145
f 2198//2198 2148//2148 2196//2196
f 2197//2197 2200//2200 2199//2199
f 2149//2149 2198//2198 2201//2201
f 2148//2148 2198//2198 2149//2149
f 2150//2150 2151//2151 2197//2197
f 2151//2151 2200//2200 2197//2197
f 2201//2201 2198//2198 2152//2152
f 2198//2198 2202//2202 2152//2152
f 2201//2201 2152//2152 2149//2149
f 2153//2153 2202//2202 2203//2203
f 2152//2152 2202//2202 2153//2153
f 2063//2063 2204//2204 2260//2260
f 2105//2105 2063//2063 2260//2260
f 2203//2203 2108//2108 2154//2154
f 2203//2203 2205//2205 2108//2108
f 2203//2203 2154//2154 2153//2153
f 2155//2155 2204//2204 2063//2063
f 2155//2155 2156//2156 2206//2206
f 2207//2207 2163//2163 2157//2157
f 2157//2157 2108//2108 2205//2205
f 2157//2157 2205//2205 2207//2207
f 2206//2206 2156//2156 2208//2208
f 2209//2209 2158//2158 2159//2159
f 2209//2209 2208//2208 2158//2158
f 2157//2157 2163//2163 2160//2160
f 2111//2111 2209//2209 2159//2159
f 2111//2111 2161//2161 2209//2209
f 2211//2211 2161//2161 2164//2164
f 2162//2162 2212//2212 2167//2167
f 2162//2162 2213//2213 2212//2212
f 2213//2213 2163//2163 2210//2210
f 2162//2162 2163//2163 2213//2213
f 2164//2164 2214//2214 2211//2211
f 2215//2215 2164//2164 2165//2165
f 2215//2215 2214//2214 2164//2164
f 2215//2215 2165//2165 2166//2166
f 2119//2119 2217//2217 2216//2216
f 2217//2217 2167//2167 2212//2212
f 2119//2119 2167//2167 2217//2217
f 2168//2168 2215//2215 2166//2166
f 2215//2215 2168//2168 2216//2216
f 2216//2216 2168//2168 2119//2119
f 2218//2218 2170//2170 2169//2169
f 2278//2278 2172//2172 2218//2218
f 2219//2219 2220//2220 2120//2120
f 2120//2120 2220//2220 2169//2169
f 2169//2169 2220//2220 2218//2218
f 2218//2218 2220//2220 2278//2278
f 2278//2278 2221//2221 2172//2172
f 2222//2222 2172//2172 2221//2221
f 2176//2176 2223//2223 2173//2173
f 2173//2173 2223//2223 2174//2174
f 2223//2223 2219//2219 2174//2174
f 2219//2219 2224//2224 2220//2220
f 2222//2222 2221//2221 2225//2225
f 2222//2222 2225//2225 2177//2177
f 2226//2226 2227//2227 2126//2126
f 2126//2126 2227//2227 2176//2176
f 2227//2227 2223//2223 2176//2176
f 2228//2228 2230//2230 2178//2178
f 2225//2225 2228//2228 2178//2178
f 2177//2177 2225//2225 2178//2178
f 2180//2180 2229//2229 2126//2126
f 2229//2229 2226//2226 2126//2126
f 2230//2230 2231//2231 2181//2181
f 2178//2178 2230//2230 2181//2181
f 2182//2182 2232//2232 2180//2180
f 2229//2229 2180//2180 2233//2233
f 2233//2233 2180//2180 2232//2232
f 2230//2230 2234//2234 2231//2231
f 2234//2234 2235//2235 2183//2183
f 2231//2231 2234//2234 2183//2183
f 2181//2181 2231//2231 2183//2183
f 2237//2237 2232//2232 2130//2130
f 2130//2130 2232//2232 2182//2182
f 2235//2235 2234//2234 2236//2236
f 2236//2236 2186//2186 2235//2235
f 2185//2185 2237//2237 2130//2130
f 2240//2240 2186//2186 2236//2236
f 2133//2133 2238//2238 2184//2184
f 2184//2184 2238//2238 2185//2185
f 2238//2238 2239//2239 2185//2185
f 2185//2185 2239//2239 2237//2237
f 2240//2240 2187//2187 2186//2186
f 2241//2241 2294//2294 2133//2133
f 2294//2294 2238//2238 2133//2133
f 2245//2245 2188//2188 2187//2187
f 2245//2245 2187//2187 2240//2240
f 2189//2189 2242//2242 2136//2136
f 2242//2242 2248//2248 2136//2136
f 2244//2244 2241//2241 2243//2243
f 2241//2241 2248//2248 2243//2243
f 2241//2241 2244//2244 2294//2294
f 2245//2245 2139//2139 2188//2188
f 2190//2190 2247//2247 2242//2242
f 2190//2190 2242//2242 2189//2189
f 2248//2248 2242//2242 2247//2247
f 2139//2139 2245//2245 2246//2246
f 2249//2249 2139//2139 2246//2246
f 2191//2191 2139//2139 2249//2249
f 2250//2250 2247//2247 2190//2190
f 2192//2192 2193//2193 2190//2190
f 2250//2250 2190//2190 2251//2251
f 2251//2251 2190//2190 2193//2193
f 2302//2302 2194//2194 2249//2249
f 2306//2306 2194//2194 2302//2302
f 2193//2193 2304//2304 2251//2251
f 2193//2193 2145//2145 2195//2195
f 2252//2252 2193//2193 2195//2195
f 2304//2304 2193//2193 2252//2252
f 2194//2194 2253//2253 2196//2196
f 2147//2147 2252//2252 2195//2195
f 2254//2254 2252//2252 2147//2147
f 2196//2196 2253//2253 2256//2256
f 2197//2197 2199//2199 2147//2147
f 2254//2254 2147//2147 2255//2255
f 2255//2255 2147//2147 2199//2199
f 2256//2256 2198//2198 2196//2196
f 2200//2200 2255//2255 2199//2199
f 2256//2256 2202//2202 2198//2198
f 2151//2151 2258//2258 2200//2200
f 2257//2257 2200//2200 2258//2258
f 2105//2105 2260//2260 2258//2258
f 2105//2105 2258//2258 2151//2151
f 2258//2258 2260//2260 2261//2261
f 2259//2259 2205//2205 2203//2203
f 2259//2259 2203//2203 2202//2202
f 2262//2262 2260//2260 2204//2204
f 2261//2261 2260//2260 2262//2262
f 2318//2318 2261//2261 2262//2262
f 2155//2155 2262//2262 2204//2204
f 2206//2206 2264//2264 2155//2155
f 2264//2264 2318//2318 2155//2155
f 2318//2318 2262//2262 2155//2155
f 2267//2267 2266//2266 2205//2205
f 2205//2205 2266//2266 2263//2263
f 2266//2266 2163//2163 2263//2263
f 2163//2163 2207//2207 2263//2263
f 2263//2263 2207//2207 2205//2205
f 2264//2264 2206//2206 2208//2208
f 2264//2264 2208//2208 2265//2265
f 2265//2265 2208//2208 2209//2209
f 2265//2265 2209//2209 2323//2323
f 2269//2269 2268//2268 2209//2209
f 2268//2268 2323//2323 2209//2209
f 2267//2267 2270//2270 2266//2266
f 2270//2270 2210//2210 2266//2266
f 2266//2266 2210//2210 2163//2163
f 2161//2161 2269//2269 2209//2209
f 2269//2269 2161//2161 2211//2211
f 2214//2214 2272//2272 2211//2211
f 2272//2272 2269//2269 2211//2211
f 2274//2274 2273//2273 2272//2272
f 2276//2276 2275//2275 2274//2274
f 2271//2271 2276//2276 2270//2270
f 2276//2276 2212//2212 2270//2270
f 2270//2270 2212//2212 2213//2213
f 2270//2270 2213//2213 2210//2210
f 2272//2272 2214//2214 2215//2215
f 2272//2272 2215//2215 2274//2274
f 2274//2274 2215//2215 2216//2216
f 2274//2274 2216//2216 2276//2276
f 2276//2276 2216//2216 2217//2217
f 2276//2276 2217//2217 2212//2212
f 2277//2277 2278//2278 2220//2220
f 2223//2223 2281//2281 2219//2219
f 2283//2283 2224//2224 2219//2219
f 2283//2283 2219//2219 2281//2281
f 2283//2283 2220//2220 2224//2224
f 2279//2279 2220//2220 2283//2283
f 2220//2220 2279//2279 2277//2277
f 2278//2278 2280//2280 2221//2221
f 2277//2277 2280//2280 2278//2278
f 2280//2280 2225//2225 2221//2221
f 2281//2281 2223//2223 2227//2227
f 2283//2283 2281//2281 2282//2282
f 2280//2280 2284//2284 2228//2228
f 2225//2225 2280//2280 2228//2228
f 2281//2281 2227//2227 2226//2226
f 2229//2229 2281//2281 2226//2226
f 2287//2287 2281//2281 2229//2229
f 2282//2282 2281//2281 2338//2338
f 2281//2281 2287//2287 2338//2338
f 2285//2285 2286//2286 2230//2230
f 2284//2284 2285//2285 2230//2230
f 2228//2228 2284//2284 2230//2230
f 2287//2287 2229//2229 2233//2233
f 2286//2286 2285//2285 2234//2234
f 2230//2230 2286//2286 2234//2234
f 2232//2232 2288//2288 2233//2233
f 2233//2233 2288//2288 2287//2287
f 2234//2234 2285//2285 2289//2289
f 2289//2289 2285//2285 2290//2290
f 2289//2289 2236//2236 2234//2234
f 2237//2237 2288//2288 2232//2232
f 2291//2291 2288//2288 2237//2237
f 2290//2290 2292//2292 2236//2236
f 2289//2289 2290//2290 2236//2236
f 2292//2292 2240//2240 2236//2236
f 2238//2238 2293//2293 2239//2239
f 2239//2239 2293//2293 2237//2237
f 2293//2293 2291//2291 2237//2237
f 2296//2296 2240//2240 2292//2292
f 2299//2299 2238//2238 2294//2294
f 2293//2293 2238//2238 2295//2295
f 2295//2295 2238//2238 2299//2299
f 2296//2296 2245//2245 2240//2240
f 2243//2243 2294//2294 2244//2244
f 2298//2298 2294//2294 2243//2243
f 2299//2299 2294//2294 2298//2298
f 2245//2245 2296//2296 2297//2297
f 2246//2246 2245//2245 2297//2297
f 2247//2247 2300//2300 2248//2248
f 2300//2300 2243//2243 2248//2248
f 2302//2302 2249//2249 2246//2246
f 2250//2250 2300//2300 2247//2247
f 2301//2301 2243//2243 2300//2300
f 2250//2250 2303//2303 2300//2300
f 2250//2250 2251//2251 2303//2303
f 2300//2300 2303//2303 2305//2305
f 2301//2301 2300//2300 2305//2305
f 2365//2365 2306//2306 2302//2302
f 2303//2303 2251//2251 2304//2304
f 2304//2304 2308//2308 2303//2303
f 2305//2305 2303//2303 2308//2308
f 2307//2307 2309//2309 2306//2306
f 2309//2309 2253//2253 2306//2306
f 2306//2306 2253//2253 2194//2194
f 2254//2254 2255//2255 2304//2304
f 2254//2254 2304//2304 2252//2252
f 2304//2304 2310//2310 2308//2308
f 2304//2304 2255//2255 2310//2310
f 2314//2314 2256//2256 2253//2253
f 2314//2314 2253//2253 2309//2309
f 2311//2311 2310//2310 2255//2255
f 2314//2314 2202//2202 2256//2256
f 2255//2255 2200//2200 2257//2257
f 2258//2258 2255//2255 2257//2257
f 2255//2255 2313//2313 2311//2311
f 2255//2255 2258//2258 2313//2313
f 2315//2315 2314//2314 2312//2312
f 2316//2316 2202//2202 2314//2314
f 2258//2258 2317//2317 2313//2313
f 2314//2314 2315//2315 2320//2320
f 2316//2316 2320//2320 2259//2259
f 2314//2314 2320//2320 2316//2316
f 2316//2316 2259//2259 2202//2202
f 2318//2318 2258//2258 2261//2261
f 2317//2317 2258//2258 2318//2318
f 2317//2317 2318//2318 2319//2319
f 2321//2321 2320//2320 2315//2315
f 2322//2322 2205//2205 2259//2259
f 2322//2322 2259//2259 2320//2320
f 2318//2318 2323//2323 2319//2319
f 2319//2319 2327//2327 2324//2324
f 2319//2319 2323//2323 2327//2327
f 2326//2326 2320//2320 2321//2321
f 2322//2322 2320//2320 2205//2205
f 2318//2318 2264//2264 2265//2265
f 2318//2318 2265//2265 2323//2323
f 2327//2327 2323//2323 2268//2268
f 2325//2325 2327//2327 2330//2330
f 2329//2329 2328//2328 2326//2326
f 2320//2320 2328//2328 2267//2267
f 2326//2326 2328//2328 2320//2320
f 2320//2320 2267//2267 2205//2205
f 2327//2327 2268//2268 2269//2269
f 2327//2327 2269//2269 2330//2330
f 2330//2330 2269//2269 2272//2272
f 2388//2388 2331//2331 2332//2332
f 2388//2388 2330//2330 2331//2331
f 2333//2333 2395//2395 2332//2332
f 2329//2329 2333//2333 2328//2328
f 2333//2333 2271//2271 2328//2328
f 2328//2328 2271//2271 2270//2270
f 2328//2328 2270//2270 2267//2267
f 2330//2330 2272//2272 2273//2273
f 2330//2330 2273//2273 2331//2331
f 2331//2331 2273//2273 2274//2274
f 2331//2331 2274//2274 2332//2332
f 2332//2332 2274//2274 2275//2275
f 2332//2332 2275//2275 2333//2333
f 2333//2333 2275//2275 2276//2276
f 2333//2333 2276//2276 2271//2271
f 2334//2334 2279//2279 2283//2283
f 2334//2334 2283//2283 2282//2282
f 2334//2334 2277//2277 2279//2279
f 2341//2341 2280//2280 2277//2277
f 2337//2337 2284//2284 2280//2280
f 2337//2337 2280//2280 2341//2341
f 2340//2340 2282//2282 2338//2338
f 2334//2334 2335//2335 2277//2277
f 2277//2277 2336//2336 2341//2341
f 2277//2277 2335//2335 2336//2336
f 2337//2337 2285//2285 2284//2284
f 2348//2348 2338//2338 2287//2287
f 2340//2340 2338//2338 2339//2339
f 2282//2282 2340//2340 2399//2399
f 2282//2282 2399//2399 2334//2334
f 2334//2334 2399//2399 2335//2335
f 2341//2341 2342//2342 2337//2337
f 2337//2337 2342//2342 2285//2285
f 2348//2348 2287//2287 2288//2288
f 2343//2343 2348//2348 2288//2288
f 2338//2338 2348//2348 2344//2344
f 2338//2338 2344//2344 2339//2339
f 2346//2346 2341//2341 2345//2345
f 2346//2346 2342//2342 2341//2341
f 2342//2342 2346//2346 2349//2349
f 2349//2349 2290//2290 2285//2285
f 2349//2349 2285//2285 2342//2342
f 2291//2291 2343//2343 2288//2288
f 2348//2348 2291//2291 2347//2347
f 2348//2348 2343//2343 2291//2291
f 2350//2350 2349//2349 2346//2346
f 2349//2349 2292//2292 2290//2290
f 2351//2351 2291//2291 2293//2293
f 2347//2347 2291//2291 2351//2351
f 2349//2349 2350//2350 2352//2352
f 2349//2349 2352//2352 2354//2354
f 2354//2354 2296//2296 2292//2292
f 2354//2354 2292//2292 2349//2349
f 2353//2353 2351//2351 2293//2293
f 2354//2354 2352//2352 2350//2350
f 2354//2354 2297//2297 2296//2296
f 2298//2298 2295//2295 2299//2299
f 2293//2293 2295//2295 2355//2355
f 2354//2354 2357//2357 2297//2297
f 2356//2356 2357//2357 2354//2354
f 2357//2357 2246//2246 2297//2297
f 2298//2298 2358//2358 2295//2295
f 2355//2355 2295//2295 2358//2358
f 2356//2356 2246//2246 2357//2357
f 2356//2356 2359//2359 2246//2246
f 2301//2301 2360//2360 2298//2298
f 2301//2301 2298//2298 2243//2243
f 2298//2298 2363//2363 2358//2358
f 2298//2298 2360//2360 2363//2363
f 2359//2359 2361//2361 2246//2246
f 2361//2361 2365//2365 2302//2302
f 2361//2361 2302//2302 2246//2246
f 2305//2305 2362//2362 2360//2360
f 2305//2305 2360//2360 2301//2301
f 2359//2359 2365//2365 2361//2361
f 2359//2359 2364//2364 2365//2365
f 2363//2363 2360//2360 2362//2362
f 2364//2364 2366//2366 2365//2365
f 2366//2366 2307//2307 2306//2306
f 2366//2366 2306//2306 2365//2365
f 2308//2308 2367//2367 2305//2305
f 2305//2305 2368//2368 2362//2362
f 2305//2305 2367//2367 2368//2368
f 2366//2366 2372//2372 2309//2309
f 2364//2364 2372//2372 2366//2366
f 2366//2366 2309//2309 2307//2307
f 2310//2310 2367//2367 2308//2308
f 2368//2368 2367//2367 2369//2369
f 2372//2372 2314//2314 2309//2309
f 2310//2310 2311//2311 2367//2367
f 2367//2367 2371//2371 2369//2369
f 2373//2373 2372//2372 2370//2370
f 2374//2374 2312//2312 2314//2314
f 2374//2374 2314//2314 2372//2372
f 2317//2317 2311//2311 2313//2313
f 2367//2367 2311//2311 2317//2317
f 2371//2371 2367//2367 2375//2375
f 2372//2372 2373//2373 2379//2379
f 2374//2374 2379//2379 2315//2315
f 2372//2372 2379//2379 2374//2374
f 2374//2374 2315//2315 2312//2312
f 2317//2317 2376//2376 2367//2367
f 2367//2367 2377//2377 2375//2375
f 2367//2367 2376//2376 2377//2377
f 2375//2375 2383//2383 2378//2378
f 2375//2375 2377//2377 2383//2383
f 2380//2380 2379//2379 2373//2373
f 2381//2381 2315//2315 2379//2379
f 2382//2382 2317//2317 2319//2319
f 2376//2376 2317//2317 2382//2382
f 2377//2377 2376//2376 2383//2383
f 2385//2385 2379//2379 2380//2380
f 2385//2385 2381//2381 2379//2379
f 2381//2381 2321//2321 2315//2315
f 2324//2324 2382//2382 2319//2319
f 2382//2382 2324//2324 2327//2327
f 2382//2382 2327//2327 2376//2376
f 2376//2376 2327//2327 2325//2325
f 2387//2387 2376//2376 2325//2325
f 2383//2383 2376//2376 2387//2387
f 2383//2383 2387//2387 2388//2388
f 2384//2384 2383//2383 2389//2389
f 2383//2383 2390//2390 2389//2389
f 2383//2383 2388//2388 2390//2390
f 2390//2390 2391//2391 2389//2389
f 2393//2393 2392//2392 2391//2391
f 2392//2392 2393//2393 2386//2386
f 2393//2393 2385//2385 2386//2386
f 2385//2385 2393//2393 2394//2394
f 2381//2381 2394//2394 2326//2326
f 2385//2385 2394//2394 2381//2381
f 2381//2381 2326//2326 2321//2321
f 2330//2330 2387//2387 2325//2325
f 2387//2387 2330//2330 2388//2388
f 2390//2390 2395//2395 2391//2391
f 2391//2391 2396//2396 2393//2393
f 2391//2391 2395//2395 2396//2396
f 2393//2393 2396//2396 2397//2397
f 2394//2394 2397//2397 2329//2329
f 2393//2393 2397//2397 2394//2394
f 2394//2394 2329//2329 2326//2326
f 2332//2332 2390//2390 2388//2388
f 2390//2390 2332//2332 2395//2395
f 2396//2396 2395//2395 2333//2333
f 2396//2396 2333//2333 2397//2397
f 2397//2397 2333//2333 2329//2329
f 2339//2339 2403//2403 2340//2340
f 2398//2398 2399//2399 2340//2340
f 2398//2398 2340//2340 2403//2403
f 2400//2400 2336//2336 2335//2335
f 2400//2400 2335//2335 2399//2399
f 2401//2401 2341//2341 2336//2336
f 2401//2401 2336//2336 2400//2400
f 2401//2401 2345//2345 2341//2341
f 2403//2403 2339//2339 2344//2344
f 2402//2402 2403//2403 2344//2344
f 2398//2398 2404//2404 2399//2399
f 2399//2399 2405//2405 2400//2400
f 2399//2399 2404//2404 2405//2405
f 2401//2401 2406//2406 2345//2345
f 2400//2400 2406//2406 2401//2401
f 2406//2406 2346//2346 2345//2345
f 2402//2402 2344//2344 2348//2348
f 2347//2347 2402//2402 2348//2348
f 2402//2402 2407//2407 2403//2403
f 2403//2403 2408//2408 2398//2398
f 2403//2403 2407//2407 2408//2408
f 2398//2398 2414//2414 2404//2404
f 2398//2398 2408//2408 2414//2414
f 2405//2405 2409//2409 2400//2400
f 2405//2405 2404//2404 2409//2409
f 2400//2400 2410//2410 2406//2406
f 2400//2400 2409//2409 2410//2410
f 2406//2406 2410//2410 2346//2346
f 2410//2410 2350//2350 2346//2346
f 2351//2351 2411//2411 2347//2347
f 2347//2347 2412//2412 2402//2402
f 2347//2347 2411//2411 2412//2412
f 2402//2402 2419//2419 2407//2407
f 2402//2402 2412//2412 2419//2419
f 2414//2414 2407//2407 2413//2413
f 2414//2414 2408//2408 2407//2407
f 2404//2404 2414//2414 2415//2415
f 2416//2416 2404//2404 2415//2415
f 2416//2416 2409//2409 2404//2404
f 2409//2409 2417//2417 2410//2410
f 2409//2409 2416//2416 2417//2417
f 2410//2410 2417//2417 2418//2418
f 2418//2418 2350//2350 2410//2410
f 2353//2353 2411//2411 2351//2351
f 2412//2412 2411//2411 2419//2419
f 2413//2413 2407//2407 2420//2420
f 2407//2407 2419//2419 2420//2420
f 2421//2421 2417//2417 2416//2416
f 2418//2418 2422//2422 2350//2350
f 2417//2417 2422//2422 2418//2418
f 2422//2422 2354//2354 2350//2350
f 2355//2355 2423//2423 2293//2293
f 2423//2423 2353//2353 2293//2293
f 2424//2424 2353//2353 2423//2423
f 2353//2353 2425//2425 2411//2411
f 2353//2353 2424//2424 2425//2425
f 2426//2426 2419//2419 2425//2425
f 2419//2419 2411//2411 2425//2425
f 2419//2419 2426//2426 2420//2420
f 2421//2421 2429//2429 2417//2417
f 2421//2421 2427//2427 2429//2429
f 2417//2417 2430//2430 2422//2422
f 2417//2417 2429//2429 2430//2430
f 2430//2430 2356//2356 2354//2354
f 2430//2430 2354//2354 2422//2422
f 2358//2358 2431//2431 2423//2423
f 2358//2358 2423//2423 2355//2355
f 2432//2432 2425//2425 2424//2424
f 2428//2428 2433//2433 2427//2427
f 2433//2433 2429//2429 2427//2427
f 2429//2429 2359//2359 2356//2356
f 2429//2429 2356//2356 2430//2430
f 2363//2363 2431//2431 2358//2358
f 2431//2431 2434//2434 2423//2423
f 2423//2423 2435//2435 2424//2424
f 2423//2423 2434//2434 2435//2435
f 2432//2432 2424//2424 2435//2435
f 2433//2433 2437//2437 2429//2429
f 2433//2433 2436//2436 2437//2437
f 2437//2437 2359//2359 2429//2429
f 2363//2363 2438//2438 2431//2431
f 2431//2431 2439//2439 2434//2434
f 2431//2431 2438//2438 2439//2439
f 2440//2440 2435//2435 2434//2434
f 2436//2436 2442//2442 2437//2437
f 2436//2436 2441//2441 2442//2442
f 2442//2442 2364//2364 2359//2359
f 2442//2442 2359//2359 2437//2437
f 2362//2362 2443//2443 2438//2438
f 2362//2362 2438//2438 2363//2363
f 2439//2439 2444//2444 2434//2434
f 2439//2439 2438//2438 2444//2444
f 2440//2440 2434//2434 2444//2444
f 2441//2441 2447//2447 2442//2442
f 2441//2441 2445//2445 2447//2447
f 2447//2447 2364//2364 2442//2442
f 2368//2368 2443//2443 2362//2362
f 2443//2443 2448//2448 2438//2438
f 2438//2438 2449//2449 2444//2444
f 2438//2438 2448//2448 2449//2449
f 2451//2451 2450//2450 2446//2446
f 2450//2450 2445//2445 2446//2446
f 2450//2450 2452//2452 2445//2445
f 2445//2445 2453//2453 2447//2447
f 2445//2445 2452//2452 2453//2453
f 2453//2453 2372//2372 2364//2364
f 2453//2453 2364//2364 2447//2447
f 2369//2369 2443//2443 2368//2368
f 2454//2454 2443//2443 2369//2369
f 2448//2448 2443//2443 2454//2454
f 2449//2449 2455//2455 2456//2456
f 2449//2449 2448//2448 2455//2455
f 2458//2458 2457//2457 2451//2451
f 2457//2457 2450//2450 2451//2451
f 2452//2452 2370//2370 2372//2372
f 2452//2452 2372//2372 2453//2453
f 2371//2371 2454//2454 2369//2369
f 2454//2454 2459//2459 2448//2448
f 2448//2448 2460//2460 2455//2455
f 2448//2448 2459//2459 2460//2460
f 2456//2456 2455//2455 2501//2501
f 2462//2462 2461//2461 2455//2455
f 2455//2455 2461//2461 2501//2501
f 2462//2462 2463//2463 2461//2461
f 2463//2463 2457//2457 2458//2458
f 2463//2463 2464//2464 2457//2457
f 2457//2457 2464//2464 2465//2465
f 2457//2457 2466//2466 2450//2450
f 2457//2457 2465//2465 2466//2466
f 2452//2452 2466//2466 2373//2373
f 2450//2450 2466//2466 2452//2452
f 2452//2452 2373//2373 2370//2370
f 2375//2375 2454//2454 2371//2371
f 2467//2467 2454//2454 2375//2375
f 2459//2459 2454//2454 2467//2467
f 2460//2460 2468//2468 2455//2455
f 2460//2460 2459//2459 2468//2468
f 2455//2455 2468//2468 2462//2462
f 2462//2462 2469//2469 2463//2463
f 2463//2463 2470//2470 2464//2464
f 2463//2463 2469//2469 2470//2470
f 2465//2465 2373//2373 2466//2466
f 2378//2378 2467//2467 2375//2375
f 2467//2467 2378//2378 2383//2383
f 2471//2471 2467//2467 2383//2383
f 2459//2459 2467//2467 2471//2471
f 2459//2459 2471//2471 2468//2468
f 2468//2468 2472//2472 2462//2462
f 2462//2462 2476//2476 2469//2469
f 2462//2462 2472//2472 2476//2476
f 2470//2470 2473//2473 2464//2464
f 2470//2470 2469//2469 2473//2473
f 2465//2465 2473//2473 2380//2380
f 2464//2464 2473//2473 2465//2465
f 2465//2465 2380//2380 2373//2373
f 2384//2384 2471//2471 2383//2383
f 2474//2474 2471//2471 2384//2384
f 2468//2468 2471//2471 2474//2474
f 2468//2468 2475//2475 2472//2472
f 2468//2468 2474//2474 2475//2475
f 2472//2472 2475//2475 2476//2476
f 2469//2469 2476//2476 2386//2386
f 2469//2469 2386//2386 2385//2385
f 2469//2469 2385//2385 2473//2473
f 2473//2473 2385//2385 2380//2380
f 2389//2389 2474//2474 2384//2384
f 2474//2474 2389//2389 2391//2391
f 2474//2474 2391//2391 2475//2475
f 2475//2475 2391//2391 2392//2392
f 2475//2475 2392//2392 2476//2476
f 2476//2476 2392//2392 2386//2386
f 2413//2413 2477//2477 2414//2414
f 2479//2479 2415//2415 2414//2414
f 2479//2479 2414//2414 2477//2477
f 2479//2479 2416//2416 2415//2415
f 2420//2420 2477//2477 2413//2413
f 2478//2478 2477//2477 2420//2420
f 2477//2477 2478//2478 2479//2479
f 2480//2480 2421//2421 2416//2416
f 2479//2479 2480//2480 2416//2416
f 2480//2480 2427//2427 2421//2421
f 2425//2425 2481//2481 2426//2426
f 2481//2481 2420//2420 2426//2426
f 2482//2482 2420//2420 2481//2481
f 2420//2420 2482//2482 2478//2478
f 2478//2478 2483//2483 2479//2479
f 2479//2479 2484//2484 2480//2480
f 2479//2479 2483//2483 2484//2484
f 2484//2484 2428//2428 2427//2427
f 2484//2484 2427//2427 2480//2480
f 2432//2432 2481//2481 2425//2425
f 2482//2482 2485//2485 2478//2478
f 2482//2482 2481//2481 2485//2485
f 2478//2478 2486//2486 2483//2483
f 2478//2478 2485//2485 2486//2486
f 2484//2484 2433//2433 2428//2428
f 2484//2484 2436//2436 2433//2433
f 2435//2435 2487//2487 2432//2432
f 2432//2432 2488//2488 2481//2481
f 2432//2432 2487//2487 2488//2488
f 2481//2481 2489//2489 2485//2485
f 2481//2481 2488//2488 2489//2489
f 2486//2486 2490//2490 2483//2483
f 2486//2486 2485//2485 2490//2490
f 2483//2483 2491//2491 2484//2484
f 2483//2483 2490//2490 2491//2491
f 2491//2491 2441//2441 2436//2436
f 2491//2491 2436//2436 2484//2484
f 2440//2440 2487//2487 2435//2435
f 2489//2489 2492//2492 2485//2485
f 2489//2489 2488//2488 2492//2492
f 2485//2485 2493//2493 2490//2490
f 2485//2485 2492//2492 2493//2493
f 2490//2490 2445//2445 2441//2441
f 2490//2490 2441//2441 2491//2491
f 2444//2444 2494//2494 2440//2440
f 2440//2440 2495//2495 2487//2487
f 2440//2440 2494//2494 2495//2495
f 2487//2487 2496//2496 2488//2488
f 2487//2487 2495//2495 2496//2496
f 2488//2488 2497//2497 2492//2492
f 2488//2488 2496//2496 2497//2497
f 2493//2493 2498//2498 2490//2490
f 2493//2493 2492//2492 2498//2498
f 2498//2498 2446//2446 2445//2445
f 2498//2498 2445//2445 2490//2490
f 2449//2449 2499//2499 2494//2494
f 2449//2449 2494//2494 2444//2444
f 2497//2497 2500//2500 2492//2492
f 2497//2497 2496//2496 2500//2500
f 2498//2498 2500//2500 2451//2451
f 2492//2492 2500//2500 2498//2498
f 2498//2498 2451//2451 2446//2446
f 2456//2456 2499//2499 2449//2449
f 2501//2501 2499//2499 2456//2456
f 2494//2494 2499//2499 2501//2501
f 2494//2494 2502//2502 2495//2495
f 2494//2494 2501//2501 2502//2502
f 2495//2495 2503//2503 2496//2496
f 2495//2495 2502//2502 2503//2503
f 2500//2500 2503//2503 2458//2458
f 2496//2496 2503//2503 2500//2500
f 2500//2500 2458//2458 2451//2451
f 2501//2501 2461//2461 2502//2502
f 2502//2502 2461//2461 2463//2463
f 2502//2502 2463//2463 2503//2503
f 2503//2503 2463//2463 2458//2458
