mtllib long_man_crawl_leg_r.mtl
o skin
usemtl skin
v -0.0685 -0.0205 0.0078
v -0.0680 -0.0123 0.0185
v -0.0703 -0.0097 -0.0083
v -0.0690 0.0115 -0.0070
v -0.0670 0.0232 0.0061
v -0.0664 0.0193 -0.0178
v -0.0636 -0.0333 0.0093
v -0.0641 -0.0335 0.0002
v -0.0638 -0.0281 -0.0180
v -0.0640 -0.0190 0.0305
v -0.0662 -0.0164 -0.0206
v -0.0631 -0.0128 -0.0315
v -0.0640 0.0078 -0.0308
v -0.0630 0.0144 -0.0290
v -0.0651 0.0069 0.0307
v -0.0692 0.0027 0.0177
v -0.0579 -0.0414 -0.0094
v -0.0560 -0.0383 -0.0247
v -0.0622 -0.0373 0.0098
v -0.0572 -0.0232 -0.0370
v -0.0513 -0.0273 0.0452
v -0.0576 -0.0290 0.0356
v -0.0573 -0.0117 -0.0417
v -0.0579 -0.0152 0.0420
v -0.0502 -0.0039 -0.0531
v -0.0587 -0.0030 0.0443
v -0.0556 0.0205 -0.0398
v -0.0590 0.0348 -0.0211
v -0.0652 0.0307 0.0013
v -0.0629 0.0325 0.0129
v -0.0519 -0.0498 0.0030
v -0.0469 -0.0533 -0.0118
v -0.0505 -0.0448 0.0287
v -0.0525 -0.0349 -0.0351
v -0.0490 -0.0174 -0.0508
v -0.0462 0.0147 -0.0543
v -0.0545 0.0114 0.0468
v -0.0468 0.0308 -0.0451
v -0.0532 0.0302 -0.0362
v -0.0485 0.0414 -0.0327
v -0.0614 0.0249 0.0277
v -0.0525 0.0327 0.0412
v -0.0471 0.0501 0.0372
v -0.0527 0.0489 -0.0065
v -0.0515 0.0487 0.0250
v -0.0414 -0.0588 0.0060
v -0.0478 -0.0522 0.0154
v -0.0438 -0.0438 -0.0359
v -0.0477 -0.0368 0.0418
v -0.0437 -0.0315 -0.0477
v -0.0491 -0.0150 0.0527
v -0.0358 0.0230 0.0675
v -0.0539 0.0453 -0.0154
v -0.0459 0.0599 0.0134
v -0.0387 -0.0584 -0.0121
v -0.0383 -0.0552 0.0286
v -0.0409 -0.0482 0.0364
v -0.0424 -0.0401 0.0445
v -0.0362 -0.0242 0.0598
v -0.0431 -0.0240 0.0543
v -0.0392 -0.0194 -0.0584
v -0.0437 -0.0001 0.0598
v -0.0317 0.0184 -0.0643
v -0.0363 0.0369 -0.0499
v -0.0424 0.0529 0.0461
v -0.0340 0.0469 -0.0420
v -0.0465 0.0489 -0.0243
v -0.0363 0.0619 -0.0140
v -0.0377 0.0699 0.0275
v -0.0291 -0.0646 -0.0110
v -0.0296 -0.0647 0.0164
v -0.0358 -0.0529 -0.0303
v -0.0270 -0.0637 -0.0196
v -0.0301 -0.0548 0.0375
v -0.0310 -0.0468 -0.0439
v -0.0262 -0.0483 0.0483
v -0.0415 -0.0280 -0.0531
v -0.0310 -0.0203 -0.0632
v -0.0410 -0.0024 -0.0613
v -0.0412 0.0341 0.0583
v -0.0375 0.0510 0.0569
v -0.0362 0.0684 0.0009
v -0.0262 -0.0540 -0.0374
v -0.0296 -0.0362 -0.0543
v -0.0246 -0.0309 0.0612
v -0.0185 -0.0005 -0.0723
v -0.0305 0.0297 0.0712
v -0.0242 0.0352 -0.0588
v -0.0292 0.0506 0.0678
v -0.0179 0.0680 0.0749
v -0.0332 0.0547 -0.0310
v -0.0275 0.0756 0.0515
v -0.0224 0.0808 0.0008
v -0.0291 0.0787 0.0403
v -0.0141 0.1003 0.0362
v -0.0196 -0.0473 -0.0492
v -0.0207 -0.0447 0.0533
v -0.0244 -0.0102 0.0700
v -0.0250 0.0598 -0.0301
v -0.0214 0.0728 -0.0147
v -0.0270 0.0819 0.0138
v -0.0189 0.0933 0.0440
v -0.0050 -0.0710 -0.0140
v -0.0193 -0.0669 0.0222
v -0.0184 -0.0613 0.0345
v -0.0151 -0.0525 -0.0453
v -0.0179 -0.0395 -0.0576
v -0.0111 -0.0384 -0.0600
v -0.0177 -0.0270 -0.0653
v -0.0207 -0.0157 0.0691
v -0.0128 0.0226 0.0850
v -0.0183 0.0239 -0.0676
v -0.0086 0.0457 0.0898
v -0.0197 0.0394 -0.0579
v -0.0157 0.0553 -0.0415
v -0.0153 0.0715 -0.0215
v -0.0147 0.0798 0.0735
v -0.0078 0.0805 -0.0164
v -0.0171 0.0908 0.0578
v -0.0117 0.1034 0.0489
v -0.0162 0.0895 0.0065
v -0.0206 0.0790 0.0628
v -0.0185 0.0928 0.0205
v -0.0180 -0.0706 0.0034
v -0.0110 -0.0629 -0.0325
v -0.0022 -0.0601 -0.0389
v -0.0089 -0.0597 0.0400
v -0.0030 -0.0273 -0.0671
v -0.0139 -0.0311 0.0636
v -0.0016 -0.0211 0.0724
v -0.0082 0.0000 -0.0734
v -0.0080 0.0112 -0.0734
v -0.0147 0.0133 0.0821
v 0.0016 0.0304 -0.0669
v -0.0172 0.0526 0.0807
v -0.0148 0.0844 -0.0040
v -0.0118 0.0960 0.0107
v -0.0088 0.1029 0.0642
v -0.0040 -0.0715 0.0167
v -0.0043 -0.0627 0.0377
v -0.0016 -0.0392 0.0602
v -0.0007 -0.0158 -0.0721
v 0.0036 -0.0046 -0.0738
v -0.0083 0.0027 0.0819
v -0.0022 0.0254 0.0926
v -0.0052 0.0566 0.0934
v 0.0035 0.0632 -0.0394
v -0.0093 0.0674 -0.0304
v 0.0015 0.0807 0.0994
v -0.0058 0.0935 0.0828
v -0.0022 0.1041 0.0824
v -0.0044 0.1105 0.0669
v 0.0095 -0.0714 -0.0133
v -0.0008 -0.0523 0.0506
v 0.0038 -0.0520 0.0502
v 0.0026 -0.0353 -0.0624
v 0.0055 -0.0037 0.0837
v 0.0033 0.0401 -0.0598
v 0.0173 0.0483 -0.0519
v -0.0084 0.0401 -0.0600
v 0.0049 0.0548 -0.0469
v 0.0135 0.0603 0.1113
v 0.0024 0.0992 -0.0008
v -0.0024 0.1037 0.0116
v -0.0020 0.1122 0.0294
v -0.0022 0.1159 0.0488
v 0.0030 0.1166 0.0851
v -0.0033 -0.0727 0.0023
v 0.0105 -0.0718 0.0042
v 0.0074 -0.0512 0.0502
v 0.0213 -0.0303 -0.0625
v 0.0111 -0.0142 0.0780
v 0.0071 0.0120 -0.0724
v 0.0181 0.0133 -0.0702
v 0.0014 0.0829 -0.0194
v 0.0100 0.0975 0.1079
v 0.0038 0.0952 -0.0069
v 0.0079 0.1085 0.0081
v 0.0057 0.1172 0.0905
v 0.0076 0.1244 0.0430
v 0.0120 0.1332 0.0682
v 0.0177 -0.0601 -0.0362
v 0.0169 -0.0643 0.0279
v 0.0084 -0.0544 -0.0471
v 0.0174 -0.0243 -0.0661
v 0.0194 -0.0014 -0.0702
v 0.0148 0.0179 0.0964
v 0.0186 0.0233 -0.0664
v 0.0242 0.0278 -0.0625
v 0.0141 0.0317 0.1022
v 0.0101 0.1011 0.1072
v 0.0197 0.1075 -0.0010
v 0.0133 0.1156 0.1073
v 0.0130 0.1174 0.0176
v 0.0143 0.1291 0.0407
v 0.0172 0.1333 0.0454
v 0.0218 0.1431 0.0596
v 0.0140 -0.0648 -0.0311
v 0.0265 -0.0674 -0.0083
v 0.0234 -0.0682 0.0086
v 0.0214 -0.0077 -0.0694
v 0.0246 -0.0121 0.0801
v 0.0199 0.0096 0.0937
v 0.0190 0.0325 0.1040
v 0.0132 0.0497 0.1067
v 0.0192 0.0630 0.1150
v 0.0134 0.0811 -0.0258
v 0.0168 0.0846 0.1164
v 0.0184 0.1010 -0.0080
v 0.0167 0.1207 0.1111
v 0.0215 0.1182 0.0126
v 0.0154 0.1263 0.0317
v 0.0245 0.1383 0.1121
v 0.0188 0.1365 0.0497
v 0.0130 0.1350 0.0787
v 0.0354 -0.0642 -0.0061
v 0.0240 -0.0600 0.0304
v 0.0370 -0.0482 -0.0423
v 0.0159 -0.0542 0.0450
v 0.0276 -0.0599 0.0278
v 0.0307 -0.0518 0.0386
v 0.0340 -0.0264 -0.0595
v 0.0317 -0.0267 0.0666
v 0.0225 -0.0102 -0.0694
v 0.0219 0.0701 0.1185
v 0.0236 0.0567 -0.0454
v 0.0321 0.0774 -0.0305
v 0.0225 0.0931 -0.0176
v 0.0361 0.1019 -0.0115
v 0.0222 0.1137 0.1207
v 0.0256 0.1157 0.0068
v 0.0309 0.1274 0.0201
v 0.0306 0.1407 0.0410
v 0.0288 0.1532 0.0702
v 0.0203 0.1432 0.0928
v 0.0380 0.1676 0.1067
v 0.0355 -0.0582 -0.0278
v 0.0327 -0.0625 0.0146
v 0.0227 -0.0448 -0.0536
v 0.0309 -0.0443 0.0477
v 0.0326 -0.0137 0.0778
v 0.0312 0.0009 0.0895
v 0.0367 0.0068 -0.0619
v 0.0455 0.0180 -0.0536
v 0.0318 0.0284 0.1057
v 0.0419 0.0702 -0.0340
v 0.0306 0.0877 -0.0227
v 0.0183 0.0972 0.1190
v 0.0364 0.1096 -0.0035
v 0.0331 0.1362 0.1272
v 0.0320 0.1356 0.0316
v 0.0345 0.1471 0.1244
v 0.0358 0.1469 0.0449
v 0.0297 0.1565 0.0951
v 0.0335 0.1544 0.0610
v 0.0351 0.1649 0.0916
v 0.0510 -0.0528 -0.0031
v 0.0458 -0.0559 0.0068
v 0.0481 -0.0336 -0.0452
v 0.0399 -0.0530 0.0275
v 0.0343 -0.0381 0.0533
v 0.0435 -0.0294 0.0576
v 0.0399 -0.0176 0.0724
v 0.0381 0.0084 -0.0611
v 0.0356 0.0180 0.1001
v 0.0301 0.0394 -0.0547
v 0.0367 0.0407 0.1134
v 0.0490 0.0430 -0.0433
v 0.0381 0.0596 0.1233
v 0.0469 0.0616 -0.0369
v 0.0301 0.0852 0.1275
v 0.0413 0.1206 0.0080
v 0.0379 0.1636 0.0720
v 0.0394 0.1678 0.1116
v 0.0429 0.1646 0.0639
v 0.0421 0.1621 0.1268
v 0.0548 -0.0480 -0.0119
v 0.0478 -0.0473 -0.0298
v 0.0427 -0.0415 0.0416
v 0.0360 -0.0335 -0.0552
v 0.0461 -0.0158 -0.0543
v 0.0458 -0.0093 0.0774
v 0.0405 -0.0048 -0.0602
v 0.0470 0.0031 0.0877
v 0.0498 0.0208 0.1011
v 0.0606 0.0271 -0.0382
v 0.0420 0.0441 0.1171
v 0.0419 0.0423 -0.0477
v 0.0545 0.0535 -0.0366
v 0.0503 0.0547 0.1247
v 0.0459 0.0878 0.1377
v 0.0494 0.1234 0.0098
v 0.0487 0.1398 0.1444
v 0.0434 0.1560 0.0501
v 0.0445 0.1778 0.0964
v 0.0470 0.1758 0.1218
v 0.0503 -0.0480 0.0195
v 0.0510 -0.0454 -0.0277
v 0.0461 -0.0416 0.0375
v 0.0526 -0.0221 0.0593
v 0.0487 -0.0182 -0.0521
v 0.0518 -0.0124 0.0717
v 0.0584 -0.0020 0.0784
v 0.0562 -0.0002 -0.0461
v 0.0623 0.0676 -0.0274
v 0.0587 0.0806 -0.0228
v 0.0462 0.0861 -0.0233
v 0.0500 0.0989 -0.0127
v 0.0384 0.1123 0.1369
v 0.0452 0.1143 0.1413
v 0.0539 0.1048 -0.0074
v 0.0450 0.1389 0.0279
v 0.0514 0.1474 0.0348
v 0.0508 0.1590 0.0480
v 0.0568 0.1707 0.0574
v 0.0500 0.1656 0.1398
v 0.0439 0.1732 0.0795
v 0.0518 0.1860 0.0957
v 0.0536 -0.0470 0.0114
v 0.0580 -0.0420 -0.0160
v 0.0569 -0.0352 0.0329
v 0.0598 -0.0221 0.0517
v 0.0578 -0.0150 -0.0421
v 0.0576 0.0055 -0.0433
v 0.0684 0.0201 0.0946
v 0.0532 0.0285 0.1062
v 0.0566 0.0460 0.1192
v 0.0654 0.0523 -0.0301
v 0.0470 0.0647 0.1298
v 0.0483 0.0721 0.1333
v 0.0564 0.1012 0.1455
v 0.0583 0.1169 0.0040
v 0.0682 0.1567 0.1645
v 0.0564 0.1512 0.0363
v 0.0519 0.1739 0.0671
v 0.0574 0.1764 0.1451
v 0.0564 0.1829 0.0767
v 0.0525 0.1865 0.1172
v 0.0555 0.1844 0.1315
v 0.0664 0.2025 0.1111
v 0.0582 -0.0322 -0.0333
v 0.0631 -0.0331 0.0169
v 0.0640 -0.0245 0.0387
v 0.0639 -0.0084 0.0659
v 0.0699 -0.0018 -0.0231
v 0.0623 0.0077 0.0854
v 0.0661 0.0178 -0.0324
v 0.0630 0.0277 0.1038
v 0.0651 0.0369 -0.0326
v 0.0673 0.0955 -0.0098
v 0.0595 0.1204 0.1519
v 0.0669 0.1272 0.0121
v 0.0556 0.1345 0.1507
v 0.0630 0.1696 0.1573
v 0.0640 0.1650 0.0470
v 0.0633 0.1737 0.0568
v 0.0658 0.1837 0.0676
v 0.0626 0.1908 0.0834
v 0.0600 0.1909 0.1358
v 0.0656 0.1941 0.0834
v 0.0629 -0.0291 -0.0244
v 0.0630 -0.0349 -0.0114
v 0.0697 -0.0182 0.0380
v 0.0704 -0.0108 -0.0168
v 0.0709 0.0604 -0.0234
v 0.0678 0.0831 0.1431
v 0.0641 0.1224 0.0092
v 0.0681 0.1408 0.0244
v 0.0698 0.1678 0.0472
v 0.0720 0.2062 0.1454
v 0.0652 0.1930 0.1471
v 0.0719 -0.0159 -0.0049
v 0.0614 -0.0391 0.0040
v 0.0694 -0.0214 0.0300
v 0.0736 -0.0122 0.0431
v 0.0682 -0.0106 0.0576
v 0.0769 0.0026 0.0654
v 0.0724 0.0058 0.0756
v 0.0748 0.0149 0.0846
v 0.0712 0.0324 0.1067
v 0.0734 0.0406 0.1125
v 0.0763 0.0593 -0.0191
v 0.0749 0.0592 0.1285
v 0.0757 0.0836 -0.0119
v 0.0702 0.0923 0.1477
v 0.0787 0.0963 -0.0040
v 0.0772 0.1070 0.0011
v 0.0808 0.1302 0.0174
v 0.0782 0.1617 0.0400
v 0.0870 0.1721 0.1837
v 0.0696 0.1765 0.1644
v 0.0752 0.1793 0.0568
v 0.0713 0.1964 0.0823
v 0.0715 0.2030 0.0961
v 0.0648 0.2007 0.1233
v 0.0759 -0.0135 0.0189
v 0.0777 -0.0068 0.0061
v 0.0787 0.0004 -0.0025
v 0.0853 0.0078 0.0606
v 0.0820 0.0137 0.0758
v 0.0773 0.0381 -0.0198
v 0.0829 0.0219 0.0860
v 0.0832 0.0340 -0.0114
v 0.0757 0.0734 0.1390
v 0.0812 0.0896 -0.0055
v 0.0771 0.1038 0.1546
v 0.0849 0.1144 0.0092
v 0.0781 0.1385 0.1679
v 0.0907 0.1414 0.0261
v 0.0805 0.1563 0.1746
v 0.0829 0.1949 0.1781
v 0.0806 0.2058 0.1680
v 0.0799 0.2153 0.1148
v 0.0797 0.2170 0.1467
v 0.0859 0.0055 0.0146
v 0.0852 0.0027 0.0467
v 0.0847 0.0003 0.0317
v 0.0793 0.0073 -0.0066
v 0.0896 0.0155 0.0119
v 0.0880 0.0132 0.0654
v 0.0856 0.0268 0.0904
v 0.0779 0.0186 -0.0154
v 0.0816 0.0307 0.0979
v 0.0847 0.0460 0.1134
v 0.0877 0.0574 -0.0084
v 0.0889 0.0608 0.1263
v 0.0812 0.0685 -0.0131
v 0.0922 0.0831 0.0002
v 0.0908 0.0697 0.1335
v 0.0795 0.1129 0.1596
v 0.0908 0.1611 0.0392
v 0.0895 0.1907 0.1864
v 0.0849 0.1969 0.0730
v 0.0936 0.1981 0.0717
v 0.0849 0.2081 0.0891
v 0.0878 0.2140 0.0976
v 0.0868 0.2167 0.1038
v 0.0888 0.2303 0.1552
v 0.0895 0.2214 0.1754
v 0.0883 0.2290 0.1337
v 0.0928 0.2363 0.1416
v 0.0876 0.0046 0.0399
v 0.0910 0.0280 0.0033
v 0.0942 0.0325 0.0882
v 0.0939 0.0966 0.1539
v 0.0944 0.0984 0.0070
v 0.0930 0.1317 0.1726
v 0.0979 0.1520 0.0344
v 0.0912 0.1968 0.1877
v 0.0914 0.2302 0.1243
v 0.0943 0.2351 0.1312
v 0.0998 0.2474 0.1642
v 0.0959 0.0181 0.0292
v 0.0961 0.0222 0.0212
v 0.1092 0.0374 0.0611
v 0.0945 0.0236 0.0730
v 0.1046 0.0351 0.0293
v 0.0967 0.0213 0.0638
v 0.1026 0.0393 0.0860
v 0.1004 0.0492 0.1039
v 0.0956 0.0451 0.0038
v 0.0940 0.0513 0.1127
v 0.0946 0.0615 0.0004
v 0.1103 0.0807 0.0193
v 0.0948 0.0753 0.1375
v 0.0922 0.0834 0.1452
v 0.1012 0.1026 0.0130
v 0.1164 0.1017 0.0258
v 0.0912 0.1131 0.0113
v 0.0961 0.1259 0.0192
v 0.0939 0.1179 0.1661
v 0.0928 0.1301 0.1730
v 0.0919 0.1479 0.1796
v 0.0985 0.1664 0.0434
v 0.0962 0.2098 0.0848
v 0.1002 0.2203 0.0966
v 0.0969 0.2323 0.1815
v 0.0979 0.2307 0.1147
v 0.1021 0.2447 0.1816
v 0.0990 0.2462 0.1532
v 0.0990 0.0211 0.0370
v 0.1046 0.0310 0.0375
v 0.1059 0.0365 0.0723
v 0.1009 0.0431 0.0131
v 0.1080 0.0502 0.0945
v 0.1057 0.0705 0.1266
v 0.1005 0.0853 0.0087
v 0.1109 0.1168 0.0238
v 0.1004 0.1612 0.1892
v 0.0951 0.1787 0.1908
v 0.1181 0.1803 0.0572
v 0.0969 0.1845 0.0576
v 0.0992 0.2221 0.1920
v 0.1019 0.2465 0.1396
v 0.1056 0.0298 0.0483
v 0.1117 0.0498 0.0336
v 0.1124 0.0624 0.1072
v 0.1050 0.0603 0.1141
v 0.1027 0.0650 0.1227
v 0.1156 0.1022 0.1558
v 0.1146 0.1170 0.1682
v 0.1083 0.1346 0.0291
v 0.1123 0.1317 0.1776
v 0.1106 0.1679 0.0481
v 0.1090 0.1742 0.1967
v 0.0982 0.1997 0.0723
v 0.1080 0.2244 0.0971
v 0.1067 0.2412 0.1213
v 0.1092 0.2440 0.1965
v 0.1129 0.2519 0.1980
v 0.1098 0.2522 0.1361
v 0.1082 0.2600 0.1607
v 0.1134 0.2628 0.1810
v 0.1157 0.0518 0.0762
v 0.1134 0.0545 0.0348
v 0.1183 0.0678 0.1071
v 0.1115 0.0618 0.0252
v 0.1150 0.0722 0.1198
v 0.1131 0.0770 0.1293
v 0.1057 0.0944 0.1521
v 0.1178 0.0911 0.1436
v 0.1187 0.1336 0.0349
v 0.1109 0.1473 0.1857
v 0.1234 0.1510 0.0448
v 0.1171 0.1627 0.0474
v 0.1163 0.1832 0.0592
v 0.1177 0.1905 0.2064
v 0.1110 0.1971 0.2039
v 0.1136 0.2331 0.2078
v 0.1129 0.2330 0.1051
v 0.1170 0.2444 0.1171
v 0.1157 0.2554 0.1336
v 0.1161 0.2628 0.1468
v 0.1116 0.2617 0.1578
v 0.1184 0.0559 0.0511
v 0.1234 0.0679 0.0921
v 0.1219 0.0705 0.0441
v 0.1188 0.0840 0.1357
v 0.1221 0.0850 0.0360
v 0.1306 0.1125 0.1603
v 0.1210 0.1282 0.1756
v 0.1173 0.1712 0.1987
v 0.1222 0.1909 0.0653
v 0.1140 0.2038 0.0737
v 0.1224 0.2169 0.2156
v 0.1364 0.2188 0.0876
v 0.1199 0.2390 0.2131
v 0.1245 0.2347 0.1019
v 0.1226 0.2590 0.2078
v 0.1229 0.2576 0.1303
v 0.1254 0.2782 0.1845
v 0.1267 0.0701 0.0726
v 0.1259 0.0708 0.0605
v 0.1281 0.0763 0.1020
v 0.1281 0.0784 0.0554
v 0.1259 0.0799 0.0473
v 0.1274 0.0902 0.1342
v 0.1264 0.1007 0.1496
v 0.1244 0.1198 0.0353
v 0.1255 0.1078 0.0360
v 0.1226 0.1351 0.0372
v 0.1348 0.1440 0.0507
v 0.1357 0.1556 0.1926
v 0.1291 0.1637 0.0541
v 0.1334 0.2136 0.0829
v 0.1280 0.2341 0.2218
v 0.1399 0.2544 0.2325
v 0.1282 0.2490 0.1162
v 0.1251 0.2722 0.1525
v 0.1364 0.2792 0.1504
v 0.1363 0.0847 0.0873
v 0.1377 0.0924 0.1231
v 0.1302 0.0993 0.0447
v 0.1322 0.0840 0.0608
v 0.1365 0.0983 0.1368
v 0.1355 0.1063 0.1494
v 0.1332 0.1359 0.1793
v 0.1198 0.1569 0.1925
v 0.1342 0.1740 0.0615
v 0.1332 0.1722 0.2022
v 0.1404 0.1778 0.2068
v 0.1355 0.1897 0.0694
v 0.1388 0.1980 0.0753
v 0.1270 0.2032 0.2155
v 0.1311 0.2179 0.2220
v 0.1323 0.2645 0.1325
v 0.1367 0.2918 0.1861
v 0.1483 0.3068 0.1957
v 0.1383 0.0898 0.0771
v 0.1346 0.0853 0.1104
v 0.1403 0.0956 0.0728
v 0.1360 0.1078 0.1511
v 0.1327 0.1164 0.1631
v 0.1393 0.1068 0.0575
v 0.1409 0.1223 0.1641
v 0.1422 0.1279 0.0571
v 0.1411 0.1351 0.1762
v 0.1429 0.1449 0.0592
v 0.1444 0.1662 0.2000
v 0.1445 0.1662 0.0657
v 0.1501 0.2158 0.2301
v 0.1519 0.2321 0.1004
v 0.1462 0.2417 0.1067
v 0.1322 0.2379 0.1041
v 0.1406 0.2556 0.1197
v 0.1472 0.2694 0.1315
v 0.1406 0.2642 0.2313
v 0.1397 0.2738 0.2262
v 0.1415 0.2861 0.2212
v 0.1448 0.2779 0.1419
v 0.1313 0.2704 0.2149
v 0.1387 0.2902 0.1689
v 0.1285 0.2771 0.1988
v 0.1516 0.1053 0.1064
v 0.1420 0.0929 0.1035
v 0.1485 0.1027 0.1188
v 0.1429 0.1050 0.1401
v 0.1465 0.1086 0.1398
v 0.1477 0.1140 0.0716
v 0.1484 0.1191 0.1537
v 0.1452 0.1140 0.1501
v 0.1249 0.1428 0.1856
v 0.1490 0.1584 0.1932
v 0.1505 0.1875 0.0770
v 0.1467 0.2048 0.0825
v 0.1505 0.2589 0.1209
v 0.1433 0.2967 0.1759
v 0.1430 0.2955 0.2136
v 0.1479 0.3061 0.2016
v 0.1513 0.1062 0.1210
v 0.1489 0.1041 0.0903
v 0.1541 0.1225 0.1503
v 0.1508 0.1393 0.0679
v 0.1476 0.1424 0.1799
v 0.1413 0.1486 0.0580
v 0.1589 0.1598 0.1910
v 0.1599 0.1813 0.0819
v 0.1497 0.1865 0.2134
v 0.1554 0.2036 0.0863
v 0.1638 0.2111 0.0939
v 0.1445 0.2305 0.2326
v 0.1493 0.2307 0.2361
v 0.1458 0.2416 0.2363
v 0.1537 0.2457 0.2428
v 0.1664 0.2555 0.2532
v 0.1552 0.2878 0.1477
v 0.1524 0.2963 0.1618
v 0.1521 0.3022 0.2337
v 0.1540 0.3147 0.2054
v 0.1544 0.3149 0.2179
v 0.1573 0.1143 0.1215
v 0.1601 0.1267 0.0927
v 0.1548 0.1146 0.1345
v 0.1600 0.1279 0.1485
v 0.1522 0.1161 0.0815
v 0.1558 0.1330 0.1634
v 0.1603 0.1402 0.1669
v 0.1582 0.1725 0.0788
v 0.1578 0.1763 0.2061
v 0.1695 0.1906 0.0919
v 0.1489 0.1987 0.2210
v 0.1666 0.1969 0.0910
v 0.1588 0.2216 0.0967
v 0.1711 0.2501 0.1161
v 0.1588 0.2626 0.1234
v 0.1724 0.2709 0.1295
v 0.1566 0.2844 0.2485
v 0.1620 0.3251 0.2300
v 0.1607 0.1205 0.1053
v 0.1668 0.1360 0.1490
v 0.1668 0.1467 0.1677
v 0.1660 0.1555 0.0883
v 0.1670 0.1647 0.1922
v 0.1692 0.2049 0.2266
v 0.1624 0.2232 0.0987
v 0.1824 0.2320 0.1138
v 0.1646 0.2398 0.1091
v 0.1632 0.2448 0.2463
v 0.1662 0.2604 0.2539
v 0.1708 0.2695 0.2595
v 0.1620 0.2940 0.1521
v 0.1654 0.2974 0.1553
v 0.1708 0.2910 0.2648
v 0.1740 0.3302 0.2573
v 0.1628 0.3171 0.2471
v 0.1614 0.3187 0.1924
v 0.1656 0.3305 0.2183
v 0.1697 -0.9667 0.3714
v 0.1712 -0.9582 0.3892
v 0.1710 -0.9676 0.4167
v 0.1673 0.1389 0.0995
v 0.1642 0.1499 0.0868
v 0.1724 0.1586 0.1790
v 0.1627 0.1632 0.0827
v 0.1837 0.2041 0.1077
v 0.1661 0.2181 0.2346
v 0.1706 0.2547 0.1193
v 0.1791 0.2576 0.1224
v 0.1791 0.2642 0.1269
v 0.1680 0.2760 0.2589
v 0.1697 0.2821 0.1387
v 0.1791 0.2844 0.2696
v 0.1620 0.3049 0.1659
v 0.1624 0.3136 0.1804
v 0.1672 0.3271 0.1987
v 0.1695 0.3320 0.2449
v 0.1712 0.3356 0.2107
v 0.1729 0.3398 0.2375
v 0.1814 -0.9831 0.3426
v 0.1758 -0.9785 0.3610
v 0.1789 -0.9826 0.3727
v 0.1794 -0.9822 0.3922
v 0.1757 -0.9765 0.4273
v 0.1799 -0.9812 0.4240
v 0.1725 -0.9732 0.4100
v 0.1755 -0.9756 0.3378
v 0.1716 -0.9696 0.4365
v 0.1780 -0.9622 0.4885
v 0.1778 -0.9667 0.3139
v 0.1716 -0.9632 0.3486
v 0.1723 -0.9591 0.4303
v 0.1769 -0.9542 0.3416
v 0.1744 -0.9532 0.3618
v 0.1825 -0.9466 0.4357
v 0.1793 -0.9495 0.4401
v 0.1778 0.1543 0.1110
v 0.1674 0.1293 0.1175
v 0.1760 0.1447 0.1348
v 0.1797 0.1563 0.1603
v 0.1832 0.1579 0.1510
v 0.1790 0.1589 0.1687
v 0.1664 0.1508 0.1750
v 0.1755 0.1738 0.1975
v 0.1845 0.1881 0.2091
v 0.1733 0.1940 0.2186
v 0.1766 0.2173 0.1053
v 0.1736 0.2271 0.1069
v 0.1739 0.2353 0.2452
v 0.1741 0.3002 0.1558
v 0.1769 0.3034 0.1576
v 0.1761 0.3173 0.1747
v 0.1713 0.3115 0.2626
v 0.1794 0.3238 0.1820
v 0.1793 0.3459 0.2177
v 0.1810 0.3509 0.2307
v 0.1875 -0.9891 0.3579
v 0.1911 -0.9893 0.3938
v 0.1843 -0.9778 0.3122
v 0.1768 -0.9772 0.4525
v 0.1840 -0.9836 0.4678
v 0.1820 -0.9713 0.3053
v 0.1862 -0.9700 0.5148
v 0.1833 -0.9619 0.5081
v 0.1835 -0.9633 0.2953
v 0.1843 -0.9528 0.3134
v 0.1721 -0.9602 0.4549
v 0.1818 -0.9512 0.4762
v 0.1800 -0.9518 0.3350
v 0.1792 -0.9482 0.4028
v 0.1825 0.1690 0.1833
v 0.1824 0.1667 0.1129
v 0.1818 0.1753 0.1067
v 0.1828 0.1862 0.1061
v 0.1796 0.2016 0.1038
v 0.1894 0.2094 0.1154
v 0.1919 0.2586 0.1297
v 0.1905 0.3437 0.1995
v 0.1936 0.3614 0.2198
v 0.1829 0.3532 0.2457
v 0.1935 -0.9920 0.3691
v 0.1959 -0.9899 0.4169
v 0.1866 -0.9855 0.4238
v 0.1869 -0.9859 0.4466
v 0.1874 -0.9850 0.4748
v 0.1791 -0.9765 0.4819
v 0.1918 -0.9842 0.4971
v 0.1885 -0.9814 0.4962
v 0.1871 -0.9736 0.2932
v 0.1898 -0.9667 0.5238
v 0.1876 -0.9615 0.5185
v 0.1896 -0.9609 0.2747
v 0.1808 -0.9474 0.3669
v 0.1887 -0.9421 0.4795
v 0.1929 -0.9402 0.3793
v 0.1874 -0.9429 0.4903
v 0.1904 -0.9434 0.5093
v 0.1881 -0.9401 0.4894
v 0.1882 -0.9097 0.4919
v 0.1895 -0.8806 0.4858
v 0.1894 -0.8284 0.4879
v 0.1892 -0.7977 0.4802
v 0.1847 0.1595 0.1424
v 0.1894 0.1670 0.1438
v 0.1875 0.1740 0.1199
v 0.1846 0.1621 0.1242
v 0.1935 0.1790 0.1841
v 0.1868 0.1824 0.1996
v 0.1811 0.1911 0.2137
v 0.1881 0.1983 0.2174
v 0.1912 0.2152 0.2316
v 0.1828 0.2110 0.2296
v 0.1860 0.2516 0.2567
v 0.1853 0.2657 0.2644
v 0.1925 0.2691 0.1341
v 0.1794 0.2905 0.1449
v 0.1931 0.3024 0.1568
v 0.1888 0.3101 0.2794
v 0.1838 0.3141 0.1689
v 0.1857 0.3321 0.1891
v 0.1864 0.3393 0.2713
v 0.1884 0.3528 0.2153
v 0.2024 -0.9921 0.4105
v 0.1961 -0.9903 0.4453
v 0.1965 -0.9900 0.4763
v 0.1916 -0.9858 0.3215
v 0.1933 -0.9811 0.5096
v 0.1991 -0.9674 0.5431
v 0.1949 -0.9690 0.2642
v 0.1954 -0.9597 0.2659
v 0.1986 -0.9566 0.2636
v 0.1889 -0.9450 0.3359
v 0.1896 -0.9419 0.3963
v 0.1924 -0.9416 0.4251
v 0.1968 -0.9479 0.5220
v 0.1909 -0.9196 0.4848
v 0.1888 -0.9201 0.5101
v 0.1936 -0.9198 0.4798
v 0.1954 -0.9159 0.4774
v 0.1924 -0.8960 0.5140
v 0.1889 -0.8818 0.5007
v 0.1968 -0.8880 0.4720
v 0.1935 -0.8608 0.4753
v 0.1962 -0.8671 0.5117
v 0.1949 -0.8486 0.5074
v 0.1946 -0.8473 0.4708
v 0.1899 -0.8497 0.4885
v 0.1938 -0.8363 0.5021
v 0.1933 -0.8421 0.4737
v 0.1932 -0.8151 0.4688
v 0.1965 -0.8096 0.5054
v 0.1946 -0.7972 0.4630
v 0.1907 -0.7901 0.4909
v 0.2005 -0.7769 0.4539
v 0.1937 -0.7832 0.4631
v 0.1903 -0.7811 0.4815
v 0.1945 -0.7479 0.4825
v 0.1945 -0.7370 0.4726
v 0.1954 -0.7339 0.4655
v 0.1958 -0.7066 0.4782
v 0.1961 -0.6927 0.4552
v 0.1952 -0.6625 0.4607
v 0.1924 0.1928 0.1209
v 0.1922 0.1783 0.1288
v 0.1964 0.1926 0.2037
v 0.1944 0.2238 0.2371
v 0.1984 0.2382 0.1293
v 0.1988 0.2662 0.2688
v 0.1949 0.2845 0.2765
v 0.1953 0.2930 0.1501
v 0.1858 0.2994 0.2758
v 0.2013 0.3079 0.1630
v 0.1961 0.3347 0.1880
v 0.1947 0.3535 0.2775
v 0.1864 0.3514 0.2614
v 0.1926 0.3654 0.2356
v 0.1979 0.3745 0.2508
v 0.2079 0.3854 0.2703
v 0.1999 -0.9905 0.3277
v 0.2026 -0.9917 0.4253
v 0.2024 -0.9925 0.4740
v 0.2032 -0.9904 0.4898
v 0.2020 -0.9848 0.2992
v 0.2004 -0.9785 0.2741
v 0.1955 -0.9803 0.2930
v 0.1982 -0.9788 0.5225
v 0.2009 -0.9714 0.5405
v 0.1992 -0.9544 0.5328
v 0.1995 -0.9486 0.2908
v 0.1975 -0.9450 0.3149
v 0.2032 -0.9384 0.3439
v 0.1994 -0.9396 0.3492
v 0.2006 -0.9393 0.4380
v 0.1964 -0.9396 0.4638
v 0.1970 -0.9369 0.5208
v 0.1966 -0.9364 0.4700
v 0.1990 -0.9268 0.4719
v 0.1998 -0.9209 0.5258
v 0.2062 -0.8914 0.4654
v 0.2000 -0.8880 0.5205
v 0.2002 -0.8203 0.4610
v 0.2018 -0.7905 0.4547
v 0.1995 -0.7868 0.5047
v 0.2004 -0.7577 0.4544
v 0.2034 -0.7312 0.4485
v 0.2026 -0.7345 0.4943
v 0.2006 -0.7268 0.4523
v 0.1998 -0.7232 0.4884
v 0.2026 -0.7166 0.4468
v 0.2003 -0.6902 0.4456
v 0.2006 -0.6818 0.4847
v 0.1982 -0.6855 0.4498
v 0.1937 -0.6973 0.4674
v 0.1982 -0.6728 0.4778
v 0.1986 -0.6627 0.4477
v 0.1980 -0.5959 0.4507
v 0.1973 -0.6421 0.4656
v 0.1990 -0.6113 0.4653
v 0.2004 -0.5754 0.4631
v 0.1985 -0.5680 0.4526
v 0.2023 -0.5531 0.4595
v 0.1997 -0.5719 0.4393
v 0.2015 -0.5504 0.4363
v 0.2017 -0.5409 0.4500
v 0.2019 -0.5305 0.4409
v 0.1979 0.1826 0.1445
v 0.1926 0.1716 0.1554
v 0.1987 0.1875 0.1914
v 0.2021 0.1945 0.1979
v 0.1988 0.2012 0.1313
v 0.2037 0.2031 0.2104
v 0.1983 0.2232 0.1273
v 0.2037 0.2325 0.2410
v 0.1981 0.2815 0.1433
v 0.1979 0.3080 0.2853
v 0.2040 0.3118 0.1661
v 0.2014 0.3480 0.1990
v 0.1976 0.3581 0.2793
v 0.2062 0.3779 0.2344
v 0.2009 0.3770 0.2536
v 0.2132 -0.9941 0.3306
v 0.2038 -0.9947 0.3449
v 0.2094 -0.9937 0.4572
v 0.2060 -0.9793 0.2687
v 0.2067 -0.9796 0.5307
v 0.2056 -0.9683 0.5508
v 0.2046 -0.9691 0.2485
v 0.2078 -0.9612 0.2466
v 0.2108 -0.9578 0.2467
v 0.2081 -0.9424 0.3105
v 0.1992 -0.9385 0.3647
v 0.2040 -0.9378 0.4222
v 0.2226 -0.9269 0.4641
v 0.2013 -0.9088 0.5256
v 0.2039 -0.8476 0.4622
v 0.2079 -0.8377 0.5159
v 0.1986 -0.8222 0.5085
v 0.2042 -0.8263 0.4585
v 0.2023 -0.8140 0.5102
v 0.2042 -0.7859 0.5080
v 0.2030 -0.7633 0.5014
v 0.1985 -0.7597 0.4957
v 0.2056 -0.7488 0.5001
v 0.2098 -0.7155 0.4974
v 0.2050 -0.6898 0.4909
v 0.2098 -0.6804 0.4937
v 0.2137 -0.6702 0.4305
v 0.1988 -0.6580 0.4776
v 0.2099 -0.6509 0.4330
v 0.2089 -0.6292 0.4328
v 0.2045 -0.6306 0.4798
v 0.2021 -0.6007 0.4723
v 0.2042 -0.5978 0.4337
v 0.2089 -0.5912 0.4265
v 0.2101 -0.5738 0.4218
v 0.2073 -0.5636 0.4715
v 0.2062 -0.5577 0.4255
v 0.2110 -0.5369 0.4672
v 0.2055 -0.5297 0.4255
v 0.2033 -0.5218 0.4494
v 0.2062 -0.5210 0.4566
v 0.2016 -0.5187 0.4443
v 0.2037 -0.4974 0.4240
v 0.2024 -0.4904 0.4446
v 0.2031 -0.4707 0.4219
v 0.2023 -0.4838 0.4426
v 0.2064 -0.4600 0.4477
v 0.2048 -0.4377 0.4329
v 0.2080 -0.4574 0.4118
v 0.2114 -0.4210 0.4443
v 0.2078 -0.4160 0.4304
v 0.2079 -0.4084 0.4206
v 0.2075 -0.3853 0.4134
v 0.2075 -0.3509 0.4053
v 0.2073 -0.3535 0.4250
v 0.2033 0.1940 0.1494
v 0.2076 0.1987 0.1931
v 0.2036 0.2023 0.1419
v 0.2139 0.2133 0.2106
v 0.2087 0.2139 0.2179
v 0.2074 0.2165 0.2224
v 0.2073 0.2208 0.2272
v 0.2109 0.2274 0.2320
v 0.2068 0.2532 0.1390
v 0.2097 0.2408 0.2467
v 0.2092 0.2590 0.2632
v 0.2065 0.2656 0.1413
v 0.2135 0.2919 0.2851
v 0.2042 0.3376 0.2913
v 0.2051 0.3647 0.2142
v 0.2019 0.3714 0.2276
v 0.2118 0.3893 0.2493
v 0.2107 -0.9959 0.3547
v 0.2240 -0.9939 0.4111
v 0.2181 -0.9936 0.4187
v 0.2185 -0.9904 0.4994
v 0.2106 -0.9893 0.5029
v 0.2181 -0.9759 0.2481
v 0.2129 -0.9703 0.2444
v 0.2101 -0.9444 0.2960
v 0.2104 -0.9445 0.5317
v 0.2112 -0.9358 0.3894
v 0.2158 -0.9362 0.4532
v 0.2097 -0.9355 0.4590
v 0.2111 -0.8740 0.4615
v 0.2069 -0.8916 0.5261
v 0.2144 -0.8605 0.5222
v 0.2185 -0.8371 0.5199
v 0.2136 -0.7786 0.4463
v 0.2156 -0.7310 0.4394
v 0.2145 -0.7175 0.4376
v 0.2088 -0.6999 0.4380
v 0.2103 -0.6770 0.4339
v 0.2125 -0.6606 0.4920
v 0.2171 -0.6315 0.4893
v 0.2073 -0.6344 0.4830
v 0.2135 -0.6207 0.4858
v 0.2095 -0.5948 0.4800
v 0.2101 -0.5806 0.4784
v 0.2123 -0.5343 0.4160
v 0.2127 -0.5150 0.4647
v 0.2152 -0.5047 0.4083
v 0.2110 -0.4921 0.4105
v 0.2163 -0.4754 0.4026
v 0.2106 -0.4645 0.4561
v 0.2236 -0.4414 0.3933
v 0.2089 -0.4335 0.4129
v 0.2153 -0.4395 0.4003
v 0.2111 -0.4180 0.4079
v 0.2160 -0.4076 0.3980
v 0.2113 -0.3645 0.3961
v 0.2058 -0.3711 0.4209
v 0.2113 -0.3398 0.3935
v 0.2197 -0.3497 0.3830
v 0.2151 -0.3530 0.4395
v 0.2097 -0.3055 0.3967
v 0.2091 -0.3130 0.4175
v 0.2120 -0.3027 0.4212
v 0.2105 -0.2987 0.3940
v 0.2088 -0.3020 0.4067
v 0.2158 -0.2811 0.4260
v 0.2104 -0.2718 0.4120
v 0.2085 -0.2555 0.3947
v 0.2071 -0.2593 0.3978
v 0.2114 -0.2497 0.4082
v 0.2110 -0.2422 0.3865
v 0.2132 -0.2005 0.3861
v 0.2133 -0.1940 0.3877
v 0.2134 -0.1538 0.3952
v 0.2128 -0.1592 0.3768
v 0.2127 -0.1472 0.3759
v 0.2138 -0.1347 0.3891
v 0.2140 -0.1240 0.3774
v 0.1968 0.1777 0.1642
v 0.2095 0.2013 0.1637
v 0.2118 0.2146 0.1526
v 0.2077 0.2221 0.2285
v 0.2178 0.2278 0.1576
v 0.2053 0.2432 0.2515
v 0.2083 0.2682 0.2709
v 0.2135 0.2756 0.1498
v 0.2188 0.2773 0.2768
v 0.2066 0.2893 0.1516
v 0.2052 0.3215 0.2908
v 0.2013 0.3312 0.2891
v 0.2079 0.3337 0.1847
v 0.2162 0.3500 0.3081
v 0.2105 0.3601 0.2992
v 0.2133 0.3811 0.2306
v 0.2072 0.3714 0.2897
v 0.2162 0.3949 0.2543
v 0.2179 0.4037 0.3239
v 0.2108 0.3923 0.2771
v 0.2142 -0.9963 0.3644
v 0.2180 -0.9878 0.2999
v 0.2253 -0.9959 0.3660
v 0.2157 -0.9942 0.4740
v 0.2245 -0.9803 0.2638
v 0.2214 -0.9882 0.5108
v 0.2221 -0.9693 0.5572
v 0.2139 -0.9619 0.5567
v 0.2195 -0.9653 0.2398
v 0.2222 -0.9612 0.2398
v 0.2200 -0.9533 0.2500
v 0.2101 -0.9381 0.3383
v 0.2277 -0.9364 0.4516
v 0.2192 -0.9273 0.4638
v 0.2207 -0.8937 0.4625
v 0.2257 -0.9190 0.5324
v 0.2174 -0.8899 0.4620
v 0.2177 -0.8460 0.4563
v 0.2227 -0.8406 0.4548
v 0.2114 -0.8114 0.4506
v 0.2167 -0.8067 0.5162
v 0.2296 -0.7940 0.4461
v 0.2167 -0.7794 0.5127
v 0.2147 -0.7431 0.5044
v 0.2241 -0.7424 0.4378
v 0.2098 -0.7258 0.4990
v 0.2114 -0.7004 0.4972
v 0.2185 -0.6971 0.4322
v 0.2200 -0.6812 0.4981
v 0.2192 -0.6293 0.4248
v 0.2157 -0.6146 0.4864
v 0.2224 -0.6064 0.4201
v 0.2126 -0.4755 0.4603
v 0.2185 -0.4563 0.4617
v 0.2175 -0.4289 0.3988
v 0.2203 -0.4141 0.3943
v 0.2098 -0.4018 0.4368
v 0.2100 -0.3773 0.4365
v 0.2204 -0.3686 0.3854
v 0.2128 -0.3913 0.3989
v 0.2233 -0.3565 0.3808
v 0.2254 -0.3348 0.3769
v 0.2196 -0.3247 0.4379
v 0.2200 -0.3084 0.4353
v 0.2155 -0.2867 0.3825
v 0.2203 -0.2930 0.3772
v 0.2182 -0.2604 0.3736
v 0.2193 -0.2582 0.4262
v 0.2156 -0.2279 0.4103
v 0.2172 -0.2365 0.3723
v 0.2191 -0.2145 0.3677
v 0.2140 -0.2096 0.4003
v 0.2175 -0.2038 0.3696
v 0.2150 -0.1946 0.3756
v 0.2153 -0.1897 0.3742
v 0.2182 -0.1893 0.3669
v 0.2217 -0.1649 0.4115
v 0.2142 -0.1879 0.3958
v 0.2222 -0.1661 0.3571
v 0.2184 -0.1321 0.3603
v 0.2145 -0.1517 0.3970
v 0.2193 -0.1337 0.4029
v 0.2145 -0.1047 0.3762
v 0.2148 -0.1089 0.3797
v 0.2239 -0.0913 0.4003
v 0.2192 -0.0939 0.3591
v 0.2187 -0.1225 0.3597
v 0.2221 -0.0740 0.3501
v 0.2207 -0.0768 0.3917
v 0.2172 -0.0582 0.3806
v 0.2158 -0.0385 0.3557
v 0.2152 -0.0683 0.3686
v 0.2243 -0.0482 0.3411
v 0.2150 -0.0362 0.3665
v 0.2194 -0.0190 0.3465
v 0.2184 -0.0452 0.3827
v 0.2186 0.0153 0.3511
v 0.2197 0.0350 0.3480
v 0.2196 0.0410 0.3624
v 0.2145 0.2067 0.1874
v 0.2179 0.2186 0.1660
v 0.2201 0.2291 0.2254
v 0.2156 0.2378 0.1497
v 0.2181 0.2427 0.2445
v 0.2241 0.2841 0.1607
v 0.2199 0.2840 0.2826
v 0.2131 0.2946 0.1577
v 0.2208 0.2909 0.2888
v 0.2206 0.2985 0.2942
v 0.2263 0.3027 0.1696
v 0.2123 0.3074 0.2914
v 0.2163 0.3104 0.1688
v 0.2194 0.3190 0.1753
v 0.2083 0.3460 0.2961
v 0.2285 0.3336 0.1850
v 0.2141 0.3583 0.2038
v 0.2184 0.3793 0.3255
v 0.2196 0.3846 0.2308
v 0.2189 0.3937 0.2469
v 0.2154 0.4049 0.3168
v 0.2223 0.4136 0.3293
v 0.2092 0.3878 0.2867
v 0.2185 0.4105 0.2744
v 0.2185 0.4204 0.3057
v 0.2186 0.4193 0.2936
v 0.2369 -0.9904 0.3248
v 0.2267 -0.9948 0.3442
v 0.2324 -0.9930 0.4100
v 0.2268 -0.9937 0.4657
v 0.2282 -0.9934 0.4712
v 0.2250 -0.9839 0.2816
v 0.2309 -0.9849 0.2891
v 0.2190 -0.9748 0.5499
v 0.2275 -0.9474 0.2723
v 0.2255 -0.9473 0.5364
v 0.2130 -0.9465 0.2782
v 0.2204 -0.9406 0.5327
v 0.2254 -0.9386 0.3281
v 0.2343 -0.9368 0.4392
v 0.2158 -0.9356 0.3663
v 0.2227 -0.9353 0.4039
v 0.2190 -0.8847 0.5281
v 0.2282 -0.8568 0.4578
v 0.2114 -0.8499 0.5199
v 0.2318 -0.8410 0.4552
v 0.2203 -0.8166 0.5180
v 0.2351 -0.8177 0.4522
v 0.2314 -0.7778 0.5127
v 0.2231 -0.7590 0.5098
v 0.2266 -0.7350 0.4377
v 0.2257 -0.7287 0.5050
v 0.2247 -0.7154 0.5034
v 0.2310 -0.7051 0.4318
v 0.2380 -0.6948 0.4303
v 0.2238 -0.6574 0.4259
v 0.2308 -0.6408 0.4228
v 0.2243 -0.5907 0.4871
v 0.2314 -0.6179 0.4915
v 0.2160 -0.5997 0.4853
v 0.2197 -0.5749 0.4149
v 0.2245 -0.5855 0.4862
v 0.2224 -0.5698 0.4133
v 0.2214 -0.5633 0.4814
v 0.2176 -0.5300 0.4102
v 0.2314 -0.5357 0.4047
v 0.2228 -0.5362 0.4758
v 0.2213 -0.5117 0.4705
v 0.2213 -0.4914 0.4016
v 0.2225 -0.4803 0.4676
v 0.2183 -0.4545 0.3985
v 0.2233 -0.4319 0.4599
v 0.2220 -0.3978 0.4529
v 0.2212 -0.3800 0.3867
v 0.2169 -0.3540 0.4423
v 0.2269 -0.3341 0.4457
v 0.2263 -0.2914 0.3719
v 0.2299 -0.2727 0.4375
v 0.2252 -0.2566 0.3664
v 0.2204 -0.2351 0.4214
v 0.2258 -0.2283 0.3622
v 0.2248 -0.2311 0.4249
v 0.2277 -0.2014 0.4219
v 0.2215 -0.2052 0.3641
v 0.2215 -0.1941 0.4135
v 0.2237 -0.1787 0.3581
v 0.2262 -0.1469 0.3521
v 0.2251 -0.1455 0.4119
v 0.2400 -0.1188 0.3390
v 0.2271 -0.1207 0.4097
v 0.2347 -0.1123 0.3414
v 0.2225 -0.1218 0.4047
v 0.2256 -0.0795 0.3994
v 0.2245 -0.0587 0.3434
v 0.2291 -0.0580 0.4001
v 0.2304 -0.0264 0.3317
v 0.2338 -0.0371 0.4004
v 0.2247 -0.0147 0.3372
v 0.2266 -0.0192 0.3892
v 0.2259 -0.0040 0.3348
v 0.2196 0.0159 0.3679
v 0.2271 0.0030 0.3320
v 0.2257 0.0025 0.3837
v 0.2262 0.0137 0.3328
v 0.2193 0.0327 0.3616
v 0.2201 0.0253 0.3669
v 0.2202 0.0567 0.3457
v 0.2222 0.0670 0.3643
v 0.2278 0.0699 0.3759
v 0.2219 0.0679 0.3379
v 0.2237 0.0969 0.3340
v 0.2281 0.1011 0.3683
v 0.2226 0.1545 0.3424
v 0.2237 0.1166 0.3517
v 0.2221 0.1612 0.3353
v 0.2226 0.1745 0.3291
v 0.2227 0.1645 0.3436
v 0.2234 0.1793 0.3265
v 0.2250 0.1878 0.3469
v 0.2255 0.2128 0.3374
v 0.2226 0.2186 0.1944
v 0.2127 0.2033 0.1785
v 0.2257 0.2200 0.3245
v 0.2227 0.2220 0.2073
v 0.2260 0.2241 0.3264
v 0.2255 0.2249 0.1794
v 0.2259 0.2387 0.2321
v 0.2227 0.2498 0.2499
v 0.2250 0.2563 0.2553
v 0.2271 0.2719 0.2717
v 0.2320 0.2792 0.1675
v 0.2277 0.2859 0.2914
v 0.2250 0.2927 0.2950
v 0.2252 0.2976 0.3007
v 0.2254 0.3055 0.3066
v 0.2268 0.3144 0.3149
v 0.2218 0.3110 0.3025
v 0.2216 0.3303 0.3096
v 0.2322 0.3500 0.1960
v 0.2261 0.3550 0.3290
v 0.2237 0.3703 0.3321
v 0.2219 0.3931 0.3349
v 0.2186 0.3735 0.2170
v 0.2372 -0.9923 0.3374
v 0.2360 -0.9930 0.3930
v 0.2345 -0.9894 0.3166
v 0.2437 -0.9852 0.4968
v 0.2249 -0.9813 0.5317
v 0.2320 -0.9620 0.5554
v 0.2354 -0.9418 0.3120
v 0.2253 -0.9394 0.3194
v 0.2275 -0.9357 0.3726
v 0.2314 -0.9368 0.4502
v 0.2160 -0.9221 0.5332
v 0.2199 -0.9357 0.4245
v 0.2303 -0.9355 0.4560
v 0.2394 -0.9111 0.4731
v 0.2327 -0.8989 0.5274
v 0.2359 -0.8892 0.4662
v 0.2262 -0.8670 0.5249
v 0.2285 -0.8820 0.4617
v 0.2381 -0.8770 0.5228
v 0.2268 -0.8009 0.5162
v 0.2347 -0.8056 0.5155
v 0.2308 -0.7755 0.4439
v 0.2393 -0.7144 0.4331
v 0.2319 -0.7104 0.5027
v 0.2337 -0.6801 0.4280
v 0.2221 -0.6781 0.4985
v 0.2342 -0.6665 0.4259
v 0.2293 -0.6514 0.4953
v 0.2313 -0.6464 0.4949
v 0.2263 -0.6276 0.4919
v 0.2296 -0.6186 0.4200
v 0.2332 -0.6084 0.4178
v 0.2358 -0.5631 0.4092
v 0.2257 -0.5514 0.4088
v 0.2302 -0.5457 0.4796
v 0.2294 -0.4758 0.3959
v 0.2308 -0.4304 0.3894
v 0.2383 -0.4116 0.3844
v 0.2314 -0.3968 0.3842
v 0.2273 -0.3588 0.4508
v 0.2318 -0.3472 0.3758
v 0.2381 -0.3286 0.4500
v 0.2270 -0.3072 0.3736
v 0.2315 -0.2735 0.3658
v 0.2374 -0.2545 0.3604
v 0.2249 -0.2362 0.3629
v 0.2289 -0.1932 0.3553
v 0.2375 -0.1762 0.3484
v 0.2281 -0.0958 0.4058
v 0.2283 -0.0985 0.3460
v 0.2384 -0.0943 0.4140
v 0.2362 -0.0648 0.4073
v 0.2290 -0.0631 0.3396
v 0.2334 -0.0648 0.3361
v 0.2290 -0.0222 0.3333
v 0.2309 -0.0083 0.3301
v 0.2333 0.0235 0.3891
v 0.2269 0.0403 0.3792
v 0.2300 0.0430 0.3261
v 0.2312 0.0662 0.3219
v 0.2323 0.0807 0.3194
v 0.2209 0.0693 0.3623
v 0.2310 0.0961 0.3733
v 0.2305 0.1264 0.3173
v 0.2239 0.1125 0.3341
v 0.2321 0.1511 0.3114
v 0.2264 0.1618 0.3556
v 0.2288 0.1531 0.3161
v 0.2324 0.1909 0.3066
v 0.2308 0.2001 0.3553
v 0.2304 0.2029 0.3095
v 0.2310 0.2148 0.3075
v 0.2280 0.2285 0.3411
v 0.2320 0.2086 0.3550
v 0.2319 0.2323 0.3487
v 0.2296 0.2425 0.1687
v 0.2249 0.2243 0.3224
v 0.2315 0.2510 0.2434
v 0.2254 0.2573 0.1593
v 0.2310 0.2481 0.1706
v 0.2312 0.2529 0.3037
v 0.2306 0.2595 0.3388
v 0.2328 0.2629 0.1687
v 0.2268 0.2544 0.3226
v 0.2320 0.2730 0.2731
v 0.2302 0.2765 0.3009
v 0.2320 0.2711 0.3408
v 0.2275 0.2743 0.3136
v 0.2296 0.2897 0.3278
v 0.2327 0.2967 0.1720
v 0.2311 0.3112 0.1755
v 0.2308 0.3073 0.3279
v 0.2296 0.3284 0.3253
v 0.2309 0.3421 0.1921
v 0.2309 0.3650 0.2072
v 0.2333 0.3723 0.3439
v 0.2327 0.3837 0.2244
v 0.2278 0.4056 0.2500
v 0.2310 0.4222 0.2609
v 0.2312 0.4154 0.3416
v 0.2350 0.4380 0.2726
v 0.2263 0.4279 0.2768
v 0.2291 0.4379 0.2910
v 0.2357 0.4491 0.2995
v 0.2249 -0.9931 0.4815
v 0.2357 -0.9834 0.5167
v 0.2363 -0.9737 0.5439
v 0.2345 -0.9664 0.2457
v 0.2257 -0.9634 0.5574
v 0.2368 -0.9546 0.2589
v 0.2398 -0.9487 0.2793
v 0.2416 -0.9414 0.3303
v 0.2365 -0.9362 0.4025
v 0.2299 -0.9353 0.4105
v 0.2371 -0.9373 0.4585
v 0.2373 -0.9358 0.4647
v 0.2450 -0.9295 0.4781
v 0.2385 -0.9358 0.5280
v 0.2410 -0.8982 0.5221
v 0.2334 -0.9151 0.4695
v 0.2401 -0.8707 0.4649
v 0.2424 -0.8470 0.4605
v 0.2381 -0.7992 0.4494
v 0.2397 -0.7921 0.4496
v 0.2315 -0.7611 0.5102
v 0.2351 -0.7333 0.4371
v 0.2276 -0.6908 0.5010
v 0.2358 -0.6851 0.4997
v 0.2368 -0.6728 0.4267
v 0.2329 -0.6595 0.4964
v 0.2434 -0.6523 0.4251
v 0.2387 -0.6188 0.4193
v 0.2291 -0.5815 0.4126
v 0.2333 -0.5758 0.4860
v 0.2338 -0.5677 0.4841
v 0.2461 -0.5481 0.4068
v 0.2421 -0.5392 0.4046
v 0.2421 -0.5285 0.4019
v 0.2317 -0.5132 0.4745
v 0.2410 -0.5040 0.3984
v 0.2368 -0.4895 0.4719
v 0.2326 -0.4620 0.3932
v 0.2480 -0.4766 0.3954
v 0.2468 -0.4199 0.3854
v 0.2218 -0.4110 0.4558
v 0.2380 -0.4109 0.3838
v 0.2372 -0.4138 0.4621
v 0.2350 -0.3972 0.4594
v 0.2362 -0.4055 0.3841
v 0.2347 -0.3845 0.4578
v 0.2380 -0.3540 0.3759
v 0.2387 -0.3329 0.4499
v 0.2342 -0.3025 0.4442
v 0.2388 -0.2925 0.3663
v 0.2273 -0.2601 0.4344
v 0.2423 -0.2294 0.4348
v 0.2326 -0.2336 0.4315
v 0.2335 -0.2206 0.3558
v 0.2357 -0.1641 0.3479
v 0.2319 -0.1626 0.4200
v 0.2330 -0.1457 0.3472
v 0.2397 -0.1341 0.3427
v 0.2427 -0.1471 0.4240
v 0.2312 -0.1306 0.4153
v 0.2307 -0.0638 0.4027
v 0.2437 -0.0585 0.3294
v 0.2446 -0.0322 0.3251
v 0.2401 -0.0084 0.3990
v 0.2373 -0.0115 0.3253
v 0.2380 0.0485 0.3179
v 0.2334 0.0763 0.3807
v 0.2406 0.0876 0.3103
v 0.2391 0.0924 0.3826
v 0.2322 0.0969 0.3177
v 0.2349 0.1171 0.3111
v 0.2338 0.1080 0.3745
v 0.2404 0.1498 0.3022
v 0.2370 0.1598 0.3049
v 0.2327 0.1527 0.3660
v 0.2395 0.1783 0.3004
v 0.2334 0.1822 0.3622
v 0.2401 0.2135 0.2949
v 0.2442 0.2359 0.2872
v 0.2329 0.2354 0.2063
v 0.2347 0.2392 0.1918
v 0.2358 0.2395 0.2097
v 0.2328 0.2429 0.2285
v 0.2340 0.2315 0.3005
v 0.2348 0.2490 0.3498
v 0.2378 0.2468 0.2244
v 0.2301 0.2663 0.2643
v 0.2393 0.2661 0.3508
v 0.2375 0.2599 0.2912
v 0.2398 0.2732 0.2773
v 0.2355 0.2721 0.2893
v 0.2298 0.2719 0.1640
v 0.2342 0.3333 0.1878
v 0.2341 0.3507 0.3385
v 0.2281 0.3926 0.2359
v 0.2328 0.3965 0.3467
v 0.2349 0.4013 0.2404
v 0.2348 0.4081 0.2458
v 0.2387 0.4251 0.3437
v 0.2392 0.4290 0.2572
v 0.2278 0.4319 0.3224
v 0.2421 0.4432 0.3306
v 0.2335 0.4443 0.3106
v 0.2459 0.4516 0.3218
v 0.2406 -0.9909 0.4311
v 0.2427 -0.9903 0.4390
v 0.2417 -0.9786 0.2754
v 0.2436 -0.9889 0.4681
v 0.2472 -0.9794 0.5126
v 0.2488 -0.9727 0.5268
v 0.2449 -0.9633 0.5397
v 0.2447 -0.9632 0.2609
v 0.2379 -0.9524 0.5370
v 0.2442 -0.9450 0.3062
v 0.2350 -0.9416 0.3112
v 0.2384 -0.9454 0.5297
v 0.2434 -0.9404 0.3518
v 0.2384 -0.9378 0.3678
v 0.2302 -0.9358 0.3699
v 0.2394 -0.8819 0.5217
v 0.2473 -0.8668 0.4708
v 0.2413 -0.8512 0.5186
v 0.2364 -0.8266 0.5173
v 0.2372 -0.8337 0.4556
v 0.2487 -0.7882 0.4553
v 0.2470 -0.7785 0.4515
v 0.2462 -0.7459 0.4435
v 0.2387 -0.7434 0.5063
v 0.2470 -0.7368 0.5018
v 0.2456 -0.7242 0.4387
v 0.2442 -0.7074 0.4353
v 0.2520 -0.6796 0.4348
v 0.2481 -0.6419 0.4251
v 0.2399 -0.6339 0.4930
v 0.2435 -0.5901 0.4864
v 0.2485 -0.5545 0.4798
v 0.2494 -0.5339 0.4774
v 0.2373 -0.5069 0.4742
v 0.2472 -0.4930 0.3977
v 0.2368 -0.4872 0.3959
v 0.2327 -0.4638 0.4686
v 0.2437 -0.4623 0.4680
v 0.2456 -0.4555 0.4678
v 0.2471 -0.4460 0.3904
v 0.2324 -0.4425 0.4657
v 0.2490 -0.3970 0.3819
v 0.2436 -0.3591 0.3761
v 0.2440 -0.3083 0.3679
v 0.2309 -0.2883 0.4410
v 0.2450 -0.2787 0.3634
v 0.2503 -0.2389 0.3556
v 0.2406 -0.2100 0.4319
v 0.2429 -0.1948 0.3488
v 0.2486 -0.2023 0.4326
v 0.2512 -0.1700 0.3449
v 0.2396 -0.1762 0.4262
v 0.2546 -0.1458 0.3420
v 0.2429 -0.1338 0.3419
v 0.2405 -0.1210 0.4193
v 0.2309 -0.0842 0.3401
v 0.2343 -0.0225 0.3979
v 0.2336 -0.0051 0.3941
v 0.2373 0.0098 0.3221
v 0.2431 0.0251 0.3172
v 0.2440 0.0464 0.3932
v 0.2425 0.0794 0.3107
v 0.2419 0.0614 0.3895
v 0.2436 0.1049 0.3058
v 0.2297 0.1200 0.3677
v 0.2420 0.1112 0.3816
v 0.2352 0.1441 0.3703
v 0.2399 0.1625 0.3712
v 0.2376 0.1882 0.3652
v 0.2361 0.2094 0.3602
v 0.2516 0.2491 0.2793
v 0.2454 0.2501 0.3600
v 0.2416 0.2587 0.2418
v 0.2515 0.2727 0.2508
v 0.2466 0.2665 0.2788
v 0.2381 0.2603 0.1781
v 0.2458 0.2762 0.1871
v 0.2461 0.2874 0.1841
v 0.2344 0.2930 0.3390
v 0.2444 0.3039 0.1841
v 0.2416 0.3082 0.3453
v 0.2401 0.3258 0.3418
v 0.2444 0.3350 0.1930
v 0.2485 0.3411 0.1973
v 0.2470 0.3546 0.3503
v 0.2435 0.3663 0.2096
v 0.2429 0.4020 0.3551
v 0.2548 0.4188 0.2408
v 0.2385 0.4048 0.2399
v 0.2445 0.4254 0.3484
v 0.2370 0.4314 0.3378
v 0.2470 0.4471 0.2683
v 0.2402 0.4478 0.2802
v 0.2445 -0.9908 0.3702
v 0.2465 -0.9894 0.4176
v 0.2589 -0.9763 0.3119
v 0.2460 -0.9870 0.3239
v 0.2488 -0.9796 0.2945
v 0.2474 -0.9740 0.2750
v 0.2430 -0.9703 0.5394
v 0.2439 -0.9698 0.2591
v 0.2476 -0.9476 0.2968
v 0.2479 -0.9423 0.3495
v 0.2452 -0.9354 0.4746
v 0.2482 -0.9410 0.5161
v 0.2546 -0.9414 0.4145
v 0.2496 -0.9210 0.5115
v 0.2459 -0.9263 0.5199
v 0.2486 -0.8944 0.5120
v 0.2465 -0.9006 0.4794
v 0.2498 -0.8896 0.4831
v 0.2454 -0.8598 0.5155
v 0.2469 -0.8417 0.5127
v 0.2499 -0.8362 0.4642
v 0.2499 -0.8374 0.5092
v 0.2458 -0.8069 0.5097
v 0.2477 -0.7995 0.5071
v 0.2483 -0.7910 0.5062
v 0.2479 -0.7659 0.5043
v 0.2496 -0.7337 0.4986
v 0.2485 -0.7264 0.4985
v 0.2450 -0.6538 0.4931
v 0.2539 -0.6494 0.4298
v 0.2436 -0.6356 0.4226
v 0.2480 -0.6115 0.4201
v 0.2450 -0.5642 0.4815
v 0.2441 -0.5815 0.4137
v 0.2508 -0.5624 0.4117
v 0.2491 -0.5192 0.4742
v 0.2615 -0.4860 0.4020
v 0.2522 -0.4209 0.4628
v 0.2508 -0.3859 0.4577
v 0.2412 -0.3800 0.3788
v 0.2416 -0.3363 0.3720
v 0.2483 -0.2873 0.4448
v 0.2583 -0.2796 0.3644
v 0.2472 -0.2556 0.3594
v 0.2451 -0.2461 0.4380
v 0.2500 -0.2338 0.4363
v 0.2446 -0.2270 0.3537
v 0.2554 -0.1461 0.4250
v 0.2564 -0.1088 0.3352
v 0.2455 -0.0864 0.3333
v 0.2557 -0.0841 0.4181
v 0.2442 -0.0809 0.4144
v 0.2515 -0.0686 0.4140
v 0.2482 -0.0344 0.3242
v 0.2608 0.0145 0.3122
v 0.2400 0.0375 0.3925
v 0.2533 0.0799 0.3055
v 0.2534 0.1087 0.3881
v 0.2440 0.1168 0.3030
v 0.2489 0.1243 0.2995
v 0.2524 0.1471 0.2956
v 0.2525 0.1662 0.2937
v 0.2478 0.1897 0.3717
v 0.2482 0.1998 0.2907
v 0.2533 0.2254 0.3705
v 0.2441 0.2358 0.3624
v 0.2439 0.2518 0.2088
v 0.2403 0.2541 0.1876
v 0.2521 0.2695 0.3597
v 0.2514 0.2800 0.1977
v 0.2538 0.2706 0.3605
v 0.2526 0.3092 0.1928
v 0.2460 0.3197 0.1886
v 0.2399 0.3279 0.3425
v 0.2604 0.3367 0.2033
v 0.2404 0.3364 0.3428
v 0.2485 0.3491 0.3505
v 0.2339 0.3946 0.3488
v 0.2426 0.3872 0.2264
v 0.2460 0.4153 0.3535
v 0.2472 0.4368 0.2566
v 0.2495 -0.9866 0.4672
v 0.2587 -0.9705 0.2970
v 0.2530 -0.9688 0.2803
v 0.2553 -0.9675 0.5151
v 0.2507 -0.9614 0.5280
v 0.2529 -0.9573 0.2808
v 0.2573 -0.9558 0.2980
v 0.2527 -0.9486 0.3088
v 0.2487 -0.9450 0.3161
v 0.2526 -0.9446 0.4735
v 0.2533 -0.9444 0.3572
v 0.2518 -0.9416 0.3802
v 0.2502 -0.9397 0.4217
v 0.2550 -0.9427 0.4311
v 0.2478 -0.9408 0.4478
v 0.2525 -0.9424 0.4929
v 0.2509 -0.9351 0.5072
v 0.2510 -0.9161 0.4962
v 0.2509 -0.9016 0.5034
v 0.2509 -0.8922 0.5072
v 0.2512 -0.9023 0.4935
v 0.2527 -0.8784 0.5008
v 0.2501 -0.8759 0.5092
v 0.2548 -0.8647 0.4871
v 0.2479 -0.8854 0.4769
v 0.2545 -0.8667 0.4973
v 0.2525 -0.8653 0.5040
v 0.2538 -0.8508 0.5039
v 0.2517 -0.8558 0.4727
v 0.2560 -0.8406 0.4781
v 0.2560 -0.8322 0.4751
v 0.2542 -0.7930 0.4630
v 0.2537 -0.8237 0.4681
v 0.2546 -0.8011 0.4980
v 0.2575 -0.8045 0.4731
v 0.2538 -0.7674 0.4560
v 0.2549 -0.7627 0.4953
v 0.2460 -0.7599 0.4457
v 0.2561 -0.7402 0.4925
v 0.2525 -0.7379 0.4461
v 0.2549 -0.7126 0.4900
v 0.2455 -0.7026 0.4969
v 0.2523 -0.6840 0.4899
v 0.2562 -0.6656 0.4858
v 0.2560 -0.6452 0.4860
v 0.2613 -0.6290 0.4319
v 0.2571 -0.6191 0.4263
v 0.2469 -0.6164 0.4893
v 0.2562 -0.5885 0.4206
v 0.2519 -0.5968 0.4831
v 0.2576 -0.5739 0.4188
v 0.2525 -0.5130 0.4016
v 0.2526 -0.5107 0.4721
v 0.2488 -0.4809 0.4689
v 0.2543 -0.4021 0.3836
v 0.2490 -0.3723 0.4555
v 0.2474 -0.3483 0.4525
v 0.2591 -0.3389 0.3752
v 0.2556 -0.3383 0.4500
v 0.2536 -0.3050 0.3672
v 0.2561 -0.2912 0.3655
v 0.2592 -0.2906 0.4442
v 0.2508 -0.2537 0.4399
v 0.2552 -0.2071 0.3495
v 0.2589 -0.1891 0.3469
v 0.2486 -0.1969 0.4319
v 0.2587 -0.1405 0.3417
v 0.2523 -0.1091 0.3353
v 0.2488 -0.1046 0.4200
v 0.2608 -0.0911 0.3318
v 0.2530 -0.0794 0.3302
v 0.2636 -0.0762 0.3295
v 0.2574 -0.0635 0.3275
v 0.2692 -0.0398 0.3243
v 0.2579 -0.0122 0.3183
v 0.2522 0.0074 0.4024
v 0.2470 0.0103 0.3156
v 0.2546 0.0256 0.3124
v 0.2582 0.0317 0.3103
v 0.2552 0.0524 0.3961
v 0.2511 0.0749 0.3916
v 0.2627 0.0497 0.3077
v 0.2483 0.0950 0.3880
v 0.2536 0.1051 0.3000
v 0.2430 0.1367 0.3781
v 0.2587 0.1373 0.3853
v 0.2503 0.1630 0.3769
v 0.2634 0.1743 0.2898
v 0.2539 0.1865 0.2902
v 0.2524 0.2374 0.2817
v 0.2555 0.2778 0.2121
v 0.2509 0.2666 0.2318
v 0.2604 0.2832 0.2586
v 0.2556 0.2770 0.2678
v 0.2441 0.2896 0.3513
v 0.2399 0.2889 0.3475
v 0.2557 0.3202 0.3543
v 0.2579 0.3500 0.2062
v 0.2556 0.3581 0.2093
v 0.2560 0.3619 0.2115
v 0.2597 0.3673 0.2162
v 0.2577 0.3971 0.2310
v 0.2522 0.4309 0.3506
v 0.2547 0.4299 0.2472
v 0.2626 0.4368 0.2480
v 0.2535 0.4411 0.3431
v 0.2588 -0.9829 0.3698
v 0.2579 -0.9844 0.4024
v 0.2571 -0.9843 0.4250
v 0.2599 -0.9827 0.3644
v 0.2623 -0.9762 0.4637
v 0.2567 -0.9767 0.4925
v 0.2577 -0.9624 0.2918
v 0.2613 -0.9622 0.4915
v 0.2567 -0.9614 0.5115
v 0.2562 -0.9704 0.5092
v 0.2557 -0.9505 0.4979
v 0.2595 -0.9510 0.3320
v 0.2599 -0.9494 0.3499
v 0.2613 -0.9489 0.3676
v 0.2622 -0.9484 0.3799
v 0.2595 -0.9495 0.4604
v 0.2611 -0.9534 0.4693
v 0.2599 -0.9460 0.3861
v 0.2571 -0.9428 0.4025
v 0.2564 -0.8512 0.4909
v 0.2566 -0.8474 0.4837
v 0.2565 -0.8319 0.4967
v 0.2584 -0.8185 0.4825
v 0.2574 -0.8149 0.4917
v 0.2573 -0.8053 0.4915
v 0.2588 -0.7980 0.4879
v 0.2579 -0.7989 0.4889
v 0.2599 -0.7710 0.4827
v 0.2624 -0.7470 0.4677
v 0.2581 -0.7559 0.4893
v 0.2537 -0.7528 0.4972
v 0.2604 -0.7455 0.4833
v 0.2582 -0.7511 0.4892
v 0.2621 -0.7250 0.4770
v 0.2575 -0.7118 0.4465
v 0.2617 -0.7139 0.4766
v 0.2618 -0.7174 0.4585
v 0.2624 -0.7054 0.4568
v 0.2567 -0.7007 0.4859
v 0.2549 -0.7079 0.4427
v 0.2613 -0.6907 0.4504
v 0.2589 -0.6916 0.4805
v 0.2607 -0.6602 0.4396
v 0.2602 -0.6359 0.4814
v 0.2627 -0.6178 0.4312
v 0.2588 -0.5673 0.4741
v 0.2632 -0.5621 0.4205
v 0.2644 -0.5448 0.4159
v 0.2619 -0.5316 0.4097
v 0.2610 -0.5250 0.4078
v 0.2647 -0.5118 0.4077
v 0.2616 -0.4775 0.4016
v 0.2668 -0.4688 0.4039
v 0.2721 -0.4289 0.3997
v 0.2608 -0.4487 0.3958
v 0.2632 -0.4573 0.4594
v 0.2584 -0.4259 0.3894
v 0.2654 -0.3620 0.3829
v 0.2613 -0.3617 0.4500
v 0.2554 -0.3685 0.3792
v 0.2580 -0.3496 0.4505
v 0.2576 -0.3302 0.4488
v 0.2608 -0.3083 0.4463
v 0.2614 -0.3188 0.3714
v 0.2611 -0.2205 0.3529
v 0.2586 -0.2455 0.4371
v 0.2650 -0.2092 0.4328
v 0.2708 -0.1814 0.3495
v 0.2596 -0.1607 0.4269
v 0.2646 -0.1046 0.4212
v 0.2637 -0.0952 0.4200
v 0.2499 -0.0464 0.4091
v 0.2527 -0.0080 0.4044
v 0.2648 -0.0084 0.3175
v 0.2548 0.0140 0.4025
v 0.2714 0.0299 0.3108
v 0.2731 0.0629 0.3065
v 0.2620 0.1026 0.3908
v 0.2598 0.1221 0.2956
v 0.2733 0.1297 0.2920
v 0.2707 0.1391 0.3854
v 0.2619 0.1531 0.2922
v 0.2599 0.1763 0.3776
v 0.2630 0.1962 0.3760
v 0.2531 0.2110 0.2851
v 0.2532 0.2168 0.3709
v 0.2521 0.2463 0.3652
v 0.2708 0.2599 0.2728
v 0.2468 0.2582 0.2187
v 0.2616 0.3196 0.2030
v 0.2586 0.3279 0.2005
v 0.2650 0.3326 0.3573
v 0.2581 0.3793 0.2225
v 0.2754 0.3824 0.2282
v 0.2508 0.4073 0.3577
v 0.2621 0.4268 0.3560
v 0.2608 0.4386 0.3484
v 0.2588 0.4501 0.2627
v 0.2608 0.4510 0.3353
v 0.2709 0.4443 0.3470
v 0.2649 0.4642 0.2828
v 0.2725 -0.9658 0.3996
v 0.2624 -0.9812 0.4146
v 0.2689 -0.9722 0.4309
v 0.2704 -0.9693 0.4358
v 0.2634 -0.9765 0.3432
v 0.2680 -0.9737 0.3847
v 0.2656 -0.9740 0.4572
v 0.2622 -0.9609 0.3053
v 0.2619 -0.9724 0.4810
v 0.2633 -0.9605 0.4790
v 0.2666 -0.9580 0.3544
v 0.2663 -0.9572 0.4536
v 0.2681 -0.9614 0.3477
v 0.2678 -0.9583 0.3619
v 0.2666 -0.9512 0.3993
v 0.2680 -0.9556 0.4365
v 0.2645 -0.9486 0.4201
v 0.2663 -0.9510 0.4229
v 0.2622 -0.7386 0.4643
v 0.2626 -0.7162 0.4703
v 0.2619 -0.6954 0.4735
v 0.2629 -0.6965 0.4676
v 0.2657 -0.6559 0.4480
v 0.2643 -0.6786 0.4644
v 0.2632 -0.6672 0.4730
v 0.2691 -0.6448 0.4592
v 0.2642 -0.6638 0.4709
v 0.2685 -0.6426 0.4633
v 0.2674 -0.6181 0.4686
v 0.2646 -0.6337 0.4370
v 0.2647 -0.6123 0.4737
v 0.2603 -0.5954 0.4761
v 0.2703 -0.5999 0.4442
v 0.2680 -0.5871 0.4623
v 0.2677 -0.5801 0.4327
v 0.2657 -0.5578 0.4661
v 0.2677 -0.5507 0.4622
v 0.2619 -0.5484 0.4692
v 0.2674 -0.5349 0.4629
v 0.2658 -0.5269 0.4652
v 0.2691 -0.4258 0.4543
v 0.2704 -0.4279 0.3979
v 0.2667 -0.4034 0.3900
v 0.2641 -0.4150 0.4574
v 0.2736 -0.4008 0.3959
v 0.2654 -0.3846 0.4511
v 0.2643 -0.3427 0.3775
v 0.2696 -0.3011 0.3723
v 0.2714 -0.2565 0.3665
v 0.2672 -0.2728 0.4381
v 0.2682 -0.2144 0.3541
v 0.2681 -0.1920 0.3503
v 0.2711 -0.1857 0.4269
v 0.2733 -0.1522 0.3482
v 0.2710 -0.1341 0.3442
v 0.2695 -0.1107 0.3379
v 0.2714 -0.0744 0.4145
v 0.2582 -0.0571 0.4124
v 0.2643 -0.0398 0.4087
v 0.2687 -0.0371 0.4075
v 0.2712 -0.0325 0.3239
v 0.2684 -0.0061 0.4048
v 0.2739 0.0739 0.3053
v 0.2707 0.0958 0.2998
v 0.2757 0.1035 0.2984
v 0.2753 0.1334 0.2934
v 0.2598 0.1541 0.3816
v 0.2773 0.1636 0.3806
v 0.2755 0.1772 0.3780
v 0.2684 0.2108 0.2819
v 0.2605 0.2845 0.2233
v 0.2658 0.2903 0.2434
v 0.2583 0.3007 0.2020
v 0.2655 0.3003 0.2170
v 0.2718 0.3503 0.2171
v 0.2739 0.3661 0.2240
v 0.2612 0.3826 0.3605
v 0.2686 0.4183 0.3610
v 0.2780 0.4164 0.2366
v 0.2735 0.4269 0.2410
v 0.2454 0.4530 0.2759
v 0.2621 0.4616 0.2817
v 0.2682 -0.9736 0.3772
v 0.2717 -0.9640 0.4167
v 0.2681 -0.9673 0.4506
v 0.2693 -0.9627 0.3728
v 0.2702 -0.9576 0.4189
v 0.2688 -0.9621 0.4446
v 0.2692 -0.9550 0.4082
v 0.2690 -0.6320 0.4646
v 0.2695 -0.6280 0.4595
v 0.2702 -0.6264 0.4503
v 0.2697 -0.6106 0.4594
v 0.2702 -0.5958 0.4547
v 0.2722 -0.5610 0.4493
v 0.2707 -0.5715 0.4525
v 0.2753 -0.5347 0.4469
v 0.2749 -0.5431 0.4383
v 0.2722 -0.5592 0.4351
v 0.2722 -0.5377 0.4237
v 0.2742 -0.5160 0.4198
v 0.2723 -0.5125 0.4155
v 0.2634 -0.4896 0.4623
v 0.2745 -0.4702 0.4146
v 0.2660 -0.4781 0.4583
v 0.2663 -0.4689 0.4584
v 0.2734 -0.4543 0.4479
v 0.2779 -0.4330 0.4420
v 0.2748 -0.4365 0.4061
v 0.2734 -0.4217 0.4485
v 0.2721 -0.3956 0.4473
v 0.2755 -0.3718 0.3936
v 0.2707 -0.3670 0.3877
v 0.2760 -0.3417 0.3867
v 0.2655 -0.3284 0.3752
v 0.2734 -0.3160 0.3778
v 0.2591 -0.3159 0.4491
v 0.2768 -0.2917 0.4354
v 0.2713 -0.2520 0.4329
v 0.2689 -0.2419 0.3618
v 0.2759 -0.2316 0.3637
v 0.2684 -0.2256 0.4322
v 0.2744 -0.2016 0.3547
v 0.2813 -0.1824 0.3566
v 0.2737 -0.1635 0.4225
v 0.2713 -0.1376 0.4210
v 0.2784 -0.1285 0.3467
v 0.2739 -0.1008 0.3370
v 0.2748 -0.0955 0.3360
v 0.2726 -0.0571 0.3289
v 0.2787 -0.0410 0.4048
v 0.2822 -0.0411 0.3299
v 0.2767 -0.0069 0.3194
v 0.2716 0.0093 0.4035
v 0.2705 0.0174 0.4024
v 0.2652 0.0272 0.4020
v 0.2774 0.0421 0.3115
v 0.2665 0.0601 0.3960
v 0.2715 0.0997 0.3909
v 0.2738 0.0840 0.3025
v 0.2734 0.1066 0.3900
v 0.2604 0.1187 0.3890
v 0.2762 0.1654 0.2905
v 0.2728 0.1711 0.2888
v 0.2653 0.2113 0.2812
v 0.2713 0.2260 0.3740
v 0.2770 0.2436 0.2753
v 0.2785 0.2656 0.3653
v 0.2748 0.2782 0.2694
v 0.2741 0.2959 0.2559
v 0.2718 0.3007 0.2375
v 0.2648 0.2913 0.3601
v 0.2692 0.3084 0.2175
v 0.2752 0.3023 0.2463
v 0.2684 0.3122 0.3589
v 0.2737 0.3190 0.2211
v 0.2756 0.3361 0.2190
v 0.2624 0.3625 0.3582
v 0.2786 0.3716 0.3615
v 0.2787 0.4015 0.2329
v 0.2820 0.4427 0.2488
v 0.2851 0.4503 0.2574
v 0.2700 0.4571 0.3300
v 0.2731 0.4574 0.2673
v 0.2739 0.4657 0.3027
v 0.2592 0.4617 0.3131
v 0.2675 0.4620 0.3175
v 0.2760 -0.5296 0.4442
v 0.2785 -0.5150 0.4330
v 0.2750 -0.5165 0.4498
v 0.2741 -0.5043 0.4504
v 0.2779 -0.5046 0.4430
v 0.2741 -0.5039 0.4506
v 0.2784 -0.4790 0.4282
v 0.2766 -0.4792 0.4405
v 0.2766 -0.4659 0.4408
v 0.2767 -0.4603 0.4408
v 0.2739 -0.4428 0.4062
v 0.2796 -0.4354 0.4170
v 0.2798 -0.4298 0.4363
v 0.2762 -0.4167 0.4033
v 0.2718 -0.4158 0.4509
v 0.2815 -0.3834 0.4066
v 0.2751 -0.3849 0.4421
v 0.2731 -0.3767 0.4439
v 0.2800 -0.3616 0.3980
v 0.2823 -0.3573 0.4298
v 0.2834 -0.3266 0.3909
v 0.2831 -0.3156 0.4315
v 0.2697 -0.2993 0.4416
v 0.2783 -0.3194 0.3825
v 0.2730 -0.2834 0.3718
v 0.2754 -0.2675 0.4325
v 0.2826 -0.2599 0.3781
v 0.2795 -0.2495 0.3722
v 0.2831 -0.2237 0.3683
v 0.2760 -0.1991 0.4264
v 0.2770 -0.1937 0.4246
v 0.2792 -0.1516 0.4177
v 0.2858 -0.1092 0.3482
v 0.2771 -0.0977 0.4160
v 0.2863 -0.0857 0.4082
v 0.2750 -0.0863 0.4156
v 0.2812 -0.0714 0.4095
v 0.2804 -0.0503 0.3315
v 0.2834 -0.0112 0.3238
v 0.2856 -0.0303 0.3997
v 0.2852 0.0098 0.3195
v 0.2767 0.0407 0.3973
v 0.2719 0.0779 0.3929
v 0.2809 0.1046 0.3882
v 0.2741 0.1785 0.3778
v 0.2828 0.1996 0.2857
v 0.2868 0.1987 0.2871
v 0.2796 0.2109 0.2819
v 0.2832 0.2288 0.3714
v 0.2725 0.2599 0.3670
v 0.2807 0.2755 0.2711
v 0.2721 0.2885 0.2627
v 0.2755 0.3081 0.2354
v 0.2897 0.3705 0.2335
v 0.2773 0.4286 0.3584
v 0.2820 0.4395 0.3512
v 0.2858 0.4557 0.2648
v 0.2796 0.4587 0.3274
v 0.2815 -0.4186 0.4153
v 0.2798 -0.4466 0.4274
v 0.2811 -0.4244 0.4304
v 0.2827 -0.4019 0.4250
v 0.2819 -0.4051 0.4288
v 0.2796 -0.4020 0.4371
v 0.2828 -0.3890 0.4280
v 0.2794 -0.3758 0.4006
v 0.2840 -0.3708 0.4186
v 0.2755 -0.3662 0.4405
v 0.2855 -0.3486 0.4100
v 0.2831 -0.3556 0.4260
v 0.2873 -0.3403 0.4111
v 0.2761 -0.3499 0.4390
v 0.2871 -0.3127 0.3949
v 0.2854 -0.2910 0.4245
v 0.2851 -0.3056 0.4269
v 0.2838 -0.2978 0.3852
v 0.2862 -0.2646 0.3833
v 0.2792 -0.2591 0.4274
v 0.2899 -0.2172 0.3770
v 0.2735 -0.2503 0.4321
v 0.2831 -0.2160 0.3659
v 0.2876 -0.1775 0.4127
v 0.2838 -0.1647 0.3577
v 0.2829 -0.1197 0.4137
v 0.2804 -0.1076 0.4154
v 0.2889 -0.0822 0.3442
v 0.2862 -0.0616 0.4037
v 0.2803 -0.0781 0.3362
v 0.2898 -0.0208 0.3313
v 0.2844 0.0487 0.3137
v 0.2858 0.0580 0.3901
v 0.2902 0.0602 0.3154
v 0.2886 0.0978 0.3055
v 0.2926 0.1103 0.3048
v 0.2890 0.1752 0.2927
v 0.2879 0.2355 0.2794
v 0.2755 0.2304 0.3735
v 0.2873 0.2479 0.2768
v 0.2884 0.2740 0.3614
v 0.2899 0.2981 0.2670
v 0.2857 0.3113 0.2541
v 0.2890 0.3172 0.2534
v 0.2812 0.3167 0.2388
v 0.2802 0.3329 0.3578
v 0.2809 0.3302 0.2285
v 0.2862 0.3513 0.2315
v 0.2883 0.3662 0.3600
v 0.2670 0.3898 0.3632
v 0.2691 0.4010 0.3636
v 0.2834 0.4421 0.2503
v 0.2913 0.4376 0.3515
v 0.2966 0.4455 0.3436
v 0.2867 -0.3348 0.4208
v 0.2900 -0.3129 0.4100
v 0.2873 -0.3311 0.4177
v 0.2870 -0.3178 0.4232
v 0.2902 -0.3051 0.4112
v 0.2909 -0.2857 0.4040
v 0.2866 -0.2703 0.4192
v 0.2908 -0.2368 0.4060
v 0.2865 -0.2586 0.4171
v 0.2897 -0.2648 0.4077
v 0.2859 -0.2477 0.4172
v 0.2903 -0.2339 0.3854
v 0.2876 -0.2292 0.4132
v 0.2866 -0.2165 0.4156
v 0.2921 -0.2053 0.3795
v 0.2860 -0.2031 0.4162
v 0.2884 -0.2124 0.4125
v 0.2901 -0.1906 0.3697
v 0.2932 -0.1756 0.3749
v 0.2870 -0.1406 0.4103
v 0.2915 -0.1543 0.3658
v 0.2895 -0.1234 0.4068
v 0.2905 -0.1120 0.4054
v 0.2924 -0.1060 0.3560
v 0.2872 -0.1021 0.3477
v 0.2916 -0.0944 0.4031
v 0.2879 -0.0566 0.4013
v 0.2900 -0.0198 0.3946
v 0.2864 0.0072 0.3966
v 0.2924 0.0217 0.3899
v 0.2933 0.0166 0.3252
v 0.2858 0.0232 0.3954
v 0.2943 0.0503 0.3851
v 0.2961 0.0516 0.3225
v 0.2890 0.0550 0.3884
v 0.2931 0.0807 0.3132
v 0.2918 0.0829 0.3836
v 0.2871 0.1298 0.3825
v 0.2882 0.1430 0.3799
v 0.2919 0.1644 0.2957
v 0.2993 0.1681 0.3003
v 0.2989 0.1958 0.2944
v 0.2964 0.1643 0.3713
v 0.2904 0.2167 0.3705
v 0.2948 0.2514 0.3627
v 0.2937 0.2910 0.2714
v 0.2819 0.2911 0.3609
v 0.2856 0.3065 0.2582
v 0.2862 0.2914 0.3598
v 0.2945 0.3352 0.3542
v 0.2876 0.3451 0.2350
v 0.2934 0.3621 0.2370
v 0.2997 0.3992 0.2372
v 0.2913 0.4183 0.3608
v 0.2911 0.4625 0.2777
v 0.2835 0.4664 0.3085
v 0.2921 -0.2258 0.3970
v 0.2932 -0.2075 0.3968
v 0.2889 -0.1660 0.4100
v 0.2928 -0.1752 0.4009
v 0.2948 -0.1810 0.3901
v 0.2913 -0.1558 0.3670
v 0.2974 -0.1315 0.3858
v 0.2944 -0.1528 0.3958
v 0.2896 -0.1349 0.3589
v 0.2983 -0.1222 0.3837
v 0.2928 -0.1420 0.4009
v 0.2912 -0.1244 0.3593
v 0.2978 -0.1222 0.3759
v 0.2953 -0.1080 0.3986
v 0.2971 -0.0701 0.3909
v 0.2970 -0.0989 0.3930
v 0.2980 -0.0883 0.3634
v 0.2927 -0.0877 0.4007
v 0.2926 -0.0681 0.3463
v 0.2977 -0.0538 0.3867
v 0.2979 -0.0427 0.3853
v 0.2937 -0.0054 0.3310
v 0.2974 -0.0103 0.3367
v 0.2983 0.0190 0.3829
v 0.2938 0.0312 0.3233
v 0.2973 0.0629 0.3796
v 0.2989 0.1038 0.3128
v 0.3017 0.1299 0.3699
v 0.2889 0.1276 0.2991
v 0.2956 0.1452 0.3012
v 0.2982 0.1462 0.3718
v 0.2907 0.1817 0.3730
v 0.2966 0.2719 0.3585
v 0.2951 0.2899 0.3567
v 0.2974 0.3038 0.2692
v 0.3051 0.2952 0.2773
v 0.3044 0.3109 0.2721
v 0.2973 0.3062 0.3543
v 0.2900 0.3310 0.2445
v 0.2946 0.3393 0.2456
v 0.3049 0.3520 0.2495
v 0.2869 0.3788 0.3636
v 0.2959 0.4107 0.2378
v 0.3015 0.4143 0.2409
v 0.2947 0.4210 0.3598
v 0.3080 0.4263 0.2480
v 0.2978 0.4466 0.2583
v 0.2945 0.4522 0.3351
v 0.2958 0.4560 0.2690
v 0.2983 -0.1125 0.3747
v 0.2983 -0.1133 0.3828
v 0.2997 -0.0893 0.3745
v 0.3001 -0.0763 0.3782
v 0.3007 -0.0661 0.3673
v 0.3011 -0.0676 0.3724
v 0.2996 -0.0586 0.3582
v 0.3005 -0.0689 0.3636
v 0.3014 -0.0525 0.3745
v 0.3007 -0.0477 0.3550
v 0.2977 -0.0177 0.3392
v 0.3009 -0.0318 0.3781
v 0.3035 -0.0232 0.3578
v 0.3041 -0.0248 0.3692
v 0.3018 -0.0058 0.3793
v 0.2985 -0.0307 0.3840
v 0.2976 -0.0077 0.3850
v 0.3040 0.0294 0.3712
v 0.3045 0.0133 0.3454
v 0.3004 0.0119 0.3358
v 0.3037 0.0549 0.3700
v 0.3016 0.0531 0.3302
v 0.3047 0.0669 0.3332
v 0.3026 0.0718 0.3710
v 0.2990 0.0751 0.3208
v 0.2977 0.0727 0.3789
v 0.2964 0.1188 0.3770
v 0.3023 0.1436 0.3079
v 0.3040 0.1393 0.3660
v 0.3054 0.1347 0.3143
v 0.3069 0.2007 0.3592
v 0.2961 0.2088 0.2891
v 0.3020 0.2146 0.3626
v 0.2987 0.2169 0.2894
v 0.2991 0.2493 0.2825
v 0.3037 0.2636 0.2825
v 0.3047 0.2735 0.2814
v 0.3052 0.2997 0.3497
v 0.3058 0.3190 0.2700
v 0.2857 0.3417 0.3578
v 0.3039 0.3468 0.2515
v 0.3030 0.3622 0.3556
v 0.3041 0.3608 0.2453
v 0.3008 0.3870 0.2379
v 0.2966 0.3958 0.3634
v 0.3001 0.4358 0.2493
v 0.3029 0.4456 0.2595
v 0.3117 0.4502 0.3255
v 0.2976 0.4621 0.2846
v 0.2958 0.4645 0.2987
v 0.3067 0.0192 0.3611
v 0.3046 -0.0162 0.3552
v 0.3050 0.0045 0.3656
v 0.3053 0.0197 0.3658
v 0.3074 0.0499 0.3535
v 0.3084 0.0528 0.3508
v 0.3069 0.0469 0.3591
v 0.3068 0.0632 0.3605
v 0.3092 0.0816 0.3506
v 0.3035 0.0842 0.3251
v 0.3051 0.0955 0.3657
v 0.3098 0.1032 0.3400
v 0.3041 0.1039 0.3206
v 0.3065 0.1002 0.3630
v 0.3087 0.1146 0.3566
v 0.3105 0.1114 0.3372
v 0.3101 0.1366 0.3543
v 0.3145 0.1601 0.3277
v 0.3102 0.1550 0.3176
v 0.3068 0.1675 0.3084
v 0.3001 0.1527 0.3702
v 0.3060 0.1783 0.3619
v 0.3095 0.1991 0.3050
v 0.3089 0.2111 0.3555
v 0.3132 0.2149 0.3070
v 0.3071 0.2368 0.2929
v 0.3024 0.2404 0.3594
v 0.3015 0.2391 0.2864
v 0.3128 0.2638 0.2932
v 0.3069 0.2639 0.3518
v 0.3140 0.2830 0.2892
v 0.3061 0.3240 0.3473
v 0.3168 0.3577 0.2594
v 0.3114 0.3678 0.2486
v 0.3145 0.3731 0.2491
v 0.3121 0.3622 0.3505
v 0.3122 0.3791 0.2455
v 0.3165 0.4203 0.3508
v 0.3194 0.4286 0.2580
v 0.3117 0.4295 0.3480
v 0.3149 0.4393 0.3373
v 0.3050 0.4463 0.3375
v 0.3136 0.4508 0.2770
v 0.3010 0.4596 0.3159
v 0.3102 0.1134 0.3463
v 0.3109 0.1277 0.3297
v 0.3127 0.1451 0.3490
v 0.3151 0.1677 0.3455
v 0.3114 0.1483 0.3518
v 0.3116 0.1668 0.3532
v 0.3128 0.1814 0.3152
v 0.3161 0.1824 0.3433
v 0.3128 0.1796 0.3512
v 0.3166 0.1809 0.3280
v 0.3117 0.1788 0.3532
v 0.3159 0.1916 0.3440
v 0.3174 0.1964 0.3280
v 0.3130 0.1903 0.3126
v 0.3147 0.2442 0.3424
v 0.3154 0.2456 0.3047
v 0.3154 0.2622 0.2980
v 0.3083 0.2564 0.3514
v 0.3149 0.2656 0.3407
v 0.3174 0.2787 0.2967
v 0.3116 0.2809 0.3451
v 0.3147 0.3128 0.2836
v 0.3209 0.3152 0.2963
v 0.3134 0.3067 0.3406
v 0.3131 0.3215 0.3405
v 0.3109 0.3300 0.3428
v 0.3098 0.3355 0.2652
v 0.3182 0.3892 0.2476
v 0.3225 0.3751 0.3481
v 0.3193 0.4035 0.2478
v 0.3152 0.4123 0.3537
v 0.3147 0.4225 0.2507
v 0.3090 0.4591 0.2933
v 0.3172 0.4528 0.3021
v 0.3169 0.1877 0.3338
v 0.3162 0.2014 0.3420
v 0.3173 0.2096 0.3333
v 0.3180 0.2328 0.3283
v 0.3190 0.2477 0.3244
v 0.3169 0.2485 0.3368
v 0.3209 0.2631 0.3202
v 0.3220 0.2804 0.3216
v 0.3194 0.2702 0.3300
v 0.3154 0.2742 0.3407
v 0.3218 0.2902 0.3076
v 0.3168 0.2859 0.3369
v 0.3211 0.3128 0.3247
v 0.3171 0.3115 0.3344
v 0.3197 0.3171 0.2932
v 0.3210 0.3315 0.3267
v 0.3212 0.3272 0.2918
v 0.3163 0.3351 0.2752
v 0.3134 0.3419 0.3425
v 0.3153 0.3265 0.2784
v 0.3209 0.3548 0.3389
v 0.3257 0.3629 0.2684
v 0.3277 0.3719 0.3408
v 0.3225 0.3782 0.2547
v 0.3229 0.3887 0.3517
v 0.3213 0.4249 0.3437
v 0.3199 0.4381 0.2671
v 0.3121 0.4473 0.2691
v 0.3185 0.4503 0.3115
v 0.3196 0.4489 0.3116
v 0.3229 0.3161 0.3096
v 0.3220 0.2978 0.3203
v 0.3248 0.3351 0.3006
v 0.3251 0.3394 0.3177
v 0.3217 0.3474 0.2748
v 0.3265 0.3444 0.2920
v 0.3243 0.3501 0.3307
v 0.3284 0.3944 0.2568
v 0.3176 0.4078 0.3548
v 0.3301 0.3993 0.2587
v 0.3257 0.4080 0.2547
v 0.3274 0.4221 0.2630
v 0.3285 0.4217 0.3379
v 0.3274 0.4304 0.2703
v 0.3285 0.4287 0.3317
v 0.3230 0.4404 0.2753
v 0.3210 0.4467 0.2817
v 0.3259 0.4385 0.3232
v 0.3255 0.4451 0.2977
v 0.3253 0.4414 0.3186
v 0.3317 0.3595 0.3229
v 0.3301 0.3594 0.2819
v 0.3350 0.3671 0.2863
v 0.3322 0.3635 0.2817
v 0.3327 0.3750 0.3352
v 0.3364 0.3776 0.2775
v 0.3341 0.3739 0.2757
v 0.3296 0.3776 0.2637
v 0.3301 0.3876 0.3436
v 0.3352 0.3996 0.2657
v 0.3299 0.4014 0.3446
v 0.3309 0.4117 0.3409
v 0.3326 0.4099 0.2644
v 0.3347 0.4134 0.3342
v 0.3340 0.4175 0.2709
v 0.3367 0.4179 0.2762
v 0.3333 0.4313 0.2866
v 0.3343 0.4253 0.3242
v 0.3334 0.4332 0.2940
v 0.3321 0.4362 0.3017
v 0.3338 0.4315 0.3137
v 0.3407 0.3747 0.3063
v 0.3372 0.3670 0.2984
v 0.3339 0.3627 0.3201
v 0.3412 0.3773 0.3006
v 0.3445 0.3900 0.3025
v 0.3384 0.3739 0.3208
v 0.3386 0.3908 0.2755
v 0.3364 0.3873 0.3355
v 0.3340 0.3823 0.3368
v 0.3422 0.4060 0.2863
v 0.3406 0.3985 0.3285
v 0.3398 0.4085 0.3261
v 0.3395 0.4200 0.2902
v 0.3368 0.4188 0.3264
v 0.3397 0.4190 0.3157
v 0.3352 0.4254 0.2825
v 0.3365 0.4286 0.3000
v 0.3394 0.4225 0.3044
v 0.3402 0.3795 0.3203
v 0.3414 0.3862 0.3212
v 0.3418 0.3927 0.2837
v 0.3429 0.4000 0.3213
v 0.3421 0.3917 0.3214
v 0.3449 0.4043 0.3024
v 0.3445 0.4019 0.3009
v 0.3407 0.4190 0.3005
vn -0.9707 -0.2287 0.0742
vn -0.9740 -0.1122 0.1966
vn -0.9909 -0.0806 -0.1078
vn -0.9926 0.0927 0.0778
vn -0.9764 0.2077 0.0589
vn -0.9397 0.2422 -0.2414
vn -0.9342 -0.3337 0.1261
vn -0.9053 -0.4208 -0.0582
vn -0.8998 -0.3643 -0.2402
vn -0.9072 -0.2194 0.3590
vn -0.9440 -0.1773 -0.2781
vn -0.9028 -0.1325 -0.4091
vn -0.9064 0.0922 -0.4122
vn -0.8717 0.2748 -0.4058
vn -0.9260 0.0897 0.3668
vn -0.9820 0.0628 0.1780
vn -0.7910 -0.5982 -0.1287
vn -0.7402 -0.5718 -0.3538
vn -0.8532 -0.5075 0.1200
vn -0.8054 -0.3251 -0.4956
vn -0.7099 -0.3569 0.6072
vn -0.7878 -0.4145 0.4557
vn -0.8417 -0.0836 -0.5334
vn -0.7931 -0.2169 0.5691
vn -0.7428 -0.0369 -0.6685
vn -0.8199 -0.0183 0.5722
vn -0.8068 0.2761 -0.5224
vn -0.8388 0.4503 -0.3060
vn -0.9229 0.3847 -0.0161
vn -0.9017 0.3936 0.1786
vn -0.7361 -0.6766 -0.0197
vn -0.6301 -0.7521 -0.1934
vn -0.7035 -0.6125 0.3603
vn -0.7177 -0.5047 -0.4798
vn -0.7064 -0.2605 -0.6582
vn -0.6876 0.2287 -0.6892
vn -0.7977 0.1543 0.5830
vn -0.6725 0.4411 -0.5943
vn -0.6055 0.4231 -0.6741
vn -0.6762 0.5698 -0.4671
vn -0.9030 0.2901 0.3170
vn -0.8429 0.2749 0.4626
vn -0.8495 0.4360 0.2972
vn -0.7740 0.6199 -0.1288
vn -0.8577 0.4762 0.1941
vn -0.4894 -0.8715 -0.0324
vn -0.6606 -0.7281 0.1827
vn -0.5896 -0.6539 -0.4741
vn -0.6828 -0.5033 0.5296
vn -0.6042 -0.5304 -0.5947
vn -0.4921 0.1210 0.8621
vn -0.6974 0.0600 0.7142
vn -0.7541 0.6155 -0.2291
vn -0.8008 0.5988 -0.0077
vn -0.5213 -0.8308 -0.1951
vn -0.5152 -0.7769 0.3620
vn -0.5441 -0.6703 0.5046
vn -0.5423 -0.5634 0.6233
vn -0.4801 -0.3520 0.8035
vn -0.5968 -0.3734 0.7102
vn -0.5489 -0.2171 -0.8072
vn -0.6563 -0.0953 0.7485
vn -0.4663 0.2757 -0.8406
vn -0.5167 0.5363 -0.6674
vn -0.8269 0.4110 0.3837
vn -0.4607 0.6786 -0.5721
vn -0.6366 0.6763 -0.3705
vn -0.5752 0.7377 -0.3534
vn -0.8116 0.5748 0.1045
vn -0.4331 -0.8928 -0.1236
vn -0.4371 -0.8801 0.1854
vn -0.5615 -0.7570 -0.3341
vn -0.3867 -0.8682 -0.3110
vn -0.3935 -0.7671 0.5067
vn -0.4234 -0.6850 -0.5929
vn -0.3291 -0.6620 0.6734
vn -0.5648 -0.4466 -0.6939
vn -0.4141 -0.3108 -0.8555
vn -0.5718 -0.0570 -0.8184
vn -0.7981 0.1642 0.5798
vn -0.8077 0.3040 0.5051
vn -0.6795 0.6930 -0.2410
vn -0.3690 -0.7595 -0.5357
vn -0.3944 -0.5091 -0.7650
vn -0.2739 -0.4021 0.8737
vn -0.2811 -0.0439 -0.9587
vn -0.7193 0.1868 0.6691
vn -0.3360 0.4804 -0.8101
vn -0.7543 0.2151 0.6203
vn -0.7999 0.2424 0.5490
vn -0.4866 0.7379 -0.4677
vn -0.8463 0.4416 0.2979
vn -0.5961 0.7343 -0.3248
vn -0.8270 0.5225 0.2075
vn -0.7624 0.6459 -0.0392
vn -0.2839 -0.6921 -0.6636
vn -0.2088 -0.5935 0.7773
vn -0.4202 -0.2604 0.8692
vn -0.3647 0.7535 -0.5471
vn -0.5154 0.7204 -0.4641
vn -0.7196 0.6724 -0.1736
vn -0.8332 0.5412 0.1132
vn -0.1109 -0.9633 -0.2444
vn -0.2655 -0.9068 0.3275
vn -0.2386 -0.8443 0.4799
vn -0.1954 -0.7441 -0.6389
vn -0.2619 -0.6041 -0.7527
vn -0.1088 -0.5980 -0.7941
vn -0.2471 -0.4014 -0.8820
vn -0.2761 -0.3774 0.8839
vn -0.5886 -0.0104 0.8084
vn -0.2500 0.3747 -0.8928
vn -0.6403 -0.0387 0.7672
vn -0.2735 0.6090 -0.7445
vn -0.2677 0.7326 -0.6257
vn -0.5238 0.5960 -0.6086
vn -0.8590 0.2712 0.4343
vn -0.4227 0.7026 -0.5724
vn -0.8498 0.4519 0.2715
vn -0.8173 0.5723 0.0671
vn -0.6347 0.6710 -0.3833
vn -0.8333 0.3658 0.4145
vn -0.7289 0.6631 -0.1703
vn -0.2876 -0.9577 -0.0010
vn -0.1746 -0.8701 -0.4610
vn -0.0743 -0.8294 -0.5537
vn -0.1803 -0.7889 0.5875
vn -0.0071 -0.4415 -0.8972
vn -0.2078 -0.5082 0.8358
vn -0.1544 -0.5131 0.8443
vn 0.0200 -0.0380 -0.9991
vn -0.0949 0.1740 -0.9802
vn -0.4958 -0.2243 0.8390
vn 0.0455 0.4571 -0.8882
vn -0.7401 0.0968 0.6655
vn -0.4625 0.7754 -0.4299
vn -0.6201 0.6946 -0.3648
vn -0.8738 0.4368 0.2138
vn -0.0051 -0.9644 0.2646
vn -0.0874 -0.8684 0.4880
vn 0.0218 -0.5726 0.8196
vn -0.0074 -0.2724 -0.9622
vn 0.0544 -0.0731 -0.9958
vn -0.3173 -0.2660 0.9103
vn -0.4659 -0.2049 0.8608
vn -0.6889 0.1041 0.7173
vn -0.1385 0.6752 -0.7246
vn -0.3076 0.7194 -0.6228
vn -0.7922 0.0598 0.6074
vn -0.8448 0.2920 0.4483
vn -0.9112 0.3217 0.2573
vn -0.8534 0.4883 0.1824
vn 0.1201 -0.9719 -0.2027
vn -0.0078 -0.7054 0.7088
vn 0.1229 -0.7158 0.6874
vn 0.0956 -0.5169 -0.8507
vn -0.2111 -0.4406 0.8725
vn 0.0592 0.9057 -0.4198
vn 0.1147 0.5523 -0.8257
vn -0.1139 0.5973 -0.7939
vn 0.0219 0.6655 -0.7461
vn -0.5708 -0.1313 0.8105
vn -0.4771 0.7008 -0.5304
vn -0.5343 0.7442 -0.4009
vn -0.6509 0.7211 -0.2376
vn -0.7639 0.6432 -0.0523
vn -0.8568 0.4163 0.3042
vn -0.0480 -0.9988 0.0013
vn 0.1724 -0.9822 0.0741
vn 0.1588 -0.6474 0.7454
vn 0.2268 -0.4399 -0.8689
vn -0.0595 -0.5462 0.8355
vn 0.1226 0.1828 -0.9755
vn 0.3051 0.1844 -0.9343
vn -0.3250 0.6809 -0.6563
vn -0.8012 0.1178 0.5866
vn -0.4041 0.7043 -0.5837
vn -0.4368 0.7596 -0.4819
vn -0.8592 0.3502 0.3730
vn -0.5516 0.8226 0.1382
vn -0.7772 0.6293 -0.0059
vn 0.3091 -0.7400 -0.5974
vn 0.1913 -0.9127 0.3611
vn 0.0660 -0.7374 -0.6722
vn 0.1831 -0.3819 -0.9059
vn 0.3729 0.0126 -0.9278
vn -0.2933 -0.4311 0.8533
vn 0.2608 0.3753 -0.8895
vn 0.3571 0.3691 -0.8581
vn -0.3637 -0.2984 0.8824
vn -0.8288 0.1697 0.5332
vn -0.2703 0.7479 -0.6062
vn -0.8531 0.1996 0.4821
vn -0.4471 0.7738 -0.4487
vn -0.6194 0.7403 -0.2615
vn -0.6841 0.6846 -0.2515
vn -0.6808 0.6981 -0.2219
vn 0.1487 -0.8937 -0.4233
vn 0.3248 -0.9343 -0.1468
vn 0.3050 -0.9384 0.1624
vn 0.3378 0.0849 -0.9374
vn 0.0205 -0.5974 0.8017
vn -0.1754 -0.4545 0.8733
vn -0.2851 -0.3575 0.8893
vn -0.5796 -0.2716 0.7683
vn -0.5157 -0.2104 0.8305
vn -0.1794 0.6524 -0.7363
vn -0.6913 -0.0973 0.7159
vn -0.2566 0.7132 -0.6523
vn -0.8257 0.2708 0.4948
vn -0.2204 0.8411 -0.4940
vn -0.5090 0.7689 -0.3869
vn -0.8440 0.3773 0.3812
vn -0.6068 0.7349 -0.3029
vn -0.8334 0.5508 0.0461
vn 0.4780 -0.8749 -0.0782
vn 0.3693 -0.7896 0.4901
vn 0.4593 -0.6675 -0.5861
vn 0.2176 -0.7746 0.5939
vn 0.4024 -0.8236 0.3997
vn 0.4428 -0.7280 0.5233
vn 0.4326 -0.3174 -0.8439
vn 0.2152 -0.6733 0.7074
vn 0.3352 -0.0785 -0.9389
vn -0.5734 -0.1883 0.7973
vn 0.1153 0.5399 -0.8338
vn 0.1162 0.6510 -0.7501
vn -0.1760 0.6623 -0.7283
vn 0.0504 0.6987 -0.7136
vn -0.7167 0.2427 0.6538
vn -0.2552 0.7688 -0.5864
vn -0.3230 0.7620 -0.5613
vn -0.4815 0.7558 -0.4438
vn -0.7376 0.6540 -0.1680
vn -0.8463 0.4927 0.2026
vn -0.8368 0.5228 0.1626
vn 0.4469 -0.8167 -0.3650
vn 0.4634 -0.8514 0.2456
vn 0.2486 -0.6275 -0.7379
vn 0.4204 -0.7213 0.5504
vn 0.1750 -0.6224 0.7629
vn 0.0616 -0.5732 0.8171
vn 0.4172 0.0724 -0.9059
vn 0.5950 0.2193 -0.7733
vn -0.1664 -0.5062 0.8462
vn 0.2306 0.4949 -0.8378
vn -0.1134 0.5106 -0.8523
vn -0.7162 0.0276 0.6973
vn -0.1048 0.7108 -0.6955
vn -0.7689 0.1951 0.6088
vn -0.3832 0.7787 -0.4968
vn -0.8234 0.3140 0.4726
vn -0.5166 0.7083 -0.4811
vn -0.8235 0.5636 0.0655
vn -0.6361 0.6881 -0.3492
vn -0.8020 0.5965 -0.0321
vn 0.6814 -0.7318 -0.0122
vn 0.6030 -0.7804 0.1655
vn 0.6435 -0.4581 -0.6133
vn 0.5330 -0.7522 0.3874
vn 0.3828 -0.7118 0.5889
vn 0.4262 -0.7094 0.5613
vn 0.2749 -0.6572 0.7018
vn 0.5015 0.1403 -0.8537
vn -0.0257 -0.5075 0.8613
vn 0.3453 0.4662 -0.8145
vn -0.3404 -0.3745 0.8625
vn 0.4774 0.1828 -0.8595
vn -0.3864 -0.3850 0.8382
vn 0.3833 0.4079 -0.8287
vn -0.5440 -0.1142 0.8313
vn -0.1638 0.7647 -0.6232
vn -0.6836 0.6663 -0.2979
vn -0.8643 0.4387 0.2460
vn -0.5926 0.6936 -0.4095
vn -0.8469 0.3936 0.3575
vn 0.7334 -0.6617 -0.1557
vn 0.6297 -0.6552 -0.4174
vn 0.5792 -0.5871 0.5655
vn 0.4566 -0.4855 -0.7455
vn 0.5389 -0.1731 -0.8244
vn 0.6018 -0.1474 0.7849
vn 0.5554 -0.0394 -0.8306
vn 0.2049 -0.6654 0.7178
vn 0.1164 -0.6010 0.7908
vn 0.6790 0.1201 -0.7243
vn -0.1882 -0.4991 0.8458
vn 0.4432 0.3504 -0.8251
vn 0.4467 0.3478 -0.8243
vn -0.1106 -0.5098 0.8531
vn -0.4277 -0.2434 0.8706
vn -0.0742 0.7218 -0.6881
vn -0.7461 0.0185 0.6656
vn -0.4865 0.7112 -0.5074
vn -0.7616 0.6475 0.0266
vn -0.7958 0.5058 0.3328
vn 0.6682 -0.6919 0.2735
vn 0.6888 -0.6272 -0.3637
vn 0.5680 -0.6872 0.4529
vn 0.5097 -0.6812 0.5255
vn 0.6626 -0.2051 -0.7203
vn 0.4051 -0.6599 0.6328
vn 0.3865 -0.6635 0.6406
vn 0.7587 0.0145 -0.6513
vn 0.4463 0.3268 -0.8331
vn 0.3350 0.4304 -0.8382
vn 0.1233 0.5548 -0.8228
vn 0.1151 0.6136 -0.7812
vn -0.6307 -0.0203 0.7758
vn -0.4470 -0.3408 0.8271
vn 0.1226 0.6258 -0.7703
vn -0.2694 0.7282 -0.6302
vn -0.3734 0.7306 -0.5717
vn -0.4248 0.6873 -0.5892
vn -0.4469 0.6990 -0.5583
vn -0.8209 0.2848 0.4950
vn -0.6954 0.6761 -0.2436
vn -0.7140 0.6927 -0.1022
vn 0.7536 -0.6255 0.2020
vn 0.8041 -0.5432 -0.2416
vn 0.6779 -0.6605 0.3228
vn 0.5918 -0.6859 0.4234
vn 0.8163 -0.1683 -0.5526
vn 0.7498 0.1011 -0.6538
vn 0.3350 -0.6759 0.6565
vn 0.1108 -0.5427 0.8326
vn 0.3252 -0.3852 0.8636
vn 0.5880 0.1912 -0.7859
vn -0.2780 -0.4179 0.8649
vn -0.3161 -0.3346 0.8878
vn -0.4130 -0.2241 0.8827
vn 0.0140 0.6829 -0.7304
vn -0.6933 -0.0538 0.7186
vn -0.2758 0.6798 -0.6796
vn -0.5429 0.7165 -0.4380
vn -0.8251 0.3416 0.4501
vn -0.5680 0.7342 -0.3718
vn -0.7972 0.5947 0.1038
vn -0.8746 0.3973 0.2779
vn -0.6915 0.7173 -0.0860
vn 0.7981 -0.4096 -0.4419
vn 0.7942 -0.5767 0.1913
vn 0.7633 -0.5612 0.3199
vn 0.6725 -0.5343 0.5121
vn 0.8857 -0.1825 -0.4269
vn 0.3639 -0.6481 0.6690
vn 0.8064 0.0304 -0.5906
vn 0.1437 -0.6412 0.7538
vn 0.6594 0.1102 -0.7436
vn 0.3328 0.5395 -0.7735
vn -0.4491 -0.1264 0.8845
vn 0.0603 0.6064 -0.7929
vn -0.6168 -0.0824 0.7828
vn -0.8014 0.1434 0.5808
vn -0.3291 0.6970 -0.6370
vn -0.3302 0.7087 -0.6234
vn -0.3738 0.7654 -0.5238
vn -0.6431 0.6756 -0.3606
vn -0.8196 0.5170 0.2469
vn -0.5480 0.7382 -0.3933
vn 0.8829 -0.3662 -0.2940
vn 0.8828 -0.4534 -0.1226
vn 0.6822 -0.6849 0.2558
vn 0.9527 -0.1703 -0.2518
vn 0.6173 0.2762 -0.7366
vn -0.2221 -0.4686 0.8551
vn 0.0593 0.5628 -0.8245
vn -0.0557 0.6415 -0.7651
vn -0.2371 0.6816 -0.6922
vn -0.8228 0.5252 0.2173
vn -0.8336 0.4158 0.3636
vn 0.9145 -0.3625 -0.1796
vn 0.8327 -0.5508 0.0565
vn 0.7606 -0.6420 0.0965
vn 0.7333 -0.6352 0.2424
vn 0.6151 -0.6705 0.4148
vn 0.6247 -0.6390 0.4488
vn 0.5234 -0.6752 0.5198
vn 0.4692 -0.6691 0.5763
vn 0.2677 -0.6484 0.7126
vn 0.4197 -0.6294 0.6540
vn 0.6736 0.2860 -0.6815
vn 0.0837 -0.6166 0.7828
vn 0.4931 0.3312 -0.8045
vn -0.2256 -0.3898 0.8928
vn 0.4770 0.4345 -0.7640
vn 0.3387 0.4743 -0.8126
vn 0.1752 0.5224 -0.8345
vn -0.0881 0.6269 -0.7741
vn -0.6474 -0.0559 0.7601
vn -0.7932 0.1596 0.5876
vn -0.2562 0.7073 -0.6589
vn -0.3788 0.7993 -0.4665
vn -0.5140 0.8250 -0.2348
vn -0.8389 0.5442 0.0117
vn 0.8550 -0.5183 -0.0189
vn 0.9847 -0.1733 0.0168
vn 0.9031 -0.3263 -0.2792
vn 0.6928 -0.6538 0.3043
vn 0.5991 -0.6672 0.4426
vn 0.7538 -0.0284 -0.6565
vn 0.4212 -0.7089 0.5658
vn 0.8137 -0.1258 -0.5675
vn -0.0309 -0.5415 0.8401
vn 0.5569 0.3470 -0.7546
vn -0.2665 -0.3843 0.8839
vn 0.3430 0.5749 -0.7429
vn -0.5265 -0.2932 0.7980
vn 0.1805 0.5191 -0.8354
vn -0.5957 -0.2793 0.7531
vn -0.8038 0.1567 0.5739
vn -0.8917 0.2703 0.3630
vn -0.6745 0.7035 -0.2240
vn -0.8345 0.5300 0.1507
vn 0.8677 -0.4504 -0.2102
vn 0.7547 -0.6311 0.1794
vn 0.8497 -0.5272 -0.0063
vn 0.8890 -0.2730 -0.3676
vn 0.8235 -0.3985 -0.4038
vn 0.6414 -0.6589 0.3931
vn 0.4912 -0.6933 0.5273
vn 0.8392 -0.1494 -0.5229
vn 0.7219 -0.3575 0.5925
vn 0.3528 -0.6863 0.6360
vn 0.7476 0.0406 -0.6629
vn 0.2824 -0.6654 0.6910
vn 0.6188 0.1479 -0.7715
vn 0.6438 0.1936 -0.7403
vn 0.1414 -0.6417 0.7539
vn -0.3308 -0.3707 0.8679
vn 0.0302 0.5822 -0.8125
vn -0.7366 -0.0565 0.6740
vn -0.2854 0.7562 -0.5888
vn -0.1851 0.7426 -0.6437
vn -0.4276 0.7768 -0.4623
vn -0.3030 0.8523 -0.4264
vn -0.5312 0.7564 -0.3816
vn -0.8577 0.5004 0.1178
vn -0.8659 0.3371 0.3695
vn -0.8074 0.5704 -0.1509
vn -0.7945 0.5998 -0.0950
vn 0.8044 -0.5932 0.0303
vn 0.8563 -0.2770 -0.4358
vn 0.5943 -0.6652 0.4520
vn 0.0302 -0.4530 0.8910
vn 0.4829 0.3262 -0.8126
vn -0.2766 -0.0310 0.9605
vn 0.2828 0.5036 -0.8164
vn -0.7260 0.0904 0.6817
vn -0.6636 0.7037 -0.2541
vn -0.6987 0.6731 -0.2423
vn -0.8312 0.5490 0.0878
vn 0.8676 -0.4650 -0.1763
vn 0.8717 -0.4001 -0.2831
vn 0.8452 -0.5256 0.0968
vn 0.5444 -0.7712 0.3299
vn 0.8892 -0.3720 -0.2662
vn 0.7303 -0.6440 0.2281
vn 0.6925 -0.6262 0.3581
vn 0.5483 -0.6816 0.4846
vn 0.8326 -0.1216 -0.5404
vn 0.4524 -0.6899 0.5652
vn 0.7829 -0.0056 -0.6221
vn 0.7883 -0.0527 -0.6130
vn 0.2723 -0.6311 0.7263
vn 0.1255 -0.5792 0.8055
vn 0.5637 0.2454 -0.7887
vn 0.7277 0.0454 -0.6844
vn 0.4034 0.3935 -0.8261
vn 0.3467 0.4033 -0.8468
vn -0.1371 -0.5696 0.8104
vn -0.2752 -0.1618 0.9477
vn -0.4194 -0.3445 0.8399
vn 0.1474 0.5452 -0.8252
vn -0.3153 0.7442 -0.5889
vn -0.4175 0.7570 -0.5026
vn -0.8291 0.3337 0.4486
vn -0.5823 0.6815 -0.4433
vn -0.8507 0.4333 0.2977
vn -0.6620 0.7475 -0.0545
vn 0.8426 -0.5269 -0.1110
vn 0.9171 -0.3698 -0.1490
vn 0.7713 -0.5861 0.2483
vn 0.8619 -0.2282 -0.4527
vn 0.6903 -0.6340 0.3486
vn 0.3659 -0.6782 0.6373
vn 0.7077 0.0420 -0.7053
vn 0.5680 0.2369 -0.7882
vn -0.3394 -0.2772 0.8989
vn -0.5676 -0.1193 0.8146
vn 0.2728 0.5090 -0.8164
vn -0.0329 0.6563 -0.7538
vn -0.8170 0.2180 0.5339
vn -0.6982 0.6744 -0.2401
vn 0.8571 -0.5150 -0.0103
vn 0.9025 -0.3225 -0.2855
vn 0.6171 -0.6541 0.4375
vn 0.5439 -0.6616 0.5162
vn 0.4375 -0.7097 0.5521
vn 0.2439 -0.6537 0.7164
vn 0.0337 -0.5890 0.8074
vn 0.4318 0.3910 -0.8128
vn -0.1405 -0.4837 0.8639
vn 0.2706 0.4507 -0.8507
vn -0.4228 -0.3789 0.8232
vn -0.1697 0.7279 -0.6644
vn -0.2764 0.7457 -0.6063
vn -0.5084 0.7234 -0.4672
vn -0.8233 0.2868 0.4898
vn -0.8068 0.3901 0.4437
vn -0.6053 0.7057 -0.3683
vn -0.7968 0.5321 -0.2863
vn -0.8055 0.5511 0.2179
vn 0.8173 -0.5472 0.1808
vn 0.9313 -0.2081 -0.2988
vn 0.6595 -0.6695 0.3417
vn 0.8723 -0.1897 -0.4507
vn 0.7269 -0.5585 0.3996
vn 0.4127 -0.7317 0.5425
vn 0.0374 -0.7243 0.6884
vn 0.3561 -0.6915 0.6284
vn 0.4864 0.1172 -0.8659
vn -0.1896 -0.5311 0.8258
vn 0.4414 0.3600 -0.8220
vn 0.3292 0.4013 -0.8547
vn 0.0866 0.5943 -0.7995
vn -0.3978 -0.3064 0.8648
vn -0.5977 -0.0536 0.7999
vn -0.7386 0.1375 0.6599
vn -0.3205 0.7570 -0.5693
vn -0.4036 0.7040 -0.5843
vn -0.4891 0.7436 -0.4558
vn -0.5926 0.7394 -0.3196
vn -0.7012 0.6432 -0.3074
vn 0.9049 -0.3957 -0.1566
vn 0.7788 -0.6045 0.1673
vn 0.8952 -0.3026 -0.3272
vn 0.4326 -0.7146 0.5497
vn 0.8585 -0.1675 -0.4847
vn 0.3435 -0.6663 0.6619
vn 0.0793 -0.5878 0.8051
vn -0.2684 -0.3914 0.8802
vn 0.2498 0.5529 -0.7949
vn 0.0096 0.6526 -0.7576
vn -0.6056 -0.0667 0.7929
vn 0.1594 0.6001 -0.7839
vn -0.7392 0.1870 0.6470
vn -0.1634 0.7039 -0.6912
vn -0.7933 0.3378 0.5064
vn -0.4426 0.7262 -0.5260
vn -0.7818 0.6164 0.0941
vn 0.8753 -0.4831 -0.0214
vn 0.9234 -0.3693 -0.1050
vn 0.6332 -0.7171 0.2912
vn 0.9059 -0.3402 -0.2523
vn 0.9552 -0.0340 -0.2939
vn 0.5379 -0.7076 0.4583
vn 0.3835 -0.7083 0.5927
vn 0.6943 0.1005 -0.7127
vn 0.7820 -0.0080 -0.6233
vn 0.5505 0.2582 -0.7939
vn 0.6663 0.1852 -0.7223
vn 0.0140 -0.3524 0.9357
vn 0.6535 0.4852 -0.5809
vn 0.1669 0.5724 -0.8028
vn -0.6465 -0.0677 0.7599
vn -0.6876 0.0821 0.7214
vn -0.2513 0.7199 -0.6469
vn -0.5425 0.8356 -0.0870
vn -0.4970 0.7534 -0.4305
vn 0.8287 -0.5591 -0.0261
vn 0.6493 -0.7140 0.2619
vn 0.8540 -0.1869 -0.4855
vn 0.8841 -0.3911 -0.2558
vn 0.5306 -0.7267 0.4363
vn 0.4758 -0.7246 0.4985
vn 0.2289 -0.5557 0.7992
vn -0.1857 -0.4534 0.8718
vn 0.4389 0.1528 -0.8854
vn -0.0063 -0.2928 0.9561
vn -0.2255 -0.5145 0.8273
vn 0.3401 0.3972 -0.8524
vn 0.3175 0.4515 -0.8339
vn -0.4145 -0.3058 0.8571
vn -0.4780 -0.1707 0.8616
vn -0.3663 0.7344 -0.5714
vn -0.7512 0.6469 -0.1312
vn -0.7484 0.6539 -0.1107
vn 0.9002 -0.4300 -0.0686
vn 0.7113 -0.6719 0.2063
vn 0.8942 -0.3853 -0.2281
vn 0.6740 -0.4479 0.5875
vn 0.3201 -0.6682 0.6715
vn 0.8685 -0.2219 -0.4432
vn 0.4405 -0.6577 0.6111
vn 0.8027 -0.0442 -0.5947
vn 0.3094 -0.6238 0.7177
vn 0.7508 0.0586 -0.6579
vn 0.0292 -0.5814 0.8131
vn 0.5600 0.2400 -0.7930
vn -0.3044 -0.3941 0.8672
vn 0.1884 0.5339 -0.8243
vn 0.0040 0.6199 -0.7847
vn -0.0494 0.6620 -0.7479
vn -0.1529 0.6859 -0.7115
vn -0.2053 0.6859 -0.6982
vn -0.7747 0.1288 0.6191
vn -0.6591 0.3334 0.6741
vn -0.8571 0.3359 0.3907
vn -0.3596 0.7287 -0.5829
vn -0.8293 0.3282 0.4522
vn -0.6229 0.7321 -0.2756
vn -0.8297 0.4951 0.2580
vn 0.8172 -0.5763 -0.0088
vn 0.7701 -0.6317 0.0887
vn 0.7232 -0.6846 0.0913
vn 0.6031 -0.6895 0.4012
vn 0.6783 -0.6387 0.3632
vn 0.8824 -0.2924 -0.3687
vn 0.5660 -0.6694 0.4812
vn 0.4852 -0.6989 0.5255
vn -0.0113 -0.5251 0.8510
vn 0.2095 -0.6120 0.7626
vn 0.5125 0.2905 -0.8080
vn 0.3816 0.4686 -0.7967
vn -0.0798 0.6522 -0.7538
vn -0.6444 0.7211 -0.2545
vn -0.8592 0.4647 0.2141
vn -0.8313 0.5522 0.0631
vn 0.7618 -0.6234 0.1760
vn 0.8609 -0.4744 -0.1837
vn 0.6521 -0.6500 0.3902
vn 0.8214 -0.0383 -0.5691
vn 0.3444 -0.6403 0.6866
vn 0.6788 0.1948 -0.7080
vn 0.2682 -0.6944 0.6678
vn 0.6194 0.1596 -0.7687
vn -0.0591 -0.5128 0.8565
vn 0.4328 0.3827 -0.8162
vn 0.4928 0.3525 -0.7955
vn -0.5631 -0.3016 0.7694
vn -0.4218 -0.3135 0.8507
vn -0.5913 -0.1234 0.7970
vn -0.3865 0.1136 0.9152
vn -0.3996 -0.2651 0.8775
vn -0.3081 0.7249 -0.6161
vn -0.4953 0.7289 -0.4726
vn -0.8759 0.3195 0.3617
vn -0.7879 0.6124 -0.0639
vn -0.8548 0.5087 0.1024
vn 0.8130 -0.5720 0.1088
vn 0.8871 -0.3838 -0.2566
vn 0.7271 -0.6491 0.2236
vn 0.7021 -0.6137 0.3612
vn 0.8813 -0.3401 -0.3281
vn 0.5731 -0.6382 0.5140
vn 0.5284 -0.6407 0.5571
vn 0.6793 0.1135 -0.7250
vn 0.1199 -0.6282 0.7687
vn 0.6740 0.1333 -0.7266
vn -0.1939 -0.4939 0.8476
vn 0.6398 0.2491 -0.7271
vn -0.0511 0.2674 -0.9622
vn 0.2330 0.4728 -0.8498
vn -0.0177 0.6067 -0.7948
vn 0.0767 0.5865 -0.8063
vn -0.7773 0.0597 0.6263
vn -0.8396 0.5266 0.1335
vn 0.8738 -0.4643 -0.1449
vn 0.7465 -0.6063 0.2740
vn 0.6562 -0.6449 0.3918
vn 0.8002 -0.0976 -0.5918
vn 0.3561 -0.6983 0.6210
vn 0.2976 -0.4514 0.8412
vn 0.3986 0.4297 -0.8102
vn 0.5749 0.2721 -0.7716
vn 0.3795 0.3452 -0.8584
vn -0.4071 -0.3879 0.8269
vn -0.5140 -0.1941 0.8356
vn -0.4962 -0.2581 0.8289
vn -0.2390 0.7375 -0.6317
vn -0.1108 0.7823 -0.6130
vn -0.6208 -0.0163 0.7838
vn -0.8171 0.3672 0.4443
vn -0.8577 0.3177 0.4042
vn -0.6721 0.6814 -0.2899
vn -0.6511 0.7534 0.0925
vn -0.9929 -0.1152 -0.0293
vn -0.9276 0.3731 0.0171
vn -0.9893 -0.1434 0.0268
vn 0.8826 -0.3334 -0.3314
vn 0.8363 -0.1685 -0.5218
vn 0.4388 -0.6616 0.6081
vn 0.7549 -0.0143 -0.6557
vn 0.7251 0.1143 -0.6791
vn -0.0968 -0.4960 0.8629
vn 0.1048 0.5764 -0.8105
vn 0.3344 0.4306 -0.8383
vn 0.3471 0.5967 -0.7235
vn -0.6926 -0.2064 0.6912
vn -0.1563 0.6288 -0.7617
vn -0.6303 -0.4759 0.6134
vn -0.3567 0.7826 -0.5102
vn -0.5114 0.7479 -0.4232
vn -0.5843 0.7344 -0.3452
vn -0.8680 0.4547 0.1995
vn -0.6633 0.7095 -0.2379
vn -0.8291 0.5516 0.0916
vn -0.6684 -0.7417 -0.0560
vn -0.8267 -0.5599 -0.0554
vn -0.7216 -0.6919 0.0233
vn -0.7041 -0.7095 0.0304
vn -0.7619 -0.6370 0.1171
vn -0.6477 -0.7613 0.0301
vn -0.9572 -0.1593 -0.2415
vn -0.8810 -0.4540 -0.1331
vn -0.9699 -0.2344 0.0663
vn -0.9703 0.1293 0.2046
vn -0.9712 -0.0219 -0.2372
vn -0.9891 0.0868 -0.1187
vn -0.9252 0.3551 0.1334
vn -0.8594 0.4656 -0.2112
vn -0.8139 0.5785 -0.0538
vn -0.5845 0.8111 0.0201
vn -0.7590 0.6495 0.0453
vn 0.8888 -0.3506 -0.2950
vn 0.8691 -0.4917 -0.0538
vn 0.8471 -0.5304 0.0331
vn 0.7298 -0.6392 0.2426
vn 0.8059 -0.5799 0.1196
vn 0.6659 -0.6865 0.2920
vn 0.5333 -0.6857 0.4953
vn 0.3883 -0.7129 0.5840
vn 0.3868 -0.6963 0.6047
vn 0.1141 -0.6245 0.7727
vn 0.5774 0.2133 -0.7881
vn 0.4735 0.3677 -0.8003
vn -0.1258 -0.4663 0.8757
vn -0.3232 0.6306 -0.7057
vn -0.1666 0.7174 -0.6765
vn -0.3022 0.7541 -0.5830
vn -0.7778 0.1250 0.6159
vn -0.3443 0.7587 -0.5530
vn -0.6827 0.6850 -0.2542
vn -0.7687 0.6315 -0.1016
vn -0.5269 -0.8478 -0.0607
vn -0.4394 -0.8957 0.0674
vn -0.7067 -0.6685 -0.2318
vn -0.8369 -0.5383 0.0993
vn -0.6765 -0.7347 0.0505
vn -0.8793 -0.3943 -0.2671
vn -0.8701 -0.3430 0.3541
vn -0.9503 0.1064 0.2925
vn -0.9551 0.0988 -0.2792
vn -0.6716 0.7052 -0.2274
vn -0.9665 0.2402 0.0910
vn -0.8144 0.5796 0.0286
vn -0.7549 0.6350 -0.1638
vn -0.6700 0.7422 0.0138
vn 0.5983 -0.7070 0.3771
vn 0.9267 -0.1983 -0.3191
vn 0.8634 -0.1631 -0.4775
vn 0.8186 -0.0477 -0.5723
vn 0.6575 0.1371 -0.7409
vn 0.7788 0.0460 -0.6255
vn 0.4760 0.2936 -0.8290
vn -0.4182 0.7003 -0.5785
vn -0.5979 0.6893 -0.4090
vn -0.8241 0.5513 0.1298
vn -0.3662 -0.9301 0.0300
vn -0.3773 -0.9257 0.0275
vn -0.5005 -0.8618 -0.0826
vn -0.5482 -0.8364 -0.0003
vn -0.5339 -0.8200 0.2062
vn -0.8557 -0.4940 0.1539
vn -0.5172 -0.8282 0.2156
vn -0.7008 -0.6708 0.2428
vn -0.7906 -0.5281 -0.3099
vn -0.9042 -0.0580 0.4231
vn -0.8825 0.2028 0.4243
vn -0.9148 0.2264 -0.3345
vn -0.6948 0.6838 0.2228
vn -0.8113 0.5805 -0.0694
vn -0.3975 0.9175 -0.0105
vn -0.9343 0.3135 0.1695
vn -0.9254 0.1666 0.3405
vn -0.9715 0.2333 -0.0416
vn -0.9816 0.0072 -0.1909
vn -0.9679 -0.0081 -0.2513
vn -0.9949 -0.0177 0.0989
vn -0.9989 -0.0093 -0.0451
vn 0.8448 -0.5319 0.0585
vn 0.8726 -0.4879 0.0234
vn 0.8875 -0.2611 -0.3796
vn 0.8886 -0.4107 -0.2041
vn 0.6878 -0.6780 0.2593
vn 0.5421 -0.6794 0.4945
vn 0.1713 -0.7419 0.6483
vn 0.3775 -0.6478 0.6617
vn 0.2551 -0.6025 0.7562
vn 0.0598 -0.5450 0.8363
vn -0.2331 -0.6783 0.6969
vn -0.3236 -0.3446 0.8812
vn 0.3638 0.3958 -0.8432
vn 0.0191 0.6413 -0.7670
vn 0.1244 0.6565 -0.7440
vn -0.6170 -0.0215 0.7867
vn -0.0975 0.7329 -0.6733
vn -0.3506 0.7320 -0.5841
vn -0.7816 0.2543 0.5696
vn -0.6635 0.6471 -0.3754
vn -0.1883 -0.9816 0.0316
vn -0.3561 -0.9342 -0.0209
vn -0.4374 -0.8964 0.0725
vn -0.4617 -0.8645 -0.1988
vn -0.5384 -0.7839 0.3093
vn -0.8279 -0.1026 0.5514
vn -0.8468 -0.3612 -0.3904
vn -0.8033 0.3089 -0.5092
vn -0.6093 0.6751 -0.4159
vn -0.4819 0.8674 -0.1239
vn -0.4285 0.9035 0.0083
vn -0.3594 0.9325 0.0362
vn -0.7661 0.2935 0.5718
vn -0.8924 0.0514 -0.4484
vn -0.9415 -0.0088 0.3368
vn -0.8560 0.0371 -0.5156
vn -0.8320 0.0244 -0.5543
vn -0.8336 0.1023 0.5428
vn -0.9793 0.0778 0.1869
vn -0.7572 -0.0698 -0.6495
vn -0.9365 -0.0222 -0.3501
vn -0.7815 0.1115 0.6139
vn -0.8147 0.0953 0.5720
vn -0.8174 0.0299 -0.5752
vn -0.9994 0.0327 -0.0077
vn -0.9616 0.2083 0.1784
vn -0.9028 -0.0435 -0.4278
vn -0.8964 -0.0884 -0.4344
vn -0.7737 0.0724 0.6294
vn -0.8138 -0.0558 -0.5785
vn -0.9485 0.0526 0.3123
vn -0.6612 -0.0349 -0.7494
vn -0.9017 -0.0061 -0.4324
vn -0.9941 0.1058 -0.0221
vn -0.9680 0.1176 0.2217
vn -0.9904 0.1368 -0.0177
vn -0.9818 -0.0095 -0.1895
vn -0.9310 0.0217 0.3643
vn -0.8085 -0.4494 -0.3800
vn -0.9962 0.0663 -0.0565
vn 0.8727 -0.1177 -0.4739
vn 0.9077 -0.2819 -0.3108
vn 0.5343 -0.7095 0.4594
vn 0.1920 -0.6192 0.7614
vn 0.6059 0.1072 -0.7883
vn -0.1482 -0.4418 0.8848
vn -0.3183 -0.4146 0.8525
vn 0.2330 0.5736 -0.7853
vn -0.5091 -0.1289 0.8510
vn 0.1227 0.6028 -0.7884
vn -0.1847 0.6122 -0.7688
vn -0.8146 0.2994 0.4968
vn -0.8262 0.4578 0.3283
vn -0.7297 0.6674 -0.1487
vn -0.7795 0.6263 0.0124
vn -0.8938 0.4484 0.0057
vn -0.2623 -0.9191 -0.2939
vn -0.2233 -0.9747 0.0038
vn -0.2561 -0.9643 0.0678
vn -0.2435 -0.9541 0.1746
vn -0.3116 -0.9266 -0.2104
vn -0.5416 -0.7945 -0.2747
vn -0.5189 -0.8290 -0.2085
vn -0.5398 -0.7610 0.3598
vn -0.8379 -0.5449 0.0326
vn -0.7203 0.4976 0.4833
vn -0.6823 0.7306 0.0255
vn -0.4102 0.8871 -0.2116
vn -0.2325 0.9691 -0.0827
vn -0.3851 0.9202 -0.0707
vn -0.3744 0.9272 0.0137
vn -0.5316 0.8284 -0.1765
vn -0.9033 0.0359 0.4274
vn -0.6366 0.4768 -0.6061
vn -0.6713 0.2046 -0.7123
vn -0.6404 0.0320 0.7674
vn -0.4337 -0.1129 -0.8940
vn -0.6309 0.1309 0.7647
vn -0.6920 -0.1153 -0.7127
vn -0.6867 -0.1630 -0.7085
vn -0.7065 0.1580 0.6898
vn -0.7705 -0.0009 -0.6375
vn -0.7551 -0.0502 -0.6537
vn -0.7964 0.5369 0.2784
vn -0.8620 -0.0781 -0.5008
vn -0.8572 0.0590 0.5115
vn -0.7801 -0.1566 -0.6058
vn -0.8367 -0.0678 -0.5434
vn -0.8460 0.0822 0.5268
vn -0.8758 0.0825 -0.4755
vn -1.0000 0.0011 -0.0038
vn -0.9762 -0.0885 0.1978
vn -0.9014 0.0000 -0.4329
vn -0.9944 -0.0168 -0.1044
vn -0.9878 0.0704 0.1391
vn -0.9707 0.0749 0.2283
vn -0.9318 0.1172 0.3436
vn -0.9838 0.1700 0.0562
vn -0.9356 0.1218 0.3314
vn -0.9578 0.0033 -0.2873
vn -0.9600 0.0339 -0.2779
vn -0.9858 0.0967 0.1375
vn -0.9821 0.1756 -0.0687
vn 0.9027 -0.3929 -0.1754
vn 0.8285 -0.5592 -0.0287
vn 0.6921 -0.6630 0.2853
vn 0.6843 -0.6426 0.3446
vn 0.8863 -0.1352 -0.4430
vn 0.5809 -0.6402 0.5027
vn 0.7765 0.0224 -0.6298
vn 0.3466 -0.6794 0.6467
vn 0.3359 0.4595 -0.8222
vn -0.4008 0.2575 0.8792
vn 0.1298 0.5932 -0.7946
vn -0.2919 0.6725 -0.6801
vn -0.8411 0.2969 0.4521
vn -0.5478 0.8152 -0.1880
vn -0.6506 0.7583 -0.0420
vn -0.0550 -0.9845 -0.1667
vn -0.2292 -0.9693 -0.0890
vn -0.1127 -0.9936 -0.0087
vn -0.3298 -0.8983 -0.2904
vn -0.3150 -0.8815 0.3517
vn -0.6307 -0.3120 0.7105
vn -0.6813 -0.3306 -0.6531
vn -0.2668 0.0648 -0.9616
vn -0.4287 0.6194 -0.6577
vn -0.2233 0.9592 -0.1734
vn -0.2880 0.9568 -0.0399
vn -0.2247 0.9742 0.0214
vn 0.1716 0.4918 -0.8537
vn -0.5174 0.0753 0.8524
vn -0.5735 -0.1111 -0.8116
vn -0.4078 -0.0502 0.9117
vn -0.7134 0.0520 0.6988
vn -0.5645 -0.1734 -0.8070
vn -0.4149 0.2479 0.8754
vn -0.5025 0.2895 0.8146
vn -0.6312 0.2188 0.7441
vn -0.8000 0.1830 0.5714
vn -0.5128 0.0349 0.8578
vn -0.7529 0.0936 0.6515
vn -0.8971 -0.3203 0.3043
vn -0.5465 0.1285 0.8275
vn -0.4972 -0.0752 -0.8644
vn -0.8852 0.0986 0.4546
vn -0.6389 -0.0323 -0.7687
vn -0.7315 -0.0502 -0.6800
vn -0.7876 0.1027 0.6075
vn -0.8708 0.0821 0.4847
vn -0.9065 -0.1323 -0.4009
vn -0.7035 -0.1172 -0.7010
vn -0.7230 -0.1029 -0.6831
vn -0.7514 0.1827 0.6341
vn -0.8290 -0.0235 -0.5587
vn -0.7051 0.1661 0.6894
vn -0.9140 -0.0105 -0.4057
vn -0.9526 -0.0920 0.2901
vn -0.8823 0.2097 0.4213
vn -0.9900 -0.1008 0.0987
vn -0.9467 -0.0590 -0.3167
vn -0.9707 0.0259 0.2390
vn -0.9575 0.0073 -0.2884
vn -0.9795 0.0427 0.1968
vn -0.8815 0.1807 0.4361
vn -0.9877 0.1104 0.1106
vn -0.8748 -0.0042 -0.4846
vn -0.7959 -0.0681 0.6016
vn -0.9781 0.1145 0.1737
vn -0.9959 0.0196 -0.0878
vn -0.9896 -0.0656 -0.1278
vn -0.9834 0.0094 -0.1814
vn -0.9597 0.0506 0.2766
vn 0.9154 -0.3056 -0.2620
vn 0.7648 -0.6180 0.1822
vn 0.8947 -0.2945 -0.3358
vn 0.6612 -0.6510 0.3729
vn 0.3403 -0.8755 0.3430
vn 0.5034 -0.6611 0.5563
vn 0.4375 -0.6854 0.5821
vn 0.4641 -0.6406 0.6118
vn 0.6779 0.0829 -0.7305
vn 0.2490 -0.7261 0.6409
vn 0.0397 -0.7127 0.7003
vn 0.5616 0.2254 -0.7961
vn -0.3821 -0.4713 0.7949
vn -0.8808 0.2243 0.4170
vn -0.4312 0.6485 -0.6273
vn -0.5632 0.7404 -0.3668
vn -0.6778 0.6949 -0.2403
vn -0.0072 -0.9942 -0.1077
vn 0.0244 -0.9994 0.0253
vn -0.0708 -0.9974 -0.0094
vn -0.0069 -0.9862 0.1654
vn -0.1885 -0.9406 0.2823
vn -0.0079 -0.8316 -0.5553
vn -0.3502 -0.5153 -0.7822
vn -0.2009 0.9675 -0.1538
vn -0.3760 0.4422 0.8143
vn -0.1352 0.9908 0.0034
vn -0.0765 0.9555 -0.2849
vn -0.3326 0.8554 -0.3970
vn -0.3413 -0.0888 -0.9358
vn -0.4200 0.1520 0.8947
vn -0.3075 0.1680 0.9366
vn -0.1624 0.1301 0.9781
vn -0.3442 -0.0947 -0.9341
vn -0.4119 -0.1420 -0.9001
vn -0.4060 -0.1737 -0.8972
vn -0.6068 -0.1203 -0.7857
vn -0.7065 -0.0009 -0.7077
vn -0.4797 0.1424 0.8658
vn -0.4169 0.1161 0.9015
vn -0.6393 0.1150 0.7603
vn -0.5958 0.1332 0.7920
vn -0.6741 0.0386 0.7376
vn -0.6238 0.1490 0.7673
vn -0.7715 0.0147 -0.6361
vn -0.7329 0.1183 0.6700
vn -0.6862 -0.1255 -0.7165
vn -0.8704 -0.1922 -0.4533
vn -0.6594 -0.0719 -0.7483
vn -0.7811 0.1157 0.6136
vn -0.4747 -0.0517 -0.8786
vn -0.9323 -0.1116 -0.3441
vn -0.7818 -0.0424 -0.6221
vn -0.9360 -0.0858 -0.3413
vn -0.7890 -0.1423 -0.5977
vn -0.8799 -0.0822 -0.4679
vn -0.9959 -0.0286 0.0862
vn -0.8967 0.0106 -0.4425
vn -0.7605 -0.1853 -0.6224
vn -0.8434 -0.0056 0.5373
vn -0.9621 -0.0348 -0.2704
vn -0.9716 0.1108 0.2090
vn -0.9330 0.0809 0.3507
vn -0.9434 -0.0393 -0.3293
vn -0.9668 -0.2386 0.0914
vn -0.8300 0.0894 0.5505
vn -0.9548 0.0573 0.2918
vn -0.9774 0.0889 -0.1916
vn -0.9943 0.0856 -0.0629
vn -0.9317 0.3051 0.1973
vn -0.9575 0.0262 -0.2871
vn -0.9962 0.0088 -0.0870
vn -1.0000 -0.0086 0.0036
vn -0.9567 0.2535 0.1428
vn -0.9842 -0.0154 -0.1764
vn -0.9869 -0.0060 -0.1610
vn -0.9755 0.0850 0.2030
vn -0.9914 0.0654 -0.1135
vn 0.8162 -0.5748 0.0588
vn 0.8919 -0.4155 -0.1784
vn 0.8819 -0.2720 -0.3851
vn 0.4260 -0.6842 0.5919
vn 0.8539 -0.2741 -0.4424
vn 0.2869 -0.5561 0.7801
vn -0.0143 -0.5734 0.8192
vn 0.5776 0.2540 -0.7758
vn -0.0938 -0.6622 0.7434
vn 0.3778 0.4656 -0.8003
vn -0.2384 0.0316 0.9706
vn -0.6652 0.0171 0.7465
vn -0.0565 0.6377 -0.7682
vn -0.8533 -0.1551 0.4978
vn -0.9172 -0.0189 0.3981
vn -0.4791 0.7589 -0.4410
vn -0.9024 0.1104 0.4165
vn -0.7460 0.5989 -0.2911
vn -0.9233 0.0954 0.3721
vn -0.9630 0.2154 0.1619
vn -0.0609 -0.9979 0.0218
vn -0.0445 -0.9790 -0.1991
vn 0.1240 -0.9923 0.0043
vn 0.0130 -0.9969 0.0770
vn 0.1234 -0.9489 -0.2904
vn 0.0384 -0.9653 0.2583
vn 0.0547 -0.4995 0.8646
vn -0.3286 0.3436 0.8798
vn 0.1006 -0.2616 -0.9599
vn 0.2010 0.3090 -0.9296
vn 0.0386 0.8817 -0.4702
vn -0.0864 0.9916 -0.0961
vn 0.1176 0.9688 -0.2182
vn -0.1343 0.8600 -0.4923
vn 0.0410 -0.1515 -0.9876
vn 0.2102 0.0915 0.9734
vn -0.1334 -0.1826 -0.9741
vn -0.1983 -0.1361 -0.9707
vn -0.0585 -0.1874 -0.9805
vn -0.3406 -0.1593 -0.9266
vn -0.3039 0.0929 0.9482
vn 0.1217 -0.1804 -0.9760
vn -0.2476 0.1485 0.9574
vn -0.3529 0.1852 0.9171
vn -0.1226 -0.1333 -0.9835
vn -0.3259 -0.2395 0.9146
vn -0.5377 0.0956 0.8377
vn -0.2912 -0.1502 -0.9448
vn -0.3599 0.0528 0.9315
vn -0.4506 -0.1190 -0.8848
vn -0.5803 0.1792 0.7944
vn -0.3852 -0.1481 -0.9109
vn -0.7004 0.1280 0.7022
vn -0.5380 0.1336 0.8323
vn -0.9465 0.1320 -0.2943
vn -0.6588 -0.1147 -0.7435
vn -0.9350 0.0585 0.3498
vn -0.8819 0.0600 0.4676
vn -0.8066 -0.0377 -0.5899
vn -0.8726 -0.1006 -0.4780
vn -0.5459 -0.1210 -0.8291
vn -0.5474 -0.0667 -0.8342
vn -0.7029 0.1655 0.6917
vn -0.7277 0.0952 0.6792
vn -0.7454 0.0805 -0.6617
vn -0.7467 -0.1000 -0.6576
vn -0.8163 -0.0899 -0.5706
vn -0.7965 0.1300 0.5905
vn -0.9094 0.1025 0.4030
vn -0.7968 -0.2895 -0.5304
vn -0.8366 -0.0467 -0.5458
vn -0.9567 0.0841 0.2786
vn -0.9035 -0.0590 -0.4246
vn -0.9715 -0.0394 -0.2336
vn -0.9604 -0.0388 -0.2759
vn -0.8538 -0.0726 -0.5154
vn -0.7738 0.0618 0.6303
vn -0.9657 0.0158 0.2590
vn -0.7529 -0.0731 -0.6540
vn -0.8578 -0.0163 -0.5137
vn -0.9256 0.1191 0.3593
vn -0.8366 0.0854 0.5411
vn -0.9985 0.0416 -0.0349
vn -0.9917 0.0676 0.1090
vn -0.8245 0.1187 0.5533
vn -0.8829 0.0182 -0.4692
vn -0.8669 -0.0139 -0.4983
vn -0.8693 -0.3266 -0.3711
vn -0.8819 0.0852 0.4636
vn -0.9563 0.0516 0.2879
vn -0.9664 -0.0312 -0.2550
vn -0.9970 -0.0685 -0.0363
vn -0.7699 -0.0998 -0.6303
vn -0.9947 -0.0858 0.0569
vn -0.8975 -0.0205 -0.4405
vn -0.9168 0.0634 0.3943
vn -0.9838 0.0225 -0.1777
vn -0.9827 0.0035 -0.1853
vn -0.9806 0.0565 0.1877
vn 0.7923 -0.5998 0.1116
vn 0.8811 -0.3763 -0.2864
vn 0.5745 -0.6719 0.4674
vn 0.8052 0.0365 -0.5919
vn 0.3630 -0.6994 0.6157
vn 0.6207 0.2228 -0.7517
vn -0.5188 -0.5395 0.6632
vn 0.4010 0.4528 -0.7964
vn -0.5044 -0.3791 0.7758
vn -0.6533 -0.4075 0.6381
vn 0.4584 0.3626 -0.8114
vn -0.4623 -0.1525 0.8735
vn 0.2749 0.4034 -0.8728
vn 0.1840 0.5059 -0.8427
vn -0.7978 -0.0167 0.6026
vn 0.1902 0.8384 -0.5108
vn -0.2093 0.6527 -0.7282
vn -0.9117 -0.0884 0.4012
vn -0.4145 0.7655 -0.4922
vn -0.4027 0.8347 -0.3756
vn -0.9550 0.1790 0.2365
vn -0.8571 0.2930 0.4236
vn -0.9623 0.2594 0.0813
vn -0.8856 0.4167 -0.2051
vn -0.9164 0.3927 0.0770
vn -0.9109 0.4030 -0.0884
vn 0.2096 -0.9634 -0.1671
vn 0.1073 -0.9910 -0.0806
vn 0.1626 -0.9858 0.0433
vn 0.1194 -0.9926 0.0226
vn 0.1674 -0.9845 0.0514
vn 0.0599 -0.9784 -0.1979
vn 0.1866 -0.9632 -0.1936
vn -0.0819 -0.8590 0.5055
vn 0.1176 0.9636 -0.2400
vn 0.1059 0.7287 0.6766
vn -0.1862 0.9584 -0.2163
vn -0.0454 0.2096 0.9767
vn 0.0833 0.9913 -0.1023
vn 0.1570 0.9873 0.0225
vn -0.0187 0.9957 -0.0905
vn 0.0325 0.9981 -0.0516
vn -0.0947 0.1865 0.9779
vn 0.1395 -0.1760 -0.9745
vn -0.4481 0.1457 0.8820
vn 0.1961 -0.1247 -0.9726
vn -0.1599 0.0901 0.9830
vn 0.1283 -0.1633 -0.9782
vn 0.2132 0.1325 0.9680
vn -0.0699 0.2421 0.9677
vn -0.1009 -0.0174 -0.9947
vn -0.0046 0.1141 0.9935
vn -0.1354 0.0867 0.9870
vn -0.1417 -0.2289 -0.9631
vn 0.2206 -0.1458 -0.9644
vn -0.2505 -0.0974 -0.9632
vn -0.0858 -0.1271 -0.9882
vn -0.2142 0.1406 0.9666
vn -0.0594 0.1232 0.9906
vn -0.3622 -0.0089 0.9321
vn -0.4820 -0.1270 -0.8669
vn -0.2898 0.1645 0.9428
vn -0.3975 -0.1017 -0.9120
vn -0.3288 0.2100 0.9208
vn -0.5928 -0.0890 -0.8004
vn -0.2395 -0.1736 -0.9553
vn -0.3474 0.1796 0.9204
vn -0.4710 0.1247 0.8733
vn -0.4795 -0.1396 -0.8664
vn -0.4113 0.1147 0.9043
vn -0.6509 -0.0615 -0.7566
vn -0.4021 0.1466 0.9038
vn -0.6356 0.1687 0.7534
vn -0.6353 -0.1479 -0.7580
vn -0.7390 0.1168 0.6635
vn -0.5010 0.2036 0.8411
vn -0.5512 -0.1117 -0.8269
vn -0.4811 0.1465 0.8644
vn -0.5549 -0.1420 -0.8197
vn -0.8184 0.1471 0.5556
vn -0.6776 -0.0187 -0.7352
vn -0.6612 0.1560 0.7338
vn -0.6726 0.1439 0.7258
vn -0.7657 -0.0198 -0.6429
vn -0.8178 0.0575 0.5726
vn -0.7536 -0.1459 -0.6410
vn -0.6429 -0.0221 -0.7656
vn -0.7631 0.1550 0.6274
vn -0.3943 -0.1439 -0.9076
vn -0.7100 0.1203 0.6939
vn -0.5570 -0.1255 -0.8210
vn -0.8229 0.1168 0.5561
vn -0.7659 0.1854 0.6156
vn -0.7919 -0.1271 -0.5973
vn -0.7613 0.1224 0.6367
vn -0.6582 -0.0990 -0.7463
vn -0.5967 0.1607 0.7862
vn -0.8045 -0.0449 -0.5923
vn -0.7609 0.1090 0.6397
vn -0.8111 -0.0411 -0.5835
vn -0.9675 0.0782 0.2404
vn -0.7686 -0.1001 -0.6319
vn -0.8197 0.1189 0.5603
vn -0.8439 -0.0404 -0.5350
vn -0.9971 0.0181 0.0742
vn -0.9632 0.0482 0.2644
vn -0.9952 0.0374 -0.0904
vn -0.8724 -0.0020 0.4887
vn -0.8142 0.2077 0.5422
vn -0.9561 0.0182 -0.2925
vn -0.9620 0.0112 -0.2729
vn -0.8499 0.1139 0.5144
vn -0.9882 0.0394 0.1479
vn -0.9857 0.0371 0.1643
vn -0.9967 -0.0219 -0.0781
vn -0.9877 0.0292 -0.1534
vn -0.9760 -0.1127 0.1864
vn -0.9740 0.0425 -0.2224
vn -0.9583 0.0908 0.2708
vn -0.9895 0.0909 0.1127
vn 0.8733 -0.4787 0.0904
vn 0.8436 -0.5363 -0.0275
vn -0.9979 -0.0322 -0.0569
vn 0.7622 -0.6172 0.1952
vn -0.9680 -0.1534 0.1988
vn 0.8739 -0.4504 -0.1827
vn 0.5781 -0.6559 0.4854
vn 0.3781 -0.6848 0.6230
vn 0.3179 -0.6944 0.6455
vn -0.0990 -0.7877 0.6080
vn 0.7115 0.1428 -0.6880
vn -0.7971 -0.5198 0.3074
vn -0.7272 -0.5217 0.4460
vn -0.3981 -0.5691 0.7194
vn -0.6158 -0.4804 0.6245
vn -0.9464 -0.1142 0.3021
vn -0.8062 -0.2407 0.5404
vn -0.8536 -0.1953 0.4830
vn 0.1455 0.5247 -0.8388
vn -0.8133 -0.3062 0.4947
vn -0.8180 -0.1806 0.5461
vn -0.8410 0.0122 0.5408
vn -0.2598 0.7148 -0.6493
vn 0.2850 -0.9533 -0.1001
vn 0.2591 -0.9655 0.0274
vn 0.1796 -0.9691 -0.1690
vn 0.4239 -0.8885 0.1758
vn 0.0881 -0.9408 0.3273
vn 0.4826 0.2444 0.8410
vn 0.2315 0.9687 0.0895
vn 0.0346 0.9932 -0.1110
vn 0.0202 0.9994 -0.0288
vn 0.0962 0.9953 0.0111
vn -0.1739 0.0300 0.9843
vn -0.0589 0.9974 0.0417
vn 0.3944 0.8100 -0.4339
vn 0.5016 0.1335 -0.8548
vn 0.3989 0.1184 0.9093
vn 0.5076 -0.1849 -0.8415
vn 0.0779 0.1478 0.9859
vn 0.2478 -0.1735 -0.9532
vn 0.3797 -0.0698 0.9225
vn 0.0968 0.1772 0.9794
vn 0.3107 0.1269 0.9420
vn 0.1406 -0.1692 -0.9755
vn 0.2367 -0.1804 -0.9547
vn 0.2083 0.1128 0.9715
vn -0.0957 -0.1358 -0.9861
vn -0.1191 0.2512 0.9606
vn -0.0502 -0.1173 -0.9918
vn -0.1925 0.1179 0.9742
vn -0.0049 0.1248 0.9922
vn -0.2219 0.1422 0.9647
vn -0.1369 -0.1881 -0.9726
vn -0.0792 -0.2032 -0.9759
vn 0.0266 -0.0720 -0.9971
vn -0.2952 -0.1616 -0.9416
vn 0.0368 0.3162 0.9480
vn -0.3431 -0.1221 -0.9314
vn -0.3292 -0.1372 -0.9342
vn -0.0141 -0.5682 -0.8228
vn -0.3854 -0.1679 -0.9074
vn -0.4251 0.1031 0.8992
vn -0.3116 -0.1584 -0.9369
vn -0.2364 0.0967 0.9668
vn -0.5140 -0.0813 -0.8540
vn -0.4454 -0.1564 -0.8816
vn -0.2629 -0.1504 -0.9530
vn -0.6035 -0.0994 -0.7911
vn -0.5983 -0.1059 -0.7942
vn -0.3639 -0.0914 -0.9270
vn -0.6634 0.1969 0.7219
vn -0.6638 -0.1717 -0.7279
vn -0.5059 0.1454 0.8503
vn -0.5186 0.1475 0.8422
vn -0.6594 -0.0881 -0.7466
vn -0.5763 -0.1112 -0.8096
vn -0.6249 0.0720 -0.7774
vn -0.5694 0.1418 -0.8097
vn -0.3638 -0.0878 0.9273
vn -0.8215 0.0987 0.5617
vn -0.7708 -0.0531 -0.6349
vn -0.7742 -0.0598 -0.6301
vn -0.7955 -0.0509 -0.6038
vn -0.9630 0.0659 0.2613
vn -0.7422 0.1987 0.6400
vn -0.8467 -0.0772 -0.5265
vn -0.9757 -0.0150 -0.2186
vn -0.7924 -0.0523 -0.6078
vn -0.8905 0.0658 0.4502
vn -0.8862 -0.0451 -0.4611
vn -0.8282 -0.0402 -0.5590
vn -0.8389 0.1267 0.5293
vn -0.9287 -0.0640 -0.3652
vn -0.8900 0.0051 -0.4560
vn -0.8839 0.4459 0.1411
vn -0.8387 0.1377 0.5269
vn -0.9046 0.1551 0.3971
vn 0.8659 -0.2403 -0.4387
vn -0.9953 -0.0574 -0.0777
vn 0.5203 -0.7067 0.4794
vn 0.7721 -0.1029 -0.6272
vn 0.8697 -0.1109 -0.4810
vn -0.9283 -0.0107 -0.3717
vn -0.9534 0.0469 0.2981
vn 0.8430 -0.0655 -0.5339
vn -0.9992 0.0373 0.0142
vn 0.0099 -0.8789 0.4769
vn -0.8883 -0.3810 -0.2566
vn -0.8758 0.1179 0.4681
vn -0.9967 -0.0192 -0.0785
vn -0.9689 0.0679 0.2381
vn 0.6664 0.2231 -0.7115
vn 0.4699 0.3202 -0.8226
vn -0.9378 0.0175 0.3468
vn -0.8778 -0.0712 0.4737
vn 0.0777 0.4452 -0.8921
vn -0.0184 0.6347 -0.7725
vn -0.6745 -0.1642 0.7198
vn -0.1338 0.7124 -0.6889
vn -0.6297 0.5417 -0.5568
vn -0.7322 0.4724 -0.4907
vn -0.7240 0.2608 0.6386
vn -0.7180 0.5835 -0.3795
vn -0.8237 0.4923 -0.2814
vn -0.8334 0.5394 -0.1207
vn -0.6915 0.7223 -0.0038
vn 0.1218 -0.9850 0.1227
vn 0.3193 -0.9317 0.1730
vn 0.4663 -0.7112 0.5261
vn 0.5894 -0.1163 -0.7994
vn 0.1678 0.2992 0.9393
vn 0.4863 0.7366 -0.4701
vn 0.3678 0.8979 -0.2419
vn 0.2452 0.9660 -0.0815
vn 0.2102 0.9775 -0.0172
vn 0.0839 0.9963 0.0191
vn 0.2560 0.9444 -0.2065
vn 0.5080 0.7950 -0.3314
vn 0.8088 0.2402 -0.5368
vn 0.6325 0.0935 0.7689
vn 0.6619 0.0807 0.7452
vn 0.5078 -0.0668 -0.8589
vn 0.5441 -0.1862 -0.8181
vn 0.5143 -0.1568 -0.8431
vn 0.4017 -0.1708 -0.8997
vn 0.3452 0.3458 -0.8725
vn 0.1568 0.1559 0.9752
vn 0.4433 -0.6310 -0.6366
vn -0.0502 0.1001 0.9937
vn 0.2422 0.1035 0.9647
vn 0.1239 -0.1563 -0.9799
vn -0.0012 0.1118 0.9937
vn 0.2379 -0.1448 -0.9604
vn 0.0359 -0.1376 -0.9898
vn -0.1651 -0.2051 -0.9647
vn 0.0408 0.1593 0.9864
vn 0.0174 0.3575 0.9338
vn 0.1493 -0.2307 -0.9615
vn 0.0837 -0.2258 -0.9706
vn 0.0866 -0.2013 -0.9757
vn -0.1814 0.1249 0.9754
vn 0.0333 -0.1521 -0.9878
vn -0.0278 0.1248 0.9918
vn -0.2084 -0.1256 -0.9699
vn 0.2356 -0.1675 -0.9573
vn 0.2019 0.0104 -0.9794
vn -0.6103 0.1469 0.7784
vn -0.1827 -0.2199 -0.9583
vn -0.1484 0.1494 0.9776
vn -0.2177 0.1376 0.9663
vn -0.3063 -0.1298 -0.9431
vn -0.2774 0.1662 0.9463
vn -0.0454 -0.0831 -0.9955
vn -0.3290 0.0065 0.9443
vn -0.1471 0.1908 0.9706
vn -0.2292 -0.1518 -0.9615
vn -0.5299 0.1213 0.8393
vn -0.2275 0.1299 0.9651
vn -0.4912 0.1686 0.8546
vn -0.4489 -0.1459 -0.8816
vn -0.3939 -0.0954 -0.9142
vn -0.6047 0.1339 0.7851
vn -0.4619 -0.0615 -0.8848
vn -0.4056 -0.1634 -0.8993
vn -0.3099 0.1218 0.9429
vn -0.6178 0.1103 0.7786
vn -0.6891 0.0177 0.7245
vn -0.3623 -0.1426 -0.9211
vn -0.4490 -0.3692 -0.8137
vn -0.4690 0.1464 0.8710
vn -0.5212 -0.1120 -0.8460
vn -0.5722 -0.1052 -0.8133
vn -0.6909 0.1324 0.7107
vn -0.5836 -0.1298 -0.8016
vn -0.6189 0.1313 0.7744
vn -0.8054 -0.0678 -0.5888
vn -0.7543 -0.0012 -0.6565
vn -0.6790 -0.0240 0.7338
vn -0.6163 -0.0975 -0.7815
vn -0.7617 -0.0551 -0.6456
vn -0.7832 0.1094 0.6121
vn -0.6514 -0.0885 -0.7536
vn -0.7533 0.1035 0.6495
vn -0.7239 -0.0996 -0.6827
vn -0.6974 -0.0629 -0.7139
vn 0.8100 -0.5857 0.0292
vn 0.8789 -0.4548 -0.1437
vn 0.8154 -0.5680 0.1119
vn 0.6926 -0.6400 0.3326
vn -0.5696 -0.6321 -0.5253
vn -0.8240 0.1208 0.5536
vn 0.7505 -0.5620 0.3478
vn 0.2932 -0.7498 0.5931
vn -0.6455 0.2706 0.7142
vn -0.8284 -0.1802 -0.5304
vn -0.4083 -0.8851 -0.2235
vn -0.8937 -0.3027 -0.3312
vn 0.7552 0.0354 -0.6545
vn 0.3211 0.4314 -0.8431
vn -0.7482 -0.2030 0.6317
vn -0.4112 0.6835 -0.6031
vn -0.7214 0.3983 0.5665
vn -0.5871 0.6364 -0.5004
vn -0.5489 0.5318 -0.6449
vn -0.6221 0.3934 0.6769
vn -0.6128 0.5252 -0.5905
vn -0.8078 0.4989 0.3139
vn -0.5849 0.6608 0.4704
vn -0.7520 0.6324 0.1857
vn -0.5262 0.7779 0.3434
vn 0.2267 -0.9740 0.0066
vn 0.3076 -0.9511 0.0277
vn 0.4535 -0.8481 -0.2742
vn 0.3281 -0.9412 -0.0810
vn 0.5577 -0.7916 0.2497
vn 0.7602 -0.5390 0.3628
vn 0.8235 0.1357 0.5508
vn 0.8313 0.2664 -0.4878
vn 0.6968 0.5008 0.5135
vn 0.3394 0.9377 -0.0742
vn 0.2009 0.9768 -0.0744
vn 0.5643 0.4093 0.7169
vn 0.2831 0.9562 -0.0749
vn 0.2580 0.9653 -0.0396
vn 0.1120 0.9928 -0.0427
vn 0.5342 0.0458 0.8441
vn 0.7160 -0.1911 -0.6714
vn 0.4859 0.1120 0.8668
vn 0.3206 0.0890 0.9430
vn 0.3699 -0.2127 -0.9044
vn 0.6676 -0.1837 -0.7215
vn 0.5783 -0.1971 -0.7917
vn 0.3639 -0.0554 -0.9298
vn 0.2498 0.1544 0.9559
vn 0.5229 0.1085 0.8454
vn 0.4950 -0.2015 -0.8452
vn 0.5459 -0.0891 -0.8331
vn 0.5605 -0.1532 -0.8139
vn 0.6542 0.2009 -0.7292
vn 0.2184 0.0495 0.9746
vn 0.3821 0.2926 0.8766
vn 0.3563 0.0668 0.9320
vn 0.2913 0.1023 0.9512
vn 0.0107 0.1446 0.9894
vn 0.2188 -0.0363 -0.9751
vn -0.0673 -0.1429 -0.9875
vn -0.1497 0.1268 0.9806
vn -0.0084 0.0664 0.9978
vn 0.1681 0.0744 0.9830
vn 0.1059 -0.1688 -0.9799
vn -0.2146 0.1411 0.9665
vn 0.0818 -0.1635 -0.9831
vn -0.0031 -0.1609 -0.9870
vn -0.0656 -0.2324 -0.9704
vn -0.4541 0.1483 0.8785
vn -0.0164 -0.1389 -0.9902
vn 0.0091 -0.2069 -0.9783
vn -0.3499 0.1919 0.9169
vn -0.2460 -0.1264 -0.9610
vn -0.1731 0.1499 0.9734
vn -0.0305 -0.1018 -0.9943
vn -0.3754 0.1001 0.9215
vn 0.0071 -0.1208 -0.9926
vn -0.1647 -0.2924 -0.9420
vn -0.3649 0.1356 0.9211
vn -0.6530 -0.1101 -0.7493
vn -0.5965 0.1276 0.7924
vn -0.6443 0.1411 0.7516
vn -0.5755 -0.1569 -0.8026
vn -0.4946 -0.0970 -0.8637
vn -0.4392 0.1328 0.8885
vn -0.4501 -0.1313 -0.8833
vn -0.5513 0.1379 0.8229
vn -0.5827 -0.1435 -0.7999
vn -0.8379 0.0912 0.5381
vn -0.5824 0.1425 0.8003
vn -0.6964 0.1247 0.7067
vn -0.6002 0.1220 0.7905
vn -0.6309 0.1378 0.7635
vn -0.6988 0.1312 0.7031
vn -0.4629 -0.1541 -0.8729
vn -0.6508 0.0482 0.7577
vn 0.6655 -0.6618 0.3453
vn 0.6651 -0.7194 0.2005
vn -0.4535 -0.4300 -0.7807
vn 0.8719 -0.1785 -0.4560
vn 0.8732 -0.1762 -0.4543
vn 0.8127 -0.0371 -0.5815
vn -0.8741 -0.0234 0.4853
vn 0.6323 0.0966 -0.7687
vn -0.7309 0.1115 0.6733
vn -0.8763 -0.2083 0.4344
vn 0.3929 0.3463 -0.8519
vn 0.4704 0.5849 -0.6607
vn -0.5241 -0.1308 0.8415
vn 0.1946 0.5520 -0.8109
vn -0.5127 0.0555 0.8568
vn -0.2438 0.4273 -0.8706
vn -0.4049 0.5032 -0.7634
vn -0.5479 0.3868 0.7418
vn -0.6606 0.5007 0.5594
vn -0.5533 0.6173 -0.5593
vn -0.7630 0.5288 -0.3717
vn 0.3760 -0.9264 -0.0201
vn 0.3496 -0.9368 0.0094
vn 0.7947 -0.5859 -0.1584
vn 0.4475 -0.8832 -0.1405
vn 0.5531 -0.8003 -0.2317
vn 0.6952 -0.6988 -0.1683
vn 0.7344 -0.4390 0.5176
vn 0.7408 -0.4451 -0.5030
vn 0.4565 0.8655 -0.2059
vn 0.3911 0.9179 -0.0676
vn 0.6020 0.4742 -0.6424
vn 0.8768 0.1799 0.4460
vn 0.4493 0.8932 0.0198
vn 0.9540 0.0027 0.2999
vn 0.8395 0.0341 0.5424
vn 0.7260 0.4396 0.5288
vn 0.8430 -0.1130 -0.5259
vn 0.9072 -0.1231 -0.4024
vn 0.7611 0.0336 0.6477
vn 0.6854 0.0724 0.7245
vn 0.7387 -0.1352 -0.6603
vn 0.7608 0.0732 0.6448
vn 0.6207 0.1121 0.7760
vn 0.6791 0.0437 0.7328
vn 0.6853 0.0869 0.7230
vn 0.6224 0.0450 0.7814
vn 0.7239 0.1118 0.6808
vn 0.5849 0.1465 0.7977
vn 0.3825 0.1550 0.9108
vn 0.5844 -0.1722 -0.7930
vn 0.2224 -0.1983 -0.9546
vn 0.3460 -0.1262 -0.9297
vn 0.2882 0.1659 0.9431
vn 0.1921 -0.3968 -0.8976
vn 0.3692 -0.1984 -0.9079
vn 0.1403 0.2044 0.9688
vn 0.5318 -0.0942 -0.8416
vn 0.2420 0.1026 0.9648
vn 0.2091 0.1669 0.9636
vn -0.0833 -0.1354 -0.9873
vn -0.0755 -0.1298 -0.9887
vn -0.0611 0.1451 0.9875
vn 0.2492 -0.1439 -0.9577
vn -0.0865 -0.2265 -0.9701
vn -0.1346 0.1588 0.9781
vn 0.0188 0.1007 0.9947
vn -0.1804 -0.2244 -0.9577
vn 0.0423 0.1155 0.9924
vn 0.0155 -0.4136 -0.9103
vn -0.3334 -0.2096 -0.9192
vn -0.1089 0.1863 0.9764
vn -0.3185 0.1970 0.9272
vn -0.2598 0.2015 0.9444
vn -0.2435 -0.1634 -0.9560
vn -0.0564 -0.2020 -0.9778
vn -0.5239 0.1336 0.8413
vn -0.3060 -0.1966 -0.9315
vn -0.3589 0.1482 0.9215
vn -0.5672 -0.1060 -0.8167
vn -0.4089 -0.0937 -0.9078
vn -0.4269 -0.2490 -0.8694
vn -0.3982 -0.1016 -0.9117
vn -0.4459 0.1239 0.8865
vn -0.5281 -0.1736 -0.8312
vn -0.3827 0.1514 0.9114
vn -0.6215 0.1823 0.7619
vn 0.8746 -0.4841 -0.0272
vn 0.9009 -0.3222 -0.2910
vn -0.5282 0.2536 0.8104
vn 0.9517 -0.0161 -0.3068
vn -0.3971 0.0878 0.9136
vn 0.7545 0.0400 -0.6551
vn 0.5717 0.2207 -0.7902
vn -0.7327 0.0016 0.6806
vn 0.6058 0.2050 -0.7688
vn -0.6932 -0.0700 0.7173
vn -0.5276 -0.1090 0.8425
vn -0.6589 0.0428 0.7510
vn -0.0052 0.6495 -0.7604
vn -0.4699 0.2720 0.8398
vn -0.4836 0.6066 -0.6309
vn 0.5061 -0.8583 0.0847
vn 0.8923 -0.3519 -0.2829
vn 0.8867 -0.3121 -0.3411
vn 0.9125 -0.2678 0.3093
vn 0.8805 0.1507 0.4494
vn 0.8223 0.4412 -0.3595
vn 0.8265 0.5113 -0.2354
vn 0.6559 0.7542 -0.0301
vn 0.4815 0.8660 -0.1350
vn 0.7495 0.6570 -0.0814
vn 0.5102 0.8569 -0.0731
vn 0.4035 0.9137 -0.0477
vn 0.3556 0.9341 0.0316
vn 0.5139 0.8548 0.0725
vn 0.4091 0.9105 0.0604
vn 0.9418 0.3325 -0.0492
vn 0.8659 0.4999 -0.0180
vn 0.9970 -0.0001 -0.0777
vn 0.9798 0.0350 0.1971
vn 0.9598 -0.0894 0.2663
vn 0.9906 -0.0591 -0.1235
vn 0.9608 -0.1107 0.2543
vn 0.8795 -0.0207 0.4754
vn 0.9844 -0.1186 -0.1302
vn 0.8339 -0.1724 -0.5243
vn 0.9860 -0.0361 0.1631
vn 0.8871 0.3877 0.2506
vn 0.9114 -0.0501 0.4084
vn 0.8525 -0.1714 -0.4939
vn 0.9532 -0.1074 -0.2825
vn 0.9232 -0.0038 -0.3843
vn 0.8648 -0.1206 -0.4874
vn 0.9177 -0.1455 -0.3697
vn 0.8768 0.0888 0.4727
vn 0.9748 -0.0005 -0.2231
vn 0.8097 -0.1019 -0.5780
vn 0.8671 -0.1016 0.4877
vn 0.5498 -0.1675 -0.8183
vn 0.8299 0.0128 0.5578
vn 0.6766 -0.1803 -0.7139
vn 0.7217 0.1198 0.6818
vn 0.4146 0.1055 0.9039
vn 0.6875 0.0644 0.7234
vn 0.7526 -0.0109 0.6584
vn 0.6451 0.0124 0.7640
vn 0.7802 -0.0463 -0.6238
vn 0.5967 -0.0439 -0.8012
vn 0.3959 0.1144 0.9111
vn 0.5759 -0.1614 -0.8014
vn 0.5448 0.1288 0.8286
vn 0.6320 -0.1893 -0.7515
vn 0.3135 -0.1555 -0.9368
vn 0.4066 0.1542 0.9005
vn 0.3045 0.1158 0.9454
vn 0.2761 -0.1701 -0.9460
vn 0.1359 0.1575 0.9781
vn 0.0790 0.1568 0.9845
vn 0.1735 -0.2610 -0.9496
vn 0.1224 0.0793 0.9893
vn 0.1271 -0.1527 -0.9801
vn 0.1915 -0.1433 -0.9710
vn 0.2382 0.1556 0.9587
vn 0.0364 0.1566 0.9870
vn 0.0938 -0.1864 -0.9780
vn 0.1332 -0.1283 -0.9827
vn -0.1092 0.2106 0.9715
vn 0.1327 -0.1758 -0.9754
vn -0.0858 -0.0558 -0.9947
vn -0.2140 0.1031 0.9714
vn 0.1170 -0.0942 -0.9887
vn -0.1069 -0.1599 -0.9813
vn 0.1005 -0.1844 -0.9777
vn -0.0659 -0.1865 -0.9802
vn 0.1952 -0.1709 -0.9658
vn -0.0992 -0.2023 -0.9743
vn -0.2785 0.1018 0.9550
vn -0.3940 0.2771 -0.8764
vn -0.2720 -0.1279 -0.9537
vn -0.1520 -0.1615 -0.9751
vn -0.2390 0.1405 0.9608
vn -0.3055 0.1415 0.9416
vn -0.0123 -0.1260 -0.9920
vn -0.4117 0.1177 0.9037
vn -0.2992 -0.1748 -0.9380
vn -0.5433 0.1456 0.8268
vn -0.2377 0.1953 0.9515
vn -0.3586 0.1544 0.9206
vn -0.1544 -0.0948 -0.9835
vn -0.2461 -0.0670 -0.9669
vn -0.4908 -0.2158 -0.8442
vn 0.9063 -0.3493 -0.2379
vn 0.8150 -0.5701 0.1037
vn 0.6612 -0.7289 -0.1772
vn 0.2269 -0.8202 -0.5251
vn -0.5850 0.1166 0.8026
vn -0.7493 0.0958 0.6553
vn -0.4623 0.1053 0.8805
vn 0.4456 0.3341 -0.8306
vn 0.3311 0.4216 -0.8442
vn 0.3647 0.4533 -0.8133
vn 0.4045 0.4430 -0.8001
vn -0.3279 -0.0581 -0.9429
vn -0.3954 0.4611 0.7944
vn -0.3870 0.5021 -0.7734
vn -0.2532 0.5680 -0.7831
vn -0.4125 0.6511 0.6372
vn 0.6057 -0.7955 -0.0181
vn 0.5383 -0.8427 -0.0100
vn 0.5097 -0.8599 0.0282
vn 0.8483 -0.5160 0.1193
vn 0.6865 -0.7160 0.1267
vn 0.7632 -0.6342 0.1237
vn 0.9550 0.0417 -0.2936
vn 0.9741 0.0423 0.2223
vn 0.9632 0.1158 0.2424
vn 0.9060 -0.3600 0.2227
vn 0.9275 0.3424 0.1497
vn 0.8535 0.3042 -0.4232
vn 0.6917 0.7178 -0.0791
vn 0.6857 0.7237 -0.0776
vn 0.6790 0.7291 -0.0856
vn 0.6847 0.7224 0.0963
vn 0.7976 0.5740 0.1851
vn 0.6082 0.7913 -0.0624
vn 0.4925 0.8697 -0.0335
vn 0.9912 0.0300 0.1290
vn 0.9886 -0.1002 -0.1123
vn 0.9597 -0.0117 0.2808
vn 0.9961 -0.0424 -0.0777
vn 0.9784 0.0197 0.2059
vn 0.9640 0.0100 0.2658
vn 0.9584 -0.2140 0.1889
vn 0.9158 -0.3678 0.1612
vn 0.9570 -0.0176 0.2895
vn 0.9827 -0.0768 -0.1686
vn 0.9074 -0.0211 0.4198
vn 0.7935 0.1248 0.5956
vn 0.9462 0.2652 0.1855
vn 0.8680 0.0012 0.4966
vn 0.9807 0.0174 0.1949
vn 0.8079 -0.1269 -0.5755
vn 0.9619 0.0276 0.2720
vn 0.9146 -0.0935 -0.3934
vn 0.9786 -0.0584 -0.1975
vn 0.8510 0.0614 0.5216
vn 0.6785 -0.1745 -0.7136
vn 0.9429 -0.0950 -0.3192
vn 0.8878 0.4001 0.2276
vn 0.8071 -0.1565 -0.5692
vn 0.7780 0.0185 0.6280
vn 0.7758 -0.0821 -0.6257
vn 0.6306 0.1549 0.7605
vn 0.7296 -0.2212 -0.6470
vn 0.7403 -0.3673 -0.5630
vn 0.5618 -0.1954 -0.8038
vn 0.4390 -0.1854 -0.8791
vn 0.6128 -0.1363 -0.7784
vn 0.4414 -0.0327 -0.8967
vn 0.6488 -0.1456 -0.7469
vn 0.7570 -0.1519 -0.6355
vn 0.6127 -0.2783 -0.7397
vn 0.5743 0.0523 0.8170
vn 0.3932 -0.1772 -0.9022
vn 0.5190 -0.2142 -0.8275
vn 0.4735 0.1088 0.8740
vn 0.2839 -0.1370 -0.9490
vn 0.3599 0.0924 0.9284
vn -0.2903 0.0561 0.9553
vn 0.1312 0.2231 0.9659
vn 0.3289 -0.1923 -0.9246
vn 0.0837 0.0514 -0.9952
vn 0.2092 0.1072 0.9720
vn 0.2482 0.1084 0.9626
vn 0.4056 -0.0895 -0.9097
vn 0.1251 0.1468 0.9812
vn 0.1574 0.1011 0.9823
vn 0.1180 0.1365 0.9836
vn -0.3406 0.0318 0.9397
vn -0.2144 0.1127 0.9702
vn 0.1409 -0.2674 -0.9532
vn -0.2093 0.1141 0.9712
vn 0.2121 -0.1064 -0.9714
vn 0.2508 -0.2054 -0.9460
vn -0.1037 0.0978 0.9898
vn -0.2443 -0.1113 -0.9633
vn 0.1183 -0.0809 -0.9897
vn 0.1097 0.1528 0.9821
vn -0.2998 -0.1317 -0.9449
vn -0.1950 0.1056 0.9751
vn -0.1704 0.0981 0.9805
vn -0.4019 -0.1578 -0.9020
vn -0.2278 0.0480 0.9725
vn -0.4059 0.2020 0.8913
vn -0.0465 -0.2216 -0.9740
vn 0.8545 -0.5127 0.0834
vn 0.7660 -0.0518 -0.6407
vn 0.6832 0.0700 -0.7269
vn -0.2454 0.0153 0.9693
vn 0.2403 0.5335 -0.8109
vn 0.2394 0.1366 -0.9613
vn -0.3397 0.1433 0.9296
vn -0.2847 0.3990 0.8716
vn -0.1812 0.4991 0.8474
vn -0.0114 0.9536 -0.3007
vn -0.3097 0.7807 0.5428
vn -0.1126 0.6879 0.7170
vn -0.2594 0.9264 -0.2730
vn 0.9951 -0.0988 -0.0094
vn 0.6946 -0.7190 0.0228
vn 0.4150 -0.8410 0.3472
vn 0.9573 -0.2775 0.0813
vn 0.8549 -0.5063 -0.1129
vn 0.7903 -0.6127 0.0069
vn 0.8695 -0.4837 0.1001
vn 0.9559 0.2132 -0.2020
vn 0.8842 -0.4281 0.1871
vn 0.9645 0.2222 0.1429
vn 0.8086 0.5793 -0.1027
vn 0.9239 0.3441 0.1675
vn 0.9789 0.1671 -0.1179
vn 0.9353 0.3472 -0.0676
vn 0.8054 0.5906 -0.0501
vn 0.9159 0.3975 0.0554
vn 0.7158 0.6978 0.0273
vn 0.8425 0.5351 0.0616
vn 0.9645 -0.0809 -0.2514
vn 0.9970 -0.0178 0.0748
vn 0.9616 0.0030 0.2746
vn 0.9774 -0.1643 0.1328
vn 0.9477 -0.1425 -0.2856
vn 0.9910 -0.0807 0.1064
vn 0.8940 -0.1389 0.4261
vn 0.9950 0.0203 -0.0975
vn 0.9332 -0.0565 0.3549
vn 0.7947 -0.4436 0.4144
vn 0.9540 0.2299 0.1923
vn 0.8521 -0.1364 -0.5053
vn 0.8320 0.0641 0.5511
vn 0.7344 0.0972 0.6717
vn 0.9725 -0.0251 -0.2316
vn 0.9489 0.0731 0.3071
vn 0.8815 -0.1257 -0.4551
vn 0.7940 0.0727 0.6036
vn 0.8520 -0.0220 0.5231
vn 0.6823 -0.1031 0.7238
vn 0.8036 0.0145 0.5950
vn 0.7311 0.0230 0.6819
vn 0.6551 0.0488 0.7540
vn 0.5590 -0.3987 -0.7270
vn 0.5621 -0.1344 -0.8161
vn 0.5552 -0.1078 0.8247
vn 0.7840 -0.1162 -0.6097
vn 0.5277 0.1368 0.8383
vn 0.4373 -0.1847 -0.8801
vn 0.5156 -0.1290 -0.8470
vn 0.5476 -0.1353 -0.8258
vn 0.3902 0.1898 0.9010
vn 0.3894 -0.2000 -0.8991
vn 0.3164 -0.1963 -0.9281
vn 0.4095 0.1340 0.9024
vn 0.4863 -0.1179 -0.8658
vn 0.1712 0.1594 -0.9723
vn 0.2669 -0.2148 -0.9395
vn 0.2509 0.2011 0.9469
vn -0.0325 0.2202 0.9749
vn -0.0611 0.4661 0.8826
vn 0.1787 0.0763 0.9809
vn 0.2867 -0.1612 -0.9444
vn 0.1264 0.0724 0.9893
vn 0.2472 -0.1618 -0.9554
vn -0.0599 -0.2074 -0.9764
vn 0.1854 -0.2011 -0.9619
vn 0.4019 0.0163 -0.9155
vn -0.1910 0.2363 0.9527
vn 0.1846 0.1578 0.9701
vn 0.1451 0.1694 0.9748
vn -0.0025 -0.9649 -0.2627
vn 0.8543 -0.5166 -0.0570
vn 0.7923 -0.6039 -0.0868
vn 0.8563 -0.1641 -0.4898
vn 0.8743 -0.3451 -0.3415
vn 0.7093 0.1857 -0.6801
vn 0.5115 0.2825 -0.8115
vn -0.3025 -0.1328 0.9438
vn -0.1602 0.2382 0.9579
vn 0.0409 0.3447 -0.9378
vn -0.1687 0.3531 -0.9202
vn -0.5756 0.7221 -0.3836
vn -0.0799 0.5582 -0.8258
vn 0.8845 -0.4627 -0.0600
vn 0.9983 -0.0513 0.0287
vn 0.9685 -0.0233 0.2478
vn 0.9864 -0.0606 -0.1525
vn 0.8478 0.4203 -0.3234
vn 0.9803 0.1507 0.1274
vn 0.9027 0.4300 0.0162
vn 0.9704 -0.0469 0.2370
vn 0.9971 -0.0011 0.0767
vn 0.9919 -0.0694 -0.1063
vn 0.9901 -0.0050 0.1404
vn 0.9881 0.1283 0.0849
vn 0.9894 -0.0787 0.1224
vn 0.9325 -0.0983 0.3475
vn 0.9648 -0.0316 0.2610
vn 0.9875 -0.1528 -0.0388
vn 0.9654 -0.2285 -0.1260
vn 0.8730 -0.1876 -0.4502
vn 0.9009 -0.0290 -0.4330
vn 0.8192 -0.1940 -0.5397
vn 0.6410 0.0828 0.7630
vn 0.8847 -0.1008 -0.4551
vn 0.8232 -0.0215 0.5674
vn 0.6989 0.0530 0.7132
vn 0.8599 0.0054 0.5104
vn 0.8981 0.0415 0.4379
vn 0.8939 -0.0873 -0.4397
vn 0.8632 -0.0103 0.5048
vn 0.7407 0.0748 0.6676
vn 0.7816 -0.0959 -0.6163
vn 0.6402 -0.1427 -0.7548
vn 0.6845 -0.1532 -0.7128
vn 0.4568 -0.1916 -0.8687
vn 0.5649 -0.2265 -0.7935
vn 0.1938 0.1754 0.9652
vn 0.6813 0.1050 0.7244
vn 0.3942 0.0031 0.9190
vn 0.4345 -0.2371 -0.8689
vn 0.6225 -0.2069 -0.7548
vn 0.3911 0.0643 0.9181
vn 0.5060 -0.1771 -0.8441
vn 0.6950 -0.0808 -0.7144
vn 0.4754 0.1129 0.8725
vn 0.3520 0.0623 0.9339
vn 0.5618 -0.1901 -0.8052
vn 0.4046 -0.2191 -0.8878
vn 0.4248 -0.1990 -0.8832
vn 0.3154 -0.1661 -0.9343
vn 0.3946 0.1232 0.9106
vn 0.5583 -0.1983 -0.8056
vn 0.2793 -0.2004 -0.9391
vn 0.2124 0.1113 0.9708
vn 0.2082 0.1409 0.9679
vn 0.0221 0.1482 0.9887
vn 0.3069 -0.0878 -0.9477
vn 0.0112 0.1654 0.9862
vn 0.1185 0.0977 0.9881
vn 0.1413 -0.2637 -0.9542
vn 0.2100 0.2312 0.9500
vn -0.1385 0.1539 0.9783
vn 0.1520 -0.1352 -0.9791
vn -0.0096 -0.2485 -0.9686
vn -0.1382 -0.5933 -0.7930
vn -0.0223 0.1301 0.9913
vn 0.0636 -0.1810 -0.9814
vn 0.1062 0.1720 0.9794
vn 0.2008 -0.3156 -0.9274
vn 0.6493 -0.6241 -0.4347
vn 0.8429 -0.4908 -0.2206
vn -0.1977 0.0891 0.9762
vn 0.8585 -0.2825 -0.4279
vn 0.8479 -0.4804 -0.2244
vn -0.1372 0.0721 0.9879
vn 0.8644 -0.1823 -0.4686
vn 0.7849 -0.0378 -0.6184
vn -0.2678 -0.1071 0.9575
vn -0.0477 -0.1729 0.9838
vn 0.1420 0.1945 -0.9706
vn 0.1586 0.6681 -0.7270
vn 0.0553 0.7399 -0.6704
vn -0.1292 0.8565 0.4998
vn -0.1704 0.7805 -0.6015
vn -0.1377 0.9898 0.0363
vn -0.3504 0.9147 0.2013
vn -0.1528 0.9331 0.3255
vn 0.9728 -0.0558 0.2248
vn 0.9892 0.0757 -0.1252
vn 0.9289 -0.0046 0.3704
vn 0.8684 -0.0859 0.4884
vn 0.9596 -0.1123 0.2579
vn 0.7647 -0.0865 0.6386
vn 0.9975 -0.0244 -0.0671
vn 0.9212 0.2999 0.2479
vn 0.9251 -0.1197 0.3603
vn 0.9361 -0.0418 0.3492
vn 0.8543 -0.1402 -0.5005
vn 0.9521 -0.1208 -0.2810
vn 0.9638 -0.0325 0.2646
vn 0.8706 -0.1123 -0.4790
vn 0.7301 0.1345 0.6700
vn 0.9473 -0.0784 -0.3106
vn 0.8140 0.1006 0.5721
vn 0.7679 0.0638 0.6374
vn 0.8702 -0.1271 -0.4760
vn 0.8292 -0.1735 0.5314
vn 0.8568 -0.1544 -0.4919
vn 0.7841 0.0073 0.6205
vn 0.4987 0.0925 0.8618
vn 0.7024 -0.1964 -0.6842
vn 0.5821 -0.1258 -0.8033
vn 0.6107 0.1360 0.7801
vn 0.7530 -0.1176 -0.6475
vn 0.6634 -0.2102 -0.7181
vn 0.7994 -0.4084 -0.4406
vn 0.5909 0.0891 0.8018
vn 0.6350 0.1161 0.7637
vn 0.6311 0.0198 0.7755
vn 0.6978 -0.1840 -0.6923
vn 0.4272 0.0946 0.8992
vn 0.6725 0.1248 0.7295
vn 0.3940 0.1387 0.9086
vn 0.5705 0.1537 0.8068
vn 0.2126 -0.1766 -0.9611
vn 0.5045 -0.2171 -0.8357
vn 0.6173 0.0769 0.7830
vn 0.5091 -0.1580 -0.8461
vn 0.3462 0.1369 0.9281
vn 0.1720 0.1104 0.9789
vn 0.3698 0.1117 0.9224
vn 0.0662 0.1470 0.9869
vn 0.2989 -0.2228 -0.9279
vn 0.4019 -0.2489 -0.8812
vn 0.1774 -0.1950 -0.9646
vn 0.3098 0.2023 0.9290
vn -0.0226 0.2386 0.9709
vn 0.1859 -0.1710 -0.9676
vn 0.4158 -0.6021 -0.6816
vn 0.8408 -0.4721 -0.2647
vn 0.4859 -0.0179 -0.8738
vn -0.0320 0.4315 0.9016
vn 0.0794 0.6795 0.7294
vn 0.0969 0.8337 -0.5436
vn 0.0948 0.8785 0.4682
vn 0.9747 -0.0906 -0.2042
vn 0.9969 -0.0781 -0.0003
vn 0.9895 -0.1413 0.0316
vn 0.9995 -0.0208 0.0223
vn 0.9419 -0.1878 0.2785
vn 0.9076 0.0093 0.4198
vn 0.9660 0.0387 0.2555
vn 0.8636 -0.1151 -0.4909
vn 0.8649 0.4038 -0.2980
vn 0.7994 0.0258 0.6003
vn 0.9838 -0.1440 -0.1066
vn 0.9691 -0.0548 0.2405
vn 0.9872 -0.1547 -0.0384
vn 0.7318 0.0017 0.6815
vn 0.9452 -0.1439 -0.2931
vn 0.8825 0.0733 0.4645
vn 0.8939 0.0478 0.4457
vn 0.8367 -0.0882 -0.5405
vn 0.9011 -0.0782 -0.4265
vn 0.7393 0.0925 0.6670
vn 0.9205 -0.1157 -0.3732
vn 0.5475 -0.0022 0.8368
vn 0.7440 -0.1690 -0.6464
vn 0.8180 0.0414 0.5737
vn 0.7167 -0.0503 -0.6955
vn 0.6073 0.0412 0.7934
vn 0.5302 0.0297 0.8474
vn 0.7682 -0.1470 -0.6231
vn 0.6986 0.0981 0.7088
vn 0.5689 -0.1443 -0.8096
vn 0.6835 -0.2033 -0.7010
vn 0.4378 -0.0868 -0.8949
vn 0.5881 0.2627 0.7649
vn 0.5357 -0.0956 -0.8390
vn 0.5083 -0.2183 -0.8331
vn 0.5860 -0.1764 -0.7909
vn 0.3620 -0.1123 -0.9254
vn 0.3968 -0.2001 -0.8958
vn 0.1129 0.1165 0.9868
vn 0.3149 -0.1668 -0.9343
vn 0.3284 0.1067 0.9385
vn 0.4988 -0.3927 -0.7727
vn 0.7190 -0.5096 -0.4726
vn 0.7277 -0.4246 -0.5387
vn 0.8318 -0.3924 -0.3925
vn 0.0471 0.5259 0.8492
vn 0.7619 -0.3165 -0.5651
vn 0.6977 -0.0533 -0.7144
vn 0.2665 0.1349 0.9543
vn -0.1962 -0.0711 0.9780
vn -0.1294 0.0713 0.9890
vn 0.5129 0.7452 -0.4262
vn 0.1881 0.5574 0.8087
vn 0.2398 0.7017 0.6709
vn 0.9588 -0.0872 0.2705
vn 0.9986 -0.0460 -0.0250
vn 0.9993 -0.0044 0.0360
vn 0.9926 0.1199 -0.0209
vn 0.9945 -0.0401 0.0970
vn 0.9995 -0.0045 -0.0302
vn 0.8926 0.0616 0.4467
vn 0.9725 -0.0484 0.2279
vn 0.8997 0.0663 0.4315
vn 0.9952 0.0199 0.0955
vn 0.8226 0.1568 0.5466
vn 0.9674 -0.1249 -0.2204
vn 0.8707 -0.0461 0.4896
vn 0.8184 0.0184 0.5743
vn 0.9618 -0.1133 -0.2492
vn 0.7693 -0.0174 0.6387
vn 0.8966 0.0113 0.4426
vn 0.8953 -0.0780 -0.4386
vn 0.9550 -0.0716 -0.2879
vn 0.7560 0.0250 0.6541
vn 0.8998 -0.1854 -0.3950
vn 0.7813 0.0014 0.6242
vn 0.7590 0.0897 0.6449
vn 0.8661 -0.1326 -0.4820
vn 0.7353 -0.1606 -0.6585
vn 0.8052 0.0407 0.5917
vn 0.7342 0.0859 0.6734
vn 0.7752 -0.0135 0.6315
vn 0.5905 0.0631 0.8046
vn 0.7181 0.0523 0.6939
vn 0.7249 -0.1891 -0.6623
vn 0.5110 0.1062 0.8530
vn 0.7142 0.0890 0.6943
vn 0.7406 -0.1275 -0.6598
vn 0.5705 0.1015 0.8150
vn 0.6124 -0.2442 -0.7519
vn 0.6049 0.0758 0.7927
vn 0.4414 0.1247 0.8886
vn 0.4854 0.1493 0.8615
vn 0.4846 -0.1302 -0.8650
vn 0.6472 -0.2707 -0.7126
vn 0.6044 -0.1820 -0.7756
vn 0.5212 0.0808 0.8496
vn 0.4038 0.0923 0.9102
vn 0.4428 0.1385 0.8858
vn 0.4238 -0.2426 -0.8727
vn 0.1314 0.1427 0.9810
vn 0.5974 -0.4782 -0.6438
vn 0.2746 -0.1139 0.9548
vn 0.4164 0.0655 0.9068
vn 0.9846 0.1390 -0.1065
vn 0.6403 -0.0814 -0.7638
vn 0.3420 0.0587 -0.9379
vn 0.1041 0.1821 0.9778
vn 0.1879 0.9234 -0.3347
vn 0.0740 0.9810 0.1795
vn 0.9979 -0.0529 0.0383
vn 0.9928 -0.0442 0.1116
vn 0.8292 0.0423 0.5574
vn 0.9810 0.0900 0.1718
vn 0.9981 -0.0298 0.0537
vn 0.9351 -0.1754 -0.3081
vn 0.9953 -0.0794 0.0563
vn 0.9698 -0.0358 0.2414
vn 0.8214 -0.1254 -0.5565
vn 0.9995 0.0323 0.0009
vn 0.8997 -0.0552 0.4330
vn 0.8517 -0.1400 -0.5050
vn 0.9633 -0.2333 -0.1328
vn 0.9040 0.0091 0.4274
vn 0.9038 0.0582 0.4240
vn 0.9616 0.0134 0.2742
vn 0.9473 -0.1143 -0.2992
vn 0.8323 0.0813 0.5483
vn 0.8159 -0.1371 -0.5617
vn 0.9070 0.0333 0.4198
vn 0.8867 0.0315 0.4612
vn 0.7971 -0.0313 -0.6030
vn 0.8294 -0.1453 -0.5395
vn 0.8237 0.0437 0.5654
vn 0.6802 -0.1123 -0.7244
vn 0.7799 0.0459 0.6242
vn 0.7546 -0.1827 -0.6302
vn 0.7777 0.0550 0.6262
vn 0.4937 -0.1417 -0.8580
vn 0.6440 -0.1193 -0.7556
vn 0.6153 0.0143 0.7882
vn 0.4138 0.0970 0.9052
vn 0.4906 0.1168 0.8635
vn 0.3908 0.1743 0.9038
vn 0.2548 0.0911 -0.9627
vn 0.6299 -0.1888 -0.7534
vn 0.6823 -0.2737 -0.6779
vn 0.4736 0.0266 0.8803
vn 0.7748 -0.3223 -0.5439
vn 0.6753 -0.2897 -0.6782
vn 0.6629 -0.3292 -0.6724
vn 0.1174 -0.1741 0.9777
vn 0.2674 0.2430 -0.9324
vn 0.3708 0.2583 -0.8921
vn 0.2337 0.3013 0.9244
vn 0.4418 0.3889 -0.8085
vn 0.2729 0.7411 -0.6134
vn -0.1494 0.8231 0.5478
vn 0.5876 0.7501 -0.3035
vn 0.9871 -0.0643 -0.1468
vn 0.9875 -0.0909 0.1286
vn 0.9980 -0.0623 0.0056
vn 0.9791 -0.0513 0.1969
vn 0.9989 -0.0066 -0.0466
vn 0.9980 -0.0190 0.0595
vn 0.8341 -0.2180 -0.5068
vn 0.9685 -0.0850 -0.2339
vn 0.9728 0.1672 -0.1601
vn 0.9447 -0.1167 -0.3064
vn 0.8436 -0.1725 -0.5086
vn 0.9486 -0.0922 0.3028
vn 0.9077 0.4126 -0.0768
vn 0.9879 -0.0677 0.1397
vn 0.9052 -0.0428 0.4229
vn 0.8738 -0.0038 0.4862
vn 0.8094 0.0247 0.5868
vn 0.9282 0.0280 0.3711
vn 0.9607 -0.0649 -0.2701
vn 0.8562 -0.1214 -0.5022
vn 0.9205 0.0390 0.3888
vn 0.8824 -0.0951 -0.4608
vn 0.9301 -0.0951 -0.3546
vn 0.8756 0.1870 0.4453
vn 0.7512 -0.1561 -0.6414
vn 0.7829 0.0598 0.6192
vn 0.7091 0.0595 0.7026
vn 0.7386 -0.1352 -0.6605
vn 0.8069 0.0237 0.5902
vn 0.8535 -0.1428 -0.5011
vn 0.7794 0.0487 0.6246
vn 0.5466 -0.1618 -0.8216
vn 0.6603 0.0879 0.7459
vn 0.5984 -0.1809 -0.7805
vn 0.4911 -0.1822 -0.8518
vn 0.6148 -0.1550 -0.7733
vn 0.6118 -0.1610 -0.7744
vn 0.6285 0.0487 0.7763
vn 0.7205 -0.3147 -0.6179
vn 0.1785 -0.1816 0.9670
vn 0.6871 -0.3595 -0.6314
vn 0.4185 -0.1265 0.8994
vn 0.5768 -0.2532 -0.7766
vn 0.4175 -0.0252 -0.9083
vn 0.2230 -0.0046 0.9748
vn 0.3297 0.5152 -0.7911
vn 0.4104 0.6692 -0.6195
vn 0.4666 0.7880 0.4016
vn 0.4038 0.8647 -0.2988
vn 0.2601 0.9656 0.0050
vn 0.9944 -0.0464 0.0949
vn 0.9519 -0.2465 -0.1818
vn 0.9999 0.0139 0.0089
vn 0.9146 -0.1087 0.3894
vn 0.9614 -0.2750 0.0065
vn 0.9971 -0.0683 -0.0327
vn 0.9876 -0.0015 0.1571
vn 0.8392 -0.2615 0.4769
vn 0.9975 -0.0403 0.0585
vn 0.8894 -0.1231 -0.4402
vn 0.8595 0.0303 0.5103
vn 0.9906 -0.0897 -0.1034
vn 0.8863 -0.1512 -0.4378
vn 0.9053 -0.0005 0.4248
vn 0.9497 -0.0152 0.3129
vn 0.9879 -0.1182 -0.1007
vn 0.9333 -0.0457 0.3562
vn 0.9803 -0.1135 -0.1615
vn 0.9115 -0.1141 -0.3952
vn 0.7968 -0.1259 -0.5911
vn 0.6608 0.0528 0.7487
vn 0.7614 0.0353 0.6473
vn 0.7693 -0.1669 -0.6167
vn 0.8183 0.0658 0.5711
vn 0.8938 -0.1076 -0.4354
vn 0.7767 -0.1470 -0.6125
vn 0.6493 0.0939 0.7547
vn 0.6139 -0.1792 -0.7687
vn 0.7969 -0.1525 -0.5846
vn 0.6816 0.1204 0.7218
vn 0.8073 -0.1609 -0.5678
vn 0.6693 0.1926 0.7175
vn 0.7214 -0.3470 -0.5993
vn 0.5829 -0.2638 -0.7685
vn 0.6201 -0.2680 -0.7373
vn 0.5190 -0.2367 0.8214
vn 0.5568 -0.1936 -0.8077
vn 0.5056 0.3643 0.7821
vn 0.6178 0.4553 -0.6411
vn 0.3112 0.4524 0.8358
vn 0.5521 0.6123 0.5660
vn 0.4034 0.7343 0.5459
vn 0.5349 0.7647 -0.3593
vn 0.2411 0.8587 0.4523
vn 0.9997 -0.0257 -0.0042
vn 0.9651 -0.1046 -0.2400
vn 0.9612 -0.0725 0.2662
vn 0.9778 -0.0531 0.2026
vn 0.8959 -0.0316 0.4432
vn 0.8949 -0.0776 0.4394
vn 0.9208 -0.1233 -0.3701
vn 0.9737 -0.0175 0.2272
vn 0.8931 0.0306 0.4488
vn 0.9904 -0.0752 -0.1163
vn 0.8412 0.0831 0.5344
vn 0.9455 0.0058 0.3257
vn 0.9971 -0.0397 -0.0649
vn 0.8964 -0.1107 -0.4293
vn 0.9002 0.0327 0.4343
vn 0.9274 -0.1219 -0.3536
vn 0.9069 -0.1480 -0.3946
vn 0.7526 0.0718 0.6546
vn 0.8994 -0.0136 0.4368
vn 0.9083 -0.1440 -0.3927
vn 0.7623 0.0279 0.6466
vn 0.8323 -0.1753 -0.5258
vn 0.9492 -0.1143 -0.2931
vn 0.8109 0.0049 0.5852
vn 0.7943 0.0397 0.6062
vn 0.6895 -0.0766 0.7203
vn 0.7357 -0.3635 -0.5715
vn 0.6024 -0.1074 -0.7909
vn 0.6051 -0.2580 0.7532
vn 0.5857 0.1075 -0.8034
vn 0.3091 0.3455 0.8861
vn 0.5732 0.3191 -0.7548
vn 0.5001 0.8622 -0.0806
vn 0.6050 0.7936 0.0654
vn 0.9809 0.1140 -0.1576
vn 0.9602 0.0132 0.2791
vn 0.9866 0.0910 -0.1353
vn 0.9958 -0.0509 0.0767
vn 0.9952 -0.0868 0.0446
vn 0.9492 -0.0033 0.3148
vn 0.9974 -0.0724 -0.0068
vn 0.9944 -0.0434 0.0960
vn 0.8965 -0.2287 0.3795
vn 0.8939 0.1526 0.4216
vn 0.9854 -0.0839 -0.1483
vn 0.8936 0.0429 0.4469
vn 0.9627 0.0084 0.2703
vn 0.8961 0.0347 0.4425
vn 0.8921 -0.1685 -0.4193
vn 0.9167 -0.1378 0.3750
vn 0.9242 -0.2069 -0.3209
vn 0.7530 -0.3277 -0.5706
vn 0.6843 -0.2089 0.6986
vn 0.8284 -0.2829 -0.4835
vn 0.7628 -0.2944 0.5757
vn 0.8043 -0.3709 -0.4643
vn 0.6345 -0.4830 0.6034
vn 0.7092 -0.2638 -0.6538
vn 0.5886 -0.1023 0.8020
vn 0.6291 0.4452 0.6372
vn 0.6361 0.5622 -0.5285
vn 0.5153 0.6953 -0.5010
vn 0.6254 0.7579 0.1859
vn 0.7543 0.6476 0.1074
vn 0.9977 -0.0677 -0.0008
vn 0.9955 -0.0025 0.0943
vn 0.9668 -0.2437 -0.0766
vn 0.9532 -0.2501 0.1699
vn 0.8300 -0.3804 -0.4080
vn 0.9080 -0.3469 -0.2350
vn 0.8425 -0.3013 0.4465
vn 0.7598 -0.0986 -0.6426
vn 0.5170 0.1710 0.8387
vn 0.7804 0.0311 -0.6244
vn 0.7066 0.1968 -0.6797
vn 0.7474 0.3591 -0.5590
vn 0.7721 0.3787 0.5104
vn 0.7814 0.4755 -0.4040
vn 0.7289 0.4987 0.4691
vn 0.7514 0.5633 -0.3437
vn 0.7002 0.6636 -0.2635
vn 0.7116 0.6003 0.3650
vn 0.7502 0.6604 -0.0329
vn 0.7189 0.6497 0.2470
vn 0.8668 -0.3767 0.3267
vn 0.8436 -0.4402 -0.3074
vn 0.9102 -0.3642 -0.1971
vn 0.8721 -0.3851 -0.3017
vn 0.8243 -0.3007 0.4797
vn 0.9066 -0.2778 -0.3177
vn 0.8411 -0.3629 -0.4010
vn 0.8078 -0.2772 -0.5202
vn 0.7586 -0.0888 0.6455
vn 0.8799 0.0067 -0.4751
vn 0.6928 -0.0295 0.7205
vn 0.7512 0.2441 0.6133
vn 0.8363 0.2000 -0.5105
vn 0.8126 0.3131 0.4916
vn 0.8362 0.2992 -0.4596
vn 0.8846 0.3047 -0.3531
vn 0.8286 0.5039 -0.2440
vn 0.8251 0.4692 0.3146
vn 0.7661 0.6295 -0.1294
vn 0.8287 0.5595 0.0159
vn 0.8406 0.5157 0.1656
vn 0.9517 -0.3040 0.0433
vn 0.9241 -0.3702 -0.0942
vn 0.9033 -0.3870 0.1855
vn 0.8293 -0.1647 -0.5340
vn 0.9888 -0.1487 -0.0142
vn 0.9136 -0.3211 0.2494
vn 0.9177 -0.1206 -0.3785
vn 0.8572 -0.1375 0.4964
vn 0.8003 -0.2690 0.5359
vn 0.9655 0.1212 -0.2305
vn 0.9124 0.0252 0.4086
vn 0.8966 0.2383 0.3732
vn 0.9327 0.3300 -0.1454
vn 0.8668 0.3407 0.3642
vn 0.9264 0.3349 0.1721
vn 0.8126 0.4706 -0.3438
vn 0.8756 0.4795 -0.0588
vn 0.9132 0.4038 0.0543
vn 0.9472 -0.2273 0.2262
vn 0.9492 -0.1793 0.2585
vn 0.9619 -0.0999 -0.2544
vn 0.9762 0.0505 0.2107
vn 0.9789 -0.1134 0.1699
vn 0.9933 0.1145 -0.0172
vn 0.9861 -0.0571 -0.1560
vn 0.9498 0.3106 -0.0376
f 16//16 1//1 2//2
f 16//16 3//3 1//1
f 3//3 6//6 13//13
f 4//4 6//6 3//3
f 29//29 4//4 3//3
f 5//5 3//3 16//16
f 29//29 3//3 5//5
f 9//9 8//8 1//1
f 11//11 12//12 9//9
f 3//3 9//9 1//1
f 1//1 8//8 7//7
f 7//7 10//10 1//1
f 11//11 9//9 3//3
f 1//1 10//10 2//2
f 12//12 11//11 3//3
f 10//10 16//16 2//2
f 3//3 13//13 12//12
f 26//26 15//15 16//16
f 16//16 10//10 26//26
f 14//14 13//13 6//6
f 15//15 41//41 16//16
f 29//29 6//6 4//4
f 16//16 30//30 5//5
f 30//30 16//16 41//41
f 8//8 19//19 7//7
f 22//22 19//19 33//33
f 9//9 18//18 17//17
f 9//9 17//17 8//8
f 8//8 17//17 19//19
f 7//7 19//19 10//10
f 20//20 18//18 9//9
f 19//19 22//22 10//10
f 12//12 20//20 9//9
f 22//22 24//24 10//10
f 12//12 23//23 20//20
f 10//10 24//24 26//26
f 13//13 25//25 12//12
f 12//12 25//25 23//23
f 14//14 27//27 13//13
f 13//13 27//27 36//36
f 26//26 37//37 15//15
f 14//14 6//6 27//27
f 6//6 28//28 27//27
f 6//6 29//29 28//28
f 5//5 30//30 29//29
f 53//53 28//28 29//29
f 44//44 53//53 29//29
f 18//18 32//32 17//17
f 17//17 32//32 19//19
f 19//19 32//32 31//31
f 19//19 31//31 47//47
f 47//47 33//33 19//19
f 34//34 32//32 18//18
f 33//33 21//21 22//22
f 20//20 34//34 18//18
f 20//20 35//35 34//34
f 21//21 51//51 22//22
f 23//23 35//35 20//20
f 51//51 24//24 22//22
f 23//23 25//25 35//35
f 51//51 26//26 24//24
f 13//13 36//36 25//25
f 36//36 27//27 38//38
f 37//37 42//42 15//15
f 40//40 27//27 39//39
f 28//28 39//39 27//27
f 15//15 42//42 41//41
f 40//40 39//39 28//28
f 67//67 40//40 28//28
f 41//41 45//45 30//30
f 43//43 41//41 42//42
f 53//53 67//67 28//28
f 29//29 54//54 44//44
f 30//30 54//54 29//29
f 41//41 43//43 45//45
f 54//54 30//30 45//45
f 31//31 32//32 46//46
f 31//31 46//46 47//47
f 34//34 48//48 32//32
f 57//57 58//58 33//33
f 56//56 57//57 33//33
f 58//58 49//49 33//33
f 34//34 50//50 48//48
f 49//49 21//21 33//33
f 35//35 77//77 34//34
f 34//34 77//77 50//50
f 60//60 21//21 59//59
f 51//51 21//21 60//60
f 59//59 26//26 51//51
f 62//62 37//37 26//26
f 52//52 37//37 62//62
f 40//40 38//38 27//27
f 52//52 42//42 37//37
f 52//52 80//80 42//42
f 42//42 80//80 65//65
f 65//65 43//43 42//42
f 53//53 44//44 67//67
f 45//45 43//43 69//69
f 54//54 45//45 69//69
f 55//55 32//32 73//73
f 32//32 55//55 70//70
f 71//71 47//47 46//46
f 47//47 56//56 33//33
f 71//71 56//56 47//47
f 48//48 73//73 32//32
f 50//50 77//77 48//48
f 58//58 21//21 49//49
f 58//58 59//59 21//21
f 59//59 51//51 60//60
f 61//61 35//35 25//25
f 61//61 77//77 35//35
f 62//62 26//26 59//59
f 36//36 79//79 25//25
f 36//36 38//38 63//63
f 38//38 64//64 63//63
f 66//66 64//64 40//40
f 64//64 38//38 40//40
f 65//65 80//80 81//81
f 66//66 40//40 67//67
f 44//44 82//82 67//67
f 67//67 82//82 68//68
f 43//43 65//65 69//69
f 82//82 44//44 54//54
f 54//54 69//69 101//101
f 82//82 54//54 101//101
f 32//32 71//71 46//46
f 70//70 71//71 32//32
f 55//55 73//73 70//70
f 75//75 73//73 72//72
f 48//48 75//75 72//72
f 48//48 72//72 73//73
f 74//74 57//57 56//56
f 74//74 58//58 57//57
f 74//74 76//76 58//58
f 48//48 77//77 75//75
f 76//76 59//59 58//58
f 61//61 78//78 77//77
f 25//25 78//78 61//61
f 25//25 79//79 78//78
f 62//62 59//59 98//98
f 79//79 36//36 63//63
f 87//87 80//80 52//52
f 87//87 81//81 80//80
f 91//91 66//66 67//67
f 91//91 67//67 68//68
f 65//65 94//94 69//69
f 94//94 81//81 92//92
f 65//65 81//81 94//94
f 70//70 124//124 71//71
f 71//71 74//74 56//56
f 75//75 83//83 73//73
f 84//84 107//107 75//75
f 77//77 84//84 75//75
f 97//97 59//59 76//76
f 77//77 107//107 84//84
f 85//85 59//59 97//97
f 109//109 107//107 78//78
f 78//78 107//107 77//77
f 78//78 79//79 86//86
f 63//63 86//86 79//79
f 133//133 52//52 62//62
f 64//64 88//88 63//63
f 64//64 66//66 88//88
f 89//89 81//81 87//87
f 99//99 66//66 91//91
f 89//89 122//122 81//81
f 122//122 92//92 81//81
f 100//100 91//91 68//68
f 100//100 68//68 82//82
f 93//93 100//100 82//82
f 93//93 82//82 101//101
f 69//69 94//94 95//95
f 123//123 101//101 69//69
f 123//123 69//69 95//95
f 104//104 105//105 71//71
f 74//74 71//71 105//105
f 73//73 83//83 125//125
f 105//105 76//76 74//74
f 106//106 75//75 96//96
f 83//83 75//75 125//125
f 125//125 75//75 106//106
f 107//107 96//96 75//75
f 129//129 59//59 85//85
f 86//86 109//109 78//78
f 110//110 98//98 59//59
f 144//144 62//62 98//98
f 133//133 62//62 144//144
f 112//112 86//86 63//63
f 111//111 52//52 133//133
f 63//63 114//114 112//112
f 63//63 88//88 114//114
f 113//113 89//89 87//87
f 114//114 88//88 66//66
f 113//113 135//135 89//89
f 115//115 114//114 66//66
f 99//99 115//115 66//66
f 89//89 135//135 90//90
f 91//91 100//100 99//99
f 89//89 90//90 122//122
f 92//92 122//122 119//119
f 94//94 102//102 95//95
f 102//102 94//94 92//92
f 102//102 92//92 120//120
f 73//73 103//103 70//70
f 103//103 124//124 70//70
f 124//124 104//104 71//71
f 139//139 104//104 124//124
f 127//127 76//76 105//105
f 127//127 97//97 76//76
f 96//96 107//107 106//106
f 130//130 110//110 59//59
f 86//86 142//142 109//109
f 130//130 98//98 110//110
f 112//112 132//132 86//86
f 52//52 113//113 87//87
f 146//146 90//90 135//135
f 100//100 115//115 99//99
f 148//148 115//115 100//100
f 116//116 148//148 100//100
f 118//118 116//116 100//100
f 117//117 122//122 90//90
f 136//136 118//118 100//100
f 136//136 100//100 93//93
f 121//121 136//136 101//101
f 136//136 93//93 101//101
f 119//119 120//120 92//92
f 121//121 101//101 123//123
f 165//165 123//123 95//95
f 103//103 73//73 125//125
f 124//124 103//103 168//168
f 104//104 139//139 105//105
f 139//139 127//127 105//105
f 125//125 106//106 126//126
f 126//126 106//106 107//107
f 127//127 140//140 97//97
f 140//140 154//154 97//97
f 107//107 109//109 108//108
f 85//85 97//97 154//154
f 154//154 129//129 85//85
f 108//108 109//109 128//128
f 59//59 129//129 130//130
f 142//142 128//128 109//109
f 86//86 131//131 142//142
f 157//157 144//144 98//98
f 132//132 131//131 86//86
f 145//145 52//52 111//111
f 112//112 114//114 134//134
f 160//160 134//134 114//114
f 160//160 114//114 115//115
f 148//148 160//160 115//115
f 146//146 162//162 90//90
f 148//148 116//116 118//118
f 117//117 90//90 150//150
f 150//150 90//90 149//149
f 137//137 118//118 121//121
f 118//118 136//136 121//121
f 137//137 121//121 123//123
f 122//122 117//117 150//150
f 123//123 165//165 137//137
f 102//102 120//120 95//95
f 138//138 119//119 122//122
f 138//138 122//122 152//152
f 152//152 122//122 150//150
f 120//120 119//119 138//138
f 139//139 124//124 168//168
f 140//140 127//127 139//139
f 108//108 184//184 107//107
f 126//126 107//107 184//184
f 129//129 154//154 141//141
f 130//130 129//129 141//141
f 131//131 132//132 142//142
f 157//157 133//133 144//144
f 145//145 111//111 133//133
f 112//112 134//134 132//132
f 145//145 113//113 52//52
f 146//146 135//135 113//113
f 147//147 160//160 148//148
f 118//118 147//147 148//148
f 177//177 175//175 118//118
f 137//137 177//177 118//118
f 163//163 177//177 137//137
f 163//163 137//137 164//164
f 150//150 167//167 151//151
f 165//165 164//164 137//137
f 138//138 152//152 120//120
f 120//120 152//152 166//166
f 150//150 151//151 152//152
f 165//165 95//95 120//120
f 120//120 166//166 165//165
f 153//153 168//168 103//103
f 125//125 153//153 103//103
f 125//125 126//126 153//153
f 155//155 141//141 154//154
f 156//156 239//239 108//108
f 184//184 108//108 239//239
f 128//128 156//156 108//108
f 157//157 98//98 130//130
f 132//132 143//143 142//142
f 132//132 173//173 143//143
f 133//133 157//157 145//145
f 173//173 132//132 134//134
f 158//158 134//134 160//160
f 190//190 113//113 145//145
f 161//161 160//160 147//147
f 149//149 90//90 162//162
f 175//175 147//147 118//118
f 149//149 167//167 150//150
f 178//178 163//163 164//164
f 151//151 167//167 152//152
f 180//180 165//165 166//166
f 169//169 139//139 168//168
f 168//168 153//153 169//169
f 184//184 198//198 126//126
f 153//153 126//126 198//198
f 183//183 154//154 140//140
f 128//128 239//239 156//156
f 128//128 171//171 239//239
f 141//141 155//155 130//130
f 128//128 142//142 171//171
f 224//224 142//142 143//143
f 130//130 172//172 157//157
f 157//157 203//203 145//145
f 134//134 174//174 173//173
f 134//134 158//158 266//266
f 266//266 158//158 160//160
f 160//160 159//159 266//266
f 205//205 113//113 190//190
f 160//160 161//161 159//159
f 159//159 161//161 147//147
f 205//205 146//146 113//113
f 207//207 226//226 147//147
f 149//149 162//162 206//206
f 207//207 147//147 175//175
f 248//248 149//149 208//208
f 177//177 207//207 175//175
f 149//149 248//248 176//176
f 149//149 176//176 191//191
f 177//177 163//163 178//178
f 149//149 179//179 167//167
f 149//149 191//191 193//193
f 149//149 193//193 179//179
f 178//178 164//164 165//165
f 194//194 178//178 165//165
f 194//194 165//165 212//212
f 212//212 165//165 180//180
f 152//152 181//181 166//166
f 152//152 167//167 181//181
f 169//169 200//200 139//139
f 140//140 200//200 183//183
f 139//139 200//200 140//140
f 182//182 198//198 184//184
f 183//183 155//155 154//154
f 130//130 155//155 170//170
f 130//130 170//170 202//202
f 171//171 142//142 185//185
f 224//224 185//185 142//142
f 202//202 172//172 130//130
f 201//201 224//224 143//143
f 186//186 201//201 143//143
f 173//173 174//174 143//143
f 186//186 143//143 174//174
f 242//242 203//203 157//157
f 145//145 203//203 187//187
f 187//187 190//190 145//145
f 188//188 174//174 134//134
f 188//188 134//134 189//189
f 266//266 189//189 134//134
f 162//162 146//146 205//205
f 226//226 159//159 147//147
f 149//149 206//206 225//225
f 225//225 208//208 149//149
f 228//228 207//207 177//177
f 209//209 228//228 177//177
f 248//248 191//191 176//176
f 192//192 209//209 177//177
f 192//192 177//177 178//178
f 193//193 248//248 210//210
f 191//191 248//248 193//193
f 194//194 192//192 178//178
f 179//179 193//193 210//210
f 180//180 195//195 212//212
f 195//195 180//180 166//166
f 181//181 197//197 166//166
f 179//179 215//215 167//167
f 235//235 215//215 179//179
f 179//179 210//210 235//235
f 196//196 195//195 166//166
f 196//196 166//166 214//214
f 214//214 166//166 197//197
f 215//215 181//181 167//167
f 198//198 199//199 153//153
f 199//199 200//200 153//153
f 153//153 200//200 169//169
f 198//198 182//182 237//237
f 183//183 220//220 217//217
f 217//217 219//219 183//183
f 183//183 219//219 155//155
f 219//219 170//170 155//155
f 218//218 184//184 239//239
f 222//222 239//239 171//171
f 222//222 280//280 239//239
f 170//170 219//219 202//202
f 185//185 224//224 171//171
f 157//157 172//172 202//202
f 242//242 157//157 202//202
f 203//203 190//190 187//187
f 204//204 205//205 190//190
f 204//204 162//162 205//205
f 226//226 207//207 228//228
f 209//209 229//229 228//228
f 248//248 230//230 210//210
f 231//231 192//192 194//194
f 211//211 231//231 194//194
f 212//212 211//211 194//194
f 195//195 196//196 212//212
f 212//212 196//196 214//214
f 235//235 210//210 213//213
f 215//215 197//197 181//181
f 199//199 198//198 216//216
f 238//238 183//183 200//200
f 198//198 237//237 216//216
f 238//238 220//220 183//183
f 182//182 184//184 237//237
f 237//237 184//184 218//218
f 220//220 219//219 217//217
f 219//219 220//220 221//221
f 219//219 221//221 240//240
f 240//240 261//261 219//219
f 202//202 219//219 223//223
f 186//186 174//174 201//201
f 188//188 189//189 174//174
f 243//243 174//174 189//189
f 203//203 265//265 190//190
f 245//245 204//204 190//190
f 265//265 245//245 190//190
f 159//159 288//288 266//266
f 267//267 162//162 204//204
f 225//225 271//271 208//208
f 226//226 228//228 227//227
f 229//229 247//247 228//228
f 248//248 208//208 271//271
f 229//229 209//209 192//192
f 309//309 230//230 248//248
f 231//231 229//229 192//192
f 212//212 231//231 211//211
f 232//232 231//231 212//212
f 210//210 250//250 213//213
f 251//251 232//232 212//212
f 233//233 251//251 212//212
f 233//233 212//212 214//214
f 197//197 233//233 214//214
f 234//234 255//255 197//197
f 215//215 234//234 197//197
f 235//235 213//213 236//236
f 199//199 216//216 200//200
f 200//200 216//216 238//238
f 219//219 261//261 223//223
f 224//224 222//222 171//171
f 223//223 241//241 202//202
f 283//283 224//224 201//201
f 202//202 241//241 242//242
f 174//174 283//283 201//201
f 283//283 174//174 243//243
f 265//265 203//203 242//242
f 189//189 264//264 243//243
f 264//264 189//189 244//244
f 245//245 267//267 204//204
f 159//159 226//226 288//288
f 287//287 206//206 162//162
f 269//269 206//206 287//287
f 269//269 225//225 206//206
f 329//329 271//271 225//225
f 228//228 246//246 227//227
f 247//247 246//246 228//228
f 249//249 307//307 229//229
f 248//248 291//291 309//309
f 249//249 229//229 231//231
f 232//232 249//249 231//231
f 250//250 210//210 309//309
f 309//309 210//210 230//230
f 251//251 312//312 232//232
f 250//250 252//252 213//213
f 253//253 233//233 197//197
f 197//197 255//255 253//253
f 252//252 236//236 213//213
f 235//235 256//256 215//215
f 236//236 254//254 235//235
f 235//235 254//254 256//256
f 254//254 236//236 256//256
f 274//274 236//236 252//252
f 216//216 258//258 238//238
f 260//260 220//220 238//238
f 260//260 221//221 220//220
f 280//280 259//259 239//239
f 260//260 240//240 221//221
f 240//240 260//260 261//261
f 261//261 262//262 223//223
f 301//301 280//280 222//222
f 262//262 263//263 223//223
f 263//263 241//241 223//223
f 224//224 283//283 222//222
f 242//242 241//241 263//263
f 245//245 265//265 285//285
f 244//244 189//189 266//266
f 287//287 267//267 245//245
f 287//287 162//162 267//267
f 226//226 268//268 288//288
f 246//246 270//270 226//226
f 246//246 226//226 227//227
f 329//329 225//225 269//269
f 330//330 271//271 329//329
f 291//291 271//271 330//330
f 229//229 246//246 247//247
f 291//291 248//248 271//271
f 272//272 249//249 232//232
f 353//353 250//250 309//309
f 250//250 353//353 293//293
f 233//233 312//312 251//251
f 253//253 312//312 233//233
f 250//250 293//293 252//252
f 294//294 253//253 255//255
f 275//275 294//294 255//255
f 234//234 273//273 255//255
f 255//255 273//273 275//275
f 252//252 276//276 274//274
f 234//234 317//317 273//273
f 256//256 317//317 215//215
f 317//317 234//234 215//215
f 236//236 295//295 256//256
f 257//257 258//258 216//216
f 237//237 257//257 216//216
f 238//238 258//258 260//260
f 237//237 218//218 278//278
f 258//258 297//297 260//260
f 259//259 218//218 239//239
f 297//297 299//299 260//260
f 260//260 299//299 279//279
f 279//279 261//261 260//260
f 259//259 341//341 218//218
f 299//299 262//262 261//261
f 279//279 299//299 261//261
f 222//222 281//281 301//301
f 263//263 262//262 302//302
f 283//283 281//281 222//222
f 302//302 282//282 263//263
f 242//242 263//263 282//282
f 242//242 282//282 302//302
f 243//243 264//264 283//283
f 242//242 284//284 265//265
f 284//284 285//285 265//265
f 266//266 286//286 244//244
f 285//285 287//287 245//245
f 226//226 289//289 268//268
f 269//269 287//287 290//290
f 270//270 289//289 226//226
f 329//329 269//269 290//290
f 307//307 246//246 229//229
f 308//308 307//307 249//249
f 291//291 331//331 309//309
f 292//292 308//308 249//249
f 292//292 249//249 272//272
f 351//351 309//309 310//310
f 351//351 353//353 309//309
f 292//292 272//272 232//232
f 312//312 292//292 232//232
f 294//294 312//312 253//253
f 276//276 252//252 316//316
f 317//317 275//275 273//273
f 256//256 295//295 317//317
f 296//296 274//274 276//276
f 296//296 276//276 316//316
f 257//257 237//237 277//277
f 298//298 237//237 278//278
f 298//298 277//277 237//237
f 218//218 298//298 278//278
f 297//297 321//321 299//299
f 321//321 262//262 299//299
f 321//321 322//322 262//262
f 322//322 300//300 262//262
f 280//280 301//301 259//259
f 300//300 302//302 262//262
f 283//283 301//301 281//281
f 304//304 301//301 283//283
f 264//264 304//304 283//283
f 302//302 303//303 242//242
f 303//303 284//284 242//242
f 244//244 304//304 264//264
f 326//326 287//287 285//285
f 288//288 286//286 266//266
f 307//307 305//305 246//246
f 311//311 308//308 292//292
f 309//309 331//331 310//310
f 313//313 334//334 312//312
f 313//313 312//312 294//294
f 313//313 294//294 334//334
f 314//314 334//334 294//294
f 293//293 316//316 252//252
f 275//275 314//314 294//294
f 315//315 314//314 275//275
f 335//335 315//315 275//275
f 335//335 275//275 317//317
f 337//337 335//335 317//317
f 236//236 318//318 295//295
f 296//296 236//236 274//274
f 296//296 316//316 338//338
f 318//318 317//317 295//295
f 340//340 318//318 236//236
f 319//319 297//297 258//258
f 319//319 258//258 257//257
f 341//341 277//277 298//298
f 373//373 319//319 257//257
f 319//319 373//373 297//297
f 341//341 298//298 218//218
f 277//277 341//341 320//320
f 323//323 259//259 301//301
f 341//341 259//259 323//323
f 322//322 302//302 300//300
f 244//244 324//324 304//304
f 284//284 303//303 346//346
f 284//284 346//346 285//285
f 346//346 325//325 285//285
f 286//286 324//324 244//244
f 348//348 326//326 285//285
f 349//349 286//286 288//288
f 268//268 349//349 288//288
f 348//348 287//287 326//326
f 268//268 289//289 328//328
f 380//380 327//327 287//287
f 287//287 327//327 290//290
f 246//246 305//305 328//328
f 270//270 246//246 328//328
f 307//307 308//308 306//306
f 332//332 311//311 292//292
f 351//351 310//310 331//331
f 367//367 292//292 352//352
f 352//352 292//292 312//312
f 334//334 352//352 312//312
f 333//333 316//316 293//293
f 333//333 354//354 316//316
f 334//334 314//314 315//315
f 336//336 316//316 354//354
f 315//315 335//335 337//337
f 336//336 339//339 316//316
f 337//337 317//317 318//318
f 296//296 338//338 236//236
f 316//316 339//339 338//338
f 339//339 336//336 359//359
f 236//236 338//338 340//340
f 320//320 362//362 277//277
f 373//373 257//257 277//277
f 362//362 320//320 341//341
f 342//342 297//297 373//373
f 321//321 297//297 342//342
f 362//362 341//341 361//361
f 277//277 362//362 373//373
f 321//321 374//374 343//343
f 321//321 343//343 322//322
f 341//341 323//323 345//345
f 376//376 344//344 302//302
f 322//322 376//376 302//302
f 304//304 323//323 301//301
f 344//344 303//303 302//302
f 345//345 323//323 304//304
f 286//286 347//347 324//324
f 285//285 325//325 348//348
f 348//348 380//380 287//287
f 328//328 349//349 268//268
f 290//290 327//327 380//380
f 290//290 380//380 383//383
f 289//289 270//270 328//328
f 383//383 329//329 290//290
f 329//329 404//404 330//330
f 307//307 306//306 305//305
f 291//291 330//330 404//404
f 404//404 366//366 291//291
f 291//291 366//366 385//385
f 306//306 308//308 350//350
f 385//385 331//331 291//291
f 308//308 311//311 350//350
f 385//385 406//406 331//331
f 331//331 406//406 351//351
f 311//311 332//332 367//367
f 332//332 292//292 367//367
f 430//430 353//353 351//351
f 368//368 352//352 334//334
f 389//389 368//368 334//334
f 293//293 353//353 333//333
f 355//355 369//369 334//334
f 355//355 334//334 315//315
f 355//355 315//315 369//369
f 356//356 369//369 315//315
f 357//357 356//356 315//315
f 337//337 357//357 315//315
f 358//358 357//357 337//337
f 358//358 337//337 318//318
f 318//318 360//360 358//358
f 339//339 359//359 338//338
f 360//360 318//318 340//340
f 338//338 359//359 340//340
f 396//396 342//342 373//373
f 396//396 321//321 342//342
f 374//374 321//321 396//396
f 362//362 361//361 372//372
f 363//363 375//375 322//322
f 374//374 363//363 322//322
f 343//343 374//374 322//322
f 375//375 376//376 322//322
f 345//345 361//361 341//341
f 364//364 361//361 345//345
f 372//372 361//361 364//364
f 344//344 376//376 303//303
f 376//376 378//378 303//303
f 303//303 378//378 346//346
f 324//324 422//422 304//304
f 345//345 304//304 422//422
f 347//347 422//422 324//324
f 379//379 325//325 346//346
f 401//401 286//286 349//349
f 401//401 349//349 328//328
f 380//380 381//381 383//383
f 383//383 404//404 329//329
f 350//350 384//384 306//306
f 311//311 386//386 350//350
f 387//387 311//311 367//367
f 472//472 353//353 430//430
f 333//333 353//353 408//408
f 389//389 334//334 369//369
f 354//354 333//333 391//391
f 357//357 369//369 356//356
f 391//391 371//371 354//354
f 354//354 371//371 336//336
f 360//360 357//357 358//358
f 336//336 371//371 359//359
f 371//371 395//395 359//359
f 394//394 393//393 360//360
f 340//340 394//394 360//360
f 359//359 395//395 340//340
f 372//372 373//373 362//362
f 375//375 363//363 374//374
f 396//396 373//373 372//372
f 372//372 345//345 398//398
f 372//372 364//364 345//345
f 398//398 345//345 418//418
f 376//376 377//377 378//378
f 422//422 418//418 345//345
f 346//346 378//378 379//379
f 286//286 401//401 422//422
f 286//286 422//422 347//347
f 325//325 380//380 348//348
f 305//305 365//365 328//328
f 425//425 328//328 382//382
f 382//382 328//328 365//365
f 305//305 382//382 365//365
f 306//306 427//427 305//305
f 425//425 305//305 427//427
f 384//384 427//427 306//306
f 404//404 466//466 366//366
f 466//466 385//385 366//366
f 384//384 350//350 386//386
f 386//386 311//311 387//387
f 351//351 406//406 430//430
f 352//352 387//387 367//367
f 408//408 353//353 472//472
f 368//368 388//388 352//352
f 388//388 368//368 389//389
f 392//392 389//389 369//369
f 390//390 391//391 333//333
f 392//392 369//369 357//357
f 360//360 392//392 357//357
f 411//411 371//371 391//391
f 371//371 411//411 370//370
f 340//340 435//435 394//394
f 371//371 370//370 395//395
f 413//413 340//340 395//395
f 417//417 374//374 396//396
f 417//417 375//375 374//374
f 397//397 372//372 398//398
f 396//396 372//372 397//397
f 442//442 375//375 417//417
f 396//396 398//398 415//415
f 396//396 397//397 398//398
f 416//416 399//399 376//376
f 375//375 416//416 376//376
f 399//399 377//377 376//376
f 398//398 418//418 415//415
f 399//399 378//378 377//377
f 399//399 400//400 378//378
f 400//400 379//379 378//378
f 400//400 402//402 379//379
f 402//402 380//380 325//325
f 379//379 402//402 325//325
f 443//443 422//422 403//403
f 422//422 401//401 403//403
f 380//380 423//423 381//381
f 381//381 423//423 421//421
f 381//381 421//421 424//424
f 328//328 425//425 401//401
f 381//381 424//424 383//383
f 424//424 426//426 383//383
f 305//305 425//425 382//382
f 445//445 385//385 466//466
f 386//386 405//405 384//384
f 445//445 406//406 385//385
f 387//387 352//352 407//407
f 471//471 472//472 430//430
f 388//388 389//389 409//409
f 473//473 333//333 408//408
f 431//431 409//409 389//389
f 333//333 473//473 410//410
f 410//410 390//390 333//333
f 490//490 391//391 390//390
f 391//391 490//490 411//411
f 433//433 392//392 360//360
f 433//433 360//360 393//393
f 394//394 433//433 393//393
f 411//411 412//412 370//370
f 435//435 433//433 394//394
f 437//437 435//435 340//340
f 370//370 450//450 395//395
f 414//414 412//412 439//439
f 370//370 412//412 414//414
f 417//417 396//396 415//415
f 416//416 375//375 442//442
f 443//443 418//418 422//422
f 415//415 418//418 443//443
f 399//399 420//420 421//421
f 399//399 421//421 400//400
f 400//400 421//421 402//402
f 421//421 380//380 402//402
f 380//380 421//421 423//423
f 401//401 425//425 403//403
f 426//426 404//404 383//383
f 426//426 429//429 404//404
f 384//384 428//428 427//427
f 429//429 465//465 404//404
f 465//465 466//466 404//404
f 405//405 428//428 384//384
f 405//405 386//386 428//428
f 387//387 428//428 386//386
f 430//430 406//406 445//445
f 407//407 469//469 387//387
f 407//407 352//352 469//469
f 388//388 469//469 352//352
f 447//447 408//408 472//472
f 409//409 470//470 388//388
f 390//390 410//410 473//473
f 474//474 431//431 389//389
f 489//489 490//490 390//390
f 492//492 474//474 389//389
f 492//492 389//389 392//392
f 492//492 392//392 433//433
f 435//435 434//434 433//433
f 411//411 439//439 412//412
f 436//436 435//435 437//437
f 437//437 340//340 413//413
f 395//395 450//450 413//413
f 370//370 440//440 450//450
f 414//414 441//441 370//370
f 370//370 441//441 440//440
f 437//437 413//413 450//450
f 414//414 439//439 438//438
f 442//442 417//417 415//415
f 454//454 415//415 419//419
f 415//415 481//481 442//442
f 495//495 399//399 416//416
f 495//495 416//416 442//442
f 443//443 419//419 415//415
f 399//399 458//458 420//420
f 458//458 421//421 420//420
f 454//454 419//419 443//443
f 456//456 444//444 421//421
f 458//458 456//456 421//421
f 454//454 443//443 484//484
f 425//425 461//461 403//403
f 461//461 443//443 403//403
f 444//444 460//460 424//424
f 421//421 444//444 424//424
f 462//462 426//426 424//424
f 427//427 463//463 425//425
f 463//463 427//427 428//428
f 428//428 387//387 446//446
f 387//387 467//467 446//446
f 469//469 467//467 387//387
f 520//520 430//430 445//445
f 469//469 388//388 470//470
f 473//473 408//408 447//447
f 432//432 411//411 490//490
f 434//434 492//492 433//433
f 506//506 434//434 435//435
f 432//432 449//449 411//411
f 449//449 439//439 411//411
f 475//475 435//435 436//436
f 437//437 475//475 436//436
f 451//451 450//450 440//440
f 452//452 438//438 439//439
f 452//452 439//439 479//479
f 479//479 439//439 477//477
f 451//451 440//440 441//441
f 441//441 414//414 438//438
f 453//453 481//481 415//415
f 453//453 415//415 454//454
f 495//495 442//442 481//481
f 458//458 399//399 495//495
f 481//481 453//453 454//454
f 454//454 484//484 457//457
f 458//458 459//459 444//444
f 456//456 458//458 444//444
f 461//461 484//484 443//443
f 459//459 460//460 444//444
f 424//424 460//460 462//462
f 463//463 461//461 425//425
f 460//460 498//498 462//462
f 498//498 499//499 426//426
f 462//462 498//498 426//426
f 484//484 461//461 463//463
f 464//464 463//463 428//428
f 426//426 465//465 429//429
f 428//428 467//467 487//487
f 446//446 467//467 428//428
f 501//501 430//430 520//520
f 501//501 471//471 430//430
f 470//470 409//409 502//502
f 431//431 448//448 409//409
f 489//489 390//390 473//473
f 492//492 491//491 474//474
f 527//527 432//432 490//490
f 490//490 505//505 527//527
f 506//506 492//492 434//434
f 475//475 506//506 435//435
f 476//476 475//475 437//437
f 450//450 476//476 437//437
f 449//449 493//493 439//439
f 478//478 476//476 450//450
f 493//493 477//477 439//439
f 451//451 478//478 450//450
f 493//493 479//479 477//477
f 494//494 478//478 451//451
f 438//438 480//480 441//441
f 438//438 452//452 480//480
f 494//494 451//451 441//441
f 495//495 455//455 458//458
f 482//482 481//481 454//454
f 481//481 482//482 495//495
f 482//482 454//454 457//457
f 483//483 458//458 455//455
f 483//483 459//459 458//458
f 459//459 485//485 460//460
f 463//463 464//464 484//484
f 517//517 484//484 464//464
f 499//499 486//486 426//426
f 486//486 519//519 426//426
f 426//426 519//519 465//465
f 487//487 464//464 428//428
f 519//519 466//466 465//465
f 445//445 466//466 538//538
f 468//468 487//487 467//467
f 538//538 520//520 445//445
f 469//469 470//470 467//467
f 488//488 467//467 470//470
f 471//471 501//501 472//472
f 502//502 488//488 470//470
f 447//447 472//472 503//503
f 503//503 473//473 447//447
f 502//502 409//409 448//448
f 523//523 473//473 622//622
f 431//431 474//474 448//448
f 473//473 523//523 489//489
f 528//528 432//432 527//527
f 432//432 528//528 449//449
f 507//507 506//506 475//475
f 507//507 475//475 476//476
f 529//529 493//493 449//449
f 507//507 476//476 478//478
f 508//508 507//507 478//478
f 508//508 478//478 494//494
f 479//479 493//493 509//509
f 480//480 494//494 441//441
f 480//480 452//452 494//494
f 534//534 494//494 452//452
f 495//495 482//482 457//457
f 484//484 496//496 457//457
f 517//517 496//496 484//484
f 495//495 457//457 496//496
f 514//514 485//485 459//459
f 483//483 514//514 459//459
f 485//485 497//497 460//460
f 460//460 497//497 498//498
f 499//499 519//519 486//486
f 538//538 466//466 519//519
f 487//487 468//468 464//464
f 520//520 500//500 501//501
f 488//488 468//468 467//467
f 622//622 473//473 503//503
f 502//502 448//448 561//561
f 474//474 561//561 448//448
f 525//525 474//474 504//504
f 578//578 490//490 489//489
f 505//505 490//490 578//578
f 474//474 491//491 504//504
f 527//527 505//505 542//542
f 492//492 526//526 491//491
f 544//544 543//543 492//492
f 544//544 492//492 506//506
f 584//584 449//449 528//528
f 508//508 530//530 507//507
f 529//529 509//509 493//493
f 494//494 511//511 508//508
f 509//509 510//510 479//479
f 533//533 511//511 494//494
f 534//534 533//533 494//494
f 479//479 512//512 452//452
f 513//513 512//512 479//479
f 479//479 510//510 513//513
f 535//535 495//495 496//496
f 535//535 455//455 495//495
f 514//514 483//483 455//455
f 536//536 485//485 514//514
f 517//517 515//515 496//496
f 515//515 535//535 496//496
f 516//516 497//497 485//485
f 516//516 485//485 536//536
f 535//535 515//515 517//517
f 464//464 539//539 517//517
f 516//516 498//498 497//497
f 499//499 516//516 518//518
f 498//498 516//516 499//499
f 518//518 516//516 519//519
f 499//499 518//518 519//519
f 521//521 520//520 538//538
f 539//539 464//464 468//468
f 521//521 500//500 520//520
f 560//560 468//468 488//488
f 503//503 472//472 501//501
f 503//503 501//501 541//541
f 502//502 559//559 488//488
f 502//502 522//522 559//559
f 502//502 561//561 522//522
f 541//541 622//622 503//503
f 561//561 474//474 524//524
f 525//525 524//524 474//474
f 504//504 491//491 525//525
f 492//492 543//543 526//526
f 545//545 449//449 584//584
f 544//544 506//506 507//507
f 545//545 529//529 449//449
f 545//545 585//585 529//529
f 530//530 544//544 507//507
f 548//548 530//530 508//508
f 547//547 510//510 529//529
f 531//531 548//548 508//508
f 532//532 531//531 508//508
f 511//511 532//532 508//508
f 529//529 510//510 509//509
f 533//533 532//532 511//511
f 452//452 512//512 534//534
f 535//535 552//552 455//455
f 514//514 455//455 552//552
f 517//517 537//537 535//535
f 536//536 514//514 552//552
f 539//539 537//537 517//517
f 535//535 553//553 552//552
f 538//538 519//519 516//516
f 538//538 557//557 521//521
f 560//560 539//539 468//468
f 558//558 500//500 521//521
f 488//488 559//559 560//560
f 558//558 540//540 500//500
f 501//501 500//500 540//540
f 561//561 559//559 522//522
f 489//489 523//523 622//622
f 622//622 578//578 489//489
f 505//505 578//578 542//542
f 543//543 491//491 526//526
f 528//528 527//527 584//584
f 565//565 544//544 546//546
f 546//546 544//544 548//548
f 566//566 529//529 585//585
f 548//548 544//544 530//530
f 566//566 547//547 529//529
f 548//548 531//531 568//568
f 547//547 567//567 510//510
f 568//568 531//531 532//532
f 567//567 549//549 510//510
f 550//550 568//568 532//532
f 533//533 550//550 532//532
f 549//549 613//613 510//510
f 534//534 569//569 533//533
f 513//513 551//551 512//512
f 510//510 551//551 513//513
f 613//613 551//551 510//510
f 569//569 534//534 512//512
f 537//537 555//555 535//535
f 553//553 535//535 555//555
f 571//571 536//536 552//552
f 554//554 516//516 536//536
f 556//556 555//555 537//537
f 552//552 553//553 555//555
f 590//590 538//538 516//516
f 590//590 516//516 554//554
f 539//539 556//556 537//537
f 555//555 539//539 574//574
f 555//555 556//556 539//539
f 590//590 572//572 538//538
f 538//538 572//572 557//557
f 560//560 573//573 539//539
f 521//521 557//557 558//558
f 540//540 593//593 501//501
f 541//541 501//501 593//593
f 524//524 562//562 561//561
f 577//577 622//622 541//541
f 525//525 564//564 524//524
f 564//564 562//562 524//524
f 563//563 578//578 622//622
f 491//491 564//564 525//525
f 527//527 580//580 599//599
f 527//527 542//542 580//580
f 543//543 579//579 491//491
f 543//543 544//544 582//582
f 584//584 661//661 585//585
f 584//584 585//585 545//545
f 568//568 604//604 548//548
f 566//566 567//567 547//547
f 586//586 568//568 550//550
f 567//567 611//611 549//549
f 586//586 550//550 533//533
f 586//586 533//533 569//569
f 570//570 586//586 569//569
f 613//613 549//549 611//611
f 570//570 569//569 512//512
f 612//612 512//512 551//551
f 627//627 612//612 551//551
f 555//555 574//574 552//552
f 590//590 554//554 536//536
f 590//590 536//536 571//571
f 574//574 571//571 552//552
f 573//573 574//574 539//539
f 572//572 575//575 557//557
f 594//594 574//574 573//573
f 575//575 617//617 558//558
f 557//557 575//575 558//558
f 560//560 594//594 573//573
f 617//617 576//576 558//558
f 558//558 576//576 592//592
f 559//559 594//594 560//560
f 592//592 540//540 558//558
f 559//559 596//596 594//594
f 596//596 559//559 561//561
f 562//562 596//596 561//561
f 595//595 597//597 593//593
f 593//593 597//597 541//541
f 597//597 577//577 541//541
f 564//564 635//635 562//562
f 491//491 579//579 600//600
f 635//635 491//491 600//600
f 564//564 491//491 635//635
f 578//578 580//580 542//542
f 527//527 599//599 581//581
f 584//584 527//527 581//581
f 582//582 544//544 583//583
f 544//544 565//565 583//583
f 585//585 601//601 566//566
f 641//641 566//566 601//601
f 642//642 566//566 641//641
f 643//643 566//566 642//642
f 567//567 566//566 643//643
f 551//551 587//587 627//627
f 588//588 587//587 551//551
f 551//551 613//613 588//588
f 589//589 571//571 574//574
f 589//589 574//574 591//591
f 615//615 590//590 571//571
f 591//591 574//574 594//594
f 614//614 571//571 631//631
f 571//571 591//591 631//631
f 571//571 589//589 591//591
f 571//571 614//614 615//615
f 572//572 617//617 575//575
f 576//576 617//617 592//592
f 617//617 593//593 540//540
f 592//592 617//617 540//540
f 617//617 595//595 593//593
f 633//633 596//596 562//562
f 597//597 622//622 577//577
f 562//562 598//598 633//633
f 634//634 622//622 597//597
f 562//562 635//635 598//598
f 623//623 578//578 563//563
f 578//578 623//623 599//599
f 580//580 578//578 599//599
f 543//543 582//582 600//600
f 543//543 600//600 579//579
f 638//638 661//661 584//584
f 602//602 546//546 548//548
f 603//603 602//602 548//548
f 604//604 603//603 548//548
f 568//568 603//603 604//604
f 643//643 644//644 567//567
f 605//605 626//626 568//568
f 605//605 568//568 586//586
f 605//605 586//586 626//626
f 606//606 626//626 586//586
f 607//607 611//611 567//567
f 607//607 608//608 611//611
f 610//610 606//606 586//586
f 610//610 586//586 570//570
f 608//608 609//609 611//611
f 609//609 628//628 611//611
f 570//570 512//512 612//612
f 628//628 613//613 611//611
f 572//572 590//590 615//615
f 631//631 591//591 594//594
f 615//615 614//614 572//572
f 616//616 572//572 614//614
f 616//616 630//630 572//572
f 617//617 572//572 630//630
f 594//594 619//619 631//631
f 653//653 618//618 617//617
f 620//620 621//621 617//617
f 618//618 620//620 617//617
f 619//619 594//594 596//596
f 621//621 620//620 595//595
f 617//617 621//621 595//595
f 597//597 595//595 656//656
f 634//634 623//623 622//622
f 622//622 623//623 563//563
f 600//600 582//582 624//624
f 624//624 582//582 583//583
f 599//599 638//638 581//581
f 584//584 581//581 638//638
f 583//583 625//625 624//624
f 583//583 565//565 625//625
f 601//601 585//585 661//661
f 546//546 625//625 565//565
f 626//626 603//603 568//568
f 567//567 645//645 607//607
f 646//646 606//606 610//610
f 646//646 610//610 570//570
f 608//608 607//607 609//609
f 612//612 646//646 570//570
f 607//607 648//648 609//609
f 587//587 588//588 627//627
f 628//628 609//609 648//648
f 613//613 629//629 588//588
f 629//629 628//628 649//649
f 613//613 628//628 629//629
f 630//630 616//616 614//614
f 619//619 655//655 631//631
f 651//651 617//617 630//630
f 653//653 617//617 651//651
f 631//631 655//655 669//669
f 653//653 620//620 618//618
f 653//653 632//632 620//620
f 633//633 619//619 596//596
f 632//632 656//656 620//620
f 620//620 656//656 595//595
f 656//656 634//634 597//597
f 598//598 635//635 633//633
f 633//633 635//635 692//692
f 692//692 635//635 694//694
f 600//600 694//694 635//635
f 636//636 599//599 623//623
f 624//624 658//658 600//600
f 625//625 639//639 624//624
f 639//639 546//546 640//640
f 625//625 546//546 639//639
f 546//546 602//602 640//640
f 641//641 601//601 642//642
f 664//664 602//602 603//603
f 603//603 626//626 664//664
f 665//665 664//664 626//626
f 626//626 606//606 665//665
f 646//646 665//665 606//606
f 667//667 648//648 607//607
f 646//646 612//612 647//647
f 647//647 612//612 627//627
f 627//627 703//703 647//647
f 704//704 703//703 627//627
f 627//627 588//588 704//704
f 629//629 649//649 588//588
f 628//628 650//650 649//649
f 628//628 648//648 650//650
f 650//650 648//648 668//668
f 651//651 630//630 614//614
f 652//652 669//669 655//655
f 614//614 631//631 669//669
f 653//653 654//654 632//632
f 633//633 655//655 619//619
f 632//632 654//654 656//656
f 692//692 655//655 633//633
f 656//656 657//657 634//634
f 657//657 732//732 634//634
f 732//732 623//623 634//634
f 732//732 636//636 623//623
f 600//600 658//658 694//694
f 638//638 599//599 659//659
f 637//637 658//658 624//624
f 637//637 624//624 660//660
f 659//659 661//661 638//638
f 660//660 624//624 662//662
f 662//662 624//624 639//639
f 640//640 602//602 663//663
f 601//601 696//696 642//642
f 602//602 675//675 663//663
f 644//644 643//643 642//642
f 567//567 678//678 645//645
f 567//567 644//644 678//678
f 679//679 607//607 645//645
f 679//679 680//680 607//607
f 666//666 665//665 646//646
f 607//607 680//680 667//667
f 647//647 681//681 646//646
f 703//703 681//681 647//647
f 667//667 685//685 648//648
f 667//667 683//683 685//685
f 704//704 588//588 686//686
f 649//649 686//686 588//588
f 705//705 686//686 649//649
f 648//648 685//685 668//668
f 669//669 651//651 614//614
f 727//727 653//653 651//651
f 670//670 654//654 653//653
f 655//655 691//691 652//652
f 652//652 691//691 669//669
f 669//669 727//727 651//651
f 692//692 691//691 655//655
f 654//654 670//670 656//656
f 656//656 670//670 671//671
f 656//656 671//671 657//657
f 657//657 671//671 732//732
f 672//672 692//692 694//694
f 732//732 673//673 636//636
f 673//673 599//599 636//636
f 659//659 599//599 673//673
f 694//694 658//658 637//637
f 659//659 735//735 661//661
f 735//735 674//674 661//661
f 661//661 674//674 601//601
f 640//640 662//662 639//639
f 674//674 696//696 601//601
f 663//663 675//675 640//640
f 675//675 602//602 737//737
f 602//602 676//676 737//737
f 644//644 642//642 738//738
f 676//676 602//602 677//677
f 664//664 677//677 602//602
f 664//664 665//665 697//697
f 665//665 698//698 697//697
f 666//666 698//698 665//665
f 701//701 666//666 646//646
f 700//700 667//667 680//680
f 667//667 700//700 683//683
f 682//682 805//805 681//681
f 682//682 681//681 703//703
f 685//685 683//683 742//742
f 650//650 687//687 649//649
f 706//706 685//685 684//684
f 705//705 649//649 707//707
f 687//687 650//650 668//668
f 707//707 687//687 668//668
f 689//689 688//688 690//690
f 723//723 720//720 688//688
f 721//721 690//690 717//717
f 721//721 689//689 690//690
f 691//691 727//727 669//669
f 728//728 670//670 653//653
f 728//728 653//653 727//727
f 729//729 732//732 671//671
f 670//670 729//729 671//671
f 726//726 691//691 692//692
f 693//693 673//673 732//732
f 694//694 762//762 672//672
f 726//726 692//692 762//762
f 692//692 672//672 762//762
f 660//660 694//694 637//637
f 673//673 735//735 659//659
f 640//640 660//660 662//662
f 675//675 695//695 640//640
f 737//737 736//736 675//675
f 738//738 642//642 696//696
f 677//677 664//664 676//676
f 738//738 678//678 644//644
f 645//645 678//678 738//738
f 701//701 646//646 681//681
f 805//805 701//701 681//681
f 682//682 703//703 805//805
f 702//702 742//742 683//683
f 740//740 703//703 704//704
f 741//741 740//740 704//704
f 742//742 684//684 685//685
f 705//705 704//704 686//686
f 707//707 649//649 687//687
f 685//685 708//708 668//668
f 685//685 706//706 708//708
f 744//744 707//707 668//668
f 720//720 716//716 710//710
f 688//688 710//710 711//711
f 688//688 711//711 712//712
f 688//688 712//712 690//690
f 712//712 715//715 690//690
f 713//713 714//714 717//717
f 720//720 710//710 688//688
f 715//715 713//713 690//690
f 690//690 713//713 717//717
f 717//717 749//749 756//756
f 720//720 719//719 716//716
f 718//718 756//756 775//775
f 757//757 756//756 718//718
f 722//722 720//720 723//723
f 689//689 723//723 688//688
f 689//689 721//721 759//759
f 725//725 721//721 717//717
f 725//725 717//717 756//756
f 722//722 758//758 720//720
f 759//759 721//721 724//724
f 724//724 721//721 725//725
f 726//726 727//727 691//691
f 729//729 670//670 728//728
f 728//728 727//727 726//726
f 730//730 729//729 728//728
f 729//729 731//731 732//732
f 732//732 731//731 760//760
f 732//732 760//760 693//693
f 760//760 673//673 693//693
f 694//694 763//763 762//762
f 733//733 735//735 673//673
f 763//763 694//694 660//660
f 733//733 734//734 735//735
f 734//734 798//798 735//735
f 660//660 640//640 764//764
f 695//695 764//764 640//640
f 675//675 736//736 695//695
f 735//735 696//696 674//674
f 801//801 696//696 735//735
f 801//801 800//800 696//696
f 800//800 738//738 696//696
f 664//664 697//697 698//698
f 645//645 802//802 679//679
f 698//698 666//666 699//699
f 700//700 680//680 683//683
f 666//666 701//701 805//805
f 740//740 805//805 739//739
f 703//703 739//739 805//805
f 740//740 739//739 703//703
f 807//807 742//742 702//702
f 808//808 740//740 741//741
f 743//743 741//741 704//704
f 743//743 704//704 705//705
f 708//708 745//745 668//668
f 668//668 745//745 744//744
f 716//716 746//746 710//710
f 710//710 746//746 711//711
f 715//715 712//712 714//714
f 715//715 714//714 713//713
f 714//714 773//773 717//717
f 773//773 749//749 717//717
f 719//719 748//748 716//716
f 716//716 748//748 709//709
f 756//756 749//749 750//750
f 756//756 750//750 775//775
f 751//751 748//748 719//719
f 718//718 775//775 753//753
f 753//753 775//775 752//752
f 719//719 754//754 751//751
f 719//719 755//755 754//754
f 755//755 719//719 758//758
f 720//720 758//758 719//719
f 722//722 723//723 758//758
f 689//689 759//759 723//723
f 786//786 718//718 753//753
f 822//822 759//759 724//724
f 725//725 756//756 883//883
f 726//726 795//795 728//728
f 730//730 728//728 792//792
f 795//795 726//726 761//761
f 762//762 761//761 726//726
f 731//731 729//729 760//760
f 673//673 760//760 733//733
f 760//760 797//797 733//733
f 797//797 734//734 733//733
f 764//764 763//763 660//660
f 798//798 799//799 735//735
f 736//736 737//737 765//765
f 855//855 738//738 800//800
f 855//855 1068//1068 738//738
f 664//664 698//698 676//676
f 645//645 738//738 1068//1068
f 802//802 680//680 679//679
f 803//803 680//680 802//802
f 666//666 766//766 699//699
f 803//803 683//683 680//680
f 857//857 683//683 803//803
f 805//805 804//804 666//666
f 683//683 857//857 702//702
f 860//860 702//702 924//924
f 860//860 807//807 702//702
f 808//808 806//806 740//740
f 809//809 743//743 705//705
f 809//809 705//705 707//707
f 684//684 742//742 810//810
f 767//767 809//809 707//707
f 744//744 767//767 707//707
f 684//684 810//810 864//864
f 706//706 769//769 708//708
f 708//708 769//769 745//745
f 684//684 769//769 706//706
f 684//684 864//864 769//769
f 709//709 746//746 716//716
f 746//746 770//770 711//711
f 711//711 770//770 712//712
f 770//770 747//747 712//712
f 712//712 771//771 714//714
f 747//747 771//771 712//712
f 748//748 815//815 709//709
f 714//714 772//772 773//773
f 749//749 773//773 750//750
f 750//750 774//774 775//775
f 777//777 816//816 775//775
f 776//776 777//777 775//775
f 751//751 778//778 748//748
f 775//775 816//816 752//752
f 754//754 778//778 751//751
f 754//754 781//781 778//778
f 752//752 780//780 753//753
f 752//752 779//779 780//780
f 754//754 755//755 781//781
f 758//758 821//821 755//755
f 883//883 756//756 757//757
f 757//757 785//785 787//787
f 718//718 786//786 757//757
f 786//786 753//753 780//780
f 821//821 758//758 723//723
f 821//821 723//723 782//782
f 723//723 784//784 782//782
f 759//759 784//784 723//723
f 823//823 822//822 724//724
f 757//757 783//783 886//886
f 787//787 783//783 757//757
f 784//784 759//759 822//822
f 785//785 757//757 786//786
f 787//787 785//785 786//786
f 826//826 787//787 786//786
f 788//788 787//787 826//826
f 789//789 788//788 830//830
f 830//830 788//788 826//826
f 789//789 830//830 836//836
f 916//916 729//729 730//730
f 728//728 793//793 792//792
f 728//728 795//795 793//793
f 730//730 792//792 793//793
f 916//916 1063//1063 729//729
f 762//762 795//795 761//761
f 794//794 795//795 762//762
f 795//795 794//794 853//853
f 729//729 1063//1063 760//760
f 853//853 794//794 762//762
f 1063//1063 796//796 760//760
f 797//797 760//760 796//796
f 853//853 762//762 763//763
f 734//734 799//799 798//798
f 764//764 695//695 763//763
f 852//852 763//763 695//695
f 800//800 801//801 735//735
f 799//799 800//800 735//735
f 736//736 765//765 695//695
f 737//737 676//676 765//765
f 921//921 676//676 698//698
f 802//802 645//645 1068//1068
f 698//698 699//699 766//766
f 766//766 666//666 804//804
f 924//924 702//702 858//858
f 808//808 741//741 743//743
f 1074//1074 742//742 807//807
f 809//809 808//808 743//743
f 1074//1074 810//810 742//742
f 811//811 767//767 744//744
f 745//745 811//811 744//744
f 864//864 810//810 863//863
f 745//745 768//768 811//811
f 769//769 864//864 866//866
f 865//865 768//768 745//745
f 865//865 745//745 769//769
f 815//815 931//931 709//709
f 709//709 931//931 746//746
f 747//747 770//770 812//812
f 714//714 771//771 772//772
f 771//771 773//773 772//772
f 773//773 813//813 750//750
f 750//750 813//813 870//870
f 750//750 870//870 814//814
f 814//814 774//774 750//750
f 774//774 814//814 775//775
f 775//775 814//814 776//776
f 815//815 748//748 872//872
f 748//748 874//874 872//872
f 748//748 778//778 874//874
f 777//777 776//776 816//816
f 781//781 873//873 778//778
f 778//778 873//873 874//874
f 752//752 816//816 875//875
f 875//875 817//817 752//752
f 818//818 873//873 781//781
f 752//752 817//817 779//779
f 817//817 780//780 779//779
f 820//820 819//819 781//781
f 819//819 818//818 781//781
f 817//817 824//824 780//780
f 824//824 817//817 877//877
f 878//878 820//820 781//781
f 781//781 755//755 821//821
f 879//879 781//781 821//821
f 784//784 821//821 782//782
f 757//757 885//885 883//883
f 757//757 886//886 885//885
f 780//780 824//824 786//786
f 880//880 821//821 881//881
f 881//881 821//821 940//940
f 940//940 821//821 784//784
f 882//882 823//823 724//724
f 724//724 725//725 883//883
f 787//787 886//886 783//783
f 824//824 884//884 786//786
f 787//787 827//827 886//886
f 788//788 825//825 787//787
f 787//787 825//825 827//827
f 887//887 826//826 786//786
f 788//788 827//827 825//825
f 788//788 828//828 827//827
f 826//826 887//887 943//943
f 826//826 943//943 829//829
f 789//789 831//831 788//788
f 788//788 831//831 828//828
f 830//830 826//826 829//829
f 830//830 829//829 833//833
f 789//789 832//832 831//831
f 836//836 832//832 789//789
f 836//836 835//835 832//832
f 830//830 834//834 836//836
f 834//834 830//830 833//833
f 837//837 836//836 834//834
f 838//838 835//835 836//836
f 790//790 836//836 946//946
f 946//946 836//836 837//837
f 838//838 836//836 790//790
f 839//839 838//838 790//790
f 840//840 790//790 946//946
f 791//791 839//839 790//790
f 840//840 791//791 790//790
f 791//791 841//841 839//839
f 840//840 842//842 791//791
f 892//892 842//842 840//840
f 845//845 844//844 791//791
f 791//791 844//844 841//841
f 791//791 842//842 845//845
f 846//846 845//845 842//842
f 846//846 842//842 951//951
f 846//846 844//844 845//845
f 847//847 844//844 846//846
f 844//844 847//847 893//893
f 847//847 897//897 848//848
f 849//849 902//902 848//848
f 848//848 897//897 849//849
f 850//850 902//902 851//851
f 793//793 915//915 730//730
f 915//915 916//916 730//730
f 915//915 793//793 795//795
f 915//915 795//795 853//853
f 763//763 852//852 853//853
f 796//796 917//917 797//797
f 917//917 854//854 734//734
f 797//797 917//917 734//734
f 854//854 799//799 734//734
f 799//799 854//854 920//920
f 920//920 800//800 799//799
f 698//698 856//856 921//921
f 766//766 856//856 698//698
f 802//802 857//857 803//803
f 857//857 1069//1069 702//702
f 805//805 923//923 804//804
f 923//923 805//805 859//859
f 740//740 806//806 805//805
f 806//806 859//859 805//805
f 808//808 861//861 806//806
f 1073//1073 1074//1074 807//807
f 1075//1075 925//925 808//808
f 1075//1075 808//808 809//809
f 862//862 1075//1075 809//809
f 767//767 862//862 809//809
f 1074//1074 863//863 810//810
f 768//768 767//767 811//811
f 865//865 1000//1000 768//768
f 866//866 865//865 769//769
f 864//864 863//863 866//866
f 867//867 866//866 863//863
f 746//746 931//931 770//770
f 932//932 870//870 813//813
f 871//871 814//814 870//870
f 868//868 815//815 930//930
f 815//815 868//868 931//931
f 771//771 869//869 773//773
f 773//773 869//869 813//813
f 871//871 776//776 814//814
f 776//776 1006//1006 816//816
f 934//934 875//875 816//816
f 934//934 817//817 875//875
f 818//818 933//933 873//873
f 934//934 876//876 817//817
f 819//819 936//936 818//818
f 819//819 820//820 936//936
f 878//878 1198//1198 820//820
f 939//939 878//878 781//781
f 879//879 939//939 781//781
f 880//880 879//879 821//821
f 941//941 784//784 822//822
f 882//882 822//822 823//823
f 882//882 941//941 822//822
f 887//887 786//786 884//884
f 828//828 886//886 827//827
f 829//829 943//943 1015//1015
f 829//829 1015//1015 889//889
f 889//889 833//833 829//829
f 832//832 835//835 831//831
f 834//834 833//833 1015//1015
f 838//838 944//944 835//835
f 838//838 947//947 944//944
f 834//834 946//946 837//837
f 839//839 890//890 838//838
f 838//838 890//890 947//947
f 948//948 840//840 946//946
f 839//839 841//841 890//890
f 841//841 844//844 1102//1102
f 949//949 892//892 840//840
f 843//843 891//891 844//844
f 892//892 951//951 842//842
f 844//844 893//893 843//843
f 892//892 950//950 951//951
f 848//848 893//893 847//847
f 894//894 893//893 848//848
f 951//951 895//895 846//846
f 951//951 952//952 895//895
f 848//848 896//896 894//894
f 846//846 897//897 847//847
f 848//848 902//902 896//896
f 902//902 898//898 896//896
f 850//850 899//899 902//902
f 902//902 899//899 898//898
f 901//901 899//899 850//850
f 851//851 901//901 850//850
f 900//900 902//902 849//849
f 851//851 899//899 901//901
f 900//900 851//851 902//902
f 851//851 904//904 899//899
f 903//903 851//851 900//900
f 903//903 900//900 957//957
f 957//957 851//851 903//903
f 957//957 906//906 851//851
f 906//906 904//904 851//851
f 906//906 957//957 960//960
f 906//906 905//905 904//904
f 907//907 905//905 906//906
f 961//961 905//905 907//907
f 909//909 911//911 905//905
f 908//908 905//905 961//961
f 908//908 909//909 905//905
f 908//908 965//965 909//909
f 911//911 909//909 910//910
f 914//914 912//912 911//911
f 914//914 911//911 913//913
f 911//911 910//910 913//913
f 796//796 1063//1063 1283//1283
f 917//917 796//796 1283//1283
f 852//852 919//919 853//853
f 919//919 915//915 853//853
f 915//915 1064//1064 916//916
f 916//916 1064//1064 1063//1063
f 918//918 854//854 917//917
f 919//919 987//987 915//915
f 695//695 919//919 852//852
f 765//765 919//919 695//695
f 676//676 921//921 765//765
f 1068//1068 855//855 922//922
f 802//802 1068//1068 857//857
f 993//993 856//856 766//766
f 766//766 804//804 993//993
f 923//923 996//996 804//804
f 702//702 1069//1069 858//858
f 923//923 859//859 1072//1072
f 924//924 858//858 997//997
f 859//859 806//806 1072//1072
f 807//807 860//860 924//924
f 1173//1173 807//807 924//924
f 1173//1173 1073//1073 807//807
f 925//925 861//861 808//808
f 998//998 863//863 1074//1074
f 1075//1075 862//862 767//767
f 998//998 1176//1176 863//863
f 926//926 767//767 768//768
f 1176//1176 927//927 863//863
f 926//926 768//768 1178//1178
f 999//999 768//768 1000//1000
f 865//865 866//866 1000//1000
f 866//866 867//867 929//929
f 863//863 927//927 867//867
f 928//928 1000//1000 866//866
f 930//930 931//931 868//868
f 931//931 1083//1083 770//770
f 1083//1083 812//812 770//770
f 747//747 869//869 771//771
f 812//812 869//869 747//747
f 869//869 932//932 813//813
f 932//932 1086//1086 870//870
f 815//815 872//872 930//930
f 871//871 1006//1006 776//776
f 816//816 1088//1088 934//934
f 1006//1006 1088//1088 816//816
f 874//874 873//873 872//872
f 933//933 936//936 1007//1007
f 936//936 933//933 818//818
f 1195//1195 935//935 934//934
f 935//935 876//876 934//934
f 935//935 817//817 876//876
f 820//820 937//937 936//936
f 935//935 1090//1090 817//817
f 938//938 937//937 820//820
f 1090//1090 877//877 817//817
f 1093//1093 938//938 820//820
f 1198//1198 1093//1093 820//820
f 1010//1010 824//824 877//877
f 1009//1009 1198//1198 878//878
f 939//939 1009//1009 878//878
f 939//939 879//879 880//880
f 1094//1094 939//939 880//880
f 880//880 881//881 940//940
f 1011//1011 940//940 784//784
f 1011//1011 784//784 941//941
f 1013//1013 882//882 724//724
f 1013//1013 941//941 882//882
f 1013//1013 724//724 883//883
f 887//887 884//884 824//824
f 824//824 1010//1010 887//887
f 1013//1013 883//883 885//885
f 885//885 886//886 1013//1013
f 831//831 888//888 828//828
f 828//828 888//888 886//886
f 835//835 888//888 831//831
f 1015//1015 833//833 889//889
f 835//835 1014//1014 888//888
f 835//835 944//944 1014//1014
f 1206//1206 1017//1017 834//834
f 945//945 946//946 834//834
f 945//945 834//834 1017//1017
f 841//841 947//947 890//890
f 841//841 1102//1102 947//947
f 844//844 891//891 1102//1102
f 840//840 1105//1105 949//949
f 1106//1106 950//950 892//892
f 1106//1106 951//951 950//950
f 894//894 1019//1019 893//893
f 893//893 1019//1019 1107//1107
f 1108//1108 897//897 846//846
f 1108//1108 846//846 895//895
f 896//896 1020//1020 894//894
f 896//896 898//898 1020//1020
f 1109//1109 849//849 897//897
f 897//897 953//953 1109//1109
f 899//899 1021//1021 898//898
f 1109//1109 900//900 849//849
f 1109//1109 954//954 900//900
f 899//899 1022//1022 1021//1021
f 954//954 955//955 900//900
f 904//904 956//956 899//899
f 899//899 956//956 1022//1022
f 1023//1023 957//957 955//955
f 955//955 957//957 900//900
f 904//904 958//958 956//956
f 905//905 959//959 904//904
f 904//904 959//959 958//958
f 911//911 959//959 905//905
f 961//961 907//907 906//906
f 961//961 906//906 960//960
f 911//911 962//962 959//959
f 911//911 963//963 962//962
f 961//961 1027//1027 1028//1028
f 911//911 964//964 963//963
f 961//961 965//965 908//908
f 961//961 1028//1028 965//965
f 911//911 966//966 964//964
f 912//912 966//966 911//911
f 965//965 910//910 909//909
f 912//912 968//968 966//966
f 914//914 968//968 912//912
f 970//970 914//914 913//913
f 910//910 970//970 913//913
f 910//910 967//967 970//970
f 969//969 968//968 914//914
f 969//969 971//971 968//968
f 970//970 969//969 914//914
f 973//973 968//968 971//971
f 969//969 970//970 971//971
f 972//972 968//968 973//973
f 973//973 971//971 1030//1030
f 975//975 972//972 973//973
f 974//974 972//972 975//975
f 973//973 1115//1115 975//975
f 976//976 975//975 1034//1034
f 977//977 974//974 975//975
f 977//977 975//975 976//976
f 977//977 978//978 974//974
f 977//977 979//979 980//980
f 981//981 977//977 980//980
f 1120//1120 982//982 981//981
f 981//981 1119//1119 1120//1120
f 1041//1041 982//982 1120//1120
f 984//984 983//983 1041//1041
f 1064//1064 915//915 985//985
f 1162//1162 917//917 1283//1283
f 986//986 918//918 917//917
f 986//986 917//917 1162//1162
f 987//987 985//985 915//915
f 1064//1064 987//987 1065//1065
f 1064//1064 985//985 987//987
f 920//920 918//918 986//986
f 918//918 920//920 854//854
f 765//765 1065//1065 919//919
f 919//919 1065//1065 987//987
f 989//989 990//990 800//800
f 988//988 989//989 800//800
f 920//920 988//988 800//800
f 921//921 1065//1065 765//765
f 990//990 855//855 800//800
f 990//990 991//991 855//855
f 855//855 991//991 1066//1066
f 1066//1066 992//992 855//855
f 922//922 855//855 992//992
f 856//856 1165//1165 921//921
f 994//994 857//857 1068//1068
f 996//996 993//993 804//804
f 1069//1069 857//857 995//995
f 1070//1070 996//996 923//923
f 1069//1069 997//997 858//858
f 1072//1072 806//806 1169//1169
f 806//806 861//861 1169//1169
f 1075//1075 1174//1174 925//925
f 1075//1075 767//767 926//926
f 1178//1178 1075//1075 926//926
f 999//999 1178//1178 768//768
f 1176//1176 1079//1079 927//927
f 929//929 867//867 1001//1001
f 1184//1184 927//927 1079//1079
f 1001//1001 866//866 929//929
f 927//927 1184//1184 867//867
f 1082//1082 867//867 1184//1184
f 1083//1083 931//931 1002//1002
f 812//812 1003//1003 1004//1004
f 812//812 1004//1004 869//869
f 1004//1004 932//932 869//869
f 870//870 1005//1005 871//871
f 930//930 872//872 1084//1084
f 1006//1006 871//871 1005//1005
f 873//873 1084//1084 872//872
f 1008//1008 1007//1007 936//936
f 1091//1091 1008//1008 936//936
f 1195//1195 1089//1089 935//935
f 1090//1090 935//935 1089//1089
f 936//936 937//937 938//938
f 1091//1091 936//936 938//938
f 1010//1010 877//877 1090//1090
f 1200//1200 1312//1312 939//939
f 1094//1094 1200//1200 939//939
f 880//880 940//940 1202//1202
f 940//940 1011//1011 1202//1202
f 941//941 1316//1316 1011//1011
f 1012//1012 941//941 1013//1013
f 1199//1199 887//887 1010//1010
f 886//886 1096//1096 1013//1013
f 1199//1199 1315//1315 887//887
f 942//942 1096//1096 886//886
f 886//886 1097//1097 942//942
f 1015//1015 887//887 1315//1315
f 888//888 1097//1097 886//886
f 887//887 1015//1015 943//943
f 1204//1204 1015//1015 1098//1098
f 888//888 1014//1014 1099//1099
f 1204//1204 1321//1321 1015//1015
f 1016//1016 834//834 1015//1015
f 1016//1016 1015//1015 1321//1321
f 944//944 1100//1100 1014//1014
f 1016//1016 1206//1206 834//834
f 944//944 947//947 1100//1100
f 1017//1017 946//946 945//945
f 1100//1100 947//947 1101//1101
f 1102//1102 1101//1101 947//947
f 1017//1017 1208//1208 946//946
f 1208//1208 948//948 946//946
f 1208//1208 840//840 948//948
f 1103//1103 840//840 1208//1208
f 891//891 1018//1018 1102//1102
f 1103//1103 1105//1105 840//840
f 843//843 1018//1018 891//891
f 1105//1105 892//892 949//949
f 1106//1106 892//892 1105//1105
f 893//893 1018//1018 843//843
f 1018//1018 893//893 1107//1107
f 1106//1106 952//952 951//951
f 1106//1106 895//895 952//952
f 1214//1214 895//895 1106//1106
f 1214//1214 1108//1108 895//895
f 953//953 897//897 1108//1108
f 1108//1108 1109//1109 953//953
f 1020//1020 898//898 1021//1021
f 955//955 954//954 1109//1109
f 1022//1022 1110//1110 1021//1021
f 955//955 1330//1330 1023//1023
f 1025//1025 960//960 957//957
f 957//957 1023//1023 1025//1025
f 1026//1026 960//960 1025//1025
f 1025//1025 1024//1024 1026//1026
f 1112//1112 959//959 962//962
f 960//960 1221//1221 961//961
f 962//962 963//963 1112//1112
f 1221//1221 1027//1027 961//961
f 964//964 1222//1222 963//963
f 1028//1028 1225//1225 965//965
f 968//968 964//964 966//966
f 967//967 910//910 965//965
f 967//967 965//965 1228//1228
f 968//968 1029//1029 964//964
f 968//968 1226//1226 1029//1029
f 1030//1030 970//970 967//967
f 972//972 1031//1031 968//968
f 968//968 1031//1031 1226//1226
f 1030//1030 971//971 970//970
f 974//974 1031//1031 972//972
f 974//974 1032//1032 1031//1031
f 1030//1030 1115//1115 973//973
f 974//974 1033//1033 1032//1032
f 1034//1034 975//975 1115//1115
f 978//978 1232//1232 974//974
f 974//974 1232//1232 1033//1033
f 1034//1034 977//977 976//976
f 978//978 1037//1037 1035//1035
f 977//977 1037//1037 978//978
f 1034//1034 1449//1449 977//977
f 981//981 1036//1036 977//977
f 977//977 1036//1036 1037//1037
f 979//979 977//977 1449//1449
f 981//981 1037//1037 1036//1036
f 981//981 1038//1038 1037//1037
f 979//979 1119//1119 980//980
f 1039//1039 1038//1038 1122//1122
f 982//982 1122//1122 981//981
f 981//981 1122//1122 1038//1038
f 980//980 1119//1119 981//981
f 1040//1040 1122//1122 982//982
f 1040//1040 982//982 1041//1041
f 983//983 1040//1040 1041//1041
f 1041//1041 1120//1120 1236//1236
f 1041//1041 1236//1236 984//984
f 983//983 1042//1042 1040//1040
f 1043//1043 1042//1042 1045//1045
f 1046//1046 1045//1045 1042//1042
f 984//984 1046//1046 983//983
f 1046//1046 1042//1042 983//983
f 984//984 1044//1044 1046//1046
f 1049//1049 1048//1048 1045//1045
f 1049//1049 1045//1045 1047//1047
f 1047//1047 1045//1045 1046//1046
f 1047//1047 1050//1050 1049//1049
f 1051//1051 1048//1048 1049//1049
f 1051//1051 1049//1049 1050//1050
f 1051//1051 1053//1053 1048//1048
f 1054//1054 1052//1052 1053//1053
f 1053//1053 1130//1130 1054//1054
f 1056//1056 1055//1055 1134//1134
f 1055//1055 1052//1052 1134//1134
f 1052//1052 1131//1131 1134//1134
f 1058//1058 1057//1057 1140//1140
f 1059//1059 1057//1057 1058//1058
f 1143//1143 1059//1059 1058//1058
f 1060//1060 1059//1059 1143//1143
f 1061//1061 1060//1060 1143//1143
f 1060//1060 1061//1061 1062//1062
f 1063//1063 1064//1064 1283//1283
f 986//986 988//988 920//920
f 1067//1067 1065//1065 921//921
f 988//988 990//990 989//989
f 991//991 988//988 1066//1066
f 990//990 988//988 991//991
f 988//988 992//992 1066//1066
f 1067//1067 921//921 1165//1165
f 992//992 1068//1068 922//922
f 856//856 1380//1380 1165//1165
f 993//993 1380//1380 856//856
f 857//857 994//994 1166//1166
f 857//857 1166//1166 995//995
f 923//923 1072//1072 1070//1070
f 1069//1069 1071//1071 997//997
f 1169//1169 861//861 925//925
f 1171//1171 1173//1173 924//924
f 1073//1073 1173//1173 1171//1171
f 1175//1175 1174//1174 1075//1075
f 1074//1074 1298//1298 1176//1176
f 1177//1177 1175//1175 1075//1075
f 1074//1074 1176//1176 998//998
f 1300//1300 1075//1075 1178//1178
f 1176//1176 1076//1076 1077//1077
f 1304//1304 999//999 1000//1000
f 1176//1176 1077//1077 1079//1079
f 1078//1078 1304//1304 1000//1000
f 928//928 1078//1078 1000//1000
f 1182//1182 1079//1079 1077//1077
f 1078//1078 928//928 866//866
f 866//866 1001//1001 1078//1078
f 1182//1182 1184//1184 1079//1079
f 1187//1187 1082//1082 1184//1184
f 1187//1187 1184//1184 1186//1186
f 930//930 1189//1189 931//931
f 931//931 1085//1085 1002//1002
f 1083//1083 1002//1002 1085//1085
f 1083//1083 1085//1085 812//812
f 812//812 1085//1085 1003//1003
f 1004//1004 1191//1191 932//932
f 1191//1191 1192//1192 932//932
f 1192//1192 1409//1409 932//932
f 932//932 1409//1409 1086//1086
f 1086//1086 1409//1409 870//870
f 870//870 1409//1409 1005//1005
f 1007//1007 1087//1087 933//933
f 1084//1084 933//933 1087//1087
f 933//933 1084//1084 873//873
f 1309//1309 934//934 1088//1088
f 934//934 1309//1309 1195//1195
f 1092//1092 1007//1007 1091//1091
f 1007//1007 1008//1008 1091//1091
f 1092//1092 1091//1091 938//938
f 1090//1090 1413//1413 1197//1197
f 1093//1093 1092//1092 938//938
f 1196//1196 1093//1093 1198//1198
f 1312//1312 1198//1198 1009//1009
f 1312//1312 1009//1009 939//939
f 1010//1010 1090//1090 1197//1197
f 1527//1527 1094//1094 880//880
f 941//941 1095//1095 1316//1316
f 941//941 1012//1012 1095//1095
f 1197//1197 1199//1199 1010//1010
f 1313//1313 1527//1527 880//880
f 1202//1202 1313//1313 880//880
f 1418//1418 1202//1202 1011//1011
f 1203//1203 1418//1418 1011//1011
f 1203//1203 1011//1011 1316//1316
f 1012//1012 1013//1013 1096//1096
f 1098//1098 1015//1015 1315//1315
f 888//888 1099//1099 1097//1097
f 1014//1014 1205//1205 1099//1099
f 1206//1206 1016//1016 1321//1321
f 1104//1104 1102//1102 1018//1018
f 1211//1211 1106//1106 1105//1105
f 894//894 1020//1020 1019//1019
f 1106//1106 1213//1213 1214//1214
f 1021//1021 1110//1110 1020//1020
f 1431//1431 955//955 1109//1109
f 956//956 1110//1110 1022//1022
f 1111//1111 955//955 1431//1431
f 1111//1111 1330//1330 955//955
f 958//958 1217//1217 956//956
f 959//959 1217//1217 958//958
f 1024//1024 1025//1025 1023//1023
f 1024//1024 1023//1023 1333//1333
f 959//959 1112//1112 1217//1217
f 1024//1024 1113//1113 1026//1026
f 1113//1113 960//960 1026//1026
f 1113//1113 1024//1024 1219//1219
f 1113//1113 1219//1219 960//960
f 963//963 1114//1114 1112//1112
f 960//960 1219//1219 1221//1221
f 963//963 1437//1437 1114//1114
f 1221//1221 1028//1028 1027//1027
f 1219//1219 1028//1028 1221//1221
f 1222//1222 1437//1437 963//963
f 1223//1223 1028//1028 1219//1219
f 1223//1223 1225//1225 1028//1028
f 964//964 1338//1338 1224//1224
f 1225//1225 1228//1228 965//965
f 1029//1029 1226//1226 964//964
f 1228//1228 1229//1229 967//967
f 1229//1229 1030//1030 967//967
f 1032//1032 1230//1230 1031//1031
f 1032//1032 1033//1033 1230//1230
f 1231//1231 1034//1034 1115//1115
f 1231//1231 1116//1116 1034//1034
f 978//978 1035//1035 1232//1232
f 1116//1116 1449//1449 1034//1034
f 1116//1116 1233//1233 1449//1449
f 1038//1038 1117//1117 1037//1037
f 1038//1038 1118//1118 1117//1117
f 1039//1039 1118//1118 1038//1038
f 979//979 1449//1449 1234//1234
f 1122//1122 1235//1235 1039//1039
f 979//979 1234//1234 1119//1119
f 1119//1119 1234//1234 1120//1120
f 1121//1121 1235//1235 1122//1122
f 1040//1040 1123//1123 1122//1122
f 1120//1120 1344//1344 1236//1236
f 1040//1040 1042//1042 1123//1123
f 1044//1044 984//984 1236//1236
f 1043//1043 1123//1123 1042//1042
f 1045//1045 1124//1124 1043//1043
f 1125//1125 1046//1046 1044//1044
f 1048//1048 1124//1124 1045//1045
f 1046//1046 1125//1125 1126//1126
f 1048//1048 1128//1128 1124//1124
f 1046//1046 1126//1126 1047//1047
f 1126//1126 1050//1050 1047//1047
f 1053//1053 1127//1127 1048//1048
f 1048//1048 1127//1127 1128//1128
f 1050//1050 1126//1126 1557//1557
f 1128//1128 1127//1127 1053//1053
f 1052//1052 1128//1128 1053//1053
f 1050//1050 1130//1130 1051//1051
f 1052//1052 1129//1129 1128//1128
f 1130//1130 1053//1053 1051//1051
f 1055//1055 1129//1129 1052//1052
f 1055//1055 1350//1350 1129//1129
f 1130//1130 1241//1241 1054//1054
f 1055//1055 1132//1132 1350//1350
f 1241//1241 1052//1052 1054//1054
f 1130//1130 1459//1459 1241//1241
f 1241//1241 1131//1131 1052//1052
f 1056//1056 1132//1132 1055//1055
f 1244//1244 1131//1131 1241//1241
f 1056//1056 1133//1133 1132//1132
f 1056//1056 1135//1135 1133//1133
f 1140//1140 1057//1057 1056//1056
f 1134//1134 1140//1140 1056//1056
f 1140//1140 1134//1134 1246//1246
f 1137//1137 1135//1135 1136//1136
f 1138//1138 1135//1135 1137//1137
f 1057//1057 1136//1136 1056//1056
f 1056//1056 1136//1136 1135//1135
f 1059//1059 1137//1137 1057//1057
f 1057//1057 1137//1137 1136//1136
f 1138//1138 1137//1137 1059//1059
f 1139//1139 1140//1140 1246//1246
f 1140//1140 1139//1139 1058//1058
f 1060//1060 1138//1138 1059//1059
f 1141//1141 1138//1138 1060//1060
f 1060//1060 1142//1142 1141//1141
f 1062//1062 1149//1149 1060//1060
f 1060//1060 1149//1149 1142//1142
f 1144//1144 1061//1061 1143//1143
f 1146//1146 1145//1145 1149//1149
f 1062//1062 1146//1146 1149//1149
f 1146//1146 1062//1062 1061//1061
f 1061//1061 1144//1144 1253//1253
f 1146//1146 1061//1061 1147//1147
f 1061//1061 1253//1253 1147//1147
f 1145//1145 1146//1146 1147//1147
f 1152//1152 1149//1149 1145//1145
f 1154//1154 1148//1148 1149//1149
f 1154//1154 1149//1149 1152//1152
f 1152//1152 1145//1145 1151//1151
f 1151//1151 1145//1145 1147//1147
f 1150//1150 1154//1154 1153//1153
f 1158//1158 1153//1153 1154//1154
f 1156//1156 1153//1153 1158//1158
f 1154//1154 1152//1152 1158//1158
f 1156//1156 1158//1158 1262//1262
f 1159//1159 1157//1157 1153//1153
f 1262//1262 1153//1153 1156//1156
f 1159//1159 1153//1153 1262//1262
f 1266//1266 1159//1159 1267//1267
f 1159//1159 1262//1262 1267//1267
f 1266//1266 1160//1160 1159//1159
f 1160//1160 1266//1266 1161//1161
f 1160//1160 1366//1366 1268//1268
f 1161//1161 1366//1366 1160//1160
f 1065//1065 1163//1163 1064//1064
f 1283//1283 1064//1064 1163//1163
f 988//988 986//986 1162//1162
f 1162//1162 1282//1282 988//988
f 1285//1285 988//988 1282//1282
f 1067//1067 1163//1163 1065//1065
f 1283//1283 1163//1163 1287//1287
f 1285//1285 1164//1164 988//988
f 988//988 1164//1164 992//992
f 1067//1067 1165//1165 1380//1380
f 992//992 1164//1164 1068//1068
f 1164//1164 1166//1166 994//994
f 1068//1068 1164//1164 994//994
f 993//993 1383//1383 1380//1380
f 995//995 1166//1166 1289//1289
f 1069//1069 995//995 1289//1289
f 996//996 1500//1500 993//993
f 1383//1383 993//993 1500//1500
f 1070//1070 1500//1500 996//996
f 1072//1072 1169//1169 1070//1070
f 1167//1167 1070//1070 1169//1169
f 1071//1071 1168//1168 997//997
f 1171//1171 997//997 1170//1170
f 997//997 1171//1171 924//924
f 925//925 1172//1172 1169//1169
f 925//925 1174//1174 1172//1172
f 1298//1298 1074//1074 1171//1171
f 1171//1171 1074//1074 1073//1073
f 1076//1076 1176//1176 1299//1299
f 1179//1179 1076//1076 1302//1302
f 1178//1178 999//999 1304//1304
f 1179//1179 1077//1077 1076//1076
f 1180//1180 1304//1304 1078//1078
f 1182//1182 1077//1077 1179//1179
f 1078//1078 1001//1001 1180//1180
f 1303//1303 1182//1182 1179//1179
f 1181//1181 1001//1001 1080//1080
f 867//867 1080//1080 1001//1001
f 1081//1081 1182//1182 1303//1303
f 1185//1185 1080//1080 867//867
f 1080//1080 1185//1185 1406//1406
f 1187//1187 867//867 1082//1082
f 1187//1187 1185//1185 867//867
f 1186//1186 1184//1184 1182//1182
f 1305//1305 1084//1084 1188//1188
f 1084//1084 1305//1305 930//930
f 1189//1189 1085//1085 931//931
f 1085//1085 1190//1190 1003//1003
f 1087//1087 1193//1193 1084//1084
f 1194//1194 1084//1084 1193//1193
f 1005//1005 1088//1088 1006//1006
f 1092//1092 1412//1412 1007//1007
f 1089//1089 1413//1413 1090//1090
f 1198//1198 1312//1312 1523//1523
f 1527//1527 1200//1200 1094//1094
f 1095//1095 1201//1201 1316//1316
f 942//942 1095//1095 1012//1012
f 1096//1096 942//942 1012//1012
f 1097//1097 1424//1424 942//942
f 1322//1322 1097//1097 1099//1099
f 1099//1099 1205//1205 1322//1322
f 1100//1100 1205//1205 1014//1014
f 1321//1321 1017//1017 1206//1206
f 1207//1207 1205//1205 1100//1100
f 1207//1207 1100//1100 1101//1101
f 1102//1102 1209//1209 1101//1101
f 1324//1324 1103//1103 1208//1208
f 1105//1105 1103//1103 1324//1324
f 1325//1325 1105//1105 1324//1324
f 1210//1210 1105//1105 1325//1325
f 1104//1104 1018//1018 1326//1326
f 1107//1107 1326//1326 1018//1018
f 1429//1429 1106//1106 1211//1211
f 1536//1536 1106//1106 1429//1429
f 1536//1536 1213//1213 1106//1106
f 1212//1212 1019//1019 1020//1020
f 1430//1430 1212//1212 1020//1020
f 1110//1110 1327//1327 1020//1020
f 1214//1214 1109//1109 1108//1108
f 1214//1214 1431//1431 1109//1109
f 1215//1215 1327//1327 1110//1110
f 1110//1110 1216//1216 1215//1215
f 1431//1431 1330//1330 1111//1111
f 1432//1432 1023//1023 1330//1330
f 1434//1434 1023//1023 1432//1432
f 1332//1332 1023//1023 1434//1434
f 1332//1332 1333//1333 1023//1023
f 1024//1024 1333//1333 1334//1334
f 1112//1112 1218//1218 1217//1217
f 1220//1220 1024//1024 1334//1334
f 1220//1220 1219//1219 1024//1024
f 1336//1336 1114//1114 1437//1437
f 964//964 1224//1224 1222//1222
f 1438//1438 1439//1439 1225//1225
f 1338//1338 964//964 1226//1226
f 1227//1227 1226//1226 1031//1031
f 1227//1227 1031//1031 1230//1230
f 1229//1229 1231//1231 1030//1030
f 1231//1231 1115//1115 1030//1030
f 1033//1033 1340//1340 1230//1230
f 1549//1549 1116//1116 1231//1231
f 1033//1033 1232//1232 1446//1446
f 1233//1233 1116//1116 1553//1553
f 1037//1037 1118//1118 1341//1341
f 1117//1117 1118//1118 1037//1037
f 1341//1341 1118//1118 1450//1450
f 1449//1449 1452//1452 1234//1234
f 1235//1235 1118//1118 1039//1039
f 1454//1454 1120//1120 1234//1234
f 1235//1235 1121//1121 1123//1123
f 1454//1454 1344//1344 1120//1120
f 1123//1123 1121//1121 1122//1122
f 1237//1237 1044//1044 1236//1236
f 1345//1345 1043//1043 1124//1124
f 1237//1237 1125//1125 1044//1044
f 1125//1125 1346//1346 1126//1126
f 1128//1128 1347//1347 1124//1124
f 1238//1238 1347//1347 1128//1128
f 1129//1129 1240//1240 1128//1128
f 1239//1239 1130//1130 1050//1050
f 1240//1240 1129//1129 1350//1350
f 1132//1132 1242//1242 1350//1350
f 1132//1132 1133//1133 1242//1242
f 1243//1243 1244//1244 1241//1241
f 1244//1244 1134//1134 1131//1131
f 1462//1462 1133//1133 1351//1351
f 1351//1351 1133//1133 1245//1245
f 1135//1135 1245//1245 1133//1133
f 1351//1351 1245//1245 1135//1135
f 1244//1244 1246//1246 1134//1134
f 1138//1138 1351//1351 1135//1135
f 1138//1138 1247//1247 1351//1351
f 1141//1141 1247//1247 1138//1138
f 1139//1139 1143//1143 1058//1058
f 1142//1142 1248//1248 1141//1141
f 1139//1139 1249//1249 1143//1143
f 1149//1149 1248//1248 1142//1142
f 1143//1143 1249//1249 1468//1468
f 1143//1143 1468//1468 1144//1144
f 1144//1144 1468//1468 1251//1251
f 1144//1144 1251//1251 1253//1253
f 1149//1149 1252//1252 1250//1250
f 1253//1253 1353//1353 1147//1147
f 1149//1149 1354//1354 1252//1252
f 1148//1148 1568//1568 1149//1149
f 1149//1149 1568//1568 1354//1354
f 1154//1154 1568//1568 1148//1148
f 1154//1154 1150//1150 1568//1568
f 1147//1147 1254//1254 1151//1151
f 1153//1153 1255//1255 1150//1150
f 1152//1152 1151//1151 1256//1256
f 1256//1256 1151//1151 1469//1469
f 1155//1155 1255//1255 1153//1153
f 1256//1256 1158//1158 1152//1152
f 1153//1153 1257//1257 1155//1155
f 1158//1158 1256//1256 1258//1258
f 1157//1157 1259//1259 1153//1153
f 1153//1153 1259//1259 1257//1257
f 1569//1569 1158//1158 1258//1258
f 1158//1158 1264//1264 1262//1262
f 1264//1264 1158//1158 1260//1260
f 1159//1159 1259//1259 1157//1157
f 1159//1159 1261//1261 1259//1259
f 1159//1159 1263//1263 1261//1261
f 1160//1160 1263//1263 1159//1159
f 1267//1267 1262//1262 1264//1264
f 1160//1160 1265//1265 1263//1263
f 1362//1362 1267//1267 1264//1264
f 1160//1160 1271//1271 1265//1265
f 1161//1161 1266//1266 1267//1267
f 1267//1267 1362//1362 1161//1161
f 1160//1160 1268//1268 1271//1271
f 1270//1270 1161//1161 1362//1362
f 1269//1269 1161//1161 1270//1270
f 1271//1271 1268//1268 1366//1366
f 1161//1161 1269//1269 1366//1366
f 1364//1364 1271//1271 1272//1272
f 1269//1269 1270//1270 1366//1366
f 1275//1275 1272//1272 1271//1271
f 1275//1275 1271//1271 1366//1366
f 1275//1275 1366//1366 1273//1273
f 1369//1369 1272//1272 1275//1275
f 1276//1276 1369//1369 1274//1274
f 1274//1274 1369//1369 1275//1275
f 1372//1372 1276//1276 1277//1277
f 1275//1275 1371//1371 1274//1274
f 1371//1371 1276//1276 1274//1274
f 1277//1277 1276//1276 1278//1278
f 1276//1276 1371//1371 1278//1278
f 1277//1277 1278//1278 1280//1280
f 1278//1278 1371//1371 1280//1280
f 1280//1280 1279//1279 1277//1277
f 1281//1281 1279//1279 1280//1280
f 1284//1284 1279//1279 1281//1281
f 1287//1287 1282//1282 1283//1283
f 1283//1283 1282//1282 1162//1162
f 1067//1067 1287//1287 1163//1163
f 1282//1282 1287//1287 1285//1285
f 1380//1380 1287//1287 1067//1067
f 1491//1491 1288//1288 1164//1164
f 1285//1285 1491//1491 1164//1164
f 1164//1164 1288//1288 1166//1166
f 1288//1288 1289//1289 1166//1166
f 1384//1384 1380//1380 1383//1383
f 1290//1290 1495//1495 1069//1069
f 1289//1289 1290//1290 1069//1069
f 1495//1495 1071//1071 1069//1069
f 1070//1070 1167//1167 1500//1500
f 1291//1291 1071//1071 1495//1495
f 1293//1293 1168//1168 1071//1071
f 1389//1389 1293//1293 1071//1071
f 1293//1293 997//997 1168//1168
f 1293//1293 1170//1170 997//997
f 1293//1293 1294//1294 1171//1171
f 1293//1293 1171//1171 1170//1170
f 1167//1167 1169//1169 1172//1172
f 1294//1294 1295//1295 1171//1171
f 1171//1171 1295//1295 1296//1296
f 1175//1175 1172//1172 1174//1174
f 1397//1397 1171//1171 1297//1297
f 1298//1298 1171//1171 1397//1397
f 1175//1175 1177//1177 1395//1395
f 1298//1298 1299//1299 1176//1176
f 1177//1177 1075//1075 1501//1501
f 1076//1076 1301//1301 1302//1302
f 1178//1178 1304//1304 1399//1399
f 1302//1302 1303//1303 1179//1179
f 1503//1503 1304//1304 1180//1180
f 1180//1180 1001//1001 1503//1503
f 1503//1503 1001//1001 1181//1181
f 1503//1503 1181//1181 1080//1080
f 1303//1303 1183//1183 1081//1081
f 1402//1402 1503//1503 1080//1080
f 1402//1402 1080//1080 1406//1406
f 1183//1183 1303//1303 1404//1404
f 1081//1081 1183//1183 1182//1182
f 1183//1183 1509//1509 1182//1182
f 1406//1406 1185//1185 1187//1187
f 1186//1186 1408//1408 1187//1187
f 1182//1182 1509//1509 1186//1186
f 1187//1187 1407//1407 1406//1406
f 1186//1186 1509//1509 1511//1511
f 1407//1407 1187//1187 1408//1408
f 1305//1305 1189//1189 930//930
f 1085//1085 1306//1306 1190//1190
f 1003//1003 1191//1191 1004//1004
f 1191//1191 1516//1516 1192//1192
f 1194//1194 1307//1307 1084//1084
f 1188//1188 1084//1084 1307//1307
f 1409//1409 1088//1088 1005//1005
f 1308//1308 1088//1088 1409//1409
f 1194//1194 1193//1193 1087//1087
f 1088//1088 1410//1410 1309//1309
f 1195//1195 1309//1309 1411//1411
f 1007//1007 1412//1412 1613//1613
f 1087//1087 1007//1007 1515//1515
f 1195//1195 1411//1411 1089//1089
f 1197//1197 1413//1413 1310//1310
f 1196//1196 1414//1414 1093//1093
f 1197//1197 1310//1310 1524//1524
f 1523//1523 1196//1196 1198//1198
f 1199//1199 1197//1197 1524//1524
f 1312//1312 1311//1311 1523//1523
f 1526//1526 1200//1200 1527//1527
f 1314//1314 1201//1201 1095//1095
f 1524//1524 1315//1315 1199//1199
f 1313//1313 1202//1202 1418//1418
f 1316//1316 1418//1418 1203//1203
f 942//942 1317//1317 1095//1095
f 1097//1097 1320//1320 1424//1424
f 1319//1319 1204//1204 1098//1098
f 1320//1320 1097//1097 1322//1322
f 1319//1319 1321//1321 1204//1204
f 1530//1530 1017//1017 1321//1321
f 1530//1530 1321//1321 1323//1323
f 1426//1426 1205//1205 1207//1207
f 1530//1530 1208//1208 1017//1017
f 1101//1101 1532//1532 1207//1207
f 1531//1531 1208//1208 1530//1530
f 1104//1104 1427//1427 1102//1102
f 1102//1102 1427//1427 1209//1209
f 1429//1429 1105//1105 1210//1210
f 1429//1429 1211//1211 1105//1105
f 1019//1019 1212//1212 1107//1107
f 1107//1107 1212//1212 1430//1430
f 1327//1327 1430//1430 1020//1020
f 1328//1328 1431//1431 1214//1214
f 1110//1110 1329//1329 1216//1216
f 956//956 1329//1329 1110//1110
f 1433//1433 1329//1329 956//956
f 1331//1331 1433//1433 1217//1217
f 1217//1217 1433//1433 956//956
f 1333//1333 1542//1542 1334//1334
f 1436//1436 1112//1112 1335//1335
f 1112//1112 1114//1114 1335//1335
f 1220//1220 1334//1334 1542//1542
f 1436//1436 1335//1335 1114//1114
f 1336//1336 1436//1436 1114//1114
f 1437//1437 1222//1222 1224//1224
f 1337//1337 1437//1437 1224//1224
f 1438//1438 1225//1225 1223//1223
f 1438//1438 1223//1223 1219//1219
f 1224//1224 1338//1338 1337//1337
f 1544//1544 1339//1339 1225//1225
f 1339//1339 1228//1228 1225//1225
f 1226//1226 1227//1227 1338//1338
f 1228//1228 1443//1443 1229//1229
f 1545//1545 1443//1443 1228//1228
f 1548//1548 1444//1444 1227//1227
f 1231//1231 1229//1229 1443//1443
f 1230//1230 1548//1548 1227//1227
f 1445//1445 1231//1231 1546//1546
f 1230//1230 1340//1340 1548//1548
f 1445//1445 1549//1549 1231//1231
f 1446//1446 1340//1340 1033//1033
f 1549//1549 1553//1553 1116//1116
f 1035//1035 1446//1446 1232//1232
f 1037//1037 1341//1341 1035//1035
f 1449//1449 1233//1233 1553//1553
f 1450//1450 1342//1342 1341//1341
f 1450//1450 1118//1118 1453//1453
f 1235//1235 1343//1343 1118//1118
f 1118//1118 1343//1343 1453//1453
f 1452//1452 1454//1454 1234//1234
f 1123//1123 1343//1343 1235//1235
f 1237//1237 1236//1236 1344//1344
f 1123//1123 1043//1043 1345//1345
f 1124//1124 1646//1646 1345//1345
f 1346//1346 1125//1125 1237//1237
f 1557//1557 1126//1126 1346//1346
f 1458//1458 1347//1347 1238//1238
f 1239//1239 1050//1050 1557//1557
f 1128//1128 1348//1348 1238//1238
f 1348//1348 1128//1128 1240//1240
f 1348//1348 1240//1240 1349//1349
f 1239//1239 1459//1459 1130//1130
f 1350//1350 1349//1349 1240//1240
f 1459//1459 1243//1243 1241//1241
f 1461//1461 1243//1243 1459//1459
f 1133//1133 1462//1462 1242//1242
f 1242//1242 1462//1462 1350//1350
f 1560//1560 1244//1244 1461//1461
f 1461//1461 1244//1244 1243//1243
f 1564//1564 1246//1246 1244//1244
f 1352//1352 1351//1351 1141//1141
f 1564//1564 1139//1139 1246//1246
f 1247//1247 1141//1141 1351//1351
f 1464//1464 1139//1139 1564//1564
f 1248//1248 1463//1463 1141//1141
f 1467//1467 1139//1139 1464//1464
f 1468//1468 1249//1249 1139//1139
f 1139//1139 1467//1467 1468//1468
f 1149//1149 1465//1465 1248//1248
f 1149//1149 1466//1466 1465//1465
f 1149//1149 1250//1250 1466//1466
f 1251//1251 1353//1353 1253//1253
f 1468//1468 1353//1353 1251//1251
f 1147//1147 1353//1353 1355//1355
f 1356//1356 1254//1254 1147//1147
f 1150//1150 1358//1358 1568//1568
f 1356//1356 1151//1151 1254//1254
f 1150//1150 1357//1357 1358//1358
f 1356//1356 1469//1469 1151//1151
f 1255//1255 1357//1357 1150//1150
f 1255//1255 1358//1358 1357//1357
f 1255//1255 1155//1155 1358//1358
f 1259//1259 1359//1359 1257//1257
f 1260//1260 1158//1158 1569//1569
f 1259//1259 1473//1473 1359//1359
f 1261//1261 1360//1360 1259//1259
f 1259//1259 1360//1360 1473//1473
f 1570//1570 1264//1264 1569//1569
f 1569//1569 1264//1264 1260//1260
f 1261//1261 1263//1263 1763//1763
f 1265//1265 1571//1571 1263//1263
f 1361//1361 1362//1362 1264//1264
f 1271//1271 1363//1363 1265//1265
f 1271//1271 1364//1364 1363//1363
f 1272//1272 1365//1365 1364//1364
f 1475//1475 1366//1366 1270//1270
f 1272//1272 1478//1478 1365//1365
f 1366//1366 1367//1367 1273//1273
f 1369//1369 1479//1479 1272//1272
f 1272//1272 1479//1479 1478//1478
f 1369//1369 1368//1368 1479//1479
f 1273//1273 1577//1577 1275//1275
f 1273//1273 1480//1480 1577//1577
f 1372//1372 1368//1368 1369//1369
f 1276//1276 1372//1372 1369//1369
f 1371//1371 1275//1275 1577//1577
f 1371//1371 1577//1577 1579//1579
f 1370//1370 1368//1368 1372//1372
f 1371//1371 1579//1579 1483//1483
f 1279//1279 1372//1372 1277//1277
f 1279//1279 1373//1373 1372//1372
f 1280//1280 1371//1371 1374//1374
f 1371//1371 1485//1485 1374//1374
f 1284//1284 1373//1373 1279//1279
f 1284//1284 1375//1375 1373//1373
f 1280//1280 1374//1374 1378//1378
f 1284//1284 1376//1376 1375//1375
f 1280//1280 1377//1377 1281//1281
f 1381//1381 1376//1376 1284//1284
f 1280//1280 1378//1378 1377//1377
f 1286//1286 1381//1381 1284//1284
f 1281//1281 1377//1377 1284//1284
f 1377//1377 1381//1381 1286//1286
f 1284//1284 1377//1377 1286//1286
f 1380//1380 1489//1489 1287//1287
f 1488//1488 1490//1490 1285//1285
f 1491//1491 1285//1285 1490//1490
f 1381//1381 1377//1377 1379//1379
f 1381//1381 1379//1379 1493//1493
f 1289//1289 1491//1491 1382//1382
f 1288//1288 1491//1491 1289//1289
f 1385//1385 1492//1492 1381//1381
f 1388//1388 1381//1381 1386//1386
f 1386//1386 1381//1381 1493//1493
f 1388//1388 1385//1385 1381//1381
f 1383//1383 1387//1387 1384//1384
f 1588//1588 1384//1384 1387//1387
f 1382//1382 1290//1290 1289//1289
f 1290//1290 1382//1382 1495//1495
f 1387//1387 1383//1383 1500//1500
f 1392//1392 1385//1385 1388//1388
f 1386//1386 1391//1391 1388//1388
f 1393//1393 1388//1388 1391//1391
f 1292//1292 1500//1500 1167//1167
f 1495//1495 1389//1389 1291//1291
f 1291//1291 1389//1389 1071//1071
f 1392//1392 1388//1388 1393//1393
f 1167//1167 1394//1394 1590//1590
f 1292//1292 1167//1167 1590//1590
f 1293//1293 1390//1390 1392//1392
f 1396//1396 1293//1293 1392//1392
f 1396//1396 1392//1392 1393//1393
f 1167//1167 1172//1172 1394//1394
f 1293//1293 1295//1295 1294//1294
f 1172//1172 1395//1395 1394//1394
f 1295//1295 1293//1293 1296//1296
f 1293//1293 1297//1297 1296//1296
f 1293//1293 1396//1396 1297//1297
f 1393//1393 1591//1591 1396//1396
f 1175//1175 1395//1395 1172//1172
f 1297//1297 1171//1171 1296//1296
f 1297//1297 1396//1396 1397//1397
f 1397//1397 1299//1299 1298//1298
f 1501//1501 1075//1075 1398//1398
f 1076//1076 1299//1299 1397//1397
f 1076//1076 1397//1397 1681//1681
f 1300//1300 1398//1398 1075//1075
f 1076//1076 1681//1681 1502//1502
f 1502//1502 1301//1301 1076//1076
f 1399//1399 1300//1300 1178//1178
f 1502//1502 1302//1302 1301//1301
f 1502//1502 1400//1400 1302//1302
f 1684//1684 1399//1399 1304//1304
f 1401//1401 1684//1684 1304//1304
f 1683//1683 1303//1303 1400//1400
f 1400//1400 1303//1303 1302//1302
f 1503//1503 1401//1401 1304//1304
f 1504//1504 1303//1303 1683//1683
f 1303//1303 1599//1599 1404//1404
f 1406//1406 1403//1403 1402//1402
f 1603//1603 1183//1183 1404//1404
f 1405//1405 1403//1403 1406//1406
f 1509//1509 1183//1183 1603//1603
f 1511//1511 1408//1408 1186//1186
f 1189//1189 1305//1305 1085//1085
f 1606//1606 1306//1306 1085//1085
f 1190//1190 1513//1513 1003//1003
f 1003//1003 1513//1513 1191//1191
f 1513//1513 1514//1514 1191//1191
f 1514//1514 1687//1687 1191//1191
f 1307//1307 1609//1609 1188//1188
f 1192//1192 1308//1308 1409//1409
f 1087//1087 1515//1515 1194//1194
f 1410//1410 1411//1411 1309//1309
f 1007//1007 1613//1613 1515//1515
f 1310//1310 1413//1413 1089//1089
f 1411//1411 1310//1310 1089//1089
f 1093//1093 1412//1412 1092//1092
f 1414//1414 1412//1412 1093//1093
f 1415//1415 1414//1414 1196//1196
f 1521//1521 1524//1524 1310//1310
f 1614//1614 1415//1415 1196//1196
f 1416//1416 1695//1695 1312//1312
f 1526//1526 1312//1312 1200//1200
f 1417//1417 1527//1527 1313//1313
f 1418//1418 1699//1699 1417//1417
f 1419//1419 1201//1201 1314//1314
f 1419//1419 1701//1701 1201//1201
f 1419//1419 1314//1314 1095//1095
f 1417//1417 1313//1313 1418//1418
f 1418//1418 1316//1316 1201//1201
f 1317//1317 1419//1419 1095//1095
f 1419//1419 1317//1317 942//942
f 1420//1420 1419//1419 942//942
f 1524//1524 1422//1422 1098//1098
f 1098//1098 1315//1315 1524//1524
f 1421//1421 1420//1420 942//942
f 1424//1424 1421//1421 942//942
f 1423//1423 1098//1098 1422//1422
f 1423//1423 1319//1319 1098//1098
f 1425//1425 1320//1320 1322//1322
f 1323//1323 1321//1321 1528//1528
f 1205//1205 1426//1426 1425//1425
f 1205//1205 1425//1425 1322//1322
f 1624//1624 1530//1530 1323//1323
f 1626//1626 1207//1207 1532//1532
f 1209//1209 1532//1532 1101//1101
f 1531//1531 1628//1628 1325//1325
f 1531//1531 1324//1324 1208//1208
f 1531//1531 1325//1325 1324//1324
f 1104//1104 1428//1428 1427//1427
f 1429//1429 1631//1631 1536//1536
f 1213//1213 1536//1536 1537//1537
f 1537//1537 1328//1328 1214//1214
f 1537//1537 1214//1214 1213//1213
f 1216//1216 1327//1327 1215//1215
f 1432//1432 1330//1330 1431//1431
f 1217//1217 1435//1435 1331//1331
f 1218//1218 1435//1435 1217//1217
f 1434//1434 1333//1333 1332//1332
f 1634//1634 1333//1333 1434//1434
f 1112//1112 1436//1436 1218//1218
f 1734//1734 1220//1220 1542//1542
f 1543//1543 1219//1219 1220//1220
f 1337//1337 1639//1639 1437//1437
f 1543//1543 1438//1438 1219//1219
f 1338//1338 1640//1640 1337//1337
f 1640//1640 1338//1338 1440//1440
f 1638//1638 1225//1225 1439//1439
f 1227//1227 1440//1440 1338//1338
f 1544//1544 1225//1225 1638//1638
f 1544//1544 1228//1228 1339//1339
f 1545//1545 1228//1228 1544//1544
f 1227//1227 1442//1442 1441//1441
f 1444//1444 1442//1442 1227//1227
f 1546//1546 1231//1231 1443//1443
f 1446//1446 1548//1548 1340//1340
f 1342//1342 1448//1448 1341//1341
f 1553//1553 1451//1451 1449//1449
f 1451//1451 1452//1452 1449//1449
f 1123//1123 1453//1453 1343//1343
f 1123//1123 1645//1645 1453//1453
f 1555//1555 1645//1645 1123//1123
f 1455//1455 1555//1555 1123//1123
f 1345//1345 1455//1455 1123//1123
f 1344//1344 1456//1456 1237//1237
f 1456//1456 1346//1346 1237//1237
f 1347//1347 1458//1458 1124//1124
f 1346//1346 1457//1457 1557//1557
f 1348//1348 1458//1458 1238//1238
f 1349//1349 1458//1458 1348//1348
f 1749//1749 1459//1459 1239//1239
f 1349//1349 1350//1350 1559//1559
f 1460//1460 1459//1459 1650//1650
f 1462//1462 1559//1559 1350//1350
f 1459//1459 1460//1460 1461//1461
f 1462//1462 1561//1561 1652//1652
f 1561//1561 1462//1462 1351//1351
f 1352//1352 1561//1561 1351//1351
f 1244//1244 1752//1752 1564//1564
f 1141//1141 1463//1463 1352//1352
f 1248//1248 1465//1465 1463//1463
f 1468//1468 1467//1467 1567//1567
f 1355//1355 1353//1353 1567//1567
f 1567//1567 1353//1353 1468//1468
f 1568//1568 1252//1252 1354//1354
f 1147//1147 1355//1355 1356//1356
f 1356//1356 1258//1258 1469//1469
f 1155//1155 1470//1470 1358//1358
f 1155//1155 1257//1257 1470//1470
f 1569//1569 1258//1258 1864//1864
f 1359//1359 1473//1473 1257//1257
f 1472//1472 1570//1570 1569//1569
f 1473//1473 1360//1360 1261//1261
f 1261//1261 1763//1763 1473//1473
f 1570//1570 1661//1661 1264//1264
f 1661//1661 1361//1361 1264//1264
f 1661//1661 1362//1362 1361//1361
f 1363//1363 1474//1474 1265//1265
f 1474//1474 1363//1363 1364//1364
f 1661//1661 1270//1270 1362//1362
f 1661//1661 1573//1573 1270//1270
f 1270//1270 1573//1573 1575//1575
f 1270//1270 1575//1575 1475//1475
f 1365//1365 1476//1476 1364//1364
f 1478//1478 1476//1476 1365//1365
f 1475//1475 1367//1367 1366//1366
f 1477//1477 1367//1367 1475//1475
f 1477//1477 1273//1273 1367//1367
f 1477//1477 1578//1578 1273//1273
f 1480//1480 1273//1273 1578//1578
f 1368//1368 1664//1664 1479//1479
f 1368//1368 1481//1481 1664//1664
f 1771//1771 1579//1579 1577//1577
f 1577//1577 1578//1578 1771//1771
f 1370//1370 1481//1481 1368//1368
f 1481//1481 1370//1370 1482//1482
f 1372//1372 1482//1482 1370//1370
f 1372//1372 1484//1484 1482//1482
f 1580//1580 1371//1371 1483//1483
f 1483//1483 1579//1579 1580//1580
f 1373//1373 1484//1484 1372//1372
f 1580//1580 1485//1485 1371//1371
f 1581//1581 1374//1374 1485//1485
f 1486//1486 1373//1373 1375//1375
f 1581//1581 1582//1582 1374//1374
f 1375//1375 1376//1376 1486//1486
f 1374//1374 1582//1582 1378//1378
f 1381//1381 1487//1487 1376//1376
f 1376//1376 1487//1487 1486//1486
f 1379//1379 1377//1377 1378//1378
f 1378//1378 1582//1582 1379//1379
f 1381//1381 1492//1492 1487//1487
f 1488//1488 1285//1285 1287//1287
f 1489//1489 1380//1380 1673//1673
f 1287//1287 1490//1490 1488//1488
f 1287//1287 1489//1489 1490//1490
f 1672//1672 1491//1491 1490//1490
f 1582//1582 1493//1493 1379//1379
f 1582//1582 1671//1671 1493//1493
f 1384//1384 1673//1673 1380//1380
f 1672//1672 1494//1494 1491//1491
f 1673//1673 1384//1384 1588//1588
f 1385//1385 1497//1497 1492//1492
f 1491//1491 1585//1585 1382//1382
f 1495//1495 1382//1382 1585//1585
f 1585//1585 1389//1389 1495//1495
f 1392//1392 1497//1497 1385//1385
f 1493//1493 1391//1391 1386//1386
f 1391//1391 1493//1493 1496//1496
f 1390//1390 1497//1497 1392//1392
f 1588//1588 1387//1387 1500//1500
f 1293//1293 1499//1499 1390//1390
f 1390//1390 1499//1499 1497//1497
f 1389//1389 1498//1498 1293//1293
f 1293//1293 1498//1498 1499//1499
f 1391//1391 1782//1782 1393//1393
f 1500//1500 1292//1292 1590//1590
f 1781//1781 1782//1782 1391//1391
f 1782//1782 1591//1591 1393//1393
f 1590//1590 1394//1394 1395//1395
f 1396//1396 1591//1591 1593//1593
f 1395//1395 1177//1177 1678//1678
f 1679//1679 1397//1397 1396//1396
f 1396//1396 1593//1593 1594//1594
f 1396//1396 1594//1594 1679//1679
f 1681//1681 1397//1397 1679//1679
f 1501//1501 1398//1398 1300//1300
f 1300//1300 1399//1399 1598//1598
f 1400//1400 1502//1502 1597//1597
f 1684//1684 1401//1401 1503//1503
f 1683//1683 1599//1599 1504//1504
f 1503//1503 1402//1402 1505//1505
f 1601//1601 1503//1503 1505//1505
f 1599//1599 1303//1303 1504//1504
f 1506//1506 1601//1601 1402//1402
f 1601//1601 1505//1505 1402//1402
f 1601//1601 1506//1506 1403//1403
f 1506//1506 1402//1402 1403//1403
f 1404//1404 1599//1599 1685//1685
f 1403//1403 1508//1508 1601//1601
f 1404//1404 1507//1507 1603//1603
f 1403//1403 1405//1405 1508//1508
f 1510//1510 1511//1511 1509//1509
f 1605//1605 1405//1405 1406//1406
f 1406//1406 1407//1407 1605//1605
f 1408//1408 1974//1974 1407//1407
f 1605//1605 1407//1407 1974//1974
f 1305//1305 1188//1188 1609//1609
f 1305//1305 1606//1606 1085//1085
f 1306//1306 1607//1607 1190//1190
f 1190//1190 1607//1607 1513//1513
f 1516//1516 1191//1191 1687//1687
f 1194//1194 1515//1515 1609//1609
f 1194//1194 1609//1609 1307//1307
f 1513//1513 1607//1607 1514//1514
f 1516//1516 1308//1308 1192//1192
f 1517//1517 1088//1088 1308//1308
f 1517//1517 1410//1410 1088//1088
f 1411//1411 1517//1517 1518//1518
f 1410//1410 1517//1517 1411//1411
f 1613//1613 1412//1412 1520//1520
f 1612//1612 1519//1519 1310//1310
f 1411//1411 1612//1612 1310//1310
f 1520//1520 1412//1412 1414//1414
f 1519//1519 1521//1521 1310//1310
f 1414//1414 1415//1415 1692//1692
f 1519//1519 1524//1524 1521//1521
f 1614//1614 1196//1196 1523//1523
f 1522//1522 1614//1614 1523//1523
f 1695//1695 1523//1523 1311//1311
f 1312//1312 1695//1695 1311//1311
f 1525//1525 1312//1312 1526//1526
f 1525//1525 1416//1416 1312//1312
f 1698//1698 1525//1525 1526//1526
f 1699//1699 1527//1527 1417//1417
f 1201//1201 1699//1699 1418//1418
f 1421//1421 1616//1616 1420//1420
f 1421//1421 1424//1424 1318//1318
f 1423//1423 1422//1422 1620//1620
f 1424//1424 1622//1622 1318//1318
f 1622//1622 1424//1424 1711//1711
f 1320//1320 1711//1711 1424//1424
f 1425//1425 1711//1711 1320//1320
f 1423//1423 1321//1321 1319//1319
f 1423//1423 1528//1528 1321//1321
f 1426//1426 1529//1529 1425//1425
f 1207//1207 1626//1626 1426//1426
f 1625//1625 1531//1531 1530//1530
f 1626//1626 1532//1532 1427//1427
f 1427//1427 1532//1532 1209//1209
f 1630//1630 1325//1325 1629//1629
f 1428//1428 1104//1104 1533//1533
f 1630//1630 1210//1210 1325//1325
f 1326//1326 1534//1534 1104//1104
f 1104//1104 1534//1534 1533//1533
f 1630//1630 1429//1429 1210//1210
f 1724//1724 1534//1534 1326//1326
f 1630//1630 1631//1631 1429//1429
f 1535//1535 1724//1724 1326//1326
f 1107//1107 1535//1535 1326//1326
f 1538//1538 1107//1107 1430//1430
f 1538//1538 1726//1726 1107//1107
f 1327//1327 1538//1538 1430//1430
f 1633//1633 1328//1328 1537//1537
f 1633//1633 1431//1431 1328//1328
f 1216//1216 1539//1539 1327//1327
f 1431//1431 1633//1633 1728//1728
f 1540//1540 1216//1216 1433//1433
f 1329//1329 1433//1433 1216//1216
f 1728//1728 1729//1729 1432//1432
f 1728//1728 1432//1432 1431//1431
f 1634//1634 1434//1434 1432//1432
f 1435//1435 1433//1433 1331//1331
f 1218//1218 1541//1541 1435//1435
f 1636//1636 1541//1541 1218//1218
f 1436//1436 1636//1636 1218//1218
f 1336//1336 1637//1637 1436//1436
f 1437//1437 1637//1637 1336//1336
f 1543//1543 1220//1220 1734//1734
f 1638//1638 1439//1439 1438//1438
f 1545//1545 1546//1546 1443//1443
f 1739//1739 1445//1445 1546//1546
f 1740//1740 1549//1549 1445//1445
f 1550//1550 1551//1551 1553//1553
f 1550//1550 1553//1553 1549//1549
f 1446//1446 1552//1552 1447//1447
f 1552//1552 1446//1446 1035//1035
f 1552//1552 1035//1035 1341//1341
f 1448//1448 1552//1552 1341//1341
f 1643//1643 1451//1451 1553//1553
f 1451//1451 1643//1643 1452//1452
f 1554//1554 1450//1450 1453//1453
f 1644//1644 1454//1454 1452//1452
f 1453//1453 1645//1645 1554//1554
f 1742//1742 1344//1344 1454//1454
f 1742//1742 1456//1456 1344//1344
f 1345//1345 1555//1555 1455//1455
f 1743//1743 1346//1346 1456//1456
f 1124//1124 1746//1746 1646//1646
f 1458//1458 1556//1556 1124//1124
f 1647//1647 1457//1457 1346//1346
f 1457//1457 1647//1647 1557//1557
f 1557//1557 1749//1749 1239//1239
f 1349//1349 1558//1558 1458//1458
f 1459//1459 1749//1749 1650//1650
f 1559//1559 1649//1649 1349//1349
f 1460//1460 1560//1560 1461//1461
f 1562//1562 1244//1244 1560//1560
f 1562//1562 1752//1752 1244//1244
f 1463//1463 1561//1561 1352//1352
f 1463//1463 1565//1565 1561//1561
f 1465//1465 1565//1565 1463//1463
f 1564//1564 1467//1467 1464//1464
f 1466//1466 1565//1565 1465//1465
f 1250//1250 1566//1566 1466//1466
f 1755//1755 1355//1355 1567//1567
f 1655//1655 1568//1568 1358//1358
f 1657//1657 1356//1356 1355//1355
f 1657//1657 1355//1355 1656//1656
f 1358//1358 1470//1470 1655//1655
f 1258//1258 1256//1256 1469//1469
f 1659//1659 1470//1470 1257//1257
f 1471//1471 1659//1659 1257//1257
f 1473//1473 1471//1471 1257//1257
f 1569//1569 1865//1865 1472//1472
f 1263//1263 1571//1571 1763//1763
f 1265//1265 1572//1572 1571//1571
f 1474//1474 1572//1572 1265//1265
f 1574//1574 1765//1765 1474//1474
f 1364//1364 1574//1574 1474//1474
f 1364//1364 1476//1476 1574//1574
f 1767//1767 1475//1475 1575//1575
f 1476//1476 1576//1576 1770//1770
f 1576//1576 1476//1476 1478//1478
f 1769//1769 1578//1578 1477//1477
f 1478//1478 1479//1479 1576//1576
f 1578//1578 1577//1577 1480//1480
f 1482//1482 1484//1484 1481//1481
f 1579//1579 1773//1773 1580//1580
f 1580//1580 1581//1581 1485//1485
f 1373//1373 1669//1669 1484//1484
f 1581//1581 1668//1668 1582//1582
f 1669//1669 1373//1373 1486//1486
f 1582//1582 1668//1668 1670//1670
f 1486//1486 1487//1487 1877//1877
f 1492//1492 1583//1583 1487//1487
f 1582//1582 1670//1670 1671//1671
f 1879//1879 1493//1493 1671//1671
f 1672//1672 1489//1489 1673//1673
f 1490//1490 1489//1489 1672//1672
f 1497//1497 1583//1583 1492//1492
f 1879//1879 1584//1584 1493//1493
f 1881//1881 1491//1491 1494//1494
f 1881//1881 1494//1494 1672//1672
f 1585//1585 1491//1491 1881//1881
f 1589//1589 1673//1673 1588//1588
f 1585//1585 1586//1586 1389//1389
f 1498//1498 1389//1389 1586//1586
f 1498//1498 1587//1587 1497//1497
f 1498//1498 1497//1497 1499//1499
f 1500//1500 1589//1589 1588//1588
f 1391//1391 1496//1496 1674//1674
f 1391//1391 1676//1676 1781//1781
f 1589//1589 1500//1500 1590//1590
f 1395//1395 1592//1592 1590//1590
f 1593//1593 1591//1591 1782//1782
f 1678//1678 1592//1592 1395//1395
f 1501//1501 1678//1678 1177//1177
f 1501//1501 1300//1300 1595//1595
f 1681//1681 1682//1682 1502//1502
f 1597//1597 1502//1502 1682//1682
f 1598//1598 1399//1399 1684//1684
f 1597//1597 1683//1683 1400//1400
f 1684//1684 1503//1503 1601//1601
f 1887//1887 1685//1685 1599//1599
f 1685//1685 1602//1602 1404//1404
f 1602//1602 1507//1507 1404//1404
f 1686//1686 1601//1601 1508//1508
f 1507//1507 1602//1602 1603//1603
f 1405//1405 1686//1686 1508//1508
f 1604//1604 1686//1686 1405//1405
f 1512//1512 1511//1511 1510//1510
f 1510//1510 1509//1509 1603//1603
f 1604//1604 1405//1405 1605//1605
f 1794//1794 1306//1306 1606//1606
f 1607//1607 1306//1306 1794//1794
f 1609//1609 1796//1796 1305//1305
f 1796//1796 1793//1793 1305//1305
f 1305//1305 1793//1793 1606//1606
f 1607//1607 1687//1687 1514//1514
f 1515//1515 1610//1610 1609//1609
f 1610//1610 1608//1608 1609//1609
f 1798//1798 1517//1517 1308//1308
f 1611//1611 1515//1515 1613//1613
f 1612//1612 1411//1411 1518//1518
f 1689//1689 1611//1611 1613//1613
f 1519//1519 1612//1612 1518//1518
f 1692//1692 1613//1613 1520//1520
f 1520//1520 1414//1414 1692//1692
f 1415//1415 1614//1614 1692//1692
f 1691//1691 1524//1524 1519//1519
f 1522//1522 1694//1694 1614//1614
f 1694//1694 1522//1522 1523//1523
f 1695//1695 1694//1694 1523//1523
f 1617//1617 1422//1422 1524//1524
f 1617//1617 1524//1524 1691//1691
f 1416//1416 1615//1615 1695//1695
f 1615//1615 1416//1416 1525//1525
f 1525//1525 1698//1698 1615//1615
f 1698//1698 1526//1526 1527//1527
f 1811//1811 1698//1698 1527//1527
f 1618//1618 1527//1527 1699//1699
f 1618//1618 1811//1811 1527//1527
f 1699//1699 1201//1201 1701//1701
f 1420//1420 1701//1701 1419//1419
f 1696//1696 1420//1420 1616//1616
f 1620//1620 1422//1422 1617//1617
f 1318//1318 1622//1622 1421//1421
f 1421//1421 1622//1622 1707//1707
f 1704//1704 1421//1421 1707//1707
f 1619//1619 1423//1423 1620//1620
f 1621//1621 1423//1423 1619//1619
f 1706//1706 1423//1423 1621//1621
f 1623//1623 1622//1622 1710//1710
f 1710//1710 1622//1622 1711//1711
f 1709//1709 1528//1528 1423//1423
f 1709//1709 1423//1423 1706//1706
f 1323//1323 1528//1528 1709//1709
f 1529//1529 1711//1711 1425//1425
f 1709//1709 1624//1624 1323//1323
f 1426//1426 1715//1715 1529//1529
f 1530//1530 1624//1624 1714//1714
f 1627//1627 1531//1531 1625//1625
f 1627//1627 1628//1628 1531//1531
f 1427//1427 1718//1718 1626//1626
f 1719//1719 1626//1626 1718//1718
f 1718//1718 1427//1427 1533//1533
f 1428//1428 1533//1533 1427//1427
f 1628//1628 1629//1629 1325//1325
f 1533//1533 1534//1534 1718//1718
f 1823//1823 1536//1536 1631//1631
f 1536//1536 1823//1823 1537//1537
f 1726//1726 1535//1535 1107//1107
f 1827//1827 1538//1538 1327//1327
f 1633//1633 1537//1537 1632//1632
f 1539//1539 1832//1832 1327//1327
f 1216//1216 1832//1832 1539//1539
f 1433//1433 1435//1435 1540//1540
f 1730//1730 1634//1634 1432//1432
f 1731//1731 1333//1333 1634//1634
f 1731//1731 1542//1542 1333//1333
f 1731//1731 1734//1734 1542//1542
f 1436//1436 1637//1637 1636//1636
f 1437//1437 1735//1735 1637//1637
f 1736//1736 1438//1438 1543//1543
f 1639//1639 1735//1735 1437//1437
f 1736//1736 1638//1638 1438//1438
f 1640//1640 1639//1639 1337//1337
f 1441//1441 1440//1440 1227//1227
f 1444//1444 1738//1738 1442//1442
f 1545//1545 1641//1641 1546//1546
f 1739//1739 1546//1546 1641//1641
f 1548//1548 1547//1547 1444//1444
f 1740//1740 1445//1445 1739//1739
f 1548//1548 1642//1642 1547//1547
f 1446//1446 1447//1447 1548//1548
f 1548//1548 1447//1447 1642//1642
f 1740//1740 1551//1551 1550//1550
f 1740//1740 1550//1550 1549//1549
f 1643//1643 1553//1553 1551//1551
f 1450//1450 1448//1448 1342//1342
f 1452//1452 1643//1643 1644//1644
f 1554//1554 1741//1741 1450//1450
f 1742//1742 1454//1454 1644//1644
f 1852//1852 1554//1554 1645//1645
f 1743//1743 1456//1456 1742//1742
f 1345//1345 1646//1646 1555//1555
f 1346//1346 1743//1743 1853//1853
f 1556//1556 1746//1746 1124//1124
f 1458//1458 1746//1746 1556//1556
f 1458//1458 1747//1747 1746//1746
f 1558//1558 1747//1747 1458//1458
f 1647//1647 1749//1749 1557//1557
f 1349//1349 1648//1648 1558//1558
f 1349//1349 1649//1649 1648//1648
f 1462//1462 1652//1652 1559//1559
f 1560//1560 1460//1460 1651//1651
f 1561//1561 1750//1750 1652//1652
f 1563//1563 1751//1751 1561//1561
f 1561//1561 1565//1565 1563//1563
f 1861//1861 1467//1467 1564//1564
f 1753//1753 1466//1466 1566//1566
f 1250//1250 1753//1753 1566//1566
f 1862//1862 1567//1567 1653//1653
f 1862//1862 1755//1755 1567//1567
f 1568//1568 1754//1754 1252//1252
f 1656//1656 1355//1355 1755//1755
f 1568//1568 1654//1654 1754//1754
f 1568//1568 1655//1655 1654//1654
f 1657//1657 1656//1656 1356//1356
f 1655//1655 1470//1470 1757//1757
f 1658//1658 1258//1258 1356//1356
f 1658//1658 1356//1356 1656//1656
f 1951//1951 1258//1258 1658//1658
f 1951//1951 1864//1864 1258//1258
f 1659//1659 1759//1759 1470//1470
f 1473//1473 1659//1659 1471//1471
f 1864//1864 1865//1865 1569//1569
f 1473//1473 1761//1761 1659//1659
f 1763//1763 1761//1761 1473//1473
f 1762//1762 1472//1472 1865//1865
f 1763//1763 1571//1571 1660//1660
f 1762//1762 1570//1570 1472//1472
f 1762//1762 1661//1661 1570//1570
f 1764//1764 1660//1660 1571//1571
f 1762//1762 1867//1867 1661//1661
f 1572//1572 1764//1764 1571//1571
f 1661//1661 1867//1867 2029//2029
f 1474//1474 1765//1765 1572//1572
f 1661//1661 2029//2029 1573//1573
f 1573//1573 1767//1767 1575//1575
f 1476//1476 1768//1768 1574//1574
f 1662//1662 1768//1768 1476//1476
f 1767//1767 1477//1477 1475//1475
f 1767//1767 1769//1769 1477//1477
f 1664//1664 1770//1770 1576//1576
f 1479//1479 1664//1664 1576//1576
f 1663//1663 1578//1578 1769//1769
f 1663//1663 2035//2035 1578//1578
f 1481//1481 1665//1665 1664//1664
f 2035//2035 1771//1771 1578//1578
f 1484//1484 1666//1666 1481//1481
f 1773//1773 1579//1579 1771//1771
f 1773//1773 1771//1771 1960//1960
f 1484//1484 1667//1667 1666//1666
f 1668//1668 1581//1581 1773//1773
f 1773//1773 1581//1581 1580//1580
f 1669//1669 1775//1775 1484//1484
f 1484//1484 1775//1775 1667//1667
f 1877//1877 1669//1669 1486//1486
f 1668//1668 1878//1878 1670//1670
f 1776//1776 1487//1487 1583//1583
f 1881//1881 1672//1672 1777//1777
f 1881//1881 1778//1778 1585//1585
f 1497//1497 1587//1587 1583//1583
f 1674//1674 1493//1493 1584//1584
f 1674//1674 1496//1496 1493//1493
f 1672//1672 1673//1673 1777//1777
f 1673//1673 1589//1589 1675//1675
f 1586//1586 1780//1780 1498//1498
f 1674//1674 1676//1676 1391//1391
f 1675//1675 1589//1589 1590//1590
f 1592//1592 1677//1677 1590//1590
f 1966//1966 1590//1590 1677//1677
f 1677//1677 1592//1592 1678//1678
f 1593//1593 1782//1782 1783//1783
f 1679//1679 1594//1594 1593//1593
f 1593//1593 1783//1783 1679//1679
f 1501//1501 1595//1595 1678//1678
f 1884//1884 1681//1681 1679//1679
f 1595//1595 1300//1300 1596//1596
f 1300//1300 1680//1680 1596//1596
f 1300//1300 1598//1598 1784//1784
f 1597//1597 2051//2051 1683//1683
f 1683//1683 2051//2051 1599//1599
f 1684//1684 1885//1885 1598//1598
f 1601//1601 1885//1885 1684//1684
f 1788//1788 1601//1601 1600//1600
f 1685//1685 1789//1789 1602//1602
f 1790//1790 1601//1601 1686//1686
f 1602//1602 1789//1789 1603//1603
f 1792//1792 1510//1510 1603//1603
f 1789//1789 1792//1792 1603//1603
f 1974//1974 1604//1604 1605//1605
f 1974//1974 1408//1408 1893//1893
f 1512//1512 1408//1408 1511//1511
f 2059//2059 1408//1408 1512//1512
f 1796//1796 1609//1609 1608//1608
f 1793//1793 1794//1794 1606//1606
f 1794//1794 1895//1895 1607//1607
f 1895//1895 1795//1795 1607//1607
f 1795//1795 1687//1687 1607//1607
f 1687//1687 1308//1308 1516//1516
f 1796//1796 1898//1898 1793//1793
f 1687//1687 1797//1797 1308//1308
f 1797//1797 1902//1902 1308//1308
f 1902//1902 1798//1798 1308//1308
f 1611//1611 1689//1689 1515//1515
f 1688//1688 1515//1515 1689//1689
f 1515//1515 1688//1688 1610//1610
f 1610//1610 1688//1688 1608//1608
f 1802//1802 1690//1690 1517//1517
f 1798//1798 1802//1802 1517//1517
f 1690//1690 1518//1518 1517//1517
f 1691//1691 1518//1518 1690//1690
f 1692//1692 1689//1689 1613//1613
f 1691//1691 1519//1519 1518//1518
f 1801//1801 1691//1691 1690//1690
f 1614//1614 1693//1693 1692//1692
f 1695//1695 1615//1615 1697//1697
f 1615//1615 1698//1698 1697//1697
f 1808//1808 1701//1701 1420//1420
f 1808//1808 1420//1420 1696//1696
f 1801//1801 1617//1617 1691//1691
f 1700//1700 1699//1699 1701//1701
f 1421//1421 1696//1696 1616//1616
f 1696//1696 1421//1421 1702//1702
f 1803//1803 1702//1702 1703//1703
f 1803//1803 1617//1617 1801//1801
f 1703//1703 1620//1620 1617//1617
f 1703//1703 1617//1617 1803//1803
f 1421//1421 1704//1704 1702//1702
f 1702//1702 1619//1619 1620//1620
f 1702//1702 1620//1620 1703//1703
f 1704//1704 1619//1619 1702//1702
f 1704//1704 1621//1621 1619//1619
f 1707//1707 1705//1705 1704//1704
f 1705//1705 1621//1621 1704//1704
f 1707//1707 1706//1706 1621//1621
f 1707//1707 1621//1621 1705//1705
f 1623//1623 1707//1707 1622//1622
f 1710//1710 1707//1707 1623//1623
f 1707//1707 1710//1710 1712//1712
f 1712//1712 1708//1708 1707//1707
f 1707//1707 1709//1709 1706//1706
f 1707//1707 1708//1708 1709//1709
f 1712//1712 1709//1709 1708//1708
f 1715//1715 1711//1711 1529//1529
f 1713//1713 1624//1624 1709//1709
f 1713//1713 1709//1709 1712//1712
f 1710//1710 1714//1714 1712//1712
f 1712//1712 1714//1714 1624//1624
f 1712//1712 1624//1624 1713//1713
f 1710//1710 1711//1711 1715//1715
f 1626//1626 1715//1715 1426//1426
f 1813//1813 1715//1715 1716//1716
f 1714//1714 1625//1625 1530//1530
f 1626//1626 1717//1717 1715//1715
f 1716//1716 1715//1715 1717//1717
f 1814//1814 1627//1627 1714//1714
f 1627//1627 1625//1625 1714//1714
f 1814//1814 1720//1720 1627//1627
f 1720//1720 1628//1628 1627//1627
f 1719//1719 1718//1718 1721//1721
f 1720//1720 1629//1629 1628//1628
f 1630//1630 1629//1629 1720//1720
f 1722//1722 1718//1718 1534//1534
f 1631//1631 1630//1630 1818//1818
f 1534//1534 1724//1724 1722//1722
f 1823//1823 1631//1631 1723//1723
f 1726//1726 1724//1724 1535//1535
f 1725//1725 1632//1632 1537//1537
f 1538//1538 1827//1827 1726//1726
f 1725//1725 1633//1633 1632//1632
f 1727//1727 1633//1633 1725//1725
f 1831//1831 1633//1633 1727//1727
f 1832//1832 1827//1827 1327//1327
f 1729//1729 1728//1728 1633//1633
f 1540//1540 1832//1832 1216//1216
f 1729//1729 1730//1730 1432//1432
f 1435//1435 1635//1635 1540//1540
f 1731//1731 1634//1634 1730//1730
f 1541//1541 1635//1635 1435//1435
f 1636//1636 1635//1635 1541//1541
f 1637//1637 1733//1733 1635//1635
f 1637//1637 1635//1635 1636//1636
f 1732//1732 1635//1635 1733//1733
f 1836//1836 1734//1734 1731//1731
f 1637//1637 1837//1837 1733//1733
f 1734//1734 1736//1736 1543//1543
f 1639//1639 1737//1737 1735//1735
f 1736//1736 1838//1838 1638//1638
f 1737//1737 1639//1639 1640//1640
f 1929//1929 1638//1638 1838//1838
f 1929//1929 1544//1544 1638//1638
f 1640//1640 1440//1440 1841//1841
f 1441//1441 1841//1841 1440//1440
f 1442//1442 1841//1841 1441//1441
f 1739//1739 1641//1641 1545//1545
f 1547//1547 1738//1738 1444//1444
f 1547//1547 1642//1642 1738//1738
f 1999//1999 1740//1740 1996//1996
f 1999//1999 1551//1551 1740//1740
f 1448//1448 1849//1849 1552//1552
f 1450//1450 1849//1849 1448//1448
f 1741//1741 1849//1849 1450//1450
f 1937//1937 1644//1644 1643//1643
f 1555//1555 1940//1940 1645//1645
f 1645//1645 1940//1940 1852//1852
f 1646//1646 1940//1940 1555//1555
f 1646//1646 1744//1744 1940//1940
f 1346//1346 1853//1853 1745//1745
f 2008//2008 1744//1744 1646//1646
f 1346//1346 1745//1745 1854//1854
f 1856//1856 2008//2008 1646//1646
f 1746//1746 1856//1856 1646//1646
f 1346//1346 1854//1854 2010//2010
f 1855//1855 1346//1346 2010//2010
f 1855//1855 1647//1647 1346//1346
f 1748//1748 1647//1647 1855//1855
f 1648//1648 1747//1747 1558//1558
f 1748//1748 1749//1749 1647//1647
f 1648//1648 1649//1649 1559//1559
f 1858//1858 1650//1650 1749//1749
f 1858//1858 1460//1460 1650//1650
f 1652//1652 1857//1857 1559//1559
f 1858//1858 1651//1651 1460//1460
f 1858//1858 1560//1560 1651//1651
f 1562//1562 1560//1560 1858//1858
f 1561//1561 1751//1751 1750//1750
f 1859//1859 1564//1564 1752//1752
f 1861//1861 1564//1564 1859//1859
f 1653//1653 1567//1567 1467//1467
f 1466//1466 1753//1753 1565//1565
f 1252//1252 1754//1754 1250//1250
f 1655//1655 1756//1756 1654//1654
f 1863//1863 1656//1656 1755//1755
f 1655//1655 1757//1757 1756//1756
f 1758//1758 1757//1757 1470//1470
f 1759//1759 1758//1758 1470//1470
f 1951//1951 1658//1658 1656//1656
f 1761//1761 1760//1760 1659//1659
f 1867//1867 1762//1762 2027//2027
f 1572//1572 1765//1765 1764//1764
f 2029//2029 1766//1766 1573//1573
f 1574//1574 1768//1768 1765//1765
f 1766//1766 1767//1767 1573//1573
f 1476//1476 1770//1770 1662//1662
f 1769//1769 1767//1767 1870//1870
f 1770//1770 1664//1664 1871//1871
f 1665//1665 1871//1871 1664//1664
f 1481//1481 1871//1871 1665//1665
f 1481//1481 1872//1872 1871//1871
f 1772//1772 1771//1771 2035//2035
f 1666//1666 1872//1872 1481//1481
f 1960//1960 1771//1771 1772//1772
f 1775//1775 1774//1774 1667//1667
f 1875//1875 1668//1668 1773//1773
f 1875//1875 1876//1876 1668//1668
f 1668//1668 1876//1876 1878//1878
f 1487//1487 2038//2038 1877//1877
f 2038//2038 1487//1487 1776//1776
f 1670//1670 1879//1879 1671//1671
f 1674//1674 1584//1584 1879//1879
f 1586//1586 1585//1585 1778//1778
f 1675//1675 1777//1777 1673//1673
f 1779//1779 1780//1780 1586//1586
f 1587//1587 1498//1498 1780//1780
f 1781//1781 1783//1783 1782//1782
f 1884//1884 1679//1679 1783//1783
f 1595//1595 1596//1596 1678//1678
f 1883//1883 1678//1678 1680//1680
f 1680//1680 1678//1678 1596//1596
f 1682//1682 1681//1681 1884//1884
f 1680//1680 1300//1300 1784//1784
f 1784//1784 1598//1598 1785//1785
f 1598//1598 1786//1786 1785//1785
f 1682//1682 2051//2051 1597//1597
f 1786//1786 1598//1598 1787//1787
f 1885//1885 1787//1787 1598//1598
f 2168//2168 1599//1599 1970//1970
f 1601//1601 1886//1886 1885//1885
f 1601//1601 1788//1788 1886//1886
f 2169//2169 1599//1599 2168//2168
f 2169//2169 1887//1887 1599//1599
f 1887//1887 1789//1789 1685//1685
f 1600//1600 1601//1601 1790//1790
f 1791//1791 1600//1600 1790//1790
f 1790//1790 1686//1686 1791//1791
f 1791//1791 1686//1686 1604//1604
f 1890//1890 1791//1791 1604//1604
f 1510//1510 1792//1792 1512//1512
f 1974//1974 1890//1890 1604//1604
f 2059//2059 1512//1512 1891//1891
f 1975//1975 1974//1974 1893//1893
f 2059//2059 1893//1893 1408//1408
f 1895//1895 1687//1687 1795//1795
f 1898//1898 1976//1976 1793//1793
f 1895//1895 1897//1897 1687//1687
f 1897//1897 1900//1900 1687//1687
f 1687//1687 1900//1900 1797//1797
f 1689//1689 1692//1692 1688//1688
f 1799//1799 1688//1688 1692//1692
f 1800//1800 1798//1798 1902//1902
f 1798//1798 1800//1800 1801//1801
f 1801//1801 1802//1802 1798//1798
f 1799//1799 1693//1693 1688//1688
f 1801//1801 1690//1690 1802//1802
f 1692//1692 1693//1693 1799//1799
f 1688//1688 1693//1693 1901//1901
f 1693//1693 1614//1614 1694//1694
f 1693//1693 1694//1694 1901//1901
f 1901//1901 1694//1694 1695//1695
f 1901//1901 1695//1695 1906//1906
f 1906//1906 1695//1695 1804//1804
f 1809//1809 1696//1696 1903//1903
f 1903//1903 1696//1696 1702//1702
f 1903//1903 1702//1702 1803//1803
f 1800//1800 1803//1803 1801//1801
f 1695//1695 1805//1805 1804//1804
f 1805//1805 1695//1695 1697//1697
f 1805//1805 1697//1697 1806//1806
f 1806//1806 1697//1697 1698//1698
f 1806//1806 1698//1698 1807//1807
f 1698//1698 1810//1810 1807//1807
f 1811//1811 1810//1810 1698//1698
f 1910//1910 1811//1811 1618//1618
f 1910//1910 1618//1618 1699//1699
f 1910//1910 1700//1700 1808//1808
f 1699//1699 1700//1700 1910//1910
f 1808//1808 1700//1700 1701//1701
f 1809//1809 1808//1808 1696//1696
f 1715//1715 1813//1813 1710//1710
f 1812//1812 1710//1710 1813//1813
f 1812//1812 1714//1714 1710//1710
f 1813//1813 1814//1814 1714//1714
f 1813//1813 1714//1714 1812//1812
f 1717//1717 1813//1813 1716//1716
f 1813//1813 1815//1815 1814//1814
f 1717//1717 1815//1815 1813//1813
f 1719//1719 1815//1815 1626//1626
f 1815//1815 1717//1717 1626//1626
f 1816//1816 1720//1720 1814//1814
f 1816//1816 1814//1814 1815//1815
f 1719//1719 1721//1721 1815//1815
f 1721//1721 1819//1819 1815//1815
f 1815//1815 1817//1817 1816//1816
f 1815//1815 1819//1819 1817//1817
f 1817//1817 1720//1720 1816//1816
f 1721//1721 1818//1818 1819//1819
f 1819//1819 1720//1720 1817//1817
f 1818//1818 1721//1721 1718//1718
f 1818//1818 1630//1630 1720//1720
f 1818//1818 1720//1720 1819//1819
f 1718//1718 1821//1821 1818//1818
f 1722//1722 1821//1821 1718//1718
f 1821//1821 1820//1820 1818//1818
f 1820//1820 1631//1631 1818//1818
f 1820//1820 1723//1723 1631//1631
f 1821//1821 1722//1722 1724//1724
f 1820//1820 1822//1822 1823//1823
f 1823//1823 1723//1723 1820//1820
f 1726//1726 1912//1912 1821//1821
f 1726//1726 1821//1821 1724//1724
f 1821//1821 1824//1824 1820//1820
f 1820//1820 1825//1825 1822//1822
f 1820//1820 1824//1824 1825//1825
f 1822//1822 1537//1537 1823//1823
f 1825//1825 1725//1725 1537//1537
f 1825//1825 1537//1537 1822//1822
f 1825//1825 1824//1824 1725//1725
f 1827//1827 1912//1912 1726//1726
f 1821//1821 1725//1725 1824//1824
f 1821//1821 1826//1826 1725//1725
f 1828//1828 1725//1725 1826//1826
f 1827//1827 1830//1830 1829//1829
f 1828//1828 1914//1914 1831//1831
f 1831//1831 1727//1727 1725//1725
f 1831//1831 1725//1725 1828//1828
f 1827//1827 1833//1833 1830//1830
f 1832//1832 1833//1833 1827//1827
f 1914//1914 1834//1834 1831//1831
f 1831//1831 1834//1834 1729//1729
f 1831//1831 1729//1729 1633//1633
f 1914//1914 1729//1729 1834//1834
f 1835//1835 1832//1832 1540//1540
f 1635//1635 1835//1835 1540//1540
f 1730//1730 1729//1729 1914//1914
f 1923//1923 1835//1835 1635//1635
f 1732//1732 1923//1923 1635//1635
f 1924//1924 1734//1734 1836//1836
f 1735//1735 1837//1837 1637//1637
f 1925//1925 1736//1736 1734//1734
f 1925//1925 1734//1734 1924//1924
f 1838//1838 1736//1736 1925//1925
f 1640//1640 1839//1839 1737//1737
f 1640//1640 1841//1841 1840//1840
f 1931//1931 1545//1545 1544//1544
f 1442//1442 1842//1842 1841//1841
f 1738//1738 1842//1842 1442//1442
f 1933//1933 1739//1739 1545//1545
f 1738//1738 1843//1843 1842//1842
f 1642//1642 1843//1843 1738//1738
f 1933//1933 1740//1740 1739//1739
f 1933//1933 1996//1996 1740//1740
f 1447//1447 1844//1844 1642//1642
f 1447//1447 1845//1845 1844//1844
f 1848//1848 1551//1551 1999//1999
f 1845//1845 1447//1447 1846//1846
f 1846//1846 1447//1447 1847//1847
f 1552//1552 1847//1847 1447//1447
f 1848//1848 1643//1643 1551//1551
f 1849//1849 1847//1847 1552//1552
f 1848//1848 1934//1934 1643//1643
f 1939//1939 1644//1644 1937//1937
f 1554//1554 1852//1852 1741//1741
f 1939//1939 1742//1742 1644//1644
f 1851//1851 1742//1742 1939//1939
f 1853//1853 1743//1743 1742//1742
f 1853//1853 1742//1742 1851//1851
f 1853//1853 1854//1854 1745//1745
f 2083//2083 1749//1749 1748//1748
f 1559//1559 1942//1942 1648//1648
f 1857//1857 2013//2013 1559//1559
f 1652//1652 1944//1944 1857//1857
f 1750//1750 1944//1944 1652//1652
f 1858//1858 1859//1859 1562//1562
f 1859//1859 1752//1752 1562//1562
f 1563//1563 1860//1860 1751//1751
f 1563//1563 1565//1565 1860//1860
f 1467//1467 1861//1861 1653//1653
f 1754//1754 1654//1654 1949//1949
f 1862//1862 1863//1863 1755//1755
f 1757//1757 2022//2022 1756//1756
f 1757//1757 1758//1758 2022//2022
f 1950//1950 1656//1656 1863//1863
f 1659//1659 1760//1760 1759//1759
f 1952//1952 1864//1864 1951//1951
f 1763//1763 1866//1866 1761//1761
f 1955//1955 1762//1762 1865//1865
f 1955//1955 2027//2027 1762//1762
f 1765//1765 1868//1868 1764//1764
f 2028//2028 2029//2029 1867//1867
f 2031//2031 1767//1767 2029//2029
f 1767//1767 1766//1766 2029//2029
f 1662//1662 1869//1869 1768//1768
f 2103//2103 1767//1767 2031//2031
f 1870//1870 1767//1767 2103//2103
f 1770//1770 1869//1869 1662//1662
f 1870//1870 1663//1663 1769//1769
f 2035//2035 1663//1663 1870//1870
f 2035//2035 1873//1873 1772//1772
f 1874//1874 1872//1872 1667//1667
f 1667//1667 1872//1872 1666//1666
f 1774//1774 1874//1874 1667//1667
f 1960//1960 1961//1961 1773//1773
f 1961//1961 1875//1875 1773//1773
f 1774//1774 1775//1775 1669//1669
f 2037//2037 1774//1774 1669//1669
f 1669//1669 1877//1877 2037//2037
f 1670//1670 1878//1878 1876//1876
f 1583//1583 2038//2038 1776//1776
f 1670//1670 2039//2039 1879//1879
f 2039//2039 2157//2157 1879//1879
f 1587//1587 1880//1880 1583//1583
f 2110//2110 1879//1879 2157//2157
f 1780//1780 1880//1880 1587//1587
f 2110//2110 1676//1676 1674//1674
f 1965//1965 1586//1586 1778//1778
f 1964//1964 1881//1881 1777//1777
f 1881//1881 1964//1964 1778//1778
f 1965//1965 1779//1779 1586//1586
f 1590//1590 1777//1777 1675//1675
f 1778//1778 1964//1964 1965//1965
f 1780//1780 1779//1779 2112//2112
f 2045//2045 1781//1781 1676//1676
f 1777//1777 1590//1590 1966//1966
f 2045//2045 1783//1783 1781//1781
f 2046//2046 1966//1966 1677//1677
f 1678//1678 1882//1882 1677//1677
f 1883//1883 1882//1882 1678//1678
f 1783//1783 2048//2048 1884//1884
f 1884//1884 2051//2051 1682//1682
f 1785//1785 1786//1786 1784//1784
f 1600//1600 1972//1972 1788//1788
f 1971//1971 1789//1789 1887//1887
f 1888//1888 1789//1789 1971//1971
f 1789//1789 1889//1889 1792//1792
f 1891//1891 1512//1512 1792//1792
f 1892//1892 1891//1891 1792//1792
f 1899//1899 1794//1794 1793//1793
f 1895//1895 1794//1794 1899//1899
f 1906//1906 1608//1608 1901//1901
f 1898//1898 1796//1796 1608//1608
f 1898//1898 1608//1608 1906//1906
f 1899//1899 1793//1793 1976//1976
f 1895//1895 1899//1899 1894//1894
f 1897//1897 1895//1895 1896//1896
f 1902//1902 1797//1797 1900//1900
f 1976//1976 1898//1898 1906//1906
f 1897//1897 1978//1978 1900//1900
f 1903//1903 1800//1800 1902//1902
f 1688//1688 1901//1901 1608//1608
f 1906//1906 1904//1904 1907//1907
f 1900//1900 1903//1903 1902//1902
f 1900//1900 1905//1905 1903//1903
f 1903//1903 1803//1803 1800//1800
f 1908//1908 1894//1894 1907//1907
f 1905//1905 1809//1809 1903//1903
f 1906//1906 1804//1804 1805//1805
f 1906//1906 1805//1805 1904//1904
f 1904//1904 1805//1805 1806//1806
f 1904//1904 1806//1806 1907//1907
f 1907//1907 1806//1806 1807//1807
f 1908//1908 1907//1907 1807//1807
f 1909//1909 1911//1911 1808//1808
f 1909//1909 1808//1808 1905//1905
f 1905//1905 1808//1808 1809//1809
f 1807//1807 1810//1810 1811//1811
f 1807//1807 1811//1811 1908//1908
f 1908//1908 1811//1811 1910//1910
f 1911//1911 1910//1910 1808//1808
f 1826//1826 1821//1821 1912//1912
f 1912//1912 1828//1828 1826//1826
f 1829//1829 1912//1912 1827//1827
f 1912//1912 1913//1913 1828//1828
f 1829//1829 1830//1830 1912//1912
f 1912//1912 1830//1830 1913//1913
f 1913//1913 1914//1914 1828//1828
f 1830//1830 1914//1914 1913//1913
f 1917//1917 1830//1830 1833//1833
f 1830//1830 1915//1915 1914//1914
f 1830//1830 1917//1917 1915//1915
f 1833//1833 1916//1916 1917//1917
f 1917//1917 1914//1914 1915//1915
f 1835//1835 1916//1916 1832//1832
f 1916//1916 1833//1833 1832//1832
f 1917//1917 1730//1730 1914//1914
f 1916//1916 1919//1919 1917//1917
f 1920//1920 1918//1918 1917//1917
f 1918//1918 1731//1731 1730//1730
f 1918//1918 1730//1730 1917//1917
f 1917//1917 1919//1919 1920//1920
f 1920//1920 1836//1836 1731//1731
f 1920//1920 1731//1731 1918//1918
f 1923//1923 1916//1916 1835//1835
f 1919//1919 1836//1836 1920//1920
f 1921//1921 1836//1836 1919//1919
f 1983//1983 1836//1836 1921//1921
f 1922//1922 1836//1836 1983//1983
f 1733//1733 1923//1923 1732//1732
f 1922//1922 1924//1924 1836//1836
f 1837//1837 1923//1923 1733//1733
f 1837//1837 1926//1926 1923//1923
f 1924//1924 1927//1927 1925//1925
f 1735//1735 1926//1926 1837//1837
f 1928//1928 1926//1926 1735//1735
f 1838//1838 1925//1925 1927//1927
f 1737//1737 1928//1928 1735//1735
f 1927//1927 1929//1929 1838//1838
f 1737//1737 1992//1992 1928//1928
f 1839//1839 1992//1992 1737//1737
f 1930//1930 1544//1544 1929//1929
f 1640//1640 1993//1993 1839//1839
f 1930//1930 1931//1931 1544//1544
f 1840//1840 1993//1993 1640//1640
f 1930//1930 1932//1932 1931//1931
f 1932//1932 1545//1545 1931//1931
f 1932//1932 1933//1933 1545//1545
f 1842//1842 1843//1843 1841//1841
f 1843//1843 1994//1994 1841//1841
f 1841//1841 1994//1994 1993//1993
f 1996//1996 1998//1998 1999//1999
f 1845//1845 1642//1642 1844//1844
f 1845//1845 1846//1846 2071//2071
f 1849//1849 1846//1846 1847//1847
f 1849//1849 1935//1935 1846//1846
f 2075//2075 1643//1643 1934//1934
f 1936//1936 1935//1935 1849//1849
f 1937//1937 1643//1643 2075//2075
f 1741//1741 1936//1936 1849//1849
f 1852//1852 1936//1936 1741//1741
f 2006//2006 1936//1936 1852//1852
f 1850//1850 2006//2006 1852//1852
f 1939//1939 2128//2128 1851//1851
f 2128//2128 1853//1853 1851//1851
f 2132//2132 1853//1853 2128//2128
f 1940//1940 1850//1850 1852//1852
f 1744//1744 2008//2008 1940//1940
f 2010//2010 1854//1854 1853//1853
f 1856//1856 2084//2084 2008//2008
f 1746//1746 1941//1941 1856//1856
f 1747//1747 1941//1941 1746//1746
f 1747//1747 2085//2085 1941//1941
f 2083//2083 1748//1748 1855//1855
f 1648//1648 2085//2085 1747//1747
f 1943//1943 2086//2086 1749//1749
f 1559//1559 2013//2013 1942//1942
f 2086//2086 1858//1858 1749//1749
f 2012//2012 1858//1858 2086//2086
f 2012//2012 2140//2140 1858//1858
f 2015//2015 1858//1858 2140//2140
f 1750//1750 2016//2016 1944//1944
f 1751//1751 2016//2016 1750//1750
f 1860//1860 1945//1945 1751//1751
f 1861//1861 1859//1859 1946//1946
f 2018//2018 1653//1653 1861//1861
f 1753//1753 1947//1947 1565//1565
f 1753//1753 2020//2020 1948//1948
f 2019//2019 1862//1862 1653//1653
f 1754//1754 1753//1753 1250//1250
f 1949//1949 1753//1753 1754//1754
f 1654//1654 2021//2021 1949//1949
f 1756//1756 2021//2021 1654//1654
f 2096//2096 1950//1950 1863//1863
f 1759//1759 2023//2023 1758//1758
f 1950//1950 1951//1951 1656//1656
f 1864//1864 1952//1952 1953//1953
f 1761//1761 1954//1954 1760//1760
f 1760//1760 1954//1954 2025//2025
f 1953//1953 1865//1865 1864//1864
f 1955//1955 1865//1865 1953//1953
f 1761//1761 1866//1866 2026//2026
f 2028//2028 1867//1867 2027//2027
f 1764//1764 1868//1868 1660//1660
f 2031//2031 2029//2029 2102//2102
f 1770//1770 1956//1956 1869//1869
f 1770//1770 2033//2033 1956//1956
f 1957//1957 2033//2033 1770//1770
f 1958//1958 1957//1957 1770//1770
f 1871//1871 1958//1958 1770//1770
f 1871//1871 1872//1872 1958//1958
f 1774//1774 1959//1959 1872//1872
f 1874//1874 1774//1774 1872//1872
f 1961//1961 1876//1876 1875//1875
f 1877//1877 2108//2108 2037//2037
f 2038//2038 1963//1963 1877//1877
f 2039//2039 1670//1670 1876//1876
f 2040//2040 1583//1583 1880//1880
f 2110//2110 1674//1674 1879//1879
f 1780//1780 2042//2042 1880//1880
f 2041//2041 1676//1676 2110//2110
f 2112//2112 2042//2042 1780//1780
f 2044//2044 1964//1964 1777//1777
f 2044//2044 1777//1777 1967//1967
f 1964//1964 2044//2044 1965//1965
f 1965//1965 2043//2043 1779//1779
f 1966//1966 1967//1967 1777//1777
f 2045//2045 2048//2048 1783//1783
f 1967//1967 1966//1966 2046//2046
f 1882//1882 2046//2046 1677//1677
f 2050//2050 1882//1882 1883//1883
f 1680//1680 2050//2050 1883//1883
f 1680//1680 1784//1784 1968//1968
f 1784//1784 1786//1786 1969//1969
f 1787//1787 1969//1969 1786//1786
f 1970//1970 1599//1599 2051//2051
f 2051//2051 2052//2052 1970//1970
f 2270//2270 2169//2169 2168//2168
f 1972//1972 2053//2053 1788//1788
f 2169//2169 1971//1971 1887//1887
f 2115//2115 1892//1892 1789//1789
f 1888//1888 2115//2115 1789//1789
f 1971//1971 2115//2115 1888//1888
f 1892//1892 1889//1889 1789//1789
f 1889//1889 1892//1892 1792//1792
f 2054//2054 1791//1791 1890//1890
f 1974//1974 2054//2054 1890//1890
f 2059//2059 1891//1891 2056//2056
f 2057//2057 1974//1974 1975//1975
f 2060//2060 2059//2059 2056//2056
f 1977//1977 1895//1895 1894//1894
f 1896//1896 1895//1895 1977//1977
f 1906//1906 1907//1907 1976//1976
f 1976//1976 1894//1894 1899//1899
f 1896//1896 1977//1977 1897//1897
f 1976//1976 1907//1907 1979//1979
f 1976//1976 1979//1979 1894//1894
f 1977//1977 1980//1980 1897//1897
f 1978//1978 1981//1981 1905//1905
f 1897//1897 1981//1981 1978//1978
f 1978//1978 1905//1905 1900//1900
f 1979//1979 1907//1907 1894//1894
f 1977//1977 1894//1894 1982//1982
f 1897//1897 1909//1909 1981//1981
f 1981//1981 1909//1909 1905//1905
f 1894//1894 1908//1908 1982//1982
f 1982//1982 1908//1908 1910//1910
f 1982//1982 1910//1910 1977//1977
f 1977//1977 1910//1910 1980//1980
f 1980//1980 1910//1910 1911//1911
f 1980//1980 1911//1911 1897//1897
f 1897//1897 1911//1911 1909//1909
f 1983//1983 1921//1921 1919//1919
f 1983//1983 1919//1919 1916//1916
f 1985//1985 1916//1916 1923//1923
f 1916//1916 1984//1984 1983//1983
f 1916//1916 1985//1985 1984//1984
f 1984//1984 1922//1922 1983//1983
f 1926//1926 1985//1985 1923//1923
f 1985//1985 1924//1924 1922//1922
f 1985//1985 1922//1922 1984//1984
f 1986//1986 1924//1924 1985//1985
f 1926//1926 1987//1987 1985//1985
f 1985//1985 1927//1927 1986//1986
f 1985//1985 1987//1987 1927//1927
f 1927//1927 1924//1924 1986//1986
f 1926//1926 1928//1928 1988//1988
f 1926//1926 1988//1988 1989//1989
f 1987//1987 1926//1926 1927//1927
f 1989//1989 1929//1929 1926//1926
f 1929//1929 1927//1927 1926//1926
f 1990//1990 1928//1928 1992//1992
f 1928//1928 1990//1990 1988//1988
f 1988//1988 1930//1930 1929//1929
f 1988//1988 1929//1929 1989//1989
f 1993//1993 1992//1992 1839//1839
f 1992//1992 1993//1993 1991//1991
f 1990//1990 1930//1930 1988//1988
f 1990//1990 1932//1932 1930//1930
f 1841//1841 1993//1993 1840//1840
f 1990//1990 1933//1933 1932//1932
f 2062//2062 1993//1993 1994//1994
f 1843//1843 1995//1995 1994//1994
f 2064//2064 1933//1933 2063//2063
f 2066//2066 1996//1996 2064//2064
f 1996//1996 1933//1933 2064//2064
f 1995//1995 1843//1843 1642//1642
f 1997//1997 1995//1995 1642//1642
f 2065//2065 1996//1996 2066//2066
f 1998//1998 1996//1996 2065//2065
f 1642//1642 1845//1845 1997//1997
f 2065//2065 1999//1999 1998//1998
f 2071//2071 1997//1997 1845//1845
f 2000//2000 1934//1934 1848//1848
f 2000//2000 1848//1848 1999//1999
f 2003//2003 2075//2075 1934//1934
f 1936//1936 1938//1938 1935//1935
f 1939//1939 1937//1937 2004//2004
f 2006//2006 2005//2005 1938//1938
f 2006//2006 1938//1938 1936//1936
f 2077//2077 1939//1939 2004//2004
f 2077//2077 2078//2078 1939//1939
f 2128//2128 1939//1939 2078//2078
f 2007//2007 2006//2006 1850//1850
f 1940//1940 2007//2007 1850//1850
f 2132//2132 2010//2010 1853//1853
f 1856//1856 2009//2009 2084//2084
f 2010//2010 2083//2083 1855//1855
f 1941//1941 2009//2009 1856//1856
f 2083//2083 2086//2086 1943//1943
f 2083//2083 1943//1943 1749//1749
f 1942//1942 2085//2085 1648//1648
f 1857//1857 2014//2014 2013//2013
f 1944//1944 2014//2014 1857//1857
f 2015//2015 1859//1859 1858//1858
f 1945//1945 2016//2016 1751//1751
f 1946//1946 1859//1859 2090//2090
f 1860//1860 2016//2016 1945//1945
f 1860//1860 2017//2017 2016//2016
f 1861//1861 1946//1946 2018//2018
f 1565//1565 1947//1947 1860//1860
f 2019//2019 1653//1653 2018//2018
f 1948//1948 1947//1947 1753//1753
f 1753//1753 1949//1949 2020//2020
f 2145//2145 1863//1863 1862//1862
f 2145//2145 2094//2094 1863//1863
f 1756//1756 2022//2022 2021//2021
f 2022//2022 1758//1758 2023//2023
f 2023//2023 2098//2098 2148//2148
f 1760//1760 2023//2023 1759//1759
f 1951//1951 1950//1950 2024//2024
f 2024//2024 1952//1952 1951//1951
f 2024//2024 1953//1953 1952//1952
f 2026//2026 1954//1954 1761//1761
f 1763//1763 2026//2026 1866//1866
f 1660//1660 2026//2026 1763//1763
f 1868//1868 2101//2101 1660//1660
f 1768//1768 2030//2030 1765//1765
f 2032//2032 1870//1870 2103//2103
f 1870//1870 2032//2032 2034//2034
f 2034//2034 2104//2104 2035//2035
f 2034//2034 2035//2035 1870//1870
f 1873//1873 1960//1960 1772//1772
f 1774//1774 2036//2036 1959//1959
f 1961//1961 1960//1960 1873//1873
f 1774//1774 2037//2037 2036//2036
f 2105//2105 1876//1876 1961//1961
f 1962//1962 1876//1876 2105//2105
f 2108//2108 1877//1877 1963//1963
f 2039//2039 1876//1876 1962//1962
f 1963//1963 2038//2038 2108//2108
f 1583//1583 2040//2040 2038//2038
f 2042//2042 2111//2111 1880//1880
f 2219//2219 1676//1676 2041//2041
f 2219//2219 2045//2045 1676//1676
f 2043//2043 2112//2112 1779//1779
f 1967//1967 2046//2046 2044//2044
f 2043//2043 1965//1965 2044//2044
f 2044//2044 2046//2046 2113//2113
f 2044//2044 2047//2047 2043//2043
f 2048//2048 2045//2045 2219//2219
f 2163//2163 2046//2046 2049//2049
f 1882//1882 2050//2050 2046//2046
f 2049//2049 2046//2046 2050//2050
f 2164//2164 1884//1884 2048//2048
f 2050//2050 1680//1680 1968//1968
f 1969//1969 1968//1968 1784//1784
f 1885//1885 1969//1969 1787//1787
f 2051//2051 2317//2317 2052//2052
f 2168//2168 1970//1970 2052//2052
f 1791//1791 1972//1972 1600//1600
f 2054//2054 1973//1973 1791//1791
f 1974//1974 2055//2055 2054//2054
f 2057//2057 2055//2055 1974//1974
f 1891//1891 1892//1892 2056//2056
f 1975//1975 1893//1893 2057//2057
f 2228//2228 2227//2227 1893//1893
f 2058//2058 2228//2228 1893//1893
f 2058//2058 1893//1893 2059//2059
f 1991//1991 1990//1990 1992//1992
f 1991//1991 1993//1993 2062//2062
f 1991//1991 2062//2062 2061//2061
f 1991//1991 2061//2061 1990//1990
f 2061//2061 1933//1933 1990//1990
f 2061//2061 2062//2062 2063//2063
f 2061//2061 2063//2063 1933//1933
f 2065//2065 2062//2062 1994//1994
f 2062//2062 2064//2064 2063//2063
f 1994//1994 1995//1995 2065//2065
f 2062//2062 2066//2066 2064//2064
f 1995//1995 2067//2067 2065//2065
f 2065//2065 2066//2066 2062//2062
f 2067//2067 2068//2068 2065//2065
f 1997//1997 2067//2067 1995//1995
f 2068//2068 1999//1999 2065//2065
f 1997//1997 2120//2120 2067//2067
f 2067//2067 1999//1999 2068//2068
f 2067//2067 2120//2120 2001//2001
f 2067//2067 2070//2070 2069//2069
f 2067//2067 2001//2001 2070//2070
f 2069//2069 1999//1999 2067//2067
f 1997//1997 2072//2072 2120//2120
f 2070//2070 2000//2000 1999//1999
f 2070//2070 1999//1999 2069//2069
f 1997//1997 2071//2071 2072//2072
f 2001//2001 1934//1934 2070//2070
f 1934//1934 2000//2000 2070//2070
f 2120//2120 2073//2073 2001//2001
f 2120//2120 2072//2072 2119//2119
f 2002//2002 2071//2071 1846//1846
f 2071//2071 2002//2002 2072//2072
f 2073//2073 1934//1934 2001//2001
f 2002//2002 1846//1846 2072//2072
f 2073//2073 2003//2003 1934//1934
f 2074//2074 1846//1846 1935//1935
f 2074//2074 2119//2119 1846//1846
f 2072//2072 1846//1846 2119//2119
f 2073//2073 2124//2124 2075//2075
f 2075//2075 2003//2003 2073//2073
f 1938//1938 2074//2074 1935//1935
f 2074//2074 1938//1938 2119//2119
f 2124//2124 2004//2004 1937//1937
f 2124//2124 1937//1937 2075//2075
f 2119//2119 1938//1938 2076//2076
f 1938//1938 2126//2126 2076//2076
f 2124//2124 2077//2077 2004//2004
f 2005//2005 2126//2126 1938//1938
f 2124//2124 2125//2125 2077//2077
f 2006//2006 2079//2079 2005//2005
f 2007//2007 2079//2079 2006//2006
f 2081//2081 2007//2007 1940//1940
f 2008//2008 2081//2081 1940//1940
f 2084//2084 2081//2081 2008//2008
f 2082//2082 2010//2010 2132//2132
f 2083//2083 2010//2010 2082//2082
f 1941//1941 2084//2084 2009//2009
f 1941//1941 2136//2136 2084//2084
f 2085//2085 2136//2136 1941//1941
f 2082//2082 2011//2011 2083//2083
f 2086//2086 2083//2083 2011//2011
f 2087//2087 2137//2137 2085//2085
f 1942//1942 2087//2087 2085//2085
f 2138//2138 2012//2012 2086//2086
f 2013//2013 2087//2087 1942//1942
f 2014//2014 2088//2088 2013//2013
f 2013//2013 2088//2088 2087//2087
f 2140//2140 2012//2012 2138//2138
f 2141//2141 2089//2089 2014//2014
f 2090//2090 2015//2015 2140//2140
f 1944//1944 2141//2141 2014//2014
f 2141//2141 1944//1944 2016//2016
f 1859//1859 2015//2015 2090//2090
f 2091//2091 1946//1946 2090//2090
f 2018//2018 1946//1946 2091//2091
f 1947//1947 2143//2143 1860//1860
f 2192//2192 2018//2018 2231//2231
f 2092//2092 2018//2018 2192//2192
f 2092//2092 2019//2019 2018//2018
f 1948//1948 2020//2020 1947//1947
f 1947//1947 2020//2020 2237//2237
f 2144//2144 2019//2019 2092//2092
f 2144//2144 1862//1862 2019//2019
f 2021//2021 2020//2020 1949//1949
f 2144//2144 2145//2145 1862//1862
f 2096//2096 1863//1863 2094//2094
f 2146//2146 2022//2022 2148//2148
f 2022//2022 2023//2023 2148//2148
f 1760//1760 2098//2098 2023//2023
f 2097//2097 2147//2147 2024//2024
f 2147//2147 2199//2199 2024//2024
f 2097//2097 2024//2024 1950//1950
f 2099//2099 2025//2025 1954//1954
f 2024//2024 1955//1955 1953//1953
f 2026//2026 2099//2099 1954//1954
f 2100//2100 2027//2027 1955//1955
f 1660//1660 2101//2101 2026//2026
f 2201//2201 2028//2028 2027//2027
f 2029//2029 2028//2028 2204//2204
f 2030//2030 1868//1868 1765//1765
f 2150//2150 1868//1868 2030//2030
f 1768//1768 2150//2150 2030//2030
f 2102//2102 2103//2103 2031//2031
f 2104//2104 2032//2032 2103//2103
f 1958//1958 2033//2033 1957//1957
f 2104//2104 2034//2034 2032//2032
f 2210//2210 2035//2035 2104//2104
f 2210//2210 1873//1873 2035//2035
f 2210//2210 2211//2211 1873//1873
f 1961//1961 1873//1873 2211//2211
f 1961//1961 1962//1962 2105//2105
f 2107//2107 2106//2106 2108//2108
f 2040//2040 2158//2158 2038//2038
f 2109//2109 2157//2157 2039//2039
f 2163//2163 2047//2047 2044//2044
f 2163//2163 2044//2044 2113//2113
f 2047//2047 2163//2163 2043//2043
f 2221//2221 2048//2048 2219//2219
f 2113//2113 2046//2046 2163//2163
f 2221//2221 2164//2164 2048//2048
f 2050//2050 2163//2163 2049//2049
f 2165//2165 2163//2163 2050//2050
f 2163//2163 2165//2165 2267//2267
f 2317//2317 2051//2051 1884//1884
f 1968//1968 1969//1969 2050//2050
f 1969//1969 2166//2166 2050//2050
f 1885//1885 2114//2114 1969//1969
f 1886//1886 2114//2114 1885//1885
f 2053//2053 1886//1886 1788//1788
f 1972//1972 2271//2271 2053//2053
f 2322//2322 1971//1971 2169//2169
f 1973//1973 1972//1972 1791//1791
f 2170//2170 2054//2054 2055//2055
f 1892//1892 2115//2115 2116//2116
f 1893//1893 2117//2117 2057//2057
f 2060//2060 2056//2056 2118//2118
f 2228//2228 2058//2058 2059//2059
f 2228//2228 2059//2059 2060//2060
f 2060//2060 2118//2118 2228//2228
f 2119//2119 2073//2073 2120//2120
f 2119//2119 2121//2121 2073//2073
f 2121//2121 2124//2124 2073//2073
f 2122//2122 2123//2123 2119//2119
f 2119//2119 2124//2124 2121//2121
f 2119//2119 2123//2123 2124//2124
f 2125//2125 2119//2119 2127//2127
f 2119//2119 2125//2125 2122//2122
f 2076//2076 2127//2127 2119//2119
f 2122//2122 2124//2124 2123//2123
f 2125//2125 2124//2124 2122//2122
f 2127//2127 2077//2077 2125//2125
f 2127//2127 2078//2078 2077//2077
f 2079//2079 2126//2126 2005//2005
f 2126//2126 2079//2079 2076//2076
f 2076//2076 2080//2080 2127//2127
f 2128//2128 2078//2078 2127//2127
f 2079//2079 2129//2129 2076//2076
f 2127//2127 2132//2132 2128//2128
f 2127//2127 2080//2080 2132//2132
f 2129//2129 2173//2173 2076//2076
f 2076//2076 2130//2130 2080//2080
f 2076//2076 2173//2173 2130//2130
f 2081//2081 2131//2131 2079//2079
f 2129//2129 2079//2079 2131//2131
f 2130//2130 2173//2173 2132//2132
f 2132//2132 2080//2080 2130//2130
f 2081//2081 2079//2079 2007//2007
f 2173//2173 2082//2082 2132//2132
f 2135//2135 2082//2082 2176//2176
f 2084//2084 2136//2136 2133//2133
f 2135//2135 2011//2011 2082//2082
f 2135//2135 2134//2134 2011//2011
f 2137//2137 2136//2136 2085//2085
f 2134//2134 2086//2086 2011//2011
f 2179//2179 2086//2086 2134//2134
f 2138//2138 2086//2086 2179//2179
f 2181//2181 2138//2138 2179//2179
f 2181//2181 2183//2183 2138//2138
f 2139//2139 2087//2087 2088//2088
f 2184//2184 2087//2087 2139//2139
f 2137//2137 2087//2087 2184//2184
f 2183//2183 2140//2140 2138//2138
f 2014//2014 2139//2139 2088//2088
f 2089//2089 2139//2139 2014//2014
f 2180//2180 2140//2140 2183//2183
f 2186//2186 2090//2090 2140//2140
f 2189//2189 2090//2090 2186//2186
f 2188//2188 2090//2090 2189//2189
f 2017//2017 2141//2141 2016//2016
f 2188//2188 2091//2091 2090//2090
f 2142//2142 2091//2091 2188//2188
f 2142//2142 2018//2018 2091//2091
f 1860//1860 2143//2143 2017//2017
f 2234//2234 2017//2017 2143//2143
f 2231//2231 2018//2018 2142//2142
f 1947//1947 2193//2193 2143//2143
f 2194//2194 2092//2092 2192//2192
f 1947//1947 2237//2237 2193//2193
f 2237//2237 2020//2020 2240//2240
f 2021//2021 2093//2093 2020//2020
f 2021//2021 2197//2197 2093//2093
f 2022//2022 2197//2197 2021//2021
f 2145//2145 2096//2096 2094//2094
f 2145//2145 2095//2095 2096//2096
f 2097//2097 1950//1950 2096//2096
f 2097//2097 2096//2096 2095//2095
f 2025//2025 2148//2148 2098//2098
f 2025//2025 2098//2098 1760//1760
f 2025//2025 2099//2099 2149//2149
f 2024//2024 2100//2100 1955//1955
f 2201//2201 2027//2027 2100//2100
f 2101//2101 2099//2099 2026//2026
f 2204//2204 2028//2028 2201//2201
f 2204//2204 2205//2205 2102//2102
f 2204//2204 2102//2102 2029//2029
f 2103//2103 2102//2102 2151//2151
f 1768//1768 2152//2152 2150//2150
f 1869//1869 2152//2152 1768//1768
f 2207//2207 2103//2103 2151//2151
f 2209//2209 2103//2103 2207//2207
f 1956//1956 2208//2208 1869//1869
f 2209//2209 2104//2104 2103//2103
f 2033//2033 2208//2208 1956//1956
f 1958//1958 2153//2153 2033//2033
f 1872//1872 2154//2154 1958//1958
f 1959//1959 2257//2257 1872//1872
f 2212//2212 2257//2257 1959//1959
f 2036//2036 2212//2212 1959//1959
f 2037//2037 2155//2155 2036//2036
f 2108//2108 2106//2106 2037//2037
f 2260//2260 2039//2039 1962//1962
f 2309//2309 2107//2107 2108//2108
f 2158//2158 2108//2108 2038//2038
f 2109//2109 2039//2039 2216//2216
f 2158//2158 2156//2156 2108//2108
f 1880//1880 2158//2158 2040//2040
f 2159//2159 2041//2041 2261//2261
f 2160//2160 2218//2218 2042//2042
f 2218//2218 2111//2111 2042//2042
f 2159//2159 2219//2219 2041//2041
f 2112//2112 2160//2160 2042//2042
f 2043//2043 2160//2160 2112//2112
f 2163//2163 2161//2161 2043//2043
f 2220//2220 2043//2043 2161//2161
f 2220//2220 2160//2160 2043//2043
f 2161//2161 2163//2163 2162//2162
f 2223//2223 2165//2165 2050//2050
f 2050//2050 2166//2166 2223//2223
f 2317//2317 2167//2167 2052//2052
f 2114//2114 2166//2166 1969//1969
f 2271//2271 2225//2225 2053//2053
f 2226//2226 1971//1971 2322//2322
f 2226//2226 2115//2115 1971//1971
f 2054//2054 1972//1972 1973//1973
f 2116//2116 2115//2115 2273//2273
f 1892//1892 2116//2116 2171//2171
f 1892//1892 2171//2171 2172//2172
f 2057//2057 2117//2117 2055//2055
f 2172//2172 2118//2118 2056//2056
f 2056//2056 1892//1892 2172//2172
f 2327//2327 2227//2227 2228//2228
f 2173//2173 2129//2129 2131//2131
f 2174//2174 2131//2131 2081//2081
f 2131//2131 2175//2175 2173//2173
f 2173//2173 2175//2175 2176//2176
f 2176//2176 2082//2082 2173//2173
f 2084//2084 2133//2133 2081//2081
f 2177//2177 2081//2081 2133//2133
f 2081//2081 2177//2177 2174//2174
f 2131//2131 2135//2135 2176//2176
f 2131//2131 2176//2176 2175//2175
f 2174//2174 2135//2135 2131//2131
f 2177//2177 2135//2135 2174//2174
f 2133//2133 2178//2178 2177//2177
f 2177//2177 2134//2134 2135//2135
f 2178//2178 2133//2133 2136//2136
f 2178//2178 2134//2134 2177//2177
f 2179//2179 2134//2134 2178//2178
f 2137//2137 2178//2178 2136//2136
f 2137//2137 2182//2182 2178//2178
f 2178//2178 2182//2182 2179//2179
f 2137//2137 2180//2180 2182//2182
f 2182//2182 2181//2181 2179//2179
f 2182//2182 2183//2183 2181//2181
f 2137//2137 2184//2184 2229//2229
f 2180//2180 2183//2183 2182//2182
f 2137//2137 2229//2229 2180//2180
f 2185//2185 2140//2140 2180//2180
f 2229//2229 2189//2189 2180//2180
f 2180//2180 2186//2186 2185//2185
f 2180//2180 2189//2189 2186//2186
f 2186//2186 2140//2140 2185//2185
f 2139//2139 2089//2089 2141//2141
f 2187//2187 2139//2139 2141//2141
f 2190//2190 2187//2187 2141//2141
f 2017//2017 2190//2190 2141//2141
f 2189//2189 2142//2142 2188//2188
f 2017//2017 2191//2191 2190//2190
f 2234//2234 2191//2191 2017//2017
f 2193//2193 2234//2234 2143//2143
f 2194//2194 2144//2144 2092//2092
f 2093//2093 2240//2240 2020//2020
f 2194//2194 2145//2145 2144//2144
f 2093//2093 2196//2196 2240//2240
f 2195//2195 2145//2145 2194//2194
f 2242//2242 2145//2145 2195//2195
f 2196//2196 2093//2093 2197//2197
f 2198//2198 2095//2095 2145//2145
f 2198//2198 2145//2145 2242//2242
f 2146//2146 2197//2197 2022//2022
f 2198//2198 2246//2246 2095//2095
f 2243//2243 2097//2097 2095//2095
f 2148//2148 2247//2247 2146//2146
f 2147//2147 2097//2097 2243//2243
f 2025//2025 2247//2247 2148//2148
f 2100//2100 2024//2024 2199//2199
f 2149//2149 2288//2288 2025//2025
f 2201//2201 2100//2100 2200//2200
f 2101//2101 2149//2149 2099//2099
f 2201//2201 2202//2202 2204//2204
f 1868//1868 2253//2253 2101//2101
f 2253//2253 2203//2203 2101//2101
f 2150//2150 2253//2253 1868//1868
f 2253//2253 2150//2150 2206//2206
f 2207//2207 2102//2102 2205//2205
f 2150//2150 2152//2152 2206//2206
f 2207//2207 2151//2151 2102//2102
f 2302//2302 2152//2152 1869//1869
f 2302//2302 1869//1869 2208//2208
f 2153//2153 2208//2208 2033//2033
f 2154//2154 2153//2153 1958//1958
f 2304//2304 2104//2104 2209//2209
f 2304//2304 2210//2210 2104//2104
f 2154//2154 1872//1872 2257//2257
f 2155//2155 2212//2212 2036//2036
f 2260//2260 1962//1962 1961//1961
f 2037//2037 2214//2214 2155//2155
f 2106//2106 2107//2107 2037//2037
f 2037//2037 2107//2107 2309//2309
f 2260//2260 2216//2216 2039//2039
f 2156//2156 2355//2355 2108//2108
f 2108//2108 2355//2355 2311//2311
f 2217//2217 2110//2110 2157//2157
f 2217//2217 2041//2041 2110//2110
f 2217//2217 2261//2261 2041//2041
f 2111//2111 2158//2158 1880//1880
f 2218//2218 2158//2158 2111//2111
f 2219//2219 2159//2159 2261//2261
f 2219//2219 2262//2262 2221//2221
f 2220//2220 2265//2265 2160//2160
f 2161//2161 2162//2162 2220//2220
f 2163//2163 2267//2267 2162//2162
f 2222//2222 2164//2164 2221//2221
f 2223//2223 2267//2267 2165//2165
f 2268//2268 2267//2267 2166//2166
f 2166//2166 2267//2267 2223//2223
f 2222//2222 1884//1884 2164//2164
f 2222//2222 2317//2317 1884//1884
f 2269//2269 2166//2166 2224//2224
f 2224//2224 2166//2166 2114//2114
f 2052//2052 2167//2167 2319//2319
f 2270//2270 2168//2168 2052//2052
f 2053//2053 2321//2321 1886//1886
f 2321//2321 2053//2053 2225//2225
f 2322//2322 2169//2169 2270//2270
f 2054//2054 2271//2271 1972//1972
f 2226//2226 2273//2273 2115//2115
f 2323//2323 2054//2054 2170//2170
f 2116//2116 2273//2273 2171//2171
f 2170//2170 2055//2055 2323//2323
f 2227//2227 2117//2117 1893//1893
f 2228//2228 2172//2172 2276//2276
f 2172//2172 2228//2228 2118//2118
f 2139//2139 2230//2230 2184//2184
f 2229//2229 2184//2184 2230//2230
f 2187//2187 2230//2230 2139//2139
f 2230//2230 2189//2189 2229//2229
f 2187//2187 2233//2233 2230//2230
f 2187//2187 2190//2190 2233//2233
f 2230//2230 2142//2142 2189//2189
f 2233//2233 2142//2142 2230//2230
f 2190//2190 2191//2191 2233//2233
f 2233//2233 2232//2232 2142//2142
f 2233//2233 2231//2231 2232//2232
f 2232//2232 2231//2231 2142//2142
f 2191//2191 2234//2234 2235//2235
f 2233//2233 2236//2236 2231//2231
f 2236//2236 2192//2192 2231//2231
f 2191//2191 2236//2236 2233//2233
f 2191//2191 2235//2235 2236//2236
f 2234//2234 2193//2193 2235//2235
f 2239//2239 2192//2192 2236//2236
f 2239//2239 2194//2194 2192//2192
f 2193//2193 2238//2238 2235//2235
f 2236//2236 2235//2235 2239//2239
f 2237//2237 2238//2238 2193//2193
f 2240//2240 2241//2241 2237//2237
f 2237//2237 2241//2241 2238//2238
f 2238//2238 2242//2242 2235//2235
f 2235//2235 2242//2242 2239//2239
f 2238//2238 2241//2241 2242//2242
f 2242//2242 2194//2194 2239//2239
f 2242//2242 2195//2195 2194//2194
f 2240//2240 2196//2196 2241//2241
f 2196//2196 2278//2278 2241//2241
f 2197//2197 2285//2285 2196//2196
f 2245//2245 2196//2196 2285//2285
f 2196//2196 2245//2245 2278//2278
f 2244//2244 2198//2198 2242//2242
f 2146//2146 2285//2285 2197//2197
f 2243//2243 2246//2246 2244//2244
f 2246//2246 2198//2198 2244//2244
f 2285//2285 2146//2146 2247//2247
f 2243//2243 2095//2095 2246//2246
f 2248//2248 2147//2147 2243//2243
f 2247//2247 2284//2284 2285//2285
f 2248//2248 2199//2199 2147//2147
f 2287//2287 2247//2247 2025//2025
f 2249//2249 2100//2100 2199//2199
f 2249//2249 2199//2199 2248//2248
f 2288//2288 2287//2287 2025//2025
f 2293//2293 2100//2100 2249//2249
f 2251//2251 2288//2288 2149//2149
f 2294//2294 2200//2200 2100//2100
f 2294//2294 2100//2100 2293//2293
f 2294//2294 2201//2201 2200//2200
f 2250//2250 2251//2251 2149//2149
f 2292//2292 2201//2201 2294//2294
f 2101//2101 2250//2250 2149//2149
f 2251//2251 2250//2250 2101//2101
f 2251//2251 2101//2101 2297//2297
f 2203//2203 2297//2297 2101//2101
f 2292//2292 2202//2202 2201//2201
f 2292//2292 2252//2252 2202//2202
f 2205//2205 2204//2204 2202//2202
f 2205//2205 2202//2202 2252//2252
f 2253//2253 2206//2206 2299//2299
f 2254//2254 2207//2207 2205//2205
f 2254//2254 2209//2209 2207//2207
f 2254//2254 2303//2303 2209//2209
f 2255//2255 2208//2208 2153//2153
f 2154//2154 2255//2255 2153//2153
f 2210//2210 2304//2304 2256//2256
f 2154//2154 2257//2257 2305//2305
f 2305//2305 2257//2257 2258//2258
f 2211//2211 2259//2259 1961//1961
f 2258//2258 2257//2257 2212//2212
f 2348//2348 1961//1961 2259//2259
f 2155//2155 2213//2213 2212//2212
f 2212//2212 2213//2213 2347//2347
f 2348//2348 2349//2349 2215//2215
f 2215//2215 2260//2260 1961//1961
f 2215//2215 1961//1961 2348//2348
f 2213//2213 2155//2155 2214//2214
f 2309//2309 2214//2214 2037//2037
f 2108//2108 2311//2311 2309//2309
f 2354//2354 2109//2109 2216//2216
f 2158//2158 2312//2312 2355//2355
f 2158//2158 2355//2355 2156//2156
f 2354//2354 2157//2157 2109//2109
f 2354//2354 2217//2217 2157//2157
f 2158//2158 2313//2313 2312//2312
f 2218//2218 2314//2314 2158//2158
f 2261//2261 2262//2262 2219//2219
f 2160//2160 2263//2263 2264//2264
f 2160//2160 2264//2264 2218//2218
f 2265//2265 2263//2263 2160//2160
f 2162//2162 2265//2265 2220//2220
f 2398//2398 2162//2162 2267//2267
f 2266//2266 2222//2222 2221//2221
f 2319//2319 2167//2167 2317//2317
f 2319//2319 2270//2270 2052//2052
f 2054//2054 2323//2323 2271//2271
f 2323//2323 2272//2272 2271//2271
f 2444//2444 2273//2273 2226//2226
f 2275//2275 2324//2324 2323//2323
f 2275//2275 2323//2323 2055//2055
f 2277//2277 2055//2055 2117//2117
f 2369//2369 2228//2228 2276//2276
f 2227//2227 2277//2277 2117//2117
f 2327//2327 2326//2326 2227//2227
f 2327//2327 2228//2228 2371//2371
f 2279//2279 2241//2241 2278//2278
f 2279//2279 2242//2242 2241//2241
f 2279//2279 2244//2244 2242//2242
f 2278//2278 2244//2244 2279//2279
f 2280//2280 2243//2243 2244//2244
f 2280//2280 2244//2244 2278//2278
f 2285//2285 2280//2280 2245//2245
f 2280//2280 2278//2278 2245//2245
f 2280//2280 2281//2281 2243//2243
f 2283//2283 2280//2280 2285//2285
f 2280//2280 2283//2283 2281//2281
f 2282//2282 2283//2283 2285//2285
f 2283//2283 2243//2243 2281//2281
f 2283//2283 2248//2248 2243//2243
f 2282//2282 2286//2286 2283//2283
f 2282//2282 2285//2285 2286//2286
f 2283//2283 2286//2286 2248//2248
f 2287//2287 2284//2284 2247//2247
f 2286//2286 2249//2249 2248//2248
f 2284//2284 2287//2287 2285//2285
f 2285//2285 2293//2293 2286//2286
f 2286//2286 2293//2293 2249//2249
f 2287//2287 2289//2289 2285//2285
f 2285//2285 2289//2289 2293//2293
f 2288//2288 2290//2290 2287//2287
f 2290//2290 2291//2291 2287//2287
f 2287//2287 2291//2291 2289//2289
f 2288//2288 2291//2291 2290//2290
f 2288//2288 2329//2329 2291//2291
f 2289//2289 2291//2291 2293//2293
f 2251//2251 2329//2329 2288//2288
f 2291//2291 2294//2294 2293//2293
f 2251//2251 2296//2296 2329//2329
f 2291//2291 2292//2292 2294//2294
f 2251//2251 2297//2297 2296//2296
f 2295//2295 2252//2252 2292//2292
f 2253//2253 2297//2297 2203//2203
f 2295//2295 2205//2205 2252//2252
f 2253//2253 2299//2299 2297//2297
f 2333//2333 2297//2297 2299//2299
f 2295//2295 2298//2298 2205//2205
f 2298//2298 2254//2254 2205//2205
f 2300//2300 2299//2299 2206//2206
f 2302//2302 2206//2206 2152//2152
f 2298//2298 2301//2301 2254//2254
f 2302//2302 2300//2300 2206//2206
f 2301//2301 2303//2303 2254//2254
f 2337//2337 2302//2302 2208//2208
f 2338//2338 2209//2209 2303//2303
f 2208//2208 2340//2340 2337//2337
f 2341//2341 2304//2304 2209//2209
f 2341//2341 2209//2209 2338//2338
f 2340//2340 2208//2208 2255//2255
f 2154//2154 2307//2307 2255//2255
f 2305//2305 2307//2307 2154//2154
f 2306//2306 2210//2210 2256//2256
f 2306//2306 2211//2211 2210//2210
f 2259//2259 2211//2211 2306//2306
f 2212//2212 2347//2347 2305//2305
f 2212//2212 2305//2305 2258//2258
f 2348//2348 2259//2259 2306//2306
f 2385//2385 2213//2213 2214//2214
f 2310//2310 2260//2260 2215//2215
f 2310//2310 2215//2215 2308//2308
f 2350//2350 2214//2214 2309//2309
f 2352//2352 2309//2309 2311//2311
f 2310//2310 2216//2216 2260//2260
f 2216//2216 2310//2310 2354//2354
f 2353//2353 2311//2311 2355//2355
f 2389//2389 2217//2217 2354//2354
f 2389//2389 2261//2261 2217//2217
f 2314//2314 2313//2313 2158//2158
f 2314//2314 2218//2218 2264//2264
f 2315//2315 2262//2262 2261//2261
f 2315//2315 2221//2221 2262//2262
f 2265//2265 2264//2264 2263//2263
f 2315//2315 2266//2266 2221//2221
f 2162//2162 2316//2316 2265//2265
f 2398//2398 2316//2316 2162//2162
f 2315//2315 2222//2222 2266//2266
f 2359//2359 2222//2222 2315//2315
f 2318//2318 2398//2398 2267//2267
f 2268//2268 2318//2318 2267//2267
f 2424//2424 2317//2317 2222//2222
f 2166//2166 2318//2318 2268//2268
f 2269//2269 2318//2318 2166//2166
f 2114//2114 2320//2320 2224//2224
f 2320//2320 2269//2269 2224//2224
f 1886//1886 2321//2321 2114//2114
f 2114//2114 2321//2321 2364//2364
f 2322//2322 2444//2444 2226//2226
f 2272//2272 2323//2323 2274//2274
f 2365//2365 2172//2172 2171//2171
f 2365//2365 2171//2171 2273//2273
f 2055//2055 2324//2324 2275//2275
f 2369//2369 2276//2276 2172//2172
f 2277//2277 2324//2324 2055//2055
f 2227//2227 2433//2433 2324//2324
f 2277//2277 2227//2227 2324//2324
f 2228//2228 2369//2369 2325//2325
f 2325//2325 2371//2371 2228//2228
f 2404//2404 2326//2326 2327//2327
f 2291//2291 2329//2329 2292//2292
f 2330//2330 2295//2295 2292//2292
f 2330//2330 2292//2292 2329//2329
f 2296//2296 2328//2328 2329//2329
f 2329//2329 2295//2295 2330//2330
f 2328//2328 2331//2331 2329//2329
f 2331//2331 2295//2295 2329//2329
f 2331//2331 2328//2328 2295//2295
f 2296//2296 2334//2334 2328//2328
f 2296//2296 2332//2332 2334//2334
f 2328//2328 2334//2334 2295//2295
f 2297//2297 2333//2333 2296//2296
f 2334//2334 2298//2298 2295//2295
f 2296//2296 2333//2333 2332//2332
f 2300//2300 2333//2333 2299//2299
f 2332//2332 2333//2333 2334//2334
f 2333//2333 2298//2298 2334//2334
f 2333//2333 2300//2300 2336//2336
f 2333//2333 2301//2301 2298//2298
f 2333//2333 2336//2336 2335//2335
f 2335//2335 2301//2301 2333//2333
f 2302//2302 2337//2337 2300//2300
f 2337//2337 2336//2336 2300//2300
f 2336//2336 2303//2303 2301//2301
f 2336//2336 2301//2301 2335//2335
f 2337//2337 2339//2339 2336//2336
f 2338//2338 2303//2303 2336//2336
f 2340//2340 2339//2339 2337//2337
f 2339//2339 2342//2342 2336//2336
f 2336//2336 2342//2342 2341//2341
f 2336//2336 2341//2341 2338//2338
f 2342//2342 2304//2304 2341//2341
f 2339//2339 2340//2340 2343//2343
f 2342//2342 2256//2256 2304//2304
f 2307//2307 2373//2373 2340//2340
f 2307//2307 2340//2340 2255//2255
f 2340//2340 2373//2373 2343//2343
f 2342//2342 2306//2306 2256//2256
f 2344//2344 2306//2306 2342//2342
f 2344//2344 2374//2374 2306//2306
f 2345//2345 2307//2307 2346//2346
f 2347//2347 2307//2307 2305//2305
f 2346//2346 2307//2307 2347//2347
f 2375//2375 2348//2348 2306//2306
f 2385//2385 2347//2347 2213//2213
f 2308//2308 2215//2215 2349//2349
f 2350//2350 2385//2385 2214//2214
f 2351//2351 2310//2310 2308//2308
f 2352//2352 2350//2350 2309//2309
f 2353//2353 2352//2352 2311//2311
f 2386//2386 2354//2354 2310//2310
f 2386//2386 2310//2310 2351//2351
f 2388//2388 2353//2353 2355//2355
f 2313//2313 2355//2355 2312//2312
f 2356//2356 2355//2355 2313//2313
f 2357//2357 2261//2261 2389//2389
f 2358//2358 2313//2313 2314//2314
f 2415//2415 2261//2261 2357//2357
f 2393//2393 2314//2314 2264//2264
f 2392//2392 2315//2315 2261//2261
f 2392//2392 2261//2261 2415//2415
f 2396//2396 2222//2222 2359//2359
f 2397//2397 2424//2424 2222//2222
f 2397//2397 2222//2222 2396//2396
f 2318//2318 2360//2360 2398//2398
f 2319//2319 2317//2317 2424//2424
f 2269//2269 2360//2360 2318//2318
f 2114//2114 2361//2361 2320//2320
f 2362//2362 2361//2361 2114//2114
f 2270//2270 2319//2319 2363//2363
f 2364//2364 2362//2362 2114//2114
f 2400//2400 2270//2270 2363//2363
f 2400//2400 2322//2322 2270//2270
f 2364//2364 2321//2321 2399//2399
f 2399//2399 2321//2321 2225//2225
f 2271//2271 2401//2401 2225//2225
f 2430//2430 2444//2444 2322//2322
f 2272//2272 2401//2401 2271//2271
f 2172//2172 2365//2365 2367//2367
f 2323//2323 2366//2366 2274//2274
f 2369//2369 2172//2172 2367//2367
f 2370//2370 2433//2433 2227//2227
f 2227//2227 2404//2404 2370//2370
f 2326//2326 2404//2404 2227//2227
f 2404//2404 2327//2327 2371//2371
f 2372//2372 2342//2342 2339//2339
f 2372//2372 2344//2344 2342//2342
f 2339//2339 2344//2344 2372//2372
f 2343//2343 2344//2344 2339//2339
f 2343//2343 2375//2375 2374//2374
f 2343//2343 2373//2373 2375//2375
f 2343//2343 2374//2374 2344//2344
f 2345//2345 2373//2373 2307//2307
f 2375//2375 2376//2376 2374//2374
f 2376//2376 2306//2306 2374//2374
f 2347//2347 2345//2345 2346//2346
f 2376//2376 2375//2375 2306//2306
f 2345//2345 2379//2379 2373//2373
f 2373//2373 2379//2379 2375//2375
f 2378//2378 2345//2345 2347//2347
f 2377//2377 2349//2349 2348//2348
f 2377//2377 2348//2348 2375//2375
f 2378//2378 2381//2381 2345//2345
f 2379//2379 2380//2380 2375//2375
f 2375//2375 2349//2349 2377//2377
f 2380//2380 2382//2382 2375//2375
f 2382//2382 2349//2349 2375//2375
f 2380//2380 2308//2308 2349//2349
f 2380//2380 2349//2349 2382//2382
f 2385//2385 2378//2378 2347//2347
f 2384//2384 2378//2378 2385//2385
f 2379//2379 2308//2308 2380//2380
f 2383//2383 2308//2308 2379//2379
f 2407//2407 2351//2351 2308//2308
f 2407//2407 2308//2308 2383//2383
f 2350//2350 2352//2352 2385//2385
f 2353//2353 2387//2387 2352//2352
f 2386//2386 2351//2351 2407//2407
f 2388//2388 2387//2387 2353//2353
f 2389//2389 2354//2354 2386//2386
f 2386//2386 2411//2411 2389//2389
f 2356//2356 2388//2388 2355//2355
f 2411//2411 2390//2390 2389//2389
f 2390//2390 2357//2357 2389//2389
f 2391//2391 2356//2356 2313//2313
f 2313//2313 2358//2358 2391//2391
f 2415//2415 2357//2357 2390//2390
f 2314//2314 2393//2393 2358//2358
f 2417//2417 2315//2315 2392//2392
f 2265//2265 2393//2393 2264//2264
f 2395//2395 2315//2315 2417//2417
f 2316//2316 2425//2425 2265//2265
f 2425//2425 2393//2393 2265//2265
f 2396//2396 2359//2359 2315//2315
f 2396//2396 2315//2315 2395//2395
f 2398//2398 2425//2425 2316//2316
f 2423//2423 2425//2425 2398//2398
f 2319//2319 2424//2424 2363//2363
f 2361//2361 2269//2269 2320//2320
f 2361//2361 2362//2362 2269//2269
f 2430//2430 2322//2322 2400//2400
f 2225//2225 2401//2401 2399//2399
f 2273//2273 2444//2444 2402//2402
f 2274//2274 2401//2401 2272//2272
f 2274//2274 2403//2403 2401//2401
f 2402//2402 2365//2365 2273//2273
f 2323//2323 2432//2432 2366//2366
f 2433//2433 2432//2432 2324//2324
f 2432//2432 2323//2323 2324//2324
f 2368//2368 2369//2369 2367//2367
f 2325//2325 2369//2369 2368//2368
f 2452//2452 2370//2370 2404//2404
f 2434//2434 2371//2371 2325//2325
f 2405//2405 2404//2404 2434//2434
f 2434//2434 2404//2404 2371//2371
f 2381//2381 2406//2406 2345//2345
f 2406//2406 2379//2379 2345//2345
f 2383//2383 2379//2379 2406//2406
f 2384//2384 2381//2381 2378//2378
f 2381//2381 2407//2407 2406//2406
f 2407//2407 2383//2383 2406//2406
f 2384//2384 2408//2408 2381//2381
f 2381//2381 2408//2408 2407//2407
f 2408//2408 2386//2386 2407//2407
f 2384//2384 2385//2385 2409//2409
f 2384//2384 2386//2386 2408//2408
f 2409//2409 2386//2386 2384//2384
f 2410//2410 2385//2385 2352//2352
f 2385//2385 2410//2410 2409//2409
f 2411//2411 2386//2386 2409//2409
f 2387//2387 2412//2412 2352//2352
f 2352//2352 2412//2412 2410//2410
f 2410//2410 2411//2411 2409//2409
f 2412//2412 2387//2387 2388//2388
f 2410//2410 2412//2412 2411//2411
f 2388//2388 2413//2413 2412//2412
f 2412//2412 2413//2413 2414//2414
f 2412//2412 2414//2414 2415//2415
f 2412//2412 2390//2390 2411//2411
f 2391//2391 2388//2388 2356//2356
f 2415//2415 2390//2390 2412//2412
f 2388//2388 2391//2391 2416//2416
f 2388//2388 2416//2416 2413//2413
f 2393//2393 2391//2391 2358//2358
f 2414//2414 2392//2392 2415//2415
f 2413//2413 2417//2417 2414//2414
f 2417//2417 2392//2392 2414//2414
f 2393//2393 2394//2394 2391//2391
f 2413//2413 2416//2416 2437//2437
f 2391//2391 2394//2394 2416//2416
f 2413//2413 2395//2395 2417//2417
f 2437//2437 2418//2418 2413//2413
f 2419//2419 2395//2395 2413//2413
f 2393//2393 2420//2420 2394//2394
f 2393//2393 2422//2422 2420//2420
f 2419//2419 2418//2418 2396//2396
f 2413//2413 2418//2418 2419//2419
f 2419//2419 2396//2396 2395//2395
f 2425//2425 2422//2422 2393//2393
f 2394//2394 2420//2420 2422//2422
f 2421//2421 2396//2396 2418//2418
f 2421//2421 2397//2397 2396//2396
f 2424//2424 2397//2397 2421//2421
f 2440//2440 2423//2423 2398//2398
f 2425//2425 2423//2423 2440//2440
f 2424//2424 2421//2421 2442//2442
f 2442//2442 2426//2426 2424//2424
f 2424//2424 2426//2426 2363//2363
f 2398//2398 2360//2360 2427//2427
f 2400//2400 2363//2363 2426//2426
f 2360//2360 2269//2269 2463//2463
f 2362//2362 2429//2429 2269//2269
f 2429//2429 2463//2463 2269//2269
f 2364//2364 2429//2429 2362//2362
f 2399//2399 2429//2429 2364//2364
f 2444//2444 2365//2365 2402//2402
f 2366//2366 2401//2401 2403//2403
f 2366//2366 2403//2403 2274//2274
f 2431//2431 2367//2367 2365//2365
f 2431//2431 2368//2368 2367//2367
f 2432//2432 2433//2433 2451//2451
f 2325//2325 2368//2368 2453//2453
f 2370//2370 2451//2451 2433//2433
f 2434//2434 2325//2325 2455//2455
f 2452//2452 2404//2404 2454//2454
f 2454//2454 2404//2404 2405//2405
f 2437//2437 2416//2416 2436//2436
f 2436//2436 2416//2416 2394//2394
f 2394//2394 2438//2438 2436//2436
f 2436//2436 2421//2421 2418//2418
f 2436//2436 2418//2418 2437//2437
f 2422//2422 2438//2438 2394//2394
f 2438//2438 2439//2439 2436//2436
f 2439//2439 2421//2421 2436//2436
f 2425//2425 2441//2441 2422//2422
f 2441//2441 2438//2438 2422//2422
f 2440//2440 2441//2441 2425//2425
f 2442//2442 2421//2421 2439//2439
f 2398//2398 2427//2427 2440//2440
f 2440//2440 2427//2427 2459//2459
f 2400//2400 2426//2426 2442//2442
f 2463//2463 2427//2427 2360//2360
f 2430//2430 2400//2400 2428//2428
f 2399//2399 2443//2443 2429//2429
f 2443//2443 2463//2463 2429//2429
f 2464//2464 2444//2444 2430//2430
f 2401//2401 2445//2445 2443//2443
f 2401//2401 2443//2443 2399//2399
f 2446//2446 2445//2445 2401//2401
f 2466//2466 2365//2365 2444//2444
f 2467//2467 2365//2365 2466//2466
f 2366//2366 2447//2447 2446//2446
f 2366//2366 2446//2446 2401//2401
f 2448//2448 2431//2431 2365//2365
f 2447//2447 2366//2366 2449//2449
f 2450//2450 2368//2368 2431//2431
f 2450//2450 2431//2431 2448//2448
f 2366//2366 2432//2432 2449//2449
f 2451//2451 2449//2449 2432//2432
f 2450//2450 2453//2453 2368//2368
f 2453//2453 2455//2455 2325//2325
f 2370//2370 2452//2452 2451//2451
f 2454//2454 2405//2405 2434//2434
f 2454//2454 2434//2434 2435//2435
f 2454//2454 2435//2435 2455//2455
f 2455//2455 2435//2435 2434//2434
f 2477//2477 2438//2438 2441//2441
f 2456//2456 2439//2439 2438//2438
f 2456//2456 2442//2442 2439//2439
f 2457//2457 2441//2441 2440//2440
f 2457//2457 2440//2440 2459//2459
f 2459//2459 2441//2441 2457//2457
f 2441//2441 2459//2459 2478//2478
f 2477//2477 2441//2441 2478//2478
f 2479//2479 2456//2456 2438//2438
f 2456//2456 2400//2400 2442//2442
f 2463//2463 2459//2459 2427//2427
f 2456//2456 2428//2428 2400//2400
f 2463//2463 2462//2462 2459//2459
f 2459//2459 2462//2462 2461//2461
f 2459//2459 2461//2461 2458//2458
f 2460//2460 2428//2428 2456//2456
f 2460//2460 2430//2430 2428//2428
f 2462//2462 2463//2463 2461//2461
f 2485//2485 2464//2464 2430//2430
f 2485//2485 2430//2430 2460//2460
f 2465//2465 2463//2463 2443//2443
f 2484//2484 2466//2466 2444//2444
f 2484//2484 2444//2444 2464//2464
f 2465//2465 2443//2443 2445//2445
f 2446//2446 2468//2468 2445//2445
f 2447//2447 2468//2468 2446//2446
f 2468//2468 2447//2447 2470//2470
f 2467//2467 2469//2469 2490//2490
f 2467//2467 2448//2448 2365//2365
f 2470//2470 2447//2447 2471//2471
f 2490//2490 2450//2450 2467//2467
f 2467//2467 2450//2450 2448//2448
f 2449//2449 2471//2471 2447//2447
f 2490//2490 2473//2473 2450//2450
f 2451//2451 2471//2471 2449//2449
f 2471//2471 2451//2451 2452//2452
f 2471//2471 2452//2452 2472//2472
f 2472//2472 2475//2475 2474//2474
f 2476//2476 2453//2453 2473//2473
f 2473//2473 2453//2453 2450//2450
f 2454//2454 2472//2472 2452//2452
f 2472//2472 2454//2454 2475//2475
f 2475//2475 2454//2454 2455//2455
f 2475//2475 2455//2455 2476//2476
f 2476//2476 2455//2455 2453//2453
f 2482//2482 2438//2438 2477//2477
f 2482//2482 2479//2479 2438//2438
f 2478//2478 2459//2459 2458//2458
f 2482//2482 2460//2460 2456//2456
f 2479//2479 2482//2482 2456//2456
f 2480//2480 2478//2478 2481//2481
f 2478//2478 2461//2461 2481//2481
f 2478//2478 2458//2458 2461//2461
f 2478//2478 2480//2480 2477//2477
f 2482//2482 2477//2477 2495//2495
f 2482//2482 2485//2485 2460//2460
f 2483//2483 2461//2461 2463//2463
f 2484//2484 2485//2485 2482//2482
f 2465//2465 2483//2483 2463//2463
f 2461//2461 2483//2483 2497//2497
f 2484//2484 2464//2464 2485//2485
f 2487//2487 2466//2466 2484//2484
f 2483//2483 2465//2465 2486//2486
f 2487//2487 2467//2467 2466//2466
f 2468//2468 2465//2465 2445//2445
f 2486//2486 2465//2465 2471//2471
f 2468//2468 2470//2470 2465//2465
f 2465//2465 2470//2470 2471//2471
f 2490//2490 2487//2487 2488//2488
f 2490//2490 2469//2469 2487//2487
f 2487//2487 2469//2469 2467//2467
f 2471//2471 2492//2492 2489//2489
f 2489//2489 2493//2493 2494//2494
f 2491//2491 2473//2473 2490//2490
f 2472//2472 2492//2492 2471//2471
f 2492//2492 2472//2472 2489//2489
f 2491//2491 2493//2493 2476//2476
f 2494//2494 2493//2493 2491//2491
f 2491//2491 2476//2476 2473//2473
f 2474//2474 2489//2489 2472//2472
f 2489//2489 2474//2474 2475//2475
f 2489//2489 2475//2475 2493//2493
f 2493//2493 2475//2475 2476//2476
f 2497//2497 2481//2481 2461//2461
f 2480//2480 2481//2481 2477//2477
f 2477//2477 2496//2496 2495//2495
f 2495//2495 2484//2484 2482//2482
f 2495//2495 2487//2487 2484//2484
f 2481//2481 2498//2498 2477//2477
f 2477//2477 2499//2499 2496//2496
f 2477//2477 2498//2498 2499//2499
f 2496//2496 2487//2487 2495//2495
f 2497//2497 2501//2501 2481//2481
f 2497//2497 2500//2500 2501//2501
f 2499//2499 2498//2498 2487//2487
f 2499//2499 2487//2487 2496//2496
f 2486//2486 2497//2497 2483//2483
f 2497//2497 2486//2486 2500//2500
f 2501//2501 2500//2500 2481//2481
f 2481//2481 2500//2500 2498//2498
f 2498//2498 2488//2488 2487//2487
f 2489//2489 2486//2486 2471//2471
f 2498//2498 2490//2490 2488//2488
f 2502//2502 2486//2486 2489//2489
f 2500//2500 2486//2486 2502//2502
f 2500//2500 2491//2491 2498//2498
f 2498//2498 2491//2491 2490//2490
f 2494//2494 2502//2502 2489//2489
f 2502//2502 2494//2494 2500//2500
f 2500//2500 2494//2494 2491//2491
