mtllib long_man_crawl_leg_l.mtl
o skin
usemtl skin
v -0.3456 0.3904 0.3102
v -0.3428 0.4138 0.2913
v -0.3424 0.4069 0.2836
v -0.3369 0.4231 0.3237
v -0.3376 0.3735 0.3232
v -0.3410 0.3752 0.2970
v -0.3327 0.4037 0.2607
v -0.3358 0.4335 0.2931
v -0.3476 0.4048 0.3001
v -0.3268 0.3397 0.2976
v -0.3337 0.3801 0.2692
v -0.3374 0.3713 0.2855
v -0.3274 0.3799 0.3454
v -0.3370 0.3826 0.2748
v -0.3405 0.3757 0.3229
v -0.3251 0.3861 0.2550
v -0.3307 0.4052 0.3435
v -0.3307 0.4242 0.2682
v -0.3270 0.3389 0.3115
v -0.3245 0.3498 0.2776
v -0.3255 0.3477 0.3274
v -0.3232 0.3673 0.2609
v -0.3191 0.4465 0.3250
v -0.3279 0.4406 0.2840
v -0.3182 0.2274 0.3198
v -0.3211 0.2650 0.3208
v -0.3179 0.2793 0.2998
v -0.3222 0.3154 0.3004
v -0.3221 0.2987 0.3241
v -0.3234 0.3341 0.3245
v -0.3186 0.3386 0.2758
v -0.3201 0.3339 0.2836
v -0.3070 0.3900 0.2394
v -0.3167 0.4377 0.2603
v -0.3176 0.4514 0.2866
v -0.3130 0.1223 0.3424
v -0.3141 0.1458 0.3320
v -0.3156 0.1924 0.3472
v -0.3153 0.1502 0.3333
v -0.3197 0.2148 0.3263
v -0.3135 0.2299 0.3052
v -0.3131 0.2334 0.3507
v -0.3125 0.2416 0.3005
v -0.3183 0.2471 0.3360
v -0.3116 0.2669 0.2927
v -0.3191 0.2760 0.3335
v -0.3125 0.3088 0.2832
v -0.3080 0.2872 0.3494
v -0.3111 0.3242 0.2741
v -0.3161 0.3234 0.2823
v -0.3021 0.3344 0.3540
v -0.3134 0.3373 0.2684
v -0.3079 0.3534 0.2507
v -0.3141 0.3604 0.3498
v -0.3082 0.4220 0.3572
v -0.3183 0.4378 0.3385
v -0.3128 0.4212 0.3533
v -0.3170 0.4258 0.2518
v -0.3063 0.4462 0.2610
v -0.3101 0.4579 0.3113
v -0.3084 0.0051 0.3641
v -0.3078 0.0366 0.3639
v -0.3022 0.0903 0.3735
v -0.3087 0.0654 0.3470
v -0.3040 0.0965 0.3208
v -0.3100 0.0851 0.3547
v -0.3067 0.1280 0.3176
v -0.3137 0.1647 0.3497
v -0.3051 0.1530 0.3107
v -0.3066 0.1742 0.3090
v -0.3059 0.2084 0.2997
v -0.3071 0.2349 0.2939
v -0.3108 0.2575 0.3500
v -0.3051 0.2996 0.2783
v -0.3066 0.3006 0.2793
v -0.3022 0.3193 0.2668
v -0.3146 0.3304 0.3411
v -0.2983 0.3379 0.2481
v -0.3133 0.3485 0.3471
v -0.3038 0.3653 0.2418
v -0.3073 0.3698 0.3574
v -0.2995 0.3896 0.3628
v -0.2990 0.4036 0.2364
v -0.2973 0.4195 0.2384
v -0.3013 -0.0771 0.3638
v -0.3042 -0.0278 0.3681
v -0.2997 -0.0336 0.3816
v -0.3028 -0.0108 0.3434
v -0.3046 -0.0194 0.3684
v -0.3016 0.0013 0.3377
v -0.3020 -0.0037 0.3821
v -0.3051 0.0231 0.3404
v -0.3015 0.0241 0.3330
v -0.3049 0.0583 0.3348
v -0.3054 0.0824 0.3305
v -0.2987 0.1204 0.3089
v -0.3018 0.1313 0.3735
v -0.3128 0.1548 0.3554
v -0.3027 0.1502 0.3690
v -0.2982 0.1789 0.3000
v -0.3043 0.2151 0.3632
v -0.2980 0.2254 0.2883
v -0.2941 0.2424 0.2820
v -0.3023 0.2521 0.3596
v -0.2978 0.2735 0.2790
v -0.2987 0.2988 0.2732
v -0.2982 0.3284 0.2549
v -0.3015 0.4498 0.3379
v -0.2944 0.4557 0.2673
v -0.2991 0.4575 0.3248
v -0.2950 -0.1905 0.3856
v -0.2942 -0.1727 0.3751
v -0.2946 -0.1542 0.3918
v -0.2990 -0.1063 0.3865
v -0.2882 -0.1094 0.4076
v -0.2998 -0.1081 0.3706
v -0.2963 -0.1125 0.3610
v -0.3000 -0.0622 0.3836
v -0.3024 -0.0786 0.3799
v -0.2947 -0.0791 0.3482
v -0.3023 -0.0422 0.3553
v -0.2942 -0.0419 0.3401
v -0.2950 -0.0064 0.3313
v -0.2942 0.0120 0.3263
v -0.2955 0.0268 0.3251
v -0.2910 0.0492 0.3186
v -0.2921 0.0680 0.3167
v -0.3048 0.0707 0.3700
v -0.2931 0.0909 0.3822
v -0.2925 0.1071 0.3072
v -0.2992 0.1243 0.3764
v -0.2882 0.1264 0.3005
v -0.2931 0.1372 0.3784
v -0.2971 0.1680 0.3011
v -0.3016 0.1651 0.3698
v -0.2926 0.1908 0.2938
v -0.2908 0.2477 0.2796
v -0.2994 0.2615 0.3601
v -0.2900 0.3082 0.2618
v -0.2947 0.3464 0.2392
v -0.2931 0.3552 0.2355
v -0.2869 0.3630 0.2299
v -0.2904 0.4141 0.2355
v -0.3040 0.4586 0.2843
v -0.2885 -0.3097 0.4125
v -0.2892 -0.2868 0.4017
v -0.2888 -0.2642 0.3967
v -0.2868 -0.2451 0.3794
v -0.2894 -0.2392 0.3838
v -0.2892 -0.2441 0.4004
v -0.2850 -0.2128 0.4156
v -0.2941 -0.2046 0.3923
v -0.2903 -0.2045 0.3703
v -0.2876 -0.1852 0.3603
v -0.2851 -0.1916 0.4144
v -0.2923 -0.1863 0.4016
v -0.2886 -0.1750 0.3618
v -0.2829 -0.1661 0.3543
v -0.2949 -0.1500 0.3705
v -0.2888 -0.1479 0.4047
v -0.2878 -0.1384 0.3549
v -0.2913 -0.1277 0.4016
v -0.2889 -0.1288 0.3545
v -0.2895 -0.0990 0.3461
v -0.2896 -0.0889 0.3443
v -0.2871 -0.0807 0.3401
v -0.2853 -0.0473 0.3331
v -0.2849 -0.0285 0.3984
v -0.2939 -0.0272 0.3898
v -0.2772 -0.0443 0.3275
v -0.2962 -0.0102 0.3887
v -0.2924 -0.0071 0.3284
v -0.2871 0.0191 0.3197
v -0.2980 0.0325 0.3838
v -0.2909 0.0583 0.3861
v -0.2867 0.0785 0.3108
v -0.2816 0.1118 0.3876
v -0.2877 0.1301 0.2999
v -0.2815 0.1357 0.2962
v -0.2850 0.1594 0.2953
v -0.2881 0.2026 0.3738
v -0.2924 0.2173 0.2866
v -0.2924 0.2337 0.3697
v -0.2753 0.2456 0.2757
v -0.2857 0.2615 0.2758
v -0.2876 0.2758 0.3642
v -0.2746 0.2796 0.2695
v -0.2922 0.3070 0.3594
v -0.2853 0.3040 0.2603
v -0.2911 0.3350 0.2397
v -0.2915 0.3265 0.2463
v -0.2885 0.3491 0.2307
v -0.2793 0.3448 0.3598
v -0.2913 0.4434 0.3508
v -0.2801 0.4213 0.3643
v -0.2914 0.4443 0.3483
v -0.2888 0.4454 0.2526
v -0.2893 0.4557 0.3330
v -0.2898 0.4501 0.3422
v -0.2875 0.4597 0.2737
v -0.2828 -0.3508 0.4226
v -0.2786 -0.3426 0.4337
v -0.2861 -0.3411 0.4179
v -0.2861 -0.3262 0.4190
v -0.2793 -0.3106 0.4337
v -0.2874 -0.3052 0.3964
v -0.2851 -0.3128 0.3908
v -0.2866 -0.2835 0.3898
v -0.2806 -0.2866 0.3775
v -0.2859 -0.2809 0.4176
v -0.2816 -0.2637 0.3759
v -0.2871 -0.2599 0.3872
v -0.2883 -0.2407 0.4059
v -0.2831 -0.2278 0.3671
v -0.2803 -0.2280 0.4216
v -0.2824 -0.1643 0.4136
v -0.2741 -0.1587 0.3470
v -0.2788 -0.1306 0.3455
v -0.2763 -0.1377 0.4172
v -0.2812 -0.1099 0.3421
v -0.2790 -0.0971 0.4129
v -0.2822 -0.0780 0.4080
v -0.2884 -0.0771 0.4027
v -0.2813 -0.0820 0.3361
v -0.2859 -0.0493 0.3997
v -0.2827 0.0001 0.3211
v -0.2832 0.0198 0.3964
v -0.2824 0.0433 0.3937
v -0.2818 0.0874 0.3063
v -0.2963 0.1072 0.3805
v -0.2746 0.0789 0.3058
v -0.2878 0.1353 0.3818
v -0.2847 0.1548 0.3801
v -0.2823 0.1721 0.2930
v -0.2724 0.1909 0.2874
v -0.2828 0.2223 0.2819
v -0.2747 0.2663 0.2732
v -0.2820 0.3120 0.2430
v -0.2830 0.3276 0.2293
v -0.2864 0.3166 0.2469
v -0.2964 0.3261 0.3563
v -0.2790 0.3348 0.2212
v -0.2976 0.3514 0.3574
v -0.2890 0.4102 0.3668
v -0.2667 0.4246 0.2390
v -0.2776 0.4502 0.2552
v -0.2765 0.4586 0.3296
v -0.2766 -0.5202 0.4395
v -0.2766 -0.4958 0.4410
v -0.2762 -0.4795 0.4272
v -0.2768 -0.4742 0.4331
v -0.2771 -0.4339 0.4125
v -0.2815 -0.4038 0.4167
v -0.2792 -0.4251 0.4352
v -0.2808 -0.4200 0.4311
v -0.2773 -0.3973 0.4015
v -0.2822 -0.3781 0.4227
v -0.2777 -0.3806 0.4357
v -0.2819 -0.3623 0.4098
v -0.2779 -0.3613 0.3963
v -0.2830 -0.3406 0.3967
v -0.2825 -0.3283 0.3917
v -0.2772 -0.3116 0.3793
v -0.2737 -0.3073 0.4399
v -0.2799 -0.3062 0.4332
v -0.2827 -0.3041 0.4292
v -0.2766 -0.2492 0.3673
v -0.2796 -0.2563 0.4243
v -0.2764 -0.2310 0.3618
v -0.2809 -0.2038 0.3574
v -0.2774 -0.1796 0.4204
v -0.2821 -0.1590 0.4134
v -0.2760 -0.1217 0.3420
v -0.2740 -0.0505 0.4071
v -0.2762 -0.0257 0.4028
v -0.2778 -0.0205 0.3234
v -0.2781 0.0104 0.3169
v -0.2692 0.0300 0.3120
v -0.2812 0.0442 0.3135
v -0.2730 0.0413 0.3112
v -0.2806 0.0713 0.3906
v -0.2740 0.1001 0.3902
v -0.2741 0.1039 0.2997
v -0.2765 0.1141 0.2988
v -0.2744 0.1635 0.2922
v -0.2988 0.2001 0.3691
v -0.2794 0.2063 0.3755
v -0.2816 0.2297 0.3733
v -0.2749 0.2434 0.3716
v -0.2786 0.3025 0.2519
v -0.2806 0.3113 0.2404
v -0.2800 0.3199 0.2277
v -0.2769 0.3290 0.3597
v -0.2704 0.3965 0.3661
v -0.2498 0.3907 0.2281
v -0.2938 0.4312 0.2422
v -0.2765 0.4620 0.2802
v -0.2856 0.4648 0.2962
v -0.2696 -0.9578 0.3935
v -0.2704 -0.9625 0.3977
v -0.2700 -0.9702 0.3603
v -0.2695 -0.6125 0.4711
v -0.2711 -0.6191 0.4513
v -0.2678 -0.5908 0.4371
v -0.2708 -0.5834 0.4533
v -0.2729 -0.5607 0.4429
v -0.2724 -0.5604 0.4553
v -0.2756 -0.5368 0.4359
v -0.2743 -0.5422 0.4505
v -0.2701 -0.5371 0.4606
v -0.2728 -0.5082 0.4204
v -0.2664 -0.4848 0.4599
v -0.2710 -0.4965 0.4148
v -0.2717 -0.4887 0.4531
v -0.2731 -0.4684 0.4149
v -0.2730 -0.4655 0.4485
v -0.2743 -0.4537 0.4468
v -0.2696 -0.4555 0.4058
v -0.2758 -0.4555 0.4184
v -0.2715 -0.4376 0.4039
v -0.2662 -0.4319 0.3961
v -0.2771 -0.4436 0.4413
v -0.2722 -0.4108 0.3978
v -0.2737 -0.4165 0.4479
v -0.2705 -0.3750 0.3890
v -0.2683 -0.3627 0.3843
v -0.2743 -0.3680 0.4404
v -0.2735 -0.3504 0.3863
v -0.2711 -0.3359 0.3802
v -0.2648 -0.3132 0.4454
v -0.2737 -0.3145 0.3764
v -0.2706 -0.2899 0.3695
v -0.2671 -0.2981 0.3699
v -0.2720 -0.2669 0.4332
v -0.2679 -0.2713 0.3658
v -0.2690 -0.2405 0.3599
v -0.2672 -0.2376 0.4326
v -0.2689 -0.2154 0.3534
v -0.2688 -0.1893 0.3488
v -0.2712 -0.1766 0.3482
v -0.2633 -0.1241 0.3380
v -0.2730 -0.0666 0.3300
v -0.2672 -0.0705 0.4132
v -0.2614 -0.0541 0.3255
v -0.2695 -0.0081 0.3184
v -0.2730 -0.0014 0.3178
v -0.2797 0.0078 0.3998
v -0.2654 0.1128 0.2976
v -0.2716 0.1454 0.3842
v -0.2659 0.1738 0.2902
v -0.2731 0.2167 0.2819
v -0.2633 0.2245 0.2810
v -0.2665 0.2551 0.2754
v -0.2667 0.2815 0.2660
v -0.2723 0.2951 0.2503
v -0.2761 0.2934 0.2616
v -0.2730 0.2983 0.2430
v -0.2722 0.3027 0.2269
v -0.2735 0.3053 0.3618
v -0.2728 0.3140 0.2190
v -0.2734 0.3703 0.3626
v -0.2702 0.3916 0.2282
v -0.2690 0.3832 0.2257
v -0.2687 0.4229 0.3612
v -0.2652 0.4312 0.2434
v -0.2671 0.4367 0.3539
v -0.2701 0.4437 0.3490
v -0.2694 0.4586 0.2706
v -0.2651 0.4626 0.2897
v -0.2656 -0.9736 0.3419
v -0.2665 -0.9743 0.3525
v -0.2662 -0.9765 0.3751
v -0.2619 -0.9800 0.4297
v -0.2669 -0.9714 0.4554
v -0.2689 -0.9726 0.3966
v -0.2654 -0.9632 0.3233
v -0.2644 -0.9656 0.4816
v -0.2663 -0.9673 0.3252
v -0.2638 -0.9507 0.3615
v -0.2641 -0.6998 0.4660
v -0.2653 -0.6793 0.4591
v -0.2627 -0.6602 0.4428
v -0.2645 -0.6564 0.4751
v -0.2619 -0.6524 0.4399
v -0.2658 -0.6354 0.4420
v -0.2706 -0.6369 0.4597
v -0.2656 -0.6324 0.4749
v -0.2658 -0.6215 0.4391
v -0.2661 -0.6084 0.4727
v -0.2692 -0.5955 0.4436
v -0.2681 -0.5976 0.4679
v -0.2634 -0.5686 0.4239
v -0.2660 -0.5811 0.4317
v -0.2626 -0.5601 0.4712
v -0.2687 -0.5172 0.4131
v -0.2682 -0.5220 0.4630
v -0.2650 -0.5060 0.4091
v -0.2643 -0.4612 0.4013
v -0.2665 -0.4202 0.3942
v -0.2683 -0.3932 0.3900
v -0.2652 -0.4174 0.4568
v -0.2696 -0.3709 0.4461
v -0.2634 -0.3603 0.4495
v -0.2642 -0.3447 0.3778
v -0.2599 -0.3467 0.3762
v -0.2700 -0.2419 0.3605
v -0.2720 -0.2261 0.4292
v -0.2720 -0.1966 0.4263
v -0.2675 -0.2010 0.3495
v -0.2670 -0.1856 0.4271
v -0.2607 -0.1425 0.3413
v -0.2676 -0.1115 0.4199
v -0.2623 -0.0727 0.3290
v -0.2488 -0.0352 0.3232
v -0.2587 -0.0000 0.3161
v -0.2718 -0.0041 0.4028
v -0.2595 0.0130 0.3143
v -0.2668 0.0177 0.4014
v -0.2582 0.0327 0.3116
v -0.2666 0.0466 0.3975
v -0.2627 0.0729 0.3050
v -0.2623 0.0869 0.3029
v -0.2634 0.1038 0.3903
v -0.2719 0.1083 0.3903
v -0.2585 0.1530 0.2933
v -0.2701 0.1430 0.2938
v -0.2712 0.1861 0.3783
v -0.2616 0.2807 0.2636
v -0.2674 0.2955 0.2230
v -0.2682 0.2919 0.2327
v -0.2681 0.3067 0.2149
v -0.2646 0.3038 0.3602
v -0.2699 0.3425 0.2121
v -0.2729 0.3669 0.2218
v -0.2611 0.3764 0.2202
v -0.2571 0.4375 0.2517
v -0.2683 0.4477 0.2561
v -0.2670 0.4514 0.3386
v -0.2714 0.4642 0.2990
v -0.2762 0.4634 0.3148
v -0.2572 -0.9847 0.3846
v -0.2503 -0.9834 0.3138
v -0.2583 -0.9828 0.3460
v -0.2570 -0.9845 0.3955
v -0.2658 -0.9762 0.4071
v -0.2604 -0.9804 0.4409
v -0.2601 -0.9787 0.4676
v -0.2642 -0.9719 0.4719
v -0.2557 -0.9749 0.5025
v -0.2629 -0.9571 0.4776
v -0.2598 -0.9632 0.2984
v -0.2594 -0.9554 0.3121
v -0.2659 -0.9549 0.4493
v -0.2550 -0.9491 0.3207
v -0.2628 -0.9510 0.3506
v -0.2611 -0.9498 0.4593
v -0.2663 -0.9558 0.4561
v -0.2630 -0.9488 0.3642
v -0.2583 -0.8323 0.4898
v -0.2594 -0.7952 0.4887
v -0.2550 -0.7912 0.4990
v -0.2583 -0.8148 0.4755
v -0.2603 -0.7763 0.4704
v -0.2606 -0.7899 0.4775
v -0.2546 -0.7447 0.4507
v -0.2581 -0.7428 0.4557
v -0.2633 -0.7414 0.4674
v -0.2609 -0.7225 0.4563
v -0.2577 -0.7229 0.4898
v -0.2643 -0.7124 0.4757
v -0.2582 -0.7016 0.4458
v -0.2638 -0.6830 0.4726
v -0.2593 -0.6721 0.4413
v -0.2627 -0.6552 0.4424
v -0.2589 -0.6385 0.4331
v -0.2509 -0.6199 0.4234
v -0.2579 -0.6124 0.4272
v -0.2509 -0.5937 0.4176
v -0.2537 -0.5701 0.4146
v -0.2646 -0.5568 0.4218
v -0.2624 -0.5532 0.4183
v -0.2634 -0.5381 0.4146
v -0.2558 -0.5020 0.4017
v -0.2578 -0.5010 0.4682
v -0.2588 -0.4889 0.4014
v -0.2610 -0.4712 0.4629
v -0.2620 -0.4562 0.4613
v -0.2605 -0.4129 0.3884
v -0.2640 -0.3992 0.4546
v -0.2553 -0.4004 0.3841
v -0.2568 -0.3766 0.3803
v -0.2615 -0.3186 0.3714
v -0.2590 -0.2900 0.3659
v -0.2668 -0.2662 0.4369
v -0.2589 -0.2552 0.4383
v -0.2580 -0.2461 0.3577
v -0.2501 -0.2449 0.4385
v -0.2586 -0.2296 0.3540
v -0.2488 -0.1882 0.3471
v -0.2663 -0.1725 0.4259
v -0.2570 -0.1518 0.4254
v -0.2497 -0.1081 0.3354
v -0.2667 -0.1027 0.3342
v -0.2647 -0.0806 0.3298
v -0.2563 -0.0527 0.4111
v -0.2495 -0.0436 0.3239
v -0.2673 -0.0345 0.4070
v -0.2589 0.0467 0.3097
v -0.2465 0.0612 0.3099
v -0.2634 0.0626 0.3957
v -0.2595 0.0737 0.3948
v -0.2494 0.0862 0.3053
v -0.2433 0.0886 0.3076
v -0.2550 0.1027 0.3891
v -0.2588 0.1410 0.2947
v -0.2615 0.1428 0.3841
v -0.2574 0.1931 0.2884
v -0.2680 0.2284 0.3737
v -0.2629 0.2294 0.3724
v -0.2638 0.2557 0.3678
v -0.2648 0.2603 0.3675
v -0.2599 0.2815 0.2524
v -0.2570 0.2784 0.2128
v -0.2606 0.2803 0.2271
v -0.2598 0.2984 0.2041
v -0.2544 0.2861 0.3586
v -0.2587 0.3193 0.3561
v -0.2713 0.3401 0.3594
v -0.2666 0.3745 0.3624
v -0.2484 0.3707 0.2135
v -0.2551 0.3806 0.3596
v -0.2718 0.4176 0.3661
v -0.2500 0.4290 0.2491
v -0.2556 0.4391 0.3459
v -0.2575 0.4562 0.3238
v -0.2534 0.4548 0.2761
v -0.2528 0.4595 0.2964
v -0.2538 -0.9859 0.3494
v -0.2532 -0.9827 0.3235
v -0.2561 -0.9809 0.4799
v -0.2500 -0.9827 0.4918
v -0.2511 -0.9762 0.2893
v -0.2494 -0.9733 0.5227
v -0.2568 -0.9676 0.2940
v -0.2601 -0.9673 0.5001
v -0.2517 -0.9637 0.5243
v -0.2533 -0.9555 0.5145
v -0.2543 -0.9648 0.2783
v -0.2499 -0.9444 0.3403
v -0.2536 -0.9431 0.3739
v -0.2482 -0.9402 0.4334
v -0.2562 -0.9434 0.4050
v -0.2524 -0.9423 0.4963
v -0.2537 -0.8808 0.4911
v -0.2481 -0.8794 0.4748
v -0.2534 -0.8718 0.5024
v -0.2555 -0.8553 0.4812
v -0.2533 -0.8434 0.4729
v -0.2549 -0.8481 0.5005
v -0.2529 -0.8350 0.5044
v -0.2534 -0.8410 0.4718
v -0.2526 -0.8270 0.5054
v -0.2531 -0.8086 0.4635
v -0.2591 -0.7624 0.4897
v -0.2541 -0.7833 0.4593
v -0.2510 -0.7658 0.4515
v -0.2516 -0.7469 0.4982
v -0.2616 -0.7444 0.4838
v -0.2579 -0.7096 0.4467
v -0.2566 -0.7266 0.4906
v -0.2551 -0.6682 0.4353
v -0.2483 -0.6536 0.4271
v -0.2565 -0.6554 0.4858
v -0.2500 -0.6008 0.4194
v -0.2586 -0.5989 0.4796
v -0.2607 -0.5786 0.4756
v -0.2519 -0.5615 0.4122
v -0.2560 -0.5301 0.4073
v -0.2471 -0.4980 0.4718
v -0.2545 -0.4691 0.3961
v -0.2617 -0.4387 0.4609
v -0.2521 -0.4434 0.3912
v -0.2498 -0.4104 0.3844
v -0.2468 -0.3858 0.3801
v -0.2493 -0.3695 0.3776
v -0.2428 -0.3510 0.3741
v -0.2678 -0.3314 0.4453
v -0.2445 -0.3185 0.3699
v -0.2554 -0.3009 0.3669
v -0.2520 -0.2643 0.3602
v -0.2506 -0.2288 0.3538
v -0.2673 -0.1396 0.3405
v -0.2411 -0.1193 0.3406
v -0.2473 -0.1187 0.4212
v -0.2492 -0.0910 0.3336
v -0.2432 -0.0918 0.4157
v -0.2651 -0.0858 0.4169
v -0.2456 -0.0613 0.3290
v -0.2575 0.0053 0.4027
v -0.2446 0.0216 0.3171
v -0.2529 0.0527 0.3956
v -0.2489 0.1185 0.3007
v -0.2572 0.1381 0.3841
v -0.2485 0.1445 0.3795
v -0.2539 0.1605 0.2938
v -0.2480 0.1795 0.2935
v -0.2542 0.1766 0.3770
v -0.2395 0.1938 0.2968
v -0.2637 0.1964 0.3769
v -0.2525 0.2062 0.2879
v -0.2517 0.2005 0.3724
v -0.2524 0.2704 0.2090
v -0.2537 0.2640 0.2763
v -0.2476 0.2595 0.2245
v -0.2450 0.2603 0.2379
v -0.2568 0.2999 0.1979
v -0.2544 0.3119 0.1952
v -0.2538 0.3181 0.3538
v -0.2711 0.3292 0.3603
v -0.2511 0.3601 0.2081
v -0.2626 0.3478 0.3574
v -0.2500 0.4229 0.2455
v -0.2533 0.4499 0.3311
v -0.2527 0.4580 0.3111
v -0.2433 -0.9911 0.3580
v -0.2532 -0.9874 0.3707
v -0.2453 -0.9905 0.4175
v -0.2506 -0.9848 0.3252
v -0.2427 -0.9901 0.3396
v -0.2490 -0.9884 0.4418
v -0.2476 -0.9869 0.4744
v -0.2398 -0.9692 0.5466
v -0.2501 -0.9606 0.2753
v -0.2481 -0.9657 0.2656
v -0.2464 -0.9450 0.3181
v -0.2618 -0.9478 0.4291
v -0.2518 -0.9425 0.4843
v -0.2466 -0.9324 0.4808
v -0.2507 -0.9424 0.5074
v -0.2522 -0.9186 0.4969
v -0.2487 -0.9036 0.5135
v -0.2506 -0.9110 0.4898
v -0.2513 -0.8947 0.5111
v -0.2472 -0.9051 0.4809
v -0.2462 -0.8821 0.5159
v -0.2470 -0.8744 0.4728
v -0.2478 -0.8724 0.5126
v -0.2385 -0.8864 0.4672
v -0.2455 -0.8385 0.4625
v -0.2436 -0.8275 0.4582
v -0.2484 -0.8548 0.5120
v -0.2436 -0.8135 0.4554
v -0.2442 -0.8047 0.4536
v -0.2395 -0.7329 0.4383
v -0.2490 -0.7135 0.4387
v -0.2480 -0.6778 0.4938
v -0.2493 -0.6790 0.4321
v -0.2567 -0.6664 0.4861
v -0.2489 -0.6404 0.4259
v -0.2517 -0.6179 0.4865
v -0.2505 -0.6079 0.4860
v -0.2460 -0.5210 0.4021
v -0.2561 -0.5417 0.4742
v -0.2481 -0.5221 0.4743
v -0.2420 -0.4897 0.3957
v -0.2558 -0.4902 0.4686
v -0.2451 -0.4590 0.4681
v -0.2472 -0.4486 0.3906
v -0.2378 -0.4396 0.3890
v -0.2511 -0.4162 0.4618
v -0.2628 -0.3926 0.4552
v -0.2606 -0.3310 0.4484
v -0.2439 -0.3327 0.4504
v -0.2475 -0.3402 0.3725
v -0.2423 -0.3088 0.4467
v -0.2381 -0.2939 0.3678
v -0.2536 -0.2862 0.4442
v -0.2538 -0.2816 0.3632
v -0.2517 -0.2551 0.4398
v -0.2413 -0.2546 0.3593
v -0.2365 -0.2385 0.3578
v -0.2592 -0.2050 0.4323
v -0.2435 -0.2198 0.3527
v -0.2613 -0.1928 0.3471
v -0.2522 -0.1738 0.4285
v -0.2433 -0.1708 0.4268
v -0.2434 -0.1608 0.3449
v -0.2444 -0.1533 0.3431
v -0.2595 -0.1060 0.4205
v -0.2421 -0.0880 0.4145
v -0.2477 -0.0723 0.3305
v -0.2458 -0.0661 0.4119
v -0.2517 -0.0363 0.4081
v -0.2458 0.0001 0.3197
v -0.2463 -0.0101 0.4023
v -0.2420 0.0159 0.3965
v -0.2476 0.0312 0.3145
v -0.2436 0.0526 0.3925
v -0.2512 0.0809 0.3056
v -0.2510 0.0853 0.3906
v -0.2388 0.0855 0.3838
v -0.2447 0.1658 0.3745
v -0.2553 0.1672 0.3788
v -0.2439 0.1765 0.3721
v -0.2443 0.2047 0.2925
v -0.2531 0.2259 0.3689
v -0.2422 0.2185 0.2918
v -0.2517 0.2453 0.2815
v -0.2466 0.2487 0.3607
v -0.2474 0.2591 0.2152
v -0.2465 0.2635 0.2401
v -0.2440 0.2609 0.2828
v -0.2504 0.2689 0.2038
v -0.2480 0.2693 0.2723
v -0.2478 0.2660 0.1970
v -0.2482 0.2818 0.1887
v -0.2403 0.3162 0.1833
v -0.2612 0.3218 0.2020
v -0.2480 0.3083 0.3508
v -0.2476 0.3305 0.1938
v -0.2434 0.3471 0.3460
v -0.2441 0.3550 0.2033
v -0.2491 0.3992 0.2328
v -0.2350 0.4049 0.2436
v -0.2514 0.4180 0.3561
v -0.2490 0.4272 0.3502
v -0.2468 0.4391 0.2603
v -0.2412 0.4442 0.2728
v -0.2551 0.4471 0.2622
v -0.2585 0.4574 0.2755
v -0.2446 0.4519 0.2819
v -0.2398 0.4491 0.3130
v -0.2426 -0.9908 0.3501
v -0.2252 -0.9953 0.4495
v -0.2465 -0.9896 0.4352
v -0.2361 -0.9864 0.2948
v -0.2406 -0.9827 0.5138
v -0.2447 -0.9793 0.2840
v -0.2311 -0.9788 0.5406
v -0.2406 -0.9627 0.2553
v -0.2475 -0.9552 0.2736
v -0.2489 -0.9585 0.5273
v -0.2446 -0.9385 0.3938
v -0.2387 -0.9382 0.4624
v -0.2449 -0.9213 0.5214
v -0.2427 -0.9276 0.4789
v -0.2409 -0.8864 0.4691
v -0.2463 -0.7566 0.4464
v -0.2437 -0.7490 0.4433
v -0.2449 -0.7228 0.4380
v -0.2488 -0.7172 0.4967
v -0.2387 -0.7089 0.4322
v -0.2369 -0.6757 0.4259
v -0.2440 -0.6677 0.4943
v -0.2262 -0.6656 0.4240
v -0.2518 -0.6393 0.4893
v -0.2430 -0.6193 0.4202
v -0.2285 -0.5855 0.4104
v -0.2343 -0.5700 0.4084
v -0.2481 -0.5521 0.4791
v -0.2325 -0.5597 0.4073
v -0.2406 -0.5171 0.4743
v -0.2368 -0.5082 0.3994
v -0.2451 -0.4908 0.4712
v -0.2357 -0.4422 0.3898
v -0.2538 -0.4318 0.4641
v -0.2372 -0.4240 0.4625
v -0.2254 -0.4071 0.3887
v -0.2383 -0.3810 0.3791
v -0.2453 -0.3667 0.4558
v -0.2441 -0.3277 0.4497
v -0.2496 -0.3029 0.4468
v -0.2389 -0.2583 0.4405
v -0.2399 -0.2200 0.4334
v -0.2320 -0.2229 0.3583
v -0.2436 -0.1997 0.3504
v -0.2383 -0.1682 0.3478
v -0.2430 -0.1659 0.4265
v -0.2402 -0.1317 0.3426
v -0.2408 -0.1238 0.4203
v -0.2471 -0.1047 0.3364
v -0.2300 -0.0961 0.3463
v -0.2380 -0.0462 0.4061
v -0.2358 -0.0556 0.3331
v -0.2422 -0.0051 0.3999
v -0.2362 0.0035 0.3943
v -0.2419 0.1092 0.3067
v -0.2457 0.1188 0.3821
v -0.2401 0.1180 0.3776
v -0.2317 0.1218 0.3157
v -0.2486 0.1291 0.2995
v -0.2356 0.1616 0.3045
v -0.2378 0.1880 0.3651
v -0.2396 0.2018 0.2962
v -0.2472 0.2311 0.3647
v -0.2383 0.2321 0.3557
v -0.2427 0.2311 0.2904
v -0.2367 0.2473 0.2267
v -0.2439 0.2539 0.2172
v -0.2411 0.2528 0.1911
v -0.2430 0.2639 0.1859
v -0.2437 0.2686 0.2567
v -0.2447 0.2749 0.1845
v -0.2527 0.2553 0.3648
v -0.2423 0.2725 0.1798
v -0.2411 0.2886 0.1770
v -0.2410 0.3102 0.3436
v -0.2453 0.3340 0.3459
v -0.2549 0.3485 0.2044
v -0.2370 0.3524 0.2001
v -0.2279 0.3545 0.1996
v -0.2388 0.3998 0.3522
v -0.2407 0.4252 0.3448
v -0.2440 0.4253 0.3471
v -0.2391 0.4338 0.2626
v -0.2442 0.4464 0.3264
v -0.2407 0.4520 0.2950
v -0.2356 -0.9900 0.3176
v -0.2296 -0.9930 0.3343
v -0.2313 -0.9949 0.4090
v -0.2341 -0.9939 0.4200
v -0.2324 -0.9928 0.4552
v -0.2303 -0.9906 0.4839
v -0.2282 -0.9841 0.5237
v -0.2284 -0.9882 0.5057
v -0.2383 -0.9809 0.2776
v -0.2320 -0.9760 0.2546
v -0.2360 -0.9604 0.2501
v -0.2437 -0.9610 0.5403
v -0.2311 -0.9476 0.2735
v -0.2412 -0.9457 0.2930
v -0.2373 -0.9421 0.3137
v -0.2413 -0.9416 0.5259
v -0.2243 -0.9336 0.4144
v -0.2350 -0.9265 0.4702
v -0.2318 -0.9082 0.4682
v -0.2393 -0.8781 0.5221
v -0.2398 -0.8570 0.4621
v -0.2315 -0.8218 0.5185
v -0.2369 -0.8170 0.5161
v -0.2468 -0.8150 0.5107
v -0.2365 -0.8024 0.4492
v -0.2425 -0.7867 0.5103
v -0.2376 -0.7698 0.5100
v -0.2473 -0.7641 0.5044
v -0.2320 -0.7464 0.4393
v -0.2385 -0.7408 0.5052
v -0.2391 -0.7227 0.5020
v -0.2339 -0.6749 0.4258
v -0.2409 -0.6638 0.4953
v -0.2276 -0.6799 0.4260
v -0.2297 -0.6695 0.4975
v -0.2334 -0.6365 0.4927
v -0.2348 -0.5960 0.4143
v -0.2305 -0.5925 0.4133
v -0.2418 -0.5747 0.4846
v -0.2311 -0.5348 0.4045
v -0.2349 -0.5203 0.4015
v -0.2355 -0.4908 0.4714
v -0.2311 -0.4817 0.3951
v -0.2307 -0.4196 0.3886
v -0.2373 -0.4019 0.3838
v -0.2417 -0.3908 0.4589
v -0.2364 -0.3627 0.3766
v -0.2424 -0.3605 0.4552
v -0.2270 -0.3422 0.3779
v -0.2250 -0.3472 0.4477
v -0.2407 -0.2873 0.4438
v -0.2318 -0.2773 0.4398
v -0.2388 -0.2838 0.3657
v -0.2351 -0.2689 0.3638
v -0.2205 -0.2493 0.3695
v -0.2277 -0.2009 0.3597
v -0.2296 -0.1657 0.3526
v -0.2385 -0.1811 0.4265
v -0.2307 -0.1871 0.4230
v -0.2324 -0.1568 0.3496
v -0.2327 -0.1342 0.4185
v -0.2436 -0.1278 0.3404
v -0.2285 -0.1176 0.3494
v -0.2337 -0.1104 0.4144
v -0.2398 -0.0874 0.4141
v -0.2381 -0.0657 0.4091
v -0.2359 -0.0300 0.3287
v -0.2391 -0.0315 0.4034
v -0.2400 -0.0254 0.3252
v -0.2377 0.0313 0.3203
v -0.2292 0.0347 0.3823
v -0.2462 0.0350 0.3968
v -0.2334 0.0798 0.3170
v -0.2335 0.0737 0.3825
v -0.2359 0.1245 0.3097
v -0.2378 0.1517 0.3706
v -0.2428 0.1692 0.2973
v -0.2388 0.2032 0.3629
v -0.2335 0.2137 0.3534
v -0.2286 0.2317 0.3112
v -0.2365 0.2586 0.3481
v -0.2375 0.2464 0.1886
v -0.2355 0.2397 0.2020
v -0.2363 0.2528 0.1772
v -0.2346 0.2496 0.2338
v -0.2360 0.2612 0.2532
v -0.2297 0.2696 0.3000
v -0.2327 0.2708 0.2893
v -0.2438 0.2706 0.2678
v -0.2353 0.2682 0.1686
v -0.2338 0.2702 0.3418
v -0.2297 0.2841 0.1633
v -0.2441 0.3024 0.1824
v -0.2397 0.2833 0.3481
v -0.2444 0.2860 0.3522
v -0.2329 0.3016 0.3330
v -0.2368 0.3229 0.3359
v -0.2336 0.3633 0.3406
v -0.2410 0.3774 0.3510
v -0.2368 0.3975 0.2363
v -0.2323 0.3899 0.2319
v -0.2383 0.4049 0.3502
v -0.2356 0.4252 0.2587
v -0.2406 0.4392 0.3327
v -0.2351 0.4465 0.2905
v -0.2301 -0.9902 0.3102
v -0.2241 -0.9925 0.3205
v -0.2208 -0.9943 0.4537
v -0.2250 -0.9863 0.5153
v -0.2280 -0.9729 0.5529
v -0.2300 -0.9585 0.5536
v -0.2308 -0.9461 0.5354
v -0.2359 -0.9406 0.3329
v -0.2312 -0.9368 0.3775
v -0.2401 -0.9401 0.3559
v -0.2275 -0.9387 0.5335
v -0.2373 -0.9357 0.4070
v -0.2394 -0.9364 0.4229
v -0.2299 -0.9356 0.4338
v -0.2306 -0.9351 0.4619
v -0.2338 -0.9149 0.4703
v -0.2246 -0.8930 0.4631
v -0.2333 -0.8925 0.5281
v -0.2317 -0.8735 0.4618
v -0.2366 -0.8671 0.5228
v -0.2221 -0.8450 0.4564
v -0.2310 -0.8399 0.4560
v -0.2319 -0.7813 0.5139
v -0.2326 -0.7815 0.4444
v -0.2287 -0.7606 0.5099
v -0.2289 -0.7276 0.4355
v -0.2313 -0.7226 0.5032
v -0.2313 -0.6769 0.4982
v -0.2306 -0.6248 0.4199
v -0.2369 -0.5861 0.4868
v -0.2185 -0.5726 0.4803
v -0.2360 -0.5407 0.4781
v -0.2166 -0.5126 0.4065
v -0.2284 -0.4907 0.3976
v -0.2322 -0.4658 0.4684
v -0.2349 -0.4558 0.3912
v -0.2268 -0.4414 0.4627
v -0.2240 -0.4439 0.3940
v -0.2372 -0.4176 0.3857
v -0.2254 -0.4288 0.4593
v -0.2162 -0.3846 0.3904
v -0.2361 -0.3772 0.4568
v -0.2269 -0.3548 0.3794
v -0.2306 -0.3163 0.4444
v -0.2244 -0.3096 0.3767
v -0.2199 -0.3354 0.4416
v -0.2265 -0.2862 0.3721
v -0.2299 -0.2726 0.3672
v -0.2310 -0.2484 0.4356
v -0.2352 -0.2155 0.4307
v -0.2322 -0.1498 0.3485
v -0.2279 -0.1332 0.3506
v -0.2279 -0.1178 0.4116
v -0.2211 -0.0684 0.3531
v -0.2237 -0.0796 0.3991
v -0.2328 -0.0610 0.3363
v -0.2298 -0.0274 0.3333
v -0.2289 -0.0033 0.3326
v -0.2317 -0.0162 0.3949
v -0.2295 0.0048 0.3873
v -0.2300 0.0200 0.3854
v -0.2239 0.0304 0.3385
v -0.2313 0.0271 0.3271
v -0.2365 0.0511 0.3882
v -0.2316 0.0515 0.3222
v -0.2250 0.0424 0.3749
v -0.2370 0.0692 0.3860
v -0.2316 0.0659 0.3811
v -0.2310 0.0764 0.3190
v -0.2267 0.0821 0.3263
v -0.2288 0.1105 0.3633
v -0.2287 0.1164 0.3223
v -0.2339 0.1188 0.3704
v -0.2292 0.1227 0.3615
v -0.2277 0.1508 0.3563
v -0.2318 0.1622 0.3626
v -0.2309 0.1656 0.3091
v -0.2311 0.1741 0.3602
v -0.2279 0.1816 0.3127
v -0.2283 0.1867 0.3521
v -0.2281 0.1825 0.3120
v -0.2291 0.2044 0.3107
v -0.2312 0.1948 0.3555
v -0.2251 0.1927 0.3201
v -0.2265 0.2038 0.3418
v -0.2269 0.2134 0.3170
v -0.2241 0.2232 0.1747
v -0.2268 0.2260 0.1936
v -0.2280 0.2325 0.2105
v -0.2371 0.2355 0.2947
v -0.2291 0.2355 0.1737
v -0.2335 0.2594 0.2946
v -0.2313 0.2494 0.3397
v -0.2302 0.2495 0.2402
v -0.2293 0.2512 0.1640
v -0.2275 0.2730 0.3240
v -0.2284 0.2527 0.3317
v -0.2289 0.2674 0.1601
v -0.2307 0.2682 0.2676
v -0.2299 0.2739 0.2818
v -0.2268 0.2809 0.3075
v -0.2281 0.2710 0.3053
v -0.2297 0.2856 0.3290
v -0.2378 0.3272 0.1868
v -0.2326 0.3275 0.3289
v -0.2281 0.3728 0.3375
v -0.2293 0.3803 0.2224
v -0.2294 0.4062 0.2495
v -0.2339 0.4151 0.3435
v -0.2308 0.4255 0.3329
v -0.2343 0.4370 0.2728
v -0.2314 0.4426 0.3065
v -0.2127 -0.9957 0.3883
v -0.2255 -0.9955 0.3923
v -0.2085 -0.9951 0.4314
v -0.2178 -0.9934 0.4628
v -0.2203 -0.9867 0.5171
v -0.2256 -0.9724 0.2453
v -0.2278 -0.9689 0.5578
v -0.2262 -0.9591 0.2448
v -0.2193 -0.9594 0.5577
v -0.2187 -0.9471 0.2702
v -0.2192 -0.9363 0.4532
v -0.2250 -0.9364 0.5348
v -0.2266 -0.9203 0.5343
v -0.2215 -0.8849 0.4619
v -0.2272 -0.8488 0.5218
v -0.2103 -0.8388 0.4573
v -0.2140 -0.8123 0.4508
v -0.2270 -0.8013 0.5174
v -0.2189 -0.7746 0.4438
v -0.2195 -0.7737 0.5123
v -0.2200 -0.7575 0.5083
v -0.2160 -0.7434 0.4412
v -0.2159 -0.7255 0.4378
v -0.2319 -0.6957 0.5013
v -0.2242 -0.6813 0.4983
v -0.2234 -0.6726 0.4258
v -0.2184 -0.6184 0.4220
v -0.2250 -0.6045 0.4873
v -0.2247 -0.5979 0.4865
v -0.2248 -0.5918 0.4858
v -0.2282 -0.5600 0.4814
v -0.2207 -0.5345 0.4077
v -0.2288 -0.5225 0.4733
v -0.2289 -0.5140 0.4012
v -0.2239 -0.4900 0.4681
v -0.2174 -0.4262 0.3968
v -0.2204 -0.4015 0.3918
v -0.2338 -0.4231 0.4620
v -0.2202 -0.3778 0.4491
v -0.2255 -0.2283 0.4271
v -0.2205 -0.2264 0.3693
v -0.2236 -0.2130 0.3641
v -0.2232 -0.2054 0.4190
v -0.2276 -0.1640 0.4194
v -0.2186 -0.1628 0.3651
v -0.2185 -0.1486 0.3631
v -0.2218 -0.1242 0.4067
v -0.2262 -0.1411 0.4152
v -0.2219 -0.1028 0.4004
v -0.2201 -0.0952 0.3610
v -0.2260 -0.0926 0.4038
v -0.2228 -0.0797 0.3965
v -0.2236 -0.0557 0.3461
v -0.2173 -0.0418 0.3576
v -0.2272 -0.0403 0.3969
v -0.2247 -0.0332 0.3916
v -0.2254 -0.0272 0.3371
v -0.2226 -0.0153 0.3820
v -0.2242 -0.0063 0.3832
v -0.2261 0.0032 0.3360
v -0.2195 0.0116 0.3526
v -0.2253 0.0180 0.3776
v -0.2222 0.0656 0.3397
v -0.2215 0.0539 0.3441
v -0.2254 0.0678 0.3696
v -0.2249 0.0742 0.3666
v -0.2220 0.0768 0.3535
v -0.2224 0.0767 0.3386
v -0.2300 0.0887 0.3730
v -0.2266 0.1131 0.3278
v -0.2243 0.1087 0.3438
v -0.2246 0.1268 0.3429
v -0.2228 0.1667 0.3341
v -0.2279 0.1388 0.3199
v -0.2260 0.1364 0.3507
v -0.2320 0.1499 0.3649
v -0.2249 0.1451 0.3470
v -0.2233 0.1669 0.3424
v -0.2228 0.1922 0.3243
v -0.2247 0.1736 0.3455
v -0.2240 0.1787 0.3422
v -0.2254 0.2071 0.3270
v -0.2258 0.2088 0.3337
v -0.2280 0.2362 0.3321
v -0.2278 0.2329 0.2129
v -0.2281 0.2147 0.3409
v -0.2167 0.2156 0.2046
v -0.2236 0.2359 0.1610
v -0.2274 0.2382 0.3248
v -0.2216 0.2347 0.2272
v -0.2238 0.2490 0.1563
v -0.2255 0.2494 0.2450
v -0.2274 0.2590 0.3219
v -0.2240 0.2750 0.2777
v -0.2272 0.2651 0.3116
v -0.2177 0.2751 0.1505
v -0.2205 0.2769 0.1534
v -0.2241 0.2960 0.1625
v -0.2235 0.2847 0.2891
v -0.2226 0.2998 0.3024
v -0.2259 0.3185 0.1756
v -0.2249 0.3005 0.3073
v -0.2296 0.3433 0.3282
v -0.2193 0.3483 0.1955
v -0.2240 0.3318 0.3150
v -0.2220 0.3728 0.3295
v -0.2252 0.3724 0.2157
v -0.2269 0.3849 0.3395
v -0.2140 0.3819 0.2352
v -0.2179 0.3862 0.2384
v -0.2235 0.3915 0.2400
v -0.2173 0.3911 0.2472
v -0.2189 0.3990 0.2561
v -0.2280 0.4140 0.3366
v -0.2225 0.4130 0.2648
v -0.2286 0.4218 0.2640
v -0.2277 0.4301 0.2749
v -0.2263 0.4283 0.3219
v -0.2208 0.4272 0.2934
v -0.2247 0.4312 0.3129
v -0.2189 -0.9958 0.4059
v -0.2166 -0.9910 0.4850
v -0.2156 -0.9894 0.4963
v -0.2237 -0.9787 0.5456
v -0.2127 -0.9703 0.5577
v -0.2113 -0.9487 0.5399
v -0.2097 -0.9473 0.2738
v -0.2130 -0.9407 0.3059
v -0.2217 -0.9414 0.2960
v -0.2194 -0.9344 0.3985
v -0.2159 -0.9313 0.4642
v -0.2142 -0.9254 0.5339
v -0.2136 -0.8927 0.4643
v -0.2163 -0.8573 0.5230
v -0.2239 -0.8128 0.4486
v -0.2202 -0.8008 0.4467
v -0.2219 -0.7936 0.5168
v -0.2048 -0.7925 0.5098
v -0.2052 -0.7795 0.4507
v -0.2146 -0.7394 0.5022
v -0.2139 -0.7352 0.5020
v -0.2222 -0.7054 0.4311
v -0.2094 -0.6555 0.4317
v -0.2161 -0.6301 0.4247
v -0.2332 -0.6347 0.4927
v -0.2194 -0.6272 0.4876
v -0.2170 -0.6239 0.4860
v -0.2166 -0.5988 0.4195
v -0.2153 -0.5792 0.4159
v -0.2162 -0.5546 0.4744
v -0.2116 -0.5328 0.4134
v -0.2184 -0.4866 0.4012
v -0.2140 -0.4762 0.4608
v -0.2093 -0.4697 0.4064
v -0.2167 -0.4613 0.3988
v -0.2091 -0.3939 0.4027
v -0.2177 -0.4037 0.4506
v -0.2198 -0.3625 0.3843
v -0.2202 -0.3580 0.4465
v -0.2146 -0.3619 0.3892
v -0.2138 -0.3530 0.4395
v -0.2201 -0.3135 0.4375
v -0.2165 -0.3010 0.4314
v -0.2184 -0.3015 0.3812
v -0.2134 -0.2668 0.3819
v -0.2190 -0.2719 0.4306
v -0.2126 -0.2536 0.3812
v -0.2186 -0.2664 0.3749
v -0.2201 -0.2629 0.4311
v -0.2119 -0.2440 0.3836
v -0.2176 -0.2595 0.4271
v -0.2162 -0.2472 0.4224
v -0.2134 -0.2178 0.3829
v -0.2242 -0.2197 0.4236
v -0.2163 -0.2050 0.4089
v -0.2132 -0.1869 0.3847
v -0.2215 -0.1836 0.3637
v -0.2167 -0.1935 0.3743
v -0.2229 -0.1883 0.4163
v -0.2206 -0.1769 0.4123
v -0.2186 -0.1645 0.4094
v -0.2186 -0.1462 0.4075
v -0.2170 -0.1242 0.3677
v -0.2170 -0.1370 0.4023
v -0.2144 -0.1392 0.3715
v -0.2163 -0.1020 0.3855
v -0.2194 -0.1045 0.3632
v -0.2185 -0.0899 0.3885
v -0.2203 -0.0972 0.3955
v -0.2181 -0.0768 0.3838
v -0.2164 -0.0549 0.3722
v -0.2209 -0.0552 0.3891
v -0.2162 -0.0480 0.3703
v -0.2190 -0.0328 0.3514
v -0.2174 -0.0233 0.3688
v -0.2179 -0.0386 0.3796
v -0.2187 -0.0098 0.3535
v -0.2209 -0.0127 0.3768
v -0.2201 0.0048 0.3545
v -0.2197 0.0039 0.3624
v -0.2192 -0.0108 0.3695
v -0.2228 0.0222 0.3710
v -0.2210 0.0494 0.3531
v -0.2209 0.0305 0.3547
v -0.2217 0.0618 0.3595
v -0.2146 0.2038 0.1715
v -0.2127 0.2026 0.1873
v -0.2180 0.2130 0.1677
v -0.2145 0.2238 0.2204
v -0.2193 0.2302 0.1556
v -0.2150 0.2405 0.2412
v -0.2183 0.2454 0.1500
v -0.2153 0.2553 0.1459
v -0.2248 0.2569 0.2558
v -0.2138 0.2994 0.1584
v -0.2142 0.3324 0.3027
v -0.2165 0.3405 0.3075
v -0.2165 0.3612 0.2072
v -0.2172 0.3685 0.3195
v -0.2103 0.3720 0.2233
v -0.2157 0.3873 0.3226
v -0.2145 0.4018 0.3178
v -0.2221 0.4053 0.3316
v -0.2161 0.4014 0.2648
v -0.2210 0.4185 0.3210
v -0.2163 0.4143 0.2823
v -0.2247 0.4330 0.2887
v -0.2197 0.4254 0.3029
v -0.2094 -0.9919 0.3239
v -0.2131 -0.9931 0.3346
v -0.2117 -0.9954 0.4076
v -0.2031 -0.9864 0.5030
v -0.2158 -0.9832 0.2698
v -0.2107 -0.9800 0.2642
v -0.2046 -0.9655 0.2483
v -0.2128 -0.9659 0.5574
v -0.2116 -0.9616 0.2446
v -0.2106 -0.9565 0.5507
v -0.2040 -0.9432 0.5302
v -0.2238 -0.9400 0.3143
v -0.2161 -0.9382 0.3572
v -0.2100 -0.9356 0.3899
v -0.2089 -0.9353 0.4308
v -0.2047 -0.9354 0.4056
v -0.2161 -0.9077 0.5332
v -0.2171 -0.8825 0.5289
v -0.2131 -0.8773 0.4624
v -0.2154 -0.8211 0.5176
v -0.2067 -0.8233 0.4568
v -0.2033 -0.8147 0.5108
v -0.1961 -0.7917 0.4605
v -0.2091 -0.7733 0.4480
v -0.2079 -0.7545 0.5017
v -0.2145 -0.7109 0.4982
v -0.2139 -0.6883 0.4954
v -0.2115 -0.6875 0.4321
v -0.2159 -0.6532 0.4903
v -0.2149 -0.6131 0.4839
v -0.2078 -0.5873 0.4750
v -0.2207 -0.5838 0.4836
v -0.2103 -0.5670 0.4729
v -0.2150 -0.5608 0.4136
v -0.2171 -0.5354 0.4703
v -0.2128 -0.5348 0.4664
v -0.2123 -0.5056 0.4090
v -0.2148 -0.4913 0.4624
v -0.2122 -0.4892 0.4061
v -0.2119 -0.4689 0.4043
v -0.2182 -0.4649 0.4625
v -0.2117 -0.4549 0.4541
v -0.2119 -0.4522 0.4032
v -0.2147 -0.4219 0.4495
v -0.2064 -0.4123 0.4137
v -0.2165 -0.3833 0.4479
v -0.2119 -0.3719 0.3945
v -0.2176 -0.3706 0.4462
v -0.2062 -0.3624 0.4039
v -0.2105 -0.3675 0.4370
v -0.2124 -0.3577 0.3905
v -0.2163 -0.3432 0.4410
v -0.2120 -0.3335 0.3913
v -0.2111 -0.3106 0.4248
v -0.2081 -0.3073 0.3996
v -0.2099 -0.3010 0.3940
v -0.2097 -0.2918 0.4185
v -0.2221 -0.2844 0.4354
v -0.2160 -0.2784 0.4281
v -0.2096 -0.2712 0.3921
v -0.2098 -0.2684 0.4149
v -0.2092 -0.2572 0.4112
v -0.2140 -0.2497 0.4190
v -0.2106 -0.2326 0.4015
v -0.2158 -0.2275 0.4150
v -0.2118 -0.2221 0.3981
v -0.2160 -0.1888 0.4047
v -0.2142 -0.1867 0.3987
v -0.2114 -0.1516 0.3851
v -0.2135 -0.1733 0.3960
v -0.2123 -0.1567 0.3798
v -0.2144 -0.1323 0.3923
v -0.2157 -0.1105 0.3856
v -0.2107 0.2044 0.1979
v -0.2144 0.2089 0.1618
v -0.2143 0.2094 0.1981
v -0.2138 0.2261 0.1486
v -0.2129 0.2123 0.1535
v -0.2100 0.2377 0.1411
v -0.2121 0.2606 0.2640
v -0.2125 0.2638 0.1444
v -0.2066 0.2787 0.2779
v -0.2103 0.2931 0.1534
v -0.2211 0.3292 0.1815
v -0.2153 0.3480 0.3080
v -0.2108 0.3646 0.3055
v -0.2071 0.3617 0.2122
v -0.2083 0.3824 0.3000
v -0.2095 0.3828 0.2456
v -0.2082 0.3874 0.2617
v -0.2122 0.3954 0.2673
v -0.2101 0.3992 0.2876
v -0.2122 0.4056 0.3004
v -0.2129 0.4003 0.3106
v -0.2026 -0.9938 0.4006
v -0.1932 -0.9903 0.4279
v -0.2032 -0.9911 0.4659
v -0.2086 -0.9905 0.3097
v -0.2086 -0.9741 0.2525
v -0.2022 -0.9771 0.5378
v -0.2075 -0.9548 0.2562
v -0.2053 -0.9415 0.3168
v -0.2074 -0.9399 0.3453
v -0.2043 -0.9356 0.4231
v -0.2141 -0.9180 0.4668
v -0.2085 -0.9233 0.5322
v -0.2029 -0.9174 0.4731
v -0.1967 -0.9064 0.5226
v -0.2041 -0.9097 0.4711
v -0.2072 -0.8649 0.5209
v -0.2024 -0.7925 0.5068
v -0.2077 -0.7475 0.4450
v -0.2029 -0.7755 0.5038
v -0.2059 -0.7346 0.4953
v -0.2057 -0.7123 0.4425
v -0.2053 -0.7133 0.4911
v -0.2055 -0.6956 0.4391
v -0.2078 -0.6772 0.4893
v -0.2084 -0.6717 0.4331
v -0.2078 -0.6457 0.4829
v -0.1997 -0.6097 0.4423
v -0.2038 -0.6229 0.4738
v -0.2048 -0.6208 0.4749
v -0.2036 -0.6141 0.4345
v -0.2150 -0.5996 0.4205
v -0.1984 -0.5783 0.4401
v -0.2034 -0.6012 0.4707
v -0.2036 -0.5805 0.4680
v -0.2031 -0.5722 0.4279
v -0.2029 -0.5614 0.4612
v -0.2099 -0.5491 0.4674
v -0.2137 -0.5200 0.4646
v -0.2021 -0.4941 0.4219
v -0.2076 -0.5042 0.4552
v -0.2119 -0.4850 0.4594
v -0.2037 -0.4823 0.4174
v -0.2042 -0.4569 0.4424
v -0.2024 -0.4593 0.4213
v -0.2039 -0.4559 0.4166
v -0.2041 -0.4372 0.4200
v -0.2116 -0.4504 0.4537
v -0.2065 -0.4253 0.4358
v -0.2069 -0.4374 0.4410
v -0.2078 -0.4394 0.4437
v -0.2061 -0.4041 0.4286
v -0.2090 -0.4032 0.4371
v -0.2049 -0.3684 0.4230
v -0.2064 -0.3768 0.4280
v -0.2043 -0.3611 0.4172
v -0.2052 -0.3391 0.4215
v -0.2057 -0.3353 0.4160
v -0.2051 -0.3402 0.4126
v -0.2069 -0.3192 0.4092
v -0.2075 -0.3047 0.4075
v -0.2078 -0.2813 0.4071
v -0.2082 -0.2768 0.4085
v -0.2081 -0.2663 0.4023
v -0.2090 -0.2538 0.3938
v -0.2065 0.1900 0.1702
v -0.2040 0.1872 0.1744
v -0.2048 0.1946 0.1926
v -0.2061 0.1943 0.1518
v -0.2075 0.1988 0.1518
v -0.2069 0.2113 0.1421
v -0.2038 0.2187 0.2250
v -0.2081 0.2345 0.2387
v -0.2077 0.2463 0.2511
v -0.1931 0.2607 0.2642
v -0.1946 0.2927 0.2802
v -0.2164 0.2992 0.2949
v -0.2109 0.3117 0.1653
v -0.2035 0.3280 0.1784
v -0.2055 0.3479 0.1974
v -0.2041 0.3480 0.1979
v -0.2063 0.3625 0.2959
v -0.2058 0.3721 0.2923
v -0.2049 0.3808 0.2760
v -0.2057 0.3803 0.2848
v -0.1941 -0.9903 0.3673
v -0.1860 -0.9854 0.3411
v -0.2028 -0.9846 0.5118
v -0.1925 -0.9781 0.2841
v -0.2051 -0.9715 0.5494
v -0.2020 -0.9639 0.5498
v -0.2030 -0.9440 0.2944
v -0.1999 -0.9428 0.3168
v -0.2015 -0.9409 0.3450
v -0.1948 -0.9409 0.3689
v -0.2063 -0.9375 0.4551
v -0.2011 -0.9373 0.4670
v -0.2015 -0.8834 0.4694
v -0.1960 -0.8618 0.4735
v -0.1987 -0.8534 0.5114
v -0.2027 -0.8626 0.4658
v -0.1955 -0.8380 0.4711
v -0.2029 -0.8450 0.5137
v -0.1978 -0.8387 0.5078
v -0.1994 -0.8121 0.4613
v -0.2033 -0.7889 0.5077
v -0.2005 -0.7792 0.5020
v -0.1997 -0.7471 0.4552
v -0.1999 -0.7322 0.4868
v -0.1966 -0.7202 0.4611
v -0.2034 -0.7184 0.4453
v -0.1983 -0.7030 0.4487
v -0.2041 -0.6914 0.4873
v -0.2032 -0.6820 0.4847
v -0.1980 -0.6773 0.4486
v -0.1990 -0.6659 0.4735
v -0.2012 -0.6520 0.4743
v -0.2023 -0.6553 0.4403
v -0.1991 -0.6485 0.4714
v -0.1980 -0.6324 0.4601
v -0.1993 -0.6013 0.4606
v -0.1984 -0.5883 0.4544
v -0.1996 -0.5964 0.4613
v -0.1981 -0.5879 0.4510
v -0.1990 -0.5643 0.4436
v -0.1994 -0.5480 0.4369
v -0.2002 -0.5533 0.4495
v -0.2026 -0.5465 0.4549
v -0.2008 -0.5320 0.4373
v -0.2033 -0.5241 0.4251
v -0.2035 -0.5341 0.4533
v -0.2022 -0.5207 0.4460
v -0.2014 -0.5127 0.4403
v -0.2037 -0.5109 0.4493
v -0.2008 -0.4931 0.4368
v -0.2003 -0.4824 0.4312
v -0.2042 -0.4824 0.4479
v -0.2030 -0.4573 0.4377
v -0.2030 -0.4489 0.4321
v -0.1994 0.1818 0.1494
v -0.2016 0.1989 0.2044
v -0.2021 0.2033 0.1368
v -0.1993 0.1988 0.1328
v -0.2014 0.2070 0.2144
v -0.2024 0.2132 0.2203
v -0.1914 0.2240 0.1201
v -0.1963 0.2265 0.2370
v -0.1973 0.2410 0.2486
v -0.1947 0.2426 0.2504
v -0.1996 0.2489 0.1321
v -0.2117 0.2937 0.2883
v -0.1931 0.2981 0.1521
v -0.1969 0.3108 0.1627
v -0.2028 0.3170 0.2910
v -0.1925 0.3211 0.1726
v -0.2122 0.3391 0.1875
v -0.2014 0.3436 0.2913
v -0.2067 0.3550 0.2966
v -0.1958 0.3509 0.2060
v -0.2003 0.3642 0.2836
v -0.2075 0.3762 0.2331
v -0.2055 0.3820 0.2570
v -0.1956 -0.9903 0.3528
v -0.1851 -0.9861 0.3645
v -0.1867 -0.9858 0.4495
v -0.2105 -0.9870 0.2847
v -0.1936 -0.9866 0.3176
v -0.2004 -0.9892 0.4770
v -0.1868 -0.9794 0.4952
v -0.1927 -0.9733 0.5301
v -0.1948 -0.9758 0.5270
v -0.1950 -0.9707 0.2648
v -0.1936 -0.9569 0.2703
v -0.1932 -0.9595 0.5324
v -0.1962 -0.9620 0.5395
v -0.1960 -0.9534 0.2735
v -0.1963 -0.9487 0.2868
v -0.1938 -0.9487 0.5215
v -0.1882 -0.9423 0.3820
v -0.1934 -0.9422 0.4679
v -0.1869 -0.9476 0.4787
v -0.1977 -0.9393 0.3776
v -0.1925 -0.9394 0.3889
v -0.1990 -0.9389 0.4445
v -0.1934 -0.9371 0.4790
v -0.1885 -0.9418 0.4873
v -0.1925 -0.9208 0.5175
v -0.1992 -0.9206 0.5261
v -0.1938 -0.9133 0.4828
v -0.2020 -0.8832 0.5223
v -0.1911 -0.8719 0.4852
v -0.1928 -0.8936 0.4823
v -0.1921 -0.8584 0.5006
v -0.1976 -0.8716 0.5143
v -0.1954 -0.8474 0.5053
v -0.1911 -0.8367 0.4824
v -0.1911 -0.8117 0.4779
v -0.1937 -0.8449 0.5025
v -0.1939 -0.7958 0.4958
v -0.1921 -0.8078 0.4734
v -0.1954 -0.7825 0.4942
v -0.1925 -0.7786 0.4845
v -0.1926 -0.7638 0.4713
v -0.1949 -0.7524 0.4842
v -0.1956 -0.7435 0.4770
v -0.1961 -0.7337 0.4657
v -0.1970 -0.7215 0.4762
v -0.1972 -0.7193 0.4777
v -0.1965 -0.7007 0.4711
v -0.1983 -0.7080 0.4791
v -0.1954 -0.7055 0.4620
v -0.1980 -0.6822 0.4748
v -0.1966 -0.6670 0.4627
v -0.1978 -0.6434 0.4543
v -0.1924 0.1745 0.1371
v -0.1973 0.1775 0.1526
v -0.1882 0.1646 0.1584
v -0.1957 0.1773 0.1752
v -0.1951 0.1786 0.1392
v -0.1953 0.1813 0.1857
v -0.1953 0.1893 0.1299
v -0.1907 0.1942 0.2093
v -0.1896 0.1929 0.1183
v -0.1926 0.2219 0.2342
v -0.1854 0.2708 0.2669
v -0.2028 0.2791 0.1430
v -0.1927 0.3413 0.1952
v -0.1885 0.3507 0.2702
v -0.1917 0.3532 0.2139
v -0.1935 0.3572 0.2742
v -0.1955 0.3595 0.2200
v -0.1898 0.3587 0.2304
v -0.1903 0.3618 0.2492
v -0.1954 0.3673 0.2633
v -0.1928 -0.9904 0.3971
v -0.1796 -0.9825 0.3918
v -0.1887 -0.9854 0.4667
v -0.1863 -0.9710 0.5144
v -0.1898 -0.9616 0.2743
v -0.1879 -0.9676 0.5212
v -0.1851 -0.9657 0.2836
v -0.1858 -0.9588 0.5142
v -0.1896 -0.9472 0.3162
v -0.1895 -0.9416 0.3833
v -0.1839 -0.9440 0.3920
v -0.1885 -0.9408 0.4128
v -0.1878 -0.9418 0.4261
v -0.1819 -0.9465 0.4407
v -0.1886 -0.9344 0.5008
v -0.1928 -0.9431 0.5159
v -0.1890 -0.9207 0.5061
v -0.1894 -0.9061 0.4934
v -0.1905 -0.9106 0.5098
v -0.1912 -0.8921 0.5084
v -0.1893 -0.8957 0.4948
v -0.1918 -0.8757 0.5047
v -0.1902 -0.8768 0.4896
v -0.1912 -0.8283 0.4897
v -0.1915 -0.8124 0.4909
v -0.1915 -0.7963 0.4804
v -0.1918 -0.7877 0.4832
v -0.1881 0.1654 0.1375
v -0.1866 0.1686 0.1757
v -0.1889 0.1751 0.1256
v -0.1861 0.2070 0.1129
v -0.1893 0.2068 0.2227
v -0.1884 0.2327 0.1201
v -0.1863 0.2539 0.1253
v -0.1904 0.2499 0.2558
v -0.1868 0.2578 0.2604
v -0.1877 0.2755 0.1360
v -0.1827 0.2747 0.1350
v -0.1949 0.2839 0.2769
v -0.1900 0.3275 0.1802
v -0.1905 0.3382 0.2799
v -0.1799 0.3408 0.2057
v -0.1859 0.3540 0.2563
v -0.1815 -0.9830 0.4298
v -0.1779 -0.9774 0.4652
v -0.1816 -0.9627 0.2963
v -0.1800 -0.9770 0.3220
v -0.1758 -0.9681 0.4814
v -0.1801 -0.9679 0.4971
v -0.1847 -0.9737 0.2942
v -0.1896 -0.9513 0.2916
v -0.1830 -0.9518 0.4864
v -0.1845 -0.9528 0.5002
v -0.1843 -0.9555 0.5046
v -0.1839 -0.9480 0.3395
v -0.1815 -0.9487 0.3508
v -0.1805 -0.9493 0.4519
v -0.1828 0.1561 0.1384
v -0.1804 0.1574 0.1631
v -0.1823 0.1589 0.1247
v -0.1817 0.1669 0.1806
v -0.1841 0.1786 0.1134
v -0.1887 0.1809 0.1948
v -0.1821 0.1752 0.1103
v -0.1798 0.1825 0.2037
v -0.1763 0.1886 0.0998
v -0.1881 0.1945 0.2117
v -0.1786 0.1975 0.2191
v -0.1798 0.2137 0.2317
v -0.1739 0.2280 0.1066
v -0.1729 0.2457 0.2515
v -0.1800 0.2337 0.1136
v -0.1778 0.2885 0.1443
v -0.1818 0.3070 0.1602
v -0.1899 0.3149 0.2815
v -0.1806 0.3249 0.1812
v -0.1923 0.3304 0.2834
v -0.1814 0.3358 0.2676
v -0.1842 0.3482 0.2145
v -0.1811 0.3496 0.2275
v -0.1810 0.3501 0.2447
v -0.1845 0.3527 0.2532
v -0.1765 -0.9781 0.3515
v -0.1749 -0.9749 0.4442
v -0.1732 -0.9744 0.4168
v -0.1732 -0.9699 0.4549
v -0.1797 -0.9682 0.3052
v -0.1752 -0.9748 0.3403
v -0.1796 -0.9575 0.3099
v -0.1756 -0.9619 0.3258
v -0.1740 -0.9589 0.3391
v -0.1743 -0.9590 0.4605
v -0.1781 -0.9629 0.4885
v -0.1759 -0.9516 0.3579
v -0.1739 -0.9543 0.3677
v -0.1727 -0.9589 0.4512
v -0.1746 -0.9564 0.4531
v -0.1747 -0.9526 0.3729
v -0.1743 -0.9526 0.3774
v -0.1747 -0.9509 0.4052
v -0.1742 -0.9524 0.4163
v -0.1743 -0.9529 0.4259
v -0.1755 0.1439 0.1335
v -0.1787 0.1519 0.1526
v -0.1771 0.1483 0.1229
v -0.1744 0.1598 0.1783
v -0.1791 0.1577 0.1149
v -0.1788 0.1744 0.1047
v -0.1740 0.1739 0.1974
v -0.1571 0.2238 0.2370
v -0.1724 0.2493 0.1167
v -0.1779 0.2819 0.2666
v -0.1807 0.3168 0.2726
v -0.1765 0.3268 0.2647
v -0.1719 0.3277 0.1926
v -0.1779 0.3355 0.1990
v -0.1762 0.3355 0.2579
v -0.1801 0.3439 0.2575
v -0.1749 0.3431 0.2270
v -0.1733 -0.9766 0.3592
v -0.1713 -0.9728 0.3908
v -0.1705 -0.9661 0.4198
v -0.1723 -0.9632 0.3468
v -0.1702 -0.9629 0.3720
v -0.1695 -0.9624 0.4133
v -0.1717 -0.9580 0.4257
v -0.1681 0.1305 0.1273
v -0.1667 0.1309 0.1383
v -0.1657 0.1350 0.1500
v -0.1690 0.1328 0.1152
v -0.1689 0.1421 0.1564
v -0.1696 0.1398 0.1042
v -0.1680 0.1444 0.1621
v -0.1684 0.1533 0.1751
v -0.1703 0.1559 0.0950
v -0.1683 0.1649 0.1905
v -0.1732 0.1714 0.1951
v -0.1666 0.1712 0.0875
v -0.1621 0.1818 0.0840
v -0.1598 0.2023 0.0868
v -0.1623 0.1935 0.2193
v -0.1531 0.2177 0.0891
v -0.1730 0.2122 0.1006
v -0.1770 0.2200 0.2373
v -0.1700 0.2392 0.1102
v -0.1760 0.2537 0.2552
v -0.1663 0.2955 0.1537
v -0.1756 0.3028 0.2684
v -0.1692 0.3087 0.1678
v -0.1686 0.3193 0.2564
v -0.1676 0.3076 0.1664
v -0.1677 0.3202 0.1856
v -0.1688 0.3309 0.2461
v -0.1694 0.3371 0.2211
v -0.1699 0.3370 0.2359
v -0.1712 0.3315 0.2515
v -0.1768 0.3456 0.2402
v -0.1620 0.1192 0.1171
v -0.1622 0.1299 0.0915
v -0.1641 0.1253 0.1037
v -0.1647 0.1453 0.0886
v -0.1610 0.1497 0.1774
v -0.1600 0.1554 0.0795
v -0.1716 0.1778 0.2030
v -0.1707 0.2061 0.2277
v -0.1601 0.2240 0.0968
v -0.1528 0.2133 0.2309
v -0.1614 0.2314 0.1016
v -0.1730 0.2636 0.1257
v -0.1619 0.2645 0.2517
v -0.1673 0.2840 0.1414
v -0.1696 0.2889 0.2613
v -0.1633 0.3161 0.1834
v -0.1625 0.3178 0.2458
v -0.1630 0.3234 0.1990
v -0.1624 0.3262 0.2070
v -0.1640 0.3286 0.2348
v -0.1574 0.1143 0.0958
v -0.1555 0.1117 0.1268
v -0.1557 0.1195 0.1422
v -0.1569 0.1281 0.0806
v -0.1594 0.1425 0.0802
v -0.1529 0.1390 0.1713
v -0.1579 0.1593 0.1900
v -0.1571 0.1753 0.2053
v -0.1610 0.2401 0.2445
v -0.1632 0.2979 0.2544
v -0.1608 0.3078 0.2489
v -0.1561 0.3111 0.2376
v -0.1594 0.3197 0.2369
v -0.1560 0.3152 0.1966
v -0.1587 0.3228 0.2249
v -0.1523 0.1044 0.1138
v -0.1509 0.1073 0.0845
v -0.1550 0.1110 0.0902
v -0.1544 0.1298 0.1589
v -0.1529 0.1285 0.0733
v -0.1545 0.1813 0.0775
v -0.1521 0.1896 0.2165
v -0.1418 0.1983 0.0761
v -0.1322 0.2357 0.0993
v -0.1542 0.2698 0.1302
v -0.1507 0.2733 0.1351
v -0.1522 0.2738 0.2447
v -0.1527 0.2811 0.1434
v -0.1520 0.2891 0.2420
v -0.1563 0.2957 0.1602
v -0.1462 0.2939 0.1695
v -0.1510 0.3022 0.2336
v -0.1537 0.2991 0.2406
v -0.1552 0.3099 0.1857
v -0.1511 0.3069 0.2290
v -0.1469 0.3046 0.1955
v -0.1537 0.3159 0.2097
v -0.1581 0.3229 0.2208
v -0.1445 0.0969 0.0823
v -0.1464 0.0955 0.1060
v -0.1478 0.0979 0.0974
v -0.1439 0.0984 0.1246
v -0.1486 0.1188 0.0705
v -0.1371 0.1205 0.1618
v -0.1463 0.1173 0.0662
v -0.1462 0.1348 0.0632
v -0.1437 0.1335 0.1713
v -0.1472 0.1498 0.1850
v -0.1515 0.1715 0.0727
v -0.1329 0.2316 0.2288
v -0.1523 0.2349 0.1005
v -0.1530 0.2434 0.1065
v -0.1577 0.2586 0.1197
v -0.1426 0.2564 0.1184
v -0.1474 0.2602 0.2412
v -0.1372 0.2689 0.1356
v -0.1494 0.2817 0.2400
v -0.1490 0.2850 0.1504
v -0.1460 0.2994 0.2240
v -0.1339 0.0815 0.1083
v -0.1420 0.0985 0.0718
v -0.1418 0.1000 0.1319
v -0.1428 0.1034 0.0694
v -0.1405 0.1121 0.0598
v -0.1398 0.1224 0.0562
v -0.1460 0.1154 0.1493
v -0.1380 0.1310 0.0539
v -0.1317 0.1426 0.0499
v -0.1427 0.1567 0.0620
v -0.1347 0.1535 0.1906
v -0.1458 0.1928 0.0759
v -0.1387 0.1854 0.2121
v -0.1486 0.2022 0.2242
v -0.1287 0.1854 0.2095
v -0.1352 0.2594 0.1242
v -0.1396 0.2663 0.2321
v -0.1377 0.2823 0.1587
v -0.1413 0.2837 0.2275
v -0.1375 0.2889 0.1770
v -0.1431 0.2995 0.2078
v -0.1350 0.0819 0.0776
v -0.1354 0.0807 0.0952
v -0.1320 0.0817 0.1135
v -0.1340 0.0894 0.0626
v -0.1366 0.0879 0.0721
v -0.1373 0.1149 0.0526
v -0.1316 0.1122 0.1563
v -0.1264 0.1705 0.0564
v -0.1162 0.1666 0.1973
v -0.1327 0.1777 0.0631
v -0.1374 0.1711 0.2034
v -0.1438 0.2159 0.0859
v -0.1224 0.2001 0.0718
v -0.1440 0.2299 0.0950
v -0.1424 0.2356 0.2350
v -0.1326 0.2678 0.2216
v -0.1367 0.2756 0.1468
v -0.1355 0.2809 0.1591
v -0.1305 0.2795 0.1668
v -0.1369 0.2759 0.2247
v -0.1364 0.2904 0.2029
v -0.1392 0.2907 0.2143
v -0.1261 0.0669 0.0774
v -0.1229 0.0631 0.0892
v -0.1239 0.0680 0.1013
v -0.1259 0.0757 0.0543
v -0.1301 0.0774 0.0664
v -0.1276 0.0955 0.0450
v -0.1258 0.0859 0.1304
v -0.1340 0.1010 0.1421
v -0.1287 0.1086 0.0435
v -0.1399 0.1453 0.1833
v -0.1125 0.1241 0.0297
v -0.1305 0.1509 0.0517
v -0.1177 0.1541 0.1903
v -0.1263 0.1868 0.0649
v -0.1351 0.2149 0.2247
v -0.1371 0.2501 0.2327
v -0.1240 0.2522 0.1210
v -0.1267 0.2616 0.2156
v -0.1283 0.2682 0.2139
v -0.1261 0.2690 0.1467
v -0.1287 0.2774 0.2018
v -0.1238 0.2738 0.1696
v -0.1346 0.2874 0.1858
v -0.1213 0.0666 0.0496
v -0.1182 0.0552 0.0595
v -0.1192 0.0929 0.1435
v -0.1251 0.1031 0.1504
v -0.1287 0.1158 0.0430
v -0.1148 0.1187 0.0299
v -0.1214 0.1286 0.1732
v -0.1029 0.1413 0.1798
v -0.1192 0.1661 0.0512
v -0.1225 0.2403 0.1069
v -0.1213 0.2487 0.2135
v -0.1227 0.2576 0.2113
v -0.1240 0.2636 0.1391
v -0.1175 0.2652 0.1553
v -0.1219 0.2714 0.1882
v -0.1225 0.2673 0.2009
v -0.1283 0.2791 0.1939
v -0.1099 0.0400 0.0632
v -0.1177 0.0532 0.0721
v -0.1162 0.0524 0.0812
v -0.1138 0.0520 0.0417
v -0.1215 0.0703 0.1117
v -0.1180 0.0643 0.0419
v -0.1203 0.0810 0.0374
v -0.1154 0.1561 0.0444
v -0.1229 0.1964 0.2117
v -0.1285 0.2066 0.2186
v -0.1166 0.2216 0.0898
v -0.1160 0.2128 0.2111
v -0.1136 0.2279 0.0975
v -0.1182 0.2460 0.1166
v -0.1166 0.2470 0.2071
v -0.1116 0.2463 0.1235
v -0.1170 0.2555 0.1321
v -0.1160 0.2585 0.1960
v -0.1182 0.2678 0.1829
v -0.1109 0.0433 0.0470
v -0.1082 0.0404 0.0374
v -0.1002 0.0332 0.0795
v -0.1068 0.0390 0.0771
v -0.1075 0.0488 0.0974
v -0.1092 0.0565 0.0243
v -0.1124 0.0566 0.1021
v -0.1087 0.0697 0.0185
v -0.1156 0.0745 0.1254
v -0.1108 0.0830 0.1381
v -0.1134 0.1002 0.0245
v -0.1060 0.1054 0.0184
v -0.1142 0.0985 0.1508
v -0.1176 0.1079 0.1576
v -0.1190 0.1182 0.1657
v -0.1092 0.1385 0.0331
v -0.1079 0.1680 0.0478
v -0.1137 0.1795 0.2017
v -0.1114 0.1914 0.0641
v -0.1230 0.2164 0.0838
v -0.1033 0.2281 0.1050
v -0.1107 0.2390 0.1135
v -0.1128 0.2329 0.2067
v -0.1135 0.2406 0.2048
v -0.1019 0.2391 0.1250
v -0.1087 0.2454 0.1931
v -0.1112 0.2595 0.1582
v -0.1129 0.2612 0.1779
v -0.1034 0.0297 0.0543
v -0.0988 0.0221 0.0415
v -0.1026 0.0409 0.0897
v -0.1027 0.0521 0.0130
v -0.1032 0.0372 0.0242
v -0.1070 0.0568 0.1098
v -0.1044 0.0629 0.0129
v -0.1036 0.0681 0.1270
v -0.1027 0.0696 0.0090
v -0.1025 0.0944 0.0124
v -0.0980 0.1131 0.0156
v -0.1071 0.1224 0.1693
v -0.1010 0.1566 0.0385
v -0.0989 0.1787 0.0523
v -0.1137 0.1944 0.2062
v -0.1054 0.2172 0.0892
v -0.1078 0.2192 0.2028
v -0.1073 0.2242 0.2015
v -0.1043 0.2346 0.1137
v -0.1046 0.2379 0.1908
v -0.1025 0.2455 0.1384
v -0.1012 0.2433 0.1779
v -0.1078 0.2515 0.1831
v -0.1083 0.2540 0.1453
v -0.1073 0.2556 0.1624
v -0.0966 0.0243 0.0226
v -0.0978 0.0263 0.0229
v -0.0973 0.0207 0.0532
v -0.0968 0.0382 0.0090
v -0.0946 0.0366 0.0931
v -0.1018 0.0591 0.1178
v -0.0980 0.0714 0.1335
v -0.0980 0.0785 0.0045
v -0.0926 0.0787 0.1415
v -0.0953 0.0873 0.0033
v -0.0910 0.1123 0.1619
v -0.1119 0.1850 0.0594
v -0.0967 0.2012 0.0739
v -0.0982 0.2112 0.0857
v -0.0984 0.2253 0.1877
v -0.0951 0.2393 0.1452
v -0.0972 0.2412 0.1638
v -0.0907 0.0125 0.0223
v -0.0903 0.0090 0.0451
v -0.0919 0.0134 0.0243
v -0.0928 0.0153 0.0573
v -0.0965 0.0247 0.0693
v -0.0932 0.0263 0.0104
v -0.0862 0.0413 0.1061
v -0.0930 0.0392 0.0018
v -0.0952 0.0500 0.0014
v -0.0899 0.0448 0.1080
v -0.0817 0.0692 0.1362
v -0.0804 0.0943 0.1520
v -0.0872 0.1052 0.0057
v -0.0927 0.1492 0.1799
v -0.0934 0.1655 0.1869
v -0.0857 0.1859 0.0593
v -0.0952 0.1974 0.1916
v -0.0889 0.2086 0.0888
v -0.0895 0.2073 0.1833
v -0.0962 0.2113 0.1902
v -0.0906 0.2187 0.1044
v -0.0868 0.2157 0.1733
v -0.0863 0.2209 0.1166
v -0.0933 0.2306 0.1247
v -0.0932 0.2338 0.1666
v -0.0942 0.2380 0.1499
v -0.0856 0.0025 0.0204
v -0.0830 -0.0006 0.0461
v -0.0861 0.0096 0.0101
v -0.0850 0.0245 -0.0048
v -0.0800 0.0192 0.0841
v -0.0852 0.0173 0.0757
v -0.0871 0.0393 -0.0071
v -0.0880 0.0278 0.0875
v -0.0877 0.0607 -0.0082
v -0.0907 0.0567 0.1216
v -0.0841 0.0710 -0.0098
v -0.0679 0.0767 0.1412
v -0.0776 0.0917 -0.0069
v -0.0813 0.1001 0.0000
v -0.0792 0.1356 0.0203
v -0.0928 0.1481 0.0309
v -0.0915 0.1308 0.1713
v -0.0899 0.1270 0.0182
v -0.0796 0.1574 0.1756
v -0.0873 0.1941 0.0689
v -0.0885 0.1923 0.1866
v -0.0806 0.1986 0.0792
v -0.0858 0.2246 0.1314
v -0.0891 0.2302 0.1379
v -0.0778 -0.0118 0.0228
v -0.0745 -0.0144 0.0400
v -0.0820 -0.0034 0.0439
v -0.0818 0.0033 0.0587
v -0.0789 -0.0034 0.0033
v -0.0767 0.0048 0.0690
v -0.0782 0.0128 -0.0099
v -0.0844 0.0136 0.0003
v -0.0773 0.0271 0.0947
v -0.0793 0.0348 0.1023
v -0.0760 0.0623 0.1308
v -0.0796 0.1129 0.0063
v -0.0784 0.1278 0.1653
v -0.0872 0.1661 0.0420
v -0.0701 0.1716 0.0486
v -0.0818 0.1908 0.1784
v -0.0759 0.1957 0.0784
v -0.0811 0.2098 0.1005
v -0.0787 0.2137 0.1549
v -0.0797 0.2170 0.1273
v -0.0864 0.2256 0.1585
v -0.0744 -0.0143 0.0049
v -0.0694 -0.0129 0.0544
v -0.0744 0.0018 -0.0121
v -0.0724 -0.0019 0.0652
v -0.0720 0.0082 0.0781
v -0.0746 0.0187 -0.0183
v -0.0683 0.0133 0.0857
v -0.0747 0.0388 -0.0212
v -0.0796 0.0577 -0.0156
v -0.0774 0.1488 0.0287
v -0.0765 0.1596 0.0369
v -0.0811 0.1779 0.1798
v -0.0715 0.1851 0.0652
v -0.0757 0.1965 0.1680
v -0.0755 0.2021 0.0922
v -0.0774 0.2059 0.1632
v -0.0704 0.2023 0.1046
v -0.0805 0.2190 0.1454
v -0.0662 -0.0300 0.0199
v -0.0687 -0.0216 -0.0058
v -0.0692 -0.0255 0.0085
v -0.0667 -0.0248 0.0370
v -0.0706 -0.0199 0.0003
v -0.0637 -0.0137 0.0606
v -0.0677 -0.0183 -0.0137
v -0.0692 -0.0016 -0.0209
v -0.0685 0.0054 -0.0245
v -0.0633 0.0176 -0.0337
v -0.0642 0.0230 0.0967
v -0.0641 0.0302 0.1033
v -0.0793 0.0453 0.1136
v -0.0648 0.0476 0.1189
v -0.0671 0.0823 -0.0160
v -0.0688 0.0896 0.1476
v -0.0718 0.1033 -0.0023
v -0.0745 0.1445 0.1689
v -0.0710 0.1704 0.1697
v -0.0681 0.1750 0.0537
v -0.0689 0.1829 0.1641
v -0.0648 0.1875 0.0757
v -0.0596 0.1864 0.0823
v -0.0703 0.1902 0.1630
v -0.0694 0.1967 0.0896
v -0.0686 0.1998 0.1477
v -0.0725 0.2070 0.1158
v -0.0675 0.2023 0.1260
v -0.0729 0.2072 0.1467
v -0.0606 -0.0387 0.0016
v -0.0629 -0.0341 0.0221
v -0.0605 -0.0332 -0.0179
v -0.0594 -0.0393 -0.0092
v -0.0625 -0.0257 0.0450
v -0.0598 -0.0189 -0.0346
v -0.0650 -0.0105 -0.0261
v -0.0635 0.0325 0.1055
v -0.0543 0.0781 -0.0230
v -0.0624 0.0804 0.1412
v -0.0715 0.1250 0.0117
v -0.0688 0.1097 0.1553
v -0.0635 0.1361 0.1592
v -0.0722 0.1600 0.1704
v -0.0612 0.1704 0.1568
v -0.0621 0.1758 0.0587
v -0.0597 0.1803 0.0687
v -0.0589 0.1797 0.1477
v -0.0536 0.1805 0.0784
v -0.0620 0.1941 0.1341
v -0.0577 0.1893 0.0999
v -0.0637 0.1978 0.1195
v -0.0561 -0.0418 0.0222
v -0.0533 -0.0435 -0.0197
v -0.0557 -0.0369 0.0352
v -0.0551 -0.0288 -0.0355
v -0.0592 -0.0311 -0.0241
v -0.0561 -0.0219 0.0579
v -0.0587 -0.0194 -0.0352
v -0.0538 -0.0153 -0.0455
v -0.0515 -0.0021 -0.0505
v -0.0518 -0.0048 0.0781
v -0.0541 -0.0018 -0.0468
v -0.0560 0.0403 -0.0373
v -0.0496 0.0442 0.1158
v -0.0636 0.0572 -0.0276
v -0.0571 0.0651 -0.0279
v -0.0459 0.0656 0.1280
v -0.0562 0.1000 -0.0089
v -0.0554 0.0932 0.1439
v -0.0580 0.1064 -0.0039
v -0.0432 0.1122 -0.0010
v -0.0539 0.1299 0.0144
v -0.0592 0.1490 0.0303
v -0.0584 0.1543 0.0359
v -0.0490 0.1521 0.0382
v -0.0584 0.1642 0.1548
v -0.0503 0.1598 0.0469
v -0.0552 0.1835 0.1325
v -0.0631 0.1945 0.0999
v -0.0515 0.1807 0.1203
v -0.0583 0.1849 0.1393
v -0.0461 -0.0537 -0.0133
v -0.0532 -0.0484 0.0083
v -0.0513 -0.0465 0.0234
v -0.0411 -0.0458 -0.0365
v -0.0450 -0.0417 0.0417
v -0.0528 -0.0336 0.0452
v -0.0485 -0.0286 0.0560
v -0.0502 -0.0291 -0.0432
v -0.0587 -0.0104 0.0688
v -0.0518 0.0195 -0.0466
v -0.0363 0.0177 0.0991
v -0.0388 0.0308 -0.0536
v -0.0464 0.0515 -0.0392
v -0.0415 0.0484 0.1170
v -0.0576 0.0737 0.1372
v -0.0528 0.1226 0.0077
v -0.0522 0.1075 0.1468
v -0.0550 0.1436 0.1530
v -0.0556 0.1541 0.1525
v -0.0499 0.1571 0.1437
v -0.0504 0.1659 0.0554
v -0.0497 0.1732 0.1305
v -0.0505 0.1680 0.1381
v -0.0496 0.1730 0.0693
v -0.0523 0.1832 0.1116
v -0.0411 -0.0592 0.0009
v -0.0388 -0.0596 0.0145
v -0.0397 -0.0544 0.0280
v -0.0342 -0.0388 -0.0507
v -0.0399 -0.0318 -0.0512
v -0.0414 -0.0219 -0.0555
v -0.0382 -0.0112 -0.0619
v -0.0426 -0.0084 0.0789
v -0.0389 -0.0030 -0.0620
v -0.0519 0.0056 0.0869
v -0.0343 0.0023 -0.0659
v -0.0438 0.0227 0.1012
v -0.0514 0.0860 0.1395
v -0.0470 0.0949 -0.0143
v -0.0376 0.0940 -0.0161
v -0.0403 0.1299 0.0169
v -0.0566 0.1269 0.1535
v -0.0442 0.1469 0.1388
v -0.0441 0.1598 0.1310
v -0.0413 0.1622 0.0620
v -0.0446 0.1717 0.1142
v -0.0461 0.1700 0.1236
v -0.0519 0.1830 0.1030
v -0.0323 -0.0511 -0.0381
v -0.0406 -0.0503 0.0331
v -0.0362 -0.0444 -0.0427
v -0.0445 -0.0194 0.0683
v -0.0277 -0.0264 0.0674
v -0.0429 0.0067 0.0904
v -0.0494 0.0358 0.1100
v -0.0360 0.0541 -0.0422
v -0.0407 0.0776 -0.0269
v -0.0409 0.0667 -0.0335
v -0.0206 0.0794 0.1190
v -0.0400 0.0907 0.1347
v -0.0303 0.1018 -0.0096
v -0.0213 0.1036 -0.0063
v -0.0384 0.1406 0.1339
v -0.0320 0.1359 0.0289
v -0.0377 0.1525 0.0490
v -0.0381 0.1560 0.1215
v -0.0369 0.1632 0.0782
v -0.0406 0.1686 0.1020
v -0.0314 -0.0592 -0.0253
v -0.0257 -0.0575 0.0360
v -0.0341 -0.0369 0.0551
v -0.0309 -0.0226 -0.0617
v -0.0304 -0.0124 0.0785
v -0.0229 0.0369 -0.0581
v -0.0221 0.0264 0.1022
v -0.0289 0.0526 0.1152
v -0.0373 0.0445 -0.0473
v -0.0268 0.0619 -0.0400
v -0.0265 0.1299 0.0239
v -0.0322 0.1346 0.1267
v -0.0241 0.1338 0.0333
v -0.0318 0.1434 0.0403
v -0.0326 0.1470 0.1185
v -0.0315 0.1576 0.0840
v -0.0179 -0.0690 -0.0214
v -0.0245 -0.0685 0.0037
v -0.0274 -0.0587 -0.0302
v -0.0249 -0.0652 0.0179
v -0.0282 -0.0463 -0.0468
v -0.0250 -0.0484 -0.0465
v -0.0247 -0.0226 -0.0646
v -0.0187 -0.0222 0.0723
v -0.0299 -0.0047 0.0845
v -0.0279 0.0203 -0.0655
v -0.0161 0.0349 0.1039
v -0.0063 0.0657 -0.0382
v -0.0350 0.0834 0.1297
v -0.0225 0.1182 0.0105
v -0.0345 0.1260 0.1337
v -0.0261 0.1379 0.1142
v -0.0284 0.1483 0.1067
v -0.0314 0.1559 0.0710
v -0.0259 0.1506 0.0759
v -0.0328 0.1588 0.0938
v -0.0275 0.1493 0.1016
v -0.0080 -0.0609 -0.0382
v -0.0180 -0.0425 -0.0552
v -0.0153 -0.0278 -0.0651
v -0.0126 -0.0009 0.0873
v -0.0281 0.0594 0.1172
v -0.0084 0.0722 -0.0325
v -0.0197 0.0904 -0.0183
v -0.0273 0.0995 0.1267
v -0.0249 0.1153 0.1240
v -0.0156 0.1198 0.0187
v -0.0186 0.1267 0.1104
v -0.0172 0.1368 0.0540
v -0.0192 0.1429 0.0772
v -0.0197 0.1406 0.0949
v -0.0156 -0.0671 0.0216
v -0.0166 -0.0609 0.0338
v -0.0137 -0.0601 0.0369
v -0.0163 -0.0503 0.0480
v -0.0050 -0.0504 0.0500
v -0.0072 -0.0334 0.0638
v -0.0139 -0.0288 0.0672
v -0.0083 -0.0045 -0.0731
v -0.0039 0.0002 -0.0734
v -0.0091 0.0168 -0.0720
v -0.0210 0.0531 -0.0471
v -0.0186 0.0733 0.1153
v -0.0061 0.1076 0.0080
v -0.0128 0.1177 0.1069
v -0.0260 0.1060 0.1266
v -0.0093 0.1238 0.0376
v -0.0141 0.1291 0.0987
v -0.0243 0.1426 0.0513
v -0.0094 0.1293 0.0567
v -0.0133 0.1350 0.0654
v -0.0141 0.1361 0.0784
v -0.0188 -0.0715 -0.0002
v -0.0081 -0.0532 -0.0475
v -0.0129 -0.0169 -0.0702
v 0.0041 0.0215 -0.0706
v -0.0108 0.0335 -0.0637
v -0.0036 0.0406 -0.0593
v -0.0161 0.0626 0.1112
v -0.0079 0.0865 -0.0193
v -0.0009 0.1012 0.0030
v -0.0065 0.1039 0.1024
v -0.0110 0.1142 0.0136
v -0.0066 0.1128 0.0982
v -0.0075 0.1165 0.0232
v -0.0121 0.1321 0.0857
v -0.0060 -0.0743 -0.0048
v -0.0100 -0.0699 -0.0212
v -0.0041 -0.0695 0.0213
v 0.0049 -0.0431 0.0567
v 0.0001 -0.0443 0.0554
v 0.0148 -0.0313 -0.0640
v -0.0008 -0.0113 0.0787
v -0.0033 0.0162 -0.0716
v -0.0043 0.0185 0.0948
v -0.0009 0.0744 -0.0290
v 0.0023 0.0836 -0.0181
v 0.0001 0.1084 0.0869
v -0.0064 0.1265 0.0664
v -0.0016 0.1182 0.0737
v -0.0065 0.1213 0.0885
v 0.0031 -0.0715 -0.0197
v 0.0050 -0.0513 -0.0515
v 0.0046 -0.0608 0.0377
v 0.0118 -0.0480 -0.0535
v 0.0147 -0.0413 0.0566
v 0.0077 0.0074 0.0849
v 0.0060 0.0503 -0.0507
v 0.0045 0.0846 0.0920
v -0.0064 0.0826 0.1060
v -0.0083 0.0971 -0.0086
v -0.0024 0.0984 0.0977
v 0.0054 0.0937 -0.0025
v 0.0063 0.1036 0.0223
v 0.0016 0.1128 0.0378
v 0.0041 0.1048 0.0782
v 0.0014 0.1148 0.0479
v 0.0117 -0.0721 -0.0039
v 0.0364 -0.0625 -0.0191
v 0.0165 -0.0678 0.0174
v 0.0131 -0.0592 -0.0412
v 0.0045 -0.0590 0.0391
v 0.0217 -0.0561 0.0385
v 0.0152 -0.0311 0.0632
v 0.0068 -0.0094 -0.0720
v 0.0192 0.0050 -0.0706
v 0.0038 0.0406 -0.0595
v -0.0033 0.0471 0.1015
v 0.0218 0.0546 -0.0425
v 0.0145 0.0663 -0.0324
v 0.0094 0.0811 0.0846
v 0.0163 0.0744 -0.0213
v 0.0119 0.0900 -0.0009
v 0.0085 0.0941 0.0777
v 0.0126 0.0944 0.0119
v 0.0168 0.0934 0.0300
v 0.0080 0.1045 0.0583
v 0.0106 0.1018 0.0451
v 0.0275 -0.0672 0.0055
v 0.0207 -0.0609 -0.0344
v 0.0233 -0.0405 -0.0560
v 0.0142 -0.0113 0.0741
v 0.0235 -0.0146 -0.0671
v 0.0038 0.0491 0.0965
v 0.0157 0.0430 -0.0561
v 0.0082 0.0544 0.0926
v 0.0028 0.0672 0.0968
v 0.0240 0.0658 -0.0273
v 0.0156 0.0727 0.0789
v 0.0190 0.0809 -0.0077
v 0.0182 0.0832 0.0635
v 0.0165 0.0883 0.0621
v 0.0109 0.0958 0.0681
v 0.0198 0.0880 0.0131
v 0.0240 -0.0662 -0.0206
v 0.0299 -0.0605 -0.0285
v 0.0282 -0.0516 -0.0434
v 0.0240 -0.0451 0.0504
v 0.0276 -0.0214 -0.0641
v 0.0246 0.0315 -0.0608
v 0.0216 0.0802 0.0592
v 0.0196 0.0716 0.0716
v 0.0245 0.0832 0.0121
v 0.0356 -0.0475 0.0411
v 0.0327 -0.0353 -0.0549
v 0.0316 -0.0238 0.0613
v 0.0382 -0.0085 -0.0614
v 0.0328 0.0298 -0.0570
v 0.0180 0.0292 0.0832
v 0.0360 0.0334 0.0639
v 0.0252 0.0455 -0.0504
v 0.0335 0.0423 -0.0482
v 0.0218 0.0584 0.0757
v 0.0338 0.0534 -0.0364
v 0.0365 0.0610 -0.0214
v 0.0267 0.0719 0.0565
v 0.0280 0.0733 -0.0101
v 0.0212 0.0877 0.0361
v 0.0440 -0.0559 0.0141
v 0.0363 -0.0384 0.0498
v 0.0388 -0.0238 0.0573
v 0.0305 0.0440 0.0682
v 0.0411 0.0406 -0.0441
v 0.0308 0.0538 0.0641
v 0.0354 0.0601 -0.0243
v 0.0293 0.0622 0.0608
v 0.0382 0.0639 -0.0121
v 0.0276 0.0799 0.0091
v 0.0352 0.0726 0.0153
v 0.0423 0.0638 0.0194
v 0.0330 -0.0646 -0.0020
v 0.0448 -0.0566 0.0060
v 0.0450 -0.0494 -0.0301
v 0.0336 -0.0585 0.0249
v 0.0416 -0.0424 -0.0425
v 0.0459 -0.0471 0.0307
v 0.0415 -0.0364 -0.0485
v 0.0438 -0.0219 -0.0548
v 0.0354 0.0106 -0.0628
v 0.0466 0.0087 -0.0542
v 0.0436 0.0226 -0.0528
v 0.0414 0.0469 0.0502
v 0.0406 0.0484 -0.0362
v 0.0457 0.0451 -0.0340
v 0.0374 0.0529 0.0526
v 0.0340 0.0672 0.0451
v 0.0484 -0.0381 0.0388
v 0.0497 -0.0361 -0.0392
v 0.0450 -0.0255 0.0516
v 0.0535 -0.0037 -0.0496
v 0.0231 0.0044 0.0756
v 0.0475 0.0130 0.0532
v 0.0420 0.0271 0.0581
v 0.0466 0.0414 0.0440
v 0.0443 0.0511 -0.0275
v 0.0472 0.0532 -0.0172
v 0.0457 0.0525 0.0350
v 0.0619 -0.0377 0.0124
v 0.0524 -0.0502 0.0075
v 0.0520 -0.0463 0.0205
v 0.0567 -0.0331 0.0338
v 0.0506 -0.0238 0.0468
v 0.0532 0.0167 -0.0445
v 0.0533 0.0300 0.0394
v 0.0524 0.0438 0.0286
v 0.0530 0.0488 0.0158
v 0.0493 0.0536 -0.0107
v 0.0458 0.0601 0.0045
v 0.0434 0.0602 0.0283
v 0.0594 -0.0347 0.0241
v 0.0600 -0.0297 0.0292
v 0.0648 -0.0148 -0.0308
v 0.0597 -0.0214 0.0363
v 0.0550 -0.0233 -0.0425
v 0.0541 -0.0085 0.0486
v 0.0533 -0.0036 0.0493
v 0.0591 0.0061 -0.0389
v 0.0566 0.0023 0.0445
v 0.0563 0.0196 -0.0393
v 0.0603 0.0133 0.0361
v 0.0568 0.0223 0.0382
v 0.0528 0.0374 -0.0328
v 0.0586 0.0339 -0.0240
v 0.0587 0.0411 -0.0083
v 0.0604 0.0391 -0.0003
v 0.0573 0.0445 0.0076
v 0.0598 0.0337 0.0206
v 0.0566 -0.0434 -0.0186
v 0.0601 -0.0302 -0.0287
v 0.0660 -0.0217 -0.0167
v 0.0606 -0.0184 0.0361
v 0.0658 -0.0102 0.0285
v 0.0679 -0.0062 0.0248
v 0.0643 0.0184 -0.0232
v 0.0614 0.0192 -0.0289
v 0.0660 0.0253 -0.0051
v 0.0646 0.0247 0.0175
v 0.0668 0.0236 0.0034
v 0.0649 0.0152 0.0256
v 0.0713 -0.0042 0.0072
v 0.0693 -0.0192 0.0118
v 0.0702 -0.0032 -0.0113
v 0.0663 -0.0215 0.0200
v 0.0700 0.0095 -0.0015
v 0.0668 0.0092 -0.0194
v 0.0677 0.0143 0.0149
v 0.0675 0.0109 0.0188
vn -0.9819 -0.0942 0.1643
vn -0.9059 0.3219 -0.2751
vn -0.9274 0.0300 -0.3728
vn -0.8644 0.3776 0.3319
vn -0.6857 -0.5437 0.4840
vn -0.8877 -0.4543 -0.0743
vn -0.8084 0.0781 -0.5834
vn -0.8495 0.5212 -0.0815
vn -0.9952 0.0970 -0.0147
vn -0.9442 -0.2927 -0.1510
vn -0.8404 -0.2659 -0.4722
vn -0.9126 -0.3262 -0.2464
vn -0.7143 -0.1539 0.6827
vn -0.9183 -0.1781 -0.3535
vn -0.8652 -0.3570 0.3522
vn -0.7176 -0.1596 -0.6779
vn -0.7574 0.1147 0.6428
vn -0.8416 0.3380 -0.4213
vn -0.9604 -0.2627 0.0930
vn -0.8208 -0.3791 -0.4272
vn -0.8645 -0.2903 0.4103
vn -0.7634 -0.3263 -0.5574
vn -0.6716 0.6921 0.2644
vn -0.7345 0.6241 -0.2666
vn -0.9791 -0.0140 -0.2030
vn -0.9968 -0.0790 -0.0147
vn -0.9180 -0.1022 -0.3832
vn -0.9638 -0.1548 -0.2171
vn -0.9798 -0.0347 0.1970
vn -0.9358 -0.1480 0.3201
vn -0.8108 -0.4008 -0.4266
vn -0.8616 -0.3219 -0.3923
vn -0.5311 0.0071 -0.8473
vn -0.5859 0.5795 -0.5664
vn -0.6009 0.7766 -0.1889
vn -0.9934 -0.0901 -0.0705
vn -0.9792 -0.0940 -0.1801
vn -0.9306 -0.0097 0.3659
vn -0.8380 -0.3222 0.4404
vn -0.9934 -0.0491 -0.1040
vn -0.8087 -0.3187 -0.4944
vn -0.8535 0.0500 0.5187
vn -0.8886 -0.1146 -0.4442
vn -0.9732 0.0098 0.2297
vn -0.7667 -0.1199 -0.6307
vn -0.9290 0.0214 0.3694
vn -0.8118 -0.2002 -0.5486
vn -0.7210 0.0516 0.6910
vn -0.7734 -0.3302 -0.5411
vn -0.7881 -0.3874 -0.4784
vn -0.5159 -0.1172 0.8486
vn -0.7682 -0.3765 -0.5178
vn -0.7121 -0.3156 -0.6272
vn -0.5214 -0.1822 0.8336
vn -0.4567 0.2913 0.8406
vn -0.6116 0.5474 0.5713
vn -0.6492 0.3392 0.6808
vn -0.5853 0.3241 -0.7432
vn -0.4300 0.7049 -0.5641
vn -0.4752 0.8680 0.1443
vn -0.9952 -0.0585 0.0779
vn -0.9642 0.0297 0.2634
vn -0.8523 0.0479 0.5209
vn -0.9978 -0.0249 -0.0614
vn -0.8473 -0.1599 -0.5065
vn -0.9786 -0.0988 0.1806
vn -0.8804 -0.1189 -0.4590
vn -0.9560 -0.0043 0.2934
vn -0.8074 -0.0942 -0.5824
vn -0.8104 -0.1135 -0.5747
vn -0.7711 -0.1657 -0.6148
vn -0.7391 -0.1610 -0.6541
vn -0.7886 0.1017 0.6064
vn -0.6470 -0.3116 -0.6960
vn -0.6579 -0.1705 -0.7336
vn -0.6967 -0.3875 -0.6037
vn -0.7838 0.2229 0.5796
vn -0.7431 -0.3522 -0.5690
vn -0.6939 -0.2493 0.6755
vn -0.6406 -0.2118 -0.7381
vn -0.4526 -0.1867 0.8719
vn -0.3681 -0.0258 0.9294
vn -0.4045 0.0941 -0.9097
vn -0.3308 0.2750 -0.9027
vn -0.8735 -0.4609 -0.1567
vn -0.9905 -0.0405 0.1316
vn -0.8889 -0.3599 0.2835
vn -0.9100 -0.1157 -0.3982
vn -0.9662 -0.0936 0.2403
vn -0.8608 -0.1395 -0.4894
vn -0.8712 -0.3369 0.3570
vn -0.9069 -0.2061 -0.3676
vn -0.8533 -0.0930 -0.5130
vn -0.9043 -0.0904 -0.4172
vn -0.9569 -0.0936 -0.2750
vn -0.6764 -0.1347 -0.7241
vn -0.7147 0.0752 0.6954
vn -0.9021 0.1047 0.4187
vn -0.7420 -0.0439 0.6690
vn -0.6283 -0.0983 -0.7717
vn -0.6904 0.0545 0.7213
vn -0.5553 -0.1879 -0.8101
vn -0.5451 -0.0543 -0.8366
vn -0.6551 0.1155 0.7467
vn -0.5104 -0.1705 -0.8429
vn -0.5658 -0.3267 -0.7571
vn -0.7454 -0.3854 -0.5439
vn -0.3525 0.7685 0.5340
vn -0.2544 0.8482 -0.4646
vn -0.2368 0.9284 0.2864
vn -0.9985 -0.0315 -0.0455
vn -0.9594 -0.0942 -0.2658
vn -0.9691 -0.0473 0.2420
vn -0.9625 -0.0578 0.2652
vn -0.7166 0.0377 0.6965
vn -0.9824 -0.0800 -0.1685
vn -0.9175 -0.2020 -0.3426
vn -0.9175 0.0612 0.3931
vn -0.9869 0.0119 0.1606
vn -0.8503 -0.1353 -0.5086
vn -0.9567 -0.1014 -0.2727
vn -0.7616 -0.1553 -0.6292
vn -0.7798 -0.1935 -0.5954
vn -0.6928 -0.1328 -0.7088
vn -0.7027 -0.0719 -0.7078
vn -0.5756 -0.1051 -0.8109
vn -0.6304 -0.1650 -0.7585
vn -0.9149 0.0541 0.4000
vn -0.6462 -0.0712 0.7599
vn -0.5408 -0.2086 -0.8149
vn -0.6147 0.1008 0.7823
vn -0.4664 -0.1203 -0.8764
vn -0.5221 0.1869 0.8322
vn -0.5936 -0.1280 -0.7945
vn -0.6917 0.0355 0.7213
vn -0.5386 -0.2096 -0.8161
vn -0.4020 -0.1793 -0.8979
vn -0.6227 0.2589 0.7384
vn -0.6381 -0.4668 -0.6122
vn -0.7199 -0.2661 -0.6410
vn -0.6863 -0.1114 -0.7187
vn -0.5837 -0.0039 -0.8120
vn -0.1376 0.2627 -0.9550
vn -0.3728 0.9019 -0.2184
vn -0.9905 -0.0464 0.1291
vn -0.9997 0.0009 -0.0245
vn -0.9946 -0.0357 -0.0977
vn -0.9042 -0.1619 -0.3953
vn -0.9592 -0.1960 -0.2039
vn -0.9913 -0.0693 0.1120
vn -0.8116 0.0079 0.5842
vn -0.9902 -0.0764 0.1170
vn -0.9005 -0.1452 -0.4099
vn -0.7876 -0.0955 -0.6087
vn -0.7674 0.1039 0.6327
vn -0.9330 0.0460 0.3569
vn -0.8022 0.0052 -0.5970
vn -0.6826 -0.0074 -0.7308
vn -0.9425 -0.0798 -0.3245
vn -0.8188 0.0002 0.5740
vn -0.4555 -0.5626 -0.6899
vn -0.8446 -0.0384 0.5341
vn -0.8234 -0.1437 -0.5490
vn -0.7216 -0.1513 -0.6755
vn -0.7559 -0.1423 -0.6390
vn -0.6592 -0.1359 -0.7396
vn -0.5910 -0.0654 -0.8040
vn -0.5853 0.0574 0.8088
vn -0.7236 -0.1382 0.6763
vn -0.3744 -0.1642 -0.9126
vn -0.7489 0.0103 0.6626
vn -0.6423 -0.1807 -0.7448
vn -0.5148 -0.1260 -0.8480
vn -0.7527 0.0724 0.6544
vn -0.6130 0.1121 0.7821
vn -0.4777 -0.1969 -0.8562
vn -0.2026 0.3548 0.9127
vn -0.7171 0.3719 -0.5894
vn -0.2980 -0.1273 -0.9460
vn -0.3734 -0.1137 -0.9207
vn -0.3293 0.0074 0.9442
vn -0.4494 -0.1946 -0.8719
vn -0.4465 0.1247 0.8860
vn -0.0373 -0.1751 -0.9838
vn -0.2822 -0.1368 -0.9496
vn -0.2518 0.1688 0.9530
vn -0.2623 -0.3889 -0.8832
vn -0.3359 0.0565 0.9402
vn -0.6139 -0.5341 -0.5813
vn -0.8087 -0.2674 -0.5239
vn -0.7810 -0.3853 -0.4915
vn -0.7540 -0.0727 -0.6528
vn -0.1402 -0.3391 0.9302
vn -0.1742 0.6693 0.7223
vn -0.0405 0.4507 0.8918
vn -0.4425 0.8189 0.3654
vn -0.1898 0.6761 -0.7119
vn -0.0279 0.7526 0.6578
vn -0.1021 0.8180 0.5661
vn -0.0939 0.9347 -0.3428
vn -0.9746 -0.0944 0.2029
vn -0.8447 0.1262 0.5202
vn -0.9764 -0.1665 0.1375
vn -0.9246 -0.0158 0.3806
vn -0.8134 0.2276 0.5353
vn -0.9689 -0.0695 -0.2376
vn -0.9085 -0.1372 -0.3946
vn -0.9383 -0.0127 -0.3456
vn -0.7819 -0.1082 -0.6140
vn -0.9439 0.0718 0.3224
vn -0.8071 -0.1381 -0.5740
vn -0.9474 -0.1769 -0.2666
vn -0.9627 -0.0342 0.2685
vn -0.8015 -0.1918 -0.5664
vn -0.7685 0.0100 0.6398
vn -0.7816 0.0524 0.6216
vn -0.5808 -0.0573 -0.8120
vn -0.5802 -0.2031 -0.7888
vn -0.5568 0.0242 0.8303
vn -0.5168 -0.1578 -0.8415
vn -0.2450 -0.1806 0.9526
vn -0.5488 0.1536 0.8217
vn -0.6973 0.2473 0.6728
vn -0.4760 -0.1780 -0.8612
vn -0.6780 0.1006 0.7282
vn -0.4764 -0.1584 -0.8649
vn -0.5449 0.0842 0.8343
vn -0.4239 0.1248 0.8971
vn -0.2504 -0.1154 -0.9612
vn -0.6689 0.0384 0.7423
vn -0.2647 -0.3347 -0.9044
vn -0.4086 0.0990 0.9073
vn -0.3225 0.1242 0.9384
vn -0.2964 -0.1320 -0.9459
vn -0.1296 -0.2267 -0.9653
vn -0.2310 -0.1999 -0.9522
vn -0.0082 -0.2050 -0.9787
vn -0.7963 -0.5332 -0.2857
vn -0.8361 -0.2398 -0.4934
vn -0.7710 -0.4768 -0.4221
vn -0.3923 0.0535 0.9183
vn -0.7681 -0.0924 -0.6336
vn -0.3080 -0.1299 0.9425
vn -0.2089 0.1005 0.9728
vn 0.1519 0.4361 -0.8870
vn 0.0531 0.7440 -0.6660
vn 0.0482 0.9099 0.4121
vn -0.9970 -0.0350 0.0691
vn -0.9853 -0.0344 0.1673
vn -0.9816 -0.0349 -0.1875
vn -0.9997 -0.0020 0.0224
vn -0.9431 -0.1191 -0.3104
vn -0.9906 -0.0421 -0.1303
vn -0.9735 -0.0795 0.2145
vn -0.9851 -0.0909 0.1457
vn -0.8856 -0.1086 -0.4516
vn -0.9914 -0.0428 0.1236
vn -0.8984 0.0445 0.4370
vn -0.9859 -0.0815 -0.1465
vn -0.8740 -0.1545 -0.4608
vn -0.9269 -0.1356 -0.3498
vn -0.8742 -0.1830 -0.4498
vn -0.7705 -0.1725 -0.6137
vn -0.5994 0.0002 0.8005
vn -0.7492 -0.3349 0.5715
vn -0.8695 -0.0633 0.4899
vn -0.6330 -0.2346 -0.7377
vn -0.7913 0.0882 0.6051
vn -0.6011 -0.2331 -0.7645
vn -0.6401 -0.1700 -0.7493
vn -0.6305 0.0691 0.7731
vn -0.5232 0.3008 0.7973
vn -0.4229 -0.2005 -0.8837
vn -0.3684 0.1512 0.9173
vn -0.4338 0.0482 0.8997
vn -0.3790 -0.1774 -0.9082
vn -0.2999 -0.1657 -0.9395
vn -0.1012 -0.1345 -0.9857
vn -0.2049 0.3910 -0.8973
vn -0.2066 -0.1179 -0.9713
vn -0.3828 0.0979 0.9186
vn -0.1774 0.1012 0.9789
vn -0.1726 -0.2074 -0.9629
vn -0.1860 -0.0695 -0.9801
vn -0.1727 -0.1023 -0.9796
vn -0.5808 0.0711 0.8109
vn -0.1354 0.0236 0.9905
vn -0.1547 0.1332 0.9789
vn -0.0174 0.1676 0.9857
vn -0.7471 -0.5718 -0.3391
vn -0.5975 -0.6641 -0.4495
vn -0.8503 -0.3005 -0.4320
vn -0.1008 -0.0512 0.9936
vn 0.1558 -0.0724 0.9851
vn 0.0993 0.5191 -0.8489
vn -0.2048 0.4857 -0.8498
vn 0.0262 0.9653 -0.2596
vn -0.1136 0.9928 -0.0378
vn -0.9279 0.3727 0.0032
vn -0.9980 0.0513 0.0377
vn -0.9729 -0.2230 -0.0615
vn -0.8922 0.3235 0.3151
vn -0.9836 -0.0453 -0.1749
vn -0.9074 -0.0685 -0.4146
vn -0.9989 -0.0417 -0.0233
vn -0.9711 -0.2073 -0.1185
vn -0.9593 -0.0452 0.2787
vn -0.9844 -0.0887 -0.1520
vn -0.9739 0.0912 0.2079
vn -0.8617 0.0230 0.5069
vn -0.9347 -0.0523 -0.3517
vn -0.7344 0.0447 0.6773
vn -0.8689 -0.0695 -0.4901
vn -0.6027 -0.5000 0.6219
vn -0.8947 -0.1073 -0.4337
vn -0.9284 -0.0230 0.3709
vn -0.8645 0.0269 0.5020
vn -0.8086 -0.1661 -0.5644
vn -0.9424 -0.1239 -0.3106
vn -0.8188 -0.1167 -0.5621
vn -0.6376 -0.1625 -0.7530
vn -0.9479 -0.0247 0.3177
vn -0.7845 -0.1589 -0.5994
vn -0.8174 0.0380 0.5748
vn -0.6669 -0.1828 -0.7224
vn -0.6338 -0.1646 -0.7557
vn -0.8119 0.0424 0.5822
vn -0.7148 -0.1796 -0.6758
vn -0.6611 -0.1994 -0.7233
vn -0.3831 0.1219 0.9156
vn -0.5997 -0.1832 -0.7790
vn -0.4979 -0.1462 -0.8548
vn -0.3255 -0.2031 -0.9235
vn -0.6151 0.1469 0.7747
vn -0.4651 -0.1501 -0.8724
vn -0.3655 -0.1854 -0.9122
vn -0.4387 0.1180 0.8909
vn -0.3816 -0.2204 -0.8977
vn -0.3357 0.0004 -0.9420
vn -0.5008 -0.2315 -0.8341
vn -0.1342 -0.1739 -0.9756
vn -0.3125 -0.1510 -0.9378
vn -0.2751 0.1894 0.9426
vn -0.0651 -0.1350 -0.9887
vn -0.1519 -0.1892 -0.9701
vn -0.1613 -0.1524 -0.9751
vn -0.4046 0.0474 0.9133
vn 0.0581 -0.1733 -0.9832
vn 0.0037 0.3374 0.9413
vn 0.0466 -0.1320 -0.9902
vn -0.0235 -0.1674 -0.9856
vn 0.2040 -0.1745 -0.9633
vn 0.1829 -0.1854 -0.9655
vn -0.3959 -0.3076 -0.8653
vn -0.7572 -0.6229 -0.1965
vn -0.5649 -0.5984 -0.5681
vn -0.8265 -0.5380 -0.1657
vn -0.8684 -0.3937 -0.3015
vn 0.0176 0.0473 0.9987
vn -0.8158 -0.2459 -0.5235
vn 0.0553 -0.1097 0.9924
vn -0.1377 0.2822 -0.9494
vn -0.3273 0.3040 -0.8947
vn 0.2500 0.5077 0.8245
vn 0.2325 0.5632 -0.7929
vn 0.2295 0.5273 0.8181
vn 0.1738 0.6970 0.6957
vn 0.1372 0.8955 -0.4234
vn 0.2343 0.9591 -0.1590
vn -0.8068 -0.5694 -0.1575
vn -0.7709 -0.6363 -0.0300
vn -0.7978 -0.6026 -0.0211
vn -0.6825 -0.7301 0.0322
vn -0.9353 -0.3481 0.0640
vn -0.9070 -0.4208 -0.0176
vn -0.9362 0.3239 -0.1364
vn -0.9736 -0.0967 0.2069
vn -0.9600 -0.2258 -0.1656
vn -0.8177 0.5725 -0.0609
vn -0.9921 -0.0473 -0.1162
vn -0.9900 -0.0942 -0.1047
vn -0.8660 -0.1115 -0.4874
vn -0.9020 0.0040 0.4318
vn -0.8202 -0.1483 -0.5525
vn -0.9022 -0.1195 -0.4144
vn -0.9927 -0.1079 0.0536
vn -0.8138 -0.2720 0.5135
vn -0.8821 0.0083 -0.4710
vn -0.7947 0.2260 0.5634
vn -0.9807 0.0170 -0.1950
vn -0.9041 0.0156 0.4271
vn -0.7440 -0.2161 -0.6323
vn -0.8682 -0.1377 -0.4768
vn -0.7327 0.1235 0.6692
vn -0.7661 -0.1234 -0.6308
vn -0.7871 0.0586 0.6140
vn -0.6985 -0.0736 -0.7119
vn -0.6753 -0.1748 -0.7165
vn -0.6799 -0.1464 -0.7186
vn -0.6946 0.0049 -0.7194
vn -0.5949 0.0063 0.8037
vn -0.7169 0.0964 0.6905
vn -0.4681 0.1031 0.8777
vn -0.4861 -0.2657 -0.8325
vn -0.3320 -0.1968 -0.9225
vn -0.4339 -0.2031 -0.8778
vn -0.5400 0.0800 0.8378
vn -0.5313 0.0469 0.8459
vn -0.2591 -0.1657 -0.9515
vn -0.3862 0.1230 0.9142
vn 0.1048 -0.0431 -0.9936
vn -0.3258 0.2433 0.9136
vn -0.0109 -0.1347 -0.9908
vn 0.2246 -0.1110 -0.9681
vn 0.0795 -0.1484 -0.9857
vn -0.2614 0.0919 0.9609
vn 0.0748 -0.1347 -0.9881
vn -0.0949 0.1012 0.9903
vn 0.1093 -0.3539 -0.9289
vn -0.0939 0.1378 0.9860
vn -0.0174 -0.1791 -0.9837
vn 0.0837 -0.1224 -0.9889
vn 0.0782 0.1622 0.9836
vn -0.2579 -0.3301 0.9080
vn 0.1821 -0.1170 -0.9763
vn -0.0415 -0.1922 -0.9805
vn -0.0616 0.1217 0.9907
vn -0.4526 -0.7553 -0.4740
vn -0.8710 -0.3895 -0.2993
vn -0.8531 -0.5053 -0.1298
vn -0.8417 -0.2384 -0.4845
vn 0.2745 0.0675 0.9592
vn -0.6148 0.1410 -0.7760
vn -0.4292 0.2442 -0.8696
vn -0.2369 0.3913 -0.8892
vn 0.2438 0.4970 -0.8328
vn 0.2751 0.6931 -0.6663
vn 0.2309 0.7928 0.5640
vn 0.1432 0.9896 0.0141
vn 0.0442 0.9744 0.2206
vn -0.6087 -0.7933 0.0159
vn -0.5948 -0.7846 -0.1748
vn -0.6373 -0.7687 -0.0541
vn -0.5998 -0.7999 0.0174
vn -0.7541 -0.6567 0.0113
vn -0.6458 -0.7537 0.1220
vn -0.7150 -0.6927 0.0946
vn -0.8326 -0.4917 0.2551
vn -0.7864 -0.5957 0.1637
vn -0.8885 0.4067 0.2124
vn -0.9543 0.0925 -0.2843
vn -0.7835 0.5896 -0.1962
vn -0.8925 0.4511 -0.0044
vn -0.6233 0.7709 -0.1309
vn -0.7642 0.6373 -0.0993
vn -0.6644 0.7452 0.0570
vn -0.9384 0.3416 0.0522
vn -0.4910 0.7875 -0.3724
vn -0.9879 -0.1095 0.1101
vn -0.9750 -0.0235 0.2211
vn -0.7964 0.0807 0.5994
vn -0.9658 -0.0851 -0.2449
vn -0.9492 -0.1413 -0.2811
vn -0.9899 -0.0484 -0.1333
vn -0.7437 -0.1598 -0.6492
vn -0.8414 -0.3874 -0.3768
vn -0.9894 -0.0624 -0.1312
vn -0.9139 -0.1193 -0.3880
vn -0.8105 -0.0178 0.5855
vn -0.9765 -0.0051 0.2153
vn -0.8696 -0.1068 -0.4821
vn -0.9662 0.0019 0.2577
vn -0.7598 -0.1285 -0.6373
vn -0.9328 -0.0441 -0.3576
vn -0.7105 -0.1386 -0.6899
vn -0.4542 -0.0640 -0.8886
vn -0.6987 -0.1169 -0.7058
vn -0.4839 -0.1821 -0.8560
vn -0.5160 -0.1856 -0.8363
vn -0.8007 -0.1860 -0.5694
vn -0.6688 -0.2375 -0.7045
vn -0.7176 -0.2043 -0.6658
vn -0.4267 -0.1628 -0.8896
vn -0.4603 0.0622 0.8856
vn -0.5458 -0.1171 -0.8297
vn -0.6349 0.0407 0.7715
vn -0.5865 0.0719 0.8067
vn -0.4235 -0.1548 -0.8926
vn -0.5420 0.0347 0.8397
vn -0.3902 -0.2277 -0.8921
vn -0.3523 -0.1780 -0.9188
vn -0.3236 -0.1554 -0.9334
vn -0.2732 -0.1526 -0.9498
vn -0.4344 0.1318 0.8910
vn -0.2566 0.1208 0.9589
vn -0.2946 -0.2228 -0.9293
vn -0.0479 0.1803 0.9825
vn -0.1236 -0.2134 -0.9691
vn 0.1939 -0.1530 -0.9690
vn -0.3364 0.1294 0.9328
vn -0.1219 0.1043 0.9870
vn 0.2309 -0.0327 -0.9724
vn -0.1949 -0.1789 -0.9644
vn -0.0996 -0.1588 -0.9823
vn 0.0195 0.1681 0.9856
vn 0.2184 -0.1611 -0.9625
vn -0.2194 0.1271 0.9673
vn -0.0227 -0.0053 -0.9997
vn 0.3759 -0.1498 -0.9145
vn -0.0421 0.1127 0.9927
vn 0.0665 0.1240 0.9901
vn 0.2933 -0.0556 -0.9544
vn 0.4984 -0.0919 -0.8621
vn 0.2927 0.1514 0.9441
vn 0.1641 -0.1352 -0.9771
vn 0.1216 0.1340 0.9835
vn 0.2609 -0.1590 -0.9522
vn 0.0888 0.3930 0.9152
vn 0.2695 0.1701 0.9479
vn 0.2967 0.1356 0.9453
vn 0.3014 0.4441 0.8438
vn -0.6590 -0.7519 -0.0164
vn -0.8907 -0.3832 -0.2444
vn -0.8504 -0.5229 -0.0584
vn -0.8480 -0.2128 -0.4854
vn 0.4437 0.1701 0.8799
vn 0.4407 0.1412 0.8865
vn 0.1526 0.0112 0.9882
vn 0.2169 -0.1409 0.9660
vn -0.1961 0.5266 -0.8272
vn 0.3968 -0.1208 0.9099
vn 0.1994 0.3054 0.9311
vn 0.4521 0.5280 -0.7189
vn 0.4470 0.6066 0.6574
vn 0.3405 0.8784 0.3355
vn 0.4829 0.7814 -0.3954
vn 0.3956 0.9178 -0.0340
vn -0.5251 -0.8495 -0.0513
vn -0.7089 -0.7044 0.0351
vn -0.6998 -0.6980 0.1522
vn -0.5657 -0.8022 0.1910
vn -0.7179 -0.6511 -0.2465
vn -0.7603 -0.5328 0.3715
vn -0.8714 -0.4702 -0.1401
vn -0.9689 -0.1101 0.2216
vn -0.7935 -0.0749 0.6040
vn -0.9042 0.3006 0.3034
vn -0.9396 0.0045 -0.3423
vn -0.3998 0.9135 -0.0758
vn -0.4352 0.9001 -0.0221
vn -0.3927 0.9192 0.0289
vn -0.4883 0.8726 -0.0094
vn -0.9873 0.1511 0.0482
vn -0.9900 -0.0918 -0.1067
vn -0.8181 -0.1443 -0.5566
vn -0.9762 0.2040 0.0736
vn -0.9530 -0.1200 -0.2783
vn -0.7453 -0.2882 -0.6012
vn -0.9733 0.0158 0.2288
vn -0.9255 -0.0300 0.3775
vn -0.8594 -0.1617 -0.4851
vn -0.7967 0.0144 0.6043
vn -0.8036 -0.1352 -0.5796
vn -0.9157 0.0015 0.4018
vn -0.9866 0.1524 -0.0590
vn -0.6965 -0.1665 -0.6980
vn -0.6795 0.1026 0.7264
vn -0.9517 0.0520 0.3028
vn -0.8266 -0.0974 -0.5543
vn -0.9758 -0.1944 0.1006
vn -0.6641 -0.1450 -0.7335
vn -0.4504 -0.1231 -0.8843
vn -0.6894 0.0394 0.7233
vn -0.3684 -0.2333 -0.8999
vn -0.6930 -0.0527 0.7190
vn -0.6615 0.1045 0.7427
vn -0.4237 -0.1694 -0.8899
vn -0.4348 -0.1615 -0.8860
vn -0.1626 0.0953 0.9821
vn -0.4065 -0.1426 -0.9025
vn -0.5913 0.0540 0.8046
vn -0.4912 -0.3556 -0.7952
vn -0.1291 -0.2859 -0.9495
vn -0.0714 -0.1491 -0.9862
vn -0.0984 -0.1542 -0.9831
vn 0.0309 -0.1731 -0.9844
vn -0.5740 0.0960 0.8132
vn 0.2246 -0.1456 -0.9635
vn -0.1115 -0.1660 -0.9798
vn -0.0249 -0.1811 -0.9831
vn 0.0383 -0.2505 -0.9674
vn -0.3017 -0.1497 -0.9416
vn 0.5118 -0.0951 -0.8538
vn 0.1347 0.1314 0.9821
vn 0.1328 -0.1811 -0.9745
vn 0.2125 0.1798 0.9605
vn -0.1666 0.1429 0.9756
vn 0.3321 -0.1950 -0.9229
vn 0.0808 0.1174 0.9898
vn 0.4605 -0.1341 -0.8775
vn 0.2256 0.2031 0.9528
vn 0.4227 -0.1193 -0.8984
vn 0.2434 0.1662 0.9556
vn 0.4689 0.1412 0.8719
vn 0.2975 -0.0678 -0.9523
vn 0.3569 -0.1380 -0.9239
vn 0.3154 0.1617 0.9351
vn 0.6457 -0.0466 -0.7622
vn 0.1416 0.1120 0.9836
vn 0.4191 -0.1292 -0.8987
vn 0.3905 0.1285 0.9116
vn -0.8804 -0.4397 -0.1777
vn 0.1812 -0.4456 -0.8767
vn -0.8112 -0.5751 0.1064
vn -0.6868 -0.6650 0.2932
vn -0.8613 -0.0392 -0.5066
vn -0.7040 -0.0148 -0.7100
vn 0.5440 0.1295 0.8291
vn 0.1479 0.1072 0.9832
vn -0.3033 0.4497 -0.8401
vn 0.3842 -0.1736 0.9068
vn 0.3988 0.4400 -0.8046
vn 0.4497 0.7455 0.4919
vn 0.4004 0.8977 0.1838
vn -0.2829 -0.9585 -0.0352
vn -0.5146 -0.8570 -0.0286
vn -0.3999 -0.9163 0.0208
vn -0.5339 -0.8393 -0.1028
vn -0.3339 -0.9374 -0.0993
vn -0.4608 -0.8864 0.0436
vn -0.4164 -0.9045 0.0921
vn -0.7320 -0.3325 0.5947
vn -0.7667 0.2436 -0.5940
vn -0.8575 -0.1591 -0.4892
vn -0.4463 0.8379 -0.3143
vn -0.7240 0.6883 0.0447
vn -0.8955 0.4308 -0.1118
vn -0.5552 0.0466 -0.8304
vn -0.9339 0.2064 0.2919
vn -0.9991 0.0065 -0.0427
vn -0.9635 -0.2662 -0.0279
vn -0.9559 -0.0759 -0.2836
vn -0.9079 -0.0202 0.4188
vn -0.8621 -0.1121 -0.4941
vn -0.7417 0.1322 0.6576
vn -0.4837 0.1355 -0.8647
vn -0.8197 -0.2295 0.5248
vn -0.4963 -0.1568 -0.8539
vn -0.6956 -0.1694 -0.6982
vn -0.5434 -0.1742 -0.8212
vn -0.7431 0.0474 0.6675
vn -0.5133 -0.1817 -0.8388
vn -0.5492 -0.1905 -0.8137
vn -0.3203 -0.1905 -0.9280
vn -0.5898 -0.0600 -0.8053
vn -0.5120 0.0700 0.8561
vn -0.5976 -0.1381 -0.7898
vn -0.7115 0.0185 0.7024
vn -0.4203 -0.1315 -0.8978
vn -0.4467 0.1087 0.8881
vn -0.4137 0.0894 0.9060
vn -0.2136 -0.1784 -0.9605
vn -0.4935 0.1060 0.8633
vn -0.2215 0.0660 0.9729
vn -0.0976 -0.1611 -0.9821
vn -0.3995 0.1053 0.9107
vn -0.1264 0.1025 0.9867
vn -0.1866 -0.1383 -0.9727
vn 0.0987 -0.1463 -0.9843
vn -0.1533 0.1479 0.9771
vn -0.4826 0.1280 0.8664
vn -0.2929 0.0894 0.9520
vn 0.0704 0.1498 0.9862
vn 0.0218 -0.1435 -0.9894
vn 0.1261 0.1060 0.9863
vn 0.3058 -0.1701 -0.9368
vn -0.1578 0.1424 0.9771
vn -0.0685 -0.1750 -0.9822
vn -0.1222 0.0379 0.9918
vn 0.2175 -0.1474 -0.9649
vn 0.3714 -0.1538 -0.9156
vn -0.1964 0.1055 0.9748
vn 0.2346 -0.1194 -0.9647
vn -0.0506 -0.2176 -0.9747
vn -0.0199 0.2020 0.9792
vn 0.1695 0.0475 0.9844
vn -0.0429 -0.3690 -0.9284
vn 0.2025 -0.1668 -0.9650
vn -0.0992 0.1387 0.9854
vn 0.1203 0.2444 0.9622
vn 0.3054 -0.1838 -0.9343
vn 0.2189 0.1990 0.9553
vn 0.1279 0.1600 0.9788
vn 0.2922 -0.1333 -0.9470
vn 0.2681 0.1491 0.9518
vn 0.6243 0.1333 0.7697
vn 0.3584 -0.1390 -0.9231
vn 0.4234 0.1490 0.8936
vn 0.2448 -0.1345 -0.9602
vn 0.3442 0.1807 0.9214
vn 0.5533 0.1436 0.8205
vn 0.5439 0.1352 0.8282
vn 0.1997 0.1016 0.9746
vn 0.5552 0.1313 0.8213
vn 0.5002 -0.1732 -0.8484
vn 0.4425 0.1761 0.8793
vn 0.6508 -0.1033 -0.7522
vn 0.4470 -0.1728 -0.8777
vn 0.6061 0.1471 0.7817
vn -0.8641 -0.5004 -0.0535
vn -0.3793 -0.6668 0.6415
vn 0.6181 -0.3596 -0.6991
vn -0.8735 -0.4592 -0.1615
vn 0.1203 -0.8103 -0.5736
vn -0.9096 -0.3193 -0.2659
vn -0.8738 -0.1599 -0.4592
vn -0.5673 0.2530 -0.7837
vn -0.7019 0.0324 -0.7116
vn 0.6430 0.1519 0.7507
vn -0.5465 0.1953 -0.8144
vn 0.6203 -0.1567 0.7685
vn -0.2562 0.4246 -0.8684
vn 0.3126 0.4301 -0.8469
vn 0.5146 0.5236 -0.6789
vn 0.4714 0.2460 0.8469
vn 0.5061 0.4440 0.7394
vn 0.5249 0.6098 -0.5938
vn 0.5998 0.6776 -0.4255
vn 0.4106 0.7149 -0.5660
vn 0.3246 0.8859 -0.3314
vn 0.5516 0.7809 -0.2933
vn 0.6335 0.7375 0.2340
vn -0.3140 -0.9473 -0.0631
vn -0.0907 -0.9880 0.1252
vn -0.3963 -0.9180 0.0127
vn -0.2922 -0.9344 -0.2039
vn -0.4352 -0.8694 0.2338
vn -0.5703 -0.7700 -0.2861
vn -0.3644 -0.8468 0.3876
vn -0.8004 0.1346 -0.5842
vn -0.7057 0.6415 -0.3007
vn -0.8376 0.2612 0.4798
vn -0.6014 0.7787 0.1787
vn -0.4725 0.8605 -0.1903
vn -0.8049 0.0134 0.5933
vn -0.7792 0.1943 -0.5959
vn -0.6686 -0.1150 -0.7347
vn -0.5683 -0.1413 -0.8106
vn -0.4595 -0.1464 -0.8760
vn -0.4017 -0.1245 -0.9073
vn -0.5296 0.0015 0.8482
vn -0.3023 -0.2153 -0.9286
vn -0.2021 -0.1049 -0.9737
vn -0.4945 0.1669 0.8530
vn 0.1243 -0.1049 -0.9867
vn -0.5141 0.0669 0.8551
vn -0.2706 -0.1662 -0.9482
vn 0.1443 -0.3138 -0.9385
vn -0.1526 -0.1482 -0.9771
vn -0.2792 0.1656 0.9458
vn 0.0720 -0.1106 -0.9913
vn 0.0450 0.1425 0.9888
vn 0.0527 -0.1943 -0.9795
vn -0.0687 0.6586 0.7493
vn 0.2131 -0.1006 -0.9718
vn -0.2285 0.1215 0.9659
vn 0.1268 0.0180 0.9918
vn 0.5093 -0.1384 -0.8494
vn 0.1867 -0.1693 -0.9677
vn -0.2394 -0.0227 0.9706
vn 0.0607 0.1394 0.9884
vn -0.0696 0.0798 0.9944
vn 0.1980 0.1465 0.9692
vn 0.2145 0.1733 0.9612
vn 0.5633 -0.1128 -0.8185
vn 0.2903 -0.1438 -0.9461
vn 0.3869 -0.1542 -0.9091
vn 0.2150 0.1110 0.9703
vn 0.5031 -0.0611 -0.8620
vn 0.2217 0.0233 0.9748
vn 0.4024 -0.1244 -0.9070
vn 0.6975 -0.0994 -0.7096
vn 0.4318 0.1591 0.8878
vn 0.5336 -0.1430 -0.8336
vn 0.4720 0.1577 0.8674
vn 0.6515 0.0909 0.7532
vn 0.6524 -0.0554 -0.7558
vn 0.5158 0.1497 0.8435
vn 0.6238 0.4475 0.6408
vn 0.8299 -0.0682 -0.5538
vn 0.4430 -0.1221 -0.8882
vn 0.7119 -0.1291 -0.6903
vn 0.6881 0.1367 0.7126
vn 0.6779 -0.0851 -0.7302
vn 0.5743 0.1526 0.8043
vn 0.7806 0.1133 0.6147
vn 0.6450 -0.0602 -0.7618
vn -0.6934 -0.6523 0.3063
vn -0.8052 -0.5911 0.0480
vn -0.8983 -0.3823 -0.2166
vn -0.8115 -0.3206 -0.4886
vn -0.5555 -0.7981 0.2334
vn -0.9072 -0.2243 -0.3559
vn 0.3122 -0.1508 0.9379
vn -0.8803 -0.1376 -0.4540
vn -0.7735 0.0576 -0.6312
vn 0.7501 0.1368 0.6470
vn 0.6475 -0.0280 0.7616
vn -0.4358 0.3211 -0.8408
vn -0.2043 0.4860 -0.8497
vn -0.0363 0.5901 -0.8065
vn 0.5943 0.0753 0.8007
vn 0.6102 0.4243 0.6691
vn 0.5582 0.2948 0.7756
vn 0.6153 0.5592 -0.5556
vn 0.5762 0.7144 0.3971
vn 0.6141 0.7887 -0.0279
vn -0.3056 -0.9480 -0.0889
vn -0.1539 -0.9857 -0.0690
vn -0.1776 -0.9841 0.0087
vn -0.2744 -0.9612 0.0274
vn -0.2198 -0.9706 0.0978
vn -0.1550 -0.9821 0.1070
vn -0.1824 -0.9503 0.2523
vn -0.1594 -0.9742 0.1600
vn -0.4108 -0.8569 -0.3113
vn -0.4299 -0.7559 -0.4938
vn -0.6281 0.3332 -0.7031
vn -0.8200 0.2973 0.4891
vn -0.2497 0.9185 -0.3065
vn -0.4451 0.8739 -0.1956
vn -0.2563 0.9612 -0.1024
vn -0.7153 0.2376 0.6572
vn -0.0439 0.9990 0.0053
vn -0.5560 0.2327 -0.7979
vn -0.6431 0.0419 -0.7646
vn -0.6642 0.0649 0.7447
vn -0.5110 -0.1843 -0.8396
vn -0.2390 0.0690 0.9686
vn -0.4400 0.0429 0.8970
vn -0.5808 0.0324 0.8134
vn -0.3303 -0.2291 -0.9156
vn -0.5139 0.0865 0.8535
vn -0.3550 0.1884 0.9157
vn -0.5978 0.0918 0.7964
vn -0.0590 -0.1763 -0.9826
vn -0.2564 0.1609 0.9531
vn -0.3490 0.1078 0.9309
vn 0.0572 0.0579 -0.9967
vn -0.2789 0.1239 0.9523
vn 0.0785 -0.1595 -0.9841
vn 0.1121 0.1483 0.9826
vn -0.0392 0.0716 0.9967
vn -0.0502 -0.2021 -0.9781
vn 0.0859 -0.3191 -0.9438
vn -0.2128 0.1657 0.9629
vn 0.1792 -0.1275 -0.9755
vn 0.0853 -0.1243 -0.9886
vn 0.1043 0.1026 0.9892
vn 0.2159 -0.1429 -0.9659
vn 0.2608 -0.3625 -0.8947
vn 0.1914 -0.2526 -0.9484
vn 0.0618 0.1618 0.9849
vn 0.2054 -0.1455 -0.9678
vn 0.0443 0.1613 0.9859
vn 0.4671 -0.0574 -0.8824
vn 0.4394 0.1359 0.8880
vn 0.2212 0.1111 0.9689
vn 0.4254 0.0915 0.9004
vn 0.2514 -0.1605 -0.9545
vn 0.2403 -0.4207 -0.8748
vn 0.6889 -0.0735 -0.7211
vn 0.5823 -0.0846 -0.8086
vn 0.6422 -0.0912 -0.7611
vn 0.0865 -0.3593 0.9292
vn 0.5350 0.0854 0.8405
vn 0.4288 -0.1559 -0.8898
vn 0.4599 0.1312 0.8782
vn 0.3226 -0.1272 -0.9379
vn 0.7180 -0.0447 -0.6946
vn 0.5241 0.1652 0.8355
vn 0.3983 0.1656 0.9022
vn 0.4724 0.1567 0.8674
vn 0.6155 -0.2577 -0.7448
vn 0.4661 0.1702 0.8682
vn 0.4811 -0.1085 -0.8699
vn 0.5967 -0.1314 -0.7917
vn 0.7818 0.0676 0.6199
vn 0.3899 0.1205 0.9129
vn 0.7014 -0.0306 -0.7121
vn 0.7195 0.1479 0.6785
vn 0.6988 -0.2090 -0.6841
vn 0.6948 0.0296 0.7186
vn 0.5149 -0.1048 -0.8508
vn 0.6900 0.1622 0.7054
vn 0.8411 0.1737 0.5122
vn 0.9509 -0.0454 -0.3063
vn 0.7971 0.1412 0.5872
vn -0.8920 -0.4117 -0.1868
vn -0.8434 -0.5363 0.0323
vn -0.8909 -0.2637 -0.3697
vn -0.6163 -0.6968 0.3669
vn -0.4723 -0.7887 0.3935
vn 0.9528 -0.1254 -0.2764
vn 0.7967 -0.5455 -0.2604
vn -0.2083 -0.9780 -0.0089
vn -0.8304 -0.0762 -0.5519
vn 0.8628 0.0866 0.4981
vn -0.6220 0.1569 -0.7671
vn -0.7080 0.1990 -0.6776
vn 0.7730 0.1444 0.6177
vn 0.6486 0.1593 0.7443
vn 0.8943 0.0821 0.4398
vn 0.7976 0.0879 0.5968
vn 0.7263 -0.2047 0.6562
vn 0.5857 -0.1457 0.7973
vn 0.3859 0.5650 -0.7293
vn 0.3053 0.6637 -0.6829
vn 0.5704 0.2362 0.7867
vn 0.6165 0.5083 -0.6012
vn 0.6274 0.6010 0.4951
vn 0.7126 0.6866 -0.1439
vn -0.0523 -0.9762 -0.2106
vn -0.0607 -0.9919 -0.1117
vn 0.0012 -0.9840 0.1781
vn -0.1370 -0.9643 0.2265
vn -0.2644 -0.7822 0.5641
vn -0.4550 0.5264 0.7183
vn -0.4315 0.5463 0.7179
vn -0.1893 0.9806 -0.0513
vn -0.1273 0.9889 -0.0769
vn -0.2636 0.9625 -0.0645
vn -0.6068 0.2646 0.7495
vn -0.2162 0.9735 -0.0741
vn -0.2854 0.9569 0.0532
vn -0.1978 0.9708 0.1357
vn -0.2209 0.8755 -0.4298
vn -0.4789 -0.0513 -0.8764
vn -0.1372 -0.1631 -0.9770
vn -0.4407 0.0946 0.8927
vn -0.1647 -0.0918 -0.9821
vn -0.3934 0.1729 0.9030
vn 0.0540 -0.1312 -0.9899
vn -0.1530 -0.1972 -0.9684
vn -0.1595 0.1161 0.9804
vn -0.2241 -0.1452 -0.9637
vn -0.0765 0.2188 0.9728
vn -0.0019 -0.2029 -0.9792
vn -0.0034 0.0894 0.9960
vn -0.0931 0.1163 0.9888
vn 0.0929 -0.1352 -0.9865
vn -0.0200 0.1377 0.9903
vn 0.4597 0.1695 0.8717
vn 0.0731 0.1845 0.9801
vn 0.5387 -0.0493 -0.8410
vn 0.2721 -0.1642 -0.9482
vn 0.1923 0.1093 0.9752
vn 0.1540 -0.1199 -0.9808
vn 0.3116 0.1960 0.9298
vn 0.4960 -0.0133 -0.8682
vn 0.2906 0.2626 -0.9201
vn 0.4318 0.1455 0.8902
vn 0.6514 -0.1558 -0.7425
vn 0.1866 0.0993 0.9774
vn 0.4734 -0.1114 -0.8738
vn 0.4524 0.1861 0.8722
vn 0.5919 -0.0784 -0.8022
vn 0.6669 0.1994 0.7180
vn 0.5632 -0.1734 -0.8079
vn 0.4758 -0.1170 -0.8717
vn 0.4342 0.1848 0.8817
vn 0.4159 0.1781 0.8918
vn 0.5803 -0.1032 -0.8079
vn 0.7040 -0.0275 -0.7096
vn 0.6628 0.1705 0.7291
vn 0.9048 -0.0922 -0.4157
vn 0.8375 0.0514 0.5441
vn 0.6380 -0.1739 -0.7501
vn 0.6421 -0.1960 -0.7411
vn 0.7795 -0.0241 -0.6259
vn 0.6610 0.2055 0.7217
vn 0.7225 0.1007 0.6840
vn 0.7668 0.1247 0.6296
vn 0.9368 -0.0442 -0.3471
vn 0.7472 -0.1129 -0.6549
vn 0.6668 0.0982 0.7387
vn 0.7589 -0.0946 -0.6443
vn 0.9111 0.0608 0.4078
vn 0.5795 0.1246 0.8054
vn 0.7742 0.0607 0.6301
vn 0.7664 -0.0237 -0.6419
vn 0.8940 -0.0369 -0.4466
vn 0.9105 0.1039 0.4002
vn 0.9148 -0.0372 -0.4021
vn 0.8016 0.1040 0.5888
vn 0.9300 0.0650 0.3617
vn 0.9053 -0.0621 0.4202
vn 0.8148 0.0704 0.5754
vn 0.8239 -0.0767 -0.5615
vn 0.8256 0.0756 0.5592
vn 0.9577 -0.1016 -0.2692
vn 0.9268 0.1467 0.3458
vn 0.8808 0.0135 -0.4733
vn 0.8749 0.0019 -0.4844
vn 0.8642 0.1386 0.4836
vn 0.9223 0.0972 -0.3741
vn 0.9623 0.0651 0.2642
vn 0.9650 0.0492 -0.2577
vn -0.8945 -0.3977 -0.2042
vn -0.8248 -0.5605 0.0746
vn -0.7389 -0.6412 0.2070
vn 0.7704 -0.1210 -0.6260
vn -0.8827 -0.3312 -0.3333
vn 0.8400 -0.1902 -0.5082
vn 0.8521 -0.0362 0.5222
vn -0.4653 -0.7845 0.4101
vn -0.8386 -0.2174 -0.4996
vn 0.9835 0.0512 0.1734
vn 0.9718 0.0335 0.2335
vn -0.7554 0.0161 -0.6551
vn -0.1987 -0.8504 0.4872
vn 0.1053 -0.9834 -0.1478
vn 0.9925 -0.1173 0.0336
vn 0.9648 -0.0859 -0.2488
vn 0.9456 0.0698 0.3178
vn -0.4268 0.4067 -0.8077
vn 0.8552 -0.0480 0.5161
vn 0.7412 -0.2021 0.6401
vn 0.2630 0.7122 -0.6508
vn 0.6189 0.5233 -0.5857
vn 0.6978 0.2617 0.6667
vn 0.7447 0.4365 0.5049
vn 0.6944 0.5944 -0.4056
vn 0.7452 0.6534 0.1329
vn 0.1068 -0.9937 -0.0339
vn -0.0905 -0.9952 -0.0368
vn 0.1666 -0.9854 0.0364
vn 0.0618 -0.9946 0.0832
vn 0.0280 -0.9744 0.2231
vn -0.2018 -0.5440 -0.8144
vn -0.3563 -0.2936 0.8871
vn -0.2089 0.5004 -0.8402
vn 0.0496 0.4982 0.8656
vn 0.0147 0.9465 -0.3224
vn -0.0094 0.9873 -0.1583
vn -0.2204 0.1489 0.9640
vn -0.2853 0.0621 0.9564
vn -0.0170 -0.1285 -0.9916
vn -0.1991 0.1176 0.9729
vn 0.3964 -0.1785 -0.9005
vn 0.3290 -0.0080 -0.9443
vn -0.2713 0.2277 0.9352
vn 0.2244 -0.1201 -0.9671
vn 0.2378 0.1553 0.9588
vn 0.2553 0.2274 0.9397
vn 0.2347 -0.2950 -0.9262
vn 0.4111 -0.1874 -0.8921
vn -0.0503 0.1089 0.9928
vn 0.2686 0.1644 0.9491
vn 0.3105 -0.1303 -0.9416
vn 0.4424 -0.1387 -0.8860
vn 0.2756 0.1031 0.9557
vn 0.2798 0.1100 0.9537
vn 0.2429 0.1211 0.9625
vn 0.2895 0.2652 0.9197
vn 0.4364 -0.1669 -0.8841
vn 0.3201 0.1605 0.9337
vn 0.2899 -0.2545 -0.9226
vn 0.3970 0.0626 0.9157
vn 0.6641 -0.0385 -0.7467
vn 0.6809 -0.2623 -0.6838
vn 0.2428 0.0403 0.9693
vn 0.4571 0.1505 0.8766
vn 0.6347 0.1873 0.7497
vn 0.7814 -0.0300 -0.6233
vn 0.7634 -0.0635 -0.6428
vn 0.7497 0.1538 0.6436
vn 0.5844 0.0885 0.8066
vn 0.8931 -0.0847 -0.4418
vn 0.8457 -0.0319 -0.5326
vn 0.8103 0.1595 0.5639
vn 0.6431 0.1144 0.7572
vn 0.8685 0.1291 0.4785
vn 0.9280 -0.0334 -0.3712
vn 0.7572 0.1516 0.6354
vn 0.9348 0.0227 0.3546
vn 0.8355 -0.1233 -0.5355
vn 0.9733 -0.0263 -0.2279
vn 0.6720 0.2475 0.6980
vn 0.8042 0.1442 0.5766
vn 0.7944 -0.0660 -0.6038
vn 0.9242 0.0933 0.3704
vn 0.8549 0.1478 0.4973
vn 0.8855 -0.1136 -0.4506
vn 0.9912 0.0396 -0.1263
vn 0.8727 0.1707 0.4574
vn 0.9689 -0.0214 -0.2467
vn 0.9794 -0.0189 -0.2010
vn 0.9072 0.1181 0.4038
vn 0.9294 0.1458 0.3391
vn 0.9897 0.0863 0.1142
vn 0.9795 0.0084 -0.2015
vn 0.8407 0.1842 0.5093
vn 0.9609 -0.0127 -0.2765
vn 0.9859 0.0284 -0.1652
vn 0.9966 -0.0052 0.0823
vn 0.9986 -0.0272 -0.0457
vn 0.9646 -0.1698 -0.2019
vn 0.8266 -0.2461 0.5062
vn 0.7831 0.3445 0.5178
vn 0.9706 -0.0166 0.2401
vn 0.9806 0.0572 0.1877
vn 0.9385 0.2824 -0.1988
vn 0.9468 0.0613 0.3161
vn 0.9686 0.0950 0.2299
vn 0.9952 0.0705 -0.0677
vn 0.9926 0.0620 0.1042
vn 0.9790 0.0618 0.1943
vn -0.7279 -0.6320 0.2661
vn 0.9339 0.1310 0.3325
vn -0.6711 -0.6448 0.3660
vn -0.8726 -0.2317 -0.4300
vn 0.9971 0.0676 -0.0344
vn -0.5748 -0.6841 0.4491
vn -0.8048 -0.1489 -0.5746
vn -0.4938 -0.7097 0.5025
vn 0.9984 -0.0282 0.0491
vn 0.1433 -0.8321 0.5358
vn 0.9905 -0.0529 -0.1268
vn -0.5890 0.1985 -0.7834
vn -0.6793 0.1746 -0.7128
vn -0.5505 0.3386 -0.7631
vn 0.6724 -0.5268 0.5200
vn 0.5215 -0.7592 0.3893
vn -0.4051 0.4580 -0.7913
vn 0.9134 -0.1487 0.3790
vn 0.8329 -0.1394 0.5356
vn 0.1268 0.6996 -0.7032
vn 0.8212 -0.1687 0.5451
vn 0.8189 -0.1823 0.5442
vn 0.1628 0.6762 -0.7185
vn 0.7664 -0.0676 0.6388
vn 0.5178 0.7224 -0.4582
vn 0.4909 0.7492 -0.4447
vn 0.4832 0.7378 -0.4714
vn 0.6471 0.6509 -0.3971
vn 0.7348 0.5378 -0.4133
vn 0.7834 0.2588 0.5651
vn 0.7783 0.4630 -0.4242
vn 0.7101 0.4973 -0.4984
vn 0.7655 0.5310 -0.3634
vn 0.7846 0.5043 0.3607
vn 0.8817 0.4681 -0.0586
vn 0.8183 0.5250 0.2340
vn 0.0091 -0.9948 0.1018
vn 0.0661 -0.9916 0.1109
vn 0.0944 -0.9859 0.1384
vn -0.0780 -0.8978 0.4335
vn 0.2968 -0.4387 0.8482
vn 0.2590 0.7080 0.6570
vn 0.2585 0.9244 -0.2805
vn 0.1131 0.9896 -0.0894
vn -0.0455 0.9867 -0.1562
vn 0.0093 0.9978 -0.0661
vn 0.0601 0.6278 -0.7761
vn 0.1782 0.1081 0.9780
vn 0.2493 -0.2004 -0.9475
vn 0.2145 0.1753 0.9609
vn 0.0239 -0.2025 -0.9790
vn 0.2493 -0.2153 -0.9442
vn 0.1026 0.2173 0.9707
vn 0.5947 0.2339 0.7692
vn 0.6360 -0.0813 -0.7674
vn 0.7406 0.0085 0.6718
vn 0.4515 0.0877 0.8880
vn 0.1853 -0.1872 -0.9647
vn 0.6409 -0.0348 -0.7669
vn 0.5331 -0.0818 -0.8421
vn -0.0062 0.0747 0.9972
vn 0.2809 0.2318 0.9313
vn 0.2812 0.1359 0.9500
vn 0.1497 -0.5719 -0.8066
vn 0.5805 -0.1522 -0.7999
vn 0.5684 0.1957 0.7992
vn 0.7055 -0.1081 -0.7005
vn 0.4884 -0.1467 -0.8602
vn 0.6608 0.1080 0.7428
vn 0.7831 -0.0147 -0.6217
vn 0.5949 -0.0408 -0.8028
vn 0.8898 -0.1240 -0.4392
vn 0.6969 0.0714 0.7136
vn 0.5944 -0.0433 -0.8030
vn 0.5480 0.1331 0.8258
vn 0.7312 -0.1204 -0.6714
vn 0.7917 0.1040 0.6020
vn 0.6527 0.1224 0.7477
vn 0.8244 0.1299 0.5508
vn 0.7435 -0.1517 -0.6513
vn 0.8774 -0.0949 -0.4703
vn 0.6397 0.0854 0.7639
vn 0.8983 -0.0276 -0.4385
vn 0.7164 -0.1549 -0.6803
vn 0.6680 0.0887 0.7389
vn 0.9400 0.0547 -0.3368
vn 0.8503 0.0248 0.5257
vn 0.7873 0.1618 0.5950
vn 0.9543 0.0253 -0.2977
vn 0.6940 0.1863 0.6955
vn 0.9079 0.1186 0.4022
vn 0.9896 -0.0230 -0.1417
vn 0.8333 -0.0684 -0.5486
vn 0.9465 -0.1082 -0.3040
vn 0.7460 0.0036 0.6659
vn 0.8078 0.0253 0.5889
vn 0.8593 0.0445 0.5095
vn 0.8584 0.0933 0.5045
vn 0.9329 0.0494 -0.3567
vn 0.9098 0.0807 0.4071
vn 0.9568 0.0500 -0.2863
vn 0.9899 0.0836 0.1143
vn 0.9364 0.0109 -0.3508
vn 0.9226 0.0954 0.3738
vn 0.9024 0.1419 0.4070
vn 0.9879 0.0347 0.1511
vn 0.9445 -0.1601 0.2868
vn 0.8897 0.0865 0.4482
vn 0.9999 -0.0162 -0.0000
vn 0.9480 -0.0305 -0.3168
vn 0.9900 0.0854 0.1123
vn 0.9472 0.1056 0.3028
vn 0.9781 0.0462 -0.2031
vn 0.9429 0.1393 0.3026
vn 0.9700 0.0716 0.2322
vn 0.9902 0.1127 0.0822
vn 0.9749 0.1370 0.1753
vn 0.9576 0.0817 0.2763
vn 0.9996 -0.0067 0.0267
vn 0.9997 0.0212 -0.0144
vn 0.9864 0.0476 0.1572
vn -0.8798 -0.4686 -0.0799
vn -0.8194 -0.5527 0.1520
vn -0.8943 -0.3651 -0.2589
vn -0.5670 -0.6507 0.5051
vn -0.8550 -0.2183 -0.4705
vn -0.3944 -0.7126 0.5802
vn -0.5261 -0.2349 -0.8173
vn -0.7017 0.0060 -0.7124
vn -0.3713 -0.7468 0.5517
vn -0.3609 0.4831 -0.7977
vn 0.7284 -0.1307 0.6725
vn 0.7747 -0.1605 0.6116
vn 0.2119 0.6945 -0.6876
vn 0.8608 -0.1723 0.4789
vn 0.4145 0.7483 -0.5180
vn 0.8920 0.0017 0.4520
vn 0.9341 0.1538 0.3221
vn 0.8395 0.1397 0.5251
vn 0.8209 0.4644 -0.3324
vn 0.8769 0.3454 0.3342
vn 0.8937 0.4058 -0.1912
vn 0.8161 0.5550 -0.1610
vn 0.8969 0.4349 0.0799
vn 0.1815 -0.9800 -0.0815
vn 0.0942 -0.9940 -0.0558
vn 0.0797 -0.9968 0.0112
vn 0.3034 -0.9401 0.1555
vn 0.0675 -0.9478 -0.3116
vn 0.2734 -0.8920 -0.3600
vn 0.6474 -0.0434 -0.7609
vn 0.3775 0.2085 0.9022
vn 0.3107 0.3002 -0.9019
vn 0.4258 0.6639 0.6147
vn 0.5973 0.3433 0.7248
vn -0.0574 0.9964 -0.0632
vn 0.0557 0.9959 -0.0715
vn 0.1175 0.9887 -0.0931
vn 0.1157 0.9906 0.0732
vn 0.1978 0.9801 -0.0181
vn 0.1824 0.1438 0.9726
vn 0.1350 0.1836 0.9737
vn 0.0592 0.1550 -0.9861
vn 0.3315 0.1310 0.9343
vn 0.5942 -0.1361 -0.7927
vn 0.6123 0.0886 0.7857
vn 0.8297 -0.0486 -0.5561
vn 0.4155 -0.1305 -0.9002
vn 0.6121 0.1911 0.7673
vn 0.4667 0.1258 0.8754
vn 0.4818 0.1297 0.8667
vn 0.5593 -0.1036 -0.8225
vn 0.4423 0.1484 0.8845
vn 0.5579 0.0944 0.8245
vn 0.7273 0.1257 0.6747
vn 0.3678 0.1728 0.9137
vn 0.6920 0.1452 0.7071
vn 0.5445 -0.0809 -0.8348
vn 0.5188 0.1712 0.8376
vn 0.6788 0.1216 0.7242
vn 0.7486 -0.2643 -0.6081
vn 0.5753 0.1060 0.8111
vn 0.6939 -0.1351 -0.7073
vn 0.6411 -0.1221 -0.7577
vn 0.5673 0.1028 0.8170
vn 0.8087 0.0008 0.5882
vn 0.8753 -0.2295 -0.4256
vn 0.7666 0.1248 0.6299
vn 0.9503 -0.0017 -0.3115
vn 0.6881 0.0829 0.7209
vn 0.8628 -0.0713 -0.5005
vn 0.6309 0.1254 0.7657
vn 0.9549 -0.1684 -0.2444
vn 0.8826 0.0482 0.4677
vn 0.8017 -0.0865 -0.5914
vn 0.7171 0.1812 0.6730
vn 0.8533 -0.0047 -0.5214
vn 0.8806 0.0775 0.4674
vn 0.9679 -0.0532 -0.2455
vn 0.9000 -0.0913 -0.4262
vn 0.9516 0.0563 0.3022
vn 0.5955 0.0904 0.7983
vn 0.8413 0.1099 0.5293
vn 0.9588 0.0498 -0.2796
vn 0.9341 0.0733 0.3495
vn 0.9625 0.0828 0.2585
vn 0.8847 0.1145 0.4519
vn 0.9888 0.1193 0.0894
vn 0.8650 0.1629 0.4746
vn 0.9944 0.0999 0.0355
vn 0.9396 0.0112 0.3420
vn 0.9588 -0.2436 0.1461
vn 0.9881 0.1215 -0.0943
vn 0.9772 0.0037 0.2122
vn 0.9760 -0.2157 -0.0305
vn 0.9811 0.0951 0.1683
vn 0.9961 0.0803 0.0372
vn -0.7277 -0.5987 0.3347
vn -0.7204 -0.5924 -0.3608
vn -0.7834 -0.5572 0.2753
vn -0.8242 -0.1595 -0.5433
vn -0.8830 -0.2908 -0.3685
vn -0.7589 -0.0433 -0.6498
vn 0.0168 -0.6761 0.7366
vn -0.5936 0.1559 -0.7895
vn 0.3633 -0.4317 0.8256
vn -0.3389 0.4470 -0.8279
vn -0.2313 0.5674 -0.7903
vn 0.8233 -0.1838 0.5370
vn 0.9145 -0.0160 0.4044
vn 0.3713 0.7270 -0.5775
vn 0.9680 0.0782 0.2386
vn 0.9198 0.1563 -0.3598
vn 0.8275 0.5313 -0.1817
vn 0.8532 0.4908 -0.1764
vn 0.9530 0.3010 -0.0353
vn 0.9550 0.2817 0.0926
vn 0.9690 0.1383 0.2045
vn 0.2632 -0.9643 -0.0277
vn 0.4127 -0.9100 0.0398
vn 0.2205 -0.9696 0.1057
vn 0.1829 -0.9745 -0.1298
vn 0.3685 -0.7362 -0.5677
vn 0.5123 -0.7598 0.4003
vn 0.3753 0.7885 -0.4872
vn 0.2039 0.9770 -0.0618
vn 0.1179 0.9912 -0.0604
vn 0.2200 0.9749 0.0348
vn 0.1935 0.0451 -0.9801
vn 0.3842 0.0834 0.9195
vn 0.5372 -0.1532 -0.8295
vn 0.7397 0.1308 0.6601
vn 0.5700 -0.0784 -0.8179
vn 0.4659 0.2340 0.8533
vn 0.7461 -0.0081 0.6657
vn 0.6022 -0.0713 -0.7951
vn 0.6762 0.2231 0.7021
vn 0.6964 0.1849 0.6935
vn 0.5827 -0.1718 -0.7943
vn 0.7866 0.0065 0.6175
vn 0.7886 0.0446 -0.6133
vn 0.6431 0.1329 0.7541
vn 0.6594 -0.0597 -0.7494
vn 0.6782 0.1617 0.7169
vn 0.9322 0.0764 -0.3538
vn 0.8781 0.2285 0.4205
vn 0.7737 0.0039 0.6336
vn 0.8568 -0.3194 -0.4048
vn 0.5345 -0.1766 -0.8265
vn 0.9866 0.0148 -0.1623
vn 0.8482 0.0637 0.5258
vn 0.8570 0.1140 0.5026
vn 0.8633 -0.0410 -0.5031
vn 0.9046 0.1157 0.4103
vn 0.8310 0.3212 0.4542
vn 0.6557 0.1255 0.7445
vn 0.9389 -0.0645 -0.3381
vn 0.8432 0.0557 0.5347
vn 0.7271 0.0675 0.6832
vn 0.9100 -0.0381 -0.4129
vn 0.9211 0.0956 0.3775
vn 0.9825 0.0271 -0.1845
vn 0.8946 0.0469 -0.4444
vn 0.9805 0.0504 -0.1897
vn 0.7569 0.1384 0.6387
vn 0.9449 0.1127 0.3073
vn 0.8822 0.1692 0.4395
vn 0.8711 0.1664 0.4621
vn 0.9804 0.0437 0.1923
vn 0.8256 -0.4233 0.3731
vn 0.9829 -0.0175 0.1833
vn 0.9387 0.0294 0.3435
vn 0.9984 -0.0210 -0.0521
vn 0.9659 0.1016 0.2382
vn 0.9775 0.1874 -0.0970
vn 0.9923 -0.0781 0.0958
vn 0.9910 0.0525 -0.1235
vn 0.9894 0.1340 -0.0553
vn 0.9844 0.1003 -0.1442
vn 0.9966 0.0253 0.0782
vn 0.9990 0.0249 -0.0362
vn 0.9898 0.0193 -0.1414
vn -0.8462 -0.5325 0.0204
vn -0.7848 -0.6081 0.1197
vn -0.7034 -0.6336 0.3223
vn -0.8868 -0.3701 -0.2768
vn -0.8931 -0.2953 -0.3395
vn -0.8422 -0.1833 -0.5070
vn -0.4684 -0.5991 0.6494
vn -0.3879 -0.6955 0.6048
vn -0.2251 -0.6934 0.6845
vn 0.1866 -0.5384 0.8217
vn 0.4931 -0.2538 0.8321
vn 0.5930 -0.3897 0.7046
vn -0.2257 0.5644 -0.7941
vn -0.0167 0.6331 -0.7739
vn 0.2112 0.6683 -0.7133
vn 0.2606 0.7020 -0.6628
vn 0.9072 0.0239 0.4201
vn 0.9474 0.1358 0.2899
vn 0.9294 0.3607 0.0778
vn 0.9634 0.2280 0.1413
vn 0.3793 -0.9234 0.0594
vn 0.5377 -0.8354 -0.1135
vn 0.3418 -0.9143 0.2171
vn 0.6141 -0.7323 -0.2942
vn 0.6462 -0.5517 0.5273
vn 0.7452 0.1348 0.6531
vn 0.2879 0.9427 -0.1686
vn 0.3366 0.9376 -0.0869
vn 0.2039 0.9771 -0.0610
vn 0.3541 0.9303 -0.0955
vn 0.2653 0.9605 -0.0843
vn 0.4046 0.5499 -0.7307
vn 0.6725 -0.0915 -0.7344
vn 0.8306 -0.0199 -0.5565
vn 0.7345 0.1230 0.6673
vn 0.5868 -0.0831 -0.8054
vn 0.8474 -0.1278 -0.5154
vn 0.5874 0.0973 0.8035
vn 0.7927 0.1024 0.6010
vn 0.7365 -0.1129 -0.6669
vn 0.4842 -0.0215 0.8747
vn 0.8254 0.2239 0.5183
vn 0.8701 -0.0916 -0.4843
vn 0.8526 0.1696 0.4943
vn 0.9826 -0.0117 -0.1852
vn 0.7605 -0.1405 -0.6339
vn 0.9021 -0.0939 -0.4212
vn 0.7729 0.0922 0.6278
vn 0.8082 0.1010 0.5802
vn 0.9359 -0.0230 -0.3515
vn 0.9180 0.0855 0.3872
vn 0.8006 0.0740 0.5946
vn 0.8645 0.0110 -0.5024
vn 0.9254 0.0736 0.3717
vn 0.9959 0.0439 0.0787
vn 0.9862 0.0368 0.1615
vn 0.9835 0.1283 0.1275
vn 0.9650 0.0312 0.2602
vn 0.9979 -0.0411 0.0491
vn 0.9862 0.1350 -0.0961
vn 0.9905 0.0042 -0.1376
vn 0.9865 0.0844 0.1404
vn 0.9642 0.1169 0.2379
vn 0.9981 0.0615 0.0038
vn 0.9316 -0.0478 -0.3603
vn 0.9227 0.1063 0.3706
vn 0.9894 0.0961 0.1086
vn 0.9959 -0.0057 0.0899
vn 0.9177 0.0401 0.3952
vn 0.9950 -0.0066 0.0996
vn 0.9998 0.0202 -0.0032
vn 0.9071 0.0681 0.4153
vn 0.9848 0.0850 0.1517
vn 0.9921 0.0897 0.0881
vn -0.8714 -0.4422 -0.2125
vn -0.5961 -0.6454 0.4776
vn -0.9013 -0.3707 -0.2241
vn -0.8693 -0.1707 -0.4638
vn -0.5118 -0.6422 0.5707
vn -0.4863 -0.6405 0.5943
vn -0.7091 0.0942 -0.6988
vn -0.2727 -0.6347 0.7231
vn -0.1274 -0.6232 0.7716
vn 0.0019 -0.6378 0.7702
vn -0.5923 0.1742 -0.7867
vn 0.3629 -0.4998 0.7865
vn -0.0960 0.5905 -0.8013
vn -0.0265 0.6538 -0.7562
vn 0.5742 -0.1465 0.8055
vn 0.1344 0.7052 -0.6961
vn 0.0407 0.6517 -0.7574
vn 0.7382 0.0755 0.6703
vn 0.8442 -0.0118 0.5359
vn 0.4253 0.7336 -0.5301
vn 0.8936 0.2361 0.3817
vn 0.5572 0.7479 -0.3607
vn 0.7756 0.6085 -0.1677
vn 0.3122 -0.9483 -0.0570
vn 0.5320 -0.8468 -0.0007
vn 0.5274 -0.8480 0.0522
vn 0.1823 -0.9518 -0.2465
vn 0.4593 -0.8788 -0.1294
vn 0.3231 -0.9388 0.1198
vn 0.6543 -0.7333 0.1848
vn 0.6820 -0.5598 0.4706
vn 0.6878 -0.7134 0.1344
vn 0.7823 -0.4042 -0.4740
vn 0.7493 0.4878 -0.4478
vn 0.8505 0.2791 0.4458
vn 0.8464 0.2165 0.4866
vn 0.3853 0.8834 -0.2667
vn 0.5326 0.7440 -0.4034
vn 0.7707 0.4217 0.4777
vn 0.4696 0.8796 -0.0763
vn 0.6743 0.7240 -0.1455
vn 0.7598 0.6456 -0.0764
vn 0.2094 0.9760 -0.0593
vn 0.3918 0.9134 -0.1105
vn 0.3410 0.9372 0.0728
vn 0.7495 0.6153 -0.2443
vn 0.9353 0.3303 -0.1272
vn 0.8899 0.0006 0.4562
vn 0.6577 0.0467 0.7519
vn 0.8372 0.0267 -0.5463
vn 0.6211 0.1564 0.7679
vn 0.9353 -0.0426 -0.3513
vn 0.8876 -0.0519 -0.4577
vn 0.9540 0.0728 0.2909
vn 0.9188 -0.0641 0.3894
vn 0.9147 0.1284 0.3832
vn 0.9868 -0.0445 -0.1558
vn 0.9931 -0.0058 -0.1172
vn 0.9092 0.0416 0.4144
vn 0.9157 0.0815 0.3934
vn 0.9481 -0.0245 -0.3172
vn 0.8781 0.2222 0.4237
vn 0.9841 0.0831 0.1567
vn 0.9772 0.0517 -0.2057
vn 0.9326 0.1442 0.3309
vn 0.9925 0.1153 0.0403
vn 0.9922 -0.0263 -0.1216
vn 0.9886 -0.0116 0.1501
vn 0.9696 0.0426 0.2410
vn 0.9986 0.0529 -0.0035
vn 0.9377 0.0232 0.3467
vn 0.9965 -0.0764 0.0337
vn 0.9471 0.0559 0.3161
vn 0.9983 0.0362 0.0451
vn 0.9566 0.1505 -0.2497
vn -0.8617 -0.4182 -0.2873
vn -0.8389 -0.5379 -0.0829
vn -0.7748 -0.6222 0.1121
vn -0.7277 -0.6547 0.2046
vn -0.8909 -0.3695 -0.2640
vn -0.6519 -0.6760 0.3436
vn -0.8802 -0.2569 -0.3992
vn -0.5065 -0.6364 0.5817
vn -0.8435 -0.1032 -0.5272
vn -0.2488 -0.7256 0.6415
vn 0.7107 -0.5777 0.4015
vn -0.3744 0.3751 -0.8480
vn 0.3279 0.7437 -0.5826
vn 0.8443 0.3581 0.3987
vn 0.5075 0.7329 -0.4532
vn 0.8372 0.3846 0.3888
vn 0.5597 0.7308 -0.3908
vn 0.6833 0.6994 -0.2099
vn 0.8012 0.5971 0.0377
vn 0.8586 0.4903 0.1495
vn 0.4104 -0.9115 -0.0263
vn 0.6224 -0.7827 -0.0080
vn 0.5129 -0.8336 0.2050
vn 0.8792 -0.3907 0.2729
vn 0.8807 0.2248 -0.4170
vn 0.9273 -0.0820 0.3653
vn 0.9388 -0.0373 -0.3424
vn 0.9236 0.2168 0.3162
vn 0.4895 0.8669 -0.0947
vn 0.2992 0.9536 0.0346
vn 0.5089 0.8602 0.0338
vn 0.4648 0.8854 0.0074
vn 0.4660 0.8831 0.0539
vn 0.6036 0.7925 0.0872
vn 0.9900 -0.0794 0.1162
vn 0.8926 0.1792 0.4136
vn 0.9863 0.0083 0.1645
vn 0.9876 0.0531 -0.1476
vn 0.9265 0.2899 0.2400
vn 0.9432 0.0506 0.3283
vn 0.9981 -0.0058 -0.0608
vn 0.9317 0.1034 0.3481
vn 0.9953 0.0111 -0.0959
vn 0.9946 -0.0116 0.1029
vn 0.9859 0.0632 0.1549
vn 0.9916 0.0690 -0.1097
vn 0.9980 0.0631 -0.0036
vn -0.8719 -0.4679 -0.1446
vn -0.6051 -0.7453 0.2801
vn -0.8819 -0.3095 -0.3558
vn -0.7624 0.0595 -0.6444
vn -0.3580 -0.6068 0.7097
vn -0.6319 0.1753 -0.7550
vn -0.4399 0.3762 -0.8154
vn 0.0754 -0.5835 0.8086
vn 0.0486 -0.7456 0.6646
vn -0.2249 0.4764 -0.8500
vn -0.0578 0.6186 -0.7836
vn 0.3810 -0.3829 0.8415
vn 0.2227 0.7205 -0.6567
vn 0.7904 0.2006 0.5788
vn 0.5365 0.7518 -0.3834
vn 0.7821 0.5796 0.2289
vn 0.6787 -0.7315 0.0651
vn 0.8044 -0.5825 0.1165
vn 0.9709 0.0959 -0.2196
vn 0.8012 -0.5808 -0.1442
vn 0.9740 -0.1287 0.1865
vn 0.9469 -0.1819 0.2650
vn 0.8294 -0.5039 -0.2411
vn 0.6669 0.7035 -0.2457
vn 0.8713 0.4858 0.0696
vn 0.9024 0.3942 0.1741
vn 0.8844 0.4003 0.2401
vn 0.5824 0.8068 -0.0995
vn 0.5959 0.7953 -0.1114
vn 0.7108 0.6961 0.1010
vn -0.8528 -0.5211 -0.0349
vn -0.6999 -0.6550 0.2848
vn -0.8972 -0.3846 -0.2170
vn -0.5677 -0.7149 0.4082
vn -0.9023 -0.2066 -0.3784
vn -0.5234 -0.6977 0.4891
vn -0.8714 -0.1876 -0.4532
vn -0.3822 -0.7071 0.5949
vn -0.7665 0.0432 -0.6408
vn -0.4135 -0.6577 0.6296
vn -0.2481 -0.6380 0.7290
vn -0.2598 -0.5801 0.7720
vn -0.5512 0.3525 -0.7563
vn 0.2329 -0.3945 0.8889
vn -0.3002 -0.1609 -0.9402
vn 0.0126 0.6064 -0.7951
vn 0.1499 0.6992 -0.6990
vn 0.6246 -0.0685 0.7779
vn 0.3466 0.7367 -0.5806
vn 0.7123 0.0549 0.6997
vn 0.7922 0.3341 0.5107
vn 0.5830 0.7379 -0.3400
vn 0.6906 0.7091 -0.1421
vn 0.7972 0.5963 0.0949
vn 0.8240 0.5420 0.1653
vn 0.6558 -0.7476 -0.1054
vn 0.8158 -0.5769 0.0405
vn 0.8630 -0.5041 0.0339
vn 0.9582 -0.1455 0.2463
vn 0.9441 -0.0900 -0.3172
vn 0.8818 -0.4437 -0.1598
vn 0.8799 0.4282 -0.2062
vn 0.9854 0.0203 -0.1688
vn 0.9319 0.3341 -0.1414
vn 0.8914 0.4192 0.1722
vn 0.9487 0.2653 0.1720
vn 0.8021 0.5909 -0.0861
vn 0.9033 0.4265 -0.0475
vn 0.9492 0.2956 0.1075
vn 0.7936 0.5992 0.1053
vn 0.7811 0.6235 -0.0350
vn 0.8028 0.5946 -0.0446
vn 0.7740 0.6332 -0.0051
vn 0.8796 0.4725 0.0553
vn 0.8298 0.5575 0.0249
vn -0.8661 -0.4998 0.0124
vn -0.7677 -0.6177 0.1709
vn -0.9010 -0.4163 -0.1223
vn -0.5331 -0.7068 0.4651
vn -0.9101 -0.2890 -0.2970
vn -0.8586 -0.1160 -0.4994
vn -0.3993 -0.6745 0.6210
vn 0.2570 -0.4047 0.8776
vn -0.2906 0.4955 -0.8185
vn 0.5369 -0.2242 0.8133
vn 0.7432 0.0920 0.6628
vn 0.7991 0.2450 0.5490
vn 0.5195 0.7411 -0.4254
vn 0.5103 0.7415 -0.4356
vn 0.8257 0.3718 0.4243
vn 0.8318 0.4552 0.3176
vn 0.7246 0.6883 -0.0339
vn 0.8806 -0.4683 -0.0730
vn 0.9273 -0.3743 0.0038
vn 0.9960 -0.0770 0.0455
vn 0.9970 0.0635 -0.0445
vn 0.9888 0.1061 -0.1049
vn 0.9892 0.1077 0.0990
vn 0.9329 0.3333 -0.1365
vn -0.8583 -0.5104 0.0532
vn -0.7915 -0.5780 0.1985
vn -0.6949 -0.6321 0.3427
vn -0.8951 -0.4359 -0.0935
vn -0.7139 -0.6124 0.3396
vn -0.8877 -0.3212 -0.3300
vn -0.6275 -0.6627 0.4088
vn -0.5094 -0.7131 0.4817
vn -0.8679 -0.1694 -0.4670
vn -0.3920 -0.7251 0.5662
vn -0.4041 -0.7065 0.5809
vn -0.7651 0.0066 -0.6439
vn -0.6725 0.1029 -0.7329
vn -0.5491 0.2667 -0.7921
vn -0.0612 -0.5918 0.8037
vn -0.3342 0.4214 -0.8430
vn -0.6437 0.1972 -0.7394
vn -0.0908 -0.5408 0.8362
vn -0.3730 0.3964 -0.8389
vn 0.3055 -0.3481 0.8863
vn 0.3233 0.6863 -0.6514
vn 0.6933 -0.0194 0.7204
vn -0.0528 0.6714 -0.7392
vn 0.8195 0.2458 0.5177
vn 0.3616 0.7506 -0.5530
vn 0.4381 0.7334 -0.5199
vn 0.8406 0.4524 0.2977
vn 0.7274 0.6772 -0.1105
vn 0.8090 0.5738 0.1279
vn 0.8448 0.3806 0.3761
vn 0.7787 0.6208 0.0903
vn -0.8580 -0.5133 0.0168
vn -0.9104 -0.2714 -0.3123
vn -0.9050 -0.3860 -0.1788
vn -0.8828 -0.1783 -0.4345
vn -0.4475 -0.6866 0.5730
vn -0.7788 -0.0063 -0.6273
vn -0.3057 -0.6803 0.6661
vn -0.0722 -0.5884 0.8053
vn -0.4181 0.4280 -0.8012
vn 0.2558 -0.4196 0.8709
vn -0.3859 0.6792 -0.6243
vn -0.1617 0.5502 -0.8192
vn 0.5384 -0.1955 0.8197
vn 0.1272 0.6718 -0.7297
vn 0.6646 -0.0746 0.7434
vn 0.5712 0.7022 -0.4251
vn 0.8381 0.3787 0.3927
vn 0.7773 0.5704 -0.2654
vn 0.7014 0.6802 -0.2131
vn 0.8193 0.5211 0.2392
vn -0.8872 -0.4324 -0.1613
vn -0.7580 -0.6145 0.2187
vn -0.6712 -0.6400 0.3740
vn -0.8604 -0.2670 -0.4341
vn -0.8338 -0.1058 -0.5419
vn -0.4532 -0.6665 0.5919
vn -0.3217 -0.6882 0.6503
vn -0.1408 -0.6390 0.7562
vn 0.3679 -0.3162 0.8745
vn 0.7641 0.0973 0.6377
vn 0.8251 0.2126 0.5234
vn 0.8593 0.3415 0.3807
vn 0.8587 0.4237 0.2882
vn 0.6984 0.6534 -0.2920
vn 0.8502 0.5072 0.1413
vn -0.8019 -0.5922 0.0790
vn -0.8445 -0.4224 -0.3293
vn -0.8790 -0.4123 -0.2396
vn -0.5457 -0.6615 0.5145
vn -0.8383 -0.1786 -0.5152
vn -0.5843 0.1891 -0.7892
vn 0.0216 -0.5663 0.8239
vn -0.3404 0.4097 -0.8464
vn 0.0846 0.6675 -0.7398
vn 0.1103 0.6978 -0.7078
vn 0.2525 0.7330 -0.6317
vn 0.7036 0.0416 0.7094
vn 0.2563 0.7542 -0.6045
vn 0.6023 0.2047 0.7715
vn 0.4509 0.7250 -0.5207
vn 0.5928 0.7304 -0.3393
vn 0.8756 0.2786 0.3947
vn 0.8458 0.2055 0.4923
vn 0.6364 0.7258 -0.2611
vn 0.8711 0.4141 0.2642
vn 0.7679 0.6235 -0.1470
vn 0.8075 0.5858 -0.0697
vn 0.8196 0.5704 0.0545
vn -0.8585 -0.4631 -0.2203
vn -0.7890 -0.6105 0.0689
vn -0.7754 -0.6251 -0.0891
vn -0.6855 -0.6715 0.2813
vn -0.8811 -0.2829 -0.3790
vn -0.3534 -0.6627 0.6603
vn -0.8395 -0.2202 -0.4968
vn -0.7724 -0.0419 -0.6338
vn -0.3419 -0.6656 0.6634
vn -0.2774 -0.6558 0.7021
vn -0.6192 0.1761 -0.7652
vn 0.5925 -0.1237 0.7960
vn -0.2798 0.5292 -0.8010
vn -0.1695 0.5845 -0.7935
vn -0.0705 0.6434 -0.7622
vn 0.1277 0.7128 -0.6896
vn 0.6222 -0.0422 0.7817
vn 0.3494 0.7642 -0.5422
vn 0.8007 0.1169 0.5876
vn 0.3832 0.7668 -0.5149
vn 0.8739 0.3922 0.2872
vn -0.7285 -0.6515 0.2118
vn -0.8723 -0.3548 -0.3365
vn -0.6161 -0.6760 0.4043
vn -0.8442 -0.3427 -0.4122
vn -0.8181 -0.2676 -0.5089
vn -0.8351 -0.0149 -0.5499
vn -0.5290 -0.6695 0.5215
vn -0.6914 0.0288 -0.7219
vn -0.6048 0.1811 -0.7755
vn -0.6189 0.1869 -0.7629
vn -0.0584 -0.5825 0.8107
vn -0.4583 0.2999 -0.8367
vn 0.2075 -0.4906 0.8463
vn 0.1890 -0.4575 0.8689
vn 0.2906 -0.4278 0.8559
vn 0.2623 0.7492 -0.6082
vn 0.7071 0.2675 0.6546
vn 0.5096 0.7418 -0.4358
vn 0.8407 0.2772 0.4651
vn 0.6078 0.7858 -0.1146
vn 0.8414 0.5352 0.0755
vn -0.8599 -0.4857 -0.1571
vn -0.8072 -0.5890 0.0378
vn -0.6897 -0.6661 0.2839
vn -0.8485 -0.3663 -0.3818
vn -0.8443 -0.4587 -0.2772
vn -0.8142 -0.0897 -0.5737
vn -0.3404 -0.6611 0.6686
vn -0.4128 0.3575 -0.8377
vn 0.2418 -0.4441 0.8627
vn -0.4180 0.3563 -0.8357
vn 0.0718 -0.5521 0.8307
vn -0.1900 0.5724 -0.7977
vn -0.1589 0.5506 -0.8195
vn -0.1090 0.5868 -0.8024
vn 0.4510 -0.1929 0.8714
vn 0.8324 0.1797 0.5243
vn 0.4638 0.7704 -0.4374
vn 0.5634 0.7578 -0.3291
vn 0.6458 0.7308 -0.2209
vn 0.8179 0.2959 0.4935
vn 0.8421 0.5256 0.1205
vn 0.8897 0.3935 0.2315
vn -0.8539 -0.5193 -0.0351
vn -0.7780 -0.6141 0.1327
vn -0.7096 -0.6573 0.2538
vn -0.9076 -0.2952 -0.2985
vn -0.8864 -0.3996 -0.2338
vn -0.8536 -0.1968 -0.4824
vn -0.5055 -0.6888 0.5196
vn -0.4810 -0.6821 0.5509
vn -0.7753 -0.0903 -0.6251
vn -0.1723 -0.6353 0.7528
vn -0.5613 0.2814 -0.7783
vn -0.5159 0.2894 -0.8063
vn 0.1498 -0.4921 0.8576
vn -0.2862 0.4228 -0.8599
vn 0.3272 -0.2937 0.8981
vn 0.6730 0.0423 0.7385
vn 0.3782 0.7501 -0.5425
vn 0.7697 0.2794 0.5740
vn 0.8300 0.3659 0.4210
vn 0.5379 0.7634 -0.3574
vn 0.8411 0.4839 0.2416
vn 0.7161 0.6924 -0.0885
vn 0.7524 0.6541 -0.0775
vn -0.9012 -0.3466 -0.2602
vn -0.8899 -0.4407 -0.1178
vn -0.3775 -0.6645 0.6450
vn -0.3588 -0.6702 0.6497
vn -0.7386 0.1964 -0.6449
vn -0.6547 0.2138 -0.7250
vn -0.0369 -0.5532 0.8322
vn 0.2286 -0.4439 0.8664
vn -0.3869 0.4122 -0.8248
vn 0.3007 0.7159 -0.6301
vn 0.7951 0.1371 0.5908
vn 0.8235 0.3050 0.4784
vn 0.4993 0.7640 -0.4086
vn 0.6509 0.7320 -0.2015
vn 0.8005 0.5778 0.1593
vn 0.8380 0.4622 0.2901
vn 0.8208 0.5640 0.0902
vn -0.8373 -0.5449 0.0456
vn -0.8377 -0.5416 0.0697
vn -0.7892 -0.5917 0.1642
vn -0.9142 -0.3289 -0.2368
vn -0.6231 -0.6832 0.3808
vn -0.8730 -0.2884 -0.3934
vn -0.8853 -0.2142 -0.4128
vn -0.4218 0.3908 -0.8182
vn 0.4074 -0.3603 0.8392
vn 0.4467 -0.2957 0.8444
vn 0.2067 0.6740 -0.7092
vn 0.6568 -0.0745 0.7503
vn 0.3103 0.7157 -0.6256
vn 0.4764 0.6767 -0.5614
vn 0.8226 0.2422 0.5144
vn 0.5230 0.7224 -0.4523
vn 0.5252 0.7483 -0.4053
vn 0.8411 0.4361 0.3201
vn 0.7976 0.5932 0.1092
vn -0.8895 -0.4464 -0.0974
vn -0.8916 -0.4046 -0.2031
vn -0.6456 -0.6748 0.3576
vn -0.7437 -0.6281 0.2290
vn -0.6112 -0.6888 0.3898
vn -0.8957 -0.2299 -0.3807
vn -0.6382 -0.6617 0.3935
vn -0.8644 -0.0815 -0.4961
vn -0.4859 -0.6809 0.5479
vn -0.3950 -0.6771 0.6209
vn -0.7445 0.0940 -0.6610
vn -0.6962 0.4163 -0.5848
vn -0.2766 -0.6340 0.7222
vn -0.2541 -0.6231 0.7397
vn -0.1389 -0.6079 0.7818
vn -0.4064 0.3264 -0.8534
vn 0.1086 0.2785 -0.9543
vn 0.3993 -0.3000 0.8663
vn -0.0525 0.5998 -0.7984
vn 0.0280 0.6343 -0.7726
vn 0.4750 0.7328 -0.4873
vn 0.4430 0.6942 -0.5673
vn 0.7838 0.1596 0.6001
vn 0.8547 0.2161 0.4719
vn 0.6364 0.6940 -0.3367
vn 0.8509 0.3467 0.3947
vn 0.7280 0.6785 -0.0985
vn 0.8224 0.5553 0.1236
vn -0.8309 -0.5550 0.0392
vn -0.8567 -0.5133 -0.0519
vn -0.6037 -0.7094 0.3637
vn -0.8525 -0.2241 -0.4723
vn -0.8836 -0.3537 -0.3068
vn -0.5144 -0.7030 0.4910
vn -0.8415 -0.1351 -0.5231
vn -0.3907 -0.6722 0.6289
vn -0.7924 -0.0149 -0.6099
vn -0.6885 0.1933 -0.6989
vn -0.5044 0.3546 -0.7873
vn 0.0452 -0.5510 0.8333
vn -0.2816 0.4929 -0.8232
vn -0.0975 0.6144 -0.7830
vn 0.5280 -0.2196 0.8204
vn 0.2893 0.7289 -0.6205
vn 0.7300 0.0699 0.6799
vn 0.7967 0.1209 0.5922
vn 0.5686 0.6844 -0.4564
vn 0.8397 0.3205 0.4383
vn 0.7050 0.6610 -0.2570
vn 0.8433 0.4654 0.2688
vn 0.8363 0.4794 0.2662
vn 0.6756 0.7030 -0.2223
vn 0.7844 0.6202 0.0074
vn -0.8233 -0.4264 -0.3746
vn -0.8753 -0.4117 -0.2538
vn -0.7985 -0.5983 0.0660
vn -0.8750 -0.2366 -0.4224
vn -0.5157 -0.7050 0.4869
vn -0.4372 -0.7028 0.5612
vn -0.2964 -0.6633 0.6872
vn -0.7732 0.1268 -0.6213
vn -0.1421 -0.5914 0.7938
vn -0.6218 0.2268 -0.7496
vn 0.1314 -0.4444 0.8861
vn -0.1712 0.5385 -0.8250
vn 0.2497 0.7551 -0.6061
vn 0.3682 0.7458 -0.5551
vn 0.8249 0.2781 0.4922
vn 0.7789 0.6199 -0.0953
vn 0.8372 0.5390 0.0928
vn -0.7628 -0.6169 -0.1941
vn -0.8199 -0.5663 0.0843
vn -0.8714 -0.4596 -0.1714
vn -0.7579 -0.6177 0.2099
vn -0.6681 -0.6728 0.3178
vn -0.8648 -0.3315 -0.3771
vn -0.3735 -0.7131 0.5933
vn -0.8180 -0.2564 -0.5149
vn -0.8137 -0.1290 -0.5668
vn -0.4410 -0.7319 0.5195
vn -0.0827 -0.6164 0.7831
vn 0.0905 -0.4558 0.8855
vn -0.2953 0.2996 -0.9072
vn 0.3636 -0.3503 0.8632
vn 0.4775 -0.2429 0.8444
vn 0.1488 0.7090 -0.6894
vn 0.6697 0.0813 0.7382
vn 0.4318 0.7623 -0.4821
vn 0.8279 0.2224 0.5150
vn 0.7711 0.1808 0.6105
vn 0.5451 0.7510 -0.3726
vn 0.8410 0.3417 0.4195
vn 0.6522 0.7065 -0.2749
vn 0.6933 0.6831 -0.2296
vn 0.8574 0.4766 0.1941
vn 0.6086 0.7834 0.1260
vn -0.8777 -0.4608 -0.1317
vn -0.8016 -0.5283 0.2799
vn -0.8255 -0.4609 -0.3258
vn -0.7653 -0.2918 -0.5738
vn -0.5347 -0.6396 0.5523
vn -0.5913 -0.6690 0.4503
vn -0.7797 -0.1484 -0.6084
vn -0.4985 -0.7046 0.5050
vn -0.7084 0.0324 -0.7051
vn -0.2707 -0.6940 0.6671
vn -0.6000 0.1953 -0.7758
vn 0.1304 -0.5301 0.8379
vn -0.4383 0.4283 -0.7902
vn -0.3924 0.2593 -0.8825
vn -0.2286 0.5333 -0.8145
vn -0.2432 0.4836 -0.8408
vn 0.2666 -0.4145 0.8701
vn -0.3499 0.4560 -0.8183
vn 0.5446 -0.1905 0.8168
vn 0.2879 0.7676 -0.5726
vn 0.6973 0.0716 0.7132
vn 0.3851 0.7822 -0.4898
vn 0.7006 0.6789 -0.2199
vn 0.7737 0.6244 -0.1069
vn -0.8640 -0.5030 -0.0204
vn -0.7736 -0.5994 0.2054
vn -0.8022 -0.5720 0.1713
vn -0.7060 -0.6248 0.3335
vn -0.8780 -0.3796 -0.2916
vn -0.5933 -0.6527 0.4711
vn -0.7639 -0.3407 -0.5481
vn -0.8944 -0.2545 -0.3677
vn -0.3674 -0.7101 0.6006
vn -0.2878 -0.7017 0.6517
vn -0.0329 -0.6294 0.7764
vn -0.3240 0.4733 -0.8191
vn 0.3720 -0.3183 0.8720
vn -0.0556 0.5967 -0.8005
vn 0.2242 0.6961 -0.6821
vn 0.7966 0.1587 0.5833
vn 0.4373 0.7826 -0.4431
vn 0.5761 0.7488 -0.3278
vn 0.8465 0.4830 0.2240
vn 0.7423 0.6582 -0.1252
vn 0.8397 0.5139 0.1756
vn -0.8950 -0.4025 -0.1924
vn -0.6606 -0.6348 0.4007
vn -0.9021 -0.2000 -0.3824
vn -0.6623 -0.6360 0.3961
vn -0.4808 -0.6329 0.6068
vn -0.8362 -0.1455 -0.5287
vn -0.4003 -0.6449 0.6510
vn -0.7232 -0.0052 -0.6907
vn -0.6452 0.0651 -0.7613
vn -0.0683 0.5857 -0.8076
vn 0.0966 0.6855 -0.7216
vn 0.6837 -0.0214 0.7294
vn 0.3773 0.7661 -0.5203
vn 0.7794 0.3150 0.5416
vn 0.5389 0.7729 -0.3350
vn 0.8279 0.3995 0.3938
vn 0.6383 0.7413 -0.2074
vn 0.8097 0.5840 0.0581
vn -0.8074 -0.5894 0.0279
vn -0.8973 -0.3826 -0.2203
vn -0.8624 -0.5019 -0.0661
vn -0.7130 -0.6534 0.2542
vn -0.8759 -0.4591 -0.1484
vn -0.5572 -0.6493 0.5176
vn -0.9054 -0.3097 -0.2903
vn -0.8865 -0.1878 -0.4230
vn -0.8825 -0.0339 -0.4692
vn -0.7863 0.0088 -0.6178
vn -0.2697 -0.6510 0.7096
vn -0.1670 -0.6699 0.7234
vn -0.2312 -0.6975 0.6782
vn -0.0351 -0.6420 0.7659
vn -0.3732 0.3987 -0.8377
vn 0.2583 -0.3735 0.8909
vn -0.2789 0.4695 -0.8377
vn 0.5018 -0.2457 0.8294
vn 0.7364 0.0262 0.6760
vn 0.3406 0.7232 -0.6008
vn 0.7941 0.2087 0.5708
vn 0.5224 0.7541 -0.3981
vn 0.5866 0.7668 -0.2606
vn 0.8242 0.2970 0.4822
vn 0.5673 0.7643 -0.3066
vn 0.8489 0.4567 0.2660
vn 0.6969 0.7134 -0.0736
vn 0.8367 0.5372 0.1065
vn 0.8315 0.5211 0.1924
vn -0.8171 -0.5761 -0.0219
vn -0.7691 -0.6233 0.1412
vn -0.8621 -0.4306 -0.2672
vn -0.8215 -0.5497 -0.1512
vn -0.6370 -0.6694 0.3823
vn -0.8184 -0.2751 -0.5045
vn -0.9158 -0.2398 -0.3223
vn -0.1389 -0.6529 0.7446
vn -0.2904 0.4641 -0.8368
vn 0.3637 -0.5124 0.7779
vn -0.1546 0.5595 -0.8143
vn 0.3401 -0.3046 0.8897
vn 0.5564 -0.1618 0.8150
vn 0.6634 -0.0602 0.7459
vn 0.8207 0.1682 0.5460
vn 0.4513 0.7289 -0.5148
vn 0.5432 0.7423 -0.3922
vn 0.8577 0.3405 0.3852
vn 0.6319 0.7294 -0.2621
vn 0.8407 0.5226 0.1420
vn 0.7189 0.6838 -0.1253
vn 0.7825 0.6227 -0.0030
vn -0.7154 -0.6458 0.2667
vn -0.7343 -0.5995 -0.3184
vn -0.6401 -0.6935 0.3306
vn -0.7860 -0.4280 -0.4460
vn -0.8475 -0.4070 -0.3408
vn -0.5029 -0.6813 0.5320
vn -0.6343 -0.3858 -0.6700
vn -0.7816 -0.1862 -0.5954
vn -0.7477 -0.0170 -0.6638
vn -0.2977 -0.4937 0.8171
vn -0.8386 -0.0662 -0.5408
vn -0.5984 0.2118 -0.7727
vn 0.1083 -0.5431 0.8326
vn -0.5187 0.2448 -0.8192
vn -0.4172 0.3391 -0.8432
vn 0.3554 -0.4134 0.8383
vn -0.2087 0.5443 -0.8125
vn 0.3751 -0.2913 0.8800
vn -0.1527 0.5638 -0.8117
vn 0.0055 0.6431 -0.7657
vn 0.0539 0.6541 -0.7545
vn 0.1924 0.6718 -0.7153
vn 0.2954 0.6812 -0.6698
vn 0.3970 0.6625 -0.6352
vn 0.7986 0.1466 0.5838
vn 0.4398 0.7190 -0.5381
vn 0.8535 0.4799 0.2031
vn 0.6754 0.7192 -0.1630
vn 0.8267 0.5455 0.1378
vn 0.8176 0.4715 0.3305
vn -0.6309 -0.7483 -0.2050
vn -0.7229 -0.6888 0.0548
vn -0.6561 -0.7053 0.2685
vn -0.5942 -0.6537 -0.4686
vn -0.4896 -0.7208 0.4906
vn -0.5450 -0.6966 0.4666
vn -0.4335 -0.6954 0.5731
vn -0.7109 -0.4211 -0.5633
vn -0.4514 -0.6425 0.6192
vn -0.6843 0.1654 -0.7102
vn -0.0225 -0.5244 0.8511
vn -0.5052 0.3572 -0.7856
vn -0.4177 0.3859 -0.8226
vn 0.2688 -0.6475 0.7130
vn 0.2549 -0.4483 0.8568
vn -0.0000 0.6578 -0.7532
vn 0.5101 -0.1923 0.8384
vn 0.7274 0.0052 0.6862
vn 0.7887 0.0770 0.6099
vn 0.8362 0.2086 0.5072
vn 0.5009 0.7440 -0.4422
vn 0.8717 0.4014 0.2810
vn 0.9161 0.2504 0.3131
vn 0.6013 0.7195 -0.3475
vn 0.4280 0.9036 0.0179
vn -0.5633 -0.8252 -0.0420
vn -0.5267 -0.8285 0.1903
vn -0.5091 -0.7785 0.3671
vn -0.4651 -0.5565 -0.6885
vn -0.5478 -0.4550 -0.7021
vn -0.6324 -0.2914 -0.7177
vn -0.5405 -0.1866 -0.8204
vn -0.2436 -0.6120 0.7524
vn -0.6473 -0.0229 -0.7619
vn -0.2930 -0.6236 0.7247
vn -0.4774 0.0386 -0.8778
vn -0.0892 -0.5183 0.8505
vn 0.4211 -0.3453 0.8387
vn -0.1499 0.5456 -0.8245
vn -0.0556 0.5947 -0.8020
vn 0.2189 0.7181 -0.6606
vn 0.5762 -0.1144 0.8092
vn 0.8003 0.2392 0.5499
vn 0.8513 0.3441 0.3962
vn 0.6192 0.7152 -0.3241
vn 0.8459 0.5072 0.1650
vn 0.8831 0.4088 0.2302
vn 0.7736 0.6332 -0.0242
vn -0.4403 -0.7315 -0.5207
vn -0.5271 -0.7146 0.4600
vn -0.4828 -0.6818 -0.5495
vn -0.3184 -0.6618 0.6787
vn -0.1734 -0.6587 0.7322
vn -0.1809 -0.5873 0.7889
vn -0.0226 -0.5839 0.8115
vn -0.2973 0.5431 -0.7853
vn -0.1800 0.5440 -0.8196
vn -0.2725 0.4526 -0.8491
vn 0.6034 -0.0165 0.7973
vn 0.5237 -0.2212 0.8227
vn 0.0693 0.6650 -0.7436
vn 0.1910 0.7110 -0.6767
vn 0.7843 0.2458 0.5696
vn 0.3892 0.7653 -0.5126
vn 0.5377 0.7258 -0.4290
vn 0.8353 0.4255 0.3482
vn 0.7246 0.6786 -0.1204
vn 0.8118 0.5768 0.0910
vn -0.5163 -0.7722 -0.3703
vn -0.3266 -0.8010 0.5017
vn -0.2987 -0.7011 0.6475
vn -0.4274 -0.3734 -0.8233
vn -0.0844 -0.6212 0.7791
vn -0.3161 0.5229 -0.7917
vn 0.1652 -0.4315 0.8869
vn 0.3473 -0.3559 0.8676
vn -0.3426 0.4293 -0.8357
vn -0.1520 0.5508 -0.8207
vn 0.4084 0.7577 -0.5089
vn 0.8463 0.2278 0.4815
vn 0.5333 0.7439 -0.4028
vn 0.4974 0.7431 -0.4476
vn 0.8308 0.3801 0.4066
vn 0.7691 0.6389 -0.0165
vn -0.3113 -0.8907 -0.3312
vn -0.4278 -0.9014 0.0667
vn -0.4159 -0.7760 -0.4741
vn -0.3557 -0.8939 0.2728
vn -0.3998 -0.6842 -0.6099
vn -0.2983 -0.7421 -0.6003
vn -0.3374 -0.3469 -0.8751
vn -0.0524 -0.6115 0.7895
vn -0.0905 -0.5809 0.8089
vn -0.3948 0.3021 -0.8677
vn 0.3345 -0.2997 0.8935
vn 0.0600 0.6558 -0.7525
vn 0.5224 -0.2551 0.8137
vn 0.3377 0.7504 -0.5683
vn 0.7280 0.1158 0.6757
vn 0.8196 0.3814 0.4275
vn 0.8209 0.4959 0.2831
vn 0.7082 0.6868 -0.1638
vn 0.7566 0.6473 -0.0923
vn 0.8036 0.5882 0.0908
vn 0.7832 0.5806 0.2223
vn -0.1483 -0.8119 -0.5646
vn -0.2250 -0.6076 -0.7617
vn -0.1602 -0.4623 -0.8722
vn 0.1215 -0.4950 0.8604
vn 0.4556 -0.2755 0.8465
vn 0.1206 0.6663 -0.7359
vn 0.0980 0.6521 -0.7517
vn 0.6144 -0.1259 0.7789
vn 0.8369 0.1002 0.5381
vn 0.4789 0.7625 -0.4352
vn 0.8067 0.3427 0.4814
vn 0.6914 0.6925 -0.2059
vn 0.7758 0.6309 0.0097
vn 0.8172 0.5331 0.2190
vn -0.2388 -0.9153 0.3243
vn -0.2208 -0.8752 0.4305
vn -0.0993 -0.8336 0.5433
vn -0.1855 -0.6941 0.6956
vn -0.0405 -0.7272 0.6853
vn -0.0755 -0.6434 0.7618
vn -0.0769 -0.6556 0.7512
vn -0.1404 -0.0546 -0.9886
vn -0.0245 0.0257 -0.9994
vn -0.0304 0.6015 -0.7983
vn -0.1896 0.5537 -0.8108
vn 0.7971 -0.0883 0.5974
vn 0.5012 0.7454 -0.4395
vn 0.8245 0.2246 0.5194
vn 0.7027 0.0027 0.7115
vn 0.6637 0.7046 -0.2512
vn 0.8344 0.4443 0.3262
vn 0.6319 0.7170 -0.2943
vn 0.7490 0.6508 -0.1243
vn 0.7598 0.6467 -0.0663
vn 0.7994 0.5961 0.0751
vn -0.3416 -0.9393 0.0338
vn -0.1915 -0.7267 -0.6597
vn -0.1552 -0.2729 -0.9494
vn 0.0860 0.3134 -0.9457
vn -0.1369 0.4823 -0.8653
vn -0.0471 0.6151 -0.7870
vn 0.5373 -0.1721 0.8256
vn 0.2132 0.6829 -0.6987
vn 0.4685 0.7434 -0.4774
vn 0.8039 0.1988 0.5605
vn 0.4771 0.7569 -0.4467
vn 0.8440 0.3086 0.4386
vn 0.6013 0.7294 -0.3261
vn 0.8312 0.5290 0.1712
vn -0.0484 -0.9988 -0.0073
vn -0.0858 -0.9284 -0.3615
vn -0.0228 -0.9423 0.3340
vn 0.0685 -0.6488 0.7578
vn -0.0488 -0.6360 0.7702
vn 0.1445 -0.4444 -0.8841
vn 0.1974 -0.4863 0.8512
vn -0.0065 0.2319 -0.9727
vn 0.3445 -0.3164 0.8839
vn 0.1737 0.6630 -0.7282
vn 0.2879 0.6758 -0.6786
vn 0.8855 0.3355 0.3213
vn 0.8104 0.5859 0.0078
vn 0.8598 0.4934 0.1313
vn 0.8250 0.4673 0.3179
vn 0.0916 -0.9470 -0.3080
vn 0.0034 -0.6816 -0.7317
vn -0.2052 -0.7652 0.6102
vn 0.1788 -0.6108 -0.7713
vn 0.1948 -0.6144 0.7646
vn 0.4007 -0.3100 0.8622
vn 0.0964 0.6739 -0.7325
vn 0.8273 0.1593 0.5387
vn 0.6796 -0.5393 0.4973
vn 0.3302 0.7232 -0.6066
vn 0.8362 0.1865 0.5157
vn 0.4852 0.6335 -0.6026
vn 0.6750 0.7024 -0.2258
vn 0.7313 0.6652 -0.1505
vn 0.8885 0.3781 0.2601
vn 0.7869 0.6131 -0.0706
vn 0.2510 -0.9679 0.0111
vn 0.4370 -0.6805 -0.5881
vn 0.2248 -0.9315 0.2860
vn 0.1628 -0.7989 -0.5790
vn -0.6418 -0.5943 0.4847
vn 0.2622 -0.8112 0.5226
vn 0.2297 -0.5140 0.8265
vn 0.1160 -0.1767 -0.9774
vn 0.2836 0.0810 -0.9555
vn 0.0573 0.5752 -0.8160
vn 0.5690 -0.2553 0.7817
vn 0.2969 0.7010 -0.6484
vn 0.2754 0.7176 -0.6397
vn 0.8360 0.2197 0.5029
vn 0.4124 0.7444 -0.5251
vn 0.5543 0.7361 -0.3884
vn 0.8653 0.3343 0.3734
vn 0.6438 0.7182 -0.2640
vn 0.7652 0.6419 -0.0502
vn 0.8505 0.5168 0.0981
vn 0.8019 0.5974 0.0020
vn 0.3535 -0.9297 0.1035
vn 0.3054 -0.8003 -0.5160
vn 0.0779 -0.6759 -0.7328
vn 0.3373 -0.3919 0.8559
vn 0.3832 -0.1400 -0.9130
vn 0.5954 -0.0142 0.8033
vn 0.1906 0.5981 -0.7784
vn 0.7433 -0.0463 0.6673
vn 0.7140 0.0566 0.6978
vn 0.4286 0.7392 -0.5194
vn 0.8254 0.2508 0.5057
vn 0.4872 0.7426 -0.4595
vn 0.8359 0.3820 0.3942
vn 0.8668 0.4327 0.2477
vn 0.8673 0.4425 0.2279
vn 0.6775 0.7138 -0.1776
vn 0.3080 -0.9443 -0.1163
vn 0.4559 -0.8133 -0.3614
vn 0.3217 -0.7376 -0.5937
vn 0.2798 -0.6530 0.7038
vn 0.3765 -0.2760 -0.8844
vn 0.3327 0.4220 -0.8434
vn 0.8484 0.4365 0.2995
vn 0.8728 0.3092 0.3777
vn 0.6799 0.7276 -0.0912
vn 0.4664 -0.6860 0.5585
vn 0.4209 -0.4926 -0.7617
vn 0.4123 -0.3875 0.8245
vn 0.5533 -0.1714 -0.8151
vn 0.4845 0.4148 -0.7702
vn 0.6358 -0.0610 0.7695
vn 0.7662 0.1450 0.6261
vn 0.3527 0.6345 -0.6878
vn 0.4585 0.6444 -0.6120
vn 0.7907 0.2022 0.5779
vn 0.4616 0.6854 -0.5631
vn 0.5764 0.7212 -0.3842
vn 0.8244 0.3900 0.4101
vn 0.5820 0.7391 -0.3393
vn 0.8029 0.5912 0.0766
vn 0.5798 -0.7812 0.2315
vn 0.4586 -0.5353 0.7093
vn 0.5294 -0.3425 0.7761
vn 0.7813 0.1534 0.6050
vn 0.5733 0.5202 -0.6330
vn 0.8240 0.2797 0.4928
vn 0.5502 0.7069 -0.4446
vn 0.8276 0.3595 0.4312
vn 0.6652 0.7243 -0.1812
vn 0.6823 0.7162 -0.1467
vn 0.7437 0.6684 -0.0146
vn 0.7917 0.6043 0.0899
vn 0.4680 -0.8837 0.0078
vn 0.5961 -0.8010 0.0553
vn 0.6172 -0.6928 -0.3728
vn 0.4174 -0.8300 0.3700
vn 0.6225 -0.5654 -0.5411
vn 0.5942 -0.6855 0.4208
vn 0.5590 -0.5063 -0.6567
vn 0.5787 -0.2319 -0.7819
vn 0.4887 0.1601 -0.8577
vn 0.6954 0.1625 -0.7000
vn 0.6368 0.3143 -0.7041
vn 0.8353 0.3184 0.4481
vn 0.5699 0.6976 -0.4343
vn 0.6498 0.5946 -0.4735
vn 0.8199 0.3910 0.4182
vn 0.8309 0.4795 0.2824
vn 0.6040 -0.5594 0.5676
vn 0.7913 -0.4804 -0.3782
vn 0.5897 -0.3948 0.7045
vn 0.7430 -0.0071 -0.6693
vn 0.5520 -0.1943 0.8109
vn 0.7642 0.1130 0.6350
vn 0.7830 0.1429 0.6053
vn 0.8416 0.3152 0.4386
vn 0.6465 0.6536 -0.3935
vn 0.7046 0.6495 -0.2860
vn 0.8029 0.4813 0.3517
vn 0.8473 -0.5147 0.1309
vn 0.7583 -0.6518 0.0084
vn 0.7211 -0.6481 0.2448
vn 0.7622 -0.4582 0.4572
vn 0.7173 -0.3120 0.6230
vn 0.7478 0.2203 -0.6263
vn 0.8396 0.2913 0.4584
vn 0.8593 0.4132 0.3014
vn 0.8485 0.4958 0.1851
vn 0.7495 0.6326 -0.1951
vn 0.7687 0.6377 -0.0506
vn 0.8137 0.5395 0.2165
vn 0.7965 -0.5236 0.3024
vn 0.9281 -0.2584 0.2680
vn 0.9202 -0.1749 -0.3502
vn 0.8337 -0.2761 0.4782
vn 0.7768 -0.3357 -0.5328
vn 0.7297 -0.0683 0.6803
vn 0.7254 0.0413 0.6870
vn 0.9107 0.1513 -0.3845
vn 0.8147 0.0660 0.5760
vn 0.8188 0.2527 -0.5155
vn 0.8725 0.1280 0.4715
vn 0.8253 0.2663 0.4980
vn 0.7608 0.4630 -0.4548
vn 0.8626 0.4126 -0.2929
vn 0.8543 0.4979 -0.1490
vn 0.8986 0.4382 0.0209
vn 0.8604 0.5050 0.0680
vn 0.8779 0.3946 0.2712
vn 0.7915 -0.5807 -0.1906
vn 0.7375 -0.3489 -0.5783
vn 0.9423 -0.2936 0.1610
vn 0.8749 -0.1998 0.4412
vn 0.8947 -0.1333 0.4264
vn 0.9428 -0.0093 0.3333
vn 0.9242 0.2227 -0.3104
vn 0.8815 0.2104 -0.4228
vn 0.9525 0.2867 -0.1025
vn 0.9234 0.3174 0.2157
vn 0.9591 0.2809 0.0361
vn 0.9167 0.2018 0.3450
vn 0.9987 -0.0348 0.0375
vn 0.9707 -0.2374 0.0380
vn 0.9880 -0.0554 -0.1441
vn 0.7999 -0.3748 0.4687
vn 0.9590 0.2339 -0.1602
vn 0.9599 0.1331 -0.2468
vn 0.9488 0.2852 -0.1362
vn 0.9560 0.0621 0.2868
f 9//9 2//2 3//3
f 6//6 12//12 15//15
f 1//1 6//6 15//15
f 9//9 12//12 6//6
f 9//9 6//6 1//1
f 9//9 14//14 12//12
f 7//7 14//14 9//9
f 17//17 1//1 15//15
f 3//3 7//7 9//9
f 9//9 1//1 17//17
f 2//2 7//7 3//3
f 2//2 8//8 7//7
f 4//4 9//9 17//17
f 8//8 18//18 7//7
f 2//2 9//9 8//8
f 8//8 9//9 4//4
f 15//15 12//12 10//10
f 15//15 10//10 5//5
f 12//12 14//14 11//11
f 11//11 14//14 7//7
f 13//13 15//15 5//5
f 7//7 16//16 11//11
f 60//60 8//8 4//4
f 19//19 5//5 10//10
f 12//12 32//32 10//10
f 5//5 19//19 21//21
f 22//22 20//20 12//12
f 12//12 20//20 32//32
f 21//21 79//79 5//5
f 11//11 22//22 12//12
f 5//5 79//79 13//13
f 11//11 16//16 22//22
f 13//13 17//17 15//15
f 18//18 58//58 7//7
f 56//56 4//4 17//17
f 24//24 18//18 8//8
f 23//23 60//60 4//4
f 35//35 24//24 8//8
f 46//46 25//25 44//44
f 26//26 25//25 46//46
f 29//29 27//27 26//26
f 29//29 28//28 27//27
f 30//30 28//28 29//29
f 10//10 28//28 19//19
f 32//32 28//28 10//10
f 28//28 30//30 19//19
f 19//19 30//30 21//21
f 30//30 51//51 79//79
f 22//22 32//32 20//20
f 22//22 31//31 32//32
f 79//79 21//21 30//30
f 54//54 13//13 79//79
f 7//7 33//33 16//16
f 34//34 58//58 18//18
f 56//56 17//17 57//57
f 34//34 18//18 24//24
f 4//4 56//56 23//23
f 34//34 24//24 35//35
f 8//8 60//60 35//35
f 37//37 36//36 68//68
f 38//38 37//37 68//68
f 39//39 37//37 38//38
f 40//40 39//39 38//38
f 25//25 40//40 44//44
f 72//72 40//40 41//41
f 41//41 40//40 25//25
f 42//42 44//44 40//40
f 40//40 38//38 42//42
f 26//26 41//41 25//25
f 42//42 73//73 44//44
f 26//26 43//43 41//41
f 27//27 43//43 26//26
f 73//73 46//46 44//44
f 45//45 43//43 27//27
f 29//29 26//26 46//46
f 28//28 47//47 27//27
f 48//48 30//30 29//29
f 49//49 47//47 28//28
f 50//50 28//28 32//32
f 50//50 49//49 28//28
f 49//49 50//50 32//32
f 31//31 52//52 32//32
f 32//32 52//52 49//49
f 77//77 51//51 30//30
f 22//22 53//53 52//52
f 22//22 52//52 31//31
f 54//54 243//243 13//13
f 243//243 81//81 13//13
f 55//55 17//17 13//13
f 55//55 57//57 17//17
f 55//55 56//56 57//57
f 59//59 58//58 34//34
f 35//35 59//59 34//34
f 60//60 144//144 35//35
f 64//64 61//61 62//62
f 91//91 62//62 61//61
f 63//63 64//64 128//128
f 64//64 63//63 66//66
f 95//95 64//64 65//65
f 65//65 64//64 66//66
f 97//97 66//66 131//131
f 65//65 66//66 36//36
f 36//36 66//66 98//98
f 98//98 66//66 97//97
f 36//36 67//67 65//65
f 37//37 67//67 36//36
f 68//68 36//36 98//98
f 69//69 67//67 37//37
f 135//135 68//68 99//99
f 39//39 70//70 69//69
f 37//37 39//39 69//69
f 135//135 38//38 68//68
f 286//286 38//38 135//135
f 39//39 71//71 70//70
f 40//40 71//71 39//39
f 101//101 38//38 286//286
f 40//40 72//72 71//71
f 101//101 42//42 38//38
f 43//43 72//72 41//41
f 43//43 45//45 72//72
f 27//27 106//106 45//45
f 73//73 48//48 46//46
f 27//27 74//74 106//106
f 48//48 29//29 46//46
f 47//47 75//75 27//27
f 27//27 75//75 74//74
f 77//77 30//30 48//48
f 48//48 188//188 241//241
f 48//48 241//241 77//77
f 52//52 78//78 49//49
f 52//52 53//53 78//78
f 22//22 80//80 53//53
f 16//16 80//80 22//22
f 33//33 80//80 16//16
f 13//13 81//81 82//82
f 244//244 13//13 82//82
f 244//244 55//55 13//13
f 33//33 7//7 83//83
f 7//7 84//84 83//83
f 7//7 58//58 84//84
f 194//194 56//56 55//55
f 56//56 194//194 108//108
f 144//144 59//59 35//35
f 108//108 23//23 56//56
f 110//110 60//60 23//23
f 85//85 119//119 118//118
f 86//86 85//85 118//118
f 89//89 121//121 86//86
f 61//61 88//88 121//121
f 89//89 86//86 171//171
f 86//86 87//87 171//171
f 61//61 121//121 89//89
f 61//61 89//89 171//171
f 90//90 88//88 61//61
f 61//61 93//93 90//90
f 64//64 92//92 61//61
f 61//61 92//92 93//93
f 93//93 92//92 64//64
f 174//174 62//62 91//91
f 62//62 174//174 128//128
f 94//94 93//93 64//64
f 128//128 64//64 62//62
f 64//64 95//95 94//94
f 65//65 94//94 95//95
f 230//230 66//66 63//63
f 67//67 96//96 65//65
f 230//230 131//131 66//66
f 69//69 96//96 67//67
f 98//98 99//99 68//68
f 70//70 134//134 69//69
f 70//70 100//100 134//134
f 71//71 182//182 70//70
f 71//71 102//102 182//182
f 72//72 102//102 71//71
f 183//183 42//42 101//101
f 72//72 103//103 102//102
f 42//42 183//183 104//104
f 104//104 73//73 42//42
f 105//105 72//72 45//45
f 104//104 138//138 73//73
f 105//105 45//45 106//106
f 73//73 138//138 186//186
f 186//186 48//48 73//73
f 47//47 74//74 75//75
f 47//47 76//76 74//74
f 49//49 76//76 47//47
f 49//49 107//107 76//76
f 49//49 78//78 107//107
f 241//241 51//51 77//77
f 243//243 54//54 79//79
f 141//141 53//53 80//80
f 296//296 84//84 58//58
f 59//59 296//296 58//58
f 109//109 59//59 144//144
f 110//110 23//23 108//108
f 112//112 111//111 159//159
f 159//159 111//111 113//113
f 114//114 159//159 113//113
f 116//116 159//159 114//114
f 119//119 117//117 116//116
f 114//114 119//119 116//116
f 119//119 120//120 117//117
f 114//114 115//115 119//119
f 85//85 120//120 119//119
f 121//121 120//120 85//85
f 86//86 121//121 85//85
f 88//88 122//122 121//121
f 88//88 172//172 122//122
f 87//87 169//169 171//171
f 88//88 123//123 172//172
f 123//123 88//88 124//124
f 90//90 124//124 88//88
f 171//171 91//91 61//61
f 93//93 124//124 90//90
f 93//93 125//125 124//124
f 93//93 126//126 125//125
f 174//174 175//175 128//128
f 94//94 127//127 93//93
f 93//93 127//127 126//126
f 94//94 65//65 127//127
f 63//63 129//129 230//230
f 176//176 65//65 130//130
f 96//96 130//130 65//65
f 133//133 98//98 97//97
f 133//133 99//99 98//98
f 99//99 232//232 233//233
f 96//96 69//69 134//134
f 136//136 100//100 70//70
f 181//181 101//101 286//286
f 182//182 136//136 70//70
f 183//183 101//101 181//181
f 103//103 72//72 137//137
f 105//105 137//137 72//72
f 183//183 138//138 104//104
f 188//188 48//48 186//186
f 106//106 76//76 139//139
f 106//106 74//74 76//76
f 53//53 140//140 78//78
f 243//243 79//79 51//51
f 53//53 141//141 140//140
f 80//80 142//142 141//141
f 142//142 80//80 33//33
f 532//532 244//244 294//294
f 84//84 143//143 83//83
f 532//532 195//195 244//244
f 195//195 55//55 244//244
f 296//296 59//59 197//197
f 194//194 196//196 108//108
f 109//109 197//197 59//59
f 108//108 196//196 199//199
f 144//144 200//200 109//109
f 60//60 298//298 144//144
f 146//146 210//210 147//147
f 149//149 148//148 150//150
f 151//151 150//150 213//213
f 152//152 149//149 150//150
f 152//152 150//150 151//151
f 153//153 149//149 111//111
f 111//111 149//149 152//152
f 111//111 152//152 156//156
f 152//152 151//151 156//156
f 154//154 153//153 111//111
f 112//112 154//154 111//111
f 160//160 113//113 111//111
f 160//160 111//111 156//156
f 159//159 154//154 112//112
f 159//159 157//157 154//154
f 158//158 157//157 159//159
f 162//162 113//113 160//160
f 116//116 161//161 159//159
f 162//162 114//114 113//113
f 117//117 163//163 116//116
f 116//116 163//163 161//161
f 162//162 115//115 114//114
f 117//117 164//164 163//163
f 120//120 165//165 117//117
f 117//117 165//165 164//164
f 166//166 165//165 120//120
f 115//115 223//223 119//119
f 223//223 118//118 119//119
f 223//223 222//222 118//118
f 122//122 120//120 121//121
f 225//225 86//86 118//118
f 118//118 222//222 225//225
f 122//122 167//167 120//120
f 225//225 87//87 86//86
f 225//225 168//168 87//87
f 87//87 168//168 169//169
f 172//172 170//170 122//122
f 168//168 171//171 169//169
f 172//172 123//123 124//124
f 172//172 124//124 173//173
f 125//125 173//173 124//124
f 347//347 227//227 91//91
f 91//91 227//227 174//174
f 125//125 126//126 279//279
f 228//228 175//175 174//174
f 175//175 63//63 128//128
f 176//176 127//127 65//65
f 63//63 281//281 129//129
f 177//177 131//131 230//230
f 283//283 130//130 132//132
f 132//132 130//130 96//96
f 132//132 96//96 178//178
f 96//96 179//179 178//178
f 180//180 179//179 96//96
f 232//232 99//99 133//133
f 134//134 180//180 96//96
f 233//233 135//135 99//99
f 100//100 180//180 134//134
f 100//100 136//136 234//234
f 236//236 182//182 102//102
f 103//103 236//236 102//102
f 184//184 103//103 137//137
f 105//105 185//185 137//137
f 186//186 138//138 183//183
f 187//187 185//185 105//105
f 106//106 187//187 105//105
f 139//139 189//189 106//106
f 76//76 240//240 139//139
f 619//619 241//241 188//188
f 107//107 191//191 76//76
f 76//76 191//191 240//240
f 190//190 191//191 78//78
f 78//78 191//191 107//107
f 140//140 192//192 78//78
f 78//78 192//192 190//190
f 140//140 141//141 192//192
f 243//243 193//193 81//81
f 193//193 82//82 81//81
f 244//244 82//82 193//193
f 195//195 194//194 55//55
f 247//247 198//198 108//108
f 108//108 198//198 110//110
f 247//247 108//108 199//199
f 247//247 60//60 110//110
f 247//247 440//440 60//60
f 298//298 200//200 144//144
f 261//261 201//201 203//203
f 202//202 203//203 201//201
f 207//207 262//262 203//203
f 145//145 204//204 205//205
f 207//207 203//203 145//145
f 203//203 204//204 145//145
f 206//206 207//207 145//145
f 146//146 206//206 145//145
f 266//266 145//145 265//265
f 264//264 145//145 205//205
f 265//265 145//145 264//264
f 146//146 207//207 206//206
f 208//208 209//209 207//207
f 147//147 208//208 146//146
f 146//146 208//208 207//207
f 210//210 146//146 145//145
f 210//210 145//145 266//266
f 147//147 209//209 208//208
f 147//147 211//211 209//209
f 210//210 150//150 147//147
f 212//212 211//211 147//147
f 210//210 268//268 150//150
f 148//148 212//212 150//150
f 150//150 212//212 147//147
f 148//148 211//211 212//212
f 213//213 150//150 268//268
f 213//213 268//268 215//215
f 149//149 214//214 148//148
f 213//213 215//215 151//151
f 270//270 214//214 149//149
f 153//153 270//270 149//149
f 155//155 156//156 151//151
f 154//154 270//270 153//153
f 155//155 271//271 156//156
f 216//216 156//156 271//271
f 272//272 160//160 156//156
f 156//156 216//216 272//272
f 159//159 217//217 158//158
f 159//159 592//592 217//217
f 161//161 218//218 159//159
f 159//159 218//218 592//592
f 219//219 162//162 160//160
f 163//163 220//220 161//161
f 219//219 115//115 162//162
f 164//164 220//220 163//163
f 166//166 164//164 165//165
f 224//224 164//164 166//166
f 115//115 221//221 223//223
f 222//222 223//223 221//221
f 224//224 166//166 167//167
f 120//120 167//167 166//166
f 167//167 122//122 170//170
f 170//170 172//172 276//276
f 277//277 226//226 172//172
f 347//347 91//91 171//171
f 171//171 416//416 347//347
f 173//173 277//277 172//172
f 125//125 279//279 173//173
f 228//228 174//174 227//227
f 127//127 280//280 126//126
f 281//281 175//175 228//228
f 281//281 63//63 175//175
f 281//281 230//230 129//129
f 130//130 229//229 176//176
f 231//231 229//229 130//130
f 283//283 231//231 130//130
f 177//177 424//424 131//131
f 131//131 424//424 97//97
f 179//179 132//132 178//178
f 97//97 424//424 232//232
f 232//232 133//133 97//97
f 100//100 234//234 180//180
f 286//286 135//135 233//233
f 427//427 181//181 286//286
f 182//182 234//234 136//136
f 287//287 183//183 181//181
f 236//236 235//235 182//182
f 287//287 288//288 183//183
f 184//184 236//236 103//103
f 289//289 186//186 183//183
f 187//187 237//237 185//185
f 189//189 356//356 106//106
f 139//139 240//240 189//189
f 188//188 359//359 619//619
f 190//190 239//239 191//191
f 239//239 240//240 191//191
f 242//242 239//239 192//192
f 190//190 192//192 239//239
f 528//528 243//243 51//51
f 193//193 243//243 528//528
f 83//83 362//362 33//33
f 143//143 362//362 83//83
f 84//84 245//245 143//143
f 296//296 197//197 246//246
f 194//194 199//199 196//196
f 246//246 197//197 109//109
f 246//246 109//109 200//200
f 110//110 198//198 247//247
f 298//298 60//60 440//440
f 250//250 249//249 251//251
f 322//322 252//252 251//251
f 254//254 252//252 322//322
f 255//255 252//252 254//254
f 253//253 252//252 255//255
f 254//254 324//324 255//255
f 323//323 253//253 256//256
f 256//256 253//253 257//257
f 258//258 253//253 255//255
f 257//257 253//253 258//258
f 259//259 260//260 256//256
f 259//259 256//256 257//257
f 327//327 257//257 258//258
f 261//261 259//259 201//201
f 201//201 259//259 257//257
f 260//260 259//259 261//261
f 328//328 260//260 261//261
f 262//262 261//261 203//203
f 331//331 261//261 262//262
f 205//205 204//204 203//203
f 203//203 587//587 205//205
f 207//207 331//331 262//262
f 207//207 263//263 331//331
f 209//209 332//332 207//207
f 207//207 332//332 263//263
f 266//266 268//268 210//210
f 148//148 267//267 211//211
f 211//211 267//267 406//406
f 214//214 269//269 148//148
f 148//148 269//269 267//267
f 269//269 214//214 270//270
f 407//407 151//151 215//215
f 151//151 408//408 155//155
f 157//157 158//158 154//154
f 271//271 272//272 216//216
f 500//500 160//160 272//272
f 500//500 219//219 160//160
f 273//273 218//218 161//161
f 273//273 161//161 220//220
f 412//412 115//115 219//219
f 164//164 503//503 220//220
f 164//164 224//224 503//503
f 274//274 222//222 343//343
f 274//274 225//225 222//222
f 170//170 342//342 167//167
f 507//507 168//168 274//274
f 274//274 168//168 225//225
f 275//275 168//168 507//507
f 416//416 171//171 168//168
f 226//226 276//276 172//172
f 276//276 226//226 277//277
f 279//279 277//277 173//173
f 279//279 278//278 277//277
f 347//347 228//228 227//227
f 347//347 420//420 228//228
f 126//126 280//280 279//279
f 421//421 280//280 176//176
f 176//176 280//280 127//127
f 281//281 511//511 282//282
f 229//229 231//231 176//176
f 282//282 230//230 281//281
f 282//282 177//177 230//230
f 284//284 283//283 132//132
f 348//348 284//284 132//132
f 179//179 348//348 132//132
f 424//424 349//349 232//232
f 349//349 233//233 232//232
f 426//426 180//180 285//285
f 234//234 285//285 180//180
f 350//350 234//234 182//182
f 235//235 350//350 182//182
f 236//236 351//351 235//235
f 237//237 184//184 185//185
f 185//185 184//184 137//137
f 289//289 521//521 186//186
f 356//356 187//187 106//106
f 189//189 290//290 356//356
f 291//291 292//292 290//290
f 291//291 290//290 238//238
f 238//238 290//290 240//240
f 240//240 290//290 189//189
f 292//292 291//291 240//240
f 240//240 291//291 238//238
f 239//239 292//292 240//240
f 293//293 241//241 619//619
f 239//239 242//242 292//292
f 293//293 51//51 241//241
f 619//619 51//51 293//293
f 619//619 528//528 51//51
f 192//192 433//433 242//242
f 141//141 142//142 192//192
f 244//244 193//193 361//361
f 142//142 33//33 434//434
f 33//33 362//362 363//363
f 529//529 294//294 244//244
f 245//245 295//295 143//143
f 84//84 296//296 245//245
f 296//296 246//246 365//365
f 364//364 194//194 195//195
f 247//247 199//199 194//194
f 247//247 194//194 438//438
f 297//297 246//246 200//200
f 297//297 368//368 246//246
f 297//297 200//200 298//298
f 299//299 301//301 300//300
f 304//304 305//305 307//307
f 308//308 306//306 309//309
f 307//307 309//309 306//306
f 395//395 308//308 248//248
f 308//308 309//309 310//310
f 396//396 308//308 310//310
f 248//248 308//308 396//396
f 249//249 311//311 248//248
f 248//248 311//311 395//395
f 312//312 248//248 396//396
f 249//249 248//248 312//312
f 250//250 313//313 249//249
f 249//249 313//313 311//311
f 314//314 249//249 312//312
f 315//315 313//313 250//250
f 316//316 249//249 314//314
f 316//316 251//251 249//249
f 251//251 315//315 250//250
f 319//319 315//315 251//251
f 316//316 317//317 251//251
f 319//319 318//318 315//315
f 322//322 251//251 317//317
f 252//252 318//318 319//319
f 320//320 318//318 252//252
f 251//251 252//252 319//319
f 322//322 581//581 324//324
f 324//324 254//254 322//322
f 253//253 323//323 252//252
f 324//324 258//258 255//255
f 256//256 400//400 323//323
f 324//324 671//671 258//258
f 260//260 325//325 256//256
f 671//671 402//402 258//258
f 402//402 327//327 258//258
f 260//260 326//326 325//325
f 260//260 328//328 326//326
f 202//202 201//201 257//257
f 257//257 327//327 202//202
f 261//261 329//329 328//328
f 587//587 203//203 202//202
f 202//202 403//403 587//587
f 331//331 329//329 261//261
f 587//587 672//672 205//205
f 331//331 263//263 332//332
f 331//331 332//332 333//333
f 265//265 494//494 266//266
f 335//335 209//209 211//211
f 334//334 266//266 494//494
f 335//335 211//211 406//406
f 334//334 268//268 266//266
f 268//268 334//334 494//494
f 337//337 268//268 494//494
f 269//269 406//406 267//267
f 337//337 407//407 215//215
f 338//338 336//336 269//269
f 270//270 338//338 269//269
f 682//682 151//151 407//407
f 409//409 338//338 270//270
f 682//682 408//408 151//151
f 410//410 155//155 408//408
f 270//270 339//339 409//409
f 410//410 271//271 155//155
f 154//154 339//339 270//270
f 339//339 158//158 684//684
f 339//339 154//154 158//158
f 158//158 340//340 684//684
f 217//217 340//340 158//158
f 500//500 272//272 271//271
f 273//273 341//341 218//218
f 220//220 341//341 273//273
f 689//689 115//115 412//412
f 220//220 503//503 341//341
f 597//597 221//221 115//115
f 224//224 504//504 503//503
f 597//597 222//222 221//221
f 343//343 222//222 597//597
f 342//342 504//504 224//224
f 167//167 342//342 224//224
f 170//170 344//344 342//342
f 345//345 170//170 276//276
f 275//275 416//416 168//168
f 345//345 276//276 346//346
f 345//345 346//346 277//277
f 415//415 345//345 277//277
f 277//277 346//346 276//276
f 418//418 420//420 347//347
f 278//278 279//279 280//280
f 510//510 281//281 228//228
f 510//510 228//228 420//420
f 176//176 231//231 421//421
f 510//510 511//511 281//281
f 423//423 177//177 282//282
f 284//284 348//348 283//283
f 180//180 426//426 179//179
f 516//516 233//233 349//349
f 234//234 350//350 285//285
f 427//427 286//286 233//233
f 609//609 181//181 427//427
f 609//609 287//287 181//181
f 609//609 288//288 287//287
f 236//236 352//352 351//351
f 184//184 352//352 236//236
f 519//519 288//288 518//518
f 289//289 183//183 288//288
f 237//237 353//353 184//184
f 521//521 289//289 520//520
f 804//804 188//188 186//186
f 354//354 187//187 356//356
f 804//804 359//359 188//188
f 290//290 355//355 356//356
f 358//358 357//357 290//290
f 290//290 357//357 355//355
f 360//360 358//358 292//292
f 292//292 358//358 290//290
f 619//619 359//359 432//432
f 242//242 360//360 292//292
f 242//242 718//718 360//360
f 142//142 433//433 192//192
f 528//528 621//621 193//193
f 433//433 142//142 434//434
f 529//529 244//244 361//361
f 434//434 33//33 435//435
f 363//363 435//435 33//33
f 143//143 295//295 362//362
f 365//365 245//245 296//296
f 364//364 366//366 194//194
f 368//368 437//437 246//246
f 367//367 194//194 366//366
f 367//367 438//438 194//194
f 297//297 369//369 368//368
f 298//298 369//369 297//297
f 369//369 298//298 439//439
f 440//440 439//439 298//298
f 373//373 374//374 445//445
f 301//301 370//370 371//371
f 378//378 370//370 301//301
f 301//301 372//372 300//300
f 300//300 372//372 375//375
f 375//375 445//445 374//374
f 457//457 374//374 377//377
f 377//377 374//374 448//448
f 300//300 375//375 374//374
f 300//300 374//374 453//453
f 376//376 378//378 455//455
f 379//379 378//378 301//301
f 458//458 301//301 299//299
f 379//379 301//301 458//458
f 636//636 300//300 456//456
f 456//456 300//300 453//453
f 374//374 457//457 453//453
f 457//457 377//377 450//450
f 299//299 300//300 636//636
f 380//380 472//472 381//381
f 382//382 381//381 386//386
f 383//383 381//381 472//472
f 386//386 381//381 383//383
f 384//384 386//386 385//385
f 302//302 386//386 387//387
f 388//388 385//385 386//386
f 303//303 386//386 302//302
f 388//388 386//386 303//303
f 389//389 303//303 302//302
f 391//391 303//303 389//389
f 390//390 304//304 303//303
f 305//305 390//390 303//303
f 303//303 391//391 305//305
f 305//305 304//304 390//390
f 307//307 393//393 304//304
f 307//307 305//305 391//391
f 307//307 391//391 576//576
f 306//306 393//393 307//307
f 392//392 393//393 480//480
f 480//480 393//393 306//306
f 308//308 480//480 306//306
f 394//394 663//663 307//307
f 309//309 307//307 310//310
f 310//310 307//307 663//663
f 395//395 482//482 308//308
f 308//308 482//482 480//480
f 313//313 397//397 311//311
f 311//311 397//397 395//395
f 396//396 666//666 312//312
f 315//315 485//485 313//313
f 312//312 316//316 314//314
f 315//315 398//398 485//485
f 487//487 317//317 312//312
f 312//312 317//317 316//316
f 318//318 398//398 315//315
f 487//487 322//322 317//317
f 487//487 581//581 322//322
f 320//320 321//321 318//318
f 766//766 324//324 581//581
f 320//320 399//399 321//321
f 252//252 399//399 320//320
f 766//766 401//401 324//324
f 323//323 399//399 252//252
f 323//323 488//488 399//399
f 323//323 400//400 488//488
f 401//401 489//489 324//324
f 489//489 671//671 324//324
f 491//491 400//400 256//256
f 325//325 491//491 256//256
f 671//671 403//403 402//402
f 403//403 327//327 402//402
f 403//403 202//202 327//327
f 405//405 326//326 328//328
f 404//404 405//405 328//328
f 404//404 328//328 329//329
f 331//331 404//404 329//329
f 405//405 404//404 331//331
f 330//330 205//205 672//672
f 492//492 331//331 589//589
f 330//330 264//264 205//205
f 333//333 589//589 331//331
f 209//209 335//335 332//332
f 264//264 494//494 265//265
f 406//406 678//678 335//335
f 498//498 406//406 336//336
f 336//336 406//406 269//269
f 337//337 215//215 268//268
f 217//217 684//684 340//340
f 410//410 500//500 271//271
f 501//501 219//219 500//500
f 411//411 592//592 341//341
f 341//341 592//592 218//218
f 689//689 597//597 115//115
f 413//413 504//504 342//342
f 344//344 413//413 342//342
f 343//343 505//505 274//274
f 274//274 505//505 507//507
f 345//345 506//506 170//170
f 507//507 416//416 275//275
f 693//693 416//416 507//507
f 416//416 599//599 347//347
f 277//277 417//417 415//415
f 418//418 347//347 599//599
f 278//278 417//417 277//277
f 280//280 419//419 278//278
f 231//231 422//422 421//421
f 283//283 422//422 231//231
f 424//424 177//177 423//423
f 179//179 515//515 348//348
f 514//514 349//349 424//424
f 426//426 515//515 179//179
f 515//515 426//426 425//425
f 285//285 350//350 426//426
f 516//516 427//427 233//233
f 427//427 607//607 609//609
f 352//352 517//517 351//351
f 609//609 518//518 288//288
f 519//519 289//289 288//288
f 186//186 521//521 804//804
f 354//354 428//428 187//187
f 357//357 430//430 355//355
f 355//355 430//430 428//428
f 355//355 428//428 356//356
f 356//356 428//428 354//354
f 358//358 430//430 357//357
f 431//431 429//429 358//358
f 358//358 429//429 430//430
f 360//360 431//431 358//358
f 360//360 718//718 431//431
f 433//433 718//718 242//242
f 433//433 434//434 809//809
f 621//621 529//529 193//193
f 361//361 193//193 529//529
f 437//437 436//436 246//246
f 730//730 437//437 368//368
f 440//440 247//247 624//624
f 535//535 247//247 438//438
f 301//301 626//626 372//372
f 372//372 626//626 441//441
f 372//372 441//441 375//375
f 441//441 444//444 375//375
f 375//375 444//444 445//445
f 444//444 373//373 445//445
f 374//374 373//373 446//446
f 378//378 443//443 370//370
f 370//370 443//443 371//371
f 371//371 443//443 301//301
f 374//374 447//447 448//448
f 377//377 447//447 540//540
f 448//448 447//447 377//377
f 377//377 540//540 545//545
f 451//451 378//378 376//376
f 376//376 452//452 451//451
f 545//545 450//450 377//377
f 454//454 452//452 376//376
f 637//637 545//545 553//553
f 450//450 545//545 637//637
f 454//454 376//376 455//455
f 455//455 378//378 379//379
f 299//299 636//636 458//458
f 458//458 636//636 552//552
f 636//636 456//456 551//551
f 460//460 462//462 459//459
f 464//464 462//462 460//460
f 464//464 460//460 564//564
f 564//564 463//463 464//464
f 568//568 463//463 564//564
f 467//467 463//463 568//568
f 570//570 467//467 568//568
f 469//469 467//467 570//570
f 468//468 467//467 470//470
f 469//469 470//470 467//467
f 569//569 468//468 380//380
f 380//380 468//468 470//470
f 470//470 472//472 380//380
f 381//381 471//471 380//380
f 380//380 471//471 569//569
f 658//658 472//472 470//470
f 381//381 382//382 471//471
f 473//473 471//471 382//382
f 383//383 472//472 658//658
f 384//384 382//382 474//474
f 384//384 474//474 386//386
f 386//386 474//474 382//382
f 573//573 383//383 658//658
f 756//756 386//386 383//383
f 383//383 573//573 756//756
f 385//385 475//475 384//384
f 756//756 387//387 386//386
f 388//388 475//475 385//385
f 756//756 302//302 387//387
f 756//756 660//660 302//302
f 303//303 477//477 388//388
f 388//388 477//477 475//475
f 304//304 477//477 303//303
f 389//389 302//302 661//661
f 389//389 661//661 391//391
f 575//575 391//391 661//661
f 393//393 478//478 304//304
f 304//304 478//478 477//477
f 575//575 576//576 391//391
f 392//392 479//479 393//393
f 393//393 479//479 478//478
f 479//479 392//392 480//480
f 394//394 307//307 576//576
f 480//480 482//482 481//481
f 663//663 396//396 310//310
f 578//578 482//482 395//395
f 483//483 395//395 397//397
f 484//484 666//666 396//396
f 313//313 485//485 397//397
f 397//397 485//485 483//483
f 486//486 487//487 312//312
f 580//580 485//485 398//398
f 580//580 398//398 321//321
f 321//321 398//398 318//318
f 399//399 488//488 321//321
f 400//400 583//583 488//488
f 401//401 670//670 489//489
f 400//400 490//490 583//583
f 400//400 491//491 490//490
f 671//671 489//489 670//670
f 326//326 491//491 325//325
f 326//326 405//405 491//491
f 331//331 492//492 405//405
f 405//405 492//492 674//674
f 330//330 772//772 264//264
f 333//333 332//332 589//589
f 677//677 264//264 772//772
f 678//678 493//493 332//332
f 335//335 678//678 332//332
f 773//773 679//679 494//494
f 495//495 494//494 679//679
f 496//496 590//590 406//406
f 495//495 337//337 494//494
f 498//498 496//496 406//406
f 497//497 407//407 337//337
f 409//409 498//498 338//338
f 338//338 498//498 336//336
f 497//497 682//682 407//407
f 682//682 410//410 408//408
f 499//499 409//409 684//684
f 684//684 409//409 339//339
f 217//217 592//592 684//684
f 685//685 500//500 410//410
f 501//501 412//412 219//219
f 503//503 502//502 341//341
f 505//505 343//343 597//597
f 170//170 506//506 344//344
f 345//345 414//414 506//506
f 345//345 415//415 414//414
f 599//599 416//416 693//693
f 278//278 697//697 417//417
f 599//599 420//420 418//418
f 697//697 278//278 419//419
f 508//508 419//419 280//280
f 280//280 509//509 508//508
f 510//510 420//420 889//889
f 421//421 509//509 280//280
f 700//700 282//282 511//511
f 700//700 423//423 282//282
f 283//283 699//699 422//422
f 283//283 512//512 699//699
f 348//348 513//513 283//283
f 513//513 512//512 283//283
f 514//514 424//424 423//423
f 515//515 791//791 348//348
f 603//603 349//349 514//514
f 349//349 603//603 516//516
f 350//350 425//425 426//426
f 703//703 607//607 427//427
f 517//517 350//350 235//235
f 351//351 517//517 235//235
f 184//184 708//708 352//352
f 520//520 289//289 519//519
f 613//613 184//184 353//353
f 237//237 613//613 353//353
f 187//187 613//613 237//237
f 187//187 428//428 613//613
f 613//613 428//428 714//714
f 526//526 359//359 804//804
f 429//429 524//524 430//430
f 430//430 524//524 522//522
f 430//430 522//522 428//428
f 525//525 523//523 431//431
f 431//431 523//523 429//429
f 429//429 523//523 524//524
f 526//526 432//432 359//359
f 431//431 718//718 525//525
f 527//527 619//619 432//432
f 618//618 619//619 527//527
f 809//809 434//434 620//620
f 434//434 435//435 530//530
f 531//531 294//294 529//529
f 362//362 435//435 363//363
f 245//245 723//723 295//295
f 725//725 364//364 532//532
f 725//725 366//366 364//364
f 246//246 533//533 365//365
f 246//246 436//436 533//533
f 366//366 534//534 367//367
f 437//437 729//729 436//436
f 438//438 367//367 534//534
f 437//437 730//730 729//729
f 535//535 438//438 623//623
f 537//537 730//730 368//368
f 537//537 368//368 369//369
f 624//624 247//247 535//535
f 537//537 369//369 439//439
f 537//537 439//439 440//440
f 537//537 440//440 624//624
f 373//373 444//444 627//627
f 735//735 630//630 373//373
f 443//443 378//378 628//628
f 378//378 539//539 628//628
f 378//378 442//442 539//539
f 443//443 538//538 301//301
f 301//301 538//538 626//626
f 446//446 373//373 630//630
f 446//446 630//630 374//374
f 374//374 630//630 447//447
f 447//447 630//630 631//631
f 447//447 631//631 540//540
f 542//542 442//442 451//451
f 451//451 442//442 378//378
f 540//540 541//541 545//545
f 545//545 541//541 449//449
f 548//548 542//542 544//544
f 544//544 542//542 451//451
f 545//545 449//449 543//543
f 545//545 543//543 546//546
f 451//451 548//548 544//544
f 545//545 546//546 547//547
f 545//545 547//547 553//553
f 453//453 457//457 456//456
f 450//450 637//637 457//457
f 549//549 454//454 455//455
f 550//550 455//455 379//379
f 550//550 549//549 455//455
f 550//550 379//379 458//458
f 743//743 550//550 458//458
f 935//935 636//636 551//551
f 554//554 556//556 651//651
f 557//557 554//554 559//559
f 559//559 554//554 651//651
f 561//561 558//558 557//557
f 560//560 557//557 559//559
f 459//459 557//557 560//560
f 462//462 561//561 459//459
f 459//459 561//561 557//557
f 562//562 459//459 560//560
f 563//563 561//561 462//462
f 461//461 460//460 562//562
f 562//562 460//460 459//459
f 462//462 565//565 563//563
f 464//464 566//566 462//462
f 462//462 566//566 565//565
f 461//461 564//564 460//460
f 461//461 841//841 564//564
f 464//464 463//463 566//566
f 465//465 566//566 463//463
f 564//564 845//845 567//567
f 467//467 465//465 463//463
f 466//466 465//465 467//467
f 567//567 568//568 564//564
f 569//569 465//465 466//466
f 568//568 567//567 570//570
f 467//467 569//569 466//466
f 468//468 569//569 467//467
f 750//750 569//569 655//655
f 469//469 656//656 470//470
f 469//469 751//751 656//656
f 471//471 657//657 569//569
f 656//656 658//658 470//470
f 473//473 571//571 471//471
f 382//382 571//571 473//473
f 382//382 572//572 571//571
f 384//384 572//572 382//382
f 475//475 572//572 384//384
f 659//659 572//572 475//475
f 476//476 659//659 475//475
f 477//477 476//476 475//475
f 574//574 477//477 478//478
f 575//575 661//661 576//576
f 577//577 479//479 480//480
f 760//760 394//394 576//576
f 481//481 577//577 480//480
f 578//578 577//577 482//482
f 482//482 577//577 481//481
f 760//760 663//663 394//394
f 664//664 396//396 663//663
f 395//395 662//662 578//578
f 664//664 484//484 396//396
f 579//579 666//666 484//484
f 485//485 665//665 483//483
f 666//666 579//579 764//764
f 666//666 486//486 312//312
f 666//666 487//487 486//486
f 667//667 487//487 666//666
f 321//321 668//668 580//580
f 321//321 582//582 668//668
f 321//321 488//488 582//582
f 667//667 766//766 581//581
f 583//583 961//961 488//488
f 491//491 584//584 490//490
f 671//671 670//670 863//863
f 585//585 491//491 405//405
f 770//770 865//865 403//403
f 405//405 674//674 586//586
f 865//865 587//587 403//403
f 672//672 587//587 865//865
f 589//589 674//674 492//492
f 493//493 589//589 332//332
f 678//678 589//589 493//493
f 677//677 494//494 264//264
f 773//773 494//494 677//677
f 406//406 590//590 678//678
f 679//679 337//337 495//495
f 498//498 590//590 496//496
f 498//498 681//681 590//590
f 497//497 337//337 679//679
f 409//409 591//591 498//498
f 409//409 776//776 683//683
f 685//685 410//410 682//682
f 409//409 499//499 776//776
f 778//778 500//500 685//685
f 501//501 500//500 778//778
f 411//411 688//688 592//592
f 411//411 879//879 688//688
f 341//341 879//879 411//411
f 594//594 412//412 501//501
f 503//503 781//781 502//502
f 689//689 412//412 594//594
f 504//504 595//595 503//503
f 596//596 597//597 689//689
f 413//413 691//691 504//504
f 344//344 691//691 413//413
f 506//506 598//598 344//344
f 693//693 507//507 505//505
f 417//417 600//600 415//415
f 697//697 600//600 417//417
f 889//889 420//420 599//599
f 508//508 509//509 419//419
f 601//601 510//510 889//889
f 422//422 699//699 421//421
f 514//514 423//423 700//700
f 602//602 513//513 348//348
f 791//791 602//602 348//348
f 604//604 516//516 603//603
f 350//350 605//605 425//425
f 604//604 427//427 516//516
f 703//703 427//427 604//604
f 350//350 894//894 605//605
f 350//350 606//606 894//894
f 517//517 606//606 350//350
f 352//352 610//610 517//517
f 517//517 610//610 705//705
f 611//611 518//518 609//609
f 611//611 706//706 519//519
f 611//611 519//519 518//518
f 708//708 707//707 352//352
f 706//706 795//795 519//519
f 795//795 520//520 519//519
f 613//613 708//708 184//184
f 795//795 521//521 520//520
f 795//795 709//709 521//521
f 804//804 521//521 709//709
f 523//523 614//614 524//524
f 524//524 614//614 615//615
f 524//524 615//615 522//522
f 522//522 906//906 428//428
f 428//428 906//906 714//714
f 525//525 616//616 523//523
f 718//718 617//617 525//525
f 525//525 617//617 616//616
f 432//432 526//526 618//618
f 618//618 527//527 432//432
f 718//718 809//809 720//720
f 718//718 433//433 809//809
f 808//808 528//528 619//619
f 721//721 621//621 528//528
f 721//721 528//528 808//808
f 434//434 530//530 620//620
f 529//529 621//621 721//721
f 531//531 529//529 721//721
f 362//362 295//295 435//435
f 812//812 532//532 294//294
f 532//532 364//364 195//195
f 245//245 365//365 622//622
f 726//726 534//534 366//366
f 726//726 366//366 725//725
f 623//623 438//438 534//534
f 536//536 729//729 730//730
f 628//628 629//629 443//443
f 629//629 538//538 443//443
f 538//538 625//625 626//626
f 441//441 626//626 444//444
f 444//444 626//626 627//627
f 627//627 735//735 373//373
f 631//631 541//541 540//540
f 539//539 442//442 628//628
f 737//737 449//449 541//541
f 737//737 543//543 449//449
f 548//548 738//738 542//542
f 543//543 742//742 546//546
f 829//829 543//543 632//632
f 742//742 543//543 829//829
f 741//741 633//633 548//548
f 548//548 633//633 634//634
f 634//634 633//633 741//741
f 546//546 742//742 547//547
f 548//548 831//831 741//741
f 831//831 548//548 451//451
f 452//452 831//831 451//451
f 452//452 454//454 831//831
f 549//549 635//635 454//454
f 547//547 639//639 553//553
f 833//833 639//639 547//547
f 547//547 742//742 833//833
f 934//934 743//743 458//458
f 934//934 458//458 552//552
f 935//935 552//552 636//636
f 935//935 934//934 552//552
f 456//456 457//457 637//637
f 637//637 640//640 638//638
f 640//640 637//637 553//553
f 640//640 553//553 639//639
f 833//833 640//640 639//639
f 745//745 640//640 833//833
f 641//641 640//640 745//745
f 642//642 640//640 643//643
f 643//643 640//640 641//641
f 644//644 642//642 554//554
f 554//554 642//642 643//643
f 555//555 644//644 554//554
f 643//643 556//556 554//554
f 645//645 556//556 643//643
f 646//646 555//555 557//557
f 557//557 555//555 554//554
f 647//647 651//651 556//556
f 557//557 648//648 646//646
f 558//558 838//838 557//557
f 557//557 838//838 648//648
f 561//561 649//649 838//838
f 558//558 561//561 838//838
f 651//651 560//560 559//559
f 650//650 649//649 561//561
f 560//560 651//651 562//562
f 563//563 650//650 561//561
f 563//563 652//652 650//650
f 841//841 461//461 562//562
f 563//563 653//653 652//652
f 565//565 653//653 563//563
f 843//843 564//564 841//841
f 845//845 564//564 843//843
f 565//565 566//566 653//653
f 749//749 748//748 566//566
f 845//845 847//847 567//567
f 749//749 566//566 465//465
f 749//749 465//465 654//654
f 654//654 465//465 750//750
f 570//570 567//567 469//469
f 569//569 750//750 465//465
f 751//751 469//469 848//848
f 752//752 655//655 569//569
f 657//657 752//752 569//569
f 471//471 572//572 657//657
f 657//657 572//572 753//753
f 571//571 572//572 471//471
f 656//656 754//754 658//658
f 850//850 573//573 658//658
f 658//658 754//754 850//850
f 850//850 756//756 573//573
f 853//853 1179//1179 660//660
f 476//476 477//477 757//757
f 477//477 574//574 757//757
f 660//660 661//661 302//302
f 660//660 952//952 661//661
f 856//856 576//576 661//661
f 856//856 760//760 576//576
f 758//758 479//479 577//577
f 759//759 577//577 761//761
f 761//761 577//577 578//578
f 662//662 761//761 578//578
f 760//760 954//954 663//663
f 663//663 954//954 762//762
f 663//663 762//762 664//664
f 662//662 395//395 483//483
f 664//664 579//579 484//484
f 665//665 662//662 483//483
f 668//668 665//665 580//580
f 580//580 665//665 485//485
f 667//667 581//581 487//487
f 488//488 668//668 582//582
f 669//669 668//668 488//488
f 961//961 669//669 488//488
f 670//670 401//401 766//766
f 584//584 583//583 490//490
f 863//863 964//964 671//671
f 585//585 769//769 491//491
f 964//964 403//403 671//671
f 964//964 770//770 403//403
f 405//405 864//864 585//585
f 586//586 864//864 405//405
f 865//865 673//673 672//672
f 771//771 672//672 673//673
f 771//771 330//330 672//672
f 675//675 330//330 771//771
f 588//588 674//674 589//589
f 589//589 676//676 588//588
f 675//675 772//772 330//330
f 868//868 773//773 677//677
f 871//871 590//590 680//680
f 681//681 680//680 590//590
f 681//681 498//498 591//591
f 409//409 683//683 591//591
f 591//591 683//683 681//681
f 972//972 682//682 774//774
f 972//972 685//685 682//682
f 592//592 499//499 684//684
f 686//686 778//778 685//685
f 688//688 687//687 592//592
f 778//778 594//594 501//501
f 502//502 879//879 341//341
f 593//593 879//879 502//502
f 594//594 596//596 689//689
f 595//595 781//781 503//503
f 504//504 691//691 595//595
f 690//690 597//597 596//596
f 882//882 597//597 690//690
f 882//882 505//505 597//597
f 882//882 692//692 505//505
f 344//344 598//598 691//691
f 883//883 505//505 692//692
f 883//883 783//783 505//505
f 414//414 886//886 506//506
f 885//885 599//599 693//693
f 599//599 885//885 695//695
f 694//694 415//415 600//600
f 695//695 785//785 599//599
f 785//785 889//889 599//599
f 696//696 889//889 785//785
f 509//509 697//697 419//419
f 698//698 601//601 889//889
f 698//698 510//510 601//601
f 421//421 699//699 509//509
f 698//698 511//511 510//510
f 513//513 699//699 512//512
f 989//989 891//891 700//700
f 891//891 514//514 700//700
f 701//701 603//603 514//514
f 701//701 788//788 603//603
f 604//604 603//603 788//788
f 425//425 791//791 515//515
f 605//605 791//791 425//425
f 894//894 791//791 605//605
f 604//604 702//702 703//703
f 608//608 606//606 517//517
f 517//517 794//794 608//608
f 704//704 609//609 607//607
f 705//705 794//794 517//517
f 704//704 611//611 609//609
f 704//704 706//706 611//611
f 352//352 707//707 705//705
f 352//352 705//705 610//610
f 613//613 712//712 708//708
f 713//713 710//710 612//612
f 713//713 715//715 710//710
f 612//612 710//710 523//523
f 523//523 710//710 614//614
f 711//711 522//522 615//615
f 712//712 613//613 714//714
f 715//715 713//713 523//523
f 523//523 713//713 612//612
f 906//906 522//522 802//802
f 804//804 912//912 526//526
f 716//716 715//715 616//616
f 616//616 715//715 523//523
f 616//616 806//806 716//716
f 616//616 910//910 806//806
f 526//526 912//912 719//719
f 616//616 717//717 910//910
f 718//718 717//717 617//617
f 617//617 717//717 616//616
f 526//526 719//719 618//618
f 718//718 720//720 1026//1026
f 808//808 619//619 618//618
f 720//720 809//809 1026//1026
f 809//809 620//620 722//722
f 721//721 916//916 531//531
f 812//812 294//294 531//531
f 622//622 724//724 245//245
f 365//365 533//533 622//622
f 727//727 533//533 436//436
f 921//921 534//534 726//726
f 729//729 727//727 436//436
f 728//728 727//727 729//729
f 536//536 731//731 729//729
f 921//921 623//623 534//534
f 730//730 731//731 536//536
f 624//624 535//535 732//732
f 816//816 535//535 623//623
f 731//731 730//730 537//537
f 731//731 537//537 817//817
f 625//625 820//820 626//626
f 626//626 820//820 627//627
f 734//734 735//735 627//627
f 631//631 630//630 822//822
f 818//818 442//442 736//736
f 629//629 628//628 442//442
f 629//629 733//733 538//538
f 538//538 733//733 625//625
f 541//541 631//631 737//737
f 542//542 738//738 736//736
f 542//542 736//736 442//442
f 739//739 543//543 737//737
f 738//738 634//634 826//826
f 634//634 827//827 826//826
f 634//634 738//738 548//548
f 739//739 632//632 543//543
f 634//634 740//740 827//827
f 829//829 632//632 928//928
f 740//740 634//634 828//828
f 741//741 828//828 634//634
f 929//929 742//742 829//829
f 832//832 831//831 454//454
f 832//832 454//454 635//635
f 832//832 635//635 549//549
f 549//549 930//930 832//832
f 550//550 930//930 549//549
f 932//932 930//930 550//550
f 931//931 932//932 550//550
f 931//931 550//550 743//743
f 744//744 551//551 456//456
f 744//744 456//456 637//637
f 637//637 746//746 744//744
f 638//638 746//746 637//637
f 640//640 746//746 638//638
f 642//642 746//746 640//640
f 644//644 746//746 642//642
f 745//745 643//643 641//641
f 644//644 747//747 746//746
f 555//555 747//747 644//644
f 837//837 645//645 643//643
f 837//837 643//643 940//940
f 747//747 555//555 648//648
f 837//837 556//556 645//645
f 837//837 647//647 556//556
f 646//646 648//648 555//555
f 837//837 651//651 647//647
f 837//837 942//942 651//651
f 650//650 838//838 649//649
f 839//839 562//562 651//651
f 840//840 562//562 839//839
f 840//840 841//841 562//562
f 946//946 842//842 653//653
f 945//945 845//845 843//843
f 566//566 946//946 653//653
f 844//844 845//845 945//945
f 654//654 846//846 749//749
f 847//847 469//469 567//567
f 848//848 469//469 847//847
f 751//751 848//848 1058//1058
f 1058//1058 656//656 751//751
f 753//753 752//752 657//657
f 755//755 572//572 659//659
f 852//852 756//756 850//850
f 476//476 755//755 659//659
f 756//756 853//853 660//660
f 574//574 854//854 757//757
f 1179//1179 952//952 660//660
f 478//478 854//854 574//574
f 952//952 856//856 661//661
f 854//854 478//478 479//479
f 855//855 854//854 479//479
f 758//758 855//855 479//479
f 759//759 758//758 577//577
f 856//856 1065//1065 760//760
f 1068//1068 858//858 662//662
f 579//579 664//664 762//762
f 665//665 763//763 662//662
f 859//859 764//764 579//579
f 668//668 860//860 665//665
f 859//859 666//666 764//764
f 957//957 666//666 859//859
f 957//957 667//667 666//666
f 668//668 765//765 958//958
f 669//669 765//765 668//668
f 670//670 767//767 1072//1072
f 584//584 862//862 583//583
f 1072//1072 863//863 670//670
f 491//491 769//769 584//584
f 864//864 769//769 585//585
f 868//868 677//677 772//772
f 678//678 870//870 589//589
f 870//870 676//676 589//589
f 590//590 870//870 678//678
f 773//773 497//497 679//679
f 497//497 773//773 971//971
f 971//971 682//682 497//497
f 775//775 681//681 683//683
f 686//686 685//685 875//875
f 592//592 777//777 499//499
f 687//687 777//777 592//592
f 879//879 779//779 688//688
f 779//779 973//973 688//688
f 780//780 596//596 594//594
f 691//691 781//781 595//595
f 782//782 781//781 691//691
f 691//691 978//978 782//782
f 883//883 692//692 882//882
f 598//598 506//506 784//784
f 783//783 693//693 505//505
f 885//885 693//693 783//783
f 415//415 886//886 414//414
f 785//785 695//695 885//885
f 694//694 886//886 415//415
f 696//696 785//785 786//786
f 697//697 887//887 600//600
f 887//887 697//697 987//987
f 509//509 987//987 697//697
f 698//698 986//986 989//989
f 698//698 989//989 700//700
f 698//698 700//700 511//511
f 699//699 513//513 509//509
f 701//701 514//514 891//891
f 602//602 787//787 513//513
f 791//791 892//892 602//602
f 1110//1110 604//604 788//788
f 1110//1110 893//893 604//604
f 702//702 604//604 893//893
f 792//792 791//791 894//894
f 704//704 703//703 702//702
f 704//704 607//607 703//703
f 608//608 894//894 606//606
f 895//895 704//704 793//793
f 895//895 706//706 704//704
f 895//895 795//795 706//706
f 708//708 797//797 707//707
f 709//709 795//795 796//796
f 1012//1012 797//797 708//708
f 708//708 1014//1014 1012//1012
f 712//712 1014//1014 708//708
f 800//800 799//799 710//710
f 799//799 614//614 710//710
f 801//801 805//805 800//800
f 801//801 800//800 715//715
f 715//715 800//800 710//710
f 615//615 903//903 711//711
f 898//898 804//804 709//709
f 805//805 801//801 715//715
f 903//903 522//522 711//711
f 522//522 903//903 802//802
f 714//714 905//905 712//712
f 716//716 803//803 715//715
f 715//715 803//803 805//805
f 805//805 803//803 716//716
f 804//804 911//911 912//912
f 716//716 806//806 805//805
f 807//807 719//719 912//912
f 718//718 1026//1026 717//717
f 914//914 618//618 719//719
f 914//914 719//719 807//807
f 808//808 618//618 914//914
f 722//722 810//810 809//809
f 916//916 721//721 915//915
f 810//810 620//620 811//811
f 620//620 530//530 811//811
f 295//295 530//530 435//435
f 812//812 531//531 916//916
f 723//723 917//917 295//295
f 917//917 723//723 245//245
f 245//245 724//724 917//917
f 919//919 532//532 812//812
f 919//919 725//725 532//532
f 622//622 533//533 724//724
f 533//533 1030//1030 724//724
f 814//814 726//726 725//725
f 814//814 725//725 813//813
f 727//727 815//815 533//533
f 813//813 726//726 814//814
f 813//813 921//921 726//726
f 728//728 815//815 727//727
f 731//731 728//728 729//729
f 816//816 623//623 921//921
f 817//817 537//537 624//624
f 624//624 732//732 817//817
f 732//732 535//535 816//816
f 629//629 819//819 733//733
f 733//733 819//819 625//625
f 1036//1036 820//820 625//625
f 627//627 821//821 734//734
f 820//820 821//821 627//627
f 735//735 822//822 630//630
f 734//734 822//822 735//735
f 822//822 823//823 631//631
f 442//442 818//818 819//819
f 442//442 819//819 629//629
f 631//631 823//823 825//825
f 631//631 825//825 737//737
f 738//738 826//826 736//736
f 1158//1158 632//632 739//739
f 828//828 1040//1040 827//827
f 740//740 828//828 827//827
f 1041//1041 928//928 632//632
f 741//741 830//830 828//828
f 929//929 829//829 928//928
f 830//830 741//741 831//831
f 833//833 742//742 929//929
f 931//931 930//930 932//932
f 834//834 931//931 743//743
f 834//834 743//743 934//934
f 937//937 744//744 746//746
f 746//746 835//835 937//937
f 1046//1046 745//745 833//833
f 746//746 938//938 835//835
f 1047//1047 745//745 1046//1046
f 836//836 938//938 746//746
f 940//940 643//643 1047//1047
f 1047//1047 643//643 745//745
f 836//836 746//746 939//939
f 939//939 746//746 648//648
f 648//648 746//746 747//747
f 838//838 941//941 648//648
f 1049//1049 651//651 942//942
f 1169//1169 944//944 652//652
f 652//652 944//944 650//650
f 652//652 653//653 1169//1169
f 841//841 840//840 1052//1052
f 1171//1171 841//841 1052//1052
f 1171//1171 843//843 841//841
f 945//945 947//947 844//844
f 748//748 946//946 566//566
f 846//846 946//946 749//749
f 749//749 946//946 748//748
f 947//947 847//847 845//845
f 948//948 654//654 750//750
f 948//948 750//750 655//655
f 752//752 948//948 655//655
f 949//949 1058//1058 848//848
f 1058//1058 950//950 656//656
f 850//850 754//754 656//656
f 850//850 656//656 950//950
f 849//849 753//753 572//572
f 851//851 849//849 572//572
f 755//755 851//851 572//572
f 756//756 852//852 853//853
f 757//757 755//755 476//476
f 757//757 951//951 755//755
f 854//854 951//951 757//757
f 760//760 1065//1065 954//954
f 662//662 857//857 761//761
f 662//662 858//858 857//857
f 762//762 1067//1067 579//579
f 662//662 763//763 1068//1068
f 1067//1067 859//859 579//579
f 956//956 665//665 860//860
f 958//958 860//860 668//668
f 957//957 766//766 667//667
f 959//959 766//766 957//957
f 767//767 670//670 766//766
f 583//583 861//861 961//961
f 768//768 861//861 583//583
f 862//862 768//768 583//583
f 584//584 769//769 862//862
f 964//964 865//865 770//770
f 674//674 866//866 586//586
f 673//673 865//865 867//867
f 867//867 771//771 673//673
f 867//867 675//675 771//771
f 866//866 674//674 967//967
f 588//588 967//967 674//674
f 868//868 675//675 966//966
f 588//588 676//676 967//967
f 675//675 868//868 772//772
f 1320//1320 869//869 868//868
f 676//676 870//870 970//970
f 869//869 773//773 868//868
f 590//590 970//970 870//870
f 871//871 970//970 590//590
f 681//681 872//872 680//680
f 774//774 682//682 971//971
f 775//775 1076//1076 681//681
f 774//774 1074//1074 972//972
f 873//873 683//683 776//776
f 873//873 776//776 874//874
f 972//972 876//876 685//685
f 499//499 874//874 776//776
f 876//876 875//875 685//685
f 777//777 874//874 499//499
f 875//875 876//876 778//778
f 876//876 1078//1078 778//778
f 875//875 778//778 686//686
f 687//687 688//688 777//777
f 688//688 973//973 877//877
f 594//594 778//778 878//878
f 879//879 974//974 779//779
f 878//878 596//596 780//780
f 878//878 780//780 594//594
f 593//593 880//880 879//879
f 502//502 782//782 593//593
f 596//596 881//881 882//882
f 882//882 690//690 596//596
f 781//781 782//782 502//502
f 598//598 978//978 691//691
f 784//784 978//978 598//598
f 883//883 1089//1089 783//783
f 784//784 506//506 1091//1091
f 884//884 979//979 506//506
f 886//886 884//884 506//506
f 506//506 979//979 1091//1091
f 885//885 981//981 785//785
f 694//694 600//600 886//886
f 980//980 886//886 600//600
f 980//980 600//600 1094//1094
f 1094//1094 600//600 985//985
f 887//887 985//985 600//600
f 696//696 786//786 983//983
f 983//983 889//889 696//696
f 889//889 888//888 986//986
f 986//986 698//698 889//889
f 991//991 987//987 509//509
f 890//890 991//991 509//509
f 513//513 890//890 509//509
f 990//990 891//891 989//989
f 1103//1103 701//701 891//891
f 787//787 790//790 513//513
f 890//890 513//513 790//790
f 602//602 790//790 787//787
f 789//789 788//788 701//701
f 892//892 790//790 602//602
f 701//701 995//995 789//789
f 995//995 788//788 789//789
f 1110//1110 788//788 995//995
f 791//791 999//999 892//892
f 792//792 999//999 791//791
f 893//893 998//998 702//702
f 1000//1000 702//702 998//998
f 1000//1000 704//704 702//702
f 999//999 894//894 608//608
f 793//793 704//704 1000//1000
f 1005//1005 895//895 793//793
f 705//705 707//707 794//794
f 895//895 896//896 795//795
f 897//897 707//707 1012//1012
f 796//796 795//795 896//896
f 797//797 1012//1012 707//707
f 898//898 709//709 796//796
f 899//899 900//900 800//800
f 800//800 900//900 799//799
f 799//799 900//900 798//798
f 798//798 614//614 799//799
f 901//901 899//899 800//800
f 615//615 614//614 902//902
f 907//907 901//901 805//805
f 805//805 901//901 800//800
f 712//712 905//905 1014//1014
f 1021//1021 802//802 903//903
f 1021//1021 906//906 802//802
f 804//804 898//898 908//908
f 714//714 906//906 1022//1022
f 714//714 1022//1022 905//905
f 908//908 911//911 804//804
f 805//805 806//806 907//907
f 907//907 806//806 909//909
f 911//911 913//913 912//912
f 913//913 807//807 912//912
f 1135//1135 910//910 717//717
f 914//914 807//807 913//913
f 1027//1027 808//808 914//914
f 1026//1026 809//809 810//810
f 811//811 1026//1026 810//810
f 810//810 722//722 620//620
f 1142//1142 812//812 916//916
f 918//918 1029//1029 295//295
f 918//918 295//295 917//917
f 1031//1031 725//725 919//919
f 1031//1031 813//813 725//725
f 533//533 920//920 1030//1030
f 815//815 920//920 533//533
f 1032//1032 813//813 1031//1031
f 1032//1032 921//921 813//813
f 728//728 1033//1033 815//815
f 731//731 922//922 728//728
f 1034//1034 732//732 921//921
f 921//921 732//732 816//816
f 817//817 922//922 731//731
f 922//922 817//817 732//732
f 818//818 924//924 819//819
f 819//819 1035//1035 625//625
f 1035//1035 1036//1036 625//625
f 821//821 820//820 734//734
f 734//734 925//925 822//822
f 1521//1521 736//736 1267//1267
f 818//818 736//736 923//923
f 818//818 923//923 924//924
f 1039//1039 926//926 825//825
f 926//926 824//824 825//825
f 736//736 826//826 1267//1267
f 826//826 827//827 1267//1267
f 824//824 737//737 825//825
f 739//739 737//737 824//824
f 927//927 632//632 1158//1158
f 632//632 927//927 1041//1041
f 1040//1040 828//828 1042//1042
f 830//830 1042//1042 828//828
f 1163//1163 830//830 831//831
f 1163//1163 831//831 1274//1274
f 1274//1274 831//831 832//832
f 1274//1274 832//832 930//930
f 935//935 1045//1045 936//936
f 935//935 551//551 1045//1045
f 937//937 551//551 744//744
f 933//933 833//833 929//929
f 835//835 938//938 1367//1367
f 1279//1279 940//940 1047//1047
f 648//648 1048//1048 939//939
f 940//940 942//942 837//837
f 838//838 1048//1048 941//941
f 1049//1049 942//942 1168//1168
f 838//838 944//944 943//943
f 839//839 651//651 1049//1049
f 944//944 838//838 650//650
f 1052//1052 840//840 839//839
f 1170//1170 1169//1169 842//842
f 842//842 1169//1169 653//653
f 945//945 843//843 1171//1171
f 1054//1054 947//947 945//945
f 947//947 845//845 844//844
f 1055//1055 847//847 947//947
f 948//948 846//846 654//654
f 848//848 847//847 949//949
f 752//752 1176//1176 948//948
f 1059//1059 950//950 1058//1058
f 849//849 851//851 753//753
f 850//850 950//950 852//852
f 951//951 1178//1178 755//755
f 854//854 1061//1061 951//951
f 1062//1062 952//952 1179//1179
f 1065//1065 856//856 952//952
f 1068//1068 955//955 858//858
f 954//954 1067//1067 762//762
f 665//665 1068//1068 763//763
f 1069//1069 957//957 859//859
f 960//960 765//765 669//669
f 962//962 766//766 959//959
f 960//960 669//669 961//961
f 766//766 962//962 767//767
f 961//961 861//861 1070//1070
f 962//962 1072//1072 767//767
f 1191//1191 1072//1072 962//962
f 769//769 768//768 862//862
f 1308//1308 863//863 1072//1072
f 1308//1308 964//964 863//863
f 864//864 963//963 769//769
f 586//586 866//866 864//864
f 864//864 866//866 965//965
f 675//675 867//867 966//966
f 968//968 868//868 966//966
f 1198//1198 967//967 676//676
f 968//968 1196//1196 868//868
f 1198//1198 676//676 969//969
f 1196//1196 1320//1320 868//868
f 676//676 970//970 969//969
f 1202//1202 970//970 871//871
f 680//680 872//872 871//871
f 1203//1203 971//971 773//773
f 971//971 1074//1074 774//774
f 972//972 1074//1074 1208//1208
f 683//683 873//873 775//775
f 688//688 874//874 777//777
f 877//877 874//874 688//688
f 877//877 973//973 874//874
f 779//779 974//974 973//973
f 1082//1082 778//778 1078//1078
f 1082//1082 878//878 778//778
f 879//879 880//880 974//974
f 878//878 975//975 881//881
f 878//878 881//881 596//596
f 782//782 880//880 593//593
f 882//882 975//975 1085//1085
f 881//881 975//975 882//882
f 782//782 976//976 1084//1084
f 977//977 883//883 882//882
f 1089//1089 883//883 977//977
f 1091//1091 978//978 784//784
f 1090//1090 885//885 783//783
f 886//886 979//979 884//884
f 981//981 885//885 1090//1090
f 980//980 979//979 886//886
f 1093//1093 785//785 981//981
f 1093//1093 786//786 785//785
f 982//982 786//786 1093//1093
f 982//982 983//983 786//786
f 987//987 985//985 887//887
f 888//888 889//889 983//983
f 986//986 888//888 988//988
f 989//989 986//986 988//988
f 988//988 990//990 989//989
f 890//890 992//992 991//991
f 1102//1102 991//991 992//992
f 890//890 1104//1104 992//992
f 790//790 994//994 890//890
f 890//890 994//994 1104//1104
f 993//993 701//701 1103//1103
f 993//993 995//995 701//701
f 993//993 996//996 995//995
f 892//892 1108//1108 790//790
f 996//996 1110//1110 995//995
f 997//997 893//893 1110//1110
f 997//997 998//998 893//893
f 894//894 999//999 792//792
f 608//608 1003//1003 999//999
f 999//999 1003//1003 1001//1001
f 1000//1000 1005//1005 793//793
f 1002//1002 1005//1005 1000//1000
f 608//608 1006//1006 1003//1003
f 608//608 1004//1004 1006//1006
f 794//794 1004//1004 608//608
f 707//707 1004//1004 794//794
f 707//707 1008//1008 1004//1004
f 1007//1007 896//896 1005//1005
f 1005//1005 896//896 895//895
f 897//897 1008//1008 707//707
f 1007//1007 796//796 896//896
f 1120//1120 796//796 1007//1007
f 1120//1120 1118//1118 898//898
f 1013//1013 1009//1009 899//899
f 899//899 1009//1009 900//900
f 900//900 1009//1009 1010//1010
f 900//900 1010//1010 1011//1011
f 1011//1011 1119//1119 900//900
f 1012//1012 1014//1014 897//897
f 1120//1120 898//898 796//796
f 901//901 1013//1013 899//899
f 900//900 1119//1119 798//798
f 1017//1017 1013//1013 901//901
f 614//614 798//798 902//902
f 1016//1016 615//615 902//902
f 798//798 1016//1016 902//902
f 897//897 1014//1014 1129//1129
f 1118//1118 1019//1019 1015//1015
f 1015//1015 898//898 1118//1118
f 907//907 1017//1017 901//901
f 615//615 1016//1016 1126//1126
f 1248//1248 903//903 615//615
f 1126//1126 1248//1248 615//615
f 1014//1014 904//904 1129//1129
f 1019//1019 898//898 1015//1015
f 907//907 1020//1020 1017//1017
f 905//905 904//904 1014//1014
f 1019//1019 908//908 898//898
f 1021//1021 1022//1022 906//906
f 905//905 1022//1022 1128//1128
f 1024//1024 905//905 1023//1023
f 1024//1024 904//904 905//905
f 1018//1018 908//908 1019//1019
f 907//907 909//909 1020//1020
f 1128//1128 1133//1133 905//905
f 1018//1018 1025//1025 908//908
f 1025//1025 911//911 908//908
f 910//910 1132//1132 806//806
f 806//806 1132//1132 909//909
f 1025//1025 913//913 911//911
f 1132//1132 910//910 1135//1135
f 914//914 913//913 1027//1027
f 1026//1026 1135//1135 717//717
f 1026//1026 811//811 1346//1346
f 1027//1027 721//721 808//808
f 1137//1137 721//721 1027//1027
f 1137//1137 915//915 721//721
f 295//295 811//811 530//530
f 1029//1029 1141//1141 295//295
f 1028//1028 916//916 915//915
f 1142//1142 916//916 1028//1028
f 1031//1031 919//919 812//812
f 920//920 1150//1150 1030//1030
f 1032//1032 1031//1031 1148//1148
f 815//815 1150//1150 920//920
f 1151//1151 1150//1150 815//815
f 1033//1033 1151//1151 815//815
f 1151//1151 922//922 1261//1261
f 1151//1151 1033//1033 922//922
f 1154//1154 921//921 1152//1152
f 1152//1152 921//921 1032//1032
f 1033//1033 728//728 922//922
f 1154//1154 1034//1034 921//921
f 1261//1261 922//922 1034//1034
f 1034//1034 922//922 732//732
f 924//924 923//923 736//736
f 1155//1155 820//820 1036//1036
f 1037//1037 734//734 820//820
f 925//925 1038//1038 822//822
f 1038//1038 1156//1156 822//822
f 1156//1156 823//823 822//822
f 736//736 1521//1521 924//924
f 824//824 1039//1039 739//739
f 1043//1043 928//928 1041//1041
f 1044//1044 1042//1042 830//830
f 1043//1043 929//929 928//928
f 1043//1043 1160//1160 929//929
f 1163//1163 1044//1044 830//830
f 1162//1162 1163//1163 1274//1274
f 1275//1275 1274//1274 930//930
f 1275//1275 930//930 931//931
f 1045//1045 551//551 937//937
f 834//834 1164//1164 931//931
f 834//834 934//934 935//935
f 834//834 935//935 936//936
f 936//936 1045//1045 834//834
f 1165//1165 1045//1045 937//937
f 937//937 835//835 1165//1165
f 1046//1046 833//833 933//933
f 933//933 929//929 1046//1046
f 1367//1367 1165//1165 835//835
f 836//836 1367//1367 938//938
f 939//939 1367//1367 836//836
f 1279//1279 1280//1280 940//940
f 941//941 1048//1048 648//648
f 942//942 940//940 1280//1280
f 838//838 943//943 1048//1048
f 1050//1050 943//943 944//944
f 1051//1051 1050//1050 944//944
f 1169//1169 1051//1051 944//944
f 1282//1282 1052//1052 839//839
f 946//946 1170//1170 842//842
f 946//946 1053//1053 1170//1170
f 846//846 1053//1053 946//946
f 846//846 1056//1056 1374//1374
f 1056//1056 846//846 948//948
f 1175//1175 949//949 847//847
f 1176//1176 1057//1057 948//948
f 1175//1175 1058//1058 949//949
f 753//753 1176//1176 752//752
f 851//851 1176//1176 753//753
f 1059//1059 852//852 950//950
f 755//755 1060//1060 851//851
f 854//854 1387//1387 1061//1061
f 1063//1063 952//952 1062//1062
f 855//855 1387//1387 854//854
f 1064//1064 952//952 1063//1063
f 758//758 1183//1183 855//855
f 1064//1064 1294//1294 952//952
f 953//953 952//952 1294//1294
f 953//953 1065//1065 952//952
f 1065//1065 953//953 954//954
f 1296//1296 761//761 1185//1185
f 1185//1185 761//761 1066//1066
f 857//857 1066//1066 761//761
f 1297//1297 954//954 953//953
f 858//858 1066//1066 857//857
f 1297//1297 1067//1067 954//954
f 955//955 1066//1066 858//858
f 1394//1394 859//859 1067//1067
f 1069//1069 859//859 1394//1394
f 956//956 1068//1068 665//665
f 860//860 1186//1186 956//956
f 1069//1069 1187//1187 957//957
f 958//958 1189//1189 860//860
f 1187//1187 1303//1303 957//957
f 959//959 957//957 1303//1303
f 958//958 960//960 1189//1189
f 765//765 960//960 958//958
f 962//962 959//959 1303//1303
f 1070//1070 1305//1305 961//961
f 768//768 1070//1070 861//861
f 1190//1190 768//768 1071//1071
f 769//769 1071//1071 768//768
f 963//963 1071//1071 769//769
f 864//864 1192//1192 963//963
f 1310//1310 964//964 1073//1073
f 965//965 1192//1192 864//864
f 1193//1193 964//964 1310//1310
f 1193//1193 865//865 964//964
f 1193//1193 867//867 865//865
f 1313//1313 965//965 866//866
f 867//867 968//968 966//966
f 970//970 1202//1202 969//969
f 1320//1320 1200//1200 773//773
f 1320//1320 773//773 869//869
f 1200//1200 1203//1203 773//773
f 872//872 1202//1202 871//871
f 1075//1075 872//872 681//681
f 1076//1076 1075//1075 681//681
f 972//972 1208//1208 1077//1077
f 1077//1077 876//876 972//972
f 1076//1076 775//775 873//873
f 1213//1213 1078//1078 876//876
f 973//973 1211//1211 874//874
f 1211//1211 973//973 1080//1080
f 1211//1211 1080//1080 1079//1079
f 1216//1216 1082//1082 1078//1078
f 1216//1216 1078//1078 1215//1215
f 974//974 1080//1080 973//973
f 1081//1081 975//975 1082//1082
f 1082//1082 975//975 878//878
f 880//880 1221//1221 974//974
f 782//782 1084//1084 880//880
f 1083//1083 975//975 1081//1081
f 1085//1085 975//975 1083//1083
f 977//977 882//882 1085//1085
f 978//978 976//976 782//782
f 1086//1086 977//977 1085//1085
f 1087//1087 976//976 978//978
f 1091//1091 1087//1087 978//978
f 1090//1090 783//783 1089//1089
f 1089//1089 1230//1230 1090//1090
f 979//979 980//980 1091//1091
f 1090//1090 1093//1093 981//981
f 1091//1091 980//980 1231//1231
f 1090//1090 1092//1092 1093//1093
f 1231//1231 980//980 1095//1095
f 983//983 982//982 1093//1093
f 980//980 1094//1094 1095//1095
f 1093//1093 1096//1096 983//983
f 1093//1093 1236//1236 1096//1096
f 984//984 1094//1094 985//985
f 1236//1236 888//888 983//983
f 1236//1236 983//983 1096//1096
f 987//987 984//984 985//985
f 1098//1098 984//984 987//987
f 1236//1236 1095//1095 988//988
f 988//988 888//888 1236//1236
f 991//991 1097//1097 987//987
f 987//987 1097//1097 1098//1098
f 1239//1239 1099//1099 988//988
f 1099//1099 990//990 988//988
f 1239//1239 1100//1100 1099//1099
f 991//991 1102//1102 1097//1097
f 1100//1100 891//891 990//990
f 1100//1100 990//990 1099//1099
f 1239//1239 1101//1101 1100//1100
f 1097//1097 1102//1102 1101//1101
f 1100//1100 1103//1103 891//891
f 992//992 1104//1104 1102//1102
f 1101//1101 1103//1103 1100//1100
f 1102//1102 1104//1104 1105//1105
f 1102//1102 1105//1105 1101//1101
f 1103//1103 1101//1101 993//993
f 1105//1105 1106//1106 1101//1101
f 1101//1101 1106//1106 993//993
f 1104//1104 1106//1106 1105//1105
f 790//790 1107//1107 994//994
f 1107//1107 1104//1104 994//994
f 1106//1106 1104//1104 1107//1107
f 1106//1106 996//996 993//993
f 790//790 1108//1108 1107//1107
f 1106//1106 1109//1109 1110//1110
f 1110//1110 996//996 1106//1106
f 1107//1107 1111//1111 1106//1106
f 1106//1106 1111//1111 1109//1109
f 1107//1107 1112//1112 1111//1111
f 1111//1111 997//997 1110//1110
f 1111//1111 1110//1110 1109//1109
f 999//999 1108//1108 892//892
f 1111//1111 1112//1112 997//997
f 1113//1113 1108//1108 999//999
f 1108//1108 1113//1113 1107//1107
f 1112//1112 998//998 997//997
f 999//999 1006//1006 1113//1113
f 1107//1107 1113//1113 1115//1115
f 1107//1107 1115//1115 1114//1114
f 1112//1112 1000//1000 998//998
f 1001//1001 1006//1006 999//999
f 1112//1112 1114//1114 1000//1000
f 1107//1107 1114//1114 1112//1112
f 1115//1115 1002//1002 1000//1000
f 1115//1115 1000//1000 1114//1114
f 1003//1003 1006//1006 1001//1001
f 1006//1006 1007//1007 1113//1113
f 1006//1006 1117//1117 1007//1007
f 1115//1115 1113//1113 1005//1005
f 1115//1115 1005//1005 1002//1002
f 1006//1006 1116//1116 1117//1117
f 1007//1007 1005//1005 1113//1113
f 1004//1004 1008//1008 1006//1006
f 1006//1006 1118//1118 1116//1116
f 1006//1006 1008//1008 1118//1118
f 1116//1116 1118//1118 1117//1117
f 1117//1117 1120//1120 1007//1007
f 1118//1118 1120//1120 1117//1117
f 1122//1122 1009//1009 1013//1013
f 1010//1010 1119//1119 1011//1011
f 897//897 1123//1123 1008//1008
f 1008//1008 1123//1123 1118//1118
f 1017//1017 1125//1125 1013//1013
f 1013//1013 1125//1125 1122//1122
f 1124//1124 798//798 1119//1119
f 1124//1124 1126//1126 798//798
f 1126//1126 1016//1016 798//798
f 897//897 1019//1019 1123//1123
f 1019//1019 1118//1118 1123//1123
f 1020//1020 1125//1125 1017//1017
f 1127//1127 897//897 1129//1129
f 897//897 1127//1127 1019//1019
f 1248//1248 1021//1021 903//903
f 1127//1127 1018//1018 1019//1019
f 1129//1129 1018//1018 1127//1127
f 1021//1021 1128//1128 1022//1022
f 1129//1129 904//904 1024//1024
f 1023//1023 1129//1129 1024//1024
f 1018//1018 1129//1129 1023//1023
f 1130//1130 1020//1020 1131//1131
f 1020//1020 1132//1132 1131//1131
f 1020//1020 909//909 1132//1132
f 1133//1133 1023//1023 905//905
f 1133//1133 1136//1136 1023//1023
f 1023//1023 1025//1025 1018//1018
f 1136//1136 1025//1025 1023//1023
f 1134//1134 1136//1136 1133//1133
f 1136//1136 913//913 1025//1025
f 1136//1136 1027//1027 913//913
f 1139//1139 1027//1027 1136//1136
f 1346//1346 1135//1135 1026//1026
f 1139//1139 1137//1137 1027//1027
f 1139//1139 915//915 1137//1137
f 1140//1140 1028//1028 915//915
f 1140//1140 915//915 1139//1139
f 1141//1141 811//811 295//295
f 1252//1252 1141//1141 1029//1029
f 1142//1142 1028//1028 1140//1140
f 918//918 1143//1143 1029//1029
f 918//918 917//917 1143//1143
f 1143//1143 917//917 1144//1144
f 1145//1145 1144//1144 917//917
f 1146//1146 1145//1145 917//917
f 1257//1257 812//812 1142//1142
f 724//724 1146//1146 917//917
f 1030//1030 1146//1146 724//724
f 1149//1149 1147//1147 1030//1030
f 1148//1148 1031//1031 812//812
f 1148//1148 812//812 1257//1257
f 1150//1150 1149//1149 1030//1030
f 1257//1257 1259//1259 1148//1148
f 1148//1148 1259//1259 1032//1032
f 1149//1149 1150//1150 1151//1151
f 1259//1259 1152//1152 1032//1032
f 1262//1262 1034//1034 1154//1154
f 1034//1034 1153//1153 1261//1261
f 1153//1153 1034//1034 1262//1262
f 1360//1360 1263//1263 924//924
f 1263//1263 1264//1264 924//924
f 924//924 1035//1035 819//819
f 1155//1155 1265//1265 820//820
f 1265//1265 1037//1037 820//820
f 1156//1156 825//825 823//823
f 924//924 1521//1521 1360//1360
f 1156//1156 1157//1157 825//825
f 1157//1157 1039//1039 825//825
f 926//926 1039//1039 824//824
f 827//827 1040//1040 1268//1268
f 1267//1267 827//827 1268//1268
f 1039//1039 1158//1158 739//739
f 1040//1040 1361//1361 1268//1268
f 1158//1158 1041//1041 927//927
f 1042//1042 1271//1271 1040//1040
f 1043//1043 1041//1041 1159//1159
f 1042//1042 1044//1044 1363//1363
f 1046//1046 929//929 1160//1160
f 1276//1276 1275//1275 931//931
f 1276//1276 931//931 1164//1164
f 834//834 1045//1045 1451//1451
f 834//834 1451//1451 1277//1277
f 1047//1047 1046//1046 1166//1166
f 1048//1048 1167//1167 939//939
f 1281//1281 1167//1167 1048//1048
f 1280//1280 1168//1168 942//942
f 1168//1168 839//839 1049//1049
f 1171//1171 1172//1172 945//945
f 1172//1172 1054//1054 945//945
f 1054//1054 1055//1055 947//947
f 1374//1374 1053//1053 846//846
f 1175//1175 847//847 1055//1055
f 1175//1175 1055//1055 1174//1174
f 1057//1057 1056//1056 948//948
f 1058//1058 1175//1175 1288//1288
f 1289//1289 1059//1059 1058//1058
f 851//851 1290//1290 1176//1176
f 1060//1060 1290//1290 851//851
f 755//755 1290//1290 1060//1060
f 1289//1289 852//852 1059//1059
f 1291//1291 853//853 852//852
f 1381//1381 755//755 1177//1177
f 1177//1177 755//755 1178//1178
f 1291//1291 1179//1179 853//853
f 951//951 1061//1061 1178//1178
f 1179//1179 1180//1180 1181//1181
f 1181//1181 1062//1062 1179//1179
f 1292//1292 1063//1063 1062//1062
f 1292//1292 1062//1062 1181//1181
f 855//855 1182//1182 1387//1387
f 855//855 1183//1183 1182//1182
f 1292//1292 1064//1064 1063//1063
f 1294//1294 1064//1064 1292//1292
f 761//761 758//758 759//759
f 1296//1296 758//758 761//761
f 1184//1184 1297//1297 953//953
f 1068//1068 1299//1299 955//955
f 1394//1394 1067//1067 1297//1297
f 1301//1301 1299//1299 1068//1068
f 956//956 1186//1186 1068//1068
f 1301//1301 1068//1068 1186//1186
f 1397//1397 1069//1069 1300//1300
f 1397//1397 1187//1187 1069//1069
f 1189//1189 1186//1186 860//860
f 960//960 1305//1305 1189//1189
f 961//961 1305//1305 960//960
f 1403//1403 962//962 1303//1303
f 1306//1306 962//962 1403//1403
f 962//962 1306//1306 1191//1191
f 1308//1308 1072//1072 1191//1191
f 1073//1073 964//964 1308//1308
f 965//965 1194//1194 1192//1192
f 1313//1313 1194//1194 965//965
f 1195//1195 1314//1314 867//867
f 866//866 1315//1315 1313//1313
f 968//968 867//867 1314//1314
f 1315//1315 866//866 967//967
f 1198//1198 1318//1318 967//967
f 1197//1197 1320//1320 1196//1196
f 969//969 1199//1199 1198//1198
f 1200//1200 1320//1320 1321//1321
f 1202//1202 1199//1199 969//969
f 872//872 1201//1201 1202//1202
f 1204//1204 1201//1201 872//872
f 1206//1206 971//971 1203//1203
f 1206//1206 1203//1203 1205//1205
f 1204//1204 872//872 1075//1075
f 1206//1206 1074//1074 971//971
f 1327//1327 1074//1074 1206//1206
f 1208//1208 1074//1074 1327//1327
f 1207//1207 1075//1075 1076//1076
f 1327//1327 1209//1209 1208//1208
f 1209//1209 1077//1077 1208//1208
f 873//873 1211//1211 1076//1076
f 1209//1209 876//876 1077//1077
f 874//874 1211//1211 873//873
f 1211//1211 1212//1212 1076//1076
f 1210//1210 1076//1076 1212//1212
f 1329//1329 1213//1213 1209//1209
f 1213//1213 876//876 1209//1209
f 1329//1329 1214//1214 1213//1213
f 1214//1214 1078//1078 1213//1213
f 1331//1331 1211//1211 1333//1333
f 1333//1333 1211//1211 1079//1079
f 1214//1214 1215//1215 1078//1078
f 1329//1329 1215//1215 1214//1214
f 974//974 1219//1219 1080//1080
f 1218//1218 1081//1081 1082//1082
f 1218//1218 1082//1082 1216//1216
f 974//974 1217//1217 1219//1219
f 1218//1218 1335//1335 1220//1220
f 1218//1218 1220//1220 1081//1081
f 1221//1221 1217//1217 974//974
f 1083//1083 1081//1081 1220//1220
f 1084//1084 1221//1221 880//880
f 1220//1220 1222//1222 1223//1223
f 1223//1223 1085//1085 1083//1083
f 1223//1223 1083//1083 1220//1220
f 1222//1222 1085//1085 1223//1223
f 1221//1221 1224//1224 1217//1217
f 1217//1217 1224//1224 1220//1220
f 1220//1220 1224//1224 1222//1222
f 1222//1222 1086//1086 1085//1085
f 1084//1084 1230//1230 1221//1221
f 1221//1221 1230//1230 1224//1224
f 1224//1224 1086//1086 1222//1222
f 976//976 1225//1225 1084//1084
f 1084//1084 1225//1225 1230//1230
f 1230//1230 1086//1086 1224//1224
f 1087//1087 1088//1088 976//976
f 977//977 1086//1086 1230//1230
f 1088//1088 1227//1227 976//976
f 1230//1230 1226//1226 977//977
f 1226//1226 1089//1089 977//977
f 976//976 1227//1227 1225//1225
f 1225//1225 1227//1227 1230//1230
f 1230//1230 1089//1089 1226//1226
f 1091//1091 1228//1228 1088//1088
f 1091//1091 1088//1088 1087//1087
f 1088//1088 1229//1229 1227//1227
f 1227//1227 1229//1229 1230//1230
f 1228//1228 1229//1229 1088//1088
f 1230//1230 1229//1229 1090//1090
f 1091//1091 1231//1231 1228//1228
f 1228//1228 1231//1231 1229//1229
f 1229//1229 1092//1092 1090//1090
f 1229//1229 1231//1231 1235//1235
f 1229//1229 1235//1235 1232//1232
f 1232//1232 1092//1092 1229//1229
f 1232//1232 1235//1235 1093//1093
f 1232//1232 1093//1093 1092//1092
f 1095//1095 1233//1233 1231//1231
f 1231//1231 1233//1233 1234//1234
f 1231//1231 1234//1234 1235//1235
f 1234//1234 1093//1093 1235//1235
f 1233//1233 1236//1236 1234//1234
f 1236//1236 1093//1093 1234//1234
f 1094//1094 1238//1238 1095//1095
f 1233//1233 1095//1095 1236//1236
f 984//984 1238//1238 1094//1094
f 984//984 1237//1237 1238//1238
f 1098//1098 1237//1237 984//984
f 1238//1238 988//988 1095//1095
f 1237//1237 988//988 1238//1238
f 1239//1239 988//988 1237//1237
f 1097//1097 1101//1101 1098//1098
f 1237//1237 1098//1098 1239//1239
f 1098//1098 1101//1101 1239//1239
f 1119//1119 1240//1240 1241//1241
f 1009//1009 1242//1242 1240//1240
f 1009//1009 1240//1240 1010//1010
f 1010//1010 1240//1240 1119//1119
f 1241//1241 1121//1121 1119//1119
f 1244//1244 1242//1242 1009//1009
f 1119//1119 1121//1121 1124//1124
f 1122//1122 1244//1244 1009//1009
f 1246//1246 1244//1244 1122//1122
f 1245//1245 1124//1124 1243//1243
f 1246//1246 1122//1122 1125//1125
f 1124//1124 1245//1245 1126//1126
f 1125//1125 1247//1247 1246//1246
f 1245//1245 1248//1248 1126//1126
f 1125//1125 1020//1020 1247//1247
f 1429//1429 1128//1128 1248//1248
f 1248//1248 1128//1128 1021//1021
f 1020//1020 1130//1130 1343//1343
f 1342//1342 1133//1133 1128//1128
f 1132//1132 1130//1130 1131//1131
f 1133//1133 1628//1628 1506//1506
f 1132//1132 1249//1249 1345//1345
f 1133//1133 1506//1506 1432//1432
f 1133//1133 1432//1432 1134//1134
f 1132//1132 1433//1433 1249//1249
f 1432//1432 1136//1136 1134//1134
f 1135//1135 1433//1433 1132//1132
f 1250//1250 1136//1136 1432//1432
f 1250//1250 1139//1139 1136//1136
f 1511//1511 1346//1346 811//811
f 1251//1251 1347//1347 1139//1139
f 1251//1251 1139//1139 1250//1250
f 1138//1138 1511//1511 811//811
f 1253//1253 1140//1140 1139//1139
f 1253//1253 1139//1139 1347//1347
f 1252//1252 1138//1138 811//811
f 1252//1252 811//811 1141//1141
f 1254//1254 1252//1252 1029//1029
f 1253//1253 1255//1255 1140//1140
f 1516//1516 1254//1254 1029//1029
f 1143//1143 1516//1516 1029//1029
f 1142//1142 1140//1140 1255//1255
f 1144//1144 1145//1145 1146//1146
f 1256//1256 1257//1257 1142//1142
f 1256//1256 1142//1142 1255//1255
f 1147//1147 1146//1146 1030//1030
f 1258//1258 1147//1147 1149//1149
f 1256//1256 1259//1259 1257//1257
f 1260//1260 1258//1258 1149//1149
f 1260//1260 1261//1261 1153//1153
f 1262//1262 1259//1259 1256//1256
f 1151//1151 1260//1260 1149//1149
f 1260//1260 1151//1151 1261//1261
f 1262//1262 1154//1154 1259//1259
f 1259//1259 1154//1154 1152//1152
f 1264//1264 1035//1035 924//924
f 1035//1035 1265//1265 1036//1036
f 1357//1357 1265//1265 1035//1035
f 1036//1036 1265//1265 1155//1155
f 734//734 1359//1359 925//925
f 1156//1156 1266//1266 1157//1157
f 1157//1157 1266//1266 1039//1039
f 1266//1266 1443//1443 1039//1039
f 1362//1362 1158//1158 1039//1039
f 1158//1158 1159//1159 1041//1041
f 1269//1269 1040//1040 1271//1271
f 1361//1361 1040//1040 1269//1269
f 1270//1270 1446//1446 1043//1043
f 1270//1270 1043//1043 1159//1159
f 1042//1042 1363//1363 1271//1271
f 1043//1043 1446//1446 1272//1272
f 1161//1161 1363//1363 1044//1044
f 1160//1160 1043//1043 1272//1272
f 1447//1447 1161//1161 1044//1044
f 1447//1447 1044//1044 1163//1163
f 1447//1447 1163//1163 1162//1162
f 1449//1449 1162//1162 1274//1274
f 1365//1365 1449//1449 1274//1274
f 1537//1537 1365//1365 1274//1274
f 1278//1278 1276//1276 1164//1164
f 1278//1278 1164//1164 834//834
f 1366//1366 1278//1278 834//834
f 1366//1366 834//834 1277//1277
f 1165//1165 1451//1451 1045//1045
f 1273//1273 1166//1166 1046//1046
f 1368//1368 1047//1047 1166//1166
f 1368//1368 1279//1279 1047//1047
f 939//939 1371//1371 1367//1367
f 1167//1167 1371//1371 939//939
f 1545//1545 1168//1168 1280//1280
f 1048//1048 1456//1456 1281//1281
f 943//943 1456//1456 1048//1048
f 1050//1050 1456//1456 943//943
f 1282//1282 839//839 1168//1168
f 1171//1171 1052//1052 1282//1282
f 1171//1171 1284//1284 1172//1172
f 1285//1285 1169//1169 1170//1170
f 1053//1053 1173//1173 1170//1170
f 1053//1053 1286//1286 1173//1173
f 1461//1461 1375//1375 1054//1054
f 1375//1375 1055//1055 1054//1054
f 1286//1286 1053//1053 1374//1374
f 1057//1057 1374//1374 1056//1056
f 1287//1287 1174//1174 1055//1055
f 1466//1466 1463//1463 1057//1057
f 1175//1175 1174//1174 1376//1376
f 1176//1176 1290//1290 1057//1057
f 1288//1288 1289//1289 1058//1058
f 755//755 1381//1381 1290//1290
f 1380//1380 852//852 1289//1289
f 1380//1380 1291//1291 852//852
f 1380//1380 1382//1382 1291//1291
f 1291//1291 1180//1180 1179//1179
f 1061//1061 1386//1386 1178//1178
f 1291//1291 1292//1292 1181//1181
f 1291//1291 1181//1181 1180//1180
f 1386//1386 1061//1061 1387//1387
f 1183//1183 1387//1387 1182//1182
f 1294//1294 1292//1292 1293//1293
f 1293//1293 953//953 1294//1294
f 1296//1296 1183//1183 758//758
f 1295//1295 1297//1297 1184//1184
f 1295//1295 1184//1184 953//953
f 1298//1298 1394//1394 1297//1297
f 955//955 1185//1185 1066//1066
f 1394//1394 1300//1300 1069//1069
f 1189//1189 1301//1301 1186//1186
f 1189//1189 1302//1302 1301//1301
f 1188//1188 1302//1302 1189//1189
f 1304//1304 1403//1403 1303//1303
f 768//768 1307//1307 1070//1070
f 1306//1306 1404//1404 1191//1191
f 1190//1190 1307//1307 768//768
f 963//963 1190//1190 1071//1071
f 1192//1192 1309//1309 963//963
f 1310//1310 1073//1073 1308//1308
f 1308//1308 1312//1312 1310//1310
f 1192//1192 1194//1194 1309//1309
f 1311//1311 1309//1309 1194//1194
f 1195//1195 1193//1193 1310//1310
f 1195//1195 1310//1310 1312//1312
f 1195//1195 867//867 1193//1193
f 1412//1412 968//968 1314//1314
f 1412//1412 1196//1196 968//968
f 967//967 1317//1317 1315//1315
f 1316//1316 1196//1196 1412//1412
f 1318//1318 1317//1317 967//967
f 1316//1316 1197//1197 1196//1196
f 1320//1320 1197//1197 1316//1316
f 1316//1316 1321//1321 1320//1320
f 1316//1316 1319//1319 1321//1321
f 1199//1199 1322//1322 1198//1198
f 1318//1318 1198//1198 1322//1322
f 1319//1319 1203//1203 1321//1321
f 1203//1203 1200//1200 1321//1321
f 1319//1319 1323//1323 1203//1203
f 1202//1202 1201//1201 1199//1199
f 1323//1323 1324//1324 1203//1203
f 1201//1201 1420//1420 1199//1199
f 1324//1324 1205//1205 1203//1203
f 1325//1325 1205//1205 1324//1324
f 1324//1324 1327//1327 1325//1325
f 1325//1325 1206//1206 1205//1205
f 1324//1324 1326//1326 1327//1327
f 1325//1325 1327//1327 1206//1206
f 1075//1075 1207//1207 1204//1204
f 1204//1204 1328//1328 1326//1326
f 1204//1204 1207//1207 1328//1328
f 1328//1328 1209//1209 1326//1326
f 1209//1209 1327//1327 1326//1326
f 1210//1210 1207//1207 1076//1076
f 1207//1207 1210//1210 1328//1328
f 1328//1328 1210//1210 1209//1209
f 1329//1329 1209//1209 1210//1210
f 1210//1210 1332//1332 1330//1330
f 1210//1210 1330//1330 1329//1329
f 1211//1211 1331//1331 1210//1210
f 1211//1211 1210//1210 1212//1212
f 1210//1210 1331//1331 1332//1332
f 1332//1332 1329//1329 1330//1330
f 1215//1215 1329//1329 1332//1332
f 1331//1331 1215//1215 1332//1332
f 1080//1080 1219//1219 1333//1333
f 1080//1080 1333//1333 1079//1079
f 1331//1331 1216//1216 1215//1215
f 1333//1333 1334//1334 1331//1331
f 1334//1334 1218//1218 1216//1216
f 1334//1334 1216//1216 1331//1331
f 1219//1219 1334//1334 1333//1333
f 1334//1334 1335//1335 1218//1218
f 1219//1219 1335//1335 1334//1334
f 1217//1217 1335//1335 1219//1219
f 1220//1220 1335//1335 1217//1217
f 1340//1340 1240//1240 1337//1337
f 1337//1337 1240//1240 1242//1242
f 1336//1336 1338//1338 1241//1241
f 1338//1338 1336//1336 1243//1243
f 1340//1340 1337//1337 1242//1242
f 1241//1241 1338//1338 1121//1121
f 1121//1121 1338//1338 1243//1243
f 1244//1244 1340//1340 1242//1242
f 1243//1243 1124//1124 1121//1121
f 1244//1244 1339//1339 1340//1340
f 1341//1341 1339//1339 1244//1244
f 1246//1246 1247//1247 1244//1244
f 1244//1244 1247//1247 1341//1341
f 1428//1428 1245//1245 1243//1243
f 1429//1429 1245//1245 1428//1428
f 1245//1245 1429//1429 1248//1248
f 1020//1020 1343//1343 1247//1247
f 1429//1429 1342//1342 1128//1128
f 1430//1430 1133//1133 1342//1342
f 1133//1133 1344//1344 1628//1628
f 1130//1130 1132//1132 1581//1581
f 1132//1132 1345//1345 1581//1581
f 1346//1346 1433//1433 1135//1135
f 1511//1511 1433//1433 1346//1346
f 1252//1252 1511//1511 1138//1138
f 1347//1347 1251//1251 1250//1250
f 1513//1513 1253//1253 1347//1347
f 1348//1348 1253//1253 1513//1513
f 1254//1254 1349//1349 1252//1252
f 1348//1348 1255//1255 1253//1253
f 1350//1350 1255//1255 1348//1348
f 1143//1143 1144//1144 1146//1146
f 1143//1143 1146//1146 1351//1351
f 1352//1352 1146//1146 1147//1147
f 1350//1350 1356//1356 1255//1255
f 1352//1352 1147//1147 1258//1258
f 1352//1352 1258//1258 1353//1353
f 1350//1350 1355//1355 1356//1356
f 1356//1356 1256//1256 1255//1255
f 1260//1260 1353//1353 1258//1258
f 1353//1353 1260//1260 1354//1354
f 1356//1356 1355//1355 1256//1256
f 1260//1260 1153//1153 1354//1354
f 1354//1354 1153//1153 1262//1262
f 1354//1354 1262//1262 1355//1355
f 1355//1355 1262//1262 1256//1256
f 1263//1263 1035//1035 1264//1264
f 1357//1357 1037//1037 1265//1265
f 1037//1037 1359//1359 734//734
f 1359//1359 1523//1523 925//925
f 925//925 1523//1523 1038//1038
f 1038//1038 1523//1523 1156//1156
f 1523//1523 1266//1266 1156//1156
f 1263//1263 1360//1360 1522//1522
f 1443//1443 1362//1362 1039//1039
f 1158//1158 1362//1362 1159//1159
f 1362//1362 1445//1445 1159//1159
f 1446//1446 1270//1270 1159//1159
f 1160//1160 1272//1272 1446//1446
f 1160//1160 1273//1273 1046//1046
f 1162//1162 1364//1364 1448//1448
f 1449//1449 1364//1364 1162//1162
f 1537//1537 1274//1274 1275//1275
f 1538//1538 1275//1275 1276//1276
f 1538//1538 1537//1537 1275//1275
f 1539//1539 1277//1277 1451//1451
f 1452//1452 1451//1451 1165//1165
f 1278//1278 1538//1538 1276//1276
f 1367//1367 1452//1452 1165//1165
f 1368//1368 1166//1166 1273//1273
f 1371//1371 1369//1369 1367//1367
f 1281//1281 1371//1371 1167//1167
f 1370//1370 1545//1545 1280//1280
f 1370//1370 1280//1280 1279//1279
f 1281//1281 1453//1453 1371//1371
f 1281//1281 1456//1456 1453//1453
f 1545//1545 1372//1372 1168//1168
f 1458//1458 1282//1282 1168//1168
f 1283//1283 1050//1050 1051//1051
f 1458//1458 1171//1171 1282//1282
f 1458//1458 1284//1284 1171//1171
f 1283//1283 1051//1051 1460//1460
f 1285//1285 1051//1051 1169//1169
f 1373//1373 1054//1054 1172//1172
f 1173//1173 1285//1285 1170//1170
f 1373//1373 1461//1461 1054//1054
f 1374//1374 1173//1173 1286//1286
f 1375//1375 1287//1287 1055//1055
f 1463//1463 1374//1374 1057//1057
f 1376//1376 1174//1174 1287//1287
f 1057//1057 1377//1377 1466//1466
f 1378//1378 1288//1288 1175//1175
f 1290//1290 1377//1377 1057//1057
f 1378//1378 1289//1289 1288//1288
f 1290//1290 1379//1379 1377//1377
f 1468//1468 1289//1289 1378//1378
f 1379//1379 1290//1290 1467//1467
f 1469//1469 1289//1289 1468//1468
f 1469//1469 1380//1380 1289//1289
f 1467//1467 1290//1290 1470//1470
f 1470//1470 1290//1290 1381//1381
f 1473//1473 1177//1177 1178//1178
f 1384//1384 1292//1292 1291//1291
f 1384//1384 1291//1291 1382//1382
f 1383//1383 1178//1178 1386//1386
f 1384//1384 1385//1385 1292//1292
f 1389//1389 1293//1293 1292//1292
f 1389//1389 1292//1292 1385//1385
f 1388//1388 1386//1386 1391//1391
f 1386//1386 1387//1387 1391//1391
f 1183//1183 1391//1391 1387//1387
f 1390//1390 953//953 1293//1293
f 1390//1390 1295//1295 953//953
f 1392//1392 1295//1295 1390//1390
f 1296//1296 1391//1391 1183//1183
f 1296//1296 1185//1185 1391//1391
f 1295//1295 1392//1392 1393//1393
f 1295//1295 1393//1393 1297//1297
f 1392//1392 1298//1298 1297//1297
f 1392//1392 1297//1297 1393//1393
f 1486//1486 1394//1394 1392//1392
f 1394//1394 1298//1298 1392//1392
f 1486//1486 1489//1489 1394//1394
f 1395//1395 1185//1185 955//955
f 1485//1485 1185//1185 1395//1395
f 1299//1299 1395//1395 955//955
f 1489//1489 1396//1396 1394//1394
f 1301//1301 1395//1395 1299//1299
f 1398//1398 1395//1395 1301//1301
f 1489//1489 1397//1397 1396//1396
f 1397//1397 1300//1300 1394//1394
f 1397//1397 1394//1394 1396//1396
f 1489//1489 1492//1492 1397//1397
f 1188//1188 1398//1398 1301//1301
f 1492//1492 1187//1187 1397//1397
f 1302//1302 1188//1188 1301//1301
f 1399//1399 1303//1303 1187//1187
f 1399//1399 1187//1187 1492//1492
f 1189//1189 1401//1401 1188//1188
f 1188//1188 1401//1401 1400//1400
f 1399//1399 1304//1304 1303//1303
f 1189//1189 1402//1402 1401//1401
f 1403//1403 1304//1304 1399//1399
f 1305//1305 1402//1402 1189//1189
f 1404//1404 1405//1405 1399//1399
f 1399//1399 1406//1406 1403//1403
f 1399//1399 1405//1405 1406//1406
f 1406//1406 1306//1306 1403//1403
f 1405//1405 1306//1306 1406//1406
f 1070//1070 1307//1307 1305//1305
f 1305//1305 1307//1307 1402//1402
f 1405//1405 1404//1404 1306//1306
f 1402//1402 1407//1407 1404//1404
f 1402//1402 1307//1307 1407//1407
f 1407//1407 1191//1191 1404//1404
f 1408//1408 1308//1308 1191//1191
f 1408//1408 1191//1191 1407//1407
f 1407//1407 1308//1308 1408//1408
f 1409//1409 1410//1410 1307//1307
f 1307//1307 1410//1410 1407//1407
f 1190//1190 1409//1409 1307//1307
f 1410//1410 1308//1308 1407//1407
f 963//963 1309//1309 1190//1190
f 1309//1309 1411//1411 1190//1190
f 1309//1309 1311//1311 1411//1411
f 1190//1190 1411//1411 1409//1409
f 1409//1409 1312//1312 1308//1308
f 1409//1409 1308//1308 1410//1410
f 1409//1409 1195//1195 1312//1312
f 1313//1313 1311//1311 1194//1194
f 1311//1311 1412//1412 1411//1411
f 1411//1411 1412//1412 1409//1409
f 1412//1412 1195//1195 1409//1409
f 1311//1311 1413//1413 1412//1412
f 1412//1412 1314//1314 1195//1195
f 1313//1313 1414//1414 1311//1311
f 1311//1311 1414//1414 1413//1413
f 1413//1413 1316//1316 1412//1412
f 1313//1313 1315//1315 1414//1414
f 1315//1315 1415//1415 1414//1414
f 1414//1414 1316//1316 1413//1413
f 1315//1315 1416//1416 1415//1415
f 1315//1315 1317//1317 1416//1416
f 1317//1317 1318//1318 1417//1417
f 1415//1415 1319//1319 1414//1414
f 1415//1415 1416//1416 1319//1319
f 1319//1319 1316//1316 1414//1414
f 1317//1317 1319//1319 1416//1416
f 1317//1317 1417//1417 1319//1319
f 1318//1318 1418//1418 1417//1417
f 1322//1322 1419//1419 1318//1318
f 1418//1418 1319//1319 1417//1417
f 1318//1318 1419//1419 1418//1418
f 1418//1418 1323//1323 1319//1319
f 1199//1199 1419//1419 1322//1322
f 1420//1420 1419//1419 1199//1199
f 1419//1419 1324//1324 1323//1323
f 1419//1419 1323//1323 1418//1418
f 1419//1419 1420//1420 1324//1324
f 1204//1204 1420//1420 1201//1201
f 1326//1326 1420//1420 1204//1204
f 1420//1420 1326//1326 1324//1324
f 1240//1240 1421//1421 1422//1422
f 1240//1240 1422//1422 1241//1241
f 1422//1422 1423//1423 1241//1241
f 1426//1426 1424//1424 1425//1425
f 1340//1340 1425//1425 1240//1240
f 1240//1240 1425//1425 1424//1424
f 1240//1240 1424//1424 1421//1421
f 1336//1336 1241//1241 1423//1423
f 1423//1423 1496//1496 1336//1336
f 1426//1426 1425//1425 1340//1340
f 1496//1496 1243//1243 1336//1336
f 1339//1339 1426//1426 1340//1340
f 1499//1499 1500//1500 1243//1243
f 1496//1496 1499//1499 1243//1243
f 1341//1341 1426//1426 1339//1339
f 1427//1427 1243//1243 1500//1500
f 1502//1502 1428//1428 1243//1243
f 1427//1427 1502//1502 1243//1243
f 1247//1247 1505//1505 1341//1341
f 1247//1247 1343//1343 1505//1505
f 1130//1130 1581//1581 1343//1343
f 1133//1133 1430//1430 1344//1344
f 1431//1431 1432//1432 1506//1506
f 1249//1249 1433//1433 1507//1507
f 1509//1509 1432//1432 1431//1431
f 1509//1509 1250//1250 1432//1432
f 1511//1511 1434//1434 1433//1433
f 1666//1666 1512//1512 1250//1250
f 1435//1435 1252//1252 1436//1436
f 1435//1435 1511//1511 1252//1252
f 1513//1513 1347//1347 1250//1250
f 1513//1513 1250//1250 1512//1512
f 1349//1349 1514//1514 1252//1252
f 1514//1514 1436//1436 1252//1252
f 1437//1437 1348//1348 1513//1513
f 1438//1438 1350//1350 1437//1437
f 1437//1437 1350//1350 1348//1348
f 1143//1143 1517//1517 1516//1516
f 1143//1143 1351//1351 1517//1517
f 1352//1352 1589//1589 1517//1517
f 1146//1146 1517//1517 1351//1351
f 1517//1517 1146//1146 1352//1352
f 1352//1352 1354//1354 1439//1439
f 1440//1440 1350//1350 1438//1438
f 1352//1352 1353//1353 1354//1354
f 1439//1439 1354//1354 1440//1440
f 1440//1440 1354//1354 1355//1355
f 1440//1440 1355//1355 1350//1350
f 1442//1442 1263//1263 1522//1522
f 1518//1518 1263//1263 1442//1442
f 1263//1263 1518//1518 1035//1035
f 1518//1518 1441//1441 1035//1035
f 1035//1035 1590//1590 1357//1357
f 1267//1267 1444//1444 1521//1521
f 1359//1359 1592//1592 1523//1523
f 1361//1361 1527//1527 1268//1268
f 1268//1268 1527//1527 1444//1444
f 1268//1268 1444//1444 1267//1267
f 1521//1521 1444//1444 1522//1522
f 1362//1362 1443//1443 1526//1526
f 1361//1361 1269//1269 1527//1527
f 1446//1446 1445//1445 1362//1362
f 1446//1446 1159//1159 1445//1445
f 1363//1363 1269//1269 1271//1271
f 1528//1528 1269//1269 1363//1363
f 1273//1273 1160//1160 1446//1446
f 1363//1363 1531//1531 1528//1528
f 1640//1640 1363//1363 1161//1161
f 1640//1640 1531//1531 1363//1363
f 1161//1161 1532//1532 1640//1640
f 1447//1447 1532//1532 1161//1161
f 1447//1447 1162//1162 1448//1448
f 1448//1448 1364//1364 1449//1449
f 1449//1449 1365//1365 1537//1537
f 1450//1450 1449//1449 1537//1537
f 1366//1366 1601//1601 1278//1278
f 1539//1539 1366//1366 1277//1277
f 1543//1543 1368//1368 1273//1273
f 1369//1369 1541//1541 1367//1367
f 1541//1541 1369//1369 1371//1371
f 1543//1543 1279//1279 1368//1368
f 1543//1543 1370//1370 1279//1279
f 1371//1371 1453//1453 1547//1547
f 1456//1456 1454//1454 1453//1453
f 1455//1455 1372//1372 1545//1545
f 1455//1455 1545//1545 1549//1549
f 1455//1455 1168//1168 1372//1372
f 1455//1455 1458//1458 1168//1168
f 1050//1050 1457//1457 1456//1456
f 1459//1459 1458//1458 1455//1455
f 1283//1283 1457//1457 1050//1050
f 1284//1284 1458//1458 1459//1459
f 1553//1553 1172//1172 1284//1284
f 1285//1285 1460//1460 1051//1051
f 1554//1554 1373//1373 1172//1172
f 1461//1461 1462//1462 1375//1375
f 1559//1559 1287//1287 1375//1375
f 1559//1559 1464//1464 1287//1287
f 1464//1464 1376//1376 1287//1287
f 1463//1463 1466//1466 1465//1465
f 1464//1464 1563//1563 1376//1376
f 1565//1565 1175//1175 1376//1376
f 1565//1565 1376//1376 1563//1563
f 1565//1565 1378//1378 1175//1175
f 1465//1465 1466//1466 1566//1566
f 1468//1468 1378//1378 1565//1565
f 1379//1379 1466//1466 1377//1377
f 1467//1467 1466//1466 1379//1379
f 1565//1565 1567//1567 1468//1468
f 1567//1567 1469//1469 1468//1468
f 1473//1473 1470//1470 1381//1381
f 1567//1567 1471//1471 1469//1469
f 1471//1471 1382//1382 1380//1380
f 1471//1471 1380//1380 1469//1469
f 1177//1177 1473//1473 1381//1381
f 1471//1471 1472//1472 1382//1382
f 1473//1473 1569//1569 1470//1470
f 1471//1471 1474//1474 1472//1472
f 1472//1472 1474//1474 1382//1382
f 1383//1383 1473//1473 1178//1178
f 1474//1474 1475//1475 1384//1384
f 1384//1384 1382//1382 1474//1474
f 1473//1473 1475//1475 1569//1569
f 1473//1473 1383//1383 1475//1475
f 1383//1383 1476//1476 1475//1475
f 1475//1475 1385//1385 1384//1384
f 1475//1475 1476//1476 1389//1389
f 1389//1389 1385//1385 1475//1475
f 1383//1383 1478//1478 1476//1476
f 1386//1386 1477//1477 1383//1383
f 1383//1383 1477//1477 1478//1478
f 1388//1388 1479//1479 1386//1386
f 1386//1386 1479//1479 1477//1477
f 1478//1478 1389//1389 1476//1476
f 1478//1478 1293//1293 1389//1389
f 1477//1477 1390//1390 1478//1478
f 1390//1390 1293//1293 1478//1478
f 1479//1479 1390//1390 1477//1477
f 1391//1391 1480//1480 1388//1388
f 1388//1388 1392//1392 1479//1479
f 1479//1479 1392//1392 1390//1390
f 1391//1391 1482//1482 1480//1480
f 1391//1391 1481//1481 1482//1482
f 1480//1480 1482//1482 1388//1388
f 1388//1388 1482//1482 1392//1392
f 1185//1185 1481//1481 1391//1391
f 1482//1482 1481//1481 1483//1483
f 1483//1483 1486//1486 1392//1392
f 1483//1483 1392//1392 1482//1482
f 1485//1485 1481//1481 1185//1185
f 1481//1481 1485//1485 1484//1484
f 1483//1483 1481//1481 1486//1486
f 1484//1484 1486//1486 1481//1481
f 1484//1484 1487//1487 1486//1486
f 1487//1487 1489//1489 1486//1486
f 1485//1485 1488//1488 1484//1484
f 1485//1485 1490//1490 1488//1488
f 1487//1487 1484//1484 1489//1489
f 1488//1488 1489//1489 1484//1484
f 1485//1485 1395//1395 1490//1490
f 1490//1490 1489//1489 1488//1488
f 1398//1398 1491//1491 1395//1395
f 1395//1395 1491//1491 1490//1490
f 1490//1490 1492//1492 1489//1489
f 1491//1491 1492//1492 1490//1490
f 1188//1188 1400//1400 1398//1398
f 1398//1398 1400//1400 1491//1491
f 1491//1491 1399//1399 1492//1492
f 1400//1400 1493//1493 1491//1491
f 1493//1493 1399//1399 1491//1491
f 1400//1400 1494//1494 1493//1493
f 1494//1494 1399//1399 1493//1493
f 1402//1402 1400//1400 1401//1401
f 1494//1494 1400//1400 1402//1402
f 1494//1494 1402//1402 1404//1404
f 1494//1494 1404//1404 1399//1399
f 1424//1424 1498//1498 1495//1495
f 1424//1424 1495//1495 1421//1421
f 1422//1422 1421//1421 1573//1573
f 1422//1422 1573//1573 1423//1423
f 1423//1423 1573//1573 1575//1575
f 1496//1496 1423//1423 1575//1575
f 1426//1426 1497//1497 1424//1424
f 1424//1424 1497//1497 1498//1498
f 1498//1498 1497//1497 1426//1426
f 1341//1341 1501//1501 1426//1426
f 1426//1426 1501//1501 1498//1498
f 1502//1502 1429//1429 1428//1428
f 1504//1504 1342//1342 1429//1429
f 1624//1624 1342//1342 1504//1504
f 1430//1430 1342//1342 1624//1624
f 1343//1343 1581//1581 1505//1505
f 1628//1628 1431//1431 1506//1506
f 1249//1249 1507//1507 1345//1345
f 1508//1508 1507//1507 1433//1433
f 1434//1434 1508//1508 1433//1433
f 1509//1509 1666//1666 1250//1250
f 1434//1434 1511//1511 1510//1510
f 1511//1511 1436//1436 1582//1582
f 1435//1435 1436//1436 1511//1511
f 1515//1515 1437//1437 1513//1513
f 1586//1586 1514//1514 1349//1349
f 1254//1254 1586//1586 1349//1349
f 1516//1516 1586//1586 1254//1254
f 1515//1515 1438//1438 1437//1437
f 1515//1515 1439//1439 1440//1440
f 1515//1515 1440//1440 1438//1438
f 1589//1589 1352//1352 1439//1439
f 1519//1519 1035//1035 1441//1441
f 1590//1590 1035//1035 1519//1519
f 1358//1358 1037//1037 1357//1357
f 1037//1037 1358//1358 1520//1520
f 1520//1520 1359//1359 1037//1037
f 1360//1360 1521//1521 1522//1522
f 1590//1590 1358//1358 1357//1357
f 1520//1520 1592//1592 1359//1359
f 1266//1266 1523//1523 1524//1524
f 1444//1444 1639//1639 1522//1522
f 1266//1266 1524//1524 1443//1443
f 1524//1524 1525//1525 1443//1443
f 1525//1525 1526//1526 1443//1443
f 1526//1526 1446//1446 1362//1362
f 1525//1525 1446//1446 1526//1526
f 1527//1527 1269//1269 1528//1528
f 1525//1525 1530//1530 1446//1446
f 1525//1525 1529//1529 1530//1530
f 1529//1529 1273//1273 1530//1530
f 1530//1530 1273//1273 1446//1446
f 1533//1533 1273//1273 1529//1529
f 1532//1532 1447//1447 1640//1640
f 1644//1644 1447//1447 1448//1448
f 1644//1644 1598//1598 1447//1447
f 1534//1534 1448//1448 1449//1449
f 1605//1605 1273//1273 1533//1533
f 1534//1534 1449//1449 1450//1450
f 1599//1599 1450//1450 1537//1537
f 1601//1601 1538//1538 1278//1278
f 1602//1602 1366//1366 1539//1539
f 1602//1602 1601//1601 1366//1366
f 1539//1539 1451//1451 1535//1535
f 1535//1535 1451//1451 1452//1452
f 1367//1367 1535//1535 1452//1452
f 1536//1536 1535//1535 1367//1367
f 1536//1536 1367//1367 1540//1540
f 1540//1540 1367//1367 1541//1541
f 1542//1542 1543//1543 1273//1273
f 1542//1542 1273//1273 1605//1605
f 1371//1371 1544//1544 1541//1541
f 1541//1541 1544//1544 1607//1607
f 1542//1542 1370//1370 1543//1543
f 1371//1371 1547//1547 1544//1544
f 1609//1609 1545//1545 1370//1370
f 1609//1609 1611//1611 1545//1545
f 1453//1453 1546//1546 1547//1547
f 1453//1453 1454//1454 1546//1546
f 1545//1545 1548//1548 1549//1549
f 1611//1611 1548//1548 1545//1545
f 1456//1456 1551//1551 1454//1454
f 1548//1548 1455//1455 1549//1549
f 1456//1456 1457//1457 1551//1551
f 1548//1548 1550//1550 1455//1455
f 1548//1548 1459//1459 1550//1550
f 1548//1548 1553//1553 1459//1459
f 1459//1459 1455//1455 1550//1550
f 1551//1551 1457//1457 1552//1552
f 1460//1460 1457//1457 1283//1283
f 1553//1553 1284//1284 1459//1459
f 1460//1460 1555//1555 1457//1457
f 1554//1554 1172//1172 1553//1553
f 1553//1553 1614//1614 1554//1554
f 1285//1285 1555//1555 1460//1460
f 1173//1173 1558//1558 1285//1285
f 1554//1554 1556//1556 1461//1461
f 1461//1461 1373//1373 1554//1554
f 1285//1285 1558//1558 1557//1557
f 1554//1554 1557//1557 1556//1556
f 1556//1556 1462//1462 1461//1461
f 1558//1558 1559//1559 1557//1557
f 1374//1374 1558//1558 1173//1173
f 1557//1557 1375//1375 1462//1462
f 1557//1557 1462//1462 1556//1556
f 1559//1559 1375//1375 1557//1557
f 1374//1374 1463//1463 1558//1558
f 1558//1558 1463//1463 1560//1560
f 1560//1560 1464//1464 1559//1559
f 1560//1560 1559//1559 1558//1558
f 1463//1463 1561//1561 1560//1560
f 1465//1465 1561//1561 1463//1463
f 1561//1561 1562//1562 1560//1560
f 1562//1562 1464//1464 1560//1560
f 1562//1562 1563//1563 1464//1464
f 1465//1465 1563//1563 1561//1561
f 1561//1561 1563//1563 1562//1562
f 1465//1465 1565//1565 1563//1563
f 1465//1465 1564//1564 1565//1565
f 1564//1564 1567//1567 1565//1565
f 1467//1467 1566//1566 1466//1466
f 1465//1465 1567//1567 1564//1564
f 1465//1465 1566//1566 1567//1567
f 1467//1467 1568//1568 1566//1566
f 1568//1568 1467//1467 1470//1470
f 1568//1568 1567//1567 1566//1566
f 1568//1568 1471//1471 1567//1567
f 1470//1470 1569//1569 1568//1568
f 1568//1568 1569//1569 1474//1474
f 1568//1568 1474//1474 1471//1471
f 1569//1569 1475//1475 1474//1474
f 1495//1495 1571//1571 1421//1421
f 1421//1421 1571//1571 1572//1572
f 1421//1421 1572//1572 1573//1573
f 1576//1576 1574//1574 1495//1495
f 1495//1495 1574//1574 1571//1571
f 1498//1498 1576//1576 1495//1495
f 1575//1575 1652//1652 1496//1496
f 1578//1578 1576//1576 1498//1498
f 1577//1577 1656//1656 1496//1496
f 1652//1652 1577//1577 1496//1496
f 1656//1656 1499//1499 1496//1496
f 1621//1621 1500//1500 1499//1499
f 1656//1656 1621//1621 1499//1499
f 1501//1501 1620//1620 1498//1498
f 1498//1498 1620//1620 1578//1578
f 1621//1621 1733//1733 1427//1427
f 1621//1621 1427//1427 1500//1500
f 1579//1579 1502//1502 1427//1427
f 1733//1733 1579//1579 1427//1427
f 1503//1503 1429//1429 1502//1502
f 1503//1503 1502//1502 1504//1504
f 1503//1503 1504//1504 1429//1429
f 1505//1505 1626//1626 1623//1623
f 1505//1505 1581//1581 1626//1626
f 1430//1430 1580//1580 1344//1344
f 1628//1628 1344//1344 1580//1580
f 1581//1581 1345//1345 1507//1507
f 1626//1626 1581//1581 1507//1507
f 1509//1509 1431//1431 1664//1664
f 1510//1510 1508//1508 1434//1434
f 1666//1666 1509//1509 1664//1664
f 1510//1510 1511//1511 1629//1629
f 1630//1630 1512//1512 1666//1666
f 1582//1582 1629//1629 1511//1511
f 1582//1582 1436//1436 1514//1514
f 1583//1583 1513//1513 1512//1512
f 1583//1583 1512//1512 1630//1630
f 1585//1585 1513//1513 1583//1583
f 1586//1586 1584//1584 1514//1514
f 1585//1585 1515//1515 1513//1513
f 1585//1585 1589//1589 1515//1515
f 1516//1516 1587//1587 1586//1586
f 1587//1587 1516//1516 1517//1517
f 1587//1587 1517//1517 1588//1588
f 1588//1588 1517//1517 1589//1589
f 1589//1589 1439//1439 1515//1515
f 1518//1518 1442//1442 1441//1441
f 1442//1442 1519//1519 1441//1441
f 1590//1590 1591//1591 1358//1358
f 1358//1358 1633//1633 1520//1520
f 1634//1634 1523//1523 1592//1592
f 1524//1524 1523//1523 1634//1634
f 1636//1636 1522//1522 1639//1639
f 1527//1527 1596//1596 1444//1444
f 1596//1596 1639//1639 1444//1444
f 1524//1524 1593//1593 1525//1525
f 1595//1595 1525//1525 1593//1593
f 1594//1594 1596//1596 1527//1527
f 1528//1528 1594//1594 1527//1527
f 1595//1595 1597//1597 1529//1529
f 1529//1529 1525//1525 1595//1595
f 1594//1594 1640//1640 1596//1596
f 1594//1594 1528//1528 1640//1640
f 1528//1528 1531//1531 1640//1640
f 1597//1597 1642//1642 1605//1605
f 1597//1597 1605//1605 1533//1533
f 1597//1597 1533//1533 1529//1529
f 1640//1640 1447//1447 1598//1598
f 1644//1644 1448//1448 1534//1534
f 1536//1536 1539//1539 1535//1535
f 1534//1534 1450//1450 1599//1599
f 1599//1599 1537//1537 1600//1600
f 1600//1600 1537//1537 1538//1538
f 1602//1602 1539//1539 1603//1603
f 1603//1603 1539//1539 1536//1536
f 1541//1541 1536//1536 1540//1540
f 1541//1541 1605//1605 1642//1642
f 1541//1541 1604//1604 1605//1605
f 1541//1541 1607//1607 1604//1604
f 1604//1604 1542//1542 1605//1605
f 1606//1606 1542//1542 1604//1604
f 1604//1604 1607//1607 1606//1606
f 1606//1606 1607//1607 1608//1608
f 1608//1608 1542//1542 1606//1606
f 1610//1610 1607//1607 1544//1544
f 1608//1608 1370//1370 1542//1542
f 1547//1547 1610//1610 1544//1544
f 1607//1607 1370//1370 1608//1608
f 1607//1607 1609//1609 1370//1370
f 1612//1612 1610//1610 1547//1547
f 1607//1607 1610//1610 1609//1609
f 1610//1610 1611//1611 1609//1609
f 1546//1546 1612//1612 1547//1547
f 1610//1610 1612//1612 1548//1548
f 1610//1610 1548//1548 1611//1611
f 1551//1551 1546//1546 1454//1454
f 1546//1546 1551//1551 1612//1612
f 1551//1551 1548//1548 1612//1612
f 1551//1551 1553//1553 1548//1548
f 1551//1551 1613//1613 1553//1553
f 1551//1551 1552//1552 1613//1613
f 1613//1613 1614//1614 1553//1553
f 1555//1555 1552//1552 1457//1457
f 1552//1552 1614//1614 1613//1613
f 1552//1552 1554//1554 1614//1614
f 1555//1555 1615//1615 1552//1552
f 1615//1615 1616//1616 1552//1552
f 1615//1615 1555//1555 1616//1616
f 1616//1616 1554//1554 1552//1552
f 1285//1285 1616//1616 1555//1555
f 1616//1616 1557//1557 1554//1554
f 1557//1557 1616//1616 1285//1285
f 1619//1619 1617//1617 1570//1570
f 1570//1570 1617//1617 1574//1574
f 1574//1574 1617//1617 1571//1571
f 1571//1571 1617//1617 1572//1572
f 1573//1573 1572//1572 1618//1618
f 1618//1618 1575//1575 1573//1573
f 1652//1652 1575//1575 1618//1618
f 1574//1574 1619//1619 1570//1570
f 1578//1578 1619//1619 1576//1576
f 1576//1576 1619//1619 1574//1574
f 1652//1652 1656//1656 1577//1577
f 1733//1733 1621//1621 1658//1658
f 1502//1502 1579//1579 1733//1733
f 1501//1501 1622//1622 1661//1661
f 1505//1505 1622//1622 1341//1341
f 1341//1341 1622//1622 1501//1501
f 1660//1660 1502//1502 1733//1733
f 1622//1622 1505//1505 1661//1661
f 1505//1505 1623//1623 1661//1661
f 1660//1660 1624//1624 1502//1502
f 1504//1504 1502//1502 1624//1624
f 1624//1624 1625//1625 1430//1430
f 1737//1737 1431//1431 1701//1701
f 1663//1663 1507//1507 1508//1508
f 1737//1737 1664//1664 1431//1431
f 1510//1510 1663//1663 1508//1508
f 1702//1702 1666//1666 1664//1664
f 1582//1582 1665//1665 1629//1629
f 1668//1668 1582//1582 1514//1514
f 1668//1668 1631//1631 1582//1582
f 1584//1584 1668//1668 1514//1514
f 1586//1586 1668//1668 1584//1584
f 1586//1586 1669//1669 1668//1668
f 1587//1587 1669//1669 1586//1586
f 1588//1588 1583//1583 1632//1632
f 1669//1669 1587//1587 1588//1588
f 1588//1588 1589//1589 1583//1583
f 1583//1583 1589//1589 1585//1585
f 1709//1709 1590//1590 1519//1519
f 1591//1591 1590//1590 1709//1709
f 1634//1634 1592//1592 1520//1520
f 1677//1677 1522//1522 1636//1636
f 1677//1677 1442//1442 1522//1522
f 1358//1358 1591//1591 1633//1633
f 1637//1637 1524//1524 1634//1634
f 1596//1596 1635//1635 1639//1639
f 1636//1636 1639//1639 1676//1676
f 1638//1638 1524//1524 1637//1637
f 1638//1638 1593//1593 1524//1524
f 1638//1638 1595//1595 1593//1593
f 1639//1639 1635//1635 1678//1678
f 1638//1638 1597//1597 1595//1595
f 1596//1596 1640//1640 1635//1635
f 1642//1642 1643//1643 1638//1638
f 1638//1638 1643//1643 1597//1597
f 1635//1635 1640//1640 1678//1678
f 1598//1598 1678//1678 1640//1640
f 1678//1678 1598//1598 1644//1644
f 1536//1536 1646//1646 1603//1603
f 1642//1642 1641//1641 1541//1541
f 1643//1643 1642//1642 1597//1597
f 1645//1645 1644//1644 1534//1534
f 1645//1645 1534//1534 1683//1683
f 1600//1600 1534//1534 1599//1599
f 1689//1689 1600//1600 1538//1538
f 1689//1689 1538//1538 1601//1601
f 1603//1603 1601//1601 1602//1602
f 1603//1603 1689//1689 1601//1601
f 1641//1641 1536//1536 1541//1541
f 1617//1617 1647//1647 1572//1572
f 1572//1572 1647//1647 1693//1693
f 1693//1693 1648//1648 1572//1572
f 1619//1619 1649//1649 1617//1617
f 1617//1617 1649//1649 1647//1647
f 1650//1650 1572//1572 1648//1648
f 1650//1650 1618//1618 1572//1572
f 1653//1653 1649//1649 1619//1619
f 1650//1650 1652//1652 1618//1618
f 1578//1578 1651//1651 1619//1619
f 1619//1619 1651//1651 1653//1653
f 1578//1578 1653//1653 1651//1651
f 1654//1654 1656//1656 1652//1652
f 1655//1655 1653//1653 1578//1578
f 1753//1753 1656//1656 1654//1654
f 1620//1620 1655//1655 1578//1578
f 1621//1621 1656//1656 1657//1657
f 1657//1657 1658//1658 1621//1621
f 1501//1501 1659//1659 1620//1620
f 1620//1620 1659//1659 1732//1732
f 1735//1735 1625//1625 1624//1624
f 1623//1623 1626//1626 1758//1758
f 1430//1430 1701//1701 1580//1580
f 1626//1626 1627//1627 1758//1758
f 1628//1628 1580//1580 1701//1701
f 1701//1701 1431//1431 1628//1628
f 1626//1626 1507//1507 1662//1662
f 1663//1663 1510//1510 1665//1665
f 1665//1665 1510//1510 1629//1629
f 1666//1666 1667//1667 1630//1630
f 1705//1705 1582//1582 1631//1631
f 1707//1707 1630//1630 1667//1667
f 1707//1707 1583//1583 1630//1630
f 1670//1670 1746//1746 1669//1669
f 1670//1670 1671//1671 1707//1707
f 1707//1707 1671//1671 1632//1632
f 1707//1707 1632//1632 1583//1583
f 1670//1670 1669//1669 1588//1588
f 1670//1670 1588//1588 1671//1671
f 1671//1671 1588//1588 1632//1632
f 1672//1672 1442//1442 1677//1677
f 1672//1672 1519//1519 1442//1442
f 1709//1709 1519//1519 1672//1672
f 1674//1674 1520//1520 1633//1633
f 1673//1673 1634//1634 1520//1520
f 1673//1673 1520//1520 1674//1674
f 1709//1709 1674//1674 1591//1591
f 1591//1591 1674//1674 1633//1633
f 1675//1675 1634//1634 1673//1673
f 1678//1678 1676//1676 1639//1639
f 1676//1676 1679//1679 1636//1636
f 1636//1636 1679//1679 1677//1677
f 1676//1676 1678//1678 1679//1679
f 1682//1682 1642//1642 1638//1638
f 1682//1682 1638//1638 1637//1637
f 1679//1679 1678//1678 1680//1680
f 1637//1637 1641//1641 1682//1682
f 1682//1682 1641//1641 1642//1642
f 1678//1678 1644//1644 1680//1680
f 1680//1680 1644//1644 1645//1645
f 1680//1680 1645//1645 1683//1683
f 1687//1687 1684//1684 1683//1683
f 1691//1691 1603//1603 1685//1685
f 1685//1685 1603//1603 1686//1686
f 1686//1686 1603//1603 1646//1646
f 1686//1686 1646//1646 1536//1536
f 1686//1686 1536//1536 1681//1681
f 1681//1681 1536//1536 1641//1641
f 1681//1681 1641//1641 1637//1637
f 1534//1534 1687//1687 1683//1683
f 1687//1687 1534//1534 1600//1600
f 1687//1687 1600//1600 1688//1688
f 1688//1688 1600//1600 1689//1689
f 1690//1690 1689//1689 1691//1691
f 1691//1691 1689//1689 1603//1603
f 1649//1649 1694//1694 1692//1692
f 1649//1649 1692//1692 1647//1647
f 1647//1647 1692//1692 1693//1693
f 1722//1722 1648//1648 1693//1693
f 1696//1696 1697//1697 1724//1724
f 1696//1696 1694//1694 1649//1649
f 1653//1653 1696//1696 1649//1649
f 1695//1695 1650//1650 1648//1648
f 1697//1697 1696//1696 1653//1653
f 1726//1726 1650//1650 1695//1695
f 1726//1726 1652//1652 1650//1650
f 1726//1726 1698//1698 1652//1652
f 1652//1652 1753//1753 1654//1654
f 1698//1698 1753//1753 1652//1652
f 1655//1655 1697//1697 1653//1653
f 1657//1657 1656//1656 1753//1753
f 1754//1754 1658//1658 1657//1657
f 1501//1501 1734//1734 1659//1659
f 1501//1501 1661//1661 1734//1734
f 1661//1661 1623//1623 1734//1734
f 1623//1623 1700//1700 1734//1734
f 1624//1624 1660//1660 1735//1735
f 1623//1623 1758//1758 1700//1700
f 1625//1625 1735//1735 1430//1430
f 1701//1701 1430//1430 1735//1735
f 1626//1626 1760//1760 1627//1627
f 1626//1626 1662//1662 1760//1760
f 1507//1507 1663//1663 1662//1662
f 1665//1665 1738//1738 1663//1663
f 1702//1702 1664//1664 1737//1737
f 1703//1703 1666//1666 1702//1702
f 1703//1703 1667//1667 1666//1666
f 1582//1582 1704//1704 1665//1665
f 1705//1705 1704//1704 1582//1582
f 1706//1706 1667//1667 1703//1703
f 1706//1706 1707//1707 1667//1667
f 1631//1631 1668//1668 1743//1743
f 1743//1743 1668//1668 1669//1669
f 1708//1708 1743//1743 1669//1669
f 1746//1746 1670//1670 1707//1707
f 1708//1708 1669//1669 1746//1746
f 1709//1709 1672//1672 1677//1677
f 1674//1674 1709//1709 1710//1710
f 1711//1711 1674//1674 1714//1714
f 1675//1675 1674//1674 1711//1711
f 1675//1675 1673//1673 1674//1674
f 1679//1679 1680//1680 1677//1677
f 1712//1712 1677//1677 1680//1680
f 1677//1677 1712//1712 1709//1709
f 1709//1709 1713//1713 1710//1710
f 1674//1674 1710//1710 1714//1714
f 1685//1685 1634//1634 1675//1675
f 1685//1685 1637//1637 1634//1634
f 1712//1712 1683//1683 1709//1709
f 1709//1709 1683//1683 1713//1713
f 1710//1710 1713//1713 1714//1714
f 1711//1711 1715//1715 1685//1685
f 1711//1711 1685//1685 1675//1675
f 1685//1685 1681//1681 1637//1637
f 1712//1712 1680//1680 1683//1683
f 1683//1683 1684//1684 1713//1713
f 1687//1687 1713//1713 1684//1684
f 1713//1713 1687//1687 1688//1688
f 1713//1713 1688//1688 1689//1689
f 1713//1713 1689//1689 1714//1714
f 1711//1711 1714//1714 1690//1690
f 1711//1711 1690//1690 1691//1691
f 1711//1711 1691//1691 1715//1715
f 1685//1685 1686//1686 1681//1681
f 1714//1714 1689//1689 1690//1690
f 1715//1715 1691//1691 1685//1685
f 1696//1696 1719//1719 1694//1694
f 1694//1694 1719//1719 1716//1716
f 1694//1694 1716//1716 1692//1692
f 1692//1692 1716//1716 1717//1717
f 1692//1692 1717//1717 1693//1693
f 1717//1717 1718//1718 1693//1693
f 1696//1696 1721//1721 1719//1719
f 1693//1693 1718//1718 1720//1720
f 1720//1720 1722//1722 1693//1693
f 1696//1696 1724//1724 1721//1721
f 1648//1648 1722//1722 1695//1695
f 1722//1722 1723//1723 1695//1695
f 1697//1697 1727//1727 1724//1724
f 1725//1725 1726//1726 1695//1695
f 1655//1655 1727//1727 1697//1697
f 1753//1753 1698//1698 1726//1726
f 1727//1727 1655//1655 1728//1728
f 1657//1657 1753//1753 1774//1774
f 1657//1657 1774//1774 1730//1730
f 1620//1620 1729//1729 1655//1655
f 1730//1730 1754//1754 1657//1657
f 1732//1732 1729//1729 1620//1620
f 1733//1733 1658//1658 1754//1754
f 1732//1732 1659//1659 1755//1755
f 1660//1660 1733//1733 1699//1699
f 1735//1735 1759//1759 1701//1701
f 1760//1760 1758//1758 1627//1627
f 1761//1761 1701//1701 1793//1793
f 1760//1760 1663//1663 1736//1736
f 1662//1662 1663//1663 1760//1760
f 1740//1740 1736//1736 1663//1663
f 1761//1761 1737//1737 1701//1701
f 1738//1738 1740//1740 1663//1663
f 1739//1739 1702//1702 1737//1737
f 1740//1740 1738//1738 1665//1665
f 1762//1762 1740//1740 1665//1665
f 1704//1704 1741//1741 1665//1665
f 1741//1741 1762//1762 1665//1665
f 1739//1739 1703//1703 1702//1702
f 1742//1742 1745//1745 1739//1739
f 1705//1705 1765//1765 1704//1704
f 1631//1631 1765//1765 1705//1705
f 1743//1743 1765//1765 1631//1631
f 1739//1739 1745//1745 1706//1706
f 1739//1739 1706//1706 1703//1703
f 1746//1746 1743//1743 1708//1708
f 1743//1743 1746//1746 1744//1744
f 1744//1744 1746//1746 1742//1742
f 1742//1742 1746//1746 1707//1707
f 1742//1742 1707//1707 1745//1745
f 1745//1745 1707//1707 1706//1706
f 1749//1749 1747//1747 1716//1716
f 1716//1716 1747//1747 1717//1717
f 1719//1719 1749//1749 1716//1716
f 1750//1750 1748//1748 1749//1749
f 1721//1721 1749//1749 1719//1719
f 1724//1724 1750//1750 1749//1749
f 1721//1721 1724//1724 1749//1749
f 1722//1722 1720//1720 1718//1718
f 1751//1751 1723//1723 1722//1722
f 1724//1724 1752//1752 1750//1750
f 1751//1751 1695//1695 1723//1723
f 1773//1773 1695//1695 1751//1751
f 1773//1773 1725//1725 1695//1695
f 1727//1727 1752//1752 1724//1724
f 1725//1725 1753//1753 1726//1726
f 1787//1787 1727//1727 1728//1728
f 1655//1655 1729//1729 1728//1728
f 1731//1731 1729//1729 1732//1732
f 1754//1754 1839//1839 1733//1733
f 1731//1731 1732//1732 1755//1755
f 1733//1733 1756//1756 1699//1699
f 1755//1755 1659//1659 1757//1757
f 1659//1659 1734//1734 1818//1818
f 1699//1699 1775//1775 1660//1660
f 1734//1734 1700//1700 1818//1818
f 1819//1819 1700//1700 1758//1758
f 1759//1759 1735//1735 1660//1660
f 1760//1760 1791//1791 1758//1758
f 1759//1759 1793//1793 1701//1701
f 1776//1776 1737//1737 1761//1761
f 1796//1796 1736//1736 1740//1740
f 1777//1777 1737//1737 1776//1776
f 1737//1737 1777//1777 1739//1739
f 1763//1763 1739//1739 1777//1777
f 1704//1704 1762//1762 1741//1741
f 1763//1763 1779//1779 1739//1739
f 1762//1762 1704//1704 1764//1764
f 1765//1765 1764//1764 1704//1704
f 1779//1779 1742//1742 1739//1739
f 1765//1765 1743//1743 1804//1804
f 1766//1766 1744//1744 1779//1779
f 1779//1779 1744//1744 1742//1742
f 1749//1749 1767//1767 1747//1747
f 1770//1770 1767//1767 1748//1748
f 1748//1748 1767//1767 1749//1749
f 1747//1747 1768//1768 1717//1717
f 1717//1717 1768//1768 1769//1769
f 1769//1769 1718//1718 1717//1717
f 1769//1769 1785//1785 1718//1718
f 1750//1750 1770//1770 1748//1748
f 1785//1785 1772//1772 1722//1722
f 1785//1785 1722//1722 1718//1718
f 1750//1750 1771//1771 1770//1770
f 1772//1772 1751//1751 1722//1722
f 1752//1752 1771//1771 1750//1750
f 1773//1773 1753//1753 1725//1725
f 1727//1727 1815//1815 1752//1752
f 1773//1773 1774//1774 1753//1753
f 1727//1727 1787//1787 1815//1815
f 1754//1754 1730//1730 1839//1839
f 1755//1755 1757//1757 1817//1817
f 1757//1757 1659//1659 1817//1817
f 1659//1659 1818//1818 1817//1817
f 1819//1819 1818//1818 1700//1700
f 1759//1759 1660//1660 1821//1821
f 1791//1791 1819//1819 1758//1758
f 1824//1824 1794//1794 1760//1760
f 1736//1736 1796//1796 1760//1760
f 1796//1796 1824//1824 1760//1760
f 1776//1776 1761//1761 1793//1793
f 1793//1793 1777//1777 1776//1776
f 1762//1762 1800//1800 1740//1740
f 1765//1765 1780//1780 1762//1762
f 1779//1779 1777//1777 1778//1778
f 1779//1779 1763//1763 1777//1777
f 1762//1762 1764//1764 1765//1765
f 1804//1804 1743//1743 1781//1781
f 1781//1781 1743//1743 1744//1744
f 1781//1781 1744//1744 1766//1766
f 1781//1781 1766//1766 1779//1779
f 1767//1767 1784//1784 1782//1782
f 1767//1767 1782//1782 1747//1747
f 1747//1747 1782//1782 1768//1768
f 1786//1786 1783//1783 1784//1784
f 1770//1770 1784//1784 1767//1767
f 1832//1832 1785//1785 1769//1769
f 1786//1786 1784//1784 1770//1770
f 1771//1771 1786//1786 1770//1770
f 1771//1771 1752//1752 1786//1786
f 1751//1751 1772//1772 1814//1814
f 1751//1751 1814//1814 1773//1773
f 1773//1773 1814//1814 1878//1878
f 1815//1815 1835//1835 1752//1752
f 1878//1878 1774//1774 1773//1773
f 1857//1857 1788//1788 1774//1774
f 1774//1774 1788//1788 1730//1730
f 1729//1729 1787//1787 1728//1728
f 1787//1787 1729//1729 1837//1837
f 1729//1729 1789//1789 1837//1837
f 1730//1730 1788//1788 1839//1839
f 1729//1729 1731//1731 1858//1858
f 1731//1731 1755//1755 1860//1860
f 1755//1755 1817//1817 1860//1860
f 1861//1861 1775//1775 1699//1699
f 1660//1660 1861//1861 1884//1884
f 1660//1660 1775//1775 1861//1861
f 1821//1821 1660//1660 1884//1884
f 1793//1793 1759//1759 1821//1821
f 1760//1760 1792//1792 1791//1791
f 1794//1794 1822//1822 1760//1760
f 1822//1822 1792//1792 1760//1760
f 1798//1798 1799//1799 1795//1795
f 1799//1799 1777//1777 1793//1793
f 1799//1799 1793//1793 1795//1795
f 1797//1797 1796//1796 1740//1740
f 1800//1800 1797//1797 1740//1740
f 1798//1798 1777//1777 1799//1799
f 1798//1798 1778//1778 1777//1777
f 1762//1762 1802//1802 1800//1800
f 1802//1802 1762//1762 1780//1780
f 1802//1802 1780//1780 1765//1765
f 1802//1802 1765//1765 1803//1803
f 1803//1803 1765//1765 1804//1804
f 1801//1801 1804//1804 1779//1779
f 1801//1801 1779//1779 1798//1798
f 1798//1798 1779//1779 1778//1778
f 1804//1804 1781//1781 1779//1779
f 1783//1783 1807//1807 1784//1784
f 1784//1784 1807//1807 1782//1782
f 1782//1782 1807//1807 1806//1806
f 1806//1806 1768//1768 1782//1782
f 1783//1783 1811//1811 1805//1805
f 1783//1783 1805//1805 1807//1807
f 1808//1808 1828//1828 1768//1768
f 1768//1768 1828//1828 1769//1769
f 1828//1828 1832//1832 1769//1769
f 1786//1786 1809//1809 1783//1783
f 1783//1783 1809//1809 1811//1811
f 1811//1811 1809//1809 1786//1786
f 1810//1810 1813//1813 1785//1785
f 1832//1832 1810//1810 1785//1785
f 1813//1813 1772//1772 1785//1785
f 1752//1752 1812//1812 1786//1786
f 1786//1786 1812//1812 1811//1811
f 1813//1813 1814//1814 1772//1772
f 1878//1878 1857//1857 1774//1774
f 1857//1857 1839//1839 1788//1788
f 1837//1837 1815//1815 1787//1787
f 1789//1789 1729//1729 1858//1858
f 1733//1733 1839//1839 1756//1756
f 1816//1816 1756//1756 1839//1839
f 1816//1816 1699//1699 1756//1756
f 1816//1816 1861//1861 1699//1699
f 1819//1819 1820//1820 1790//1790
f 1820//1820 1819//1819 1791//1791
f 1841//1841 1820//1820 1791//1791
f 1792//1792 1822//1822 1791//1791
f 1821//1821 1795//1795 1793//1793
f 1824//1824 1822//1822 1794//1794
f 1844//1844 1823//1823 1821//1821
f 1823//1823 1795//1795 1821//1821
f 1823//1823 1844//1844 1795//1795
f 1797//1797 1824//1824 1796//1796
f 1825//1825 1795//1795 1844//1844
f 1800//1800 1891//1891 1797//1797
f 1825//1825 1798//1798 1795//1795
f 1825//1825 1801//1801 1798//1798
f 1802//1802 1891//1891 1800//1800
f 1802//1802 1803//1803 1846//1846
f 1846//1846 1803//1803 1804//1804
f 1846//1846 1804//1804 1825//1825
f 1825//1825 1804//1804 1801//1801
f 1805//1805 1806//1806 1807//1807
f 1808//1808 1768//1768 1806//1806
f 1826//1826 1808//1808 1806//1806
f 1829//1829 1827//1827 1805//1805
f 1829//1829 1830//1830 1827//1827
f 1811//1811 1829//1829 1805//1805
f 1830//1830 1829//1829 1811//1811
f 1876//1876 1832//1832 1828//1828
f 1810//1810 1832//1832 1876//1876
f 1811//1811 1831//1831 1830//1830
f 1811//1811 1833//1833 1831//1831
f 1812//1812 1833//1833 1811//1811
f 1813//1813 1810//1810 1942//1942
f 1752//1752 1833//1833 1812//1812
f 1942//1942 1878//1878 1813//1813
f 1835//1835 1833//1833 1752//1752
f 1835//1835 1834//1834 1833//1833
f 1813//1813 1878//1878 1814//1814
f 1857//1857 1878//1878 1836//1836
f 1815//1815 1837//1837 1856//1856
f 1857//1857 1838//1838 1839//1839
f 1839//1839 1838//1838 1840//1840
f 1839//1839 1840//1840 1918//1918
f 1883//1883 1839//1839 1918//1918
f 1839//1839 1883//1883 1816//1816
f 1818//1818 1860//1860 1817//1817
f 1790//1790 1818//1818 1819//1819
f 1842//1842 1821//1821 1884//1884
f 1822//1822 1841//1841 1791//1791
f 1866//1866 1821//1821 1842//1842
f 1824//1824 1863//1863 1822//1822
f 1864//1864 1863//1863 1824//1824
f 1866//1866 1844//1844 1821//1821
f 1797//1797 1843//1843 1824//1824
f 1843//1843 1864//1864 1824//1824
f 1845//1845 1864//1864 1797//1797
f 1845//1845 1797//1797 1891//1891
f 1868//1868 1825//1825 1844//1844
f 1802//1802 1867//1867 1891//1891
f 1867//1867 1802//1802 1846//1846
f 1868//1868 1846//1846 1825//1825
f 1850//1850 1847//1847 1851//1851
f 1851//1851 1847//1847 1827//1827
f 1827//1827 1847//1847 1805//1805
f 1805//1805 1847//1847 1806//1806
f 1806//1806 1847//1847 1848//1848
f 1806//1806 1848//1848 1826//1826
f 1849//1849 1828//1828 1826//1826
f 1827//1827 1850//1850 1851//1851
f 1828//1828 1808//1808 1826//1826
f 1875//1875 1876//1876 1828//1828
f 1827//1827 1852//1852 1850//1850
f 1830//1830 1852//1852 1827//1827
f 1853//1853 1810//1810 1876//1876
f 1831//1831 1852//1852 1830//1830
f 1852//1852 1831//1831 1833//1833
f 1833//1833 1834//1834 1852//1852
f 1834//1834 1835//1835 1880//1880
f 1855//1855 1857//1857 1836//1836
f 1815//1815 1854//1854 1835//1835
f 1815//1815 1856//1856 1854//1854
f 1856//1856 1837//1837 1789//1789
f 1838//1838 1857//1857 1840//1840
f 1947//1947 1858//1858 1731//1731
f 1859//1859 1858//1858 1947//1947
f 1860//1860 1947//1947 1731//1731
f 1947//1947 1860//1860 1818//1818
f 1790//1790 1947//1947 1818//1818
f 1820//1820 1901//1901 1790//1790
f 1816//1816 1884//1884 1861//1861
f 1841//1841 1901//1901 1820//1820
f 1862//1862 1866//1866 1884//1884
f 1866//1866 1842//1842 1884//1884
f 1863//1863 1888//1888 1822//1822
f 1797//1797 1864//1864 1843//1843
f 1845//1845 1865//1865 1864//1864
f 1867//1867 1868//1868 1866//1866
f 1866//1866 1868//1868 1844//1844
f 1867//1867 1846//1846 1868//1868
f 1847//1847 1869//1869 1848//1848
f 1848//1848 1869//1869 1870//1870
f 1848//1848 1870//1870 1826//1826
f 1826//1826 1870//1870 1871//1871
f 1913//1913 1826//1826 1871//1871
f 1850//1850 1873//1873 1847//1847
f 1847//1847 1873//1873 1869//1869
f 1849//1849 1826//1826 1913//1913
f 1913//1913 1875//1875 1828//1828
f 1913//1913 1828//1828 1849//1849
f 1874//1874 1873//1873 1850//1850
f 1874//1874 1872//1872 1873//1873
f 1852//1852 1874//1874 1850//1850
f 1852//1852 1877//1877 1874//1874
f 1876//1876 1894//1894 1895//1895
f 1896//1896 1877//1877 1852//1852
f 1876//1876 1895//1895 1853//1853
f 1853//1853 1941//1941 1942//1942
f 1853//1853 1942//1942 1810//1810
f 1879//1879 1896//1896 1852//1852
f 1852//1852 1834//1834 1879//1879
f 1967//1967 1878//1878 1898//1898
f 1967//1967 1836//1836 1878//1878
f 1836//1836 1881//1881 1855//1855
f 1835//1835 1854//1854 1900//1900
f 1855//1855 1945//1945 1857//1857
f 1840//1840 1857//1857 1945//1945
f 1856//1856 1789//1789 1882//1882
f 1840//1840 1917//1917 1918//1918
f 1789//1789 1858//1858 1859//1859
f 1918//1918 1816//1816 1883//1883
f 1920//1920 1816//1816 1918//1918
f 1885//1885 1901//1901 1841//1841
f 1822//1822 1925//1925 1885//1885
f 1841//1841 1822//1822 1885//1885
f 1886//1886 1887//1887 1884//1884
f 1887//1887 1862//1862 1884//1884
f 1904//1904 1822//1822 1888//1888
f 1888//1888 1863//1863 1864//1864
f 1887//1887 1866//1866 1862//1862
f 1888//1888 1864//1864 1865//1865
f 1889//1889 1867//1867 1887//1887
f 1887//1887 1867//1867 1866//1866
f 1845//1845 1890//1890 1865//1865
f 1890//1890 1845//1845 1891//1891
f 1908//1908 1891//1891 1867//1867
f 1908//1908 1867//1867 1889//1889
f 1872//1872 1892//1892 1893//1893
f 1872//1872 1893//1893 1873//1873
f 1873//1873 1893//1893 1869//1869
f 1915//1915 1892//1892 1872//1872
f 1936//1936 1875//1875 1913//1913
f 1915//1915 1872//1872 1874//1874
f 1894//1894 1876//1876 1875//1875
f 1938//1938 1874//1874 1877//1877
f 1896//1896 1938//1938 1877//1877
f 1940//1940 1853//1853 1895//1895
f 1896//1896 1879//1879 1897//1897
f 1879//1879 1834//1834 1943//1943
f 1880//1880 1916//1916 1834//1834
f 1967//1967 1881//1881 1836//1836
f 1835//1835 1916//1916 1880//1880
f 1835//1835 1900//1900 1916//1916
f 1856//1856 1992//1992 1854//1854
f 1856//1856 1882//1882 1992//1992
f 1970//1970 1840//1840 1945//1945
f 1789//1789 1992//1992 1882//1882
f 1840//1840 1970//1970 1917//1917
f 1902//1902 1884//1884 1816//1816
f 1885//1885 1922//1922 1901//1901
f 1903//1903 1884//1884 1902//1902
f 1903//1903 1886//1886 1884//1884
f 1904//1904 1925//1925 1822//1822
f 1903//1903 1907//1907 1887//1887
f 1903//1903 1887//1887 1886//1886
f 1905//1905 1888//1888 1865//1865
f 1905//1905 1865//1865 1890//1890
f 1891//1891 1927//1927 1890//1890
f 1907//1907 1908//1908 1889//1889
f 1906//1906 1908//1908 1907//1907
f 1907//1907 1889//1889 1887//1887
f 1927//1927 1891//1891 1906//1906
f 1906//1906 1891//1891 1908//1908
f 1910//1910 1909//1909 1911//1911
f 1914//1914 1912//1912 1893//1893
f 1893//1893 1909//1909 1869//1869
f 1869//1869 1909//1909 1910//1910
f 1869//1869 1910//1910 1911//1911
f 1869//1869 1911//1911 1870//1870
f 1870//1870 1911//1911 1932//1932
f 1932//1932 1871//1871 1870//1870
f 1915//1915 1912//1912 1914//1914
f 1892//1892 1914//1914 1893//1893
f 1913//1913 1871//1871 1934//1934
f 1892//1892 1915//1915 1914//1914
f 1915//1915 1874//1874 1964//1964
f 1894//1894 1940//1940 1895//1895
f 1940//1940 1941//1941 1853//1853
f 1896//1896 1897//1897 1938//1938
f 1967//1967 1898//1898 1942//1942
f 1942//1942 1898//1898 1878//1878
f 1834//1834 1916//1916 1943//1943
f 1900//1900 1854//1854 1992//1992
f 1992//1992 1789//1789 1859//1859
f 1859//1859 1946//1946 1992//1992
f 1970//1970 1918//1918 1917//1917
f 1947//1947 1946//1946 1859//1859
f 1790//1790 1919//1919 1947//1947
f 1921//1921 1971//1971 1790//1790
f 1971//1971 1919//1919 1790//1790
f 1973//1973 1816//1816 1920//1920
f 1901//1901 1921//1921 1790//1790
f 1950//1950 1816//1816 1973//1973
f 1923//1923 1816//1816 1950//1950
f 1924//1924 1949//1949 1901//1901
f 1924//1924 1901//1901 1922//1922
f 1923//1923 1902//1902 1816//1816
f 1925//1925 1924//1924 1885//1885
f 1924//1924 1922//1922 1885//1885
f 1923//1923 1903//1903 1902//1902
f 1926//1926 1903//1903 1923//1923
f 1904//1904 1979//1979 1925//1925
f 1888//1888 1979//1979 1904//1904
f 1905//1905 1979//1979 1888//1888
f 1926//1926 1907//1907 1903//1903
f 1954//1954 1905//1905 1890//1890
f 1954//1954 1890//1890 1980//1980
f 1927//1927 1980//1980 1890//1890
f 1927//1927 1906//1906 1907//1907
f 1927//1927 1907//1907 1926//1926
f 1929//1929 1928//1928 1912//1912
f 1912//1912 1928//1928 1893//1893
f 1893//1893 1928//1928 1909//1909
f 1933//1933 1929//1929 1912//1912
f 1931//1931 1911//1911 1909//1909
f 1911//1911 1931//1931 1932//1932
f 1871//1871 1932//1932 1934//1934
f 1915//1915 1933//1933 1912//1912
f 1961//1961 1913//1913 1934//1934
f 1913//1913 1986//1986 1936//1936
f 1961//1961 1986//1986 1913//1913
f 1935//1935 1933//1933 1915//1915
f 1964//1964 1935//1935 1915//1915
f 1986//1986 1963//1963 1936//1936
f 1937//1937 1894//1894 1875//1875
f 1987//1987 1937//1937 1875//1875
f 1936//1936 1987//1987 1875//1875
f 1874//1874 1938//1938 1964//1964
f 1937//1937 1987//1987 1894//1894
f 1987//1987 1940//1940 1894//1894
f 1938//1938 1897//1897 1966//1966
f 1897//1897 1879//1879 1966//1966
f 1967//1967 1899//1899 1881//1881
f 1916//1916 1968//1968 1943//1943
f 1881//1881 2012//2012 1855//1855
f 1916//1916 1900//1900 1944//1944
f 1900//1900 1969//1969 1944//1944
f 1900//1900 1992//1992 1969//1969
f 1947//1947 2013//2013 1946//1946
f 1920//1920 1918//1918 1970//1970
f 1971//1971 1947//1947 1919//1919
f 1973//1973 1920//1920 1972//1972
f 1948//1948 1921//1921 1901//1901
f 1949//1949 1974//1974 1901//1901
f 1974//1974 1948//1948 1901//1901
f 1951//1951 1923//1923 1950//1950
f 1953//1953 1950//1950 1975//1975
f 1951//1951 1953//1953 1923//1923
f 1950//1950 1953//1953 1951//1951
f 1925//1925 1952//1952 1924//1924
f 1978//1978 1926//1926 1953//1953
f 1953//1953 1926//1926 1923//1923
f 1979//1979 1905//1905 1954//1954
f 1980//1980 1927//1927 1955//1955
f 1978//1978 1955//1955 1927//1927
f 1978//1978 1927//1927 1926//1926
f 1957//1957 1956//1956 1909//1909
f 1928//1928 1929//1929 1957//1957
f 1928//1928 1957//1957 1909//1909
f 1931//1931 2002//2002 1930//1930
f 1931//1931 1930//1930 1958//1958
f 1958//1958 1932//1932 1931//1931
f 1933//1933 1960//1960 1929//1929
f 1932//1932 1961//1961 1934//1934
f 1933//1933 1959//1959 1960//1960
f 1935//1935 1962//1962 1933//1933
f 1933//1933 1962//1962 1959//1959
f 1964//1964 1962//1962 1935//1935
f 1963//1963 1987//1987 1936//1936
f 1938//1938 1990//1990 1964//1964
f 1965//1965 1990//1990 1938//1938
f 1939//1939 1965//1965 1938//1938
f 1989//1989 1941//1941 1987//1987
f 1987//1987 1941//1941 1940//1940
f 1989//1989 1942//1942 1941//1941
f 1938//1938 1966//1966 1939//1939
f 1879//1879 2039//2039 2041//2041
f 1879//1879 1943//1943 2039//2039
f 1944//1944 1969//1969 1916//1916
f 1993//1993 2013//2013 1947//1947
f 2014//2014 1920//1920 1970//1970
f 1971//1971 1993//1993 1947//1947
f 2017//2017 1972//1972 1920//1920
f 1948//1948 1971//1971 1921//1921
f 1975//1975 1950//1950 1973//1973
f 1924//1924 1974//1974 1949//1949
f 1977//1977 1978//1978 1975//1975
f 1975//1975 1978//1978 1953//1953
f 1952//1952 1925//1925 1979//1979
f 1952//1952 1979//1979 1976//1976
f 1979//1979 1954//1954 1980//1980
f 1977//1977 1980//1980 1955//1955
f 1977//1977 1955//1955 1978//1978
f 1982//1982 1957//1957 1960//1960
f 1960//1960 1957//1957 1929//1929
f 1956//1956 1957//1957 1983//1983
f 1956//1956 1983//1983 1909//1909
f 1909//1909 1983//1983 1931//1931
f 1984//1984 1982//1982 1960//1960
f 1958//1958 1930//1930 1985//1985
f 1959//1959 2006//2006 1960//1960
f 1960//1960 2006//2006 1984//1984
f 1985//1985 1932//1932 1958//1958
f 1932//1932 1986//1986 1961//1961
f 1962//1962 1964//1964 1959//1959
f 1959//1959 1964//1964 2006//2006
f 1987//1987 1963//1963 1986//1986
f 2033//2033 1987//1987 1986//1986
f 1990//1990 1988//1988 1964//1964
f 1939//1939 1990//1990 1965//1965
f 2009//2009 1942//1942 1989//1989
f 1990//1990 1939//1939 1966//1966
f 1991//1991 1967//1967 1942//1942
f 1879//1879 2041//2041 1966//1966
f 1991//1991 2040//2040 1967//1967
f 2040//2040 1899//1899 1967//1967
f 2011//2011 1899//1899 2040//2040
f 1968//1968 2039//2039 1943//1943
f 1881//1881 1899//1899 2012//2012
f 1899//1899 2011//2011 2012//2012
f 1969//1969 1968//1968 1916//1916
f 2012//2012 1945//1945 1855//1855
f 1992//1992 2013//2013 1969//1969
f 1970//1970 1945//1945 2044//2044
f 2013//2013 1992//1992 1946//1946
f 2014//2014 1970//1970 2044//2044
f 1994//1994 1993//1993 1971//1971
f 2017//2017 1920//1920 2014//2014
f 1971//1971 2015//2015 1994//1994
f 1948//1948 2015//2015 1971//1971
f 1995//1995 1973//1973 1972//1972
f 1995//1995 1972//1972 2017//2017
f 1974//1974 1952//1952 1948//1948
f 1995//1995 1977//1977 1975//1975
f 1995//1995 1975//1975 1973//1973
f 1924//1924 1952//1952 1974//1974
f 1996//1996 2021//2021 1952//1952
f 1996//1996 1952//1952 1976//1976
f 1979//1979 1996//1996 1976//1976
f 1996//1996 1979//1979 1980//1980
f 1996//1996 1980//1980 1997//1997
f 1997//1997 1980//1980 1977//1977
f 1997//1997 1977//1977 2022//2022
f 1999//1999 2001//2001 1957//1957
f 2003//2003 2000//2000 1981//1981
f 1981//1981 2000//2000 1982//1982
f 1982//1982 2000//2000 1957//1957
f 1957//1957 2000//2000 1999//1999
f 1957//1957 2001//2001 1983//1983
f 1983//1983 2001//2001 1931//1931
f 1931//1931 2001//2001 2002//2002
f 1982//1982 2003//2003 1981//1981
f 1930//1930 2002//2002 2029//2029
f 2029//2029 2031//2031 1930//1930
f 1984//1984 2003//2003 1982//1982
f 1985//1985 1930//1930 2031//2031
f 2005//2005 2003//2003 1984//1984
f 1984//1984 2006//2006 2005//2005
f 2004//2004 1932//1932 1985//1985
f 2007//2007 1986//1986 1932//1932
f 2004//2004 2007//2007 1932//1932
f 2004//2004 1986//1986 2007//2007
f 1986//1986 2004//2004 2033//2033
f 1964//1964 2032//2032 2006//2006
f 2008//2008 1989//1989 1987//1987
f 1988//1988 2034//2034 1964//1964
f 1990//1990 2034//2034 1988//1988
f 2034//2034 1990//1990 2036//2036
f 2035//2035 2009//2009 1989//1989
f 1942//1942 2009//2009 1991//1991
f 2010//2010 1990//1990 1966//1966
f 1966//1966 2041//2041 2059//2059
f 1968//1968 2061//2061 2039//2039
f 1969//1969 2061//2061 1968//1968
f 1945//1945 2012//2012 2080//2080
f 2080//2080 2044//2044 1945//1945
f 2043//2043 2013//2013 1993//1993
f 1994//1994 2015//2015 1993//1993
f 2016//2016 2017//2017 2014//2014
f 1948//1948 2018//2018 2015//2015
f 2017//2017 2019//2019 1995//1995
f 2016//2016 2019//2019 2017//2017
f 1952//1952 2020//2020 1948//1948
f 2020//2020 2018//2018 1948//1948
f 2020//2020 1952//1952 2021//2021
f 2019//2019 2022//2022 1977//1977
f 2019//2019 1977//1977 1995//1995
f 2047//2047 2021//2021 1996//1996
f 2047//2047 1996//1996 2023//2023
f 2023//2023 1996//1996 2022//2022
f 2022//2022 1996//1996 1997//1997
f 2026//2026 2024//2024 1998//1998
f 1998//1998 2024//2024 2000//2000
f 2000//2000 2024//2024 1999//1999
f 1999//1999 2051//2051 2001//2001
f 2027//2027 2026//2026 2003//2003
f 2003//2003 2026//2026 2000//2000
f 2000//2000 2026//2026 1998//1998
f 2001//2001 2051//2051 2029//2029
f 2029//2029 2002//2002 2001//2001
f 2005//2005 2030//2030 2003//2003
f 2003//2003 2030//2030 2027//2027
f 2004//2004 1985//1985 2031//2031
f 2005//2005 2006//2006 2030//2030
f 2099//2099 2033//2033 2004//2004
f 2123//2123 1987//1987 2033//2033
f 2123//2123 2008//2008 1987//1987
f 1964//1964 2034//2034 2032//2032
f 1989//1989 2008//2008 2035//2035
f 1990//1990 2059//2059 2037//2037
f 1990//1990 2010//2010 2059//2059
f 1966//1966 2059//2059 2010//2010
f 1991//1991 2009//2009 2127//2127
f 2060//2060 1991//1991 2127//2127
f 1991//1991 2060//2060 2040//2040
f 2039//2039 2078//2078 2041//2041
f 2104//2104 2011//2011 2040//2040
f 2042//2042 2012//2012 2011//2011
f 2012//2012 2042//2042 2129//2129
f 1969//1969 2079//2079 2061//2061
f 2159//2159 1969//1969 2062//2062
f 2062//2062 1969//1969 2013//2013
f 2016//2016 2014//2014 2044//2044
f 2045//2045 2043//2043 1993//1993
f 2015//2015 2045//2045 1993//1993
f 2019//2019 2016//2016 2044//2044
f 2018//2018 2065//2065 2015//2015
f 2020//2020 2065//2065 2018//2018
f 2020//2020 2021//2021 2067//2067
f 2047//2047 2046//2046 2021//2021
f 2046//2046 2067//2067 2021//2021
f 2068//2068 2022//2022 2019//2019
f 2047//2047 2023//2023 2068//2068
f 2068//2068 2023//2023 2022//2022
f 2024//2024 2048//2048 2050//2050
f 2024//2024 2050//2050 1999//1999
f 1999//1999 2050//2050 2025//2025
f 2025//2025 2050//2050 2051//2051
f 2024//2024 2055//2055 2052//2052
f 2024//2024 2052//2052 2048//2048
f 1999//1999 2025//2025 2051//2051
f 2052//2052 2055//2055 2054//2054
f 2026//2026 2055//2055 2024//2024
f 2029//2029 2051//2051 2053//2053
f 2053//2053 2073//2073 2029//2029
f 2027//2027 2055//2055 2026//2026
f 2028//2028 2056//2056 2029//2029
f 2056//2056 2031//2031 2029//2029
f 2030//2030 2076//2076 2027//2027
f 2056//2056 2004//2004 2031//2031
f 2056//2056 2057//2057 2004//2004
f 2006//2006 2032//2032 2030//2030
f 2099//2099 2123//2123 2033//2033
f 2123//2123 2058//2058 2008//2008
f 1990//1990 2103//2103 2036//2036
f 1990//1990 2037//2037 2103//2103
f 2035//2035 2102//2102 2009//2009
f 2059//2059 2041//2041 2126//2126
f 2041//2041 2038//2038 2126//2126
f 2104//2104 2040//2040 2060//2060
f 2078//2078 2038//2038 2041//2041
f 2042//2042 2011//2011 2104//2104
f 2039//2039 2079//2079 2078//2078
f 2061//2061 2079//2079 2039//2039
f 2159//2159 2079//2079 1969//1969
f 2063//2063 2044//2044 2080//2080
f 2064//2064 2043//2043 2045//2045
f 2063//2063 2082//2082 2044//2044
f 2083//2083 2045//2045 2015//2015
f 2084//2084 2044//2044 2082//2082
f 2065//2065 2083//2083 2015//2015
f 2084//2084 2019//2019 2044//2044
f 2066//2066 2086//2086 2068//2068
f 2066//2066 2068//2068 2084//2084
f 2084//2084 2068//2068 2019//2019
f 2067//2067 2046//2046 2047//2047
f 2067//2067 2047//2047 2086//2086
f 2086//2086 2047//2047 2068//2068
f 2069//2069 2071//2071 2088//2088
f 2052//2052 2069//2069 2048//2048
f 2050//2050 2048//2048 2049//2049
f 2070//2070 2051//2051 2050//2050
f 2049//2049 2070//2070 2050//2050
f 2071//2071 2069//2069 2052//2052
f 2072//2072 2053//2053 2051//2051
f 2070//2070 2072//2072 2051//2051
f 2054//2054 2074//2074 2052//2052
f 2052//2052 2074//2074 2071//2071
f 2055//2055 2074//2074 2054//2054
f 2075//2075 2028//2028 2029//2029
f 2073//2073 2075//2075 2029//2029
f 2027//2027 2076//2076 2055//2055
f 2055//2055 2076//2076 2074//2074
f 2057//2057 2099//2099 2004//2004
f 2032//2032 2077//2077 2030//2030
f 2030//2030 2077//2077 2076//2076
f 2100//2100 2058//2058 2123//2123
f 2032//2032 2034//2034 2077//2077
f 2058//2058 2182//2182 2008//2008
f 2036//2036 2101//2101 2034//2034
f 2035//2035 2008//2008 2182//2182
f 2059//2059 2103//2103 2037//2037
f 2105//2105 2012//2012 2129//2129
f 2105//2105 2080//2080 2012//2012
f 2106//2106 2062//2062 2081//2081
f 2081//2081 2062//2062 2013//2013
f 2110//2110 2080//2080 2107//2107
f 2064//2064 2081//2081 2043//2043
f 2081//2081 2013//2013 2043//2043
f 2080//2080 2110//2110 2082//2082
f 2080//2080 2082//2082 2063//2063
f 2083//2083 2111//2111 2064//2064
f 2045//2045 2083//2083 2064//2064
f 2083//2083 2065//2065 2085//2085
f 2115//2115 2066//2066 2084//2084
f 2085//2085 2065//2065 2113//2113
f 2113//2113 2065//2065 2020//2020
f 2113//2113 2020//2020 2137//2137
f 2137//2137 2020//2020 2067//2067
f 2137//2137 2067//2067 2086//2086
f 2115//2115 2086//2086 2066//2066
f 2049//2049 2087//2087 2117//2117
f 2091//2091 2088//2088 2089//2089
f 2069//2069 2089//2089 2048//2048
f 2048//2048 2089//2089 2087//2087
f 2048//2048 2087//2087 2049//2049
f 2069//2069 2088//2088 2091//2091
f 2069//2069 2091//2091 2089//2089
f 2093//2093 2094//2094 2122//2122
f 2071//2071 2093//2093 2088//2088
f 2071//2071 2094//2094 2093//2093
f 2092//2092 2072//2072 2070//2070
f 2092//2092 2176//2176 2053//2053
f 2092//2092 2053//2053 2072//2072
f 2095//2095 2094//2094 2071//2071
f 2176//2176 2073//2073 2053//2053
f 2074//2074 2096//2096 2071//2071
f 2071//2071 2096//2096 2095//2095
f 2076//2076 2096//2096 2074//2074
f 2097//2097 2056//2056 2028//2028
f 2075//2075 2097//2097 2028//2028
f 2097//2097 2057//2057 2056//2056
f 2098//2098 2099//2099 2057//2057
f 2097//2097 2098//2098 2057//2057
f 2077//2077 2151//2151 2076//2076
f 2034//2034 2151//2151 2077//2077
f 2100//2100 2150//2150 2058//2058
f 2034//2034 2101//2101 2151//2151
f 2125//2125 2102//2102 2035//2035
f 2127//2127 2009//2009 2102//2102
f 2103//2103 2059//2059 2126//2126
f 2127//2127 2128//2128 2060//2060
f 2078//2078 2126//2126 2038//2038
f 2128//2128 2104//2104 2060//2060
f 2129//2129 2104//2104 2128//2128
f 2079//2079 2159//2159 2078//2078
f 2042//2042 2104//2104 2129//2129
f 2107//2107 2080//2080 2105//2105
f 2081//2081 2131//2131 2106//2106
f 2108//2108 2081//2081 2064//2064
f 2108//2108 2064//2064 2109//2109
f 2111//2111 2109//2109 2064//2064
f 2111//2111 2083//2083 2085//2085
f 2110//2110 2112//2112 2084//2084
f 2110//2110 2084//2084 2082//2082
f 2114//2114 2137//2137 2086//2086
f 2114//2114 2086//2086 2135//2135
f 2135//2135 2086//2086 2115//2115
f 2112//2112 2115//2115 2084//2084
f 2119//2119 2116//2116 2089//2089
f 2089//2089 2116//2116 2117//2117
f 2089//2089 2117//2117 2087//2087
f 2093//2093 2119//2119 2088//2088
f 2088//2088 2119//2119 2089//2089
f 2049//2049 2117//2117 2090//2090
f 2090//2090 2117//2117 2120//2120
f 2121//2121 2118//2118 2093//2093
f 2093//2093 2118//2118 2119//2119
f 2120//2120 2049//2049 2090//2090
f 2049//2049 2120//2120 2070//2070
f 2120//2120 2092//2092 2070//2070
f 2093//2093 2122//2122 2121//2121
f 2095//2095 2121//2121 2094//2094
f 2094//2094 2121//2121 2122//2122
f 2095//2095 2096//2096 2121//2121
f 2202//2202 2075//2075 2073//2073
f 2202//2202 2097//2097 2075//2075
f 2123//2123 2098//2098 2097//2097
f 2098//2098 2123//2123 2099//2099
f 2151//2151 2149//2149 2076//2076
f 2222//2222 2100//2100 2123//2123
f 2182//2182 2058//2058 2150//2150
f 2151//2151 2124//2124 2152//2152
f 2151//2151 2101//2101 2124//2124
f 2205//2205 2102//2102 2125//2125
f 2102//2102 2184//2184 2127//2127
f 2036//2036 2156//2156 2154//2154
f 2036//2036 2103//2103 2156//2156
f 2209//2209 2127//2127 2184//2184
f 2126//2126 2156//2156 2103//2103
f 2128//2128 2127//2127 2209//2209
f 2158//2158 2126//2126 2078//2078
f 2185//2185 2129//2129 2128//2128
f 2062//2062 2160//2160 2159//2159
f 2130//2130 2105//2105 2129//2129
f 2130//2130 2129//2129 2162//2162
f 2131//2131 2062//2062 2106//2106
f 2130//2130 2107//2107 2105//2105
f 2108//2108 2134//2134 2081//2081
f 2134//2134 2132//2132 2081//2081
f 2132//2132 2131//2131 2081//2081
f 2133//2133 2107//2107 2130//2130
f 2133//2133 2110//2110 2107//2107
f 2109//2109 2111//2111 2085//2085
f 2109//2109 2085//2085 2165//2165
f 2085//2085 2136//2136 2165//2165
f 2135//2135 2112//2112 2133//2133
f 2133//2133 2112//2112 2110//2110
f 2136//2136 2085//2085 2113//2113
f 2136//2136 2113//2113 2137//2137
f 2137//2137 2114//2114 2135//2135
f 2135//2135 2115//2115 2112//2112
f 2118//2118 2139//2139 2119//2119
f 2116//2116 2119//2119 2169//2169
f 2116//2116 2169//2169 2117//2117
f 2117//2117 2169//2169 2138//2138
f 2117//2117 2138//2138 2170//2170
f 2170//2170 2140//2140 2117//2117
f 2142//2142 2141//2141 2139//2139
f 2142//2142 2139//2139 2118//2118
f 2140//2140 2120//2120 2117//2117
f 2140//2140 2173//2173 2120//2120
f 2141//2141 2142//2142 2121//2121
f 2121//2121 2142//2142 2118//2118
f 2174//2174 2143//2143 2120//2120
f 2173//2173 2174//2174 2120//2120
f 2144//2144 2145//2145 2141//2141
f 2144//2144 2141//2141 2121//2121
f 2143//2143 2092//2092 2120//2120
f 2121//2121 2145//2145 2144//2144
f 2143//2143 2176//2176 2092//2092
f 2146//2146 2145//2145 2121//2121
f 2096//2096 2148//2148 2121//2121
f 2121//2121 2148//2148 2146//2146
f 2073//2073 2176//2176 2147//2147
f 2200//2200 2073//2073 2147//2147
f 2096//2096 2146//2146 2148//2148
f 2200//2200 2202//2202 2073//2073
f 2096//2096 2177//2177 2146//2146
f 2221//2221 2097//2097 2202//2202
f 2096//2096 2149//2149 2177//2177
f 2076//2076 2149//2149 2096//2096
f 2204//2204 2222//2222 2123//2123
f 2150//2150 2100//2100 2222//2222
f 2149//2149 2151//2151 2180//2180
f 2153//2153 2182//2182 2150//2150
f 2205//2205 2125//2125 2035//2035
f 2101//2101 2036//2036 2154//2154
f 2206//2206 2101//2101 2154//2154
f 2124//2124 2101//2101 2206//2206
f 2205//2205 2155//2155 2102//2102
f 2184//2184 2102//2102 2155//2155
f 2183//2183 2156//2156 2126//2126
f 2158//2158 2183//2183 2126//2126
f 2159//2159 2158//2158 2078//2078
f 2160//2160 2161//2161 2159//2159
f 2186//2186 2162//2162 2129//2129
f 2186//2186 2129//2129 2185//2185
f 2161//2161 2160//2160 2062//2062
f 2163//2163 2161//2161 2062//2062
f 2188//2188 2163//2163 2062//2062
f 2131//2131 2188//2188 2062//2062
f 2133//2133 2130//2130 2162//2162
f 2134//2134 2131//2131 2132//2132
f 2134//2134 2191//2191 2131//2131
f 2134//2134 2108//2108 2109//2109
f 2164//2164 2167//2167 2133//2133
f 2192//2192 2215//2215 2164//2164
f 2164//2164 2135//2135 2167//2167
f 2167//2167 2135//2135 2133//2133
f 2215//2215 2136//2136 2137//2137
f 2215//2215 2137//2137 2164//2164
f 2164//2164 2137//2137 2135//2135
f 2119//2119 2139//2139 2168//2168
f 2119//2119 2168//2168 2169//2169
f 2138//2138 2169//2169 2170//2170
f 2139//2139 2175//2175 2171//2171
f 2140//2140 2170//2170 2172//2172
f 2141//2141 2175//2175 2139//2139
f 2172//2172 2173//2173 2140//2140
f 2145//2145 2175//2175 2141//2141
f 2174//2174 2176//2176 2143//2143
f 2219//2219 2176//2176 2174//2174
f 2219//2219 2147//2147 2176//2176
f 2097//2097 2221//2221 2178//2178
f 2178//2178 2123//2123 2097//2097
f 2204//2204 2123//2123 2178//2178
f 2179//2179 2177//2177 2149//2149
f 2149//2149 2180//2180 2244//2244
f 2150//2150 2181//2181 2153//2153
f 2151//2151 2152//2152 2225//2225
f 2152//2152 2124//2124 2225//2225
f 2035//2035 2182//2182 2205//2205
f 2155//2155 2205//2205 2184//2184
f 2183//2183 2206//2206 2154//2154
f 2183//2183 2154//2154 2156//2156
f 2159//2159 2208//2208 2158//2158
f 2185//2185 2128//2128 2209//2209
f 2185//2185 2187//2187 2186//2186
f 2187//2187 2162//2162 2186//2186
f 2189//2189 2187//2187 2211//2211
f 2189//2189 2190//2190 2187//2187
f 2187//2187 2190//2190 2133//2133
f 2133//2133 2162//2162 2187//2187
f 2191//2191 2212//2212 2131//2131
f 2212//2212 2188//2188 2131//2131
f 2190//2190 2189//2189 2133//2133
f 2136//2136 2134//2134 2109//2109
f 2189//2189 2164//2164 2133//2133
f 2136//2136 2109//2109 2165//2165
f 2166//2166 2192//2192 2164//2164
f 2189//2189 2166//2166 2164//2164
f 2168//2168 2193//2193 2169//2169
f 2169//2169 2193//2193 2194//2194
f 2169//2169 2194//2194 2170//2170
f 2170//2170 2194//2194 2195//2195
f 2195//2195 2217//2217 2170//2170
f 2171//2171 2168//2168 2139//2139
f 2217//2217 2172//2172 2170//2170
f 2175//2175 2196//2196 2171//2171
f 2175//2175 2197//2197 2196//2196
f 2174//2174 2173//2173 2172//2172
f 2198//2198 2197//2197 2175//2175
f 2198//2198 2175//2175 2199//2199
f 2145//2145 2199//2199 2175//2175
f 2146//2146 2199//2199 2145//2145
f 2219//2219 2200//2200 2147//2147
f 2201//2201 2199//2199 2146//2146
f 2201//2201 2146//2146 2203//2203
f 2146//2146 2177//2177 2203//2203
f 2177//2177 2179//2179 2261//2261
f 2149//2149 2244//2244 2179//2179
f 2180//2180 2151//2151 2225//2225
f 2264//2264 2182//2182 2153//2153
f 2227//2227 2182//2182 2264//2264
f 2207//2207 2124//2124 2206//2206
f 2224//2224 2124//2124 2207//2207
f 2182//2182 2227//2227 2205//2205
f 2227//2227 2184//2184 2205//2205
f 2301//2301 2184//2184 2227//2227
f 2207//2207 2206//2206 2183//2183
f 2157//2157 2207//2207 2183//2183
f 2157//2157 2183//2183 2228//2228
f 2266//2266 2209//2209 2184//2184
f 2208//2208 2183//2183 2158//2158
f 2230//2230 2185//2185 2209//2209
f 2246//2246 2208//2208 2159//2159
f 2210//2210 2185//2185 2230//2230
f 2161//2161 2249//2249 2159//2159
f 2210//2210 2187//2187 2185//2185
f 2232//2232 2161//2161 2163//2163
f 2211//2211 2187//2187 2210//2210
f 2188//2188 2232//2232 2163//2163
f 2213//2213 2214//2214 2211//2211
f 2211//2211 2214//2214 2189//2189
f 2134//2134 2234//2234 2191//2191
f 2213//2213 2235//2235 2215//2215
f 2134//2134 2136//2136 2215//2215
f 2213//2213 2215//2215 2192//2192
f 2213//2213 2192//2192 2166//2166
f 2213//2213 2166//2166 2214//2214
f 2214//2214 2166//2166 2189//2189
f 2168//2168 2216//2216 2236//2236
f 2168//2168 2171//2171 2216//2216
f 2196//2196 2218//2218 2171//2171
f 2172//2172 2238//2238 2174//2174
f 2238//2238 2219//2219 2174//2174
f 2200//2200 2219//2219 2220//2220
f 2200//2200 2260//2260 2202//2202
f 2221//2221 2202//2202 2260//2260
f 2177//2177 2261//2261 2203//2203
f 2178//2178 2222//2222 2204//2204
f 2243//2243 2181//2181 2150//2150
f 2244//2244 2180//2180 2223//2223
f 2243//2243 2153//2153 2181//2181
f 2180//2180 2245//2245 2223//2223
f 2180//2180 2225//2225 2245//2245
f 2225//2225 2124//2124 2224//2224
f 2264//2264 2153//2153 2226//2226
f 2301//2301 2266//2266 2184//2184
f 2229//2229 2228//2228 2183//2183
f 2208//2208 2229//2229 2183//2183
f 2230//2230 2209//2209 2266//2266
f 2231//2231 2246//2246 2159//2159
f 2249//2249 2231//2231 2159//2159
f 2233//2233 2210//2210 2230//2230
f 2161//2161 2232//2232 2249//2249
f 2233//2233 2211//2211 2210//2210
f 2188//2188 2212//2212 2232//2232
f 2269//2269 2212//2212 2191//2191
f 2234//2234 2269//2269 2191//2191
f 2235//2235 2213//2213 2233//2233
f 2233//2233 2213//2213 2211//2211
f 2234//2234 2134//2134 2215//2215
f 2234//2234 2215//2215 2235//2235
f 2168//2168 2253//2253 2193//2193
f 2252//2252 2253//2253 2168//2168
f 2253//2253 2194//2194 2193//2193
f 2168//2168 2236//2236 2252//2252
f 2237//2237 2195//2195 2194//2194
f 2237//2237 2172//2172 2217//2217
f 2195//2195 2237//2237 2217//2217
f 2256//2256 2216//2216 2171//2171
f 2218//2218 2256//2256 2171//2171
f 2237//2237 2238//2238 2172//2172
f 2196//2196 2256//2256 2218//2218
f 2196//2196 2198//2198 2239//2239
f 2196//2196 2197//2197 2198//2198
f 2238//2238 2220//2220 2219//2219
f 2199//2199 2239//2239 2198//2198
f 2200//2200 2220//2220 2240//2240
f 2240//2240 2260//2260 2200//2200
f 2199//2199 2201//2201 2203//2203
f 2260//2260 2178//2178 2221//2221
f 2179//2179 2241//2241 2261//2261
f 2242//2242 2222//2222 2178//2178
f 2222//2222 2242//2242 2150//2150
f 2150//2150 2242//2242 2262//2262
f 2262//2262 2243//2243 2150//2150
f 2244//2244 2223//2223 2245//2245
f 2277//2277 2153//2153 2243//2243
f 2226//2226 2153//2153 2277//2277
f 2245//2245 2225//2225 2224//2224
f 2280//2280 2227//2227 2264//2264
f 2157//2157 2228//2228 2207//2207
f 2280//2280 2301//2301 2227//2227
f 2266//2266 2301//2301 2281//2281
f 2208//2208 2346//2346 2229//2229
f 2247//2247 2230//2230 2266//2266
f 2249//2249 2248//2248 2231//2231
f 2250//2250 2230//2230 2247//2247
f 2212//2212 2304//2304 2232//2232
f 2250//2250 2233//2233 2230//2230
f 2268//2268 2271//2271 2235//2235
f 2268//2268 2235//2235 2233//2233
f 2268//2268 2233//2233 2250//2250
f 2269//2269 2234//2234 2251//2251
f 2251//2251 2234//2234 2235//2235
f 2251//2251 2235//2235 2271//2271
f 2255//2255 2194//2194 2253//2253
f 2255//2255 2237//2237 2194//2194
f 2216//2216 2252//2252 2254//2254
f 2236//2236 2216//2216 2254//2254
f 2236//2236 2254//2254 2252//2252
f 2216//2216 2256//2256 2252//2252
f 2256//2256 2196//2196 2257//2257
f 2258//2258 2196//2196 2239//2239
f 2199//2199 2258//2258 2239//2239
f 2259//2259 2260//2260 2220//2220
f 2220//2220 2260//2260 2240//2240
f 2310//2310 2258//2258 2199//2199
f 2203//2203 2310//2310 2199//2199
f 2276//2276 2178//2178 2260//2260
f 2179//2179 2297//2297 2241//2241
f 2179//2179 2244//2244 2297//2297
f 2245//2245 2297//2297 2244//2244
f 2207//2207 2245//2245 2224//2224
f 2207//2207 2278//2278 2263//2263
f 2207//2207 2279//2279 2278//2278
f 2228//2228 2279//2279 2207//2207
f 2208//2208 2265//2265 2346//2346
f 2246//2246 2265//2265 2208//2208
f 2248//2248 2246//2246 2231//2231
f 2267//2267 2247//2247 2266//2266
f 2304//2304 2249//2249 2232//2232
f 2267//2267 2250//2250 2247//2247
f 2267//2267 2268//2268 2250//2250
f 2212//2212 2269//2269 2304//2304
f 2270//2270 2269//2269 2251//2251
f 2270//2270 2251//2251 2271//2271
f 2272//2272 2271//2271 2268//2268
f 2308//2308 2253//2253 2252//2252
f 2308//2308 2252//2252 2322//2322
f 2287//2287 2255//2255 2253//2253
f 2287//2287 2237//2237 2255//2255
f 2287//2287 2288//2288 2237//2237
f 2323//2323 2252//2252 2273//2273
f 2288//2288 2289//2289 2237//2237
f 2257//2257 2274//2274 2252//2252
f 2256//2256 2257//2257 2252//2252
f 2289//2289 2290//2290 2237//2237
f 2196//2196 2274//2274 2257//2257
f 2290//2290 2238//2238 2237//2237
f 2291//2291 2220//2220 2238//2238
f 2290//2290 2291//2291 2238//2238
f 2196//2196 2258//2258 2274//2274
f 2310//2310 2275//2275 2258//2258
f 2260//2260 2259//2259 2276//2276
f 2261//2261 2296//2296 2203//2203
f 2276//2276 2330//2330 2178//2178
f 2261//2261 2241//2241 2312//2312
f 2243//2243 2262//2262 2363//2363
f 2362//2362 2297//2297 2245//2245
f 2243//2243 2314//2314 2277//2277
f 2245//2245 2263//2263 2362//2362
f 2314//2314 2226//2226 2277//2277
f 2298//2298 2226//2226 2314//2314
f 2263//2263 2245//2245 2207//2207
f 2345//2345 2264//2264 2226//2226
f 2280//2280 2264//2264 2345//2345
f 2229//2229 2279//2279 2228//2228
f 2282//2282 2265//2265 2246//2246
f 2281//2281 2283//2283 2266//2266
f 2249//2249 2304//2304 2248//2248
f 2283//2283 2267//2267 2266//2266
f 2269//2269 2284//2284 2304//2304
f 2286//2286 2268//2268 2283//2283
f 2283//2283 2268//2268 2267//2267
f 2269//2269 2270//2270 2285//2285
f 2285//2285 2270//2270 2271//2271
f 2285//2285 2271//2271 2286//2286
f 2286//2286 2271//2271 2272//2272
f 2286//2286 2272//2272 2268//2268
f 2253//2253 2308//2308 2287//2287
f 2322//2322 2252//2252 2323//2323
f 2274//2274 2273//2273 2252//2252
f 2220//2220 2291//2291 2292//2292
f 2220//2220 2292//2292 2293//2293
f 2275//2275 2274//2274 2258//2258
f 2293//2293 2259//2259 2220//2220
f 2203//2203 2294//2294 2310//2310
f 2203//2203 2295//2295 2294//2294
f 2295//2295 2203//2203 2296//2296
f 2330//2330 2242//2242 2178//2178
f 2312//2312 2311//2311 2261//2261
f 2297//2297 2312//2312 2241//2241
f 2229//2229 2315//2315 2279//2279
f 2346//2346 2315//2315 2229//2229
f 2301//2301 2280//2280 2345//2345
f 2299//2299 2346//2346 2265//2265
f 2318//2318 2299//2299 2265//2265
f 2282//2282 2318//2318 2265//2265
f 2301//2301 2300//2300 2283//2283
f 2301//2301 2283//2283 2281//2281
f 2320//2320 2282//2282 2246//2246
f 2303//2303 2283//2283 2300//2300
f 2320//2320 2246//2246 2248//2248
f 2320//2320 2248//2248 2302//2302
f 2304//2304 2302//2302 2248//2248
f 2303//2303 2321//2321 2286//2286
f 2303//2303 2286//2286 2283//2283
f 2305//2305 2284//2284 2269//2269
f 2305//2305 2269//2269 2306//2306
f 2306//2306 2269//2269 2285//2285
f 2307//2307 2285//2285 2321//2321
f 2321//2321 2285//2285 2286//2286
f 2308//2308 2324//2324 2287//2287
f 2287//2287 2289//2289 2288//2288
f 2309//2309 2273//2273 2274//2274
f 2290//2290 2289//2289 2291//2291
f 2309//2309 2274//2274 2338//2338
f 2274//2274 2275//2275 2338//2338
f 2292//2292 2259//2259 2293//2293
f 2325//2325 2259//2259 2292//2292
f 2276//2276 2259//2259 2325//2325
f 2296//2296 2261//2261 2329//2329
f 2242//2242 2330//2330 2262//2262
f 2311//2311 2329//2329 2261//2261
f 2313//2313 2312//2312 2297//2297
f 2363//2363 2262//2262 2379//2379
f 2362//2362 2313//2313 2297//2297
f 2363//2363 2314//2314 2243//2243
f 2382//2382 2314//2314 2381//2381
f 2382//2382 2298//2298 2314//2314
f 2226//2226 2298//2298 2382//2382
f 2315//2315 2331//2331 2278//2278
f 2315//2315 2278//2278 2279//2279
f 2317//2317 2301//2301 2345//2345
f 2299//2299 2316//2316 2346//2346
f 2319//2319 2300//2300 2301//2301
f 2319//2319 2301//2301 2317//2317
f 2320//2320 2318//2318 2282//2282
f 2336//2336 2321//2321 2319//2319
f 2302//2302 2304//2304 2284//2284
f 2302//2302 2284//2284 2305//2305
f 2321//2321 2303//2303 2319//2319
f 2319//2319 2303//2303 2300//2300
f 2305//2305 2306//2306 2334//2334
f 2334//2334 2306//2306 2285//2285
f 2334//2334 2285//2285 2307//2307
f 2334//2334 2307//2307 2321//2321
f 2308//2308 2322//2322 2324//2324
f 2289//2289 2287//2287 2324//2324
f 2273//2273 2337//2337 2323//2323
f 2273//2273 2309//2309 2338//2338
f 2324//2324 2291//2291 2289//2289
f 2357//2357 2325//2325 2291//2291
f 2325//2325 2326//2326 2291//2291
f 2326//2326 2292//2292 2291//2291
f 2275//2275 2340//2340 2338//2338
f 2275//2275 2327//2327 2340//2340
f 2275//2275 2310//2310 2327//2327
f 2294//2294 2360//2360 2310//2310
f 2328//2328 2276//2276 2325//2325
f 2294//2294 2295//2295 2360//2360
f 2276//2276 2342//2342 2330//2330
f 2330//2330 2379//2379 2262//2262
f 2312//2312 2362//2362 2311//2311
f 2313//2313 2362//2362 2312//2312
f 2381//2381 2314//2314 2363//2363
f 2263//2263 2343//2343 2362//2362
f 2331//2331 2365//2365 2278//2278
f 2344//2344 2345//2345 2226//2226
f 2346//2346 2332//2332 2315//2315
f 2316//2316 2348//2348 2346//2346
f 2347//2347 2317//2317 2345//2345
f 2299//2299 2318//2318 2320//2320
f 2350//2350 2349//2349 2320//2320
f 2347//2347 2333//2333 2319//2319
f 2347//2347 2319//2319 2317//2317
f 2320//2320 2302//2302 2350//2350
f 2335//2335 2336//2336 2333//2333
f 2333//2333 2336//2336 2319//2319
f 2350//2350 2302//2302 2352//2352
f 2352//2352 2302//2302 2305//2305
f 2352//2352 2305//2305 2334//2334
f 2335//2335 2334//2334 2321//2321
f 2335//2335 2321//2321 2336//2336
f 2323//2323 2337//2337 2322//2322
f 2337//2337 2273//2273 2338//2338
f 2324//2324 2357//2357 2291//2291
f 2357//2357 2339//2339 2325//2325
f 2356//2356 2338//2338 2340//2340
f 2326//2326 2325//2325 2292//2292
f 2325//2325 2341//2341 2359//2359
f 2360//2360 2327//2327 2310//2310
f 2359//2359 2328//2328 2325//2325
f 2276//2276 2328//2328 2342//2342
f 2328//2328 2377//2377 2342//2342
f 2329//2329 2361//2361 2296//2296
f 2343//2343 2263//2263 2380//2380
f 2365//2365 2364//2364 2278//2278
f 2364//2364 2263//2263 2278//2278
f 2344//2344 2226//2226 2382//2382
f 2315//2315 2365//2365 2331//2331
f 2332//2332 2367//2367 2315//2315
f 2344//2344 2347//2347 2345//2345
f 2368//2368 2346//2346 2348//2348
f 2344//2344 2333//2333 2347//2347
f 2368//2368 2348//2348 2316//2316
f 2351//2351 2344//2344 2369//2369
f 2344//2344 2351//2351 2333//2333
f 2316//2316 2299//2299 2368//2368
f 2299//2299 2349//2349 2368//2368
f 2320//2320 2349//2349 2299//2299
f 2372//2372 2335//2335 2351//2351
f 2351//2351 2335//2335 2333//2333
f 2352//2352 2334//2334 2372//2372
f 2372//2372 2334//2334 2335//2335
f 2353//2353 2322//2322 2337//2337
f 2322//2322 2355//2355 2324//2324
f 2338//2338 2356//2356 2337//2337
f 2324//2324 2339//2339 2357//2357
f 2339//2339 2358//2358 2341//2341
f 2339//2339 2341//2341 2325//2325
f 2328//2328 2359//2359 2377//2377
f 2361//2361 2360//2360 2295//2295
f 2296//2296 2361//2361 2295//2295
f 2329//2329 2311//2311 2361//2361
f 2404//2404 2330//2330 2342//2342
f 2362//2362 2395//2395 2311//2311
f 2362//2362 2380//2380 2395//2395
f 2404//2404 2379//2379 2330//2330
f 2362//2362 2343//2343 2380//2380
f 2364//2364 2380//2380 2263//2263
f 2367//2367 2365//2365 2315//2315
f 2366//2366 2382//2382 2384//2384
f 2366//2366 2344//2344 2382//2382
f 2346//2346 2367//2367 2332//2332
f 2369//2369 2344//2344 2366//2366
f 2349//2349 2370//2370 2368//2368
f 2388//2388 2351//2351 2369//2369
f 2371//2371 2349//2349 2350//2350
f 2371//2371 2350//2350 2373//2373
f 2388//2388 2372//2372 2351//2351
f 2352//2352 2373//2373 2350//2350
f 2373//2373 2352//2352 2372//2372
f 2390//2390 2337//2337 2356//2356
f 2390//2390 2354//2354 2337//2337
f 2337//2337 2374//2374 2353//2353
f 2354//2354 2374//2374 2337//2337
f 2353//2353 2374//2374 2322//2322
f 2322//2322 2374//2374 2355//2355
f 2355//2355 2339//2339 2324//2324
f 2356//2356 2340//2340 2375//2375
f 2340//2340 2327//2327 2392//2392
f 2392//2392 2327//2327 2376//2376
f 2394//2394 2376//2376 2327//2327
f 2401//2401 2377//2377 2359//2359
f 2360//2360 2378//2378 2327//2327
f 2377//2377 2446//2446 2342//2342
f 2404//2404 2342//2342 2446//2446
f 2381//2381 2363//2363 2379//2379
f 2384//2384 2382//2382 2381//2381
f 2367//2367 2383//2383 2365//2365
f 2385//2385 2412//2412 2367//2367
f 2346//2346 2385//2385 2367//2367
f 2385//2385 2346//2346 2368//2368
f 2386//2386 2387//2387 2384//2384
f 2384//2384 2387//2387 2369//2369
f 2369//2369 2366//2366 2384//2384
f 2368//2368 2370//2370 2389//2389
f 2387//2387 2388//2388 2369//2369
f 2349//2349 2389//2389 2370//2370
f 2389//2389 2349//2349 2371//2371
f 2371//2371 2373//2373 2413//2413
f 2413//2413 2373//2373 2372//2372
f 2413//2413 2372//2372 2387//2387
f 2387//2387 2372//2372 2388//2388
f 2356//2356 2375//2375 2390//2390
f 2374//2374 2429//2429 2355//2355
f 2339//2339 2429//2429 2358//2358
f 2355//2355 2429//2429 2339//2339
f 2340//2340 2391//2391 2375//2375
f 2340//2340 2392//2392 2391//2391
f 2393//2393 2341//2341 2358//2358
f 2400//2400 2376//2376 2394//2394
f 2393//2393 2359//2359 2341//2341
f 2327//2327 2378//2378 2394//2394
f 2360//2360 2361//2361 2378//2378
f 2377//2377 2416//2416 2446//2446
f 2395//2395 2434//2434 2311//2311
f 2395//2395 2380//2380 2406//2406
f 2364//2364 2406//2406 2380//2380
f 2408//2408 2381//2381 2379//2379
f 2409//2409 2364//2364 2365//2365
f 2408//2408 2384//2384 2381//2381
f 2396//2396 2397//2397 2408//2408
f 2397//2397 2384//2384 2408//2408
f 2397//2397 2396//2396 2384//2384
f 2396//2396 2386//2386 2384//2384
f 2396//2396 2387//2387 2386//2386
f 2398//2398 2389//2389 2371//2371
f 2441//2441 2413//2413 2396//2396
f 2396//2396 2413//2413 2387//2387
f 2426//2426 2374//2374 2354//2354
f 2390//2390 2375//2375 2391//2391
f 2399//2399 2393//2393 2358//2358
f 2399//2399 2415//2415 2393//2393
f 2400//2400 2432//2432 2376//2376
f 2359//2359 2393//2393 2401//2401
f 2393//2393 2416//2416 2401//2401
f 2393//2393 2415//2415 2416//2416
f 2361//2361 2394//2394 2378//2378
f 2402//2402 2394//2394 2361//2361
f 2416//2416 2377//2377 2401//2401
f 2311//2311 2434//2434 2361//2361
f 2405//2405 2379//2379 2404//2404
f 2417//2417 2408//2408 2379//2379
f 2417//2417 2379//2379 2405//2405
f 2419//2419 2408//2408 2417//2417
f 2419//2419 2421//2421 2408//2408
f 2383//2383 2409//2409 2365//2365
f 2411//2411 2408//2408 2421//2421
f 2367//2367 2410//2410 2383//2383
f 2412//2412 2410//2410 2367//2367
f 2411//2411 2396//2396 2408//2408
f 2412//2412 2385//2385 2368//2368
f 2412//2412 2368//2368 2423//2423
f 2423//2423 2368//2368 2389//2389
f 2423//2423 2389//2389 2398//2398
f 2441//2441 2396//2396 2411//2411
f 2423//2423 2398//2398 2371//2371
f 2423//2423 2371//2371 2413//2413
f 2429//2429 2374//2374 2414//2414
f 2391//2391 2392//2392 2428//2428
f 2429//2429 2399//2399 2358//2358
f 2376//2376 2432//2432 2392//2392
f 2433//2433 2400//2400 2394//2394
f 2361//2361 2434//2434 2402//2402
f 2395//2395 2403//2403 2434//2434
f 2436//2436 2434//2434 2403//2403
f 2448//2448 2404//2404 2447//2447
f 2405//2405 2404//2404 2448//2448
f 2406//2406 2407//2407 2395//2395
f 2406//2406 2418//2418 2407//2407
f 2364//2364 2418//2418 2406//2406
f 2409//2409 2418//2418 2364//2364
f 2409//2409 2383//2383 2420//2420
f 2410//2410 2420//2420 2383//2383
f 2441//2441 2421//2421 2419//2419
f 2410//2410 2412//2412 2422//2422
f 2423//2423 2462//2462 2412//2412
f 2441//2441 2411//2411 2421//2421
f 2413//2413 2424//2424 2423//2423
f 2424//2424 2413//2413 2425//2425
f 2425//2425 2413//2413 2441//2441
f 2391//2391 2483//2483 2390//2390
f 2354//2354 2390//2390 2483//2483
f 2391//2391 2428//2428 2483//2483
f 2426//2426 2354//2354 2427//2427
f 2426//2426 2427//2427 2374//2374
f 2427//2427 2414//2414 2374//2374
f 2429//2429 2431//2431 2399//2399
f 2430//2430 2392//2392 2432//2432
f 2392//2392 2430//2430 2428//2428
f 2431//2431 2415//2415 2399//2399
f 2400//2400 2433//2433 2432//2432
f 2394//2394 2445//2445 2433//2433
f 2402//2402 2445//2445 2394//2394
f 2471//2471 2446//2446 2416//2416
f 2471//2471 2416//2416 2470//2470
f 2473//2473 2404//2404 2446//2446
f 2436//2436 2435//2435 2434//2434
f 2473//2473 2447//2447 2404//2404
f 2395//2395 2418//2418 2403//2403
f 2418//2418 2436//2436 2403//2403
f 2407//2407 2418//2418 2395//2395
f 2437//2437 2417//2417 2405//2405
f 2409//2409 2438//2438 2418//2418
f 2437//2437 2419//2419 2417//2417
f 2450//2450 2439//2439 2409//2409
f 2439//2439 2438//2438 2409//2409
f 2440//2440 2441//2441 2419//2419
f 2440//2440 2419//2419 2437//2437
f 2409//2409 2410//2410 2450//2450
f 2420//2420 2410//2410 2409//2409
f 2452//2452 2464//2464 2437//2437
f 2440//2440 2437//2437 2441//2441
f 2441//2441 2464//2464 2425//2425
f 2464//2464 2441//2441 2437//2437
f 2412//2412 2462//2462 2422//2422
f 2462//2462 2423//2423 2463//2463
f 2463//2463 2423//2423 2424//2424
f 2463//2463 2424//2424 2425//2425
f 2454//2454 2427//2427 2354//2354
f 2414//2414 2454//2454 2431//2431
f 2431//2431 2429//2429 2414//2414
f 2428//2428 2430//2430 2432//2432
f 2428//2428 2432//2432 2443//2443
f 2431//2431 2442//2442 2415//2415
f 2442//2442 2444//2444 2416//2416
f 2415//2415 2442//2442 2416//2416
f 2470//2470 2416//2416 2444//2444
f 2434//2434 2445//2445 2402//2402
f 2445//2445 2434//2434 2435//2435
f 2445//2445 2435//2435 2436//2436
f 2474//2474 2436//2436 2477//2477
f 2477//2477 2436//2436 2418//2418
f 2448//2448 2449//2449 2437//2437
f 2448//2448 2437//2437 2405//2405
f 2438//2438 2439//2439 2418//2418
f 2449//2449 2452//2452 2437//2437
f 2450//2450 2410//2410 2451//2451
f 2422//2422 2462//2462 2410//2410
f 2462//2462 2451//2451 2410//2410
f 2481//2481 2463//2463 2425//2425
f 2454//2454 2354//2354 2453//2453
f 2427//2427 2454//2454 2414//2414
f 2455//2455 2431//2431 2454//2454
f 2455//2455 2456//2456 2431//2431
f 2456//2456 2442//2442 2431//2431
f 2443//2443 2469//2469 2428//2428
f 2469//2469 2467//2467 2428//2428
f 2467//2467 2484//2484 2428//2428
f 2432//2432 2469//2469 2443//2443
f 2456//2456 2444//2444 2442//2442
f 2433//2433 2469//2469 2432//2432
f 2456//2456 2457//2457 2444//2444
f 2457//2457 2456//2456 2470//2470
f 2470//2470 2444//2444 2457//2457
f 2445//2445 2469//2469 2433//2433
f 2473//2473 2446//2446 2471//2471
f 2476//2476 2447//2447 2473//2473
f 2458//2458 2445//2445 2436//2436
f 2474//2474 2458//2458 2436//2436
f 2459//2459 2447//2447 2476//2476
f 2459//2459 2448//2448 2447//2447
f 2449//2449 2448//2448 2459//2459
f 2439//2439 2477//2477 2418//2418
f 2459//2459 2460//2460 2449//2449
f 2477//2477 2439//2439 2450//2450
f 2477//2477 2462//2462 2478//2478
f 2460//2460 2452//2452 2449//2449
f 2477//2477 2450//2450 2451//2451
f 2477//2477 2451//2451 2462//2462
f 2462//2462 2463//2463 2479//2479
f 2461//2461 2481//2481 2464//2464
f 2460//2460 2461//2461 2452//2452
f 2481//2481 2425//2425 2464//2464
f 2461//2461 2464//2464 2452//2452
f 2483//2483 2428//2428 2484//2484
f 2483//2483 2453//2453 2354//2354
f 2456//2456 2455//2455 2454//2454
f 2465//2465 2454//2454 2453//2453
f 2465//2465 2456//2456 2454//2454
f 2465//2465 2466//2466 2456//2456
f 2466//2466 2468//2468 2456//2456
f 2468//2468 2470//2470 2456//2456
f 2445//2445 2467//2467 2469//2469
f 2472//2472 2445//2445 2474//2474
f 2475//2475 2476//2476 2473//2473
f 2458//2458 2474//2474 2445//2445
f 2478//2478 2474//2474 2477//2477
f 2476//2476 2482//2482 2460//2460
f 2476//2476 2460//2460 2459//2459
f 2478//2478 2462//2462 2479//2479
f 2481//2481 2461//2461 2460//2460
f 2481//2481 2460//2460 2482//2482
f 2479//2479 2463//2463 2480//2480
f 2480//2480 2463//2463 2481//2481
f 2483//2483 2496//2496 2453//2453
f 2453//2453 2466//2466 2465//2465
f 2484//2484 2485//2485 2483//2483
f 2498//2498 2453//2453 2496//2496
f 2453//2453 2468//2468 2466//2466
f 2453//2453 2486//2486 2468//2468
f 2498//2498 2487//2487 2453//2453
f 2487//2487 2486//2486 2453//2453
f 2467//2467 2497//2497 2484//2484
f 2486//2486 2470//2470 2468//2468
f 2487//2487 2470//2470 2486//2486
f 2487//2487 2471//2471 2470//2470
f 2472//2472 2467//2467 2445//2445
f 2488//2488 2473//2473 2471//2471
f 2488//2488 2471//2471 2487//2487
f 2474//2474 2467//2467 2472//2472
f 2494//2494 2473//2473 2488//2488
f 2474//2474 2490//2490 2467//2467
f 2494//2494 2475//2475 2473//2473
f 2478//2478 2490//2490 2474//2474
f 2489//2489 2490//2490 2478//2478
f 2467//2467 2490//2490 2489//2489
f 2494//2494 2476//2476 2475//2475
f 2492//2492 2482//2482 2494//2494
f 2479//2479 2489//2489 2478//2478
f 2491//2491 2489//2489 2479//2479
f 2491//2491 2479//2479 2480//2480
f 2493//2493 2491//2491 2481//2481
f 2493//2493 2481//2481 2492//2492
f 2482//2482 2492//2492 2481//2481
f 2494//2494 2482//2482 2476//2476
f 2491//2491 2480//2480 2481//2481
f 2485//2485 2497//2497 2483//2483
f 2495//2495 2496//2496 2483//2483
f 2495//2495 2483//2483 2497//2497
f 2488//2488 2498//2498 2496//2496
f 2484//2484 2497//2497 2485//2485
f 2488//2488 2487//2487 2498//2498
f 2467//2467 2500//2500 2497//2497
f 2489//2489 2500//2500 2467//2467
f 2497//2497 2499//2499 2495//2495
f 2495//2495 2494//2494 2488//2488
f 2495//2495 2488//2488 2496//2496
f 2495//2495 2501//2501 2502//2502
f 2495//2495 2502//2502 2494//2494
f 2491//2491 2500//2500 2489//2489
f 2500//2500 2493//2493 2497//2497
f 2500//2500 2491//2491 2493//2493
f 2501//2501 2492//2492 2494//2494
f 2501//2501 2494//2494 2502//2502
f 2497//2497 2493//2493 2499//2499
f 2495//2495 2499//2499 2493//2493
f 2495//2495 2493//2493 2492//2492
f 2495//2495 2492//2492 2501//2501
