mtllib long_man_head.mtl
o skin
usemtl skin
v -0.1009 0.0358 -0.0537
v -0.1006 0.0348 -0.0491
v -0.1005 0.0366 -0.0638
v -0.1002 0.0390 -0.0390
v -0.1002 0.0444 -0.0698
v -0.1002 0.0520 -0.0675
v -0.1017 0.0452 -0.0504
v -0.1002 0.0495 -0.0340
v -0.1018 0.0462 -0.0574
v -0.0986 0.0583 -0.0670
v -0.0989 0.0424 0.0083
v -0.1003 0.0569 -0.0534
v -0.0998 0.0577 -0.0392
v -0.1000 0.0595 0.0130
v -0.1001 0.0678 0.0168
v -0.1010 0.0629 0.0003
v -0.1009 0.0624 0.0058
v -0.1001 0.0765 -0.0171
v -0.1003 0.0679 -0.0135
v -0.1019 0.0851 -0.0041
v -0.1020 0.0795 0.0060
v -0.1017 0.0779 0.0098
v -0.1010 0.0848 -0.0121
v -0.1022 0.0776 0.0025
v -0.1008 0.0905 0.0188
v -0.1000 0.0933 -0.0179
v -0.1016 0.0921 -0.0084
v -0.1018 0.0956 0.0021
v -0.1011 0.0985 0.0159
v -0.1015 0.0992 -0.0016
v -0.1022 0.0920 0.0057
v -0.1006 0.1003 -0.0117
v -0.1002 0.1092 0.0151
v -0.0998 0.1111 -0.0045
v -0.1001 0.1108 0.0015
v -0.0954 0.0221 -0.0485
v -0.0962 0.0226 -0.0477
v -0.0960 0.0230 -0.0386
v -0.0974 0.0259 -0.0602
v -0.0963 0.0258 -0.0289
v -0.0959 0.0265 -0.0190
v -0.0962 0.0275 0.0136
v -0.0994 0.0312 -0.0580
v -0.0969 0.0343 -0.0752
v -0.0980 0.0349 -0.0235
v -0.0960 0.0276 -0.0127
v -0.0964 0.0292 -0.0063
v -0.0955 0.0260 0.0213
v -0.0999 0.0447 -0.0320
v -0.0998 0.0337 -0.0436
v -0.0966 0.0282 0.0031
v -0.0968 0.0348 0.0201
v -0.0957 0.0405 0.0289
v -0.0969 0.0533 -0.0777
v -0.0979 0.0436 -0.0772
v -0.0963 0.0478 0.0277
v -0.0996 0.0520 -0.0085
v -0.0982 0.0401 -0.0115
v -0.0996 0.0492 0.0016
v -0.0989 0.0447 0.0118
v -0.0992 0.0460 -0.0195
v -0.0995 0.0538 -0.0144
v -0.0988 0.0509 0.0173
v -0.0993 0.0595 -0.0267
v -0.0989 0.0636 0.0214
v -0.0962 0.0591 0.0302
v -0.0997 0.0609 -0.0186
v -0.0998 0.0671 -0.0183
v -0.0963 0.0683 -0.0589
v -0.0963 0.0728 -0.0466
v -0.0996 0.0692 -0.0204
v -0.0972 0.0693 0.0288
v -0.0973 0.0721 -0.0386
v -0.0993 0.0741 -0.0228
v -0.1004 0.0728 0.0176
v -0.0980 0.0730 -0.0323
v -0.0992 0.0783 0.0245
v -0.0965 0.0799 -0.0389
v -0.0987 0.0842 -0.0258
v -0.0977 0.0949 0.0326
v -0.0958 0.0873 -0.0401
v -0.0962 0.0905 -0.0377
v -0.0998 0.1020 -0.0175
v -0.0998 0.1009 0.0238
v -0.0961 0.1042 -0.0358
v -0.0982 0.1028 -0.0262
v -0.0999 0.1032 -0.0141
v -0.0967 0.1068 0.0348
v -0.0956 0.1077 -0.0369
v -0.0974 0.1098 0.0312
v -0.0968 0.1135 -0.0271
v -0.0997 0.1141 0.0085
v -0.0962 0.1231 -0.0189
v -0.0997 0.1125 -0.0042
v -0.0989 0.1158 0.0177
v -0.0960 0.1281 -0.0083
v -0.0982 0.1218 0.0064
v -0.0964 0.1293 0.0150
v -0.0924 0.0128 0.0029
v -0.0929 0.0146 0.0129
v -0.0920 0.0142 -0.0163
v -0.0928 0.0153 -0.0054
v -0.0920 0.0122 0.0138
v -0.0928 0.0167 0.0222
v -0.0917 0.0194 -0.0386
v -0.0923 0.0230 -0.0716
v -0.0855 0.0217 -0.0379
v -0.0922 0.0149 -0.0282
v -0.0945 0.0219 -0.0101
v -0.0953 0.0236 -0.0020
v -0.0948 0.0211 0.0139
v -0.0925 0.0180 0.0269
v -0.0954 0.0268 -0.0695
v -0.0924 0.0235 0.0335
v -0.0926 0.0337 -0.0836
v -0.0918 0.0323 0.0402
v -0.0937 0.0357 0.0351
v -0.0921 0.0384 -0.0867
v -0.0951 0.0430 -0.0827
v -0.0946 0.0508 -0.0838
v -0.0955 0.0560 -0.0786
v -0.0951 0.0618 -0.0744
v -0.0951 0.0461 0.0323
v -0.0920 0.0643 -0.0788
v -0.0933 0.0742 -0.0622
v -0.0963 0.0623 0.0304
v -0.0952 0.0790 0.0375
v -0.0925 0.0796 -0.0583
v -0.0955 0.0805 -0.0444
v -0.0946 0.0785 -0.0505
v -0.0920 0.0888 -0.0540
v -0.0929 0.0846 -0.0529
v -0.0964 0.0946 0.0371
v -0.0935 0.0941 -0.0476
v -0.0938 0.1027 0.0447
v -0.0927 0.1133 0.0451
v -0.0939 0.1116 -0.0423
v -0.0953 0.1168 0.0359
v -0.0926 0.1153 -0.0450
v -0.0962 0.1179 -0.0264
v -0.0917 0.1222 -0.0435
v -0.0946 0.1211 -0.0321
v -0.0941 0.1283 -0.0275
v -0.0964 0.1218 0.0277
v -0.0917 0.1351 -0.0331
v -0.0927 0.1257 0.0395
v -0.0961 0.1272 0.0231
v -0.0927 0.1292 -0.0343
v -0.0922 0.1401 -0.0229
v -0.0942 0.1353 -0.0120
v -0.0940 0.1399 -0.0002
v -0.0951 0.1353 0.0030
v -0.0922 0.1457 0.0231
v -0.0922 0.1381 0.0320
v -0.0925 0.1475 0.0172
v -0.0913 0.1556 0.0108
v -0.0928 0.1401 -0.0178
v -0.0926 0.1471 -0.0020
v -0.0885 0.0046 -0.0168
v -0.0873 0.0003 -0.0121
v -0.0877 0.0001 0.0036
v -0.0903 0.0067 0.0058
v -0.0904 0.0080 0.0171
v -0.0891 0.0060 0.0219
v -0.0875 0.0040 -0.0194
v -0.0908 0.0083 0.0103
v -0.0824 0.0156 -0.0292
v -0.0909 0.0121 -0.0249
v -0.0911 0.0100 -0.0056
v -0.0915 0.0114 0.0180
v -0.0895 0.0099 0.0288
v -0.0930 0.0169 -0.0332
v -0.0888 0.0144 0.0381
v -0.0883 0.0213 0.0452
v -0.0906 0.0218 -0.0701
v -0.0912 0.0239 -0.0617
v -0.0882 0.0227 -0.0790
v -0.0859 0.0256 -0.0502
v -0.0890 0.0250 0.0455
v -0.0881 0.0334 -0.0895
v -0.0876 0.0409 0.0531
v -0.0857 0.0432 -0.0961
v -0.0904 0.0392 0.0457
v -0.0857 0.0507 -0.0955
v -0.0927 0.0466 0.0398
v -0.0902 0.0397 0.0465
v -0.0916 0.0564 -0.0862
v -0.0890 0.0553 0.0503
v -0.0880 0.0561 -0.0909
v -0.0891 0.0595 0.0504
v -0.0875 0.0684 -0.0831
v -0.0935 0.0646 0.0391
v -0.0869 0.0759 -0.0769
v -0.0903 0.0761 -0.0690
v -0.0914 0.0833 -0.0589
v -0.0871 0.0811 0.0600
v -0.0896 0.0841 -0.0633
v -0.0916 0.0896 0.0503
v -0.0890 0.0838 0.0559
v -0.0896 0.0938 -0.0586
v -0.0910 0.0951 -0.0545
v -0.0927 0.0938 0.0478
v -0.0862 0.1034 0.0634
v -0.0884 0.1065 -0.0579
v -0.0901 0.1000 -0.0556
v -0.0914 0.1071 -0.0508
v -0.0920 0.1017 0.0497
v -0.0877 0.1067 0.0591
v -0.0886 0.1131 -0.0558
v -0.0901 0.1155 0.0512
v -0.0887 0.1239 -0.0511
v -0.0913 0.1172 -0.0476
v -0.0880 0.1196 0.0542
v -0.0897 0.1285 0.0461
v -0.0874 0.1298 0.0510
v -0.0895 0.1366 0.0420
v -0.0912 0.1331 -0.0375
v -0.0894 0.1499 0.0341
v -0.0879 0.1514 -0.0364
v -0.0915 0.1425 -0.0250
v -0.0893 0.1567 0.0273
v -0.0881 0.1597 -0.0277
v -0.0908 0.1525 -0.0159
v -0.0915 0.1521 -0.0071
v -0.0918 0.1515 0.0157
v -0.0882 0.1550 0.0340
v -0.0882 0.1623 0.0258
v -0.0885 0.1619 -0.0222
v -0.0899 0.1636 0.0007
v -0.0890 0.1654 -0.0107
v -0.0872 0.1745 0.0016
v -0.0876 0.1725 0.0056
v -0.0893 0.1666 0.0027
v -0.0888 0.1658 0.0153
v -0.0827 -0.0143 -0.0054
v -0.0829 -0.0130 0.0050
v -0.0844 -0.0085 0.0081
v -0.0844 -0.0072 -0.0141
v -0.0847 -0.0079 -0.0039
v -0.0872 -0.0005 0.0140
v -0.0845 -0.0003 -0.0179
v -0.0852 -0.0023 0.0258
v -0.0829 -0.0015 0.0372
v -0.0797 0.0094 -0.0243
v -0.0843 0.0108 -0.0251
v -0.0867 0.0063 0.0352
v -0.0862 0.0155 0.0468
v -0.0829 0.0121 -0.0260
v -0.0867 0.0211 -0.0762
v -0.0842 0.0188 -0.0335
v -0.0846 0.0197 -0.0794
v -0.0841 0.0259 0.0572
v -0.0842 0.0271 -0.0889
v -0.0846 0.0250 -0.0646
v -0.0833 0.0414 -0.0977
v -0.0872 0.0352 0.0534
v -0.0841 0.0515 0.0620
v -0.0852 0.0583 0.0601
v -0.0866 0.0597 -0.0909
v -0.0844 0.0666 -0.0889
v -0.0847 0.0732 -0.0831
v -0.0886 0.0662 0.0528
v -0.0845 0.0694 0.0635
v -0.0853 0.0887 -0.0698
v -0.0817 0.0732 0.0702
v -0.0834 0.0813 -0.0785
v -0.0821 0.0900 -0.0751
v -0.0879 0.0844 -0.0673
v -0.0848 0.0896 0.0666
v -0.0849 0.1031 -0.0653
v -0.0869 0.0991 -0.0627
v -0.0877 0.1108 0.0581
v -0.0855 0.1162 -0.0607
v -0.0842 0.1178 -0.0624
v -0.0829 0.1195 0.0645
v -0.0871 0.1232 -0.0548
v -0.0866 0.1276 -0.0540
v -0.0847 0.1360 -0.0542
v -0.0827 0.1386 0.0571
v -0.0880 0.1360 -0.0465
v -0.0837 0.1450 -0.0521
v -0.0850 0.1430 0.0504
v -0.0879 0.1463 -0.0404
v -0.0829 0.1543 -0.0496
v -0.0853 0.1603 0.0394
v -0.0868 0.1546 -0.0387
v -0.0874 0.1645 0.0267
v -0.0832 0.1706 0.0361
v -0.0833 0.1673 0.0390
v -0.0865 0.1657 -0.0288
v -0.0855 0.1749 -0.0203
v -0.0841 0.1757 0.0238
v -0.0846 0.1715 0.0289
v -0.0842 0.1761 -0.0249
v -0.0866 0.1739 0.0116
v -0.0836 0.1778 0.0219
v -0.0856 0.1773 -0.0146
v -0.0856 0.1784 -0.0092
v -0.0843 0.1821 0.0038
v -0.0859 0.1753 0.0150
v -0.0786 -0.0358 -0.0116
v -0.0808 -0.0229 -0.0033
v -0.0804 -0.0217 -0.0184
v -0.0825 -0.0098 -0.0160
v -0.0804 -0.0162 0.0199
v -0.0798 -0.0159 -0.0183
v -0.0830 -0.0132 -0.0099
v -0.0828 -0.0142 -0.0001
v -0.0814 -0.0173 0.0081
v -0.0821 -0.0145 0.0116
v -0.0843 -0.0065 0.0199
v -0.0825 -0.0070 0.0295
v -0.0829 0.0047 0.0452
v -0.0823 0.0003 0.0418
v -0.0800 0.0074 0.0543
v -0.0812 0.0092 0.0532
v -0.0785 0.0185 0.0641
v -0.0774 0.0192 -0.0871
v -0.0820 0.0201 0.0589
v -0.0773 0.0252 -0.0625
v -0.0818 0.0279 -0.0923
v -0.0834 0.0318 0.0608
v -0.0803 0.0294 0.0657
v -0.0825 0.0346 -0.0961
v -0.0819 0.0531 0.0668
v -0.0793 0.0607 -0.0979
v -0.0795 0.0614 0.0721
v -0.0819 0.0645 0.0681
v -0.0797 0.0703 -0.0919
v -0.0833 0.0730 -0.0854
v -0.0823 0.0870 0.0713
v -0.0796 0.0941 0.0758
v -0.0813 0.0975 -0.0731
v -0.0853 0.0936 0.0661
v -0.0819 0.1043 0.0711
v -0.0809 0.1026 -0.0719
v -0.0824 0.1132 -0.0668
v -0.0788 0.1123 0.0737
v -0.0834 0.1195 -0.0631
v -0.0830 0.1154 0.0658
v -0.0835 0.1211 -0.0625
v -0.0785 0.1395 0.0645
v -0.0834 0.1344 -0.0572
v -0.0803 0.1450 -0.0585
v -0.0807 0.1489 -0.0563
v -0.0836 0.1470 0.0518
v -0.0804 0.1529 0.0559
v -0.0809 0.1626 -0.0492
v -0.0811 0.1611 0.0503
v -0.0844 0.1537 0.0467
v -0.0800 0.1571 -0.0540
v -0.0829 0.1596 -0.0462
v -0.0772 0.1633 0.0573
v -0.0816 0.1631 0.0476
v -0.0838 0.1650 -0.0399
v -0.0801 0.1728 -0.0426
v -0.0800 0.1716 0.0442
v -0.0803 0.1805 -0.0333
v -0.0790 0.1852 0.0260
v -0.0796 0.1767 0.0387
v -0.0789 0.1816 -0.0354
v -0.0834 0.1784 -0.0256
v -0.0837 0.1802 -0.0191
v -0.0835 0.1811 0.0141
v -0.0808 0.1860 0.0165
v -0.0804 0.1909 -0.0046
v -0.0812 0.1891 0.0003
v -0.0821 0.1858 0.0089
v -0.0769 -0.0452 -0.0142
v -0.0761 -0.0359 0.0106
v -0.0771 -0.0345 -0.0287
v -0.0786 -0.0236 -0.0210
v -0.0794 -0.0280 -0.0184
v -0.0785 -0.0344 -0.0178
v -0.0772 -0.0424 -0.0055
v -0.0792 -0.0290 0.0014
v -0.0794 -0.0253 0.0066
v -0.0796 -0.0223 0.0119
v -0.0773 -0.0299 0.0129
v -0.0761 -0.0245 0.0261
v -0.0793 -0.0203 0.0180
v -0.0783 -0.0220 0.0200
v -0.0769 -0.0237 0.0237
v -0.0768 -0.0184 0.0334
v -0.0798 -0.0112 0.0335
v -0.0769 -0.0126 0.0419
v -0.0762 -0.0079 0.0490
v -0.0724 -0.0051 -0.0220
v -0.0778 -0.0029 0.0503
v -0.0770 0.0058 0.0590
v -0.0737 0.0029 -0.0237
v -0.0747 0.0114 -0.0288
v -0.0769 0.0159 -0.0817
v -0.0750 0.0146 -0.0831
v -0.0773 0.0203 -0.0374
v -0.0732 0.0204 -0.0431
v -0.0770 0.0268 -0.0951
v -0.0766 0.0310 -0.0984
v -0.0744 0.0335 -0.1016
v -0.0747 0.0385 0.0766
v -0.0737 0.0459 -0.1048
v -0.0816 0.0401 0.0660
v -0.0756 0.0651 0.0789
v -0.0742 0.0648 -0.1001
v -0.0771 0.0735 -0.0925
v -0.0782 0.0731 0.0760
v -0.0795 0.0810 -0.0847
v -0.0786 0.0873 -0.0821
v -0.0755 0.0968 -0.0818
v -0.0740 0.0941 -0.0849
v -0.0792 0.1012 0.0759
v -0.0786 0.1028 -0.0754
v -0.0761 0.1097 0.0780
v -0.0769 0.1168 -0.0737
v -0.0746 0.1177 -0.0765
v -0.0773 0.1258 -0.0701
v -0.0766 0.1370 -0.0672
v -0.0763 0.1515 -0.0627
v -0.0739 0.1461 0.0693
v -0.0789 0.1463 0.0613
v -0.0766 0.1552 -0.0607
v -0.0760 0.1570 0.0623
v -0.0758 0.1603 -0.0594
v -0.0781 0.1629 -0.0544
v -0.0771 0.1765 0.0464
v -0.0783 0.1705 -0.0486
v -0.0765 0.1789 -0.0444
v -0.0742 0.1804 0.0481
v -0.0742 0.1857 -0.0414
v -0.0786 0.1876 0.0220
v -0.0749 0.1910 -0.0330
v -0.0791 0.1857 -0.0288
v -0.0793 0.1887 -0.0223
v -0.0785 0.1836 0.0308
v -0.0762 0.1919 0.0218
v -0.0744 0.1984 -0.0223
v -0.0786 0.1939 -0.0120
v -0.0773 0.1965 -0.0091
v -0.0742 0.2026 -0.0044
v -0.0760 0.1986 0.0028
v -0.0759 0.1967 0.0112
v -0.0728 -0.0603 -0.0123
v -0.0725 -0.0589 -0.0047
v -0.0720 -0.0614 -0.0230
v -0.0745 -0.0538 -0.0184
v -0.0748 -0.0526 -0.0084
v -0.0760 -0.0471 -0.0047
v -0.0739 -0.0507 0.0017
v -0.0726 -0.0494 0.0081
v -0.0743 -0.0482 -0.0276
v -0.0744 -0.0391 -0.0351
v -0.0759 -0.0360 -0.0312
v -0.0738 -0.0375 0.0173
v -0.0731 -0.0333 -0.0334
v -0.0719 -0.0288 -0.0306
v -0.0742 -0.0298 0.0256
v -0.0725 -0.0208 0.0442
v -0.0726 -0.0279 0.0338
v -0.0718 -0.0185 -0.0241
v -0.0758 -0.0135 0.0437
v -0.0719 -0.0149 0.0520
v -0.0700 -0.0099 -0.0244
v -0.0714 -0.0044 0.0615
v -0.0744 0.0034 0.0616
v -0.0706 0.0042 0.0678
v -0.0744 0.0078 -0.0264
v -0.0736 0.0080 0.0658
v -0.0715 0.0124 -0.0798
v -0.0709 0.0129 0.0720
v -0.0709 0.0093 -0.0307
v -0.0761 0.0204 -0.0736
v -0.0726 0.0202 -0.0694
v -0.0730 0.0198 -0.0424
v -0.0761 0.0240 0.0702
v -0.0699 0.0238 -0.0971
v -0.0702 0.0206 -0.0612
v -0.0760 0.0249 -0.0515
v -0.0771 0.0338 0.0721
v -0.0698 0.0315 0.0804
v -0.0720 0.0541 -0.1049
v -0.0722 0.0703 -0.0989
v -0.0752 0.0759 0.0810
v -0.0778 0.0844 0.0784
v -0.0737 0.0859 -0.0890
v -0.0715 0.0973 -0.0865
v -0.0733 0.1001 0.0833
v -0.0733 0.1070 -0.0813
v -0.0722 0.1267 0.0775
v -0.0713 0.1230 0.0798
v -0.0679 0.1195 -0.0844
v -0.0761 0.1216 0.0742
v -0.0780 0.1226 0.0712
v -0.0734 0.1356 -0.0721
v -0.0721 0.1303 0.0768
v -0.0708 0.1470 -0.0720
v -0.0714 0.1568 -0.0675
v -0.0723 0.1698 -0.0591
v -0.0722 0.1701 0.0617
v -0.0691 0.1689 0.0670
v -0.0735 0.1746 0.0562
v -0.0737 0.1735 -0.0544
v -0.0730 0.1840 -0.0457
v -0.0736 0.1841 0.0445
v -0.0692 0.1914 0.0446
v -0.0746 0.1876 0.0358
v -0.0729 0.1934 -0.0347
v -0.0722 0.1974 0.0243
v -0.0701 0.2042 0.0171
v -0.0689 0.2111 -0.0149
v -0.0681 -0.0765 -0.0113
v -0.0680 -0.0731 -0.0044
v -0.0684 -0.0684 -0.0316
v -0.0691 -0.0725 -0.0224
v -0.0711 -0.0662 -0.0126
v -0.0677 -0.0671 0.0038
v -0.0712 -0.0630 -0.0246
v -0.0702 -0.0666 -0.0050
v -0.0681 -0.0534 -0.0422
v -0.0700 -0.0569 -0.0353
v -0.0702 -0.0539 0.0103
v -0.0694 -0.0476 0.0187
v -0.0707 -0.0446 -0.0412
v -0.0695 -0.0434 0.0233
v -0.0693 -0.0424 -0.0453
v -0.0674 -0.0382 -0.0494
v -0.0685 -0.0276 -0.0340
v -0.0697 -0.0389 0.0279
v -0.0689 -0.0345 0.0355
v -0.0728 -0.0378 -0.0379
v -0.0674 -0.0275 0.0487
v -0.0670 -0.0204 0.0570
v -0.0686 -0.0201 -0.0292
v -0.0676 -0.0203 0.0556
v -0.0683 -0.0128 0.0606
v -0.0669 -0.0024 -0.0301
v -0.0674 0.0015 0.0704
v -0.0672 0.0104 0.0751
v -0.0663 0.0075 -0.0816
v -0.0671 0.0107 -0.0849
v -0.0688 0.0098 -0.0791
v -0.0678 0.0082 -0.0350
v -0.0700 0.0166 -0.0896
v -0.0722 0.0206 -0.0689
v -0.0683 0.0158 -0.0449
v -0.0711 0.0149 -0.0374
v -0.0675 0.0195 -0.0942
v -0.0675 0.0169 -0.0628
v -0.0727 0.0227 -0.0500
v -0.0693 0.0208 0.0772
v -0.0724 0.0254 0.0755
v -0.0676 0.0307 -0.1029
v -0.0695 0.0488 -0.1065
v -0.0706 0.0522 0.0838
v -0.0658 0.0747 -0.1015
v -0.0703 0.0787 0.0872
v -0.0709 0.0783 -0.0959
v -0.0683 0.0868 -0.0942
v -0.0739 0.0883 0.0835
v -0.0739 0.0929 0.0835
v -0.0679 0.0983 -0.0893
v -0.0679 0.0992 0.0890
v -0.0654 0.1093 -0.0879
v -0.0659 0.1163 -0.0876
v -0.0696 0.1089 0.0855
v -0.0679 0.1146 0.0859
v -0.0704 0.1327 -0.0770
v -0.0686 0.1404 0.0778
v -0.0674 0.1498 -0.0753
v -0.0724 0.1517 0.0698
v -0.0717 0.1618 -0.0648
v -0.0657 0.1618 -0.0724
v -0.0738 0.1609 0.0644
v -0.0699 0.1694 -0.0629
v -0.0681 0.1765 -0.0602
v -0.0718 0.1797 -0.0521
v -0.0702 0.1808 0.0564
v -0.0692 0.1840 -0.0523
v -0.0684 0.1986 -0.0378
v -0.0664 0.2117 -0.0239
v -0.0697 0.1929 0.0406
v -0.0677 0.2031 -0.0335
v -0.0718 0.2032 -0.0217
v -0.0658 0.2058 0.0287
v -0.0686 0.2005 0.0301
v -0.0685 0.2106 0.0073
v -0.0656 0.2175 -0.0094
v -0.0693 0.2110 -0.0005
v -0.0639 -0.0920 -0.0307
v -0.0643 -0.0952 -0.0243
v -0.0640 -0.0876 -0.0338
v -0.0639 -0.0873 -0.0040
v -0.0668 -0.0828 -0.0215
v -0.0669 -0.0759 -0.0303
v -0.0675 -0.0787 -0.0231
v -0.0664 -0.0850 -0.0177
v -0.0650 -0.0874 -0.0088
v -0.0651 -0.0763 -0.0371
v -0.0675 -0.0767 -0.0262
v -0.0650 -0.0802 -0.0008
v -0.0666 -0.0706 0.0037
v -0.0671 -0.0671 -0.0363
v -0.0642 -0.0611 -0.0463
v -0.0648 -0.0643 -0.0435
v -0.0658 -0.0648 0.0108
v -0.0668 -0.0555 -0.0437
v -0.0640 -0.0578 0.0210
v -0.0644 -0.0491 0.0285
v -0.0649 -0.0517 -0.0491
v -0.0655 -0.0457 0.0300
v -0.0646 -0.0449 -0.0528
v -0.0668 -0.0409 -0.0504
v -0.0655 -0.0369 0.0409
v -0.0659 -0.0363 -0.0519
v -0.0634 -0.0278 0.0561
v -0.0659 -0.0248 -0.0367
v -0.0639 -0.0189 -0.0380
v -0.0629 -0.0164 0.0661
v -0.0657 -0.0146 -0.0320
v -0.0651 -0.0078 -0.0330
v -0.0636 -0.0004 -0.0392
v -0.0647 0.0010 0.0733
v -0.0637 0.0079 -0.0684
v -0.0632 0.0045 -0.0440
v -0.0658 0.0069 0.0750
v -0.0655 0.0084 -0.0743
v -0.0639 0.0116 -0.0582
v -0.0640 0.0103 -0.0500
v -0.0665 0.0092 -0.0398
v -0.0639 0.0153 -0.0920
v -0.0664 0.0155 -0.0540
v -0.0669 0.0169 0.0780
v -0.0659 0.0206 0.0805
v -0.0676 0.0362 -0.1055
v -0.0665 0.0368 0.0850
v -0.0584 0.0382 -0.1082
v -0.0702 0.0408 0.0822
v -0.0611 0.0476 -0.1093
v -0.0641 0.0526 0.0905
v -0.0697 0.0569 -0.1055
v -0.0693 0.0637 0.0867
v -0.0636 0.0665 -0.1058
v -0.0611 0.0812 -0.1020
v -0.0660 0.0889 -0.0944
v -0.0649 0.1100 0.0896
v -0.0645 0.1125 -0.0898
v -0.0717 0.1125 0.0826
v -0.0575 0.1228 -0.0945
v -0.0622 0.1318 -0.0872
v -0.0647 0.1286 0.0852
v -0.0601 0.1320 0.0889
v -0.0660 0.1387 -0.0807
v -0.0618 0.1388 -0.0856
v -0.0625 0.1509 -0.0806
v -0.0667 0.1542 0.0759
v -0.0657 0.1527 -0.0763
v -0.0637 0.1601 0.0769
v -0.0684 0.1655 0.0697
v -0.0658 0.1702 -0.0676
v -0.0658 0.1802 0.0640
v -0.0674 0.1835 -0.0553
v -0.0681 0.1847 0.0559
v -0.0631 0.1878 -0.0576
v -0.0663 0.1895 0.0539
v -0.0641 0.1983 -0.0459
v -0.0685 0.1946 -0.0424
v -0.0641 0.2026 0.0396
v -0.0644 0.2014 -0.0422
v -0.0653 0.2095 -0.0305
v -0.0654 0.2104 0.0205
v -0.0672 0.2107 0.0128
v -0.0625 0.2172 0.0155
v -0.0608 0.2241 -0.0115
v -0.0599 -0.1129 -0.0201
v -0.0607 -0.1090 -0.0314
v -0.0609 -0.1104 -0.0241
v -0.0601 -0.1044 -0.0077
v -0.0605 -0.1088 -0.0151
v -0.0606 -0.1013 -0.0392
v -0.0621 -0.0949 -0.0371
v -0.0633 -0.0960 -0.0304
v -0.0627 -0.1024 -0.0205
v -0.0598 -0.0895 0.0058
v -0.0613 -0.0835 -0.0441
v -0.0632 -0.0847 -0.0382
v -0.0606 -0.0945 -0.0000
v -0.0603 -0.0807 0.0109
v -0.0630 -0.0769 -0.0423
v -0.0609 -0.0756 -0.0478
v -0.0622 -0.0800 0.0072
v -0.0626 -0.0699 -0.0459
v -0.0600 -0.0667 0.0215
v -0.0583 -0.0599 0.0296
v -0.0585 -0.0589 -0.0572
v -0.0621 -0.0629 -0.0497
v -0.0613 -0.0594 0.0247
v -0.0606 -0.0522 -0.0562
v -0.0607 -0.0498 0.0351
v -0.0590 -0.0539 0.0339
v -0.0610 -0.0443 -0.0586
v -0.0613 -0.0362 -0.0614
v -0.0634 -0.0391 0.0427
v -0.0619 -0.0382 0.0468
v -0.0609 -0.0300 -0.0644
v -0.0625 -0.0300 -0.0593
v -0.0621 -0.0288 0.0573
v -0.0638 -0.0277 -0.0456
v -0.0600 -0.0243 0.0643
v -0.0608 -0.0209 -0.0670
v -0.0608 -0.0169 -0.0470
v -0.0618 -0.0205 -0.0455
v -0.0600 -0.0147 -0.0550
v -0.0611 -0.0146 0.0696
v -0.0601 -0.0078 -0.0752
v -0.0639 -0.0073 0.0703
v -0.0603 -0.0063 -0.0514
v -0.0622 -0.0010 -0.0759
v -0.0609 -0.0090 -0.0722
v -0.0615 -0.0062 -0.0441
v -0.0605 0.0007 -0.0807
v -0.0616 0.0041 -0.0580
v -0.0603 -0.0015 -0.0579
v -0.0584 0.0075 -0.0882
v -0.0631 0.0070 -0.0496
v -0.0592 0.0139 -0.0933
v -0.0584 0.0113 0.0838
v -0.0625 0.0242 0.0849
v -0.0609 0.0386 0.0905
v -0.0563 0.0597 -0.1101
v -0.0649 0.0776 0.0926
v -0.0658 0.0882 0.0917
v -0.0591 0.0846 -0.0969
v -0.0626 0.0934 -0.0877
v -0.0615 0.0997 -0.0839
v -0.0632 0.1127 -0.0897
v -0.0577 0.1116 -0.0850
v -0.0623 0.1023 0.0932
v -0.0586 0.1184 -0.0925
v -0.0611 0.1142 -0.0893
v -0.0599 0.1205 -0.0922
v -0.0608 0.1131 0.0926
v -0.0628 0.1369 0.0849
v -0.0612 0.1401 0.0856
v -0.0605 0.1435 -0.0854
v -0.0637 0.1446 0.0819
v -0.0606 0.1566 -0.0805
v -0.0601 0.1608 -0.0790
v -0.0585 0.1654 -0.0787
v -0.0601 0.1690 0.0768
v -0.0579 0.1701 -0.0766
v -0.0618 0.1716 0.0738
v -0.0637 0.1798 -0.0635
v -0.0600 0.1756 -0.0709
v -0.0623 0.1897 0.0607
v -0.0630 0.1934 -0.0526
v -0.0580 0.1978 0.0594
v -0.0607 0.2098 0.0363
v -0.0575 0.2105 0.0436
v -0.0617 0.2169 -0.0276
v -0.0619 0.2151 0.0222
v -0.0622 0.2124 -0.0331
v -0.0610 0.2127 0.0302
v -0.0616 0.2218 -0.0164
v -0.0632 0.2201 0.0029
v -0.0558 -0.1247 -0.0211
v -0.0559 -0.1200 -0.0388
v -0.0590 -0.1163 -0.0260
v -0.0572 -0.1220 -0.0253
v -0.0565 -0.1104 -0.0452
v -0.0569 -0.1177 -0.0384
v -0.0590 -0.1145 -0.0326
v -0.0570 -0.1180 -0.0125
v -0.0585 -0.1069 -0.0420
v -0.0570 -0.1025 -0.0481
v -0.0564 -0.1111 -0.0029
v -0.0564 -0.0992 0.0065
v -0.0570 -0.0999 -0.0490
v -0.0565 -0.0913 -0.0528
v -0.0545 -0.0930 0.0144
v -0.0589 -0.0810 -0.0504
v -0.0571 -0.0856 0.0143
v -0.0577 -0.0785 -0.0534
v -0.0590 -0.0722 0.0194
v -0.0571 -0.0682 -0.0570
v -0.0588 -0.0686 -0.0538
v -0.0562 -0.0703 0.0255
v -0.0566 -0.0643 -0.0588
v -0.0552 -0.0660 0.0301
v -0.0549 -0.0511 -0.0650
v -0.0549 -0.0479 0.0470
v -0.0573 -0.0469 0.0444
v -0.0567 -0.0457 0.0468
v -0.0569 -0.0452 -0.0640
v -0.0545 -0.0382 0.0584
v -0.0581 -0.0376 0.0542
v -0.0553 -0.0339 -0.0702
v -0.0569 -0.0298 0.0637
v -0.0551 -0.0339 0.0619
v -0.0553 -0.0260 0.0688
v -0.0545 -0.0132 -0.0788
v -0.0591 -0.0204 -0.0706
v -0.0581 -0.0137 -0.0745
v -0.0553 -0.0165 0.0747
v -0.0599 -0.0111 -0.0599
v -0.0594 0.0003 0.0786
v -0.0556 0.0008 -0.0851
v -0.0586 0.0078 0.0823
v -0.0567 0.0179 -0.0974
v -0.0539 0.0190 0.0898
v -0.0567 0.0258 0.0899
v -0.0606 0.0325 -0.1057
v -0.0646 0.0468 0.0891
v -0.0589 0.0544 0.0955
v -0.0599 0.0590 0.0955
v -0.0617 0.0664 -0.1067
v -0.0519 0.0777 -0.1075
v -0.0510 0.0802 -0.1041
v -0.0588 0.0824 -0.1016
v -0.0587 0.0877 -0.0906
v -0.0577 0.0913 -0.0850
v -0.0532 0.0936 -0.0803
v -0.0569 0.1091 0.0963
v -0.0536 0.1242 0.0962
v -0.0576 0.1275 0.0922
v -0.0522 0.1361 -0.0959
v -0.0580 0.1308 0.0911
v -0.0567 0.1385 -0.0909
v -0.0562 0.1413 0.0899
v -0.0556 0.1419 -0.0910
v -0.0553 0.1535 -0.0871
v -0.0600 0.1552 0.0822
v -0.0607 0.1746 0.0736
v -0.0578 0.1751 -0.0737
v -0.0571 0.1815 -0.0703
v -0.0580 0.1835 0.0711
v -0.0558 0.1895 -0.0658
v -0.0545 0.1929 -0.0648
v -0.0584 0.2015 -0.0517
v -0.0604 0.2004 0.0520
v -0.0583 0.2065 -0.0468
v -0.0585 0.2097 -0.0432
v -0.0573 0.2158 -0.0380
v -0.0523 0.2153 0.0472
v -0.0570 0.2073 0.0493
v -0.0537 0.2142 -0.0458
v -0.0569 0.2174 0.0328
v -0.0547 0.2199 -0.0372
v -0.0587 0.2200 0.0218
v -0.0531 0.2215 0.0344
v -0.0575 0.2217 -0.0291
v -0.0585 0.2243 0.0108
v -0.0559 0.2241 0.0205
v -0.0574 0.2238 -0.0251
v -0.0564 0.2266 -0.0221
v -0.0550 0.2277 0.0130
v -0.0570 0.2285 -0.0013
v -0.0522 0.2319 0.0078
v -0.0539 -0.1299 -0.0258
v -0.0519 -0.1327 -0.0173
v -0.0524 -0.1237 -0.0449
v -0.0524 -0.1313 -0.0350
v -0.0551 -0.1251 -0.0337
v -0.0555 -0.1251 -0.0199
v -0.0520 -0.1211 -0.0017
v -0.0519 -0.1168 -0.0510
v -0.0547 -0.1166 -0.0451
v -0.0519 -0.1171 0.0020
v -0.0534 -0.1239 -0.0079
v -0.0525 -0.1085 -0.0546
v -0.0548 -0.1074 -0.0505
v -0.0502 -0.1051 0.0139
v -0.0524 -0.1018 -0.0571
v -0.0519 -0.1010 0.0138
v -0.0533 -0.0958 -0.0574
v -0.0520 -0.0904 0.0204
v -0.0523 -0.0879 -0.0613
v -0.0508 -0.0829 0.0267
v -0.0535 -0.0757 -0.0615
v -0.0529 -0.0728 0.0293
v -0.0537 -0.0629 -0.0635
v -0.0530 -0.0634 0.0355
v -0.0504 -0.0577 -0.0692
v -0.0540 -0.0582 0.0382
v -0.0525 -0.0533 -0.0674
v -0.0526 -0.0455 0.0529
v -0.0536 -0.0392 -0.0704
v -0.0526 -0.0407 0.0579
v -0.0562 -0.0248 -0.0727
v -0.0529 -0.0319 0.0662
v -0.0490 -0.0182 -0.0828
v -0.0532 -0.0203 0.0744
v -0.0529 -0.0125 0.0789
v -0.0581 -0.0080 0.0765
v -0.0524 -0.0002 -0.0871
v -0.0522 0.0006 0.0850
v -0.0505 0.0033 0.0873
v -0.0544 0.0250 -0.1028
v -0.0512 0.0193 0.0918
v -0.0421 0.0273 -0.1055
v -0.0601 0.0311 0.0890
v -0.0537 0.0437 -0.1102
v -0.0532 0.0446 0.0979
v -0.0544 0.0520 -0.1108
v -0.0458 0.0542 -0.1126
v -0.0592 0.0672 0.0970
v -0.0501 0.0758 0.1042
v -0.0505 0.0796 -0.1063
v -0.0544 0.0842 0.1007
v -0.0526 0.0879 -0.0855
v -0.0567 0.0913 0.0986
v -0.0506 0.1055 -0.0783
v -0.0554 0.1095 -0.0816
v -0.0492 0.1221 -0.0957
v -0.0510 0.1193 0.0990
v -0.0537 0.1333 0.0941
v -0.0518 0.1399 0.0940
v -0.0558 0.1494 0.0878
v -0.0533 0.1577 -0.0870
v -0.0512 0.1657 -0.0852
v -0.0559 0.1630 0.0828
v -0.0529 0.1742 -0.0792
v -0.0503 0.1842 -0.0759
v -0.0480 0.1796 0.0816
v -0.0550 0.1835 -0.0711
v -0.0541 0.1866 0.0730
v -0.0540 0.1916 0.0699
v -0.0542 0.1963 -0.0622
v -0.0592 0.1901 0.0649
v -0.0524 0.1988 -0.0625
v -0.0526 0.1981 0.0665
v -0.0521 0.2067 -0.0557
v -0.0544 0.2037 0.0586
v -0.0527 0.2061 0.0586
v -0.0512 0.2095 -0.0541
v -0.0548 0.2119 -0.0465
v -0.0533 0.2246 0.0271
v -0.0512 0.2218 0.0380
v -0.0515 0.2234 -0.0376
v -0.0559 0.2295 -0.0125
v -0.0477 0.2341 0.0172
v -0.0505 -0.1366 -0.0313
v -0.0462 -0.1454 -0.0248
v -0.0479 -0.1359 -0.0429
v -0.0483 -0.1384 -0.0378
v -0.0506 -0.1364 -0.0300
v -0.0496 -0.1386 -0.0202
v -0.0499 -0.1332 -0.0099
v -0.0478 -0.1348 -0.0064
v -0.0509 -0.1235 -0.0487
v -0.0513 -0.1271 -0.0442
v -0.0484 -0.1263 0.0012
v -0.0481 -0.1220 -0.0542
v -0.0476 -0.1192 0.0084
v -0.0482 -0.1145 -0.0583
v -0.0484 -0.1066 -0.0616
v -0.0511 -0.1130 0.0069
v -0.0483 -0.0996 0.0204
v -0.0475 -0.0878 -0.0687
v -0.0491 -0.0873 -0.0664
v -0.0489 -0.0804 -0.0679
v -0.0473 -0.0781 0.0342
v -0.0500 -0.0705 0.0352
v -0.0493 -0.0628 -0.0697
v -0.0468 -0.0484 -0.0753
v -0.0492 -0.0541 0.0486
v -0.0489 -0.0461 0.0567
v -0.0495 -0.0383 -0.0753
v -0.0499 -0.0398 0.0618
v -0.0497 -0.0358 0.0660
v -0.0471 -0.0379 -0.0778
v -0.0477 -0.0312 0.0717
v -0.0471 -0.0208 -0.0836
v -0.0528 -0.0086 -0.0824
v -0.0490 -0.0067 -0.0866
v -0.0531 -0.0095 0.0803
v -0.0458 -0.0028 0.0887
v -0.0523 0.0047 -0.0898
v -0.0475 0.0069 -0.0940
v -0.0511 0.0130 -0.0961
v -0.0478 0.0158 -0.0988
v -0.0478 0.0209 -0.1015
v -0.0492 0.0235 0.0944
v -0.0505 0.0359 0.0974
v -0.0449 0.0406 0.1025
v -0.0439 0.0482 0.1052
v -0.0489 0.0568 0.1037
v -0.0498 0.0719 -0.1101
v -0.0473 0.0841 -0.0901
v -0.0468 0.0854 0.1056
v -0.0516 0.0920 0.1020
v -0.0490 0.1004 -0.0773
v -0.0487 0.1065 0.1023
v -0.0469 0.1137 -0.0826
v -0.0510 0.1128 0.0999
v -0.0525 0.1275 -0.0978
v -0.0475 0.1285 -0.1013
v -0.0494 0.1408 -0.0968
v -0.0506 0.1558 -0.0902
v -0.0490 0.1553 0.0910
v -0.0475 0.1612 -0.0902
v -0.0514 0.1659 0.0851
v -0.0535 0.1734 0.0803
v -0.0482 0.1889 -0.0747
v -0.0491 0.1885 0.0764
v -0.0482 0.1936 -0.0716
v -0.0480 0.1986 -0.0681
v -0.0507 0.2024 0.0653
v -0.0475 0.1995 0.0708
v -0.0481 0.2038 -0.0636
v -0.0471 0.2064 0.0656
v -0.0516 0.2108 0.0550
v -0.0491 0.2098 -0.0567
v -0.0491 0.2174 0.0495
v -0.0466 0.2170 0.0541
v -0.0466 0.2169 -0.0523
v -0.0486 0.2244 -0.0402
v -0.0485 0.2274 0.0326
v -0.0485 0.2244 0.0386
v -0.0473 0.2231 0.0435
v -0.0476 0.2282 -0.0359
v -0.0497 0.2353 -0.0006
v -0.0459 0.2332 0.0245
v -0.0439 -0.1486 -0.0203
v -0.0443 -0.1471 -0.0340
v -0.0448 -0.1441 -0.0110
v -0.0443 -0.1431 -0.0423
v -0.0471 -0.1409 -0.0373
v -0.0449 -0.1378 -0.0025
v -0.0438 -0.1388 -0.0487
v -0.0442 -0.1329 -0.0530
v -0.0446 -0.1269 0.0077
v -0.0446 -0.1251 -0.0576
v -0.0442 -0.1201 0.0133
v -0.0440 -0.1136 0.0176
v -0.0448 -0.1110 -0.0645
v -0.0448 -0.1005 -0.0686
v -0.0446 -0.0978 -0.0697
v -0.0449 -0.0962 0.0270
v -0.0410 -0.0868 -0.0766
v -0.0461 -0.0936 0.0272
v -0.0464 -0.0886 0.0295
v -0.0422 -0.0883 0.0347
v -0.0419 -0.0822 -0.0763
v -0.0461 -0.0772 -0.0723
v -0.0444 -0.0766 0.0385
v -0.0449 -0.0689 0.0426
v -0.0442 -0.0641 0.0464
v -0.0445 -0.0625 -0.0756
v -0.0452 -0.0560 0.0515
v -0.0439 -0.0487 0.0591
v -0.0435 -0.0304 0.0756
v -0.0471 -0.0282 0.0745
v -0.0491 -0.0242 0.0757
v -0.0484 0.0057 0.0896
v -0.0393 -0.0043 0.0927
v -0.0415 0.0094 0.0954
v -0.0429 0.0100 -0.0975
v -0.0496 0.0414 -0.1100
v -0.0370 0.0413 -0.1110
v -0.0391 0.0721 -0.1131
v -0.0426 0.0837 -0.0915
v -0.0452 0.0899 -0.0818
v -0.0372 0.0988 -0.0780
v -0.0443 0.0973 0.1059
v -0.0444 0.1063 -0.0782
v -0.0515 0.1235 -0.0987
v -0.0429 0.1243 -0.1040
v -0.0440 0.1210 -0.0946
v -0.0469 0.1252 0.1011
v -0.0468 0.1335 0.0995
v -0.0483 0.1473 0.0945
v -0.0432 0.1528 -0.0968
v -0.0433 0.1603 -0.0934
v -0.0487 0.1656 0.0871
v -0.0483 0.1715 -0.0847
v -0.0438 0.1669 0.0898
v -0.0420 0.1795 -0.0854
v -0.0467 0.1772 -0.0830
v -0.0444 0.1843 0.0819
v -0.0443 0.1912 -0.0772
v -0.0500 0.1953 0.0715
v -0.0422 0.2017 0.0740
v -0.0448 0.2000 -0.0706
v -0.0446 0.2063 -0.0656
v -0.0444 0.2064 0.0683
v -0.0461 0.2121 -0.0581
v -0.0461 0.2100 0.0631
v -0.0442 0.2109 -0.0615
v -0.0446 0.2149 0.0593
v -0.0428 0.2241 0.0488
v -0.0446 0.2241 -0.0459
v -0.0389 0.2305 0.0439
v -0.0449 0.2318 -0.0334
v -0.0481 0.2342 -0.0225
v -0.0452 0.2361 -0.0224
v -0.0476 0.2368 -0.0101
v -0.0461 0.2379 0.0037
v -0.0393 -0.1541 -0.0338
v -0.0409 -0.1533 -0.0238
v -0.0403 -0.1527 -0.0154
v -0.0402 -0.1486 -0.0438
v -0.0408 -0.1510 -0.0375
v -0.0402 -0.1507 -0.0103
v -0.0406 -0.1460 -0.0028
v -0.0407 -0.1453 -0.0475
v -0.0420 -0.1404 0.0008
v -0.0384 -0.1398 -0.0565
v -0.0415 -0.1323 -0.0575
v -0.0403 -0.1351 0.0086
v -0.0400 -0.1263 0.0153
v -0.0405 -0.1259 -0.0624
v -0.0405 -0.1219 0.0172
v -0.0396 -0.1179 -0.0672
v -0.0442 -0.1057 0.0221
v -0.0385 -0.1063 0.0283
v -0.0414 -0.0956 0.0315
v -0.0429 -0.0738 0.0420
v -0.0401 -0.0747 -0.0792
v -0.0387 -0.0693 -0.0807
v -0.0451 -0.0659 0.0444
v -0.0472 -0.0585 0.0473
v -0.0401 -0.0562 0.0562
v -0.0438 -0.0426 0.0649
v -0.0412 -0.0479 -0.0806
v -0.0381 -0.0381 -0.0853
v -0.0396 -0.0402 0.0703
v -0.0418 -0.0321 -0.0843
v -0.0400 -0.0175 -0.0899
v -0.0455 -0.0153 0.0836
v -0.0382 -0.0106 -0.0929
v -0.0439 -0.0034 -0.0916
v -0.0401 -0.0003 -0.0947
v -0.0368 0.0036 -0.0974
v -0.0374 0.0099 -0.0993
v -0.0366 0.0300 -0.1072
v -0.0432 0.0335 0.1013
v -0.0464 0.0527 0.1047
v -0.0371 0.0533 -0.1135
v -0.0435 0.0545 0.1068
v -0.0471 0.0633 0.1058
v -0.0452 0.0688 0.1074
v -0.0368 0.0693 0.1122
v -0.0422 0.0768 0.1091
v -0.0423 0.0780 -0.1104
v -0.0417 0.0829 0.1088
v -0.0367 0.0849 -0.0911
v -0.0376 0.0950 0.1099
v -0.0407 0.1008 -0.0775
v -0.0403 0.1034 0.1075
v -0.0400 0.1122 -0.0819
v -0.0306 0.1205 -0.1014
v -0.0428 0.1228 0.1042
v -0.0416 0.1334 0.1033
v -0.0438 0.1426 0.0993
v -0.0403 0.1439 -0.1016
v -0.0399 0.1537 0.0977
v -0.0427 0.1762 0.0866
v -0.0363 0.1889 -0.0848
v -0.0431 0.1892 0.0806
v -0.0396 0.1931 -0.0802
v -0.0421 0.1955 0.0780
v -0.0405 0.2044 -0.0715
v -0.0410 0.2081 0.0698
v -0.0400 0.2141 -0.0631
v -0.0423 0.2214 -0.0521
v -0.0390 0.2300 0.0440
v -0.0403 0.2272 0.0470
v -0.0390 0.2293 -0.0452
v -0.0417 0.2347 0.0299
v -0.0417 0.2398 -0.0177
v -0.0404 0.2377 0.0250
v -0.0411 0.2419 -0.0050
v -0.0360 0.2447 0.0083
v -0.0336 -0.1610 -0.0297
v -0.0356 -0.1589 -0.0194
v -0.0350 -0.1538 -0.0464
v -0.0346 -0.1573 -0.0087
v -0.0345 -0.1457 -0.0566
v -0.0353 -0.1463 0.0061
v -0.0358 -0.1425 0.0092
v -0.0397 -0.1331 0.0110
v -0.0360 -0.1326 -0.0638
v -0.0361 -0.1283 0.0189
v -0.0366 -0.1177 -0.0702
v -0.0365 -0.1091 -0.0738
v -0.0342 -0.1017 0.0348
v -0.0380 -0.0966 -0.0769
v -0.0364 -0.0895 0.0394
v -0.0440 -0.0785 0.0383
v -0.0340 -0.0759 0.0487
v -0.0357 -0.0714 0.0496
v -0.0387 -0.0586 -0.0816
v -0.0391 -0.0533 0.0593
v -0.0351 -0.0451 -0.0856
v -0.0328 -0.0526 0.0644
v -0.0411 -0.0376 0.0717
v -0.0397 -0.0221 -0.0887
v -0.0395 -0.0232 0.0833
v -0.0374 -0.0163 0.0883
v -0.0357 -0.0123 0.0912
v -0.0349 -0.0040 -0.0961
v -0.0402 0.0165 -0.1010
v -0.0359 0.0082 0.0984
v -0.0347 0.0208 -0.1041
v -0.0404 0.0216 0.0995
v -0.0353 0.0262 0.1037
v -0.0353 0.0348 0.1063
v -0.0407 0.0625 -0.1135
v -0.0340 0.0728 -0.1145
v -0.0387 0.0788 -0.1100
v -0.0366 0.0823 -0.0985
v -0.0374 0.0881 -0.0859
v -0.0391 0.1133 0.1074
v -0.0359 0.1106 -0.0829
v -0.0392 0.1173 -0.0882
v -0.0394 0.1247 -0.1063
v -0.0360 0.1321 -0.1071
v -0.0358 0.1391 0.1053
v -0.0327 0.1428 0.1059
v -0.0344 0.1496 -0.1024
v -0.0384 0.1553 0.0980
v -0.0393 0.1682 -0.0923
v -0.0436 0.1604 0.0927
v -0.0360 0.1690 0.0936
v -0.0397 0.1816 0.0862
v -0.0305 0.1872 -0.0888
v -0.0369 0.1855 0.0862
v -0.0330 0.2013 0.0804
v -0.0359 0.2025 0.0779
v -0.0383 0.2083 -0.0702
v -0.0368 0.2145 -0.0657
v -0.0384 0.2126 0.0678
v -0.0366 0.2185 -0.0616
v -0.0379 0.2203 0.0595
v -0.0337 0.2221 -0.0604
v -0.0318 0.2324 -0.0481
v -0.0399 0.2342 -0.0360
v -0.0392 0.2385 -0.0273
v -0.0374 0.2430 -0.0154
v -0.0308 0.2466 0.0179
v -0.0353 0.2426 0.0215
v -0.0334 -0.1609 -0.0280
v -0.0311 -0.1618 -0.0143
v -0.0325 -0.1567 -0.0456
v -0.0324 -0.1582 -0.0067
v -0.0363 -0.1497 0.0005
v -0.0308 -0.1498 -0.0569
v -0.0332 -0.1469 0.0086
v -0.0324 -0.1358 0.0184
v -0.0280 -0.1354 -0.0695
v -0.0360 -0.1229 0.0220
v -0.0304 -0.1292 -0.0704
v -0.0388 -0.1141 0.0237
v -0.0316 -0.1114 0.0317
v -0.0382 -0.1055 -0.0739
v -0.0292 -0.1092 0.0345
v -0.0353 -0.0966 0.0365
v -0.0331 -0.0897 -0.0824
v -0.0381 -0.0838 0.0411
v -0.0318 -0.0743 0.0506
v -0.0339 -0.0763 -0.0839
v -0.0329 -0.0631 -0.0852
v -0.0371 -0.0612 0.0550
v -0.0315 -0.0534 -0.0867
v -0.0341 -0.0556 0.0612
v -0.0352 -0.0450 0.0692
v -0.0342 -0.0355 0.0777
v -0.0335 -0.0249 0.0857
v -0.0382 -0.0121 0.0901
v -0.0302 -0.0096 -0.0967
v -0.0382 0.0033 0.0957
v -0.0293 0.0265 -0.1072
v -0.0354 0.0488 0.1101
v -0.0359 0.0585 0.1117
v -0.0136 0.0583 -0.1171
v -0.0260 0.0624 -0.1159
v -0.0322 0.0656 0.1140
v -0.0316 0.0794 -0.1143
v -0.0323 0.0824 -0.1025
v -0.0300 0.0900 -0.0889
v -0.0333 0.0935 -0.0832
v -0.0324 0.0964 -0.0826
v -0.0308 0.1071 0.1122
v -0.0310 0.1223 0.1110
v -0.0346 0.1272 0.1085
v -0.0349 0.1347 -0.1066
v -0.0315 0.1422 -0.1059
v -0.0379 0.1464 0.1018
v -0.0320 0.1719 -0.0944
v -0.0344 0.1747 0.0921
v -0.0363 0.1924 0.0835
v -0.0270 0.1973 -0.0855
v -0.0360 0.1968 -0.0808
v -0.0336 0.1970 0.0825
v -0.0264 0.1956 0.0870
v -0.0339 0.2083 -0.0742
v -0.0348 0.2065 0.0758
v -0.0327 0.2121 -0.0715
v -0.0379 0.2153 0.0657
v -0.0368 0.2226 0.0576
v -0.0324 0.2222 -0.0611
v -0.0297 0.2282 -0.0559
v -0.0309 0.2275 0.0557
v -0.0329 0.2364 -0.0402
v -0.0375 0.2350 0.0369
v -0.0324 0.2425 -0.0273
v -0.0302 0.2417 0.0334
v -0.0319 0.2442 -0.0228
v -0.0320 0.2471 -0.0061
v -0.0271 0.2504 -0.0003
v -0.0240 0.2516 0.0113
v -0.0295 -0.1641 -0.0234
v -0.0285 -0.1639 -0.0142
v -0.0267 -0.1631 -0.0403
v -0.0272 -0.1644 -0.0111
v -0.0303 -0.1563 -0.0491
v -0.0285 -0.1592 -0.0464
v -0.0329 -0.1558 -0.0024
v -0.0279 -0.1579 0.0014
v -0.0286 -0.1535 -0.0549
v -0.0308 -0.1525 0.0057
v -0.0283 -0.1507 0.0105
v -0.0310 -0.1425 -0.0628
v -0.0294 -0.1449 0.0149
v -0.0285 -0.1401 -0.0663
v -0.0306 -0.1404 0.0172
v -0.0337 -0.1327 0.0192
v -0.0289 -0.1298 0.0252
v -0.0279 -0.1258 -0.0736
v -0.0300 -0.1251 0.0266
v -0.0262 -0.1187 0.0324
v -0.0282 -0.1128 -0.0787
v -0.0320 -0.1021 -0.0798
v -0.0334 -0.0929 -0.0819
v -0.0248 -0.1041 0.0394
v -0.0303 -0.0937 0.0414
v -0.0303 -0.0776 -0.0863
v -0.0313 -0.0827 0.0465
v -0.0212 -0.0711 -0.0897
v -0.0286 -0.0759 0.0515
v -0.0310 -0.0655 0.0563
v -0.0253 -0.0686 -0.0890
v -0.0284 -0.0630 -0.0878
v -0.0286 -0.0611 0.0607
v -0.0205 -0.0522 -0.0920
v -0.0297 -0.0388 0.0777
v -0.0251 -0.0460 0.0742
v -0.0282 -0.0391 -0.0906
v -0.0287 -0.0349 -0.0912
v -0.0286 -0.0338 0.0820
v -0.0373 -0.0286 0.0811
v -0.0252 -0.0254 0.0893
v -0.0304 -0.0216 -0.0937
v -0.0300 -0.0162 0.0923
v -0.0304 -0.0091 0.0955
v -0.0277 -0.0038 -0.0988
v -0.0320 0.0133 -0.1021
v -0.0304 0.0128 0.1026
v -0.0249 0.0287 0.1096
v -0.0323 0.0297 0.1063
v -0.0269 0.0407 -0.1120
v -0.0312 0.0457 0.1114
v -0.0302 0.0502 -0.1138
v -0.0318 0.0791 0.1141
v -0.0268 0.0843 -0.1060
v -0.0290 0.0853 -0.0980
v -0.0360 0.0852 0.1116
v -0.0270 0.0826 0.1156
v -0.0286 0.1000 -0.0844
v -0.0311 0.0984 0.1127
v -0.0278 0.1073 -0.0867
v -0.0338 0.1188 -0.0940
v -0.0343 0.1245 0.1091
v -0.0284 0.1228 -0.1102
v -0.0325 0.1232 -0.1078
v -0.0240 0.1297 -0.1111
v -0.0305 0.1317 0.1097
v -0.0316 0.1344 0.1088
v -0.0347 0.1521 -0.1014
v -0.0305 0.1518 0.1038
v -0.0324 0.1626 0.0982
v -0.0269 0.1591 0.1024
v -0.0293 0.1825 -0.0914
v -0.0317 0.1830 0.0902
v -0.0276 0.2025 0.0822
v -0.0281 0.2099 -0.0765
v -0.0286 0.2111 0.0752
v -0.0236 0.2085 0.0796
v -0.0299 0.2158 -0.0699
v -0.0284 0.2134 0.0733
v -0.0286 0.2191 0.0673
v -0.0254 0.2185 0.0695
v -0.0286 0.2200 0.0665
v -0.0303 0.2303 0.0524
v -0.0280 0.2381 -0.0422
v -0.0285 0.2429 -0.0318
v -0.0266 0.2504 0.0068
v -0.0227 -0.1682 -0.0199
v -0.0230 -0.1642 -0.0040
v -0.0199 -0.1626 -0.0508
v -0.0251 -0.1606 0.0009
v -0.0226 -0.1589 -0.0537
v -0.0266 -0.1562 0.0059
v -0.0226 -0.1533 -0.0605
v -0.0232 -0.1527 0.0133
v -0.0245 -0.1494 -0.0626
v -0.0265 -0.1473 0.0158
v -0.0243 -0.1453 -0.0660
v -0.0253 -0.1244 -0.0758
v -0.0262 -0.1326 0.0261
v -0.0237 -0.1116 -0.0811
v -0.0242 -0.1078 -0.0823
v -0.0220 -0.1077 -0.0814
v -0.0243 -0.1000 -0.0838
v -0.0288 -0.0920 0.0432
v -0.0224 -0.0938 -0.0857
v -0.0251 -0.0916 -0.0864
v -0.0243 -0.0840 -0.0872
v -0.0211 -0.0771 -0.0869
v -0.0236 -0.0574 -0.0904
v -0.0229 -0.0578 0.0658
v -0.0189 -0.0427 -0.0937
v -0.0240 -0.0282 -0.0944
v -0.0185 -0.0310 -0.0955
v -0.0224 -0.0182 0.0943
v -0.0251 -0.0131 -0.0975
v -0.0203 -0.0029 -0.1009
v -0.0267 -0.0062 0.0982
v -0.0244 0.0076 -0.1026
v -0.0234 0.0132 0.1059
v -0.0229 0.0173 -0.1058
v -0.0154 0.0218 -0.1089
v -0.0276 0.0348 0.1100
v -0.0243 0.0358 -0.1110
v -0.0279 0.0385 0.1109
v -0.0201 0.0487 -0.1148
v -0.0214 0.0501 0.1158
v -0.0228 0.0852 -0.1151
v -0.0246 0.0886 -0.0983
v -0.0234 0.0947 -0.0928
v -0.0246 0.1012 -0.0889
v -0.0236 0.1095 -0.0932
v -0.0302 0.1140 -0.0895
v -0.0267 0.1111 0.1136
v -0.0258 0.1156 -0.0977
v -0.0244 0.1431 -0.1078
v -0.0247 0.1422 0.1094
v -0.0203 0.1561 0.1063
v -0.0196 0.1503 -0.1065
v -0.0253 0.1568 -0.1030
v -0.0197 0.1682 -0.1004
v -0.0258 0.1676 -0.0987
v -0.0276 0.1790 0.0939
v -0.0254 0.1947 -0.0876
v -0.0184 0.1975 0.0888
v -0.0315 0.2025 -0.0801
v -0.0272 0.2039 0.0815
v -0.0235 0.2079 -0.0802
v -0.0231 0.2032 0.0837
v -0.0242 0.2142 -0.0747
v -0.0174 0.2149 -0.0769
v -0.0278 0.2176 -0.0697
v -0.0244 0.2222 -0.0667
v -0.0252 0.2258 0.0613
v -0.0231 0.2324 -0.0552
v -0.0201 0.2397 0.0459
v -0.0242 0.2370 -0.0476
v -0.0291 0.2369 0.0431
v -0.0264 0.2430 0.0352
v -0.0228 0.2461 -0.0304
v -0.0259 0.2474 -0.0220
v -0.0273 0.2496 -0.0065
v -0.0241 -0.1671 -0.0303
v -0.0208 -0.1601 0.0060
v -0.0199 -0.1564 -0.0587
v -0.0214 -0.1563 0.0106
v -0.0216 -0.1456 -0.0674
v -0.0189 -0.1478 0.0209
v -0.0220 -0.1443 0.0217
v -0.0181 -0.1293 -0.0770
v -0.0203 -0.1240 -0.0782
v -0.0203 -0.1321 0.0300
v -0.0180 -0.1234 -0.0774
v -0.0202 -0.1093 -0.0788
v -0.0230 -0.1079 0.0385
v -0.0212 -0.0990 -0.0815
v -0.0202 -0.1015 -0.0782
v -0.0203 -0.0935 0.0458
v -0.0206 -0.0929 0.0461
v -0.0221 -0.0801 0.0519
v -0.0167 -0.0754 0.0563
v -0.0208 -0.0655 -0.0906
v -0.0239 -0.0660 0.0596
v -0.0249 -0.0518 0.0695
v -0.0206 -0.0467 0.0757
v -0.0226 -0.0333 0.0851
v -0.0168 -0.0185 0.0958
v -0.0211 -0.0102 0.0985
v -0.0284 0.0013 0.1003
v -0.0259 0.0042 0.1023
v -0.0229 0.0033 -0.1019
v -0.0160 0.0131 0.1086
v -0.0169 0.0386 -0.1131
v -0.0221 0.0661 0.1172
v -0.0174 0.0754 -0.1178
v -0.0171 0.0799 -0.1177
v -0.0204 0.0907 -0.1048
v -0.0198 0.0962 -0.0986
v -0.0196 0.1062 -0.0980
v -0.0207 0.1038 -0.0948
v -0.0205 0.1121 -0.1027
v -0.0208 0.1080 0.1160
v -0.0199 0.1151 -0.1122
v -0.0252 0.1253 0.1130
v -0.0216 0.1300 0.1133
v -0.0217 0.1372 0.1117
v -0.0183 0.1458 0.1102
v -0.0219 0.1774 0.0972
v -0.0218 0.1817 -0.0947
v -0.0233 0.1837 0.0939
v -0.0180 0.1857 0.0950
v -0.0177 0.2014 -0.0864
v -0.0182 0.2125 0.0779
v -0.0197 0.2160 0.0742
v -0.0196 0.2235 -0.0679
v -0.0139 0.2246 0.0670
v -0.0247 0.2257 -0.0627
v -0.0269 0.2343 0.0491
v -0.0204 0.2389 -0.0476
v -0.0205 0.2421 -0.0415
v -0.0171 0.2447 0.0402
v -0.0184 0.2433 -0.0413
v -0.0205 0.2483 0.0309
v -0.0181 0.2510 -0.0199
v -0.0228 0.2509 -0.0118
v -0.0165 -0.1683 -0.0405
v -0.0160 -0.1681 -0.0056
v -0.0161 -0.1639 -0.0503
v -0.0171 -0.1641 0.0025
v -0.0168 -0.1541 -0.0629
v -0.0157 -0.1534 0.0173
v -0.0137 -0.1512 -0.0668
v -0.0142 -0.1416 0.0275
v -0.0171 -0.1272 0.0337
v -0.0200 -0.1107 0.0388
v -0.0164 -0.1124 -0.0683
v -0.0147 -0.1128 -0.0642
v -0.0185 -0.0915 -0.0700
v -0.0167 -0.0970 -0.0644
v -0.0197 -0.0869 0.0493
v -0.0175 -0.0865 -0.0662
v -0.0201 -0.0762 -0.0828
v -0.0201 -0.0696 -0.0898
v -0.0178 -0.0736 -0.0703
v -0.0159 -0.0550 -0.0774
v -0.0163 -0.0636 -0.0707
v -0.0122 -0.0659 0.0635
v -0.0202 -0.0629 -0.0905
v -0.0184 -0.0627 0.0642
v -0.0170 -0.0592 0.0672
v -0.0138 -0.0549 0.0717
v -0.0160 -0.0451 -0.0939
v -0.0173 -0.0441 0.0794
v -0.0150 -0.0454 -0.0932
v -0.0156 -0.0397 0.0832
v -0.0069 -0.0315 -0.0971
v -0.0128 -0.0294 0.0907
v -0.0115 -0.0052 -0.1016
v -0.0142 0.0003 -0.1027
v -0.0157 -0.0046 0.1023
v -0.0065 0.0063 -0.1055
v -0.0163 0.0140 -0.1065
v -0.0245 0.0331 -0.1101
v -0.0079 0.0277 -0.1121
v -0.0166 0.0348 0.1139
v -0.0176 0.0443 0.1156
v -0.0076 0.0421 -0.1153
v -0.0222 0.0649 0.1173
v -0.0188 0.0664 0.1181
v -0.0248 0.0730 0.1167
v -0.0184 0.0791 0.1181
v -0.0183 0.0864 0.1180
v -0.0127 0.0980 0.1188
v -0.0172 0.1018 -0.1033
v -0.0145 0.1016 -0.1147
v -0.0173 0.1152 -0.1147
v -0.0219 0.1180 -0.1131
v -0.0180 0.1391 -0.1100
v -0.0106 0.1567 -0.1061
v -0.0144 0.1615 0.1059
v -0.0183 0.1602 0.1053
v -0.0206 0.1682 0.1014
v -0.0131 0.1772 -0.0989
v -0.0162 0.1817 0.0975
v -0.0235 0.1888 0.0916
v -0.0150 0.2005 0.0878
v -0.0136 0.2063 -0.0840
v -0.0169 0.2174 0.0737
v -0.0147 0.2251 0.0661
v -0.0183 0.2307 0.0584
v -0.0150 0.2362 0.0531
v -0.0121 0.2409 0.0483
v -0.0168 0.2485 -0.0300
v -0.0153 0.2528 -0.0160
v -0.0202 0.2516 0.0215
v -0.0133 -0.1718 -0.0254
v -0.0087 -0.1689 -0.0440
v -0.0126 -0.1712 -0.0125
v -0.0124 -0.1682 -0.0027
v -0.0110 -0.1649 -0.0513
v -0.0137 -0.1602 0.0104
v -0.0137 -0.1588 0.0124
v -0.0080 -0.1521 0.0207
v -0.0125 -0.1487 0.0226
v -0.0125 -0.1414 -0.0737
v -0.0126 -0.1363 -0.0751
v -0.0124 -0.1377 0.0302
v -0.0148 -0.1285 -0.0741
v -0.0119 -0.1272 -0.0677
v -0.0117 -0.1188 0.0386
v -0.0122 -0.1166 -0.0615
v -0.0121 -0.1088 -0.0578
v -0.0036 -0.1230 0.0390
v -0.0136 -0.1002 -0.0575
v -0.0152 -0.0831 -0.0599
v -0.0116 -0.0824 -0.0534
v -0.0113 -0.0853 0.0516
v -0.0114 -0.0792 -0.0532
v -0.0109 -0.0712 -0.0547
v -0.0131 -0.0732 0.0583
v -0.0147 -0.0689 -0.0624
v -0.0133 -0.0566 -0.0681
v -0.0103 -0.0568 -0.0618
v -0.0144 -0.0523 -0.0767
v -0.0125 -0.0355 -0.0958
v -0.0061 -0.0427 0.0837
v -0.0091 -0.0365 -0.0953
v -0.0179 -0.0174 -0.0981
v -0.0124 -0.0165 0.0975
v -0.0088 -0.0143 -0.0998
v -0.0167 0.0069 0.1062
v -0.0091 0.0150 -0.1081
v -0.0125 0.0228 -0.1099
v -0.0007 0.0428 -0.1160
v -0.0179 0.0551 0.1172
v -0.0087 0.0764 -0.1186
v -0.0180 0.0896 -0.1168
v -0.0078 0.0875 -0.1192
v -0.0132 0.1038 0.1183
v -0.0163 0.1111 -0.1152
v -0.0135 0.1109 0.1176
v -0.0138 0.1275 -0.1132
v -0.0193 0.1299 0.1140
v -0.0183 0.1376 -0.1105
v -0.0056 0.1527 0.1100
v -0.0132 0.1491 0.1102
v -0.0105 0.1696 -0.1021
v -0.0132 0.1852 -0.0956
v -0.0202 0.1904 -0.0915
v -0.0121 0.1986 -0.0892
v -0.0146 0.2069 0.0833
v -0.0106 0.2095 0.0819
v -0.0090 0.2166 0.0759
v -0.0119 0.2202 -0.0733
v -0.0087 0.2225 -0.0719
v -0.0096 0.2296 -0.0647
v -0.0124 0.2304 -0.0629
v -0.0157 0.2339 -0.0575
v -0.0138 0.2322 0.0583
v -0.0176 0.2546 0.0033
v -0.0058 -0.1737 -0.0218
v -0.0093 -0.1722 -0.0147
v -0.0007 -0.1724 -0.0355
v -0.0038 -0.1687 -0.0005
v -0.0099 -0.1640 0.0065
v -0.0059 -0.1591 -0.0607
v -0.0137 -0.1471 -0.0702
v -0.0069 -0.1454 0.0263
v -0.0083 -0.1402 -0.0722
v -0.0110 -0.1287 -0.0672
v -0.0071 -0.1371 0.0321
v -0.0084 -0.1289 -0.0635
v -0.0112 -0.1226 0.0375
v -0.0073 -0.1178 -0.0551
v -0.0141 -0.1061 0.0425
v -0.0069 -0.1028 -0.0495
v -0.0178 -0.0950 0.0460
v -0.0082 -0.0939 -0.0493
v -0.0095 -0.0869 -0.0498
v -0.0072 -0.0604 -0.0555
v -0.0045 -0.0501 -0.0612
v -0.0076 -0.0490 0.0783
v -0.0092 -0.0364 -0.0919
v -0.0085 -0.0469 -0.0688
v -0.0065 -0.0449 0.0819
v -0.0053 -0.0370 -0.0792
v -0.0099 -0.0142 0.0988
v -0.0088 0.0020 0.1059
v -0.0063 0.0085 -0.1062
v -0.0081 0.0309 0.1150
v -0.0087 0.0358 -0.1139
v -0.0080 0.0600 -0.1175
v -0.0072 0.0676 -0.1183
v -0.0073 0.0855 -0.1193
v -0.0133 0.1021 -0.1166
v -0.0102 0.1177 0.1174
v -0.0111 0.1387 0.1133
v -0.0051 0.1590 -0.1061
v -0.0112 0.1737 0.1022
v -0.0041 0.1733 0.1038
v -0.0033 0.1821 -0.0986
v -0.0014 0.1824 0.1000
v -0.0118 0.1926 0.0932
v -0.0051 0.1986 0.0903
v -0.0070 0.2059 -0.0850
v -0.0050 0.2144 0.0781
v -0.0079 0.2276 0.0649
v -0.0070 0.2356 -0.0584
v -0.0105 0.2394 -0.0524
v -0.0028 0.2358 0.0567
v -0.0111 0.2438 -0.0450
v -0.0092 0.2426 0.0469
v -0.0116 0.2451 -0.0422
v -0.0164 0.2479 0.0355
v -0.0074 0.2482 -0.0375
v -0.0114 0.2491 -0.0330
v -0.0103 0.2525 -0.0230
v -0.0131 0.2523 0.0281
v -0.0105 0.2562 0.0132
v -0.0078 0.2557 0.0212
v -0.0083 -0.1722 -0.0342
v -0.0018 -0.1737 -0.0239
v -0.0024 -0.1661 -0.0515
v -0.0115 -0.1603 -0.0583
v -0.0081 -0.1626 0.0094
v -0.0021 -0.1593 0.0137
v -0.0006 -0.1516 0.0217
v -0.0026 -0.1480 -0.0706
v -0.0049 -0.1282 0.0367
v -0.0063 -0.1108 -0.0512
v -0.0047 -0.1126 0.0420
v 0.0023 -0.1062 -0.0479
v -0.0037 -0.0957 -0.0457
v -0.0097 -0.0944 0.0478
v -0.0070 -0.0757 -0.0493
v -0.0081 -0.0691 -0.0517
v -0.0053 -0.0678 0.0632
v -0.0020 -0.0631 -0.0518
v -0.0055 -0.0620 0.0679
v -0.0048 -0.0471 -0.0650
v -0.0074 -0.0401 -0.0764
v -0.0061 -0.0355 -0.0855
v 0.0000 -0.0387 -0.0728
v -0.0051 -0.0285 -0.0978
v -0.0040 -0.0319 0.0907
v -0.0007 -0.0201 -0.0990
v 0.0034 -0.0102 -0.1007
v -0.0006 -0.0001 0.1051
v -0.0066 0.0040 0.1068
v 0.0001 0.0114 0.1101
v -0.0115 0.0169 0.1108
v -0.0004 0.0187 -0.1104
v -0.0020 0.0238 -0.1118
v 0.0025 0.0283 -0.1134
v -0.0040 0.0343 -0.1142
v -0.0034 0.0403 0.1169
v -0.0028 0.0476 0.1178
v -0.0101 0.0636 -0.1178
v -0.0052 0.1064 -0.1181
v -0.0066 0.1118 0.1188
v 0.0030 0.1110 0.1192
v -0.0021 0.1428 -0.1101
v -0.0044 0.1382 0.1136
v -0.0089 0.1449 -0.1094
v -0.0039 0.1601 -0.1058
v -0.0081 0.1583 0.1081
v -0.0076 0.1650 0.1061
v 0.0004 0.1688 -0.1038
v -0.0026 0.1905 0.0956
v -0.0065 0.1991 -0.0894
v -0.0060 0.2039 0.0866
v -0.0112 0.2138 -0.0792
v -0.0010 0.2147 -0.0786
v -0.0016 0.2188 0.0740
v -0.0040 0.2315 0.0612
v -0.0052 0.2372 -0.0569
v -0.0026 0.2440 0.0467
v -0.0058 0.2482 0.0398
v -0.0057 0.2510 0.0360
v -0.0044 0.2552 -0.0156
v 0.0006 0.2565 -0.0109
v -0.0025 -0.1721 -0.0094
v -0.0000 -0.1713 -0.0385
v 0.0011 -0.1631 -0.0555
v 0.0016 -0.1660 0.0044
v 0.0005 -0.1546 -0.0653
v -0.0006 -0.1333 0.0344
v 0.0021 -0.1244 -0.0560
v -0.0012 -0.1126 -0.0498
v -0.0024 -0.1099 0.0431
v 0.0020 -0.0877 -0.0454
v 0.0013 -0.0847 0.0522
v -0.0017 -0.0734 0.0590
v 0.0032 -0.0717 -0.0478
v -0.0060 -0.0592 0.0703
v -0.0014 -0.0536 0.0756
v -0.0005 -0.0543 -0.0572
v -0.0031 -0.0432 -0.0679
v 0.0015 -0.0433 0.0840
v -0.0034 -0.0359 0.0883
v 0.0043 -0.0330 -0.0946
v 0.0017 -0.0330 -0.0898
v 0.0020 -0.0345 -0.0828
v -0.0009 -0.0273 -0.0982
v -0.0017 -0.0204 0.0962
v 0.0023 -0.0212 -0.0988
v 0.0009 0.0048 -0.1052
v 0.0020 0.0142 -0.1089
v 0.0004 0.0126 0.1104
v 0.0058 0.0172 0.1121
v 0.0023 0.0672 -0.1182
v -0.0051 0.0799 0.1198
v -0.0053 0.0904 0.1201
v 0.0038 0.1077 -0.1184
v 0.0011 0.1101 -0.1181
v -0.0015 0.1203 0.1175
v -0.0049 0.1341 0.1147
v 0.0021 0.1354 0.1140
v 0.0014 0.1599 -0.1062
v 0.0020 0.1676 0.1058
v -0.0023 0.1710 0.1045
v 0.0074 0.1873 -0.0962
v -0.0004 0.1946 -0.0923
v 0.0019 0.1991 0.0900
v 0.0032 0.2048 -0.0855
v -0.0044 0.2157 -0.0778
v 0.0031 0.2149 0.0775
v -0.0016 0.2256 -0.0694
v 0.0026 0.2367 0.0561
v -0.0021 0.2404 -0.0532
v -0.0006 0.2502 -0.0345
v -0.0034 0.2527 -0.0268
v -0.0014 0.2553 0.0248
v -0.0073 0.2574 0.0095
v -0.0072 0.2568 0.0155
v 0.0010 -0.1741 -0.0220
v 0.0042 -0.1693 -0.0439
v 0.0057 -0.1717 -0.0091
v 0.0079 -0.1644 0.0052
v 0.0055 -0.1587 0.0132
v 0.0084 -0.1531 0.0183
v 0.0062 -0.1469 -0.0708
v 0.0043 -0.1405 0.0301
v -0.0028 -0.1376 -0.0652
v 0.0039 -0.1411 -0.0693
v 0.0041 -0.1364 -0.0651
v -0.0012 -0.1314 -0.0597
v 0.0053 -0.1301 -0.0613
v 0.0063 -0.1286 0.0366
v -0.0008 -0.1193 -0.0523
v 0.0090 -0.1148 0.0413
v -0.0040 -0.0983 0.0467
v 0.0078 -0.0920 -0.0475
v -0.0012 -0.0811 -0.0455
v 0.0084 -0.0850 0.0514
v 0.0056 -0.0773 -0.0477
v 0.0015 -0.0627 -0.0518
v 0.0034 -0.0536 -0.0584
v 0.0060 -0.0510 -0.0622
v 0.0055 -0.0472 -0.0655
v 0.0054 -0.0324 -0.0971
v -0.0014 -0.0130 0.0995
v 0.0022 -0.0044 -0.1021
v 0.0100 -0.0069 0.1008
v 0.0084 0.0004 -0.1034
v -0.0073 0.0256 0.1141
v 0.0096 0.0270 0.1143
v 0.0061 0.0316 -0.1141
v 0.0062 0.0391 -0.1154
v 0.0042 0.0534 0.1178
v 0.0020 0.0568 -0.1173
v -0.0007 0.0540 0.1181
v -0.0025 0.0706 0.1193
v 0.0054 0.0840 -0.1194
v -0.0028 0.0871 0.1203
v 0.0063 0.0949 -0.1196
v 0.0027 0.0904 0.1205
v 0.0001 0.0976 0.1203
v 0.0040 0.1175 0.1178
v -0.0020 0.1189 -0.1160
v 0.0038 0.1429 -0.1100
v 0.0112 0.1611 -0.1056
v 0.0018 0.1633 0.1072
v 0.0144 0.1697 -0.1030
v 0.0031 0.1768 0.1024
v 0.0023 0.1826 -0.0985
v 0.0044 0.1880 0.0968
v 0.0059 0.1937 0.0932
v 0.0042 0.2187 -0.0748
v 0.0051 0.2257 0.0673
v 0.0061 0.2241 -0.0698
v -0.0006 0.2294 -0.0659
v 0.0073 0.2301 0.0629
v 0.0056 0.2406 -0.0527
v -0.0003 0.2480 -0.0404
v 0.0016 0.2514 -0.0319
v -0.0005 0.2518 0.0343
v 0.0063 0.2523 -0.0291
v 0.0027 0.2558 -0.0147
v -0.0057 0.2575 -0.0008
v 0.0070 -0.1675 -0.0467
v 0.0099 -0.1690 -0.0042
v 0.0048 -0.1558 -0.0636
v 0.0117 -0.1510 -0.0659
v 0.0105 -0.1511 0.0196
v 0.0067 -0.1475 0.0240
v 0.0059 -0.1434 -0.0710
v 0.0051 -0.1359 0.0329
v 0.0081 -0.1234 -0.0599
v 0.0068 -0.1150 -0.0542
v 0.0092 -0.1128 -0.0556
v 0.0048 -0.0948 0.0476
v 0.0088 -0.0841 -0.0482
v 0.0074 -0.0721 0.0598
v 0.0071 -0.0657 0.0652
v 0.0060 -0.0614 -0.0543
v 0.0079 -0.0570 -0.0591
v 0.0079 -0.0568 0.0729
v 0.0070 -0.0446 -0.0706
v 0.0041 -0.0381 -0.0763
v 0.0070 -0.0378 -0.0828
v 0.0135 -0.0394 -0.0965
v 0.0090 -0.0283 -0.0977
v 0.0046 -0.0276 0.0926
v 0.0122 -0.0180 -0.0984
v 0.0048 -0.0154 0.0978
v 0.0147 -0.0045 -0.1011
v 0.0102 0.0168 -0.1096
v 0.0094 0.0166 0.1111
v 0.0071 0.0203 -0.1110
v 0.0141 0.0218 -0.1110
v 0.0060 0.0274 0.1148
v 0.0108 0.0415 -0.1154
v 0.0094 0.0464 -0.1161
v 0.0036 0.0564 0.1181
v 0.0111 0.0730 -0.1181
v 0.0172 0.0955 -0.1184
v -0.0000 0.1057 -0.1188
v 0.0036 0.1388 -0.1110
v 0.0013 0.1340 0.1144
v 0.0079 0.1470 -0.1089
v 0.0091 0.1411 0.1116
v 0.0041 0.1515 0.1100
v 0.0139 0.1633 -0.1047
v 0.0121 0.1807 -0.0989
v 0.0076 0.1912 0.0945
v 0.0076 0.2033 0.0864
v 0.0082 0.2147 -0.0773
v 0.0058 0.2170 0.0753
v 0.0072 0.2283 -0.0658
v 0.0076 0.2342 -0.0598
v 0.0114 0.2337 0.0584
v 0.0071 0.2400 0.0518
v 0.0137 0.2375 0.0535
v 0.0079 0.2477 0.0410
v 0.0060 0.2454 0.0451
v 0.0069 0.2481 -0.0398
v 0.0058 0.2521 0.0332
v 0.0065 0.2552 -0.0175
v 0.0049 0.2559 0.0226
v 0.0106 0.2564 -0.0074
v 0.0008 0.2581 0.0051
v 0.0079 0.2566 0.0164
v 0.0105 -0.1722 -0.0292
v 0.0102 -0.1720 -0.0148
v 0.0132 -0.1703 -0.0356
v 0.0125 -0.1705 -0.0114
v 0.0120 -0.1639 -0.0507
v 0.0119 -0.1660 0.0000
v 0.0139 -0.1571 0.0118
v 0.0100 -0.1599 0.0100
v 0.0115 -0.1456 0.0243
v 0.0113 -0.1406 -0.0735
v 0.0151 -0.1376 0.0292
v 0.0145 -0.1313 -0.0763
v 0.0118 -0.1315 0.0340
v 0.0110 -0.1282 -0.0671
v 0.0068 -0.1249 0.0381
v 0.0152 -0.1077 0.0420
v 0.0046 -0.1088 0.0435
v 0.0095 -0.1007 -0.0509
v 0.0137 -0.0991 0.0448
v 0.0116 -0.0930 -0.0516
v 0.0052 -0.0778 0.0560
v 0.0116 -0.0712 -0.0546
v 0.0117 -0.0657 0.0646
v 0.0122 -0.0654 -0.0586
v 0.0116 -0.0611 -0.0607
v 0.0110 -0.0510 -0.0698
v 0.0084 -0.0475 0.0806
v 0.0117 -0.0468 -0.0788
v 0.0117 -0.0430 -0.0941
v 0.0111 -0.0436 -0.0843
v 0.0082 -0.0401 0.0858
v 0.0128 -0.0376 0.0863
v 0.0139 -0.0337 0.0882
v 0.0106 -0.0225 0.0939
v 0.0098 -0.0131 0.0981
v 0.0171 -0.0115 -0.0988
v 0.0179 0.0051 -0.1039
v 0.0092 0.0022 0.1051
v 0.0110 0.0187 -0.1102
v 0.0128 0.0318 -0.1138
v 0.0149 0.0378 0.1152
v 0.0071 0.0664 -0.1179
v 0.0131 0.0698 0.1176
v 0.0056 0.0773 0.1193
v 0.0157 0.1028 -0.1181
v 0.0136 0.1089 -0.1178
v 0.0144 0.1103 0.1178
v 0.0181 0.1207 -0.1145
v 0.0098 0.1172 0.1173
v 0.0129 0.1250 -0.1138
v 0.0111 0.1305 0.1138
v 0.0169 0.1426 -0.1088
v 0.0113 0.1468 0.1099
v 0.0043 0.1604 0.1080
v 0.0102 0.1662 0.1054
v 0.0072 0.1738 -0.1021
v 0.0135 0.1872 0.0958
v 0.0108 0.1947 -0.0914
v 0.0086 0.2006 0.0885
v 0.0157 0.2029 0.0852
v 0.0132 0.2209 -0.0708
v 0.0117 0.2316 -0.0612
v 0.0086 0.2442 -0.0467
v 0.0128 0.2450 -0.0439
v 0.0145 0.2429 0.0462
v 0.0156 0.2486 -0.0355
v 0.0107 0.2519 0.0315
v 0.0132 0.2491 0.0367
v 0.0125 0.2558 -0.0095
v 0.0139 0.2523 0.0285
v 0.0136 -0.1717 -0.0250
v 0.0124 -0.1723 -0.0207
v 0.0196 -0.1680 -0.0117
v 0.0157 -0.1666 -0.0038
v 0.0110 -0.1626 -0.0536
v 0.0151 -0.1678 -0.0403
v 0.0156 -0.1625 0.0032
v 0.0180 -0.1535 -0.0607
v 0.0165 -0.1524 -0.0623
v 0.0145 -0.1383 -0.0744
v 0.0154 -0.1326 0.0324
v 0.0151 -0.1269 -0.0757
v 0.0148 -0.1167 -0.0672
v 0.0165 -0.1168 -0.0722
v 0.0162 -0.1096 -0.0662
v 0.0125 -0.1107 -0.0593
v 0.0118 -0.1045 -0.0547
v 0.0161 -0.0950 -0.0588
v 0.0185 -0.0915 0.0462
v 0.0149 -0.0825 0.0515
v 0.0158 -0.0841 -0.0573
v 0.0130 -0.0718 -0.0555
v 0.0179 -0.0753 0.0555
v 0.0153 -0.0661 0.0635
v 0.0159 -0.0652 -0.0666
v 0.0156 -0.0623 -0.0688
v 0.0167 -0.0560 -0.0901
v 0.0148 -0.0541 -0.0789
v 0.0160 -0.0588 -0.0753
v 0.0142 -0.0530 0.0752
v 0.0161 -0.0534 -0.0937
v 0.0154 -0.0467 -0.0950
v 0.0171 -0.0416 0.0830
v 0.0204 -0.0260 -0.0959
v 0.0166 -0.0283 0.0900
v 0.0246 -0.0232 -0.0952
v 0.0200 -0.0008 -0.1013
v 0.0161 0.0011 0.1029
v 0.0133 0.0129 -0.1078
v 0.0081 0.0324 0.1156
v 0.0162 0.0442 -0.1151
v 0.0221 0.0659 -0.1162
v 0.0168 0.0697 -0.1172
v 0.0224 0.0734 -0.1166
v 0.0212 0.0810 -0.1174
v 0.0169 0.0811 -0.1182
v 0.0180 0.0875 -0.1184
v 0.0068 0.1008 0.1202
v 0.0138 0.1052 0.1186
v 0.0203 0.1153 -0.1146
v 0.0159 0.1282 0.1133
v 0.0188 0.1313 -0.1113
v 0.0182 0.1532 0.1067
v 0.0137 0.1572 0.1070
v 0.0156 0.1594 0.1060
v 0.0148 0.1737 0.1019
v 0.0117 0.1773 0.1011
v 0.0172 0.1881 -0.0942
v 0.0158 0.1888 0.0944
v 0.0180 0.1961 0.0892
v 0.0134 0.1993 -0.0879
v 0.0161 0.2083 0.0808
v 0.0147 0.2148 0.0757
v 0.0148 0.2167 -0.0737
v 0.0139 0.2262 -0.0657
v 0.0149 0.2339 -0.0576
v 0.0184 0.2341 -0.0557
v 0.0142 0.2405 -0.0500
v 0.0203 0.2405 0.0469
v 0.0159 0.2452 -0.0417
v 0.0168 0.2476 0.0372
v 0.0163 0.2522 -0.0248
v 0.0150 0.2561 0.0002
v 0.0113 0.2573 0.0001
v 0.0136 0.2538 0.0234
v 0.0242 -0.1661 -0.0323
v 0.0194 -0.1632 -0.0007
v 0.0180 -0.1578 0.0083
v 0.0275 -0.1544 -0.0523
v 0.0199 -0.1576 -0.0543
v 0.0221 -0.1517 0.0124
v 0.0183 -0.1455 0.0212
v 0.0212 -0.1403 0.0239
v 0.0196 -0.1342 -0.0748
v 0.0167 -0.1281 -0.0786
v 0.0200 -0.1273 0.0330
v 0.0149 -0.1212 0.0377
v 0.0204 -0.1146 -0.0825
v 0.0205 -0.1163 0.0374
v 0.0205 -0.1095 -0.0806
v 0.0176 -0.1071 -0.0684
v 0.0183 -0.1033 -0.0679
v 0.0205 -0.1040 -0.0770
v 0.0210 -0.0904 -0.0732
v 0.0179 -0.0952 -0.0634
v 0.0195 -0.0877 -0.0665
v 0.0206 -0.0858 0.0481
v 0.0186 -0.0807 -0.0643
v 0.0199 -0.0782 -0.0706
v 0.0166 -0.0730 -0.0625
v 0.0192 -0.0704 -0.0738
v 0.0179 -0.0716 -0.0677
v 0.0213 -0.0681 0.0600
v 0.0208 -0.0620 0.0655
v 0.0208 -0.0715 -0.0860
v 0.0188 -0.0566 0.0708
v 0.0200 -0.0681 -0.0900
v 0.0228 -0.0459 0.0779
v 0.0195 -0.0316 0.0877
v 0.0183 -0.0152 0.0951
v 0.0188 0.0096 0.1059
v 0.0202 0.0109 -0.1057
v 0.0212 0.0118 -0.1059
v 0.0207 0.0214 0.1098
v 0.0224 0.0251 -0.1105
v 0.0187 0.0236 0.1111
v 0.0173 0.0321 0.1135
v 0.0176 0.0369 -0.1140
v 0.0269 0.0455 -0.1139
v 0.0212 0.0945 0.1176
v 0.0190 0.0969 -0.1060
v 0.0193 0.1049 -0.1018
v 0.0179 0.1070 -0.1138
v 0.0214 0.1122 0.1156
v 0.0227 0.1199 -0.1131
v 0.0199 0.1224 0.1137
v 0.0191 0.1389 0.1098
v 0.0286 0.1334 -0.1086
v 0.0191 0.1539 -0.1059
v 0.0268 0.1502 -0.1050
v 0.0250 0.1680 -0.1008
v 0.0200 0.1694 -0.1018
v 0.0189 0.1706 0.1017
v 0.0214 0.1819 0.0962
v 0.0220 0.2001 0.0852
v 0.0184 0.2052 -0.0821
v 0.0198 0.2087 -0.0787
v 0.0221 0.2118 0.0762
v 0.0184 0.2190 0.0711
v 0.0212 0.2238 -0.0646
v 0.0164 0.2271 0.0640
v 0.0188 0.2293 0.0610
v 0.0210 0.2440 -0.0408
v 0.0175 0.2535 -0.0176
v 0.0147 0.2558 -0.0087
v 0.0139 0.2554 0.0158
v 0.0211 -0.1688 -0.0244
v 0.0213 -0.1642 -0.0423
v 0.0248 -0.1625 -0.0056
v 0.0224 -0.1595 -0.0496
v 0.0240 -0.1564 0.0051
v 0.0207 -0.1489 -0.0634
v 0.0235 -0.1457 0.0174
v 0.0248 -0.1408 -0.0676
v 0.0249 -0.1367 -0.0703
v 0.0234 -0.1332 0.0277
v 0.0199 -0.1394 -0.0715
v 0.0208 -0.1055 0.0405
v 0.0233 -0.1065 -0.0826
v 0.0261 -0.1035 0.0386
v 0.0211 -0.1011 -0.0778
v 0.0240 -0.0887 -0.0847
v 0.0216 -0.0823 -0.0783
v 0.0205 -0.0727 -0.0821
v 0.0246 -0.0724 0.0553
v 0.0234 -0.0558 0.0699
v 0.0198 -0.0548 -0.0931
v 0.0223 -0.0497 0.0752
v 0.0206 -0.0493 -0.0941
v 0.0226 -0.0395 0.0823
v 0.0219 -0.0247 0.0900
v 0.0272 -0.0196 -0.0947
v 0.0217 -0.0035 0.0991
v 0.0256 0.0054 -0.1022
v 0.0258 0.0154 0.1056
v 0.0227 0.0153 0.1068
v 0.0246 0.0251 -0.1101
v 0.0311 0.0429 -0.1131
v 0.0242 0.0500 -0.1147
v 0.0274 0.0609 -0.1151
v 0.0168 0.0555 0.1159
v 0.0244 0.0674 0.1148
v 0.0211 0.0836 0.1170
v 0.0235 0.0854 -0.1156
v 0.0172 0.0852 0.1182
v 0.0255 0.0851 -0.1126
v 0.0202 0.0917 -0.1139
v 0.0230 0.0924 -0.0996
v 0.0222 0.1049 -0.0954
v 0.0279 0.1151 -0.0952
v 0.0258 0.1113 0.1141
v 0.0241 0.1361 0.1089
v 0.0218 0.1343 -0.1100
v 0.0233 0.1496 0.1059
v 0.0235 0.1866 -0.0933
v 0.0283 0.1883 -0.0902
v 0.0216 0.1977 -0.0866
v 0.0288 0.1994 -0.0822
v 0.0261 0.2049 0.0803
v 0.0242 0.2168 0.0711
v 0.0224 0.2139 -0.0731
v 0.0217 0.2195 -0.0684
v 0.0272 0.2182 0.0685
v 0.0241 0.2265 -0.0604
v 0.0270 0.2239 0.0629
v 0.0255 0.2318 -0.0537
v 0.0261 0.2296 0.0570
v 0.0227 0.2358 0.0515
v 0.0214 0.2404 -0.0461
v 0.0200 0.2441 0.0412
v 0.0242 0.2419 0.0415
v 0.0220 0.2483 -0.0310
v 0.0212 0.2481 0.0320
v 0.0213 0.2517 -0.0207
v 0.0190 0.2546 0.0112
v 0.0211 0.2510 0.0239
v 0.0239 0.2521 -0.0138
v 0.0235 0.2530 -0.0029
v 0.0230 0.2527 0.0094
v 0.0269 -0.1642 -0.0140
v 0.0277 -0.1606 -0.0418
v 0.0274 -0.1595 -0.0035
v 0.0296 -0.1518 0.0052
v 0.0314 -0.1466 -0.0572
v 0.0287 -0.1461 -0.0602
v 0.0258 -0.1451 0.0162
v 0.0280 -0.1407 -0.0651
v 0.0271 -0.1321 0.0255
v 0.0312 -0.1288 -0.0704
v 0.0251 -0.1210 -0.0784
v 0.0279 -0.1176 -0.0777
v 0.0252 -0.1242 0.0315
v 0.0262 -0.1161 0.0341
v 0.0261 -0.1073 -0.0816
v 0.0311 -0.1064 -0.0787
v 0.0308 -0.1053 0.0350
v 0.0273 -0.0943 0.0414
v 0.0272 -0.0912 0.0428
v 0.0242 -0.0829 0.0483
v 0.0241 -0.0835 -0.0863
v 0.0322 -0.0739 0.0503
v 0.0256 -0.0681 0.0583
v 0.0278 -0.0657 0.0592
v 0.0251 -0.0685 -0.0887
v 0.0253 -0.0610 -0.0906
v 0.0296 -0.0635 0.0601
v 0.0330 -0.0566 -0.0868
v 0.0306 -0.0453 0.0745
v 0.0287 -0.0375 0.0808
v 0.0265 -0.0437 -0.0922
v 0.0213 -0.0410 -0.0946
v 0.0272 -0.0297 0.0858
v 0.0259 -0.0051 -0.0984
v 0.0279 -0.0117 -0.0961
v 0.0286 -0.0080 0.0948
v 0.0279 -0.0000 -0.0994
v 0.0277 0.0093 0.1023
v 0.0335 0.0323 -0.1104
v 0.0245 0.0349 0.1116
v 0.0203 0.0446 0.1142
v 0.0265 0.0891 -0.0973
v 0.0247 0.0920 -0.0972
v 0.0252 0.0964 -0.0919
v 0.0212 0.0993 0.1171
v 0.0259 0.1022 -0.0888
v 0.0266 0.1089 -0.0902
v 0.0231 0.1134 -0.1015
v 0.0253 0.1210 0.1122
v 0.0342 0.1379 -0.1058
v 0.0280 0.1412 0.1062
v 0.0212 0.1645 0.1029
v 0.0251 0.1735 0.0982
v 0.0221 0.1772 -0.0983
v 0.0297 0.1738 0.0959
v 0.0309 0.1763 -0.0951
v 0.0314 0.1828 -0.0916
v 0.0233 0.1887 0.0919
v 0.0308 0.1818 0.0920
v 0.0277 0.1895 -0.0895
v 0.0307 0.1925 -0.0862
v 0.0314 0.1973 -0.0824
v 0.0290 0.1955 0.0856
v 0.0271 0.2057 -0.0778
v 0.0309 0.2061 -0.0753
v 0.0298 0.2124 -0.0703
v 0.0301 0.2130 0.0720
v 0.0256 0.2238 -0.0619
v 0.0291 0.2325 0.0512
v 0.0267 0.2340 -0.0503
v 0.0286 0.2387 -0.0426
v 0.0287 0.2400 0.0399
v 0.0268 0.2436 -0.0364
v 0.0261 0.2457 -0.0328
v 0.0292 0.2479 -0.0226
v 0.0277 0.2452 0.0298
v 0.0280 0.2494 -0.0184
v 0.0270 0.2510 -0.0121
v 0.0266 0.2517 -0.0047
v 0.0252 0.2522 0.0036
v 0.0261 0.2509 0.0125
v 0.0319 -0.1619 -0.0285
v 0.0243 -0.1670 -0.0202
v 0.0322 -0.1578 -0.0408
v 0.0286 -0.1570 -0.0006
v 0.0297 -0.1488 0.0086
v 0.0318 -0.1427 0.0127
v 0.0269 -0.1396 0.0202
v 0.0330 -0.1371 -0.0637
v 0.0327 -0.1311 -0.0677
v 0.0304 -0.1318 0.0230
v 0.0310 -0.1126 0.0319
v 0.0361 -0.1135 -0.0726
v 0.0269 -0.1038 -0.0822
v 0.0334 -0.0953 0.0372
v 0.0284 -0.0941 -0.0829
v 0.0332 -0.0836 0.0432
v 0.0276 -0.0742 -0.0866
v 0.0313 -0.0704 0.0533
v 0.0343 -0.0626 -0.0845
v 0.0300 -0.0522 0.0694
v 0.0321 -0.0400 -0.0896
v 0.0358 -0.0383 0.0763
v 0.0267 -0.0267 0.0874
v 0.0302 -0.0198 -0.0936
v 0.0346 -0.0035 -0.0958
v 0.0337 -0.0012 0.0954
v 0.0271 0.0046 0.1007
v 0.0318 0.0057 -0.1003
v 0.0313 0.0168 -0.1054
v 0.0318 0.0224 0.1050
v 0.0376 0.0278 -0.1081
v 0.0464 0.0444 -0.1113
v 0.0383 0.0474 0.1074
v 0.0365 0.0547 -0.1138
v 0.0247 0.0490 0.1132
v 0.0321 0.0798 -0.1144
v 0.0341 0.0842 -0.0968
v 0.0307 0.0884 -0.0923
v 0.0303 0.0922 -0.0882
v 0.0340 0.0961 -0.0823
v 0.0288 0.0940 0.1144
v 0.0316 0.1103 -0.0863
v 0.0282 0.1206 -0.1078
v 0.0296 0.1244 -0.1102
v 0.0324 0.1252 -0.1090
v 0.0296 0.1244 0.1097
v 0.0384 0.1277 -0.1067
v 0.0304 0.1398 -0.1065
v 0.0292 0.1597 -0.1017
v 0.0284 0.1559 0.1022
v 0.0333 0.1619 -0.0992
v 0.0283 0.1614 0.1007
v 0.0344 0.1711 -0.0952
v 0.0333 0.1656 0.0969
v 0.0302 0.1915 0.0875
v 0.0317 0.1992 0.0820
v 0.0316 0.2053 0.0777
v 0.0293 0.2199 0.0657
v 0.0318 0.2210 0.0632
v 0.0342 0.2248 -0.0546
v 0.0299 0.2284 -0.0541
v 0.0332 0.2271 0.0550
v 0.0307 0.2339 -0.0470
v 0.0301 0.2350 0.0466
v 0.0317 0.2348 0.0452
v 0.0334 0.2396 -0.0361
v 0.0316 0.2369 0.0416
v 0.0303 0.2419 -0.0357
v 0.0297 0.2440 0.0301
v 0.0316 0.2410 0.0337
v 0.0324 0.2473 0.0109
v 0.0303 0.2482 0.0134
v 0.0299 0.2471 0.0198
v 0.0338 -0.1592 -0.0142
v 0.0356 -0.1576 -0.0331
v 0.0372 -0.1557 -0.0145
v 0.0352 -0.1558 -0.0093
v 0.0352 -0.1505 -0.0484
v 0.0360 -0.1522 -0.0042
v 0.0353 -0.1474 -0.0518
v 0.0360 -0.1496 -0.0005
v 0.0346 -0.1380 -0.0613
v 0.0353 -0.1376 0.0132
v 0.0330 -0.1222 -0.0719
v 0.0358 -0.1256 0.0212
v 0.0383 -0.1232 0.0196
v 0.0322 -0.1188 0.0284
v 0.0346 -0.1066 -0.0760
v 0.0378 -0.1004 -0.0749
v 0.0350 -0.1047 0.0317
v 0.0388 -0.0979 -0.0747
v 0.0356 -0.0957 0.0353
v 0.0348 -0.0958 -0.0784
v 0.0355 -0.0907 0.0378
v 0.0361 -0.0810 0.0426
v 0.0357 -0.0701 -0.0822
v 0.0372 -0.0637 0.0544
v 0.0364 -0.0572 0.0605
v 0.0320 -0.0478 0.0715
v 0.0360 -0.0463 0.0699
v 0.0322 -0.0513 -0.0881
v 0.0344 -0.0304 0.0819
v 0.0362 -0.0322 0.0798
v 0.0353 -0.0207 -0.0911
v 0.0361 -0.0266 -0.0894
v 0.0353 -0.0223 0.0857
v 0.0297 -0.0195 0.0896
v 0.0375 -0.0151 -0.0912
v 0.0334 -0.0143 0.0902
v 0.0381 -0.0095 -0.0924
v 0.0348 0.0030 -0.0981
v 0.0335 0.0084 0.0993
v 0.0347 0.0115 -0.1019
v 0.0413 0.0208 -0.1041
v 0.0375 0.0338 -0.1101
v 0.0378 0.0403 -0.1116
v 0.0308 0.0468 0.1107
v 0.0476 0.0517 -0.1123
v 0.0309 0.0527 0.1115
v 0.0352 0.0639 -0.1142
v 0.0361 0.0756 -0.1136
v 0.0264 0.0886 0.1155
v 0.0334 0.0805 -0.1126
v 0.0329 0.0838 -0.0995
v 0.0373 0.0876 -0.0873
v 0.0345 0.0914 -0.0851
v 0.0376 0.1055 -0.0793
v 0.0366 0.1048 0.1096
v 0.0344 0.1095 -0.0835
v 0.0339 0.1074 0.1108
v 0.0322 0.1156 0.1104
v 0.0376 0.1202 -0.0949
v 0.0343 0.1200 -0.0972
v 0.0361 0.1157 -0.0882
v 0.0354 0.1302 0.1058
v 0.0328 0.1380 0.1051
v 0.0359 0.1453 0.1017
v 0.0393 0.1482 -0.1007
v 0.0380 0.1495 0.0994
v 0.0373 0.1596 -0.0979
v 0.0364 0.1708 -0.0941
v 0.0352 0.1707 0.0940
v 0.0366 0.1802 -0.0896
v 0.0351 0.1805 0.0902
v 0.0376 0.1833 0.0874
v 0.0390 0.1878 -0.0837
v 0.0345 0.1984 0.0812
v 0.0362 0.1939 -0.0815
v 0.0376 0.2017 -0.0745
v 0.0381 0.2073 -0.0690
v 0.0317 0.2133 -0.0683
v 0.0362 0.2090 0.0723
v 0.0370 0.2146 0.0665
v 0.0311 0.2166 -0.0655
v 0.0328 0.2182 -0.0626
v 0.0386 0.2202 0.0589
v 0.0384 0.2202 -0.0560
v 0.0359 0.2269 -0.0509
v 0.0369 0.2319 -0.0438
v 0.0368 0.2305 0.0460
v 0.0350 0.2355 -0.0407
v 0.0357 0.2332 0.0431
v 0.0365 0.2359 0.0366
v 0.0345 0.2391 0.0331
v 0.0337 0.2427 -0.0296
v 0.0340 0.2443 -0.0250
v 0.0357 0.2441 -0.0219
v 0.0359 0.2434 0.0174
v 0.0303 0.2456 0.0243
v 0.0368 0.2440 -0.0195
v 0.0326 0.2478 -0.0136
v 0.0341 0.2472 -0.0102
v 0.0344 0.2472 -0.0060
v 0.0331 0.2480 0.0009
v 0.0341 0.2472 0.0019
v 0.0362 0.2454 0.0057
v 0.0355 -0.1590 -0.0257
v 0.0382 -0.1536 -0.0375
v 0.0400 -0.1466 -0.0032
v 0.0410 -0.1450 -0.0462
v 0.0397 -0.1429 0.0018
v 0.0354 -0.1448 0.0062
v 0.0361 -0.1419 -0.0565
v 0.0403 -0.1429 -0.0499
v 0.0400 -0.1397 0.0046
v 0.0396 -0.1354 -0.0576
v 0.0412 -0.1401 -0.0514
v 0.0391 -0.1379 0.0077
v 0.0376 -0.1316 0.0150
v 0.0416 -0.1297 -0.0588
v 0.0412 -0.1287 -0.0601
v 0.0369 -0.1196 -0.0694
v 0.0425 -0.1204 -0.0628
v 0.0390 -0.1231 -0.0656
v 0.0384 -0.1170 0.0226
v 0.0402 -0.1144 0.0217
v 0.0424 -0.1122 -0.0664
v 0.0402 -0.1063 -0.0711
v 0.0396 -0.1092 0.0251
v 0.0400 -0.1016 -0.0726
v 0.0395 -0.1014 0.0291
v 0.0390 -0.0970 0.0317
v 0.0394 -0.0898 0.0351
v 0.0425 -0.0894 -0.0732
v 0.0418 -0.0807 0.0380
v 0.0370 -0.0791 -0.0798
v 0.0424 -0.0761 -0.0754
v 0.0355 -0.0763 0.0463
v 0.0423 -0.0741 0.0417
v 0.0391 -0.0736 -0.0789
v 0.0400 -0.0705 0.0464
v 0.0418 -0.0625 -0.0782
v 0.0395 -0.0657 0.0505
v 0.0394 -0.0594 -0.0808
v 0.0424 -0.0504 -0.0793
v 0.0382 -0.0527 0.0627
v 0.0403 -0.0509 0.0622
v 0.0346 -0.0528 0.0658
v 0.0381 -0.0441 0.0701
v 0.0385 -0.0397 -0.0851
v 0.0350 -0.0381 -0.0882
v 0.0408 -0.0292 -0.0857
v 0.0418 -0.0293 0.0780
v 0.0400 -0.0260 0.0811
v 0.0358 -0.0135 0.0894
v 0.0393 -0.0042 -0.0935
v 0.0385 -0.0047 0.0918
v 0.0376 -0.0004 0.0938
v 0.0405 0.0011 0.0929
v 0.0386 0.0055 -0.0976
v 0.0400 0.0163 -0.1023
v 0.0349 0.0143 0.1006
v 0.0403 0.0259 -0.1066
v 0.0417 0.0234 -0.1051
v 0.0391 0.0267 0.1020
v 0.0409 0.0319 -0.1087
v 0.0353 0.0314 0.1055
v 0.0323 0.0335 0.1077
v 0.0398 0.0429 0.1057
v 0.0419 0.0565 -0.1132
v 0.0549 0.0566 -0.1112
v 0.0366 0.0619 0.1101
v 0.0387 0.0729 0.1098
v 0.0403 0.0792 -0.1098
v 0.0394 0.0799 -0.1090
v 0.0400 0.0835 -0.0935
v 0.0389 0.0817 0.1098
v 0.0398 0.0906 -0.0826
v 0.0435 0.0950 -0.0789
v 0.0422 0.0994 -0.0778
v 0.0322 0.1003 0.1125
v 0.0412 0.1120 -0.0820
v 0.0415 0.1107 0.1061
v 0.0409 0.1160 -0.0862
v 0.0374 0.1189 0.1072
v 0.0397 0.1187 0.1059
v 0.0409 0.1241 -0.1055
v 0.0467 0.1230 -0.1000
v 0.0432 0.1256 0.1029
v 0.0374 0.1323 -0.1059
v 0.0410 0.1283 -0.1051
v 0.0403 0.1418 -0.1021
v 0.0397 0.1383 0.1018
v 0.0425 0.1438 -0.1003
v 0.0402 0.1392 0.1013
v 0.0396 0.1439 -0.1018
v 0.0402 0.1506 0.0979
v 0.0387 0.1570 -0.0980
v 0.0424 0.1545 -0.0967
v 0.0337 0.1599 0.0985
v 0.0395 0.1637 -0.0949
v 0.0397 0.1668 -0.0936
v 0.0395 0.1635 0.0940
v 0.0412 0.1683 0.0912
v 0.0399 0.1747 -0.0900
v 0.0419 0.1728 0.0891
v 0.0390 0.1843 -0.0857
v 0.0390 0.1849 0.0859
v 0.0414 0.1898 0.0819
v 0.0401 0.1943 -0.0782
v 0.0411 0.1972 0.0779
v 0.0388 0.2034 0.0750
v 0.0404 0.2032 0.0742
v 0.0415 0.2078 0.0697
v 0.0385 0.2111 -0.0651
v 0.0423 0.2104 -0.0625
v 0.0388 0.2169 -0.0591
v 0.0394 0.2136 0.0657
v 0.0364 0.2219 0.0587
v 0.0403 0.2224 0.0543
v 0.0388 0.2271 -0.0479
v 0.0403 0.2285 -0.0446
v 0.0393 0.2310 0.0417
v 0.0389 0.2342 -0.0383
v 0.0396 0.2363 -0.0340
v 0.0365 0.2381 0.0317
v 0.0396 0.2371 0.0276
v 0.0379 0.2397 -0.0297
v 0.0400 0.2401 -0.0248
v 0.0407 0.2381 0.0222
v 0.0396 0.2409 0.0153
v 0.0391 0.2439 -0.0077
v 0.0403 0.2430 -0.0026
v 0.0405 0.2425 0.0031
v 0.0385 0.2430 0.0101
v 0.0392 -0.1555 -0.0254
v 0.0397 -0.1517 -0.0111
v 0.0402 -0.1480 -0.0436
v 0.0429 -0.1502 -0.0185
v 0.0442 -0.1408 -0.0457
v 0.0433 -0.1431 -0.0051
v 0.0441 -0.1400 -0.0032
v 0.0442 -0.1332 0.0033
v 0.0411 -0.1346 0.0074
v 0.0414 -0.1318 -0.0577
v 0.0468 -0.1307 -0.0502
v 0.0436 -0.1283 0.0086
v 0.0444 -0.1331 -0.0526
v 0.0440 -0.1244 0.0108
v 0.0438 -0.1194 0.0143
v 0.0440 -0.1211 -0.0605
v 0.0432 -0.1158 0.0172
v 0.0409 -0.1074 0.0245
v 0.0440 -0.1008 0.0246
v 0.0429 -0.0955 -0.0713
v 0.0422 -0.0927 -0.0726
v 0.0432 -0.0959 0.0282
v 0.0469 -0.0851 -0.0693
v 0.0435 -0.0897 0.0312
v 0.0472 -0.0839 -0.0692
v 0.0437 -0.0685 0.0440
v 0.0440 -0.0658 -0.0753
v 0.0418 -0.0636 0.0499
v 0.0449 -0.0547 0.0539
v 0.0402 -0.0562 0.0579
v 0.0433 -0.0533 0.0570
v 0.0424 -0.0486 0.0623
v 0.0446 -0.0409 -0.0794
v 0.0423 -0.0443 0.0662
v 0.0422 -0.0393 0.0705
v 0.0427 -0.0344 0.0739
v 0.0437 -0.0330 -0.0823
v 0.0440 -0.0192 -0.0861
v 0.0430 -0.0201 0.0826
v 0.0417 -0.0145 -0.0890
v 0.0430 -0.0153 0.0849
v 0.0446 -0.0072 -0.0894
v 0.0414 -0.0056 0.0899
v 0.0432 0.0027 -0.0943
v 0.0464 -0.0042 -0.0896
v 0.0429 0.0106 -0.0983
v 0.0436 0.0078 -0.0965
v 0.0405 0.0142 -0.1011
v 0.0380 0.0212 0.1010
v 0.0468 0.0287 -0.1061
v 0.0457 0.0349 -0.1088
v 0.0436 0.0357 0.1017
v 0.0432 0.0380 -0.1103
v 0.0432 0.0406 0.1032
v 0.0466 0.0479 -0.1119
v 0.0417 0.0475 0.1056
v 0.0430 0.0546 0.1063
v 0.0370 0.0698 0.1105
v 0.0443 0.0713 -0.1121
v 0.0446 0.0785 -0.1098
v 0.0424 0.0818 -0.0973
v 0.0390 0.0877 0.1096
v 0.0417 0.0895 -0.0828
v 0.0377 0.0978 0.1097
v 0.0438 0.0980 0.1060
v 0.0447 0.1043 -0.0774
v 0.0452 0.1167 0.1030
v 0.0440 0.1273 0.1020
v 0.0406 0.1341 0.1024
v 0.0439 0.1330 0.1009
v 0.0458 0.1373 -0.1005
v 0.0440 0.1431 0.0982
v 0.0457 0.1472 -0.0973
v 0.0443 0.1612 -0.0927
v 0.0442 0.1552 0.0941
v 0.0463 0.1572 0.0920
v 0.0448 0.1686 -0.0891
v 0.0410 0.1728 0.0896
v 0.0428 0.1795 -0.0852
v 0.0433 0.1783 0.0858
v 0.0447 0.1762 -0.0853
v 0.0448 0.1862 0.0812
v 0.0448 0.1880 -0.0784
v 0.0457 0.1935 -0.0739
v 0.0402 0.2025 -0.0717
v 0.0436 0.1987 0.0751
v 0.0451 0.2046 -0.0654
v 0.0453 0.2125 -0.0578
v 0.0435 0.2104 0.0655
v 0.0420 0.2149 0.0620
v 0.0458 0.2158 -0.0538
v 0.0426 0.2193 -0.0531
v 0.0440 0.2196 0.0539
v 0.0436 0.2171 0.0577
v 0.0457 0.2196 -0.0497
v 0.0438 0.2227 0.0495
v 0.0431 0.2278 -0.0425
v 0.0471 0.2269 -0.0388
v 0.0407 0.2268 0.0472
v 0.0441 0.2271 0.0412
v 0.0433 0.2316 -0.0368
v 0.0426 0.2305 0.0371
v 0.0438 0.2311 0.0333
v 0.0440 0.2354 0.0217
v 0.0443 0.2355 -0.0280
v 0.0403 0.2422 -0.0165
v 0.0427 0.2392 0.0117
v 0.0429 0.2410 -0.0027
v 0.0435 -0.1487 -0.0338
v 0.0471 -0.1442 -0.0269
v 0.0467 -0.1445 -0.0211
v 0.0444 -0.1465 -0.0142
v 0.0447 -0.1426 -0.0083
v 0.0464 -0.1401 -0.0416
v 0.0453 -0.1459 -0.0336
v 0.0483 -0.1391 -0.0141
v 0.0479 -0.1399 -0.0367
v 0.0506 -0.1287 -0.0439
v 0.0480 -0.1321 -0.0035
v 0.0479 -0.1323 -0.0033
v 0.0481 -0.1243 0.0035
v 0.0479 -0.1231 -0.0535
v 0.0454 -0.1259 0.0071
v 0.0468 -0.1151 -0.0597
v 0.0477 -0.1154 0.0106
v 0.0448 -0.1125 0.0169
v 0.0448 -0.1076 -0.0653
v 0.0461 -0.1014 -0.0661
v 0.0474 -0.0919 -0.0671
v 0.0475 -0.0931 0.0249
v 0.0482 -0.0904 0.0256
v 0.0481 -0.0814 0.0309
v 0.0460 -0.0801 0.0340
v 0.0448 -0.0766 0.0376
v 0.0477 -0.0700 0.0383
v 0.0467 -0.0716 -0.0714
v 0.0469 -0.0641 0.0434
v 0.0485 -0.0569 -0.0712
v 0.0449 -0.0601 0.0492
v 0.0464 -0.0545 -0.0743
v 0.0474 -0.0534 0.0518
v 0.0449 -0.0476 -0.0773
v 0.0479 -0.0478 0.0565
v 0.0462 -0.0483 0.0581
v 0.0463 -0.0493 -0.0753
v 0.0443 -0.0450 0.0635
v 0.0482 -0.0412 0.0626
v 0.0474 -0.0352 -0.0782
v 0.0480 -0.0377 0.0662
v 0.0476 -0.0320 -0.0791
v 0.0477 -0.0316 0.0717
v 0.0492 -0.0269 -0.0794
v 0.0459 -0.0247 0.0780
v 0.0476 -0.0241 0.0771
v 0.0441 -0.0251 -0.0844
v 0.0475 -0.0099 -0.0866
v 0.0487 -0.0137 -0.0844
v 0.0472 -0.0168 0.0816
v 0.0462 -0.0085 0.0860
v 0.0475 -0.0037 0.0870
v 0.0496 -0.0002 -0.0893
v 0.0478 0.0052 -0.0931
v 0.0452 0.0022 0.0905
v 0.0470 0.0135 -0.0981
v 0.0434 0.0127 0.0950
v 0.0491 0.0220 -0.1020
v 0.0438 0.0176 0.0962
v 0.0473 0.0232 -0.1033
v 0.0456 0.0270 0.0979
v 0.0489 0.0351 0.0980
v 0.0497 0.0406 -0.1100
v 0.0461 0.0394 0.1011
v 0.0480 0.0560 -0.1124
v 0.0453 0.0617 0.1061
v 0.0444 0.0732 0.1072
v 0.0481 0.0780 0.1050
v 0.0480 0.0849 -0.0893
v 0.0454 0.0858 -0.0875
v 0.0477 0.0857 0.1048
v 0.0476 0.0957 -0.0780
v 0.0507 0.0895 0.1025
v 0.0503 0.1030 -0.0775
v 0.0499 0.1063 -0.0782
v 0.0459 0.1130 0.1031
v 0.0478 0.1138 -0.0828
v 0.0447 0.1200 -0.0922
v 0.0486 0.1248 0.0997
v 0.0480 0.1275 -0.1013
v 0.0477 0.1360 -0.0994
v 0.0476 0.1356 0.0981
v 0.0495 0.1437 -0.0959
v 0.0446 0.1497 0.0957
v 0.0539 0.1466 -0.0915
v 0.0478 0.1497 0.0938
v 0.0459 0.1538 -0.0946
v 0.0485 0.1611 -0.0894
v 0.0511 0.1619 -0.0868
v 0.0482 0.1589 0.0901
v 0.0502 0.1598 0.0882
v 0.0485 0.1692 -0.0855
v 0.0511 0.1701 -0.0826
v 0.0471 0.1722 0.0855
v 0.0471 0.1787 -0.0818
v 0.0482 0.1828 -0.0783
v 0.0472 0.1810 0.0817
v 0.0476 0.1859 -0.0770
v 0.0486 0.1875 0.0775
v 0.0470 0.1955 -0.0711
v 0.0456 0.1942 0.0764
v 0.0457 0.1991 -0.0696
v 0.0474 0.2018 0.0696
v 0.0497 0.2035 -0.0618
v 0.0456 0.2041 0.0693
v 0.0468 0.2074 -0.0612
v 0.0503 0.2068 -0.0581
v 0.0460 0.2062 0.0673
v 0.0475 0.2106 0.0612
v 0.0472 0.2147 0.0565
v 0.0484 0.2172 0.0514
v 0.0479 0.2201 -0.0467
v 0.0457 0.2249 -0.0433
v 0.0471 0.2226 0.0446
v 0.0479 0.2252 0.0381
v 0.0480 0.2273 0.0333
v 0.0467 0.2301 -0.0343
v 0.0473 0.2320 -0.0296
v 0.0500 0.2300 0.0218
v 0.0456 0.2310 0.0298
v 0.0426 0.2387 -0.0231
v 0.0477 0.2359 -0.0172
v 0.0473 0.2356 0.0100
v 0.0454 0.2355 0.0171
v 0.0445 0.2394 -0.0124
v 0.0445 0.2398 -0.0083
v 0.0444 0.2397 -0.0010
v 0.0473 0.2370 0.0018
v 0.0500 -0.1381 -0.0285
v 0.0508 -0.1366 -0.0250
v 0.0481 -0.1405 -0.0162
v 0.0517 -0.1331 -0.0333
v 0.0481 -0.1369 -0.0098
v 0.0511 -0.1316 -0.0387
v 0.0489 -0.1398 -0.0173
v 0.0496 -0.1326 -0.0085
v 0.0541 -0.1250 -0.0362
v 0.0504 -0.1269 -0.0043
v 0.0517 -0.1222 -0.0467
v 0.0518 -0.1253 -0.0065
v 0.0515 -0.1177 -0.0505
v 0.0513 -0.1176 0.0023
v 0.0512 -0.1152 -0.0526
v 0.0517 -0.1143 0.0040
v 0.0481 -0.1102 -0.0601
v 0.0541 -0.1097 -0.0502
v 0.0488 -0.1133 0.0103
v 0.0521 -0.1031 -0.0572
v 0.0515 -0.1089 0.0086
v 0.0483 -0.1098 0.0134
v 0.0490 -0.1037 -0.0614
v 0.0510 -0.1045 0.0127
v 0.0495 -0.1029 0.0161
v 0.0523 -0.0959 -0.0594
v 0.0471 -0.1025 0.0197
v 0.0486 -0.0945 -0.0650
v 0.0514 -0.0925 0.0203
v 0.0532 -0.0836 -0.0615
v 0.0490 -0.0863 0.0272
v 0.0518 -0.0822 0.0259
v 0.0521 -0.0745 0.0299
v 0.0504 -0.0647 -0.0677
v 0.0507 -0.0778 -0.0657
v 0.0505 -0.0701 0.0346
v 0.0524 -0.0686 0.0328
v 0.0504 -0.0654 0.0378
v 0.0504 -0.0607 0.0412
v 0.0520 -0.0562 -0.0668
v 0.0493 -0.0575 0.0454
v 0.0510 -0.0507 0.0492
v 0.0513 -0.0478 -0.0698
v 0.0499 -0.0478 0.0538
v 0.0533 -0.0443 -0.0682
v 0.0509 -0.0434 0.0570
v 0.0497 -0.0390 -0.0745
v 0.0539 -0.0418 -0.0684
v 0.0520 -0.0338 0.0655
v 0.0536 -0.0326 -0.0725
v 0.0497 -0.0315 0.0699
v 0.0506 -0.0270 0.0727
v 0.0536 -0.0250 -0.0758
v 0.0546 -0.0206 -0.0766
v 0.0514 -0.0170 -0.0809
v 0.0515 -0.0156 0.0790
v 0.0546 -0.0106 -0.0807
v 0.0515 -0.0067 -0.0850
v 0.0515 -0.0034 0.0844
v 0.0529 0.0019 0.0851
v 0.0508 0.0107 -0.0947
v 0.0520 0.0073 -0.0919
v 0.0479 0.0082 0.0907
v 0.0517 0.0183 -0.0989
v 0.0514 0.0150 -0.0970
v 0.0538 0.0094 0.0867
v 0.0505 0.0191 0.0920
v 0.0494 0.0271 0.0952
v 0.0526 0.0321 -0.1062
v 0.0510 0.0372 0.0972
v 0.0548 0.0419 -0.1094
v 0.0495 0.0505 0.1019
v 0.0542 0.0598 -0.1110
v 0.0535 0.0640 0.1020
v 0.0558 0.0634 -0.1102
v 0.0484 0.0670 0.1049
v 0.0502 0.0731 -0.1099
v 0.0492 0.0765 -0.1090
v 0.0506 0.0794 -0.1071
v 0.0493 0.0816 -0.0985
v 0.0509 0.0843 -0.0910
v 0.0523 0.0864 0.1018
v 0.0493 0.0898 -0.0822
v 0.0503 0.0966 0.1019
v 0.0528 0.1116 -0.0819
v 0.0462 0.1174 -0.0866
v 0.0512 0.1169 0.0990
v 0.0507 0.1190 -0.0910
v 0.0541 0.1235 -0.0967
v 0.0511 0.1208 -0.0950
v 0.0514 0.1285 -0.0988
v 0.0508 0.1261 0.0980
v 0.0531 0.1365 -0.0955
v 0.0576 0.1434 -0.0895
v 0.0497 0.1485 -0.0940
v 0.0505 0.1426 0.0944
v 0.0534 0.1497 0.0899
v 0.0515 0.1530 -0.0907
v 0.0516 0.1534 0.0898
v 0.0528 0.1641 -0.0842
v 0.0514 0.1641 0.0856
v 0.0523 0.1762 -0.0780
v 0.0520 0.1705 0.0823
v 0.0514 0.1822 -0.0754
v 0.0529 0.1876 -0.0702
v 0.0516 0.1900 0.0733
v 0.0509 0.1918 -0.0696
v 0.0540 0.1920 -0.0660
v 0.0500 0.1923 0.0735
v 0.0528 0.1978 -0.0630
v 0.0504 0.1961 0.0709
v 0.0514 0.2036 0.0638
v 0.0515 0.2080 0.0591
v 0.0491 0.2111 -0.0553
v 0.0528 0.2116 -0.0504
v 0.0522 0.2111 0.0542
v 0.0507 0.2152 -0.0490
v 0.0518 0.2150 0.0494
v 0.0513 0.2190 -0.0438
v 0.0523 0.2220 -0.0385
v 0.0512 0.2186 0.0443
v 0.0519 0.2215 0.0378
v 0.0520 0.2240 -0.0360
v 0.0520 0.2234 0.0334
v 0.0524 0.2257 -0.0326
v 0.0510 0.2264 0.0286
v 0.0524 0.2290 -0.0259
v 0.0490 0.2335 -0.0222
v 0.0512 0.2315 0.0126
v 0.0492 0.2317 0.0184
v 0.0511 0.2337 -0.0127
v 0.0501 0.2344 0.0032
v 0.0543 -0.1273 -0.0254
v 0.0530 -0.1299 -0.0327
v 0.0524 -0.1311 -0.0182
v 0.0519 -0.1306 -0.0141
v 0.0554 -0.1180 -0.0401
v 0.0518 -0.1217 -0.0026
v 0.0556 -0.1163 -0.0081
v 0.0529 -0.1163 -0.0002
v 0.0547 -0.1170 -0.0435
v 0.0559 -0.1118 -0.0037
v 0.0543 -0.1006 -0.0546
v 0.0557 -0.1110 -0.0459
v 0.0554 -0.1096 -0.0002
v 0.0532 -0.1083 0.0057
v 0.0566 -0.1090 -0.0451
v 0.0560 -0.1026 -0.0503
v 0.0547 -0.1017 0.0085
v 0.0564 -0.0943 0.0113
v 0.0538 -0.0918 -0.0585
v 0.0524 -0.0959 0.0166
v 0.0552 -0.0862 0.0188
v 0.0562 -0.0864 -0.0560
v 0.0563 -0.0787 0.0215
v 0.0553 -0.0800 0.0222
v 0.0562 -0.0707 0.0260
v 0.0521 -0.0788 -0.0637
v 0.0546 -0.0693 0.0291
v 0.0583 -0.0609 -0.0566
v 0.0553 -0.0590 -0.0616
v 0.0570 -0.0541 0.0358
v 0.0584 -0.0554 -0.0575
v 0.0551 -0.0554 0.0381
v 0.0545 -0.0607 0.0348
v 0.0550 -0.0514 0.0419
v 0.0551 -0.0499 -0.0640
v 0.0533 -0.0497 0.0467
v 0.0529 -0.0441 0.0533
v 0.0541 -0.0416 0.0543
v 0.0567 -0.0383 0.0539
v 0.0559 -0.0294 0.0650
v 0.0536 -0.0314 0.0658
v 0.0537 -0.0276 0.0691
v 0.0562 -0.0263 -0.0724
v 0.0521 -0.0224 0.0745
v 0.0555 -0.0197 0.0730
v 0.0547 -0.0163 -0.0783
v 0.0597 -0.0134 -0.0746
v 0.0534 -0.0138 0.0785
v 0.0528 -0.0103 0.0807
v 0.0550 -0.0056 -0.0827
v 0.0560 -0.0035 0.0808
v 0.0558 -0.0006 -0.0848
v 0.0597 0.0036 -0.0845
v 0.0517 0.0048 0.0870
v 0.0553 0.0068 -0.0896
v 0.0556 0.0140 -0.0943
v 0.0577 0.0151 0.0850
v 0.0574 0.0201 -0.0976
v 0.0549 0.0260 -0.1024
v 0.0556 0.0237 -0.1007
v 0.0563 0.0258 0.0893
v 0.0538 0.0318 -0.1058
v 0.0549 0.0344 0.0934
v 0.0561 0.0462 -0.1101
v 0.0532 0.0487 0.0991
v 0.0601 0.0504 -0.1098
v 0.0563 0.0519 0.0977
v 0.0522 0.0563 0.1014
v 0.0535 0.0660 0.1019
v 0.0559 0.0698 -0.1088
v 0.0576 0.0799 -0.1043
v 0.0571 0.0823 -0.1007
v 0.0536 0.0819 0.1014
v 0.0554 0.0842 -0.0941
v 0.0561 0.0879 -0.0872
v 0.0539 0.0945 -0.0798
v 0.0563 0.0951 0.0979
v 0.0536 0.1008 -0.0781
v 0.0561 0.1035 0.0971
v 0.0520 0.1144 0.0988
v 0.0551 0.1149 -0.0865
v 0.0567 0.1203 -0.0942
v 0.0541 0.1188 0.0968
v 0.0545 0.1289 -0.0962
v 0.0539 0.1335 0.0945
v 0.0532 0.1397 0.0933
v 0.0542 0.1423 0.0919
v 0.0570 0.1518 -0.0864
v 0.0555 0.1523 0.0872
v 0.0550 0.1562 -0.0862
v 0.0536 0.1596 -0.0858
v 0.0569 0.1597 -0.0825
v 0.0560 0.1546 0.0859
v 0.0562 0.1627 -0.0817
v 0.0587 0.1647 -0.0780
v 0.0558 0.1635 0.0821
v 0.0558 0.1701 -0.0779
v 0.0548 0.1790 -0.0737
v 0.0513 0.1816 0.0779
v 0.0552 0.1797 0.0750
v 0.0561 0.1822 -0.0701
v 0.0552 0.1861 -0.0686
v 0.0553 0.1875 0.0707
v 0.0558 0.1945 0.0655
v 0.0559 0.1984 -0.0588
v 0.0560 0.1994 0.0613
v 0.0527 0.1996 0.0655
v 0.0553 0.2033 0.0586
v 0.0527 0.2068 -0.0553
v 0.0561 0.2051 -0.0528
v 0.0558 0.2073 0.0532
v 0.0561 0.2140 -0.0435
v 0.0556 0.2110 0.0485
v 0.0550 0.2145 0.0441
v 0.0560 0.2173 0.0372
v 0.0565 0.2193 -0.0358
v 0.0560 0.2194 0.0331
v 0.0554 0.2241 -0.0297
v 0.0539 0.2241 0.0272
v 0.0547 0.2252 0.0224
v 0.0540 0.2294 -0.0201
v 0.0555 0.2284 -0.0181
v 0.0542 0.2291 0.0113
v 0.0548 0.2295 0.0071
v 0.0538 0.2309 -0.0139
v 0.0538 0.2315 -0.0090
v 0.0527 0.2327 -0.0045
v 0.0582 -0.1157 -0.0269
v 0.0562 -0.1219 -0.0255
v 0.0566 -0.1202 -0.0201
v 0.0561 -0.1210 -0.0183
v 0.0596 -0.1101 -0.0314
v 0.0574 -0.1141 -0.0122
v 0.0588 -0.1142 -0.0232
v 0.0555 -0.1189 -0.0110
v 0.0587 -0.1101 -0.0370
v 0.0602 -0.1069 -0.0339
v 0.0587 -0.1068 -0.0064
v 0.0600 -0.1031 -0.0063
v 0.0569 -0.1042 0.0016
v 0.0623 -0.0941 -0.0394
v 0.0597 -0.0976 0.0012
v 0.0599 -0.0917 0.0065
v 0.0580 -0.0942 -0.0501
v 0.0577 -0.0970 -0.0497
v 0.0592 -0.0916 0.0080
v 0.0598 -0.0862 -0.0493
v 0.0599 -0.0843 0.0122
v 0.0589 -0.0816 -0.0523
v 0.0557 -0.0767 -0.0587
v 0.0598 -0.0754 -0.0518
v 0.0596 -0.0778 0.0166
v 0.0605 -0.0596 -0.0528
v 0.0599 -0.0690 -0.0525
v 0.0588 -0.0661 0.0244
v 0.0567 -0.0645 0.0288
v 0.0589 -0.0574 0.0298
v 0.0587 -0.0506 -0.0584
v 0.0596 -0.0490 0.0359
v 0.0594 -0.0428 -0.0605
v 0.0603 -0.0464 -0.0574
v 0.0578 -0.0469 0.0417
v 0.0579 -0.0411 0.0485
v 0.0595 -0.0360 -0.0636
v 0.0602 -0.0382 -0.0614
v 0.0566 -0.0359 0.0571
v 0.0602 -0.0315 0.0565
v 0.0599 -0.0312 -0.0656
v 0.0595 -0.0290 0.0604
v 0.0568 -0.0285 0.0647
v 0.0613 -0.0267 -0.0662
v 0.0610 -0.0247 0.0626
v 0.0570 -0.0251 0.0675
v 0.0615 -0.0197 -0.0694
v 0.0599 -0.0181 0.0696
v 0.0568 -0.0130 0.0758
v 0.0601 -0.0117 0.0731
v 0.0600 -0.0067 -0.0779
v 0.0590 -0.0042 0.0778
v 0.0603 0.0014 -0.0825
v 0.0596 0.0079 -0.0875
v 0.0588 0.0052 0.0812
v 0.0602 0.0120 -0.0903
v 0.0571 0.0202 0.0871
v 0.0566 0.0288 0.0902
v 0.0632 0.0287 -0.1012
v 0.0581 0.0333 -0.1054
v 0.0610 0.0363 -0.1059
v 0.0586 0.0364 0.0910
v 0.0589 0.0412 0.0924
v 0.0654 0.0408 -0.1063
v 0.0576 0.0476 0.0957
v 0.0627 0.0514 0.0926
v 0.0649 0.0597 -0.1078
v 0.0622 0.0644 -0.1077
v 0.0596 0.0679 0.0977
v 0.0566 0.0720 0.1000
v 0.0592 0.0739 -0.1060
v 0.0620 0.0761 -0.1036
v 0.0587 0.0761 0.0984
v 0.0615 0.0842 -0.0983
v 0.0582 0.0848 0.0978
v 0.0587 0.0876 -0.0896
v 0.0561 0.0919 -0.0826
v 0.0572 0.0983 0.0968
v 0.0640 0.0972 -0.0852
v 0.0601 0.1028 0.0939
v 0.0558 0.1100 -0.0819
v 0.0602 0.1040 -0.0815
v 0.0613 0.1125 -0.0875
v 0.0603 0.1153 -0.0899
v 0.0599 0.1174 0.0924
v 0.0576 0.1243 0.0934
v 0.0612 0.1352 -0.0887
v 0.0597 0.1340 0.0898
v 0.0577 0.1391 0.0901
v 0.0593 0.1412 0.0881
v 0.0599 0.1459 0.0860
v 0.0598 0.1494 -0.0850
v 0.0576 0.1519 0.0856
v 0.0596 0.1569 -0.0814
v 0.0602 0.1543 0.0823
v 0.0607 0.1673 -0.0743
v 0.0600 0.1632 0.0783
v 0.0602 0.1706 0.0743
v 0.0596 0.1703 -0.0736
v 0.0611 0.1736 -0.0699
v 0.0572 0.1748 0.0755
v 0.0568 0.1795 0.0734
v 0.0598 0.1800 0.0695
v 0.0598 0.1865 0.0656
v 0.0605 0.1824 -0.0648
v 0.0571 0.1903 -0.0635
v 0.0603 0.1905 -0.0592
v 0.0601 0.1913 0.0616
v 0.0580 0.1959 -0.0580
v 0.0589 0.1954 0.0603
v 0.0577 0.1998 0.0581
v 0.0590 0.2002 -0.0532
v 0.0590 0.2064 -0.0475
v 0.0598 0.2030 0.0511
v 0.0596 0.2069 -0.0460
v 0.0595 0.2070 0.0464
v 0.0585 0.2121 -0.0420
v 0.0590 0.2109 0.0418
v 0.0603 0.2115 0.0379
v 0.0588 0.2154 -0.0372
v 0.0592 0.2150 0.0342
v 0.0593 0.2198 -0.0295
v 0.0601 0.2193 0.0226
v 0.0591 0.2174 0.0295
v 0.0592 0.2224 -0.0245
v 0.0603 0.2228 -0.0192
v 0.0584 0.2244 0.0134
v 0.0598 0.2244 0.0072
v 0.0590 0.2219 0.0193
v 0.0588 0.2255 -0.0157
v 0.0594 0.2256 -0.0114
v 0.0576 0.2280 -0.0037
v 0.0581 0.2273 -0.0011
v 0.0632 -0.0998 -0.0222
v 0.0601 -0.1041 -0.0380
v 0.0621 -0.1010 -0.0319
v 0.0636 -0.0975 -0.0280
v 0.0621 -0.1030 -0.0198
v 0.0598 -0.1092 -0.0160
v 0.0614 -0.1007 -0.0084
v 0.0623 -0.0971 -0.0358
v 0.0640 -0.0953 -0.0129
v 0.0603 -0.0973 -0.0001
v 0.0615 -0.0926 -0.0425
v 0.0641 -0.0905 -0.0046
v 0.0610 -0.0921 0.0036
v 0.0638 -0.0852 -0.0395
v 0.0638 -0.0822 0.0049
v 0.0623 -0.0820 -0.0450
v 0.0633 -0.0796 0.0081
v 0.0601 -0.0819 0.0133
v 0.0638 -0.0740 0.0105
v 0.0608 -0.0764 0.0152
v 0.0635 -0.0734 -0.0442
v 0.0627 -0.0683 0.0162
v 0.0636 -0.0629 0.0174
v 0.0606 -0.0649 0.0219
v 0.0644 -0.0614 -0.0446
v 0.0672 -0.0528 -0.0414
v 0.0637 -0.0597 -0.0467
v 0.0620 -0.0589 0.0233
v 0.0642 -0.0550 0.0218
v 0.0632 -0.0524 -0.0500
v 0.0624 -0.0478 -0.0534
v 0.0640 -0.0505 0.0259
v 0.0612 -0.0505 0.0315
v 0.0668 -0.0437 -0.0475
v 0.0634 -0.0447 0.0334
v 0.0630 -0.0404 0.0396
v 0.0593 -0.0423 0.0444
v 0.0649 -0.0361 -0.0554
v 0.0626 -0.0350 0.0477
v 0.0641 -0.0326 -0.0578
v 0.0627 -0.0318 -0.0610
v 0.0641 -0.0318 0.0491
v 0.0629 -0.0284 -0.0578
v 0.0640 -0.0295 -0.0488
v 0.0638 -0.0258 0.0572
v 0.0619 -0.0232 -0.0618
v 0.0625 -0.0215 -0.0465
v 0.0638 -0.0239 -0.0431
v 0.0612 -0.0141 -0.0579
v 0.0617 -0.0124 -0.0482
v 0.0631 -0.0180 0.0655
v 0.0644 -0.0160 0.0652
v 0.0619 -0.0135 -0.0711
v 0.0612 -0.0032 -0.0585
v 0.0613 -0.0077 -0.0508
v 0.0633 -0.0099 0.0705
v 0.0641 -0.0083 -0.0376
v 0.0627 -0.0049 -0.0757
v 0.0626 0.0031 -0.0655
v 0.0618 -0.0010 -0.0627
v 0.0615 -0.0040 -0.0620
v 0.0618 -0.0019 -0.0506
v 0.0621 -0.0045 0.0743
v 0.0637 -0.0027 0.0734
v 0.0639 -0.0015 -0.0739
v 0.0617 0.0000 -0.0540
v 0.0631 -0.0036 -0.0415
v 0.0628 -0.0002 -0.0794
v 0.0639 0.0054 -0.0696
v 0.0622 0.0041 -0.0580
v 0.0625 0.0035 -0.0505
v 0.0660 0.0072 -0.0824
v 0.0637 0.0089 -0.0640
v 0.0640 0.0096 -0.0487
v 0.0637 0.0053 -0.0446
v 0.0620 0.0067 0.0785
v 0.0631 0.0097 0.0783
v 0.0626 0.0162 -0.0922
v 0.0653 0.0229 -0.0962
v 0.0636 0.0227 0.0817
v 0.0654 0.0318 -0.1022
v 0.0631 0.0307 0.0850
v 0.0687 0.0348 -0.1025
v 0.0625 0.0420 0.0896
v 0.0641 0.0444 0.0889
v 0.0677 0.0483 -0.1070
v 0.0688 0.0557 -0.1066
v 0.0612 0.0592 0.0956
v 0.0630 0.0629 0.0945
v 0.0644 0.0638 0.0934
v 0.0663 0.0676 -0.1048
v 0.0639 0.0780 0.0940
v 0.0646 0.0833 -0.0980
v 0.0658 0.0824 0.0918
v 0.0634 0.0857 -0.0964
v 0.0617 0.0846 0.0951
v 0.0660 0.0902 -0.0919
v 0.0655 0.0859 0.0917
v 0.0649 0.0961 0.0907
v 0.0613 0.1038 -0.0828
v 0.0641 0.1056 0.0900
v 0.0638 0.1118 -0.0875
v 0.0673 0.1165 -0.0858
v 0.0607 0.1236 -0.0916
v 0.0592 0.1286 0.0915
v 0.0633 0.1314 -0.0875
v 0.0625 0.1301 0.0881
v 0.0639 0.1341 0.0860
v 0.0645 0.1325 -0.0860
v 0.0644 0.1422 -0.0833
v 0.0630 0.1399 0.0851
v 0.0635 0.1433 -0.0837
v 0.0617 0.1518 -0.0819
v 0.0643 0.1495 -0.0804
v 0.0637 0.1476 0.0817
v 0.0616 0.1597 -0.0778
v 0.0642 0.1574 -0.0764
v 0.0641 0.1545 0.0783
v 0.0641 0.1625 0.0742
v 0.0637 0.1652 -0.0724
v 0.0639 0.1755 -0.0653
v 0.0630 0.1732 0.0695
v 0.0644 0.1778 -0.0629
v 0.0641 0.1799 0.0637
v 0.0625 0.1876 0.0607
v 0.0643 0.1854 -0.0575
v 0.0635 0.1942 0.0532
v 0.0635 0.1950 -0.0509
v 0.0651 0.1969 -0.0466
v 0.0638 0.1992 0.0472
v 0.0606 0.1989 0.0540
v 0.0633 0.2012 -0.0458
v 0.0622 0.2066 -0.0422
v 0.0634 0.2041 0.0419
v 0.0641 0.2074 -0.0376
v 0.0634 0.2073 0.0371
v 0.0638 0.2110 0.0299
v 0.0624 0.2136 -0.0330
v 0.0637 0.2134 -0.0303
v 0.0637 0.2155 -0.0265
v 0.0634 0.2149 0.0235
v 0.0639 0.2157 0.0201
v 0.0608 0.2149 0.0305
v 0.0638 0.2173 -0.0224
v 0.0630 0.2196 -0.0189
v 0.0642 0.2195 -0.0133
v 0.0639 0.2198 0.0067
v 0.0633 0.2181 0.0157
v 0.0632 0.2214 -0.0095
v 0.0629 0.2220 -0.0056
v 0.0613 0.2239 -0.0001
v 0.0610 0.2231 0.0067
v 0.0650 -0.0932 -0.0233
v 0.0662 -0.0854 -0.0073
v 0.0645 -0.0918 -0.0086
v 0.0662 -0.0867 -0.0265
v 0.0673 -0.0781 -0.0296
v 0.0649 -0.0867 -0.0342
v 0.0640 -0.0878 -0.0008
v 0.0674 -0.0809 -0.0256
v 0.0680 -0.0806 -0.0144
v 0.0673 -0.0800 -0.0064
v 0.0675 -0.0744 -0.0004
v 0.0671 -0.0842 -0.0119
v 0.0645 -0.0792 0.0053
v 0.0661 -0.0679 -0.0384
v 0.0652 -0.0732 0.0076
v 0.0673 -0.0690 -0.0340
v 0.0689 -0.0542 -0.0354
v 0.0664 -0.0645 -0.0386
v 0.0651 -0.0619 0.0150
v 0.0676 -0.0629 0.0079
v 0.0662 -0.0560 -0.0420
v 0.0680 -0.0559 0.0123
v 0.0677 -0.0554 -0.0386
v 0.0661 -0.0539 0.0185
v 0.0661 -0.0479 -0.0460
v 0.0698 -0.0459 -0.0382
v 0.0673 -0.0475 0.0218
v 0.0676 -0.0478 -0.0428
v 0.0659 -0.0463 0.0263
v 0.0666 -0.0391 -0.0494
v 0.0676 -0.0409 0.0291
v 0.0659 -0.0403 0.0337
v 0.0677 -0.0375 -0.0459
v 0.0671 -0.0359 0.0370
v 0.0670 -0.0325 0.0422
v 0.0643 -0.0256 -0.0425
v 0.0677 -0.0275 -0.0351
v 0.0680 -0.0259 0.0494
v 0.0640 -0.0298 0.0520
v 0.0671 -0.0241 0.0534
v 0.0670 -0.0188 -0.0320
v 0.0656 -0.0112 -0.0337
v 0.0678 -0.0183 0.0583
v 0.0667 -0.0107 0.0656
v 0.0682 -0.0064 0.0659
v 0.0646 -0.0031 -0.0374
v 0.0657 0.0042 -0.0787
v 0.0643 0.0001 -0.0750
v 0.0697 0.0013 -0.0271
v 0.0645 -0.0023 0.0727
v 0.0680 0.0014 0.0697
v 0.0675 0.0009 -0.0311
v 0.0639 0.0081 -0.0669
v 0.0641 0.0048 -0.0422
v 0.0685 0.0055 -0.0313
v 0.0671 0.0100 0.0739
v 0.0693 0.0108 -0.0829
v 0.0681 0.0128 -0.0736
v 0.0656 0.0149 -0.0609
v 0.0642 0.0119 -0.0533
v 0.0677 0.0097 -0.0355
v 0.0676 0.0148 -0.0701
v 0.0671 0.0154 -0.0445
v 0.0676 0.0142 0.0746
v 0.0647 0.0140 0.0780
v 0.0675 0.0195 -0.0921
v 0.0717 0.0200 -0.0900
v 0.0662 0.0237 0.0793
v 0.0683 0.0284 -0.0989
v 0.0659 0.0347 0.0836
v 0.0686 0.0374 0.0816
v 0.0663 0.0415 0.0858
v 0.0672 0.0475 0.0869
v 0.0728 0.0529 -0.1048
v 0.0649 0.0540 0.0913
v 0.0676 0.0635 -0.1055
v 0.0661 0.0665 0.0921
v 0.0677 0.0730 -0.1016
v 0.0640 0.0720 0.0941
v 0.0665 0.0740 0.0918
v 0.0681 0.0782 0.0900
v 0.0675 0.0828 -0.0960
v 0.0662 0.0920 -0.0900
v 0.0684 0.0919 -0.0898
v 0.0668 0.0949 0.0890
v 0.0672 0.1003 -0.0865
v 0.0675 0.1044 0.0868
v 0.0674 0.1068 -0.0863
v 0.0672 0.1138 -0.0861
v 0.0681 0.1090 0.0857
v 0.0697 0.1269 -0.0816
v 0.0644 0.1238 0.0875
v 0.0665 0.1293 0.0844
v 0.0679 0.1328 -0.0824
v 0.0698 0.1373 -0.0791
v 0.0655 0.1422 0.0818
v 0.0684 0.1439 -0.0783
v 0.0704 0.1469 -0.0748
v 0.0677 0.1513 -0.0758
v 0.0676 0.1472 0.0776
v 0.0681 0.1543 -0.0737
v 0.0687 0.1614 -0.0689
v 0.0678 0.1550 0.0738
v 0.0681 0.1613 0.0699
v 0.0674 0.1628 -0.0695
v 0.0680 0.1676 0.0662
v 0.0653 0.1678 0.0696
v 0.0645 0.1709 -0.0677
v 0.0684 0.1677 -0.0650
v 0.0683 0.1727 -0.0615
v 0.0652 0.1766 0.0643
v 0.0681 0.1753 0.0608
v 0.0678 0.1784 0.0589
v 0.0684 0.1801 -0.0555
v 0.0669 0.1846 0.0553
v 0.0688 0.1835 -0.0520
v 0.0675 0.1880 0.0510
v 0.0676 0.1913 0.0476
v 0.0642 0.1938 0.0521
v 0.0678 0.1936 -0.0448
v 0.0678 0.2006 -0.0377
v 0.0679 0.1996 0.0372
v 0.0655 0.1998 0.0424
v 0.0675 0.2031 0.0333
v 0.0679 0.2060 -0.0309
v 0.0668 0.2068 0.0293
v 0.0679 0.2078 0.0244
v 0.0650 0.2116 -0.0297
v 0.0681 0.2085 -0.0264
v 0.0677 0.2110 0.0184
v 0.0650 0.2110 0.0267
v 0.0670 0.2151 -0.0148
v 0.0680 0.2149 -0.0095
v 0.0684 0.2147 -0.0029
v 0.0671 0.2164 0.0003
v 0.0676 0.2146 0.0079
v 0.0650 0.2193 -0.0060
v 0.0636 0.2208 0.0027
v 0.0682 -0.0792 -0.0123
v 0.0698 -0.0702 -0.0179
v 0.0679 -0.0815 -0.0176
v 0.0705 -0.0646 -0.0067
v 0.0682 -0.0742 -0.0039
v 0.0688 -0.0687 -0.0279
v 0.0711 -0.0602 -0.0202
v 0.0716 -0.0601 -0.0150
v 0.0715 -0.0603 -0.0099
v 0.0680 -0.0704 0.0007
v 0.0699 -0.0640 -0.0019
v 0.0679 -0.0666 0.0044
v 0.0690 -0.0618 -0.0308
v 0.0708 -0.0606 -0.0225
v 0.0706 -0.0546 0.0050
v 0.0718 -0.0557 -0.0018
v 0.0721 -0.0546 -0.0206
v 0.0692 -0.0537 0.0108
v 0.0704 -0.0548 -0.0295
v 0.0708 -0.0449 0.0157
v 0.0688 -0.0467 0.0190
v 0.0718 -0.0446 -0.0330
v 0.0719 -0.0447 0.0125
v 0.0697 -0.0390 -0.0419
v 0.0708 -0.0374 0.0258
v 0.0717 -0.0379 -0.0370
v 0.0703 -0.0335 0.0332
v 0.0678 -0.0286 -0.0358
v 0.0721 -0.0294 -0.0298
v 0.0739 -0.0324 -0.0297
v 0.0719 -0.0263 0.0400
v 0.0695 -0.0227 -0.0291
v 0.0707 -0.0253 0.0442
v 0.0720 -0.0199 -0.0252
v 0.0692 -0.0202 0.0536
v 0.0726 -0.0137 -0.0229
v 0.0698 -0.0170 0.0558
v 0.0713 -0.0099 0.0588
v 0.0704 -0.0093 -0.0249
v 0.0720 -0.0028 0.0621
v 0.0733 -0.0029 -0.0223
v 0.0722 0.0039 0.0648
v 0.0714 0.0062 0.0669
v 0.0741 0.0080 -0.0256
v 0.0690 0.0100 -0.0801
v 0.0729 0.0122 -0.0298
v 0.0767 0.0142 -0.0275
v 0.0723 0.0062 0.0658
v 0.0727 0.0135 -0.0810
v 0.0712 0.0151 -0.0857
v 0.0722 0.0197 -0.0711
v 0.0724 0.0231 -0.0623
v 0.0696 0.0214 -0.0527
v 0.0693 0.0200 -0.0487
v 0.0746 0.0225 -0.0412
v 0.0719 0.0161 -0.0351
v 0.0717 0.0180 0.0706
v 0.0711 0.0195 0.0721
v 0.0752 0.0231 -0.0907
v 0.0715 0.0259 0.0737
v 0.0715 0.0292 -0.0979
v 0.0753 0.0333 -0.0985
v 0.0688 0.0270 0.0775
v 0.0722 0.0364 0.0768
v 0.0754 0.0423 -0.1024
v 0.0683 0.0438 -0.1061
v 0.0741 0.0475 -0.1039
v 0.0716 0.0479 0.0820
v 0.0705 0.0516 0.0845
v 0.0694 0.0606 0.0880
v 0.0711 0.0698 0.0869
v 0.0690 0.0711 0.0892
v 0.0739 0.0767 -0.0944
v 0.0725 0.0788 -0.0942
v 0.0736 0.0745 0.0838
v 0.0718 0.0832 -0.0919
v 0.0732 0.0806 0.0840
v 0.0728 0.0825 0.0843
v 0.0690 0.0957 -0.0875
v 0.0714 0.0950 0.0841
v 0.0700 0.1005 -0.0851
v 0.0722 0.1029 -0.0820
v 0.0707 0.1033 0.0836
v 0.0734 0.1055 -0.0801
v 0.0740 0.0979 0.0803
v 0.0760 0.1151 -0.0760
v 0.0710 0.1269 0.0797
v 0.0721 0.1319 -0.0778
v 0.0716 0.1324 0.0776
v 0.0680 0.1339 0.0816
v 0.0717 0.1397 0.0753
v 0.0703 0.1430 -0.0765
v 0.0689 0.1436 0.0774
v 0.0713 0.1514 0.0710
v 0.0722 0.1566 -0.0675
v 0.0731 0.1560 -0.0667
v 0.0721 0.1587 0.0659
v 0.0719 0.1654 -0.0620
v 0.0718 0.1661 0.0615
v 0.0708 0.1729 -0.0577
v 0.0713 0.1712 0.0585
v 0.0720 0.1754 0.0537
v 0.0723 0.1765 -0.0523
v 0.0718 0.1790 0.0510
v 0.0693 0.1856 -0.0494
v 0.0717 0.1837 0.0465
v 0.0697 0.1835 0.0509
v 0.0719 0.1870 0.0426
v 0.0691 0.1929 -0.0430
v 0.0717 0.1896 -0.0406
v 0.0718 0.1915 0.0374
v 0.0696 0.1919 0.0424
v 0.0703 0.1988 -0.0338
v 0.0694 0.1956 0.0386
v 0.0695 0.2003 -0.0339
v 0.0715 0.2002 0.0265
v 0.0690 0.2012 0.0319
v 0.0718 0.2013 -0.0262
v 0.0720 0.2036 0.0188
v 0.0677 0.2116 -0.0220
v 0.0719 0.2053 -0.0183
v 0.0696 0.2105 -0.0163
v 0.0730 0.2055 -0.0117
v 0.0709 0.2088 0.0104
v 0.0720 0.2081 0.0050
v 0.0716 0.2058 0.0156
v 0.0692 0.2068 0.0222
v 0.0697 0.2118 -0.0100
v 0.0715 0.2094 -0.0054
v 0.0679 0.2125 0.0142
v 0.0734 -0.0508 -0.0116
v 0.0723 -0.0554 -0.0063
v 0.0738 -0.0468 -0.0196
v 0.0745 -0.0456 -0.0032
v 0.0724 -0.0485 0.0057
v 0.0734 -0.0465 -0.0229
v 0.0756 -0.0418 -0.0133
v 0.0739 -0.0454 0.0023
v 0.0741 -0.0401 0.0114
v 0.0741 -0.0370 -0.0305
v 0.0736 -0.0400 -0.0304
v 0.0726 -0.0395 0.0177
v 0.0759 -0.0365 -0.0236
v 0.0761 -0.0387 -0.0175
v 0.0760 -0.0367 0.0085
v 0.0730 -0.0361 0.0215
v 0.0743 -0.0326 0.0234
v 0.0728 -0.0315 0.0297
v 0.0760 -0.0326 -0.0267
v 0.0762 -0.0282 -0.0251
v 0.0732 -0.0282 0.0336
v 0.0728 -0.0236 0.0417
v 0.0764 -0.0212 -0.0218
v 0.0727 -0.0206 0.0460
v 0.0757 -0.0161 0.0442
v 0.0758 -0.0134 0.0471
v 0.0757 -0.0130 -0.0207
v 0.0729 -0.0109 0.0553
v 0.0821 -0.0096 -0.0167
v 0.0758 -0.0021 0.0559
v 0.0760 0.0077 0.0604
v 0.0766 0.0161 -0.0821
v 0.0732 0.0153 -0.0318
v 0.0752 0.0108 0.0630
v 0.0800 0.0228 -0.0867
v 0.0721 0.0207 -0.0703
v 0.0772 0.0199 -0.0341
v 0.0761 0.0245 -0.0658
v 0.0748 0.0251 -0.0558
v 0.0768 0.0247 -0.0445
v 0.0757 0.0223 0.0666
v 0.0752 0.0246 0.0682
v 0.0757 0.0281 -0.0947
v 0.0740 0.0299 0.0719
v 0.0734 0.0378 -0.1018
v 0.0752 0.0363 0.0726
v 0.0761 0.0429 0.0738
v 0.0716 0.0396 0.0788
v 0.0754 0.0515 0.0778
v 0.0758 0.0598 -0.1018
v 0.0768 0.0578 -0.1015
v 0.0746 0.0554 0.0800
v 0.0784 0.0638 -0.0980
v 0.0733 0.0633 0.0835
v 0.0766 0.0672 -0.0980
v 0.0765 0.0716 -0.0955
v 0.0765 0.0784 -0.0906
v 0.0718 0.0870 -0.0895
v 0.0748 0.0906 -0.0839
v 0.0770 0.0957 0.0767
v 0.0755 0.0983 -0.0794
v 0.0754 0.1048 0.0775
v 0.0755 0.1105 -0.0770
v 0.0725 0.1178 0.0794
v 0.0775 0.1256 -0.0723
v 0.0751 0.1231 0.0749
v 0.0700 0.1194 0.0823
v 0.0755 0.1277 0.0732
v 0.0750 0.1298 -0.0747
v 0.0751 0.1398 -0.0718
v 0.0750 0.1352 0.0722
v 0.0760 0.1411 0.0686
v 0.0758 0.1428 -0.0697
v 0.0754 0.1512 -0.0665
v 0.0721 0.1453 0.0727
v 0.0759 0.1524 0.0635
v 0.0745 0.1495 0.0673
v 0.0759 0.1572 0.0607
v 0.0758 0.1552 -0.0635
v 0.0760 0.1628 -0.0576
v 0.0757 0.1610 0.0585
v 0.0730 0.1655 0.0599
v 0.0755 0.1642 -0.0575
v 0.0760 0.1672 0.0533
v 0.0764 0.1689 -0.0517
v 0.0756 0.1711 0.0507
v 0.0763 0.1748 -0.0460
v 0.0760 0.1755 0.0457
v 0.0755 0.1756 -0.0469
v 0.0754 0.1793 0.0429
v 0.0760 0.1806 -0.0402
v 0.0759 0.1831 0.0375
v 0.0761 0.1839 -0.0359
v 0.0757 0.1860 0.0344
v 0.0751 0.1912 -0.0297
v 0.0760 0.1908 0.0271
v 0.0720 0.1984 -0.0294
v 0.0718 0.2025 -0.0243
v 0.0760 0.1942 -0.0218
v 0.0759 0.1957 0.0190
v 0.0730 0.1947 0.0301
v 0.0744 0.2003 -0.0172
v 0.0760 0.1994 -0.0091
v 0.0756 0.1998 0.0110
v 0.0734 0.1990 0.0223
v 0.0748 0.2029 -0.0051
v 0.0747 0.2030 0.0041
v 0.0733 0.2030 0.0144
v 0.0726 0.2072 -0.0059
v 0.0717 0.2092 0.0019
v 0.0767 -0.0381 -0.0116
v 0.0760 -0.0408 -0.0050
v 0.0759 -0.0401 -0.0007
v 0.0777 -0.0313 -0.0206
v 0.0778 -0.0345 -0.0019
v 0.0783 -0.0320 0.0020
v 0.0767 -0.0352 0.0078
v 0.0775 -0.0311 0.0129
v 0.0778 -0.0277 -0.0224
v 0.0773 -0.0298 0.0167
v 0.0812 -0.0194 -0.0154
v 0.0793 -0.0278 -0.0149
v 0.0764 -0.0256 0.0282
v 0.0791 -0.0219 0.0247
v 0.0787 -0.0201 0.0296
v 0.0761 -0.0211 0.0367
v 0.0805 -0.0183 -0.0180
v 0.0765 -0.0178 0.0403
v 0.0796 -0.0138 0.0367
v 0.0796 -0.0073 0.0438
v 0.0760 -0.0099 0.0498
v 0.0835 -0.0032 -0.0176
v 0.0817 -0.0013 0.0438
v 0.0793 -0.0004 0.0499
v 0.0772 0.0033 -0.0212
v 0.0758 0.0052 0.0597
v 0.0794 0.0083 0.0549
v 0.0764 0.0067 -0.0231
v 0.0770 0.0099 0.0597
v 0.0800 0.0198 -0.0837
v 0.0783 0.0174 -0.0814
v 0.0847 0.0206 -0.0768
v 0.0800 0.0173 0.0577
v 0.0793 0.0223 0.0608
v 0.0823 0.0239 -0.0695
v 0.0810 0.0300 -0.0926
v 0.0838 0.0268 -0.0563
v 0.0790 0.0266 -0.0538
v 0.0802 0.0293 0.0621
v 0.0788 0.0321 0.0654
v 0.0803 0.0353 -0.0963
v 0.0798 0.0379 0.0658
v 0.0815 0.0405 -0.0979
v 0.0784 0.0410 0.0693
v 0.0860 0.0479 -0.0957
v 0.0786 0.0531 0.0729
v 0.0757 0.0452 0.0752
v 0.0771 0.0631 0.0778
v 0.0769 0.0591 0.0772
v 0.0797 0.0665 0.0734
v 0.0801 0.0703 -0.0927
v 0.0758 0.0704 0.0806
v 0.0807 0.0753 -0.0883
v 0.0804 0.0785 -0.0861
v 0.0792 0.0841 0.0746
v 0.0755 0.0770 0.0810
v 0.0774 0.0831 0.0775
v 0.0794 0.0868 -0.0809
v 0.0790 0.0908 0.0741
v 0.0800 0.0909 -0.0774
v 0.0794 0.0937 0.0732
v 0.0816 0.0956 -0.0728
v 0.0797 0.0990 -0.0740
v 0.0814 0.1023 -0.0708
v 0.0792 0.1079 -0.0726
v 0.0790 0.1075 0.0717
v 0.0758 0.1089 0.0763
v 0.0794 0.1154 0.0699
v 0.0771 0.1151 0.0734
v 0.0800 0.1190 -0.0700
v 0.0790 0.1262 0.0682
v 0.0824 0.1223 -0.0661
v 0.0796 0.1281 0.0667
v 0.0801 0.1328 -0.0669
v 0.0770 0.1314 0.0700
v 0.0800 0.1373 -0.0657
v 0.0783 0.1388 0.0657
v 0.0798 0.1384 -0.0655
v 0.0796 0.1401 0.0629
v 0.0801 0.1445 -0.0625
v 0.0800 0.1447 0.0604
v 0.0771 0.1439 0.0656
v 0.0799 0.1495 0.0582
v 0.0785 0.1555 0.0573
v 0.0792 0.1537 -0.0588
v 0.0800 0.1589 -0.0535
v 0.0799 0.1576 0.0533
v 0.0769 0.1616 0.0559
v 0.0801 0.1628 -0.0498
v 0.0799 0.1632 0.0490
v 0.0789 0.1616 -0.0535
v 0.0797 0.1670 0.0461
v 0.0778 0.1738 -0.0435
v 0.0792 0.1760 -0.0368
v 0.0798 0.1727 0.0401
v 0.0800 0.1754 0.0366
v 0.0796 0.1770 -0.0341
v 0.0790 0.1847 -0.0251
v 0.0796 0.1790 0.0329
v 0.0771 0.1851 -0.0313
v 0.0802 0.1809 -0.0259
v 0.0799 0.1823 0.0275
v 0.0760 0.1889 -0.0298
v 0.0788 0.1895 -0.0173
v 0.0802 0.1887 -0.0104
v 0.0784 0.1936 -0.0096
v 0.0798 0.1917 -0.0000
v 0.0802 0.1904 0.0051
v 0.0789 0.1927 0.0100
v 0.0800 0.1886 0.0150
v 0.0792 0.1868 0.0224
v 0.0764 0.1953 -0.0176
v 0.0765 0.1988 -0.0061
v 0.0769 0.1983 0.0018
v 0.0760 0.1997 0.0074
v 0.0760 0.2006 -0.0009
v 0.0803 -0.0255 -0.0078
v 0.0818 -0.0208 -0.0016
v 0.0805 -0.0253 -0.0008
v 0.0803 -0.0251 0.0075
v 0.0806 -0.0231 0.0130
v 0.0838 -0.0127 -0.0078
v 0.0834 -0.0157 0.0048
v 0.0800 -0.0211 0.0219
v 0.0837 -0.0143 -0.0017
v 0.0836 -0.0152 0.0083
v 0.0835 -0.0140 0.0171
v 0.0804 -0.0173 0.0281
v 0.0838 -0.0113 0.0231
v 0.0836 -0.0053 0.0347
v 0.0803 -0.0136 0.0345
v 0.0841 -0.0081 0.0283
v 0.0838 -0.0033 0.0362
v 0.0819 0.0080 -0.0219
v 0.0836 0.0065 0.0451
v 0.0808 0.0033 0.0491
v 0.0843 0.0113 0.0467
v 0.0831 0.0160 -0.0280
v 0.0848 0.0162 0.0484
v 0.0810 0.0145 0.0549
v 0.0843 0.0205 -0.0798
v 0.0827 0.0206 -0.0333
v 0.0873 0.0217 -0.0780
v 0.0837 0.0255 0.0544
v 0.0826 0.0270 -0.0887
v 0.0857 0.0252 -0.0446
v 0.0835 0.0258 -0.0466
v 0.0823 0.0253 -0.0438
v 0.0839 0.0383 0.0583
v 0.0810 0.0377 0.0636
v 0.0840 0.0371 -0.0945
v 0.0837 0.0435 -0.0969
v 0.0810 0.0431 0.0652
v 0.0828 0.0494 0.0635
v 0.0815 0.0471 0.0656
v 0.0835 0.0519 -0.0973
v 0.0840 0.0543 0.0621
v 0.0858 0.0556 -0.0943
v 0.0826 0.0563 0.0657
v 0.0802 0.0538 0.0701
v 0.0827 0.0643 0.0669
v 0.0822 0.0614 -0.0957
v 0.0813 0.0630 0.0696
v 0.0849 0.0662 -0.0900
v 0.0812 0.0731 0.0711
v 0.0850 0.0689 -0.0881
v 0.0838 0.0748 0.0654
v 0.0835 0.0829 0.0665
v 0.0817 0.0769 0.0700
v 0.0834 0.0845 -0.0771
v 0.0836 0.0871 0.0661
v 0.0839 0.0876 -0.0739
v 0.0845 0.0912 -0.0706
v 0.0830 0.0939 0.0668
v 0.0815 0.0911 0.0697
v 0.0830 0.0983 0.0663
v 0.0825 0.1053 0.0664
v 0.0809 0.1031 0.0693
v 0.0832 0.1122 -0.0664
v 0.0847 0.1114 -0.0640
v 0.0837 0.1124 0.0629
v 0.0819 0.1120 0.0664
v 0.0842 0.1165 -0.0641
v 0.0827 0.1222 0.0628
v 0.0815 0.1191 0.0656
v 0.0838 0.1284 0.0591
v 0.0825 0.1281 0.0616
v 0.0803 0.1313 0.0646
v 0.0842 0.1375 -0.0581
v 0.0813 0.1351 0.0617
v 0.0840 0.1388 -0.0579
v 0.0837 0.1402 0.0551
v 0.0830 0.1478 -0.0553
v 0.0828 0.1400 0.0572
v 0.0834 0.1510 -0.0520
v 0.0810 0.1473 0.0572
v 0.0843 0.1505 -0.0502
v 0.0839 0.1525 0.0484
v 0.0822 0.1568 0.0491
v 0.0840 0.1560 -0.0461
v 0.0836 0.1582 -0.0452
v 0.0830 0.1669 -0.0363
v 0.0838 0.1613 0.0421
v 0.0813 0.1654 0.0442
v 0.0803 0.1674 -0.0445
v 0.0839 0.1664 -0.0337
v 0.0835 0.1685 0.0354
v 0.0836 0.1705 -0.0286
v 0.0840 0.1706 0.0314
v 0.0804 0.1754 -0.0336
v 0.0807 0.1825 -0.0212
v 0.0838 0.1732 -0.0222
v 0.0834 0.1768 -0.0177
v 0.0841 0.1735 0.0269
v 0.0823 0.1822 -0.0130
v 0.0838 0.1797 0.0153
v 0.0842 0.1766 0.0209
v 0.0808 0.1786 0.0300
v 0.0820 0.1847 -0.0073
v 0.0845 0.1786 -0.0055
v 0.0829 0.1837 0.0010
v 0.0815 0.1841 0.0176
v 0.0840 0.1805 0.0109
v 0.0858 -0.0078 0.0015
v 0.0858 -0.0080 0.0152
v 0.0851 -0.0081 0.0224
v 0.0836 -0.0120 -0.0121
v 0.0857 -0.0070 -0.0036
v 0.0872 -0.0041 0.0091
v 0.0882 0.0008 0.0224
v 0.0847 -0.0000 0.0370
v 0.0841 -0.0081 -0.0147
v 0.0880 0.0014 -0.0061
v 0.0862 -0.0011 0.0302
v 0.0875 0.0046 -0.0179
v 0.0877 0.0030 -0.0148
v 0.0883 0.0038 0.0279
v 0.0878 0.0092 0.0362
v 0.0885 0.0156 -0.0273
v 0.0872 0.0110 0.0395
v 0.0881 0.0175 0.0417
v 0.0850 0.0191 0.0492
v 0.0914 0.0218 -0.0683
v 0.0878 0.0235 -0.0658
v 0.0848 0.0233 -0.0388
v 0.0874 0.0206 0.0448
v 0.0881 0.0277 0.0466
v 0.0841 0.0242 0.0533
v 0.0868 0.0279 -0.0855
v 0.0847 0.0257 -0.0631
v 0.0875 0.0253 -0.0549
v 0.0866 0.0334 -0.0900
v 0.0905 0.0317 -0.0846
v 0.0853 0.0311 0.0534
v 0.0880 0.0384 0.0499
v 0.0839 0.0353 0.0575
v 0.0886 0.0381 -0.0906
v 0.0891 0.0441 -0.0916
v 0.0850 0.0430 0.0573
v 0.0885 0.0445 0.0501
v 0.0855 0.0516 0.0582
v 0.0864 0.0586 0.0574
v 0.0871 0.0608 -0.0906
v 0.0848 0.0591 0.0613
v 0.0864 0.0693 0.0589
v 0.0852 0.0670 0.0615
v 0.0884 0.0667 -0.0851
v 0.0868 0.0749 0.0585
v 0.0838 0.0787 -0.0815
v 0.0874 0.0796 0.0575
v 0.0847 0.0830 -0.0763
v 0.0870 0.0861 0.0588
v 0.0856 0.0830 0.0618
v 0.0876 0.0910 0.0578
v 0.0873 0.0930 -0.0643
v 0.0871 0.0980 0.0585
v 0.0856 0.0950 0.0617
v 0.0873 0.1028 0.0578
v 0.0851 0.1045 -0.0645
v 0.0888 0.1012 -0.0584
v 0.0867 0.1097 0.0579
v 0.0850 0.1071 0.0614
v 0.0874 0.1136 0.0558
v 0.0876 0.1158 -0.0579
v 0.0851 0.1188 0.0593
v 0.0853 0.1267 -0.0598
v 0.0853 0.1230 0.0577
v 0.0863 0.1309 -0.0560
v 0.0878 0.1283 0.0511
v 0.0868 0.1280 0.0532
v 0.0844 0.1320 0.0568
v 0.0880 0.1337 -0.0502
v 0.0854 0.1351 0.0538
v 0.0878 0.1361 0.0482
v 0.0843 0.1447 0.0521
v 0.0849 0.1393 0.0531
v 0.0872 0.1492 -0.0418
v 0.0866 0.1450 -0.0478
v 0.0875 0.1443 0.0451
v 0.0884 0.1492 0.0397
v 0.0860 0.1492 0.0456
v 0.0870 0.1549 -0.0359
v 0.0878 0.1546 -0.0316
v 0.0878 0.1556 0.0366
v 0.0861 0.1667 -0.0216
v 0.0879 0.1575 -0.0263
v 0.0877 0.1602 -0.0228
v 0.0858 0.1616 0.0362
v 0.0858 0.1599 0.0380
v 0.0871 0.1637 0.0300
v 0.0881 0.1640 0.0251
v 0.0845 0.1638 -0.0349
v 0.0882 0.1647 -0.0107
v 0.0871 0.1701 -0.0072
v 0.0878 0.1683 0.0188
v 0.0861 0.1682 0.0274
v 0.0845 0.1704 -0.0239
v 0.0879 0.1689 -0.0022
v 0.0869 0.1724 -0.0006
v 0.0875 0.1712 0.0081
v 0.0856 0.1724 0.0218
v 0.0845 0.1746 -0.0157
v 0.0846 0.1797 0.0055
v 0.0852 0.1771 0.0112
v 0.0846 0.1793 0.0060
v 0.0911 0.0084 0.0192
v 0.0885 0.0006 0.0179
v 0.0881 0.0004 -0.0014
v 0.0909 0.0078 0.0056
v 0.0909 0.0073 0.0108
v 0.0898 0.0099 0.0299
v 0.0881 0.0076 -0.0215
v 0.0906 0.0107 -0.0092
v 0.0885 0.0104 0.0352
v 0.0904 0.0114 -0.0146
v 0.0917 0.0133 0.0258
v 0.0895 0.0115 -0.0229
v 0.0920 0.0165 0.0286
v 0.0921 0.0217 -0.0420
v 0.0913 0.0210 0.0352
v 0.0913 0.0244 -0.0759
v 0.0923 0.0226 -0.0569
v 0.0924 0.0226 -0.0500
v 0.0917 0.0258 0.0370
v 0.0890 0.0251 0.0434
v 0.0920 0.0307 0.0384
v 0.0888 0.0365 -0.0893
v 0.0950 0.0365 -0.0813
v 0.0920 0.0375 0.0406
v 0.0887 0.0344 0.0474
v 0.0921 0.0372 -0.0858
v 0.0901 0.0418 0.0459
v 0.0917 0.0447 0.0426
v 0.0918 0.0540 -0.0875
v 0.0913 0.0505 0.0444
v 0.0912 0.0565 0.0453
v 0.0916 0.0600 -0.0844
v 0.0922 0.0619 -0.0821
v 0.0910 0.0679 0.0472
v 0.0890 0.0690 0.0524
v 0.0881 0.0624 0.0540
v 0.0895 0.0683 -0.0817
v 0.0942 0.0630 -0.0771
v 0.0922 0.0669 -0.0777
v 0.0872 0.0777 -0.0769
v 0.0904 0.0746 -0.0737
v 0.0895 0.0745 0.0521
v 0.0920 0.0759 0.0459
v 0.0897 0.0813 -0.0682
v 0.0905 0.0821 0.0504
v 0.0891 0.0791 0.0535
v 0.0901 0.0849 -0.0636
v 0.0915 0.0875 0.0488
v 0.0890 0.0906 -0.0621
v 0.0907 0.0906 -0.0574
v 0.0916 0.0920 -0.0542
v 0.0914 0.0947 0.0494
v 0.0894 0.0910 0.0537
v 0.0922 0.0959 -0.0508
v 0.0916 0.0991 0.0490
v 0.0905 0.1012 -0.0541
v 0.0919 0.1062 -0.0494
v 0.0893 0.1030 0.0536
v 0.0881 0.1109 -0.0578
v 0.0910 0.1104 0.0491
v 0.0920 0.1111 -0.0477
v 0.0908 0.1143 -0.0504
v 0.0895 0.1175 0.0506
v 0.0923 0.1154 0.0450
v 0.0886 0.1283 -0.0513
v 0.0919 0.1228 -0.0429
v 0.0920 0.1231 -0.0421
v 0.0918 0.1243 0.0431
v 0.0879 0.1394 -0.0475
v 0.0911 0.1326 -0.0387
v 0.0912 0.1209 0.0459
v 0.0899 0.1290 0.0460
v 0.0888 0.1274 0.0491
v 0.0910 0.1395 -0.0315
v 0.0917 0.1316 0.0402
v 0.0900 0.1370 0.0420
v 0.0891 0.1356 0.0453
v 0.0894 0.1410 -0.0396
v 0.0917 0.1406 -0.0246
v 0.0890 0.1498 -0.0314
v 0.0898 0.1483 -0.0280
v 0.0915 0.1468 -0.0160
v 0.0911 0.1407 0.0369
v 0.0902 0.1554 -0.0118
v 0.0919 0.1453 -0.0142
v 0.0909 0.1501 0.0303
v 0.0896 0.1495 0.0357
v 0.0904 0.1601 -0.0003
v 0.0918 0.1519 -0.0028
v 0.0913 0.1517 0.0268
v 0.0883 0.1617 -0.0164
v 0.0922 0.1522 0.0034
v 0.0913 0.1568 0.0036
v 0.0918 0.1554 0.0110
v 0.0911 0.1570 0.0185
v 0.0895 0.1597 0.0252
v 0.0885 0.1585 -0.0206
v 0.0897 0.1637 0.0060
v 0.0890 0.1645 -0.0037
v 0.0885 0.1681 0.0107
v 0.0893 0.1646 0.0139
v 0.0934 0.0153 0.0085
v 0.0961 0.0248 0.0140
v 0.0924 0.0120 0.0128
v 0.0932 0.0161 0.0008
v 0.0945 0.0192 0.0058
v 0.0924 0.0129 0.0191
v 0.0928 0.0187 0.0272
v 0.0920 0.0186 -0.0353
v 0.0933 0.0187 -0.0305
v 0.0926 0.0175 -0.0256
v 0.0947 0.0242 -0.0196
v 0.0920 0.0166 -0.0190
v 0.0925 0.0176 -0.0138
v 0.0947 0.0231 -0.0059
v 0.0955 0.0240 -0.0656
v 0.0951 0.0223 -0.0379
v 0.0952 0.0262 -0.0105
v 0.0951 0.0222 0.0022
v 0.0959 0.0243 0.0123
v 0.0931 0.0268 0.0333
v 0.0909 0.0285 -0.0811
v 0.0938 0.0243 -0.0715
v 0.0959 0.0283 -0.0077
v 0.0955 0.0248 0.0198
v 0.0953 0.0268 0.0243
v 0.0957 0.0325 -0.0768
v 0.0943 0.0344 0.0333
v 0.0932 0.0328 0.0357
v 0.0952 0.0392 0.0318
v 0.0946 0.0428 -0.0841
v 0.0958 0.0438 0.0309
v 0.0930 0.0477 0.0396
v 0.0933 0.0501 0.0390
v 0.0961 0.0503 -0.0813
v 0.0951 0.0569 0.0347
v 0.0928 0.0591 0.0414
v 0.0958 0.0623 -0.0734
v 0.0939 0.0664 0.0395
v 0.0965 0.0630 -0.0706
v 0.0922 0.0741 -0.0694
v 0.0936 0.0772 -0.0605
v 0.0959 0.0693 -0.0623
v 0.0954 0.0719 -0.0594
v 0.0952 0.0699 0.0364
v 0.0933 0.0711 0.0417
v 0.0961 0.0859 0.0371
v 0.0926 0.0802 -0.0605
v 0.0961 0.0761 -0.0455
v 0.0953 0.0825 -0.0442
v 0.0956 0.0828 -0.0424
v 0.0936 0.0851 0.0434
v 0.0926 0.0841 -0.0564
v 0.0927 0.0831 0.0453
v 0.0930 0.0873 -0.0524
v 0.0943 0.0913 -0.0448
v 0.0961 0.0893 -0.0371
v 0.0960 0.0895 0.0380
v 0.0957 0.0931 -0.0383
v 0.0950 0.0929 0.0409
v 0.0931 0.0950 0.0455
v 0.0968 0.0995 -0.0326
v 0.0948 0.1001 0.0416
v 0.0931 0.0990 0.0456
v 0.0959 0.1054 -0.0347
v 0.0959 0.1035 0.0385
v 0.0943 0.1082 -0.0408
v 0.0920 0.1082 0.0474
v 0.0931 0.1111 -0.0441
v 0.0956 0.1142 -0.0308
v 0.0952 0.1144 0.0378
v 0.0922 0.1165 -0.0449
v 0.0942 0.1173 -0.0361
v 0.0957 0.1148 -0.0294
v 0.0957 0.1196 -0.0244
v 0.0961 0.1199 -0.0209
v 0.0962 0.1217 0.0308
v 0.0937 0.1206 0.0394
v 0.0930 0.1228 -0.0377
v 0.0949 0.1242 -0.0233
v 0.0957 0.1238 -0.0178
v 0.0956 0.1193 0.0345
v 0.0942 0.1278 -0.0239
v 0.0955 0.1275 -0.0122
v 0.0952 0.1292 0.0291
v 0.0922 0.1333 -0.0311
v 0.0943 0.1376 -0.0039
v 0.0959 0.1289 -0.0061
v 0.0957 0.1336 0.0043
v 0.0960 0.1299 0.0237
v 0.0934 0.1331 0.0337
v 0.0927 0.1314 0.0372
v 0.0928 0.1327 -0.0276
v 0.0939 0.1355 -0.0125
v 0.0940 0.1428 0.0040
v 0.0955 0.1338 0.0016
v 0.0959 0.1330 0.0057
v 0.0957 0.1353 0.0126
v 0.0955 0.1350 0.0183
v 0.0938 0.1382 0.0276
v 0.0926 0.1407 -0.0162
v 0.0921 0.1449 0.0300
v 0.0924 0.1393 0.0331
v 0.0919 0.1484 -0.0090
v 0.0934 0.1470 0.0158
v 0.0921 0.1510 -0.0011
v 0.0929 0.1498 0.0118
v 0.0935 0.1440 0.0219
v 0.0924 0.1467 0.0261
v 0.0925 0.1516 0.0100
v 0.0921 0.1524 0.0199
v 0.0982 0.0260 -0.0570
v 0.0963 0.0226 -0.0534
v 0.0971 0.0245 -0.0418
v 0.0958 0.0230 -0.0419
v 0.0961 0.0242 -0.0646
v 0.0965 0.0242 -0.0382
v 0.0975 0.0340 -0.0245
v 0.0974 0.0360 -0.0164
v 0.0968 0.0324 -0.0076
v 0.0973 0.0304 0.0111
v 0.0963 0.0290 0.0206
v 0.0997 0.0317 -0.0631
v 0.1001 0.0323 -0.0469
v 0.0996 0.0348 -0.0394
v 0.0970 0.0340 -0.0155
v 0.0979 0.0341 0.0050
v 0.0974 0.0320 0.0140
v 0.0996 0.0405 -0.0738
v 0.0982 0.0318 -0.0701
v 0.0989 0.0420 0.0022
v 0.0986 0.0390 0.0118
v 0.0980 0.0390 0.0183
v 0.1000 0.0390 -0.0701
v 0.0986 0.0400 -0.0260
v 0.0983 0.0431 -0.0155
v 0.0962 0.0348 0.0262
v 0.0997 0.0418 -0.0724
v 0.0993 0.0426 -0.0304
v 0.0987 0.0482 -0.0182
v 0.0996 0.0486 0.0029
v 0.0995 0.0472 0.0049
v 0.0976 0.0460 0.0238
v 0.0968 0.0494 -0.0799
v 0.1000 0.0484 -0.0709
v 0.0989 0.0543 -0.0217
v 0.0997 0.0552 -0.0044
v 0.0992 0.0491 -0.0055
v 0.0986 0.0534 0.0205
v 0.0962 0.0431 0.0289
v 0.0982 0.0545 -0.0739
v 0.0999 0.0481 -0.0348
v 0.0988 0.0586 -0.0262
v 0.0990 0.0520 -0.0140
v 0.0997 0.0509 0.0103
v 0.0996 0.0559 -0.0661
v 0.0978 0.0671 -0.0362
v 0.0984 0.0645 -0.0325
v 0.0986 0.0617 -0.0296
v 0.0990 0.0560 -0.0180
v 0.0972 0.0561 0.0275
v 0.0965 0.0526 0.0293
v 0.0998 0.0571 -0.0620
v 0.0978 0.0660 -0.0548
v 0.1002 0.0565 -0.0524
v 0.0981 0.0657 -0.0430
v 0.0989 0.0600 -0.0220
v 0.0995 0.0595 -0.0105
v 0.1001 0.0619 0.0139
v 0.0969 0.0611 -0.0712
v 0.0994 0.0685 -0.0157
v 0.0994 0.0635 -0.0145
v 0.0997 0.0588 -0.0080
v 0.0976 0.0654 0.0277
v 0.0969 0.0631 0.0297
v 0.0971 0.0646 -0.0648
v 0.0960 0.0743 -0.0495
v 0.0970 0.0742 -0.0383
v 0.0988 0.0715 -0.0216
v 0.0997 0.0622 -0.0101
v 0.0998 0.0630 0.0165
v 0.1002 0.0757 0.0201
v 0.0977 0.0741 0.0296
v 0.0982 0.0759 -0.0265
v 0.0994 0.0710 0.0219
v 0.0974 0.0760 -0.0340
v 0.0995 0.0880 0.0272
v 0.0966 0.0751 0.0333
v 0.0964 0.0772 -0.0403
v 0.0975 0.0838 -0.0308
v 0.0987 0.0756 -0.0228
v 0.0978 0.0825 0.0314
v 0.0968 0.0791 0.0335
v 0.1000 0.0919 0.0255
v 0.0999 0.0937 -0.0185
v 0.1009 0.0927 -0.0135
v 0.1001 0.0898 -0.0175
v 0.0976 0.0951 0.0340
v 0.0996 0.0984 -0.0189
v 0.0965 0.0951 0.0372
v 0.0986 0.1039 -0.0220
v 0.0991 0.1048 0.0282
v 0.0992 0.1069 -0.0153
v 0.1000 0.1032 -0.0137
v 0.1000 0.1045 0.0236
v 0.0968 0.1075 0.0352
v 0.0974 0.1102 -0.0240
v 0.0981 0.1121 0.0288
v 0.0971 0.1069 0.0343
v 0.0978 0.1150 -0.0152
v 0.0999 0.1090 -0.0073
v 0.1001 0.1112 -0.0017
v 0.1001 0.1116 0.0002
v 0.0999 0.1119 0.0186
v 0.0985 0.1153 0.0242
v 0.0962 0.1155 -0.0256
v 0.0986 0.1158 -0.0074
v 0.0994 0.1167 0.0144
v 0.0967 0.1292 0.0050
v 0.0980 0.1200 0.0220
v 0.0962 0.1234 -0.0136
v 0.0968 0.1294 0.0118
v 0.0972 0.1253 0.0204
v 0.0963 0.1262 -0.0075
v 0.0965 0.1277 -0.0020
v 0.0966 0.1301 0.0165
v 0.0963 0.1267 0.0255
v 0.1014 0.0365 -0.0563
v 0.1017 0.0369 -0.0533
v 0.1001 0.0317 -0.0491
v 0.1017 0.0385 -0.0598
v 0.1012 0.0424 -0.0676
v 0.1014 0.0428 -0.0464
v 0.1002 0.0394 -0.0390
v 0.1017 0.0468 -0.0618
v 0.1018 0.0474 -0.0523
v 0.1015 0.0501 -0.0551
v 0.1006 0.0502 -0.0422
v 0.1003 0.0475 -0.0387
v 0.1007 0.0542 -0.0590
v 0.1002 0.0553 -0.0616
v 0.1000 0.0558 0.0097
v 0.1002 0.0583 0.0001
v 0.1003 0.0615 0.0112
v 0.1018 0.0800 -0.0015
v 0.1011 0.0690 0.0081
v 0.1011 0.0749 -0.0059
v 0.1018 0.0762 0.0056
v 0.1009 0.0742 0.0143
v 0.1016 0.0813 -0.0049
v 0.1023 0.0839 0.0061
v 0.1021 0.0832 0.0095
v 0.1008 0.0819 0.0191
v 0.1003 0.0794 0.0210
v 0.1015 0.0907 -0.0090
v 0.1025 0.0910 0.0053
v 0.1024 0.0911 -0.0030
v 0.1023 0.0902 -0.0000
v 0.1017 0.0902 0.0158
v 0.1011 0.0878 0.0195
v 0.1021 0.0959 -0.0019
v 0.1018 0.0944 0.0161
v 0.1023 0.0960 0.0060
v 0.1009 0.1017 -0.0075
v 0.1017 0.1025 0.0027
v 0.1015 0.1044 0.0117
v 0.1013 0.1013 0.0172
v 0.1003 0.1076 -0.0058
v 0.1004 0.1114 0.0049
v 0.1002 0.1084 0.0204
v 0.1019 0.0995 -0.0030
v 0.1012 0.1068 0.0081
vn -0.9802 -0.1981 -0.0076
vn -0.9753 -0.2159 0.0476
vn -0.9668 -0.2036 -0.1546
vn -0.9607 -0.1987 0.1939
vn -0.9712 -0.0256 -0.2368
vn -0.9690 0.1640 -0.1847
vn -0.9986 -0.0012 0.0538
vn -0.9959 0.0175 0.0890
vn -0.9986 0.0309 -0.0431
vn -0.9433 0.2904 -0.1610
vn -0.9872 -0.1507 0.0519
vn -0.9780 0.2038 -0.0436
vn -0.9920 0.1214 0.0338
vn -0.9885 -0.0786 0.1292
vn -0.9841 -0.0773 0.1597
vn -0.9963 -0.0821 -0.0240
vn -0.9962 -0.0774 0.0408
vn -0.9912 -0.0334 -0.1284
vn -0.9954 -0.0322 -0.0898
vn -0.9982 -0.0568 -0.0190
vn -0.9990 0.0388 0.0213
vn -0.9953 -0.0403 0.0875
vn -0.9916 -0.0179 -0.1283
vn -0.9994 -0.0317 -0.0131
vn -0.9872 -0.0105 0.1593
vn -0.9754 0.0774 -0.2065
vn -0.9947 0.0355 -0.0966
vn -0.9906 0.1264 -0.0525
vn -0.9933 0.0520 0.1030
vn -0.9991 0.0004 0.0417
vn -0.9991 0.0232 0.0348
vn -0.9895 0.0928 -0.1110
vn -0.9887 0.1229 0.0858
vn -0.9946 0.0976 -0.0341
vn -0.9874 0.1555 -0.0305
vn -0.2491 -0.9676 -0.0413
vn -0.7175 -0.6928 0.0719
vn -0.7797 -0.6167 -0.1083
vn -0.7570 -0.6417 -0.1231
vn -0.9369 -0.3146 0.1525
vn -0.9576 -0.2882 0.0037
vn -0.9785 -0.1911 0.0779
vn -0.9426 -0.3339 0.0008
vn -0.8909 -0.3008 -0.3404
vn -0.9809 -0.1837 0.0644
vn -0.9713 -0.2380 0.0043
vn -0.9798 -0.1984 -0.0262
vn -0.9756 -0.1850 0.1185
vn -0.9941 -0.0614 0.0896
vn -0.9672 -0.2355 0.0956
vn -0.9792 -0.2027 -0.0108
vn -0.9818 -0.1254 0.1430
vn -0.9811 -0.0391 0.1895
vn -0.9123 0.2036 -0.3554
vn -0.9301 -0.0611 -0.3623
vn -0.9720 -0.0778 0.2218
vn -0.9953 -0.0936 -0.0245
vn -0.9900 -0.1409 0.0114
vn -0.9948 -0.0988 -0.0230
vn -0.9907 -0.1062 0.0847
vn -0.9970 -0.0720 0.0278
vn -0.9984 -0.0478 -0.0316
vn -0.9908 -0.0539 0.1245
vn -0.9993 0.0327 -0.0186
vn -0.9730 -0.0701 0.2198
vn -0.9561 -0.0390 0.2906
vn -0.9982 -0.0262 -0.0535
vn -0.9947 -0.0116 -0.1021
vn -0.9380 0.3125 -0.1498
vn -0.9340 0.2783 -0.2241
vn -0.9963 0.0115 -0.0849
vn -0.9570 -0.0694 0.2815
vn -0.9917 0.1217 -0.0407
vn -0.9928 -0.0096 -0.1196
vn -0.9800 -0.0732 0.1852
vn -0.9930 0.0480 -0.1079
vn -0.9798 0.0014 0.2002
vn -0.9812 0.0983 -0.1660
vn -0.9808 0.0628 -0.1847
vn -0.9643 -0.0149 0.2644
vn -0.9739 0.0634 -0.2180
vn -0.9737 0.0441 -0.2235
vn -0.9845 0.0981 -0.1453
vn -0.9796 0.0597 0.1918
vn -0.9729 0.0635 -0.2223
vn -0.9816 0.0784 -0.1741
vn -0.9867 0.1336 -0.0931
vn -0.9584 0.0685 0.2771
vn -0.9704 0.0976 -0.2208
vn -0.9705 0.2342 0.0570
vn -0.9758 0.1430 -0.1652
vn -0.9863 0.1648 0.0114
vn -0.9755 0.1923 -0.1064
vn -0.9931 0.1165 -0.0085
vn -0.9799 0.1706 0.1032
vn -0.9722 0.2189 -0.0834
vn -0.9792 0.2026 -0.0103
vn -0.9786 0.1978 0.0574
vn -0.9526 -0.3037 -0.0183
vn -0.9521 -0.3010 0.0530
vn -0.9483 -0.3126 -0.0556
vn -0.9562 -0.2902 -0.0377
vn -0.9464 -0.3182 0.0557
vn -0.9472 -0.3009 0.1103
vn -0.0812 -0.5662 -0.8203
vn -0.6665 -0.7054 -0.2412
vn 0.0428 -0.8864 -0.4610
vn -0.6354 -0.7286 -0.2557
vn -0.9639 -0.2653 -0.0245
vn -0.9646 -0.2612 -0.0355
vn -0.9650 -0.2567 0.0531
vn -0.9442 -0.2734 0.1837
vn -0.8487 -0.4478 -0.2815
vn -0.9504 -0.1961 0.2416
vn -0.8080 -0.3542 -0.4707
vn -0.9464 -0.1054 0.3053
vn -0.9602 -0.0888 0.2647
vn -0.8519 -0.1564 -0.4999
vn -0.7806 -0.0975 -0.6174
vn -0.8596 0.1213 -0.4964
vn -0.7856 0.3848 -0.4844
vn -0.8688 0.3635 -0.3362
vn -0.9571 -0.0650 0.2825
vn -0.8080 0.4973 -0.3159
vn -0.9042 0.3441 -0.2531
vn -0.9536 -0.0627 0.2945
vn -0.9457 -0.0722 0.3170
vn -0.8679 0.3393 -0.3628
vn -0.9792 0.1065 -0.1726
vn -0.9632 0.1945 -0.1854
vn -0.9363 0.1392 -0.3224
vn -0.9498 0.1638 -0.2664
vn -0.9538 -0.0200 0.2997
vn -0.9544 0.0808 -0.2872
vn -0.9432 0.0442 0.3294
vn -0.9330 0.1285 0.3361
vn -0.9571 0.1143 -0.2662
vn -0.9535 0.1380 0.2681
vn -0.9432 0.1449 -0.2989
vn -0.9758 0.1612 -0.1478
vn -0.9457 0.1759 -0.2734
vn -0.9582 0.1885 -0.2152
vn -0.9671 0.2035 -0.1524
vn -0.9675 0.1640 0.1927
vn -0.9513 0.2339 -0.2009
vn -0.9375 0.1747 0.3010
vn -0.9723 0.1958 0.1278
vn -0.9658 0.1739 -0.1923
vn -0.9784 0.1723 -0.1142
vn -0.9786 0.1922 -0.0738
vn -0.9800 0.1936 -0.0466
vn -0.9778 0.2082 -0.0231
vn -0.9622 0.2335 0.1399
vn -0.9551 0.1942 0.2237
vn -0.9767 0.1990 0.0809
vn -0.9809 0.1918 0.0333
vn -0.9789 0.1800 -0.0964
vn -0.9833 0.1739 -0.0533
vn -0.8866 -0.4232 -0.1866
vn -0.9184 -0.3632 -0.1570
vn -0.9331 -0.3597 0.0050
vn -0.9395 -0.3426 0.0007
vn -0.9364 -0.3426 0.0758
vn -0.9309 -0.3463 0.1167
vn -0.6292 -0.5724 -0.5257
vn -0.9358 -0.3514 0.0278
vn -0.1506 -0.7534 -0.6401
vn -0.6528 -0.6253 -0.4276
vn -0.9443 -0.3246 -0.0543
vn -0.9455 -0.3118 0.0942
vn -0.9298 -0.3222 0.1778
vn -0.5187 -0.8047 -0.2887
vn -0.9212 -0.2824 0.2676
vn -0.9201 -0.2240 0.3214
vn -0.2452 -0.9618 0.1218
vn -0.0622 -0.9973 0.0388
vn -0.8453 -0.5245 -0.1019
vn 0.0931 -0.9904 -0.1026
vn -0.9215 -0.1751 0.3466
vn -0.7173 -0.3706 -0.5900
vn -0.9229 -0.0395 0.3829
vn -0.7043 -0.0829 -0.7050
vn -0.9289 -0.1206 0.3502
vn -0.6963 0.1363 -0.7047
vn -0.9492 -0.0130 0.3144
vn -0.9256 -0.1145 0.3609
vn -0.8133 0.2844 -0.5075
vn -0.9347 -0.0238 0.3546
vn -0.7483 0.2378 -0.6192
vn -0.9338 -0.0412 0.3553
vn -0.7769 0.4190 -0.4700
vn -0.9429 -0.0534 0.3289
vn -0.8192 0.3805 -0.4291
vn -0.8713 0.3562 -0.3376
vn -0.9066 0.3019 -0.2948
vn -0.9157 -0.0668 0.3964
vn -0.8981 0.2665 -0.3499
vn -0.9345 -0.0539 0.3519
vn -0.9267 -0.0683 0.3695
vn -0.9157 0.1393 -0.3769
vn -0.9401 0.0704 -0.3336
vn -0.9382 -0.0248 0.3453
vn -0.8988 0.0728 0.4323
vn -0.8923 0.1014 -0.4399
vn -0.9195 0.0986 -0.3805
vn -0.9364 0.0786 -0.3420
vn -0.9301 0.0396 0.3651
vn -0.9163 0.0852 0.3913
vn -0.8990 0.1348 -0.4166
vn -0.9195 0.1352 0.3691
vn -0.9084 0.1795 -0.3776
vn -0.9244 0.1523 -0.3498
vn -0.8973 0.1720 0.4065
vn -0.9170 0.0874 0.3891
vn -0.9046 0.1809 0.3859
vn -0.9285 0.1893 0.3195
vn -0.9527 0.1924 -0.2352
vn -0.9497 0.2006 0.2405
vn -0.9612 0.1814 -0.2078
vn -0.9751 0.1756 -0.1351
vn -0.9605 0.2153 0.1763
vn -0.9721 0.1672 -0.1645
vn -0.9815 0.1704 -0.0875
vn -0.9830 0.1734 -0.0601
vn -0.9757 0.2030 0.0830
vn -0.9401 0.2396 0.2423
vn -0.9557 0.2465 0.1607
vn -0.9703 0.2047 -0.1288
vn -0.9811 0.1922 -0.0207
vn -0.9732 0.2172 -0.0755
vn -0.9521 0.3053 0.0150
vn -0.9563 0.2842 0.0685
vn -0.9116 0.3450 -0.2234
vn -0.9619 0.2548 0.0995
vn -0.9676 -0.2523 -0.0020
vn -0.9492 -0.3119 0.0418
vn -0.9391 -0.3413 0.0410
vn -0.9081 -0.3115 -0.2799
vn -0.9486 -0.3160 -0.0191
vn -0.9235 -0.3757 0.0774
vn -0.6160 -0.4044 -0.6760
vn -0.9143 -0.3730 0.1581
vn -0.8937 -0.3725 0.2501
vn -0.2738 -0.5574 -0.7838
vn -0.0880 -0.5585 -0.8248
vn -0.9055 -0.3463 0.2452
vn -0.8970 -0.2687 0.3510
vn -0.1063 -0.6183 -0.7787
vn -0.4313 -0.9011 0.0459
vn 0.0375 -0.8249 -0.5640
vn -0.4839 -0.8707 -0.0877
vn -0.9354 -0.1103 0.3359
vn -0.6438 -0.5456 -0.5365
vn 0.0836 -0.9909 0.1058
vn -0.6111 -0.1732 -0.7723
vn -0.9200 -0.0827 0.3830
vn -0.9051 -0.0465 0.4227
vn -0.9160 -0.0454 0.3986
vn -0.7175 0.3428 -0.6064
vn -0.7121 0.4196 -0.5629
vn -0.7354 0.4785 -0.4799
vn -0.9307 -0.0691 0.3592
vn -0.9107 -0.0766 0.4060
vn -0.8621 0.2490 -0.4414
vn -0.8799 -0.0755 0.4691
vn -0.7833 0.3731 -0.4973
vn -0.8376 0.2436 -0.4890
vn -0.8742 0.3340 -0.3526
vn -0.9072 -0.0763 0.4138
vn -0.8654 0.1423 -0.4805
vn -0.8924 0.1527 -0.4247
vn -0.9026 0.1243 0.4122
vn -0.8668 0.1578 -0.4730
vn -0.8477 0.1811 -0.4986
vn -0.8605 0.1837 0.4752
vn -0.8817 0.1760 -0.4377
vn -0.8800 0.1900 -0.4353
vn -0.8845 0.1921 -0.4252
vn -0.8771 0.1768 0.4467
vn -0.9239 0.1897 -0.3324
vn -0.8874 0.1867 -0.4216
vn -0.9043 0.1776 0.3882
vn -0.9455 0.1813 -0.2703
vn -0.8945 0.2109 -0.3943
vn -0.9255 0.2478 0.2866
vn -0.9408 0.2053 -0.2698
vn -0.9409 0.2780 0.1936
vn -0.8967 0.3443 0.2781
vn -0.9046 0.3039 0.2989
vn -0.9458 0.2522 -0.2044
vn -0.9432 0.2932 -0.1565
vn -0.9055 0.3765 0.1955
vn -0.9178 0.3365 0.2108
vn -0.9435 0.2903 -0.1599
vn -0.9524 0.2925 0.0856
vn -0.8927 0.4136 0.1792
vn -0.9464 0.3090 -0.0941
vn -0.9398 0.3366 -0.0588
vn -0.9271 0.3659 0.0808
vn -0.9294 0.3484 0.1217
vn -0.9855 -0.1692 -0.0118
vn -0.9783 -0.2065 0.0175
vn -0.9314 -0.0644 -0.3583
vn -0.7836 -0.2132 -0.5836
vn -0.9270 -0.3494 0.1363
vn -0.5761 0.0948 -0.8119
vn -0.9299 -0.3311 -0.1603
vn -0.9669 -0.2549 0.0097
vn -0.9531 -0.2892 0.0888
vn -0.9363 -0.3376 0.0966
vn -0.9251 -0.3662 0.1003
vn -0.9071 -0.3744 0.1924
vn -0.8909 -0.3337 0.3082
vn -0.8871 -0.3570 0.2926
vn -0.8430 -0.3393 0.4175
vn -0.8604 -0.3093 0.4050
vn -0.8200 -0.2558 0.5120
vn -0.5083 -0.6604 -0.5527
vn -0.8621 -0.2360 0.4485
vn -0.2434 -0.9597 0.1407
vn -0.5743 -0.5302 -0.6238
vn -0.8841 -0.1301 0.4488
vn -0.8471 -0.1656 0.5051
vn -0.6267 -0.3358 -0.7032
vn -0.8845 -0.0491 0.4640
vn -0.6194 0.2953 -0.7274
vn -0.8654 -0.0751 0.4955
vn -0.8916 -0.0891 0.4439
vn -0.6774 0.3940 -0.6212
vn -0.7450 0.4080 -0.5278
vn -0.8710 -0.0432 0.4894
vn -0.8302 0.0005 0.5575
vn -0.8252 0.1962 -0.5297
vn -0.8994 -0.0019 0.4371
vn -0.8534 0.1054 0.5105
vn -0.8296 0.1645 -0.5336
vn -0.8327 0.1581 -0.5307
vn -0.8091 0.1693 0.5628
vn -0.8619 0.1448 -0.4859
vn -0.8601 0.1672 0.4819
vn -0.8427 0.1840 -0.5060
vn -0.8404 0.1801 0.5112
vn -0.8672 0.1895 -0.4605
vn -0.8482 0.1911 -0.4941
vn -0.8577 0.2035 -0.4721
vn -0.8956 0.1826 0.4058
vn -0.8588 0.1926 0.4747
vn -0.8727 0.2737 -0.4042
vn -0.8847 0.2461 0.3958
vn -0.9121 0.2060 0.3546
vn -0.8476 0.2294 -0.4784
vn -0.9158 0.2253 -0.3325
vn -0.8519 0.2740 0.4464
vn -0.8872 0.2860 0.3619
vn -0.9138 0.2739 -0.2998
vn -0.8701 0.3469 -0.3502
vn -0.8783 0.3422 0.3339
vn -0.8710 0.3949 -0.2922
vn -0.8572 0.4626 0.2261
vn -0.8662 0.4162 0.2764
vn -0.8375 0.4311 -0.3358
vn -0.9187 0.3440 -0.1939
vn -0.9108 0.3849 -0.1491
vn -0.9057 0.3975 0.1473
vn -0.8749 0.4525 0.1724
vn -0.9020 0.4314 -0.0163
vn -0.9005 0.4335 0.0351
vn -0.8978 0.4274 0.1067
vn -0.9757 -0.2150 -0.0428
vn -0.9321 -0.2761 0.2346
vn -0.9147 0.0865 -0.3948
vn -0.7807 0.1369 -0.6098
vn -0.9678 -0.1075 -0.2274
vn -0.9823 -0.1655 -0.0873
vn -0.9735 -0.2142 0.0802
vn -0.9773 -0.1920 0.0893
vn -0.9631 -0.2429 0.1156
vn -0.9531 -0.2750 0.1262
vn -0.9433 -0.2747 0.1865
vn -0.9189 -0.3432 0.1945
vn -0.9341 -0.3201 0.1583
vn -0.9271 -0.3198 0.1954
vn -0.9182 -0.3423 0.1994
vn -0.8946 -0.3777 0.2389
vn -0.8967 -0.3775 0.2309
vn -0.8819 -0.3751 0.2854
vn -0.8631 -0.3660 0.3480
vn -0.6367 -0.1120 -0.7629
vn -0.8553 -0.3549 0.3775
vn -0.8251 -0.3177 0.4672
vn -0.5689 -0.3405 -0.7485
vn -0.4926 -0.6081 -0.6225
vn -0.4008 -0.8240 0.4005
vn -0.5452 -0.7920 -0.2749
vn -0.3470 -0.8487 -0.3991
vn -0.5115 -0.7923 -0.3326
vn -0.4708 -0.6291 -0.6185
vn -0.4979 -0.4881 -0.7168
vn -0.4590 -0.3638 -0.8105
vn -0.7922 -0.1278 0.5967
vn -0.4683 -0.0475 -0.8823
vn -0.8697 -0.0795 0.4871
vn -0.8185 -0.0754 0.5696
vn -0.5592 0.3243 -0.7629
vn -0.6601 0.3848 -0.6451
vn -0.8477 -0.0318 0.5296
vn -0.7552 0.3693 -0.5416
vn -0.7721 0.3118 -0.5538
vn -0.7644 0.2437 -0.5969
vn -0.7338 0.2697 -0.6235
vn -0.8127 0.0915 0.5755
vn -0.8071 0.1751 -0.5639
vn -0.7714 0.1605 0.6158
vn -0.7999 0.1785 -0.5730
vn -0.7753 0.1912 -0.6019
vn -0.8018 0.1931 -0.5655
vn -0.8108 0.1946 -0.5520
vn -0.8096 0.2152 -0.5462
vn -0.8082 0.1767 0.5618
vn -0.8569 0.1865 0.4806
vn -0.8229 0.2290 -0.5200
vn -0.8459 0.1965 0.4957
vn -0.8078 0.2767 -0.5204
vn -0.8353 0.2758 -0.4757
vn -0.8493 0.4009 0.3434
vn -0.8379 0.3471 -0.4212
vn -0.8198 0.4103 -0.3995
vn -0.8127 0.4591 0.3587
vn -0.8033 0.4532 -0.3863
vn -0.8506 0.4837 0.2060
vn -0.8361 0.4547 -0.3068
vn -0.8686 0.4273 -0.2508
vn -0.8869 0.4242 -0.1829
vn -0.8546 0.4545 0.2512
vn -0.8381 0.5154 0.1787
vn -0.8587 0.4634 -0.2188
vn -0.8917 0.4422 -0.0965
vn -0.8651 0.4966 -0.0711
vn -0.8747 0.4846 -0.0014
vn -0.8733 0.4799 0.0841
vn -0.8590 0.4864 0.1596
vn -0.9613 -0.2746 0.0243
vn -0.9479 -0.2880 0.1365
vn -0.9576 -0.2466 -0.1491
vn -0.9667 -0.2415 -0.0844
vn -0.9622 -0.2642 0.0666
vn -0.9614 -0.2517 0.1109
vn -0.9372 -0.2857 0.2003
vn -0.9100 -0.3097 0.2755
vn -0.9480 -0.2364 -0.2131
vn -0.9303 -0.0676 -0.3605
vn -0.9005 0.0794 -0.4275
vn -0.9102 -0.3148 0.2692
vn -0.7212 0.4666 -0.5120
vn -0.6959 0.4351 -0.5713
vn -0.9032 -0.3514 0.2467
vn -0.8612 -0.3953 0.3195
vn -0.8780 -0.3905 0.2770
vn -0.6752 0.2287 -0.7013
vn -0.8713 -0.3757 0.3159
vn -0.8359 -0.3789 0.3970
vn -0.8022 -0.0559 -0.5944
vn -0.7994 -0.3379 0.4968
vn -0.7984 -0.3066 0.5182
vn -0.7607 -0.3148 0.5676
vn -0.6384 -0.4523 -0.6228
vn -0.8255 -0.2324 0.5143
vn -0.6710 -0.6597 0.3385
vn -0.7474 -0.2940 0.5957
vn -0.6995 -0.4682 -0.5399
vn -0.3382 -0.8784 0.3376
vn -0.4333 -0.5064 0.7455
vn -0.6686 -0.5861 -0.4577
vn -0.7954 -0.2275 0.5617
vn -0.3748 -0.5978 -0.7087
vn -0.6990 -0.7127 0.0588
vn -0.3029 -0.9429 -0.1383
vn -0.8258 -0.1256 0.5499
vn -0.7083 -0.1993 0.6772
vn -0.4790 0.1463 -0.8656
vn -0.5952 0.3709 -0.7129
vn -0.7971 -0.0735 0.5994
vn -0.8172 -0.0106 0.5763
vn -0.6981 0.3368 -0.6318
vn -0.6328 0.5077 -0.5846
vn -0.5255 0.6458 0.5539
vn -0.7381 0.1633 -0.6546
vn -0.7796 0.1752 0.6012
vn -0.7286 0.2014 0.6546
vn -0.7423 0.1719 -0.6477
vn -0.7837 0.2037 0.5867
vn -0.8131 0.1952 0.5484
vn -0.7903 0.1941 -0.5812
vn -0.7634 0.1871 0.6182
vn -0.7829 0.2044 -0.5876
vn -0.7774 0.2424 -0.5805
vn -0.7781 0.3516 -0.5206
vn -0.8024 0.3422 0.4890
vn -0.7593 0.3337 0.5587
vn -0.8198 0.3680 0.4387
vn -0.7865 0.3849 -0.4829
vn -0.7678 0.4747 -0.4303
vn -0.8203 0.4742 0.3196
vn -0.8087 0.4911 0.3236
vn -0.8306 0.4844 0.2747
vn -0.8163 0.4667 -0.3403
vn -0.8344 0.4987 0.2344
vn -0.8403 0.4997 0.2103
vn -0.8487 0.5130 -0.1283
vn -0.9532 -0.2858 0.0988
vn -0.9371 -0.2829 0.2044
vn -0.9414 -0.2264 -0.2498
vn -0.9655 -0.2419 -0.0964
vn -0.9589 -0.2807 0.0426
vn -0.9087 -0.3029 0.2871
vn -0.9459 -0.2388 -0.2196
vn -0.9407 -0.2923 0.1722
vn -0.8898 -0.2237 -0.3977
vn -0.9252 -0.2231 -0.3069
vn -0.8870 -0.3448 0.3072
vn -0.8684 -0.3590 0.3420
vn -0.8936 -0.2153 -0.3938
vn -0.8644 -0.3750 0.3350
vn -0.8889 -0.1323 -0.4385
vn -0.8892 0.0506 -0.4548
vn -0.7841 0.4197 -0.4572
vn -0.8614 -0.3941 0.3203
vn -0.8433 -0.4291 0.3236
vn -0.8530 0.2996 -0.4274
vn -0.8160 -0.4385 0.3766
vn -0.8102 -0.3845 0.4423
vn -0.8039 0.2541 -0.5377
vn -0.9114 -0.2941 0.2879
vn -0.7979 -0.3576 0.4853
vn -0.8614 -0.1487 -0.4857
vn -0.7296 -0.3416 0.5925
vn -0.7022 -0.2892 0.6506
vn -0.6653 -0.6886 -0.2884
vn -0.4480 -0.6798 -0.5807
vn -0.6515 -0.7346 0.1893
vn -0.8476 -0.3652 -0.3851
vn -0.4229 -0.6689 -0.6113
vn -0.5422 -0.7459 0.3868
vn -0.7915 -0.5618 -0.2407
vn -0.6720 -0.6194 -0.4059
vn -0.3803 -0.6534 -0.6545
vn -0.8214 -0.5567 0.1240
vn -0.5952 -0.7807 -0.1903
vn -0.7040 -0.2556 0.6627
vn -0.7407 -0.2324 0.6303
vn -0.2733 -0.4781 -0.8347
vn -0.3422 0.0384 -0.9388
vn -0.7510 -0.0924 0.6538
vn -0.5214 0.3272 -0.7881
vn -0.7347 -0.0962 0.6715
vn -0.6124 0.3545 -0.7066
vn -0.5913 0.4646 -0.6592
vn -0.7520 -0.0737 0.6550
vn -0.7592 0.0260 0.6503
vn -0.1273 0.3437 -0.9304
vn -0.6783 0.0955 0.7285
vn -0.1583 -0.1644 -0.9736
vn -0.6232 0.1777 -0.7616
vn -0.7097 0.1450 0.6894
vn -0.6885 0.1697 0.7051
vn -0.7721 0.1910 -0.6061
vn -0.7402 0.1881 0.6456
vn -0.7571 0.2203 -0.6151
vn -0.7905 0.1983 0.5794
vn -0.7745 0.2902 -0.5621
vn -0.7295 0.3009 -0.6142
vn -0.8093 0.2439 0.5344
vn -0.7527 0.3555 -0.5541
vn -0.7384 0.4148 -0.5318
vn -0.7726 0.4256 -0.4711
vn -0.7926 0.4311 0.4313
vn -0.7532 0.4523 -0.4776
vn -0.7464 0.5094 -0.4283
vn -0.8234 0.5119 -0.2451
vn -0.8159 0.5001 0.2902
vn -0.8008 0.4790 -0.3596
vn -0.8501 0.4864 -0.2020
vn -0.8208 0.5077 0.2618
vn -0.8280 0.5010 0.2520
vn -0.8444 0.5142 0.1504
vn -0.8359 0.5464 -0.0521
vn -0.8587 0.5095 0.0555
vn -0.9805 -0.1331 -0.1446
vn -0.9796 -0.1946 -0.0501
vn -0.9619 -0.1585 -0.2227
vn -0.9318 -0.2740 0.2382
vn -0.9793 -0.2006 -0.0271
vn -0.9569 -0.1974 -0.2128
vn -0.9643 -0.2196 -0.1479
vn -0.9736 -0.2247 0.0410
vn -0.9549 -0.2502 0.1599
vn -0.9374 -0.1696 -0.3041
vn -0.9457 -0.2680 -0.1840
vn -0.9210 -0.2742 0.2768
vn -0.9098 -0.2909 0.2960
vn -0.9204 -0.2091 -0.3303
vn -0.8781 -0.2032 -0.4332
vn -0.8954 -0.1920 -0.4016
vn -0.8714 -0.3201 0.3718
vn -0.8827 -0.2148 -0.4180
vn -0.8377 -0.3675 0.4041
vn -0.7903 -0.4273 0.4391
vn -0.8552 -0.2091 -0.4742
vn -0.8257 -0.4217 0.3747
vn -0.8419 -0.1953 -0.5031
vn -0.7358 0.0365 -0.6763
vn -0.8091 -0.4917 0.3218
vn -0.9053 0.2322 -0.3558
vn -0.7770 -0.4646 0.4248
vn -0.8673 0.3238 -0.3781
vn -0.9373 0.1146 -0.3293
vn -0.7433 -0.3753 0.5538
vn -0.8935 0.0903 -0.4400
vn -0.9350 -0.0888 -0.3432
vn -0.9252 -0.1799 -0.3340
vn -0.7178 -0.3187 0.6191
vn -0.9074 -0.3943 0.1454
vn -0.9347 -0.2632 -0.2387
vn -0.6862 -0.3039 0.6609
vn -0.8353 -0.4958 0.2377
vn -0.9336 -0.3581 0.0126
vn -0.9078 -0.3983 -0.1314
vn -0.8660 -0.3882 -0.3153
vn -0.3744 -0.6734 -0.6375
vn -0.7780 -0.6280 0.0195
vn -0.7002 -0.2587 0.6654
vn -0.6761 -0.2356 0.6981
vn -0.2943 -0.2657 -0.9180
vn -0.6928 -0.0856 0.7160
vn -0.1750 -0.2652 -0.9482
vn -0.7080 -0.2170 0.6720
vn -0.2716 -0.0675 -0.9600
vn -0.7080 0.0180 0.7060
vn -0.4289 0.1815 -0.8849
vn -0.7407 -0.0778 0.6674
vn -0.4626 0.1115 -0.8795
vn -0.3473 0.5382 -0.7679
vn -0.1211 0.6255 -0.7708
vn -0.6556 0.1535 0.7393
vn -0.3258 -0.0731 -0.9426
vn -0.7341 0.1642 0.6589
vn -0.5378 -0.1117 -0.8356
vn -0.7210 0.1915 -0.6659
vn -0.7039 0.1893 0.6846
vn -0.6659 0.1864 0.7224
vn -0.7537 0.1986 -0.6265
vn -0.7260 0.2079 -0.6555
vn -0.7201 0.2398 -0.6511
vn -0.7269 0.2185 0.6511
vn -0.7404 0.2481 -0.6248
vn -0.6816 0.2619 0.6832
vn -0.7428 0.2771 0.6095
vn -0.7212 0.3625 -0.5903
vn -0.7474 0.4012 0.5295
vn -0.7475 0.4221 -0.5130
vn -0.7608 0.4719 0.4456
vn -0.7192 0.4580 -0.5225
vn -0.7880 0.4737 0.3934
vn -0.7064 0.5147 -0.4859
vn -0.7775 0.4693 -0.4187
vn -0.8079 0.5076 0.2995
vn -0.7673 0.4787 -0.4268
vn -0.8068 0.4821 -0.3416
vn -0.8246 0.5147 0.2349
vn -0.8334 0.5172 0.1945
vn -0.8102 0.5496 0.2037
vn -0.7778 0.6256 -0.0599
vn -0.9511 -0.2951 0.0911
vn -0.9622 -0.2318 -0.1431
vn -0.9665 -0.2566 -0.0047
vn -0.9274 -0.2754 0.2531
vn -0.9494 -0.2722 0.1564
vn -0.9463 -0.1698 -0.2752
vn -0.9562 -0.1470 -0.2530
vn -0.9703 -0.1763 -0.1657
vn -0.9729 -0.2273 0.0427
vn -0.8830 -0.2776 0.3786
vn -0.9209 -0.1340 -0.3660
vn -0.9420 -0.1503 -0.2999
vn -0.9097 -0.2739 0.3120
vn -0.8718 -0.2830 0.3998
vn -0.9282 -0.0787 -0.3636
vn -0.8988 -0.1341 -0.4173
vn -0.8865 -0.2842 0.3652
vn -0.8222 -0.0688 -0.5650
vn -0.8288 -0.3372 0.4466
vn -0.8137 -0.3381 0.4729
vn -0.8386 -0.1602 -0.5206
vn -0.8685 -0.1734 -0.4644
vn -0.8263 -0.3208 0.4629
vn -0.8291 -0.1910 -0.5255
vn -0.7852 -0.4562 0.4187
vn -0.7763 -0.4548 0.4364
vn -0.8097 -0.2143 -0.5464
vn -0.8497 -0.1516 -0.5050
vn -0.7923 -0.4723 0.3862
vn -0.7673 -0.4949 0.4079
vn -0.8781 -0.1507 -0.4541
vn -0.9683 0.0815 -0.2361
vn -0.7491 -0.4713 0.4656
vn -0.9131 0.3427 -0.2208
vn -0.7095 -0.0202 0.7044
vn -0.9640 -0.0662 -0.2576
vn -0.9760 0.0967 -0.1953
vn -0.9522 0.2006 -0.2304
vn -0.9963 0.0752 -0.0405
vn -0.7041 -0.3791 0.6004
vn -0.8086 -0.3379 -0.4817
vn -0.7470 -0.0576 0.6623
vn -0.9911 -0.0766 -0.1093
vn -0.9300 -0.3365 -0.1478
vn -0.9705 -0.1788 -0.1616
vn -0.9653 -0.0517 -0.2561
vn -0.6501 -0.4953 -0.5762
vn -0.9241 -0.3778 0.0583
vn -0.9885 -0.1515 -0.0046
vn -0.4845 -0.5668 -0.6663
vn -0.9598 -0.2626 -0.0994
vn -0.3620 -0.6035 -0.7104
vn -0.6230 -0.2638 0.7364
vn -0.6344 -0.2411 0.7344
vn -0.6270 -0.1910 0.7553
vn -0.2905 0.1050 -0.9511
vn -0.6748 -0.0299 0.7374
vn -0.6657 0.0263 0.7457
vn 0.2229 0.8578 -0.4631
vn 0.5609 0.4815 -0.6735
vn 0.5567 0.0806 -0.8268
vn 0.2662 -0.1729 -0.9483
vn 0.3774 -0.6428 -0.6666
vn -0.6118 0.1049 0.7840
vn -0.2219 -0.5153 -0.8278
vn 0.0823 -0.4726 -0.8774
vn -0.6539 -0.1413 -0.7433
vn -0.6274 0.1504 0.7640
vn -0.6988 0.1934 0.6887
vn -0.6788 0.2027 0.7058
vn -0.7138 0.2274 -0.6624
vn -0.6953 0.1958 0.6915
vn -0.6993 0.2805 -0.6575
vn -0.6935 0.3019 -0.6542
vn -0.6708 0.3395 -0.6593
vn -0.6432 0.3040 0.7028
vn -0.6668 0.3692 -0.6474
vn -0.6870 0.2998 0.6620
vn -0.7116 0.4321 -0.5540
vn -0.6937 0.3914 -0.6047
vn -0.7538 0.4582 0.4710
vn -0.7321 0.4703 -0.4928
vn -0.7270 0.5100 0.4598
vn -0.8021 0.5212 0.2915
vn -0.7781 0.5365 0.3267
vn -0.7806 0.5484 -0.2999
vn -0.8096 0.5331 0.2458
vn -0.7727 0.5030 -0.3871
vn -0.8058 0.5278 0.2686
vn -0.8209 0.5505 -0.1523
vn -0.8080 0.5802 0.1023
vn -0.9243 -0.3691 0.0970
vn -0.8930 -0.3546 -0.2771
vn -0.9538 -0.2978 -0.0391
vn -0.9386 -0.3448 -0.0083
vn -0.8846 -0.2715 -0.3792
vn -0.9221 -0.2958 -0.2496
vn -0.9446 -0.2973 -0.1391
vn -0.9191 -0.3341 0.2088
vn -0.9295 -0.2047 -0.3068
vn -0.9026 -0.1648 -0.3978
vn -0.8844 -0.3183 0.3413
vn -0.8644 -0.2992 0.4041
vn -0.8984 -0.1485 -0.4133
vn -0.8883 -0.1199 -0.4433
vn -0.8343 -0.2986 0.4635
vn -0.8987 -0.1191 -0.4221
vn -0.8499 -0.2843 0.4436
vn -0.8805 -0.1091 -0.4614
vn -0.8367 -0.3095 0.4519
vn -0.8571 -0.1243 -0.5000
vn -0.8617 -0.1522 -0.4841
vn -0.8109 -0.2937 0.5061
vn -0.8262 -0.1430 -0.5450
vn -0.7919 -0.3775 0.4800
vn -0.7913 -0.1709 -0.5870
vn -0.7057 -0.5172 0.4842
vn -0.7370 -0.5162 0.4364
vn -0.7067 -0.4885 0.5118
vn -0.7946 -0.1974 -0.5741
vn -0.6827 -0.4779 0.5527
vn -0.7158 -0.5157 0.4708
vn -0.7561 -0.2294 -0.6130
vn -0.6800 -0.4949 0.5410
vn -0.6393 -0.5507 0.5367
vn -0.6525 -0.4501 0.6097
vn -0.7074 -0.2614 -0.6567
vn -0.8254 -0.2604 -0.5010
vn -0.7694 -0.2566 -0.5850
vn -0.6523 -0.3661 0.6637
vn -0.9995 0.0016 0.0300
vn -0.6606 -0.2830 0.6954
vn -0.5804 -0.4595 -0.6723
vn -0.6405 -0.2708 0.7186
vn -0.2767 -0.5608 -0.7803
vn -0.5753 -0.2503 0.7787
vn -0.5601 -0.2267 0.7968
vn -0.2195 -0.4562 -0.8624
vn -0.6756 -0.1432 0.7232
vn -0.6378 -0.1392 0.7575
vn -0.6578 -0.1061 0.7457
vn -0.3952 0.2357 -0.8878
vn -0.3027 0.4538 -0.8381
vn 0.0485 0.9535 -0.2976
vn -0.1229 0.7762 -0.6184
vn 0.4034 0.7619 -0.5067
vn 0.5001 0.5766 -0.6461
vn 0.3149 0.4168 -0.8527
vn -0.5843 0.1214 0.8024
vn -0.6106 0.1504 0.7775
vn -0.6391 0.1752 0.7489
vn -0.6349 0.2021 -0.7457
vn -0.6473 0.1824 0.7401
vn -0.6893 0.2000 -0.6963
vn -0.6420 0.2120 0.7368
vn -0.6671 0.2390 -0.7056
vn -0.6509 0.2773 -0.7067
vn -0.6480 0.2462 0.7207
vn -0.6631 0.3538 0.6597
vn -0.5870 0.4199 -0.6922
vn -0.6809 0.4227 -0.5981
vn -0.6668 0.3991 0.6293
vn -0.6960 0.4336 -0.5724
vn -0.7001 0.4458 -0.5578
vn -0.7295 0.4735 -0.4937
vn -0.7735 0.5050 0.3829
vn -0.7293 0.4921 -0.4753
vn -0.7426 0.4999 -0.4457
vn -0.7370 0.5329 -0.4156
vn -0.7224 0.5845 0.3695
vn -0.7649 0.5271 0.3702
vn -0.6953 0.5393 -0.4751
vn -0.7741 0.5635 0.2885
vn -0.7107 0.5681 -0.4148
vn -0.7814 0.5757 0.2407
vn -0.7331 0.6084 0.3040
vn -0.7212 0.6038 -0.3394
vn -0.7674 0.6174 0.1729
vn -0.7473 0.6252 0.2250
vn -0.7327 0.6073 -0.3073
vn -0.7150 0.6527 -0.2503
vn -0.7300 0.6569 0.1886
vn -0.7455 0.6654 0.0395
vn -0.6917 0.7097 0.1338
vn -0.9146 -0.4043 -0.0081
vn -0.8783 -0.4330 0.2028
vn -0.8827 -0.3270 -0.3376
vn -0.9016 -0.3905 -0.1860
vn -0.9270 -0.3484 -0.1392
vn -0.9175 -0.3760 0.1295
vn -0.8665 -0.3438 0.3620
vn -0.8679 -0.2594 -0.4236
vn -0.8998 -0.2300 -0.3708
vn -0.9620 -0.1132 0.2484
vn -0.8784 -0.3734 0.2983
vn -0.8405 -0.2323 -0.4894
vn -0.8825 -0.1965 -0.4274
vn -0.8044 -0.3280 0.4954
vn -0.8334 -0.1790 -0.5229
vn -0.8225 -0.3151 0.4735
vn -0.8569 -0.1419 -0.4956
vn -0.8142 -0.2991 0.4976
vn -0.8512 -0.1172 -0.5115
vn -0.7906 -0.3088 0.5288
vn -0.8483 -0.0987 -0.5203
vn -0.8100 -0.2930 0.5079
vn -0.8211 -0.1200 -0.5580
vn -0.7689 -0.3849 0.5106
vn -0.7706 -0.1240 -0.6252
vn -0.7545 -0.4380 0.4887
vn -0.7742 -0.1430 -0.6166
vn -0.6389 -0.5802 0.5052
vn -0.7417 -0.2211 -0.6333
vn -0.6236 -0.5616 0.5438
vn -0.7555 -0.2315 -0.6129
vn -0.6130 -0.5294 0.5865
vn -0.6534 -0.2504 -0.7144
vn -0.6142 -0.4003 0.6800
vn -0.6036 -0.3726 0.7048
vn -0.6323 -0.5150 0.5787
vn -0.5389 -0.3971 -0.7429
vn -0.6036 -0.2869 0.7439
vn -0.5867 -0.2572 0.7679
vn -0.1702 -0.4857 -0.8574
vn -0.5553 -0.2484 0.7937
vn -0.1257 -0.3880 -0.9131
vn -0.6084 -0.2292 0.7598
vn -0.1392 -0.1749 -0.9747
vn -0.5827 -0.2052 0.7863
vn -0.2020 -0.0206 -0.9792
vn -0.1563 -0.0713 -0.9851
vn -0.6384 -0.0482 0.7682
vn -0.5802 -0.0036 0.8145
vn -0.1151 0.8480 -0.5173
vn -0.5845 0.0397 0.8104
vn 0.2590 0.7726 -0.5797
vn -0.5853 0.0696 0.8079
vn 0.2879 -0.2324 -0.9290
vn 0.3999 -0.4150 -0.8172
vn -0.1515 -0.9026 -0.4030
vn -0.5850 0.1287 0.8008
vn -0.6303 0.1849 0.7540
vn -0.6151 0.2167 0.7581
vn -0.6266 0.2445 0.7400
vn -0.6277 0.3206 -0.7094
vn -0.6013 0.3515 -0.7175
vn -0.6031 0.2940 0.7415
vn -0.6344 0.3743 -0.6763
vn -0.6403 0.4073 -0.6512
vn -0.5537 0.3482 0.7564
vn -0.6614 0.4485 -0.6012
vn -0.6226 0.3777 0.6853
vn -0.6592 0.4458 0.6055
vn -0.7207 0.4604 -0.5182
vn -0.7094 0.4478 0.5443
vn -0.7022 0.4689 -0.5358
vn -0.6772 0.4538 0.5791
vn -0.7037 0.4922 -0.5124
vn -0.7463 0.4621 0.4791
vn -0.6934 0.5305 0.4877
vn -0.6982 0.5134 -0.4989
vn -0.7177 0.4979 -0.4868
vn -0.7275 0.6339 0.2624
vn -0.7072 0.6229 0.3343
vn -0.6642 0.6213 -0.4157
vn -0.7061 0.7031 -0.0842
vn -0.6565 0.7286 0.1955
vn -0.9083 -0.4124 -0.0693
vn -0.8606 -0.5092 0.0089
vn -0.8670 -0.3858 -0.3153
vn -0.8672 -0.4390 -0.2350
vn -0.9256 -0.3786 -0.0068
vn -0.8873 -0.4494 0.1037
vn -0.8802 -0.3996 0.2560
vn -0.8554 -0.3964 0.3333
vn -0.8491 -0.3176 -0.4221
vn -0.8494 -0.3961 -0.3487
vn -0.8344 -0.3766 0.4024
vn -0.8032 -0.3115 -0.5079
vn -0.8104 -0.3462 0.4726
vn -0.8199 -0.2540 -0.5131
vn -0.8108 -0.1908 -0.5533
vn -0.8340 -0.3326 0.4403
vn -0.7781 -0.3357 0.5309
vn -0.7977 -0.1314 -0.5886
vn -0.8349 -0.1158 -0.5381
vn -0.8254 -0.0800 -0.5588
vn -0.7464 -0.3403 0.5719
vn -0.7630 -0.3406 0.5494
vn -0.7848 -0.0757 -0.6151
vn -0.7174 -0.1605 -0.6779
vn -0.6713 -0.4731 0.5706
vn -0.6137 -0.5544 0.5621
vn -0.7028 -0.2350 -0.6714
vn -0.5968 -0.5640 0.5707
vn -0.5807 -0.5482 0.6018
vn -0.6749 -0.2132 -0.7064
vn -0.5491 -0.5146 0.6586
vn -0.6325 -0.2342 -0.7383
vn -0.6581 -0.3144 -0.6842
vn -0.5895 -0.3000 -0.7500
vn -0.6202 -0.3098 0.7207
vn -0.5637 -0.2932 0.7722
vn -0.4516 -0.4576 -0.7659
vn -0.4189 -0.4205 -0.8048
vn -0.3147 -0.5127 -0.7988
vn -0.2748 -0.4735 -0.8368
vn -0.1545 -0.4423 -0.8835
vn -0.5415 -0.2417 0.8052
vn -0.5561 -0.2207 0.8013
vn -0.5161 -0.2375 0.8230
vn -0.5064 -0.2032 0.8380
vn -0.5798 -0.1305 0.8042
vn -0.3093 0.2246 -0.9241
vn 0.0669 0.8969 -0.4371
vn -0.5224 0.0727 0.8496
vn -0.5421 0.0804 0.8365
vn 0.1744 0.1120 -0.9783
vn -0.5399 0.0909 0.8368
vn 0.0439 -0.7075 -0.7054
vn -0.5734 0.1091 0.8120
vn -0.6100 0.1249 -0.7825
vn -0.5404 0.0810 -0.8375
vn -0.5726 0.2479 -0.7815
vn -0.5897 0.2783 -0.7581
vn -0.5625 0.2913 0.7738
vn -0.5333 0.3689 -0.7612
vn -0.5594 0.2940 0.7750
vn -0.5851 0.3420 0.7353
vn -0.6613 0.4251 -0.6180
vn -0.5896 0.3882 0.7083
vn -0.6577 0.4391 -0.6121
vn -0.6728 0.4586 -0.5805
vn -0.6656 0.5001 0.5540
vn -0.6001 0.4879 0.6339
vn -0.6460 0.5182 -0.5606
vn -0.6202 0.5340 0.5747
vn -0.6995 0.5600 0.4439
vn -0.6751 0.5217 -0.5216
vn -0.6701 0.6167 0.4131
vn -0.6196 0.6341 0.4626
vn -0.6405 0.5805 -0.5028
vn -0.6190 0.6357 -0.4612
vn -0.6647 0.6809 0.3076
vn -0.6683 0.6629 0.3377
vn -0.6551 0.6573 0.3727
vn -0.6136 0.6853 -0.3922
vn -0.6526 0.7570 0.0334
vn -0.6543 0.7067 0.2691
vn -0.8436 -0.5264 0.1060
vn -0.8349 -0.5308 -0.1457
vn -0.8396 -0.4860 0.2425
vn -0.8198 -0.4829 -0.3077
vn -0.8519 -0.4792 -0.2113
vn -0.8334 -0.4167 0.3630
vn -0.8009 -0.4211 -0.4258
vn -0.7916 -0.3735 -0.4835
vn -0.7932 -0.3818 0.4744
vn -0.7706 -0.3203 -0.5510
vn -0.7769 -0.3441 0.5273
vn -0.7482 -0.3458 0.5663
vn -0.7447 -0.2674 -0.6115
vn -0.7622 -0.2138 -0.6110
vn -0.7576 -0.1903 -0.6243
vn -0.7176 -0.3676 0.5915
vn -0.6882 -0.1385 -0.7122
vn -0.7444 -0.3406 0.5744
vn -0.7436 -0.2993 0.5979
vn -0.6843 -0.3525 0.6384
vn -0.7255 -0.0757 -0.6840
vn -0.7680 -0.0937 -0.6336
vn -0.7329 -0.2909 0.6151
vn -0.7418 -0.3905 0.5452
vn -0.6141 -0.4283 0.6630
vn -0.7519 0.0491 -0.6575
vn -0.6163 -0.5136 0.5970
vn -0.5693 -0.5536 0.6078
vn -0.5064 -0.5137 0.6926
vn -0.5528 -0.5350 0.6390
vn -0.5684 -0.4461 0.6913
vn -0.5535 -0.2413 0.7972
vn -0.4979 -0.2989 0.8141
vn -0.5268 -0.2403 0.8154
vn -0.3157 -0.3837 -0.8678
vn -0.0838 -0.2674 -0.9599
vn -0.0979 -0.2463 -0.9642
vn -0.2649 0.1815 -0.9470
vn -0.0940 0.8933 -0.4395
vn -0.0387 0.6454 -0.7629
vn -0.3402 0.1324 -0.9310
vn -0.4969 0.0974 0.8623
vn -0.0884 -0.3371 -0.9373
vn -0.4233 -0.5396 -0.7278
vn -0.4223 -0.5220 -0.7411
vn -0.1210 -0.9034 -0.4114
vn -0.5795 0.1138 0.8070
vn -0.5847 0.1823 0.7905
vn -0.5737 0.2659 0.7747
vn -0.5014 0.3168 -0.8052
vn -0.5115 0.3505 -0.7845
vn -0.5382 0.3202 0.7796
vn -0.5784 0.3636 -0.7303
vn -0.5388 0.3303 0.7750
vn -0.5356 0.3759 -0.7562
vn -0.5873 0.3926 -0.7078
vn -0.5233 0.3499 0.7770
vn -0.6107 0.4169 -0.6732
vn -0.6256 0.4370 0.6462
vn -0.5480 0.4842 0.6821
vn -0.6409 0.4615 -0.6134
vn -0.6525 0.5061 -0.5640
vn -0.5807 0.5328 0.6155
vn -0.6458 0.5527 -0.5267
vn -0.6125 0.5756 0.5418
vn -0.6350 0.5431 -0.5494
vn -0.5734 0.6453 0.5048
vn -0.5748 0.6877 0.4435
vn -0.6060 0.6346 -0.4796
vn -0.5224 0.5413 0.6588
vn -0.5775 0.7330 -0.3593
vn -0.6097 0.7533 -0.2465
vn -0.5421 0.8041 -0.2441
vn -0.6148 0.7851 -0.0759
vn -0.6137 0.7847 0.0874
vn -0.7470 -0.6457 -0.1580
vn -0.7863 -0.6179 0.0057
vn -0.7866 -0.5929 0.1722
vn -0.8039 -0.5111 -0.3043
vn -0.7756 -0.5829 -0.2422
vn -0.8768 -0.4337 0.2074
vn -0.7919 -0.4943 0.3586
vn -0.7642 -0.4985 -0.4092
vn -0.7812 -0.4482 0.4347
vn -0.7229 -0.4255 -0.5445
vn -0.7458 -0.3612 -0.5598
vn -0.8267 -0.3481 0.4420
vn -0.7511 -0.3645 0.5504
vn -0.7189 -0.3201 -0.6170
vn -0.7402 -0.3357 0.5826
vn -0.6889 -0.3034 -0.6584
vn -0.7372 -0.3513 0.5772
vn -0.6545 -0.3694 0.6597
vn -0.6691 -0.3672 0.6462
vn -0.6727 -0.3624 0.6451
vn -0.6868 -0.0694 -0.7235
vn -0.6507 -0.0536 -0.7574
vn -0.6774 -0.4079 0.6122
vn -0.6721 -0.4586 0.5813
vn -0.5937 -0.4914 0.6372
vn -0.5295 -0.5746 0.6241
vn -0.6387 -0.1286 -0.7586
vn -0.5485 -0.2063 -0.8103
vn -0.4625 -0.5898 0.6620
vn -0.6030 -0.2410 -0.7605
vn -0.5410 -0.2184 -0.8122
vn -0.5500 -0.3707 0.7484
vn -0.4713 -0.2324 -0.8508
vn -0.4989 -0.3072 -0.8104
vn -0.4162 -0.3085 -0.8553
vn -0.3329 -0.2849 -0.8989
vn -0.3096 -0.3380 -0.8888
vn -0.1236 -0.3359 -0.9338
vn -0.5021 -0.2524 0.8272
vn -0.5455 -0.1640 0.8219
vn -0.1228 -0.1595 -0.9795
vn -0.5040 -0.1539 0.8499
vn -0.5538 -0.0800 0.8288
vn -0.5313 -0.0330 0.8465
vn -0.4355 -0.0558 0.8985
vn -0.4907 0.0475 0.8700
vn -0.1862 0.5797 -0.7933
vn -0.4860 0.0726 0.8709
vn -0.2651 0.8595 -0.4370
vn -0.4556 0.0826 0.8864
vn -0.1341 -0.0317 -0.9905
vn -0.5115 0.0729 0.8562
vn -0.2316 -0.5971 -0.7680
vn -0.4318 -0.8507 -0.2998
vn -0.5380 0.1146 0.8351
vn -0.5324 0.1813 0.8268
vn -0.5483 0.2482 0.7986
vn -0.4552 0.2637 -0.8504
vn -0.5573 0.3823 0.7370
vn -0.5048 0.3370 0.7947
vn -0.5007 0.3834 -0.7761
vn -0.5313 0.3739 0.7602
vn -0.5797 0.4086 -0.7050
vn -0.5336 0.4262 0.7305
vn -0.5947 0.4982 -0.6310
vn -0.5310 0.5634 0.6329
vn -0.5869 0.5815 -0.5634
vn -0.5832 0.6342 -0.5076
vn -0.3938 0.4289 0.8130
vn -0.5405 0.7093 0.4525
vn -0.5306 0.7058 -0.4694
vn -0.6569 0.6613 0.3621
vn -0.5419 0.8207 -0.1809
vn -0.5905 0.7627 0.2640
vn -0.5553 0.8311 -0.0296
vn -0.5559 0.8263 0.0909
vn -0.6427 -0.7602 -0.0949
vn -0.6946 -0.7142 0.0863
vn -0.6811 -0.6249 -0.3816
vn -0.6917 -0.6704 0.2685
vn -0.6764 -0.4992 -0.5415
vn -0.7438 -0.4946 0.4496
vn -0.7331 -0.4523 0.5079
vn -0.7708 -0.3731 0.5164
vn -0.6667 -0.3603 -0.6524
vn -0.7171 -0.3502 0.6027
vn -0.6282 -0.3112 -0.7131
vn -0.5934 -0.2992 -0.7472
vn -0.5637 -0.3868 0.7298
vn -0.6894 -0.1271 -0.7131
vn -0.5713 -0.3881 0.7232
vn -0.7054 -0.3398 0.6221
vn -0.5022 -0.3915 0.7710
vn -0.5533 -0.4042 0.7283
vn -0.6287 -0.0764 -0.7739
vn -0.5258 -0.5382 0.6587
vn -0.5166 -0.1453 -0.8438
vn -0.4447 -0.5582 0.7005
vn -0.4841 -0.5666 0.6667
vn -0.5286 -0.2345 -0.8159
vn -0.4825 -0.4529 0.7497
vn -0.4571 -0.4286 0.7794
vn -0.3935 -0.3301 0.8580
vn -0.3885 -0.2348 -0.8910
vn -0.2213 -0.3763 -0.8997
vn -0.4717 -0.2411 0.8482
vn -0.2000 -0.3428 -0.9179
vn -0.4983 -0.2395 0.8333
vn -0.4607 -0.2473 0.8524
vn -0.4525 -0.2456 0.8573
vn -0.1880 0.0201 -0.9820
vn -0.2607 0.1266 -0.9571
vn -0.1778 0.8083 -0.5613
vn -0.0789 0.9458 -0.3149
vn -0.2634 0.7367 -0.6228
vn -0.4894 0.0746 0.8689
vn -0.4989 -0.4277 -0.7538
vn -0.1523 -0.8109 -0.5650
vn -0.4162 -0.3144 -0.8532
vn -0.3775 0.1566 -0.9127
vn -0.4884 0.2350 0.8404
vn -0.4262 0.2747 0.8619
vn -0.3825 0.2910 -0.8770
vn -0.4836 0.3340 0.8091
vn -0.4700 0.3563 -0.8076
vn -0.5097 0.3229 0.7974
vn -0.4722 0.3389 0.8137
vn -0.4924 0.3419 0.8004
vn -0.4080 0.3796 -0.8304
vn -0.4762 0.3503 0.8066
vn -0.4262 0.4799 0.7669
vn -0.4766 0.4747 0.7400
vn -0.5740 0.5534 -0.6036
vn -0.5248 0.6068 -0.5971
vn -0.4897 0.5971 0.6353
vn -0.5398 0.6262 -0.5626
vn -0.4998 0.6736 0.5445
vn -0.4838 0.6696 -0.5636
vn -0.4660 0.7388 -0.4869
vn -0.5223 0.7575 -0.3917
vn -0.5124 0.8040 -0.3017
vn -0.4986 0.8519 -0.1601
vn -0.5191 0.8320 0.1957
vn -0.5554 0.7997 0.2279
vn -0.5947 -0.7999 0.0803
vn -0.6316 -0.7569 0.1678
vn -0.6232 -0.7019 -0.3449
vn -0.5952 -0.7308 0.3342
vn -0.7352 -0.5446 0.4037
vn -0.5987 -0.5716 -0.5611
vn -0.6804 -0.5204 0.5160
vn -0.6615 -0.4204 0.6210
vn -0.5093 -0.3912 -0.7665
vn -0.6833 -0.3450 0.6435
vn -0.5919 -0.3276 -0.7364
vn -0.6830 -0.3496 0.6413
vn -0.5958 -0.3505 0.7226
vn -0.6435 -0.2643 -0.7183
vn -0.5139 -0.3539 0.7814
vn -0.5779 -0.3796 0.7224
vn -0.5429 -0.1008 -0.8337
vn -0.5980 -0.3804 0.7055
vn -0.3578 -0.1898 0.9143
vn -0.5794 -0.3933 -0.7139
vn -0.5214 -0.0072 -0.8533
vn -0.5441 -0.4773 0.6900
vn -0.4857 -0.0798 -0.8705
vn -0.4962 -0.5478 0.6736
vn -0.4492 -0.5796 0.6799
vn -0.4232 -0.5579 0.7139
vn -0.4010 -0.4850 0.7771
vn -0.4713 -0.3658 0.8025
vn -0.3447 -0.2187 -0.9129
vn -0.4931 -0.2536 0.8322
vn -0.1856 -0.3036 -0.9345
vn -0.4421 -0.1989 0.8746
vn -0.4188 -0.1146 0.9008
vn -0.0917 -0.1100 -0.9897
vn -0.1571 -0.0940 -0.9831
vn -0.3563 -0.0275 0.9340
vn -0.4141 0.5194 -0.7475
vn -0.3442 0.9015 -0.2622
vn -0.5640 0.6039 -0.5632
vn -0.4921 0.4944 -0.7165
vn -0.6116 0.3212 -0.7231
vn -0.4118 0.0627 0.9091
vn -0.4058 0.0994 0.9085
vn -0.4631 0.1501 0.8735
vn -0.3358 0.2852 -0.8977
vn -0.3165 0.2666 -0.9104
vn -0.4930 0.2832 0.8227
vn -0.3872 0.3495 -0.8532
vn -0.4525 0.3398 0.8245
vn -0.4679 0.3954 0.7904
vn -0.3685 0.4580 -0.8090
vn -0.5190 0.4494 -0.7272
vn -0.4555 0.4401 0.7738
vn -0.3623 0.4387 0.8224
vn -0.5040 0.5470 -0.6684
vn -0.4352 0.5575 0.7070
vn -0.4758 0.6070 -0.6365
vn -0.4763 0.6451 0.5975
vn -0.4748 0.7019 0.5310
vn -0.4015 0.6997 -0.5910
vn -0.4480 0.7151 -0.5365
vn -0.3838 0.7239 0.5732
vn -0.4748 0.7741 -0.4187
vn -0.5598 0.7473 0.3580
vn -0.4581 0.8420 -0.2847
vn -0.4936 0.7910 0.3615
vn -0.4614 0.8543 -0.2394
vn -0.4879 0.8687 -0.0859
vn -0.4472 0.8938 -0.0336
vn -0.4229 0.9014 0.0923
vn -0.5456 -0.8377 -0.0261
vn -0.5843 -0.8037 0.1127
vn -0.5183 -0.8113 -0.2704
vn -0.5356 -0.8157 0.2185
vn -0.5794 -0.6727 -0.4602
vn -0.5235 -0.7606 -0.3841
vn -0.6632 -0.6509 0.3696
vn -0.5945 -0.6910 0.4113
vn -0.5591 -0.6438 -0.5225
vn -0.6397 -0.5998 0.4807
vn -0.5932 -0.5946 0.5428
vn -0.6041 -0.4583 -0.6519
vn -0.6415 -0.5001 0.5817
vn -0.5409 -0.4419 -0.7157
vn -0.6404 -0.4494 0.6228
vn -0.6791 -0.3909 0.6213
vn -0.6264 -0.3676 0.6874
vn -0.5236 -0.3270 -0.7867
vn -0.6123 -0.3350 0.7161
vn -0.5026 -0.3383 0.7956
vn -0.4650 -0.2250 -0.8563
vn -0.5283 -0.2927 -0.7970
vn -0.5305 -0.1810 -0.8281
vn -0.4009 -0.3783 0.8344
vn -0.4931 -0.3891 0.7781
vn -0.4172 -0.0073 -0.9088
vn -0.4367 -0.4209 0.7951
vn 0.2416 -0.3754 -0.8948
vn -0.3933 -0.4767 0.7861
vn -0.4417 -0.4799 0.7581
vn -0.3540 -0.1205 -0.9274
vn -0.4374 -0.0495 -0.8979
vn -0.4062 -0.5116 0.7572
vn -0.2248 -0.1279 -0.9660
vn -0.3856 -0.5721 0.7238
vn -0.3493 -0.5871 0.7303
vn -0.4170 -0.1679 -0.8933
vn -0.3907 -0.2084 -0.8966
vn -0.3704 -0.5298 0.7629
vn -0.4444 -0.5150 0.7330
vn -0.3190 -0.4923 0.8099
vn -0.3562 -0.2152 -0.9093
vn -0.3807 -0.4205 0.8236
vn -0.3989 -0.3689 0.8395
vn -0.2922 -0.2121 -0.9326
vn -0.2283 -0.2644 -0.9370
vn -0.4360 -0.2425 0.8667
vn -0.3495 -0.2303 0.9082
vn -0.4254 -0.2613 0.8665
vn -0.1325 -0.2423 -0.9611
vn -0.3895 -0.2193 0.8945
vn -0.1270 -0.1997 -0.9716
vn -0.3742 0.0514 0.9259
vn -0.5625 0.7965 -0.2217
vn -0.4742 0.8122 -0.3399
vn -0.4228 0.0813 0.9026
vn -0.3247 0.0432 0.9448
vn -0.6723 0.0902 -0.7348
vn -0.4016 0.0714 0.9130
vn -0.5893 -0.3472 -0.7295
vn -0.3249 -0.8505 -0.4136
vn -0.4572 0.1228 0.8809
vn -0.4344 -0.0565 -0.8989
vn -0.4592 -0.5689 -0.6823
vn -0.2426 0.1689 -0.9553
vn -0.3936 0.1445 0.9079
vn -0.4094 0.1965 0.8910
vn -0.3763 0.3105 -0.8729
vn -0.4015 0.3259 0.8559
vn -0.4385 0.3481 0.8286
vn -0.3757 0.3461 0.8597
vn -0.3711 0.3533 -0.8587
vn -0.4333 0.3579 0.8271
vn -0.3394 0.5069 0.7924
vn -0.3744 0.5939 -0.7121
vn -0.3491 0.5977 0.7217
vn -0.2809 0.5983 0.7504
vn -0.4748 0.6317 -0.6128
vn -0.3392 0.6516 0.6785
vn -0.3690 0.6235 0.6893
vn -0.2639 0.7254 0.6357
vn -0.3411 0.6930 0.6351
vn -0.4097 0.7474 0.5231
vn -0.4185 0.8009 -0.4282
vn -0.4260 0.8362 -0.3453
vn -0.4746 0.8797 0.0291
vn -0.4392 -0.8965 0.0579
vn -0.4430 -0.8361 0.3236
vn -0.3776 -0.8071 -0.4539
vn -0.5174 -0.7527 0.4071
vn -0.4636 -0.7176 -0.5197
vn -0.5526 -0.6708 0.4946
vn -0.4310 -0.6408 -0.6353
vn -0.4741 -0.6412 0.6034
vn -0.4851 -0.5652 -0.6673
vn -0.5601 -0.5470 0.6222
vn -0.4931 -0.4924 -0.7172
vn -0.4251 -0.3348 -0.8410
vn -0.5408 -0.4087 0.7351
vn 0.0274 -0.2791 -0.9599
vn -0.0083 -0.1189 -0.9929
vn 0.5989 -0.1153 -0.7925
vn 0.0264 -0.3281 -0.9443
vn -0.4201 -0.3986 0.8153
vn 0.5158 -0.2501 -0.8194
vn -0.1959 -0.3077 -0.9311
vn 0.0149 -0.0586 -0.9982
vn 0.6628 -0.1812 -0.7265
vn -0.3477 -0.1009 -0.9322
vn -0.3727 -0.5906 0.7157
vn -0.1819 -0.1126 -0.9768
vn -0.2841 -0.1868 -0.9404
vn -0.2167 -0.1837 -0.9588
vn -0.2780 -0.4198 0.8640
vn -0.2623 -0.2146 -0.9408
vn -0.1892 -0.2283 -0.9550
vn -0.3205 -0.3404 0.8840
vn -0.2689 -0.2454 -0.9314
vn -0.3587 -0.2599 0.8965
vn -0.2341 -0.2797 -0.9311
vn -0.2075 -0.2791 -0.9376
vn -0.4146 -0.2423 0.8771
vn -0.1863 -0.2915 -0.9383
vn -0.3644 -0.2332 0.9016
vn -0.1280 -0.1824 -0.9749
vn -0.2580 -0.1499 0.9545
vn -0.5479 0.5176 -0.6572
vn -0.6850 0.6383 -0.3511
vn -0.7761 0.3651 -0.5143
vn -0.7943 0.0272 -0.6069
vn -0.7663 -0.4077 -0.4964
vn -0.5097 -0.6204 -0.5960
vn -0.3515 0.0677 0.9337
vn -0.6311 -0.6977 -0.3389
vn -0.2276 0.2708 -0.9354
vn -0.3201 0.2663 0.9092
vn -0.2851 0.3284 0.9005
vn -0.1891 0.2896 -0.9383
vn -0.2692 0.3087 -0.9123
vn -0.2523 0.3322 -0.9088
vn -0.3180 0.3460 -0.8827
vn -0.4033 0.3352 0.8515
vn -0.3356 0.4281 -0.8391
vn -0.2473 0.4861 0.8382
vn -0.4485 0.4997 -0.7411
vn -0.2840 0.6466 0.7080
vn -0.3002 0.5599 -0.7722
vn -0.2831 0.5420 0.7912
vn -0.3542 0.6189 -0.7011
vn -0.2152 0.6368 -0.7404
vn -0.3972 0.6492 -0.6487
vn -0.3568 0.6855 -0.6346
vn -0.3074 0.7337 0.6060
vn -0.3749 0.7489 -0.5464
vn -0.3432 0.7759 0.5293
vn -0.4089 0.7708 -0.4885
vn -0.4244 0.7474 0.5111
vn -0.4393 0.7767 0.4514
vn -0.3627 0.8761 -0.3177
vn -0.3990 0.8864 -0.2345
vn -0.4265 0.8972 -0.1143
vn -0.4618 -0.8794 -0.1154
vn -0.4156 -0.7559 0.5058
vn -0.3354 -0.6891 -0.6424
vn -0.4220 -0.6985 0.5779
vn -0.4029 -0.4964 -0.7689
vn -0.3682 -0.6025 0.7081
vn -0.4732 -0.5113 0.7174
vn 0.1036 -0.2049 -0.9733
vn -0.0765 -0.1659 -0.9832
vn -0.4121 -0.4184 0.8094
vn 0.6371 0.0789 -0.7667
vn 0.8426 -0.0057 -0.5384
vn -0.4370 -0.3893 0.8109
vn 0.8748 -0.0981 -0.4744
vn 0.9571 -0.0044 -0.2896
vn -0.3355 -0.4534 0.8258
vn -0.2944 -0.4249 0.8560
vn -0.2972 -0.4556 0.8391
vn -0.2058 -0.4897 0.8472
vn 0.1152 -0.0313 -0.9929
vn -0.3451 -0.5361 0.7704
vn -0.3652 -0.5855 0.7237
vn -0.3308 -0.5976 0.7303
vn -0.3125 -0.5339 0.7857
vn -0.2053 -0.4394 0.8745
vn -0.2650 -0.3968 0.8788
vn -0.3849 -0.2904 0.8761
vn -0.3538 -0.2901 0.8892
vn -0.2318 -0.2521 -0.9395
vn -0.2404 -0.2908 0.9261
vn -0.1723 -0.2330 -0.9571
vn -0.2828 0.1667 0.9446
vn -0.1493 -0.0047 -0.9888
vn -0.1693 0.0740 -0.9828
vn -0.8205 0.5186 -0.2406
vn -0.8848 0.2935 -0.3618
vn -0.8100 -0.3644 -0.4594
vn -0.8701 -0.0934 -0.4839
vn -0.8227 -0.5049 -0.2611
vn -0.2964 0.0748 0.9521
vn -0.7378 -0.4879 -0.4664
vn -0.3218 0.1282 0.9381
vn -0.3087 0.1921 0.9315
vn -0.2690 0.2257 0.9363
vn -0.2113 0.2780 0.9370
vn -0.3606 0.3644 0.8586
vn -0.2970 0.3581 -0.8852
vn -0.3424 0.3347 0.8779
vn -0.2871 0.4148 0.8634
vn -0.2232 0.5073 -0.8324
vn -0.1902 0.6465 0.7388
vn -0.2568 0.6935 0.6732
vn -0.2745 0.6913 -0.6684
vn -0.1698 0.7391 0.6519
vn -0.3836 0.7049 -0.5966
vn -0.3881 0.7697 0.5069
vn -0.3459 0.8014 -0.4879
vn -0.4180 0.8045 -0.4220
vn -0.3165 0.8049 0.5020
vn -0.3365 0.8429 -0.4199
vn -0.3830 0.8569 0.3450
vn -0.3212 0.9179 -0.2329
vn -0.3697 0.9174 -0.1474
vn -0.3282 -0.9032 -0.2766
vn -0.4182 -0.8096 0.4120
vn -0.2511 -0.8793 -0.4048
vn -0.3434 -0.8257 0.4475
vn -0.3172 -0.6688 -0.6724
vn -0.2969 -0.6681 0.6823
vn -0.2002 -0.6384 -0.7432
vn -0.2935 -0.5220 0.8009
vn -0.3468 -0.3559 0.8678
vn -0.2990 -0.2921 0.9084
vn 0.9295 -0.0274 -0.3677
vn 0.8869 0.1772 -0.4267
vn 0.9665 0.0175 -0.2561
vn 0.9386 0.0693 -0.3380
vn -0.2512 -0.4193 0.8724
vn 0.9564 -0.0261 -0.2908
vn 0.9745 -0.1277 -0.1847
vn 0.6911 -0.2392 -0.6820
vn 0.9657 -0.1140 -0.2334
vn 0.9237 -0.3302 -0.1942
vn 0.9428 -0.2093 -0.2594
vn -0.1647 -0.5808 0.7972
vn 0.4670 -0.1309 -0.8745
vn -0.2820 -0.5602 0.7789
vn -0.2812 -0.5787 0.7655
vn -0.2492 -0.6094 0.7527
vn 0.3810 0.1267 -0.9158
vn -0.2848 -0.5916 0.7543
vn 0.4586 -0.2555 -0.8512
vn -0.2537 -0.5592 0.7893
vn 0.0441 -0.4138 -0.9093
vn -0.1912 -0.4925 0.8490
vn -0.0891 -0.2482 -0.9646
vn -0.1526 -0.2453 -0.9574
vn -0.1834 -0.3730 0.9095
vn -0.0744 -0.3074 -0.9487
vn -0.1832 -0.2840 -0.9412
vn -0.1721 -0.2818 -0.9439
vn -0.1469 -0.2534 -0.9561
vn -0.2858 -0.2527 0.9244
vn -0.2095 -0.1648 0.9638
vn -0.1022 -0.1495 -0.9835
vn -0.2623 -0.0191 0.9648
vn -0.1608 -0.0587 0.9852
vn -0.2958 -0.0112 0.9552
vn -0.1984 0.0164 0.9800
vn -0.2235 0.0272 0.9743
vn -0.1865 0.0490 0.9812
vn -0.9675 -0.0013 -0.2528
vn -0.8627 -0.0529 -0.5029
vn -0.3538 0.1100 -0.9288
vn -0.4929 -0.2835 -0.8226
vn -0.1353 0.3267 -0.9354
vn -0.1414 0.2790 -0.9498
vn -0.2591 0.4250 0.8673
vn -0.2895 0.3492 0.8912
vn -0.3199 0.3469 0.8817
vn -0.1988 0.3483 -0.9161
vn -0.2562 0.3952 0.8822
vn -0.3435 0.4025 0.8485
vn -0.1639 0.5472 0.8208
vn -0.1386 0.5720 -0.8085
vn -0.1847 0.6913 0.6986
vn -0.2054 0.7632 0.6127
vn -0.2569 0.7620 0.5945
vn -0.2492 0.7447 0.6191
vn -0.2168 0.7816 0.5849
vn -0.3095 0.8995 -0.3083
vn -0.2682 0.9478 -0.1727
vn -0.3883 0.8942 0.2226
vn -0.2656 -0.9610 -0.0767
vn -0.1450 -0.9175 -0.3704
vn -0.2743 -0.9429 0.1888
vn -0.2374 -0.8997 0.3663
vn -0.1940 -0.8585 -0.4747
vn -0.3014 -0.7835 0.5434
vn -0.2634 -0.7391 0.6199
vn -0.1271 -0.6738 0.7279
vn -0.2171 -0.6387 0.7382
vn -0.0397 -0.3650 -0.9302
vn 0.4051 -0.0155 -0.9141
vn -0.2725 -0.4173 0.8670
vn 0.7681 0.2459 -0.5913
vn 0.8516 0.2574 -0.4566
vn -0.1909 -0.2282 0.9547
vn 0.8116 0.2500 -0.5280
vn 0.8011 0.2430 -0.5470
vn -0.0878 -0.3378 0.9371
vn 0.8603 0.1053 -0.4988
vn 0.9138 -0.0456 -0.4037
vn 0.8658 -0.0018 -0.5003
vn -0.1023 -0.4451 0.8896
vn 0.8185 -0.1119 -0.5635
vn 0.8188 -0.2065 -0.5357
vn -0.1279 -0.5706 0.8112
vn 0.8926 -0.2011 -0.4035
vn 0.8537 -0.3451 -0.3900
vn 0.7658 -0.4258 -0.4819
vn 0.8676 -0.4661 -0.1729
vn 0.0444 0.0200 -0.9988
vn -0.1503 -0.5810 0.7999
vn 0.6283 -0.4792 -0.6128
vn -0.1573 -0.1919 -0.9687
vn -0.1208 -0.4138 0.9023
vn -0.0614 -0.1853 -0.9808
vn -0.2333 -0.3216 0.9177
vn -0.1380 -0.3050 -0.9423
vn -0.1873 -0.2768 -0.9425
vn -0.0292 -0.1385 -0.9899
vn -0.1611 -0.0979 0.9821
vn -0.1330 -0.0339 -0.9905
vn -0.5492 0.3135 -0.7747
vn -0.4184 -0.0498 -0.9069
vn -0.2188 0.0846 0.9721
vn -0.6900 -0.0724 -0.7202
vn -0.1874 -0.0389 0.9815
vn -0.1208 0.1786 -0.9765
vn -0.2101 0.1747 0.9619
vn -0.1424 0.2496 -0.9578
vn -0.0430 0.2616 0.9642
vn -0.0761 0.1407 0.9871
vn -0.1620 0.3218 -0.9328
vn -0.1645 0.4401 -0.8827
vn -0.2550 0.4089 -0.8762
vn -0.1338 0.4830 -0.8653
vn -0.1565 0.5998 0.7847
vn -0.0928 0.6338 0.7679
vn -0.0583 0.7031 0.7087
vn -0.1863 0.6681 -0.7204
vn -0.0965 0.6774 -0.7293
vn -0.1447 0.7206 -0.6781
vn -0.2089 0.7443 -0.6343
vn -0.2751 0.7589 -0.5903
vn -0.1954 0.7530 0.6283
vn -0.3272 0.9447 -0.0201
vn -0.1367 -0.9904 0.0192
vn -0.1873 -0.9736 0.1306
vn 0.0217 -0.9744 -0.2239
vn -0.0609 -0.9074 0.4158
vn -0.1249 -0.8725 0.4724
vn -0.0529 -0.7361 -0.6748
vn -0.2038 -0.5338 -0.8207
vn -0.0711 -0.5911 0.8034
vn 0.4217 0.4392 -0.7933
vn 0.7931 0.3687 -0.4848
vn -0.1370 -0.4922 0.8596
vn 0.6724 0.4209 -0.6089
vn -0.2626 -0.3369 0.9042
vn 0.6425 0.3470 -0.6832
vn -0.2480 -0.3591 0.8997
vn 0.5941 0.1709 -0.7860
vn -0.2333 -0.3419 0.9103
vn 0.7024 0.1668 -0.6920
vn 0.7095 -0.0188 -0.7045
vn 0.5674 -0.4295 -0.7025
vn 0.3324 -0.6426 -0.6904
vn -0.1776 -0.6178 0.7660
vn 0.6922 -0.6961 -0.1907
vn 0.7080 -0.5342 -0.4618
vn -0.1880 -0.6216 0.7605
vn 0.4709 -0.8130 -0.3424
vn -0.0727 -0.3954 0.9156
vn -0.0921 -0.3542 0.9306
vn -0.0733 -0.3221 -0.9439
vn -0.1175 -0.1714 0.9782
vn -0.1403 -0.2101 -0.9676
vn -0.0230 -0.1187 -0.9927
vn -0.0279 -0.0760 -0.9967
vn -0.1215 0.0053 -0.9926
vn -0.5443 -0.0607 -0.8367
vn -0.1368 0.1575 0.9780
vn -0.0991 0.2275 0.9687
vn -0.0864 0.2689 -0.9593
vn -0.2132 0.3652 0.9062
vn -0.1194 0.2921 0.9489
vn -0.0886 0.3985 -0.9129
vn -0.0430 0.4345 0.8996
vn -0.1714 0.4750 0.8631
vn -0.0523 0.5482 0.8347
vn -0.0374 0.5667 -0.8231
vn -0.0218 0.6606 0.7505
vn -0.0980 0.7210 0.6860
vn -0.1623 0.7562 -0.6338
vn -0.1927 0.8200 -0.5390
vn -0.0939 0.7449 0.6605
vn -0.1918 0.8592 -0.4744
vn -0.1838 0.7961 0.5766
vn -0.2225 0.8744 -0.4312
vn -0.3202 0.8428 0.4326
vn -0.1709 0.9078 -0.3830
vn -0.2392 0.9113 -0.3351
vn -0.2167 0.9453 -0.2440
vn -0.4578 0.7268 0.5120
vn -0.3299 0.9395 0.0926
vn -0.1825 0.9570 0.2254
vn -0.2229 -0.9623 -0.1557
vn -0.0482 -0.9926 -0.1114
vn -0.0083 -0.8680 -0.4965
vn -0.1933 -0.7649 -0.6145
vn -0.1211 -0.8067 0.5785
vn 0.0221 -0.7562 0.6540
vn 0.0437 -0.6695 0.7415
vn -0.0244 -0.3656 -0.9305
vn -0.1232 -0.4065 0.9053
vn 0.5682 0.2593 -0.7810
vn -0.1270 -0.2845 0.9502
vn -0.2121 0.2731 -0.9383
vn 0.2831 0.1266 -0.9507
vn -0.1044 -0.4104 0.9059
vn 0.5162 -0.2050 -0.8316
vn 0.5754 -0.2875 -0.7656
vn -0.0960 -0.6143 0.7832
vn 0.1561 -0.3177 -0.9353
vn -0.3219 -0.6411 0.6967
vn 0.5429 -0.6403 -0.5434
vn 0.7161 -0.6528 -0.2470
vn 0.4115 -0.9021 -0.1299
vn -0.0259 -0.8573 -0.5141
vn -0.0221 -0.2356 -0.9716
vn -0.0544 -0.4759 0.8778
vn 0.0180 -0.1437 -0.9895
vn 0.0523 -0.2147 -0.9753
vn 0.0442 -0.4001 0.9154
vn -0.0704 -0.3511 0.9337
vn -0.0130 -0.3361 0.9417
vn -0.1764 -0.2907 0.9404
vn -0.0618 -0.3185 -0.9459
vn -0.1045 -0.2775 -0.9550
vn -0.0275 -0.2430 -0.9696
vn -0.0902 -0.2044 -0.9747
vn -0.0508 -0.1402 0.9888
vn -0.0153 -0.0948 0.9954
vn -0.0601 -0.0805 -0.9949
vn -0.1403 0.0700 -0.9876
vn -0.0949 0.1334 0.9865
vn 0.0401 0.1464 0.9884
vn -0.0184 0.2534 -0.9672
vn -0.0011 0.2049 0.9788
vn -0.0667 0.2305 -0.9708
vn -0.0806 0.2690 -0.9598
vn -0.1186 0.2934 0.9486
vn -0.1335 0.3182 0.9386
vn -0.0484 0.3019 -0.9521
vn -0.0376 0.5041 0.8628
vn -0.0485 0.5128 -0.8571
vn -0.0349 0.5953 0.8028
vn -0.1229 0.5905 -0.7976
vn 0.0439 0.6128 -0.7890
vn -0.0130 0.6943 0.7196
vn -0.0730 0.7285 0.6811
vn -0.1027 0.7760 -0.6223
vn -0.0822 0.8053 0.5871
vn -0.1566 0.8114 0.5631
vn -0.1366 0.8893 0.4364
vn -0.1347 0.9714 -0.1953
vn -0.0226 0.9880 -0.1529
vn -0.0502 -0.9667 0.2511
vn -0.0136 -0.9377 -0.3472
vn 0.0964 -0.7965 -0.5969
vn 0.0775 -0.8510 0.5194
vn 0.0578 -0.6644 -0.7451
vn 0.0343 -0.4205 0.9066
vn -0.3595 0.4601 -0.8119
vn 0.1369 0.3068 -0.9419
vn -0.0492 -0.2695 0.9617
vn -0.2918 0.1344 -0.9470
vn 0.0275 -0.4637 0.8856
vn -0.0235 -0.5739 0.8186
vn -0.1934 -0.3218 -0.9269
vn -0.1448 -0.6529 0.7435
vn -0.0600 -0.6379 0.7677
vn 0.0303 -0.6004 -0.7991
vn 0.2271 -0.7295 -0.6452
vn -0.0149 -0.5724 0.8198
vn -0.0663 -0.5117 0.8566
vn -0.4243 -0.8381 -0.3428
vn -0.0271 -0.9918 -0.1249
vn -0.1663 -0.9464 -0.2769
vn 0.0082 -0.1610 -0.9869
vn 0.0146 -0.4170 0.9088
vn 0.0493 -0.1027 -0.9935
vn -0.0267 -0.4094 -0.9120
vn -0.0124 -0.3470 -0.9378
vn -0.0894 -0.2389 0.9669
vn 0.0842 -0.3166 0.9448
vn 0.0242 -0.1013 -0.9946
vn -0.0539 -0.0392 0.9978
vn -0.0954 0.0353 0.9948
vn 0.0182 0.1535 -0.9880
vn -0.0330 0.1742 -0.9842
vn -0.0095 0.1880 0.9821
vn -0.0065 0.2543 0.9671
vn 0.0900 0.2528 0.9633
vn -0.0090 0.2395 -0.9709
vn 0.0477 0.3571 0.9328
vn -0.1309 0.2450 0.9607
vn 0.0606 0.4671 -0.8821
vn -0.0072 0.4996 -0.8662
vn 0.0343 0.5712 0.8201
vn 0.0705 0.5734 -0.8163
vn 0.0091 0.6400 -0.7683
vn 0.0663 0.6473 0.7593
vn 0.0068 0.6715 -0.7410
vn 0.0090 0.7501 0.6613
vn -0.0684 0.8157 -0.5745
vn -0.1267 0.9275 -0.3516
vn -0.1059 0.9555 -0.2754
vn -0.0490 0.9564 0.2880
vn -0.1643 0.9844 0.0636
vn -0.1313 0.9836 0.1235
vn 0.0466 -0.9988 0.0148
vn 0.1086 -0.9231 -0.3689
vn 0.1252 -0.9543 0.2714
vn 0.2220 -0.8124 0.5392
vn 0.1613 -0.7500 0.6414
vn 0.1997 -0.6927 0.6930
vn 0.0692 -0.4289 -0.9007
vn 0.0922 -0.5711 0.8157
vn 0.2564 0.6786 -0.6883
vn -0.1381 0.5387 -0.8311
vn -0.2502 0.6014 -0.7588
vn 0.1308 0.5742 -0.8082
vn -0.5237 0.4751 -0.7071
vn 0.1035 -0.4211 0.9011
vn 0.0112 0.4310 -0.9023
vn 0.1486 -0.2919 0.9448
vn -0.0619 -0.3348 0.9403
vn -0.4786 0.0442 -0.8769
vn 0.1338 -0.1413 -0.9809
vn 0.1377 -0.4494 0.8826
vn -0.4392 -0.1724 -0.8817
vn -0.0978 -0.4546 -0.8853
vn -0.2687 -0.6300 -0.7286
vn -0.4842 -0.6099 -0.6274
vn -0.4436 -0.6433 -0.6240
vn -0.2697 -0.4579 -0.8471
vn 0.0358 -0.3996 0.9160
vn 0.0760 -0.2503 -0.9652
vn 0.1738 -0.3992 0.9003
vn 0.0723 -0.3345 -0.9396
vn -0.1311 -0.2369 0.9626
vn 0.1569 -0.2397 0.9581
vn 0.0272 -0.1971 -0.9800
vn 0.0008 -0.1798 -0.9837
vn 0.1100 -0.0759 0.9910
vn 0.0291 -0.0835 -0.9961
vn 0.0163 -0.0368 0.9992
vn -0.0043 -0.0751 0.9972
vn 0.0280 0.0179 -0.9994
vn -0.0535 -0.0368 0.9979
vn 0.0440 0.0181 -0.9989
vn 0.0438 -0.0211 0.9988
vn -0.0660 0.0308 0.9973
vn 0.0759 0.2125 0.9742
vn -0.0497 0.2093 -0.9766
vn 0.0399 0.2276 -0.9729
vn 0.0915 0.2458 -0.9650
vn 0.0080 0.2917 0.9565
vn 0.1465 0.3004 -0.9425
vn 0.0650 0.3768 0.9240
vn -0.0081 0.4230 -0.9061
vn 0.0775 0.4797 0.8740
vn 0.0920 0.5291 0.8435
vn 0.1056 0.6341 -0.7660
vn 0.0480 0.6932 0.7192
vn 0.1499 0.6536 -0.7418
vn 0.0130 0.7087 -0.7054
vn 0.0684 0.7074 0.7035
vn 0.0966 0.7982 -0.5945
vn -0.0604 0.8979 -0.4359
vn -0.0283 0.9445 -0.3272
vn -0.0125 0.9134 0.4068
vn 0.0649 0.9544 -0.2913
vn -0.0175 0.9796 -0.2000
vn -0.1423 0.9855 -0.0924
vn 0.2106 -0.8704 -0.4450
vn 0.2365 -0.8899 0.3901
vn 0.1211 -0.7337 -0.6686
vn 0.2709 -0.6312 -0.7268
vn 0.2623 -0.6692 0.6952
vn 0.1651 -0.6437 0.7473
vn -0.2838 0.1665 -0.9443
vn 0.1017 -0.5039 0.8577
vn -0.6840 0.3553 -0.6371
vn -0.3491 -0.1116 -0.9304
vn -0.6785 0.3147 -0.6637
vn 0.0872 -0.3383 0.9370
vn -0.5816 -0.0550 -0.8116
vn 0.0800 -0.6064 0.7911
vn 0.0563 -0.6484 0.7593
vn -0.4891 -0.4521 -0.7459
vn -0.6508 -0.4714 -0.5952
vn 0.0647 -0.6513 0.7560
vn -0.6780 -0.6245 -0.3876
vn -0.4387 -0.7962 -0.4166
vn -0.7003 -0.6792 -0.2197
vn -0.0372 -0.1968 -0.9797
vn 0.0751 -0.1094 -0.9911
vn 0.0832 -0.4300 0.8990
vn 0.1338 -0.1459 -0.9802
vn 0.1134 -0.3792 0.9183
vn 0.1428 -0.2774 -0.9501
vn 0.0515 -0.3484 -0.9359
vn 0.2073 -0.3527 0.9125
vn 0.0379 -0.3159 -0.9480
vn 0.1216 -0.3022 -0.9455
vn 0.0309 -0.3670 0.9297
vn 0.0804 -0.1231 -0.9891
vn 0.0697 -0.0942 -0.9931
vn 0.0830 -0.0654 0.9944
vn 0.0887 -0.0889 -0.9921
vn 0.5885 0.1756 -0.7892
vn -0.0583 0.1784 -0.9822
vn 0.0408 0.2356 -0.9710
vn 0.0787 0.2344 0.9689
vn 0.0704 0.2109 -0.9750
vn 0.1805 0.2238 0.9578
vn 0.0964 0.2236 0.9699
vn 0.1478 0.2452 -0.9581
vn 0.1238 0.4087 -0.9042
vn 0.1450 0.5237 0.8395
vn 0.1024 0.6203 0.7776
vn 0.1644 0.6145 -0.7716
vn 0.0989 0.6658 0.7396
vn 0.1620 0.6801 -0.7150
vn 0.1429 0.7339 -0.6641
vn 0.1367 0.7329 0.6665
vn 0.0811 0.7680 0.6353
vn 0.1910 0.7542 0.6283
vn 0.1371 0.8479 0.5121
vn 0.0695 0.8238 0.5625
vn 0.0842 0.9017 -0.4241
vn 0.0897 0.9124 0.3995
vn 0.0782 0.9735 -0.2147
vn 0.0833 0.9699 0.2286
vn 0.1262 0.9843 -0.1235
vn 0.0165 0.9998 0.0146
vn 0.1326 0.9840 0.1191
vn 0.1764 -0.9781 -0.1101
vn 0.1764 -0.9751 0.1346
vn 0.2892 -0.9231 -0.2534
vn 0.3066 -0.9191 0.2475
vn 0.2973 -0.8342 -0.4644
vn 0.3746 -0.7674 0.5203
vn 0.3286 -0.7177 0.6140
vn 0.2569 -0.7550 0.6034
vn 0.2666 -0.6169 0.7405
vn -0.0456 -0.3871 -0.9209
vn 0.3194 -0.5451 0.7752
vn -0.5499 -0.0869 -0.8307
vn 0.2906 -0.3296 0.8983
vn -0.8083 0.3367 -0.4830
vn 0.1108 -0.3566 0.9277
vn 0.2857 -0.3160 0.9047
vn 0.0572 -0.2918 0.9548
vn -0.6691 0.2115 -0.7125
vn 0.2060 -0.2930 0.9337
vn -0.5745 0.5516 -0.6047
vn 0.0702 -0.5388 0.8395
vn -0.6126 -0.3151 -0.7249
vn 0.1093 -0.7199 0.6855
vn -0.7794 -0.3507 -0.5191
vn -0.7825 -0.3882 -0.4868
vn -0.8092 -0.4639 -0.3605
vn 0.0867 -0.6055 0.7911
vn -0.8535 -0.4675 -0.2301
vn -0.7259 -0.4596 -0.5117
vn -0.8714 -0.4724 -0.1323
vn 0.0952 -0.5147 0.8521
vn 0.1767 -0.4815 0.8584
vn 0.1938 -0.4400 0.8768
vn 0.1752 -0.3908 0.9037
vn 0.1674 -0.3918 0.9047
vn 0.1792 -0.2042 -0.9624
vn 0.1705 -0.3626 -0.9162
vn 0.1634 -0.3986 0.9024
vn 0.0591 -0.3238 -0.9443
vn 0.0970 -0.2071 -0.9735
vn 0.2140 -0.1156 0.9700
vn 0.0727 -0.0932 -0.9930
vn 0.1836 -0.0773 0.9800
vn 0.0970 -0.0660 0.9931
vn 0.4710 0.1488 -0.8695
vn 0.2916 0.1191 -0.9491
vn 0.2061 0.1649 0.9645
vn 0.2492 0.3389 -0.9072
vn 0.1586 0.2041 0.9660
vn 0.1467 0.2961 -0.9438
vn 0.1789 0.2329 0.9559
vn 0.1596 0.2245 -0.9613
vn 0.2161 0.2134 0.9528
vn 0.0848 0.2609 0.9616
vn 0.1699 0.2983 0.9392
vn 0.0320 0.3419 -0.9392
vn 0.1839 0.4688 0.8640
vn 0.1291 0.5258 -0.8407
vn 0.1558 0.5986 0.7858
vn 0.1952 0.5776 0.7926
vn 0.2194 0.6516 -0.7262
vn 0.2334 0.6873 -0.6878
vn 0.1175 0.8461 -0.5199
vn 0.2185 0.8428 -0.4918
vn 0.2240 0.8067 0.5468
vn 0.2294 0.8933 -0.3865
vn 0.1889 0.9153 0.3558
vn 0.2403 0.8662 0.4381
vn 0.0627 0.9936 -0.0935
vn 0.2852 0.9036 0.3198
vn 0.3231 -0.9429 -0.0812
vn 0.2578 -0.9651 0.0467
vn 0.4206 -0.8736 0.2448
vn 0.3696 -0.8405 0.3962
vn 0.2497 -0.8070 -0.5352
vn 0.3108 -0.8784 -0.3630
vn 0.3576 -0.7808 0.5123
vn 0.3693 -0.6726 -0.6413
vn 0.3603 -0.5879 -0.7242
vn 0.1352 -0.4403 -0.8876
vn 0.3106 -0.4771 0.8222
vn -0.8159 0.3042 -0.4917
vn -0.8771 0.2539 -0.4078
vn -0.9261 0.1971 -0.3217
vn -0.8989 0.2074 -0.3859
vn -0.8446 0.2724 -0.4610
vn -0.7688 0.2332 -0.5954
vn -0.8787 0.1152 -0.4633
vn 0.2752 -0.3705 0.8871
vn 0.2024 -0.4907 0.8475
vn -0.8697 -0.0379 -0.4922
vn -0.7662 -0.2605 -0.5874
vn 0.2204 -0.5641 0.7957
vn 0.1400 -0.7114 0.6887
vn -0.8941 -0.2972 -0.3350
vn -0.8968 -0.3316 -0.2930
vn -0.8427 -0.4000 -0.3604
vn -0.9252 -0.3553 -0.1330
vn -0.9269 -0.3323 -0.1743
vn 0.1804 -0.6255 0.7591
vn -0.5159 -0.4928 -0.7007
vn -0.1829 -0.2181 -0.9586
vn 0.2372 -0.5267 0.8163
vn 0.1766 -0.0395 -0.9835
vn 0.2434 -0.3904 0.8879
vn 0.3061 -0.1348 -0.9424
vn 0.1949 -0.3278 -0.9244
vn 0.2183 -0.4271 0.8775
vn 0.1187 -0.3585 -0.9259
vn 0.1007 -0.1466 0.9840
vn 0.1173 -0.0990 -0.9882
vn 0.1393 -0.0644 -0.9882
vn 0.0898 -0.0239 -0.9957
vn 0.1870 -0.0642 -0.9803
vn 0.2572 0.0134 -0.9663
vn 0.1370 -0.0804 -0.9873
vn 0.2677 0.0125 -0.9634
vn 0.0932 0.0542 0.9942
vn 0.2068 0.0975 0.9735
vn 0.5519 -0.0721 -0.8308
vn 0.2372 0.2336 0.9429
vn 0.1412 0.2051 -0.9685
vn 0.2690 0.2227 0.9371
vn 0.1801 0.1726 0.9684
vn 0.2511 0.2475 0.9358
vn 0.3029 0.4123 0.8592
vn 0.1737 0.3796 0.9087
vn 0.2048 0.5012 -0.8408
vn 0.2335 0.5016 0.8330
vn 0.2243 0.5072 0.8321
vn 0.1809 0.5618 -0.8072
vn 0.1785 0.6129 0.7697
vn 0.1574 0.6459 0.7470
vn 0.2561 0.6264 -0.7363
vn 0.2695 0.6573 -0.7038
vn 0.2744 0.7247 -0.6321
vn 0.3340 0.7069 -0.6235
vn 0.2575 0.7691 -0.5850
vn 0.3341 0.7842 0.5229
vn 0.2753 0.8354 -0.4756
vn 0.3220 0.8415 0.4339
vn 0.2017 0.9437 -0.2623
vn 0.3614 0.9315 -0.0411
vn 0.1791 0.9828 -0.0446
vn 0.2619 0.9359 0.2358
vn 0.4807 -0.8552 -0.1937
vn 0.4327 -0.7786 0.4544
vn 0.4115 -0.7257 0.5514
vn 0.5126 -0.6845 -0.5184
vn 0.4242 -0.7651 -0.4845
vn 0.4609 -0.6577 0.5958
vn 0.3892 -0.6212 0.6802
vn 0.4417 -0.5584 0.7022
vn 0.3533 -0.4189 -0.8364
vn -0.3584 -0.1731 -0.9174
vn 0.4107 -0.3910 0.8237
vn 0.2905 -0.3408 0.8941
vn -0.3661 -0.0468 -0.9294
vn 0.3944 -0.3046 0.8670
vn -0.8751 0.2132 -0.4344
vn -0.9145 0.2092 -0.3462
vn -0.9310 0.1659 -0.3251
vn -0.9320 0.1365 -0.3358
vn -0.9684 0.0162 -0.2487
vn -0.9392 0.1049 -0.3269
vn -0.9586 0.0035 -0.2848
vn 0.2783 -0.3939 0.8760
vn -0.9422 -0.0881 -0.3232
vn -0.9689 -0.1162 -0.2186
vn -0.8849 -0.2879 -0.3662
vn -0.9605 -0.2213 -0.1686
vn -0.9366 -0.2146 -0.2771
vn 0.2582 -0.6132 0.7466
vn 0.2562 -0.6332 0.7304
vn -0.8065 -0.3439 -0.4810
vn 0.2273 -0.6262 0.7458
vn -0.4982 -0.4995 -0.7087
vn 0.3154 -0.5608 0.7656
vn 0.2846 -0.4280 0.8578
vn 0.2552 -0.3801 0.8890
vn 0.2729 -0.3694 0.8883
vn 0.1657 -0.3598 -0.9182
vn 0.1976 -0.3356 -0.9211
vn 0.3285 -0.2850 0.9005
vn 0.1781 -0.2545 -0.9505
vn 0.2795 -0.2579 0.9248
vn 0.2717 -0.1883 0.9438
vn 0.1288 -0.1544 -0.9796
vn 0.1311 -0.0957 -0.9867
vn 0.2873 0.0217 0.9576
vn 0.9352 0.2664 -0.2331
vn 0.9461 -0.1189 -0.3014
vn 0.8816 -0.1229 -0.4558
vn 0.3047 0.1614 0.9387
vn 0.4700 0.0465 -0.8815
vn 0.2742 0.2231 0.9354
vn 0.2613 0.2245 0.9388
vn 0.2572 0.2170 -0.9417
vn 0.2189 0.2643 -0.9393
vn 0.2745 0.2318 -0.9332
vn 0.3191 0.2913 -0.9019
vn 0.2263 0.2352 -0.9452
vn 0.3007 0.3170 0.8995
vn 0.3158 0.4011 0.8599
vn 0.2318 0.4938 0.8381
vn 0.2576 0.5959 -0.7606
vn 0.2888 0.6116 -0.7366
vn 0.2486 0.6206 0.7437
vn 0.2022 0.6651 0.7189
vn 0.3514 0.6469 -0.6768
vn 0.1943 0.6843 0.7029
vn 0.2595 0.7081 0.6567
vn 0.3514 0.8109 -0.4679
vn 0.2405 0.9529 -0.1847
vn 0.1723 0.9814 -0.0851
vn 0.2474 0.9572 0.1500
vn 0.4463 -0.8939 -0.0422
vn 0.4352 -0.8080 -0.3972
vn 0.5133 -0.7774 0.3634
vn 0.4166 -0.7774 -0.4713
vn 0.4900 -0.7133 0.5012
vn 0.4066 -0.6003 -0.6888
vn 0.4762 -0.5714 0.6685
vn 0.4774 -0.5371 -0.6954
vn 0.4759 -0.4190 -0.7733
vn 0.4798 -0.4811 0.7337
vn 0.3794 -0.5262 -0.7610
vn 0.3643 -0.2826 0.8874
vn -0.2981 0.0344 -0.9539
vn 0.4636 -0.2995 0.8339
vn -0.8698 0.1656 -0.4649
vn -0.5961 -0.1899 -0.7801
vn -0.9678 -0.1170 -0.2230
vn -0.9731 -0.1804 -0.1434
vn 0.3283 -0.5720 0.7517
vn 0.3242 -0.6044 0.7277
vn 0.0376 -0.3192 -0.9469
vn 0.2982 -0.5875 0.7522
vn 0.2703 -0.1686 -0.9479
vn 0.3205 -0.4816 0.8157
vn 0.2924 -0.3742 0.8801
vn 0.3883 -0.1685 -0.9060
vn 0.2807 -0.3867 0.8785
vn 0.2516 -0.3596 -0.8986
vn 0.3873 -0.3177 0.8655
vn 0.3365 -0.3426 0.8772
vn 0.1883 -0.3010 -0.9349
vn 0.1323 -0.1577 -0.9786
vn 0.1146 -0.0850 -0.9898
vn 0.0544 -0.1491 -0.9873
vn 0.2181 -0.0672 0.9736
vn 0.2850 -0.0732 0.9557
vn 0.2832 -0.0490 0.9578
vn 0.5897 0.3365 -0.7342
vn 0.2042 -0.0472 0.9778
vn 0.6445 0.7076 -0.2896
vn 0.8114 0.5695 -0.1316
vn 0.8367 0.4400 -0.3261
vn 0.8891 -0.1135 -0.4434
vn 0.6238 -0.6666 -0.4081
vn 0.3715 0.1276 0.9196
vn 0.3179 0.2240 0.9213
vn 0.2064 0.2373 -0.9493
vn 0.3330 0.2294 0.9146
vn 0.3001 0.4693 -0.8305
vn 0.3876 0.4926 -0.7792
vn 0.2879 0.5522 -0.7824
vn 0.3641 0.5686 -0.7376
vn 0.2909 0.5738 0.7656
vn 0.2697 0.6518 0.7089
vn 0.3452 0.6270 -0.6984
vn 0.3533 0.6345 -0.6875
vn 0.3120 0.6611 0.6823
vn 0.3998 0.6540 -0.6422
vn 0.3414 0.6897 0.6385
vn 0.4102 0.6475 -0.6423
vn 0.3648 0.7074 0.6053
vn 0.3432 0.7337 0.5864
vn 0.3672 0.7597 -0.5367
vn 0.3428 0.8063 0.4821
vn 0.4382 0.7693 0.4649
vn 0.3428 0.8713 -0.3512
vn 0.3918 0.8539 0.3425
vn 0.3276 0.9195 -0.2171
vn 0.3476 0.9322 0.1012
vn 0.4034 0.8797 0.2519
vn 0.3725 0.9166 -0.1451
vn 0.3353 0.9421 -0.0071
vn 0.4456 0.8905 0.0922
vn 0.5522 -0.8073 0.2082
vn 0.5258 -0.7720 -0.3571
vn 0.5746 -0.7312 0.3678
vn 0.5872 -0.6381 0.4979
vn 0.5837 -0.5773 -0.5710
vn 0.5259 -0.5765 -0.6253
vn 0.5252 -0.5896 0.6137
vn 0.5320 -0.5193 -0.6688
vn 0.5450 -0.5109 0.6648
vn 0.5761 -0.3882 -0.7193
vn 0.4479 -0.3238 -0.8334
vn 0.5454 -0.1741 -0.8199
vn 0.5189 -0.3649 0.7731
vn 0.5232 -0.2491 0.8150
vn 0.4509 0.0490 -0.8912
vn 0.5671 -0.2371 -0.7888
vn 0.5478 -0.3168 0.7743
vn 0.4363 -0.3349 0.8352
vn 0.4236 -0.3760 0.8241
vn 0.3487 -0.4698 0.8110
vn -0.4179 -0.2188 -0.8817
vn 0.4604 -0.5238 0.7167
vn 0.3288 -0.5832 0.7428
vn 0.3433 -0.5908 0.7301
vn 0.1309 -0.3074 -0.9425
vn 0.3697 -0.1404 -0.9185
vn 0.4145 -0.5854 0.6968
vn 0.5545 -0.1319 -0.8217
vn 0.4277 -0.5404 0.7246
vn 0.3899 -0.4814 0.7850
vn 0.4927 -0.1829 -0.8508
vn 0.3125 -0.0684 -0.9475
vn 0.3523 -0.4262 0.8332
vn 0.2593 -0.2757 -0.9256
vn 0.3108 -0.2105 -0.9269
vn 0.3364 -0.3666 0.8674
vn 0.2935 -0.3110 -0.9040
vn 0.3318 -0.5008 0.7994
vn 0.1785 -0.2561 -0.9500
vn 0.3626 -0.1717 0.9160
vn 0.2913 -0.0857 0.9528
vn 0.6660 0.6585 -0.3504
vn 0.7440 0.4768 -0.4682
vn 0.8435 0.2585 -0.4708
vn 0.3096 0.0877 0.9468
vn 0.7804 0.0139 -0.6251
vn 0.7232 -0.3953 -0.5664
vn 0.7804 -0.5613 -0.2755
vn 0.3426 0.2167 0.9142
vn 0.3520 0.2326 -0.9066
vn 0.3522 0.2236 0.9088
vn 0.3268 0.2710 0.9054
vn 0.3774 0.3318 0.8646
vn 0.2715 0.3806 -0.8840
vn 0.4275 0.3261 0.8431
vn 0.4244 0.3632 -0.8295
vn 0.4441 0.4230 -0.7898
vn 0.3150 0.4707 0.8242
vn 0.4239 0.3758 0.8241
vn 0.3058 0.5620 -0.7685
vn 0.4202 0.5001 -0.7572
vn 0.4313 0.5366 -0.7253
vn 0.3204 0.4982 0.8057
vn 0.3652 0.6010 -0.7109
vn 0.4305 0.5965 -0.6773
vn 0.3967 0.6323 -0.6654
vn 0.3392 0.6258 0.7024
vn 0.4128 0.6186 -0.6686
vn 0.4509 0.7228 0.5237
vn 0.4388 0.6920 -0.5732
vn 0.4548 0.7364 -0.5009
vn 0.4964 0.7605 0.4187
vn 0.4196 0.7978 -0.4329
vn 0.4108 0.8331 -0.3704
vn 0.4442 0.8627 -0.2417
vn 0.4719 0.8337 0.2868
vn 0.4956 0.8566 -0.1434
vn 0.4267 0.8977 -0.1102
vn 0.4297 0.9024 -0.0312
vn 0.4228 0.9053 0.0408
vn 0.4723 0.8704 0.1390
vn 0.5947 -0.7977 -0.0999
vn 0.5090 -0.8582 0.0660
vn 0.5845 -0.7946 -0.1642
vn 0.5660 -0.6941 0.4447
vn 0.5804 -0.6058 0.5442
vn 0.6210 -0.5380 0.5700
vn 0.5535 -0.5299 0.6425
vn 0.6073 -0.4522 -0.6532
vn 0.6258 -0.4016 -0.6687
vn 0.6170 -0.4380 0.6538
vn 0.5728 -0.2996 0.7630
vn 0.6359 -0.2519 -0.7295
vn 0.3901 -0.2307 -0.8914
vn 0.5439 -0.3458 0.7646
vn 0.4054 -0.1401 -0.9033
vn 0.4750 -0.4304 0.7675
vn 0.4497 -0.1606 -0.8786
vn 0.4292 -0.5489 0.7173
vn 0.5861 -0.1505 -0.7962
vn 0.4112 -0.5971 0.6888
vn 0.4752 -0.0287 -0.8794
vn 0.4770 -0.5065 0.7183
vn 0.3341 -0.3939 0.8563
vn 0.3870 -0.1851 -0.9033
vn 0.3653 -0.2957 -0.8827
vn 0.3931 -0.3443 0.8526
vn 0.3565 -0.3449 0.8683
vn 0.3035 -0.3688 -0.8786
vn 0.2459 -0.3698 -0.8960
vn 0.4450 -0.2556 0.8583
vn 0.2427 -0.3266 -0.9135
vn 0.1462 -0.1908 -0.9707
vn 0.4373 -0.1513 0.8865
vn 0.1110 -0.0671 -0.9915
vn 0.3088 -0.0805 0.9477
vn 0.4169 0.3822 -0.8247
vn 0.3829 0.8607 -0.3356
vn 0.5461 0.7050 -0.4525
vn 0.6493 0.4892 -0.5823
vn 0.5353 0.2674 -0.8012
vn 0.3983 -0.0071 0.9172
vn 0.5974 -0.4717 -0.6485
vn 0.5820 -0.6474 -0.4921
vn 0.4230 -0.1724 -0.8896
vn 0.3488 -0.1482 -0.9254
vn 0.3780 0.2043 0.9030
vn 0.4021 0.1197 -0.9077
vn 0.2654 0.2335 -0.9354
vn 0.3532 0.2583 -0.8992
vn 0.3886 0.2433 0.8887
vn 0.4509 0.3731 -0.8109
vn 0.4035 0.2664 0.8753
vn 0.4564 0.3210 -0.8299
vn 0.4496 0.2857 0.8463
vn 0.3820 0.4527 0.8057
vn 0.3497 0.5381 0.7669
vn 0.3611 0.5645 0.7423
vn 0.3625 0.6605 0.6575
vn 0.3990 0.6780 0.6174
vn 0.4833 0.6350 -0.6027
vn 0.4610 0.6536 -0.6002
vn 0.4650 0.7040 0.5368
vn 0.4962 0.6608 -0.5630
vn 0.4715 0.7495 0.4648
vn 0.5050 0.7302 0.4602
vn 0.5146 0.7428 -0.4283
vn 0.4927 0.7398 0.4582
vn 0.4719 0.7760 -0.4185
vn 0.5269 0.7892 0.3155
vn 0.5390 0.7593 0.3645
vn 0.5513 0.8236 0.1334
vn 0.5290 0.8335 0.1591
vn 0.5262 0.8255 0.2042
vn 0.6444 -0.7392 0.1959
vn 0.6575 -0.7229 -0.2127
vn 0.7189 -0.6780 0.1533
vn 0.6565 -0.6802 0.3261
vn 0.6345 -0.6298 -0.4481
vn 0.6783 -0.6277 0.3820
vn 0.6395 -0.5745 -0.5109
vn 0.6686 -0.5910 0.4514
vn 0.6442 -0.4602 -0.6109
vn 0.6779 -0.4751 0.5610
vn 0.6183 -0.3119 -0.7214
vn 0.6944 -0.3600 0.6231
vn 0.7361 -0.3352 0.5881
vn 0.6363 -0.3271 0.6987
vn 0.5962 -0.2262 -0.7703
vn 0.6241 -0.1811 -0.7601
vn 0.6372 -0.3108 0.7053
vn 0.6459 -0.1742 -0.7433
vn 0.5302 -0.4859 0.6949
vn 0.5903 -0.1695 -0.7891
vn 0.5888 -0.3600 0.7237
vn 0.5589 -0.4416 0.7019
vn 0.5868 -0.1334 -0.7987
vn 0.5601 -0.5224 0.6429
vn 0.5374 -0.5524 0.6372
vn 0.4722 -0.5480 0.6904
vn 0.5026 -0.5277 0.6848
vn 0.5222 -0.1349 -0.8421
vn 0.4252 -0.4402 0.7909
vn 0.4520 -0.4582 0.7653
vn 0.4262 -0.1886 -0.8847
vn 0.4798 -0.1714 -0.8605
vn 0.4158 -0.3777 0.8273
vn 0.3451 -0.3833 0.8568
vn 0.4418 -0.2153 -0.8709
vn 0.3741 -0.3603 0.8545
vn 0.4293 -0.2549 -0.8664
vn 0.3399 -0.3248 -0.8826
vn 0.4316 -0.3142 0.8456
vn 0.3043 -0.3944 -0.8671
vn 0.2760 -0.4002 -0.8739
vn 0.1727 -0.2766 -0.9454
vn 0.1340 -0.2236 -0.9654
vn 0.3797 -0.1303 0.9159
vn 0.1482 -0.0904 -0.9848
vn 0.3540 -0.0987 0.9300
vn 0.1544 0.0101 -0.9880
vn 0.2831 0.2034 -0.9373
vn 0.3867 0.0154 0.9221
vn 0.4757 0.7167 -0.5100
vn 0.4264 0.8708 -0.2446
vn 0.3463 0.7723 -0.5325
vn 0.4932 0.5732 -0.6543
vn 0.4016 -0.2179 -0.8895
vn 0.4883 0.0958 0.8674
vn 0.5197 -0.4469 -0.7282
vn 0.4576 0.1234 0.8806
vn 0.4283 0.1594 0.8895
vn 0.2676 -0.8737 -0.4064
vn 0.3411 -0.8871 -0.3110
vn 0.3765 -0.7415 -0.5553
vn 0.4160 0.1953 0.8882
vn 0.3841 0.2259 0.8952
vn 0.4174 0.2439 0.8754
vn 0.4269 0.2726 -0.8623
vn 0.4398 0.2557 0.8609
vn 0.4606 0.2897 -0.8390
vn 0.5044 0.3327 -0.7968
vn 0.4782 0.3122 0.8209
vn 0.5199 0.3910 -0.7595
vn 0.4645 0.3300 0.8218
vn 0.4798 0.3668 0.7970
vn 0.5459 0.4423 -0.7116
vn 0.4123 0.4959 0.7643
vn 0.4996 0.5045 -0.7042
vn 0.5106 0.5608 -0.6517
vn 0.5068 0.5822 -0.6357
vn 0.4398 0.6206 -0.6492
vn 0.4143 0.5891 0.6937
vn 0.4359 0.6412 0.6316
vn 0.4335 0.6361 -0.6383
vn 0.4649 0.6275 -0.6246
vn 0.5032 0.6726 0.5425
vn 0.5115 0.6276 -0.5869
vn 0.5041 0.6554 -0.5624
vn 0.5263 0.6769 -0.5147
vn 0.5369 0.7134 0.4502
vn 0.5156 0.7067 -0.4846
vn 0.5530 0.7207 0.4180
vn 0.5767 0.7345 0.3578
vn 0.5715 0.7464 0.3411
vn 0.5081 0.7927 -0.3369
vn 0.5266 0.8022 -0.2813
vn 0.5369 0.8106 -0.2337
vn 0.5931 0.7810 0.1955
vn 0.5402 0.8024 0.2536
vn 0.5525 0.8126 -0.1855
vn 0.5035 0.8556 -0.1200
vn 0.5330 0.8435 -0.0659
vn 0.5371 0.8434 -0.0136
vn 0.5339 0.8443 0.0453
vn 0.5774 0.8140 0.0632
vn 0.5784 0.8094 0.1018
vn 0.6659 -0.7461 -0.0027
vn 0.6942 -0.6660 -0.2732
vn 0.7449 -0.5424 0.3885
vn 0.7327 -0.5383 -0.4164
vn 0.7455 -0.4967 0.4444
vn 0.6737 -0.5463 0.4976
vn 0.6540 -0.5058 -0.5626
vn 0.7173 -0.5162 -0.4680
vn 0.7636 -0.4581 0.4551
vn 0.7070 -0.4191 -0.5696
vn 0.7352 -0.4670 -0.4913
vn 0.7344 -0.4584 0.5005
vn 0.7240 -0.4062 0.5575
vn 0.7181 -0.4273 -0.5494
vn 0.7316 -0.3531 -0.5832
vn 0.6860 -0.2823 -0.6706
vn 0.7429 -0.2969 -0.6000
vn 0.6977 -0.3185 -0.6417
vn 0.7100 -0.2976 0.6382
vn 0.7350 -0.3050 0.6056
vn 0.7292 -0.2550 -0.6351
vn 0.6946 -0.2208 -0.6847
vn 0.7044 -0.3058 0.6405
vn 0.6861 -0.1974 -0.7002
vn 0.6657 -0.3284 0.6701
vn 0.6288 -0.3554 0.6915
vn 0.6095 -0.3751 0.6984
vn 0.6960 -0.1392 -0.7044
vn 0.6314 -0.3979 0.6656
vn 0.6067 -0.1348 -0.7834
vn 0.6929 -0.1223 -0.7106
vn 0.5237 -0.4703 0.7104
vn 0.6270 -0.4280 0.6509
vn 0.6583 -0.1166 -0.7437
vn 0.6048 -0.4679 0.6444
vn 0.7017 -0.1026 -0.7051
vn 0.6232 -0.4748 0.6215
vn 0.6659 -0.1130 -0.7375
vn 0.7010 -0.1430 -0.6987
vn 0.5731 -0.5279 0.6268
vn 0.5877 -0.5184 0.6212
vn 0.4963 -0.5579 0.6651
vn 0.5213 -0.5171 0.6789
vn 0.6711 0.0176 -0.7411
vn 0.5375 -0.1691 -0.8261
vn 0.5907 -0.1848 -0.7854
vn 0.5051 -0.4594 0.7306
vn 0.4642 -0.4351 0.7715
vn 0.3994 -0.3597 0.8432
vn 0.4661 -0.0012 -0.8847
vn 0.4125 -0.3371 0.8463
vn 0.4146 -0.2585 0.8725
vn 0.4602 -0.2961 0.8370
vn 0.3548 -0.3800 -0.8543
vn 0.2940 -0.4254 -0.8559
vn 0.4674 -0.2852 0.8368
vn 0.2030 -0.3959 -0.8956
vn 0.2472 -0.3948 -0.8849
vn 0.5093 -0.2359 0.8276
vn 0.1938 -0.3434 -0.9190
vn 0.4850 -0.2137 0.8480
vn 0.4415 -0.2029 0.8740
vn 0.4769 -0.1921 0.8577
vn 0.1314 -0.0172 -0.9912
vn 0.2357 0.0272 -0.9715
vn 0.3811 -0.0856 0.9206
vn 0.4180 -0.0154 0.9083
vn 0.2068 0.7453 -0.6339
vn 0.2460 0.9236 -0.2939
vn 0.1991 0.9049 -0.3762
vn 0.4328 0.0073 0.9014
vn 0.1560 0.3298 -0.9311
vn 0.2279 0.4138 -0.8814
vn 0.3754 0.2051 -0.9039
vn 0.4349 0.0733 0.8975
vn 0.1703 -0.5586 -0.8118
vn 0.5037 0.1112 0.8567
vn 0.2192 -0.7933 -0.5680
vn 0.4556 0.1570 0.8762
vn 0.4750 0.0719 0.8770
vn 0.4352 -0.4176 -0.7977
vn 0.2211 -0.8803 -0.4198
vn 0.4828 0.1634 0.8604
vn 0.4498 0.2711 -0.8510
vn 0.4698 0.1592 -0.8683
vn 0.3040 0.3779 -0.8745
vn 0.4275 0.2236 0.8759
vn 0.4716 0.2645 -0.8412
vn 0.4439 0.2296 0.8661
vn 0.4124 0.2299 -0.8815
vn 0.4660 0.2688 0.8430
vn 0.4665 0.2854 -0.8372
vn 0.5115 0.2901 -0.8088
vn 0.4443 0.2655 0.8556
vn 0.5144 0.3092 -0.7999
vn 0.5319 0.3284 -0.7806
vn 0.4947 0.2872 0.8202
vn 0.5152 0.2990 0.8032
vn 0.5500 0.3597 -0.7537
vn 0.5299 0.3090 0.7897
vn 0.5441 0.4066 -0.7339
vn 0.4945 0.3748 0.7842
vn 0.5145 0.4018 0.7576
vn 0.5552 0.4954 -0.6681
vn 0.4964 0.4558 0.7389
vn 0.4390 0.5389 0.7189
vn 0.4934 0.5281 0.6911
vn 0.4998 0.5687 0.6533
vn 0.5087 0.6138 -0.6037
vn 0.5414 0.5837 -0.6051
vn 0.5146 0.6117 -0.6009
vn 0.4913 0.6261 0.6055
vn 0.4677 0.6857 0.5578
vn 0.5386 0.6866 0.4884
vn 0.5287 0.6508 -0.5449
vn 0.5543 0.6531 -0.5161
vn 0.5952 0.7079 0.3803
vn 0.5541 0.6954 -0.4577
vn 0.5670 0.7223 -0.3961
vn 0.5997 0.7404 0.3035
vn 0.6169 0.7377 0.2744
vn 0.5598 0.7533 -0.3453
vn 0.5771 0.7700 -0.2719
vn 0.6216 0.7458 0.2396
vn 0.6155 0.7658 0.1863
vn 0.5885 0.8079 -0.0316
vn 0.5341 0.8444 0.0412
vn 0.6110 0.7871 0.0848
vn 0.6043 0.7827 0.1491
vn 0.7304 -0.6827 0.0210
vn 0.7481 -0.6026 0.2779
vn 0.7326 -0.5792 -0.3574
vn 0.7960 -0.5959 0.1063
vn 0.7927 -0.4687 -0.3898
vn 0.7981 -0.4870 0.3549
vn 0.8028 -0.4490 0.3924
vn 0.8130 -0.3902 0.4321
vn 0.7713 -0.4166 0.4812
vn 0.7392 -0.3750 -0.5594
vn 0.8310 -0.3548 -0.4284
vn 0.7964 -0.3699 0.4785
vn 0.7847 -0.3825 -0.4878
vn 0.8013 -0.3318 0.4978
vn 0.7835 -0.3268 0.5285
vn 0.7833 -0.3090 -0.5395
vn 0.7663 -0.3165 0.5591
vn 0.7046 -0.3249 0.6308
vn 0.7227 -0.3247 0.6102
vn 0.7140 -0.1662 -0.6801
vn 0.7109 -0.1733 -0.6817
vn 0.6798 -0.3586 0.6397
vn 0.7521 -0.1868 -0.6320
vn 0.6683 -0.3619 0.6499
vn 0.7469 -0.1162 -0.6547
vn 0.6722 -0.4306 0.6023
vn 0.7433 -0.0843 -0.6637
vn 0.6344 -0.4627 0.6192
vn 0.6876 -0.4691 0.5542
vn 0.6078 -0.5227 0.5978
vn 0.6476 -0.5103 0.5658
vn 0.5966 -0.5258 0.6063
vn 0.6884 -0.1857 -0.7011
vn 0.5895 -0.5320 0.6078
vn 0.5582 -0.5250 0.6424
vn 0.5402 -0.4959 0.6798
vn 0.6422 -0.1883 -0.7430
vn 0.5434 -0.2305 -0.8072
vn 0.4707 -0.4072 0.7827
vn 0.5155 -0.2337 -0.8244
vn 0.4616 -0.3715 0.8055
vn 0.4999 -0.3042 -0.8109
vn 0.4524 -0.3269 0.8298
vn 0.4081 -0.3780 -0.8310
vn 0.4917 -0.3380 -0.8025
vn 0.3526 -0.4236 -0.8344
vn 0.3801 -0.4259 -0.8210
vn 0.3138 -0.4227 -0.8502
vn 0.5024 -0.2554 0.8260
vn 0.2294 -0.3958 -0.8892
vn 0.1917 -0.3327 -0.9234
vn 0.5159 -0.2282 0.8257
vn 0.1582 -0.2613 -0.9522
vn 0.5304 -0.1424 0.8357
vn 0.1957 -0.1575 -0.9679
vn 0.4701 -0.1505 0.8697
vn 0.4588 -0.1247 0.8797
vn 0.3833 -0.0529 0.9221
vn 0.2769 0.2164 -0.9362
vn 0.2156 0.6949 -0.6860
vn 0.1198 0.9500 -0.2882
vn 0.4578 0.0373 0.8883
vn 0.1879 0.6734 -0.7150
vn 0.4895 0.0963 0.8667
vn 0.5227 0.0793 0.8488
vn 0.0954 -0.2573 -0.9616
vn 0.5230 0.1188 0.8440
vn 0.5140 0.1967 0.8349
vn 0.4504 0.2095 0.8679
vn 0.4778 0.1774 0.8604
vn 0.4999 0.2251 -0.8363
vn 0.4799 0.2466 0.8420
vn 0.5164 0.2865 -0.8070
vn 0.5569 0.3249 -0.7644
vn 0.5026 0.2877 0.8152
vn 0.5277 0.2946 0.7967
vn 0.5919 0.3452 -0.7284
vn 0.5091 0.3318 0.7942
vn 0.5966 0.3854 -0.7039
vn 0.5452 0.3314 0.7700
vn 0.6239 0.3554 -0.6960
vn 0.5412 0.3435 0.7675
vn 0.6139 0.4142 -0.6720
vn 0.6137 0.4669 -0.6367
vn 0.5406 0.5415 -0.6438
vn 0.5470 0.4770 0.6879
vn 0.5833 0.5391 -0.6076
vn 0.5684 0.5791 -0.5844
vn 0.5426 0.5993 0.5886
vn 0.5320 0.6385 0.5561
vn 0.5749 0.5974 -0.5591
vn 0.5280 0.6431 -0.5547
vn 0.5791 0.6658 0.4705
vn 0.5624 0.6529 0.5074
vn 0.5722 0.6158 -0.5416
vn 0.5971 0.6782 0.4285
vn 0.5617 0.6755 -0.4777
vn 0.6044 0.6584 -0.4485
vn 0.5695 0.7017 0.4282
vn 0.6132 0.7000 0.3661
vn 0.5803 0.6849 -0.4406
vn 0.6170 0.7093 0.3409
vn 0.6314 0.7112 0.3091
vn 0.6415 0.7233 0.2557
vn 0.6105 0.7250 -0.3190
vn 0.5946 0.7915 -0.1410
vn 0.6329 0.7578 0.1589
vn 0.6216 0.7830 0.0228
vn 0.7920 -0.5823 -0.1838
vn 0.8646 -0.5015 -0.0312
vn 0.8578 -0.5091 0.0714
vn 0.8275 -0.5151 0.2233
vn 0.8595 -0.4379 0.2637
vn 0.8330 -0.4557 -0.3137
vn 0.8476 -0.5036 -0.1675
vn 0.8665 -0.4290 0.2552
vn 0.8784 -0.4318 -0.2048
vn 0.8759 -0.3421 -0.3402
vn 0.9396 -0.3017 0.1615
vn 0.8767 -0.3540 0.3258
vn 0.8401 -0.3482 0.4158
vn 0.8179 -0.3050 -0.4879
vn 0.8216 -0.3512 0.4490
vn 0.7870 -0.2715 -0.5540
vn 0.8124 -0.3267 0.4830
vn 0.7897 -0.3289 0.5179
vn 0.7498 -0.2360 -0.6181
vn 0.7558 -0.2005 -0.6233
vn 0.7581 -0.1362 -0.6377
vn 0.7190 -0.3506 0.6001
vn 0.7164 -0.3543 0.6011
vn 0.7071 -0.3542 0.6120
vn 0.6726 -0.4058 0.6188
vn 0.6855 -0.3845 0.6182
vn 0.7205 -0.3879 0.5748
vn 0.7552 -0.0829 -0.6502
vn 0.7215 -0.4189 0.5513
vn 0.7818 -0.1023 -0.6151
vn 0.6822 -0.4672 0.5625
vn 0.7521 -0.1210 -0.6478
vn 0.7069 -0.4774 0.5218
vn 0.7309 -0.1657 -0.6621
vn 0.6826 -0.5126 0.5208
vn 0.6734 -0.5023 0.5424
vn 0.7438 -0.1380 -0.6540
vn 0.6176 -0.5301 0.5810
vn 0.6510 -0.5328 0.5407
vn 0.7123 -0.2347 -0.6614
vn 0.6151 -0.5270 0.5864
vn 0.6754 -0.2280 -0.7013
vn 0.5824 -0.5056 0.6366
vn 0.6571 -0.2606 -0.7074
vn 0.5270 -0.4400 0.7271
vn 0.5472 -0.4426 0.7104
vn 0.5934 -0.2383 -0.7689
vn 0.5423 -0.2865 -0.7898
vn 0.5844 -0.2662 -0.7665
vn 0.5231 -0.3836 0.7611
vn 0.5016 -0.3350 0.7976
vn 0.5182 -0.2923 0.8038
vn 0.5111 -0.3890 -0.7665
vn 0.4333 -0.4171 -0.7989
vn 0.5065 -0.2731 0.8178
vn 0.3550 -0.4570 -0.8155
vn 0.5167 -0.2642 0.8144
vn 0.2936 -0.4558 -0.8403
vn 0.5336 -0.2461 0.8091
vn 0.2950 -0.4239 -0.8563
vn 0.5454 -0.2341 0.8048
vn 0.5429 -0.2415 0.8044
vn 0.1690 -0.2605 -0.9506
vn 0.5227 -0.2218 0.8231
vn 0.1507 0.0426 -0.9877
vn 0.4620 -0.1697 0.8705
vn 0.4598 -0.0118 0.8879
vn 0.5040 0.0291 0.8632
vn -0.1132 0.8341 -0.5399
vn 0.0343 0.8603 -0.5086
vn 0.5149 0.0701 0.8544
vn -0.0399 0.3413 -0.9391
vn 0.5476 0.0899 0.8319
vn -0.1637 -0.0644 -0.9844
vn -0.1295 -0.3800 -0.9159
vn 0.5432 0.1001 0.8336
vn -0.0424 -0.6538 -0.7554
vn 0.0629 -0.9239 -0.3775
vn 0.5311 0.1413 0.8354
vn 0.5398 0.0490 -0.8404
vn 0.5711 0.2024 -0.7955
vn 0.5105 0.2039 0.8354
vn 0.5640 0.2648 -0.7821
vn 0.4926 0.2720 0.8267
vn 0.6106 0.2840 -0.7393
vn 0.5246 0.2786 0.8045
vn 0.5446 0.3056 -0.7810
vn 0.5794 0.3935 -0.7138
vn 0.6198 0.3478 -0.7035
vn 0.5462 0.3030 0.7810
vn 0.5700 0.3096 0.7610
vn 0.5876 0.4430 -0.6771
vn 0.6422 0.3648 -0.6741
vn 0.5756 0.3101 0.7567
vn 0.6366 0.3789 -0.6717
vn 0.6417 0.3891 -0.6609
vn 0.5885 0.3346 0.7360
vn 0.6467 0.4075 -0.6448
vn 0.6145 0.3645 0.6997
vn 0.6217 0.4781 -0.6204
vn 0.5645 0.4027 0.7206
vn 0.5972 0.5001 -0.6272
vn 0.5996 0.4901 0.6327
vn 0.6317 0.5049 -0.5883
vn 0.5294 0.5031 0.6831
vn 0.5894 0.5699 -0.5725
vn 0.6240 0.5317 -0.5726
vn 0.5821 0.5470 0.6016
vn 0.6096 0.5902 0.5292
vn 0.6152 0.6238 0.4821
vn 0.6377 0.6417 0.4261
vn 0.6045 0.5993 -0.5248
vn 0.5833 0.6434 -0.4957
vn 0.6353 0.6727 0.3793
vn 0.6485 0.6838 0.3344
vn 0.6485 0.6956 0.3091
vn 0.6135 0.6831 -0.3962
vn 0.6273 0.7018 -0.3376
vn 0.6624 0.7097 0.2399
vn 0.6423 0.7117 0.2844
vn 0.6145 0.7548 -0.2293
vn 0.6429 0.7480 -0.1648
vn 0.6483 0.7460 0.1522
vn 0.6448 0.7367 0.2036
vn 0.6234 0.7769 -0.0883
vn 0.6312 0.7751 -0.0300
vn 0.6380 0.7686 0.0473
vn 0.6488 0.7561 0.0853
vn 0.9060 -0.4171 -0.0724
vn 0.9216 -0.3877 0.0156
vn 0.8300 -0.5083 0.2296
vn 0.9175 -0.3730 -0.1381
vn 0.8562 -0.4236 0.2958
vn 0.8971 -0.3666 -0.2465
vn 0.8729 -0.4573 0.1703
vn 0.9287 -0.3050 0.2109
vn 0.9298 -0.3188 -0.1839
vn 0.8774 -0.3516 0.3265
vn 0.8719 -0.3035 -0.3843
vn 0.8909 -0.3519 0.2872
vn 0.8603 -0.2773 -0.4278
vn 0.8525 -0.3330 0.4029
vn 0.8350 -0.2910 -0.4670
vn 0.8441 -0.3355 0.4183
vn 0.7933 -0.2465 -0.5567
vn 0.8671 -0.2575 -0.4264
vn 0.8210 -0.3268 0.4681
vn 0.8227 -0.2193 -0.5245
vn 0.8194 -0.3446 0.4580
vn 0.7897 -0.3356 0.5135
vn 0.7958 -0.1944 -0.5736
vn 0.7982 -0.3361 0.4998
vn 0.7558 -0.3956 0.5217
vn 0.8143 -0.1792 -0.5520
vn 0.7516 -0.3440 0.5629
vn 0.7787 -0.1671 -0.6048
vn 0.7570 -0.3450 0.5549
vn 0.8173 -0.1183 -0.5640
vn 0.7221 -0.3472 0.5983
vn 0.7545 -0.3291 0.5678
vn 0.7745 -0.3092 0.5519
vn 0.7906 -0.0739 -0.6079
vn 0.7856 -0.0800 -0.6135
vn 0.7500 -0.3518 0.5601
vn 0.7677 -0.3511 0.5360
vn 0.7619 -0.3609 0.5379
vn 0.7607 -0.3962 0.5142
vn 0.7914 -0.1397 -0.5952
vn 0.7347 -0.4463 0.5109
vn 0.7283 -0.4816 0.4875
vn 0.7741 -0.1806 -0.6068
vn 0.6935 -0.5223 0.4962
vn 0.7973 -0.2194 -0.5622
vn 0.6881 -0.5234 0.5026
vn 0.7250 -0.2286 -0.6498
vn 0.7703 -0.2242 -0.5969
vn 0.6446 -0.5247 0.5560
vn 0.7193 -0.2635 -0.6427
vn 0.6091 -0.5247 0.5947
vn 0.5943 -0.4796 0.6457
vn 0.6834 -0.3005 -0.6653
vn 0.6810 -0.2791 -0.6769
vn 0.6343 -0.2684 -0.7250
vn 0.5588 -0.3969 0.7281
vn 0.6236 -0.3237 -0.7116
vn 0.5624 -0.3338 -0.7566
vn 0.5653 -0.2839 0.7745
vn 0.5948 -0.2496 0.7641
vn 0.3974 -0.4708 -0.7877
vn 0.4425 -0.4863 -0.7534
vn 0.5441 -0.2309 0.8066
vn 0.3357 -0.4901 -0.8044
vn 0.3772 -0.4856 -0.7886
vn 0.6113 -0.2182 0.7607
vn 0.5826 -0.2313 0.7791
vn 0.5727 -0.2391 0.7841
vn 0.2093 -0.3814 -0.9004
vn 0.5640 -0.2411 0.7898
vn 0.2079 -0.2633 -0.9420
vn 0.4987 -0.1841 0.8470
vn 0.2575 0.1081 -0.9602
vn 0.5339 -0.0560 0.8437
vn 0.2906 0.1469 -0.9455
vn 0.4752 -0.0260 0.8795
vn 0.3160 0.2816 -0.9060
vn 0.3477 0.3583 -0.8664
vn 0.1755 0.7414 -0.6477
vn -0.0861 0.9536 -0.2885
vn -0.1426 0.8965 -0.4196
vn 0.5555 0.0929 0.8263
vn -0.0971 0.7003 -0.7073
vn 0.5611 0.0956 0.8222
vn -0.2262 -0.6130 -0.7571
vn 0.0023 -0.8189 -0.5739
vn 0.5573 0.1085 0.8232
vn -0.1109 -0.8724 -0.4760
vn 0.4769 -0.3038 -0.8248
vn 0.0899 -0.8401 -0.5350
vn 0.5930 0.1057 -0.7982
vn 0.5516 0.1416 0.8220
vn 0.6051 0.2184 -0.7656
vn 0.6464 0.2587 -0.7178
vn 0.5723 0.3055 -0.7611
vn 0.5301 0.2473 0.8111
vn 0.5745 0.2835 0.7679
vn 0.5981 0.3198 -0.7348
vn 0.5587 0.2954 0.7750
vn 0.6384 0.3508 -0.6851
vn 0.5899 0.3136 0.7441
vn 0.6643 0.3747 -0.6468
vn 0.6196 0.3205 0.7165
vn 0.6693 0.3918 -0.6313
vn 0.6775 0.4109 -0.6100
vn 0.6629 0.3635 0.6545
vn 0.6633 0.4362 -0.6080
vn 0.6842 0.4282 -0.5903
vn 0.6254 0.3891 0.6764
vn 0.6670 0.4647 -0.5824
vn 0.6490 0.4286 0.6285
vn 0.6708 0.5019 0.5460
vn 0.6741 0.5533 0.4893
vn 0.6099 0.5626 -0.5581
vn 0.6468 0.5498 -0.5286
vn 0.6840 0.5811 0.4409
vn 0.6088 0.5756 -0.5459
vn 0.6822 0.6118 0.4004
vn 0.6342 0.6035 -0.4833
vn 0.6484 0.6205 -0.4410
vn 0.6739 0.6417 0.3661
vn 0.6784 0.6569 0.3291
vn 0.6633 0.6283 -0.4065
vn 0.6547 0.6868 0.3157
vn 0.6581 0.6553 -0.3709
vn 0.6650 0.6915 0.2822
vn 0.6720 0.6841 -0.2836
vn 0.6478 0.7263 -0.2299
vn 0.6641 0.7245 0.1848
vn 0.6607 0.7197 0.2133
vn 0.6701 0.7364 -0.0926
vn 0.6636 0.7420 0.0954
vn 0.9396 -0.3423 0.0040
vn 0.9369 -0.3300 -0.1153
vn 0.9305 -0.3499 0.1080
vn 0.9087 -0.3579 0.2147
vn 0.9201 -0.2933 -0.2598
vn 0.8753 -0.3383 0.3455
vn 0.9470 -0.2510 0.2005
vn 0.8755 -0.3314 0.3517
vn 0.9010 -0.2852 -0.3269
vn 0.8672 -0.3687 0.3347
vn 0.8515 -0.2008 -0.4843
vn 0.8811 -0.2824 -0.3794
vn 0.8737 -0.3372 0.3507
vn 0.8437 -0.3450 0.4113
vn 0.9061 -0.2558 -0.3371
vn 0.8794 -0.2268 -0.4186
vn 0.8276 -0.3537 0.4358
vn 0.8196 -0.3504 0.4533
vn 0.8351 -0.1564 -0.5274
vn 0.7807 -0.3554 0.5140
vn 0.7917 -0.3218 0.5192
vn 0.8568 -0.1350 -0.4977
vn 0.8055 -0.2943 0.5143
vn 0.7901 -0.3071 0.5305
vn 0.8072 -0.2805 0.5193
vn 0.8085 -0.0845 -0.5824
vn 0.7911 -0.3078 0.5287
vn 0.8535 -0.1008 -0.5113
vn 0.8235 -0.1034 -0.5578
vn 0.7924 -0.4059 0.4554
vn 0.8482 -0.1295 -0.5136
vn 0.8415 -0.3590 0.4037
vn 0.7919 -0.3592 0.4938
vn 0.7909 -0.4226 0.4426
vn 0.8012 -0.1656 -0.5751
vn 0.7525 -0.4708 0.4606
vn 0.7045 -0.5203 0.4827
vn 0.7159 -0.5275 0.4574
vn 0.7259 -0.5355 0.4317
vn 0.6667 -0.5105 0.5430
vn 0.6330 -0.5051 0.5866
vn 0.6503 -0.4897 0.5807
vn 0.7136 -0.2886 -0.6383
vn 0.5989 -0.4391 0.6697
vn 0.6422 -0.4139 0.6452
vn 0.6561 -0.2822 -0.6999
vn 0.7245 -0.3032 -0.6190
vn 0.5982 -0.3784 0.7064
vn 0.5843 -0.3326 0.7403
vn 0.5711 -0.3681 -0.7338
vn 0.6315 -0.2599 0.7305
vn 0.5421 -0.4120 -0.7324
vn 0.5436 -0.4780 -0.6899
vn 0.5784 -0.2456 0.7779
vn 0.4675 -0.4806 -0.7419
vn 0.3946 -0.5132 -0.7622
vn 0.6484 -0.2136 0.7307
vn 0.3414 -0.5344 -0.7733
vn 0.2704 -0.4780 -0.8357
vn 0.2988 -0.5070 -0.8085
vn 0.5334 -0.2637 0.8037
vn 0.2237 -0.4414 -0.8690
vn 0.5881 -0.2422 0.7717
vn 0.2458 -0.1938 -0.9498
vn 0.5412 -0.2113 0.8139
vn 0.2777 -0.0748 -0.9578
vn 0.5775 -0.1780 0.7967
vn 0.5099 -0.1542 0.8463
vn 0.5299 0.0332 0.8474
vn 0.3430 0.2622 -0.9020
vn 0.2995 0.5659 -0.7681
vn -0.0938 0.8991 -0.4276
vn 0.5509 0.0663 0.8319
vn -0.2484 0.8927 -0.3759
vn -0.3369 0.7666 -0.5466
vn -0.3266 0.3839 -0.8637
vn 0.5874 0.1061 0.8023
vn -0.2919 0.0716 -0.9538
vn 0.6033 0.0924 0.7922
vn 0.5749 0.0922 0.8130
vn -0.2809 -0.7303 -0.6227
vn 0.2806 -0.5131 -0.8112
vn 0.5905 0.0980 0.8011
vn 0.6337 0.1204 -0.7642
vn 0.5707 0.1824 0.8006
vn 0.5551 0.2168 0.8031
vn 0.5787 0.2460 0.7775
vn 0.6429 0.3229 -0.6945
vn 0.5975 0.2916 0.7470
vn 0.6330 0.3372 -0.6969
vn 0.6311 0.3553 -0.6895
vn 0.6483 0.3569 -0.6726
vn 0.6076 0.3079 0.7321
vn 0.6513 0.3623 -0.6667
vn 0.6688 0.3708 -0.6444
vn 0.6320 0.3207 0.7055
vn 0.6673 0.3738 -0.6442
vn 0.6841 0.3844 -0.6199
vn 0.6396 0.3329 0.6929
vn 0.6783 0.3367 0.6531
vn 0.6952 0.3909 -0.6032
vn 0.6957 0.3993 -0.5971
vn 0.7079 0.3624 0.6063
vn 0.7369 0.3898 0.5523
vn 0.6934 0.4578 -0.5564
vn 0.7323 0.4553 0.5064
vn 0.6902 0.4546 0.5630
vn 0.7326 0.4906 0.4718
vn 0.6580 0.5317 -0.5332
vn 0.6857 0.4985 -0.5304
vn 0.7363 0.5272 0.4242
vn 0.6816 0.5578 -0.4736
vn 0.7279 0.5646 0.3890
vn 0.7145 0.5999 0.3600
vn 0.7143 0.6184 0.3276
vn 0.6947 0.5979 -0.3999
vn 0.6904 0.6526 0.3123
vn 0.6950 0.6405 -0.3267
vn 0.6894 0.6689 0.2780
vn 0.6885 0.6826 0.2448
vn 0.6903 0.6945 -0.2027
vn 0.7080 0.6852 -0.1712
vn 0.6816 0.7097 0.1783
vn 0.6879 0.7149 0.1255
vn 0.6958 0.7090 -0.1151
vn 0.6991 0.7140 -0.0389
vn 0.6789 0.7341 0.0156
vn 0.9521 -0.3014 -0.0522
vn 0.9460 -0.3233 -0.0230
vn 0.9389 -0.3315 0.0930
vn 0.9328 -0.3342 0.1347
vn 0.9516 -0.2884 -0.1061
vn 0.9521 -0.2758 0.1325
vn 0.9536 -0.3002 0.0222
vn 0.9163 -0.3359 0.2183
vn 0.9358 -0.2782 -0.2164
vn 0.9507 -0.2532 -0.1791
vn 0.9074 -0.3361 0.2522
vn 0.9136 -0.3215 0.2488
vn 0.8633 -0.3541 0.3597
vn 0.9428 -0.2027 -0.2648
vn 0.8756 -0.3451 0.3381
vn 0.8626 -0.3283 0.3850
vn 0.8835 -0.1578 -0.4411
vn 0.8914 -0.1899 -0.4115
vn 0.8420 -0.3346 0.4231
vn 0.8974 -0.1427 -0.4175
vn 0.8462 -0.3020 0.4391
vn 0.8799 -0.0998 -0.4646
vn 0.8438 -0.0710 -0.5320
vn 0.8855 -0.0787 -0.4579
vn 0.8306 -0.2795 0.4816
vn 0.8767 -0.1135 -0.4675
vn 0.8795 -0.0725 -0.4704
vn 0.8224 -0.2907 0.4890
vn 0.8066 -0.3160 0.4995
vn 0.8130 -0.3495 0.4657
vn 0.8350 -0.1757 -0.5214
vn 0.7951 -0.4383 0.4192
vn 0.8090 -0.2417 -0.5358
vn 0.8384 -0.2076 -0.5040
vn 0.7693 -0.4756 0.4266
vn 0.7264 -0.5456 0.4180
vn 0.7825 -0.2814 -0.5555
vn 0.8100 -0.2616 -0.5248
vn 0.7062 -0.5333 0.4657
vn 0.7259 -0.5318 0.4361
vn 0.7688 -0.2946 -0.5675
vn 0.7068 -0.5133 0.4869
vn 0.7042 -0.4861 0.5174
vn 0.8939 -0.1737 -0.4132
vn 0.7195 -0.4723 0.5091
vn 0.6588 -0.4814 0.5781
vn 0.9259 -0.1631 -0.3408
vn 0.6887 -0.4104 0.5977
vn 0.6482 -0.3525 0.6750
vn 0.6827 -0.3407 0.6464
vn 0.6779 -0.5991 -0.4261
vn 0.6673 -0.2798 0.6902
vn 0.5577 -0.4738 -0.6815
vn 0.4858 -0.5142 -0.7068
vn 0.6587 -0.2088 0.7228
vn 0.4426 -0.5456 -0.7117
vn 0.6346 -0.2221 0.7402
vn 0.6190 -0.2521 0.7438
vn 0.3294 -0.4700 -0.8189
vn 0.2442 -0.4112 -0.8782
vn 0.2606 -0.3619 -0.8951
vn 0.6272 -0.2529 0.7367
vn 0.6160 -0.2548 0.7454
vn 0.3058 -0.2858 -0.9082
vn 0.5973 -0.2300 0.7683
vn 0.6414 -0.1929 0.7425
vn 0.3766 0.1386 -0.9159
vn 0.3703 0.2393 -0.8975
vn 0.6273 -0.0343 0.7780
vn 0.5646 0.0071 0.8254
vn 0.3845 0.3473 -0.8553
vn 0.4563 0.3932 -0.7982
vn 0.5985 0.0476 0.7997
vn -0.0106 0.8080 -0.5891
vn 0.5977 0.0901 0.7966
vn -0.4011 0.7662 -0.5020
vn -0.4040 0.5798 -0.7075
vn 0.6103 0.0975 0.7862
vn -0.4750 0.2434 -0.8457
vn 0.6352 0.1161 0.7636
vn -0.4156 -0.4946 -0.7633
vn -0.5653 -0.1478 -0.8116
vn -0.0013 -0.6141 -0.7892
vn -0.3528 -0.7130 -0.6060
vn 0.6402 0.0911 0.7628
vn 0.6145 0.1136 0.7807
vn 0.6794 0.1919 -0.7083
vn 0.6374 0.1872 0.7474
vn 0.6153 0.2173 0.7578
vn 0.6350 0.2329 0.7366
vn 0.6408 0.2640 0.7209
vn 0.6628 0.3000 -0.6861
vn 0.6237 0.2911 0.7254
vn 0.6624 0.3446 -0.6651
vn 0.6545 0.3057 0.6915
vn 0.6809 0.3801 -0.6260
vn 0.6741 0.3244 0.6636
vn 0.7117 0.3342 0.6178
vn 0.6836 0.3852 -0.6200
vn 0.6996 0.3917 -0.5976
vn 0.6826 0.3315 0.6513
vn 0.6965 0.3860 0.6049
vn 0.7375 0.3443 0.5810
vn 0.7612 0.3575 0.5411
vn 0.7183 0.3961 -0.5720
vn 0.7088 0.4175 -0.5686
vn 0.7299 0.4146 -0.5435
vn 0.7678 0.3818 0.5146
vn 0.7193 0.4280 -0.5473
vn 0.7724 0.4106 0.4846
vn 0.7713 0.4518 0.4483
vn 0.7268 0.4512 -0.5179
vn 0.7183 0.4928 -0.4910
vn 0.7801 0.4768 0.4051
vn 0.7321 0.4981 -0.4646
vn 0.7731 0.5139 0.3717
vn 0.7199 0.5169 -0.4632
vn 0.7583 0.5511 0.3482
vn 0.7641 0.5546 0.3294
vn 0.7237 0.5560 -0.4089
vn 0.7451 0.5879 0.3148
vn 0.7337 0.5958 -0.3265
vn 0.7330 0.6293 0.2581
vn 0.7306 0.6189 0.2885
vn 0.7354 0.6270 -0.2569
vn 0.7423 0.6417 -0.1932
vn 0.7132 0.6749 0.1893
vn 0.7245 0.6764 0.1326
vn 0.7188 0.6560 0.2303
vn 0.7383 0.6592 -0.1429
vn 0.7364 0.6716 -0.0820
vn 0.7149 0.6992 0.0061
vn 0.7125 0.6991 0.0598
vn 0.9604 -0.2787 0.0006
vn 0.9398 -0.2509 -0.2321
vn 0.9608 -0.2122 -0.1781
vn 0.9629 -0.2467 -0.1091
vn 0.9532 -0.2967 0.0578
vn 0.9366 -0.3228 0.1364
vn 0.9235 -0.3249 0.2040
vn 0.9612 -0.2132 -0.1751
vn 0.9548 -0.2810 0.0966
vn 0.8877 -0.3610 0.2856
vn 0.9199 -0.1797 -0.3486
vn 0.9479 -0.2494 0.1984
vn 0.8834 -0.3257 0.3369
vn 0.9444 -0.1412 -0.2968
vn 0.9013 -0.2789 0.3316
vn 0.9221 -0.1197 -0.3679
vn 0.8848 -0.2664 0.3823
vn 0.8498 -0.2771 0.4483
vn 0.8849 -0.2472 0.3948
vn 0.8570 -0.2585 0.4459
vn 0.9225 -0.0923 -0.3748
vn 0.8582 -0.2539 0.4462
vn 0.8654 -0.2565 0.4305
vn 0.8374 -0.2886 0.4641
vn 0.9121 -0.1129 -0.3941
vn 0.9134 -0.1829 -0.3637
vn 0.8852 -0.1374 -0.4445
vn 0.8422 -0.3083 0.4423
vn 0.8549 -0.3294 0.4008
vn 0.8740 -0.1841 -0.4497
vn 0.8439 -0.2024 -0.4969
vn 0.8234 -0.3873 0.4147
vn 0.8145 -0.4041 0.4162
vn 0.8936 -0.1959 -0.4038
vn 0.7974 -0.4610 0.3894
vn 0.7764 -0.4993 0.3845
vn 0.7595 -0.5043 0.4110
vn 0.9330 -0.0562 -0.3555
vn 0.7525 -0.5254 0.3971
vn 0.9580 0.1128 -0.2637
vn 0.9068 -0.0939 -0.4111
vn 0.7669 -0.5150 0.3829
vn 0.9753 0.1832 -0.1235
vn 0.9273 0.3150 -0.2024
vn 0.7454 -0.4888 0.4532
vn 0.9945 0.0651 -0.0815
vn 0.9769 0.1243 -0.1735
vn 0.9483 0.1602 -0.2739
vn 0.9956 0.0706 -0.0613
vn 0.9886 0.0400 -0.1450
vn 0.7321 -0.4193 0.5369
vn 0.7530 -0.3807 0.5367
vn 0.9644 -0.1584 -0.2118
vn 0.9964 -0.0838 0.0159
vn 0.9946 -0.0196 -0.1014
vn 0.7290 -0.3256 0.6021
vn 0.9483 0.0001 -0.3174
vn 0.9001 -0.3370 -0.2761
vn 0.9759 -0.1770 0.1275
vn 0.9873 -0.1155 0.1093
vn 0.9923 -0.0615 0.1073
vn 0.9863 -0.0902 -0.1378
vn 0.7029 -0.2903 0.6494
vn 0.6969 -0.3516 0.6250
vn 0.9240 -0.3332 0.1878
vn 0.9787 -0.2050 0.0085
vn 0.9672 -0.0890 -0.2379
vn 0.6817 -0.4054 -0.6091
vn 0.9614 -0.1795 0.2087
vn 0.9802 -0.1948 -0.0360
vn 0.9787 -0.1961 -0.0605
vn 0.6180 -0.5895 -0.5201
vn 0.9686 -0.1998 -0.1482
vn 0.9490 -0.2807 -0.1438
vn 0.9650 -0.1895 -0.1811
vn 0.6974 -0.2128 0.6844
vn 0.7062 -0.2024 0.6784
vn 0.4033 -0.5713 -0.7149
vn 0.3648 -0.5673 -0.7383
vn 0.6915 -0.1929 0.6962
vn 0.2886 -0.5012 -0.8158
vn 0.6707 -0.2558 0.6962
vn 0.3691 -0.4152 -0.8315
vn 0.6548 -0.2589 0.7100
vn 0.6677 -0.2399 0.7047
vn 0.3617 -0.0659 -0.9299
vn 0.4112 0.0823 -0.9078
vn 0.6265 -0.1324 0.7681
vn 0.6385 -0.0524 0.7678
vn 0.6589 -0.0753 0.7485
vn 0.4639 0.3112 -0.8294
vn 0.6461 0.0602 0.7609
vn 0.4750 0.4957 -0.7271
vn 0.6893 0.0845 0.7196
vn 0.3458 0.5843 -0.7342
vn 0.6222 0.0244 0.7825
vn 0.0666 0.6515 -0.7557
vn 0.6880 0.1017 0.7185
vn 0.6746 0.1103 0.7299
vn -0.7775 -0.1039 -0.6203
vn 0.6735 0.0948 0.7330
vn 0.1235 -0.2653 -0.9562
vn 0.6755 0.0287 -0.7368
vn 0.6575 0.0284 -0.7529
vn 0.6338 0.1385 0.7610
vn 0.7041 0.1405 -0.6961
vn 0.6851 0.1176 0.7189
vn 0.6916 0.1782 0.7000
vn 0.7154 0.1578 -0.6807
vn 0.6984 0.2404 -0.6741
vn 0.6786 0.2187 0.7012
vn 0.6778 0.2753 -0.6818
vn 0.6717 0.3284 -0.6640
vn 0.6902 0.3014 -0.6578
vn 0.6881 0.2705 0.6733
vn 0.6731 0.3645 -0.6435
vn 0.6884 0.3516 -0.6344
vn 0.7005 0.3044 0.6455
vn 0.7164 0.3289 0.6153
vn 0.6923 0.3797 -0.6137
vn 0.7069 0.4107 -0.5758
vn 0.7408 0.3435 0.5773
vn 0.7305 0.3979 -0.5551
vn 0.7765 0.3573 0.5191
vn 0.7933 0.3701 0.4835
vn 0.7518 0.4030 -0.5218
vn 0.8114 0.4027 0.4237
vn 0.7655 0.4177 -0.4894
vn 0.7927 0.4125 -0.4489
vn 0.8162 0.4377 0.3772
vn 0.7816 0.4491 0.4329
vn 0.7739 0.4403 -0.4553
vn 0.7624 0.4795 -0.4345
vn 0.8036 0.4814 0.3501
vn 0.7895 0.4754 -0.3881
vn 0.7957 0.5077 0.3304
vn 0.7846 0.5425 0.3002
vn 0.7674 0.5303 -0.3604
vn 0.7931 0.5204 -0.3166
vn 0.7882 0.5484 -0.2793
vn 0.7709 0.5798 0.2637
vn 0.7584 0.6034 0.2465
vn 0.7573 0.5814 0.2975
vn 0.7579 0.6027 -0.2496
vn 0.7822 0.5933 -0.1901
vn 0.7874 0.6035 -0.1252
vn 0.7727 0.6214 0.1293
vn 0.7621 0.6161 0.1992
vn 0.7763 0.6272 -0.0629
vn 0.7700 0.6378 -0.0173
vn 0.7457 0.6647 0.0451
vn 0.7452 0.6570 0.1139
vn 0.9693 -0.2438 -0.0330
vn 0.9519 -0.2600 0.1619
vn 0.9291 -0.3253 0.1761
vn 0.9722 -0.2025 -0.1171
vn 0.9726 -0.1422 -0.1839
vn 0.9622 -0.1822 -0.2026
vn 0.9168 -0.2958 0.2683
vn 0.9791 -0.1715 -0.1092
vn 0.9794 -0.2002 0.0253
vn 0.9942 -0.0939 0.0520
vn 0.9451 -0.2250 0.2372
vn 0.9668 -0.2449 0.0735
vn 0.9166 -0.2461 0.3149
vn 0.9426 -0.1019 -0.3181
vn 0.9137 -0.2323 0.3335
vn 0.9593 -0.1095 -0.2605
vn 0.9399 -0.1746 -0.2936
vn 0.9224 -0.1002 -0.3730
vn 0.8828 -0.2601 0.3913
vn 0.9050 -0.2501 0.3441
vn 0.9399 -0.1905 -0.2834
vn 0.8976 -0.2639 0.3530
vn 0.9356 -0.1924 -0.2959
vn 0.8655 -0.3252 0.3810
vn 0.8897 -0.2483 -0.3830
vn 0.9258 -0.1920 -0.3256
vn 0.8639 -0.3451 0.3669
vn 0.9035 -0.2106 -0.3733
vn 0.8257 -0.4199 0.3768
vn 0.9433 -0.0599 -0.3264
vn 0.8245 -0.4388 0.3573
vn 0.7994 -0.4793 0.3622
vn 0.9154 0.2474 -0.3176
vn 0.8040 -0.4874 0.3406
vn 0.7809 -0.5102 0.3603
vn 0.9222 0.2559 -0.2900
vn 0.8422 0.3018 -0.4468
vn 0.7799 -0.4945 0.3838
vn 0.7494 -0.5235 0.4054
vn 0.7762 -0.4759 0.4135
vn 0.8888 0.1431 -0.4353
vn 0.9164 0.0261 -0.3994
vn 0.7770 -0.4182 0.4704
vn 0.7710 -0.3388 0.5391
vn 0.7835 -0.2852 0.5520
vn 0.9315 -0.1350 -0.3379
vn 0.8747 -0.4512 -0.1770
vn 0.9705 -0.2160 0.1072
vn 0.7901 -0.1913 -0.5824
vn 0.7352 -0.2643 0.6242
vn 0.7777 -0.2429 0.5798
vn 0.9032 -0.1184 -0.4126
vn 0.9375 -0.2918 0.1896
vn 0.9417 -0.1953 -0.2741
vn 0.8403 -0.2852 -0.4611
vn 0.7540 -0.2082 0.6231
vn 0.6211 -0.6635 -0.4171
vn 0.7775 -0.4950 0.3879
vn 0.8821 -0.4617 0.0937
vn 0.9373 -0.3453 -0.0470
vn 0.8560 -0.3396 -0.3897
vn 0.8128 -0.5053 0.2898
vn 0.8420 -0.4810 -0.2445
vn 0.7500 -0.1867 0.6346
vn 0.7157 -0.2034 0.6681
vn 0.4080 -0.5923 -0.6948
vn 0.4319 -0.6154 -0.6593
vn 0.7226 -0.2145 0.6572
vn 0.3525 -0.5216 -0.7770
vn 0.6958 -0.2483 0.6740
vn 0.7355 -0.2321 0.6365
vn 0.7026 -0.2482 0.6668
vn 0.7134 -0.2216 0.6648
vn 0.4855 0.0471 -0.8729
vn 0.6814 -0.1707 0.7117
vn 0.4586 0.2466 -0.8538
vn 0.6912 -0.0503 0.7209
vn 0.5266 0.3851 -0.7579
vn 0.6498 0.0108 0.7601
vn 0.6977 0.0244 0.7160
vn 0.7255 0.0586 0.6858
vn 0.5407 0.4641 -0.7016
vn 0.1230 0.7085 -0.6949
vn 0.3909 0.4945 -0.7763
vn 0.7122 0.1479 0.6862
vn 0.0546 0.0375 -0.9978
vn 0.7148 0.0904 0.6934
vn 0.5297 0.0506 -0.8467
vn 0.5639 0.0661 -0.8232
vn 0.7274 0.0882 0.6806
vn 0.7412 0.1167 -0.6610
vn 0.6951 0.1156 0.7096
vn 0.7250 0.1317 0.6760
vn 0.7248 0.1620 -0.6696
vn 0.7378 0.1958 -0.6460
vn 0.7147 0.2267 0.6616
vn 0.7167 0.2527 -0.6499
vn 0.7360 0.2773 -0.6175
vn 0.7078 0.3137 -0.6330
vn 0.7376 0.2626 0.6220
vn 0.7147 0.3320 -0.6156
vn 0.7187 0.3723 -0.5872
vn 0.7434 0.3023 0.5966
vn 0.7544 0.3272 0.5690
vn 0.7052 0.3796 -0.5988
vn 0.7703 0.3479 0.5345
vn 0.7445 0.3398 0.5746
vn 0.7084 0.3952 -0.5847
vn 0.7272 0.3937 -0.5624
vn 0.7402 0.4090 -0.5337
vn 0.7781 0.3468 0.5237
vn 0.7894 0.3542 0.5014
vn 0.8016 0.3710 0.4689
vn 0.7744 0.4056 -0.4856
vn 0.8139 0.3792 0.4402
vn 0.8211 0.3602 -0.4428
vn 0.7717 0.4450 0.4545
vn 0.8268 0.4112 0.3839
vn 0.8199 0.4037 0.4060
vn 0.8083 0.4029 -0.4294
vn 0.8232 0.4213 -0.3806
vn 0.8272 0.4515 0.3345
vn 0.8225 0.4472 0.3514
vn 0.8228 0.4707 0.3186
vn 0.8351 0.4487 -0.3183
vn 0.8165 0.4962 0.2951
vn 0.7999 0.5315 0.2786
vn 0.8136 0.4911 -0.3111
vn 0.7700 0.5485 -0.3259
vn 0.8165 0.5287 0.2318
vn 0.7993 0.5349 0.2739
vn 0.8255 0.5423 -0.1565
vn 0.8351 0.5448 -0.0757
vn 0.8316 0.5552 -0.0095
vn 0.8143 0.5791 0.0403
vn 0.8207 0.5575 0.1252
vn 0.7933 0.6071 -0.0460
vn 0.7750 0.6277 0.0733
vn 0.9803 -0.1877 0.0621
vn 0.9859 -0.1570 -0.0576
vn 0.9784 -0.2066 -0.0098
vn 0.9774 -0.1886 0.0957
vn 0.9620 -0.2200 0.1619
vn 0.9766 -0.1270 -0.1737
vn 0.9787 -0.1813 -0.0968
vn 0.9835 -0.1770 -0.0365
vn 0.9833 -0.1790 0.0342
vn 0.9818 -0.1150 0.1510
vn 0.9712 -0.1861 0.1489
vn 0.9296 -0.2338 0.2848
vn 0.9646 -0.1355 -0.2262
vn 0.9790 -0.1725 -0.1090
vn 0.9388 -0.2552 0.2314
vn 0.9600 -0.2389 0.1458
vn 0.9750 -0.1846 -0.1238
vn 0.9076 -0.2906 0.3029
vn 0.9602 -0.1778 -0.2156
vn 0.8829 -0.3638 0.2968
vn 0.8631 -0.3768 0.3364
vn 0.9422 -0.2055 -0.2646
vn 0.8903 -0.3319 0.3118
vn 0.9240 0.0829 -0.3734
vn 0.8346 -0.4507 0.3166
vn 0.9188 0.0685 -0.3888
vn 0.8098 -0.4879 0.3258
vn 0.8735 0.3251 -0.3625
vn 0.7392 0.3615 -0.5683
vn 0.7976 0.3145 -0.5148
vn 0.8112 -0.4854 0.3263
vn 0.7889 0.2490 -0.5618
vn 0.7976 -0.4910 0.3504
vn 0.6948 0.2492 -0.6746
vn 0.7974 -0.4429 0.4098
vn 0.6818 0.0883 -0.7262
vn 0.8089 -0.3998 0.4311
vn 0.8149 -0.3282 0.4777
vn 0.7690 0.0148 -0.6391
vn 0.8168 -0.2677 0.5111
vn 0.6094 -0.1058 -0.7858
vn 0.8032 -0.2410 0.5448
vn 0.7927 -0.2106 0.5721
vn 0.6513 -0.3943 -0.6484
vn 0.7808 -0.6204 0.0742
vn 0.6661 -0.3334 -0.6672
vn 0.3585 -0.5780 -0.7331
vn 0.7288 -0.4395 0.5251
vn 0.6595 -0.7507 0.0380
vn 0.4882 -0.6487 -0.5839
vn 0.9014 -0.2752 0.3344
vn 0.5426 -0.8382 0.0550
vn 0.7123 -0.6989 -0.0646
vn 0.7528 -0.6294 -0.1928
vn 0.4898 -0.7991 -0.3487
vn 0.7052 -0.5881 -0.3959
vn 0.7838 -0.2040 0.5865
vn 0.7716 -0.2026 0.6030
vn 0.4450 -0.6079 -0.6576
vn 0.7701 -0.2149 0.6006
vn 0.3864 -0.5223 -0.7602
vn 0.4468 -0.4466 -0.7752
vn 0.7445 -0.2359 0.6246
vn 0.7831 -0.2303 0.5777
vn 0.4841 -0.2108 -0.8492
vn 0.3635 -0.2101 -0.9076
vn 0.5012 -0.0778 -0.8618
vn 0.7724 -0.2072 0.6004
vn 0.7598 -0.1784 0.6252
vn 0.7451 -0.1055 0.6585
vn 0.7698 -0.0305 0.6375
vn 0.7413 0.0299 0.6705
vn 0.6030 0.4445 -0.6624
vn 0.6159 0.4587 -0.6405
vn 0.8098 0.0162 0.5865
vn 0.6125 0.4295 -0.6636
vn 0.7915 0.0622 0.6081
vn 0.7708 0.0660 0.6337
vn 0.3011 0.3696 -0.8791
vn 0.7472 0.1016 0.6568
vn 0.6380 0.1721 -0.7505
vn 0.7307 0.1556 -0.6648
vn 0.7724 0.1262 0.6224
vn 0.7505 0.1138 -0.6510
vn 0.7897 0.0952 0.6060
vn 0.7777 0.0800 -0.6235
vn 0.7713 0.1251 0.6241
vn 0.7584 0.1587 -0.6322
vn 0.7851 0.1553 0.5996
vn 0.7426 0.1736 0.6468
vn 0.7843 0.2019 0.5866
vn 0.7407 0.2344 -0.6296
vn 0.7541 0.2231 0.6177
vn 0.7743 0.2813 0.5668
vn 0.7427 0.3455 -0.5736
vn 0.7677 0.3029 -0.5647
vn 0.7914 0.3123 0.5255
vn 0.7534 0.3869 -0.5317
vn 0.7917 0.3490 0.5015
vn 0.7679 0.4046 -0.4966
vn 0.8039 0.3623 0.4717
vn 0.7910 0.3995 0.4634
vn 0.7965 0.4038 -0.4500
vn 0.8239 0.3845 0.4163
vn 0.7751 0.4305 -0.4625
vn 0.8329 0.3941 0.3885
vn 0.8154 0.4168 0.4016
vn 0.8410 0.4041 0.3597
vn 0.8263 0.3967 -0.3999
vn 0.8445 0.3914 -0.3656
vn 0.8466 0.4072 0.3428
vn 0.8377 0.4101 0.3608
vn 0.8531 0.4057 -0.3280
vn 0.8390 0.4238 0.3413
vn 0.8439 0.4272 -0.3244
vn 0.8494 0.4475 0.2798
vn 0.8395 0.4486 0.3067
vn 0.8560 0.4241 -0.2955
vn 0.8576 0.4618 0.2262
vn 0.8368 0.4977 -0.2282
vn 0.8828 0.4376 -0.1705
vn 0.8600 0.4824 -0.1667
vn 0.8901 0.4385 -0.1245
vn 0.8495 0.5104 0.1338
vn 0.8675 0.4870 0.1009
vn 0.8558 0.4808 0.1908
vn 0.8367 0.4871 0.2503
vn 0.8658 0.4909 -0.0975
vn 0.8721 0.4877 -0.0403
vn 0.8190 0.5435 0.1840
vn 0.9762 -0.2155 -0.0239
vn 0.9795 -0.1954 0.0494
vn 0.9731 -0.1879 -0.1329
vn 0.9555 -0.2822 0.0852
vn 0.9339 -0.3012 0.1925
vn 0.9627 -0.2171 -0.1612
vn 0.9678 -0.2459 -0.0546
vn 0.9461 -0.2930 0.1380
vn 0.9060 -0.3639 0.2161
vn 0.9400 -0.0641 -0.3351
vn 0.9459 -0.2120 -0.2457
vn 0.8804 -0.3950 0.2624
vn 0.9430 -0.2442 -0.2262
vn 0.9617 -0.2589 -0.0896
vn 0.9185 -0.3370 0.2071
vn 0.8529 -0.4411 0.2792
vn 0.8615 -0.4370 0.2584
vn 0.8339 -0.4658 0.2960
vn 0.9014 0.0140 -0.4327
vn 0.7525 0.2359 -0.6149
vn 0.8292 -0.4721 0.2992
vn 0.8219 -0.4664 0.3270
vn 0.6912 0.2017 -0.6939
vn 0.8185 -0.4425 0.3663
vn 0.8622 -0.3788 0.3362
vn 0.8481 -0.3769 0.3724
vn 0.5634 0.0017 -0.8262
vn 0.8296 -0.3454 0.4387
vn 0.7131 -0.1761 -0.6786
vn 0.8472 -0.2750 0.4546
vn 0.8289 -0.2080 0.5192
vn 0.5603 -0.7966 -0.2267
vn 0.6362 -0.5715 -0.5183
vn 0.8269 -0.2097 0.5218
vn 0.5168 -0.6108 -0.5998
vn 0.5793 -0.7173 0.3872
vn 0.3409 -0.7961 -0.5000
vn 0.2905 -0.9175 0.2715
vn 0.4670 -0.8834 -0.0379
vn 0.3258 -0.9082 -0.2629
vn 0.8165 -0.2006 0.5413
vn 0.8067 -0.2016 0.5554
vn 0.4472 -0.5475 -0.7073
vn 0.7928 -0.2096 0.5724
vn 0.3939 -0.3373 -0.8550
vn 0.8078 -0.2104 0.5506
vn 0.8287 -0.1962 0.5242
vn 0.7690 -0.2222 0.5994
vn 0.8266 -0.1634 0.5386
vn 0.5639 0.2366 -0.7912
vn 0.5961 0.1635 -0.7861
vn 0.8176 -0.1389 0.5588
vn 0.6169 0.3206 -0.7188
vn 0.8056 -0.0704 0.5883
vn 0.5886 0.3693 -0.7191
vn 0.6069 0.4275 -0.6700
vn 0.6478 0.4416 -0.6208
vn 0.6268 0.4221 -0.6549
vn 0.6986 0.3459 -0.6263
vn 0.8246 0.0828 0.5596
vn 0.7465 0.2266 -0.6257
vn 0.8177 0.0776 0.5704
vn 0.7671 0.0716 -0.6376
vn 0.7881 0.0990 0.6075
vn 0.7939 0.1155 -0.5970
vn 0.8128 0.1103 0.5720
vn 0.7540 0.1015 0.6490
vn 0.8027 0.1383 0.5801
vn 0.7778 0.1422 -0.6122
vn 0.7807 0.2036 -0.5907
vn 0.8156 0.1709 0.5528
vn 0.8087 0.2094 0.5497
vn 0.7928 0.2281 -0.5652
vn 0.7792 0.2913 -0.5550
vn 0.7962 0.2259 0.5612
vn 0.8389 0.2433 0.4868
vn 0.8113 0.2570 0.5251
vn 0.7867 0.3261 0.5242
vn 0.7862 0.3346 -0.5196
vn 0.8067 0.3520 -0.4746
vn 0.8181 0.3235 0.4754
vn 0.8064 0.3478 0.4783
vn 0.7901 0.3834 -0.4782
vn 0.8197 0.3637 0.4425
vn 0.8211 0.3926 -0.4143
vn 0.8249 0.3758 0.4222
vn 0.8382 0.4196 -0.3484
vn 0.8142 0.4103 0.4107
vn 0.8278 0.4031 -0.3902
vn 0.8373 0.4004 0.3722
vn 0.8624 0.3847 -0.3292
vn 0.8176 0.4425 0.3684
vn 0.8813 0.3640 -0.3015
vn 0.8524 0.4124 0.3216
vn 0.8852 0.3730 -0.2780
vn 0.8654 0.4183 0.2759
vn 0.8711 0.3976 -0.2883
vn 0.8761 0.4154 -0.2447
vn 0.9024 0.3724 -0.2169
vn 0.8845 0.4188 0.2057
vn 0.8520 0.4260 0.3042
vn 0.9024 0.3958 -0.1704
vn 0.9133 0.3911 -0.1135
vn 0.8898 0.4341 0.1404
vn 0.8654 0.4349 0.2490
vn 0.9031 0.4276 -0.0408
vn 0.8955 0.4412 0.0586
vn 0.8758 0.4535 0.1655
vn 0.8879 0.4580 -0.0444
vn 0.8674 0.4957 0.0434
vn 0.9640 -0.2627 -0.0402
vn 0.9622 -0.2718 0.0196
vn 0.9515 -0.2838 0.1191
vn 0.9618 -0.2126 -0.1726
vn 0.9555 -0.2931 0.0340
vn 0.9396 -0.3327 0.0805
vn 0.9313 -0.3415 0.1271
vn 0.9221 -0.3586 0.1456
vn 0.9032 0.0311 -0.4281
vn 0.9019 -0.3877 0.1901
vn 0.9450 -0.2066 -0.2534
vn 0.9655 -0.2461 -0.0851
vn 0.8662 -0.4337 0.2482
vn 0.8887 -0.4097 0.2060
vn 0.8728 -0.4206 0.2477
vn 0.8492 -0.4412 0.2902
vn 0.7933 -0.1938 -0.5772
vn 0.8528 -0.4115 0.3214
vn 0.8778 -0.3808 0.2906
vn 0.8764 -0.3306 0.3503
vn 0.8524 -0.3352 0.4012
vn 0.5882 -0.2580 -0.7665
vn 0.8864 -0.2948 0.3570
vn 0.8666 -0.2796 0.4133
vn 0.4124 -0.2757 -0.8683
vn 0.8356 -0.2404 0.4939
vn 0.8599 -0.2326 0.4545
vn 0.4410 -0.4128 -0.7969
vn 0.8418 -0.2095 0.4975
vn 0.5344 -0.6635 -0.5237
vn 0.5371 -0.8430 0.0298
vn 0.2412 -0.9581 0.1543
vn 0.8481 -0.1952 0.4926
vn 0.8416 -0.1960 0.5033
vn -0.0102 -0.9273 0.3742
vn 0.5331 -0.4966 -0.6850
vn -0.1462 -0.9885 0.0377
vn 0.2009 -0.9785 -0.0457
vn 0.8502 -0.1808 0.4944
vn 0.8359 -0.1879 0.5157
vn 0.5245 -0.4113 -0.7454
vn 0.8561 -0.1684 0.4886
vn 0.5776 -0.2392 -0.7805
vn 0.8465 -0.1749 0.5028
vn 0.6984 0.0033 -0.7157
vn 0.8638 -0.1328 0.4860
vn 0.8223 -0.1863 0.5378
vn 0.8538 -0.0787 0.5145
vn 0.8440 -0.1217 0.5223
vn 0.8848 -0.0511 0.4632
vn 0.6617 0.4126 -0.6261
vn 0.8185 -0.0517 0.5722
vn 0.6778 0.4541 -0.5783
vn 0.6909 0.4517 -0.5644
vn 0.8620 0.0375 0.5054
vn 0.8288 0.0163 0.5593
vn 0.8256 0.1272 0.5497
vn 0.7150 0.4046 -0.5702
vn 0.8518 0.0553 0.5210
vn 0.7556 0.3322 -0.5645
vn 0.8537 0.0785 0.5149
vn 0.7946 0.2483 -0.5540
vn 0.7586 0.2161 -0.6147
vn 0.8138 0.1419 -0.5635
vn 0.7909 0.0933 -0.6048
vn 0.8387 0.0817 0.5385
vn 0.8137 0.0874 0.5747
vn 0.8415 0.0987 0.5312
vn 0.8210 0.1308 0.5557
vn 0.7749 0.1436 -0.6156
vn 0.8463 0.1246 0.5179
vn 0.8410 0.1121 -0.5294
vn 0.8449 0.1462 0.5145
vn 0.8276 0.1595 -0.5382
vn 0.8376 0.1482 0.5257
vn 0.8305 0.1855 -0.5253
vn 0.8456 0.1813 0.5022
vn 0.8063 0.2272 -0.5461
vn 0.8583 0.1768 0.4817
vn 0.8365 0.2364 -0.4944
vn 0.8380 0.2288 0.4953
vn 0.8385 0.2193 0.4988
vn 0.8497 0.2480 0.4653
vn 0.8397 0.2875 0.4607
vn 0.8313 0.3082 -0.4626
vn 0.8549 0.3262 -0.4035
vn 0.8376 0.3156 0.4459
vn 0.8322 0.3295 0.4459
vn 0.8494 0.3732 -0.3732
vn 0.8423 0.3424 0.4164
vn 0.8316 0.3611 -0.4220
vn 0.8425 0.3653 0.3959
vn 0.8564 0.3876 -0.3409
vn 0.8813 0.3741 -0.2886
vn 0.8504 0.3870 0.3565
vn 0.8220 0.4393 0.3624
vn 0.8835 0.3828 -0.2699
vn 0.9061 0.3586 -0.2247
vn 0.8606 0.4049 0.3091
vn 0.8911 0.3662 -0.2680
vn 0.9132 0.3457 -0.2159
vn 0.8741 0.4070 0.2652
vn 0.8951 0.3612 -0.2613
vn 0.9183 0.3573 -0.1703
vn 0.9271 0.3540 -0.1228
vn 0.9227 0.3705 -0.1069
vn 0.9256 0.3782 -0.0151
vn 0.9165 0.3981 0.0398
vn 0.9103 0.4001 0.1059
vn 0.8893 0.4256 0.1673
vn 0.8849 0.4106 0.2199
vn 0.9107 0.3765 -0.1696
vn 0.9194 0.3889 -0.0582
vn 0.9161 0.3999 0.0303
vn 0.9014 0.4247 0.0837
vn 0.9073 0.4205 -0.0045
vn 0.9635 -0.2637 -0.0457
vn 0.9606 -0.2769 -0.0230
vn 0.9580 -0.2868 0.0013
vn 0.9436 -0.3252 0.0626
vn 0.9291 -0.3543 0.1060
vn 0.9606 -0.2681 -0.0732
vn 0.9539 -0.2999 -0.0057
vn 0.9097 -0.3816 0.1636
vn 0.9594 -0.2789 -0.0408
vn 0.9508 -0.3096 0.0107
vn 0.9353 -0.3429 0.0876
vn 0.8981 -0.3858 0.2112
vn 0.9213 -0.3566 0.1551
vn 0.9051 -0.3316 0.2662
vn 0.8953 -0.3753 0.2399
vn 0.8669 -0.4387 0.2365
vn 0.8918 -0.3197 0.3203
vn 0.2341 -0.5747 -0.7842
vn 0.8859 -0.2616 0.3830
vn 0.8725 -0.2587 0.4145
vn 0.8783 -0.2447 0.4108
vn 0.0885 -0.6535 -0.7517
vn 0.8797 -0.2194 0.4219
vn 0.8586 -0.2156 0.4651
vn 0.5282 -0.7905 -0.3101
vn 0.0003 -0.8519 -0.5237
vn 0.5273 -0.7812 -0.3342
vn 0.8622 -0.1775 0.4744
vn 0.5563 -0.5514 -0.6217
vn -0.2614 -0.9433 -0.2046
vn -0.1434 -0.9886 -0.0460
vn 0.0593 -0.9516 -0.3016
vn 0.8856 -0.1297 0.4459
vn 0.8632 -0.1616 0.4783
vn 0.6178 -0.3533 -0.7025
vn 0.5387 -0.0692 -0.8396
vn 0.8697 -0.1470 0.4713
vn 0.8925 -0.1116 0.4370
vn 0.8823 -0.1269 0.4533
vn 0.6452 0.1110 -0.7559
vn 0.9015 -0.1077 0.4192
vn 0.7188 0.1784 -0.6719
vn 0.9003 -0.0866 0.4266
vn 0.8844 -0.1131 0.4529
vn 0.9081 -0.0573 0.4148
vn 0.6634 0.2991 -0.6859
vn 0.8942 -0.0754 0.4413
vn 0.6769 0.4024 -0.6163
vn 0.8918 -0.0175 0.4522
vn 0.7188 0.4123 -0.5598
vn 0.9113 -0.0294 0.4107
vn 0.8985 0.0024 0.4389
vn 0.8952 0.0077 0.4457
vn 0.7595 0.4032 -0.5105
vn 0.8920 0.0185 0.4517
vn 0.7396 0.3945 -0.5453
vn 0.8230 0.2927 -0.4868
vn 0.8807 0.0394 0.4720
vn 0.8717 0.0304 0.4890
vn 0.8726 0.0555 0.4852
vn 0.8663 0.0713 0.4944
vn 0.8543 0.0687 0.5152
vn 0.8340 0.0938 -0.5438
vn 0.8618 0.1016 -0.4969
vn 0.8721 0.0783 0.4830
vn 0.8615 0.0869 0.5002
vn 0.8597 0.0744 -0.5053
vn 0.8683 0.1131 0.4830
vn 0.8600 0.1039 0.4995
vn 0.8848 0.0882 0.4576
vn 0.8708 0.1338 0.4731
vn 0.8543 0.1487 0.4980
vn 0.8814 0.1962 -0.4298
vn 0.8677 0.1617 0.4700
vn 0.7788 0.2512 -0.5747
vn 0.8833 0.1775 0.4339
vn 0.8808 0.2450 -0.4052
vn 0.8728 0.1852 0.4516
vn 0.8879 0.2747 -0.3691
vn 0.8710 0.2207 0.4389
vn 0.9120 0.2547 -0.3216
vn 0.8796 0.2580 0.3996
vn 0.8634 0.3011 0.4047
vn 0.9126 0.2794 -0.2986
vn 0.9044 0.3085 -0.2947
vn 0.9049 0.3436 -0.2512
vn 0.8756 0.3182 0.3635
vn 0.8582 0.3500 0.3755
vn 0.8692 0.3695 -0.3287
vn 0.9177 0.3346 -0.2141
vn 0.8762 0.3636 0.3163
vn 0.9207 0.3333 -0.2030
vn 0.8194 0.4697 0.3287
vn 0.8980 0.3608 -0.2520
vn 0.9194 0.3456 -0.1878
vn 0.9242 0.3360 -0.1814
vn 0.9303 0.3288 -0.1627
vn 0.8924 0.3816 0.2410
vn 0.9309 0.3387 -0.1368
vn 0.9202 0.3702 0.1270
vn 0.9075 0.3808 0.1773
vn 0.8716 0.3985 0.2854
vn 0.9321 0.3516 -0.0869
vn 0.9404 0.3291 -0.0853
vn 0.9332 0.3584 -0.0284
vn 0.8994 0.3995 0.1774
vn 0.9248 0.3734 0.0735
vn 0.9542 -0.2956 -0.0460
vn 0.9454 -0.3219 0.0502
vn 0.9336 -0.3337 0.1307
vn 0.9459 -0.2532 -0.2027
vn 0.9554 -0.2883 -0.0632
vn 0.9509 -0.3094 -0.0052
vn 0.9406 -0.3157 0.1246
vn 0.9108 -0.2901 0.2938
vn 0.8714 -0.3007 -0.3876
vn 0.9530 -0.2893 -0.0902
vn 0.9268 -0.3098 0.2122
vn 0.6562 -0.5330 -0.5342
vn 0.9190 -0.3479 -0.1855
vn 0.9383 -0.2997 0.1724
vn 0.9031 -0.2995 0.3077
vn 0.2510 -0.7619 -0.5971
vn 0.9050 -0.2580 0.3382
vn 0.8955 -0.2294 0.3813
vn 0.8828 -0.1864 0.4311
vn 0.1885 -0.9821 -0.0043
vn 0.0369 -0.7856 0.6176
vn -0.1175 -0.9027 -0.4139
vn 0.8955 -0.2028 0.3961
vn 0.8986 -0.1554 0.4103
vn 0.8695 -0.1836 0.4586
vn 0.6118 -0.5230 -0.5934
vn -0.1932 -0.9588 0.2082
vn -0.3757 -0.9240 -0.0709
vn 0.6104 -0.4242 -0.6690
vn 0.7086 -0.4290 -0.5602
vn 0.8837 -0.1468 0.4445
vn 0.9056 -0.1014 0.4118
vn 0.8773 -0.1448 0.4576
vn 0.7063 -0.2735 -0.6529
vn 0.7692 -0.0806 -0.6339
vn 0.8940 -0.1135 0.4335
vn 0.9139 -0.0752 0.3990
vn 0.9116 -0.0771 0.4038
vn 0.9196 -0.0612 0.3880
vn 0.7430 0.3118 -0.5922
vn 0.9151 -0.0658 0.3978
vn 0.9211 -0.0447 0.3869
vn 0.9173 -0.0455 0.3956
vn 0.7735 0.3884 -0.5008
vn 0.9204 -0.0392 0.3890
vn 0.7443 0.4292 -0.5117
vn 0.9172 -0.0307 0.3971
vn 0.7905 0.3968 -0.4665
vn 0.9101 -0.0151 0.4141
vn 0.9073 -0.0220 0.4199
vn 0.9044 0.0012 0.4266
vn 0.8861 0.1956 -0.4202
vn 0.8956 0.0283 0.4440
vn 0.8909 0.0207 0.4538
vn 0.8913 0.0500 0.4507
vn 0.8595 0.0581 -0.5078
vn 0.8994 0.1197 -0.4204
vn 0.8866 0.0752 0.4564
vn 0.8777 0.0683 0.4743
vn 0.8899 0.0910 0.4470
vn 0.9012 0.0989 -0.4220
vn 0.8803 0.1061 0.4623
vn 0.8422 0.2226 -0.4910
vn 0.8883 0.1162 0.4443
vn 0.9186 0.1193 -0.3768
vn 0.9018 0.1365 0.4101
vn 0.8933 0.1350 0.4287
vn 0.8797 0.1518 0.4506
vn 0.9232 0.1741 -0.3426
vn 0.8899 0.1612 0.4268
vn 0.9045 0.1671 0.3923
vn 0.8702 0.2239 0.4388
vn 0.8899 0.1765 0.4205
vn 0.9442 0.2381 -0.2276
vn 0.9253 0.2234 -0.3064
vn 0.9080 0.2029 0.3665
vn 0.9077 0.2377 0.3458
vn 0.9005 0.2343 0.3664
vn 0.9444 0.2603 -0.2009
vn 0.9556 0.2459 -0.1622
vn 0.9155 0.2683 0.2996
vn 0.9457 0.2870 -0.1524
vn 0.9595 0.2431 -0.1422
vn 0.9571 0.2506 -0.1455
vn 0.8949 0.3226 0.3083
vn 0.8926 0.3086 0.3288
vn 0.9155 0.3165 0.2482
vn 0.9233 0.3332 0.1909
vn 0.9287 0.3029 -0.2141
vn 0.9603 0.2545 -0.1140
vn 0.9505 0.2912 -0.1085
vn 0.9368 0.3257 0.1274
vn 0.9130 0.3454 0.2171
vn 0.9331 0.3138 -0.1758
vn 0.9700 0.2418 0.0259
vn 0.9517 0.3032 -0.0489
vn 0.9492 0.3144 0.0136
vn 0.9164 0.3555 0.1840
vn 0.9447 0.3013 -0.1294
vn 0.9393 0.3419 0.0278
vn 0.9340 0.3497 0.0734
vn 0.9392 0.3247 0.1118
vn 0.9513 -0.2977 0.0805
vn 0.9403 -0.3269 0.0948
vn 0.9537 -0.2921 -0.0714
vn 0.9533 -0.2983 -0.0476
vn 0.9535 -0.3014 -0.0045
vn 0.9343 -0.2816 0.2188
vn 0.5403 -0.6319 -0.5557
vn 0.9509 -0.2987 -0.0811
vn 0.9236 -0.2654 0.2765
vn 0.9461 -0.3030 -0.1145
vn 0.9471 -0.2735 0.1680
vn 0.8264 -0.4466 -0.3429
vn 0.9094 -0.3084 0.2790
vn 0.0132 -0.9798 -0.1997
vn 0.9285 -0.2214 0.2980
vn 0.6973 -0.5736 -0.4299
vn -0.2503 -0.9663 0.0608
vn -0.2456 -0.9662 -0.0784
vn 0.9223 -0.1775 0.3432
vn 0.9089 -0.1725 0.3796
vn 0.9322 -0.1256 0.3395
vn 0.7079 -0.3684 -0.6026
vn 0.8319 -0.2766 -0.4811
vn 0.9287 -0.0890 0.3599
vn 0.9044 -0.1211 0.4091
vn 0.7733 -0.2673 -0.5749
vn 0.9167 -0.0767 0.3922
vn 0.9299 -0.0588 0.3630
vn 0.8226 0.1538 -0.5474
vn 0.9291 -0.0451 0.3670
vn 0.9307 -0.0448 0.3630
vn 0.8307 0.2851 -0.4782
vn 0.8486 0.3158 -0.4245
vn 0.9312 -0.0513 0.3610
vn 0.9267 -0.0487 0.3727
vn 0.9252 -0.0529 0.3758
vn 0.8036 0.3963 -0.4440
vn 0.8696 0.3278 -0.3691
vn 0.8424 0.3771 -0.3849
vn 0.7931 0.4204 -0.4407
vn 0.8448 0.3949 -0.3611
vn 0.9294 -0.0425 0.3667
vn 0.9294 -0.0584 0.3645
vn 0.8704 0.3448 -0.3514
vn 0.9205 -0.0461 0.3880
vn 0.9212 -0.0484 0.3861
vn 0.8965 0.2882 -0.3366
vn 0.9185 -0.0356 0.3939
vn 0.8937 0.2846 -0.3468
vn 0.9257 0.1843 -0.3303
vn 0.9348 0.1450 -0.3243
vn 0.9128 -0.0088 0.4084
vn 0.9092 -0.0277 0.4154
vn 0.9510 0.1010 -0.2923
vn 0.9102 0.0196 0.4136
vn 0.9303 0.1008 -0.3527
vn 0.9396 0.0831 -0.3321
vn 0.8989 0.0421 0.4362
vn 0.9003 0.0886 -0.4261
vn 0.9021 0.0844 0.4232
vn 0.9462 0.0869 -0.3118
vn 0.9360 0.1043 -0.3361
vn 0.8998 0.1088 0.4225
vn 0.9197 0.1017 0.3791
vn 0.9314 0.1533 -0.3301
vn 0.9616 0.1470 -0.2318
vn 0.9627 0.2018 -0.1804
vn 0.9186 0.1510 0.3652
vn 0.9353 0.1883 -0.2997
vn 0.9661 0.1712 -0.1931
vn 0.9150 0.1270 0.3830
vn 0.9160 0.1485 0.3728
vn 0.9057 0.1387 0.4007
vn 0.9692 0.1938 -0.1522
vn 0.9312 0.1588 0.3282
vn 0.9235 0.1754 0.3411
vn 0.9171 0.1651 0.3629
vn 0.9635 0.1913 -0.1871
vn 0.9759 0.1865 -0.1132
vn 0.9653 0.2102 -0.1547
vn 0.9722 0.1969 -0.1267
vn 0.9768 0.1861 -0.1055
vn 0.9379 0.1873 0.2920
vn 0.9738 0.2032 -0.1023
vn 0.9786 0.1800 -0.1000
vn 0.9471 0.2276 0.2264
vn 0.9358 0.2191 0.2763
vn 0.9706 0.2310 -0.0672
vn 0.9779 0.1898 -0.0877
vn 0.9586 0.2274 0.1716
vn 0.9617 0.2452 -0.1225
vn 0.9805 0.1893 -0.0535
vn 0.9767 0.2099 -0.0442
vn 0.9760 0.2177 0.0091
vn 0.9657 0.2444 0.0875
vn 0.9460 0.2707 0.1783
vn 0.9679 0.2197 -0.1218
vn 0.9629 0.2684 -0.0292
vn 0.9635 0.2544 -0.0839
vn 0.9530 0.3006 0.0375
vn 0.9596 0.2758 0.0566
vn 0.9404 -0.3314 0.0769
vn 0.9734 -0.2265 0.0343
vn 0.9566 -0.2913 0.0067
vn 0.9539 -0.2892 -0.0803
vn 0.9623 -0.2698 -0.0350
vn 0.9588 -0.2725 0.0805
vn 0.9550 -0.2310 0.1863
vn 0.2353 -0.9081 -0.3464
vn 0.7711 -0.6362 -0.0265
vn 0.8399 -0.5357 -0.0869
vn 0.9647 -0.2580 -0.0525
vn 0.9328 -0.3538 -0.0684
vn 0.9498 -0.3086 -0.0515
vn 0.9626 -0.2622 -0.0684
vn 0.5884 -0.7858 -0.1906
vn 0.7231 -0.6395 -0.2612
vn 0.9542 -0.2983 -0.0212
vn 0.9672 -0.2465 -0.0616
vn 0.9758 -0.2124 -0.0523
vn 0.9498 -0.1610 0.2682
vn 0.7130 -0.4966 -0.4950
vn 0.7210 -0.6197 -0.3101
vn 0.9728 -0.2313 -0.0094
vn 0.9653 -0.2315 0.1209
vn 0.9636 -0.1907 0.1872
vn 0.8516 -0.3787 -0.3624
vn 0.9507 -0.1292 0.2819
vn 0.9281 -0.1475 0.3419
vn 0.9570 -0.0802 0.2789
vn 0.8418 -0.0709 -0.5352
vn 0.9573 -0.0528 0.2841
vn 0.9397 -0.0484 0.3385
vn 0.9417 -0.0404 0.3340
vn 0.8728 0.1420 -0.4670
vn 0.9501 -0.0407 0.3094
vn 0.9392 -0.0369 0.3414
vn 0.9056 0.2514 -0.3415
vn 0.9359 -0.0558 0.3479
vn 0.9170 0.3183 -0.2404
vn 0.8564 0.4202 -0.3000
vn 0.9278 0.2990 -0.2230
vn 0.9154 0.3531 -0.1934
vn 0.9458 0.2963 -0.1331
vn 0.9441 -0.0611 0.3241
vn 0.9367 -0.0526 0.3462
vn 0.9400 -0.0577 0.3363
vn 0.9070 0.3023 -0.2932
vn 0.9884 0.1287 -0.0808
vn 0.9786 0.1200 -0.1672
vn 0.9823 0.0670 -0.1748
vn 0.9276 -0.0542 0.3697
vn 0.9032 0.2896 -0.3168
vn 0.9236 -0.0542 0.3795
vn 0.9546 0.1727 -0.2429
vn 0.9662 0.0903 -0.2417
vn 0.9820 0.0478 -0.1825
vn 0.9346 -0.0512 0.3520
vn 0.9743 0.0470 -0.2203
vn 0.9291 -0.0260 0.3690
vn 0.9205 -0.0194 0.3904
vn 0.9789 0.0403 -0.2005
vn 0.9274 0.0186 0.3736
vn 0.9186 0.0192 0.3948
vn 0.9730 0.0894 -0.2129
vn 0.9379 0.0449 0.3441
vn 0.9662 0.0905 -0.2412
vn 0.9132 0.0683 0.4016
vn 0.9596 0.1014 -0.2626
vn 0.9738 0.1456 -0.1745
vn 0.9394 0.1134 0.3236
vn 0.9568 0.1279 -0.2612
vn 0.9693 0.1370 -0.2044
vn 0.9717 0.1809 -0.1520
vn 0.9717 0.1866 -0.1451
vn 0.9728 0.1915 -0.1301
vn 0.9587 0.1624 0.2334
vn 0.9330 0.1381 0.3324
vn 0.9704 0.1552 -0.1852
vn 0.9754 0.1829 -0.1227
vn 0.9719 0.2018 -0.1214
vn 0.9619 0.1096 0.2503
vn 0.9760 0.1823 -0.1194
vn 0.9749 0.1980 -0.1022
vn 0.9637 0.1723 0.2038
vn 0.9757 0.1702 -0.1383
vn 0.9789 0.1852 -0.0870
vn 0.9720 0.2135 -0.0976
vn 0.9794 0.1954 -0.0506
vn 0.9751 0.1813 0.1275
vn 0.9532 0.1685 0.2510
vn 0.9442 0.1631 0.2862
vn 0.9761 0.1781 -0.1248
vn 0.9773 0.1867 -0.0998
vn 0.9824 0.1803 -0.0495
vn 0.9793 0.1901 -0.0692
vn 0.9780 0.2056 -0.0360
vn 0.9824 0.1866 0.0027
vn 0.9809 0.1844 0.0620
vn 0.9688 0.1882 0.1612
vn 0.9779 0.1814 -0.1038
vn 0.9586 0.1955 0.2071
vn 0.9549 0.1765 0.2389
vn 0.9770 0.1889 -0.0985
vn 0.9800 0.1941 0.0436
vn 0.9800 0.1840 -0.0756
vn 0.9813 0.1926 0.0032
vn 0.9758 0.1900 0.1084
vn 0.9702 0.1936 0.1455
vn 0.9824 0.1844 -0.0296
vn 0.9728 0.2130 0.0908
vn 0.9067 -0.4216 -0.0110
vn 0.5636 -0.8261 -0.0026
vn 0.8839 -0.4608 0.0796
vn 0.5468 -0.8288 0.1188
vn 0.7501 -0.6358 -0.1820
vn 0.8761 -0.4800 0.0449
vn 0.9692 -0.2235 0.1038
vn 0.9834 -0.1808 0.0129
vn 0.9850 -0.1528 -0.0797
vn 0.9826 -0.1851 0.0177
vn 0.9800 -0.1602 0.1184
vn 0.9464 -0.2904 -0.1415
vn 0.9581 -0.2693 0.0979
vn 0.9728 -0.1922 0.1291
vn 0.9758 -0.2180 -0.0184
vn 0.9846 -0.1714 -0.0352
vn 0.9850 -0.1477 0.0891
vn 0.9619 -0.1292 -0.2408
vn 0.8742 -0.3350 -0.3515
vn 0.9924 -0.1193 -0.0294
vn 0.9922 -0.1134 0.0521
vn 0.9867 -0.1006 0.1280
vn 0.9399 -0.2140 -0.2662
vn 0.9860 -0.1206 0.1152
vn 0.9943 -0.1058 0.0099
vn 0.9657 -0.1274 0.2262
vn 0.9846 -0.0714 -0.1594
vn 0.9927 -0.0538 0.1080
vn 0.9982 -0.0569 0.0164
vn 0.9957 -0.0846 -0.0390
vn 0.9929 -0.1170 0.0220
vn 0.9781 -0.0661 0.1973
vn 0.9182 0.0742 -0.3892
vn 0.8577 0.3974 0.3263
vn 0.9999 -0.0073 -0.0071
vn 0.9957 -0.0700 -0.0606
vn 0.9949 -0.0799 -0.0622
vn 0.9840 -0.0581 0.1687
vn 0.9680 -0.0720 0.2405
vn 0.9300 0.2103 -0.3015
vn 0.9933 0.0380 0.1093
vn 0.9997 0.0250 -0.0024
vn 0.9896 -0.1364 0.0458
vn 0.9950 -0.0763 0.0651
vn 0.9625 0.2187 -0.1603
vn 0.9937 0.1060 -0.0371
vn 0.9950 0.0725 -0.0687
vn 0.9985 0.0523 -0.0154
vn 0.9957 -0.0929 -0.0051
vn 0.9691 -0.0363 0.2439
vn 0.9635 -0.0389 0.2648
vn 0.9591 0.2681 -0.0904
vn 0.9615 0.2637 -0.0777
vn 0.9792 0.2028 0.0090
vn 0.9824 0.1866 -0.0092
vn 0.9988 -0.0263 -0.0409
vn 0.9978 -0.0420 -0.0507
vn 0.9949 -0.0072 0.1007
vn 0.9261 0.2848 -0.2476
vn 0.9942 -0.0352 -0.1021
vn 0.9980 -0.0177 -0.0600
vn 0.9967 -0.0498 -0.0637
vn 0.9626 -0.0630 0.2636
vn 0.9588 -0.0550 0.2788
vn 0.9380 0.3104 -0.1542
vn 0.9720 0.2093 -0.1068
vn 0.9902 0.1068 -0.0898
vn 0.9955 -0.0027 -0.0944
vn 0.9957 -0.0524 -0.0760
vn 0.9880 -0.0660 0.1395
vn 0.9790 -0.0768 0.1890
vn 0.9585 -0.0749 0.2752
vn 0.9916 0.0320 -0.1250
vn 0.9729 -0.0736 0.2190
vn 0.9697 0.0843 -0.2294
vn 0.9644 -0.0525 0.2592
vn 0.9486 -0.0731 0.3081
vn 0.9856 0.1138 -0.1248
vn 0.9851 0.0295 -0.1692
vn 0.9912 -0.0105 -0.1319
vn 0.9507 -0.0660 0.3032
vn 0.9455 -0.0733 0.3173
vn 0.9737 -0.0099 0.2275
vn 0.9795 0.0297 -0.1991
vn 0.9875 0.0227 -0.1562
vn 0.9826 -0.0072 -0.1857
vn 0.9509 -0.0074 0.3095
vn 0.9812 0.0685 -0.1807
vn 0.9390 -0.0158 0.3435
vn 0.9797 0.1022 -0.1724
vn 0.9690 0.0704 0.2366
vn 0.9771 0.1525 -0.1487
vn 0.9831 0.1119 -0.1447
vn 0.9818 0.0618 0.1798
vn 0.9513 0.0566 0.3032
vn 0.9770 0.1466 -0.1546
vn 0.9647 0.1303 0.2290
vn 0.9368 -0.1011 0.3348
vn 0.9746 0.1848 -0.1261
vn 0.9790 0.1692 -0.1138
vn 0.9847 0.1605 -0.0674
vn 0.9814 0.1827 -0.0599
vn 0.9823 0.1514 0.1099
vn 0.9745 0.1504 0.1663
vn 0.9739 0.1729 -0.1468
vn 0.9732 0.2029 -0.1081
vn 0.9819 0.1846 0.0420
vn 0.9788 0.1998 -0.0451
vn 0.9660 0.1951 0.1698
vn 0.9733 0.2027 -0.1078
vn 0.9809 0.1947 -0.0039
vn 0.9776 0.1852 0.1001
vn 0.9733 0.2075 -0.0987
vn 0.9751 0.2061 -0.0821
vn 0.9798 0.1942 0.0483
vn 0.9721 0.1722 0.1594
vn 0.9811 -0.1871 -0.0486
vn 0.9898 -0.1426 0.0066
vn 0.9380 -0.3448 0.0349
vn 0.9896 -0.1301 -0.0616
vn 0.9817 -0.0395 -0.1865
vn 0.9988 0.0442 0.0186
vn 0.9857 -0.1081 0.1289
vn 0.9894 0.1046 -0.1003
vn 0.9976 0.0544 0.0428
vn 0.9884 0.1498 -0.0252
vn 0.9911 0.0911 0.0969
vn 0.9934 0.0590 0.0989
vn 0.9832 0.1774 -0.0425
vn 0.9757 0.1960 -0.0976
vn 0.9987 -0.0514 0.0061
vn 0.9963 -0.0743 -0.0428
vn 0.9948 -0.0688 0.0755
vn 0.9968 -0.0559 -0.0564
vn 0.9958 -0.0775 0.0487
vn 0.9930 -0.0788 -0.0884
vn 0.9968 -0.0772 0.0200
vn 0.9908 -0.0725 0.1146
vn 0.9932 -0.0506 -0.1050
vn 0.9992 -0.0395 0.0114
vn 0.9962 -0.0441 0.0753
vn 0.9857 -0.0598 0.1573
vn 0.9738 -0.0741 0.2150
vn 0.9907 -0.0053 -0.1358
vn 0.9999 0.0093 0.0070
vn 0.9975 0.0100 -0.0702
vn 0.9993 -0.0378 -0.0044
vn 0.9930 -0.0335 0.1133
vn 0.9841 -0.0470 0.1715
vn 0.9860 0.1269 -0.1081
vn 0.9932 0.0230 0.1138
vn 0.9971 0.0758 0.0084
vn 0.9834 0.1185 -0.1371
vn 0.9979 0.0565 0.0322
vn 0.9937 0.1033 0.0438
vn 0.9907 0.0679 0.1182
vn 0.9841 0.1504 -0.0945
vn 0.9829 0.1820 -0.0275
vn 0.9777 0.1410 0.1558
vn 0.9989 0.0333 -0.0343
vn 0.9908 0.1350 0.0051
f 9//9 3//3 1//1
f 7//7 1//1 2//2
f 8//8 2//2 4//4
f 5//5 3//3 9//9
f 9//9 1//1 7//7
f 7//7 2//2 8//8
f 6//6 5//5 9//9
f 4//4 49//49 8//8
f 13//13 9//9 7//7
f 12//12 6//6 9//9
f 12//12 9//9 13//13
f 7//7 8//8 13//13
f 14//14 17//17 11//11
f 24//24 19//19 16//16
f 15//15 17//17 14//14
f 75//75 17//17 15//15
f 22//22 16//16 17//17
f 19//19 23//23 18//18
f 23//23 19//19 20//20
f 21//21 24//24 16//16
f 21//21 16//16 22//22
f 22//22 17//17 75//75
f 31//31 19//19 24//24
f 20//20 19//19 31//31
f 25//25 22//22 75//75
f 25//25 21//21 22//22
f 24//24 21//21 25//25
f 27//27 23//23 20//20
f 27//27 20//20 28//28
f 29//29 31//31 24//24
f 29//29 24//24 25//25
f 27//27 32//32 26//26
f 30//30 32//32 27//27
f 28//28 20//20 31//31
f 29//29 25//25 84//84
f 33//33 27//27 28//28
f 30//30 27//27 33//33
f 33//33 28//28 31//31
f 33//33 31//31 29//29
f 32//32 34//34 87//87
f 32//32 30//30 35//35
f 34//34 32//32 35//35
f 30//30 92//92 35//35
f 30//30 33//33 92//92
f 39//39 36//36 37//37
f 2//2 37//37 38//38
f 50//50 38//38 40//40
f 3//3 39//39 43//43
f 2//2 39//39 37//37
f 50//50 2//2 38//38
f 45//45 41//41 46//46
f 3//3 44//44 39//39
f 3//3 43//43 1//1
f 1//1 43//43 39//39
f 1//1 39//39 2//2
f 2//2 50//50 4//4
f 45//45 50//50 40//40
f 58//58 45//45 46//46
f 11//11 46//46 47//47
f 60//60 51//51 42//42
f 60//60 42//42 52//52
f 4//4 50//50 49//49
f 61//61 45//45 58//58
f 58//58 46//46 11//11
f 11//11 47//47 51//51
f 52//52 48//48 53//53
f 55//55 44//44 5//5
f 5//5 44//44 3//3
f 49//49 50//50 45//45
f 60//60 11//11 51//51
f 63//63 60//60 52//52
f 123//123 52//52 53//53
f 6//6 55//55 5//5
f 61//61 49//49 45//45
f 57//57 61//61 58//58
f 59//59 58//58 11//11
f 56//56 52//52 123//123
f 63//63 52//52 56//56
f 54//54 55//55 6//6
f 49//49 64//64 8//8
f 62//62 61//61 57//57
f 10//10 54//54 6//6
f 64//64 49//49 61//61
f 67//67 61//61 62//62
f 16//16 57//57 58//58
f 16//16 58//58 17//17
f 17//17 58//58 59//59
f 17//17 59//59 11//11
f 60//60 63//63 65//65
f 63//63 56//56 65//65
f 10//10 122//122 54//54
f 12//12 69//69 6//6
f 69//69 10//10 6//6
f 8//8 76//76 13//13
f 67//67 64//64 61//61
f 67//67 62//62 16//16
f 16//16 62//62 57//57
f 65//65 14//14 60//60
f 60//60 14//14 11//11
f 70//70 69//69 12//12
f 73//73 12//12 13//13
f 19//19 67//67 16//16
f 126//126 65//65 66//66
f 76//76 73//73 13//13
f 76//76 8//8 64//64
f 71//71 64//64 67//67
f 71//71 67//67 68//68
f 19//19 68//68 67//67
f 77//77 15//15 65//65
f 65//65 15//15 14//14
f 70//70 130//130 69//69
f 78//78 12//12 73//73
f 70//70 12//12 78//78
f 74//74 76//76 64//64
f 19//19 71//71 68//68
f 77//77 65//65 72//72
f 72//72 65//65 126//126
f 74//74 64//64 71//71
f 18//18 74//74 19//19
f 19//19 74//74 71//71
f 77//77 75//75 15//15
f 23//23 74//74 18//18
f 77//77 72//72 127//127
f 78//78 81//81 129//129
f 70//70 78//78 129//129
f 79//79 73//73 76//76
f 78//78 73//73 79//79
f 27//27 76//76 23//23
f 23//23 76//76 74//74
f 133//133 75//75 77//77
f 80//80 75//75 133//133
f 27//27 79//79 76//76
f 80//80 25//25 75//75
f 77//77 127//127 133//133
f 26//26 78//78 27//27
f 27//27 78//78 79//79
f 80//80 84//84 25//25
f 86//86 81//81 78//78
f 82//82 81//81 86//86
f 86//86 78//78 83//83
f 32//32 78//78 26//26
f 32//32 83//83 78//78
f 80//80 133//133 135//135
f 85//85 82//82 86//86
f 87//87 83//83 32//32
f 90//90 84//84 88//88
f 88//88 84//84 80//80
f 91//91 85//85 86//86
f 29//29 84//84 33//33
f 85//85 91//91 89//89
f 94//94 86//86 83//83
f 91//91 86//86 94//94
f 34//34 83//83 87//87
f 33//33 95//95 92//92
f 94//94 83//83 34//34
f 92//92 34//34 35//35
f 144//144 33//33 84//84
f 138//138 84//84 90//90
f 144//144 84//84 138//138
f 93//93 91//91 94//94
f 97//97 34//34 92//92
f 144//144 95//95 33//33
f 94//94 34//34 97//97
f 98//98 97//97 92//92
f 147//147 92//92 95//95
f 98//98 92//92 147//147
f 94//94 96//96 93//93
f 155//155 97//97 98//98
f 95//95 144//144 147//147
f 152//152 94//94 97//97
f 111//111 99//99 100//100
f 48//48 100//100 103//103
f 46//46 168//168 101//101
f 109//109 101//101 102//102
f 51//51 102//102 99//99
f 51//51 99//99 111//111
f 37//37 107//107 38//38
f 36//36 107//107 37//37
f 172//172 38//38 105//105
f 38//38 107//107 105//105
f 38//38 172//172 40//40
f 41//41 108//108 168//168
f 41//41 168//168 46//46
f 46//46 101//101 109//109
f 47//47 109//109 102//102
f 110//110 102//102 51//51
f 47//47 102//102 110//110
f 111//111 100//100 48//48
f 48//48 104//104 112//112
f 113//113 106//106 39//39
f 39//39 106//106 176//176
f 39//39 176//176 36//36
f 40//40 172//172 108//108
f 40//40 108//108 45//45
f 45//45 108//108 41//41
f 46//46 109//109 47//47
f 47//47 110//110 51//51
f 42//42 51//51 111//111
f 48//48 112//112 114//114
f 115//115 106//106 44//44
f 44//44 106//106 113//113
f 44//44 113//113 39//39
f 42//42 111//111 52//52
f 52//52 111//111 48//48
f 117//117 48//48 114//114
f 117//117 114//114 116//116
f 53//53 48//48 117//117
f 55//55 115//115 44//44
f 118//118 115//115 120//120
f 120//120 115//115 119//119
f 55//55 119//119 115//115
f 54//54 120//120 55//55
f 55//55 120//120 119//119
f 185//185 123//123 53//53
f 185//185 53//53 117//117
f 117//117 186//186 185//185
f 65//65 56//56 123//123
f 54//54 121//121 120//120
f 122//122 120//120 121//121
f 122//122 121//121 54//54
f 192//192 66//66 123//123
f 123//123 66//66 65//65
f 120//120 124//124 187//187
f 122//122 124//124 120//120
f 192//192 126//126 66//66
f 125//125 122//122 10//10
f 194//194 122//122 125//125
f 125//125 10//10 69//69
f 127//127 72//72 126//126
f 192//192 199//199 126//126
f 130//130 125//125 69//69
f 126//126 199//199 127//127
f 132//132 125//125 130//130
f 128//128 125//125 132//132
f 129//129 130//130 70//70
f 81//81 130//130 129//129
f 198//198 127//127 199//199
f 82//82 132//132 81//81
f 81//81 132//132 130//130
f 202//202 133//133 127//127
f 202//202 127//127 198//198
f 132//132 134//134 131//131
f 82//82 134//134 132//132
f 133//133 202//202 207//207
f 85//85 134//134 82//82
f 134//134 137//137 205//205
f 89//89 137//137 134//134
f 135//135 88//88 80//80
f 133//133 207//207 135//135
f 85//85 89//89 134//134
f 136//136 88//88 135//135
f 138//138 88//88 136//136
f 135//135 210//210 136//136
f 140//140 89//89 91//91
f 140//140 137//137 89//89
f 88//88 138//138 90//90
f 142//142 139//139 137//137
f 142//142 137//137 140//140
f 93//93 140//140 91//91
f 139//139 148//148 141//141
f 143//143 139//139 142//142
f 148//148 139//139 143//143
f 143//143 142//142 140//140
f 143//143 140//140 93//93
f 93//93 150//150 143//143
f 144//144 138//138 146//146
f 148//148 143//143 157//157
f 157//157 143//143 150//150
f 94//94 151//151 96//96
f 151//151 93//93 96//96
f 151//151 150//150 93//93
f 94//94 152//152 151//151
f 97//97 155//155 152//152
f 154//154 147//147 144//144
f 154//154 144//144 146//146
f 155//155 98//98 153//153
f 153//153 98//98 147//147
f 148//148 149//149 220//220
f 157//157 149//149 148//148
f 153//153 147//147 154//154
f 157//157 150//150 158//158
f 158//158 150//150 151//151
f 156//156 151//151 152//152
f 156//156 152//152 155//155
f 157//157 224//224 223//223
f 233//233 151//151 156//156
f 158//158 151//151 233//233
f 225//225 156//156 155//155
f 165//165 159//159 101//101
f 101//101 159//159 160//160
f 169//169 160//160 162//162
f 166//166 162//162 163//163
f 171//171 163//163 164//164
f 168//168 165//165 101//101
f 102//102 101//101 160//160
f 102//102 160//160 169//169
f 99//99 169//169 162//162
f 99//99 162//162 100//100
f 100//100 162//162 166//166
f 166//166 103//103 100//100
f 166//166 163//163 103//103
f 103//103 163//163 170//170
f 172//172 167//167 108//108
f 168//168 108//108 167//167
f 102//102 169//169 99//99
f 48//48 103//103 170//170
f 48//48 170//170 104//104
f 104//104 170//170 163//163
f 104//104 163//163 112//112
f 112//112 163//163 171//171
f 172//172 105//105 250//250
f 112//112 171//171 114//114
f 171//171 173//173 114//114
f 179//179 173//173 174//174
f 106//106 175//175 176//176
f 178//178 36//36 176//176
f 173//173 179//179 114//114
f 115//115 177//177 249//249
f 115//115 249//249 106//106
f 106//106 249//249 175//175
f 116//116 114//114 179//179
f 115//115 180//180 177//177
f 116//116 179//179 256//256
f 118//118 180//180 115//115
f 183//183 117//117 116//116
f 182//182 180//180 118//118
f 181//181 116//116 256//256
f 183//183 116//116 181//181
f 120//120 182//182 118//118
f 183//183 186//186 117//117
f 120//120 184//184 182//182
f 183//183 181//181 186//186
f 120//120 187//187 184//184
f 185//185 186//186 188//188
f 190//190 123//123 188//188
f 188//188 123//123 185//185
f 262//262 192//192 123//123
f 262//262 123//123 190//190
f 187//187 191//191 259//259
f 122//122 191//191 124//124
f 191//191 187//187 124//124
f 194//194 191//191 122//122
f 199//199 192//192 262//262
f 194//194 193//193 191//191
f 128//128 194//194 125//125
f 197//197 268//268 194//194
f 132//132 195//195 128//128
f 195//195 194//194 128//128
f 195//195 197//197 194//194
f 131//131 197//197 132//132
f 132//132 197//197 195//195
f 200//200 197//197 131//131
f 134//134 200//200 131//131
f 202//202 198//198 334//334
f 199//199 334//334 198//198
f 134//134 201//201 200//200
f 205//205 200//200 201//201
f 134//134 205//205 201//201
f 203//203 202//202 334//334
f 207//207 202//202 203//203
f 209//209 204//204 205//205
f 209//209 205//205 206//206
f 139//139 206//206 137//137
f 137//137 206//206 205//205
f 207//207 203//203 208//208
f 207//207 208//208 272//272
f 139//139 209//209 206//206
f 272//272 135//135 207//207
f 210//210 135//135 272//272
f 212//212 209//209 139//139
f 210//210 138//138 136//136
f 213//213 210//210 272//272
f 210//210 146//146 138//138
f 209//209 212//212 211//211
f 141//141 212//212 139//139
f 146//146 210//210 213//213
f 211//211 212//212 141//141
f 146//146 214//214 216//216
f 215//215 146//146 213//213
f 214//214 146//146 215//215
f 217//217 141//141 148//148
f 145//145 217//217 148//148
f 211//211 141//141 280//280
f 214//214 215//215 216//216
f 280//280 141//141 217//217
f 148//148 220//220 145//145
f 146//146 216//216 154//154
f 216//216 218//218 154//154
f 217//217 283//283 280//280
f 217//217 145//145 220//220
f 157//157 220//220 149//149
f 219//219 283//283 217//217
f 223//223 220//220 157//157
f 153//153 218//218 155//155
f 154//154 218//218 153//153
f 228//228 219//219 217//217
f 228//228 217//217 220//220
f 157//157 158//158 224//224
f 155//155 221//221 225//225
f 221//221 155//155 218//218
f 228//228 222//222 219//219
f 228//228 220//220 223//223
f 228//228 223//223 230//230
f 224//224 158//158 229//229
f 229//229 158//158 233//233
f 234//234 156//156 225//225
f 226//226 221//221 218//218
f 229//229 223//223 224//224
f 230//230 223//223 229//229
f 234//234 225//225 221//221
f 234//234 233//233 156//156
f 221//221 227//227 234//234
f 228//228 290//290 222//222
f 231//231 230//230 229//229
f 231//231 229//229 232//232
f 287//287 234//234 227//227
f 298//298 297//297 228//228
f 298//298 228//228 230//230
f 232//232 229//229 233//233
f 235//235 237//237 239//239
f 164//164 237//237 311//311
f 238//238 241//241 304//304
f 160//160 241//241 238//238
f 160//160 238//238 239//239
f 161//161 239//239 237//237
f 240//240 237//237 164//164
f 163//163 237//237 240//240
f 164//164 311//311 242//242
f 165//165 241//241 159//159
f 159//159 241//241 160//160
f 160//160 239//239 162//162
f 162//162 239//239 161//161
f 161//161 237//237 162//162
f 162//162 237//237 163//163
f 163//163 240//240 164//164
f 241//241 165//165 244//244
f 164//164 242//242 171//171
f 171//171 242//242 246//246
f 167//167 248//248 168//168
f 248//248 245//245 168//168
f 245//245 165//165 168//168
f 245//245 244//244 165//165
f 171//171 246//246 173//173
f 246//246 247//247 173//173
f 172//172 250//250 167//167
f 173//173 247//247 174//174
f 177//177 251//251 249//249
f 175//175 249//249 254//254
f 105//105 107//107 250//250
f 252//252 247//247 319//319
f 177//177 253//253 251//251
f 254//254 176//176 175//175
f 178//178 107//107 36//36
f 322//322 179//179 247//247
f 247//247 179//179 174//174
f 322//322 247//247 252//252
f 321//321 253//253 180//180
f 180//180 253//253 177//177
f 180//180 324//324 321//321
f 322//322 256//256 179//179
f 182//182 255//255 180//180
f 180//180 255//255 324//324
f 402//402 256//256 322//322
f 258//258 186//186 181//181
f 256//256 325//325 181//181
f 258//258 188//188 186//186
f 257//257 181//181 325//325
f 258//258 181//181 257//257
f 189//189 184//184 187//187
f 259//259 184//184 189//189
f 187//187 259//259 189//189
f 258//258 190//190 188//188
f 263//263 262//262 258//258
f 258//258 262//262 190//190
f 191//191 260//260 259//259
f 258//258 328//328 263//263
f 261//261 191//191 193//193
f 196//196 262//262 263//263
f 199//199 262//262 196//196
f 194//194 264//264 193//193
f 193//193 264//264 266//266
f 268//268 264//264 194//194
f 331//331 196//196 265//265
f 269//269 199//199 331//331
f 331//331 199//199 196//196
f 200//200 264//264 197//197
f 197//197 264//264 268//268
f 269//269 334//334 199//199
f 205//205 271//271 200//200
f 200//200 271//271 264//264
f 270//270 264//264 271//271
f 204//204 270//270 205//205
f 205//205 270//270 271//271
f 335//335 203//203 334//334
f 334//334 411//411 335//335
f 209//209 270//270 204//204
f 272//272 208//208 203//203
f 273//273 270//270 209//209
f 272//272 203//203 340//340
f 211//211 273//273 209//209
f 275//275 272//272 340//340
f 213//213 272//272 275//275
f 276//276 273//273 211//211
f 341//341 273//273 278//278
f 277//277 273//273 276//276
f 278//278 273//273 277//277
f 211//211 277//277 276//276
f 213//213 275//275 342//342
f 213//213 342//342 279//279
f 278//278 277//277 211//211
f 213//213 279//279 215//215
f 281//281 278//278 280//280
f 211//211 280//280 278//278
f 215//215 282//282 216//216
f 350//350 216//216 282//282
f 286//286 280//280 283//283
f 216//216 350//350 218//218
f 282//282 346//346 350//350
f 284//284 281//281 280//280
f 286//286 284//284 280//280
f 219//219 286//286 283//283
f 350//350 285//285 218//218
f 222//222 286//286 219//219
f 218//218 285//285 226//226
f 284//284 286//286 355//355
f 226//226 285//285 221//221
f 285//285 287//287 221//221
f 285//285 350//350 354//354
f 354//354 350//350 349//349
f 355//355 286//286 290//290
f 290//290 286//286 222//222
f 221//221 287//287 227//227
f 288//288 287//287 285//285
f 228//228 291//291 290//290
f 297//297 291//291 228//228
f 234//234 287//287 300//300
f 289//289 288//288 285//285
f 362//362 355//355 290//290
f 230//230 231//231 298//298
f 234//234 295//295 233//233
f 233//233 295//295 232//232
f 234//234 300//300 295//295
f 292//292 300//300 287//287
f 292//292 287//287 293//293
f 287//287 288//288 293//293
f 362//362 290//290 294//294
f 291//291 294//294 290//290
f 300//300 232//232 295//295
f 298//298 231//231 299//299
f 296//296 300//300 292//292
f 368//368 231//231 232//232
f 368//368 232//232 300//300
f 364//364 300//300 365//365
f 304//304 303//303 302//302
f 309//309 302//302 377//377
f 307//307 304//304 302//302
f 307//307 302//302 235//235
f 308//308 235//235 302//302
f 236//236 302//302 309//309
f 308//308 302//302 236//236
f 310//310 309//309 305//305
f 303//303 304//304 306//306
f 238//238 304//304 307//307
f 238//238 307//307 239//239
f 239//239 307//307 235//235
f 235//235 308//308 237//237
f 237//237 308//308 236//236
f 236//236 309//309 237//237
f 237//237 309//309 310//310
f 237//237 310//310 311//311
f 310//310 305//305 311//311
f 243//243 312//312 385//385
f 311//311 305//305 242//242
f 242//242 305//305 312//312
f 242//242 312//312 246//246
f 246//246 312//312 243//243
f 243//243 314//314 246//246
f 314//314 247//247 246//246
f 247//247 314//314 313//313
f 244//244 245//245 248//248
f 313//313 316//316 247//247
f 167//167 244//244 248//248
f 249//249 251//251 471//471
f 250//250 395//395 167//167
f 247//247 316//316 319//319
f 250//250 107//107 395//395
f 253//253 321//321 318//318
f 253//253 318//318 251//251
f 249//249 320//320 254//254
f 254//254 320//320 176//176
f 178//178 477//477 107//107
f 319//319 323//323 252//252
f 323//323 322//322 252//252
f 478//478 322//322 323//323
f 325//325 256//256 402//402
f 327//327 258//258 325//325
f 325//325 258//258 257//257
f 326//326 184//184 259//259
f 327//327 328//328 258//258
f 260//260 326//326 259//259
f 329//329 326//326 260//260
f 191//191 329//329 260//260
f 263//263 328//328 265//265
f 330//330 329//329 191//191
f 261//261 330//330 191//191
f 193//193 330//330 261//261
f 330//330 407//407 329//329
f 266//266 407//407 193//193
f 193//193 407//407 330//330
f 263//263 265//265 196//196
f 264//264 407//407 266//266
f 331//331 265//265 483//483
f 407//407 267//267 408//408
f 267//267 407//407 264//264
f 334//334 269//269 331//331
f 334//334 331//331 332//332
f 264//264 333//333 267//267
f 270//270 336//336 264//264
f 264//264 336//336 333//333
f 334//334 332//332 411//411
f 337//337 336//336 270//270
f 412//412 336//336 337//337
f 273//273 337//337 270//270
f 335//335 340//340 203//203
f 335//335 338//338 340//340
f 274//274 337//337 273//273
f 339//339 337//337 274//274
f 339//339 341//341 337//337
f 273//273 339//339 274//274
f 492//492 340//340 338//338
f 273//273 341//341 339//339
f 343//343 344//344 341//341
f 278//278 343//343 341//341
f 281//281 343//343 278//278
f 279//279 282//282 215//215
f 279//279 342//342 420//420
f 281//281 344//344 343//343
f 281//281 345//345 344//344
f 279//279 346//346 282//282
f 284//284 345//345 281//281
f 346//346 347//347 350//350
f 346//346 279//279 347//347
f 347//347 353//353 350//350
f 284//284 348//348 351//351
f 355//355 352//352 284//284
f 284//284 352//352 348//348
f 350//350 353//353 349//349
f 348//348 352//352 355//355
f 354//354 289//289 285//285
f 357//357 289//289 354//354
f 348//348 356//356 426//426
f 355//355 356//356 348//348
f 356//356 355//355 358//358
f 362//362 358//358 355//355
f 293//293 288//288 292//292
f 360//360 288//288 289//289
f 289//289 357//357 360//360
f 291//291 363//363 294//294
f 363//363 362//362 294//294
f 300//300 296//296 365//365
f 292//292 359//359 296//296
f 292//292 288//288 434//434
f 361//361 358//358 432//432
f 297//297 363//363 291//291
f 299//299 367//367 298//298
f 231//231 368//368 299//299
f 300//300 364//364 368//368
f 296//296 359//359 365//365
f 359//359 292//292 434//434
f 358//358 362//362 433//433
f 437//437 363//363 297//297
f 362//362 363//363 437//437
f 297//297 298//298 366//366
f 366//366 298//298 367//367
f 364//364 365//365 368//368
f 437//437 297//297 366//366
f 367//367 299//299 368//368
f 441//441 368//368 365//365
f 371//371 369//369 374//374
f 374//374 369//369 301//301
f 301//301 369//369 375//375
f 369//369 447//447 375//375
f 375//375 447//447 379//379
f 371//371 372//372 459//459
f 373//373 371//371 374//374
f 372//372 371//371 373//373
f 377//377 376//376 375//375
f 377//377 375//375 379//379
f 372//372 373//373 303//303
f 303//303 373//373 374//374
f 303//303 374//374 302//302
f 302//302 374//374 301//301
f 301//301 375//375 302//302
f 302//302 375//375 376//376
f 376//376 377//377 302//302
f 378//378 377//377 379//379
f 382//382 379//379 383//383
f 309//309 377//377 378//378
f 381//381 379//379 382//382
f 378//378 379//379 381//381
f 383//383 380//380 384//384
f 306//306 372//372 303//303
f 378//378 305//305 309//309
f 305//305 378//378 381//381
f 305//305 381//381 382//382
f 382//382 383//383 305//305
f 305//305 383//383 312//312
f 312//312 383//383 385//385
f 383//383 384//384 385//385
f 385//385 384//384 386//386
f 385//385 386//386 243//243
f 243//243 386//386 314//314
f 314//314 386//386 313//313
f 241//241 388//388 304//304
f 386//386 389//389 313//313
f 389//389 316//316 313//313
f 391//391 241//241 244//244
f 316//316 389//389 315//315
f 389//389 390//390 315//315
f 390//390 316//316 315//315
f 244//244 167//167 392//392
f 390//390 319//319 316//316
f 390//390 317//317 319//319
f 251//251 394//394 393//393
f 471//471 251//251 393//393
f 318//318 394//394 251//251
f 249//249 543//543 320//320
f 471//471 543//543 249//249
f 396//396 107//107 548//548
f 107//107 396//396 395//395
f 474//474 319//319 317//317
f 176//176 477//477 178//178
f 320//320 477//477 176//176
f 477//477 548//548 107//107
f 474//474 323//323 319//319
f 321//321 398//398 397//397
f 474//474 478//478 323//323
f 399//399 398//398 324//324
f 324//324 398//398 321//321
f 399//399 324//324 255//255
f 400//400 322//322 478//478
f 255//255 401//401 399//399
f 400//400 402//402 322//322
f 182//182 401//401 255//255
f 184//184 401//401 182//182
f 402//402 400//400 325//325
f 401//401 184//184 480//480
f 184//184 326//326 480//480
f 403//403 327//327 400//400
f 400//400 327//327 325//325
f 329//329 404//404 326//326
f 327//327 265//265 328//328
f 403//403 482//482 327//327
f 329//329 405//405 404//404
f 406//406 265//265 327//327
f 327//327 482//482 406//406
f 265//265 406//406 482//482
f 405//405 329//329 407//407
f 265//265 482//482 483//483
f 407//407 408//408 484//484
f 483//483 558//558 331//331
f 267//267 409//409 408//408
f 559//559 332//332 331//331
f 331//331 558//558 559//559
f 408//408 409//409 410//410
f 333//333 409//409 267//267
f 336//336 412//412 333//333
f 333//333 412//412 409//409
f 332//332 559//559 411//411
f 411//411 413//413 335//335
f 335//335 413//413 338//338
f 337//337 414//414 412//412
f 341//341 414//414 337//337
f 338//338 491//491 492//492
f 341//341 416//416 414//414
f 344//344 416//416 341//341
f 340//340 492//492 275//275
f 344//344 417//417 416//416
f 492//492 494//494 342//342
f 275//275 492//492 342//342
f 418//418 417//417 344//344
f 342//342 419//419 420//420
f 345//345 418//418 344//344
f 569//569 420//420 419//419
f 284//284 421//421 345//345
f 345//345 421//421 418//418
f 353//353 347//347 279//279
f 420//420 353//353 279//279
f 351//351 421//421 284//284
f 422//422 353//353 420//420
f 420//420 569//569 422//422
f 348//348 421//421 351//351
f 353//353 422//422 572//572
f 424//424 423//423 421//421
f 348//348 424//424 421//421
f 348//348 426//426 424//424
f 349//349 425//425 354//354
f 349//349 353//353 425//425
f 424//424 426//426 501//501
f 354//354 425//425 357//357
f 427//427 426//426 356//356
f 358//358 427//427 356//356
f 425//425 360//360 357//357
f 361//361 427//427 358//358
f 288//288 360//360 434//434
f 428//428 425//425 500//500
f 434//434 360//360 425//425
f 503//503 425//425 428//428
f 427//427 361//361 429//429
f 358//358 433//433 432//432
f 359//359 430//430 365//365
f 431//431 361//361 432//432
f 437//437 433//433 362//362
f 368//368 440//440 367//367
f 368//368 441//441 440//440
f 435//435 365//365 430//430
f 430//430 359//359 435//435
f 436//436 432//432 433//433
f 437//437 436//436 433//433
f 438//438 437//437 366//366
f 440//440 366//366 367//367
f 439//439 438//438 366//366
f 439//439 366//366 440//440
f 445//445 444//444 442//442
f 446//446 442//442 443//443
f 450//450 451//451 444//444
f 371//371 450//450 444//444
f 371//371 444//444 445//445
f 445//445 442//442 446//446
f 369//369 445//445 446//446
f 369//369 446//446 447//447
f 448//448 446//446 443//443
f 447//447 446//446 448//448
f 452//452 451//451 450//450
f 369//369 371//371 445//445
f 529//529 451//451 452//452
f 452//452 450//450 371//371
f 448//448 379//379 447//447
f 448//448 449//449 453//453
f 379//379 448//448 370//370
f 370//370 448//448 453//453
f 454//454 529//529 452//452
f 371//371 454//454 452//452
f 370//370 453//453 379//379
f 453//453 456//456 379//379
f 454//454 371//371 455//455
f 371//371 459//459 455//455
f 379//379 456//456 383//383
f 383//383 456//456 380//380
f 380//380 456//456 384//384
f 456//456 458//458 384//384
f 458//458 457//457 460//460
f 306//306 459//459 372//372
f 384//384 458//458 386//386
f 386//386 458//458 460//460
f 460//460 457//457 461//461
f 304//304 459//459 306//306
f 388//388 462//462 304//304
f 304//304 462//462 459//459
f 460//460 389//389 386//386
f 389//389 460//460 387//387
f 460//460 461//461 387//387
f 387//387 461//461 389//389
f 461//461 463//463 389//389
f 463//463 390//390 389//389
f 391//391 388//388 241//241
f 463//463 464//464 390//390
f 463//463 465//465 464//464
f 391//391 466//466 392//392
f 244//244 466//466 391//391
f 465//465 467//467 390//390
f 464//464 465//465 390//390
f 392//392 466//466 244//244
f 469//469 390//390 467//467
f 394//394 468//468 393//393
f 167//167 395//395 392//392
f 469//469 317//317 390//390
f 318//318 542//542 394//394
f 468//468 471//471 393//393
f 392//392 395//395 470//470
f 469//469 474//474 317//317
f 321//321 475//475 318//318
f 543//543 471//471 472//472
f 543//543 476//476 320//320
f 476//476 477//477 320//320
f 396//396 473//473 395//395
f 397//397 399//399 475//475
f 397//397 475//475 321//321
f 398//398 399//399 397//397
f 550//550 478//478 474//474
f 478//478 479//479 400//400
f 401//401 633//633 399//399
f 400//400 636//636 553//553
f 553//553 403//403 400//400
f 404//404 480//480 326//326
f 553//553 640//640 403//403
f 480//480 404//404 639//639
f 640//640 482//482 403//403
f 405//405 481//481 404//404
f 556//556 481//481 405//405
f 484//484 556//556 405//405
f 407//407 484//484 405//405
f 555//555 483//483 482//482
f 408//408 410//410 484//484
f 410//410 409//409 485//485
f 486//486 411//411 559//559
f 412//412 487//487 409//409
f 486//486 561//561 411//411
f 411//411 561//561 646//646
f 414//414 487//487 412//412
f 646//646 338//338 413//413
f 411//411 646//646 413//413
f 415//415 487//487 414//414
f 488//488 491//491 646//646
f 646//646 491//491 338//338
f 646//646 489//489 488//488
f 416//416 415//415 414//414
f 491//491 488//488 492//492
f 417//417 493//493 416//416
f 492//492 488//488 494//494
f 416//416 493//493 566//566
f 494//494 419//419 342//342
f 419//419 494//494 567//567
f 418//418 493//493 417//417
f 418//418 495//495 493//493
f 421//421 495//495 418//418
f 421//421 496//496 495//495
f 570//570 496//496 421//421
f 572//572 422//422 569//569
f 569//569 654//654 572//572
f 423//423 570//570 421//421
f 424//424 570//570 423//423
f 570//570 497//497 573//573
f 424//424 497//497 570//570
f 501//501 497//497 424//424
f 572//572 500//500 353//353
f 572//572 498//498 500//500
f 572//572 499//499 498//498
f 500//500 425//425 353//353
f 427//427 501//501 426//426
f 502//502 501//501 427//427
f 501//501 502//502 575//575
f 429//429 502//502 427//427
f 425//425 503//503 505//505
f 425//425 505//505 434//434
f 505//505 503//503 504//504
f 431//431 429//429 361//361
f 431//431 506//506 429//429
f 436//436 431//431 432//432
f 434//434 505//505 359//359
f 580//580 505//505 504//504
f 436//436 506//506 431//431
f 435//435 507//507 365//365
f 359//359 507//507 435//435
f 359//359 505//505 507//507
f 437//437 509//509 436//436
f 438//438 439//439 437//437
f 508//508 441//441 365//365
f 365//365 507//507 508//508
f 436//436 509//509 582//582
f 440//440 441//441 587//587
f 509//509 437//437 439//439
f 517//517 510//510 511//511
f 512//512 593//593 513//513
f 516//516 512//512 513//513
f 514//514 513//513 510//510
f 514//514 510//510 517//517
f 517//517 511//511 515//515
f 519//519 512//512 516//516
f 444//444 516//516 513//513
f 444//444 513//513 442//442
f 442//442 513//513 514//514
f 442//442 514//514 443//443
f 443//443 514//514 517//517
f 517//517 515//515 449//449
f 519//519 516//516 444//444
f 443//443 517//517 448//448
f 517//517 449//449 448//448
f 451//451 519//519 444//444
f 518//518 519//519 524//524
f 520//520 521//521 449//449
f 522//522 519//519 451//451
f 522//522 524//524 519//519
f 449//449 521//521 453//453
f 521//521 523//523 453//453
f 451//451 524//524 522//522
f 523//523 527//527 453//453
f 529//529 525//525 451//451
f 451//451 525//525 524//524
f 529//529 454//454 526//526
f 453//453 527//527 456//456
f 455//455 526//526 454//454
f 456//456 527//527 458//458
f 458//458 527//527 528//528
f 459//459 526//526 455//455
f 458//458 528//528 457//457
f 528//528 530//530 457//457
f 532//532 526//526 459//459
f 530//530 531//531 533//533
f 530//530 461//461 457//457
f 530//530 534//534 461//461
f 530//530 533//533 534//534
f 534//534 463//463 461//461
f 391//391 535//535 388//388
f 534//534 714//714 463//463
f 391//391 470//470 535//535
f 465//465 463//463 536//536
f 392//392 470//470 391//391
f 465//465 537//537 467//467
f 539//539 538//538 394//394
f 394//394 540//540 468//468
f 538//538 540//540 394//394
f 537//537 469//469 467//467
f 394//394 542//542 539//539
f 545//545 544//544 541//541
f 545//545 541//541 470//470
f 318//318 546//546 542//542
f 471//471 468//468 472//472
f 472//472 468//468 543//543
f 547//547 476//476 543//543
f 396//396 548//548 544//544
f 396//396 544//544 473//473
f 473//473 544//544 395//395
f 395//395 544//544 545//545
f 395//395 545//545 470//470
f 549//549 474//474 469//469
f 632//632 469//469 631//631
f 549//549 469//469 632//632
f 475//475 546//546 318//318
f 477//477 476//476 548//548
f 474//474 549//549 550//550
f 551//551 475//475 399//399
f 479//479 478//478 550//550
f 633//633 551//551 399//399
f 634//634 400//400 479//479
f 480//480 552//552 401//401
f 553//553 636//636 811//811
f 404//404 481//481 554//554
f 729//729 482//482 640//640
f 481//481 556//556 554//554
f 729//729 555//555 482//482
f 730//730 483//483 555//555
f 643//643 557//557 484//484
f 557//557 556//556 484//484
f 730//730 558//558 483//483
f 410//410 560//560 484//484
f 484//484 560//560 643//643
f 558//558 730//730 559//559
f 485//485 560//560 410//410
f 409//409 560//560 485//485
f 561//561 486//486 559//559
f 487//487 562//562 409//409
f 409//409 562//562 560//560
f 487//487 563//563 562//562
f 564//564 646//646 561//561
f 415//415 563//563 487//487
f 646//646 564//564 644//644
f 490//490 563//563 415//415
f 565//565 489//489 646//646
f 416//416 490//490 415//415
f 489//489 565//565 494//494
f 416//416 566//566 490//490
f 489//489 494//494 488//488
f 566//566 495//495 651//651
f 493//493 495//495 566//566
f 567//567 569//569 419//419
f 496//496 568//568 495//495
f 572//572 654//654 657//657
f 496//496 570//570 571//571
f 657//657 499//499 572//572
f 570//570 573//573 658//658
f 501//501 573//573 497//497
f 499//499 500//500 498//498
f 574//574 573//573 501//501
f 576//576 499//499 659//659
f 500//500 499//499 576//576
f 575//575 577//577 501//501
f 577//577 574//574 501//501
f 502//502 577//577 575//575
f 500//500 576//576 428//428
f 661//661 576//576 659//659
f 429//429 577//577 502//502
f 428//428 576//576 503//503
f 576//576 504//504 503//503
f 665//665 577//577 429//429
f 506//506 665//665 429//429
f 504//504 576//576 663//663
f 663//663 576//576 661//661
f 578//578 665//665 506//506
f 506//506 581//581 578//578
f 579//579 581//581 506//506
f 436//436 579//579 506//506
f 584//584 505//505 583//583
f 507//507 505//505 584//584
f 436//436 582//582 579//579
f 507//507 669//669 508//508
f 669//669 507//507 583//583
f 579//579 582//582 509//509
f 509//509 586//586 579//579
f 439//439 587//587 509//509
f 440//440 587//587 439//439
f 441//441 585//585 587//587
f 441//441 508//508 585//585
f 763//763 587//587 585//585
f 588//588 589//589 590//590
f 592//592 589//589 595//595
f 595//595 589//589 596//596
f 589//589 593//593 590//590
f 594//594 589//589 592//592
f 593//593 589//589 594//594
f 511//511 595//595 596//596
f 598//598 593//593 594//594
f 513//513 594//594 592//592
f 513//513 592//592 510//510
f 510//510 592//592 595//595
f 510//510 595//595 511//511
f 511//511 596//596 599//599
f 593//593 598//598 513//513
f 513//513 598//598 594//594
f 511//511 599//599 600//600
f 600//600 599//599 689//689
f 601//601 597//597 593//593
f 603//603 597//597 601//601
f 512//512 601//601 593//593
f 511//511 600//600 515//515
f 515//515 600//600 604//604
f 603//603 601//601 519//519
f 519//519 601//601 512//512
f 604//604 449//449 515//515
f 602//602 603//603 608//608
f 608//608 603//603 605//605
f 518//518 605//605 519//519
f 519//519 605//605 603//603
f 449//449 604//604 520//520
f 604//604 606//606 520//520
f 524//524 608//608 518//518
f 518//518 608//608 605//605
f 520//520 606//606 521//521
f 609//609 606//606 607//607
f 521//521 606//606 609//609
f 610//610 608//608 524//524
f 523//523 521//521 609//609
f 525//525 610//610 611//611
f 525//525 611//611 524//524
f 524//524 611//611 610//610
f 523//523 609//609 527//527
f 609//609 701//701 527//527
f 527//527 701//701 528//528
f 701//701 612//612 528//528
f 529//529 613//613 525//525
f 530//530 612//612 702//702
f 615//615 613//613 529//529
f 526//526 615//615 529//529
f 528//528 612//612 530//530
f 614//614 530//530 705//705
f 530//530 614//614 531//531
f 532//532 615//615 526//526
f 532//532 618//618 615//615
f 615//615 618//618 616//616
f 459//459 618//618 532//532
f 531//531 617//617 534//534
f 531//531 534//534 533//533
f 459//459 462//462 618//618
f 534//534 617//617 712//712
f 388//388 618//618 462//462
f 534//534 712//712 714//714
f 535//535 619//619 388//388
f 388//388 619//619 618//618
f 621//621 463//463 892//892
f 892//892 463//463 714//714
f 620//620 535//535 623//623
f 541//541 535//535 470//470
f 621//621 536//536 463//463
f 621//621 465//465 536//536
f 628//628 535//535 541//541
f 628//628 623//623 535//535
f 624//624 537//537 621//621
f 621//621 537//537 465//465
f 540//540 538//538 625//625
f 540//540 625//625 468//468
f 627//627 623//623 628//628
f 539//539 542//542 629//629
f 468//468 625//625 543//543
f 547//547 625//625 626//626
f 630//630 626//626 627//627
f 544//544 627//627 628//628
f 544//544 628//628 541//541
f 631//631 469//469 537//537
f 537//537 632//632 631//631
f 542//542 546//546 629//629
f 629//629 546//546 475//475
f 543//543 625//625 547//547
f 476//476 547//547 626//626
f 476//476 626//626 548//548
f 548//548 626//626 630//630
f 548//548 630//630 627//627
f 548//548 627//627 544//544
f 726//726 549//549 632//632
f 479//479 550//550 726//726
f 726//726 550//550 549//549
f 634//634 479//479 899//899
f 727//727 400//400 634//634
f 401//401 635//635 633//633
f 401//401 637//637 635//635
f 727//727 636//636 400//400
f 552//552 637//637 401//401
f 480//480 637//637 552//552
f 811//811 638//638 553//553
f 639//639 637//637 480//480
f 638//638 812//812 553//553
f 813//813 640//640 553//553
f 553//553 812//812 813//813
f 404//404 814//814 639//639
f 404//404 641//641 814//814
f 404//404 554//554 641//641
f 904//904 729//729 640//640
f 556//556 642//642 554//554
f 557//557 642//642 556//556
f 555//555 729//729 730//730
f 643//643 642//642 557//557
f 561//561 559//559 730//730
f 643//643 560//560 732//732
f 562//562 733//733 560//560
f 644//644 564//564 561//561
f 561//561 736//736 644//644
f 563//563 645//645 562//562
f 565//565 646//646 644//644
f 648//648 647//647 490//490
f 565//565 650//650 649//649
f 566//566 648//648 490//490
f 649//649 567//567 494//494
f 649//649 494//494 565//565
f 566//566 651//651 648//648
f 567//567 649//649 741//741
f 567//567 741//741 742//742
f 567//567 742//742 744//744
f 651//651 568//568 652//652
f 495//495 568//568 651//651
f 654//654 569//569 567//567
f 567//567 744//744 654//654
f 496//496 655//655 568//568
f 496//496 571//571 655//655
f 656//656 657//657 654//654
f 570//570 658//658 571//571
f 751//751 658//658 574//574
f 658//658 573//573 574//574
f 831//831 659//659 499//499
f 831//831 499//499 657//657
f 831//831 657//657 750//750
f 577//577 751//751 574//574
f 660//660 751//751 577//577
f 660//660 662//662 751//751
f 577//577 662//662 660//660
f 663//663 659//659 753//753
f 661//661 659//659 663//663
f 754//754 662//662 577//577
f 577//577 664//664 754//754
f 665//665 664//664 577//577
f 581//581 665//665 578//578
f 580//580 666//666 505//505
f 505//505 666//666 583//583
f 504//504 666//666 580//580
f 504//504 663//663 838//838
f 667//667 664//664 665//665
f 668//668 665//665 581//581
f 668//668 667//667 665//665
f 584//584 583//583 507//507
f 579//579 668//668 581//581
f 670//670 585//585 508//508
f 508//508 669//669 670//670
f 756//756 583//583 666//666
f 585//585 670//670 763//763
f 669//669 583//583 761//761
f 668//668 579//579 758//758
f 672//672 579//579 586//586
f 672//672 762//762 579//579
f 587//587 586//586 509//509
f 763//763 670//670 671//671
f 671//671 670//670 669//669
f 586//586 587//587 763//763
f 675//675 673//673 677//677
f 681//681 674//674 675//675
f 681//681 675//675 677//677
f 596//596 677//677 676//676
f 680//680 678//678 674//674
f 679//679 678//678 680//680
f 674//674 681//681 589//589
f 681//681 677//677 596//596
f 596//596 676//676 685//685
f 678//678 679//679 683//683
f 679//679 680//680 588//588
f 588//588 680//680 589//589
f 589//589 680//680 674//674
f 589//589 681//681 596//596
f 588//588 590//590 679//679
f 599//599 596//596 591//591
f 596//596 685//685 591//591
f 684//684 683//683 679//679
f 684//684 590//590 593//593
f 684//684 679//679 590//590
f 591//591 685//685 599//599
f 689//689 685//685 682//682
f 683//683 684//684 597//597
f 597//597 684//684 593//593
f 685//685 689//689 599//599
f 687//687 688//688 683//683
f 597//597 687//687 683//683
f 689//689 686//686 782//782
f 603//603 688//688 597//597
f 597//597 688//688 687//687
f 694//694 688//688 690//690
f 690//690 688//688 603//603
f 600//600 689//689 604//604
f 689//689 691//691 604//604
f 602//602 694//694 603//603
f 603//603 694//694 690//690
f 604//604 691//691 606//606
f 691//691 695//695 606//606
f 691//691 692//692 695//695
f 693//693 694//694 696//696
f 608//608 694//694 602//602
f 606//606 695//695 692//692
f 696//696 694//694 608//608
f 606//606 697//697 607//607
f 697//697 606//606 698//698
f 610//610 699//699 608//608
f 608//608 699//699 696//696
f 607//607 697//697 609//609
f 697//697 701//701 609//609
f 525//525 700//700 610//610
f 610//610 700//700 699//699
f 613//613 700//700 525//525
f 701//701 702//702 612//612
f 703//703 700//700 704//704
f 613//613 704//704 700//700
f 530//530 702//702 794//794
f 794//794 705//705 530//530
f 706//706 710//710 613//613
f 613//613 710//710 704//704
f 708//708 703//703 704//704
f 709//709 704//704 710//710
f 615//615 706//706 613//613
f 705//705 707//707 531//531
f 705//705 531//531 614//614
f 711//711 704//704 709//709
f 708//708 704//704 711//711
f 616//616 710//710 615//615
f 615//615 710//710 706//706
f 531//531 707//707 798//798
f 618//618 710//710 616//616
f 531//531 798//798 617//617
f 619//619 710//710 618//618
f 709//709 715//715 711//711
f 535//535 709//709 619//619
f 619//619 709//709 710//710
f 713//713 717//717 716//716
f 715//715 709//709 718//718
f 620//620 718//718 535//535
f 535//535 718//718 709//709
f 716//716 717//717 721//721
f 623//623 721//721 715//715
f 623//623 715//715 718//718
f 804//804 621//621 892//892
f 538//538 719//719 716//716
f 538//538 716//716 625//625
f 716//716 721//721 720//720
f 620//620 623//623 718//718
f 538//538 722//722 719//719
f 716//716 622//622 625//625
f 622//622 716//716 626//626
f 627//627 720//720 721//721
f 716//716 720//720 627//627
f 627//627 721//721 723//723
f 723//723 623//623 627//627
f 723//723 721//721 623//623
f 537//537 624//624 804//804
f 804//804 624//624 621//621
f 804//804 806//806 537//537
f 539//539 724//724 722//722
f 539//539 722//722 538//538
f 625//625 622//622 626//626
f 626//626 716//716 627//627
f 806//806 725//725 537//537
f 629//629 724//724 539//539
f 725//725 632//632 537//537
f 724//724 629//629 475//475
f 807//807 724//724 475//475
f 726//726 632//632 725//725
f 807//807 475//475 551//551
f 807//807 551//551 896//896
f 899//899 479//479 726//726
f 633//633 896//896 551//551
f 635//635 810//810 633//633
f 899//899 727//727 634//634
f 727//727 811//811 636//636
f 812//812 638//638 811//811
f 639//639 728//728 637//637
f 813//813 904//904 640//640
f 641//641 642//642 814//814
f 641//641 554//554 642//642
f 731//731 642//642 643//643
f 818//818 731//731 643//643
f 732//732 818//818 643//643
f 909//909 561//561 730//730
f 733//733 732//732 560//560
f 561//561 909//909 736//736
f 734//734 738//738 562//562
f 738//738 735//735 562//562
f 562//562 735//735 911//911
f 734//734 562//562 645//645
f 734//734 645//645 563//563
f 734//734 563//563 738//738
f 740//740 565//565 644//644
f 736//736 740//740 644//644
f 490//490 737//737 563//563
f 563//563 737//737 738//738
f 647//647 739//739 490//490
f 490//490 739//739 737//737
f 650//650 565//565 740//740
f 651//651 652//652 648//648
f 650//650 741//741 649//649
f 741//741 650//650 742//742
f 568//568 743//743 652//652
f 655//655 653//653 568//568
f 568//568 653//653 743//743
f 830//830 654//654 744//744
f 655//655 745//745 653//653
f 830//830 656//656 654//654
f 571//571 745//745 655//655
f 747//747 746//746 571//571
f 746//746 745//745 571//571
f 830//830 919//919 656//656
f 658//658 747//747 571//571
f 748//748 657//657 656//656
f 748//748 656//656 919//919
f 752//752 749//749 658//658
f 749//749 747//747 658//658
f 748//748 750//750 657//657
f 751//751 752//752 658//658
f 834//834 659//659 831//831
f 834//834 927//927 659//659
f 662//662 833//833 751//751
f 662//662 754//754 836//836
f 753//753 659//659 927//927
f 755//755 838//838 663//663
f 753//753 755//755 663//663
f 667//667 754//754 664//664
f 667//667 837//837 754//754
f 838//838 666//666 504//504
f 667//667 839//839 837//837
f 668//668 840//840 667//667
f 840//840 839//839 667//667
f 583//583 756//756 761//761
f 756//756 666//666 757//757
f 757//757 666//666 838//838
f 757//757 838//838 843//843
f 840//840 668//668 760//760
f 669//669 761//761 759//759
f 758//758 760//760 668//668
f 669//669 759//759 671//671
f 847//847 759//759 761//761
f 762//762 853//853 579//579
f 579//579 853//853 758//758
f 671//671 850//850 763//763
f 671//671 759//759 847//847
f 852//852 849//849 758//758
f 852//852 758//758 853//853
f 672//672 586//586 763//763
f 938//938 762//762 672//672
f 767//767 764//764 771//771
f 770//770 769//769 767//767
f 770//770 767//767 766//766
f 674//674 770//770 675//675
f 675//675 770//770 766//766
f 675//675 766//766 673//673
f 673//673 766//766 767//767
f 673//673 767//767 771//771
f 772//772 768//768 769//769
f 769//769 770//770 674//674
f 677//677 673//673 771//771
f 773//773 768//768 772//772
f 772//772 769//769 678//678
f 678//678 769//769 674//674
f 771//771 676//676 677//677
f 771//771 774//774 676//676
f 678//678 773//773 772//772
f 776//776 773//773 678//678
f 774//774 685//685 676//676
f 774//774 775//775 685//685
f 683//683 776//776 678//678
f 775//775 682//682 685//685
f 683//683 777//777 776//776
f 682//682 775//775 780//780
f 780//780 775//775 778//778
f 780//780 689//689 682//682
f 779//779 781//781 777//777
f 688//688 779//779 683//683
f 683//683 779//779 777//777
f 780//780 686//686 689//689
f 688//688 781//781 779//779
f 686//686 780//780 782//782
f 783//783 781//781 688//688
f 694//694 784//784 688//688
f 688//688 784//784 783//783
f 689//689 782//782 691//691
f 691//691 782//782 785//785
f 693//693 783//783 694//694
f 694//694 783//783 784//784
f 692//692 691//691 787//787
f 693//693 786//786 783//783
f 696//696 788//788 693//693
f 692//692 882//882 606//606
f 882//882 698//698 606//606
f 882//882 789//789 697//697
f 882//882 697//697 698//698
f 792//792 788//788 696//696
f 789//789 790//790 697//697
f 699//699 792//792 696//696
f 790//790 791//791 701//701
f 790//790 701//701 697//697
f 791//791 702//702 701//701
f 791//791 789//789 702//702
f 795//795 699//699 700//700
f 795//795 792//792 699//699
f 789//789 794//794 702//702
f 789//789 793//793 794//794
f 703//703 887//887 700//700
f 700//700 887//887 795//795
f 794//794 796//796 705//705
f 796//796 794//794 797//797
f 708//708 887//887 703//703
f 705//705 796//796 707//707
f 708//708 800//800 887//887
f 796//796 798//798 707//707
f 799//799 887//887 801//801
f 801//801 800//800 717//717
f 801//801 887//887 800//800
f 717//717 800//800 708//708
f 802//802 617//617 798//798
f 713//713 801//801 717//717
f 803//803 717//717 708//708
f 711//711 803//803 708//708
f 617//617 802//802 712//712
f 717//717 803//803 721//721
f 803//803 711//711 715//715
f 974//974 714//714 712//712
f 802//802 974//974 712//712
f 721//721 803//803 715//715
f 974//974 892//892 714//714
f 719//719 713//713 716//716
f 722//722 805//805 719//719
f 976//976 722//722 724//724
f 725//725 808//808 726//726
f 899//899 808//808 809//809
f 899//899 726//726 808//808
f 810//810 896//896 633//633
f 727//727 901//901 811//811
f 900//900 637//637 902//902
f 901//901 812//812 811//811
f 637//637 728//728 902//902
f 639//639 814//814 728//728
f 814//814 642//642 815//815
f 816//816 642//642 817//817
f 907//907 730//730 729//729
f 729//729 905//905 907//907
f 731//731 817//817 642//642
f 819//819 818//818 732//732
f 730//730 907//907 909//909
f 820//820 819//819 732//732
f 733//733 820//820 732//732
f 909//909 989//989 991//991
f 909//909 991//991 736//736
f 821//821 736//736 991//991
f 910//910 562//562 911//911
f 738//738 737//737 735//735
f 821//821 740//740 736//736
f 647//647 737//737 739//739
f 823//823 650//650 740//740
f 823//823 740//740 822//822
f 824//824 994//994 648//648
f 994//994 647//647 648//648
f 825//825 650//650 823//823
f 652//652 826//826 648//648
f 648//648 826//826 824//824
f 825//825 914//914 650//650
f 743//743 826//826 652//652
f 827//827 742//742 650//650
f 650//650 914//914 915//915
f 650//650 915//915 827//827
f 828//828 826//826 743//743
f 827//827 916//916 744//744
f 827//827 744//744 742//742
f 653//653 829//829 743//743
f 743//743 829//829 828//828
f 745//745 829//829 653//653
f 916//916 830//830 744//744
f 746//746 829//829 745//745
f 747//747 829//829 746//746
f 748//748 1001//1001 831//831
f 749//749 832//832 833//833
f 752//752 832//832 749//749
f 831//831 750//750 748//748
f 833//833 832//832 752//752
f 752//752 751//751 833//833
f 662//662 835//835 833//833
f 836//836 835//835 662//662
f 927//927 834//834 925//925
f 925//925 834//834 924//924
f 927//927 755//755 753//753
f 836//836 754//754 837//837
f 838//838 755//755 1006//1006
f 838//838 1010//1010 843//843
f 1010//1010 838//838 931//931
f 931//931 838//838 1006//1006
f 760//760 841//841 840//840
f 757//757 845//845 756//756
f 840//840 841//841 844//844
f 758//758 841//841 760//760
f 845//845 847//847 761//761
f 845//845 761//761 756//756
f 849//849 841//841 758//758
f 849//849 846//846 841//841
f 763//763 850//850 855//855
f 671//671 847//847 850//850
f 847//847 845//845 935//935
f 762//762 938//938 853//853
f 763//763 938//938 672//672
f 763//763 855//855 938//938
f 854//854 850//850 847//847
f 854//854 847//847 851//851
f 856//856 855//855 850//850
f 862//862 857//857 858//858
f 861//861 857//857 767//767
f 861//861 860//860 857//857
f 767//767 857//857 764//764
f 764//764 857//857 862//862
f 859//859 860//860 765//765
f 765//765 860//860 769//769
f 769//769 860//860 861//861
f 769//769 861//861 767//767
f 764//764 862//862 771//771
f 771//771 862//862 858//858
f 858//858 867//867 771//771
f 867//867 946//946 863//863
f 868//868 864//864 859//859
f 865//865 868//868 859//859
f 865//865 859//859 769//769
f 769//769 859//859 765//765
f 867//867 863//863 866//866
f 768//768 868//868 769//769
f 769//769 868//868 865//865
f 867//867 774//774 771//771
f 955//955 867//867 866//866
f 869//869 868//868 768//768
f 867//867 955//955 774//774
f 871//871 868//868 869//869
f 773//773 869//869 768//768
f 871//871 869//869 773//773
f 955//955 775//775 774//774
f 955//955 870//870 775//775
f 775//775 870//870 872//872
f 776//776 873//873 773//773
f 773//773 873//873 871//871
f 778//778 775//775 872//872
f 777//777 873//873 776//776
f 875//875 873//873 777//777
f 778//778 874//874 876//876
f 877//877 875//875 777//777
f 781//781 877//877 777//777
f 778//778 876//876 780//780
f 783//783 877//877 781//781
f 780//780 876//876 782//782
f 878//878 782//782 876//876
f 879//879 877//877 783//783
f 878//878 785//785 782//782
f 785//785 878//878 691//691
f 878//878 961//961 691//691
f 786//786 879//879 783//783
f 961//961 787//787 691//691
f 961//961 880//880 692//692
f 961//961 692//692 787//787
f 786//786 693//693 879//879
f 882//882 692//692 880//880
f 881//881 879//879 883//883
f 788//788 879//879 693//693
f 883//883 879//879 788//788
f 789//789 882//882 964//964
f 884//884 789//789 965//965
f 792//792 885//885 788//788
f 790//790 789//789 791//791
f 793//793 789//789 884//884
f 884//884 886//886 793//793
f 795//795 885//885 792//792
f 793//793 968//968 794//794
f 968//968 797//797 794//794
f 968//968 888//888 796//796
f 968//968 796//796 797//797
f 888//888 798//798 796//796
f 799//799 889//889 887//887
f 1052//1052 890//890 798//798
f 890//890 802//802 798//798
f 713//713 799//799 801//801
f 974//974 802//802 891//891
f 713//713 972//972 799//799
f 719//719 972//972 713//713
f 805//805 972//972 719//719
f 894//894 804//804 892//892
f 894//894 806//806 804//804
f 805//805 722//722 893//893
f 893//893 722//722 976//976
f 895//895 806//806 894//894
f 895//895 725//725 806//806
f 895//895 1053//1053 725//725
f 978//978 976//976 724//724
f 1053//1053 808//808 725//725
f 724//724 807//807 978//978
f 978//978 807//807 896//896
f 980//980 896//896 810//810
f 898//898 980//980 810//810
f 897//897 809//809 808//808
f 899//899 809//809 897//897
f 981//981 899//899 897//897
f 635//635 898//898 810//810
f 727//727 899//899 982//982
f 982//982 983//983 727//727
f 901//901 727//727 983//983
f 900//900 635//635 637//637
f 901//901 1136//1136 812//812
f 985//985 812//812 1136//1136
f 728//728 903//903 902//902
f 985//985 813//813 812//812
f 986//986 728//728 814//814
f 1139//1139 904//904 813//813
f 1140//1140 729//729 904//904
f 815//815 986//986 814//814
f 1140//1140 905//905 729//729
f 906//906 815//815 642//642
f 816//816 906//906 642//642
f 731//731 816//816 817//817
f 908//908 987//987 731//731
f 818//818 908//908 731//731
f 819//819 908//908 818//818
f 820//820 908//908 819//819
f 909//909 907//907 988//988
f 733//733 990//990 820//820
f 562//562 990//990 733//733
f 562//562 910//910 990//990
f 993//993 821//821 991//991
f 735//735 737//737 911//911
f 993//993 740//740 821//821
f 740//740 993//993 913//913
f 740//740 913//913 822//822
f 647//647 1065//1065 912//912
f 737//737 647//647 912//912
f 647//647 994//994 1065//1065
f 914//914 825//825 822//822
f 822//822 825//825 823//823
f 824//824 828//828 996//996
f 826//826 828//828 824//824
f 915//915 914//914 1069//1069
f 915//915 1070//1070 827//827
f 828//828 829//829 996//996
f 1070//1070 916//916 827//827
f 917//917 997//997 829//829
f 916//916 998//998 830//830
f 747//747 917//917 829//829
f 998//998 919//919 830//830
f 918//918 917//917 747//747
f 749//749 918//918 747//747
f 1000//1000 748//748 919//919
f 920//920 1074//1074 749//749
f 1074//1074 918//918 749//749
f 1000//1000 1001//1001 748//748
f 833//833 920//920 749//749
f 921//921 920//920 833//833
f 1001//1001 922//922 831//831
f 923//923 921//921 833//833
f 835//835 923//923 833//833
f 1003//1003 834//834 831//831
f 1003//1003 831//831 922//922
f 835//835 921//921 923//923
f 834//834 1003//1003 924//924
f 836//836 921//921 835//835
f 926//926 928//928 836//836
f 1080//1080 927//927 925//925
f 928//928 926//926 837//837
f 926//926 836//836 837//837
f 1006//1006 755//755 927//927
f 929//929 1006//1006 927//927
f 929//929 927//927 1080//1080
f 839//839 930//930 837//837
f 930//930 928//928 837//837
f 840//840 930//930 839//839
f 932//932 1010//1010 931//931
f 930//930 844//844 933//933
f 934//934 930//930 840//840
f 934//934 844//844 930//930
f 843//843 842//842 757//757
f 842//842 843//843 1010//1010
f 844//844 934//934 840//840
f 757//757 842//842 845//845
f 845//845 842//842 848//848
f 844//844 841//841 846//846
f 845//845 848//848 935//935
f 937//937 846//846 849//849
f 847//847 935//935 851//851
f 936//936 848//848 842//842
f 853//853 937//937 852//852
f 937//937 849//849 852//852
f 851//851 939//939 854//854
f 851//851 935//935 939//939
f 855//855 856//856 1020//1020
f 854//854 856//856 850//850
f 944//944 940//940 945//945
f 943//943 948//948 942//942
f 860//860 940//940 944//944
f 860//860 944//944 857//857
f 857//857 944//944 945//945
f 857//857 945//945 858//858
f 945//945 867//867 858//858
f 867//867 945//945 946//946
f 949//949 943//943 860//860
f 949//949 948//948 943//943
f 860//860 943//943 940//940
f 946//946 947//947 950//950
f 859//859 949//949 860//860
f 948//948 949//949 859//859
f 950//950 863//863 946//946
f 951//951 948//948 953//953
f 864//864 948//948 859//859
f 950//950 866//866 863//863
f 950//950 955//955 866//866
f 950//950 952//952 955//955
f 864//864 868//868 948//948
f 953//953 948//948 954//954
f 954//954 948//948 868//868
f 870//870 956//956 872//872
f 873//873 957//957 871//871
f 871//871 957//957 868//868
f 956//956 778//778 872//872
f 875//875 957//957 873//873
f 956//956 874//874 778//778
f 956//956 1039//1039 874//874
f 875//875 958//958 957//957
f 874//874 1039//1039 876//876
f 877//877 959//959 875//875
f 875//875 959//959 958//958
f 877//877 1043//1043 959//959
f 876//876 1188//1188 960//960
f 961//961 876//876 960//960
f 877//877 879//879 1043//1043
f 961//961 878//878 876//876
f 881//881 962//962 879//879
f 879//879 962//962 1043//1043
f 961//961 1119//1119 880//880
f 880//880 1119//1119 882//882
f 1119//1119 1120//1120 882//882
f 1120//1120 964//964 882//882
f 883//883 963//963 881//881
f 964//964 1048//1048 789//789
f 1048//1048 965//965 789//789
f 969//969 883//883 788//788
f 969//969 963//963 883//883
f 885//885 966//966 788//788
f 788//788 966//966 969//969
f 965//965 886//886 884//884
f 965//965 967//967 886//886
f 968//968 967//967 965//965
f 795//795 966//966 885//885
f 967//967 793//793 886//886
f 967//967 968//968 793//793
f 887//887 969//969 966//966
f 887//887 966//966 795//795
f 968//968 798//798 888//888
f 970//970 798//798 968//968
f 889//889 971//971 887//887
f 887//887 971//971 969//969
f 1052//1052 798//798 1051//1051
f 799//799 972//972 889//889
f 1052//1052 802//802 890//890
f 1052//1052 1128//1128 802//802
f 802//802 1128//1128 891//891
f 1128//1128 974//974 891//891
f 805//805 973//973 972//972
f 974//974 975//975 892//892
f 893//893 973//973 805//805
f 975//975 894//894 892//892
f 895//895 894//894 975//975
f 978//978 977//977 976//976
f 1053//1053 1054//1054 808//808
f 979//979 978//978 896//896
f 980//980 979//979 896//896
f 981//981 982//982 899//899
f 984//984 1136//1136 901//901
f 1139//1139 813//813 985//985
f 728//728 1207//1207 903//903
f 1140//1140 904//904 1139//1139
f 1142//1142 905//905 1140//1140
f 987//987 816//816 731//731
f 988//988 907//907 905//905
f 987//987 908//908 1061//1061
f 820//820 1061//1061 908//908
f 909//909 988//988 989//989
f 992//992 910//910 911//911
f 737//737 992//992 911//911
f 737//737 912//912 992//992
f 1151//1151 913//913 993//993
f 1151//1151 1068//1068 822//822
f 913//913 1151//1151 822//822
f 1066//1066 1065//1065 994//994
f 1069//1069 822//822 1068//1068
f 1069//1069 914//914 822//822
f 824//824 995//995 994//994
f 1153//1153 1070//1070 915//915
f 996//996 829//829 1071//1071
f 829//829 997//997 1071//1071
f 998//998 916//916 1070//1070
f 918//918 997//997 917//917
f 999//999 997//997 918//918
f 998//998 1073//1073 919//919
f 1222//1222 1073//1073 998//998
f 1073//1073 1000//1000 919//919
f 921//921 1074//1074 920//920
f 1077//1077 1074//1074 921//921
f 922//922 1001//1001 1000//1000
f 1002//1002 1079//1079 921//921
f 1004//1004 1002//1002 836//836
f 1002//1002 921//921 836//836
f 1003//1003 925//925 924//924
f 928//928 1005//1005 836//836
f 1005//1005 1004//1004 836//836
f 1003//1003 1080//1080 925//925
f 1080//1080 1006//1006 929//929
f 1080//1080 1007//1007 1006//1006
f 1005//1005 1008//1008 1082//1082
f 930//930 1008//1008 928//928
f 928//928 1008//1008 1005//1005
f 1011//1011 1008//1008 930//930
f 931//931 1006//1006 932//932
f 1006//1006 1010//1010 932//932
f 1006//1006 1086//1086 1010//1010
f 1006//1006 1009//1009 1086//1086
f 1011//1011 930//930 933//933
f 844//844 1011//1011 933//933
f 1010//1010 1013//1013 842//842
f 844//844 1014//1014 1011//1011
f 1013//1013 1012//1012 842//842
f 937//937 1014//1014 844//844
f 846//846 937//937 844//844
f 1012//1012 1018//1018 842//842
f 936//936 1017//1017 848//848
f 848//848 1017//1017 1016//1016
f 1017//1017 936//936 842//842
f 1018//1018 1017//1017 842//842
f 1019//1019 1015//1015 937//937
f 853//853 1019//1019 937//937
f 848//848 1016//1016 935//935
f 935//935 1016//1016 1021//1021
f 1093//1093 1019//1019 853//853
f 938//938 1093//1093 853//853
f 854//854 939//939 856//856
f 1021//1021 939//939 935//935
f 1093//1093 938//938 1095//1095
f 855//855 1095//1095 938//938
f 855//855 1020//1020 1095//1095
f 1020//1020 856//856 1096//1096
f 941//941 1022//1022 1024//1024
f 1026//1026 1025//1025 1023//1023
f 1026//1026 1023//1023 943//943
f 943//943 1023//1023 940//940
f 940//940 1023//1023 941//941
f 940//940 941//941 945//945
f 941//941 1024//1024 945//945
f 1024//1024 946//946 945//945
f 946//946 1024//1024 1027//1027
f 1028//1028 1025//1025 942//942
f 942//942 1025//1025 943//943
f 943//943 1025//1025 1026//1026
f 946//946 1027//1027 947//947
f 1029//1029 1028//1028 948//948
f 948//948 1028//1028 942//942
f 1027//1027 950//950 947//947
f 1029//1029 1031//1031 1107//1107
f 951//951 1031//1031 948//948
f 948//948 1031//1031 1029//1029
f 1027//1027 1030//1030 950//950
f 950//950 1030//1030 952//952
f 953//953 1034//1034 1031//1031
f 951//951 953//953 1031//1031
f 1030//1030 1032//1032 952//952
f 870//870 955//955 1032//1032
f 1032//1032 955//955 952//952
f 870//870 1032//1032 1033//1033
f 953//953 954//954 1034//1034
f 1113//1113 956//956 870//870
f 1033//1033 1113//1113 870//870
f 868//868 1035//1035 954//954
f 954//954 1035//1035 1034//1034
f 957//957 1036//1036 868//868
f 868//868 1036//1036 1035//1035
f 1113//1113 1037//1037 956//956
f 1037//1037 1039//1039 956//956
f 957//957 1038//1038 1036//1036
f 1039//1039 1040//1040 876//876
f 1039//1039 1041//1041 1040//1040
f 1041//1041 1188//1188 876//876
f 1040//1040 1041//1041 876//876
f 959//959 957//957 958//958
f 1042//1042 957//957 1117//1117
f 1043//1043 957//957 959//959
f 1188//1188 1044//1044 961//961
f 1188//1188 961//961 960//960
f 1043//1043 1117//1117 957//957
f 1044//1044 1116//1116 961//961
f 1116//1116 1045//1045 961//961
f 962//962 1047//1047 1043//1043
f 1045//1045 1119//1119 961//961
f 1046//1046 1120//1120 1119//1119
f 881//881 1191//1191 962//962
f 962//962 1191//1191 1047//1047
f 1048//1048 964//964 1120//1120
f 963//963 1191//1191 881//881
f 1048//1048 1049//1049 965//965
f 969//969 1123//1123 963//963
f 1049//1049 1122//1122 965//965
f 1122//1122 968//968 965//965
f 1122//1122 1195//1195 968//968
f 1050//1050 970//970 968//968
f 1195//1195 1050//1050 968//968
f 969//969 971//971 1126//1126
f 1051//1051 798//798 1050//1050
f 1050//1050 798//798 970//970
f 1050//1050 1052//1052 1051//1051
f 1197//1197 1128//1128 1052//1052
f 973//973 889//889 972//972
f 1130//1130 889//889 973//973
f 1268//1268 974//974 1128//1128
f 1130//1130 973//973 893//893
f 975//975 974//974 1268//1268
f 976//976 1130//1130 893//893
f 1130//1130 977//977 1056//1056
f 1130//1130 976//976 977//977
f 1053//1053 895//895 975//975
f 975//975 1054//1054 1053//1053
f 1056//1056 977//977 978//978
f 808//808 1054//1054 1055//1055
f 979//979 1056//1056 978//978
f 1055//1055 897//897 808//808
f 980//980 1056//1056 979//979
f 1055//1055 981//981 897//897
f 898//898 1201//1201 980//980
f 982//982 981//981 1204//1204
f 635//635 1134//1134 898//898
f 1135//1135 983//983 982//982
f 635//635 900//900 1057//1057
f 984//984 901//901 983//983
f 900//900 1058//1058 1057//1057
f 900//900 903//903 1058//1058
f 902//902 903//903 900//900
f 985//985 1136//1136 1138//1138
f 985//985 1138//1138 1139//1139
f 728//728 1059//1059 1207//1207
f 986//986 1059//1059 728//728
f 986//986 815//815 1143//1143
f 1140//1140 1141//1141 1142//1142
f 906//906 1143//1143 815//815
f 1209//1209 1143//1143 906//906
f 1209//1209 906//906 816//816
f 820//820 1062//1062 1061//1061
f 988//988 1144//1144 1146//1146
f 1147//1147 1062//1062 820//820
f 1147//1147 820//820 990//990
f 1063//1063 989//989 988//988
f 1063//1063 988//988 1146//1146
f 1063//1063 991//991 989//989
f 990//990 910//910 1064//1064
f 992//992 1064//1064 910//910
f 991//991 1151//1151 993//993
f 1065//1065 1214//1214 912//912
f 1149//1149 992//992 912//912
f 1066//1066 1067//1067 1065//1065
f 994//994 995//995 1066//1066
f 1069//1069 1068//1068 1151//1151
f 995//995 824//824 996//996
f 1153//1153 915//915 1069//1069
f 1152//1152 1153//1153 1069//1069
f 996//996 1071//1071 1154//1154
f 1070//1070 1153//1153 1287//1287
f 1070//1070 1220//1220 998//998
f 1071//1071 997//997 1072//1072
f 997//997 999//999 1072//1072
f 999//999 918//918 1072//1072
f 918//918 1074//1074 1072//1072
f 1075//1075 1073//1073 1222//1222
f 1073//1073 1156//1156 1000//1000
f 1075//1075 1156//1156 1073//1073
f 1074//1074 1077//1077 1076//1076
f 1156//1156 922//922 1000//1000
f 1077//1077 921//921 1076//1076
f 921//921 1079//1079 1076//1076
f 1158//1158 1003//1003 922//922
f 1078//1078 1158//1158 922//922
f 1004//1004 1079//1079 1002//1002
f 1160//1160 1003//1003 1158//1158
f 1005//1005 1079//1079 1004//1004
f 1160//1160 1080//1080 1003//1003
f 1082//1082 1079//1079 1005//1005
f 1081//1081 1007//1007 1080//1080
f 1081//1081 1080//1080 1160//1160
f 1081//1081 1084//1084 1006//1006
f 1007//1007 1081//1081 1006//1006
f 1083//1083 1082//1082 1011//1011
f 1082//1082 1008//1008 1011//1011
f 1084//1084 1009//1009 1006//1006
f 1085//1085 1087//1087 1011//1011
f 1087//1087 1083//1083 1011//1011
f 1084//1084 1086//1086 1009//1009
f 1087//1087 1085//1085 1014//1014
f 1085//1085 1011//1011 1014//1014
f 1010//1010 1088//1088 1013//1013
f 1088//1088 1010//1010 1086//1086
f 1013//1013 1088//1088 1298//1298
f 1090//1090 1164//1164 937//937
f 1164//1164 1014//1014 937//937
f 1015//1015 1090//1090 937//937
f 1089//1089 1018//1018 1012//1012
f 1013//1013 1089//1089 1012//1012
f 1090//1090 1015//1015 1019//1019
f 1017//1017 1091//1091 1016//1016
f 1018//1018 1091//1091 1017//1017
f 1018//1018 1089//1089 1166//1166
f 1092//1092 1236//1236 1019//1019
f 1093//1093 1092//1092 1019//1019
f 1091//1091 1021//1021 1016//1016
f 856//856 939//939 1096//1096
f 1169//1169 1094//1094 1093//1093
f 1095//1095 1169//1169 1093//1093
f 1171//1171 1095//1095 1020//1020
f 939//939 1021//1021 1170//1170
f 1101//1101 1097//1097 1023//1023
f 1023//1023 1097//1097 941//941
f 941//941 1097//1097 1098//1098
f 941//941 1098//1098 1022//1022
f 1098//1098 1099//1099 1022//1022
f 1103//1103 1099//1099 1102//1102
f 1024//1024 1099//1099 1103//1103
f 1101//1101 1104//1104 1100//1100
f 1104//1104 1101//1101 1025//1025
f 1025//1025 1101//1101 1023//1023
f 1022//1022 1099//1099 1024//1024
f 1103//1103 1105//1105 1024//1024
f 1028//1028 1104//1104 1025//1025
f 1028//1028 1106//1106 1104//1104
f 1105//1105 1027//1027 1024//1024
f 1105//1105 1103//1103 1108//1108
f 1029//1029 1107//1107 1106//1106
f 1029//1029 1106//1106 1028//1028
f 1105//1105 1030//1030 1027//1027
f 1105//1105 1109//1109 1030//1030
f 1105//1105 1108//1108 1109//1109
f 1109//1109 1032//1032 1030//1030
f 1031//1031 1110//1110 1107//1107
f 1111//1111 1032//1032 1109//1109
f 1034//1034 1112//1112 1110//1110
f 1034//1034 1110//1110 1031//1031
f 1111//1111 1252//1252 1032//1032
f 1252//1252 1033//1033 1032//1032
f 1034//1034 1254//1254 1112//1112
f 1252//1252 1113//1113 1033//1033
f 1252//1252 1114//1114 1113//1113
f 1035//1035 1254//1254 1034//1034
f 1035//1035 1036//1036 1254//1254
f 1115//1115 1113//1113 1114//1114
f 1186//1186 1254//1254 1036//1036
f 1115//1115 1037//1037 1113//1113
f 1038//1038 1333//1333 1036//1036
f 1036//1036 1333//1333 1186//1186
f 1115//1115 1039//1039 1037//1037
f 1115//1115 1041//1041 1039//1039
f 1042//1042 1038//1038 957//957
f 1258//1258 1188//1188 1041//1041
f 1116//1116 1044//1044 1188//1188
f 1043//1043 1118//1118 1117//1117
f 1119//1119 1045//1045 1116//1116
f 1189//1189 1119//1119 1116//1116
f 1047//1047 1118//1118 1043//1043
f 1190//1190 1046//1046 1119//1119
f 1190//1190 1120//1120 1046//1046
f 1190//1190 1262//1262 1120//1120
f 1120//1120 1262//1262 1048//1048
f 1192//1192 1049//1049 1048//1048
f 1121//1121 1192//1192 1048//1048
f 1262//1262 1121//1121 1048//1048
f 1123//1123 1191//1191 963//963
f 1192//1192 1122//1122 1049//1049
f 969//969 1124//1124 1123//1123
f 1265//1265 1125//1125 1122//1122
f 1126//1126 1124//1124 969//969
f 1125//1125 1195//1195 1122//1122
f 971//971 1196//1196 1126//1126
f 1350//1350 1052//1052 1050//1050
f 1127//1127 1196//1196 971//971
f 1197//1197 1052//1052 1350//1350
f 1127//1127 971//971 889//889
f 1130//1130 1129//1129 889//889
f 889//889 1129//1129 1127//1127
f 1198//1198 1268//1268 1128//1128
f 1268//1268 1054//1054 975//975
f 1132//1132 1131//1131 1056//1056
f 1056//1056 1131//1131 1130//1130
f 1055//1055 1054//1054 1270//1270
f 1056//1056 980//980 1201//1201
f 1204//1204 981//981 1055//1055
f 1055//1055 1202//1202 1204//1204
f 1135//1135 982//982 1204//1204
f 635//635 1058//1058 1134//1134
f 1135//1135 1205//1205 1206//1206
f 1135//1135 1206//1206 983//983
f 635//635 1057//1057 1058//1058
f 984//984 1272//1272 1136//1136
f 1272//1272 1138//1138 1136//1136
f 1273//1273 1139//1139 1138//1138
f 1139//1139 1273//1273 1140//1140
f 1143//1143 1059//1059 986//986
f 1144//1144 905//905 1142//1142
f 1060//1060 816//816 987//987
f 1060//1060 1209//1209 816//816
f 1144//1144 988//988 905//905
f 1145//1145 1060//1060 987//987
f 987//987 1061//1061 1145//1145
f 1366//1366 1146//1146 1144//1144
f 1146//1146 991//991 1063//1063
f 1146//1146 1148//1148 991//991
f 1149//1149 1147//1147 1064//1064
f 1064//1064 1147//1147 990//990
f 991//991 1148//1148 1212//1212
f 1149//1149 1064//1064 992//992
f 1212//1212 1151//1151 991//991
f 912//912 1214//1214 1149//1149
f 1372//1372 1151//1151 1212//1212
f 1065//1065 1067//1067 1214//1214
f 1214//1214 1067//1067 1066//1066
f 1216//1216 1066//1066 995//995
f 1151//1151 1152//1152 1069//1069
f 996//996 1216//1216 995//995
f 1152//1152 1217//1217 1153//1153
f 1216//1216 996//996 1154//1154
f 1155//1155 1070//1070 1287//1287
f 1155//1155 1220//1220 1070//1070
f 1071//1071 1072//1072 1221//1221
f 1220//1220 1222//1222 998//998
f 1074//1074 1221//1221 1072//1072
f 1076//1076 1221//1221 1074//1074
f 1156//1156 1075//1075 1222//1222
f 1224//1224 922//922 1156//1156
f 1079//1079 1157//1157 1076//1076
f 1224//1224 1078//1078 922//922
f 1224//1224 1158//1158 1078//1078
f 1159//1159 1157//1157 1079//1079
f 1082//1082 1159//1159 1079//1079
f 1290//1290 1160//1160 1158//1158
f 1161//1161 1292//1292 1082//1082
f 1292//1292 1159//1159 1082//1082
f 1083//1083 1161//1161 1082//1082
f 1087//1087 1161//1161 1083//1083
f 1162//1162 1084//1084 1081//1081
f 1296//1296 1162//1162 1081//1081
f 1163//1163 1161//1161 1087//1087
f 1231//1231 1086//1086 1084//1084
f 1162//1162 1231//1231 1084//1084
f 1014//1014 1163//1163 1087//1087
f 1298//1298 1088//1088 1086//1086
f 1231//1231 1298//1298 1086//1086
f 1164//1164 1163//1163 1014//1014
f 1299//1299 1013//1013 1233//1233
f 1013//1013 1298//1298 1233//1233
f 1299//1299 1089//1089 1013//1013
f 1167//1167 1164//1164 1090//1090
f 1167//1167 1090//1090 1019//1019
f 1165//1165 1091//1091 1018//1018
f 1018//1018 1166//1166 1165//1165
f 1167//1167 1019//1019 1236//1236
f 1304//1304 1021//1021 1091//1091
f 1236//1236 1093//1093 1237//1237
f 1236//1236 1092//1092 1093//1093
f 1094//1094 1237//1237 1093//1093
f 1021//1021 1168//1168 1170//1170
f 1304//1304 1168//1168 1021//1021
f 1169//1169 1237//1237 1094//1094
f 1095//1095 1238//1238 1169//1169
f 1020//1020 1096//1096 1171//1171
f 939//939 1172//1172 1096//1096
f 939//939 1170//1170 1240//1240
f 1171//1171 1238//1238 1095//1095
f 1172//1172 939//939 1240//1240
f 1097//1097 1173//1173 1098//1098
f 1098//1098 1173//1173 1174//1174
f 1098//1098 1174//1174 1099//1099
f 1099//1099 1174//1174 1176//1176
f 1100//1100 1175//1175 1101//1101
f 1101//1101 1175//1175 1097//1097
f 1176//1176 1102//1102 1099//1099
f 1102//1102 1176//1176 1103//1103
f 1176//1176 1245//1245 1103//1103
f 1104//1104 1177//1177 1175//1175
f 1104//1104 1175//1175 1100//1100
f 1245//1245 1179//1179 1103//1103
f 1179//1179 1245//1245 1178//1178
f 1104//1104 1106//1106 1177//1177
f 1179//1179 1108//1108 1103//1103
f 1179//1179 1180//1180 1108//1108
f 1180//1180 1179//1179 1326//1326
f 1107//1107 1181//1181 1106//1106
f 1110//1110 1181//1181 1107//1107
f 1180//1180 1109//1109 1108//1108
f 1326//1326 1182//1182 1109//1109
f 1180//1180 1326//1326 1109//1109
f 1182//1182 1250//1250 1109//1109
f 1110//1110 1112//1112 1181//1181
f 1250//1250 1111//1111 1109//1109
f 1250//1250 1252//1252 1111//1111
f 1254//1254 1183//1183 1112//1112
f 1254//1254 1184//1184 1183//1183
f 1185//1185 1115//1115 1114//1114
f 1256//1256 1115//1115 1185//1185
f 1187//1187 1041//1041 1115//1115
f 1256//1256 1187//1187 1115//1115
f 1187//1187 1258//1258 1041//1041
f 1336//1336 1038//1038 1042//1042
f 1336//1336 1042//1042 1117//1117
f 1258//1258 1189//1189 1116//1116
f 1188//1188 1258//1258 1116//1116
f 1118//1118 1260//1260 1117//1117
f 1189//1189 1190//1190 1119//1119
f 1047//1047 1191//1191 1118//1118
f 1192//1192 1121//1121 1262//1262
f 1123//1123 1193//1193 1191//1191
f 1194//1194 1122//1122 1192//1192
f 1265//1265 1122//1122 1194//1194
f 1193//1193 1123//1123 1124//1124
f 1266//1266 1350//1350 1050//1050
f 1195//1195 1266//1266 1050//1050
f 1196//1196 1124//1124 1126//1126
f 1129//1129 1196//1196 1127//1127
f 1198//1198 1128//1128 1197//1197
f 1267//1267 1198//1198 1197//1197
f 1199//1199 1054//1054 1268//1268
f 1130//1130 1200//1200 1129//1129
f 1132//1132 1200//1200 1131//1131
f 1131//1131 1200//1200 1130//1130
f 1054//1054 1354//1354 1498//1498
f 1054//1054 1498//1498 1270//1270
f 1202//1202 1055//1055 1270//1270
f 1133//1133 1132//1132 1056//1056
f 1201//1201 1133//1133 1056//1056
f 898//898 1203//1203 1201//1201
f 898//898 1134//1134 1203//1203
f 1204//1204 1205//1205 1135//1135
f 1206//1206 1272//1272 983//983
f 1272//1272 984//984 983//983
f 903//903 1360//1360 1058//1058
f 903//903 1362//1362 1360//1360
f 1137//1137 1362//1362 903//903
f 1273//1273 1138//1138 1272//1272
f 1272//1272 1361//1361 1273//1273
f 1276//1276 1140//1140 1273//1273
f 1207//1207 1059//1059 1208//1208
f 1059//1059 1143//1143 1208//1208
f 1276//1276 1141//1141 1140//1140
f 1210//1210 1278//1278 1209//1209
f 1145//1145 1209//1209 1060//1060
f 1145//1145 1210//1210 1209//1209
f 1142//1142 1363//1363 1144//1144
f 1061//1061 1211//1211 1145//1145
f 1363//1363 1366//1366 1144//1144
f 1211//1211 1061//1061 1062//1062
f 1211//1211 1062//1062 1280//1280
f 1212//1212 1146//1146 1369//1369
f 1212//1212 1148//1148 1146//1146
f 1149//1149 1062//1062 1147//1147
f 1213//1213 1149//1149 1214//1214
f 1442//1442 1214//1214 1371//1371
f 1283//1283 1372//1372 1212//1212
f 1215//1215 1374//1374 1066//1066
f 1066//1066 1374//1374 1150//1150
f 1066//1066 1150//1150 1371//1371
f 1066//1066 1371//1371 1214//1214
f 1372//1372 1284//1284 1151//1151
f 1066//1066 1216//1216 1215//1215
f 1284//1284 1152//1152 1151//1151
f 1377//1377 1152//1152 1284//1284
f 1154//1154 1285//1285 1216//1216
f 1217//1217 1152//1152 1377//1377
f 1217//1217 1218//1218 1153//1153
f 1218//1218 1287//1287 1153//1153
f 1154//1154 1071//1071 1219//1219
f 1071//1071 1378//1378 1219//1219
f 1287//1287 1220//1220 1155//1155
f 1222//1222 1380//1380 1223//1223
f 1221//1221 1382//1382 1288//1288
f 1289//1289 1156//1156 1222//1222
f 1223//1223 1289//1289 1222//1222
f 1382//1382 1221//1221 1225//1225
f 1289//1289 1224//1224 1156//1156
f 1221//1221 1076//1076 1225//1225
f 1076//1076 1157//1157 1225//1225
f 1383//1383 1224//1224 1289//1289
f 1383//1383 1226//1226 1224//1224
f 1290//1290 1224//1224 1226//1226
f 1290//1290 1158//1158 1224//1224
f 1157//1157 1159//1159 1292//1292
f 1228//1228 1081//1081 1160//1160
f 1227//1227 1228//1228 1160//1160
f 1290//1290 1227//1227 1160//1160
f 1295//1295 1455//1455 1161//1161
f 1455//1455 1292//1292 1161//1161
f 1229//1229 1295//1295 1161//1161
f 1163//1163 1229//1229 1161//1161
f 1296//1296 1081//1081 1228//1228
f 1295//1295 1229//1229 1163//1163
f 1296//1296 1231//1231 1162//1162
f 1230//1230 1295//1295 1163//1163
f 1232//1232 1230//1230 1163//1163
f 1234//1234 1232//1232 1164//1164
f 1232//1232 1163//1163 1164//1164
f 1234//1234 1164//1164 1167//1167
f 1393//1393 1166//1166 1089//1089
f 1299//1299 1393//1393 1089//1089
f 1393//1393 1165//1165 1166//1166
f 1236//1236 1235//1235 1167//1167
f 1170//1170 1168//1168 1304//1304
f 1306//1306 1170//1170 1304//1304
f 1238//1238 1237//1237 1169//1169
f 1096//1096 1172//1172 1171//1171
f 1172//1172 1240//1240 1239//1239
f 1240//1240 1170//1170 1306//1306
f 1308//1308 1238//1238 1171//1171
f 1308//1308 1171//1171 1309//1309
f 1309//1309 1171//1171 1172//1172
f 1311//1311 1174//1174 1241//1241
f 1242//1242 1176//1176 1174//1174
f 1175//1175 1243//1243 1173//1173
f 1175//1175 1173//1173 1097//1097
f 1173//1173 1241//1241 1174//1174
f 1176//1176 1244//1244 1317//1317
f 1314//1314 1244//1244 1176//1176
f 1317//1317 1245//1245 1176//1176
f 1245//1245 1317//1317 1320//1320
f 1175//1175 1246//1246 1243//1243
f 1320//1320 1247//1247 1245//1245
f 1177//1177 1246//1246 1175//1175
f 1247//1247 1178//1178 1245//1245
f 1247//1247 1179//1179 1178//1178
f 1106//1106 1322//1322 1177//1177
f 1247//1247 1325//1325 1179//1179
f 1181//1181 1322//1322 1106//1106
f 1248//1248 1326//1326 1179//1179
f 1325//1325 1248//1248 1179//1179
f 1181//1181 1249//1249 1322//1322
f 1251//1251 1249//1249 1181//1181
f 1251//1251 1181//1181 1112//1112
f 1326//1326 1250//1250 1182//1182
f 1326//1326 1329//1329 1250//1250
f 1183//1183 1251//1251 1112//1112
f 1183//1183 1331//1331 1251//1251
f 1329//1329 1252//1252 1250//1250
f 1329//1329 1330//1330 1252//1252
f 1184//1184 1331//1331 1183//1183
f 1330//1330 1253//1253 1252//1252
f 1254//1254 1331//1331 1184//1184
f 1253//1253 1114//1114 1252//1252
f 1255//1255 1185//1185 1114//1114
f 1253//1253 1255//1255 1114//1114
f 1186//1186 1332//1332 1254//1254
f 1333//1333 1332//1332 1186//1186
f 1335//1335 1187//1187 1256//1256
f 1038//1038 1257//1257 1333//1333
f 1187//1187 1335//1335 1414//1414
f 1038//1038 1336//1336 1257//1257
f 1337//1337 1258//1258 1187//1187
f 1414//1414 1337//1337 1187//1187
f 1337//1337 1189//1189 1258//1258
f 1117//1117 1260//1260 1336//1336
f 1190//1190 1189//1189 1259//1259
f 1118//1118 1261//1261 1260//1260
f 1262//1262 1190//1190 1340//1340
f 1191//1191 1261//1261 1118//1118
f 1342//1342 1191//1191 1263//1263
f 1343//1343 1264//1264 1192//1192
f 1262//1262 1343//1343 1192//1192
f 1193//1193 1263//1263 1191//1191
f 1194//1194 1192//1192 1264//1264
f 1347//1347 1344//1344 1193//1193
f 1345//1345 1195//1195 1125//1125
f 1265//1265 1345//1345 1125//1125
f 1124//1124 1347//1347 1193//1193
f 1345//1345 1266//1266 1195//1195
f 1345//1345 1350//1350 1266//1266
f 1196//1196 1348//1348 1124//1124
f 1197//1197 1350//1350 1267//1267
f 1352//1352 1348//1348 1129//1129
f 1129//1129 1348//1348 1196//1196
f 1198//1198 1267//1267 1268//1268
f 1352//1352 1129//1129 1269//1269
f 1353//1353 1199//1199 1268//1268
f 1269//1269 1129//1129 1200//1200
f 1054//1054 1199//1199 1353//1353
f 1500//1500 1132//1132 1133//1133
f 1498//1498 1202//1202 1270//1270
f 1499//1499 1202//1202 1498//1498
f 1203//1203 1356//1356 1201//1201
f 1205//1205 1204//1204 1357//1357
f 1357//1357 1204//1204 1202//1202
f 1134//1134 1271//1271 1203//1203
f 1205//1205 1359//1359 1206//1206
f 1137//1137 903//903 1274//1274
f 1207//1207 1274//1274 903//903
f 1207//1207 1275//1275 1274//1274
f 1208//1208 1275//1275 1207//1207
f 1209//1209 1208//1208 1143//1143
f 1277//1277 1208//1208 1209//1209
f 1363//1363 1142//1142 1141//1141
f 1363//1363 1141//1141 1579//1579
f 1278//1278 1277//1277 1209//1209
f 1278//1278 1210//1210 1145//1145
f 1279//1279 1145//1145 1211//1211
f 1280//1280 1279//1279 1211//1211
f 1280//1280 1062//1062 1281//1281
f 1369//1369 1282//1282 1212//1212
f 1062//1062 1149//1149 1213//1213
f 1213//1213 1442//1442 1062//1062
f 1283//1283 1212//1212 1282//1282
f 1214//1214 1442//1442 1213//1213
f 1372//1372 1513//1513 1284//1284
f 1216//1216 1374//1374 1215//1215
f 1376//1376 1377//1377 1284//1284
f 1286//1286 1445//1445 1285//1285
f 1285//1285 1154//1154 1286//1286
f 1218//1218 1217//1217 1377//1377
f 1219//1219 1286//1286 1154//1154
f 1218//1218 1379//1379 1287//1287
f 1379//1379 1220//1220 1287//1287
f 1071//1071 1288//1288 1378//1378
f 1071//1071 1221//1221 1288//1288
f 1380//1380 1220//1220 1379//1379
f 1380//1380 1222//1222 1220//1220
f 1380//1380 1289//1289 1223//1223
f 1383//1383 1290//1290 1226//1226
f 1157//1157 1292//1292 1291//1291
f 1294//1294 1293//1293 1290//1290
f 1227//1227 1290//1290 1293//1293
f 1227//1227 1296//1296 1228//1228
f 1230//1230 1297//1297 1295//1295
f 1232//1232 1297//1297 1230//1230
f 1231//1231 1296//1296 1389//1389
f 1231//1231 1389//1389 1298//1298
f 1234//1234 1297//1297 1232//1232
f 1299//1299 1233//1233 1392//1392
f 1233//1233 1298//1298 1392//1392
f 1301//1301 1300//1300 1234//1234
f 1167//1167 1301//1301 1234//1234
f 1302//1302 1393//1393 1299//1299
f 1235//1235 1301//1301 1167//1167
f 1527//1527 1091//1091 1165//1165
f 1527//1527 1165//1165 1393//1393
f 1303//1303 1235//1235 1236//1236
f 1304//1304 1091//1091 1467//1467
f 1395//1395 1303//1303 1236//1236
f 1395//1395 1236//1236 1237//1237
f 1305//1305 1395//1395 1237//1237
f 1305//1305 1237//1237 1238//1238
f 1307//1307 1305//1305 1238//1238
f 1310//1310 1172//1172 1239//1239
f 1173//1173 1313//1313 1472//1472
f 1173//1173 1243//1243 1313//1313
f 1241//1241 1173//1173 1311//1311
f 1174//1174 1311//1311 1312//1312
f 1174//1174 1312//1312 1242//1242
f 1312//1312 1314//1314 1176//1176
f 1312//1312 1176//1176 1242//1242
f 1243//1243 1316//1316 1313//1313
f 1243//1243 1315//1315 1316//1316
f 1400//1400 1317//1317 1314//1314
f 1317//1317 1244//1244 1314//1314
f 1318//1318 1402//1402 1317//1317
f 1243//1243 1319//1319 1315//1315
f 1402//1402 1320//1320 1317//1317
f 1246//1246 1319//1319 1243//1243
f 1321//1321 1406//1406 1247//1247
f 1320//1320 1321//1321 1247//1247
f 1177//1177 1322//1322 1246//1246
f 1406//1406 1323//1323 1247//1247
f 1323//1323 1325//1325 1247//1247
f 1249//1249 1324//1324 1322//1322
f 1325//1325 1409//1409 1248//1248
f 1409//1409 1326//1326 1248//1248
f 1327//1327 1329//1329 1326//1326
f 1409//1409 1327//1327 1326//1326
f 1331//1331 1328//1328 1251//1251
f 1409//1409 1330//1330 1329//1329
f 1408//1408 1328//1328 1331//1331
f 1254//1254 1410//1410 1331//1331
f 1332//1332 1410//1410 1254//1254
f 1185//1185 1255//1255 1334//1334
f 1335//1335 1256//1256 1185//1185
f 1334//1334 1335//1335 1185//1185
f 1416//1416 1415//1415 1333//1333
f 1257//1257 1416//1416 1333//1333
f 1416//1416 1257//1257 1336//1336
f 1336//1336 1260//1260 1338//1338
f 1339//1339 1259//1259 1189//1189
f 1339//1339 1190//1190 1259//1259
f 1260//1260 1341//1341 1338//1338
f 1339//1339 1340//1340 1190//1190
f 1261//1261 1342//1342 1260//1260
f 1260//1260 1342//1342 1341//1341
f 1261//1261 1191//1191 1342//1342
f 1343//1343 1262//1262 1340//1340
f 1492//1492 1343//1343 1340//1340
f 1343//1343 1194//1194 1264//1264
f 1193//1193 1419//1419 1263//1263
f 1193//1193 1344//1344 1419//1419
f 1493//1493 1265//1265 1194//1194
f 1493//1493 1345//1345 1265//1265
f 1348//1348 1347//1347 1124//1124
f 1350//1350 1345//1345 1349//1349
f 1495//1495 1350//1350 1349//1349
f 1350//1350 1495//1495 1267//1267
f 1267//1267 1351//1351 1353//1353
f 1353//1353 1268//1268 1267//1267
f 1269//1269 1425//1425 1352//1352
f 1354//1354 1054//1054 1353//1353
f 1355//1355 1269//1269 1200//1200
f 1355//1355 1200//1200 1132//1132
f 1427//1427 1498//1498 1354//1354
f 1500//1500 1355//1355 1132//1132
f 1500//1500 1201//1201 1356//1356
f 1500//1500 1133//1133 1201//1201
f 1357//1357 1202//1202 1499//1499
f 1203//1203 1430//1430 1356//1356
f 1205//1205 1357//1357 1358//1358
f 1358//1358 1359//1359 1205//1205
f 1358//1358 1206//1206 1359//1359
f 1432//1432 1206//1206 1358//1358
f 1134//1134 1058//1058 1572//1572
f 1206//1206 1432//1432 1434//1434
f 1360//1360 1572//1572 1058//1058
f 1434//1434 1272//1272 1206//1206
f 1434//1434 1361//1361 1272//1272
f 1362//1362 1137//1137 1274//1274
f 1436//1436 1273//1273 1361//1361
f 1644//1644 1273//1273 1436//1436
f 1273//1273 1644//1644 1577//1577
f 1273//1273 1577//1577 1276//1276
f 1503//1503 1276//1276 1577//1577
f 1503//1503 1141//1141 1276//1276
f 1578//1578 1141//1141 1503//1503
f 1578//1578 1579//1579 1141//1141
f 1277//1277 1504//1504 1208//1208
f 1364//1364 1277//1277 1278//1278
f 1364//1364 1278//1278 1365//1365
f 1365//1365 1278//1278 1145//1145
f 1145//1145 1279//1279 1365//1365
f 1363//1363 1367//1367 1366//1366
f 1367//1367 1146//1146 1366//1366
f 1279//1279 1280//1280 1368//1368
f 1367//1367 1369//1369 1146//1146
f 1368//1368 1280//1280 1281//1281
f 1062//1062 1368//1368 1281//1281
f 1062//1062 1370//1370 1368//1368
f 1442//1442 1370//1370 1062//1062
f 1443//1443 1283//1283 1282//1282
f 1444//1444 1442//1442 1371//1371
f 1371//1371 1150//1150 1444//1444
f 1373//1373 1216//1216 1375//1375
f 1374//1374 1216//1216 1373//1373
f 1513//1513 1376//1376 1284//1284
f 1377//1377 1376//1376 1513//1513
f 1445//1445 1216//1216 1285//1285
f 1286//1286 1378//1378 1445//1445
f 1286//1286 1219//1219 1378//1378
f 1218//1218 1446//1446 1379//1379
f 1451//1451 1449//1449 1378//1378
f 1379//1379 1381//1381 1380//1380
f 1378//1378 1288//1288 1451//1451
f 1517//1517 1289//1289 1380//1380
f 1517//1517 1380//1380 1381//1381
f 1517//1517 1452//1452 1289//1289
f 1382//1382 1518//1518 1288//1288
f 1452//1452 1383//1383 1289//1289
f 1594//1594 1290//1290 1383//1383
f 1225//1225 1157//1157 1453//1453
f 1291//1291 1453//1453 1157//1157
f 1594//1594 1294//1294 1290//1290
f 1455//1455 1291//1291 1292//1292
f 1294//1294 1227//1227 1293//1293
f 1384//1384 1456//1456 1227//1227
f 1384//1384 1227//1227 1294//1294
f 1455//1455 1295//1295 1385//1385
f 1456//1456 1296//1296 1227//1227
f 1385//1385 1295//1295 1297//1297
f 1386//1386 1389//1389 1296//1296
f 1387//1387 1386//1386 1296//1296
f 1388//1388 1461//1461 1297//1297
f 1461//1461 1385//1385 1297//1297
f 1234//1234 1388//1388 1297//1297
f 1461//1461 1388//1388 1234//1234
f 1300//1300 1461//1461 1234//1234
f 1390//1390 1392//1392 1298//1298
f 1391//1391 1390//1390 1298//1298
f 1389//1389 1391//1391 1298//1298
f 1301//1301 1461//1461 1300//1300
f 1463//1463 1299//1299 1392//1392
f 1526//1526 1461//1461 1301//1301
f 1302//1302 1299//1299 1463//1463
f 1394//1394 1235//1235 1303//1303
f 1303//1303 1395//1395 1394//1394
f 1306//1306 1304//1304 1467//1467
f 1307//1307 1395//1395 1305//1305
f 1470//1470 1395//1395 1307//1307
f 1470//1470 1307//1307 1238//1238
f 1470//1470 1238//1238 1534//1534
f 1238//1238 1471//1471 1534//1534
f 1308//1308 1471//1471 1238//1238
f 1172//1172 1396//1396 1309//1309
f 1532//1532 1239//1239 1240//1240
f 1532//1532 1240//1240 1306//1306
f 1532//1532 1306//1306 1468//1468
f 1471//1471 1308//1308 1309//1309
f 1396//1396 1172//1172 1310//1310
f 1604//1604 1310//1310 1239//1239
f 1173//1173 1397//1397 1311//1311
f 1472//1472 1397//1397 1173//1173
f 1311//1311 1314//1314 1312//1312
f 1397//1397 1314//1314 1311//1311
f 1398//1398 1400//1400 1314//1314
f 1315//1315 1401//1401 1399//1399
f 1315//1315 1399//1399 1316//1316
f 1316//1316 1399//1399 1313//1313
f 1317//1317 1400//1400 1318//1318
f 1400//1400 1402//1402 1318//1318
f 1319//1319 1403//1403 1401//1401
f 1319//1319 1401//1401 1315//1315
f 1402//1402 1404//1404 1320//1320
f 1246//1246 1405//1405 1403//1403
f 1246//1246 1403//1403 1319//1319
f 1404//1404 1321//1321 1320//1320
f 1404//1404 1406//1406 1321//1321
f 1322//1322 1407//1407 1405//1405
f 1322//1322 1405//1405 1246//1246
f 1476//1476 1407//1407 1324//1324
f 1324//1324 1407//1407 1322//1322
f 1406//1406 1325//1325 1323//1323
f 1406//1406 1478//1478 1325//1325
f 1476//1476 1324//1324 1249//1249
f 1478//1478 1409//1409 1325//1325
f 1249//1249 1328//1328 1408//1408
f 1249//1249 1251//1251 1328//1328
f 1329//1329 1327//1327 1409//1409
f 1481//1481 1330//1330 1409//1409
f 1255//1255 1253//1253 1330//1330
f 1330//1330 1544//1544 1255//1255
f 1332//1332 1411//1411 1410//1410
f 1412//1412 1411//1411 1333//1333
f 1413//1413 1412//1412 1333//1333
f 1333//1333 1411//1411 1332//1332
f 1415//1415 1413//1413 1333//1333
f 1335//1335 1334//1334 1414//1414
f 1417//1417 1416//1416 1336//1336
f 1549//1549 1337//1337 1414//1414
f 1489//1489 1337//1337 1549//1549
f 1336//1336 1418//1418 1417//1417
f 1189//1189 1337//1337 1489//1489
f 1338//1338 1418//1418 1336//1336
f 1489//1489 1339//1339 1189//1189
f 1489//1489 1340//1340 1339//1339
f 1340//1340 1490//1490 1492//1492
f 1342//1342 1263//1263 1419//1419
f 1558//1558 1194//1194 1343//1343
f 1420//1420 1493//1493 1194//1194
f 1558//1558 1420//1420 1194//1194
f 1493//1493 1346//1346 1345//1345
f 1421//1421 1344//1344 1347//1347
f 1562//1562 1345//1345 1494//1494
f 1345//1345 1346//1346 1494//1494
f 1495//1495 1349//1349 1345//1345
f 1495//1495 1351//1351 1267//1267
f 1422//1422 1348//1348 1352//1352
f 1423//1423 1422//1422 1352//1352
f 1425//1425 1423//1423 1352//1352
f 1424//1424 1353//1353 1351//1351
f 1424//1424 1354//1354 1353//1353
f 1496//1496 1354//1354 1424//1424
f 1355//1355 1425//1425 1269//1269
f 1426//1426 1425//1425 1355//1355
f 1497//1497 1427//1427 1354//1354
f 1430//1430 1428//1428 1356//1356
f 1356//1356 1428//1428 1500//1500
f 1429//1429 1357//1357 1499//1499
f 1358//1358 1357//1357 1429//1429
f 1429//1429 1501//1501 1358//1358
f 1430//1430 1203//1203 1271//1271
f 1431//1431 1430//1430 1271//1271
f 1134//1134 1572//1572 1271//1271
f 1358//1358 1434//1434 1432//1432
f 1360//1360 1433//1433 1572//1572
f 1435//1435 1360//1360 1362//1362
f 1575//1575 1436//1436 1361//1361
f 1274//1274 1435//1435 1362//1362
f 1277//1277 1364//1364 1437//1437
f 1438//1438 1364//1364 1365//1365
f 1438//1438 1365//1365 1279//1279
f 1279//1279 1439//1439 1438//1438
f 1368//1368 1439//1439 1279//1279
f 1440//1440 1439//1439 1368//1368
f 1367//1367 1511//1511 1369//1369
f 1370//1370 1440//1440 1368//1368
f 1369//1369 1511//1511 1282//1282
f 1370//1370 1442//1442 1441//1441
f 1282//1282 1511//1511 1443//1443
f 1444//1444 1441//1441 1442//1442
f 1443//1443 1511//1511 1283//1283
f 1513//1513 1372//1372 1283//1283
f 1513//1513 1283//1283 1511//1511
f 1373//1373 1586//1586 1374//1374
f 1374//1374 1586//1586 1150//1150
f 1375//1375 1586//1586 1373//1373
f 1514//1514 1513//1513 1652//1652
f 1653//1653 1375//1375 1216//1216
f 1513//1513 1514//1514 1377//1377
f 1445//1445 1653//1653 1216//1216
f 1446//1446 1218//1218 1377//1377
f 1377//1377 1514//1514 1515//1515
f 1377//1377 1515//1515 1446//1446
f 1445//1445 1378//1378 1448//1448
f 1378//1378 1449//1449 1448//1448
f 1446//1446 1447//1447 1379//1379
f 1447//1447 1381//1381 1379//1379
f 1450//1450 1449//1449 1451//1451
f 1288//1288 1518//1518 1451//1451
f 1381//1381 1591//1591 1517//1517
f 1382//1382 1658//1658 1518//1518
f 1519//1519 1383//1383 1452//1452
f 1225//1225 1658//1658 1382//1382
f 1519//1519 1594//1594 1383//1383
f 1294//1294 1454//1454 1458//1458
f 1457//1457 1291//1291 1455//1455
f 1294//1294 1456//1456 1384//1384
f 1455//1455 1385//1385 1457//1457
f 1458//1458 1296//1296 1456//1456
f 1458//1458 1456//1456 1294//1294
f 1385//1385 1461//1461 1457//1457
f 1387//1387 1296//1296 1458//1458
f 1459//1459 1457//1457 1461//1461
f 1459//1459 1461//1461 1460//1460
f 1389//1389 1386//1386 1387//1387
f 1462//1462 1524//1524 1461//1461
f 1461//1461 1526//1526 1462//1462
f 1392//1392 1390//1390 1391//1391
f 1464//1464 1526//1526 1301//1301
f 1463//1463 1393//1393 1302//1302
f 1235//1235 1464//1464 1301//1301
f 1466//1466 1464//1464 1235//1235
f 1466//1466 1235//1235 1394//1394
f 1465//1465 1091//1091 1527//1527
f 1465//1465 1467//1467 1091//1091
f 1528//1528 1466//1466 1394//1394
f 1395//1395 1528//1528 1394//1394
f 1465//1465 1468//1468 1306//1306
f 1465//1465 1306//1306 1467//1467
f 1470//1470 1469//1469 1395//1395
f 1604//1604 1239//1239 1532//1532
f 1399//1399 1535//1535 1313//1313
f 1472//1472 1313//1313 1535//1535
f 1538//1538 1400//1400 1398//1398
f 1473//1473 1402//1402 1400//1400
f 1473//1473 1475//1475 1402//1402
f 1403//1403 1474//1474 1401//1401
f 1475//1475 1404//1404 1402//1402
f 1405//1405 1476//1476 1403//1403
f 1404//1404 1477//1477 1406//1406
f 1407//1407 1476//1476 1405//1405
f 1477//1477 1478//1478 1406//1406
f 1676//1676 1476//1476 1249//1249
f 1409//1409 1478//1478 1542//1542
f 1409//1409 1542//1542 1481//1481
f 1479//1479 1249//1249 1408//1408
f 1480//1480 1479//1479 1331//1331
f 1482//1482 1480//1480 1331//1331
f 1331//1331 1479//1479 1408//1408
f 1330//1330 1481//1481 1543//1543
f 1410//1410 1482//1482 1331//1331
f 1412//1412 1410//1410 1411//1411
f 1412//1412 1483//1483 1410//1410
f 1484//1484 1255//1255 1544//1544
f 1544//1544 1334//1334 1484//1484
f 1484//1484 1334//1334 1255//1255
f 1413//1413 1485//1485 1412//1412
f 1412//1412 1485//1485 1486//1486
f 1415//1415 1485//1485 1413//1413
f 1686//1686 1414//1414 1334//1334
f 1486//1486 1485//1485 1415//1415
f 1488//1488 1414//1414 1487//1487
f 1414//1414 1686//1686 1487//1487
f 1488//1488 1549//1549 1414//1414
f 1417//1417 1418//1418 1415//1415
f 1417//1417 1415//1415 1416//1416
f 1415//1415 1418//1418 1551//1551
f 1490//1490 1340//1340 1489//1489
f 1552//1552 1338//1338 1491//1491
f 1342//1342 1491//1491 1341//1341
f 1341//1341 1491//1491 1338//1338
f 1342//1342 1557//1557 1491//1491
f 1558//1558 1343//1343 1492//1492
f 1419//1419 1557//1557 1342//1342
f 1344//1344 1557//1557 1419//1419
f 1560//1560 1493//1493 1559//1559
f 1494//1494 1346//1346 1493//1493
f 1560//1560 1494//1494 1493//1493
f 1421//1421 1347//1347 1423//1423
f 1562//1562 1495//1495 1345//1345
f 1348//1348 1423//1423 1347//1347
f 1422//1422 1423//1423 1348//1348
f 1354//1354 1496//1496 1497//1497
f 1426//1426 1637//1637 1425//1425
f 1355//1355 1500//1500 1426//1426
f 1498//1498 1497//1497 1569//1569
f 1498//1498 1427//1427 1497//1497
f 1569//1569 1499//1499 1498//1498
f 1430//1430 1500//1500 1428//1428
f 1429//1429 1499//1499 1640//1640
f 1271//1271 1572//1572 1431//1431
f 1501//1501 1760//1760 1358//1358
f 1502//1502 1572//1572 1433//1433
f 1875//1875 1434//1434 1358//1358
f 1574//1574 1434//1434 1875//1875
f 1360//1360 1502//1502 1433//1433
f 1361//1361 1434//1434 1574//1574
f 1575//1575 1361//1361 1574//1574
f 1208//1208 1504//1504 1275//1275
f 1580//1580 1363//1363 1579//1579
f 1437//1437 1505//1505 1277//1277
f 1580//1580 1367//1367 1363//1363
f 1438//1438 1506//1506 1364//1364
f 1364//1364 1506//1506 1437//1437
f 1439//1439 1506//1506 1438//1438
f 1506//1506 1439//1439 1507//1507
f 1439//1439 1509//1509 1507//1507
f 1440//1440 1509//1509 1439//1439
f 1581//1581 1511//1511 1367//1367
f 1370//1370 1509//1509 1440//1440
f 1441//1441 1509//1509 1370//1370
f 1509//1509 1510//1510 1508//1508
f 1510//1510 1509//1509 1441//1441
f 1444//1444 1510//1510 1441//1441
f 1586//1586 1512//1512 1150//1150
f 1150//1150 1512//1512 1510//1510
f 1150//1150 1510//1510 1444//1444
f 1653//1653 1445//1445 1587//1587
f 1515//1515 1516//1516 1446//1446
f 1516//1516 1447//1447 1446//1446
f 1590//1590 1381//1381 1447//1447
f 1381//1381 1590//1590 1591//1591
f 1450//1450 1451//1451 1518//1518
f 1591//1591 1593//1593 1517//1517
f 1452//1452 1520//1520 1519//1519
f 1517//1517 1520//1520 1452//1452
f 1594//1594 1519//1519 1520//1520
f 1658//1658 1225//1225 1453//1453
f 1454//1454 1294//1294 1594//1594
f 1453//1453 1291//1291 1521//1521
f 1291//1291 1457//1457 1521//1521
f 1460//1460 1457//1457 1459//1459
f 1387//1387 1523//1523 1389//1389
f 1522//1522 1523//1523 1387//1387
f 1524//1524 1460//1460 1461//1461
f 1597//1597 1391//1391 1389//1389
f 1523//1523 1597//1597 1389//1389
f 1526//1526 1524//1524 1462//1462
f 1392//1392 1391//1391 1597//1597
f 1525//1525 1392//1392 1597//1597
f 1463//1463 1392//1392 1525//1525
f 1667//1667 1526//1526 1464//1464
f 1463//1463 1599//1599 1393//1393
f 1528//1528 1464//1464 1466//1466
f 1393//1393 1599//1599 1527//1527
f 1600//1600 1465//1465 1527//1527
f 1529//1529 1528//1528 1395//1395
f 1530//1530 1532//1532 1468//1468
f 1468//1468 1465//1465 1530//1530
f 1531//1531 1529//1529 1395//1395
f 1469//1469 1531//1531 1395//1395
f 1723//1723 1604//1604 1532//1532
f 1533//1533 1469//1469 1470//1470
f 1533//1533 1470//1470 1534//1534
f 1471//1471 1669//1669 1534//1534
f 1471//1471 1309//1309 1669//1669
f 1396//1396 1669//1669 1309//1309
f 1396//1396 1310//1310 1669//1669
f 1535//1535 1605//1605 1472//1472
f 1472//1472 1605//1605 1397//1397
f 1605//1605 1607//1607 1397//1397
f 1397//1397 1607//1607 1314//1314
f 1314//1314 1607//1607 1536//1536
f 1608//1608 1314//1314 1536//1536
f 1608//1608 1398//1398 1314//1314
f 1608//1608 1538//1538 1398//1398
f 1535//1535 1399//1399 1537//1537
f 1538//1538 1473//1473 1400//1400
f 1473//1473 1538//1538 1611//1611
f 1401//1401 1474//1474 1399//1399
f 1399//1399 1474//1474 1733//1733
f 1473//1473 1611//1611 1475//1475
f 1474//1474 1403//1403 1733//1733
f 1733//1733 1403//1403 1539//1539
f 1611//1611 1404//1404 1475//1475
f 1611//1611 1540//1540 1404//1404
f 1403//1403 1476//1476 1539//1539
f 1539//1539 1476//1476 1541//1541
f 1540//1540 1477//1477 1404//1404
f 1676//1676 1541//1541 1476//1476
f 1614//1614 1676//1676 1249//1249
f 1479//1479 1614//1614 1249//1249
f 1482//1482 1479//1479 1480//1480
f 1410//1410 1483//1483 1482//1482
f 1330//1330 1543//1543 1682//1682
f 1482//1482 1545//1545 1546//1546
f 1482//1482 1483//1483 1545//1545
f 1682//1682 1544//1544 1330//1330
f 1545//1545 1483//1483 1546//1546
f 1622//1622 1334//1334 1544//1544
f 1483//1483 1623//1623 1546//1546
f 1684//1684 1334//1334 1622//1622
f 1486//1486 1483//1483 1412//1412
f 1483//1483 1548//1548 1623//1623
f 1686//1686 1334//1334 1684//1684
f 1486//1486 1547//1547 1483//1483
f 1483//1483 1547//1547 1548//1548
f 1415//1415 1550//1550 1547//1547
f 1415//1415 1547//1547 1486//1486
f 1488//1488 1487//1487 1686//1686
f 1488//1488 1686//1686 1743//1743
f 1548//1548 1547//1547 1550//1550
f 1743//1743 1549//1549 1488//1488
f 1553//1553 1415//1415 1551//1551
f 1550//1550 1415//1415 1553//1553
f 1626//1626 1489//1489 1549//1549
f 1338//1338 1551//1551 1418//1418
f 1550//1550 1630//1630 1624//1624
f 1550//1550 1553//1553 1630//1630
f 1552//1552 1551//1551 1338//1338
f 1552//1552 1554//1554 1551//1551
f 1551//1551 1555//1555 1553//1553
f 1492//1492 1490//1490 1629//1629
f 1558//1558 1492//1492 1629//1629
f 1551//1551 1554//1554 1555//1555
f 1557//1557 1552//1552 1491//1491
f 1559//1559 1558//1558 1556//1556
f 1552//1552 1557//1557 1554//1554
f 1559//1559 1493//1493 1420//1420
f 1558//1558 1559//1559 1420//1420
f 1344//1344 1563//1563 1557//1557
f 1344//1344 1421//1421 1561//1561
f 1563//1563 1421//1421 1423//1423
f 1564//1564 1495//1495 1562//1562
f 1495//1495 1564//1564 1566//1566
f 1351//1351 1495//1495 1566//1566
f 1424//1424 1351//1351 1566//1566
f 1496//1496 1424//1424 1566//1566
f 1425//1425 1637//1637 1423//1423
f 1496//1496 1638//1638 1497//1497
f 1426//1426 1567//1567 1637//1637
f 1568//1568 1426//1426 1500//1500
f 1570//1570 1568//1568 1500//1500
f 1640//1640 1499//1499 1569//1569
f 1430//1430 1431//1431 1500//1500
f 1500//1500 1431//1431 1571//1571
f 1501//1501 1429//1429 1640//1640
f 1642//1642 1431//1431 1572//1572
f 1875//1875 1358//1358 1760//1760
f 1573//1573 1642//1642 1572//1572
f 1502//1502 1573//1573 1572//1572
f 1699//1699 1575//1575 1574//1574
f 1502//1502 1360//1360 1435//1435
f 1275//1275 1767//1767 1274//1274
f 1504//1504 1767//1767 1275//1275
f 1578//1578 1503//1503 1577//1577
f 1277//1277 1505//1505 1504//1504
f 1579//1579 1578//1578 1580//1580
f 1437//1437 1646//1646 1505//1505
f 1581//1581 1367//1367 1580//1580
f 1506//1506 1646//1646 1437//1437
f 1507//1507 1583//1583 1506//1506
f 1583//1583 1646//1646 1506//1506
f 1583//1583 1584//1584 1646//1646
f 1509//1509 1583//1583 1507//1507
f 1582//1582 1511//1511 1581//1581
f 1509//1509 1508//1508 1583//1583
f 1512//1512 1583//1583 1510//1510
f 1512//1512 1584//1584 1583//1583
f 1510//1510 1583//1583 1508//1508
f 1650//1650 1511//1511 1769//1769
f 1585//1585 1584//1584 1512//1512
f 1585//1585 1649//1649 1584//1584
f 1650//1650 1513//1513 1511//1511
f 1586//1586 1585//1585 1512//1512
f 1705//1705 1513//1513 1650//1650
f 1705//1705 1652//1652 1513//1513
f 1375//1375 1651//1651 1586//1586
f 1653//1653 1651//1651 1375//1375
f 1652//1652 1515//1515 1514//1514
f 1652//1652 1516//1516 1515//1515
f 1448//1448 1449//1449 1588//1588
f 1447//1447 1589//1589 1590//1590
f 1656//1656 1449//1449 1450//1450
f 1708//1708 1591//1591 1590//1590
f 1518//1518 1592//1592 1450//1450
f 1658//1658 1657//1657 1518//1518
f 1593//1593 1520//1520 1517//1517
f 1712//1712 1594//1594 1520//1520
f 1658//1658 1453//1453 1521//1521
f 1712//1712 1454//1454 1594//1594
f 1458//1458 1454//1454 1595//1595
f 1659//1659 1521//1521 1596//1596
f 1460//1460 1521//1521 1457//1457
f 1458//1458 1660//1660 1387//1387
f 1595//1595 1660//1660 1458//1458
f 1521//1521 1460//1460 1596//1596
f 1660//1660 1522//1522 1387//1387
f 1781//1781 1460//1460 1524//1524
f 1598//1598 1599//1599 1463//1463
f 1598//1598 1463//1463 1525//1525
f 1667//1667 1524//1524 1526//1526
f 1667//1667 1464//1464 1528//1528
f 1527//1527 1599//1599 1668//1668
f 1527//1527 1668//1668 1600//1600
f 1529//1529 1531//1531 1528//1528
f 1601//1601 1530//1530 1465//1465
f 1722//1722 1720//1720 1531//1531
f 1531//1531 1469//1469 1602//1602
f 1533//1533 1602//1602 1469//1469
f 1788//1788 1604//1604 1723//1723
f 1603//1603 1533//1533 1534//1534
f 1909//1909 1603//1603 1534//1534
f 1669//1669 1909//1909 1534//1534
f 1605//1605 1535//1535 1670//1670
f 1607//1607 1608//1608 1536//1536
f 1537//1537 1609//1609 1535//1535
f 1730//1730 1535//1535 1606//1606
f 1535//1535 1609//1609 1606//1606
f 1538//1538 1608//1608 1674//1674
f 1609//1609 1399//1399 1733//1733
f 1537//1537 1399//1399 1609//1609
f 1538//1538 1610//1610 1611//1611
f 1674//1674 1610//1610 1538//1538
f 1539//1539 1541//1541 1733//1733
f 1477//1477 1612//1612 1613//1613
f 1477//1477 1540//1540 1612//1612
f 1542//1542 1478//1478 1477//1477
f 1613//1613 1542//1542 1477//1477
f 1615//1615 1614//1614 1479//1479
f 1615//1615 1479//1479 1617//1617
f 1616//1616 1481//1481 1542//1542
f 1680//1680 1481//1481 1616//1616
f 1481//1481 1680//1680 1543//1543
f 1482//1482 1617//1617 1479//1479
f 1682//1682 1543//1543 1738//1738
f 1546//1546 1617//1617 1482//1482
f 1617//1617 1620//1620 1683//1683
f 1617//1617 1546//1546 1620//1620
f 1619//1619 1544//1544 1682//1682
f 1622//1622 1544//1544 1619//1619
f 1546//1546 1621//1621 1739//1739
f 1546//1546 1623//1623 1621//1621
f 1548//1548 1624//1624 1623//1623
f 1623//1623 1624//1624 1688//1688
f 1550//1550 1624//1624 1548//1548
f 1625//1625 1624//1624 1627//1627
f 1624//1624 1625//1625 1688//1688
f 1490//1490 1489//1489 1626//1626
f 1630//1630 1628//1628 1624//1624
f 1627//1627 1624//1624 1628//1628
f 1555//1555 1630//1630 1553//1553
f 1630//1630 1745//1745 1628//1628
f 1558//1558 1629//1629 1556//1556
f 1745//1745 1630//1630 1689//1689
f 1632//1632 1555//1555 1631//1631
f 1630//1630 1555//1555 1632//1632
f 1559//1559 1556//1556 1560//1560
f 1631//1631 1555//1555 1554//1554
f 1631//1631 1554//1554 1633//1633
f 1563//1563 1692//1692 1557//1557
f 1554//1554 1557//1557 1692//1692
f 1631//1631 1633//1633 1693//1693
f 1633//1633 1554//1554 1750//1750
f 1562//1562 1494//1494 1560//1560
f 1563//1563 1344//1344 1561//1561
f 1421//1421 1563//1563 1561//1561
f 1423//1423 1634//1634 1563//1563
f 1423//1423 1636//1636 1634//1634
f 1566//1566 1564//1564 1635//1635
f 1565//1565 1636//1636 1423//1423
f 1423//1423 1637//1637 1565//1565
f 1754//1754 1496//1496 1566//1566
f 1637//1637 1639//1639 1753//1753
f 1567//1567 1639//1639 1637//1637
f 1696//1696 1497//1497 1638//1638
f 1696//1696 1569//1569 1497//1497
f 1426//1426 1568//1568 1567//1567
f 1640//1640 1569//1569 1697//1697
f 1571//1571 1641//1641 1500//1500
f 1431//1431 1641//1641 1571//1571
f 1576//1576 1700//1700 1435//1435
f 1435//1435 1700//1700 1502//1502
f 1435//1435 1643//1643 1576//1576
f 1274//1274 1643//1643 1435//1435
f 1766//1766 1577//1577 1644//1644
f 1578//1578 1577//1577 1766//1766
f 1505//1505 1645//1645 1504//1504
f 1504//1504 1645//1645 1702//1702
f 1821//1821 1580//1580 1578//1578
f 1821//1821 1581//1581 1580//1580
f 1884//1884 1581//1581 1821//1821
f 1584//1584 1703//1703 1646//1646
f 1703//1703 1584//1584 1647//1647
f 1822//1822 1582//1582 1581//1581
f 1648//1648 1511//1511 1582//1582
f 1649//1649 1704//1704 1584//1584
f 1648//1648 1769//1769 1511//1511
f 1586//1586 1824//1824 1585//1585
f 1889//1889 1586//1586 1651//1651
f 1824//1824 1586//1586 1889//1889
f 1652//1652 1826//1826 1706//1706
f 1587//1587 1773//1773 1653//1653
f 1706//1706 1516//1516 1652//1652
f 1587//1587 1445//1445 1773//1773
f 1448//1448 1773//1773 1445//1445
f 1654//1654 1516//1516 1706//1706
f 1588//1588 1773//1773 1448//1448
f 1516//1516 1655//1655 1447//1447
f 1516//1516 1654//1654 1655//1655
f 1775//1775 1447//1447 1655//1655
f 1449//1449 1656//1656 1588//1588
f 1775//1775 1589//1589 1447//1447
f 1776//1776 1590//1590 1589//1589
f 1656//1656 1450//1450 1592//1592
f 1776//1776 1708//1708 1590//1590
f 1593//1593 1591//1591 1708//1708
f 1592//1592 1518//1518 1657//1657
f 1712//1712 1520//1520 1593//1593
f 1658//1658 1710//1710 1657//1657
f 1659//1659 1658//1658 1521//1521
f 1710//1710 1658//1658 1659//1659
f 1660//1660 1661//1661 1522//1522
f 1522//1522 1597//1597 1523//1523
f 1522//1522 1661//1661 1597//1597
f 1663//1663 1781//1781 1524//1524
f 1663//1663 1524//1524 1664//1664
f 1525//1525 1597//1597 1662//1662
f 1665//1665 1664//1664 1524//1524
f 1666//1666 1665//1665 1524//1524
f 1666//1666 1524//1524 1667//1667
f 1666//1666 1667//1667 1665//1665
f 1599//1599 1598//1598 1668//1668
f 1718//1718 1667//1667 1528//1528
f 1531//1531 1718//1718 1528//1528
f 1601//1601 1465//1465 1600//1600
f 1720//1720 1718//1718 1531//1531
f 1530//1530 1601//1601 1721//1721
f 1725//1725 1722//1722 1531//1531
f 1602//1602 1725//1725 1531//1531
f 1532//1532 1530//1530 1723//1723
f 1726//1726 1725//1725 1602//1602
f 1726//1726 1602//1602 1533//1533
f 1603//1603 1726//1726 1533//1533
f 1727//1727 1604//1604 1788//1788
f 1909//1909 1726//1726 1603//1603
f 1669//1669 1729//1729 1728//1728
f 1669//1669 1310//1310 1729//1729
f 1729//1729 1310//1310 1604//1604
f 1729//1729 1604//1604 1727//1727
f 1844//1844 1843//1843 1669//1669
f 1844//1844 1669//1669 1728//1728
f 1605//1605 1671//1671 1607//1607
f 1670//1670 1671//1671 1605//1605
f 1670//1670 1535//1535 1730//1730
f 1673//1673 1734//1734 1608//1608
f 1734//1734 1674//1674 1608//1608
f 1611//1611 1610//1610 1674//1674
f 1541//1541 1675//1675 1733//1733
f 1734//1734 1612//1612 1611//1611
f 1611//1611 1612//1612 1540//1540
f 1916//1916 1676//1676 1614//1614
f 1612//1612 1542//1542 1613//1613
f 1678//1678 1916//1916 1614//1614
f 1615//1615 1678//1678 1614//1614
f 1617//1617 1678//1678 1615//1615
f 1679//1679 1678//1678 1617//1617
f 1678//1678 1679//1679 1681//1681
f 1618//1618 1679//1679 1617//1617
f 1738//1738 1543//1543 1680//1680
f 1681//1681 1679//1679 1618//1618
f 1683//1683 1681//1681 1618//1618
f 1617//1617 1683//1683 1618//1618
f 1546//1546 1739//1739 1683//1683
f 1546//1546 1683//1683 1620//1620
f 1682//1682 1622//1622 1619//1619
f 1623//1623 1685//1685 1739//1739
f 1623//1623 1739//1739 1621//1621
f 1623//1623 1742//1742 1685//1685
f 1799//1799 1686//1686 1684//1684
f 1686//1686 1861//1861 1743//1743
f 1687//1687 1623//1623 1688//1688
f 1742//1742 1623//1623 1687//1687
f 1743//1743 1626//1626 1549//1549
f 1627//1627 1688//1688 1625//1625
f 1744//1744 1688//1688 1627//1627
f 1802//1802 1629//1629 1490//1490
f 1632//1632 1689//1689 1630//1630
f 1746//1746 1560//1560 1556//1556
f 1748//1748 1804//1804 1560//1560
f 1690//1690 1631//1631 1693//1693
f 1631//1631 1690//1690 1632//1632
f 1560//1560 1804//1804 1691//1691
f 1750//1750 1693//1693 1633//1633
f 1562//1562 1560//1560 1691//1691
f 1695//1695 1554//1554 1692//1692
f 1695//1695 1750//1750 1554//1554
f 1693//1693 1750//1750 1807//1807
f 1694//1694 1564//1564 1562//1562
f 1691//1691 1694//1694 1562//1562
f 1695//1695 1692//1692 1751//1751
f 1635//1635 1564//1564 1694//1694
f 1634//1634 1636//1636 1563//1563
f 1563//1563 1636//1636 1692//1692
f 1566//1566 1635//1635 1809//1809
f 1496//1496 1754//1754 1638//1638
f 1753//1753 1565//1565 1637//1637
f 1639//1639 1755//1755 1753//1753
f 1871//1871 1569//1569 1696//1696
f 1570//1570 1567//1567 1568//1568
f 1758//1758 1640//1640 1697//1697
f 1500//1500 1641//1641 1570//1570
f 1570//1570 1641//1641 1698//1698
f 1758//1758 1501//1501 1640//1640
f 1431//1431 1642//1642 1641//1641
f 1641//1641 1642//1642 1573//1573
f 1699//1699 1574//1574 1875//1875
f 1573//1573 1502//1502 1700//1700
f 1765//1765 1436//1436 1575//1575
f 1766//1766 1436//1436 1765//1765
f 1766//1766 1644//1644 1436//1436
f 1767//1767 1701//1701 1274//1274
f 1767//1767 1504//1504 1702//1702
f 1882//1882 1821//1821 1578//1578
f 1646//1646 1645//1645 1505//1505
f 1646//1646 1703//1703 1645//1645
f 1822//1822 1581//1581 1884//1884
f 1584//1584 1704//1704 1647//1647
f 1704//1704 1768//1768 1947//1947
f 1769//1769 1648//1648 1582//1582
f 1649//1649 1768//1768 1704//1704
f 1705//1705 1650//1650 1769//1769
f 1826//1826 1652//1652 1705//1705
f 1653//1653 1889//1889 1651//1651
f 1654//1654 1775//1775 1655//1655
f 1588//1588 1656//1656 1707//1707
f 1775//1775 1776//1776 1589//1589
f 1708//1708 1709//1709 1593//1593
f 1710//1710 1592//1592 1657//1657
f 1709//1709 1711//1711 1593//1593
f 1711//1711 1712//1712 1593//1593
f 1711//1711 1778//1778 1712//1712
f 1713//1713 1780//1780 1595//1595
f 1595//1595 1454//1454 1712//1712
f 1595//1595 1712//1712 1713//1713
f 1714//1714 1659//1659 1596//1596
f 1779//1779 1659//1659 1714//1714
f 1595//1595 1780//1780 1660//1660
f 1780//1780 1661//1661 1660//1660
f 1714//1714 1596//1596 1460//1460
f 1714//1714 1460//1460 1781//1781
f 1597//1597 1661//1661 1662//1662
f 1664//1664 1781//1781 1663//1663
f 1835//1835 1781//1781 1664//1664
f 1525//1525 1662//1662 1715//1715
f 1598//1598 1525//1525 1716//1716
f 1668//1668 1598//1598 1716//1716
f 1667//1667 1717//1717 1665//1665
f 1717//1717 1667//1667 1718//1718
f 1784//1784 1600//1600 1668//1668
f 1668//1668 1716//1716 1784//1784
f 1601//1601 1600//1600 1719//1719
f 1720//1720 1785//1785 1718//1718
f 1722//1722 1725//1725 1724//1724
f 1723//1723 1530//1530 1721//1721
f 1723//1723 1721//1721 1787//1787
f 1787//1787 1788//1788 1723//1723
f 1841//1841 1725//1725 1726//1726
f 1843//1843 1909//1909 1669//1669
f 1971//1971 1909//1909 1843//1843
f 1730//1730 1731//1731 1670//1670
f 1670//1670 1791//1791 1671//1671
f 1730//1730 1606//1606 1672//1672
f 1791//1791 1607//1607 1671//1671
f 1607//1607 1673//1673 1608//1608
f 1791//1791 1673//1673 1607//1607
f 1732//1732 1609//1609 1733//1733
f 1606//1606 1609//1609 1732//1732
f 1733//1733 1675//1675 1732//1732
f 1674//1674 1734//1734 1611//1611
f 1541//1541 1676//1676 1675//1675
f 1675//1675 1676//1676 1795//1795
f 1735//1735 1612//1612 1734//1734
f 1795//1795 1676//1676 1737//1737
f 1916//1916 1737//1737 1676//1676
f 1736//1736 1677//1677 1612//1612
f 1612//1612 1677//1677 1542//1542
f 1542//1542 1677//1677 1680//1680
f 1680//1680 1616//1616 1542//1542
f 1681//1681 1853//1853 1678//1678
f 1683//1683 1856//1856 1681//1681
f 1856//1856 1853//1853 1681//1681
f 1859//1859 1856//1856 1683//1683
f 1622//1622 1682//1682 1738//1738
f 1740//1740 1684//1684 1622//1622
f 1799//1799 1684//1684 1740//1740
f 1685//1685 1798//1798 1739//1739
f 1686//1686 1989//1989 1861//1861
f 1686//1686 1799//1799 1989//1989
f 1742//1742 1741//1741 1685//1685
f 1688//1688 1742//1742 1687//1687
f 1688//1688 1863//1863 1742//1742
f 1801//1801 1626//1626 1921//1921
f 1801//1801 1802//1802 1626//1626
f 1626//1626 1802//1802 1490//1490
f 1628//1628 1744//1744 1627//1627
f 1628//1628 1745//1745 1744//1744
f 1744//1744 1745//1745 1803//1803
f 1802//1802 1746//1746 1629//1629
f 1629//1629 1746//1746 1556//1556
f 1745//1745 1689//1689 1747//1747
f 1748//1748 1560//1560 1746//1746
f 1632//1632 1690//1690 1689//1689
f 1804//1804 1805//1805 1691//1691
f 1693//1693 1749//1749 1690//1690
f 1695//1695 1752//1752 1750//1750
f 1808//1808 1809//1809 1635//1635
f 1636//1636 1565//1565 1692//1692
f 1809//1809 1754//1754 1566//1566
f 1814//1814 1638//1638 1754//1754
f 1638//1638 1814//1814 1696//1696
f 1871//1871 1696//1696 1814//1814
f 1567//1567 1756//1756 1639//1639
f 1871//1871 1697//1697 1569//1569
f 1570//1570 1756//1756 1567//1567
f 1757//1757 1758//1758 1697//1697
f 1501//1501 1758//1758 1759//1759
f 1641//1641 1817//1817 1698//1698
f 1759//1759 1760//1760 1501//1501
f 1762//1762 1761//1761 1573//1573
f 1573//1573 1761//1761 1641//1641
f 1819//1819 1875//1875 1760//1760
f 1573//1573 1763//1763 1762//1762
f 1573//1573 1700//1700 1764//1764
f 1576//1576 1764//1764 1700//1700
f 1765//1765 1575//1575 1699//1699
f 1701//1701 1880//1880 1274//1274
f 1767//1767 1880//1880 1701//1701
f 1881//1881 1578//1578 1766//1766
f 1944//1944 1578//1578 1881//1881
f 1944//1944 1882//1882 1578//1578
f 1886//1886 1582//1582 1822//1822
f 1947//1947 1647//1647 1704//1704
f 1887//1887 1582//1582 1886//1886
f 1887//1887 1769//1769 1582//1582
f 1585//1585 1768//1768 1649//1649
f 1824//1824 1768//1768 1585//1585
f 1770//1770 1705//1705 1769//1769
f 1825//1825 1705//1705 1770//1770
f 1825//1825 1826//1826 1705//1705
f 1653//1653 1948//1948 1889//1889
f 1773//1773 1948//1948 1653//1653
f 1773//1773 1771//1771 1948//1948
f 1706//1706 1826//1826 1949//1949
f 1706//1706 1949//1949 1772//1772
f 1772//1772 1654//1654 1706//1706
f 1588//1588 1707//1707 1773//1773
f 2026//2026 1775//1775 1654//1654
f 1656//1656 1774//1774 1707//1707
f 1777//1777 1774//1774 1656//1656
f 1776//1776 1775//1775 1892//1892
f 1830//1830 1708//1708 1776//1776
f 1656//1656 1592//1592 1777//1777
f 1708//1708 1830//1830 1709//1709
f 1710//1710 1777//1777 1592//1592
f 1778//1778 1713//1713 1712//1712
f 1779//1779 1832//1832 1659//1659
f 1715//1715 1662//1662 1661//1661
f 1661//1661 1780//1780 1715//1715
f 1664//1664 1782//1782 1835//1835
f 1783//1783 1716//1716 1525//1525
f 1525//1525 1715//1715 1783//1783
f 1837//1837 1664//1664 1665//1665
f 1901//1901 1837//1837 1665//1665
f 1785//1785 1901//1901 1665//1665
f 1785//1785 1665//1665 1717//1717
f 1784//1784 1719//1719 1600//1600
f 1785//1785 1717//1717 1718//1718
f 1839//1839 1785//1785 1720//1720
f 1722//1722 1839//1839 1720//1720
f 1721//1721 1601//1601 1719//1719
f 1721//1721 1719//1719 1786//1786
f 1904//1904 1839//1839 1722//1722
f 1904//1904 1722//1722 1724//1724
f 1787//1787 1721//1721 1786//1786
f 1841//1841 1724//1724 1725//1725
f 1841//1841 1904//1904 1724//1724
f 1788//1788 1906//1906 1727//1727
f 1789//1789 1841//1841 1726//1726
f 1789//1789 1726//1726 1909//1909
f 1842//1842 1844//1844 1729//1729
f 1727//1727 1906//1906 1729//1729
f 1790//1790 1789//1789 1909//1909
f 1844//1844 1728//1728 1729//1729
f 1672//1672 1845//1845 1730//1730
f 1606//1606 1792//1792 1672//1672
f 1732//1732 1792//1792 1606//1606
f 1673//1673 1794//1794 1734//1734
f 1735//1735 1734//1734 1794//1794
f 1732//1732 1675//1675 1793//1793
f 1793//1793 1675//1675 1795//1795
f 1735//1735 1736//1736 1612//1612
f 1795//1795 1737//1737 1912//1912
f 1680//1680 1677//1677 1736//1736
f 1680//1680 1736//1736 1852//1852
f 1853//1853 1916//1916 1678//1678
f 1917//1917 1680//1680 1852//1852
f 1917//1917 1796//1796 1680//1680
f 1680//1680 1796//1796 1738//1738
f 1856//1856 1859//1859 1797//1797
f 1683//1683 1739//1739 1859//1859
f 1740//1740 1622//1622 1799//1799
f 1685//1685 1741//1741 1798//1798
f 1921//1921 1743//1743 1861//1861
f 1800//1800 1742//1742 1863//1863
f 1743//1743 1921//1921 1626//1626
f 1744//1744 1863//1863 1688//1688
f 1993//1993 1802//1802 1801//1801
f 1803//1803 1863//1863 1744//1744
f 1745//1745 1866//1866 1803//1803
f 1746//1746 1802//1802 1748//1748
f 1747//1747 1866//1866 1745//1745
f 1748//1748 1802//1802 1804//1804
f 1747//1747 1689//1689 1806//1806
f 1689//1689 1690//1690 1806//1806
f 1694//1694 1691//1691 1805//1805
f 1694//1694 1805//1805 1635//1635
f 1807//1807 1749//1749 1693//1693
f 1690//1690 1749//1749 1807//1807
f 1695//1695 1929//1929 1752//1752
f 1807//1807 1750//1750 1752//1752
f 1810//1810 1692//1692 1565//1565
f 1810//1810 1811//1811 1692//1692
f 1692//1692 1812//1812 1751//1751
f 1811//1811 1812//1812 1692//1692
f 1751//1751 1812//1812 1695//1695
f 1813//1813 1870//1870 1753//1753
f 1565//1565 1753//1753 1810//1810
f 1810//1810 1753//1753 1870//1870
f 1755//1755 1813//1813 1753//1753
f 1933//1933 1814//1814 1754//1754
f 1639//1639 1756//1756 1755//1755
f 1871//1871 1757//1757 1697//1697
f 1570//1570 1872//1872 1756//1756
f 1570//1570 1698//1698 1816//1816
f 1759//1759 1758//1758 1757//1757
f 1817//1817 1816//1816 1698//1698
f 1818//1818 1760//1760 1759//1759
f 1641//1641 1761//1761 1817//1817
f 1818//1818 1819//1819 1760//1760
f 1941//1941 1699//1699 1875//1875
f 1643//1643 1763//1763 1764//1764
f 1764//1764 1763//1763 1573//1573
f 2082//2082 1699//1699 1941//1941
f 1576//1576 1643//1643 1764//1764
f 2082//2082 1765//1765 1699//1699
f 1766//1766 1879//1879 1881//1881
f 1274//1274 1880//1880 1643//1643
f 1767//1767 2014//2014 1880//1880
f 2014//2014 1767//1767 1820//1820
f 1702//1702 1820//1820 1767//1767
f 1645//1645 1703//1703 1702//1702
f 1647//1647 1883//1883 1703//1703
f 1947//1947 1885//1885 1647//1647
f 2090//2090 1769//1769 1887//1887
f 1947//1947 1768//1768 1823//1823
f 1889//1889 2018//2018 1824//1824
f 1827//1827 1772//1772 1949//1949
f 1827//1827 1654//1654 1772//1772
f 1773//1773 1890//1890 1771//1771
f 1773//1773 1828//1828 1890//1890
f 1707//1707 1828//1828 1773//1773
f 2026//2026 1654//1654 1952//1952
f 1828//1828 1707//1707 1774//1774
f 1892//1892 1775//1775 2026//2026
f 1777//1777 1828//1828 1774//1774
f 1776//1776 1892//1892 1829//1829
f 1829//1829 1830//1830 1776//1776
f 1894//1894 1711//1711 1709//1709
f 1710//1710 1831//1831 1895//1895
f 1832//1832 1831//1831 1710//1710
f 1832//1832 1710//1710 1659//1659
f 1713//1713 1778//1778 1833//1833
f 1714//1714 1832//1832 1779//1779
f 1714//1714 1834//1834 1832//1832
f 1833//1833 1780//1780 1713//1713
f 1834//1834 1714//1714 1781//1781
f 1782//1782 1834//1834 1781//1781
f 1715//1715 1780//1780 2031//2031
f 1835//1835 1782//1782 1781//1781
f 1837//1837 1782//1782 1664//1664
f 1899//1899 1784//1784 1716//1716
f 1716//1716 1783//1783 1899//1899
f 1901//1901 1785//1785 1839//1839
f 1786//1786 1719//1719 1838//1838
f 1904//1904 1903//1903 1839//1839
f 1965//1965 1787//1787 1786//1786
f 1965//1965 1788//1788 1787//1787
f 1840//1840 1905//1905 1904//1904
f 1841//1841 1840//1840 1904//1904
f 1790//1790 1841//1841 1789//1789
f 1729//1729 1906//1906 1842//1842
f 1909//1909 2116//2116 1790//1790
f 1969//1969 1844//1844 1842//1842
f 1730//1730 1845//1845 1731//1731
f 1731//1731 1845//1845 1670//1670
f 1670//1670 1847//1847 1791//1791
f 1845//1845 1847//1847 1670//1670
f 1732//1732 1910//1910 1846//1846
f 1732//1732 1846//1846 1792//1792
f 1672//1672 1792//1792 1846//1846
f 1791//1791 1847//1847 1673//1673
f 1794//1794 1673//1673 1847//1847
f 1732//1732 1793//1793 1910//1910
f 1735//1735 1794//1794 1848//1848
f 1735//1735 1848//1848 1849//1849
f 1793//1793 1795//1795 2047//2047
f 1736//1736 1735//1735 1849//1849
f 1912//1912 1737//1737 1851//1851
f 1916//1916 1851//1851 1737//1737
f 1915//1915 1852//1852 1736//1736
f 1855//1855 1854//1854 1853//1853
f 1855//1855 1853//1853 1856//1856
f 1857//1857 1856//1856 1797//1797
f 1917//1917 1738//1738 1796//1796
f 1858//1858 1738//1738 1917//1917
f 1738//1738 1858//1858 1622//1622
f 1987//1987 1622//1622 1858//1858
f 1859//1859 1739//1739 1798//1798
f 1799//1799 1622//1622 1860//1860
f 1860//1860 1989//1989 1799//1799
f 1862//1862 1741//1741 1742//1742
f 1989//1989 1921//1921 1861//1861
f 1864//1864 1993//1993 1801//1801
f 1803//1803 1865//1865 1863//1863
f 1993//1993 1923//1923 1802//1802
f 1923//1923 1924//1924 1802//1802
f 1802//1802 1924//1924 1804//1804
f 1925//1925 1866//1866 1806//1806
f 1806//1806 1866//1866 1747//1747
f 1924//1924 1805//1805 1804//1804
f 1927//1927 1805//1805 1924//1924
f 1925//1925 1806//1806 1867//1867
f 1869//1869 1868//1868 1690//1690
f 1806//1806 1690//1690 1867//1867
f 1867//1867 1690//1690 1868//1868
f 1927//1927 1808//1808 1805//1805
f 1635//1635 1805//1805 1808//1808
f 1690//1690 1807//1807 1869//1869
f 1869//1869 1807//1807 1752//1752
f 1812//1812 1929//1929 1695//1695
f 2003//2003 1809//1809 1808//1808
f 2003//2003 1754//1754 1809//1809
f 1755//1755 1870//1870 1813//1813
f 1755//1755 1815//1815 1870//1870
f 1814//1814 1935//1935 1871//1871
f 1814//1814 1933//1933 1935//1935
f 2010//2010 1757//1757 1873//1873
f 1816//1816 1874//1874 1570//1570
f 2010//2010 1759//1759 1757//1757
f 1759//1759 1819//1819 1818//1818
f 1762//1762 1763//1763 1761//1761
f 1819//1819 1876//1876 1875//1875
f 1819//1819 1938//1938 1876//1876
f 1876//1876 1941//1941 1875//1875
f 1643//1643 1877//1877 1763//1763
f 1766//1766 1765//1765 2082//2082
f 1880//1880 1943//1943 1643//1643
f 2016//2016 1821//1821 1882//1882
f 2016//2016 1884//1884 1821//1821
f 1886//1886 1822//1822 1884//1884
f 1770//1770 1769//1769 2090//2090
f 1825//1825 1770//1770 1888//1888
f 1888//1888 1826//1826 1825//1825
f 2021//2021 1826//1826 1888//1888
f 1827//1827 1949//1949 1951//1951
f 1771//1771 1890//1890 1948//1948
f 1952//1952 1654//1654 1827//1827
f 1828//1828 1891//1891 1950//1950
f 1777//1777 2028//2028 1893//1893
f 1709//1709 1830//1830 1829//1829
f 1710//1710 2028//2028 1777//1777
f 1895//1895 2028//2028 1710//1710
f 1778//1778 1711//1711 1896//1896
f 1832//1832 2030//2030 1831//1831
f 1778//1778 1896//1896 1897//1897
f 1834//1834 2030//2030 1832//1832
f 1833//1833 1778//1778 1897//1897
f 2031//2031 1780//1780 1833//1833
f 1715//1715 2031//2031 1956//1956
f 1715//1715 1956//1956 1836//1836
f 1783//1783 1715//1715 1836//1836
f 1837//1837 1898//1898 1782//1782
f 1837//1837 1900//1900 1898//1898
f 1783//1783 1836//1836 1958//1958
f 1783//1783 1958//1958 1899//1899
f 1900//1900 1837//1837 1901//1901
f 1719//1719 1784//1784 1899//1899
f 1719//1719 1899//1899 1838//1838
f 1901//1901 1839//1839 1960//1960
f 1960//1960 1839//1839 1903//1903
f 1786//1786 1838//1838 1965//1965
f 1904//1904 2035//2035 1903//1903
f 1966//1966 1904//1904 1905//1905
f 1905//1905 1840//1840 1841//1841
f 1906//1906 1788//1788 1965//1965
f 1841//1841 1907//1907 1905//1905
f 1968//1968 1907//1907 1841//1841
f 1908//1908 1841//1841 1790//1790
f 1908//1908 1968//1968 1841//1841
f 1967//1967 1969//1969 1842//1842
f 1842//1842 1906//1906 1967//1967
f 1972//1972 1971//1971 1843//1843
f 1969//1969 1843//1843 1844//1844
f 1969//1969 1972//1972 1843//1843
f 1672//1672 1975//1975 1973//1973
f 1672//1672 2044//2044 1845//1845
f 1973//1973 2044//2044 1672//1672
f 2044//2044 1847//1847 1845//1845
f 1672//1672 1846//1846 1975//1975
f 1794//1794 1847//1847 1911//1911
f 1911//1911 1848//1848 1794//1794
f 1793//1793 2047//2047 1977//1977
f 1910//1910 1793//1793 1977//1977
f 1795//1795 1912//1912 2047//2047
f 1849//1849 1850//1850 1736//1736
f 1851//1851 1913//1913 1912//1912
f 1850//1850 1914//1914 1736//1736
f 1915//1915 1736//1736 1914//1914
f 1916//1916 1853//1853 1854//1854
f 1916//1916 1854//1854 1855//1855
f 1857//1857 1916//1916 1855//1855
f 1857//1857 1855//1855 1856//1856
f 1797//1797 1918//1918 1857//1857
f 1859//1859 1919//1919 1797//1797
f 1860//1860 1622//1622 1987//1987
f 1919//1919 1859//1859 1920//1920
f 1798//1798 1741//1741 1859//1859
f 1741//1741 1990//1990 2059//2059
f 1862//1862 1990//1990 1741//1741
f 1991//1991 1921//1921 1989//1989
f 1800//1800 1922//1922 1742//1742
f 1742//1742 1922//1922 1862//1862
f 1921//1921 1864//1864 1801//1801
f 1863//1863 1922//1922 1800//1800
f 1865//1865 1922//1922 1863//1863
f 1866//1866 1925//1925 1803//1803
f 1868//1868 1926//1926 1925//1925
f 1867//1867 1868//1868 1925//1925
f 1927//1927 1999//1999 1808//1808
f 1752//1752 1928//1928 1869//1869
f 1752//1752 1929//1929 1928//1928
f 1808//1808 1999//1999 2003//2003
f 1812//1812 1930//1930 1929//1929
f 1811//1811 1810//1810 1930//1930
f 1811//1811 1930//1930 1812//1812
f 1933//1933 1754//1754 2003//2003
f 1932//1932 1931//1931 1870//1870
f 1815//1815 1932//1932 1870//1870
f 1815//1815 1934//1934 1932//1932
f 1935//1935 1933//1933 2006//2006
f 1755//1755 1934//1934 1815//1815
f 2007//2007 1871//1871 1935//1935
f 1873//1873 1871//1871 2007//2007
f 1936//1936 1756//1756 1872//1872
f 1871//1871 1873//1873 1757//1757
f 1570//1570 1874//1874 1872//1872
f 1872//1872 1874//1874 1936//1936
f 1759//1759 2010//2010 1819//1819
f 1874//1874 1816//1816 2081//2081
f 1817//1817 2081//2081 1816//1816
f 1939//1939 2011//2011 1761//1761
f 1817//1817 1761//1761 1937//1937
f 1937//1937 1761//1761 2011//2011
f 1763//1763 1939//1939 1761//1761
f 1763//1763 1877//1877 1940//1940
f 1643//1643 2012//2012 1877//1877
f 1878//1878 2012//2012 1643//1643
f 1643//1643 1942//1942 1878//1878
f 2013//2013 1766//1766 2082//2082
f 1643//1643 1943//1943 1942//1942
f 2013//2013 1879//1879 1766//1766
f 1944//1944 1881//1881 1879//1879
f 1882//1882 1944//1944 2016//2016
f 1702//1702 1945//1945 1820//1820
f 1820//1820 1945//1945 2014//2014
f 1703//1703 1945//1945 1702//1702
f 1886//1886 1884//1884 2016//2016
f 2090//2090 1887//1887 1886//1886
f 1947//1947 1946//1946 1885//1885
f 2091//2091 1770//1770 2090//2090
f 1824//1824 1823//1823 1768//1768
f 2021//2021 1888//1888 1770//1770
f 2020//2020 2018//2018 1889//1889
f 1889//1889 2022//2022 2020//2020
f 1889//1889 1948//1948 2022//2022
f 2021//2021 1949//1949 1826//1826
f 1828//1828 1950//1950 1890//1890
f 1951//1951 1952//1952 1827//1827
f 1777//1777 1891//1891 1828//1828
f 1893//1893 1953//1953 1777//1777
f 1829//1829 1892//1892 2027//2027
f 2027//2027 1709//1709 1829//1829
f 2027//2027 1894//1894 1709//1709
f 1895//1895 1954//1954 2028//2028
f 2099//2099 1711//1711 1894//1894
f 1831//1831 1954//1954 1895//1895
f 1897//1897 1896//1896 1955//1955
f 1833//1833 1897//1897 2031//2031
f 2103//2103 2030//2030 1834//1834
f 1957//1957 2103//2103 1834//1834
f 1898//1898 1957//1957 1834//1834
f 1898//1898 1834//1834 1782//1782
f 1898//1898 1900//1900 1957//1957
f 1901//1901 1959//1959 1900//1900
f 1901//1901 1960//1960 1959//1959
f 1838//1838 1899//1899 1902//1902
f 1963//1963 1962//1962 1838//1838
f 1838//1838 1902//1902 1961//1961
f 1838//1838 1961//1961 1963//1963
f 1965//1965 1838//1838 1962//1962
f 1966//1966 2035//2035 1904//1904
f 1907//1907 1966//1966 1905//1905
f 1906//1906 1965//1965 1964//1964
f 1906//1906 1964//1964 1967//1967
f 1908//1908 1790//1790 1968//1968
f 1970//1970 1968//1968 1790//1790
f 1970//1970 1790//1790 2116//2116
f 1971//1971 2116//2116 1909//1909
f 1847//1847 2044//2044 1974//1974
f 1910//1910 1975//1975 1846//1846
f 2044//2044 1976//1976 1974//1974
f 1974//1974 1976//1976 1847//1847
f 1976//1976 1911//1911 1847//1847
f 1975//1975 1910//1910 1977//1977
f 1978//1978 1848//1848 1911//1911
f 1848//1848 1979//1979 1980//1980
f 1980//1980 1849//1849 1848//1848
f 2047//2047 1912//1912 2050//2050
f 1980//1980 1979//1979 1849//1849
f 1979//1979 1850//1850 1849//1849
f 1913//1913 2050//2050 1912//1912
f 1981//1981 1915//1915 1914//1914
f 1982//1982 1851//1851 1916//1916
f 1913//1913 1851//1851 1982//1982
f 1981//1981 1852//1852 1915//1915
f 1983//1983 1852//1852 1981//1981
f 1852//1852 1983//1983 1917//1917
f 1916//1916 1984//1984 1982//1982
f 1857//1857 1986//1986 1916//1916
f 1986//1986 1984//1984 1916//1916
f 1917//1917 1985//1985 1858//1858
f 1917//1917 1983//1983 1985//1985
f 1918//1918 1986//1986 1857//1857
f 2053//2053 1858//1858 1985//1985
f 1858//1858 2129//2129 1987//1987
f 1858//1858 2053//2053 2129//2129
f 1920//1920 1986//1986 1918//1918
f 1919//1919 1920//1920 1797//1797
f 1797//1797 1920//1920 1918//1918
f 2129//2129 1860//1860 1987//1987
f 1920//1920 2059//2059 2058//2058
f 1741//1741 1920//1920 1859//1859
f 1741//1741 2059//2059 1920//1920
f 1988//1988 1989//1989 1860//1860
f 1921//1921 1991//1991 2061//2061
f 2061//2061 1864//1864 1921//1921
f 1864//1864 2062//2062 1993//1993
f 1865//1865 2064//2064 1922//1922
f 1923//1923 1993//1993 2062//2062
f 1803//1803 1994//1994 2064//2064
f 1803//1803 2064//2064 1865//1865
f 1925//1925 1994//1994 1803//1803
f 1925//1925 1996//1996 1994//1994
f 1924//1924 1995//1995 1927//1927
f 1925//1925 1997//1997 1996//1996
f 1926//1926 1997//1997 1925//1925
f 1998//1998 1997//1997 1868//1868
f 1868//1868 1997//1997 1926//1926
f 1927//1927 2072//2072 1999//1999
f 1869//1869 1998//1998 1868//1868
f 1928//1928 1998//1998 1869//1869
f 2002//2002 2000//2000 1930//1930
f 1930//1930 2000//2000 1929//1929
f 1929//1929 2000//2000 1998//1998
f 1929//1929 1998//1998 1928//1928
f 1931//1931 2001//2001 1870//1870
f 1870//1870 2001//2001 1810//1810
f 1810//1810 2001//2001 1930//1930
f 1930//1930 2001//2001 2002//2002
f 2003//2003 2004//2004 2005//2005
f 2005//2005 1933//1933 2003//2003
f 2005//2005 2006//2006 1933//1933
f 2006//2006 2007//2007 1935//1935
f 1756//1756 1934//1934 1755//1755
f 1936//1936 2008//2008 1756//1756
f 2081//2081 2009//2009 1874//1874
f 1937//1937 2081//2081 1817//1817
f 2153//2153 1938//1938 1819//1819
f 1763//1763 2011//2011 1939//1939
f 1763//1763 1940//1940 2011//2011
f 2158//2158 1876//1876 1938//1938
f 2012//2012 1940//1940 1877//1877
f 1878//1878 1942//1942 2012//2012
f 2223//2223 1879//1879 2013//2013
f 1880//1880 2084//2084 1943//1943
f 2223//2223 1944//1944 1879//1879
f 2014//2014 2084//2084 1880//1880
f 1944//1944 2015//2015 2016//2016
f 1883//1883 1945//1945 1703//1703
f 2227//2227 1886//1886 2016//2016
f 1647//1647 2089//2089 1883//1883
f 1885//1885 2089//2089 1647//1647
f 2162//2162 2090//2090 1886//1886
f 1947//1947 2017//2017 1946//1946
f 1947//1947 1823//1823 2018//2018
f 1824//1824 2018//2018 1823//1823
f 2019//2019 2021//2021 1770//1770
f 2018//2018 2020//2020 2092//2092
f 1949//1949 2021//2021 2023//2023
f 2023//2023 2093//2093 1951//1951
f 2023//2023 1951//1951 1949//1949
f 1948//1948 1890//1890 2094//2094
f 1890//1890 1950//1950 2094//2094
f 2025//2025 2026//2026 1952//1952
f 2025//2025 1952//1952 1951//1951
f 1777//1777 1953//1953 1891//1891
f 1892//1892 2026//2026 2027//2027
f 1894//1894 2098//2098 2099//2099
f 2027//2027 2098//2098 1894//1894
f 2099//2099 2029//2029 1896//1896
f 2099//2099 1896//1896 1711//1711
f 1896//1896 2029//2029 1955//1955
f 2029//2029 2101//2101 1897//1897
f 2029//2029 1897//1897 1955//1955
f 2031//2031 1897//1897 2101//2101
f 1957//1957 2178//2178 2103//2103
f 2032//2032 2104//2104 1836//1836
f 2032//2032 1836//1836 1956//1956
f 1958//1958 1836//1836 2104//2104
f 1958//1958 2104//2104 2105//2105
f 2033//2033 2106//2106 1957//1957
f 2107//2107 2033//2033 1957//1957
f 2107//2107 1957//1957 1900//1900
f 1899//1899 1958//1958 2105//2105
f 1899//1899 2105//2105 1902//1902
f 2107//2107 1900//1900 1959//1959
f 2107//2107 1960//1960 2034//2034
f 1959//1959 1960//1960 2107//2107
f 1902//1902 2183//2183 1961//1961
f 1903//1903 2108//2108 1960//1960
f 2110//2110 1903//1903 2035//2035
f 1965//1965 1962//1962 1963//1963
f 1965//1965 1963//1963 2037//2037
f 1966//1966 2036//2036 2035//2035
f 1964//1964 1965//1965 2040//2040
f 2038//2038 2036//2036 1966//1966
f 2038//2038 1966//1966 1907//1907
f 2038//2038 1907//1907 2114//2114
f 2040//2040 2039//2039 1967//1967
f 1967//1967 1964//1964 2040//2040
f 2187//2187 1907//1907 1968//1968
f 2187//2187 2114//2114 1907//1907
f 2041//2041 2187//2187 1968//1968
f 1969//1969 2188//2188 1972//1972
f 1969//1969 2117//2117 2188//2188
f 2042//2042 2117//2117 1969//1969
f 1969//1969 1967//1967 2039//2039
f 1969//1969 2039//2039 2042//2042
f 1970//1970 2041//2041 1968//1968
f 2115//2115 1970//1970 2116//2116
f 2188//2188 2116//2116 1971//1971
f 1971//1971 1972//1972 2188//2188
f 1975//1975 2043//2043 1973//1973
f 2043//2043 2044//2044 1973//1973
f 2045//2045 1976//1976 2044//2044
f 1911//1911 2045//2045 2046//2046
f 1976//1976 2045//2045 1911//1911
f 1975//1975 1977//1977 2048//2048
f 2046//2046 1978//1978 1911//1911
f 1978//1978 2046//2046 1848//1848
f 2046//2046 2049//2049 1848//1848
f 2049//2049 1979//1979 1848//1848
f 1979//1979 2049//2049 2120//2120
f 1850//1850 1979//1979 1914//1914
f 2050//2050 1913//1913 2051//2051
f 2124//2124 1914//1914 1979//1979
f 1981//1981 1914//1914 2124//2124
f 2199//2199 1913//1913 1982//1982
f 2052//2052 2199//2199 1982//1982
f 2124//2124 1983//1983 1981//1981
f 1984//1984 2052//2052 1982//1982
f 1985//1985 1983//1983 2053//2053
f 1986//1986 2054//2054 1984//1984
f 1984//1984 2054//2054 2127//2127
f 1986//1986 2055//2055 2054//2054
f 1920//1920 2055//2055 1986//1986
f 1860//1860 2129//2129 2131//2131
f 1920//1920 2058//2058 2055//2055
f 2055//2055 2059//2059 2057//2057
f 2058//2058 2059//2059 2055//2055
f 1989//1989 1988//1988 1991//1991
f 1862//1862 2060//2060 1990//1990
f 1990//1990 2060//2060 2059//2059
f 1862//1862 1992//1992 2060//2060
f 1992//1992 2063//2063 2060//2060
f 1862//1862 2063//2063 1992//1992
f 1922//1922 2063//2063 1862//1862
f 1864//1864 2061//2061 2062//2062
f 2064//2064 2063//2063 1922//1922
f 1923//1923 2062//2062 2065//2065
f 2065//2065 1924//1924 1923//1923
f 1994//1994 1996//1996 2064//2064
f 1924//1924 2145//2145 2066//2066
f 2066//2066 1995//1995 1924//1924
f 1996//1996 2067//2067 2064//2064
f 2066//2066 1927//1927 1995//1995
f 2068//2068 1996//1996 1997//1997
f 2068//2068 2067//2067 1996//1996
f 2146//2146 1927//1927 2066//2066
f 1998//1998 2068//2068 1997//1997
f 2146//2146 2072//2072 1927//1927
f 2071//2071 2068//2068 1998//1998
f 2073//2073 2069//2069 2000//2000
f 2000//2000 2069//2069 2070//2070
f 2070//2070 2071//2071 2000//2000
f 2000//2000 2071//2071 1998//1998
f 1999//1999 2072//2072 2075//2075
f 2074//2074 2073//2073 2001//2001
f 2001//2001 2073//2073 2002//2002
f 2002//2002 2073//2073 2000//2000
f 2003//2003 1999//1999 2075//2075
f 1931//1931 2074//2074 2001//2001
f 2075//2075 2004//2004 2003//2003
f 1932//1932 2293//2293 1931//1931
f 1932//1932 2076//2076 2293//2293
f 2077//2077 2006//2006 2005//2005
f 2078//2078 1932//1932 1934//1934
f 2078//2078 2076//2076 1932//1932
f 2006//2006 2077//2077 2152//2152
f 2007//2007 2006//2006 2152//2152
f 1756//1756 2008//2008 1934//1934
f 2007//2007 2152//2152 1873//1873
f 1936//1936 1874//1874 2079//2079
f 2215//2215 2010//2010 1873//1873
f 2009//2009 2079//2079 1874//1874
f 2080//2080 1819//1819 2010//2010
f 2153//2153 2156//2156 1938//1938
f 1937//1937 2011//2011 2081//2081
f 2081//2081 2011//2011 1940//1940
f 2158//2158 1938//1938 2156//2156
f 1941//1941 1876//1876 2082//2082
f 1876//1876 2159//2159 2082//2082
f 1942//1942 2160//2160 2012//2012
f 1943//1943 2083//2083 1942//1942
f 2223//2223 2013//2013 2302//2302
f 2084//2084 2221//2221 1943//1943
f 2015//2015 1944//1944 2223//2223
f 2014//2014 2085//2085 2084//2084
f 2086//2086 2014//2014 1945//1945
f 2086//2086 2085//2085 2014//2014
f 2227//2227 2016//2016 2015//2015
f 2088//2088 2087//2087 1945//1945
f 1883//1883 2088//2088 1945//1945
f 1945//1945 2087//2087 2086//2086
f 2089//2089 2088//2088 1883//1883
f 2227//2227 2162//2162 1886//1886
f 1946//1946 2089//2089 1885//1885
f 2018//2018 2017//2017 1947//1947
f 2091//2091 2019//2019 1770//1770
f 2166//2166 2021//2021 2019//2019
f 1948//1948 2167//2167 2022//2022
f 1948//1948 2094//2094 2167//2167
f 2093//2093 2023//2023 2021//2021
f 1950//1950 2024//2024 2094//2094
f 2095//2095 2025//2025 1951//1951
f 1950//1950 1891//1891 2024//2024
f 2095//2095 2026//2026 2025//2025
f 2095//2095 2096//2096 2026//2026
f 2026//2026 2096//2096 2097//2097
f 2097//2097 2313//2313 2027//2027
f 2097//2097 2027//2027 2026//2026
f 2028//2028 1954//1954 1893//1893
f 1954//1954 2174//2174 1893//1893
f 1831//1831 2100//2100 1954//1954
f 2100//2100 1831//1831 2030//2030
f 2029//2029 2176//2176 2101//2101
f 2100//2100 2030//2030 2237//2237
f 1956//1956 2031//2031 2102//2102
f 1956//1956 2102//2102 2032//2032
f 1957//1957 2179//2179 2178//2178
f 2106//2106 2179//2179 1957//1957
f 1902//1902 2105//2105 2181//2181
f 1902//1902 2181//2181 2183//2183
f 2107//2107 2034//2034 2108//2108
f 1961//1961 2183//2183 2184//2184
f 2108//2108 2034//2034 1960//1960
f 2109//2109 2108//2108 1903//1903
f 2110//2110 2109//2109 1903//1903
f 2035//2035 2036//2036 2110//2110
f 2111//2111 2037//2037 1963//1963
f 2038//2038 2112//2112 2036//2036
f 2040//2040 1965//1965 2037//2037
f 2040//2040 2037//2037 2113//2113
f 2187//2187 2186//2186 2114//2114
f 2115//2115 2041//2041 1970//1970
f 2040//2040 2042//2042 2039//2039
f 2187//2187 2115//2115 2257//2257
f 2189//2189 1975//1975 2118//2118
f 1975//1975 2189//2189 2043//2043
f 2043//2043 2189//2189 2044//2044
f 2047//2047 2190//2190 1977//1977
f 2048//2048 1977//1977 2190//2190
f 2048//2048 2190//2190 1975//1975
f 2046//2046 2045//2045 2119//2119
f 2119//2119 2049//2049 2046//2046
f 2049//2049 2119//2119 2120//2120
f 2122//2122 2050//2050 2121//2121
f 2047//2047 2050//2050 2122//2122
f 2051//2051 2194//2194 2050//2050
f 2120//2120 2123//2123 1979//1979
f 1913//1913 2194//2194 2051//2051
f 2123//2123 2124//2124 1979//1979
f 1913//1913 2196//2196 2194//2194
f 2199//2199 2196//2196 1913//1913
f 2124//2124 2125//2125 1983//1983
f 2126//2126 2199//2199 2052//2052
f 2053//2053 1983//1983 2125//2125
f 1984//1984 2126//2126 2052//2052
f 2127//2127 2126//2126 1984//1984
f 2128//2128 2129//2129 2053//2053
f 2055//2055 2127//2127 2054//2054
f 2056//2056 2130//2130 2127//2127
f 2055//2055 2056//2056 2127//2127
f 2133//2133 2130//2130 2056//2056
f 2055//2055 2133//2133 2056//2056
f 1860//1860 2131//2131 2200//2200
f 2134//2134 2132//2132 2130//2130
f 2134//2134 2130//2130 2133//2133
f 2057//2057 2133//2133 2055//2055
f 2200//2200 1988//1988 1860//1860
f 2134//2134 2135//2135 2132//2132
f 2060//2060 2133//2133 2059//2059
f 2059//2059 2133//2133 2057//2057
f 2200//2200 1991//1991 1988//1988
f 2134//2134 2133//2133 2060//2060
f 2061//2061 1991//1991 2200//2200
f 2137//2137 2135//2135 2134//2134
f 2060//2060 2137//2137 2134//2134
f 2136//2136 2203//2203 2135//2135
f 2135//2135 2138//2138 2136//2136
f 2137//2137 2138//2138 2135//2135
f 2060//2060 2138//2138 2137//2137
f 2140//2140 2138//2138 2060//2060
f 2063//2063 2140//2140 2060//2060
f 2061//2061 2139//2139 2062//2062
f 2281//2281 2062//2062 2139//2139
f 2064//2064 2140//2140 2063//2063
f 2281//2281 2065//2065 2062//2062
f 2140//2140 2143//2143 2141//2141
f 2144//2144 2143//2143 2140//2140
f 2144//2144 2140//2140 2142//2142
f 2064//2064 2142//2142 2140//2140
f 1924//1924 2065//2065 2145//2145
f 2144//2144 2142//2142 2064//2064
f 2071//2071 2147//2147 2143//2143
f 2143//2143 2144//2144 2067//2067
f 2067//2067 2144//2144 2064//2064
f 2145//2145 2146//2146 2066//2066
f 2071//2071 2143//2143 2068//2068
f 2068//2068 2143//2143 2067//2067
f 2069//2069 2209//2209 2149//2149
f 2149//2149 2147//2147 2069//2069
f 2069//2069 2147//2147 2070//2070
f 2070//2070 2147//2147 2071//2071
f 2146//2146 2148//2148 2072//2072
f 2073//2073 2209//2209 2069//2069
f 2148//2148 2208//2208 2072//2072
f 2072//2072 2208//2208 2210//2210
f 2074//2074 2211//2211 2073//2073
f 2073//2073 2211//2211 2209//2209
f 2072//2072 2150//2150 2075//2075
f 2072//2072 2210//2210 2150//2150
f 1931//1931 2211//2211 2074//2074
f 2004//2004 2075//2075 2005//2005
f 2151//2151 2005//2005 2075//2075
f 2005//2005 2151//2151 2077//2077
f 2152//2152 2077//2077 2151//2151
f 2008//2008 2078//2078 1934//1934
f 2152//2152 2215//2215 1873//1873
f 2010//2010 2215//2215 2080//2080
f 1819//1819 2080//2080 2153//2153
f 2155//2155 2154//2154 2081//2081
f 2009//2009 2081//2081 2154//2154
f 2218//2218 2156//2156 2153//2153
f 2157//2157 2219//2219 1940//1940
f 2012//2012 2157//2157 1940//1940
f 2159//2159 1876//1876 2158//2158
f 2013//2013 2082//2082 2159//2159
f 2083//2083 2160//2160 1942//1942
f 1943//1943 2161//2161 2083//2083
f 2221//2221 2161//2161 1943//1943
f 2224//2224 2015//2015 2223//2223
f 2224//2224 2227//2227 2015//2015
f 2087//2087 2088//2088 2089//2089
f 2226//2226 2089//2089 1946//1946
f 1946//1946 2163//2163 2229//2229
f 2306//2306 2090//2090 2162//2162
f 2306//2306 2091//2091 2090//2090
f 1946//1946 2017//2017 2165//2165
f 1946//1946 2165//2165 2163//2163
f 2018//2018 2165//2165 2017//2017
f 2165//2165 2164//2164 2163//2163
f 2306//2306 2166//2166 2091//2091
f 2018//2018 2092//2092 2165//2165
f 2166//2166 2019//2019 2091//2091
f 2167//2167 2020//2020 2022//2022
f 2021//2021 2166//2166 2168//2168
f 2168//2168 2093//2093 2021//2021
f 2094//2094 2024//2024 2235//2235
f 2093//2093 2169//2169 1951//1951
f 2169//2169 2234//2234 2095//2095
f 2169//2169 2095//2095 1951//1951
f 2024//2024 1891//1891 2171//2171
f 1891//1891 2172//2172 2171//2171
f 1953//1953 2172//2172 1891//1891
f 2095//2095 2313//2313 2097//2097
f 2095//2095 2097//2097 2096//2096
f 1893//1893 2173//2173 1953//1953
f 2098//2098 2027//2027 2313//2313
f 1954//1954 2315//2315 2174//2174
f 2175//2175 2176//2176 2099//2099
f 2175//2175 2099//2099 2098//2098
f 1954//1954 2100//2100 2315//2315
f 2176//2176 2029//2029 2099//2099
f 2103//2103 2237//2237 2030//2030
f 2031//2031 2101//2101 2319//2319
f 2031//2031 2319//2319 2102//2102
f 2103//2103 2178//2178 2239//2239
f 2104//2104 2032//2032 2177//2177
f 2105//2105 2104//2104 2180//2180
f 2243//2243 2179//2179 2106//2106
f 2243//2243 2106//2106 2244//2244
f 2180//2180 2181//2181 2105//2105
f 2033//2033 2244//2244 2106//2106
f 2107//2107 2182//2182 2033//2033
f 2182//2182 2244//2244 2033//2033
f 2246//2246 2182//2182 2107//2107
f 2108//2108 2109//2109 2107//2107
f 2109//2109 2246//2246 2107//2107
f 2250//2250 1963//1963 2184//2184
f 2184//2184 1963//1963 1961//1961
f 2110//2110 2251//2251 2109//2109
f 2111//2111 1963//1963 2250//2250
f 2185//2185 2251//2251 2110//2110
f 2185//2185 2110//2110 2036//2036
f 2037//2037 2253//2253 2252//2252
f 2037//2037 2111//2111 2253//2253
f 2112//2112 2185//2185 2036//2036
f 2112//2112 2038//2038 2185//2185
f 2252//2252 2113//2113 2037//2037
f 2114//2114 2254//2254 2038//2038
f 2258//2258 2040//2040 2255//2255
f 2042//2042 2040//2040 2258//2258
f 2255//2255 2040//2040 2113//2113
f 2186//2186 2256//2256 2114//2114
f 2187//2187 2041//2041 2115//2115
f 2257//2257 2115//2115 2116//2116
f 2257//2257 2116//2116 2188//2188
f 2258//2258 2188//2188 2117//2117
f 2258//2258 2117//2117 2042//2042
f 2344//2344 2045//2045 2044//2044
f 2344//2344 2044//2044 2189//2189
f 2190//2190 2118//2118 1975//1975
f 2189//2189 2118//2118 2344//2344
f 2344//2344 2262//2262 2045//2045
f 2191//2191 2119//2119 2045//2045
f 2047//2047 2192//2192 2263//2263
f 2190//2190 2047//2047 2263//2263
f 2119//2119 2191//2191 2346//2346
f 2122//2122 2121//2121 2047//2047
f 2121//2121 2192//2192 2047//2047
f 2346//2346 2193//2193 2120//2120
f 2119//2119 2346//2346 2120//2120
f 2193//2193 2123//2123 2120//2120
f 2194//2194 2267//2267 2050//2050
f 2268//2268 2195//2195 2123//2123
f 2123//2123 2195//2195 2124//2124
f 2124//2124 2195//2195 2268//2268
f 2268//2268 2125//2125 2124//2124
f 2199//2199 2197//2197 2196//2196
f 2125//2125 2349//2349 2198//2198
f 2198//2198 2053//2053 2125//2125
f 2198//2198 2128//2128 2053//2053
f 2126//2126 2272//2272 2199//2199
f 2127//2127 2272//2272 2126//2126
f 2274//2274 2129//2129 2128//2128
f 2130//2130 2272//2272 2127//2127
f 2131//2131 2129//2129 2274//2274
f 2275//2275 2131//2131 2274//2274
f 2201//2201 2130//2130 2132//2132
f 2135//2135 2201//2201 2132//2132
f 2203//2203 2201//2201 2135//2135
f 2136//2136 2201//2201 2203//2203
f 2204//2204 2201//2201 2136//2136
f 2061//2061 2200//2200 2202//2202
f 2205//2205 2204//2204 2136//2136
f 2061//2061 2281//2281 2139//2139
f 2140//2140 2136//2136 2138//2138
f 2141//2141 2205//2205 2140//2140
f 2140//2140 2205//2205 2136//2136
f 2205//2205 2282//2282 2204//2204
f 2065//2065 2281//2281 2207//2207
f 2282//2282 2147//2147 2286//2286
f 2206//2206 2282//2282 2205//2205
f 2147//2147 2282//2282 2206//2206
f 2206//2206 2205//2205 2143//2143
f 2143//2143 2205//2205 2141//2141
f 2149//2149 2286//2286 2147//2147
f 2147//2147 2206//2206 2143//2143
f 2145//2145 2065//2065 2207//2207
f 2209//2209 2287//2287 2149//2149
f 2149//2149 2287//2287 2286//2286
f 2146//2146 2145//2145 2288//2288
f 2146//2146 2208//2208 2148//2148
f 1931//1931 2293//2293 2211//2211
f 2075//2075 2150//2150 2212//2212
f 2075//2075 2294//2294 2151//2151
f 2075//2075 2212//2212 2294//2294
f 2151//2151 2365//2365 2213//2213
f 2151//2151 2294//2294 2365//2365
f 2213//2213 2152//2152 2151//2151
f 2152//2152 2213//2213 2365//2365
f 2449//2449 2152//2152 2365//2365
f 2296//2296 2078//2078 2008//2008
f 2296//2296 2214//2214 2078//2078
f 2297//2297 2152//2152 2449//2449
f 1936//1936 2296//2296 2008//2008
f 2297//2297 2215//2215 2152//2152
f 1936//1936 2295//2295 2296//2296
f 2079//2079 2295//2295 1936//1936
f 2079//2079 2009//2009 2216//2216
f 2080//2080 2215//2215 2153//2153
f 2215//2215 2369//2369 2153//2153
f 2155//2155 2009//2009 2154//2154
f 2217//2217 2218//2218 2153//2153
f 2081//2081 2371//2371 2155//2155
f 1940//1940 2371//2371 2081//2081
f 2301//2301 2159//2159 2158//2158
f 2160//2160 2220//2220 2012//2012
f 2301//2301 2013//2013 2159//2159
f 2083//2083 2161//2161 2160//2160
f 2013//2013 2301//2301 2302//2302
f 2084//2084 2222//2222 2221//2221
f 2223//2223 2302//2302 2377//2377
f 2086//2086 2084//2084 2085//2085
f 2225//2225 2227//2227 2224//2224
f 2089//2089 2226//2226 2087//2087
f 2464//2464 2227//2227 2225//2225
f 1946//1946 2229//2229 2228//2228
f 1946//1946 2228//2228 2226//2226
f 2228//2228 2229//2229 2163//2163
f 2228//2228 2163//2163 2230//2230
f 2383//2383 2306//2306 2162//2162
f 2164//2164 2230//2230 2163//2163
f 2231//2231 2230//2230 2164//2164
f 2230//2230 2307//2307 2305//2305
f 2230//2230 2231//2231 2307//2307
f 2309//2309 2231//2231 2164//2164
f 2309//2309 2164//2164 2165//2165
f 2232//2232 2231//2231 2309//2309
f 2092//2092 2385//2385 2165//2165
f 2309//2309 2165//2165 2385//2385
f 2020//2020 2167//2167 2092//2092
f 2385//2385 2092//2092 2167//2167
f 2166//2166 2233//2233 2310//2310
f 2166//2166 2310//2310 2168//2168
f 2094//2094 2386//2386 2167//2167
f 2093//2093 2168//2168 2234//2234
f 2234//2234 2169//2169 2093//2093
f 2024//2024 2170//2170 2235//2235
f 2024//2024 2390//2390 2170//2170
f 2236//2236 2095//2095 2234//2234
f 2390//2390 2024//2024 2172//2172
f 2171//2171 2172//2172 2024//2024
f 2236//2236 2313//2313 2095//2095
f 1953//1953 2173//2173 2172//2172
f 2313//2313 2314//2314 2175//2175
f 2313//2313 2175//2175 2098//2098
f 2175//2175 2314//2314 2176//2176
f 2100//2100 2237//2237 2315//2315
f 2101//2101 2176//2176 2319//2319
f 2103//2103 2239//2239 2237//2237
f 2319//2319 2397//2397 2102//2102
f 2032//2032 2102//2102 2397//2397
f 2032//2032 2397//2397 2177//2177
f 2239//2239 2178//2178 2240//2240
f 2241//2241 2104//2104 2177//2177
f 2243//2243 2325//2325 2179//2179
f 2180//2180 2104//2104 2241//2241
f 2181//2181 2180//2180 2242//2242
f 2244//2244 2182//2182 2329//2329
f 2245//2245 2184//2184 2183//2183
f 2183//2183 2181//2181 2242//2242
f 2183//2183 2242//2242 2245//2245
f 2184//2184 2247//2247 2249//2249
f 2331//2331 2248//2248 2109//2109
f 2250//2250 2184//2184 2249//2249
f 2251//2251 2331//2331 2109//2109
f 2335//2335 2185//2185 2038//2038
f 2254//2254 2335//2335 2038//2038
f 2113//2113 2252//2252 2253//2253
f 2255//2255 2113//2113 2253//2253
f 2114//2114 2256//2256 2254//2254
f 2186//2186 2259//2259 2256//2256
f 2259//2259 2186//2186 2187//2187
f 2340//2340 2259//2259 2187//2187
f 2260//2260 2340//2340 2187//2187
f 2341//2341 2260//2260 2187//2187
f 2341//2341 2187//2187 2257//2257
f 2261//2261 2341//2341 2257//2257
f 2261//2261 2257//2257 2342//2342
f 2257//2257 2188//2188 2258//2258
f 2118//2118 2190//2190 2263//2263
f 2118//2118 2343//2343 2344//2344
f 2262//2262 2191//2191 2045//2045
f 2192//2192 2121//2121 2263//2263
f 2191//2191 2264//2264 2346//2346
f 2346//2346 2123//2123 2193//2193
f 2346//2346 2265//2265 2123//2123
f 2121//2121 2050//2050 2267//2267
f 2265//2265 2347//2347 2123//2123
f 2347//2347 2268//2268 2123//2123
f 2269//2269 2194//2194 2196//2196
f 2269//2269 2267//2267 2194//2194
f 2268//2268 2349//2349 2125//2125
f 2198//2198 2349//2349 2352//2352
f 2199//2199 2271//2271 2197//2197
f 2197//2197 2271//2271 2196//2196
f 2198//2198 2352//2352 2270//2270
f 2271//2271 2199//2199 2272//2272
f 2270//2270 2274//2274 2198//2198
f 2274//2274 2128//2128 2198//2198
f 2130//2130 2273//2273 2272//2272
f 2276//2276 2130//2130 2201//2201
f 2202//2202 2200//2200 2131//2131
f 2277//2277 2276//2276 2201//2201
f 2204//2204 2355//2355 2201//2201
f 2201//2201 2355//2355 2277//2277
f 2279//2279 2061//2061 2202//2202
f 2204//2204 2357//2357 2355//2355
f 2280//2280 2061//2061 2279//2279
f 2280//2280 2281//2281 2061//2061
f 2281//2281 2550//2550 2283//2283
f 2286//2286 2359//2359 2282//2282
f 2283//2283 2207//2207 2281//2281
f 2207//2207 2285//2285 2284//2284
f 2207//2207 2360//2360 2285//2285
f 2284//2284 2145//2145 2207//2207
f 2284//2284 2285//2285 2145//2145
f 2285//2285 2288//2288 2145//2145
f 2289//2289 2287//2287 2209//2209
f 2288//2288 2208//2208 2146//2146
f 2560//2560 2362//2362 2208//2208
f 2209//2209 2443//2443 2289//2289
f 2210//2210 2208//2208 2290//2290
f 2208//2208 2362//2362 2290//2290
f 2211//2211 2443//2443 2209//2209
f 2290//2290 2150//2150 2210//2210
f 2291//2291 2150//2150 2290//2290
f 2212//2212 2150//2150 2291//2291
f 2292//2292 2211//2211 2293//2293
f 2291//2291 2294//2294 2212//2212
f 2076//2076 2078//2078 2293//2293
f 2449//2449 2451//2451 2297//2297
f 2079//2079 2298//2298 2295//2295
f 2369//2369 2215//2215 2297//2297
f 2216//2216 2298//2298 2079//2079
f 2369//2369 2454//2454 2153//2153
f 2155//2155 2216//2216 2009//2009
f 2454//2454 2299//2299 2153//2153
f 2217//2217 2153//2153 2299//2299
f 2371//2371 2216//2216 2155//2155
f 2219//2219 2371//2371 1940//1940
f 2217//2217 2156//2156 2218//2218
f 2158//2158 2156//2156 2301//2301
f 2012//2012 2219//2219 2157//2157
f 2012//2012 2300//2300 2219//2219
f 2220//2220 2300//2300 2012//2012
f 2220//2220 2160//2160 2161//2161
f 2459//2459 2377//2377 2302//2302
f 2222//2222 2376//2376 2221//2221
f 2461//2461 2223//2223 2377//2377
f 2461//2461 2224//2224 2223//2223
f 2087//2087 2226//2226 2378//2378
f 2162//2162 2227//2227 2464//2464
f 2230//2230 2303//2303 2228//2228
f 2230//2230 2304//2304 2303//2303
f 2305//2305 2304//2304 2230//2230
f 2303//2303 2304//2304 2305//2305
f 2303//2303 2305//2305 2381//2381
f 2166//2166 2306//2306 2593//2593
f 2231//2231 2308//2308 2307//2307
f 2308//2308 2231//2231 2232//2232
f 2473//2473 2310//2310 2233//2233
f 2168//2168 2310//2310 2388//2388
f 2386//2386 2094//2094 2170//2170
f 2388//2388 2234//2234 2168//2168
f 2235//2235 2170//2170 2094//2094
f 2312//2312 2236//2236 2234//2234
f 2312//2312 2392//2392 2236//2236
f 2392//2392 2313//2313 2236//2236
f 2173//2173 2391//2391 2172//2172
f 1893//1893 2174//2174 2173//2173
f 2394//2394 2314//2314 2313//2313
f 2174//2174 2315//2315 2173//2173
f 2315//2315 2237//2237 2317//2317
f 2316//2316 2176//2176 2314//2314
f 2238//2238 2318//2318 2237//2237
f 2176//2176 2320//2320 2319//2319
f 2238//2238 2237//2237 2321//2321
f 2321//2321 2237//2237 2322//2322
f 2319//2319 2320//2320 2397//2397
f 2322//2322 2239//2239 2323//2323
f 2237//2237 2239//2239 2322//2322
f 2239//2239 2240//2240 2323//2323
f 2324//2324 2177//2177 2397//2397
f 2178//2178 2179//2179 2240//2240
f 2240//2240 2179//2179 2325//2325
f 2241//2241 2177//2177 2324//2324
f 2326//2326 2325//2325 2243//2243
f 2326//2326 2243//2243 2327//2327
f 2241//2241 2328//2328 2180//2180
f 2243//2243 2493//2493 2327//2327
f 2328//2328 2242//2242 2180//2180
f 2244//2244 2496//2496 2243//2243
f 2496//2496 2493//2493 2243//2243
f 2242//2242 2328//2328 2245//2245
f 2329//2329 2497//2497 2244//2244
f 2497//2497 2496//2496 2244//2244
f 2245//2245 2247//2247 2184//2184
f 2246//2246 2329//2329 2182//2182
f 2248//2248 2403//2403 2109//2109
f 2403//2403 2246//2246 2109//2109
f 2330//2330 2250//2250 2249//2249
f 2332//2332 2405//2405 2331//2331
f 2332//2332 2331//2331 2251//2251
f 2111//2111 2250//2250 2330//2330
f 2185//2185 2334//2334 2251//2251
f 2334//2334 2332//2332 2251//2251
f 2333//2333 2253//2253 2111//2111
f 2185//2185 2335//2335 2334//2334
f 2336//2336 2335//2335 2254//2254
f 2258//2258 2511//2511 2415//2415
f 2255//2255 2337//2337 2511//2511
f 2337//2337 2255//2255 2411//2411
f 2411//2411 2255//2255 2253//2253
f 2256//2256 2336//2336 2254//2254
f 2338//2338 2336//2336 2256//2256
f 2339//2339 2256//2256 2259//2259
f 2339//2339 2338//2338 2256//2256
f 2342//2342 2258//2258 2415//2415
f 2257//2257 2258//2258 2342//2342
f 2511//2511 2258//2258 2255//2255
f 2339//2339 2259//2259 2340//2340
f 2340//2340 2260//2260 2341//2341
f 2341//2341 2261//2261 2342//2342
f 2118//2118 2263//2263 2343//2343
f 2344//2344 2343//2343 2416//2416
f 2344//2344 2416//2416 2262//2262
f 2262//2262 2416//2416 2191//2191
f 2416//2416 2264//2264 2191//2191
f 2121//2121 2345//2345 2263//2263
f 2416//2416 2346//2346 2264//2264
f 2121//2121 2420//2420 2345//2345
f 2267//2267 2266//2266 2121//2121
f 2347//2347 2348//2348 2268//2268
f 2269//2269 2350//2350 2267//2267
f 2268//2268 2348//2348 2349//2349
f 2350//2350 2269//2269 2196//2196
f 2348//2348 2352//2352 2349//2349
f 2271//2271 2351//2351 2196//2196
f 2351//2351 2350//2350 2196//2196
f 2352//2352 2274//2274 2270//2270
f 2426//2426 2271//2271 2272//2272
f 2429//2429 2274//2274 2352//2352
f 2273//2273 2426//2426 2272//2272
f 2429//2429 2275//2275 2274//2274
f 2354//2354 2273//2273 2130//2130
f 2429//2429 2353//2353 2275//2275
f 2353//2353 2131//2131 2275//2275
f 2276//2276 2277//2277 2130//2130
f 2354//2354 2130//2130 2430//2430
f 2430//2430 2130//2130 2277//2277
f 2353//2353 2202//2202 2131//2131
f 2202//2202 2353//2353 2278//2278
f 2356//2356 2202//2202 2278//2278
f 2356//2356 2279//2279 2202//2202
f 2435//2435 2355//2355 2357//2357
f 2356//2356 2280//2280 2279//2279
f 2356//2356 2281//2281 2280//2280
f 2282//2282 2357//2357 2204//2204
f 2358//2358 2550//2550 2281//2281
f 2356//2356 2358//2358 2281//2281
f 2359//2359 2357//2357 2282//2282
f 2283//2283 2360//2360 2207//2207
f 2286//2286 2287//2287 2359//2359
f 2360//2360 2288//2288 2285//2285
f 2288//2288 2560//2560 2208//2208
f 2290//2290 2362//2362 2441//2441
f 2211//2211 2363//2363 2443//2443
f 2292//2292 2363//2363 2211//2211
f 2290//2290 2364//2364 2291//2291
f 2293//2293 2363//2363 2292//2292
f 2293//2293 2563//2563 2363//2363
f 2364//2364 2444//2444 2291//2291
f 2294//2294 2291//2291 2444//2444
f 2078//2078 2563//2563 2293//2293
f 2366//2366 2078//2078 2214//2214
f 2296//2296 2366//2366 2214//2214
f 2446//2446 2366//2366 2296//2296
f 2451//2451 2449//2449 2567//2567
f 2367//2367 2296//2296 2295//2295
f 2298//2298 2367//2367 2295//2295
f 2297//2297 2368//2368 2369//2369
f 2216//2216 2367//2367 2298//2298
f 2216//2216 2370//2370 2367//2367
f 2216//2216 2371//2371 2370//2370
f 2299//2299 2454//2454 2217//2217
f 2454//2454 2574//2574 2217//2217
f 2219//2219 2373//2373 2371//2371
f 2372//2372 2156//2156 2217//2217
f 2301//2301 2156//2156 2372//2372
f 2219//2219 2300//2300 2373//2373
f 2372//2372 2580//2580 2301//2301
f 2221//2221 2220//2220 2161//2161
f 2459//2459 2301//2301 2375//2375
f 2302//2302 2301//2301 2459//2459
f 2376//2376 2220//2220 2221//2221
f 2584//2584 2224//2224 2461//2461
f 2705//2705 2224//2224 2584//2584
f 2705//2705 2225//2225 2224//2224
f 2087//2087 2378//2378 2086//2086
f 2464//2464 2225//2225 2705//2705
f 2228//2228 2378//2378 2226//2226
f 2465//2465 2228//2228 2303//2303
f 2465//2465 2303//2303 2466//2466
f 2303//2303 2379//2379 2466//2466
f 2380//2380 2379//2379 2303//2303
f 2381//2381 2380//2380 2303//2303
f 2382//2382 2381//2381 2305//2305
f 2307//2307 2382//2382 2305//2305
f 2593//2593 2306//2306 2383//2383
f 2308//2308 2384//2384 2307//2307
f 2469//2469 2307//2307 2471//2471
f 2471//2471 2307//2307 2384//2384
f 2593//2593 2472//2472 2233//2233
f 2593//2593 2233//2233 2166//2166
f 2472//2472 2473//2473 2233//2233
f 2309//2309 2385//2385 2475//2475
f 2232//2232 2309//2309 2475//2475
f 2385//2385 2167//2167 2386//2386
f 2388//2388 2310//2310 2473//2473
f 2170//2170 2387//2387 2386//2386
f 2170//2170 2389//2389 2387//2387
f 2234//2234 2388//2388 2478//2478
f 2478//2478 2312//2312 2234//2234
f 2172//2172 2311//2311 2390//2390
f 2478//2478 2392//2392 2312//2312
f 2392//2392 2612//2612 2394//2394
f 2392//2392 2394//2394 2313//2313
f 2173//2173 2393//2393 2391//2391
f 2314//2314 2394//2394 2396//2396
f 2315//2315 2317//2317 2173//2173
f 2395//2395 2173//2173 2317//2317
f 2396//2396 2316//2316 2314//2314
f 2320//2320 2176//2176 2316//2316
f 2318//2318 2317//2317 2237//2237
f 2322//2322 2238//2238 2321//2321
f 2325//2325 2326//2326 2240//2240
f 2398//2398 2489//2489 2241//2241
f 2398//2398 2241//2241 2324//2324
f 2241//2241 2489//2489 2399//2399
f 2328//2328 2241//2241 2399//2399
f 2401//2401 2400//2400 2328//2328
f 2328//2328 2400//2400 2245//2245
f 2246//2246 2497//2497 2329//2329
f 2401//2401 2247//2247 2400//2400
f 2400//2400 2247//2247 2245//2245
f 2403//2403 2402//2402 2246//2246
f 2404//2404 2247//2247 2401//2401
f 2249//2249 2247//2247 2404//2404
f 2331//2331 2403//2403 2248//2248
f 2330//2330 2249//2249 2404//2404
f 2407//2407 2406//2406 2330//2330
f 2410//2410 2408//2408 2332//2332
f 2111//2111 2406//2406 2407//2407
f 2409//2409 2111//2111 2407//2407
f 2333//2333 2111//2111 2409//2409
f 2406//2406 2111//2111 2330//2330
f 2334//2334 2410//2410 2332//2332
f 2412//2412 2253//2253 2333//2333
f 2411//2411 2253//2253 2412//2412
f 2335//2335 2410//2410 2334//2334
f 2410//2410 2335//2335 2507//2507
f 2335//2335 2336//2336 2507//2507
f 2342//2342 2414//2414 2413//2413
f 2411//2411 2511//2511 2337//2337
f 2339//2339 2513//2513 2336//2336
f 2338//2338 2339//2339 2336//2336
f 2340//2340 2513//2513 2339//2339
f 2516//2516 2340//2340 2341//2341
f 2516//2516 2342//2342 2413//2413
f 2341//2341 2342//2342 2516//2516
f 2414//2414 2342//2342 2415//2415
f 2648//2648 2519//2519 2343//2343
f 2648//2648 2343//2343 2417//2417
f 2416//2416 2343//2343 2519//2519
f 2520//2520 2263//2263 2345//2345
f 2520//2520 2417//2417 2263//2263
f 2263//2263 2417//2417 2343//2343
f 2418//2418 2419//2419 2416//2416
f 2419//2419 2346//2346 2416//2416
f 2421//2421 2423//2423 2346//2346
f 2419//2419 2421//2421 2346//2346
f 2266//2266 2422//2422 2121//2121
f 2121//2121 2422//2422 2420//2420
f 2524//2524 2347//2347 2265//2265
f 2346//2346 2524//2524 2265//2265
f 2423//2423 2524//2524 2346//2346
f 2347//2347 2524//2524 2348//2348
f 2350//2350 2424//2424 2267//2267
f 2424//2424 2525//2525 2267//2267
f 2267//2267 2525//2525 2266//2266
f 2524//2524 2425//2425 2348//2348
f 2425//2425 2352//2352 2348//2348
f 2531//2531 2352//2352 2425//2425
f 2531//2531 2427//2427 2352//2352
f 2536//2536 2271//2271 2426//2426
f 2427//2427 2429//2429 2352//2352
f 2429//2429 2427//2427 2428//2428
f 2354//2354 2426//2426 2273//2273
f 2278//2278 2429//2429 2432//2432
f 2278//2278 2353//2353 2429//2429
f 2355//2355 2430//2430 2277//2277
f 2431//2431 2430//2430 2355//2355
f 2432//2432 2356//2356 2278//2278
f 2431//2431 2355//2355 2433//2433
f 2433//2433 2355//2355 2435//2435
f 2356//2356 2434//2434 2436//2436
f 2357//2357 2548//2548 2435//2435
f 2358//2358 2356//2356 2436//2436
f 2359//2359 2548//2548 2357//2357
f 2437//2437 2550//2550 2358//2358
f 2359//2359 2438//2438 2548//2548
f 2552//2552 2548//2548 2438//2438
f 2287//2287 2438//2438 2359//2359
f 2361//2361 2438//2438 2287//2287
f 2283//2283 2439//2439 2360//2360
f 2360//2360 2439//2439 2288//2288
f 2440//2440 2288//2288 2439//2439
f 2289//2289 2361//2361 2287//2287
f 2440//2440 2560//2560 2288//2288
f 2560//2560 2442//2442 2441//2441
f 2560//2560 2441//2441 2362//2362
f 2442//2442 2290//2290 2441//2441
f 2364//2364 2445//2445 2444//2444
f 2078//2078 2446//2446 2447//2447
f 2078//2078 2447//2447 2563//2563
f 2365//2365 2294//2294 2448//2448
f 2294//2294 2444//2444 2448//2448
f 2448//2448 2449//2449 2365//2365
f 2366//2366 2446//2446 2078//2078
f 2452//2452 2450//2450 2296//2296
f 2450//2450 2446//2446 2296//2296
f 2367//2367 2452//2452 2296//2296
f 2297//2297 2451//2451 2569//2569
f 2297//2297 2569//2569 2368//2368
f 2370//2370 2453//2453 2367//2367
f 2454//2454 2369//2369 2368//2368
f 2455//2455 2370//2370 2371//2371
f 2372//2372 2217//2217 2574//2574
f 2456//2456 2371//2371 2373//2373
f 2457//2457 2373//2373 2300//2300
f 2580//2580 2372//2372 2579//2579
f 2220//2220 2457//2457 2300//2300
f 2220//2220 2458//2458 2457//2457
f 2580//2580 2375//2375 2301//2301
f 2374//2374 2458//2458 2220//2220
f 2461//2461 2377//2377 2459//2459
f 2084//2084 2376//2376 2222//2222
f 2084//2084 2462//2462 2376//2376
f 2462//2462 2084//2084 2463//2463
f 2086//2086 2463//2463 2084//2084
f 2378//2378 2463//2463 2086//2086
f 2463//2463 2378//2378 2465//2465
f 2585//2585 2464//2464 2705//2705
f 2228//2228 2465//2465 2378//2378
f 2589//2589 2162//2162 2464//2464
f 2467//2467 2379//2379 2380//2380
f 2709//2709 2162//2162 2589//2589
f 2381//2381 2468//2468 2380//2380
f 2468//2468 2467//2467 2380//2380
f 2709//2709 2383//2383 2162//2162
f 2382//2382 2468//2468 2381//2381
f 2307//2307 2469//2469 2382//2382
f 2711//2711 2593//2593 2383//2383
f 2472//2472 2470//2470 2473//2473
f 2232//2232 2476//2476 2308//2308
f 2308//2308 2476//2476 2384//2384
f 2476//2476 2471//2471 2384//2384
f 2232//2232 2475//2475 2476//2476
f 2387//2387 2599//2599 2385//2385
f 2387//2387 2385//2385 2386//2386
f 2385//2385 2474//2474 2475//2475
f 2597//2597 2388//2388 2473//2473
f 2389//2389 2170//2170 2311//2311
f 2477//2477 2716//2716 2478//2478
f 2477//2477 2478//2478 2388//2388
f 2390//2390 2311//2311 2170//2170
f 2392//2392 2478//2478 2479//2479
f 2311//2311 2172//2172 2480//2480
f 2479//2479 2481//2481 2392//2392
f 2391//2391 2480//2480 2172//2172
f 2481//2481 2612//2612 2392//2392
f 2393//2393 2480//2480 2391//2391
f 2173//2173 2482//2482 2393//2393
f 2173//2173 2395//2395 2482//2482
f 2612//2612 2396//2396 2394//2394
f 2396//2396 2484//2484 2316//2316
f 2483//2483 2395//2395 2317//2317
f 2484//2484 2320//2320 2316//2316
f 2317//2317 2318//2318 2485//2485
f 2488//2488 2318//2318 2238//2238
f 2486//2486 2487//2487 2397//2397
f 2486//2486 2397//2397 2320//2320
f 2322//2322 2488//2488 2238//2238
f 2488//2488 2323//2323 2490//2490
f 2322//2322 2323//2323 2488//2488
f 2489//2489 2324//2324 2397//2397
f 2489//2489 2398//2398 2324//2324
f 2326//2326 2323//2323 2240//2240
f 2491//2491 2323//2323 2326//2326
f 2326//2326 2732//2732 2491//2491
f 2326//2326 2492//2492 2732//2732
f 2489//2489 2494//2494 2399//2399
f 2493//2493 2492//2492 2326//2326
f 2493//2493 2326//2326 2327//2327
f 2494//2494 2328//2328 2399//2399
f 2495//2495 2328//2328 2494//2494
f 2495//2495 2401//2401 2328//2328
f 2499//2499 2629//2629 2497//2497
f 2499//2499 2497//2497 2246//2246
f 2402//2402 2499//2499 2246//2246
f 2498//2498 2631//2631 2495//2495
f 2631//2631 2401//2401 2495//2495
f 2331//2331 2500//2500 2403//2403
f 2500//2500 2402//2402 2403//2403
f 2631//2631 2404//2404 2401//2401
f 2405//2405 2501//2501 2331//2331
f 2501//2501 2633//2633 2331//2331
f 2633//2633 2500//2500 2331//2331
f 2330//2330 2502//2502 2504//2504
f 2330//2330 2404//2404 2502//2502
f 2332//2332 2503//2503 2405//2405
f 2503//2503 2501//2501 2405//2405
f 2504//2504 2407//2407 2330//2330
f 2332//2332 2408//2408 2503//2503
f 2505//2505 2506//2506 2504//2504
f 2506//2506 2333//2333 2504//2504
f 2504//2504 2333//2333 2409//2409
f 2504//2504 2409//2409 2407//2407
f 2410//2410 2507//2507 2408//2408
f 2508//2508 2509//2509 2507//2507
f 2415//2415 2511//2511 2510//2510
f 2411//2411 2506//2506 2638//2638
f 2506//2506 2411//2411 2412//2412
f 2506//2506 2412//2412 2333//2333
f 2336//2336 2508//2508 2507//2507
f 2508//2508 2336//2336 2509//2509
f 2336//2336 2512//2512 2509//2509
f 2513//2513 2512//2512 2336//2336
f 2413//2413 2415//2415 2510//2510
f 2414//2414 2415//2415 2413//2413
f 2514//2514 2513//2513 2340//2340
f 2514//2514 2340//2340 2515//2515
f 2515//2515 2340//2340 2516//2516
f 2517//2517 2516//2516 2518//2518
f 2518//2518 2516//2516 2413//2413
f 2420//2420 2520//2520 2345//2345
f 2417//2417 2520//2520 2648//2648
f 2519//2519 2651//2651 2416//2416
f 2416//2416 2651//2651 2418//2418
f 2418//2418 2649//2649 2419//2419
f 2649//2649 2421//2421 2419//2419
f 2650//2650 2520//2520 2420//2420
f 2520//2520 2650//2650 2756//2756
f 2521//2521 2423//2423 2421//2421
f 2649//2649 2521//2521 2421//2421
f 2266//2266 2525//2525 2422//2422
f 2526//2526 2422//2422 2525//2525
f 2650//2650 2420//2420 2522//2522
f 2420//2420 2526//2526 2522//2522
f 2420//2420 2422//2422 2526//2526
f 2521//2521 2523//2523 2524//2524
f 2423//2423 2521//2521 2524//2524
f 2526//2526 2525//2525 2529//2529
f 2527//2527 2524//2524 2523//2523
f 2530//2530 2425//2425 2524//2524
f 2527//2527 2530//2530 2524//2524
f 2424//2424 2528//2528 2525//2525
f 2529//2529 2525//2525 2528//2528
f 2533//2533 2528//2528 2350//2350
f 2350//2350 2528//2528 2424//2424
f 2530//2530 2531//2531 2425//2425
f 2533//2533 2350//2350 2351//2351
f 2271//2271 2533//2533 2351//2351
f 2528//2528 2533//2533 2532//2532
f 2533//2533 2271//2271 2536//2536
f 2427//2427 2531//2531 2428//2428
f 2534//2534 2536//2536 2426//2426
f 2354//2354 2534//2534 2426//2426
f 2536//2536 2534//2534 2354//2354
f 2537//2537 2428//2428 2538//2538
f 2537//2537 2429//2429 2428//2428
f 2538//2538 2541//2541 2429//2429
f 2537//2537 2538//2538 2429//2429
f 2430//2430 2540//2540 2354//2354
f 2354//2354 2540//2540 2539//2539
f 2541//2541 2432//2432 2429//2429
f 2430//2430 2542//2542 2540//2540
f 2665//2665 2543//2543 2432//2432
f 2541//2541 2665//2665 2432//2432
f 2431//2431 2542//2542 2430//2430
f 2543//2543 2356//2356 2432//2432
f 2431//2431 2433//2433 2542//2542
f 2543//2543 2544//2544 2356//2356
f 2544//2544 2434//2434 2356//2356
f 2546//2546 2433//2433 2435//2435
f 2544//2544 2436//2436 2434//2434
f 2548//2548 2546//2546 2435//2435
f 2544//2544 2545//2545 2436//2436
f 2545//2545 2358//2358 2436//2436
f 2545//2545 2437//2437 2358//2358
f 2545//2545 2547//2547 2437//2437
f 2547//2547 2550//2550 2437//2437
f 2548//2548 2552//2552 2549//2549
f 2554//2554 2552//2552 2438//2438
f 2551//2551 2553//2553 2550//2550
f 2550//2550 2553//2553 2283//2283
f 2361//2361 2556//2556 2554//2554
f 2361//2361 2554//2554 2438//2438
f 2553//2553 2555//2555 2439//2439
f 2283//2283 2553//2553 2439//2439
f 2289//2289 2556//2556 2361//2361
f 2557//2557 2556//2556 2289//2289
f 2440//2440 2559//2559 2558//2558
f 2440//2440 2677//2677 2559//2559
f 2558//2558 2560//2560 2440//2440
f 2558//2558 2559//2559 2560//2560
f 2560//2560 2682//2682 2561//2561
f 2560//2560 2561//2561 2442//2442
f 2363//2363 2562//2562 2443//2443
f 2682//2682 2364//2364 2290//2290
f 2561//2561 2682//2682 2290//2290
f 2442//2442 2561//2561 2290//2290
f 2563//2563 2562//2562 2363//2363
f 2364//2364 2565//2565 2445//2445
f 2364//2364 2683//2683 2565//2565
f 2447//2447 2564//2564 2563//2563
f 2565//2565 2444//2444 2445//2445
f 2565//2565 2566//2566 2444//2444
f 2686//2686 2444//2444 2566//2566
f 2448//2448 2444//2444 2686//2686
f 2687//2687 2447//2447 2446//2446
f 2448//2448 2686//2686 2449//2449
f 2450//2450 2687//2687 2446//2446
f 2567//2567 2449//2449 2686//2686
f 2450//2450 2452//2452 2687//2687
f 2690//2690 2451//2451 2567//2567
f 2690//2690 2569//2569 2451//2451
f 2568//2568 2452//2452 2367//2367
f 2569//2569 2571//2571 2570//2570
f 2570//2570 2368//2368 2569//2569
f 2572//2572 2367//2367 2453//2453
f 2368//2368 2570//2570 2571//2571
f 2454//2454 2368//2368 2571//2571
f 2370//2370 2572//2572 2453//2453
f 2455//2455 2572//2572 2370//2370
f 2455//2455 2695//2695 2572//2572
f 2454//2454 2812//2812 2574//2574
f 2573//2573 2695//2695 2371//2371
f 2455//2455 2371//2371 2695//2695
f 2456//2456 2573//2573 2371//2371
f 2574//2574 2696//2696 2372//2372
f 2575//2575 2576//2576 2373//2373
f 2576//2576 2456//2456 2373//2373
f 2577//2577 2372//2372 2696//2696
f 2457//2457 2575//2575 2373//2373
f 2577//2577 2579//2579 2372//2372
f 2457//2457 2578//2578 2575//2575
f 2700//2700 2698//2698 2457//2457
f 2578//2578 2457//2457 2698//2698
f 2458//2458 2700//2700 2457//2457
f 2375//2375 2580//2580 2581//2581
f 2376//2376 2460//2460 2220//2220
f 2375//2375 2461//2461 2459//2459
f 2582//2582 2460//2460 2376//2376
f 2462//2462 2582//2582 2376//2376
f 2463//2463 2582//2582 2462//2462
f 2463//2463 2583//2583 2582//2582
f 2465//2465 2587//2587 2586//2586
f 2463//2463 2465//2465 2586//2586
f 2822//2822 2464//2464 2585//2585
f 2465//2465 2708//2708 2587//2587
f 2588//2588 2465//2465 2466//2466
f 2588//2588 2708//2708 2465//2465
f 2588//2588 2466//2466 2379//2379
f 2589//2589 2464//2464 2822//2822
f 2379//2379 2467//2467 2588//2588
f 2590//2590 2467//2467 2468//2468
f 2382//2382 2590//2590 2468//2468
f 2382//2382 2710//2710 2590//2590
f 2382//2382 2591//2591 2710//2710
f 2711//2711 2383//2383 2709//2709
f 2469//2469 2591//2591 2382//2382
f 2469//2469 2592//2592 2591//2591
f 2470//2470 2472//2472 2593//2593
f 2594//2594 2469//2469 2471//2471
f 2595//2595 2473//2473 2470//2470
f 2471//2471 2476//2476 2594//2594
f 2594//2594 2476//2476 2596//2596
f 2595//2595 2597//2597 2473//2473
f 2475//2475 2474//2474 2969//2969
f 2476//2476 2475//2475 2969//2969
f 2596//2596 2476//2476 2969//2969
f 2599//2599 2600//2600 2385//2385
f 2597//2597 2598//2598 2601//2601
f 2387//2387 2389//2389 2599//2599
f 2601//2601 2477//2477 2388//2388
f 2601//2601 2388//2388 2597//2597
f 2603//2603 2389//2389 2602//2602
f 2601//2601 2716//2716 2477//2477
f 2311//2311 2602//2602 2389//2389
f 2311//2311 2603//2603 2602//2602
f 2311//2311 2718//2718 2603//2603
f 2311//2311 2604//2604 2718//2718
f 2478//2478 2716//2716 2605//2605
f 2311//2311 2608//2608 2606//2606
f 2604//2604 2311//2311 2606//2606
f 2607//2607 2478//2478 2605//2605
f 2311//2311 2480//2480 2608//2608
f 2607//2607 2481//2481 2479//2479
f 2607//2607 2479//2479 2478//2478
f 2612//2612 2609//2609 2839//2839
f 2612//2612 2481//2481 2609//2609
f 2393//2393 2610//2610 2480//2480
f 2611//2611 2610//2610 2482//2482
f 2839//2839 2396//2396 2612//2612
f 2482//2482 2610//2610 2393//2393
f 2613//2613 2395//2395 2614//2614
f 2482//2482 2395//2395 2613//2613
f 2615//2615 2484//2484 2396//2396
f 2483//2483 2614//2614 2395//2395
f 2483//2483 2617//2617 2614//2614
f 2615//2615 2616//2616 2484//2484
f 2616//2616 2725//2725 2484//2484
f 2483//2483 2317//2317 2617//2617
f 2320//2320 2725//2725 2618//2618
f 2484//2484 2725//2725 2320//2320
f 2485//2485 2617//2617 2317//2317
f 2726//2726 2617//2617 2485//2485
f 2618//2618 2487//2487 2486//2486
f 2618//2618 2486//2486 2320//2320
f 2318//2318 2619//2619 2485//2485
f 2619//2619 2726//2726 2485//2485
f 2488//2488 2619//2619 2318//2318
f 2620//2620 2397//2397 2487//2487
f 2621//2621 2397//2397 2620//2620
f 2323//2323 2622//2622 2490//2490
f 2622//2622 2488//2488 2490//2490
f 2621//2621 2623//2623 2489//2489
f 2621//2621 2489//2489 2397//2397
f 2491//2491 2622//2622 2323//2323
f 2625//2625 2624//2624 2623//2623
f 2624//2624 2489//2489 2623//2623
f 2624//2624 2625//2625 2494//2494
f 2625//2625 2626//2626 2494//2494
f 2624//2624 2494//2494 2489//2489
f 2627//2627 2492//2492 2493//2493
f 2495//2495 2494//2494 2626//2626
f 2496//2496 2627//2627 2493//2493
f 2497//2497 2628//2628 2496//2496
f 2628//2628 2627//2627 2496//2496
f 2497//2497 2629//2629 2628//2628
f 2630//2630 2737//2737 2495//2495
f 2495//2495 2626//2626 2630//2630
f 2498//2498 2495//2495 2737//2737
f 2402//2402 2500//2500 2499//2499
f 2499//2499 2500//2500 2633//2633
f 2498//2498 2632//2632 2631//2631
f 2746//2746 2404//2404 2632//2632
f 2632//2632 2404//2404 2631//2631
f 2634//2634 2633//2633 2501//2501
f 2746//2746 2502//2502 2404//2404
f 2636//2636 2501//2501 2503//2503
f 2505//2505 2504//2504 2635//2635
f 2635//2635 2504//2504 2502//2502
f 2408//2408 2636//2636 2503//2503
f 2636//2636 2408//2408 2637//2637
f 2507//2507 2640//2640 2408//2408
f 2640//2640 2637//2637 2408//2408
f 2638//2638 2506//2506 2505//2505
f 2640//2640 2507//2507 2641//2641
f 2509//2509 2641//2641 2507//2507
f 2512//2512 2641//2641 2509//2509
f 2646//2646 2645//2645 2644//2644
f 2643//2643 2510//2510 2642//2642
f 2642//2642 2510//2510 2511//2511
f 2642//2642 2511//2511 2411//2411
f 2642//2642 2411//2411 2639//2639
f 2639//2639 2411//2411 2638//2638
f 2753//2753 2512//2512 2513//2513
f 2753//2753 2513//2513 2514//2514
f 2753//2753 2514//2514 2644//2644
f 2644//2644 2514//2514 2515//2515
f 2644//2644 2515//2515 2516//2516
f 2644//2644 2516//2516 2646//2646
f 2646//2646 2516//2516 2517//2517
f 2646//2646 2517//2517 2518//2518
f 2518//2518 2413//2413 2647//2647
f 2647//2647 2413//2413 2643//2643
f 2643//2643 2413//2413 2510//2510
f 2756//2756 2648//2648 2520//2520
f 2648//2648 2651//2651 2519//2519
f 2649//2649 2418//2418 2651//2651
f 2651//2651 2759//2759 2649//2649
f 2653//2653 2521//2521 2649//2649
f 2653//2653 2649//2649 2759//2759
f 2652//2652 2650//2650 2522//2522
f 2762//2762 2756//2756 2761//2761
f 2756//2756 2652//2652 2761//2761
f 2756//2756 2650//2650 2652//2652
f 2526//2526 2529//2529 2522//2522
f 2529//2529 2652//2652 2522//2522
f 2653//2653 2523//2523 2521//2521
f 2653//2653 2527//2527 2523//2523
f 2528//2528 2660//2660 2529//2529
f 2656//2656 2530//2530 2527//2527
f 2653//2653 2656//2656 2527//2527
f 2654//2654 2656//2656 2653//2653
f 2657//2657 2660//2660 2528//2528
f 2655//2655 2656//2656 2654//2654
f 2656//2656 2531//2531 2530//2530
f 2532//2532 2657//2657 2528//2528
f 2660//2660 2657//2657 2532//2532
f 2659//2659 2656//2656 2655//2655
f 2656//2656 2659//2659 2531//2531
f 2532//2532 2533//2533 2660//2660
f 2661//2661 2428//2428 2531//2531
f 2661//2661 2531//2531 2659//2659
f 2533//2533 2536//2536 2663//2663
f 2663//2663 2536//2536 2535//2535
f 2661//2661 2662//2662 2428//2428
f 2354//2354 2539//2539 2536//2536
f 2539//2539 2535//2535 2536//2536
f 2664//2664 2538//2538 2428//2428
f 2664//2664 2428//2428 2662//2662
f 2535//2535 2539//2539 2771//2771
f 2664//2664 2541//2541 2538//2538
f 2665//2665 2664//2664 2666//2666
f 2665//2665 2541//2541 2664//2664
f 2542//2542 2775//2775 2540//2540
f 2666//2666 2543//2543 2665//2665
f 2666//2666 2544//2544 2543//2543
f 2433//2433 2667//2667 2542//2542
f 2542//2542 2667//2667 2775//2775
f 2666//2666 2669//2669 2544//2544
f 2433//2433 2668//2668 2667//2667
f 2669//2669 2545//2545 2544//2544
f 2546//2546 2668//2668 2433//2433
f 2669//2669 2671//2671 2545//2545
f 2548//2548 2670//2670 2546//2546
f 2671//2671 2547//2547 2545//2545
f 2548//2548 2672//2672 2670//2670
f 2549//2549 2672//2672 2548//2548
f 2781//2781 2551//2551 2547//2547
f 2551//2551 2550//2550 2547//2547
f 2552//2552 2674//2674 2549//2549
f 2551//2551 2673//2673 2553//2553
f 2554//2554 2674//2674 2552//2552
f 2673//2673 2786//2786 2675//2675
f 2673//2673 2675//2675 2555//2555
f 2553//2553 2673//2673 2555//2555
f 2556//2556 2787//2787 2554//2554
f 2786//2786 2678//2678 2439//2439
f 2675//2675 2786//2786 2439//2439
f 2555//2555 2675//2675 2439//2439
f 2677//2677 2440//2440 2439//2439
f 2678//2678 2677//2677 2439//2439
f 2787//2787 2556//2556 2792//2792
f 2792//2792 2556//2556 2557//2557
f 2678//2678 2559//2559 2677//2677
f 2680//2680 2557//2557 2289//2289
f 2678//2678 2793//2793 2679//2679
f 2678//2678 2679//2679 2559//2559
f 2679//2679 2560//2560 2559//2559
f 2443//2443 2680//2680 2289//2289
f 2793//2793 2681//2681 2560//2560
f 2679//2679 2793//2793 2560//2560
f 2681//2681 2682//2682 2560//2560
f 2562//2562 2680//2680 2443//2443
f 2681//2681 2793//2793 2682//2682
f 2563//2563 2680//2680 2562//2562
f 2682//2682 2683//2683 2364//2364
f 2564//2564 2684//2684 2563//2563
f 2563//2563 2684//2684 2680//2680
f 2447//2447 2802//2802 2564//2564
f 2565//2565 2686//2686 2566//2566
f 2687//2687 2802//2802 2447//2447
f 2685//2685 2802//2802 2687//2687
f 2688//2688 2567//2567 2686//2686
f 2688//2688 2690//2690 2567//2567
f 2689//2689 2687//2687 2452//2452
f 2690//2690 2688//2688 2806//2806
f 2692//2692 2689//2689 2452//2452
f 2568//2568 2692//2692 2452//2452
f 2691//2691 2692//2692 2367//2367
f 2692//2692 2568//2568 2367//2367
f 2571//2571 2569//2569 2690//2690
f 2572//2572 2691//2691 2367//2367
f 2810//2810 2454//2454 2571//2571
f 2693//2693 2694//2694 2572//2572
f 2694//2694 2691//2691 2572//2572
f 2695//2695 2693//2693 2572//2572
f 2454//2454 2810//2810 2946//2946
f 2812//2812 2454//2454 2946//2946
f 2814//2814 2574//2574 2812//2812
f 2573//2573 2456//2456 2695//2695
f 2696//2696 2574//2574 2814//2814
f 2814//2814 2577//2577 2696//2696
f 2576//2576 2575//2575 2697//2697
f 2577//2577 2814//2814 2816//2816
f 2578//2578 2697//2697 2575//2575
f 2577//2577 2816//2816 2699//2699
f 2699//2699 2579//2579 2577//2577
f 2699//2699 2580//2580 2579//2579
f 2701//2701 2580//2580 2699//2699
f 2581//2581 2580//2580 2701//2701
f 2374//2374 2700//2700 2458//2458
f 2220//2220 2702//2702 2374//2374
f 2703//2703 2375//2375 2581//2581
f 2460//2460 2702//2702 2220//2220
f 2704//2704 2375//2375 2957//2957
f 2704//2704 2461//2461 2375//2375
f 2461//2461 2704//2704 2957//2957
f 2821//2821 2461//2461 2957//2957
f 2584//2584 2461//2461 2821//2821
f 2821//2821 2705//2705 2584//2584
f 2822//2822 2585//2585 2705//2705
f 2463//2463 2707//2707 2706//2706
f 2707//2707 2463//2463 2586//2586
f 2707//2707 2586//2586 2587//2587
f 2823//2823 2589//2589 2822//2822
f 2708//2708 2707//2707 2587//2587
f 2823//2823 2709//2709 2589//2589
f 2825//2825 2708//2708 2588//2588
f 2825//2825 2588//2588 2467//2467
f 2710//2710 2825//2825 2467//2467
f 2467//2467 2590//2590 2710//2710
f 2826//2826 2711//2711 2709//2709
f 2712//2712 2593//2593 2711//2711
f 2593//2593 2712//2712 2470//2470
f 2469//2469 2713//2713 2592//2592
f 2595//2595 2470//2470 2712//2712
f 2596//2596 2832//2832 2594//2594
f 2594//2594 2832//2832 2469//2469
f 2714//2714 2597//2597 2595//2595
f 2714//2714 2595//2595 2831//2831
f 2714//2714 2601//2601 2598//2598
f 2714//2714 2598//2598 2597//2597
f 2385//2385 2833//2833 2474//2474
f 2600//2600 2833//2833 2385//2385
f 2969//2969 2474//2474 2833//2833
f 2389//2389 2603//2603 2599//2599
f 2716//2716 2601//2601 2715//2715
f 2717//2717 2607//2607 2605//2605
f 2717//2717 2605//2605 2716//2716
f 2606//2606 2718//2718 2604//2604
f 2608//2608 2480//2480 2606//2606
f 2719//2719 2481//2481 2607//2607
f 2480//2480 2842//2842 2720//2720
f 2719//2719 2839//2839 2609//2609
f 2719//2719 2609//2609 2481//2481
f 2610//2610 2611//2611 2480//2480
f 2611//2611 2842//2842 2480//2480
f 2611//2611 2482//2482 2721//2721
f 2722//2722 2396//2396 2839//2839
f 2613//2613 2614//2614 2721//2721
f 2613//2613 2721//2721 2482//2482
f 2722//2722 2723//2723 2615//2615
f 2723//2723 2616//2616 2615//2615
f 2722//2722 2615//2615 2396//2396
f 2724//2724 2721//2721 2614//2614
f 2617//2617 2724//2724 2614//2614
f 2617//2617 2726//2726 2724//2724
f 2618//2618 2727//2727 2487//2487
f 2488//2488 2726//2726 2619//2619
f 2727//2727 2621//2621 2620//2620
f 2727//2727 2620//2620 2487//2487
f 2622//2622 2730//2730 2488//2488
f 2622//2622 2731//2731 2730//2730
f 2729//2729 2623//2623 2621//2621
f 2623//2623 2856//2856 2733//2733
f 2491//2491 2731//2731 2622//2622
f 2491//2491 2855//2855 2731//2731
f 2491//2491 2732//2732 2855//2855
f 2732//2732 2734//2734 2857//2857
f 2733//2733 2626//2626 2625//2625
f 2733//2733 2625//2625 2623//2623
f 2734//2734 2732//2732 2492//2492
f 2627//2627 2734//2734 2492//2492
f 2628//2628 2734//2734 2627//2627
f 2863//2863 2736//2736 2626//2626
f 2629//2629 2735//2735 2628//2628
f 2737//2737 2630//2630 2736//2736
f 2736//2736 2630//2630 2626//2626
f 2739//2739 2738//2738 2499//2499
f 2499//2499 2738//2738 2629//2629
f 2738//2738 2735//2735 2629//2629
f 2498//2498 2741//2741 2740//2740
f 2498//2498 2737//2737 2741//2741
f 2633//2633 2742//2742 2499//2499
f 2742//2742 2739//2739 2499//2499
f 2743//2743 2632//2632 2740//2740
f 2740//2740 2632//2632 2498//2498
f 2633//2633 2868//2868 2742//2742
f 2744//2744 2633//2633 2634//2634
f 2744//2744 2868//2868 2633//2633
f 2743//2743 2746//2746 2632//2632
f 2501//2501 2744//2744 2634//2634
f 2636//2636 2748//2748 2501//2501
f 2748//2748 2745//2745 2501//2501
f 2745//2745 2744//2744 2501//2501
f 2747//2747 2749//2749 2746//2746
f 2749//2749 2635//2635 2746//2746
f 2746//2746 2635//2635 2502//2502
f 2636//2636 2637//2637 2748//2748
f 2639//2639 2875//2875 2642//2642
f 2638//2638 2749//2749 2750//2750
f 2875//2875 2638//2638 2750//2750
f 2639//2639 2638//2638 2875//2875
f 2749//2749 2638//2638 2505//2505
f 2749//2749 2505//2505 2635//2635
f 2640//2640 2752//2752 2637//2637
f 2641//2641 2752//2752 2640//2640
f 2876//2876 2752//2752 2641//2641
f 2643//2643 2879//2879 2754//2754
f 2879//2879 2642//2642 2751//2751
f 2643//2643 2642//2642 2879//2879
f 2876//2876 2641//2641 2512//2512
f 2876//2876 2512//2512 2753//2753
f 2753//2753 2881//2881 2880//2880
f 2644//2644 2881//2881 2753//2753
f 2755//2755 2644//2644 2645//2645
f 2755//2755 2881//2881 2644//2644
f 2755//2755 2646//2646 2882//2882
f 2645//2645 2646//2646 2755//2755
f 2646//2646 2518//2518 2647//2647
f 2646//2646 2647//2647 2754//2754
f 2754//2754 2647//2647 2643//2643
f 2757//2757 2648//2648 2756//2756
f 2758//2758 2651//2651 2648//2648
f 2758//2758 2648//2648 2757//2757
f 2759//2759 2651//2651 2758//2758
f 2757//2757 2756//2756 2762//2762
f 2760//2760 2653//2653 2759//2759
f 2760//2760 2654//2654 2653//2653
f 2762//2762 2761//2761 2764//2764
f 2757//2757 2890//2890 2758//2758
f 2886//2886 2759//2759 2758//2758
f 2652//2652 2529//2529 2660//2660
f 2886//2886 2763//2763 2759//2759
f 2759//2759 2763//2763 2888//2888
f 2767//2767 2759//2759 2888//2888
f 2767//2767 2760//2760 2759//2759
f 2760//2760 2767//2767 2654//2654
f 2767//2767 2655//2655 2654//2654
f 2658//2658 2652//2652 2660//2660
f 2761//2761 2652//2652 2765//2765
f 2652//2652 2658//2658 2765//2765
f 2767//2767 2659//2659 2655//2655
f 2767//2767 2770//2770 2659//2659
f 2770//2770 2661//2661 2659//2659
f 2769//2769 2660//2660 2533//2533
f 2658//2658 2660//2660 2769//2769
f 2770//2770 2767//2767 2768//2768
f 2770//2770 2662//2662 2661//2661
f 2663//2663 2771//2771 2533//2533
f 2769//2769 2533//2533 2771//2771
f 2772//2772 2770//2770 2768//2768
f 2772//2772 2662//2662 2770//2770
f 2771//2771 2663//2663 2535//2535
f 2772//2772 2664//2664 2662//2662
f 2771//2771 2900//2900 2898//2898
f 2772//2772 2773//2773 2664//2664
f 2540//2540 2774//2774 2539//2539
f 2774//2774 2771//2771 2539//2539
f 2900//2900 2771//2771 2774//2774
f 2910//2910 2772//2772 2905//2905
f 2910//2910 2773//2773 2772//2772
f 2910//2910 2666//2666 2664//2664
f 2910//2910 2664//2664 2773//2773
f 2775//2775 2774//2774 2540//2540
f 2900//2900 2774//2774 2775//2775
f 2910//2910 2669//2669 2666//2666
f 2911//2911 2775//2775 2667//2667
f 2910//2910 2777//2777 2669//2669
f 2668//2668 2776//2776 2667//2667
f 2911//2911 2667//2667 2776//2776
f 2777//2777 2671//2671 2669//2669
f 2546//2546 2776//2776 2668//2668
f 2778//2778 2914//2914 2671//2671
f 2777//2777 2778//2778 2671//2671
f 2914//2914 2547//2547 2671//2671
f 2779//2779 2780//2780 2547//2547
f 2914//2914 2779//2779 2547//2547
f 2780//2780 2781//2781 2547//2547
f 2780//2780 2779//2779 2781//2781
f 2783//2783 2672//2672 2549//2549
f 3041//3041 2672//2672 2918//2918
f 2918//2918 2672//2672 2783//2783
f 2781//2781 2673//2673 2551//2551
f 2674//2674 2783//2783 2549//2549
f 2782//2782 2784//2784 2673//2673
f 2781//2781 2782//2782 2673//2673
f 2784//2784 2786//2786 2673//2673
f 2787//2787 2785//2785 2554//2554
f 2786//2786 2784//2784 2924//2924
f 2786//2786 2676//2676 2678//2678
f 2786//2786 2788//2788 2676//2676
f 2788//2788 2678//2678 2676//2676
f 2789//2789 2792//2792 2557//2557
f 2787//2787 2792//2792 2926//2926
f 2790//2790 2791//2791 2678//2678
f 2788//2788 2790//2790 2678//2678
f 2791//2791 2793//2793 2678//2678
f 2680//2680 2789//2789 2557//2557
f 2792//2792 2789//2789 2680//2680
f 2791//2791 2790//2790 2793//2793
f 2790//2790 2794//2794 2793//2793
f 2794//2794 2796//2796 2793//2793
f 2796//2796 2682//2682 2793//2793
f 2680//2680 2795//2795 2930//2930
f 2684//2684 2797//2797 2680//2680
f 2797//2797 2795//2795 2680//2680
f 2796//2796 2798//2798 2682//2682
f 2682//2682 2798//2798 2683//2683
f 2564//2564 2799//2799 2797//2797
f 2564//2564 2797//2797 2684//2684
f 2935//2935 2683//2683 2798//2798
f 2565//2565 2683//2683 2935//2935
f 2802//2802 2799//2799 2564//2564
f 2565//2565 2801//2801 2800//2800
f 2565//2565 2935//2935 2801//2801
f 2800//2800 2686//2686 2565//2565
f 2686//2686 2800//2800 2801//2801
f 2805//2805 2686//2686 2801//2801
f 2804//2804 2802//2802 2685//2685
f 2688//2688 2686//2686 2805//2805
f 2687//2687 2803//2803 2804//2804
f 2687//2687 2804//2804 2685//2685
f 3064//3064 2688//2688 2805//2805
f 2806//2806 2688//2688 3064//3064
f 2689//2689 2803//2803 2687//2687
f 2692//2692 2803//2803 2689//2689
f 2807//2807 2690//2690 2806//2806
f 2690//2690 2807//2807 2810//2810
f 2810//2810 2571//2571 2690//2690
f 2809//2809 2692//2692 2691//2691
f 2809//2809 2808//2808 2692//2692
f 2694//2694 2809//2809 2691//2691
f 2946//2946 2810//2810 3069//3069
f 2811//2811 2694//2694 2693//2693
f 2811//2811 2809//2809 2694//2694
f 2695//2695 2811//2811 2693//2693
f 2813//2813 2695//2695 2456//2456
f 2813//2813 2811//2811 2695//2695
f 2814//2814 2812//2812 2950//2950
f 2815//2815 2813//2813 2456//2456
f 2576//2576 2815//2815 2456//2456
f 2697//2697 2815//2815 2576//2576
f 2578//2578 2698//2698 2697//2697
f 2951//2951 2699//2699 2816//2816
f 2699//2699 2951//2951 2817//2817
f 2819//2819 2699//2699 2817//2817
f 2698//2698 2700//2700 2818//2818
f 2819//2819 2701//2701 2699//2699
f 2374//2374 2818//2818 2700//2700
f 2819//2819 2581//2581 2701//2701
f 2581//2581 2819//2819 3080//3080
f 2955//2955 2581//2581 3080//3080
f 2703//2703 2581//2581 2955//2955
f 2955//2955 2375//2375 2703//2703
f 2582//2582 2820//2820 2460//2460
f 2955//2955 2957//2957 2375//2375
f 2583//2583 2820//2820 2582//2582
f 2959//2959 2705//2705 2821//2821
f 2706//2706 2958//2958 2463//2463
f 2959//2959 2822//2822 2705//2705
f 2707//2707 2708//2708 2962//2962
f 2963//2963 2962//2962 2708//2708
f 2824//2824 2964//2964 2708//2708
f 2824//2824 2708//2708 2825//2825
f 2825//2825 2710//2710 2966//2966
f 2826//2826 2709//2709 2823//2823
f 2710//2710 2591//2591 2966//2966
f 2966//2966 2591//2591 2827//2827
f 2828//2828 2712//2712 2711//2711
f 2828//2828 2711//2711 2826//2826
f 2592//2592 2827//2827 2591//2591
f 2592//2592 2713//2713 2827//2827
f 2828//2828 2967//2967 2712//2712
f 2967//2967 2831//2831 2712//2712
f 2831//2831 2595//2595 2712//2712
f 2829//2829 2713//2713 2830//2830
f 2469//2469 2830//2830 2713//2713
f 2469//2469 2832//2832 2830//2830
f 2714//2714 2831//2831 3095//3095
f 2971//2971 2969//2969 2833//2833
f 2596//2596 2969//2969 2832//2832
f 2601//2601 2714//2714 2834//2834
f 2600//2600 2599//2599 2972//2972
f 2603//2603 2835//2835 2599//2599
f 2972//2972 2599//2599 2835//2835
f 2834//2834 2715//2715 2601//2601
f 2834//2834 2716//2716 2715//2715
f 2717//2717 2716//2716 2834//2834
f 2718//2718 2835//2835 2603//2603
f 2718//2718 2974//2974 2835//2835
f 2718//2718 2836//2836 2974//2974
f 2837//2837 2607//2607 2717//2717
f 2718//2718 2606//2606 2838//2838
f 2837//2837 2979//2979 2719//2719
f 2837//2837 2719//2719 2607//2607
f 2480//2480 2720//2720 2606//2606
f 2838//2838 2606//2606 2720//2720
f 2979//2979 2839//2839 2719//2719
f 2840//2840 2842//2842 2981//2981
f 2841//2841 2723//2723 2722//2722
f 2841//2841 2722//2722 2839//2839
f 2721//2721 2842//2842 2611//2611
f 2721//2721 2981//2981 2842//2842
f 2721//2721 2844//2844 2843//2843
f 2845//2845 2616//2616 2723//2723
f 2724//2724 2844//2844 2721//2721
f 2845//2845 2846//2846 2725//2725
f 2846//2846 2618//2618 2725//2725
f 2845//2845 2725//2725 2616//2616
f 2724//2724 2848//2848 2847//2847
f 2726//2726 2728//2728 2724//2724
f 2848//2848 2724//2724 2850//2850
f 2850//2850 2724//2724 2728//2728
f 2849//2849 2727//2727 2618//2618
f 2726//2726 2850//2850 2728//2728
f 2852//2852 2727//2727 2849//2849
f 2853//2853 2851//2851 2488//2488
f 2488//2488 2851//2851 2726//2726
f 2851//2851 2850//2850 2726//2726
f 2852//2852 2621//2621 2727//2727
f 2730//2730 2853//2853 2488//2488
f 2852//2852 2729//2729 2621//2621
f 2731//2731 2853//2853 2730//2730
f 2854//2854 2623//2623 2729//2729
f 2854//2854 2856//2856 2623//2623
f 2732//2732 2857//2857 2855//2855
f 2856//2856 2994//2994 2733//2733
f 2994//2994 2858//2858 2733//2733
f 2626//2626 2858//2858 2860//2860
f 2733//2733 2858//2858 2626//2626
f 2628//2628 2861//2861 2734//2734
f 2861//2861 2859//2859 2734//2734
f 2858//2858 2863//2863 2860//2860
f 2860//2860 2863//2863 2626//2626
f 2735//2735 2997//2997 2628//2628
f 2997//2997 2862//2862 2628//2628
f 2862//2862 2861//2861 2628//2628
f 2864//2864 2736//2736 2863//2863
f 2865//2865 2737//2737 2864//2864
f 2864//2864 2737//2737 2736//2736
f 2739//2739 2742//2742 2738//2738
f 2866//2866 2740//2740 2865//2865
f 2865//2865 2740//2740 2741//2741
f 2865//2865 2741//2741 2737//2737
f 2868//2868 2867//2867 2742//2742
f 2869//2869 2743//2743 2866//2866
f 2866//2866 2743//2743 2740//2740
f 2745//2745 2868//2868 2744//2744
f 2870//2870 2747//2747 2869//2869
f 2869//2869 2747//2747 2746//2746
f 2869//2869 2746//2746 2743//2743
f 2872//2872 2745//2745 2748//2748
f 2871//2871 2875//2875 2870//2870
f 2875//2875 2750//2750 2870//2870
f 2870//2870 2750//2750 2749//2749
f 2870//2870 2749//2749 2747//2747
f 2637//2637 2872//2872 2748//2748
f 2872//2872 2637//2637 2752//2752
f 2872//2872 2752//2752 2873//2873
f 2876//2876 3011//3011 2752//2752
f 2879//2879 2751//2751 2874//2874
f 2874//2874 2751//2751 2642//2642
f 2874//2874 2642//2642 2875//2875
f 3011//3011 2876//2876 2753//2753
f 3011//3011 2753//2753 2877//2877
f 2753//2753 2880//2880 2877//2877
f 2646//2646 2878//2878 3015//3015
f 2883//2883 2646//2646 3015//3015
f 2882//2882 2646//2646 2883//2883
f 2878//2878 2646//2646 2754//2754
f 2878//2878 2754//2754 2879//2879
f 2881//2881 2755//2755 2882//2882
f 2764//2764 2887//2887 2762//2762
f 2884//2884 2757//2757 2762//2762
f 2884//2884 2762//2762 2887//2887
f 2885//2885 2890//2890 2757//2757
f 2885//2885 2757//2757 2884//2884
f 2886//2886 2758//2758 2890//2890
f 2887//2887 2764//2764 2761//2761
f 2887//2887 2761//2761 2889//2889
f 2890//2890 2763//2763 2886//2886
f 2765//2765 2889//2889 2761//2761
f 2884//2884 2887//2887 2885//2885
f 2763//2763 2891//2891 2888//2888
f 2763//2763 2890//2890 2891//2891
f 2891//2891 2766//2766 2767//2767
f 2888//2888 2891//2891 2767//2767
f 2889//2889 2765//2765 2892//2892
f 2889//2889 3017//3017 2887//2887
f 2891//2891 2890//2890 2893//2893
f 2893//2893 2767//2767 2766//2766
f 2891//2891 2893//2893 2766//2766
f 2893//2893 2768//2768 2767//2767
f 2769//2769 2896//2896 2658//2658
f 2658//2658 2894//2894 2765//2765
f 2658//2658 2896//2896 2894//2894
f 2890//2890 2895//2895 2893//2893
f 2893//2893 2897//2897 2768//2768
f 2771//2771 2896//2896 2769//2769
f 2894//2894 3024//3024 2765//2765
f 2895//2895 3021//3021 2893//2893
f 2897//2897 2893//2893 3021//3021
f 2897//2897 2772//2772 2768//2768
f 2898//2898 2896//2896 2771//2771
f 2899//2899 2902//2902 2772//2772
f 2899//2899 2772//2772 2897//2897
f 2904//2904 2902//2902 2899//2899
f 2898//2898 2900//2900 2903//2903
f 2902//2902 2905//2905 2772//2772
f 2904//2904 2905//2905 2902//2902
f 2775//2775 2906//2906 2900//2900
f 2906//2906 2903//2903 2900//2900
f 2907//2907 2905//2905 2904//2904
f 2907//2907 2908//2908 2910//2910
f 2907//2907 2910//2910 2905//2905
f 2903//2903 2906//2906 2775//2775
f 2903//2903 2775//2775 2909//2909
f 2909//2909 2775//2775 2911//2911
f 2912//2912 2908//2908 3035//3035
f 2912//2912 2910//2910 2908//2908
f 2909//2909 2911//2911 3034//3034
f 2912//2912 2778//2778 2777//2777
f 2912//2912 2777//2777 2910//2910
f 2546//2546 2913//2913 2776//2776
f 3034//3034 2911//2911 2913//2913
f 2911//2911 2776//2776 2913//2913
f 2912//2912 2914//2914 2778//2778
f 2670//2670 2913//2913 2546//2546
f 2914//2914 2915//2915 2779//2779
f 2915//2915 2919//2919 2779//2779
f 2919//2919 2781//2781 2779//2779
f 2919//2919 2915//2915 2916//2916
f 2919//2919 2782//2782 2781//2781
f 2674//2674 2917//2917 2783//2783
f 2917//2917 2918//2918 2783//2783
f 2919//2919 2784//2784 2782//2782
f 2554//2554 2917//2917 2674//2674
f 3044//3044 2918//2918 2917//2917
f 2920//2920 2921//2921 2919//2919
f 2919//2919 2921//2921 2784//2784
f 2785//2785 2917//2917 2554//2554
f 2922//2922 2924//2924 2784//2784
f 2922//2922 2784//2784 2921//2921
f 2923//2923 2785//2785 2787//2787
f 2924//2924 2925//2925 2788//2788
f 2786//2786 2924//2924 2788//2788
f 2925//2925 2927//2927 2790//2790
f 2788//2788 2925//2925 2790//2790
f 2680//2680 2926//2926 2792//2792
f 2928//2928 2926//2926 2931//2931
f 2925//2925 2929//2929 2927//2927
f 2927//2927 2929//2929 2790//2790
f 2930//2930 2926//2926 2680//2680
f 2931//2931 2926//2926 2930//2930
f 2790//2790 2929//2929 2794//2794
f 2929//2929 2932//2932 2794//2794
f 2794//2794 2932//2932 2796//2796
f 2795//2795 2797//2797 2930//2930
f 2797//2797 2933//2933 2930//2930
f 2930//2930 2933//2933 3183//3183
f 2932//2932 2934//2934 2798//2798
f 2796//2796 2932//2932 2798//2798
f 2932//2932 2935//2935 2934//2934
f 2934//2934 2935//2935 2798//2798
f 2802//2802 2938//2938 2799//2799
f 2938//2938 2937//2937 2799//2799
f 2799//2799 2937//2937 2936//2936
f 2935//2935 3059//3059 2801//2801
f 3059//3059 2805//2805 2801//2801
f 2804//2804 2938//2938 2802//2802
f 2939//2939 2805//2805 3059//3059
f 2804//2804 2940//2940 2938//2938
f 2805//2805 3063//3063 3064//3064
f 2805//2805 2939//2939 3063//3063
f 2941//2941 2804//2804 2803//2803
f 2941//2941 2940//2940 2804//2804
f 2692//2692 2941//2941 2803//2803
f 2806//2806 3064//3064 2942//2942
f 2942//2942 2807//2807 2806//2806
f 2942//2942 2810//2810 2807//2807
f 3070//3070 2808//2808 2809//2809
f 2810//2810 2942//2942 2943//2943
f 3069//3069 2810//2810 2943//2943
f 2944//2944 2945//2945 2809//2809
f 2809//2809 2945//2945 3070//3070
f 2811//2811 2944//2944 2809//2809
f 2949//2949 2812//2812 2946//2946
f 2947//2947 2948//2948 2811//2811
f 2948//2948 2944//2944 2811//2811
f 2949//2949 2950//2950 2812//2812
f 2813//2813 2947//2947 2811//2811
f 2951//2951 2816//2816 2814//2814
f 2951//2951 2814//2814 2950//2950
f 2697//2697 2813//2813 2815//2815
f 2697//2697 3077//3077 2813//2813
f 2952//2952 2697//2697 2698//2698
f 3077//3077 2697//2697 2952//2952
f 2953//2953 2951//2951 3200//3200
f 2817//2817 2951//2951 2953//2953
f 2698//2698 3202//3202 2952//2952
f 2953//2953 2819//2819 2817//2817
f 2954//2954 2698//2698 2818//2818
f 2954//2954 3202//3202 2698//2698
f 2818//2818 2374//2374 2954//2954
f 2819//2819 2953//2953 3207//3207
f 3080//3080 2819//2819 3207//3207
f 2702//2702 2460//2460 2374//2374
f 2820//2820 2583//2583 2460//2460
f 3083//3083 2957//2957 2955//2955
f 2463//2463 2956//2956 2583//2583
f 2463//2463 2958//2958 2956//2956
f 2957//2957 2959//2959 2821//2821
f 2958//2958 2706//2706 2960//2960
f 3084//3084 2822//2822 2959//2959
f 3212//3212 2822//2822 3084//3084
f 2707//2707 2961//2961 2960//2960
f 2707//2707 2960//2960 2706//2706
f 2962//2962 2960//2960 2961//2961
f 3212//3212 2823//2823 2822//2822
f 2707//2707 2962//2962 2961//2961
f 3087//3087 2962//2962 2963//2963
f 2964//2964 2963//2963 2708//2708
f 3088//3088 2826//2826 2823//2823
f 2964//2964 2824//2824 2825//2825
f 2825//2825 2966//2966 2964//2964
f 2828//2828 2826//2826 2965//2965
f 3091//3091 2966//2966 2827//2827
f 2827//2827 2829//2829 3091//3091
f 2827//2827 2713//2713 2829//2829
f 3094//3094 2831//2831 2967//2967
f 2832//2832 2968//2968 2830//2830
f 3094//3094 3095//3095 2831//2831
f 2968//2968 2832//2832 2969//2969
f 2970//2970 2714//2714 3095//3095
f 2970//2970 2834//2834 2714//2714
f 2972//2972 2973//2973 2600//2600
f 2833//2833 2600//2600 2971//2971
f 2971//2971 2600//2600 2973//2973
f 2835//2835 2974//2974 2972//2972
f 2975//2975 2717//2717 2834//2834
f 2836//2836 2976//2976 2974//2974
f 2975//2975 3100//3100 2837//2837
f 2975//2975 2837//2837 2717//2717
f 2718//2718 2976//2976 2836//2836
f 3100//3100 2979//2979 2837//2837
f 2720//2720 2978//2978 2838//2838
f 2977//2977 2838//2838 2840//2840
f 2840//2840 2838//2838 2978//2978
f 2979//2979 3102//3102 2980//2980
f 2842//2842 2978//2978 2720//2720
f 2842//2842 2840//2840 2978//2978
f 2979//2979 2980//2980 2841//2841
f 2979//2979 2841//2841 2839//2839
f 2723//2723 2980//2980 2982//2982
f 2841//2841 2980//2980 2723//2723
f 2721//2721 2843//2843 2981//2981
f 3105//3105 2981//2981 2844//2844
f 2844//2844 2981//2981 2843//2843
f 2982//2982 2846//2846 2845//2845
f 2982//2982 2845//2845 2723//2723
f 2724//2724 2847//2847 2844//2844
f 2983//2983 2844//2844 2848//2848
f 2848//2848 2844//2844 2847//2847
f 2984//2984 2618//2618 2846//2846
f 2986//2986 2849//2849 2984//2984
f 2984//2984 2849//2849 2618//2618
f 3112//3112 2848//2848 2985//2985
f 2985//2985 2848//2848 2850//2850
f 2986//2986 2852//2852 2849//2849
f 2987//2987 2985//2985 2850//2850
f 2986//2986 3114//3114 2852//2852
f 2851//2851 2987//2987 2850//2850
f 2853//2853 2987//2987 2851//2851
f 2729//2729 3114//3114 2854//2854
f 2852//2852 3114//3114 2729//2729
f 2853//2853 2731//2731 2987//2987
f 2988//2988 2987//2987 2731//2731
f 2855//2855 2990//2990 2731//2731
f 2990//2990 2988//2988 2731//2731
f 2856//2856 2989//2989 2992//2992
f 2854//2854 2989//2989 2856//2856
f 2993//2993 2991//2991 2855//2855
f 2991//2991 2990//2990 2855//2855
f 2989//2989 2994//2994 2992//2992
f 2992//2992 2994//2994 2856//2856
f 2857//2857 2993//2993 2855//2855
f 2734//2734 2993//2993 2857//2857
f 2859//2859 2993//2993 2734//2734
f 2995//2995 2858//2858 2994//2994
f 2862//2862 2859//2859 2861//2861
f 2995//2995 2863//2863 2858//2858
f 3124//3124 2862//2862 2997//2997
f 2996//2996 2864//2864 2995//2995
f 2995//2995 2864//2864 2863//2863
f 2738//2738 2997//2997 2735//2735
f 3000//3000 2998//2998 2742//2742
f 2742//2742 2998//2998 2738//2738
f 2998//2998 2997//2997 2738//2738
f 3001//3001 2866//2866 2999//2999
f 2999//2999 2866//2866 2865//2865
f 2999//2999 2865//2865 2996//2996
f 2996//2996 2865//2865 2864//2864
f 2867//2867 3002//3002 2742//2742
f 3002//3002 3000//3000 2742//2742
f 3004//3004 2866//2866 3001//3001
f 3002//3002 2867//2867 2868//2868
f 2745//2745 3003//3003 2868//2868
f 3003//3003 3002//3002 2868//2868
f 3005//3005 2870//2870 3004//3004
f 3004//3004 2870//2870 2869//2869
f 3004//3004 2869//2869 2866//2866
f 2872//2872 3008//3008 2745//2745
f 3008//3008 3006//3006 2745//2745
f 3006//3006 3003//3003 2745//2745
f 3007//3007 3009//3009 3005//3005
f 3009//3009 2871//2871 3005//3005
f 3005//3005 2871//2871 2870//2870
f 3008//3008 2872//2872 2873//2873
f 3010//3010 3008//3008 2873//2873
f 3013//3013 2874//2874 3012//3012
f 2874//2874 3009//3009 3134//3134
f 3135//3135 2874//2874 3134//3134
f 3009//3009 2874//2874 2875//2875
f 3009//3009 2875//2875 2871//2871
f 2752//2752 3010//3010 2873//2873
f 3010//3010 2752//2752 3011//3011
f 3011//3011 2877//2877 3136//3136
f 3014//3014 3136//3136 2877//2877
f 3142//3142 3141//3141 3014//3014
f 2878//2878 3012//3012 3138//3138
f 3139//3139 2878//2878 3138//3138
f 3015//3015 2878//2878 3139//3139
f 3012//3012 2878//2878 2879//2879
f 3012//3012 2879//2879 3013//3013
f 3013//3013 2879//2879 2874//2874
f 2880//2880 3014//3014 2877//2877
f 3014//3014 2880//2880 2881//2881
f 3014//3014 2881//2881 3142//3142
f 3142//3142 2881//2881 2882//2882
f 3142//3142 2882//2882 2883//2883
f 3142//3142 2883//2883 3015//3015
f 3016//3016 2885//2885 2887//2887
f 3016//3016 2890//2890 2885//2885
f 3018//3018 3019//3019 2890//2890
f 3018//3018 2890//2890 3016//3016
f 3017//3017 2889//2889 2892//2892
f 3016//3016 2887//2887 3017//3017
f 3016//3016 3146//3146 3018//3018
f 3016//3016 3145//3145 3146//3146
f 3018//3018 3146//3146 3019//3019
f 3019//3019 2895//2895 2890//2890
f 3020//3020 2765//2765 3024//3024
f 2765//2765 3020//3020 2892//2892
f 3017//3017 2892//2892 3144//3144
f 3017//3017 3144//3144 3016//3016
f 3016//3016 3144//3144 3145//3145
f 3150//3150 3019//3019 3146//3146
f 3019//3019 3150//3150 3022//3022
f 3019//3019 3022//3022 2895//2895
f 3022//3022 3021//3021 2895//2895
f 3024//3024 2894//2894 2896//2896
f 2898//2898 3024//3024 2896//2896
f 3027//3027 3024//3024 2898//2898
f 3020//3020 3151//3151 2892//2892
f 3022//3022 3023//3023 3021//3021
f 3023//3023 2899//2899 2897//2897
f 3021//3021 3023//3023 2897//2897
f 2898//2898 2901//2901 3027//3027
f 3024//3024 3027//3027 3030//3030
f 3028//3028 3022//3022 3025//3025
f 3028//3028 3023//3023 3022//3022
f 2903//2903 3026//3026 2898//2898
f 3026//3026 2901//2901 2898//2898
f 3023//3023 3029//3029 2899//2899
f 3028//3028 3029//3029 3023//3023
f 3029//3029 2904//2904 2899//2899
f 3026//3026 3031//3031 2901//2901
f 3030//3030 2901//2901 3031//3031
f 3032//3032 3029//3029 3028//3028
f 3029//3029 3032//3032 2904//2904
f 3032//3032 2907//2907 2904//2904
f 3031//3031 3026//3026 3160//3160
f 3032//3032 2908//2908 2907//2907
f 2909//2909 3026//3026 2903//2903
f 3159//3159 3160//3160 3026//3026
f 3033//3033 3035//3035 2908//2908
f 3033//3033 2908//2908 3032//3032
f 3026//3026 2909//2909 3034//3034
f 3037//3037 3034//3034 2913//2913
f 3036//3036 3035//3035 3033//3033
f 3035//3035 3036//3036 2912//2912
f 3036//3036 2914//2914 2912//2912
f 3036//3036 2915//2915 2914//2914
f 2672//2672 2913//2913 2670//2670
f 3037//3037 2913//2913 3164//3164
f 3036//3036 3039//3039 2915//2915
f 3041//3041 3165//3165 2913//2913
f 3041//3041 2913//2913 2672//2672
f 3039//3039 2916//2916 2915//2915
f 3042//3042 3039//3039 3040//3040
f 3039//3039 3042//3042 2916//2916
f 3042//3042 2919//2919 2916//2916
f 3042//3042 2920//2920 2919//2919
f 3044//3044 3041//3041 2918//2918
f 3043//3043 3041//3041 3044//3044
f 3042//3042 3048//3048 2921//2921
f 2920//2920 3042//3042 2921//2921
f 2785//2785 3044//3044 2917//2917
f 3048//3048 2922//2922 2921//2921
f 2923//2923 3044//3044 2785//2785
f 3047//3047 3048//3048 3045//3045
f 3048//3048 2924//2924 2922//2922
f 2787//2787 3050//3050 2923//2923
f 3173//3173 3044//3044 3050//3050
f 3044//3044 2923//2923 3050//3050
f 3044//3044 3173//3173 3046//3046
f 3049//3049 3048//3048 3047//3047
f 3051//3051 2925//2925 2924//2924
f 3048//3048 3051//3051 2924//2924
f 3049//3049 3051//3051 3048//3048
f 2926//2926 3050//3050 2787//2787
f 3050//3050 2926//2926 3175//3175
f 3175//3175 2926//2926 2928//2928
f 3052//3052 2929//2929 2925//2925
f 3051//3051 3052//3052 2925//2925
f 3053//3053 3052//3052 3051//3051
f 2928//2928 2931//2931 3175//3175
f 3052//3052 3053//3053 2929//2929
f 2931//2931 2930//2930 3179//3179
f 3179//3179 2930//2930 3183//3183
f 3181//3181 3053//3053 3054//3054
f 3181//3181 2932//2932 2929//2929
f 3053//3053 3181//3181 2929//2929
f 3055//3055 3056//3056 2932//2932
f 3181//3181 3055//3055 2932//2932
f 2799//2799 3058//3058 2933//2933
f 2799//2799 2933//2933 2797//2797
f 3055//3055 3057//3057 2935//2935
f 3056//3056 3055//3055 2935//2935
f 2932//2932 3056//3056 2935//2935
f 2936//2936 3058//3058 2799//2799
f 3057//3057 3055//3055 3059//3059
f 3059//3059 3055//3055 3188//3188
f 3059//3059 2935//2935 3057//3057
f 2936//2936 2937//2937 3058//3058
f 3188//3188 3060//3060 3059//3059
f 2938//2938 3061//3061 2937//2937
f 3062//3062 2937//2937 3061//3061
f 3060//3060 3063//3063 3059//3059
f 3063//3063 2939//2939 3059//3059
f 2940//2940 3061//3061 2938//2938
f 3061//3061 2940//2940 3062//3062
f 2941//2941 3065//3065 2940//2940
f 3191//3191 3064//3064 3063//3063
f 2942//2942 3064//3064 3066//3066
f 2808//2808 3067//3067 2692//2692
f 3067//3067 2941//2941 2692//2692
f 3067//3067 3065//3065 2941//2941
f 2943//2943 2942//2942 3066//3066
f 2808//2808 3068//3068 3067//3067
f 3070//3070 3068//3068 2808//2808
f 2949//2949 2946//2946 3069//3069
f 2944//2944 3071//3071 2945//2945
f 3071//3071 3070//3070 2945//2945
f 2948//2948 3071//3071 2944//2944
f 2950//2950 2949//2949 3072//3072
f 2948//2948 2947//2947 3071//3071
f 3071//3071 2947//2947 3073//3073
f 2950//2950 3072//3072 3199//3199
f 3074//3074 3075//3075 2813//2813
f 3075//3075 2947//2947 2813//2813
f 3075//3075 3073//3073 2947//2947
f 3199//3199 2951//2951 2950//2950
f 3077//3077 3074//3074 2813//2813
f 2951//2951 3199//3199 3076//3076
f 3200//3200 2951//2951 3076//3076
f 3078//3078 2953//2953 3200//3200
f 2952//2952 3202//3202 3077//3077
f 2953//2953 3078//3078 3204//3204
f 3207//3207 2953//2953 3204//3204
f 2374//2374 3079//3079 2954//2954
f 2460//2460 3079//3079 2374//2374
f 3082//3082 2955//2955 3080//3080
f 2460//2460 3081//3081 3079//3079
f 3082//3082 3083//3083 2955//2955
f 2583//2583 3081//3081 2460//2460
f 3084//3084 2959//2959 2957//2957
f 2960//2960 3085//3085 2958//2958
f 2962//2962 3085//3085 2960//2960
f 3215//3215 3088//3088 2823//2823
f 3215//3215 2823//2823 3212//3212
f 2962//2962 3087//3087 3086//3086
f 3087//3087 2963//2963 2964//2964
f 3089//3089 3087//3087 2964//2964
f 3090//3090 3089//3089 2964//2964
f 2966//2966 3090//3090 2964//2964
f 3088//3088 3217//3217 2965//2965
f 3088//3088 2965//2965 2826//2826
f 3091//3091 3219//3219 2966//2966
f 3219//3219 3090//3090 2966//2966
f 3217//3217 2828//2828 2965//2965
f 2967//2967 3217//3217 3092//3092
f 2828//2828 3217//3217 2967//2967
f 2829//2829 3093//3093 3091//3091
f 3220//3220 2967//2967 3092//3092
f 3094//3094 2967//2967 3220//3220
f 3224//3224 3093//3093 2830//2830
f 3223//3223 3224//3224 2830//2830
f 2830//2830 3093//3093 2829//2829
f 3223//3223 2830//2830 2968//2968
f 2968//2968 3096//3096 3223//3223
f 2968//2968 2969//2969 3096//3096
f 3098//3098 2970//2970 3095//3095
f 3096//3096 2971//2971 3097//3097
f 2969//2969 2971//2971 3096//3096
f 3098//3098 2834//2834 2970//2970
f 2973//2973 2972//2972 3097//3097
f 2973//2973 3097//3097 2971//2971
f 3098//3098 3228//3228 2975//2975
f 3098//3098 2975//2975 2834//2834
f 2974//2974 3099//3099 2972//2972
f 3100//3100 2975//2975 3228//3228
f 2974//2974 2976//2976 3099//3099
f 3101//3101 3100//3100 3102//3102
f 3101//3101 2979//2979 3100//3100
f 2838//2838 2976//2976 2718//2718
f 2838//2838 2977//2977 2976//2976
f 3101//3101 3102//3102 2979//2979
f 3103//3103 2840//2840 2981//2981
f 3105//3105 3103//3103 2981//2981
f 3104//3104 3108//3108 2980//2980
f 3108//3108 2982//2982 2980//2980
f 2844//2844 3106//3106 3105//3105
f 3107//3107 3105//3105 3106//3106
f 3108//3108 2846//2846 2982//2982
f 2983//2983 3109//3109 2844//2844
f 3109//3109 3107//3107 2844//2844
f 3107//3107 3106//3106 2844//2844
f 3111//3111 2984//2984 3108//3108
f 3108//3108 2984//2984 2846//2846
f 2848//2848 3109//3109 2983//2983
f 3110//3110 3109//3109 2848//2848
f 3111//3111 2986//2986 2984//2984
f 3112//3112 3110//3110 2848//2848
f 3243//3243 2986//2986 3111//3111
f 3113//3113 3112//3112 2985//2985
f 3115//3115 3114//3114 2986//2986
f 3115//3115 2986//2986 3243//3243
f 2987//2987 3113//3113 2985//2985
f 3117//3117 3116//3116 2987//2987
f 3116//3116 3113//3113 2987//2987
f 3115//3115 2854//2854 3114//3114
f 2988//2988 3117//3117 2987//2987
f 3118//3118 2989//2989 2854//2854
f 3118//3118 2854//2854 3115//3115
f 2991//2991 3117//3117 2990//2990
f 3117//3117 2988//2988 2990//2990
f 3119//3119 2994//2994 3118//3118
f 3118//3118 2994//2994 2989//2989
f 3121//3121 3122//3122 3119//3119
f 3122//3122 2995//2995 2994//2994
f 3122//3122 2994//2994 3119//3119
f 2993//2993 2859//2859 2862//2862
f 3124//3124 2993//2993 2862//2862
f 3120//3120 2993//2993 3124//3124
f 3120//3120 3124//3124 3125//3125
f 3122//3122 3123//3123 2995//2995
f 3121//3121 3123//3123 3122//3122
f 3123//3123 2996//2996 2995//2995
f 2998//2998 3125//3125 2997//2997
f 3125//3125 3124//3124 2997//2997
f 3128//3128 2999//2999 3126//3126
f 3126//3126 2999//2999 2996//2996
f 3126//3126 2996//2996 3123//3123
f 3002//3002 2998//2998 3000//3000
f 3127//3127 2998//2998 3002//3002
f 3129//3129 3001//3001 3128//3128
f 3128//3128 3001//3001 2999//2999
f 3003//3003 3131//3131 3002//3002
f 3131//3131 3127//3127 3002//3002
f 3130//3130 3005//3005 3129//3129
f 3129//3129 3005//3005 3004//3004
f 3129//3129 3004//3004 3001//3001
f 3006//3006 3008//3008 3003//3003
f 3008//3008 3131//3131 3003//3003
f 3132//3132 3134//3134 3130//3130
f 3134//3134 3007//3007 3130//3130
f 3130//3130 3007//3007 3005//3005
f 3010//3010 3133//3133 3008//3008
f 2874//2874 3269//3269 3138//3138
f 2874//2874 3135//3135 3269//3269
f 3134//3134 3009//3009 3007//3007
f 3010//3010 3011//3011 3136//3136
f 3014//3014 3140//3140 3136//3136
f 3140//3140 3137//3137 3136//3136
f 3015//3015 3275//3275 3274//3274
f 3015//3015 3139//3139 3275//3275
f 3138//3138 3012//3012 2874//2874
f 3140//3140 3014//3014 3141//3141
f 3274//3274 3142//3142 3015//3015
f 3143//3143 3144//3144 2892//2892
f 3147//3147 2892//2892 3151//3151
f 2892//2892 3147//3147 3143//3143
f 3148//3148 3150//3150 3146//3146
f 3145//3145 3148//3148 3146//3146
f 3151//3151 3020//3020 3024//3024
f 3030//3030 3151//3151 3024//3024
f 3143//3143 3147//3147 3149//3149
f 3144//3144 3149//3149 3145//3145
f 3144//3144 3143//3143 3149//3149
f 3150//3150 3025//3025 3022//3022
f 2901//2901 3030//3030 3027//3027
f 3145//3145 3153//3153 3148//3148
f 3148//3148 3153//3153 3150//3150
f 3150//3150 3153//3153 3025//3025
f 3153//3153 3028//3028 3025//3025
f 3151//3151 3030//3030 3277//3277
f 3151//3151 3152//3152 3147//3147
f 3145//3145 3281//3281 3153//3153
f 3153//3153 3154//3154 3157//3157
f 3153//3153 3155//3155 3028//3028
f 3157//3157 3155//3155 3153//3153
f 3155//3155 3032//3032 3028//3028
f 3160//3160 3030//3030 3031//3031
f 3156//3156 3030//3030 3160//3160
f 3277//3277 3030//3030 3156//3156
f 3157//3157 3033//3033 3032//3032
f 3155//3155 3157//3157 3032//3032
f 3286//3286 3156//3156 3160//3160
f 3158//3158 3157//3157 3285//3285
f 3157//3157 3158//3158 3033//3033
f 3034//3034 3162//3162 3026//3026
f 3162//3162 3159//3159 3026//3026
f 3161//3161 3033//3033 3158//3158
f 3037//3037 3162//3162 3034//3034
f 3163//3163 3161//3161 3158//3158
f 3161//3161 3163//3163 3033//3033
f 3163//3163 3036//3036 3033//3033
f 3163//3163 3039//3039 3036//3036
f 3162//3162 3037//3037 3164//3164
f 3167//3167 3163//3163 3293//3293
f 3167//3167 3038//3038 3039//3039
f 3167//3167 3039//3039 3163//3163
f 3165//3165 3164//3164 2913//2913
f 3165//3165 3166//3166 3164//3164
f 3170//3170 3038//3038 3167//3167
f 3170//3170 3040//3040 3039//3039
f 3170//3170 3039//3039 3038//3038
f 3041//3041 3168//3168 3165//3165
f 3165//3165 3169//3169 3166//3166
f 3165//3165 3168//3168 3169//3169
f 3170//3170 3042//3042 3040//3040
f 3043//3043 3168//3168 3041//3041
f 3171//3171 3048//3048 3042//3042
f 3170//3170 3171//3171 3042//3042
f 3172//3172 3170//3170 3303//3303
f 3172//3172 3171//3171 3170//3170
f 3172//3172 3045//3045 3048//3048
f 3172//3172 3048//3048 3171//3171
f 3043//3043 3044//3044 3046//3046
f 3174//3174 3045//3045 3172//3172
f 3045//3045 3049//3049 3047//3047
f 3045//3045 3177//3177 3049//3049
f 3177//3177 3051//3051 3049//3049
f 3176//3176 3173//3173 3175//3175
f 3173//3173 3050//3050 3175//3175
f 3173//3173 3176//3176 3306//3306
f 3177//3177 3045//3045 3174//3174
f 3177//3177 3312//3312 3051//3051
f 3312//3312 3053//3053 3051//3051
f 3179//3179 3175//3175 2931//2931
f 3053//3053 3312//3312 3178//3178
f 3180//3180 3175//3175 3179//3179
f 3175//3175 3180//3180 3313//3313
f 3178//3178 3181//3181 3054//3054
f 3053//3053 3178//3178 3054//3054
f 3316//3316 3179//3179 3183//3183
f 3182//3182 3184//3184 3181//3181
f 3184//3184 3055//3055 3181//3181
f 3058//3058 3186//3186 3183//3183
f 3058//3058 3183//3183 2933//2933
f 3184//3184 3185//3185 3055//3055
f 3188//3188 3184//3184 3187//3187
f 3188//3188 3185//3185 3184//3184
f 3188//3188 3055//3055 3185//3185
f 2937//2937 3189//3189 3058//3058
f 3058//3058 3189//3189 3186//3186
f 3190//3190 3060//3060 3188//3188
f 3062//3062 3189//3189 2937//2937
f 3328//3328 3189//3189 3062//3062
f 3190//3190 3063//3063 3060//3060
f 3333//3333 3062//3062 2940//2940
f 3191//3191 3190//3190 3192//3192
f 3191//3191 3063//3063 3190//3190
f 2940//2940 3193//3193 3333//3333
f 3192//3192 3194//3194 3064//3064
f 3191//3191 3192//3192 3064//3064
f 3065//3065 3343//3343 2940//2940
f 3343//3343 3193//3193 2940//2940
f 3194//3194 3066//3066 3064//3064
f 3067//3067 3343//3343 3065//3065
f 3194//3194 2943//2943 3066//3066
f 3068//3068 3195//3195 3067//3067
f 3067//3067 3195//3195 3343//3343
f 3197//3197 3069//3069 2943//2943
f 3197//3197 2943//2943 3194//3194
f 3070//3070 3196//3196 3068//3068
f 3197//3197 2949//2949 3069//3069
f 3198//3198 3070//3070 3071//3071
f 3196//3196 3070//3070 3198//3198
f 2949//2949 3197//3197 3351//3351
f 3072//3072 2949//2949 3351//3351
f 3353//3353 3198//3198 3071//3071
f 3073//3073 3353//3353 3071//3071
f 3075//3075 3201//3201 3073//3073
f 3201//3201 3075//3075 3074//3074
f 3199//3199 3200//3200 3076//3076
f 3074//3074 3202//3202 3201//3201
f 3077//3077 3202//3202 3074//3074
f 3204//3204 3078//3078 3200//3200
f 2954//2954 3203//3203 3202//3202
f 3205//3205 3207//3207 3204//3204
f 3081//3081 2954//2954 3079//3079
f 3081//3081 3206//3206 2954//2954
f 3207//3207 3082//3082 3080//3080
f 3082//3082 3207//3207 3208//3208
f 3363//3363 3083//3083 3082//3082
f 2956//2956 3209//3209 2583//2583
f 3363//3363 2957//2957 3083//3083
f 2958//2958 3209//3209 2956//2956
f 3210//3210 3209//3209 2958//2958
f 3085//3085 3210//3210 2958//2958
f 3211//3211 3212//3212 3084//3084
f 3211//3211 3084//3084 2957//2957
f 2962//2962 3214//3214 3213//3213
f 3085//3085 2962//2962 3213//3213
f 3086//3086 3214//3214 2962//2962
f 3216//3216 3086//3086 3087//3087
f 3089//3089 3216//3216 3087//3087
f 3217//3217 3088//3088 3215//3215
f 3216//3216 3090//3090 3218//3218
f 3216//3216 3089//3089 3090//3090
f 3219//3219 3218//3218 3090//3090
f 3221//3221 3219//3219 3091//3091
f 3372//3372 3219//3219 3221//3221
f 3371//3371 3220//3220 3092//3092
f 3371//3371 3092//3092 3217//3217
f 3091//3091 3224//3224 3221//3221
f 3091//3091 3093//3093 3224//3224
f 3094//3094 3220//3220 3222//3222
f 3226//3226 3225//3225 3224//3224
f 3226//3226 3224//3224 3223//3223
f 3227//3227 3095//3095 3094//3094
f 3096//3096 3226//3226 3223//3223
f 3227//3227 3098//3098 3095//3095
f 3096//3096 3097//3097 3226//3226
f 3228//3228 3098//3098 3227//3227
f 2972//2972 3379//3379 3097//3097
f 3099//3099 3379//3379 2972//2972
f 3379//3379 3099//3099 3229//3229
f 3228//3228 3380//3380 3100//3100
f 2976//2976 3229//3229 3099//3099
f 3380//3380 3230//3230 3100//3100
f 2977//2977 3229//3229 2976//2976
f 3231//3231 3230//3230 3232//3232
f 3231//3231 3102//3102 3100//3100
f 3231//3231 3100//3100 3230//3230
f 3231//3231 3232//3232 3102//3102
f 3232//3232 3233//3233 3102//3102
f 3234//3234 2977//2977 2840//2840
f 3102//3102 3233//3233 2980//2980
f 3103//3103 3234//3234 2840//2840
f 3235//3235 3233//3233 3237//3237
f 3235//3235 3104//3104 2980//2980
f 3235//3235 2980//2980 3233//3233
f 3236//3236 3234//3234 3105//3105
f 3234//3234 3103//3103 3105//3105
f 3237//3237 3108//3108 3235//3235
f 3235//3235 3108//3108 3104//3104
f 3107//3107 3236//3236 3105//3105
f 3237//3237 3111//3111 3108//3108
f 3110//3110 3236//3236 3109//3109
f 3236//3236 3107//3107 3109//3109
f 3239//3239 3111//3111 3237//3237
f 3239//3239 3243//3243 3111//3111
f 3241//3241 3238//3238 3112//3112
f 3238//3238 3110//3110 3112//3112
f 3240//3240 3243//3243 3239//3239
f 3113//3113 3241//3241 3112//3112
f 3241//3241 3113//3113 3242//3242
f 3244//3244 3115//3115 3243//3243
f 3116//3116 3242//3242 3113//3113
f 3117//3117 3247//3247 3116//3116
f 3247//3247 3242//3242 3116//3116
f 3244//3244 3245//3245 3115//3115
f 3243//3243 3245//3245 3244//3244
f 3117//3117 3248//3248 3247//3247
f 3247//3247 3248//3248 3249//3249
f 3246//3246 3118//3118 3245//3245
f 3245//3245 3118//3118 3115//3115
f 2991//2991 3248//3248 3117//3117
f 3250//3250 3252//3252 3246//3246
f 3252//3252 3119//3119 3118//3118
f 3252//3252 3118//3118 3246//3246
f 2993//2993 3248//3248 2991//2991
f 3120//3120 3251//3251 2993//2993
f 3251//3251 3249//3249 2993//2993
f 3249//3249 3248//3248 2993//2993
f 3120//3120 3254//3254 3251//3251
f 3252//3252 3253//3253 3121//3121
f 3252//3252 3121//3121 3119//3119
f 3125//3125 3254//3254 3120//3120
f 3255//3255 3254//3254 3125//3125
f 3252//3252 3256//3256 3253//3253
f 3256//3256 3123//3123 3253//3253
f 3253//3253 3123//3123 3121//3121
f 3256//3256 3258//3258 3126//3126
f 3256//3256 3126//3126 3123//3123
f 2998//2998 3255//3255 3125//3125
f 3255//3255 2998//2998 3127//3127
f 3255//3255 3127//3127 3257//3257
f 3259//3259 3408//3408 3127//3127
f 3408//3408 3257//3257 3127//3127
f 3258//3258 3260//3260 3128//3128
f 3258//3258 3128//3128 3126//3126
f 3127//3127 3262//3262 3259//3259
f 3263//3263 3260//3260 3261//3261
f 3260//3260 3263//3263 3130//3130
f 3260//3260 3130//3130 3129//3129
f 3260//3260 3129//3129 3128//3128
f 3131//3131 3262//3262 3127//3127
f 3264//3264 3413//3413 3131//3131
f 3266//3266 3132//3132 3263//3263
f 3263//3263 3132//3132 3130//3130
f 3131//3131 3008//3008 3133//3133
f 3131//3131 3133//3133 3264//3264
f 3267//3267 3264//3264 3133//3133
f 3272//3272 3268//3268 3267//3267
f 3265//3265 3271//3271 3135//3135
f 3265//3265 3135//3135 3134//3134
f 3265//3265 3134//3134 3266//3266
f 3266//3266 3134//3134 3132//3132
f 3010//3010 3267//3267 3133//3133
f 3267//3267 3010//3010 3136//3136
f 3267//3267 3136//3136 3137//3137
f 3267//3267 3137//3137 3272//3272
f 3270//3270 3139//3139 3269//3269
f 3269//3269 3139//3139 3138//3138
f 3271//3271 3269//3269 3135//3135
f 3140//3140 3272//3272 3137//3137
f 3272//3272 3140//3140 3141//3141
f 3272//3272 3141//3141 3273//3273
f 3273//3273 3141//3141 3142//3142
f 3273//3273 3142//3142 3274//3274
f 3426//3426 3275//3275 3139//3139
f 3426//3426 3139//3139 3270//3270
f 3276//3276 3149//3149 3147//3147
f 3281//3281 3145//3145 3149//3149
f 3278//3278 3152//3152 3151//3151
f 3278//3278 3151//3151 3277//3277
f 3278//3278 3147//3147 3152//3152
f 3279//3279 3147//3147 3278//3278
f 3147//3147 3279//3279 3276//3276
f 3276//3276 3280//3280 3149//3149
f 3149//3149 3280//3280 3281//3281
f 3282//3282 3153//3153 3281//3281
f 3282//3282 3154//3154 3153//3153
f 3283//3283 3277//3277 3156//3156
f 3280//3280 3284//3284 3281//3281
f 3281//3281 3284//3284 3282//3282
f 3282//3282 3157//3157 3154//3154
f 3277//3277 3279//3279 3278//3278
f 3277//3277 3283//3283 3279//3279
f 3284//3284 3280//3280 3276//3276
f 3282//3282 3284//3284 3287//3287
f 3282//3282 3285//3285 3157//3157
f 3287//3287 3285//3285 3282//3282
f 3288//3288 3158//3158 3285//3285
f 3159//3159 3286//3286 3160//3160
f 3279//3279 3283//3283 3156//3156
f 3287//3287 3284//3284 3430//3430
f 3285//3285 3287//3287 3288//3288
f 3162//3162 3286//3286 3159//3159
f 3156//3156 3289//3289 3433//3433
f 3156//3156 3286//3286 3289//3289
f 3288//3288 3287//3287 3434//3434
f 3288//3288 3163//3163 3158//3158
f 3162//3162 3289//3289 3286//3286
f 3162//3162 3291//3291 3289//3289
f 3290//3290 3288//3288 3434//3434
f 3288//3288 3292//3292 3163//3163
f 3290//3290 3292//3292 3288//3288
f 3292//3292 3293//3293 3163//3163
f 3164//3164 3291//3291 3162//3162
f 3164//3164 3296//3296 3291//3291
f 3164//3164 3166//3166 3296//3296
f 3292//3292 3295//3295 3293//3293
f 3295//3295 3167//3167 3293//3293
f 3166//3166 3300//3300 3296//3296
f 3294//3294 3295//3295 3292//3292
f 3295//3295 3170//3170 3167//3167
f 3169//3169 3300//3300 3166//3166
f 3294//3294 3297//3297 3295//3295
f 3297//3297 3299//3299 3170//3170
f 3297//3297 3170//3170 3295//3295
f 3169//3169 3168//3168 3300//3300
f 3298//3298 3297//3297 3294//3294
f 3298//3298 3299//3299 3297//3297
f 3168//3168 3302//3302 3300//3300
f 3303//3303 3299//3299 3298//3298
f 3299//3299 3303//3303 3170//3170
f 3046//3046 3305//3305 3043//3043
f 3305//3305 3168//3168 3043//3043
f 3302//3302 3168//3168 3301//3301
f 3307//3307 3172//3172 3303//3303
f 3173//3173 3305//3305 3046//3046
f 3301//3301 3168//3168 3305//3305
f 3307//3307 3303//3303 3304//3304
f 3307//3307 3308//3308 3172//3172
f 3308//3308 3174//3174 3172//3172
f 3306//3306 3305//3305 3173//3173
f 3175//3175 3306//3306 3176//3176
f 3309//3309 3306//3306 3175//3175
f 3310//3310 3308//3308 3307//3307
f 3310//3310 3174//3174 3308//3308
f 3309//3309 3175//3175 3313//3313
f 3310//3310 3459//3459 3174//3174
f 3174//3174 3459//3459 3311//3311
f 3174//3174 3311//3311 3312//3312
f 3177//3177 3174//3174 3312//3312
f 3179//3179 3313//3313 3180//3180
f 3316//3316 3313//3313 3179//3179
f 3314//3314 3312//3312 3311//3311
f 3314//3314 3181//3181 3178//3178
f 3312//3312 3314//3314 3178//3178
f 3466//3466 3182//3182 3181//3181
f 3314//3314 3466//3466 3181//3181
f 3317//3317 3466//3466 3314//3314
f 3186//3186 3316//3316 3183//3183
f 3316//3316 3318//3318 3315//3315
f 3466//3466 3320//3320 3182//3182
f 3320//3320 3184//3184 3182//3182
f 3186//3186 3321//3321 3316//3316
f 3316//3316 3321//3321 3318//3318
f 3318//3318 3322//3322 3319//3319
f 3319//3319 3322//3322 3323//3323
f 3184//3184 3320//3320 3187//3187
f 3321//3321 3186//3186 3189//3189
f 3318//3318 3321//3321 3322//3322
f 3320//3320 3326//3326 3187//3187
f 3187//3187 3326//3326 3190//3190
f 3188//3188 3187//3187 3190//3190
f 3321//3321 3189//3189 3324//3324
f 3321//3321 3325//3325 3322//3322
f 3328//3328 3329//3329 3189//3189
f 3189//3189 3329//3329 3324//3324
f 3324//3324 3330//3330 3321//3321
f 3321//3321 3330//3330 3325//3325
f 3325//3325 3342//3342 3322//3322
f 3322//3322 3342//3342 3332//3332
f 3331//3331 3326//3326 3327//3327
f 3331//3331 3192//3192 3190//3190
f 3331//3331 3190//3190 3326//3326
f 3333//3333 3328//3328 3062//3062
f 3324//3324 3329//3329 3330//3330
f 3331//3331 3194//3194 3192//3192
f 3343//3343 3333//3333 3193//3193
f 3333//3333 3334//3334 3328//3328
f 3328//3328 3334//3334 3335//3335
f 3328//3328 3336//3336 3329//3329
f 3328//3328 3335//3335 3336//3336
f 3329//3329 3337//3337 3330//3330
f 3325//3325 3330//3330 3342//3342
f 3338//3338 3331//3331 3339//3339
f 3338//3338 3194//3194 3331//3331
f 3334//3334 3333//3333 3340//3340
f 3336//3336 3335//3335 3329//3329
f 3329//3329 3341//3341 3337//3337
f 3330//3330 3481//3481 3342//3342
f 3330//3330 3337//3337 3481//3481
f 3339//3339 3477//3477 3194//3194
f 3338//3338 3339//3339 3194//3194
f 3068//3068 3343//3343 3195//3195
f 3335//3335 3345//3345 3329//3329
f 3335//3335 3334//3334 3345//3345
f 3341//3341 3346//3346 3337//3337
f 3341//3341 3329//3329 3346//3346
f 3337//3337 3346//3346 3350//3350
f 3481//3481 3337//3337 3350//3350
f 3351//3351 3197//3197 3194//3194
f 3351//3351 3194//3194 3477//3477
f 3196//3196 3347//3347 3068//3068
f 3347//3347 3474//3474 3068//3068
f 3068//3068 3474//3474 3343//3343
f 3480//3480 3334//3334 3344//3344
f 3480//3480 3348//3348 3334//3334
f 3345//3345 3487//3487 3329//3329
f 3345//3345 3334//3334 3487//3487
f 3329//3329 3349//3349 3346//3346
f 3329//3329 3487//3487 3349//3349
f 3350//3350 3346//3346 3349//3349
f 3198//3198 3347//3347 3196//3196
f 3348//3348 3486//3486 3334//3334
f 3334//3334 3486//3486 3487//3487
f 3352//3352 3072//3072 3351//3351
f 3353//3353 3615//3615 3198//3198
f 3492//3492 3072//3072 3352//3352
f 3354//3354 3353//3353 3073//3073
f 3355//3355 3199//3199 3072//3072
f 3355//3355 3072//3072 3492//3492
f 3354//3354 3073//3073 3201//3201
f 3355//3355 3200//3200 3199//3199
f 3201//3201 3496//3496 3354//3354
f 3495//3495 3357//3357 3200//3200
f 3355//3355 3495//3495 3200//3200
f 3201//3201 3202//3202 3496//3496
f 3496//3496 3202//3202 3356//3356
f 3357//3357 3204//3204 3200//3200
f 3358//3358 3202//3202 3203//3203
f 3358//3358 3356//3356 3202//3202
f 3204//3204 3357//3357 3497//3497
f 3499//3499 3204//3204 3497//3497
f 3359//3359 3204//3204 3499//3499
f 2954//2954 3206//3206 3203//3203
f 3203//3203 3206//3206 3358//3358
f 3359//3359 3205//3205 3204//3204
f 3359//3359 3207//3207 3205//3205
f 3081//3081 3631//3631 3206//3206
f 3081//3081 3361//3361 3631//3631
f 3207//3207 3359//3359 3360//3360
f 3208//3208 3207//3207 3360//3360
f 3502//3502 3082//3082 3208//3208
f 2583//2583 3362//3362 3081//3081
f 3502//3502 3363//3363 3082//3082
f 3209//3209 3362//3362 2583//2583
f 3364//3364 3363//3363 3365//3365
f 3364//3364 2957//2957 3363//3363
f 2957//2957 3364//3364 3365//3365
f 3504//3504 2957//2957 3365//3365
f 3211//3211 2957//2957 3504//3504
f 3085//3085 3366//3366 3210//3210
f 3504//3504 3212//3212 3211//3211
f 3506//3506 3212//3212 3504//3504
f 3213//3213 3366//3366 3085//3085
f 3213//3213 3214//3214 3366//3366
f 3214//3214 3505//3505 3366//3366
f 3506//3506 3215//3215 3212//3212
f 3216//3216 3368//3368 3086//3086
f 3369//3369 3217//3217 3215//3215
f 3369//3369 3215//3215 3367//3367
f 3370//3370 3368//3368 3216//3216
f 3371//3371 3217//3217 3369//3369
f 3372//3372 3370//3370 3216//3216
f 3218//3218 3372//3372 3216//3216
f 3372//3372 3218//3218 3219//3219
f 3373//3373 3220//3220 3371//3371
f 3374//3374 3220//3220 3373//3373
f 3221//3221 3224//3224 3375//3375
f 3221//3221 3375//3375 3377//3377
f 3374//3374 3376//3376 3222//3222
f 3374//3374 3222//3222 3220//3220
f 3224//3224 3377//3377 3375//3375
f 3222//3222 3376//3376 3094//3094
f 3225//3225 3377//3377 3224//3224
f 3227//3227 3376//3376 3519//3519
f 3227//3227 3094//3094 3376//3376
f 3377//3377 3225//3225 3226//3226
f 3097//3097 3378//3378 3377//3377
f 3097//3097 3377//3377 3226//3226
f 3519//3519 3228//3228 3227//3227
f 3379//3379 3378//3378 3097//3097
f 3380//3380 3228//3228 3519//3519
f 3381//3381 3379//3379 3229//3229
f 3382//3382 3230//3230 3380//3380
f 3384//3384 3381//3381 3229//3229
f 3383//3383 3230//3230 3382//3382
f 2977//2977 3385//3385 3229//3229
f 3386//3386 3232//3232 3230//3230
f 3386//3386 3230//3230 3383//3383
f 3387//3387 3385//3385 2977//2977
f 3233//3233 3386//3386 3523//3523
f 3233//3233 3232//3232 3386//3386
f 3234//3234 3389//3389 2977//2977
f 3389//3389 3387//3387 2977//2977
f 3523//3523 3390//3390 3233//3233
f 3234//3234 3388//3388 3389//3389
f 3390//3390 3237//3237 3233//3233
f 3236//3236 3388//3388 3234//3234
f 3392//3392 3389//3389 3236//3236
f 3389//3389 3388//3388 3236//3236
f 3393//3393 3237//3237 3390//3390
f 3236//3236 3391//3391 3392//3392
f 3393//3393 3239//3239 3237//3237
f 3110//3110 3391//3391 3236//3236
f 3395//3395 3392//3392 3110//3110
f 3392//3392 3391//3391 3110//3110
f 3394//3394 3239//3239 3393//3393
f 3238//3238 3395//3395 3110//3110
f 3394//3394 3240//3240 3239//3239
f 3242//3242 3395//3395 3241//3241
f 3395//3395 3238//3238 3241//3241
f 3397//3397 3240//3240 3394//3394
f 3396//3396 3535//3535 3242//3242
f 3535//3535 3395//3395 3242//3242
f 3397//3397 3243//3243 3240//3240
f 3242//3242 3398//3398 3396//3396
f 3399//3399 3245//3245 3397//3397
f 3397//3397 3245//3245 3243//3243
f 3247//3247 3398//3398 3242//3242
f 3401//3401 3398//3398 3247//3247
f 3400//3400 3246//3246 3245//3245
f 3400//3400 3245//3245 3399//3399
f 3249//3249 3401//3401 3247//3247
f 3401//3401 3249//3249 3403//3403
f 3400//3400 3250//3250 3246//3246
f 3403//3403 3249//3249 3251//3251
f 3402//3402 3252//3252 3400//3400
f 3400//3400 3252//3252 3250//3250
f 3254//3254 3403//3403 3251//3251
f 3407//3407 3403//3403 3254//3254
f 3403//3403 3407//3407 3404//3404
f 3405//3405 3406//3406 3402//3402
f 3406//3406 3252//3252 3402//3402
f 3407//3407 3254//3254 3255//3255
f 3405//3405 3409//3409 3256//3256
f 3405//3405 3256//3256 3406//3406
f 3406//3406 3256//3256 3252//3252
f 3257//3257 3407//3407 3255//3255
f 3408//3408 3407//3407 3257//3257
f 3409//3409 3258//3258 3256//3256
f 3413//3413 3408//3408 3259//3259
f 3410//3410 3408//3408 3413//3413
f 3412//3412 3261//3261 3411//3411
f 3411//3411 3261//3261 3260//3260
f 3411//3411 3260//3260 3409//3409
f 3409//3409 3260//3260 3258//3258
f 3262//3262 3413//3413 3259//3259
f 3413//3413 3415//3415 3414//3414
f 3416//3416 3418//3418 3412//3412
f 3412//3412 3418//3418 3263//3263
f 3412//3412 3263//3263 3261//3261
f 3131//3131 3413//3413 3262//3262
f 3415//3415 3413//3413 3264//3264
f 3267//3267 3415//3415 3264//3264
f 3415//3415 3420//3420 3419//3419
f 3415//3415 3267//3267 3420//3420
f 3417//3417 3423//3423 3416//3416
f 3423//3423 3265//3265 3416//3416
f 3416//3416 3265//3265 3266//3266
f 3416//3416 3266//3266 3418//3418
f 3418//3418 3266//3266 3263//3263
f 3420//3420 3267//3267 3268//3268
f 3420//3420 3268//3268 3272//3272
f 3273//3273 3420//3420 3272//3272
f 3421//3421 3420//3420 3273//3273
f 3421//3421 3273//3273 3424//3424
f 3565//3565 3427//3427 3422//3422
f 3422//3422 3427//3427 3270//3270
f 3422//3422 3270//3270 3269//3269
f 3422//3422 3269//3269 3423//3423
f 3423//3423 3269//3269 3271//3271
f 3423//3423 3271//3271 3265//3265
f 3424//3424 3273//3273 3274//3274
f 3424//3424 3274//3274 3425//3425
f 3425//3425 3274//3274 3275//3275
f 3425//3425 3275//3275 3426//3426
f 3565//3565 3426//3426 3270//3270
f 3565//3565 3270//3270 3427//3427
f 3428//3428 3276//3276 3279//3279
f 3156//3156 3431//3431 3279//3279
f 3431//3431 3428//3428 3279//3279
f 3428//3428 3439//3439 3276//3276
f 3429//3429 3430//3430 3284//3284
f 3276//3276 3429//3429 3284//3284
f 3439//3439 3429//3429 3276//3276
f 3433//3433 3431//3431 3156//3156
f 3428//3428 3431//3431 3568//3568
f 3430//3430 3434//3434 3287//3287
f 3432//3432 3433//3433 3289//3289
f 3433//3433 3435//3435 3431//3431
f 3428//3428 3436//3436 3439//3439
f 3428//3428 3568//3568 3436//3436
f 3430//3430 3429//3429 3434//3434
f 3568//3568 3431//3431 3435//3435
f 3566//3566 3439//3439 3436//3436
f 3439//3439 3437//3437 3429//3429
f 3429//3429 3438//3438 3434//3434
f 3440//3440 3292//3292 3290//3290
f 3434//3434 3440//3440 3290//3290
f 3438//3438 3440//3440 3434//3434
f 3296//3296 3441//3441 3291//3291
f 3441//3441 3289//3289 3291//3291
f 3443//3443 3289//3289 3441//3441
f 3289//3289 3443//3443 3432//3432
f 3435//3435 3433//3433 3432//3432
f 3438//3438 3437//3437 3439//3439
f 3438//3438 3429//3429 3437//3437
f 3440//3440 3294//3294 3292//3292
f 3438//3438 3442//3442 3440//3440
f 3440//3440 3442//3442 3294//3294
f 3300//3300 3441//3441 3296//3296
f 3571//3571 3432//3432 3443//3443
f 3575//3575 3577//3577 3438//3438
f 3447//3447 3438//3438 3577//3577
f 3447//3447 3442//3442 3438//3438
f 3300//3300 3445//3445 3441//3441
f 3300//3300 3444//3444 3445//3445
f 3578//3578 3443//3443 3441//3441
f 3442//3442 3446//3446 3294//3294
f 3447//3447 3446//3446 3442//3442
f 3446//3446 3298//3298 3294//3294
f 3578//3578 3441//3441 3584//3584
f 3441//3441 3444//3444 3584//3584
f 3441//3441 3445//3445 3444//3444
f 3446//3446 3303//3303 3298//3298
f 3301//3301 3300//3300 3302//3302
f 3448//3448 3300//3300 3301//3301
f 3300//3300 3450//3450 3444//3444
f 3300//3300 3448//3448 3450//3450
f 3449//3449 3446//3446 3447//3447
f 3446//3446 3449//3449 3451//3451
f 3451//3451 3304//3304 3303//3303
f 3451//3451 3303//3303 3446//3446
f 3450//3450 3448//3448 3301//3301
f 3451//3451 3307//3307 3304//3304
f 3306//3306 3309//3309 3305//3305
f 3452//3452 3305//3305 3309//3309
f 3305//3305 3455//3455 3301//3301
f 3305//3305 3452//3452 3455//3455
f 3453//3453 3301//3301 3455//3455
f 3454//3454 3451//3451 3586//3586
f 3451//3451 3456//3456 3307//3307
f 3454//3454 3456//3456 3451//3451
f 3455//3455 3452//3452 3309//3309
f 3456//3456 3310//3310 3307//3307
f 3313//3313 3457//3457 3309//3309
f 3589//3589 3309//3309 3457//3457
f 3456//3456 3459//3459 3310//3310
f 3458//3458 3459//3459 3456//3456
f 3459//3459 3462//3462 3311//3311
f 3461//3461 3462//3462 3459//3459
f 3462//3462 3314//3314 3311//3311
f 3315//3315 3313//3313 3316//3316
f 3319//3319 3313//3313 3315//3315
f 3457//3457 3313//3313 3460//3460
f 3462//3462 3317//3317 3314//3314
f 3315//3315 3318//3318 3319//3319
f 3463//3463 3313//3313 3319//3319
f 3313//3313 3463//3463 3460//3460
f 3460//3460 3463//3463 3464//3464
f 3462//3462 3465//3465 3466//3466
f 3317//3317 3462//3462 3466//3466
f 3467//3467 3320//3320 3466//3466
f 3323//3323 3463//3463 3319//3319
f 3467//3467 3466//3466 3465//3465
f 3468//3468 3463//3463 3323//3323
f 3463//3463 3597//3597 3464//3464
f 3463//3463 3468//3468 3597//3597
f 3470//3470 3326//3326 3320//3320
f 3467//3467 3470//3470 3320//3320
f 3322//3322 3469//3469 3468//3468
f 3322//3322 3468//3468 3323//3323
f 3470//3470 3327//3327 3326//3326
f 3332//3332 3469//3469 3322//3322
f 3468//3468 3469//3469 3604//3604
f 3470//3470 3471//3471 3327//3327
f 3471//3471 3331//3331 3327//3327
f 3342//3342 3473//3473 3332//3332
f 3332//3332 3476//3476 3469//3469
f 3604//3604 3469//3469 3476//3476
f 3477//3477 3471//3471 3472//3472
f 3477//3477 3339//3339 3331//3331
f 3477//3477 3331//3331 3471//3471
f 3343//3343 3474//3474 3333//3333
f 3475//3475 3340//3340 3333//3333
f 3475//3475 3333//3333 3474//3474
f 3475//3475 3334//3334 3340//3340
f 3473//3473 3479//3479 3332//3332
f 3473//3473 3342//3342 3479//3479
f 3332//3332 3479//3479 3476//3476
f 3474//3474 3344//3344 3334//3334
f 3474//3474 3334//3334 3475//3475
f 3488//3488 3342//3342 3481//3481
f 3342//3342 3482//3482 3479//3479
f 3342//3342 3488//3488 3482//3482
f 3483//3483 3477//3477 3478//3478
f 3474//3474 3480//3480 3344//3344
f 3489//3489 3480//3480 3474//3474
f 3349//3349 3481//3481 3350//3350
f 3483//3483 3352//3352 3351//3351
f 3483//3483 3351//3351 3477//3477
f 3198//3198 3484//3484 3347//3347
f 3484//3484 3610//3610 3347//3347
f 3347//3347 3610//3610 3474//3474
f 3485//3485 3474//3474 3610//3610
f 3485//3485 3489//3489 3474//3474
f 3486//3486 3348//3348 3480//3480
f 3490//3490 3349//3349 3487//3487
f 3349//3349 3490//3490 3481//3481
f 3481//3481 3490//3490 3488//3488
f 3615//3615 3484//3484 3198//3198
f 3480//3480 3489//3489 3486//3486
f 3486//3486 3618//3618 3487//3487
f 3483//3483 3491//3491 3492//3492
f 3492//3492 3352//3352 3483//3483
f 3354//3354 3493//3493 3353//3353
f 3493//3493 3494//3494 3353//3353
f 3353//3353 3494//3494 3615//3615
f 3489//3489 3731//3731 3486//3486
f 3487//3487 3618//3618 3619//3619
f 3487//3487 3619//3619 3490//3490
f 3495//3495 3355//3355 3492//3492
f 3628//3628 3357//3357 3495//3495
f 3497//3497 3357//3357 3628//3628
f 3356//3356 3358//3358 3496//3496
f 3499//3499 3497//3497 3498//3498
f 3499//3499 3360//3360 3359//3359
f 3499//3499 3500//3500 3360//3360
f 3500//3500 3208//3208 3360//3360
f 3081//3081 3501//3501 3361//3361
f 3208//3208 3500//3500 3502//3502
f 3362//3362 3501//3501 3081//3081
f 3635//3635 3363//3363 3502//3502
f 3209//3209 3210//3210 3503//3503
f 3635//3635 3365//3365 3363//3363
f 3366//3366 3503//3503 3210//3210
f 3635//3635 3504//3504 3365//3365
f 3506//3506 3504//3504 3507//3507
f 3507//3507 3215//3215 3506//3506
f 3086//3086 3509//3509 3214//3214
f 3509//3509 3505//3505 3214//3214
f 3508//3508 3367//3367 3507//3507
f 3507//3507 3367//3367 3215//3215
f 3368//3368 3509//3509 3086//3086
f 3369//3369 3367//3367 3508//3508
f 3372//3372 3509//3509 3370//3370
f 3509//3509 3368//3368 3370//3370
f 3373//3373 3371//3371 3369//3369
f 3372//3372 3510//3510 3511//3511
f 3221//3221 3510//3510 3372//3372
f 3510//3510 3221//3221 3511//3511
f 3221//3221 3644//3644 3511//3511
f 3221//3221 3513//3513 3644//3644
f 3512//3512 3374//3374 3373//3373
f 3377//3377 3513//3513 3221//3221
f 3376//3376 3374//3374 3514//3514
f 3515//3515 3513//3513 3377//3377
f 3514//3514 3517//3517 3376//3376
f 3377//3377 3516//3516 3515//3515
f 3517//3517 3519//3519 3376//3376
f 3378//3378 3516//3516 3377//3377
f 3762//3762 3519//3519 3517//3517
f 3379//3379 3518//3518 3378//3378
f 3520//3520 3382//3382 3380//3380
f 3520//3520 3380//3380 3519//3519
f 3381//3381 3384//3384 3379//3379
f 3518//3518 3379//3379 3521//3521
f 3521//3521 3379//3379 3384//3384
f 3520//3520 3383//3383 3382//3382
f 3522//3522 3521//3521 3229//3229
f 3229//3229 3521//3521 3384//3384
f 3655//3655 3383//3383 3520//3520
f 3385//3385 3522//3522 3229//3229
f 3523//3523 3386//3386 3383//3383
f 3523//3523 3383//3383 3655//3655
f 3522//3522 3385//3385 3524//3524
f 3389//3389 3385//3385 3387//3387
f 3525//3525 3524//3524 3389//3389
f 3524//3524 3385//3385 3389//3389
f 3527//3527 3390//3390 3523//3523
f 3526//3526 3525//3525 3389//3389
f 3527//3527 3393//3393 3390//3390
f 3528//3528 3526//3526 3392//3392
f 3526//3526 3389//3389 3392//3392
f 3530//3530 3393//3393 3527//3527
f 3529//3529 3528//3528 3392//3392
f 3530//3530 3394//3394 3393//3393
f 3532//3532 3529//3529 3395//3395
f 3529//3529 3392//3392 3395//3395
f 3531//3531 3394//3394 3530//3530
f 3395//3395 3535//3535 3532//3532
f 3532//3532 3535//3535 3536//3536
f 3533//3533 3534//3534 3531//3531
f 3534//3534 3397//3397 3394//3394
f 3534//3534 3394//3394 3531//3531
f 3534//3534 3533//3533 3397//3397
f 3537//3537 3536//3536 3396//3396
f 3536//3536 3535//3535 3396//3396
f 3538//3538 3399//3399 3397//3397
f 3538//3538 3397//3397 3533//3533
f 3398//3398 3537//3537 3396//3396
f 3665//3665 3537//3537 3398//3398
f 3540//3540 3538//3538 3539//3539
f 3401//3401 3541//3541 3665//3665
f 3401//3401 3665//3665 3398//3398
f 3540//3540 3542//3542 3399//3399
f 3540//3540 3399//3399 3538//3538
f 3543//3543 3541//3541 3401//3401
f 3542//3542 3400//3400 3399//3399
f 3403//3403 3543//3543 3401//3401
f 3543//3543 3403//3403 3547//3547
f 3545//3545 3542//3542 3544//3544
f 3545//3545 3546//3546 3542//3542
f 3546//3546 3402//3402 3400//3400
f 3546//3546 3400//3400 3542//3542
f 3547//3547 3403//3403 3404//3404
f 3545//3545 3679//3679 3546//3546
f 3548//3548 3547//3547 3407//3407
f 3407//3407 3547//3547 3404//3404
f 3549//3549 3550//3550 3679//3679
f 3679//3679 3550//3550 3405//3405
f 3679//3679 3405//3405 3546//3546
f 3546//3546 3405//3405 3402//3402
f 3548//3548 3407//3407 3408//3408
f 3550//3550 3551//3551 3409//3409
f 3549//3549 3551//3551 3550//3550
f 3550//3550 3409//3409 3405//3405
f 3410//3410 3548//3548 3408//3408
f 3552//3552 3548//3548 3410//3410
f 3551//3551 3553//3553 3411//3411
f 3551//3551 3411//3411 3409//3409
f 3413//3413 3552//3552 3410//3410
f 3555//3555 3552//3552 3413//3413
f 3552//3552 3685//3685 3556//3556
f 3552//3552 3555//3555 3685//3685
f 3557//3557 3553//3553 3554//3554
f 3557//3557 3558//3558 3553//3553
f 3553//3553 3558//3558 3412//3412
f 3553//3553 3412//3412 3411//3411
f 3414//3414 3555//3555 3413//3413
f 3555//3555 3414//3414 3415//3415
f 3555//3555 3415//3415 3685//3685
f 3685//3685 3559//3559 3687//3687
f 3562//3562 3561//3561 3560//3560
f 3557//3557 3695//3695 3417//3417
f 3557//3557 3417//3417 3416//3416
f 3557//3557 3416//3416 3558//3558
f 3558//3558 3416//3416 3412//3412
f 3419//3419 3685//3685 3415//3415
f 3685//3685 3419//3419 3420//3420
f 3685//3685 3420//3420 3559//3559
f 3559//3559 3420//3420 3421//3421
f 3560//3560 3559//3559 3421//3421
f 3560//3560 3564//3564 3562//3562
f 3563//3563 3565//3565 3422//3422
f 3562//3562 3565//3565 3563//3563
f 3563//3563 3422//3422 3423//3423
f 3563//3563 3423//3423 3695//3695
f 3695//3695 3423//3423 3417//3417
f 3424//3424 3560//3560 3421//3421
f 3560//3560 3424//3424 3425//3425
f 3560//3560 3425//3425 3564//3564
f 3564//3564 3425//3425 3426//3426
f 3564//3564 3426//3426 3562//3562
f 3562//3562 3426//3426 3565//3565
f 3566//3566 3436//3436 3568//3568
f 3567//3567 3435//3435 3432//3432
f 3567//3567 3568//3568 3435//3435
f 3570//3570 3439//3439 3566//3566
f 3570//3570 3438//3438 3439//3439
f 3568//3568 3569//3569 3566//3566
f 3566//3566 3569//3569 3570//3570
f 3570//3570 3575//3575 3438//3438
f 3571//3571 3573//3573 3432//3432
f 3571//3571 3572//3572 3573//3573
f 3432//3432 3573//3573 3567//3567
f 3567//3567 3574//3574 3568//3568
f 3568//3568 3574//3574 3569//3569
f 3578//3578 3571//3571 3443//3443
f 3569//3569 3576//3576 3570//3570
f 3570//3570 3577//3577 3575//3575
f 3578//3578 3582//3582 3571//3571
f 3571//3571 3579//3579 3572//3572
f 3571//3571 3582//3582 3579//3579
f 3567//3567 3573//3573 3574//3574
f 3574//3574 3581//3581 3569//3569
f 3576//3576 3580//3580 3570//3570
f 3576//3576 3569//3569 3580//3580
f 3570//3570 3583//3583 3577//3577
f 3570//3570 3580//3580 3583//3583
f 3583//3583 3449//3449 3447//3447
f 3583//3583 3447//3447 3577//3577
f 3572//3572 3579//3579 3582//3582
f 3569//3569 3581//3581 3580//3580
f 3301//3301 3444//3444 3450//3450
f 3582//3582 3584//3584 3701//3701
f 3582//3582 3578//3578 3584//3584
f 3583//3583 3451//3451 3449//3449
f 3301//3301 3453//3453 3444//3444
f 3444//3444 3587//3587 3584//3584
f 3583//3583 3580//3580 3700//3700
f 3583//3583 3586//3586 3451//3451
f 3585//3585 3586//3586 3583//3583
f 3309//3309 3453//3453 3455//3455
f 3453//3453 3587//3587 3444//3444
f 3588//3588 3585//3585 3583//3583
f 3586//3586 3456//3456 3454//3454
f 3309//3309 3591//3591 3453//3453
f 3309//3309 3589//3589 3591//3591
f 3587//3587 3453//3453 3591//3591
f 3590//3590 3586//3586 3585//3585
f 3586//3586 3590//3590 3456//3456
f 3590//3590 3458//3458 3456//3456
f 3460//3460 3589//3589 3457//3457
f 3590//3590 3459//3459 3458//3458
f 3592//3592 3459//3459 3590//3590
f 3592//3592 3461//3461 3459//3459
f 3593//3593 3589//3589 3460//3460
f 3589//3589 3594//3594 3591//3591
f 3589//3589 3593//3593 3594//3594
f 3592//3592 3462//3462 3461//3461
f 3464//3464 3593//3593 3460//3460
f 3592//3592 3596//3596 3462//3462
f 3598//3598 3465//3465 3462//3462
f 3598//3598 3462//3462 3596//3596
f 3597//3597 3593//3593 3464//3464
f 3594//3594 3593//3593 3597//3597
f 3719//3719 3465//3465 3598//3598
f 3600//3600 3470//3470 3467//3467
f 3465//3465 3600//3600 3467//3467
f 3719//3719 3600//3600 3465//3465
f 3600//3600 3602//3602 3470//3470
f 3601//3601 3597//3597 3468//3468
f 3599//3599 3597//3597 3601//3601
f 3602//3602 3600//3600 3719//3719
f 3604//3604 3601//3601 3468//3468
f 3603//3603 3471//3471 3470//3470
f 3602//3602 3603//3603 3470//3470
f 3723//3723 3603//3603 3602//3602
f 3603//3603 3472//3472 3471//3471
f 3476//3476 3606//3606 3604//3604
f 3605//3605 3472//3472 3603//3603
f 3605//3605 3478//3478 3477//3477
f 3605//3605 3477//3477 3472//3472
f 3482//3482 3476//3476 3479//3479
f 3606//3606 3476//3476 3833//3833
f 3605//3605 3608//3608 3478//3478
f 3607//3607 3608//3608 3605//3605
f 3608//3608 3483//3483 3478//3478
f 3476//3476 3482//3482 3609//3609
f 3728//3728 3611//3611 3488//3488
f 3488//3488 3611//3611 3482//3482
f 3611//3611 3612//3612 3482//3482
f 3482//3482 3612//3612 3609//3609
f 3613//3613 3483//3483 3608//3608
f 3615//3615 3614//3614 3484//3484
f 3484//3484 3614//3614 3610//3610
f 3610//3610 3614//3614 3485//3485
f 3489//3489 3485//3485 3614//3614
f 3621//3621 3488//3488 3490//3490
f 3488//3488 3621//3621 3728//3728
f 3623//3623 3491//3491 3483//3483
f 3613//3613 3623//3623 3483//3483
f 3623//3623 3492//3492 3491//3491
f 3616//3616 3489//3489 3614//3614
f 3616//3616 3731//3731 3489//3489
f 3617//3617 3618//3618 3486//3486
f 3617//3617 3486//3486 3731//3731
f 3620//3620 3490//3490 3619//3619
f 3621//3621 3490//3490 3620//3620
f 3613//3613 3622//3622 3623//3623
f 3623//3623 3495//3495 3492//3492
f 3738//3738 3624//3624 3354//3354
f 3354//3354 3624//3624 3493//3493
f 3493//3493 3624//3624 3494//3494
f 3625//3625 3628//3628 3495//3495
f 3625//3625 3495//3495 3623//3623
f 3496//3496 3626//3626 3354//3354
f 3626//3626 3738//3738 3354//3354
f 3496//3496 3627//3627 3626//3626
f 3628//3628 3625//3625 3739//3739
f 3740//3740 3496//3496 3358//3358
f 3740//3740 3627//3627 3496//3496
f 3628//3628 3498//3498 3497//3497
f 3630//3630 3740//3740 3358//3358
f 3206//3206 3630//3630 3358//3358
f 3629//3629 3743//3743 3628//3628
f 3628//3628 3743//3743 3498//3498
f 3743//3743 3499//3499 3498//3498
f 3631//3631 3630//3630 3206//3206
f 3633//3633 3500//3500 3499//3499
f 3633//3633 3499//3499 3743//3743
f 3632//3632 3631//3631 3361//3361
f 3633//3633 3634//3634 3500//3500
f 3632//3632 3361//3361 3501//3501
f 3634//3634 3502//3502 3500//3500
f 3634//3634 3635//3635 3502//3502
f 3745//3745 3362//3362 3209//3209
f 3503//3503 3745//3745 3209//3209
f 3749//3749 3504//3504 3635//3635
f 3503//3503 3366//3366 3745//3745
f 3366//3366 3750//3750 3745//3745
f 3749//3749 3636//3636 3504//3504
f 3505//3505 3750//3750 3366//3366
f 3637//3637 3507//3507 3504//3504
f 3637//3637 3504//3504 3636//3636
f 3505//3505 3638//3638 3751//3751
f 3636//3636 3508//3508 3507//3507
f 3636//3636 3507//3507 3637//3637
f 3639//3639 3638//3638 3509//3509
f 3638//3638 3505//3505 3509//3509
f 3636//3636 3640//3640 3508//3508
f 3641//3641 3639//3639 3509//3509
f 3642//3642 3369//3369 3508//3508
f 3642//3642 3508//3508 3640//3640
f 3372//3372 3753//3753 3509//3509
f 3753//3753 3641//3641 3509//3509
f 3642//3642 3373//3373 3369//3369
f 3511//3511 3753//3753 3372//3372
f 3643//3643 3373//3373 3642//3642
f 3645//3645 3512//3512 3373//3373
f 3645//3645 3373//3373 3643//3643
f 3513//3513 3646//3646 3644//3644
f 3645//3645 3374//3374 3512//3512
f 3515//3515 3646//3646 3513//3513
f 3646//3646 3515//3515 3647//3647
f 3648//3648 3514//3514 3374//3374
f 3648//3648 3374//3374 3645//3645
f 3647//3647 3515//3515 3649//3649
f 3648//3648 3517//3517 3514//3514
f 3516//3516 3649//3649 3515//3515
f 3650//3650 3517//3517 3648//3648
f 3759//3759 3517//3517 3650//3650
f 3378//3378 3651//3651 3516//3516
f 3759//3759 3762//3762 3517//3517
f 3652//3652 3520//3520 3519//3519
f 3652//3652 3519//3519 3762//3762
f 3518//3518 3521//3521 3653//3653
f 3654//3654 3655//3655 3652//3652
f 3655//3655 3520//3520 3652//3652
f 3653//3653 3521//3521 3522//3522
f 3656//3656 3523//3523 3655//3655
f 3656//3656 3655//3655 3654//3654
f 3524//3524 3657//3657 3522//3522
f 3765//3765 3522//3522 3657//3657
f 3770//3770 3658//3658 3656//3656
f 3658//3658 3527//3527 3523//3523
f 3658//3658 3523//3523 3656//3656
f 3525//3525 3657//3657 3524//3524
f 3658//3658 3770//3770 3527//3527
f 3526//3526 3528//3528 3525//3525
f 3769//3769 3525//3525 3528//3528
f 3659//3659 3530//3530 3527//3527
f 3659//3659 3527//3527 3770//3770
f 3660//3660 3769//3769 3528//3528
f 3659//3659 3772//3772 3662//3662
f 3529//3529 3660//3660 3528//3528
f 3662//3662 3531//3531 3659//3659
f 3531//3531 3530//3530 3659//3659
f 3663//3663 3660//3660 3529//3529
f 3536//3536 3529//3529 3532//3532
f 3537//3537 3663//3663 3536//3536
f 3663//3663 3529//3529 3536//3536
f 3664//3664 3533//3533 3662//3662
f 3662//3662 3533//3533 3531//3531
f 3663//3663 3537//3537 3665//3665
f 3666//3666 3538//3538 3533//3533
f 3666//3666 3533//3533 3664//3664
f 3666//3666 3539//3539 3538//3538
f 3668//3668 3665//3665 3670//3670
f 3666//3666 3669//3669 3540//3540
f 3667//3667 3669//3669 3666//3666
f 3666//3666 3540//3540 3539//3539
f 3541//3541 3670//3670 3665//3665
f 3668//3668 3670//3670 3675//3675
f 3671//3671 3672//3672 3669//3669
f 3669//3669 3672//3672 3542//3542
f 3669//3669 3542//3542 3540//3540
f 3543//3543 3670//3670 3541//3541
f 3674//3674 3670//3670 3543//3543
f 3670//3670 3674//3674 3675//3675
f 3671//3671 3544//3544 3542//3542
f 3671//3671 3542//3542 3672//3672
f 3547//3547 3674//3674 3543//3543
f 3676//3676 3677//3677 3673//3673
f 3673//3673 3677//3677 3545//3545
f 3673//3673 3545//3545 3671//3671
f 3671//3671 3545//3545 3544//3544
f 3674//3674 3678//3678 3675//3675
f 3676//3676 3679//3679 3677//3677
f 3677//3677 3679//3679 3545//3545
f 3674//3674 3547//3547 3548//3548
f 3674//3674 3548//3548 3678//3678
f 3681//3681 3682//3682 3679//3679
f 3679//3679 3682//3682 3549//3549
f 3548//3548 3680//3680 3678//3678
f 3680//3680 3548//3548 3552//3552
f 3793//3793 3680//3680 3552//3552
f 3678//3678 3680//3680 3793//3793
f 3792//3792 3678//3678 3683//3683
f 3678//3678 3793//3793 3683//3683
f 3682//3682 3551//3551 3549//3549
f 3556//3556 3793//3793 3552//3552
f 3793//3793 3556//3556 3685//3685
f 3793//3793 3687//3687 3686//3686
f 3793//3793 3685//3685 3687//3687
f 3684//3684 3691//3691 3692//3692
f 3681//3681 3692//3692 3554//3554
f 3684//3684 3692//3692 3681//3681
f 3681//3681 3554//3554 3553//3553
f 3681//3681 3553//3553 3682//3682
f 3682//3682 3553//3553 3551//3551
f 3687//3687 3693//3693 3688//3688
f 3687//3687 3560//3560 3693//3693
f 3688//3688 3693//3693 3694//3694
f 3805//3805 3689//3689 3690//3690
f 3689//3689 3805//3805 3695//3695
f 3691//3691 3689//3689 3557//3557
f 3691//3691 3557//3557 3692//3692
f 3692//3692 3557//3557 3554//3554
f 3687//3687 3559//3559 3560//3560
f 3693//3693 3560//3560 3694//3694
f 3694//3694 3560//3560 3561//3561
f 3694//3694 3561//3561 3805//3805
f 3805//3805 3561//3561 3562//3562
f 3805//3805 3562//3562 3563//3563
f 3805//3805 3563//3563 3695//3695
f 3689//3689 3695//3695 3557//3557
f 3696//3696 3573//3573 3572//3572
f 3696//3696 3572//3572 3582//3582
f 3697//3697 3574//3574 3573//3573
f 3697//3697 3581//3581 3574//3574
f 3697//3697 3703//3703 3581//3581
f 3573//3573 3703//3703 3697//3697
f 3703//3703 3580//3580 3581//3581
f 3587//3587 3701//3701 3584//3584
f 3701//3701 3698//3698 3582//3582
f 3696//3696 3699//3699 3573//3573
f 3573//3573 3699//3699 3703//3703
f 3703//3703 3700//3700 3580//3580
f 3706//3706 3701//3701 3587//3587
f 3698//3698 3702//3702 3582//3582
f 3582//3582 3702//3702 3696//3696
f 3703//3703 3704//3704 3700//3700
f 3704//3704 3588//3588 3583//3583
f 3700//3700 3704//3704 3583//3583
f 3591//3591 3705//3705 3587//3587
f 3705//3705 3706//3706 3587//3587
f 3706//3706 3714//3714 3701//3701
f 3702//3702 3698//3698 3701//3701
f 3702//3702 3807//3807 3696//3696
f 3696//3696 3807//3807 3699//3699
f 3808//3808 3699//3699 3807//3807
f 3808//3808 3703//3703 3699//3699
f 3704//3704 3585//3585 3588//3588
f 3707//3707 3585//3585 3704//3704
f 3707//3707 3590//3590 3585//3585
f 3706//3706 3705//3705 3714//3714
f 3701//3701 3714//3714 3708//3708
f 3701//3701 3709//3709 3702//3702
f 3710//3710 3704//3704 3703//3703
f 3711//3711 3712//3712 3590//3590
f 3707//3707 3711//3711 3590//3590
f 3704//3704 3711//3711 3707//3707
f 3595//3595 3591//3591 3594//3594
f 3705//3705 3591//3591 3595//3595
f 3714//3714 3705//3705 3595//3595
f 3710//3710 3812//3812 3704//3704
f 3704//3704 3812//3812 3813//3813
f 3704//3704 3813//3813 3815//3815
f 3712//3712 3704//3704 3815//3815
f 3712//3712 3711//3711 3704//3704
f 3713//3713 3590//3590 3712//3712
f 3713//3713 3592//3592 3590//3590
f 3715//3715 3714//3714 3594//3594
f 3594//3594 3714//3714 3595//3595
f 3716//3716 3596//3596 3592//3592
f 3713//3713 3716//3716 3592//3592
f 3712//3712 3716//3716 3713//3713
f 3597//3597 3715//3715 3594//3594
f 3718//3718 3715//3715 3597//3597
f 3821//3821 3712//3712 3818//3818
f 3821//3821 3716//3716 3712//3712
f 3716//3716 3821//3821 3596//3596
f 3717//3717 3598//3598 3596//3596
f 3717//3717 3596//3596 3821//3821
f 3717//3717 3719//3719 3598//3598
f 3718//3718 3597//3597 3599//3599
f 3719//3719 3717//3717 3821//3821
f 3601//3601 3718//3718 3599//3599
f 3823//3823 3720//3720 3719//3719
f 3720//3720 3721//3721 3719//3719
f 3721//3721 3602//3602 3719//3719
f 3604//3604 3722//3722 3601//3601
f 3721//3721 3723//3723 3602//3602
f 3724//3724 3722//3722 3604//3604
f 3723//3723 3721//3721 3826//3826
f 3723//3723 3605//3605 3603//3603
f 3724//3724 3604//3604 3606//3606
f 3725//3725 3605//3605 3723//3723
f 3725//3725 3607//3607 3605//3605
f 3833//3833 3830//3830 3606//3606
f 3831//3831 3608//3608 3607//3607
f 3831//3831 3607//3607 3725//3725
f 3609//3609 3833//3833 3476//3476
f 3831//3831 3613//3613 3608//3608
f 3613//3613 3831//3831 3726//3726
f 3727//3727 3614//3614 3615//3615
f 3614//3614 3727//3727 3836//3836
f 3611//3611 3728//3728 3612//3612
f 3730//3730 3835//3835 3615//3615
f 3730//3730 3615//3615 3494//3494
f 3727//3727 3615//3615 3835//3835
f 3836//3836 3731//3731 3614//3614
f 3731//3731 3616//3616 3614//3614
f 3620//3620 3732//3732 3621//3621
f 3621//3621 3732//3732 3728//3728
f 3737//3737 3622//3622 3613//3613
f 3729//3729 3737//3737 3613//3613
f 3737//3737 3623//3623 3622//3622
f 3494//3494 3624//3624 3730//3730
f 3731//3731 3733//3733 3617//3617
f 3733//3733 3618//3618 3617//3617
f 3734//3734 3618//3618 3733//3733
f 3735//3735 3620//3620 3619//3619
f 3735//3735 3619//3619 3618//3618
f 3729//3729 3736//3736 3737//3737
f 3737//3737 3625//3625 3623//3623
f 3734//3734 3843//3843 3618//3618
f 3618//3618 3843//3843 3735//3735
f 3739//3739 3625//3625 3737//3737
f 3627//3627 3738//3738 3626//3626
f 3741//3741 3628//3628 3739//3739
f 3741//3741 3629//3629 3628//3628
f 3741//3741 3743//3743 3629//3629
f 3852//3852 3741//3741 3742//3742
f 3852//3852 3743//3743 3741//3741
f 3852//3852 3633//3633 3743//3743
f 3632//3632 3630//3630 3631//3631
f 3744//3744 3633//3633 3852//3852
f 3744//3744 3747//3747 3633//3633
f 3747//3747 3634//3634 3633//3633
f 3362//3362 3745//3745 3501//3501
f 3747//3747 3635//3635 3634//3634
f 3747//3747 3749//3749 3635//3635
f 3746//3746 3745//3745 3748//3748
f 3750//3750 3748//3748 3745//3745
f 3853//3853 3636//3636 3749//3749
f 3505//3505 3751//3751 3750//3750
f 3640//3640 3636//3636 3853//3853
f 3752//3752 3638//3638 3639//3639
f 3642//3642 3640//3640 3857//3857
f 3641//3641 3753//3753 3752//3752
f 3641//3641 3752//3752 3639//3639
f 3643//3643 3642//3642 3861//3861
f 3511//3511 3756//3756 3754//3754
f 3511//3511 3754//3754 3753//3753
f 3644//3644 3756//3756 3511//3511
f 3650//3650 3643//3643 3755//3755
f 3650//3650 3645//3645 3643//3643
f 3646//3646 3756//3756 3644//3644
f 3650//3650 3648//3648 3645//3645
f 3649//3649 3756//3756 3647//3647
f 3756//3756 3646//3646 3647//3647
f 3516//3516 3758//3758 3649//3649
f 3872//3872 3759//3759 3650//3650
f 3872//3872 3650//3650 3757//3757
f 3651//3651 3758//3758 3516//3516
f 3761//3761 3762//3762 3759//3759
f 3518//3518 3760//3760 3651//3651
f 3518//3518 3651//3651 3378//3378
f 3764//3764 3760//3760 3518//3518
f 3761//3761 3652//3652 3762//3762
f 3764//3764 3518//3518 3653//3653
f 3761//3761 3766//3766 3654//3654
f 3763//3763 3766//3766 3761//3761
f 3761//3761 3654//3654 3652//3652
f 3522//3522 3765//3765 3764//3764
f 3522//3522 3764//3764 3653//3653
f 3766//3766 3656//3656 3654//3654
f 3657//3657 3525//3525 3765//3765
f 3765//3765 3525//3525 3768//3768
f 3766//3766 3767//3767 3772//3772
f 3656//3656 3772//3772 3770//3770
f 3766//3766 3772//3772 3656//3656
f 3768//3768 3525//3525 3769//3769
f 3770//3770 3772//3772 3659//3659
f 3661//3661 3769//3769 3660//3660
f 3774//3774 3769//3769 3661//3661
f 3773//3773 3772//3772 3771//3771
f 3660//3660 3774//3774 3661//3661
f 3772//3772 3773//3773 3776//3776
f 3772//3772 3776//3776 3662//3662
f 3663//3663 3778//3778 3774//3774
f 3663//3663 3774//3774 3660//3660
f 3774//3774 3778//3778 3775//3775
f 3777//3777 3664//3664 3662//3662
f 3777//3777 3662//3662 3776//3776
f 3779//3779 3777//3777 3776//3776
f 3665//3665 3778//3778 3663//3663
f 3780//3780 3778//3778 3665//3665
f 3777//3777 3781//3781 3666//3666
f 3779//3779 3781//3781 3777//3777
f 3777//3777 3666//3666 3664//3664
f 3668//3668 3780//3780 3665//3665
f 3784//3784 3780//3780 3668//3668
f 3780//3780 3784//3784 3782//3782
f 3781//3781 3667//3667 3666//3666
f 3781//3781 3785//3785 3669//3669
f 3783//3783 3785//3785 3781//3781
f 3781//3781 3669//3669 3667//3667
f 3675//3675 3784//3784 3668//3668
f 3786//3786 3784//3784 3675//3675
f 3785//3785 3671//3671 3669//3669
f 3788//3788 3786//3786 3675//3675
f 3785//3785 3789//3789 3673//3673
f 3787//3787 3789//3789 3785//3785
f 3785//3785 3673//3673 3671//3671
f 3790//3790 3788//3788 3675//3675
f 3788//3788 3790//3790 3908//3908
f 3789//3789 3676//3676 3673//3673
f 3678//3678 3790//3790 3675//3675
f 3792//3792 3790//3790 3678//3678
f 3790//3790 3792//3792 3793//3793
f 3790//3790 3793//3793 3794//3794
f 3789//3789 3796//3796 3679//3679
f 3791//3791 3796//3796 3789//3789
f 3789//3789 3679//3679 3676//3676
f 3794//3794 3793//3793 3797//3797
f 3791//3791 3800//3800 3681//3681
f 3795//3795 3800//3800 3791//3791
f 3791//3791 3681//3681 3796//3796
f 3796//3796 3681//3681 3679//3679
f 3683//3683 3793//3793 3792//3792
f 3688//3688 3801//3801 3798//3798
f 3802//3802 3921//3921 3801//3801
f 3795//3795 3803//3803 3684//3684
f 3799//3799 3803//3803 3795//3795
f 3795//3795 3684//3684 3800//3800
f 3800//3800 3684//3684 3681//3681
f 3686//3686 3797//3797 3793//3793
f 3797//3797 3686//3686 3687//3687
f 3797//3797 3687//3687 3688//3688
f 3804//3804 3801//3801 3688//3688
f 3801//3801 3804//3804 3805//3805
f 3801//3801 3805//3805 3802//3802
f 3802//3802 3690//3690 3689//3689
f 3802//3802 3689//3689 3799//3799
f 3799//3799 3689//3689 3691//3691
f 3799//3799 3691//3691 3803//3803
f 3803//3803 3691//3691 3684//3684
f 3694//3694 3804//3804 3688//3688
f 3804//3804 3694//3694 3805//3805
f 3802//3802 3805//3805 3690//3690
f 3806//3806 3807//3807 3702//3702
f 3708//3708 3809//3809 3701//3701
f 3809//3809 3709//3709 3701//3701
f 3809//3809 3702//3702 3709//3709
f 3806//3806 3702//3702 3809//3809
f 3806//3806 3810//3810 3807//3807
f 3807//3807 3810//3810 3808//3808
f 3810//3810 3703//3703 3808//3808
f 3812//3812 3710//3710 3703//3703
f 3812//3812 3703//3703 3810//3810
f 3809//3809 3708//3708 3714//3714
f 3814//3814 3809//3809 3714//3714
f 3810//3810 3811//3811 3812//3812
f 3814//3814 3714//3714 3715//3715
f 3809//3809 3817//3817 3806//3806
f 3806//3806 3922//3922 3810//3810
f 3810//3810 3922//3922 3923//3923
f 3811//3811 3925//3925 3812//3812
f 3811//3811 3810//3810 3925//3925
f 3812//3812 3925//3925 3813//3813
f 3815//3815 3818//3818 3712//3712
f 3718//3718 3814//3814 3715//3715
f 3814//3814 3816//3816 3809//3809
f 3817//3817 3809//3809 3816//3816
f 3806//3806 3817//3817 3922//3922
f 3923//3923 3924//3924 3810//3810
f 3810//3810 3924//3924 3925//3925
f 3815//3815 3813//3813 3926//3926
f 3815//3815 3819//3819 3818//3818
f 3929//3929 3819//3819 3815//3815
f 3814//3814 3718//3718 3816//3816
f 3718//3718 3822//3822 3816//3816
f 3819//3819 3820//3820 3818//3818
f 3818//3818 3824//3824 3821//3821
f 3820//3820 3824//3824 3818//3818
f 3821//3821 3823//3823 3719//3719
f 3601//3601 3822//3822 3718//3718
f 3819//3819 3933//3933 3820//3820
f 3824//3824 3820//3820 3933//3933
f 3824//3824 3823//3823 3821//3821
f 3823//3823 3721//3721 3720//3720
f 3722//3722 3822//3822 3601//3601
f 3823//3823 3825//3825 3721//3721
f 3824//3824 3825//3825 3823//3823
f 3825//3825 3826//3826 3721//3721
f 3606//3606 3827//3827 3724//3724
f 3825//3825 3829//3829 3826//3826
f 3826//3826 3725//3725 3723//3723
f 3829//3829 3725//3725 3826//3826
f 3830//3830 3827//3827 3606//3606
f 3829//3829 3825//3825 3828//3828
f 3829//3829 3831//3831 3725//3725
f 3832//3832 3831//3831 3829//3829
f 3833//3833 3939//3939 3830//3830
f 3832//3832 3834//3834 3831//3831
f 3834//3834 3613//3613 3726//3726
f 3834//3834 3726//3726 3831//3831
f 3612//3612 3833//3833 3609//3609
f 3834//3834 3729//3729 3613//3613
f 3835//3835 3836//3836 3727//3727
f 3731//3731 3836//3836 3837//3837
f 3732//3732 3612//3612 3728//3728
f 3839//3839 3832//3832 3838//3838
f 3839//3839 3834//3834 3832//3832
f 3839//3839 3729//3729 3834//3834
f 3950//3950 3730//3730 3624//3624
f 3837//3837 3840//3840 3731//3731
f 3840//3840 3733//3733 3731//3731
f 3620//3620 3947//3947 3732//3732
f 3845//3845 3736//3736 3729//3729
f 3839//3839 3845//3845 3729//3729
f 3845//3845 3737//3737 3736//3736
f 3738//3738 3841//3841 3624//3624
f 3841//3841 3950//3950 3624//3624
f 3840//3840 4055//4055 3733//3733
f 4055//4055 3842//3842 3733//3733
f 3733//3733 3843//3843 3734//3734
f 3842//3842 3843//3843 3733//3733
f 3735//3735 3953//3953 3620//3620
f 3839//3839 3844//3844 3845//3845
f 3845//3845 3739//3739 3737//3737
f 3845//3845 3741//3741 3739//3739
f 3848//3848 3846//3846 3627//3627
f 3846//3846 3738//3738 3627//3627
f 3846//3846 3841//3841 3738//3738
f 3849//3849 3845//3845 3847//3847
f 3845//3845 3849//3849 3741//3741
f 3740//3740 3848//3848 3627//3627
f 3849//3849 3742//3742 3741//3741
f 3848//3848 3740//3740 3630//3630
f 3632//3632 3850//3850 3630//3630
f 3848//3848 3630//3630 3850//3850
f 3849//3849 3852//3852 3742//3742
f 3849//3849 3851//3851 3852//3852
f 3501//3501 3850//3850 3632//3632
f 3961//3961 3850//3850 3501//3501
f 3851//3851 3744//3744 3852//3852
f 3745//3745 3746//3746 3501//3501
f 3961//3961 3501//3501 3746//3746
f 3853//3853 3851//3851 3965//3965
f 3851//3851 3747//3747 3744//3744
f 3853//3853 3854//3854 3851//3851
f 3854//3854 3749//3749 3747//3747
f 3854//3854 3747//3747 3851//3851
f 3746//3746 3748//3748 3967//3967
f 3853//3853 3749//3749 3854//3854
f 3855//3855 3857//3857 3853//3853
f 3857//3857 3640//3640 3853//3853
f 3750//3750 3751//3751 3856//3856
f 3855//3855 3970//3970 3857//3857
f 3752//3752 3858//3858 3638//3638
f 3858//3858 3751//3751 3638//3638
f 3970//3970 3861//3861 3857//3857
f 3861//3861 3642//3642 3857//3857
f 3859//3859 3858//3858 3752//3752
f 3970//3970 3860//3860 3861//3861
f 3753//3753 3859//3859 3752//3752
f 3863//3863 3859//3859 3753//3753
f 3860//3860 3862//3862 3861//3861
f 3862//3862 3643//3643 3861//3861
f 3754//3754 3863//3863 3753//3753
f 3860//3860 3643//3643 3862//3862
f 3754//3754 3865//3865 3863//3863
f 3864//3864 3755//3755 3643//3643
f 3864//3864 3643//3643 3860//3860
f 3756//3756 3867//3867 3865//3865
f 3756//3756 3865//3865 3754//3754
f 3864//3864 3866//3866 3755//3755
f 3867//3867 3756//3756 3868//3868
f 3869//3869 3756//3756 3649//3649
f 3868//3868 3756//3756 3869//3869
f 3871//3871 3650//3650 3755//3755
f 3649//3649 3870//3870 3869//3869
f 3871//3871 3757//3757 3650//3650
f 3758//3758 3870//3870 3649//3649
f 3872//3872 3757//3757 3871//3871
f 3651//3651 3870//3870 3758//3758
f 3871//3871 3987//3987 3873//3873
f 3871//3871 3874//3874 3872//3872
f 3871//3871 3873//3873 3874//3874
f 3874//3874 3759//3759 3872//3872
f 3651//3651 3877//3877 3875//3875
f 3873//3873 3761//3761 3759//3759
f 3873//3873 3759//3759 3874//3874
f 3760//3760 3877//3877 3651//3651
f 3873//3873 3876//3876 3761//3761
f 3876//3876 3763//3763 3761//3761
f 3764//3764 3879//3879 3760//3760
f 3993//3993 3876//3876 3878//3878
f 3880//3880 3766//3766 3763//3763
f 3880//3880 3763//3763 3876//3876
f 3764//3764 3881//3881 3879//3879
f 3876//3876 3993//3993 3882//3882
f 3876//3876 3882//3882 3880//3880
f 3882//3882 3766//3766 3880//3880
f 3765//3765 3881//3881 3764//3764
f 3881//3881 3765//3765 3883//3883
f 3882//3882 3767//3767 3766//3766
f 3885//3885 3765//3765 3768//3768
f 3883//3883 3765//3765 3885//3885
f 3886//3886 3882//3882 3884//3884
f 3887//3887 3767//3767 3882//3882
f 3769//3769 3885//3885 3768//3768
f 3882//3882 3886//3886 3888//3888
f 3887//3887 3888//3888 3772//3772
f 3882//3882 3888//3888 3887//3887
f 3887//3887 3772//3772 3767//3767
f 3890//3890 3769//3769 3774//3774
f 3885//3885 3769//3769 3890//3890
f 3889//3889 3771//3771 3772//3772
f 3889//3889 3772//3772 3888//3888
f 3889//3889 3773//3773 3771//3771
f 3896//3896 3890//3890 3774//3774
f 3890//3890 3896//3896 3891//3891
f 3893//3893 3773//3773 3889//3889
f 3775//3775 3896//3896 3774//3774
f 3891//3891 3896//3896 3894//3894
f 3895//3895 3889//3889 3892//3892
f 3895//3895 3893//3893 3889//3889
f 3893//3893 3776//3776 3773//3773
f 3778//3778 3896//3896 3775//3775
f 3896//3896 3778//3778 3780//3780
f 3894//3894 3896//3896 4010//4010
f 3893//3893 3897//3897 3779//3779
f 3895//3895 3897//3897 3893//3893
f 3893//3893 3779//3779 3776//3776
f 3898//3898 3896//3896 3780//3780
f 4010//4010 3896//3896 3898//3898
f 3897//3897 3781//3781 3779//3779
f 3782//3782 3898//3898 3780//3780
f 4010//4010 3898//3898 3899//3899
f 3897//3897 3900//3900 3783//3783
f 3897//3897 3783//3783 3781//3781
f 3784//3784 3898//3898 3782//3782
f 3898//3898 3784//3784 3786//3786
f 3899//3899 3898//3898 3786//3786
f 3899//3899 3903//3903 3902//3902
f 3904//3904 3900//3900 3901//3901
f 3900//3900 3785//3785 3783//3783
f 3905//3905 3899//3899 3786//3786
f 3899//3899 3905//3905 3903//3903
f 3900//3900 3904//3904 3787//3787
f 3900//3900 3787//3787 3785//3785
f 3788//3788 3905//3905 3786//3786
f 3908//3908 3905//3905 3788//3788
f 3905//3905 3908//3908 3903//3903
f 3903//3903 3909//3909 4016//4016
f 3904//3904 3907//3907 3789//3789
f 3904//3904 3789//3789 3787//3787
f 3908//3908 3790//3790 3903//3903
f 3903//3903 3790//3790 3794//3794
f 3909//3909 3903//3903 3794//3794
f 4020//4020 3909//3909 3910//3910
f 3909//3909 3911//3911 3910//3910
f 3914//3914 3913//3913 3912//3912
f 3916//3916 3791//3791 3907//3907
f 3907//3907 3791//3791 3789//3789
f 3909//3909 3794//3794 3917//3917
f 3909//3909 3917//3917 3911//3911
f 3911//3911 3918//3918 3912//3912
f 3912//3912 3919//3919 3914//3914
f 3916//3916 3914//3914 3795//3795
f 3915//3915 3914//3914 3916//3916
f 3916//3916 3795//3795 3791//3791
f 3797//3797 3917//3917 3794//3794
f 3917//3917 3797//3797 3688//3688
f 3917//3917 3688//3688 3911//3911
f 3911//3911 3688//3688 3798//3798
f 3918//3918 3911//3911 3798//3798
f 3918//3918 3921//3921 3912//3912
f 3912//3912 3921//3921 3919//3919
f 3919//3919 3920//3920 3914//3914
f 3920//3920 3799//3799 3914//3914
f 3914//3914 3799//3799 3795//3795
f 3801//3801 3918//3918 3798//3798
f 3918//3918 3801//3801 3921//3921
f 3919//3919 3921//3921 3802//3802
f 3919//3919 3802//3802 3920//3920
f 3920//3920 3802//3802 3799//3799
f 3922//3922 3817//3817 3816//3816
f 3926//3926 3813//3813 3925//3925
f 3816//3816 3927//3927 3922//3922
f 3924//3924 3923//3923 3928//3928
f 3924//3924 3928//3928 3925//3925
f 3934//3934 3929//3929 3815//3815
f 3926//3926 3934//3934 3815//3815
f 3929//3929 3933//3933 3819//3819
f 3922//3922 3930//3930 3923//3923
f 3922//3922 3927//3927 3930//3930
f 3928//3928 3931//3931 3925//3925
f 3925//3925 4030//4030 3926//3926
f 3925//3925 3931//3931 4030//4030
f 3926//3926 3932//3932 3934//3934
f 3926//3926 4030//4030 3932//3932
f 3934//3934 3933//3933 3929//3929
f 3722//3722 3724//3724 3822//3822
f 3822//3822 3724//3724 3816//3816
f 3816//3816 4032//4032 3927//3927
f 3923//3923 3930//3930 3928//3928
f 3933//3933 3934//3934 3935//3935
f 3933//3933 3936//3936 3824//3824
f 3935//3935 3936//3936 3933//3933
f 4032//4032 3816//3816 3724//3724
f 3937//3937 3935//3935 3934//3934
f 3936//3936 3935//3935 3824//3824
f 3825//3825 3824//3824 3935//3935
f 4037//4037 3724//3724 3827//3827
f 4039//4039 3935//3935 3937//3937
f 3935//3935 3828//3828 3825//3825
f 3828//3828 3935//3935 3938//3938
f 3830//3830 3939//3939 3827//3827
f 3828//3828 3941//3941 3829//3829
f 3940//3940 3941//3941 3828//3828
f 3941//3941 3832//3832 3829//3829
f 3940//3940 3832//3832 3941//3941
f 3833//3833 4044//4044 3939//3939
f 3940//3940 3945//3945 3832//3832
f 3942//3942 3945//3945 3940//3940
f 3943//3943 4044//4044 3612//3612
f 3833//3833 3612//3612 4044//4044
f 3942//3942 3944//3944 3945//3945
f 3945//3945 3838//3838 3832//3832
f 3836//3836 3835//3835 3946//3946
f 3837//3837 3836//3836 3946//3946
f 3947//3947 3612//3612 3732//3732
f 3943//3943 3612//3612 3947//3947
f 3945//3945 3839//3839 3838//3838
f 3730//3730 3948//3948 3835//3835
f 3835//3835 3948//3948 3946//3946
f 4050//4050 3947//3947 3620//3620
f 3944//3944 4053//4053 3945//3945
f 4053//4053 3844//3844 3839//3839
f 4053//4053 3839//3839 3945//3945
f 3950//3950 4054//4054 3730//3730
f 3730//3730 4054//4054 3948//3948
f 3842//3842 3951//3951 3843//3843
f 3843//3843 3952//3952 3735//3735
f 3951//3951 3952//3952 3843//3843
f 3952//3952 3953//3953 3735//3735
f 3620//3620 3953//3953 4050//4050
f 3949//3949 3844//3844 4053//4053
f 4061//4061 3844//3844 3949//3949
f 3846//3846 3956//3956 3841//3841
f 4057//4057 3841//3841 4062//4062
f 4062//4062 3841//3841 3956//3956
f 4061//4061 3955//3955 3844//3844
f 3955//3955 3847//3847 3845//3845
f 3955//3955 3845//3845 3844//3844
f 3957//3957 3956//3956 3848//3848
f 3848//3848 3956//3956 3846//3846
f 3954//3954 3955//3955 4061//4061
f 3955//3955 3849//3849 3847//3847
f 3954//3954 3958//3958 3955//3955
f 3958//3958 3851//3851 3849//3849
f 3958//3958 3849//3849 3955//3955
f 3957//3957 3848//3848 3850//3850
f 3954//3954 3960//3960 3958//3958
f 3954//3954 3959//3959 3960//3960
f 3960//3960 3851//3851 3958//3958
f 3959//3959 3965//3965 3851//3851
f 3959//3959 3851//3851 3960//3960
f 3746//3746 3963//3963 3961//3961
f 3964//3964 3965//3965 3959//3959
f 3746//3746 3967//3967 3963//3963
f 3964//3964 3853//3853 3965//3965
f 3966//3966 3968//3968 3964//3964
f 3968//3968 3855//3855 3853//3853
f 3968//3968 3853//3853 3964//3964
f 3750//3750 3856//3856 3967//3967
f 3750//3750 3967//3967 3748//3748
f 4068//4068 3967//3967 3969//3969
f 3967//3967 3971//3971 3969//3969
f 3967//3967 3856//3856 3971//3971
f 3966//3966 3855//3855 3968//3968
f 3970//3970 3855//3855 3966//3966
f 3858//3858 3856//3856 3751//3751
f 3971//3971 3856//3856 3858//3858
f 3972//3972 3974//3974 3970//3970
f 4074//4074 3858//3858 3859//3859
f 3972//3972 3973//3973 3974//3974
f 3974//3974 3860//3860 3970//3970
f 3863//3863 4074//4074 3859//3859
f 4074//4074 3975//3975 4076//4076
f 4074//4074 3863//3863 3975//3975
f 3973//3973 3860//3860 3974//3974
f 3975//3975 3863//3863 3865//3865
f 3975//3975 3865//3865 3977//3977
f 3976//3976 3864//3864 3860//3860
f 3976//3976 3860//3860 3973//3973
f 3977//3977 3865//3865 3978//3978
f 3976//3976 3979//3979 3980//3980
f 3980//3980 3866//3866 3864//3864
f 3980//3980 3864//3864 3976//3976
f 3867//3867 3978//3978 3865//3865
f 3979//3979 3866//3866 3980//3980
f 3869//3869 3867//3867 3868//3868
f 3981//3981 3755//3755 3866//3866
f 3981//3981 3866//3866 3979//3979
f 3981//3981 3982//3982 3983//3983
f 3983//3983 3871//3871 3755//3755
f 3983//3983 3755//3755 3981//3981
f 3870//3870 3984//3984 3869//3869
f 3869//3869 3985//3985 4084//4084
f 3869//3869 3984//3984 3985//3985
f 3982//3982 3871//3871 3983//3983
f 3982//3982 3987//3987 3871//3871
f 3651//3651 3988//3988 3984//3984
f 3651//3651 3984//3984 3870//3870
f 4090//4090 3987//3987 3986//3986
f 3875//3875 3988//3988 3651//3651
f 3987//3987 4090//4090 3989//3989
f 3987//3987 3990//3990 3873//3873
f 3987//3987 3989//3989 3990//3990
f 3990//3990 3876//3876 3873//3873
f 3877//3877 3988//3988 3875//3875
f 4091//4091 3988//3988 3877//3877
f 3989//3989 3876//3876 3990//3990
f 3760//3760 3879//3879 3877//3877
f 3992//3992 3878//3878 3876//3876
f 3992//3992 3876//3876 3989//3989
f 3879//3879 3994//3994 3877//3877
f 4096//4096 3992//3992 3991//3991
f 3992//3992 3993//3993 3878//3878
f 3879//3879 3881//3881 3994//3994
f 3992//3992 4096//4096 3999//3999
f 3992//3992 3995//3995 3993//3993
f 3992//3992 3999//3999 3995//3995
f 3995//3995 3882//3882 3993//3993
f 3885//3885 3881//3881 3883//3883
f 3994//3994 3881//3881 3996//3996
f 3881//3881 3885//3885 3996//3996
f 3999//3999 3884//3884 3882//3882
f 3999//3999 3882//3882 3995//3995
f 3885//3885 3998//3998 3996//3996
f 4100//4100 3999//3999 3997//3997
f 3999//3999 3886//3886 3884//3884
f 3999//3999 4100//4100 4003//4003
f 3999//3999 4001//4001 3886//3886
f 3999//3999 4003//4003 4001//4001
f 3890//3890 3998//3998 3885//3885
f 4001//4001 4003//4003 3888//3888
f 4001//4001 3888//3888 3886//3886
f 4000//4000 3998//3998 3890//3890
f 4002//4002 4000//4000 4005//4005
f 4003//4003 4004//4004 3892//3892
f 3892//3892 3889//3889 3888//3888
f 3892//3892 3888//3888 4003//4003
f 3891//3891 4000//4000 3890//3890
f 4006//4006 4000//4000 3891//3891
f 4000//4000 4006//4006 4005//4005
f 4004//4004 4003//4003 4008//4008
f 3894//3894 4006//4006 3891//3891
f 4010//4010 4006//4006 3894//3894
f 4006//4006 4007//4007 4117//4117
f 4004//4004 4009//4009 3895//3895
f 4008//4008 4009//4009 4004//4004
f 4004//4004 3895//3895 3892//3892
f 4006//4006 4010//4010 4007//4007
f 4012//4012 4009//4009 4008//4008
f 4009//4009 3897//3897 3895//3895
f 4011//4011 4007//4007 4013//4013
f 4009//4009 4012//4012 3900//3900
f 4009//4009 3900//3900 3897//3897
f 3899//3899 4007//4007 4010//4010
f 4015//4015 4007//4007 3899//3899
f 4013//4013 4007//4007 4016//4016
f 4122//4122 4013//4013 4017//4017
f 4013//4013 4018//4018 4017//4017
f 4013//4013 4016//4016 4018//4018
f 4014//4014 4019//4019 4012//4012
f 4012//4012 3901//3901 3900//3900
f 3902//3902 4015//4015 3899//3899
f 4015//4015 3902//3902 3903//3903
f 4015//4015 3903//3903 4007//4007
f 3906//3906 4007//4007 3903//3903
f 4016//4016 4007//4007 3906//3906
f 4018//4018 4016//4016 4020//4020
f 4012//4012 4023//4023 3904//3904
f 4019//4019 4023//4023 4012//4012
f 4012//4012 3904//3904 3901//3901
f 3906//3906 3903//3903 4016//4016
f 4020//4020 4024//4024 4025//4025
f 4025//4025 4024//4024 4026//4026
f 4021//4021 4027//4027 4022//4022
f 4019//4019 4022//4022 3907//3907
f 4019//4019 3907//3907 4023//4023
f 4023//4023 3907//3907 3904//3904
f 4016//4016 3909//3909 4020//4020
f 4024//4024 4020//4020 3910//3910
f 4028//4028 3915//3915 4021//4021
f 4021//4021 3915//3915 4027//4027
f 4027//4027 3915//3915 3916//3916
f 4027//4027 3916//3916 4022//4022
f 4022//4022 3916//3916 3907//3907
f 3910//3910 3911//3911 4024//4024
f 4024//4024 3911//3911 3912//3912
f 4024//4024 3912//3912 4026//4026
f 4026//4026 3912//3912 3913//3913
f 4026//4026 3913//3913 4128//4128
f 4128//4128 3913//3913 3914//3914
f 4128//4128 3914//3914 4028//4028
f 4028//4028 3914//3914 3915//3915
f 4029//4029 3930//3930 3927//3927
f 3928//3928 3930//3930 4029//4029
f 4030//4030 3931//3931 3928//3928
f 4031//4031 3932//3932 4030//4030
f 4031//4031 3934//3934 3932//3932
f 3724//3724 4037//4037 4032//4032
f 4033//4033 3927//3927 4032//4032
f 3927//3927 4033//4033 4029//4029
f 3928//3928 4029//4029 4034//4034
f 3928//3928 4034//4034 4030//4030
f 4039//4039 3937//3937 3934//3934
f 4039//4039 3934//3934 4031//4031
f 4034//4034 4131//4131 4030//4030
f 4030//4030 4035//4035 4031//4031
f 4036//4036 3938//3938 3935//3935
f 4036//4036 3935//3935 4039//4039
f 4041//4041 4037//4037 3827//3827
f 4037//4037 4038//4038 4032//4032
f 4032//4032 4133//4133 4033//4033
f 4032//4032 4038//4038 4133//4133
f 4029//4029 4033//4033 4133//4133
f 4031//4031 4035//4035 4039//4039
f 4036//4036 3828//3828 3938//3938
f 3939//3939 4040//4040 3827//3827
f 4041//4041 3827//3827 4040//4040
f 4039//4039 4035//4035 4042//4042
f 4036//4036 4039//4039 4045//4045
f 4036//4036 3940//3940 3828//3828
f 3939//3939 4137//4137 4040//4040
f 4045//4045 4039//4039 4043//4043
f 4045//4045 3942//3942 3940//3940
f 4045//4045 3940//3940 4036//4036
f 4142//4142 4137//4137 4044//4044
f 4044//4044 4137//4137 3939//3939
f 4045//4045 3944//3944 3942//3942
f 4045//4045 4051//4051 3944//3944
f 3946//3946 3948//3948 3837//3837
f 4044//4044 3947//3947 4239//4239
f 3943//3943 3947//3947 4044//4044
f 4051//4051 4045//4045 4046//4046
f 4051//4051 4047//4047 3944//3944
f 4047//4047 4053//4053 3944//3944
f 3948//3948 4048//4048 3837//3837
f 3837//3837 4048//4048 3840//3840
f 4048//4048 4049//4049 3840//3840
f 3947//3947 4050//4050 4239//4239
f 4051//4051 4053//4053 4047//4047
f 4054//4054 4252//4252 3948//3948
f 4055//4055 3840//3840 4049//4049
f 4055//4055 4056//4056 3842//3842
f 4050//4050 3953//3953 3951//3951
f 3953//3953 3952//3952 3951//3951
f 4052//4052 4053//4053 4051//4051
f 4053//4053 4061//4061 3949//3949
f 4057//4057 4058//4058 3841//3841
f 3841//3841 4058//4058 3950//3950
f 3950//3950 4058//4058 4054//4054
f 4052//4052 4059//4059 4053//4053
f 4059//4059 4061//4061 4053//4053
f 4052//4052 4061//4061 4059//4059
f 4052//4052 4155//4155 4061//4061
f 4060//4060 4061//4061 4155//4155
f 3957//3957 4062//4062 3956//3956
f 4063//4063 4062//4062 3957//3957
f 4060//4060 4064//4064 4061//4061
f 4064//4064 3959//3959 3954//3954
f 4064//4064 3954//3954 4061//4061
f 4063//4063 3957//3957 3850//3850
f 4060//4060 3964//3964 3959//3959
f 4060//4060 3959//3959 4064//4064
f 4159//4159 3850//3850 3961//3961
f 4065//4065 4066//4066 4060//4060
f 4066//4066 3962//3962 3964//3964
f 4066//4066 3964//3964 4060//4060
f 4159//4159 3961//3961 3963//3963
f 4065//4065 4067//4067 4066//4066
f 4067//4067 3962//3962 4066//4066
f 3967//3967 4068//4068 3963//3963
f 4067//4067 4069//4069 3962//3962
f 4069//4069 3966//3966 3964//3964
f 4069//4069 3964//3964 3962//3962
f 4070//4070 4067//4067 4166//4166
f 4067//4067 3966//3966 4069//4069
f 3971//3971 4072//4072 3969//3969
f 4072//4072 4068//4068 3969//3969
f 4070//4070 4071//4071 4067//4067
f 4071//4071 3970//3970 3966//3966
f 4071//4071 3966//3966 4067//4067
f 4072//4072 3971//3971 4170//4170
f 4070//4070 3972//3972 3970//3970
f 4070//4070 3970//3970 4071//4071
f 3971//3971 3858//3858 4074//4074
f 4170//4170 3971//3971 4074//4074
f 4073//4073 3972//3972 4070//4070
f 4170//4170 4074//4074 4076//4076
f 4075//4075 3973//3973 3972//3972
f 4075//4075 3972//3972 4073//4073
f 4170//4170 4076//4076 4174//4174
f 4075//4075 4077//4077 4078//4078
f 4078//4078 3976//3976 3973//3973
f 4078//4078 3973//3973 4075//4075
f 3977//3977 4076//4076 3975//3975
f 3978//3978 4076//4076 3977//3977
f 4174//4174 4076//4076 3978//3978
f 4077//4077 3976//3976 4078//4078
f 4079//4079 3979//3979 3976//3976
f 4079//4079 3976//3976 4077//4077
f 4085//4085 3978//3978 3867//3867
f 4080//4080 3978//3978 4085//4085
f 4079//4079 4081//4081 4082//4082
f 4082//4082 3981//3981 3979//3979
f 4082//4082 3979//3979 4079//4079
f 3869//3869 4085//4085 3867//3867
f 4081//4081 3981//3981 4082//4082
f 3869//3869 4084//4084 4085//4085
f 4083//4083 3982//3982 3981//3981
f 4083//4083 3981//3981 4081//4081
f 4085//4085 4084//4084 4189//4189
f 4189//4189 4084//4084 3985//3985
f 4083//4083 4086//4086 4087//4087
f 4087//4087 3987//3987 3982//3982
f 4087//4087 3982//3982 4083//4083
f 4086//4086 3986//3986 3987//3987
f 4086//4086 3987//3987 4087//4087
f 3984//3984 4089//4089 3985//3985
f 3985//3985 4089//4089 4189//4189
f 4088//4088 4090//4090 4086//4086
f 4086//4086 4090//4090 3986//3986
f 3988//3988 4089//4089 3984//3984
f 4193//4193 4090//4090 4088//4088
f 3988//3988 4091//4091 4089//4089
f 4090//4090 4193//4193 4095//4095
f 4090//4090 4095//4095 4092//4092
f 4092//4092 3992//3992 3989//3989
f 4092//4092 3989//3989 4090//4090
f 4093//4093 4091//4091 3877//3877
f 4095//4095 3991//3991 3992//3992
f 4095//4095 3992//3992 4092//4092
f 3994//3994 4093//4093 3877//3877
f 4195//4195 4091//4091 4097//4097
f 4097//4097 4091//4091 4093//4093
f 4099//4099 4095//4095 4094//4094
f 4095//4095 4096//4096 3991//3991
f 4093//4093 3994//3994 4097//4097
f 4095//4095 4098//4098 4096//4096
f 4095//4095 4099//4099 4098//4098
f 4098//4098 3999//3999 4096//4096
f 3994//3994 4103//4103 4097//4097
f 4099//4099 4101//4101 4098//4098
f 4099//4099 4100//4100 4101//4101
f 4101//4101 3997//3997 3999//3999
f 4101//4101 3999//3999 4098//4098
f 3998//3998 4103//4103 3994//3994
f 3998//3998 3994//3994 3996//3996
f 4099//4099 4104//4104 4100//4100
f 4101//4101 4100//4100 3997//3997
f 4000//4000 4103//4103 3998//3998
f 4002//4002 4103//4103 4000//4000
f 4103//4103 4102//4102 4199//4199
f 4104//4104 4105//4105 4109//4109
f 4104//4104 4109//4109 4106//4106
f 4104//4104 4106//4106 4003//4003
f 4104//4104 4003//4003 4100//4100
f 4005//4005 4103//4103 4002//4002
f 4103//4103 4005//4005 4102//4102
f 4106//4106 4109//4109 4003//4003
f 4005//4005 4006//4006 4102//4102
f 4117//4117 4102//4102 4006//4006
f 4107//4107 4102//4102 4117//4117
f 4107//4107 4110//4110 4108//4108
f 4108//4108 4112//4112 4111//4111
f 4108//4108 4110//4110 4112//4112
f 4113//4113 4114//4114 4109//4109
f 4109//4109 4114//4114 4008//4008
f 4008//4008 4003//4003 4109//4109
f 4107//4107 4117//4117 4110//4110
f 4112//4112 4110//4110 4221//4221
f 4115//4115 4113//4113 4109//4109
f 4114//4114 4113//4113 4008//4008
f 4011//4011 4117//4117 4007//4007
f 4117//4117 4122//4122 4110//4110
f 4221//4221 4110//4110 4119//4119
f 4221//4221 4119//4119 4118//4118
f 4120//4120 4115//4115 4116//4116
f 4113//4113 4115//4115 4012//4012
f 4113//4113 4012//4012 4008//4008
f 4013//4013 4117//4117 4011//4011
f 4117//4117 4013//4013 4122//4122
f 4110//4110 4122//4122 4127//4127
f 4229//4229 4119//4119 4123//4123
f 4119//4119 4124//4124 4123//4123
f 4120//4120 4230//4230 4125//4125
f 4120//4120 4121//4121 4115//4115
f 4120//4120 4126//4126 4121//4121
f 4121//4121 4014//4014 4115//4115
f 4115//4115 4014//4014 4012//4012
f 4122//4122 4017//4017 4018//4018
f 4122//4122 4018//4018 4127//4127
f 4110//4110 4025//4025 4119//4119
f 4110//4110 4127//4127 4025//4025
f 4124//4124 4128//4128 4125//4125
f 4125//4125 4129//4129 4120//4120
f 4120//4120 4129//4129 4022//4022
f 4120//4120 4022//4022 4126//4126
f 4121//4121 4126//4126 4019//4019
f 4121//4121 4019//4019 4014//4014
f 4127//4127 4018//4018 4020//4020
f 4127//4127 4020//4020 4025//4025
f 4124//4124 4119//4119 4025//4025
f 4128//4128 4130//4130 4125//4125
f 4125//4125 4130//4130 4129//4129
f 4129//4129 4021//4021 4022//4022
f 4126//4126 4022//4022 4019//4019
f 4124//4124 4025//4025 4026//4026
f 4124//4124 4026//4026 4128//4128
f 4130//4130 4128//4128 4028//4028
f 4130//4130 4028//4028 4129//4129
f 4129//4129 4028//4028 4021//4021
f 4133//4133 4134//4134 4029//4029
f 4135//4135 4034//4034 4029//4029
f 4135//4135 4029//4029 4134//4134
f 4132//4132 4035//4035 4030//4030
f 4132//4132 4030//4030 4131//4131
f 4138//4138 4037//4037 4041//4041
f 4138//4138 4038//4038 4037//4037
f 4133//4133 4038//4038 4138//4138
f 4034//4034 4135//4135 4131//4131
f 4132//4132 4131//4131 4035//4035
f 4136//4136 4042//4042 4035//4035
f 4136//4136 4035//4035 4131//4131
f 4137//4137 4041//4041 4040//4040
f 4133//4133 4138//4138 4134//4134
f 4135//4135 4237//4237 4131//4131
f 4131//4131 4237//4237 4141//4141
f 4136//4136 4039//4039 4042//4042
f 4139//4139 4043//4043 4039//4039
f 4139//4139 4039//4039 4136//4136
f 4137//4137 4140//4140 4041//4041
f 4041//4041 4140//4140 4138//4138
f 4134//4134 4235//4235 4236//4236
f 4134//4134 4138//4138 4235//4235
f 4134//4134 4234//4234 4135//4135
f 4135//4135 4234//4234 4237//4237
f 4131//4131 4141//4141 4136//4136
f 4139//4139 4045//4045 4043//4043
f 4241//4241 4142//4142 4044//4044
f 4142//4142 4243//4243 4137//4137
f 4137//4137 4244//4244 4140//4140
f 4137//4137 4243//4243 4244//4244
f 4138//4138 4244//4244 4245//4245
f 4138//4138 4140//4140 4244//4244
f 4141//4141 4145//4145 4136//4136
f 4136//4136 4145//4145 4139//4139
f 4145//4145 4046//4046 4045//4045
f 4145//4145 4045//4045 4139//4139
f 4239//4239 4240//4240 4044//4044
f 4044//4044 4240//4240 4241//4241
f 4145//4145 4141//4141 4143//4143
f 4145//4145 4051//4051 4046//4046
f 4253//4253 3948//3948 4146//4146
f 4048//4048 3948//3948 4253//4253
f 4048//4048 4055//4055 4049//4049
f 4147//4147 4055//4055 4048//4048
f 4239//4239 4050//4050 4144//4144
f 4050//4050 3951//3951 4144//4144
f 4145//4145 4149//4149 4150//4150
f 4150//4150 4052//4052 4051//4051
f 4150//4150 4051//4051 4145//4145
f 4252//4252 4146//4146 3948//3948
f 4055//4055 4147//4147 4056//4056
f 4056//4056 4147//4147 4148//4148
f 4056//4056 4148//4148 3842//3842
f 3842//3842 4148//4148 3951//3951
f 3951//3951 4148//4148 4144//4144
f 4058//4058 4252//4252 4054//4054
f 4149//4149 4155//4155 4150//4150
f 4149//4149 4151//4151 4155//4155
f 4155//4155 4052//4052 4150//4150
f 4152//4152 4058//4058 4057//4057
f 4156//4156 4058//4058 4152//4152
f 4153//4153 4058//4058 4156//4156
f 4151//4151 4154//4154 4155//4155
f 4062//4062 4152//4152 4057//4057
f 4156//4156 4152//4152 4062//4062
f 4154//4154 4157//4157 4155//4155
f 4261//4261 4062//4062 4063//4063
f 4157//4157 4065//4065 4155//4155
f 4065//4065 4060//4060 4155//4155
f 4261//4261 4063//4063 3850//3850
f 4158//4158 4157//4157 4154//4154
f 4158//4158 4067//4067 4065//4065
f 4158//4158 4065//4065 4157//4157
f 4160//4160 4067//4067 4158//4158
f 4162//4162 4159//4159 4068//4068
f 4159//4159 3963//3963 4068//4068
f 4161//4161 4166//4166 4067//4067
f 4161//4161 4067//4067 4160//4160
f 4072//4072 4162//4162 4068//4068
f 4162//4162 4072//4072 4163//4163
f 4161//4161 4164//4164 4165//4165
f 4165//4165 4166//4166 4161//4161
f 4163//4163 4072//4072 4168//4168
f 4072//4072 4169//4169 4168//4168
f 4072//4072 4167//4167 4169//4169
f 4165//4165 4070//4070 4166//4166
f 4170//4170 4167//4167 4072//4072
f 4169//4169 4167//4167 4170//4170
f 4169//4169 4170//4170 4171//4171
f 4164//4164 4172//4172 4165//4165
f 4165//4165 4073//4073 4070//4070
f 4172//4172 4075//4075 4073//4073
f 4172//4172 4073//4073 4165//4165
f 4174//4174 4171//4171 4170//4170
f 4271//4271 4171//4171 4272//4272
f 4171//4171 4174//4174 4272//4272
f 4175//4175 4164//4164 4173//4173
f 4164//4164 4176//4176 4172//4172
f 4164//4164 4175//4175 4176//4176
f 4176//4176 4075//4075 4172//4172
f 4174//4174 4177//4177 4278//4278
f 4175//4175 4077//4077 4075//4075
f 4175//4175 4075//4075 4176//4176
f 3978//3978 4177//4177 4174//4174
f 4177//4177 4179//4179 4180//4180
f 4178//4178 4079//4079 4077//4077
f 4178//4178 4077//4077 4175//4175
f 4080//4080 4177//4177 3978//3978
f 4179//4179 4177//4177 4080//4080
f 4180//4180 4181//4181 4285//4285
f 4178//4178 4182//4182 4183//4183
f 4183//4183 4079//4079 4178//4178
f 4180//4180 4179//4179 4080//4080
f 4180//4180 4184//4184 4181//4181
f 4182//4182 4081//4081 4079//4079
f 4182//4182 4079//4079 4183//4183
f 4085//4085 4186//4186 4180//4180
f 4085//4085 4180//4180 4080//4080
f 4180//4180 4186//4186 4184//4184
f 4185//4185 4083//4083 4081//4081
f 4185//4185 4081//4081 4182//4182
f 4185//4185 4298//4298 4188//4188
f 4188//4188 4083//4083 4185//4185
f 4186//4186 4085//4085 4187//4187
f 4298//4298 4086//4086 4083//4083
f 4298//4298 4083//4083 4188//4188
f 4085//4085 4189//4189 4192//4192
f 4191//4191 4187//4187 4085//4085
f 4190//4190 4088//4088 4086//4086
f 4190//4190 4086//4086 4298//4298
f 4089//4089 4192//4192 4189//4189
f 4191//4191 4085//4085 4192//4192
f 4194//4194 4193//4193 4190//4190
f 4193//4193 4088//4088 4190//4190
f 4089//4089 4195//4195 4192//4192
f 4193//4193 4194//4194 4201//4201
f 4091//4091 4195//4195 4089//4089
f 4192//4192 4195//4195 4196//4196
f 4200//4200 4197//4197 4196//4196
f 4205//4205 4201//4201 4198//4198
f 4201//4201 4203//4203 4193//4193
f 4201//4201 4202//4202 4203//4203
f 4203//4203 4094//4094 4095//4095
f 4203//4203 4095//4095 4193//4193
f 4097//4097 4199//4199 4195//4195
f 4195//4195 4200//4200 4196//4196
f 4195//4195 4199//4199 4200//4200
f 4201//4201 4205//4205 4202//4202
f 4203//4203 4202//4202 4099//4099
f 4203//4203 4099//4099 4094//4094
f 4205//4205 4207//4207 4202//4202
f 4205//4205 4206//4206 4207//4207
f 4207//4207 4099//4099 4202//4202
f 4103//4103 4199//4199 4097//4097
f 4199//4199 4208//4208 4200//4200
f 4316//4316 4204//4204 4209//4209
f 4205//4205 4213//4213 4206//4206
f 4207//4207 4206//4206 4104//4104
f 4207//4207 4104//4104 4099//4099
f 4208//4208 4210//4210 4200//4200
f 4200//4200 4211//4211 4204//4204
f 4200//4200 4210//4210 4211//4211
f 4209//4209 4212//4212 4323//4323
f 4213//4213 4104//4104 4206//4206
f 4208//4208 4199//4199 4102//4102
f 4208//4208 4102//4102 4210//4210
f 4204//4204 4214//4214 4209//4209
f 4204//4204 4211//4211 4214//4214
f 4209//4209 4214//4214 4212//4212
f 4212//4212 4334//4334 4215//4215
f 4216//4216 4213//4213 4332//4332
f 4216//4216 4217//4217 4213//4213
f 4213//4213 4217//4217 4105//4105
f 4213//4213 4105//4105 4104//4104
f 4210//4210 4102//4102 4107//4107
f 4212//4212 4218//4218 4334//4334
f 4212//4212 4214//4214 4218//4218
f 4334//4334 4218//4218 4219//4219
f 4108//4108 4210//4210 4107//4107
f 4210//4210 4227//4227 4211//4211
f 4211//4211 4221//4221 4214//4214
f 4211//4211 4227//4227 4221//4221
f 4219//4219 4218//4218 4223//4223
f 4336//4336 4219//4219 4222//4222
f 4219//4219 4223//4223 4222//4222
f 4225//4225 4220//4220 4341//4341
f 4220//4220 4225//4225 4226//4226
f 4217//4217 4216//4216 4109//4109
f 4217//4217 4109//4109 4105//4105
f 4111//4111 4210//4210 4108//4108
f 4210//4210 4111//4111 4112//4112
f 4210//4210 4112//4112 4227//4227
f 4218//4218 4214//4214 4229//4229
f 4223//4223 4228//4228 4224//4224
f 4216//4216 4226//4226 4109//4109
f 4220//4220 4226//4226 4216//4216
f 4227//4227 4112//4112 4221//4221
f 4214//4214 4221//4221 4118//4118
f 4214//4214 4118//4118 4229//4229
f 4223//4223 4218//4218 4228//4228
f 4228//4228 4230//4230 4224//4224
f 4224//4224 4231//4231 4225//4225
f 4224//4224 4230//4230 4231//4231
f 4226//4226 4116//4116 4115//4115
f 4226//4226 4115//4115 4109//4109
f 4118//4118 4119//4119 4229//4229
f 4225//4225 4231//4231 4120//4120
f 4225//4225 4120//4120 4226//4226
f 4226//4226 4120//4120 4116//4116
f 4229//4229 4123//4123 4124//4124
f 4229//4229 4124//4124 4218//4218
f 4218//4218 4124//4124 4125//4125
f 4218//4218 4125//4125 4228//4228
f 4228//4228 4125//4125 4230//4230
f 4231//4231 4230//4230 4120//4120
f 4232//4232 4134//4134 4236//4236
f 4233//4233 4234//4234 4134//4134
f 4233//4233 4134//4134 4232//4232
f 4249//4249 4235//4235 4138//4138
f 4249//4249 4138//4138 4245//4245
f 4234//4234 4233//4233 4237//4237
f 4238//4238 4143//4143 4141//4141
f 4238//4238 4141//4141 4237//4237
f 4239//4239 4144//4144 4247//4247
f 4242//4242 4142//4142 4241//4241
f 4243//4243 4142//4142 4242//4242
f 4232//4232 4236//4236 4233//4233
f 4233//4233 4255//4255 4237//4237
f 4237//4237 4255//4255 4256//4256
f 4237//4237 4256//4256 4238//4238
f 4238//4238 4145//4145 4143//4143
f 4246//4246 4048//4048 4253//4253
f 4048//4048 4246//4246 4346//4346
f 4343//4343 4048//4048 4346//4346
f 4048//4048 4343//4343 4147//4147
f 4147//4147 4343//4343 4148//4148
f 4148//4148 4343//4343 4144//4144
f 4343//4343 4345//4345 4144//4144
f 4144//4144 4347//4347 4247//4247
f 4144//4144 4345//4345 4347//4347
f 4239//4239 4247//4247 4240//4240
f 4244//4244 4248//4248 4245//4245
f 4244//4244 4243//4243 4248//4248
f 4235//4235 4249//4249 4236//4236
f 4236//4236 4250//4250 4233//4233
f 4238//4238 4256//4256 4251//4251
f 4251//4251 4149//4149 4145//4145
f 4238//4238 4251//4251 4145//4145
f 4253//4253 4146//4146 4252//4252
f 4243//4243 4242//4242 4248//4248
f 4248//4248 4254//4254 4245//4245
f 4245//4245 4254//4254 4350//4350
f 4249//4249 4351//4351 4236//4236
f 4236//4236 4351//4351 4250//4250
f 4251//4251 4151//4151 4149//4149
f 4257//4257 4252//4252 4058//4058
f 4253//4253 4252//4252 4257//4257
f 4248//4248 4242//4242 4254//4254
f 4352//4352 4256//4256 4255//4255
f 4256//4256 4259//4259 4251//4251
f 4256//4256 4258//4258 4259//4259
f 4251//4251 4154//4154 4151//4151
f 4257//4257 4058//4058 4153//4153
f 4260//4260 4256//4256 4367//4367
f 4260//4260 4258//4258 4256//4256
f 4259//4259 4154//4154 4251//4251
f 4062//4062 4261//4261 4156//4156
f 4261//4261 4153//4153 4156//4156
f 4258//4258 4154//4154 4259//4259
f 4359//4359 4153//4153 4261//4261
f 4260//4260 4158//4158 4154//4154
f 4260//4260 4154//4154 4258//4258
f 3850//3850 4265//4265 4261//4261
f 4261//4261 4265//4265 4374//4374
f 4262//4262 4263//4263 4260//4260
f 4260//4260 4263//4263 4158//4158
f 4263//4263 4160//4160 4158//4158
f 4159//4159 4265//4265 3850//3850
f 4262//4262 4264//4264 4263//4263
f 4263//4263 4161//4161 4160//4160
f 4262//4262 4266//4266 4264//4264
f 4264//4264 4161//4161 4263//4263
f 4163//4163 4159//4159 4162//4162
f 4265//4265 4159//4159 4381//4381
f 4159//4159 4168//4168 4381//4381
f 4159//4159 4163//4163 4168//4168
f 4264//4264 4266//4266 4267//4267
f 4267//4267 4164//4164 4161//4161
f 4267//4267 4161//4161 4264//4264
f 4266//4266 4275//4275 4269//4269
f 4266//4266 4164//4164 4267//4267
f 4270//4270 4168//4168 4169//4169
f 4268//4268 4168//4168 4270//4270
f 4269//4269 4164//4164 4266//4266
f 4171//4171 4270//4270 4169//4169
f 4271//4271 4270//4270 4171//4171
f 4270//4270 4271//4271 4272//4272
f 4270//4270 4274//4274 4273//4273
f 4270//4270 4272//4272 4274//4274
f 4269//4269 4275//4275 4276//4276
f 4276//4276 4173//4173 4164//4164
f 4276//4276 4164//4164 4269//4269
f 4274//4274 4272//4272 4407//4407
f 4275//4275 4173//4173 4276//4276
f 4278//4278 4272//4272 4174//4174
f 4272//4272 4280//4280 4407//4407
f 4407//4407 4280//4280 4279//4279
f 4277//4277 4282//4282 4275//4275
f 4282//4282 4173//4173 4275//4275
f 4283//4283 4278//4278 4177//4177
f 4278//4278 4283//4283 4272//4272
f 4272//4272 4285//4285 4280//4280
f 4272//4272 4283//4283 4285//4285
f 4282//4282 4284//4284 4173//4173
f 4284//4284 4178//4178 4175//4175
f 4284//4284 4175//4175 4173//4173
f 4180//4180 4283//4283 4177//4177
f 4285//4285 4283//4283 4180//4180
f 4285//4285 4286//4286 4280//4280
f 4281//4281 4280//4280 4287//4287
f 4277//4277 4290//4290 4282//4282
f 4282//4282 4178//4178 4284//4284
f 4184//4184 4285//4285 4181//4181
f 4285//4285 4184//4184 4286//4286
f 4280//4280 4289//4289 4287//4287
f 4280//4280 4286//4286 4289//4289
f 4290//4290 4277//4277 4288//4288
f 4290//4290 4182//4182 4178//4178
f 4290//4290 4178//4178 4282//4282
f 4291//4291 4185//4185 4182//4182
f 4291//4291 4182//4182 4290//4290
f 4184//4184 4297//4297 4286//4286
f 4292//4292 4289//4289 4286//4286
f 4290//4290 4294//4294 4291//4291
f 4290//4290 4293//4293 4294//4294
f 4294//4294 4185//4185 4291//4291
f 4187//4187 4184//4184 4186//4186
f 4299//4299 4184//4184 4187//4187
f 4297//4297 4184//4184 4299//4299
f 4297//4297 4295//4295 4286//4286
f 4292//4292 4286//4286 4295//4295
f 4293//4293 4298//4298 4185//4185
f 4293//4293 4185//4185 4294//4294
f 4436//4436 4298//4298 4296//4296
f 4296//4296 4298//4298 4293//4293
f 4191//4191 4299//4299 4187//4187
f 4297//4297 4300//4300 4295//4295
f 4192//4192 4302//4302 4299//4299
f 4192//4192 4299//4299 4191//4191
f 4299//4299 4303//4303 4297//4297
f 4297//4297 4303//4303 4300//4300
f 4298//4298 4301//4301 4194//4194
f 4436//4436 4301//4301 4298//4298
f 4298//4298 4194//4194 4190//4190
f 4196//4196 4302//4302 4192//4192
f 4309//4309 4302//4302 4196//4196
f 4299//4299 4302//4302 4309//4309
f 4299//4299 4309//4309 4303//4303
f 4304//4304 4300//4300 4305//4305
f 4307//4307 4312//4312 4301//4301
f 4312//4312 4308//4308 4301//4301
f 4301//4301 4201//4201 4194//4194
f 4197//4197 4309//4309 4196//4196
f 4303//4303 4309//4309 4300//4300
f 4300//4300 4310//4310 4305//4305
f 4306//4306 4305//4305 4311//4311
f 4308//4308 4198//4198 4201//4201
f 4308//4308 4201//4201 4301//4301
f 4200//4200 4309//4309 4197//4197
f 4309//4309 4323//4323 4300//4300
f 4300//4300 4313//4313 4310//4310
f 4300//4300 4323//4323 4313//4313
f 4305//4305 4324//4324 4311//4311
f 4305//4305 4310//4310 4324//4324
f 4311//4311 4324//4324 4314//4314
f 4312//4312 4307//4307 4315//4315
f 4308//4308 4312//4312 4205//4205
f 4308//4308 4205//4205 4198//4198
f 4309//4309 4200//4200 4316//4316
f 4309//4309 4316//4316 4323//4323
f 4314//4314 4324//4324 4317//4317
f 4454//4454 4314//4314 4318//4318
f 4314//4314 4326//4326 4318//4318
f 4314//4314 4317//4317 4326//4326
f 4315//4315 4321//4321 4312//4312
f 4312//4312 4321//4321 4322//4322
f 4322//4322 4205//4205 4312//4312
f 4204//4204 4316//4316 4200//4200
f 4310//4310 4313//4313 4324//4324
f 4326//4326 4317//4317 4325//4325
f 4319//4319 4328//4328 4327//4327
f 4320//4320 4330//4330 4315//4315
f 4322//4322 4321//4321 4213//4213
f 4322//4322 4213//4213 4205//4205
f 4209//4209 4323//4323 4316//4316
f 4323//4323 4331//4331 4313//4313
f 4313//4313 4331//4331 4324//4324
f 4319//4319 4337//4337 4328//4328
f 4319//4319 4326//4326 4337//4337
f 4329//4329 4338//4338 4320//4320
f 4320//4320 4332//4332 4330//4330
f 4320//4320 4338//4338 4332//4332
f 4315//4315 4333//4333 4321//4321
f 4315//4315 4330//4330 4333//4333
f 4333//4333 4332//4332 4213//4213
f 4333//4333 4213//4213 4321//4321
f 4323//4323 4212//4212 4331//4331
f 4331//4331 4334//4334 4324//4324
f 4317//4317 4222//4222 4325//4325
f 4326//4326 4325//4325 4337//4337
f 4337//4337 4335//4335 4328//4328
f 4328//4328 4335//4335 4329//4329
f 4330//4330 4332//4332 4333//4333
f 4215//4215 4331//4331 4212//4212
f 4331//4331 4215//4215 4334//4334
f 4324//4324 4336//4336 4317//4317
f 4317//4317 4336//4336 4222//4222
f 4325//4325 4222//4222 4337//4337
f 4329//4329 4335//4335 4338//4338
f 4338//4338 4339//4339 4332//4332
f 4332//4332 4339//4339 4216//4216
f 4219//4219 4324//4324 4334//4334
f 4324//4324 4219//4219 4336//4336
f 4222//4222 4340//4340 4337//4337
f 4222//4222 4224//4224 4340//4340
f 4337//4337 4341//4341 4335//4335
f 4335//4335 4341//4341 4338//4338
f 4338//4338 4341//4341 4220//4220
f 4338//4338 4220//4220 4339//4339
f 4339//4339 4220//4220 4216//4216
f 4222//4222 4223//4223 4224//4224
f 4340//4340 4224//4224 4337//4337
f 4337//4337 4224//4224 4225//4225
f 4337//4337 4225//4225 4341//4341
f 4342//4342 4343//4343 4346//4346
f 4345//4345 4343//4343 4344//4344
f 4346//4346 4246//4246 4253//4253
f 4346//4346 4253//4253 4360//4360
f 4345//4345 4344//4344 4347//4347
f 4347//4347 4240//4240 4247//4247
f 4348//4348 4240//4240 4347//4347
f 4349//4349 4240//4240 4348//4348
f 4349//4349 4241//4241 4240//4240
f 4357//4357 4249//4249 4245//4245
f 4357//4357 4245//4245 4350//4350
f 4351//4351 4249//4249 4357//4357
f 4233//4233 4250//4250 4351//4351
f 4352//4352 4255//4255 4233//4233
f 4257//4257 4359//4359 4253//4253
f 4359//4359 4360//4360 4253//4253
f 4342//4342 4346//4346 4353//4353
f 4346//4346 4360//4360 4353//4353
f 4342//4342 4459//4459 4343//4343
f 4343//4343 4459//4459 4460//4460
f 4354//4354 4343//4343 4460//4460
f 4354//4354 4344//4344 4343//4343
f 4344//4344 4355//4355 4347//4347
f 4349//4349 4242//4242 4241//4241
f 4356//4356 4242//4242 4349//4349
f 4350//4350 4254//4254 4242//4242
f 4351//4351 4358//4358 4233//4233
f 4352//4352 4367//4367 4256//4256
f 4359//4359 4257//4257 4153//4153
f 4344//4344 4354//4354 4355//4355
f 4347//4347 4355//4355 4348//4348
f 4356//4356 4361//4361 4242//4242
f 4242//4242 4361//4361 4350//4350
f 4357//4357 4362//4362 4351//4351
f 4358//4358 4363//4363 4233//4233
f 4358//4358 4351//4351 4363//4363
f 4233//4233 4363//4363 4352//4352
f 4363//4363 4367//4367 4352//4352
f 4360//4360 4368//4368 4364//4364
f 4360//4360 4359//4359 4368//4368
f 4360//4360 4364//4364 4462//4462
f 4355//4355 4365//4365 4348//4348
f 4355//4355 4369//4369 4365//4365
f 4348//4348 4366//4366 4349//4349
f 4356//4356 4349//4349 4361//4361
f 4350//4350 4361//4361 4357//4357
f 4362//4362 4363//4363 4351//4351
f 4367//4367 4262//4262 4260//4260
f 4365//4365 4370//4370 4348//4348
f 4365//4365 4369//4369 4370//4370
f 4348//4348 4370//4370 4366//4366
f 4349//4349 4371//4371 4361//4361
f 4361//4361 4371//4371 4372//4372
f 4357//4357 4361//4361 4362//4362
f 4363//4363 4380//4380 4367//4367
f 4363//4363 4373//4373 4380//4380
f 4380//4380 4262//4262 4367//4367
f 4374//4374 4359//4359 4261//4261
f 4375//4375 4368//4368 4359//4359
f 4369//4369 4376//4376 4370//4370
f 4366//4366 4377//4377 4349//4349
f 4349//4349 4378//4378 4371//4371
f 4349//4349 4377//4377 4378//4378
f 4361//4361 4372//4372 4385//4385
f 4361//4361 4385//4385 4362//4362
f 4362//4362 4379//4379 4363//4363
f 4363//4363 4379//4379 4373//4373
f 4374//4374 4381//4381 4359//4359
f 4359//4359 4381//4381 4375//4375
f 4382//4382 4383//4383 4369//4369
f 4369//4369 4383//4383 4376//4376
f 4370//4370 4384//4384 4366//4366
f 4362//4362 4385//4385 4379//4379
f 4373//4373 4392//4392 4380//4380
f 4392//4392 4266//4266 4262//4262
f 4392//4392 4262//4262 4380//4380
f 4265//4265 4381//4381 4374//4374
f 4387//4387 4382//4382 4468//4468
f 4387//4387 4388//4388 4382//4382
f 4382//4382 4389//4389 4383//4383
f 4382//4382 4388//4388 4389//4389
f 4376//4376 4390//4390 4370//4370
f 4384//4384 4403//4403 4366//4366
f 4384//4384 4370//4370 4403//4403
f 4366//4366 4403//4403 4377//4377
f 4371//4371 4378//4378 4377//4377
f 4385//4385 4372//4372 4472//4472
f 4379//4379 4391//4391 4373//4373
f 4373//4373 4391//4391 4392//4392
f 4400//4400 4381//4381 4168//4168
f 4381//4381 4400//4400 4386//4386
f 4383//4383 4397//4397 4376//4376
f 4390//4390 4410//4410 4370//4370
f 4390//4390 4376//4376 4410//4410
f 4370//4370 4398//4398 4403//4403
f 4370//4370 4410//4410 4398//4398
f 4377//4377 4403//4403 4473//4473
f 4411//4411 4385//4385 4399//4399
f 4385//4385 4411//4411 4379//4379
f 4391//4391 4275//4275 4266//4266
f 4391//4391 4266//4266 4392//4392
f 4268//4268 4400//4400 4168//4168
f 4400//4400 4406//4406 4386//4386
f 4393//4393 4386//4386 4394//4394
f 4470//4470 4394//4394 4395//4395
f 4397//4397 4401//4401 4376//4376
f 4397//4397 4383//4383 4401//4401
f 4376//4376 4402//4402 4410//4410
f 4376//4376 4401//4401 4402//4402
f 4403//4403 4398//4398 4410//4410
f 4379//4379 4405//4405 4391//4391
f 4379//4379 4404//4404 4405//4405
f 4405//4405 4275//4275 4391//4391
f 4270//4270 4400//4400 4268//4268
f 4400//4400 4270//4270 4406//4406
f 4386//4386 4406//4406 4394//4394
f 4394//4394 4407//4407 4395//4395
f 4395//4395 4407//4407 4396//4396
f 4388//4388 4409//4409 4389//4389
f 4389//4389 4409//4409 4383//4383
f 4383//4383 4409//4409 4401//4401
f 4410//4410 4402//4402 4401//4401
f 4411//4411 4415//4415 4379//4379
f 4379//4379 4413//4413 4404//4404
f 4379//4379 4415//4415 4413//4413
f 4404//4404 4413//4413 4275//4275
f 4404//4404 4275//4275 4405//4405
f 4273//4273 4406//4406 4270//4270
f 4406//4406 4273//4273 4274//4274
f 4406//4406 4274//4274 4394//4394
f 4407//4407 4419//4419 4396//4396
f 4396//4396 4419//4419 4408//4408
f 4396//4396 4408//4408 4387//4387
f 4387//4387 4414//4414 4388//4388
f 4388//4388 4421//4421 4409//4409
f 4388//4388 4414//4414 4421//4421
f 4415//4415 4411//4411 4412//4412
f 4407//4407 4394//4394 4274//4274
f 4419//4419 4407//4407 4279//4279
f 4408//4408 4416//4416 4387//4387
f 4415//4415 4417//4417 4413//4413
f 4418//4418 4277//4277 4275//4275
f 4418//4418 4275//4275 4413//4413
f 4279//4279 4280//4280 4419//4419
f 4419//4419 4280//4280 4281//4281
f 4416//4416 4420//4420 4387//4387
f 4416//4416 4408//4408 4420//4420
f 4387//4387 4420//4420 4414//4414
f 4417//4417 4415//4415 4412//4412
f 4417//4417 4422//4422 4413//4413
f 4413//4413 4423//4423 4418//4418
f 4413//4413 4422//4422 4423//4423
f 4423//4423 4277//4277 4418//4418
f 4419//4419 4420//4420 4408//4408
f 4414//4414 4426//4426 4421//4421
f 4422//4422 4277//4277 4423//4423
f 4287//4287 4419//4419 4281//4281
f 4420//4420 4419//4419 4287//4287
f 4420//4420 4427//4427 4414//4414
f 4420//4420 4425//4425 4427//4427
f 4414//4414 4427//4427 4426//4426
f 4417//4417 4288//4288 4277//4277
f 4417//4417 4277//4277 4422//4422
f 4424//4424 4428//4428 4417//4417
f 4417//4417 4428//4428 4288//4288
f 4428//4428 4290//4290 4288//4288
f 4289//4289 4292//4292 4287//4287
f 4420//4420 4429//4429 4425//4425
f 4420//4420 4287//4287 4429//4429
f 4430//4430 4293//4293 4290//4290
f 4430//4430 4290//4290 4428//4428
f 4292//4292 4431//4431 4287//4287
f 4287//4287 4431//4431 4429//4429
f 4424//4424 4432//4432 4428//4428
f 4428//4428 4296//4296 4293//4293
f 4428//4428 4293//4293 4430//4430
f 4292//4292 4295//4295 4431//4431
f 4429//4429 4431//4431 4433//4433
f 4429//4429 4433//4433 4434//4434
f 4432//4432 4296//4296 4428//4428
f 4295//4295 4437//4437 4431//4431
f 4434//4434 4433//4433 4441//4441
f 4500//4500 4432//4432 4435//4435
f 4432//4432 4438//4438 4436//4436
f 4436//4436 4439//4439 4432//4432
f 4296//4296 4439//4439 4436//4436
f 4432//4432 4439//4439 4296//4296
f 4300//4300 4437//4437 4295//4295
f 4431//4431 4437//4437 4440//4440
f 4431//4431 4440//4440 4433//4433
f 4444//4444 4432//4432 4500//4500
f 4444//4444 4445//4445 4432//4432
f 4432//4432 4445//4445 4438//4438
f 4446//4446 4300//4300 4304//4304
f 4437//4437 4300//4300 4446//4446
f 4433//4433 4447//4447 4441//4441
f 4433//4433 4440//4440 4447//4447
f 4438//4438 4301//4301 4436//4436
f 4305//4305 4446//4446 4304//4304
f 4446//4446 4305//4305 4437//4437
f 4437//4437 4305//4305 4306//4306
f 4440//4440 4437//4437 4306//4306
f 4441//4441 4447//4447 4442//4442
f 4443//4443 4449//4449 4499//4499
f 4443//4443 4442//4442 4449//4449
f 4499//4499 4449//4449 4448//4448
f 4448//4448 4450//4450 4444//4444
f 4444//4444 4450//4450 4445//4445
f 4438//4438 4307//4307 4301//4301
f 4311//4311 4440//4440 4306//4306
f 4451//4451 4440//4440 4311//4311
f 4440//4440 4451//4451 4454//4454
f 4440//4440 4454//4454 4447//4447
f 4447//4447 4454//4454 4442//4442
f 4449//4449 4452//4452 4448//4448
f 4448//4448 4453//4453 4450//4450
f 4450//4450 4453//4453 4445//4445
f 4438//4438 4445//4445 4307//4307
f 4314//4314 4451//4451 4311//4311
f 4451//4451 4314//4314 4454//4454
f 4454//4454 4455//4455 4442//4442
f 4442//4442 4455//4455 4449//4449
f 4452//4452 4456//4456 4448//4448
f 4448//4448 4456//4456 4453//4453
f 4453//4453 4457//4457 4445//4445
f 4457//4457 4315//4315 4307//4307
f 4457//4457 4307//4307 4445//4445
f 4454//4454 4318//4318 4326//4326
f 4454//4454 4326//4326 4455//4455
f 4455//4455 4326//4326 4319//4319
f 4455//4455 4319//4319 4449//4449
f 4449//4449 4328//4328 4452//4452
f 4453//4453 4456//4456 4320//4320
f 4453//4453 4320//4320 4457//4457
f 4457//4457 4320//4320 4315//4315
f 4327//4327 4449//4449 4319//4319
f 4449//4449 4327//4327 4328//4328
f 4452//4452 4328//4328 4329//4329
f 4452//4452 4329//4329 4456//4456
f 4456//4456 4329//4329 4320//4320
f 4353//4353 4461//4461 4342//4342
f 4458//4458 4342//4342 4461//4461
f 4459//4459 4342//4342 4458//4458
f 4461//4461 4353//4353 4360//4360
f 4462//4462 4461//4461 4360//4360
f 4460//4460 4459//4459 4354//4354
f 4355//4355 4354//4354 4459//4459
f 4459//4459 4463//4463 4355//4355
f 4464//4464 4369//4369 4355//4355
f 4463//4463 4464//4464 4355//4355
f 4368//4368 4462//4462 4364//4364
f 4462//4462 4465//4465 4461//4461
f 4461//4461 4466//4466 4458//4458
f 4458//4458 4466//4466 4459//4459
f 4463//4463 4382//4382 4369//4369
f 4463//4463 4369//4369 4464//4464
f 4375//4375 4462//4462 4368//4368
f 4465//4465 4467//4467 4461//4461
f 4461//4461 4467//4467 4466//4466
f 4466//4466 4468//4468 4459//4459
f 4459//4459 4468//4468 4463//4463
f 4469//4469 4382//4382 4463//4463
f 4462//4462 4375//4375 4381//4381
f 4462//4462 4470//4470 4465//4465
f 4463//4463 4468//4468 4469//4469
f 4469//4469 4468//4468 4382//4382
f 4386//4386 4462//4462 4381//4381
f 4471//4471 4462//4462 4386//4386
f 4470//4470 4462//4462 4471//4471
f 4465//4465 4395//4395 4467//4467
f 4465//4465 4470//4470 4395//4395
f 4468//4468 4466//4466 4387//4387
f 4377//4377 4473//4473 4371//4371
f 4372//4372 4371//4371 4473//4473
f 4393//4393 4471//4471 4386//4386
f 4471//4471 4393//4393 4394//4394
f 4471//4471 4394//4394 4470//4470
f 4467//4467 4395//4395 4396//4396
f 4467//4467 4396//4396 4466//4466
f 4466//4466 4396//4396 4387//4387
f 4372//4372 4474//4474 4472//4472
f 4474//4474 4399//4399 4385//4385
f 4474//4474 4385//4385 4472//4472
f 4410//4410 4473//4473 4403//4403
f 4473//4473 4476//4476 4372//4372
f 4473//4473 4478//4478 4476//4476
f 4372//4372 4476//4476 4474//4474
f 4474//4474 4411//4411 4399//4399
f 4410//4410 4475//4475 4473//4473
f 4473//4473 4475//4475 4478//4478
f 4474//4474 4476//4476 4479//4479
f 4479//4479 4412//4412 4411//4411
f 4479//4479 4411//4411 4474//4474
f 4401//4401 4480//4480 4410//4410
f 4410//4410 4477//4477 4475//4475
f 4410//4410 4480//4480 4477//4477
f 4479//4479 4483//4483 4412//4412
f 4409//4409 4487//4487 4401//4401
f 4487//4487 4480//4480 4401//4401
f 4475//4475 4481//4481 4478//4478
f 4478//4478 4481//4481 4482//4482
f 4476//4476 4478//4478 4479//4479
f 4421//4421 4487//4487 4409//4409
f 4477//4477 4480//4480 4475//4475
f 4478//4478 4482//4482 4479//4479
f 4483//4483 4484//4484 4412//4412
f 4484//4484 4417//4417 4412//4412
f 4426//4426 4485//4485 4421//4421
f 4421//4421 4485//4485 4487//4487
f 4480//4480 4486//4486 4475//4475
f 4475//4475 4486//4486 4481//4481
f 4479//4479 4490//4490 4483//4483
f 4479//4479 4482//4482 4490//4490
f 4483//4483 4424//4424 4417//4417
f 4483//4483 4417//4417 4484//4484
f 4487//4487 4488//4488 4480//4480
f 4480//4480 4488//4488 4486//4486
f 4481//4481 4489//4489 4482//4482
f 4482//4482 4489//4489 4490//4490
f 4490//4490 4424//4424 4483//4483
f 4425//4425 4426//4426 4427//4427
f 4426//4426 4501//4501 4485//4485
f 4485//4485 4491//4491 4487//4487
f 4486//4486 4492//4492 4481//4481
f 4481//4481 4492//4492 4489//4489
f 4488//4488 4493//4493 4486//4486
f 4488//4488 4487//4487 4493//4493
f 4489//4489 4492//4492 4490//4490
f 4492//4492 4424//4424 4490//4490
f 4429//4429 4426//4426 4425//4425
f 4426//4426 4494//4494 4501//4501
f 4485//4485 4495//4495 4491//4491
f 4485//4485 4501//4501 4495//4495
f 4493//4493 4496//4496 4486//4486
f 4493//4493 4487//4487 4496//4496
f 4486//4486 4497//4497 4492//4492
f 4486//4486 4496//4496 4497//4497
f 4492//4492 4432//4432 4424//4424
f 4434//4434 4426//4426 4429//4429
f 4494//4494 4426//4426 4434//4434
f 4491//4491 4502//4502 4487//4487
f 4491//4491 4495//4495 4502//4502
f 4487//4487 4502//4502 4496//4496
f 4497//4497 4435//4435 4432//4432
f 4497//4497 4432//4432 4492//4492
f 4441//4441 4494//4494 4434//4434
f 4498//4498 4494//4494 4441//4441
f 4494//4494 4498//4498 4501//4501
f 4501//4501 4499//4499 4495//4495
f 4496//4496 4500//4500 4497//4497
f 4497//4497 4500//4500 4435//4435
f 4442//4442 4498//4498 4441//4441
f 4498//4498 4442//4442 4443//4443
f 4498//4498 4443//4443 4501//4501
f 4495//4495 4499//4499 4502//4502
f 4500//4500 4496//4496 4444//4444
f 4499//4499 4501//4501 4443//4443
f 4502//4502 4499//4499 4448//4448
f 4502//4502 4448//4448 4496//4496
f 4496//4496 4448//4448 4444//4444
o hole
usemtl hole
v -0.0718 0.0920 -0.0965
v -0.0723 0.1017 -0.1048
v -0.0717 0.1024 -0.0857
v -0.0730 0.1052 -0.1004
v -0.0741 0.0996 -0.0964
v -0.0700 0.1131 -0.0958
v -0.0683 0.0883 -0.0956
v -0.0663 0.0897 -0.1086
v -0.0693 0.0920 -0.0868
v -0.0684 0.1096 -0.1088
v -0.0686 0.1129 -0.1026
v -0.0624 0.0849 -0.1062
v -0.0653 0.0854 -0.0955
v -0.0612 0.0840 -0.0871
v -0.0650 0.0879 -0.0857
v -0.0637 0.0922 -0.1145
v -0.0655 0.0918 -0.0813
v -0.0673 0.0980 -0.1148
v -0.0651 0.1033 -0.0768
v -0.0664 0.1090 -0.0808
v -0.0670 0.1109 -0.1113
v -0.0652 0.1163 -0.1020
v -0.0614 0.0877 -0.0811
v -0.0662 0.0948 -0.0794
v -0.0589 0.0940 -0.0739
v -0.0577 0.1037 -0.1218
v -0.0611 0.1135 -0.1136
v -0.0577 0.1116 -0.0752
v -0.0633 0.1148 -0.0835
v -0.0580 0.1183 -0.1093
v -0.0643 0.1175 -0.0906
v -0.0569 0.0833 -0.1087
v -0.0561 0.0819 -0.0886
v -0.0553 0.0861 -0.1144
v -0.0572 0.0878 -0.0778
v -0.0471 0.1064 -0.1241
v -0.0583 0.1134 -0.1165
v -0.0548 0.0802 -0.0965
v -0.0522 0.0817 -0.0848
v -0.0549 0.0887 -0.1181
v -0.0533 0.0890 -0.0746
v -0.0608 0.0944 -0.1193
v -0.0468 0.0940 -0.0695
v -0.0462 0.1006 -0.1241
v -0.0561 0.1008 -0.0708
v -0.0562 0.1048 -0.0707
v -0.0481 0.1085 -0.1227
v -0.0558 0.1163 -0.0789
v -0.0501 0.1140 -0.0743
v -0.0568 0.1190 -0.0838
v -0.0551 0.1205 -0.1080
v -0.0547 0.1205 -0.0864
v -0.0518 0.0799 -0.1017
v -0.0477 0.0795 -0.0916
v -0.0468 0.0819 -0.1100
v -0.0471 0.0829 -0.0813
v -0.0475 0.0943 -0.1229
v -0.0461 0.1073 -0.0702
v -0.0492 0.1118 -0.1205
v -0.0521 0.1229 -0.0940
v -0.0407 0.0796 -0.0948
v -0.0429 0.0826 -0.1116
v -0.0426 0.0810 -0.0862
v -0.0421 0.0845 -0.0790
v -0.0392 0.0879 -0.0756
v -0.0415 0.0934 -0.0710
v -0.0483 0.1150 -0.1183
v -0.0423 0.1146 -0.0750
v -0.0457 0.1197 -0.0814
v -0.0441 0.1206 -0.1093
v -0.0387 0.0800 -0.0993
v -0.0420 0.0797 -0.1020
v -0.0379 0.0816 -0.0866
v -0.0402 0.0830 -0.1110
v -0.0398 0.0948 -0.1223
v -0.0417 0.0966 -0.0700
v -0.0387 0.1045 -0.0703
v -0.0417 0.1117 -0.0729
v -0.0400 0.1157 -0.1164
v -0.0423 0.1189 -0.1127
v -0.0373 0.1196 -0.0835
v -0.0382 0.1161 -0.0779
v -0.0443 0.1234 -0.0978
v -0.0442 0.1233 -0.0948
v -0.0447 0.1236 -0.0942
v -0.0338 0.0834 -0.1078
v -0.0311 0.0827 -0.0930
v -0.0373 0.0837 -0.0824
v -0.0355 0.0864 -0.1139
v -0.0394 0.0879 -0.1179
v -0.0361 0.0848 -0.0815
v -0.0346 0.1011 -0.1218
v -0.0380 0.1076 -0.1218
v -0.0357 0.1105 -0.0739
v -0.0350 0.1117 -0.1182
v -0.0360 0.1156 -0.0783
v -0.0349 0.1172 -0.1122
v -0.0334 0.1203 -0.0897
v -0.0362 0.1202 -0.1067
v -0.0432 0.1231 -0.1021
v -0.0427 0.1233 -0.0993
v -0.0317 0.0852 -0.0840
v -0.0308 0.0871 -0.1112
v -0.0358 0.0882 -0.0770
v -0.0332 0.0921 -0.1181
v -0.0345 0.0920 -0.0743
v -0.0324 0.0944 -0.1192
v -0.0378 0.1009 -0.0702
v -0.0333 0.1077 -0.0737
v -0.0323 0.1071 -0.0739
v -0.0307 0.1080 -0.1178
v -0.0303 0.1110 -0.0776
v -0.0298 0.1162 -0.1087
v -0.0333 0.1199 -0.1038
v -0.0318 0.1199 -0.0925
v -0.0292 0.1161 -0.0852
v -0.0320 0.1200 -0.0994
v -0.0293 0.0846 -0.1037
v -0.0305 0.0831 -0.0987
v -0.0257 0.0863 -0.0936
v -0.0276 0.0870 -0.1072
v -0.0278 0.0889 -0.0826
v -0.0298 0.0879 -0.0819
v -0.0280 0.0913 -0.1134
v -0.0298 0.0959 -0.1178
v -0.0313 0.0962 -0.0742
v -0.0296 0.1025 -0.0745
v -0.0284 0.1065 -0.1169
v -0.0293 0.1131 -0.1126
v -0.0285 0.1122 -0.0805
v -0.0304 0.1192 -0.1000
v -0.0285 0.1172 -0.0901
v -0.0241 0.0888 -0.0894
v -0.0243 0.0926 -0.0834
v -0.0242 0.0925 -0.1094
v -0.0242 0.0959 -0.0810
v -0.0225 0.1005 -0.1115
v -0.0250 0.0959 -0.0795
v -0.0248 0.1023 -0.1145
v -0.0244 0.1072 -0.1117
v -0.0238 0.1061 -0.0813
v -0.0270 0.1076 -0.0786
v -0.0244 0.1105 -0.1092
v -0.0240 0.1116 -0.0865
v -0.0267 0.1109 -0.0814
v -0.0235 0.1107 -0.1072
v -0.0248 0.1155 -0.0987
v -0.0246 0.1140 -0.0900
v -0.0201 -0.0944 -0.0735
v -0.0197 -0.0965 -0.0602
v -0.0201 -0.0997 -0.0683
v -0.0200 -0.0891 -0.0735
v -0.0201 -0.0875 -0.0706
v -0.0200 -0.0821 -0.0691
v -0.0200 -0.0832 -0.0700
v -0.0195 0.0945 -0.0952
v -0.0204 0.0968 -0.1056
v -0.0204 0.0961 -0.1043
v -0.0222 0.0902 -0.1005
v -0.0202 0.0950 -0.0911
v -0.0197 0.0997 -0.0879
v -0.0220 0.0974 -0.0841
v -0.0197 0.1047 -0.1035
v -0.0201 0.1072 -0.0909
v -0.0199 0.1042 -0.0885
v -0.0209 0.1102 -0.0993
v -0.0201 0.1087 -0.0976
v -0.0207 0.1095 -0.0941
v -0.0164 -0.1240 -0.0712
v -0.0162 -0.1252 -0.0662
v -0.0158 -0.1242 -0.0609
v -0.0163 -0.1226 -0.0768
v -0.0160 -0.1221 -0.0588
v -0.0160 -0.1185 -0.0551
v -0.0161 -0.1173 -0.0835
v -0.0161 -0.1075 -0.0887
v -0.0173 -0.1125 -0.0830
v -0.0185 -0.1142 -0.0712
v -0.0164 -0.1104 -0.0511
v -0.0182 -0.1057 -0.0821
v -0.0197 -0.1034 -0.0702
v -0.0190 -0.1094 -0.0629
v -0.0182 -0.1115 -0.0586
v -0.0165 -0.0983 -0.0478
v -0.0193 -0.1045 -0.0760
v -0.0173 -0.1006 -0.0877
v -0.0199 -0.0968 -0.0748
v -0.0179 -0.0981 -0.0523
v -0.0179 -0.0940 -0.0861
v -0.0195 -0.0951 -0.0781
v -0.0194 -0.0863 -0.0791
v -0.0161 -0.0814 -0.0901
v -0.0170 -0.0918 -0.0894
v -0.0197 -0.0886 -0.0602
v -0.0191 -0.0895 -0.0562
v -0.0161 -0.0767 -0.0890
v -0.0190 -0.0823 -0.0798
v -0.0188 -0.0796 -0.0582
v -0.0165 -0.0774 -0.0498
v -0.0187 -0.0757 -0.0782
v -0.0165 -0.0679 -0.0833
v -0.0165 -0.0619 -0.0769
v -0.0177 -0.0673 -0.0602
v -0.0179 -0.0735 -0.0567
v -0.0162 -0.0652 -0.0818
v -0.0183 -0.0684 -0.0662
v -0.0165 -0.0597 -0.0707
v -0.0159 -0.0600 -0.0608
v -0.0189 0.0981 -0.0957
v -0.0184 0.1019 -0.0978
v -0.0194 0.1034 -0.0907
v -0.0129 -0.1348 -0.0721
v -0.0117 -0.1365 -0.0646
v -0.0123 -0.1327 -0.0799
v -0.0124 -0.1325 -0.0579
v -0.0124 -0.1288 -0.0848
v -0.0151 -0.1282 -0.0661
v -0.0122 -0.1281 -0.0522
v -0.0095 -0.1263 -0.0923
v -0.0150 -0.1270 -0.0766
v -0.0119 -0.1241 -0.0483
v -0.0132 -0.1184 -0.0908
v -0.0119 -0.1196 -0.0457
v -0.0148 -0.1212 -0.0846
v -0.0155 -0.1241 -0.0573
v -0.0123 -0.1171 -0.0451
v -0.0121 -0.1142 -0.0946
v -0.0130 -0.1112 -0.0437
v -0.0151 -0.1085 -0.0908
v -0.0120 -0.1017 -0.0980
v -0.0146 -0.1006 -0.0936
v -0.0124 -0.1014 -0.0405
v -0.0131 -0.1030 -0.0961
v -0.0133 -0.1001 -0.0417
v -0.0107 -0.0908 -0.1007
v -0.0111 -0.0939 -0.0380
v -0.0126 -0.0889 -0.0977
v -0.0147 -0.0892 -0.0438
v -0.0150 -0.0850 -0.0934
v -0.0158 -0.0840 -0.0466
v -0.0148 -0.0857 -0.0437
v -0.0115 -0.0834 -0.0986
v -0.0128 -0.0772 -0.0958
v -0.0153 -0.0769 -0.0908
v -0.0129 -0.0756 -0.0428
v -0.0155 -0.0682 -0.0864
v -0.0142 -0.0716 -0.0464
v -0.0128 -0.0641 -0.0907
v -0.0157 -0.0640 -0.0826
v -0.0121 -0.0620 -0.0906
v -0.0118 -0.0579 -0.0885
v -0.0128 -0.0579 -0.0517
v -0.0151 -0.0589 -0.0799
v -0.0140 -0.0560 -0.0580
v -0.0115 -0.0536 -0.0525
v -0.0118 -0.0534 -0.0842
v -0.0145 -0.0536 -0.0682
v -0.0130 -0.0507 -0.0621
v -0.0129 -0.0516 -0.0780
v -0.0120 -0.0479 -0.0727
v -0.0118 -0.0506 -0.0577
v -0.0129 -0.0492 -0.0720
v -0.0069 -0.0398 -0.0669
v -0.0077 -0.1410 -0.0781
v -0.0086 -0.1413 -0.0742
v -0.0105 -0.1393 -0.0682
v -0.0084 -0.1402 -0.0597
v -0.0112 -0.1372 -0.0739
v -0.0118 -0.1356 -0.0624
v -0.0091 -0.1347 -0.0523
v -0.0077 -0.1362 -0.0521
v -0.0086 -0.1344 -0.0866
v -0.0089 -0.1380 -0.0814
v -0.0084 -0.1304 -0.0905
v -0.0063 -0.1310 -0.0455
v -0.0086 -0.1219 -0.0423
v -0.0082 -0.1193 -0.0974
v -0.0094 -0.1156 -0.0976
v -0.0083 -0.1127 -0.0384
v -0.0095 -0.1072 -0.0997
v -0.0078 -0.1029 -0.1021
v -0.0080 -0.0976 -0.1025
v -0.0081 -0.0832 -0.1022
v -0.0081 -0.0755 -0.0372
v -0.0109 -0.0725 -0.0972
v -0.0109 -0.0668 -0.0427
v -0.0085 -0.0648 -0.0971
v -0.0113 -0.0685 -0.0951
v -0.0102 -0.0651 -0.0430
v -0.0018 -0.0623 -0.0380
v -0.0094 -0.0567 -0.0464
v -0.0109 -0.0634 -0.0438
v -0.0077 -0.0569 -0.0936
v -0.0060 -0.0534 -0.0452
v -0.0084 -0.0511 -0.0882
v -0.0084 -0.0454 -0.0816
v -0.0082 -0.0445 -0.0580
v -0.0059 -0.0436 -0.0548
v -0.0087 -0.0441 -0.0783
v -0.0064 -0.0392 -0.0703
v -0.0068 -0.0412 -0.0618
v -0.0045 -0.1449 -0.0752
v -0.0049 -0.1453 -0.0676
v -0.0036 -0.1449 -0.0621
v -0.0044 -0.1438 -0.0598
v -0.0038 -0.1434 -0.0805
v -0.0053 -0.1404 -0.0544
v -0.0013 -0.1392 -0.0505
v -0.0068 -0.1364 -0.0866
v -0.0048 -0.1354 -0.0900
v -0.0062 -0.1281 -0.0941
v -0.0036 -0.1253 -0.0975
v -0.0026 -0.1188 -0.1007
v -0.0036 -0.1143 -0.1019
v -0.0063 -0.1047 -0.0350
v -0.0053 -0.1108 -0.1022
v -0.0051 -0.1022 -0.0339
v -0.0024 -0.0996 -0.1050
v -0.0009 -0.0963 -0.0322
v 0.0016 -0.0951 -0.1059
v -0.0065 -0.0926 -0.0339
v -0.0018 -0.0854 -0.1052
v -0.0064 -0.0858 -0.0341
v -0.0017 -0.0842 -0.1056
v -0.0062 -0.0642 -0.0987
v -0.0076 -0.0677 -0.0385
v -0.0041 -0.0576 -0.0968
v -0.0066 -0.0513 -0.0904
v -0.0080 -0.0476 -0.0851
v -0.0062 -0.0481 -0.0499
v -0.0052 -0.0519 -0.0457
v -0.0047 -0.0474 -0.0886
v -0.0039 -0.0405 -0.0800
v -0.0013 -0.0473 -0.0478
v -0.0051 -0.0405 -0.0782
v 0.0023 -0.1468 -0.0662
v -0.0005 -0.1442 -0.0574
v -0.0030 -0.1396 -0.0865
v 0.0009 -0.1392 -0.0880
v 0.0026 -0.1367 -0.0483
v -0.0002 -0.1328 -0.0937
v -0.0023 -0.1352 -0.0465
v -0.0005 -0.1278 -0.0966
v -0.0034 -0.1277 -0.0418
v -0.0009 -0.1233 -0.0989
v -0.0026 -0.1199 -0.0377
v 0.0008 -0.1156 -0.1022
v -0.0026 -0.1177 -0.0367
v 0.0016 -0.1042 -0.1046
v -0.0028 -0.1064 -0.0338
v -0.0043 -0.0891 -0.0329
v -0.0028 -0.0779 -0.0338
v -0.0013 -0.0750 -0.1044
v 0.0015 -0.0783 -0.0336
v 0.0002 -0.0682 -0.1025
v 0.0010 -0.0751 -0.0340
v -0.0022 -0.0632 -0.0380
v 0.0031 -0.0602 -0.0984
v -0.0003 -0.0577 -0.0975
v -0.0035 -0.0562 -0.0418
v -0.0024 -0.0521 -0.0938
v -0.0005 -0.0536 -0.0430
v 0.0010 -0.0497 -0.0926
v -0.0021 -0.0443 -0.0867
v -0.0000 -0.0447 -0.0505
v 0.0015 -0.0408 -0.0559
v -0.0021 -0.0381 -0.0632
v -0.0025 -0.0396 -0.0583
v 0.0025 -0.1442 -0.0794
v 0.0025 -0.1442 -0.0585
v 0.0067 -0.1404 -0.0820
v 0.0041 -0.1428 -0.0577
v 0.0055 -0.1351 -0.0897
v 0.0039 -0.1361 -0.0483
v 0.0042 -0.1313 -0.0935
v 0.0027 -0.1243 -0.0983
v 0.0070 -0.1204 -0.0980
v 0.0013 -0.1212 -0.0380
v -0.0007 -0.1271 -0.0402
v 0.0054 -0.1170 -0.0377
v 0.0040 -0.1120 -0.0358
v 0.0009 -0.1086 -0.0340
v 0.0040 -0.1033 -0.1046
v 0.0020 -0.0876 -0.0326
v 0.0024 -0.0688 -0.1021
v -0.0004 -0.0695 -0.0355
v 0.0027 -0.0643 -0.0377
v 0.0055 -0.0655 -0.0384
v 0.0055 -0.0551 -0.0942
v 0.0038 -0.0565 -0.0418
v 0.0051 -0.0561 -0.0428
v 0.0043 -0.0493 -0.0904
v 0.0032 -0.0479 -0.0900
v 0.0041 -0.0484 -0.0478
v 0.0035 -0.0438 -0.0854
v 0.0034 -0.0454 -0.0506
v 0.0013 -0.0421 -0.0841
v 0.0030 -0.0403 -0.0577
v 0.0021 -0.0388 -0.0772
v 0.0039 -0.0377 -0.0724
v 0.0015 -0.0377 -0.0648
v 0.0042 -0.1447 -0.0786
v 0.0077 -0.1436 -0.0651
v 0.0071 -0.1426 -0.0620
v 0.0038 -0.1406 -0.0531
v 0.0053 -0.1368 -0.0877
v 0.0060 -0.1289 -0.0438
v 0.0071 -0.1275 -0.0939
v 0.0093 -0.1282 -0.0470
v 0.0061 -0.1249 -0.0418
v 0.0077 -0.1239 -0.0427
v 0.0055 -0.1146 -0.1011
v 0.0053 -0.1059 -0.0347
v 0.0065 -0.1074 -0.1024
v 0.0061 -0.1013 -0.0345
v 0.0085 -0.0955 -0.0355
v 0.0079 -0.0814 -0.1020
v 0.0073 -0.0751 -0.0368
v 0.0074 -0.0735 -0.1009
v 0.0040 -0.0624 -0.0994
v 0.0083 -0.0642 -0.0971
v 0.0076 -0.0610 -0.0961
v 0.0076 -0.0610 -0.0419
v 0.0087 -0.0546 -0.0906
v 0.0072 -0.0526 -0.0469
v 0.0073 -0.0501 -0.0887
v 0.0074 -0.0447 -0.0822
v 0.0069 -0.0448 -0.0548
v 0.0077 -0.0426 -0.0604
v 0.0044 -0.0398 -0.0777
v 0.0075 -0.0415 -0.0749
v 0.0070 -0.0405 -0.0659
v 0.0094 -0.1396 -0.0621
v 0.0087 -0.1414 -0.0752
v 0.0083 -0.1360 -0.0527
v 0.0129 -0.1316 -0.0795
v 0.0119 -0.1341 -0.0788
v 0.0121 -0.1307 -0.0547
v 0.0099 -0.1278 -0.0907
v 0.0118 -0.1257 -0.0494
v 0.0120 -0.1205 -0.0917
v 0.0123 -0.1108 -0.0955
v 0.0113 -0.1129 -0.0963
v 0.0115 -0.1131 -0.0422
v 0.0101 -0.1049 -0.0995
v 0.0102 -0.1092 -0.0394
v 0.0104 -0.1009 -0.1000
v 0.0101 -0.0973 -0.1010
v 0.0099 -0.0862 -0.1011
v 0.0087 -0.0905 -0.0355
v 0.0110 -0.0848 -0.0993
v 0.0085 -0.0839 -0.0359
v 0.0118 -0.0797 -0.0977
v 0.0121 -0.0723 -0.0956
v 0.0111 -0.0737 -0.0407
v 0.0064 -0.0690 -0.0374
v 0.0119 -0.0697 -0.0948
v 0.0108 -0.0660 -0.0433
v 0.0123 -0.0651 -0.0921
v 0.0125 -0.0573 -0.0866
v 0.0123 -0.0585 -0.0501
v 0.0110 -0.0541 -0.0865
v 0.0115 -0.0518 -0.0833
v 0.0108 -0.0538 -0.0509
v 0.0082 -0.0495 -0.0509
v 0.0124 -0.0509 -0.0785
v 0.0112 -0.0476 -0.0775
v 0.0116 -0.0485 -0.0606
v 0.0109 -0.0456 -0.0672
v 0.0134 -0.1333 -0.0732
v 0.0146 -0.1303 -0.0649
v 0.0120 -0.1347 -0.0605
v 0.0133 -0.1266 -0.0843
v 0.0104 -0.1346 -0.0833
v 0.0143 -0.1236 -0.0848
v 0.0160 -0.1228 -0.0785
v 0.0124 -0.1230 -0.0486
v 0.0159 -0.1210 -0.0568
v 0.0152 -0.1189 -0.0527
v 0.0105 -0.1196 -0.0433
v 0.0165 -0.1104 -0.0865
v 0.0143 -0.1157 -0.0898
v 0.0158 -0.1077 -0.0485
v 0.0138 -0.1112 -0.0455
v 0.0174 -0.0979 -0.0877
v 0.0119 -0.1032 -0.0401
v 0.0140 -0.1039 -0.0944
v 0.0167 -0.0988 -0.0485
v 0.0160 -0.0939 -0.0915
v 0.0159 -0.0912 -0.0462
v 0.0122 -0.0944 -0.0396
v 0.0146 -0.0912 -0.0945
v 0.0158 -0.0815 -0.0910
v 0.0141 -0.0820 -0.0432
v 0.0117 -0.0854 -0.0391
v 0.0133 -0.0837 -0.0964
v 0.0133 -0.0809 -0.0425
v 0.0158 -0.0777 -0.0898
v 0.0156 -0.0768 -0.0480
v 0.0153 -0.0703 -0.0497
v 0.0136 -0.0727 -0.0452
v 0.0155 -0.0664 -0.0858
v 0.0155 -0.0653 -0.0533
v 0.0117 -0.0625 -0.0464
v 0.0162 -0.0628 -0.0791
v 0.0159 -0.0582 -0.0736
v 0.0152 -0.0588 -0.0588
v 0.0137 -0.0551 -0.0579
v 0.0127 -0.0493 -0.0745
v 0.0145 -0.0538 -0.0658
v 0.0175 -0.1193 -0.0657
v 0.0188 -0.1128 -0.0638
v 0.0160 -0.1242 -0.0616
v 0.0167 -0.1212 -0.0762
v 0.0188 -0.1127 -0.0699
v 0.0173 -0.1129 -0.0560
v 0.0174 -0.1139 -0.0812
v 0.0166 -0.1110 -0.0522
v 0.0178 -0.1014 -0.0862
v 0.0189 -0.1032 -0.0797
v 0.0196 -0.1026 -0.0636
v 0.0173 -0.1036 -0.0518
v 0.0201 -0.0969 -0.0714
v 0.0199 -0.1027 -0.0709
v 0.0198 -0.0900 -0.0770
v 0.0199 -0.0914 -0.0611
v 0.0187 -0.0941 -0.0547
v 0.0200 -0.0952 -0.0742
v 0.0173 -0.0929 -0.0501
v 0.0184 -0.0859 -0.0838
v 0.0200 -0.0891 -0.0740
v 0.0200 -0.0876 -0.0647
v 0.0183 -0.0839 -0.0542
v 0.0196 -0.0805 -0.0625
v 0.0192 -0.0820 -0.0595
v 0.0171 -0.0849 -0.0502
v 0.0172 -0.0783 -0.0864
v 0.0191 -0.0749 -0.0744
v 0.0193 -0.0748 -0.0702
v 0.0195 -0.0767 -0.0664
v 0.0181 -0.0701 -0.0776
v 0.0182 -0.0673 -0.0728
v 0.0179 -0.0711 -0.0589
v 0.0174 -0.0768 -0.0533
v 0.0160 -0.0661 -0.0835
v 0.0177 -0.0667 -0.0639
v 0.0173 -0.0644 -0.0640
v 0.0161 -0.0595 -0.0743
v 0.0166 -0.0606 -0.0700
v 0.0193 0.0966 -0.1011
v 0.0198 0.0947 -0.0932
v 0.0194 0.1005 -0.1040
v 0.0202 0.1045 -0.0867
v 0.0196 0.1065 -0.1011
v 0.0186 0.1017 -0.0961
v 0.0192 0.1033 -0.0907
v 0.0205 0.1096 -0.0934
v 0.0201 -0.0968 -0.0671
v 0.0201 -0.0930 -0.0665
v 0.0201 -0.0861 -0.0699
v 0.0201 -0.0885 -0.0668
v 0.0237 0.0883 -0.0956
v 0.0238 0.0910 -0.1066
v 0.0238 0.0888 -0.1025
v 0.0227 0.0915 -0.0881
v 0.0248 0.0939 -0.0819
v 0.0212 0.0993 -0.0846
v 0.0220 0.0989 -0.1105
v 0.0207 0.1036 -0.1063
v 0.0232 0.1098 -0.1077
v 0.0242 0.1079 -0.1112
v 0.0234 0.1129 -0.1026
v 0.0253 0.1161 -0.0954
v 0.0261 0.0873 -0.1041
v 0.0267 0.0854 -0.0955
v 0.0283 0.0846 -0.0916
v 0.0270 0.0879 -0.0857
v 0.0283 0.0922 -0.1145
v 0.0270 0.0891 -0.1097
v 0.0279 0.0898 -0.0819
v 0.0265 0.0918 -0.0813
v 0.0295 0.0947 -0.1173
v 0.0254 0.0962 -0.0793
v 0.0266 0.1027 -0.0771
v 0.0251 0.1082 -0.0808
v 0.0286 0.1076 -0.0771
v 0.0257 0.1078 -0.1136
v 0.0286 0.1144 -0.0829
v 0.0289 0.1119 -0.0800
v 0.0279 0.1149 -0.1085
v 0.0251 0.1144 -0.0895
v 0.0268 0.1163 -0.1020
v 0.0320 0.0838 -0.1070
v 0.0310 0.0876 -0.0809
v 0.0331 0.0913 -0.1177
v 0.0298 0.0919 -0.0778
v 0.0319 0.0949 -0.0742
v 0.0334 0.1058 -0.1206
v 0.0331 0.1081 -0.0738
v 0.0326 0.1103 -0.1178
v 0.0309 0.1135 -0.1136
v 0.0343 0.1116 -0.0752
v 0.0291 0.1164 -0.0862
v 0.0340 0.1183 -0.1093
v 0.0315 0.1197 -0.0924
v 0.0340 0.0840 -0.1090
v 0.0359 0.0819 -0.0886
v 0.0330 0.0836 -0.0858
v 0.0335 0.0878 -0.1142
v 0.0348 0.0878 -0.0778
v 0.0350 0.0922 -0.0740
v 0.0353 0.1001 -0.1220
v 0.0449 0.1064 -0.1241
v 0.0351 0.1162 -0.0795
v 0.0359 0.1146 -0.1162
v 0.0402 0.0798 -0.1003
v 0.0372 0.0802 -0.0965
v 0.0407 0.0800 -0.0918
v 0.0371 0.0858 -0.1143
v 0.0395 0.0815 -0.1066
v 0.0393 0.0823 -0.0837
v 0.0413 0.0874 -0.1177
v 0.0387 0.0890 -0.0746
v 0.0309 0.0940 -0.1190
v 0.0381 0.0955 -0.1219
v 0.0422 0.0951 -0.1228
v 0.0397 0.0909 -0.0724
v 0.0458 0.1006 -0.1241
v 0.0359 0.1008 -0.0708
v 0.0412 0.1039 -0.0695
v 0.0417 0.1082 -0.1224
v 0.0380 0.1160 -0.0779
v 0.0417 0.1130 -0.0737
v 0.0352 0.1190 -0.0838
v 0.0352 0.1210 -0.1032
v 0.0373 0.1205 -0.0864
v 0.0402 0.0799 -0.1020
v 0.0452 0.0794 -0.0921
v 0.0425 0.0800 -0.0901
v 0.0452 0.0819 -0.1100
v 0.0449 0.0829 -0.0813
v 0.0462 0.0934 -0.1225
v 0.0459 0.1073 -0.0702
v 0.0428 0.1118 -0.1205
v 0.0419 0.1199 -0.1108
v 0.0431 0.1202 -0.0832
v 0.0440 0.1176 -0.0785
v 0.0409 0.1232 -0.0960
v 0.0394 0.1227 -0.0926
v 0.0513 0.0796 -0.0948
v 0.0491 0.0826 -0.1116
v 0.0494 0.0810 -0.0862
v 0.0499 0.0845 -0.0790
v 0.0528 0.0879 -0.0756
v 0.0505 0.0934 -0.0710
v 0.0435 0.0991 -0.0691
v 0.0483 0.1085 -0.1225
v 0.0437 0.1150 -0.1183
v 0.0497 0.1146 -0.0750
v 0.0472 0.1194 -0.0811
v 0.0479 0.1206 -0.1093
v 0.0533 0.0800 -0.0993
v 0.0500 0.0797 -0.1020
v 0.0541 0.0816 -0.0866
v 0.0518 0.0830 -0.1110
v 0.0522 0.0948 -0.1223
v 0.0503 0.0966 -0.0700
v 0.0533 0.1045 -0.0703
v 0.0503 0.1117 -0.0729
v 0.0520 0.1157 -0.1164
v 0.0497 0.1189 -0.1127
v 0.0547 0.1196 -0.0835
v 0.0538 0.1161 -0.0779
v 0.0477 0.1234 -0.0978
v 0.0478 0.1233 -0.0948
v 0.0473 0.1236 -0.0942
v 0.0582 0.0834 -0.1078
v 0.0609 0.0827 -0.0930
v 0.0547 0.0837 -0.0824
v 0.0565 0.0864 -0.1139
v 0.0526 0.0879 -0.1179
v 0.0559 0.0848 -0.0815
v 0.0574 0.1011 -0.1218
v 0.0540 0.1076 -0.1218
v 0.0563 0.1105 -0.0739
v 0.0570 0.1117 -0.1182
v 0.0560 0.1156 -0.0783
v 0.0571 0.1172 -0.1122
v 0.0586 0.1203 -0.0897
v 0.0558 0.1202 -0.1067
v 0.0488 0.1231 -0.1021
v 0.0493 0.1233 -0.0993
v 0.0603 0.0852 -0.0840
v 0.0612 0.0871 -0.1112
v 0.0562 0.0882 -0.0770
v 0.0588 0.0921 -0.1181
v 0.0575 0.0920 -0.0743
v 0.0596 0.0944 -0.1192
v 0.0542 0.1009 -0.0702
v 0.0587 0.1077 -0.0737
v 0.0597 0.1071 -0.0739
v 0.0613 0.1080 -0.1178
v 0.0617 0.1110 -0.0776
v 0.0622 0.1162 -0.1087
v 0.0587 0.1199 -0.1038
v 0.0602 0.1199 -0.0925
v 0.0628 0.1161 -0.0852
v 0.0600 0.1200 -0.0994
v 0.0627 0.0846 -0.1037
v 0.0615 0.0831 -0.0987
v 0.0663 0.0863 -0.0936
v 0.0644 0.0870 -0.1072
v 0.0642 0.0889 -0.0826
v 0.0622 0.0879 -0.0819
v 0.0640 0.0913 -0.1134
v 0.0622 0.0959 -0.1178
v 0.0607 0.0962 -0.0742
v 0.0624 0.1025 -0.0745
v 0.0636 0.1065 -0.1169
v 0.0627 0.1131 -0.1126
v 0.0635 0.1122 -0.0805
v 0.0616 0.1192 -0.1000
v 0.0635 0.1172 -0.0901
v 0.0679 0.0888 -0.0894
v 0.0677 0.0926 -0.0834
v 0.0678 0.0925 -0.1094
v 0.0678 0.0959 -0.0810
v 0.0695 0.1005 -0.1115
v 0.0670 0.0959 -0.0795
v 0.0672 0.1023 -0.1145
v 0.0676 0.1072 -0.1117
v 0.0682 0.1061 -0.0813
v 0.0650 0.1076 -0.0786
v 0.0676 0.1105 -0.1092
v 0.0680 0.1116 -0.0865
v 0.0653 0.1109 -0.0814
v 0.0685 0.1107 -0.1072
v 0.0672 0.1155 -0.0987
v 0.0674 0.1140 -0.0900
v 0.0725 0.0945 -0.0952
v 0.0716 0.0968 -0.1056
v 0.0716 0.0961 -0.1043
v 0.0698 0.0902 -0.1005
v 0.0718 0.0950 -0.0911
v 0.0723 0.0997 -0.0879
v 0.0700 0.0974 -0.0841
v 0.0723 0.1047 -0.1035
v 0.0719 0.1072 -0.0909
v 0.0721 0.1042 -0.0885
v 0.0711 0.1102 -0.0993
v 0.0719 0.1087 -0.0976
v 0.0713 0.1095 -0.0941
v 0.0731 0.0981 -0.0957
v 0.0736 0.1019 -0.0978
v 0.0726 0.1034 -0.0907
vn -0.8798 -0.4745 -0.0281
vn -0.9350 -0.0665 -0.3483
vn -0.9198 0.0972 0.3802
vn -0.9555 0.2673 -0.1251
vn -0.9968 -0.0783 0.0146
vn -0.7910 0.6073 0.0745
vn -0.7057 -0.7079 -0.0286
vn -0.7202 -0.5736 -0.3904
vn -0.8170 -0.4723 0.3308
vn -0.8808 0.3134 -0.3549
vn -0.7749 0.5880 -0.2319
vn -0.5300 -0.7958 -0.2931
vn -0.6065 -0.7948 0.0217
vn -0.4771 -0.8304 0.2879
vn -0.6789 -0.6714 0.2971
vn -0.5617 -0.5139 -0.6484
vn -0.6463 -0.5481 0.5309
vn -0.7378 -0.0926 -0.6686
vn -0.6801 0.1036 0.7258
vn -0.7426 0.4505 0.4956
vn -0.7238 0.4574 -0.5166
vn -0.4570 0.8895 -0.0033
vn -0.5101 -0.6738 0.5345
vn -0.7134 -0.3128 0.6270
vn -0.4818 -0.3632 0.7975
vn -0.4528 0.1338 -0.8815
vn -0.4981 0.7072 -0.5018
vn -0.4351 0.5332 0.7255
vn -0.6309 0.6474 0.4276
vn -0.5607 0.8038 -0.1988
vn -0.5957 0.7940 0.1213
vn -0.3192 -0.8706 -0.3744
vn -0.2886 -0.9381 0.1913
vn -0.3053 -0.7836 -0.5411
vn -0.2775 -0.7793 0.5618
vn -0.0272 0.2927 -0.9558
vn -0.4029 0.6025 -0.6890
vn -0.2935 -0.9559 0.0067
vn -0.1953 -0.8958 0.3992
vn -0.2726 -0.6531 -0.7065
vn -0.1524 -0.7003 0.6974
vn -0.5641 -0.3930 -0.7262
vn -0.0418 -0.3667 0.9294
vn -0.0047 -0.0776 -0.9970
vn -0.3784 -0.1093 0.9192
vn -0.3535 0.2053 0.9126
vn -0.1046 0.5187 -0.8486
vn -0.2653 0.7814 0.5649
vn -0.1313 0.6558 0.7434
vn -0.3264 0.8526 0.4080
vn -0.2966 0.9020 -0.3137
vn -0.2280 0.9314 0.2838
vn -0.1701 -0.9724 -0.1599
vn -0.0482 -0.9899 0.1334
vn -0.0539 -0.9121 -0.4064
vn -0.1001 -0.8313 0.5467
vn -0.0708 -0.3817 -0.9216
vn -0.0078 0.2993 0.9541
vn -0.1517 0.5344 -0.8315
vn -0.2215 0.9734 0.0588
vn 0.1450 -0.9869 0.0712
vn 0.0869 -0.8791 -0.4687
vn 0.0945 -0.9501 0.2972
vn 0.0832 -0.8077 0.5836
vn 0.1932 -0.6928 0.6948
vn 0.2497 -0.4281 0.8685
vn -0.0609 0.7044 -0.7072
vn 0.1152 0.6996 0.7052
vn -0.0032 0.8963 0.4435
vn 0.0563 0.9221 -0.3829
vn 0.2476 -0.9631 -0.1058
vn 0.2027 -0.9419 -0.2679
vn 0.2487 -0.9248 0.2879
vn 0.2543 -0.8618 -0.4388
vn 0.2162 -0.3383 -0.9159
vn 0.2270 -0.1810 0.9569
vn 0.2300 0.1975 0.9529
vn 0.1474 0.5303 0.8349
vn 0.1853 0.6955 -0.6942
vn 0.1047 0.8698 -0.4822
vn 0.2537 0.8785 0.4048
vn 0.2259 0.7464 0.6260
vn -0.0576 0.9983 0.0075
vn 0.2252 0.9618 -0.1558
vn 0.0948 0.9954 0.0149
vn 0.3511 -0.8726 -0.3397
vn 0.4551 -0.8833 0.1126
vn 0.3029 -0.8471 0.4367
vn 0.3169 -0.7546 -0.5747
vn 0.1992 -0.6763 -0.7092
vn 0.3508 -0.7759 0.5244
vn 0.4332 -0.0051 -0.9013
vn 0.2728 0.3587 -0.8927
vn 0.3389 0.5096 0.7909
vn 0.3627 0.5601 -0.7448
vn 0.3996 0.7092 0.5808
vn 0.3475 0.7945 -0.4980
vn 0.3712 0.9093 0.1881
vn 0.2448 0.9051 -0.3478
vn 0.0672 0.9833 -0.1693
vn 0.1786 0.9816 -0.0679
vn 0.4551 -0.7916 0.4078
vn 0.4820 -0.7034 -0.5223
vn 0.3897 -0.7038 0.5940
vn 0.4262 -0.5517 -0.7170
vn 0.4180 -0.4816 0.7703
vn 0.5085 -0.3448 -0.7890
vn 0.2956 -0.0508 0.9540
vn 0.4158 0.3817 0.8254
vn 0.5200 0.3050 0.7979
vn 0.5456 0.4484 -0.7080
vn 0.5302 0.5317 0.6604
vn 0.5467 0.7517 -0.3689
vn 0.3906 0.8928 -0.2244
vn 0.3757 0.9253 0.0518
vn 0.5418 0.7445 0.3901
vn 0.3697 0.9284 -0.0371
vn 0.5379 -0.8232 -0.1815
vn 0.6073 -0.7933 -0.0437
vn 0.6588 -0.7481 0.0790
vn 0.6339 -0.6955 -0.3382
vn 0.6036 -0.6310 0.4874
vn 0.4684 -0.6769 0.5678
vn 0.6193 -0.5080 -0.5987
vn 0.5732 -0.1573 -0.8042
vn 0.5167 -0.2649 0.8141
vn 0.6021 0.0711 0.7952
vn 0.6115 0.2716 -0.7431
vn 0.5732 0.5998 -0.5583
vn 0.5732 0.6099 0.5472
vn 0.5090 0.8540 -0.1075
vn 0.5753 0.7961 0.1879
vn 0.7428 -0.6198 0.2532
vn 0.8798 -0.3528 0.3185
vn 0.7837 -0.4722 -0.4035
vn 0.8432 -0.3878 0.3723
vn 0.8571 -0.0283 -0.5143
vn 0.7428 -0.2636 0.6154
vn 0.7366 0.0525 -0.6743
vn 0.9827 0.0917 -0.1611
vn 0.8027 0.2414 0.5454
vn 0.6555 0.3385 0.6751
vn 0.7483 0.4720 -0.4661
vn 0.7693 0.5321 0.3537
vn 0.7005 0.4959 0.5132
vn 0.8144 0.4659 -0.3460
vn 0.6907 0.7196 -0.0720
vn 0.7237 0.6600 0.2015
vn -0.9984 -0.0134 -0.0541
vn -0.9934 -0.0084 0.1143
vn -0.9973 -0.0681 0.0292
vn -0.9968 0.0307 -0.0734
vn -0.9997 0.0193 -0.0124
vn -0.9969 0.0786 0.0016
vn -0.9958 0.0541 -0.0739
vn 0.9426 -0.3335 -0.0144
vn 0.9182 -0.2532 -0.3045
vn 0.9397 -0.3170 -0.1282
vn 0.8147 -0.5591 -0.1541
vn 0.8917 -0.3701 0.2604
vn 0.9559 -0.0699 0.2854
vn 0.8628 -0.2047 0.4622
vn 0.8953 0.2785 -0.3475
vn 0.9169 0.3441 0.2024
vn 0.9377 0.1719 0.3021
vn 0.8637 0.4927 -0.1063
vn 0.9270 0.3751 -0.0015
vn 0.8804 0.4647 0.0948
vn -0.9599 -0.2774 -0.0404
vn -0.9624 -0.2672 0.0483
vn -0.9862 -0.1362 0.0940
vn -0.9588 -0.2423 -0.1481
vn -0.9890 -0.1216 0.0847
vn -0.9179 -0.2291 0.3239
vn -0.9213 -0.1916 -0.3383
vn -0.9238 -0.1385 -0.3570
vn -0.9583 -0.1592 -0.2373
vn -0.9860 -0.1622 -0.0383
vn -0.9342 -0.1458 0.3256
vn -0.9776 -0.0755 -0.1963
vn -0.9961 -0.0873 -0.0125
vn -0.9888 -0.1196 0.0891
vn -0.9740 -0.1412 0.1773
vn -0.9271 -0.0475 0.3719
vn -0.9893 -0.0884 -0.1164
vn -0.9479 -0.0647 -0.3118
vn -0.9945 -0.0469 -0.0938
vn -0.9439 0.1724 0.2815
vn -0.9751 -0.0161 -0.2211
vn -0.9857 -0.0264 -0.1666
vn -0.9850 0.0418 -0.1677
vn -0.9389 0.0782 -0.3352
vn -0.9334 0.0062 -0.3588
vn -0.9924 0.0144 0.1226
vn -0.9747 0.0245 0.2221
vn -0.9307 0.1234 -0.3445
vn -0.9741 0.0876 -0.2087
vn -0.9825 0.0819 0.1675
vn -0.9341 0.1133 0.3384
vn -0.9821 0.1184 -0.1466
vn -0.9515 0.1887 -0.2428
vn -0.9828 0.1598 -0.0922
vn -0.9659 0.1900 0.1757
vn -0.9647 0.1482 0.2175
vn -0.9450 0.2348 -0.2276
vn -0.9864 0.1629 0.0201
vn -0.9615 0.2719 -0.0399
vn -0.9494 0.2704 0.1596
vn 0.9866 -0.1632 -0.0017
vn 0.9989 0.0149 -0.0446
vn 0.9835 0.0211 0.1798
vn -0.9096 -0.4095 -0.0711
vn -0.8852 -0.4506 0.1156
vn -0.9130 -0.3487 -0.2116
vn -0.8819 -0.4162 0.2213
vn -0.8714 -0.3560 -0.3375
vn -0.9155 -0.3887 0.1041
vn -0.8546 -0.3526 0.3813
vn -0.7261 -0.3614 -0.5849
vn -0.9349 -0.3186 -0.1565
vn -0.8288 -0.3166 0.4615
vn -0.8639 -0.2368 -0.4446
vn -0.8364 -0.2619 0.4816
vn -0.9207 -0.2533 -0.2969
vn -0.9414 -0.2588 0.2163
vn -0.8473 -0.2201 0.4834
vn -0.8274 -0.1998 -0.5249
vn -0.8449 -0.1777 0.5045
vn -0.8948 -0.1482 -0.4212
vn -0.7855 -0.0888 -0.6124
vn -0.8801 -0.0445 -0.4726
vn -0.7916 -0.1046 0.6021
vn -0.8510 -0.1025 -0.5150
vn -0.8792 -0.1057 0.4646
vn -0.6853 0.0150 -0.7281
vn -0.7365 -0.0204 0.6761
vn -0.8429 0.0086 -0.5380
vn -0.8684 -0.0398 0.4943
vn -0.8872 0.0533 -0.4584
vn -0.9330 0.0610 0.3546
vn -0.8678 0.0594 0.4933
vn -0.7776 0.0917 -0.6220
vn -0.8335 0.1370 -0.5353
vn -0.8290 0.3607 -0.4274
vn -0.8073 0.1228 0.5773
vn -0.9161 0.2027 -0.3459
vn -0.7824 -0.0144 0.6226
vn -0.8599 0.2474 -0.4466
vn -0.9247 0.2545 -0.2831
vn -0.7953 0.3098 -0.5211
vn -0.8372 0.3327 -0.4340
vn -0.8932 0.2849 0.3478
vn -0.9283 0.2953 -0.2262
vn -0.9194 0.2875 0.2685
vn -0.8253 0.4127 0.3854
vn -0.8544 0.3940 -0.3387
vn -0.9461 0.3228 0.0259
vn -0.8975 0.4182 0.1403
vn -0.8968 0.3930 -0.2031
vn -0.8517 0.5149 -0.0973
vn -0.8689 0.4179 0.2651
vn -0.9012 0.4303 -0.0518
vn -0.6081 0.7905 0.0730
vn -0.7085 -0.6491 -0.2768
vn -0.7629 -0.6334 -0.1296
vn -0.8215 -0.5691 0.0356
vn -0.7441 -0.6191 0.2512
vn -0.8521 -0.4981 -0.1608
vn -0.8958 -0.4173 0.1531
vn -0.7367 -0.5043 0.4504
vn -0.6024 -0.5888 0.5389
vn -0.7322 -0.4987 -0.4639
vn -0.7528 -0.5627 -0.3416
vn -0.6950 -0.4564 -0.5556
vn -0.5836 -0.4900 0.6475
vn -0.6470 -0.3404 0.6823
vn -0.6072 -0.3415 -0.7174
vn -0.6902 -0.2403 -0.6825
vn -0.6302 -0.2311 0.7413
vn -0.7032 -0.1672 -0.6910
vn -0.5738 -0.1108 -0.8115
vn -0.5384 -0.0133 -0.8426
vn -0.5840 0.0838 -0.8074
vn -0.6333 0.1750 0.7539
vn -0.7349 0.1888 -0.6513
vn -0.7916 0.3246 0.5178
vn -0.6568 0.2741 -0.7025
vn -0.8123 0.2279 -0.5368
vn -0.6466 0.2296 0.7274
vn -0.1664 0.3890 0.9061
vn -0.7240 0.4182 0.5487
vn -0.7484 0.2536 0.6129
vn -0.6328 0.4401 -0.6370
vn -0.5562 0.4990 0.6646
vn -0.7143 0.4749 -0.5141
vn -0.7248 0.5825 -0.3678
vn -0.7539 0.5891 0.2910
vn -0.5302 0.7081 0.4663
vn -0.7704 0.5914 -0.2382
vn -0.5017 0.8645 -0.0317
vn -0.6684 0.7013 0.2480
vn -0.3454 -0.9148 -0.2095
vn -0.4793 -0.8761 0.0529
vn -0.2024 -0.9674 0.1520
vn -0.4942 -0.8104 0.3148
vn -0.3362 -0.8520 -0.4013
vn -0.5092 -0.7048 0.4939
vn -0.1569 -0.7517 0.6406
vn -0.6023 -0.6202 -0.5027
vn -0.4347 -0.6119 -0.6607
vn -0.5351 -0.4445 -0.7184
vn -0.3640 -0.4130 -0.8348
vn -0.1955 -0.3718 -0.9075
vn -0.3083 -0.2421 -0.9200
vn -0.5595 -0.1283 0.8188
vn -0.4043 -0.2157 -0.8888
vn -0.4595 -0.0632 0.8859
vn -0.2558 -0.0629 -0.9647
vn -0.0642 -0.0290 0.9975
vn 0.0958 0.0116 -0.9953
vn -0.5311 -0.0878 0.8427
vn -0.5254 -0.1455 -0.8383
vn -0.5034 0.0864 0.8597
vn -0.1201 0.0182 -0.9926
vn -0.4562 0.2218 -0.8618
vn -0.5616 0.3228 0.7619
vn -0.3370 0.4348 -0.8351
vn -0.5956 0.4728 -0.6494
vn -0.7193 0.5372 -0.4405
vn -0.5870 0.5772 0.5678
vn -0.4726 0.5299 0.7041
vn -0.4453 0.6331 -0.6332
vn -0.3524 0.8553 -0.3798
vn -0.1231 0.6743 0.7282
vn -0.5507 0.7868 -0.2787
vn 0.1616 -0.9836 0.0806
vn -0.0721 -0.8946 0.4409
vn -0.3440 -0.7370 -0.5818
vn 0.1306 -0.7566 -0.6407
vn 0.2429 -0.6265 0.7406
vn -0.0289 -0.5915 -0.8058
vn -0.1999 -0.6479 0.7350
vn -0.0050 -0.4924 -0.8704
vn -0.4253 -0.4315 0.7956
vn -0.0279 -0.4465 -0.8943
vn -0.3025 -0.3787 0.8747
vn 0.1267 -0.4048 -0.9056
vn -0.2122 -0.3143 0.9253
vn 0.0139 -0.1995 -0.9798
vn -0.2233 -0.1965 0.9547
vn -0.2204 -0.0349 0.9748
vn -0.2616 0.1740 0.9494
vn -0.0949 0.2114 -0.9728
vn 0.2020 0.1374 0.9697
vn -0.0452 0.3317 -0.9423
vn 0.1481 0.2043 0.9676
vn -0.2980 0.1227 0.9467
vn 0.1947 0.4677 -0.8621
vn -0.0370 0.3682 -0.9290
vn -0.3519 0.4817 0.8026
vn -0.2469 0.5551 -0.7943
vn 0.0026 0.5875 0.8092
vn 0.1187 0.6179 -0.7772
vn -0.2231 0.7511 -0.6213
vn -0.0421 0.7718 0.6344
vn 0.1288 0.8473 0.5153
vn -0.2202 0.9681 0.1195
vn -0.2518 0.8751 0.4132
vn 0.1806 -0.8321 -0.5245
vn 0.3303 -0.8334 0.4432
vn 0.6137 -0.6519 -0.4454
vn 0.4777 -0.7809 0.4025
vn 0.5171 -0.5941 -0.6162
vn 0.3921 -0.6737 0.6264
vn 0.3923 -0.5274 -0.7536
vn 0.2332 -0.3975 -0.8875
vn 0.5410 -0.3231 -0.7765
vn 0.1848 -0.3537 0.9169
vn -0.0275 -0.4785 0.8776
vn 0.4417 -0.3281 0.8350
vn 0.1996 -0.2309 0.9523
vn 0.1591 -0.2731 0.9487
vn 0.3089 -0.1768 -0.9345
vn 0.1606 0.0516 0.9857
vn 0.2836 0.1416 -0.9484
vn -0.0578 0.2840 0.9571
vn 0.3502 0.6741 0.6503
vn 0.4535 0.3596 0.8155
vn 0.4761 0.5190 -0.7099
vn 0.3020 0.4950 0.8147
vn 0.4838 0.5052 0.7146
vn 0.5104 0.3754 -0.7737
vn 0.3415 0.6564 -0.6727
vn 0.3515 0.6134 0.7072
vn 0.4037 0.7461 -0.5294
vn 0.3477 0.7105 0.6118
vn 0.1474 0.8353 -0.5297
vn 0.3573 0.8585 0.3680
vn 0.1052 0.9547 -0.2784
vn 0.3108 0.9443 -0.1078
vn 0.1431 0.9831 0.1145
vn 0.4365 -0.6112 -0.6603
vn 0.6836 -0.7168 0.1376
vn 0.6286 -0.7038 0.3310
vn 0.3915 -0.7475 0.5366
vn 0.5272 -0.7672 -0.3654
vn 0.4759 -0.5002 0.7234
vn 0.5938 -0.4424 -0.6721
vn 0.7387 -0.4120 0.5334
vn 0.3028 0.1517 0.9409
vn 0.5338 -0.2217 0.8160
vn 0.4424 -0.2927 -0.8477
vn 0.4238 -0.1694 0.8898
vn 0.5325 -0.1776 -0.8276
vn 0.4675 -0.0893 0.8795
vn 0.5750 -0.0487 0.8167
vn 0.5223 0.0872 -0.8483
vn 0.5436 0.1681 0.8223
vn 0.5417 0.1844 -0.8201
vn 0.2770 0.4193 -0.8646
vn 0.6836 0.2848 -0.6720
vn 0.6431 0.3820 -0.6637
vn 0.5830 0.3681 0.7243
vn 0.6957 0.4349 -0.5718
vn 0.6466 0.4278 0.6316
vn 0.6317 0.5094 -0.5844
vn 0.6631 0.6304 -0.4035
vn 0.6446 0.6340 0.4273
vn 0.6902 0.6781 0.2524
vn 0.4739 0.8455 -0.2459
vn 0.7201 0.6776 -0.1498
vn 0.6653 0.7414 0.0879
vn 0.7773 -0.5327 0.3348
vn 0.7808 -0.5955 -0.1891
vn 0.7024 -0.5544 0.4463
vn 0.9082 -0.3285 -0.2594
vn 0.8484 -0.4964 -0.1839
vn 0.8734 -0.3739 0.3121
vn 0.7564 -0.3901 -0.5250
vn 0.8469 -0.3366 0.4118
vn 0.8306 -0.2516 -0.4968
vn 0.8150 -0.1408 -0.5621
vn 0.7421 -0.1771 -0.6465
vn 0.7802 -0.2011 0.5923
vn 0.7375 -0.2892 -0.6103
vn 0.7158 -0.1786 0.6751
vn 0.7252 -0.1309 -0.6760
vn 0.6952 -0.0474 -0.7173
vn 0.6546 0.0712 -0.7526
vn 0.5955 0.0136 0.8033
vn 0.7257 0.2261 -0.6498
vn 0.5807 0.1064 0.8071
vn 0.7656 0.1152 -0.6329
vn 0.8071 0.1913 -0.5586
vn 0.7679 0.1896 0.6119
vn 0.5184 0.2811 0.8076
vn 0.7526 0.2669 -0.6019
vn 0.7734 0.2421 0.5858
vn 0.8253 0.2618 -0.5003
vn 0.8684 0.3259 -0.3738
vn 0.8709 0.3062 0.3845
vn 0.7892 0.4189 -0.4490
vn 0.8437 0.4177 -0.3372
vn 0.8121 0.3990 0.4258
vn 0.6994 0.5384 0.4700
vn 0.9354 0.2965 -0.1929
vn 0.8375 0.5024 -0.2148
vn 0.8646 0.4570 0.2090
vn 0.8499 0.5259 0.0329
vn 0.9068 -0.4164 -0.0662
vn 0.9349 -0.3474 0.0725
vn 0.8697 -0.4531 0.1959
vn 0.8898 -0.3493 -0.2937
vn 0.7860 -0.4983 -0.3659
vn 0.9072 -0.2813 -0.3127
vn 0.9514 -0.2357 -0.1983
vn 0.8648 -0.2701 0.4234
vn 0.9192 -0.2999 0.2553
vn 0.9176 -0.2327 0.3224
vn 0.7326 -0.2894 0.6160
vn 0.9373 -0.1391 -0.3197
vn 0.8844 -0.2108 -0.4164
vn 0.9160 -0.1229 0.3819
vn 0.8734 -0.1690 0.4568
vn 0.9468 -0.0384 -0.3196
vn 0.7941 -0.1027 0.5990
vn 0.8758 -0.1249 -0.4663
vn 0.9322 -0.0598 0.3570
vn 0.9119 -0.0113 -0.4102
vn 0.9195 0.0294 0.3921
vn 0.8208 -0.0280 0.5706
vn 0.8717 0.0089 -0.4900
vn 0.9209 0.0513 -0.3865
vn 0.8691 0.0863 0.4871
vn 0.7982 0.0588 0.5995
vn 0.8256 -0.4811 -0.2949
vn 0.7644 0.0946 0.6378
vn 0.9062 0.1387 -0.3995
vn 0.9214 0.1104 0.3725
vn 0.9126 0.1827 0.3657
vn 0.8299 0.2750 0.4854
vn 0.9239 0.2172 -0.3149
vn 0.9307 0.2216 0.2911
vn 0.8206 0.2861 0.4947
vn 0.8139 0.4615 -0.3531
vn 0.9541 0.2779 -0.1113
vn 0.9416 0.2802 0.1865
vn 0.9061 0.3477 0.2410
vn 0.9009 0.4210 -0.1052
vn 0.9408 0.3325 0.0651
vn 0.9759 -0.2148 0.0386
vn 0.9838 -0.1520 0.0947
vn 0.9487 -0.2741 0.1576
vn 0.9671 -0.2304 -0.1083
vn 0.9866 -0.1591 -0.0371
vn 0.9663 -0.1498 0.2092
vn 0.9666 -0.1648 -0.1963
vn 0.9450 -0.1480 0.2915
vn 0.9525 -0.0743 -0.2952
vn 0.9845 -0.0797 -0.1565
vn 0.9923 -0.0696 0.1026
vn 0.9845 -0.0070 0.1755
vn 0.9993 -0.0246 -0.0280
vn 0.9962 -0.0804 -0.0347
vn 0.9909 0.0154 -0.1336
vn 0.9924 -0.0007 0.1227
vn 0.9724 -0.0260 0.2320
vn 0.9949 -0.0295 -0.0960
vn 0.9542 0.1295 0.2697
vn 0.9697 0.0436 -0.2402
vn 0.9971 0.0458 -0.0602
vn 0.9981 0.0342 0.0509
vn 0.9740 0.0784 0.2127
vn 0.9910 0.0802 0.1076
vn 0.9780 0.0598 0.1999
vn 0.9340 0.0622 0.3517
vn 0.9555 0.1004 -0.2774
vn 0.9813 0.1306 -0.1413
vn 0.9900 0.1386 -0.0251
vn 0.9938 0.1050 0.0375
vn 0.9828 0.1282 -0.1328
vn 0.9736 0.2136 -0.0805
vn 0.9725 0.1555 0.1736
vn 0.9601 0.1098 0.2570
vn 0.9410 0.2395 -0.2389
vn 0.9804 0.1796 0.0813
vn 0.9610 0.2710 0.0549
vn 0.9771 0.1952 -0.0849
vn 0.9762 0.1856 0.1121
vn -0.9504 -0.2711 -0.1524
vn -0.9384 -0.3272 0.1107
vn -0.9741 -0.0138 -0.2256
vn -0.9048 0.1965 0.3778
vn -0.9469 0.2817 -0.1548
vn -0.9969 -0.0561 0.0551
vn -0.9844 0.0556 0.1667
vn -0.8881 0.4462 0.1101
vn 0.9934 -0.0763 0.0855
vn 0.9996 -0.0040 0.0268
vn 0.9980 0.0565 -0.0292
vn 0.9995 0.0209 0.0231
vn -0.7663 -0.6404 0.0505
vn -0.8310 -0.4527 -0.3233
vn -0.7666 -0.6119 -0.1944
vn -0.8038 -0.5127 0.3018
vn -0.8281 -0.3353 0.4493
vn -0.8910 -0.1235 0.4369
vn -0.8401 -0.1282 -0.5270
vn -0.8952 0.1927 -0.4020
vn -0.7155 0.5556 -0.4235
vn -0.8362 0.2955 -0.4620
vn -0.7770 0.5945 -0.2071
vn -0.6520 0.7577 0.0280
vn -0.6197 -0.7470 -0.2407
vn -0.5995 -0.8002 0.0145
vn -0.5553 -0.8161 0.1603
vn -0.6271 -0.6917 0.3581
vn -0.9368 -0.0667 -0.3435
vn -0.6328 -0.6095 -0.4775
vn -0.6362 -0.6027 0.4816
vn -0.6765 -0.5260 0.5154
vn -0.6299 -0.7111 -0.3124
vn -0.7376 -0.2572 0.6243
vn -0.6952 0.0675 0.7157
vn -0.7566 0.3924 0.5231
vn -0.5686 0.4832 0.6657
vn -0.7123 0.3180 -0.6257
vn -0.6070 0.6495 0.4579
vn -0.5717 0.5478 0.6108
vn -0.6135 0.6869 -0.3897
vn -0.7022 0.6535 0.2827
vn -0.5880 0.7900 -0.1736
vn -0.4428 -0.8404 -0.3125
vn -0.4957 -0.6942 0.5219
vn -0.4161 -0.6353 -0.6506
vn -0.5074 -0.5308 0.6789
vn -0.5154 -0.3136 0.7975
vn -0.4722 0.2425 -0.8475
vn -0.4570 0.3476 0.8187
vn -0.4362 0.4856 -0.7576
vn -0.5231 0.6373 -0.5658
vn -0.4047 0.5445 0.7347
vn -0.4794 0.8678 0.1305
vn -0.3797 0.8316 -0.4053
vn -0.4405 0.8977 -0.0080
vn -0.3237 -0.8408 -0.4338
vn -0.2665 -0.9453 0.1880
vn -0.4180 -0.8415 0.3423
vn -0.5665 -0.6321 -0.5287
vn -0.3275 -0.7339 0.5950
vn -0.4397 -0.4938 0.7503
vn -0.3747 -0.0333 -0.9266
vn -0.0374 0.3014 -0.9528
vn -0.3803 0.7319 0.5655
vn -0.3253 0.6770 -0.6602
vn -0.0999 -0.9940 -0.0456
vn -0.2958 -0.9552 0.0120
vn -0.0817 -0.9963 0.0284
vn -0.2784 -0.7799 -0.5606
vn -0.2142 -0.9165 -0.3380
vn -0.2041 -0.8832 0.4222
vn -0.1386 -0.6870 -0.7133
vn -0.1498 -0.7446 0.6504
vn -0.5970 -0.4271 -0.6791
vn -0.2541 -0.3261 -0.9105
vn -0.1655 -0.3712 -0.9137
vn -0.1945 -0.5382 0.8201
vn 0.0121 -0.0728 -0.9973
vn -0.3992 -0.0233 0.9165
vn -0.1707 0.2019 0.9644
vn -0.2247 0.4608 -0.8586
vn 0.0627 0.8667 0.4949
vn -0.1479 0.6061 0.7815
vn -0.3398 0.8497 0.4033
vn -0.3326 0.9263 -0.1771
vn -0.2415 0.9248 0.2938
vn -0.1622 -0.9724 -0.1680
vn -0.0113 -0.9924 0.1224
vn -0.0557 -0.9644 0.2583
vn -0.0509 -0.9163 -0.3973
vn -0.0480 -0.8647 0.5000
vn -0.0003 -0.4388 -0.8986
vn 0.0048 0.3383 0.9410
vn -0.1352 0.5376 -0.8323
vn -0.1339 0.8930 -0.4297
vn -0.0703 0.9009 0.4284
vn -0.1043 0.8059 0.5828
vn -0.1021 0.9934 -0.0532
vn -0.1768 0.9747 0.1368
vn 0.1487 -0.9865 0.0681
vn 0.0979 -0.8842 -0.4568
vn 0.0832 -0.9485 0.3056
vn 0.0975 -0.8121 0.5753
vn 0.1928 -0.6892 0.6985
vn 0.1599 -0.4330 0.8871
vn -0.0716 -0.1262 0.9894
vn 0.1265 0.5312 -0.8378
vn -0.0567 0.6981 -0.7138
vn 0.1126 0.6952 0.7099
vn 0.0312 0.8936 0.4477
vn 0.0772 0.9277 -0.3653
vn 0.2476 -0.9631 -0.1058
vn 0.2029 -0.9421 -0.2671
vn 0.2504 -0.9241 0.2888
vn 0.2543 -0.8618 -0.4388
vn 0.2258 -0.3293 -0.9168
vn 0.1717 -0.2128 0.9619
vn 0.2438 0.2072 0.9474
vn 0.1471 0.5311 0.8344
vn 0.1853 0.6955 -0.6942
vn 0.1225 0.8667 -0.4836
vn 0.2521 0.8801 0.4023
vn 0.2291 0.7445 0.6271
vn -0.0221 0.9997 -0.0052
vn 0.1987 0.9676 -0.1561
vn 0.0482 0.9984 0.0298
vn 0.3511 -0.8726 -0.3397
vn 0.4551 -0.8833 0.1126
vn 0.3029 -0.8471 0.4367
vn 0.3169 -0.7546 -0.5747
vn 0.2172 -0.6750 -0.7051
vn 0.3508 -0.7759 0.5244
vn 0.4332 -0.0051 -0.9013
vn 0.2813 0.3563 -0.8910
vn 0.3389 0.5096 0.7909
vn 0.3627 0.5601 -0.7448
vn 0.3996 0.7092 0.5808
vn 0.3475 0.7945 -0.4980
vn 0.3712 0.9093 0.1881
vn 0.2448 0.9051 -0.3478
vn 0.0754 0.9812 -0.1779
vn 0.1806 0.9814 -0.0645
vn 0.4551 -0.7916 0.4078
vn 0.4820 -0.7034 -0.5223
vn 0.3897 -0.7038 0.5940
vn 0.4262 -0.5517 -0.7170
vn 0.4180 -0.4816 0.7703
vn 0.5085 -0.3448 -0.7890
vn 0.3090 -0.0541 0.9495
vn 0.4158 0.3817 0.8254
vn 0.5200 0.3050 0.7979
vn 0.5456 0.4484 -0.7080
vn 0.5302 0.5317 0.6604
vn 0.5467 0.7517 -0.3689
vn 0.3906 0.8928 -0.2244
vn 0.3757 0.9253 0.0518
vn 0.5418 0.7445 0.3901
vn 0.3697 0.9284 -0.0371
vn 0.5379 -0.8232 -0.1815
vn 0.6073 -0.7933 -0.0437
vn 0.6588 -0.7481 0.0790
vn 0.6339 -0.6955 -0.3382
vn 0.6036 -0.6310 0.4874
vn 0.4684 -0.6769 0.5678
vn 0.6193 -0.5080 -0.5987
vn 0.5732 -0.1573 -0.8042
vn 0.5167 -0.2649 0.8141
vn 0.6021 0.0711 0.7952
vn 0.6115 0.2716 -0.7431
vn 0.5732 0.5998 -0.5583
vn 0.5732 0.6099 0.5472
vn 0.5090 0.8540 -0.1075
vn 0.5753 0.7961 0.1879
vn 0.7428 -0.6198 0.2532
vn 0.8798 -0.3528 0.3185
vn 0.7837 -0.4722 -0.4035
vn 0.8432 -0.3878 0.3723
vn 0.8571 -0.0283 -0.5143
vn 0.7428 -0.2636 0.6154
vn 0.7366 0.0525 -0.6743
vn 0.9827 0.0917 -0.1611
vn 0.8027 0.2414 0.5454
vn 0.6555 0.3385 0.6751
vn 0.7483 0.4720 -0.4661
vn 0.7693 0.5321 0.3537
vn 0.7005 0.4959 0.5132
vn 0.8144 0.4659 -0.3460
vn 0.6907 0.7196 -0.0720
vn 0.7237 0.6600 0.2015
vn 0.9426 -0.3335 -0.0144
vn 0.9182 -0.2532 -0.3045
vn 0.9397 -0.3170 -0.1282
vn 0.8147 -0.5591 -0.1541
vn 0.8917 -0.3701 0.2604
vn 0.9559 -0.0699 0.2854
vn 0.8628 -0.2047 0.4622
vn 0.8953 0.2785 -0.3475
vn 0.9169 0.3441 0.2024
vn 0.9377 0.1719 0.3021
vn 0.8637 0.4927 -0.1063
vn 0.9270 0.3751 -0.0015
vn 0.8804 0.4647 0.0948
vn 0.9866 -0.1632 -0.0017
vn 0.9989 0.0149 -0.0446
vn 0.9835 0.0211 0.1798
f 4507//4507 4503//4503 4505//4505
f 4504//4504 4507//4507 4506//4506
f 4506//4506 4507//4507 4508//4508
f 4503//4503 4509//4509 4511//4511
f 4503//4503 4520//4520 4510//4510
f 4520//4520 4503//4503 4507//4507
f 4511//4511 4505//4505 4503//4503
f 4505//4505 4511//4511 4526//4526
f 4507//4507 4504//4504 4520//4520
f 4512//4512 4520//4520 4504//4504
f 4506//4506 4512//4512 4504//4504
f 4505//4505 4508//4508 4507//4507
f 4522//4522 4505//4505 4521//4521
f 4513//4513 4512//4512 4506//4506
f 4508//4508 4513//4513 4506//4506
f 4508//4508 4505//4505 4533//4533
f 4515//4515 4503//4503 4514//4514
f 4503//4503 4515//4515 4509//4509
f 4510//4510 4514//4514 4503//4503
f 4509//4509 4515//4515 4511//4511
f 4511//4511 4515//4515 4516//4516
f 4511//4511 4516//4516 4517//4517
f 4525//4525 4519//4519 4511//4511
f 4517//4517 4525//4525 4511//4511
f 4518//4518 4510//4510 4520//4520
f 4519//4519 4526//4526 4511//4511
f 4521//4521 4505//4505 4526//4526
f 4520//4520 4523//4523 4544//4544
f 4512//4512 4523//4523 4520//4520
f 4531//4531 4533//4533 4505//4505
f 4522//4522 4531//4531 4505//4505
f 4523//4523 4512//4512 4513//4513
f 4513//4513 4524//4524 4523//4523
f 4513//4513 4508//4508 4524//4524
f 4540//4540 4515//4515 4514//4514
f 4516//4516 4515//4515 4540//4540
f 4525//4525 4517//4517 4516//4516
f 4510//4510 4542//4542 4514//4514
f 4510//4510 4518//4518 4542//4542
f 4525//4525 4526//4526 4519//4519
f 4527//4527 4526//4526 4525//4525
f 4542//4542 4518//4518 4520//4520
f 4547//4547 4521//4521 4527//4527
f 4527//4527 4521//4521 4526//4526
f 4523//4523 4528//4528 4544//4544
f 4548//4548 4521//4521 4547//4547
f 4529//4529 4539//4539 4523//4523
f 4539//4539 4528//4528 4523//4523
f 4548//4548 4530//4530 4522//4522
f 4521//4521 4548//4548 4522//4522
f 4530//4530 4531//4531 4522//4522
f 4532//4532 4529//4529 4523//4523
f 4553//4553 4523//4523 4524//4524
f 4553//4553 4532//4532 4523//4523
f 4553//4553 4524//4524 4508//4508
f 4552//4552 4533//4533 4531//4531
f 4552//4552 4531//4531 4550//4550
f 4562//4562 4553//4553 4508//4508
f 4562//4562 4508//4508 4533//4533
f 4534//4534 4555//4555 4514//4514
f 4555//4555 4540//4540 4514//4514
f 4540//4540 4535//4535 4516//4516
f 4514//4514 4536//4536 4534//4534
f 4516//4516 4537//4537 4525//4525
f 4542//4542 4536//4536 4514//4514
f 4537//4537 4527//4527 4525//4525
f 4544//4544 4542//4542 4520//4520
f 4545//4545 4547//4547 4527//4527
f 4532//4532 4539//4539 4529//4529
f 4530//4530 4550//4550 4531//4531
f 4562//4562 4533//4533 4554//4554
f 4554//4554 4533//4533 4552//4552
f 4536//4536 4557//4557 4534//4534
f 4541//4541 4535//4535 4540//4540
f 4535//4535 4541//4541 4516//4516
f 4543//4543 4516//4516 4541//4541
f 4543//4543 4537//4537 4516//4516
f 4537//4537 4543//4543 4527//4527
f 4543//4543 4545//4545 4527//4527
f 4559//4559 4544//4544 4528//4528
f 4546//4546 4559//4559 4528//4528
f 4538//4538 4546//4546 4528//4528
f 4549//4549 4538//4538 4528//4528
f 4528//4528 4561//4561 4549//4549
f 4528//4528 4539//4539 4561//4561
f 4548//4548 4551//4551 4530//4530
f 4569//4569 4561//4561 4539//4539
f 4551//4551 4550//4550 4530//4530
f 4553//4553 4539//4539 4532//4532
f 4553//4553 4569//4569 4539//4539
f 4587//4587 4553//4553 4562//4562
f 4555//4555 4556//4556 4540//4540
f 4540//4540 4556//4556 4541//4541
f 4555//4555 4534//4534 4557//4557
f 4536//4536 4542//4542 4557//4557
f 4557//4557 4542//4542 4564//4564
f 4558//4558 4545//4545 4541//4541
f 4541//4541 4545//4545 4543//4543
f 4559//4559 4542//4542 4544//4544
f 4548//4548 4547//4547 4545//4545
f 4548//4548 4545//4545 4560//4560
f 4560//4560 4551//4551 4548//4548
f 4552//4552 4571//4571 4554//4554
f 4551//4551 4571//4571 4552//4552
f 4552//4552 4550//4550 4551//4551
f 4603//4603 4602//4602 4553//4553
f 4585//4585 4603//4603 4553//4553
f 4586//4586 4553//4553 4587//4587
f 4586//4586 4585//4585 4553//4553
f 4554//4554 4571//4571 4562//4562
f 4555//4555 4563//4563 4556//4556
f 4574//4574 4563//4563 4555//4555
f 4555//4555 4557//4557 4574//4574
f 4556//4556 4565//4565 4541//4541
f 4565//4565 4558//4558 4541//4541
f 4592//4592 4564//4564 4542//4542
f 4558//4558 4566//4566 4545//4545
f 4545//4545 4566//4566 4567//4567
f 4559//4559 4592//4592 4542//4542
f 4567//4567 4568//4568 4545//4545
f 4549//4549 4561//4561 4569//4569
f 4580//4580 4551//4551 4560//4560
f 4551//4551 4580//4580 4570//4570
f 4582//4582 4569//4569 4553//4553
f 4551//4551 4570//4570 4571//4571
f 4572//4572 4582//4582 4553//4553
f 4572//4572 4553//4553 4602//4602
f 4583//4583 4587//4587 4562//4562
f 4562//4562 4571//4571 4583//4583
f 4556//4556 4563//4563 4575//4575
f 4575//4575 4565//4565 4556//4556
f 4557//4557 4573//4573 4574//4574
f 4557//4557 4564//4564 4573//4573
f 4566//4566 4558//4558 4565//4565
f 4576//4576 4564//4564 4592//4592
f 4559//4559 4577//4577 4592//4592
f 4568//4568 4567//4567 4608//4608
f 4578//4578 4545//4545 4568//4568
f 4546//4546 4577//4577 4559//4559
f 4610//4610 4545//4545 4578//4578
f 4579//4579 4545//4545 4610//4610
f 4549//4549 4595//4595 4538//4538
f 4560//4560 4545//4545 4579//4579
f 4549//4549 4569//4569 4595//4595
f 4595//4595 4569//4569 4597//4597
f 4579//4579 4580//4580 4560//4560
f 4581//4581 4597//4597 4569//4569
f 4569//4569 4582//4582 4581//4581
f 4584//4584 4583//4583 4571//4571
f 4571//4571 4570//4570 4584//4584
f 4602//4602 4599//4599 4582//4582
f 4572//4572 4602//4602 4582//4582
f 4573//4573 4563//4563 4574//4574
f 4576//4576 4588//4588 4564//4564
f 4588//4588 4573//4573 4564//4564
f 4573//4573 4589//4589 4563//4563
f 4589//4589 4575//4575 4563//4563
f 4565//4565 4575//4575 4590//4590
f 4590//4590 4566//4566 4565//4565
f 4576//4576 4592//4592 4588//4588
f 4588//4588 4592//4592 4591//4591
f 4575//4575 4593//4593 4590//4590
f 4590//4590 4593//4593 4566//4566
f 4593//4593 4567//4567 4566//4566
f 4609//4609 4592//4592 4577//4577
f 4606//4606 4608//4608 4567//4567
f 4546//4546 4594//4594 4577//4577
f 4577//4577 4594//4594 4609//4609
f 4578//4578 4568//4568 4610//4610
f 4538//4538 4594//4594 4546//4546
f 4579//4579 4596//4596 4580//4580
f 4597//4597 4581//4581 4599//4599
f 4598//4598 4584//4584 4596//4596
f 4584//4584 4570//4570 4596//4596
f 4596//4596 4570//4570 4580//4580
f 4599//4599 4581//4581 4582//4582
f 4583//4583 4584//4584 4598//4598
f 4601//4601 4599//4599 4602//4602
f 4600//4600 4585//4585 4586//4586
f 4600//4600 4603//4603 4585//4585
f 4587//4587 4583//4583 4600//4600
f 4586//4586 4587//4587 4600//4600
f 4588//4588 4621//4621 4573//4573
f 4621//4621 4589//4589 4573//4573
f 4575//4575 4589//4589 4604//4604
f 4592//4592 4605//4605 4591//4591
f 4591//4591 4605//4605 4588//4588
f 4605//4605 4623//4623 4588//4588
f 4604//4604 4593//4593 4575//4575
f 4567//4567 4604//4604 4606//4606
f 4593//4593 4604//4604 4567//4567
f 4609//4609 4607//4607 4592//4592
f 4607//4607 4626//4626 4592//4592
f 4592//4592 4626//4626 4605//4605
f 4604//4604 4608//4608 4606//4606
f 4568//4568 4608//4608 4628//4628
f 4628//4628 4610//4610 4568//4568
f 4609//4609 4594//4594 4630//4630
f 4595//4595 4594//4594 4538//4538
f 4595//4595 4630//4630 4594//4594
f 4579//4579 4612//4612 4611//4611
f 4596//4596 4579//4579 4611//4611
f 4595//4595 4597//4597 4613//4613
f 4611//4611 4612//4612 4596//4596
f 4612//4612 4614//4614 4596//4596
f 4614//4614 4583//4583 4598//4598
f 4598//4598 4596//4596 4614//4614
f 4615//4615 4631//4631 4599//4599
f 4616//4616 4599//4599 4601//4601
f 4616//4616 4615//4615 4599//4599
f 4600//4600 4618//4618 4617//4617
f 4618//4618 4600//4600 4583//4583
f 4616//4616 4601//4601 4602//4602
f 4602//4602 4619//4619 4616//4616
f 4600//4600 4602//4602 4603//4603
f 4600//4600 4619//4619 4602//4602
f 4623//4623 4620//4620 4588//4588
f 4621//4621 4588//4588 4620//4620
f 4622//4622 4604//4604 4589//4589
f 4621//4621 4620//4620 4589//4589
f 4622//4622 4635//4635 4604//4604
f 4635//4635 4624//4624 4604//4604
f 4604//4604 4624//4624 4625//4625
f 4605//4605 4626//4626 4623//4623
f 4624//4624 4640//4640 4608//4608
f 4625//4625 4624//4624 4608//4608
f 4604//4604 4625//4625 4608//4608
f 4627//4627 4607//4607 4609//4609
f 4627//4627 4626//4626 4607//4607
f 4608//4608 4640//4640 4628//4628
f 4609//4609 4641//4641 4627//4627
f 4628//4628 4640//4640 4629//4629
f 4629//4629 4610//4610 4628//4628
f 4630//4630 4641//4641 4609//4609
f 4629//4629 4579//4579 4610//4610
f 4595//4595 4613//4613 4630//4630
f 4629//4629 4614//4614 4612//4612
f 4629//4629 4612//4612 4579//4579
f 4631//4631 4630//4630 4597//4597
f 4597//4597 4630//4630 4613//4613
f 4599//4599 4631//4631 4597//4597
f 4583//4583 4614//4614 4632//4632
f 4633//4633 4615//4615 4616//4616
f 4633//4633 4616//4616 4619//4619
f 4617//4617 4618//4618 4634//4634
f 4632//4632 4618//4618 4583//4583
f 4633//4633 4619//4619 4600//4600
f 4633//4633 4600//4600 4617//4617
f 4661//4661 4620//4620 4623//4623
f 4622//4622 4620//4620 4661//4661
f 4589//4589 4620//4620 4622//4622
f 4626//4626 4637//4637 4623//4623
f 4635//4635 4636//4636 4624//4624
f 4627//4627 4639//4639 4626//4626
f 4637//4637 4626//4626 4639//4639
f 4636//4636 4638//4638 4640//4640
f 4624//4624 4636//4636 4640//4640
f 4641//4641 4639//4639 4627//4627
f 4643//4643 4629//4629 4640//4640
f 4642//4642 4641//4641 4630//4630
f 4644//4644 4614//4614 4629//4629
f 4644//4644 4629//4629 4643//4643
f 4631//4631 4645//4645 4630//4630
f 4645//4645 4642//4642 4630//4630
f 4646//4646 4647//4647 4643//4643
f 4644//4644 4647//4647 4632//4632
f 4643//4643 4647//4647 4644//4644
f 4644//4644 4632//4632 4614//4614
f 4649//4649 4648//4648 4615//4615
f 4615//4615 4648//4648 4631//4631
f 4648//4648 4645//4645 4631//4631
f 4650//4650 4618//4618 4646//4646
f 4646//4646 4618//4618 4632//4632
f 4646//4646 4632//4632 4647//4647
f 4649//4649 4615//4615 4633//4633
f 4649//4649 4633//4633 4617//4617
f 4649//4649 4617//4617 4634//4634
f 4649//4649 4634//4634 4650//4650
f 4650//4650 4634//4634 4618//4618
f 4696//4696 4651//4651 4653//4653
f 4655//4655 4651//4651 4696//4696
f 4651//4651 4655//4655 4654//4654
f 4656//4656 4655//4655 4696//4696
f 4657//4657 4655//4655 4656//4656
f 4661//4661 4658//4658 4622//4622
f 4637//4637 4659//4659 4623//4623
f 4661//4661 4623//4623 4659//4659
f 4658//4658 4635//4635 4622//4622
f 4662//4662 4635//4635 4658//4658
f 4639//4639 4659//4659 4637//4637
f 4661//4661 4659//4659 4660//4660
f 4662//4662 4664//4664 4635//4635
f 4635//4635 4638//4638 4636//4636
f 4664//4664 4638//4638 4635//4635
f 4663//4663 4664//4664 4662//4662
f 4664//4664 4640//4640 4638//4638
f 4665//4665 4659//4659 4639//4639
f 4663//4663 4643//4643 4640//4640
f 4663//4663 4640//4640 4664//4664
f 4642//4642 4645//4645 4641//4641
f 4641//4641 4648//4648 4639//4639
f 4641//4641 4645//4645 4648//4648
f 4639//4639 4668//4668 4665//4665
f 4639//4639 4648//4648 4668//4668
f 4663//4663 4667//4667 4643//4643
f 4667//4667 4666//4666 4646//4646
f 4667//4667 4646//4646 4643//4643
f 4648//4648 4649//4649 4668//4668
f 4669//4669 4668//4668 4649//4649
f 4669//4669 4649//4649 4670//4670
f 4670//4670 4649//4649 4650//4650
f 4670//4670 4650//4650 4666//4666
f 4666//4666 4650//4650 4646//4646
f 4674//4674 4671//4671 4680//4680
f 4680//4680 4671//4671 4672//4672
f 4672//4672 4673//4673 4675//4675
f 4676//4676 4672//4672 4675//4675
f 4685//4685 4672//4672 4676//4676
f 4679//4679 4677//4677 4674//4674
f 4679//4679 4674//4674 4680//4680
f 4684//4684 4680//4680 4672//4672
f 4684//4684 4672//4672 4685//4685
f 4681//4681 4685//4685 4676//4676
f 4679//4679 4688//4688 4678//4678
f 4688//4688 4679//4679 4682//4682
f 4687//4687 4679//4679 4680//4680
f 4687//4687 4682//4682 4679//4679
f 4683//4683 4687//4687 4680//4680
f 4683//4683 4680//4680 4684//4684
f 4685//4685 4681//4681 4686//4686
f 4688//4688 4682//4682 4687//4687
f 4687//4687 4683//4683 4653//4653
f 4683//4683 4652//4652 4653//4653
f 4683//4683 4684//4684 4652//4652
f 4690//4690 4684//4684 4685//4685
f 4652//4652 4684//4684 4690//4690
f 4690//4690 4685//4685 4686//4686
f 4691//4691 4695//4695 4688//4688
f 4692//4692 4688//4688 4687//4687
f 4692//4692 4687//4687 4689//4689
f 4651//4651 4689//4689 4653//4653
f 4653//4653 4689//4689 4687//4687
f 4652//4652 4697//4697 4653//4653
f 4693//4693 4691//4691 4688//4688
f 4693//4693 4688//4688 4692//4692
f 4692//4692 4689//4689 4651//4651
f 4697//4697 4696//4696 4653//4653
f 4686//4686 4652//4652 4690//4690
f 4697//4697 4652//4652 4686//4686
f 4695//4695 4691//4691 4693//4693
f 4654//4654 4693//4693 4651//4651
f 4693//4693 4692//4692 4651//4651
f 4655//4655 4693//4693 4654//4654
f 4743//4743 4697//4697 4686//4686
f 4694//4694 4741//4741 4695//4695
f 4699//4699 4695//4695 4693//4693
f 4657//4657 4693//4693 4655//4655
f 4696//4696 4700//4700 4656//4656
f 4743//4743 4742//4742 4697//4697
f 4698//4698 4694//4694 4695//4695
f 4702//4702 4695//4695 4699//4699
f 4698//4698 4695//4695 4702//4702
f 4656//4656 4699//4699 4693//4693
f 4656//4656 4693//4693 4657//4657
f 4706//4706 4656//4656 4700//4700
f 4701//4701 4700//4700 4696//4696
f 4701//4701 4696//4696 4697//4697
f 4697//4697 4742//4742 4701//4701
f 4702//4702 4699//4699 4656//4656
f 4705//4705 4656//4656 4706//4706
f 4703//4703 4698//4698 4702//4702
f 4708//4708 4702//4702 4656//4656
f 4708//4708 4656//4656 4705//4705
f 4706//4706 4701//4701 4749//4749
f 4700//4700 4701//4701 4706//4706
f 4703//4703 4702//4702 4709//4709
f 4709//4709 4702//4702 4708//4708
f 4707//4707 4703//4703 4704//4704
f 4704//4704 4703//4703 4709//4709
f 4710//4710 4708//4708 4705//4705
f 4709//4709 4708//4708 4710//4710
f 4660//4660 4712//4712 4661//4661
f 4711//4711 4658//4658 4661//4661
f 4711//4711 4661//4661 4712//4712
f 4658//4658 4663//4663 4662//4662
f 4659//4659 4712//4712 4660//4660
f 4658//4658 4667//4667 4663//4663
f 4665//4665 4712//4712 4659//4659
f 4711//4711 4713//4713 4658//4658
f 4711//4711 4712//4712 4713//4713
f 4713//4713 4666//4666 4667//4667
f 4713//4713 4667//4667 4658//4658
f 4669//4669 4665//4665 4668//4668
f 4712//4712 4665//4665 4669//4669
f 4713//4713 4712//4712 4666//4666
f 4669//4669 4670//4670 4712//4712
f 4712//4712 4670//4670 4666//4666
f 4714//4714 4715//4715 4771//4771
f 4717//4717 4714//4714 4771//4771
f 4727//4727 4714//4714 4717//4717
f 4714//4714 4718//4718 4716//4716
f 4722//4722 4714//4714 4672//4672
f 4719//4719 4714//4714 4727//4727
f 4672//4672 4714//4714 4719//4719
f 4727//4727 4717//4717 4720//4720
f 4722//4722 4718//4718 4714//4714
f 4726//4726 4718//4718 4722//4722
f 4674//4674 4722//4722 4671//4671
f 4671//4671 4722//4722 4672//4672
f 4672//4672 4719//4719 4727//4727
f 4672//4672 4727//4727 4673//4673
f 4727//4727 4720//4720 4723//4723
f 4718//4718 4724//4724 4721//4721
f 4724//4724 4718//4718 4726//4726
f 4726//4726 4722//4722 4674//4674
f 4727//4727 4675//4675 4673//4673
f 4675//4675 4727//4727 4676//4676
f 4727//4727 4723//4723 4725//4725
f 4677//4677 4726//4726 4674//4674
f 4728//4728 4727//4727 4725//4725
f 4724//4724 4726//4726 4679//4679
f 4679//4679 4726//4726 4677//4677
f 4730//4730 4681//4681 4727//4727
f 4727//4727 4681//4681 4676//4676
f 4730//4730 4727//4727 4728//4728
f 4729//4729 4724//4724 4735//4735
f 4735//4735 4724//4724 4731//4731
f 4678//4678 4731//4731 4679//4679
f 4679//4679 4731//4731 4724//4724
f 4735//4735 4731//4731 4688//4688
f 4688//4688 4731//4731 4678//4678
f 4734//4734 4686//4686 4730//4730
f 4730//4730 4686//4686 4681//4681
f 4695//4695 4733//4733 4688//4688
f 4688//4688 4733//4733 4735//4735
f 4736//4736 4686//4686 4734//4734
f 4732//4732 4735//4735 4737//4737
f 4695//4695 4735//4735 4733//4733
f 4695//4695 4737//4737 4735//4735
f 4738//4738 4686//4686 4736//4736
f 4740//4740 4686//4686 4738//4738
f 4741//4741 4739//4739 4695//4695
f 4695//4695 4739//4739 4737//4737
f 4740//4740 4743//4743 4686//4686
f 4739//4739 4741//4741 4744//4744
f 4740//4740 4738//4738 4743//4743
f 4741//4741 4745//4745 4744//4744
f 4698//4698 4741//4741 4694//4694
f 4747//4747 4701//4701 4742//4742
f 4747//4747 4742//4742 4743//4743
f 4746//4746 4741//4741 4698//4698
f 4746//4746 4745//4745 4741//4741
f 4743//4743 4828//4828 4747//4747
f 4698//4698 4745//4745 4746//4746
f 4787//4787 4745//4745 4698//4698
f 4701//4701 4788//4788 4749//4749
f 4701//4701 4747//4747 4788//4788
f 4698//4698 4750//4750 4787//4787
f 4748//4748 4698//4698 4703//4703
f 4748//4748 4750//4750 4698//4698
f 4794//4794 4706//4706 4749//4749
f 4707//4707 4751//4751 4703//4703
f 4751//4751 4748//4748 4703//4703
f 4751//4751 4750//4750 4748//4748
f 4704//4704 4751//4751 4707//4707
f 4706//4706 4794//4794 4705//4705
f 4794//4794 4754//4754 4705//4705
f 4749//4749 4791//4791 4794//4794
f 4750//4750 4753//4753 4752//4752
f 4755//4755 4750//4750 4751//4751
f 4753//4753 4750//4750 4755//4755
f 4755//4755 4751//4751 4704//4704
f 4705//4705 4754//4754 4710//4710
f 4754//4754 4794//4794 4793//4793
f 4704//4704 4764//4764 4755//4755
f 4764//4764 4761//4761 4755//4755
f 4709//4709 4759//4759 4704//4704
f 4704//4704 4759//4759 4764//4764
f 4710//4710 4760//4760 4709//4709
f 4710//4710 4756//4756 4760//4760
f 4757//4757 4710//4710 4754//4754
f 4756//4756 4710//4710 4757//4757
f 4758//4758 4753//4753 4755//4755
f 4755//4755 4761//4761 4758//4758
f 4759//4759 4709//4709 4760//4760
f 4756//4756 4757//4757 4760//4760
f 4764//4764 4762//4762 4761//4761
f 4759//4759 4760//4760 4764//4764
f 4763//4763 4760//4760 4757//4757
f 4765//4765 4764//4764 4760//4760
f 4767//4767 4775//4775 4766//4766
f 4775//4775 4767//4767 4770//4770
f 4770//4770 4767//4767 4768//4768
f 4714//4714 4768//4768 4715//4715
f 4768//4768 4771//4771 4715//4715
f 4768//4768 4769//4769 4771//4771
f 4771//4771 4769//4769 4772//4772
f 4773//4773 4772//4772 4769//4769
f 4716//4716 4775//4775 4714//4714
f 4714//4714 4775//4775 4770//4770
f 4714//4714 4770//4770 4768//4768
f 4717//4717 4771//4771 4772//4772
f 4718//4718 4776//4776 4774//4774
f 4718//4718 4774//4774 4775//4775
f 4718//4718 4775//4775 4716//4716
f 4717//4717 4772//4772 4720//4720
f 4718//4718 4721//4721 4776//4776
f 4720//4720 4772//4772 4723//4723
f 4772//4772 4778//4778 4723//4723
f 4772//4772 4777//4777 4778//4778
f 4779//4779 4721//4721 4724//4724
f 4778//4778 4725//4725 4723//4723
f 4729//4729 4780//4780 4724//4724
f 4724//4724 4780//4780 4779//4779
f 4778//4778 4728//4728 4725//4725
f 4781//4781 4730//4730 4778//4778
f 4778//4778 4730//4730 4728//4728
f 4735//4735 4782//4782 4729//4729
f 4729//4729 4782//4782 4780//4780
f 4732//4732 4782//4782 4735//4735
f 4817//4817 4734//4734 4781//4781
f 4781//4781 4734//4734 4730//4730
f 4732//4732 4783//4783 4782//4782
f 4817//4817 4819//4819 4734//4734
f 4737//4737 4784//4784 4732//4732
f 4732//4732 4784//4784 4783//4783
f 4738//4738 4736//4736 4734//4734
f 4734//4734 4819//4819 4738//4738
f 4739//4739 4785//4785 4737//4737
f 4823//4823 4853//4853 4738//4738
f 4744//4744 4785//4785 4739//4739
f 4825//4825 4743//4743 4738//4738
f 4738//4738 4853//4853 4825//4825
f 4745//4745 4785//4785 4744//4744
f 4786//4786 4743//4743 4825//4825
f 4745//4745 4787//4787 4785//4785
f 4786//4786 4828//4828 4743//4743
f 4828//4828 4788//4788 4747//4747
f 4750//4750 4790//4790 4787//4787
f 4790//4790 4789//4789 4787//4787
f 4752//4752 4789//4789 4750//4750
f 4750//4750 4789//4789 4790//4790
f 4788//4788 4791//4791 4749//4749
f 4788//4788 4792//4792 4791//4791
f 4753//4753 4789//4789 4752//4752
f 4794//4794 4791//4791 4792//4792
f 4789//4789 4753//4753 4795//4795
f 4793//4793 4757//4757 4754//4754
f 4793//4793 4794//4794 4796//4796
f 4797//4797 4795//4795 4753//4753
f 4797//4797 4753//4753 4758//4758
f 4757//4757 4793//4793 4833//4833
f 4758//4758 4798//4798 4797//4797
f 4801//4801 4758//4758 4761//4761
f 4801//4801 4798//4798 4758//4758
f 4761//4761 4762//4762 4801//4801
f 4763//4763 4799//4799 4760//4760
f 4757//4757 4799//4799 4763//4763
f 4757//4757 4800//4800 4799//4799
f 4800//4800 4757//4757 4832//4832
f 4832//4832 4757//4757 4833//4833
f 4764//4764 4802//4802 4762//4762
f 4802//4802 4801//4801 4762//4762
f 4764//4764 4765//4765 4802//4802
f 4760//4760 4803//4803 4765//4765
f 4760//4760 4799//4799 4803//4803
f 4806//4806 4807//4807 4805//4805
f 4766//4766 4808//4808 4804//4804
f 4766//4766 4804//4804 4767//4767
f 4767//4767 4804//4804 4805//4805
f 4767//4767 4805//4805 4768//4768
f 4768//4768 4805//4805 4769//4769
f 4769//4769 4805//4805 4807//4807
f 4807//4807 4809//4809 4769//4769
f 4811//4811 4812//4812 4808//4808
f 4775//4775 4811//4811 4808//4808
f 4775//4775 4808//4808 4766//4766
f 4769//4769 4809//4809 4773//4773
f 4810//4810 4844//4844 4773//4773
f 4809//4809 4810//4810 4773//4773
f 4774//4774 4812//4812 4811//4811
f 4774//4774 4811//4811 4775//4775
f 4844//4844 4777//4777 4772//4772
f 4844//4844 4772//4772 4773//4773
f 4813//4813 4814//4814 4812//4812
f 4776//4776 4813//4813 4812//4812
f 4776//4776 4812//4812 4774//4774
f 4721//4721 4814//4814 4813//4813
f 4721//4721 4813//4813 4776//4776
f 4778//4778 4846//4846 4881//4881
f 4778//4778 4777//4777 4846//4846
f 4779//4779 4815//4815 4721//4721
f 4721//4721 4815//4815 4814//4814
f 4848//4848 4778//4778 4881//4881
f 4816//4816 4815//4815 4779//4779
f 4778//4778 4848//4848 4850//4850
f 4816//4816 4780//4780 4818//4818
f 4816//4816 4779//4779 4780//4780
f 4850//4850 4781//4781 4778//4778
f 4817//4817 4781//4781 4850//4850
f 4782//4782 4818//4818 4780//4780
f 4783//4783 4818//4818 4782//4782
f 4820//4820 4818//4818 4783//4783
f 4852//4852 4819//4819 4817//4817
f 4784//4784 4820//4820 4783//4783
f 4821//4821 4738//4738 4819//4819
f 4737//4737 4820//4820 4784//4784
f 4737//4737 4822//4822 4820//4820
f 4821//4821 4823//4823 4738//4738
f 4785//4785 4822//4822 4737//4737
f 4785//4785 4824//4824 4822//4822
f 4824//4824 4785//4785 4826//4826
f 4854//4854 4786//4786 4825//4825
f 4787//4787 4855//4855 4785//4785
f 4785//4785 4855//4855 4826//4826
f 4789//4789 4855//4855 4787//4787
f 4888//4888 4786//4786 4854//4854
f 4855//4855 4789//4789 4857//4857
f 4789//4789 4827//4827 4857//4857
f 4786//4786 4888//4888 4828//4828
f 4828//4828 4792//4792 4788//4788
f 4795//4795 4827//4827 4789//4789
f 4829//4829 4827//4827 4795//4795
f 4862//4862 4796//4796 4794//4794
f 4862//4862 4794//4794 4792//4792
f 4834//4834 4829//4829 4830//4830
f 4830//4830 4829//4829 4797//4797
f 4829//4829 4795//4795 4797//4797
f 4796//4796 4833//4833 4793//4793
f 4831//4831 4834//4834 4797//4797
f 4834//4834 4830//4830 4797//4797
f 4798//4798 4831//4831 4797//4797
f 4835//4835 4834//4834 4831//4831
f 4798//4798 4835//4835 4831//4831
f 4799//4799 4800//4800 4870//4870
f 4836//4836 4800//4800 4832//4832
f 4837//4837 4835//4835 4801//4801
f 4835//4835 4798//4798 4801//4801
f 4801//4801 4802//4802 4837//4837
f 4870//4870 4803//4803 4799//4799
f 4835//4835 4837//4837 4802//4802
f 4869//4869 4765//4765 4803//4803
f 4869//4869 4803//4803 4870//4870
f 4808//4808 4838//4838 4804//4804
f 4904//4904 4838//4838 4808//4808
f 4804//4804 4838//4838 4805//4805
f 4805//4805 4839//4839 4806//4806
f 4838//4838 4839//4839 4805//4805
f 4806//4806 4839//4839 4807//4807
f 4841//4841 4808//4808 4840//4840
f 4871//4871 4808//4808 4841//4841
f 4904//4904 4808//4808 4871//4871
f 4839//4839 4809//4809 4807//4807
f 4810//4810 4809//4809 4839//4839
f 4812//4812 4841//4841 4840//4840
f 4812//4812 4840//4840 4808//4808
f 4844//4844 4810//4810 4842//4842
f 4812//4812 4843//4843 4841//4841
f 4845//4845 4843//4843 4814//4814
f 4814//4814 4843//4843 4812//4812
f 4846//4846 4777//4777 4844//4844
f 4881//4881 4846//4846 4844//4844
f 4847//4847 4878//4878 4814//4814
f 4845//4845 4814//4814 4878//4878
f 4815//4815 4847//4847 4814//4814
f 4880//4880 4850//4850 4848//4848
f 4849//4849 4815//4815 4816//4816
f 4818//4818 4849//4849 4816//4816
f 4818//4818 4851//4851 4849//4849
f 4852//4852 4817//4817 4850//4850
f 4820//4820 4851//4851 4818//4818
f 4821//4821 4819//4819 4852//4852
f 4822//4822 4885//4885 4820//4820
f 4886//4886 4823//4823 4821//4821
f 4886//4886 4853//4853 4823//4823
f 4886//4886 4825//4825 4853//4853
f 4886//4886 4854//4854 4825//4825
f 4856//4856 4858//4858 4854//4854
f 4858//4858 4888//4888 4854//4854
f 4827//4827 4922//4922 4857//4857
f 4888//4888 4859//4859 4828//4828
f 4829//4829 4922//4922 4827//4827
f 4829//4829 4860//4860 4922//4922
f 4792//4792 4828//4828 4859//4859
f 4792//4792 4859//4859 4888//4888
f 4861//4861 4860//4860 4829//4829
f 4865//4865 4829//4829 4863//4863
f 4861//4861 4829//4829 4865//4865
f 4834//4834 4863//4863 4829//4829
f 4864//4864 4796//4796 4862//4862
f 4864//4864 4862//4862 4792//4792
f 4865//4865 4863//4863 4834//4834
f 4833//4833 4836//4836 4832//4832
f 4833//4833 4796//4796 4864//4864
f 4833//4833 4864//4864 4836//4836
f 4899//4899 4865//4865 4866//4866
f 4866//4866 4865//4865 4834//4834
f 4835//4835 4866//4866 4834//4834
f 4836//4836 4867//4867 4800//4800
f 4899//4899 4866//4866 4835//4835
f 4870//4870 4800//4800 4868//4868
f 4800//4800 4867//4867 4868//4868
f 4901//4901 4899//4899 4835//4835
f 4902//4902 4835//4835 4802//4802
f 4902//4902 4901//4901 4835//4835
f 4902//4902 4802//4802 4765//4765
f 4903//4903 4765//4765 4869//4869
f 4903//4903 4902//4902 4765//4765
f 4839//4839 4838//4838 4872//4872
f 4871//4871 4841//4841 4873//4873
f 4838//4838 4874//4874 4872//4872
f 4872//4872 4874//4874 4839//4839
f 4874//4874 4907//4907 4839//4839
f 4810//4810 4839//4839 4907//4907
f 4875//4875 4908//4908 4841//4841
f 4907//4907 4842//4842 4810//4810
f 4843//4843 4877//4877 4841//4841
f 4877//4877 4875//4875 4841//4841
f 4842//4842 4876//4876 4844//4844
f 4844//4844 4876//4876 4909//4909
f 4845//4845 4877//4877 4843//4843
f 4844//4844 4909//4909 4881//4881
f 4845//4845 4878//4878 4877//4877
f 4815//4815 4878//4878 4847//4847
f 4815//4815 4879//4879 4878//4878
f 4848//4848 4881//4881 4880//4880
f 4914//4914 4815//4815 4849//4849
f 4914//4914 4879//4879 4815//4815
f 4881//4881 4882//4882 4880//4880
f 4850//4850 4880//4880 4882//4882
f 4883//4883 4850//4850 4882//4882
f 4851//4851 4916//4916 4849//4849
f 4852//4852 4850//4850 4884//4884
f 4850//4850 4915//4915 4884//4884
f 4850//4850 4883//4883 4915//4915
f 4821//4821 4884//4884 4915//4915
f 4852//4852 4884//4884 4821//4821
f 4820//4820 4885//4885 4851//4851
f 4826//4826 4822//4822 4824//4824
f 4856//4856 4854//4854 4886//4886
f 4958//4958 4888//4888 4858//4858
f 4857//4857 4922//4922 4887//4887
f 4888//4888 4890//4890 4889//4889
f 4889//4889 4890//4890 4792//4792
f 4889//4889 4792//4792 4888//4888
f 4860//4860 4861//4861 4891//4891
f 4861//4861 4865//4865 4891//4891
f 4892//4892 4893//4893 4864//4864
f 4892//4892 4864//4864 4792//4792
f 4895//4895 4894//4894 4865//4865
f 4836//4836 4864//4864 4893//4893
f 4836//4836 4893//4893 4896//4896
f 4899//4899 4897//4897 4865//4865
f 4897//4897 4895//4895 4865//4865
f 4867//4867 4836//4836 4896//4896
f 4867//4867 4896//4896 4898//4898
f 4868//4868 4867//4867 4898//4898
f 4932//4932 4899//4899 4901//4901
f 4903//4903 4870//4870 4900//4900
f 4869//4869 4870//4870 4903//4903
f 4900//4900 4870//4870 4868//4868
f 4904//4904 4871//4871 4936//4936
f 4905//4905 4838//4838 4904//4904
f 4906//4906 4838//4838 4905//4905
f 4873//4873 4936//4936 4871//4871
f 4838//4838 4906//4906 4874//4874
f 4907//4907 4874//4874 4906//4906
f 4908//4908 4976//4976 4841//4841
f 4841//4841 4976//4976 4873//4873
f 4906//4906 4937//4937 4907//4907
f 4937//4937 4876//4876 4842//4842
f 4907//4907 4937//4937 4842//4842
f 4908//4908 4875//4875 4976//4976
f 4937//4937 4909//4909 4876//4876
f 4910//4910 4941//4941 4877//4877
f 4877//4877 4941//4941 4875//4875
f 4878//4878 4879//4879 4877//4877
f 4879//4879 4910//4910 4877//4877
f 4909//4909 4913//4913 4912//4912
f 4909//4909 4911//4911 4913//4913
f 4912//4912 4881//4881 4909//4909
f 4881//4881 4912//4912 4913//4913
f 4982//4982 4881//4881 4913//4913
f 4881//4881 4982//4982 4882//4882
f 4849//4849 4916//4916 4914//4914
f 4883//4883 4882//4882 4915//4915
f 4917//4917 4821//4821 4915//4915
f 4851//4851 4885//4885 4916//4916
f 4916//4916 4885//4885 4947//4947
f 4822//4822 4950//4950 4885//4885
f 4918//4918 4886//4886 4821//4821
f 4918//4918 4821//4821 4917//4917
f 4826//4826 4951//4951 4822//4822
f 4826//4826 4919//4919 4951//4951
f 4952//4952 4886//4886 4918//4918
f 4826//4826 4855//4855 4919//4919
f 4954//4954 4856//4856 4886//4886
f 4954//4954 4886//4886 4952//4952
f 4857//4857 4921//4921 4919//4919
f 4857//4857 4919//4919 4855//4855
f 4954//4954 4920//4920 4858//4858
f 4954//4954 4858//4858 4856//4856
f 4920//4920 4958//4958 4858//4858
f 4887//4887 4921//4921 4857//4857
f 4887//4887 4922//4922 4921//4921
f 4888//4888 4958//4958 4890//4890
f 4860//4860 4924//4924 4922//4922
f 4890//4890 4925//4925 4792//4792
f 4891//4891 4924//4924 4860//4860
f 4925//4925 4893//4893 4892//4892
f 4925//4925 4892//4892 4792//4792
f 4928//4928 4926//4926 4865//4865
f 4865//4865 4926//4926 4891//4891
f 4894//4894 4928//4928 4865//4865
f 4895//4895 4928//4928 4894//4894
f 4967//4967 4896//4896 4927//4927
f 4927//4927 4896//4896 4893//4893
f 4897//4897 4928//4928 4895//4895
f 4929//4929 4928//4928 4897//4897
f 4967//4967 4930//4930 4896//4896
f 4930//4930 4898//4898 4896//4896
f 4899//4899 4929//4929 4897//4897
f 4932//4932 4929//4929 4899//4899
f 4931//4931 4900//4900 4930//4930
f 4930//4930 4900//4900 4868//4868
f 4930//4930 4868//4868 4898//4898
f 4932//4932 4901//4901 4933//4933
f 4933//4933 4901//4901 4902//4902
f 4934//4934 4902//4902 4903//4903
f 4934//4934 4903//4903 4931//4931
f 4931//4931 4903//4903 4900//4900
f 4936//4936 4905//4905 4904//4904
f 4935//4935 4906//4906 4905//4905
f 4939//4939 4873//4873 4976//4976
f 4873//4873 4972//4972 4936//4936
f 4873//4873 4939//4939 4972//4972
f 4974//4974 4935//4935 4905//4905
f 4974//4974 4937//4937 4906//4906
f 4935//4935 4974//4974 4906//4906
f 4939//4939 4976//4976 4938//4938
f 4940//4940 4937//4937 4974//4974
f 4941//4941 4976//4976 4875//4875
f 4911//4911 4937//4937 4940//4940
f 4937//4937 4911//4911 4909//4909
f 4879//4879 4941//4941 4910//4910
f 4940//4940 4942//4942 4911//4911
f 4941//4941 4879//4879 4943//4943
f 4911//4911 4982//4982 4913//4913
f 4945//4945 4879//4879 4914//4914
f 4943//4943 4879//4879 4984//4984
f 4984//4984 4879//4879 4945//4945
f 4946//4946 4882//4882 4982//4982
f 4914//4914 4944//4944 4945//4945
f 4946//4946 4948//4948 4882//4882
f 4948//4948 4915//4915 4882//4882
f 4916//4916 4944//4944 4914//4914
f 4944//4944 4916//4916 4989//4989
f 4989//4989 4916//4916 4947//4947
f 4948//4948 4917//4917 4915//4915
f 4885//4885 4949//4949 4947//4947
f 4947//4947 4949//4949 4989//4989
f 4988//4988 4917//4917 4948//4948
f 4950//4950 4949//4949 4885//4885
f 4918//4918 4917//4917 4988//4988
f 4822//4822 4951//4951 4950//4950
f 4952//4952 4918//4918 4993//4993
f 4953//4953 4951//4951 4919//4919
f 4955//4955 4998//4998 4919//4919
f 4998//4998 4953//4953 4919//4919
f 4921//4921 4956//4956 4955//4955
f 4921//4921 4955//4955 4919//4919
f 4957//4957 4920//4920 4954//4954
f 4957//4957 4954//4954 4997//4997
f 4958//4958 4920//4920 4957//4957
f 4922//4922 4923//4923 4921//4921
f 4956//4956 4921//4921 4959//4959
f 4921//4921 4961//4961 4959//4959
f 4921//4921 4923//4923 4961//4961
f 4958//4958 4957//4957 4890//4890
f 4960//4960 4925//4925 4890//4890
f 4960//4960 4890//4890 4957//4957
f 4924//4924 4923//4923 4922//4922
f 4923//4923 4962//4962 4961//4961
f 4923//4923 4924//4924 4962//4962
f 5006//5006 4925//4925 4960//4960
f 4924//4924 4891//4891 4926//4926
f 4962//4962 4924//4924 4926//4926
f 4963//4963 4966//4966 5006//5006
f 4966//4966 4893//4893 4925//4925
f 4966//4966 4925//4925 5006//5006
f 4965//4965 4964//4964 4928//4928
f 4928//4928 4964//4964 4926//4926
f 4964//4964 4962//4962 4926//4926
f 4966//4966 4967//4967 4927//4927
f 4966//4966 4927//4927 4893//4893
f 4965//4965 4928//4928 4929//4929
f 4969//4969 4965//4965 4929//4929
f 4965//4965 4969//4969 4968//4968
f 4933//4933 4969//4969 4929//4929
f 4969//4969 4971//4971 5011//5011
f 4969//4969 4933//4933 4971//4971
f 4971//4971 4931//4931 4970//4970
f 4970//4970 4931//4931 4930//4930
f 4970//4970 4930//4930 4966//4966
f 4966//4966 4930//4930 4967//4967
f 4932//4932 4933//4933 4929//4929
f 4933//4933 4902//4902 4971//4971
f 4971//4971 4902//4902 4934//4934
f 4971//4971 4934//4934 4931//4931
f 4972//4972 4973//4973 4936//4936
f 4905//4905 4936//4936 4973//4973
f 4972//4972 4939//4939 4938//4938
f 4905//4905 4973//4973 4974//4974
f 4941//4941 4975//4975 4976//4976
f 4973//4973 4940//4940 4974//4974
f 4977//4977 4975//4975 4941//4941
f 4976//4976 4978//4978 4938//4938
f 4976//4976 4975//4975 4978//4978
f 4972//4972 4978//4978 5016//5016
f 4972//4972 4938//4938 4978//4978
f 4980//4980 4973//4973 5015//5015
f 4973//4973 4981//4981 4940//4940
f 4973//4973 4980//4980 4981//4981
f 4979//4979 4942//4942 4940//4940
f 4981//4981 4979//4979 4940//4940
f 4979//4979 4911//4911 4942//4942
f 4943//4943 4984//4984 4941//4941
f 4984//4984 4977//4977 4941//4941
f 4978//4978 4975//4975 4977//4977
f 4979//4979 4982//4982 4911//4911
f 4977//4977 4984//4984 5019//5019
f 4981//4981 4982//4982 4979//4979
f 4944//4944 4984//4984 4945//4945
f 4983//4983 4984//4984 4944//4944
f 4986//4986 4981//4981 4985//4985
f 4981//4981 4986//4986 4982//4982
f 4986//4986 4946//4946 4982//4982
f 5021//5021 4983//4983 4944//4944
f 4986//4986 4948//4948 4946//4946
f 5021//5021 4944//4944 4987//4987
f 4944//4944 4989//4989 4987//4987
f 4986//4986 4985//4985 4988//4988
f 4988//4988 4948//4948 4986//4986
f 4950//4950 4989//4989 4949//4949
f 4985//4985 4990//4990 4988//4988
f 4950//4950 4991//4991 4989//4989
f 4990//4990 4993//4993 4988//4988
f 4993//4993 4918//4918 4988//4988
f 4951//4951 4994//4994 4950//4950
f 4950//4950 4994//4994 4991//4991
f 4990//4990 4992//4992 4993//4993
f 4992//4992 4997//4997 4993//4993
f 4997//4997 4954//4954 4952//4952
f 4997//4997 4952//4952 4993//4993
f 4953//4953 4998//4998 4951//4951
f 4951//4951 4995//4995 4994//4994
f 4951//4951 4998//4998 4995//4995
f 4992//4992 4996//4996 4997//4997
f 4996//4996 4999//4999 4997//4997
f 4999//4999 4957//4957 4997//4997
f 4956//4956 4998//4998 4955//4955
f 4998//4998 4956//4956 5000//5000
f 4996//4996 4957//4957 4999//4999
f 4956//4956 5004//5004 5000//5000
f 5002//5002 5003//5003 5001//5001
f 4996//4996 5003//5003 4957//4957
f 5001//5001 5003//5003 4996//4996
f 4956//4956 4959//4959 4961//4961
f 5004//5004 4956//4956 4961//4961
f 5002//5002 4960//4960 4957//4957
f 5002//5002 4957//4957 5003//5003
f 5005//5005 5006//5006 5002//5002
f 5005//5005 4963//4963 5006//5006
f 5006//5006 4960//4960 5002//5002
f 5004//5004 4961//4961 4962//4962
f 5047//5047 5008//5008 5007//5007
f 5047//5047 5004//5004 5008//5008
f 5004//5004 5011//5011 5008//5008
f 5004//5004 4962//4962 5011//5011
f 5005//5005 5009//5009 4963//4963
f 4962//4962 4964//4964 4965//4965
f 4968//4968 4962//4962 4965//4965
f 5011//5011 4962//4962 4968//4968
f 5008//5008 5011//5011 5012//5012
f 5009//5009 5012//5012 5010//5010
f 5009//5009 5010//5010 4966//4966
f 5009//5009 4966//4966 4963//4963
f 4968//4968 4969//4969 5011//5011
f 5012//5012 4970//4970 5010//5010
f 5010//5010 4970//4970 4966//4966
f 5011//5011 4971//4971 5012//5012
f 5012//5012 4971//4971 4970//4970
f 5013//5013 4973//4973 4972//4972
f 5013//5013 4972//4972 5016//5016
f 5013//5013 5015//5015 4973//4973
f 4977//4977 5016//5016 4978//4978
f 5016//5016 5014//5014 5013//5013
f 5019//5019 5016//5016 4977//4977
f 5016//5016 5017//5017 5014//5014
f 5013//5013 5018//5018 5015//5015
f 5015//5015 5018//5018 4980//4980
f 5018//5018 4981//4981 4980//4980
f 4983//4983 5019//5019 4984//4984
f 5016//5016 5019//5019 5017//5017
f 5013//5013 5014//5014 5018//5018
f 5020//5020 4985//4985 4981//4981
f 5020//5020 4981//4981 5018//5018
f 5019//5019 5026//5026 5017//5017
f 5021//5021 5022//5022 4983//4983
f 4983//4983 5022//5022 5019//5019
f 5019//5019 5022//5022 5026//5026
f 5017//5017 5026//5026 5023//5023
f 5017//5017 5023//5023 5014//5014
f 5014//5014 5024//5024 5018//5018
f 5018//5018 5024//5024 5020//5020
f 5024//5024 4990//4990 4985//4985
f 5024//5024 4985//4985 5020//5020
f 5023//5023 5029//5029 5014//5014
f 5014//5014 4990//4990 5024//5024
f 5014//5014 5029//5029 4990//4990
f 4991//4991 4987//4987 4989//4989
f 4987//4987 5027//5027 5021//5021
f 5022//5022 5030//5030 5026//5026
f 5022//5022 5021//5021 5030//5030
f 5025//5025 5026//5026 5030//5030
f 5028//5028 5023//5023 5026//5026
f 5023//5023 5028//5028 5029//5029
f 4991//4991 5032//5032 4987//4987
f 5030//5030 5021//5021 5027//5027
f 5029//5029 5031//5031 4990//4990
f 5031//5031 4992//4992 4990//4990
f 4994//4994 5039//5039 4991//4991
f 4991//4991 5039//5039 5032//5032
f 4987//4987 5032//5032 5027//5027
f 5028//5028 5035//5035 5029//5029
f 5029//5029 4996//4996 4992//4992
f 5029//5029 4992//4992 5031//5031
f 4995//4995 5039//5039 4994//4994
f 5036//5036 5028//5028 5034//5034
f 5036//5036 5037//5037 5028//5028
f 5035//5035 5038//5038 5029//5029
f 5038//5038 4996//4996 5029//5029
f 5032//5032 5040//5040 5027//5027
f 5027//5027 5040//5040 5041//5041
f 5027//5027 5041//5041 5042//5042
f 5028//5028 5046//5046 5035//5035
f 5028//5028 5037//5037 5046//5046
f 5035//5035 5001//5001 4996//4996
f 5035//5035 4996//4996 5038//5038
f 5000//5000 4995//4995 4998//4998
f 5039//5039 4995//4995 5000//5000
f 5039//5039 5043//5043 5032//5032
f 5032//5032 5044//5044 5040//5040
f 5032//5032 5043//5043 5044//5044
f 5042//5042 5045//5045 5036//5036
f 5037//5037 5036//5036 5046//5046
f 5046//5046 5001//5001 5035//5035
f 5004//5004 5039//5039 5000//5000
f 5036//5036 5045//5045 5046//5046
f 5046//5046 5002//5002 5001//5001
f 5047//5047 5039//5039 5004//5004
f 5039//5039 5047//5047 5043//5043
f 5040//5040 5048//5048 5041//5041
f 5040//5040 5044//5044 5048//5048
f 5041//5041 5048//5048 5042//5042
f 5042//5042 5048//5048 5045//5045
f 5045//5045 5002//5002 5046//5046
f 5043//5043 5047//5047 5007//5007
f 5044//5044 5049//5049 5048//5048
f 5045//5045 5005//5005 5002//5002
f 5050//5050 5007//5007 5008//5008
f 5043//5043 5007//5007 5050//5050
f 5043//5043 5051//5051 5044//5044
f 5043//5043 5050//5050 5051//5051
f 5045//5045 5049//5049 5009//5009
f 5048//5048 5049//5049 5045//5045
f 5045//5045 5009//5009 5005//5005
f 5050//5050 5008//5008 5051//5051
f 5051//5051 5008//5008 5012//5012
f 5051//5051 5012//5012 5044//5044
f 5044//5044 5012//5012 5009//5009
f 5044//5044 5009//5009 5049//5049
f 5058//5058 5052//5052 5053//5053
f 5057//5057 5052//5052 5058//5058
f 5058//5058 5053//5053 5055//5055
f 5056//5056 5052//5052 5057//5057
f 5054//5054 5052//5052 5056//5056
f 5059//5059 5056//5056 5057//5057
f 5057//5057 5058//5058 5059//5059
f 5060//5060 5028//5028 5026//5026
f 5025//5025 5060//5060 5026//5026
f 5027//5027 5033//5033 5030//5030
f 5033//5033 5025//5025 5030//5030
f 5025//5025 5061//5061 5060//5060
f 5061//5061 5028//5028 5060//5060
f 5025//5025 5033//5033 5062//5062
f 5025//5025 5063//5063 5061//5061
f 5025//5025 5062//5062 5063//5063
f 5063//5063 5034//5034 5028//5028
f 5063//5063 5028//5028 5061//5061
f 5027//5027 5062//5062 5033//5033
f 5063//5063 5062//5062 5036//5036
f 5063//5063 5036//5036 5034//5034
f 5042//5042 5062//5062 5027//5027
f 5062//5062 5042//5042 5036//5036
f 5053//5053 5066//5066 5064//5064
f 5053//5053 5064//5064 5067//5067
f 5066//5066 5070//5070 5065//5065
f 5070//5070 5066//5066 5052//5052
f 5052//5052 5066//5066 5053//5053
f 5067//5067 5069//5069 5053//5053
f 5085//5085 5067//5067 5068//5068
f 5069//5069 5067//5067 5085//5085
f 5052//5052 5054//5054 5070//5070
f 5053//5053 5069//5069 5055//5055
f 5071//5071 5070//5070 5054//5054
f 5056//5056 5071//5071 5054//5054
f 5070//5070 5072//5072 5073//5073
f 5072//5072 5070//5070 5071//5071
f 5056//5056 5072//5072 5071//5071
f 5055//5055 5059//5059 5058//5058
f 5055//5055 5069//5069 5087//5087
f 5087//5087 5069//5069 5086//5086
f 5074//5074 5072//5072 5056//5056
f 5059//5059 5074//5074 5056//5056
f 5059//5059 5075//5075 5074//5074
f 5059//5059 5055//5055 5093//5093
f 5077//5077 5066//5066 5076//5076
f 5066//5066 5077//5077 5064//5064
f 5065//5065 5081//5081 5076//5076
f 5065//5065 5076//5076 5066//5066
f 5064//5064 5077//5077 5067//5067
f 5067//5067 5077//5077 5078//5078
f 5067//5067 5078//5078 5079//5079
f 5082//5082 5083//5083 5067//5067
f 5079//5079 5082//5082 5067//5067
f 5080//5080 5081//5081 5084//5084
f 5084//5084 5081//5081 5070//5070
f 5070//5070 5081//5081 5065//5065
f 5083//5083 5068//5068 5067//5067
f 5083//5083 5085//5085 5068//5068
f 5070//5070 5126//5126 5084//5084
f 5086//5086 5069//5069 5085//5085
f 5070//5070 5089//5089 5126//5126
f 5073//5073 5089//5089 5070//5070
f 5086//5086 5088//5088 5087//5087
f 5072//5072 5089//5089 5073//5073
f 5090//5090 5093//5093 5055//5055
f 5087//5087 5090//5090 5055//5055
f 5092//5092 5089//5089 5074//5074
f 5089//5089 5072//5072 5074//5074
f 5074//5074 5094//5094 5092//5092
f 5074//5074 5075//5075 5094//5094
f 5059//5059 5093//5093 5075//5075
f 5090//5090 5087//5087 5091//5091
f 5107//5107 5075//5075 5093//5093
f 5107//5107 5093//5093 5136//5136
f 5119//5119 5077//5077 5095//5095
f 5078//5078 5077//5077 5119//5119
f 5081//5081 5095//5095 5076//5076
f 5076//5076 5095//5095 5077//5077
f 5096//5096 5078//5078 5110//5110
f 5096//5096 5079//5079 5078//5078
f 5081//5081 5097//5097 5095//5095
f 5081//5081 5080//5080 5097//5097
f 5096//5096 5082//5082 5079//5079
f 5096//5096 5098//5098 5083//5083
f 5096//5096 5083//5083 5082//5082
f 5099//5099 5098//5098 5096//5096
f 5097//5097 5080//5080 5084//5084
f 5098//5098 5085//5085 5083//5083
f 5098//5098 5099//5099 5085//5085
f 5131//5131 5086//5086 5099//5099
f 5099//5099 5086//5086 5085//5085
f 5089//5089 5100//5100 5126//5126
f 5101//5101 5088//5088 5086//5086
f 5101//5101 5086//5086 5131//5131
f 5103//5103 5102//5102 5089//5089
f 5102//5102 5100//5100 5089//5089
f 5092//5092 5103//5103 5089//5089
f 5104//5104 5091//5091 5087//5087
f 5101//5101 5104//5104 5087//5087
f 5088//5088 5101//5101 5087//5087
f 5105//5105 5093//5093 5090//5090
f 5104//5104 5090//5090 5091//5091
f 5106//5106 5103//5103 5092//5092
f 5137//5137 5092//5092 5094//5094
f 5137//5137 5106//5106 5092//5092
f 5137//5137 5094//5094 5075//5075
f 5136//5136 5093//5093 5105//5105
f 5136//5136 5105//5105 5090//5090
f 5136//5136 5090//5090 5116//5116
f 5151//5151 5137//5137 5075//5075
f 5151//5151 5075//5075 5107//5107
f 5108//5108 5139//5139 5095//5095
f 5139//5139 5119//5119 5095//5095
f 5078//5078 5109//5109 5110//5110
f 5119//5119 5109//5109 5078//5078
f 5111//5111 5121//5121 5108//5108
f 5095//5095 5111//5111 5108//5108
f 5110//5110 5112//5112 5096//5096
f 5097//5097 5121//5121 5111//5111
f 5097//5097 5111//5111 5095//5095
f 5113//5113 5099//5099 5096//5096
f 5112//5112 5113//5113 5096//5096
f 5126//5126 5097//5097 5084//5084
f 5129//5129 5099//5099 5113//5113
f 5129//5129 5131//5131 5099//5099
f 5100//5100 5114//5114 5126//5126
f 5114//5114 5100//5100 5115//5115
f 5100//5100 5102//5102 5117//5117
f 5117//5117 5102//5102 5103//5103
f 5106//5106 5117//5117 5103//5103
f 5104//5104 5116//5116 5090//5090
f 5151//5151 5150//5150 5137//5137
f 5151//5151 5107//5107 5138//5138
f 5138//5138 5107//5107 5136//5136
f 5121//5121 5142//5142 5108//5108
f 5108//5108 5122//5122 5139//5139
f 5142//5142 5122//5122 5108//5108
f 5119//5119 5139//5139 5118//5118
f 5120//5120 5123//5123 5119//5119
f 5123//5123 5109//5109 5119//5119
f 5109//5109 5123//5123 5110//5110
f 5125//5125 5110//5110 5123//5123
f 5125//5125 5112//5112 5110//5110
f 5121//5121 5097//5097 5124//5124
f 5124//5124 5097//5097 5126//5126
f 5112//5112 5125//5125 5113//5113
f 5128//5128 5126//5126 5127//5127
f 5125//5125 5129//5129 5113//5113
f 5128//5128 5127//5127 5114//5114
f 5130//5130 5128//5128 5114//5114
f 5114//5114 5127//5127 5126//5126
f 5115//5115 5130//5130 5114//5114
f 5133//5133 5115//5115 5100//5100
f 5132//5132 5101//5101 5131//5131
f 5100//5100 5146//5146 5133//5133
f 5100//5100 5117//5117 5146//5146
f 5101//5101 5135//5135 5104//5104
f 5132//5132 5135//5135 5101//5101
f 5160//5160 5146//5146 5117//5117
f 5134//5134 5116//5116 5104//5104
f 5135//5135 5134//5134 5104//5104
f 5147//5147 5117//5117 5106//5106
f 5147//5147 5160//5160 5117//5117
f 5136//5136 5116//5116 5134//5134
f 5137//5137 5147//5147 5106//5106
f 5178//5178 5137//5137 5150//5150
f 5140//5140 5118//5118 5139//5139
f 5118//5118 5140//5140 5119//5119
f 5119//5119 5141//5141 5120//5120
f 5140//5140 5141//5141 5119//5119
f 5139//5139 5122//5122 5142//5142
f 5141//5141 5123//5123 5120//5120
f 5140//5140 5123//5123 5141//5141
f 5121//5121 5124//5124 5142//5142
f 5142//5142 5124//5124 5153//5153
f 5143//5143 5129//5129 5123//5123
f 5123//5123 5129//5129 5125//5125
f 5144//5144 5124//5124 5126//5126
f 5126//5126 5128//5128 5144//5144
f 5131//5131 5129//5129 5158//5158
f 5132//5132 5131//5131 5158//5158
f 5132//5132 5158//5158 5145//5145
f 5145//5145 5135//5135 5132//5132
f 5162//5162 5148//5148 5136//5136
f 5136//5136 5148//5148 5138//5138
f 5149//5149 5162//5162 5136//5136
f 5136//5136 5134//5134 5135//5135
f 5136//5136 5135//5135 5149//5149
f 5137//5137 5193//5193 5147//5147
f 5194//5194 5193//5193 5137//5137
f 5176//5176 5194//5194 5137//5137
f 5177//5177 5137//5137 5178//5178
f 5177//5177 5176//5176 5137//5137
f 5138//5138 5148//5148 5151//5151
f 5139//5139 5152//5152 5140//5140
f 5165//5165 5152//5152 5139//5139
f 5139//5139 5142//5142 5165//5165
f 5140//5140 5154//5154 5123//5123
f 5154//5154 5143//5143 5123//5123
f 5183//5183 5153//5153 5124//5124
f 5143//5143 5155//5155 5129//5129
f 5129//5129 5155//5155 5156//5156
f 5144//5144 5183//5183 5124//5124
f 5156//5156 5157//5157 5129//5129
f 5129//5129 5157//5157 5158//5158
f 5130//5130 5144//5144 5128//5128
f 5133//5133 5159//5159 5115//5115
f 5159//5159 5133//5133 5146//5146
f 5159//5159 5146//5146 5160//5160
f 5171//5171 5135//5135 5145//5145
f 5135//5135 5171//5171 5161//5161
f 5173//5173 5160//5160 5147//5147
f 5149//5149 5135//5135 5161//5161
f 5149//5149 5161//5161 5162//5162
f 5163//5163 5173//5173 5147//5147
f 5163//5163 5147//5147 5193//5193
f 5174//5174 5150//5150 5151//5151
f 5174//5174 5178//5178 5150//5150
f 5151//5151 5148//5148 5162//5162
f 5151//5151 5162//5162 5174//5174
f 5140//5140 5152//5152 5166//5166
f 5166//5166 5154//5154 5140//5140
f 5142//5142 5164//5164 5165//5165
f 5142//5142 5153//5153 5164//5164
f 5155//5155 5143//5143 5154//5154
f 5167//5167 5153//5153 5183//5183
f 5144//5144 5168//5168 5183//5183
f 5157//5157 5156//5156 5199//5199
f 5169//5169 5158//5158 5157//5157
f 5130//5130 5168//5168 5144//5144
f 5201//5201 5158//5158 5169//5169
f 5170//5170 5158//5158 5201//5201
f 5159//5159 5186//5186 5115//5115
f 5145//5145 5158//5158 5170//5170
f 5159//5159 5160//5160 5186//5186
f 5186//5186 5160//5160 5188//5188
f 5170//5170 5171//5171 5145//5145
f 5172//5172 5188//5188 5160//5160
f 5160//5160 5173//5173 5172//5172
f 5175//5175 5174//5174 5162//5162
f 5162//5162 5161//5161 5175//5175
f 5193//5193 5190//5190 5173//5173
f 5163//5163 5193//5193 5173//5173
f 5164//5164 5152//5152 5165//5165
f 5167//5167 5179//5179 5153//5153
f 5179//5179 5164//5164 5153//5153
f 5164//5164 5180//5180 5152//5152
f 5180//5180 5166//5166 5152//5152
f 5154//5154 5166//5166 5181//5181
f 5181//5181 5155//5155 5154//5154
f 5167//5167 5183//5183 5179//5179
f 5179//5179 5183//5183 5182//5182
f 5166//5166 5184//5184 5181//5181
f 5181//5181 5184//5184 5155//5155
f 5184//5184 5156//5156 5155//5155
f 5200//5200 5183//5183 5168//5168
f 5197//5197 5199//5199 5156//5156
f 5130//5130 5185//5185 5168//5168
f 5168//5168 5185//5185 5200//5200
f 5169//5169 5157//5157 5201//5201
f 5115//5115 5185//5185 5130//5130
f 5170//5170 5187//5187 5171//5171
f 5188//5188 5172//5172 5190//5190
f 5189//5189 5175//5175 5187//5187
f 5175//5175 5161//5161 5187//5187
f 5187//5187 5161//5161 5171//5171
f 5190//5190 5172//5172 5173//5173
f 5174//5174 5175//5175 5189//5189
f 5192//5192 5190//5190 5193//5193
f 5191//5191 5176//5176 5177//5177
f 5191//5191 5194//5194 5176//5176
f 5178//5178 5174//5174 5191//5191
f 5177//5177 5178//5178 5191//5191
f 5179//5179 5212//5212 5164//5164
f 5212//5212 5180//5180 5164//5164
f 5166//5166 5180//5180 5195//5195
f 5183//5183 5196//5196 5182//5182
f 5182//5182 5196//5196 5179//5179
f 5196//5196 5214//5214 5179//5179
f 5195//5195 5184//5184 5166//5166
f 5156//5156 5195//5195 5197//5197
f 5184//5184 5195//5195 5156//5156
f 5200//5200 5198//5198 5183//5183
f 5198//5198 5217//5217 5183//5183
f 5183//5183 5217//5217 5196//5196
f 5195//5195 5199//5199 5197//5197
f 5157//5157 5199//5199 5219//5219
f 5219//5219 5201//5201 5157//5157
f 5200//5200 5185//5185 5221//5221
f 5186//5186 5185//5185 5115//5115
f 5186//5186 5221//5221 5185//5185
f 5170//5170 5203//5203 5202//5202
f 5187//5187 5170//5170 5202//5202
f 5186//5186 5188//5188 5204//5204
f 5202//5202 5203//5203 5187//5187
f 5203//5203 5205//5205 5187//5187
f 5205//5205 5174//5174 5189//5189
f 5189//5189 5187//5187 5205//5205
f 5206//5206 5222//5222 5190//5190
f 5207//5207 5190//5190 5192//5192
f 5207//5207 5206//5206 5190//5190
f 5191//5191 5209//5209 5208//5208
f 5209//5209 5191//5191 5174//5174
f 5207//5207 5192//5192 5193//5193
f 5193//5193 5210//5210 5207//5207
f 5191//5191 5193//5193 5194//5194
f 5191//5191 5210//5210 5193//5193
f 5214//5214 5211//5211 5179//5179
f 5212//5212 5179//5179 5211//5211
f 5213//5213 5195//5195 5180//5180
f 5212//5212 5211//5211 5180//5180
f 5213//5213 5226//5226 5195//5195
f 5226//5226 5215//5215 5195//5195
f 5195//5195 5215//5215 5216//5216
f 5196//5196 5217//5217 5214//5214
f 5215//5215 5231//5231 5199//5199
f 5216//5216 5215//5215 5199//5199
f 5195//5195 5216//5216 5199//5199
f 5218//5218 5198//5198 5200//5200
f 5218//5218 5217//5217 5198//5198
f 5199//5199 5231//5231 5219//5219
f 5200//5200 5232//5232 5218//5218
f 5219//5219 5231//5231 5220//5220
f 5220//5220 5201//5201 5219//5219
f 5221//5221 5232//5232 5200//5200
f 5220//5220 5170//5170 5201//5201
f 5186//5186 5204//5204 5221//5221
f 5220//5220 5205//5205 5203//5203
f 5220//5220 5203//5203 5170//5170
f 5222//5222 5221//5221 5188//5188
f 5188//5188 5221//5221 5204//5204
f 5190//5190 5222//5222 5188//5188
f 5174//5174 5205//5205 5223//5223
f 5224//5224 5206//5206 5207//5207
f 5224//5224 5207//5207 5210//5210
f 5208//5208 5209//5209 5225//5225
f 5223//5223 5209//5209 5174//5174
f 5224//5224 5210//5210 5191//5191
f 5224//5224 5191//5191 5208//5208
f 5245//5245 5211//5211 5214//5214
f 5213//5213 5211//5211 5245//5245
f 5180//5180 5211//5211 5213//5213
f 5217//5217 5228//5228 5214//5214
f 5226//5226 5227//5227 5215//5215
f 5218//5218 5230//5230 5217//5217
f 5228//5228 5217//5217 5230//5230
f 5227//5227 5229//5229 5231//5231
f 5215//5215 5227//5227 5231//5231
f 5232//5232 5230//5230 5218//5218
f 5234//5234 5220//5220 5231//5231
f 5233//5233 5232//5232 5221//5221
f 5235//5235 5205//5205 5220//5220
f 5235//5235 5220//5220 5234//5234
f 5222//5222 5236//5236 5221//5221
f 5236//5236 5233//5233 5221//5221
f 5237//5237 5238//5238 5234//5234
f 5235//5235 5238//5238 5223//5223
f 5234//5234 5238//5238 5235//5235
f 5235//5235 5223//5223 5205//5205
f 5240//5240 5239//5239 5206//5206
f 5206//5206 5239//5239 5222//5222
f 5239//5239 5236//5236 5222//5222
f 5241//5241 5209//5209 5237//5237
f 5237//5237 5209//5209 5223//5223
f 5237//5237 5223//5223 5238//5238
f 5240//5240 5206//5206 5224//5224
f 5240//5240 5224//5224 5208//5208
f 5240//5240 5208//5208 5225//5225
f 5240//5240 5225//5225 5241//5241
f 5241//5241 5225//5225 5209//5209
f 5245//5245 5242//5242 5213//5213
f 5228//5228 5243//5243 5214//5214
f 5245//5245 5214//5214 5243//5243
f 5242//5242 5226//5226 5213//5213
f 5246//5246 5226//5226 5242//5242
f 5230//5230 5243//5243 5228//5228
f 5245//5245 5243//5243 5244//5244
f 5246//5246 5248//5248 5226//5226
f 5226//5226 5229//5229 5227//5227
f 5248//5248 5229//5229 5226//5226
f 5247//5247 5248//5248 5246//5246
f 5248//5248 5231//5231 5229//5229
f 5249//5249 5243//5243 5230//5230
f 5247//5247 5234//5234 5231//5231
f 5247//5247 5231//5231 5248//5248
f 5233//5233 5236//5236 5232//5232
f 5232//5232 5239//5239 5230//5230
f 5232//5232 5236//5236 5239//5239
f 5230//5230 5252//5252 5249//5249
f 5230//5230 5239//5239 5252//5252
f 5247//5247 5251//5251 5234//5234
f 5251//5251 5250//5250 5237//5237
f 5251//5251 5237//5237 5234//5234
f 5239//5239 5240//5240 5252//5252
f 5253//5253 5252//5252 5240//5240
f 5253//5253 5240//5240 5254//5254
f 5254//5254 5240//5240 5241//5241
f 5254//5254 5241//5241 5250//5250
f 5250//5250 5241//5241 5237//5237
f 5244//5244 5256//5256 5245//5245
f 5255//5255 5242//5242 5245//5245
f 5255//5255 5245//5245 5256//5256
f 5242//5242 5247//5247 5246//5246
f 5243//5243 5256//5256 5244//5244
f 5242//5242 5251//5251 5247//5247
f 5249//5249 5256//5256 5243//5243
f 5255//5255 5257//5257 5242//5242
f 5255//5255 5256//5256 5257//5257
f 5257//5257 5250//5250 5251//5251
f 5257//5257 5251//5251 5242//5242
f 5253//5253 5249//5249 5252//5252
f 5256//5256 5249//5249 5253//5253
f 5257//5257 5256//5256 5250//5250
f 5253//5253 5254//5254 5256//5256
f 5256//5256 5254//5254 5250//5250
