mtllib long_man_crawl_arm_r.mtl
o skin
usemtl skin
v -0.0517 -0.0023 0.0004
v -0.0445 -0.0197 0.0172
v -0.0472 -0.0202 0.0011
v -0.0459 -0.0178 -0.0153
v -0.0482 -0.0059 -0.0152
v -0.0469 -0.0010 -0.0207
v -0.0490 0.0075 0.0149
v -0.0491 0.0115 -0.0117
v -0.0452 0.0221 -0.0076
v -0.0410 0.0297 0.0018
v -0.0402 -0.0328 -0.0041
v -0.0408 -0.0301 -0.0090
v -0.0381 -0.0219 -0.0270
v -0.0409 -0.0100 -0.0293
v -0.0399 0.0058 -0.0317
v -0.0384 0.0055 0.0328
v -0.0432 0.0158 -0.0233
v -0.0354 0.0182 0.0300
v -0.0388 0.0277 -0.0188
v -0.0327 -0.0380 0.0062
v -0.0300 -0.0327 -0.0275
v -0.0378 -0.0291 0.0173
v -0.0341 -0.0178 -0.0373
v -0.0328 -0.0086 -0.0413
v -0.0292 0.0031 -0.0462
v -0.0350 0.0226 -0.0298
v -0.0349 0.0292 0.0207
v -0.0330 0.0342 -0.0168
v -0.0277 -0.0422 0.0049
v -0.0288 -0.0344 0.0218
v -0.0251 -0.0345 -0.0346
v -0.0289 -0.0236 0.0335
v -0.0329 -0.0147 0.0356
v -0.0269 -0.0045 -0.0501
v -0.0338 -0.0099 0.0365
v -0.0267 0.0154 -0.0434
v -0.0183 -0.0445 0.0129
v -0.0130 -0.0432 0.0217
v -0.0215 -0.0265 -0.0491
v -0.0192 -0.0191 -0.0574
v -0.0123 -0.0070 -0.0691
v -0.0225 0.0173 -0.0465
v -0.0244 0.0200 0.0382
v -0.0220 0.0269 -0.0385
v -0.0233 0.0293 0.0315
v -0.0211 0.0401 -0.0218
v -0.0269 0.0385 -0.0197
v -0.0257 0.0423 0.0063
v -0.0194 0.0409 0.0189
v -0.0065 -0.0515 -0.0190
v -0.0254 -0.0442 -0.0068
v -0.0149 -0.0402 -0.0425
v -0.0079 -0.0418 0.0257
v -0.0258 -0.0313 0.0295
v -0.0129 -0.0249 0.0419
v -0.0169 -0.0332 -0.0502
v -0.0158 -0.0143 -0.0636
v -0.0125 0.0096 0.0484
v -0.0179 0.0157 0.0436
v -0.0104 0.0112 -0.0640
v -0.0111 0.0269 0.0396
v -0.0099 0.0336 -0.0404
v -0.0111 0.0419 -0.0255
v -0.0083 -0.0502 -0.0267
v -0.0078 -0.0404 -0.0565
v -0.0109 -0.0248 -0.0668
v -0.0092 -0.0116 -0.0734
v -0.0063 0.0087 -0.0694
v -0.0069 0.0222 -0.0567
v -0.0170 0.0259 -0.0443
v -0.0110 0.0473 -0.0106
v -0.0079 -0.0439 -0.0495
v 0.0036 -0.0433 0.0250
v -0.0038 -0.0303 -0.0756
v 0.0004 -0.0147 -0.0874
v -0.0029 -0.0168 0.0471
v -0.0045 -0.0021 -0.0777
v -0.0165 -0.0016 0.0490
v -0.0033 0.0213 -0.0612
v -0.0094 0.0358 0.0319
v -0.0009 0.0412 0.0263
v -0.0039 0.0468 0.0139
v -0.0006 -0.0531 -0.0356
v 0.0079 -0.0505 -0.0712
v 0.0014 -0.0417 -0.0726
v -0.0006 -0.0509 0.0034
v 0.0015 -0.0297 -0.0851
v -0.0001 -0.0024 -0.0839
v 0.0037 0.0208 -0.0685
v 0.0049 0.0238 0.0444
v 0.0016 0.0397 -0.0361
v -0.0034 0.0496 -0.0069
v 0.0212 -0.0612 -0.0422
v 0.0098 -0.0553 -0.0584
v 0.0086 -0.0563 -0.0367
v 0.0033 -0.0526 -0.0049
v 0.0046 -0.0389 0.0316
v 0.0135 -0.0348 0.0351
v 0.0086 -0.0304 -0.0986
v 0.0086 0.0040 -0.0899
v 0.0035 0.0066 0.0497
v 0.0120 0.0103 -0.0879
v 0.0187 0.0230 -0.0775
v 0.0098 0.0329 -0.0541
v 0.0129 0.0343 0.0348
v 0.0134 0.0464 0.0121
v 0.0127 -0.0566 -0.0261
v 0.0163 -0.0507 -0.0921
v 0.0132 -0.0472 -0.0910
v 0.0188 -0.0531 -0.0054
v 0.0109 -0.0462 0.0179
v 0.0140 -0.0368 -0.1038
v 0.0132 -0.0204 -0.1077
v 0.0087 -0.0131 0.0490
v 0.0178 0.0038 -0.1004
v 0.0300 0.0287 -0.0740
v 0.0220 0.0228 0.0404
v 0.0114 0.0455 -0.0205
v 0.0220 -0.0591 -0.0868
v 0.0231 -0.0625 -0.0582
v 0.0214 -0.0508 -0.1055
v 0.0220 -0.0444 0.0149
v 0.0233 -0.0290 -0.1231
v 0.0197 -0.0175 -0.1154
v 0.0250 -0.0107 0.0429
v 0.0206 0.0020 -0.1053
v 0.0205 0.0274 -0.0709
v 0.0202 0.0403 0.0221
v 0.0137 0.0427 -0.0339
v 0.0141 0.0478 -0.0048
v 0.0390 -0.0680 -0.0656
v 0.0264 -0.0622 -0.0469
v 0.0339 -0.0560 -0.0219
v 0.0317 -0.0518 -0.1256
v 0.0268 -0.0421 -0.1234
v 0.0299 -0.0437 0.0098
v 0.0287 -0.0305 -0.1293
v 0.0261 -0.0271 0.0349
v 0.0187 -0.0081 -0.1106
v 0.0274 0.0111 -0.1020
v 0.0200 0.0170 -0.0876
v 0.0255 0.0358 -0.0538
v 0.0231 0.0399 -0.0391
v 0.0275 0.0354 0.0250
v 0.0377 -0.0670 -0.1068
v 0.0269 -0.0621 -0.0912
v 0.0254 -0.0634 -0.0729
v 0.0458 -0.0708 -0.1211
v 0.0329 -0.0506 -0.0073
v 0.0311 -0.0377 0.0186
v 0.0363 -0.0266 0.0250
v 0.0338 -0.0234 -0.1349
v 0.0237 0.0045 0.0453
v 0.0340 0.0002 -0.1200
v 0.0317 0.0024 -0.1162
v 0.0329 0.0189 -0.0952
v 0.0340 0.0244 0.0291
v 0.0377 0.0343 -0.0558
v 0.0307 0.0368 -0.0468
v 0.0281 0.0417 0.0026
v 0.0380 0.0352 -0.0020
v 0.0469 -0.0731 -0.0878
v 0.0367 -0.0687 -0.0885
v 0.0434 -0.0677 -0.1192
v 0.0422 -0.0668 -0.0594
v 0.0367 -0.0614 -0.0393
v 0.0395 -0.0517 -0.1375
v 0.0371 -0.0437 0.0030
v 0.0375 -0.0366 -0.1412
v 0.0420 -0.0354 0.0094
v 0.0353 -0.0198 0.0310
v 0.0348 -0.0091 -0.1286
v 0.0396 -0.0046 -0.1294
v 0.0406 -0.0009 -0.1269
v 0.0368 0.0123 -0.1082
v 0.0403 0.0207 0.0251
v 0.0345 0.0131 0.0355
v 0.0364 0.0213 0.0282
v 0.0389 0.0334 -0.0574
v 0.0319 0.0354 0.0188
v 0.0500 -0.0651 -0.0540
v 0.0438 -0.0591 -0.1370
v 0.0479 -0.0522 -0.0238
v 0.0432 -0.0492 -0.1452
v 0.0439 -0.0439 -0.0049
v 0.0465 -0.0395 -0.1529
v 0.0419 -0.0389 -0.1463
v 0.0494 -0.0317 0.0040
v 0.0423 -0.0220 -0.1438
v 0.0466 -0.0298 0.0090
v 0.0446 -0.0156 0.0211
v 0.0464 -0.0126 -0.1426
v 0.0386 -0.0105 0.0312
v 0.0386 0.0006 0.0333
v 0.0473 0.0014 -0.1301
v 0.0419 0.0092 0.0267
v 0.0469 0.0093 -0.1195
v 0.0431 0.0171 0.0206
v 0.0489 0.0159 -0.1100
v 0.0384 0.0218 -0.0930
v 0.0456 0.0249 0.0050
v 0.0505 0.0232 -0.0940
v 0.0422 0.0286 -0.0777
v 0.0315 0.0397 -0.0284
v 0.0438 0.0332 -0.0244
v 0.0464 0.0285 -0.0081
v 0.0510 -0.0740 -0.0988
v 0.0533 -0.0691 -0.1366
v 0.0587 -0.0693 -0.0678
v 0.0515 -0.0660 -0.1404
v 0.0449 -0.0605 -0.0405
v 0.0503 -0.0590 -0.1488
v 0.0514 -0.0566 -0.0354
v 0.0539 -0.0508 -0.0271
v 0.0526 -0.0439 -0.1619
v 0.0508 -0.0315 -0.1577
v 0.0510 -0.0391 -0.0064
v 0.0534 -0.0309 -0.1605
v 0.0525 -0.0207 -0.1542
v 0.0507 -0.0122 -0.1463
v 0.0507 -0.0004 -0.1348
v 0.0566 0.0031 -0.1348
v 0.0505 0.0014 0.0142
v 0.0465 0.0097 0.0191
v 0.0481 0.0092 0.0152
v 0.0501 0.0143 0.0073
v 0.0504 0.0213 -0.0029
v 0.0517 0.0273 -0.0787
v 0.0429 0.0331 -0.0155
v 0.0556 0.0273 -0.0738
v 0.0563 -1.0336 -0.9424
v 0.0551 -0.0752 -0.1097
v 0.0576 -0.0758 -0.0972
v 0.0586 -0.0740 -0.0848
v 0.0547 -0.0734 -0.0837
v 0.0581 -0.0628 -0.1584
v 0.0572 -0.0623 -0.1584
v 0.0587 -0.0597 -0.0465
v 0.0566 -0.0506 -0.1655
v 0.0626 -0.0523 -0.1760
v 0.0579 -0.0452 -0.0228
v 0.0564 -0.0439 -0.0191
v 0.0588 -0.0354 -0.0132
v 0.0552 -0.0259 -0.1605
v 0.0561 -0.0267 -0.0025
v 0.0571 -0.0216 -0.0011
v 0.0569 -0.0171 -0.1564
v 0.0525 -0.0157 0.0089
v 0.0576 -0.0078 0.0016
v 0.0564 -0.0071 -0.1470
v 0.0552 0.0096 -0.1241
v 0.0561 0.0035 0.0020
v 0.0574 0.0102 -0.0062
v 0.0540 0.0161 -0.1119
v 0.0565 0.0154 -0.0103
v 0.0534 0.0145 -0.0009
v 0.0596 0.0212 -0.0996
v 0.0547 0.0223 -0.0189
v 0.0456 0.0319 -0.0595
v 0.0515 0.0301 -0.0500
v 0.0556 0.0278 -0.0489
v 0.0622 0.0228 -0.0454
v 0.0509 0.0298 -0.0356
v 0.0639 -1.0407 -0.9440
v 0.0640 -1.0316 -0.9197
v 0.0649 -1.0353 -0.9113
v 0.0687 -1.0334 -0.9429
v 0.0646 -1.0276 -0.9332
v 0.0647 -0.0741 -0.1481
v 0.0580 -0.0747 -0.1258
v 0.0640 -0.0770 -0.1041
v 0.0630 -0.0696 -0.1566
v 0.0632 -0.0658 -0.1645
v 0.0681 -0.0646 -0.0625
v 0.0635 -0.0445 -0.0288
v 0.0591 -0.0280 -0.1667
v 0.0673 -0.0236 -0.0177
v 0.0616 -0.0299 -0.0126
v 0.0628 -0.0150 -0.1608
v 0.0625 -0.0085 -0.1538
v 0.0618 -0.0029 -0.1466
v 0.0626 -0.0055 -0.0082
v 0.0628 0.0040 -0.0130
v 0.0632 0.0104 -0.0202
v 0.0642 0.0158 -0.1147
v 0.0620 0.0156 -0.0254
v 0.0579 0.0227 -0.0304
v 0.0636 -1.0405 -0.9311
v 0.0713 -1.0367 -0.9227
v 0.0695 -1.0307 -0.8875
v 0.0704 -1.0290 -0.9251
v 0.0717 -0.0798 -0.1197
v 0.0701 -0.0784 -0.1099
v 0.0704 -0.0727 -0.0826
v 0.0682 -0.0698 -0.1685
v 0.0692 -0.0663 -0.1763
v 0.0678 -0.0615 -0.0567
v 0.0677 -0.0547 -0.1822
v 0.0629 -0.0539 -0.0406
v 0.0718 -0.0457 -0.0396
v 0.0667 -0.0495 -0.0385
v 0.0704 -0.0433 -0.1874
v 0.0691 -0.0332 -0.1816
v 0.0696 -0.0163 -0.0198
v 0.0663 -0.0156 -0.0146
v 0.0677 -0.0142 -0.1655
v 0.0642 -0.0027 -0.1483
v 0.0690 0.0029 -0.1434
v 0.0684 0.0036 -0.0234
v 0.0602 0.0109 -0.1242
v 0.0726 0.0159 -0.1130
v 0.0652 0.0227 -0.0880
v 0.0685 0.0219 -0.0703
v 0.0647 0.0234 -0.0597
v 0.0767 -1.0353 -0.9076
v 0.0739 -1.0361 -0.8874
v 0.0754 -1.0257 -0.9020
v 0.0773 -1.0281 -0.9043
v 0.0748 -1.0331 -0.8650
v 0.0750 -1.0250 -0.8609
v 0.0756 -1.0243 -0.8854
v 0.0746 -0.0803 -0.1468
v 0.0741 -0.0808 -0.1376
v 0.0822 -0.0806 -0.1175
v 0.0787 -0.0770 -0.1782
v 0.0750 -0.0765 -0.1693
v 0.0746 -0.0770 -0.0995
v 0.0735 -0.0687 -0.1812
v 0.0754 -0.0685 -0.0760
v 0.0800 -0.0660 -0.0751
v 0.0746 -0.0594 -0.1916
v 0.0707 -0.0565 -0.0513
v 0.0719 -0.0514 -0.1892
v 0.0713 -0.0326 -0.1838
v 0.0753 -0.0265 -0.1844
v 0.0742 -0.0144 -0.1716
v 0.0753 -0.0087 -0.1657
v 0.0731 -0.0199 -0.0251
v 0.0722 -0.0091 -0.0253
v 0.0718 -0.0030 -0.0269
v 0.0787 -0.0048 -0.1630
v 0.0772 0.0042 -0.1457
v 0.0736 -0.0015 -0.0307
v 0.0759 0.0033 -0.0396
v 0.0721 0.0121 -0.0440
v 0.0716 0.0085 -0.0370
v 0.0706 0.0119 -0.1267
v 0.0774 0.0161 -0.1074
v 0.0755 0.0146 -0.0593
v 0.0700 0.0165 -0.0489
v 0.0767 0.0178 -0.1008
v 0.0832 -1.0364 -0.8547
v 0.0802 -1.0329 -0.8453
v 0.0822 -1.0312 -0.8349
v 0.0814 -1.0239 -0.8330
v 0.0793 -1.0213 -0.8715
v 0.0808 -1.0192 -0.8521
v 0.0810 -0.0803 -0.1737
v 0.0781 -0.0806 -0.1617
v 0.0852 -0.0773 -0.1924
v 0.0857 -0.0774 -0.1065
v 0.0825 -0.0740 -0.0944
v 0.0792 -0.0685 -0.1923
v 0.0800 -0.0609 -0.1992
v 0.0792 -0.0621 -0.0681
v 0.0800 -0.0479 -0.2008
v 0.0777 -0.0494 -0.0507
v 0.0806 -0.0486 -0.0530
v 0.0816 -0.0399 -0.2004
v 0.0788 -0.0398 -0.0434
v 0.0806 -0.0322 -0.0413
v 0.0810 -0.0289 -0.1930
v 0.0796 -0.0094 -0.0370
v 0.0792 -0.0171 -0.1800
v 0.0776 -0.0148 -0.0335
v 0.0803 -0.0026 -0.1604
v 0.0804 0.0026 -0.0480
v 0.0818 0.0038 -0.1490
v 0.0807 0.0104 -0.0617
v 0.0766 0.0177 -0.0758
v 0.0834 -1.0348 -0.8827
v 0.0931 -1.0347 -0.8235
v 0.0893 -1.0233 -0.8031
v 0.0844 -1.0252 -0.8781
v 0.0887 -1.0159 -0.8239
v 0.0868 -0.0817 -0.1860
v 0.0823 -0.0838 -0.1513
v 0.0911 -0.0845 -0.1359
v 0.0877 -0.0751 -0.2005
v 0.0960 -0.0699 -0.0982
v 0.0862 -0.0687 -0.0862
v 0.0858 -0.0655 -0.2060
v 0.0896 -0.0613 -0.0780
v 0.0821 -0.0568 -0.0638
v 0.0892 -0.0493 -0.0642
v 0.0861 -0.0383 -0.2050
v 0.0826 -0.0451 -0.0524
v 0.0854 -0.0299 -0.0472
v 0.0889 -0.0186 -0.0508
v 0.0772 -0.0277 -0.0339
v 0.0848 -0.0198 -0.1881
v 0.0869 -0.0174 -0.1875
v 0.0839 -0.0150 -0.0437
v 0.0876 -0.0123 -0.1812
v 0.0890 -0.0077 -0.1754
v 0.0868 -0.0077 -0.0506
v 0.0842 -0.0001 -0.0527
v 0.0862 0.0035 -0.0618
v 0.0874 0.0096 -0.1316
v 0.0838 0.0134 -0.0838
v 0.0937 -1.0240 -0.8541
v 0.0877 -1.0239 -0.8692
v 0.0889 -1.0348 -0.8578
v 0.0917 -1.0314 -0.8095
v 0.0975 -1.0173 -0.8338
v 0.0924 -0.0850 -0.1924
v 0.0888 -0.0865 -0.1681
v 0.0930 -0.0865 -0.1450
v 0.0941 -0.0780 -0.2092
v 0.0975 -0.0785 -0.1174
v 0.0904 -0.0751 -0.1033
v 0.0909 -0.0606 -0.2157
v 0.0967 -0.0565 -0.2238
v 0.0912 -0.0563 -0.0739
v 0.0949 -0.0515 -0.0736
v 0.0942 -0.0455 -0.2179
v 0.0900 -0.0317 -0.2049
v 0.0923 -0.0353 -0.0588
v 0.0930 -0.0246 -0.2013
v 0.0917 -0.0116 -0.1838
v 0.0918 -0.0025 -0.1677
v 0.0915 -0.0048 -0.0624
v 0.0923 0.0035 -0.0758
v 0.0923 0.0063 -0.0830
v 0.0894 0.0024 -0.0671
v 0.0959 0.0038 -0.1527
v 0.0906 0.0087 -0.1348
v 0.0858 0.0128 -0.1191
v 0.0902 0.0118 -0.1091
v 0.0942 0.0096 -0.1007
v 0.0919 0.0088 -0.0916
v 0.1046 -1.0284 -0.8200
v 0.1013 -1.0273 -0.8315
v 0.1102 -1.0311 -0.8041
v 0.1037 -1.0322 -0.7922
v 0.1052 -1.0314 -0.7682
v 0.0926 -1.0185 -0.8452
v 0.0992 -1.0266 -0.7705
v 0.0989 -1.0203 -0.7623
v 0.0997 -1.0168 -0.8233
v 0.0977 -1.0122 -0.7740
v 0.0934 -1.0149 -0.8193
v 0.0905 -1.0158 -0.8120
v 0.0924 -1.0212 -0.7875
v 0.1059 -1.0049 -0.7779
v 0.0966 -0.0886 -0.1901
v 0.1014 -0.0924 -0.1819
v 0.0994 -0.0831 -0.1298
v 0.0992 -0.0718 -0.2230
v 0.1014 -0.0610 -0.2296
v 0.0984 -0.0628 -0.0902
v 0.0966 -0.0508 -0.0750
v 0.0964 -0.0363 -0.0659
v 0.0969 -0.0319 -0.2121
v 0.0964 -0.0257 -0.0631
v 0.1008 -0.0338 -0.2179
v 0.1010 -0.0221 -0.2055
v 0.0955 -0.0151 -0.0633
v 0.0983 -0.0099 -0.1852
v 0.0972 -0.0114 -0.0679
v 0.0982 -0.0025 -0.0796
v 0.0992 0.0007 -0.0873
v 0.0873 0.0115 -0.1286
v 0.0991 0.0065 -0.1076
v 0.1078 -1.0273 -0.8147
v 0.0978 -1.0304 -0.7889
v 0.1052 -1.0283 -0.7614
v 0.1134 -1.0218 -0.8140
v 0.1070 -1.0190 -0.7519
v 0.1063 -1.0061 -0.7553
v 0.1053 -1.0098 -0.7172
v 0.1101 -0.0941 -0.2077
v 0.1023 -0.0908 -0.1998
v 0.1088 -0.0932 -0.1623
v 0.1041 -0.0920 -0.1631
v 0.1034 -0.0842 -0.2175
v 0.0991 -0.0846 -0.2086
v 0.1045 -0.0914 -0.1588
v 0.1103 -0.0845 -0.1381
v 0.1036 -0.0731 -0.2291
v 0.1010 -0.0741 -0.1106
v 0.1095 -0.0713 -0.2395
v 0.1060 -0.0693 -0.1078
v 0.1092 -0.0659 -0.1064
v 0.1061 -0.0506 -0.2345
v 0.1045 -0.0515 -0.0865
v 0.1082 -0.0554 -0.0947
v 0.1048 -0.0397 -0.2272
v 0.1077 -0.0435 -0.2328
v 0.1055 -0.0401 -0.0808
v 0.1037 -0.0226 -0.2084
v 0.1024 -0.0312 -0.0723
v 0.1022 -0.0211 -0.0734
v 0.1019 -0.0150 -0.0750
v 0.1071 -0.0151 -0.1991
v 0.1028 -0.0085 -0.0816
v 0.1045 -0.0030 -0.1736
v 0.1059 -0.0031 -0.0956
v 0.1048 0.0002 -0.1004
v 0.1091 -0.0020 -0.1709
v 0.0994 0.0008 -0.1627
v 0.1098 -0.0002 -0.1112
v 0.1049 0.0043 -0.1165
v 0.1080 0.0039 -0.1419
v 0.1108 -1.0239 -0.7522
v 0.1058 -1.0140 -0.7500
v 0.1113 -1.0196 -0.8135
v 0.1107 -1.0201 -0.7275
v 0.1113 -1.0213 -0.7200
v 0.1102 -1.0205 -0.6997
v 0.1096 -1.0188 -0.6894
v 0.1022 -1.0114 -0.7971
v 0.1064 -1.0106 -0.7285
v 0.1107 -0.9989 -0.7282
v 0.1056 -1.0064 -0.7021
v 0.1098 -1.0083 -0.6744
v 0.1113 -0.9980 -0.7220
v 0.1092 -0.9997 -0.7005
v 0.1139 -0.0966 -0.2074
v 0.1126 -0.0965 -0.1862
v 0.1158 -0.0892 -0.2342
v 0.1085 -0.0838 -0.2279
v 0.1121 -0.0911 -0.1570
v 0.1053 -0.0803 -0.1263
v 0.1081 -0.0751 -0.2351
v 0.1115 -0.0693 -0.1127
v 0.1087 -0.0620 -0.2400
v 0.1106 -0.0354 -0.0867
v 0.1105 -0.0405 -0.2339
v 0.1103 -0.0445 -0.0896
v 0.1119 -0.0269 -0.2208
v 0.1077 -0.0208 -0.0824
v 0.1169 -0.0250 -0.2218
v 0.1136 -0.0136 -0.1995
v 0.1109 -0.0111 -0.0949
v 0.1115 -0.0087 -0.1886
v 0.1072 0.0045 -0.1423
v 0.1085 0.0040 -0.1243
v 0.1166 -1.0348 -0.9813
v 0.1231 -1.0363 -0.7711
v 0.1147 -1.0341 -0.7758
v 0.1156 -1.0279 -0.8111
v 0.1165 -1.0335 -0.7891
v 0.1225 -1.0280 -0.7477
v 0.1170 -1.0258 -0.7489
v 0.1158 -1.0232 -0.7415
v 0.1175 -1.0241 -0.7367
v 0.1179 -1.0221 -0.6735
v 0.1145 -1.0097 -0.8001
v 0.1149 -1.0137 -0.6664
v 0.1205 -1.0031 -0.7964
v 0.1107 -1.0063 -0.7902
v 0.1138 -0.9976 -0.7670
v 0.1131 -0.9984 -0.7400
v 0.1184 -0.9923 -0.7109
v 0.1188 -0.9928 -0.6844
v 0.1193 -0.9933 -0.6687
v 0.1200 -0.0990 -0.2097
v 0.1170 -0.0933 -0.2278
v 0.1191 -0.0980 -0.1830
v 0.1176 -0.0901 -0.1551
v 0.1228 -0.0878 -0.1520
v 0.1161 -0.0775 -0.2478
v 0.1173 -0.0787 -0.1322
v 0.1215 -0.0753 -0.1308
v 0.1194 -0.0650 -0.2562
v 0.1179 -0.0721 -0.1233
v 0.1235 -0.0626 -0.1188
v 0.1176 -0.0555 -0.1062
v 0.1151 -0.0560 -0.1040
v 0.1155 -0.0468 -0.2451
v 0.1144 -0.0335 -0.0928
v 0.1162 -0.0314 -0.2308
v 0.1132 -0.0145 -0.0956
v 0.1180 -0.0203 -0.2146
v 0.1202 -0.0034 -0.1302
v 0.1178 -0.0056 -0.1181
v 0.1089 0.0014 -0.1147
v 0.1174 -0.0019 -0.1651
v 0.1164 -0.0004 -0.1575
v 0.1167 -0.0003 -0.1348
v 0.1250 -1.0350 -0.9797
v 0.1187 -1.0351 -0.9338
v 0.1260 -1.0358 -0.8978
v 0.1166 -1.0315 -0.8027
v 0.1240 -1.0352 -0.7937
v 0.1180 -1.0345 -0.7656
v 0.1235 -1.0318 -0.9799
v 0.1161 -1.0325 -0.9492
v 0.1222 -1.0324 -0.8913
v 0.1231 -1.0300 -0.8791
v 0.1227 -1.0266 -0.8604
v 0.1238 -1.0290 -0.8430
v 0.1228 -1.0289 -0.8321
v 0.1242 -1.0285 -0.7225
v 0.1230 -1.0287 -0.7052
v 0.1197 -1.0267 -0.6901
v 0.1244 -1.0282 -0.6833
v 0.1208 -1.0268 -0.9384
v 0.1235 -1.0247 -0.8895
v 0.1236 -1.0222 -0.8455
v 0.1198 -1.0227 -0.8231
v 0.1217 -1.0261 -0.6778
v 0.1202 -1.0178 -0.6600
v 0.1267 -1.0158 -0.8304
v 0.1245 -1.0107 -0.6488
v 0.1245 -1.0070 -0.8070
v 0.1178 -1.0064 -0.6583
v 0.1194 -0.9941 -0.7449
v 0.1221 -0.9891 -0.6744
v 0.1200 -0.9932 -0.6622
v 0.1224 -0.9781 -0.6434
v 0.1218 -0.9656 -0.6567
v 0.1272 -0.9549 -0.6298
v 0.1236 -0.9610 -0.6584
v 0.1243 -0.9462 -0.6492
v 0.1229 -0.9569 -0.6402
v 0.1236 -0.0989 -0.2253
v 0.1286 -0.1010 -0.1983
v 0.1266 -0.0973 -0.2416
v 0.1233 -0.0950 -0.1706
v 0.1206 -0.0895 -0.2443
v 0.1245 -0.0828 -0.2597
v 0.1188 -0.0828 -0.1400
v 0.1269 -0.0806 -0.1428
v 0.1261 -0.0672 -0.2670
v 0.1264 -0.0696 -0.1286
v 0.1211 -0.0528 -0.2551
v 0.1254 -0.0556 -0.2621
v 0.1225 -0.0444 -0.2511
v 0.1227 -0.0465 -0.1079
v 0.1268 -0.0365 -0.2483
v 0.1196 -0.0367 -0.1008
v 0.1224 -0.0330 -0.2388
v 0.1256 -0.0278 -0.2338
v 0.1278 -0.0244 -0.2287
v 0.1174 -0.0198 -0.1000
v 0.1253 -0.0221 -0.1111
v 0.1181 -0.0115 -0.1084
v 0.1246 -0.0135 -0.2013
v 0.1224 -0.0090 -0.1217
v 0.1242 -0.0064 -0.1767
v 0.1210 -0.0033 -0.1681
v 0.1218 -0.0023 -0.1541
v 0.1174 0.0008 -0.1505
v 0.1288 -1.0338 -0.9440
v 0.1267 -1.0375 -0.9398
v 0.1303 -1.0339 -0.8267
v 0.1314 -1.0360 -0.8044
v 0.1244 -1.0344 -0.7602
v 0.1246 -1.0276 -0.9550
v 0.1287 -1.0293 -0.7429
v 0.1354 -1.0324 -0.6846
v 0.1297 -1.0301 -0.6834
v 0.1288 -1.0263 -0.9310
v 0.1296 -1.0241 -0.8946
v 0.1277 -1.0193 -0.8469
v 0.1287 -1.0217 -0.8800
v 0.1351 -1.0189 -0.6453
v 0.1279 -1.0152 -0.8287
v 0.1277 -1.0110 -0.8162
v 0.1289 -0.9977 -0.7950
v 0.1227 -0.9932 -0.7707
v 0.1232 -0.9903 -0.7209
v 0.1234 -0.9898 -0.6998
v 0.1298 -0.9906 -0.6379
v 0.1280 -0.9873 -0.6864
v 0.1272 -0.9809 -0.6754
v 0.1290 -0.9770 -0.6318
v 0.1291 -0.9686 -0.6304
v 0.1252 -0.9624 -0.6626
v 0.1286 -0.9624 -0.6680
v 0.1272 -0.9479 -0.6275
v 0.1293 -0.9234 -0.6475
v 0.1272 -0.9252 -0.6276
v 0.1291 -0.9122 -0.6222
v 0.1283 -0.9053 -0.6333
v 0.1267 -0.9233 -0.6389
v 0.1296 -0.9093 -0.6203
v 0.1321 -0.8875 -0.6093
v 0.1294 -0.8901 -0.6297
v 0.1299 -0.8811 -0.6264
v 0.1306 -0.1019 -0.2309
v 0.1321 -0.1032 -0.2112
v 0.1306 -0.0996 -0.1887
v 0.1278 -0.0984 -0.1815
v 0.1295 -0.0927 -0.1663
v 0.1293 -0.0884 -0.2641
v 0.1297 -0.0760 -0.2718
v 0.1275 -0.0748 -0.1354
v 0.1301 -0.0652 -0.1287
v 0.1299 -0.0664 -0.2717
v 0.1302 -0.0563 -0.2686
v 0.1298 -0.0558 -0.1218
v 0.1285 -0.0473 -0.2610
v 0.1302 -0.0441 -0.1171
v 0.1265 -0.0260 -0.1124
v 0.1256 -0.0139 -0.1192
v 0.1297 -0.0143 -0.1288
v 0.1249 -0.0083 -0.1844
v 0.1313 -0.0095 -0.1441
v 0.1317 -1.0308 -0.9313
v 0.1330 -1.0302 -0.9014
v 0.1314 -1.0337 -0.8891
v 0.1314 -1.0326 -0.8796
v 0.1443 -1.0389 -0.7667
v 0.1352 -1.0379 -0.7676
v 0.1375 -1.0375 -0.7645
v 0.1325 -1.0273 -0.8835
v 0.1310 -1.0225 -0.8784
v 0.1323 -1.0313 -0.8598
v 0.1346 -1.0308 -0.7428
v 0.1352 -1.0327 -0.7067
v 0.1319 -1.0281 -0.6688
v 0.1359 -1.0182 -0.8371
v 0.1422 -1.0196 -0.8318
v 0.1373 -1.0138 -0.8250
v 0.1351 -1.0042 -0.8099
v 0.1352 -1.0019 -0.8058
v 0.1261 -0.9918 -0.6423
v 0.1403 -0.9994 -0.8050
v 0.1305 -0.9919 -0.7774
v 0.1386 -0.9939 -0.6324
v 0.1319 -0.9888 -0.7416
v 0.1384 -0.9859 -0.7129
v 0.1388 -0.9853 -0.6990
v 0.1355 -0.9833 -0.6859
v 0.1366 -0.9684 -0.6772
v 0.1387 -0.9661 -0.6222
v 0.1352 -0.9528 -0.6691
v 0.1369 -0.9374 -0.6157
v 0.1328 -0.9345 -0.6590
v 0.1312 -0.9208 -0.6497
v 0.1333 -0.9212 -0.6158
v 0.1351 -0.9052 -0.6485
v 0.1355 -0.8999 -0.6077
v 0.1307 -0.8905 -0.6346
v 0.1301 -0.8784 -0.6118
v 0.1300 -0.8715 -0.6167
v 0.1364 -0.8770 -0.5990
v 0.1354 -0.8480 -0.6202
v 0.1326 -0.8715 -0.6313
v 0.1337 -0.8542 -0.6214
v 0.1407 -0.1062 -0.2383
v 0.1332 -0.1016 -0.2493
v 0.1350 -0.1040 -0.2200
v 0.1350 -0.0993 -0.2579
v 0.1362 -0.0956 -0.2690
v 0.1322 -0.0867 -0.1566
v 0.1318 -0.0807 -0.2734
v 0.1339 -0.0804 -0.1489
v 0.1358 -0.0821 -0.2803
v 0.1351 -0.0777 -0.1465
v 0.1355 -0.0624 -0.1328
v 0.1336 -0.0556 -0.2736
v 0.1362 -0.0400 -0.2621
v 0.1399 -0.0324 -0.2543
v 0.1365 -0.0312 -0.1268
v 0.1320 -0.0263 -0.1222
v 0.1327 -0.0178 -0.1291
v 0.1284 -0.0181 -0.2141
v 0.1322 -0.0150 -0.2038
v 0.1352 -0.0128 -0.1921
v 0.1320 -0.0087 -0.1734
v 0.1306 -0.0073 -0.1563
v 0.1323 -0.0092 -0.1505
v 0.1444 -1.0341 -0.8123
v 0.1521 -1.0374 -0.7901
v 0.1417 -1.0340 -0.7516
v 0.1352 -1.0217 -0.8569
v 0.1372 -1.0265 -0.8539
v 0.1397 -1.0292 -0.8370
v 0.1460 -1.0341 -0.7160
v 0.1442 -1.0342 -0.7020
v 0.1326 -1.0251 -0.6582
v 0.1388 -1.0224 -0.8419
v 0.1466 -1.0253 -0.6511
v 0.1336 -1.0125 -0.6406
v 0.1347 -1.0040 -0.6372
v 0.1432 -0.9921 -0.7862
v 0.1398 -0.9860 -0.7208
v 0.1428 -0.9820 -0.6876
v 0.1417 -0.9820 -0.6262
v 0.1495 -0.9759 -0.6834
v 0.1378 -0.9622 -0.6747
v 0.1453 -0.9577 -0.6750
v 0.1359 -0.9431 -0.6650
v 0.1448 -0.9382 -0.6112
v 0.1497 -0.9433 -0.6699
v 0.1409 -0.9088 -0.6050
v 0.1400 -0.8938 -0.6486
v 0.1497 -0.8999 -0.6554
v 0.1408 -0.8778 -0.6434
v 0.1402 -0.8631 -0.6366
v 0.1373 -0.8649 -0.5960
v 0.1376 -0.8488 -0.6256
v 0.1366 -0.8349 -0.5927
v 0.1357 -0.8591 -0.5965
v 0.1366 -0.8270 -0.6087
v 0.1377 -0.8367 -0.6180
v 0.1430 -0.8280 -0.6206
v 0.1429 -0.8160 -0.6144
v 0.1387 -0.8101 -0.6032
v 0.1405 -0.8108 -0.5811
v 0.1409 -0.7995 -0.6033
v 0.1387 -0.7784 -0.5887
v 0.1408 -0.7959 -0.5754
v 0.1414 -0.7779 -0.5961
v 0.1396 -0.7894 -0.5776
v 0.1394 -0.7690 -0.5875
v 0.1393 -0.7606 -0.5738
v 0.1416 -0.7426 -0.5782
v 0.1435 -0.7379 -0.5602
v 0.1410 -0.1040 -0.2092
v 0.1412 -0.1001 -0.2710
v 0.1440 -0.1005 -0.1963
v 0.1406 -0.0987 -0.1886
v 0.1424 -0.0956 -0.2815
v 0.1463 -0.0902 -0.1746
v 0.1359 -0.0913 -0.1680
v 0.1465 -0.0845 -0.1668
v 0.1421 -0.0771 -0.1532
v 0.1428 -0.0755 -0.2911
v 0.1382 -0.0655 -0.2828
v 0.1369 -0.0681 -0.1386
v 0.1431 -0.0614 -0.1415
v 0.1433 -0.0650 -0.2893
v 0.1455 -0.0500 -0.2819
v 0.1405 -0.0388 -0.1321
v 0.1420 -0.0284 -0.1392
v 0.1396 -0.0204 -0.2213
v 0.1378 -0.0183 -0.1413
v 0.1418 -0.0196 -0.2170
v 0.1436 -0.0168 -0.1957
v 0.1409 -0.0153 -0.1611
v 0.1416 -0.0178 -0.1541
v 0.1510 -1.0326 -0.8203
v 0.1480 -1.0375 -0.7880
v 0.1456 -1.0332 -0.7458
v 0.1550 -1.0334 -0.6787
v 0.1487 -1.0281 -0.8266
v 0.1505 -1.0331 -0.6789
v 0.1485 -1.0289 -0.6608
v 0.1480 -1.0152 -0.8224
v 0.1443 -1.0153 -0.6371
v 0.1426 -1.0016 -0.8080
v 0.1513 -0.9918 -0.7844
v 0.1402 -0.9886 -0.7644
v 0.1494 -0.9860 -0.7345
v 0.1559 -0.9663 -0.6195
v 0.1539 -0.9682 -0.6785
v 0.1427 -0.9622 -0.6198
v 0.1361 -0.9554 -0.6200
v 0.1460 -0.9509 -0.6725
v 0.1447 -0.9262 -0.6081
v 0.1448 -0.9287 -0.6640
v 0.1441 -0.9013 -0.6004
v 0.1513 -0.8807 -0.6488
v 0.1481 -0.8710 -0.5882
v 0.1535 -0.8703 -0.6459
v 0.1580 -0.8422 -0.6365
v 0.1448 -0.8453 -0.6317
v 0.1430 -0.8433 -0.5841
v 0.1514 -0.8431 -0.6347
v 0.1472 -0.8374 -0.5786
v 0.1406 -0.8274 -0.5819
v 0.1455 -0.8020 -0.6117
v 0.1460 -0.7860 -0.6065
v 0.1495 -0.7995 -0.5653
v 0.1502 -0.7886 -0.5612
v 0.1480 -0.7735 -0.6047
v 0.1446 -0.7679 -0.5602
v 0.1467 -0.7501 -0.5939
v 0.1429 -0.7565 -0.5614
v 0.1416 -0.7572 -0.5877
v 0.1429 -0.7464 -0.5846
v 0.1489 -0.7381 -0.5908
v 0.1474 -0.7108 -0.5743
v 0.1428 -0.7321 -0.5617
v 0.1460 -0.7001 -0.5652
v 0.1455 -0.7205 -0.5764
v 0.1427 -0.7339 -0.5775
v 0.1473 -0.7065 -0.5469
v 0.1474 -0.6885 -0.5632
v 0.1516 -0.6863 -0.5330
v 0.1468 -0.6917 -0.5455
v 0.1463 -0.6781 -0.5446
v 0.1471 -0.6656 -0.5522
v 0.1464 -0.6646 -0.5406
v 0.1467 -0.6511 -0.5381
v 0.1480 -0.6491 -0.5481
v 0.1413 -0.1046 -0.2565
v 0.1473 -0.1068 -0.2248
v 0.1465 -0.1028 -0.2783
v 0.1475 -0.0863 -0.2973
v 0.1465 -0.0772 -0.1583
v 0.1493 -0.0676 -0.1537
v 0.1476 -0.0658 -0.1501
v 0.1500 -0.0557 -0.2911
v 0.1415 -0.0541 -0.1358
v 0.1415 -0.0434 -0.2716
v 0.1522 -0.0379 -0.2724
v 0.1405 -0.0346 -0.2587
v 0.1441 -0.0418 -0.1367
v 0.1434 -0.0287 -0.1419
v 0.1466 -0.0244 -0.1550
v 0.1423 -0.0227 -0.2331
v 0.1478 -0.0200 -0.2107
v 0.1459 -0.0180 -0.1724
v 0.1435 -0.0159 -0.1826
v 0.1576 -1.0354 -0.8144
v 0.1580 -1.0386 -0.7710
v 0.1564 -1.0336 -0.7355
v 0.1632 -1.0344 -0.7098
v 0.1575 -1.0344 -0.6945
v 0.1491 -1.0202 -0.8276
v 0.1552 -1.0158 -0.8277
v 0.1531 -1.0207 -0.6432
v 0.1535 -1.0090 -0.8168
v 0.1540 -1.0026 -0.6328
v 0.1518 -0.9966 -0.6312
v 0.1505 -0.9887 -0.7708
v 0.1580 -0.9845 -0.6899
v 0.1578 -0.9560 -0.6730
v 0.1567 -0.9567 -0.6166
v 0.1632 -0.9390 -0.6104
v 0.1514 -0.9041 -0.6572
v 0.1472 -0.9157 -0.6033
v 0.1437 -0.8813 -0.5935
v 0.1541 -0.8801 -0.6493
v 0.1572 -0.8577 -0.6415
v 0.1492 -0.8537 -0.5827
v 0.1498 -0.8203 -0.6240
v 0.1533 -0.8266 -0.6292
v 0.1546 -0.8281 -0.5715
v 0.1474 -0.8094 -0.5702
v 0.1520 -0.8088 -0.6204
v 0.1561 -0.8122 -0.5656
v 0.1583 -0.8098 -0.6238
v 0.1477 -0.7745 -0.5587
v 0.1519 -0.7616 -0.5522
v 0.1636 -0.7496 -0.6053
v 0.1495 -0.7477 -0.5960
v 0.1532 -0.7405 -0.5463
v 0.1529 -0.7359 -0.5942
v 0.1506 -0.7297 -0.5459
v 0.1538 -0.7167 -0.5393
v 0.1483 -0.7138 -0.5778
v 0.1580 -0.7087 -0.5878
v 0.1513 -0.6903 -0.5720
v 0.1575 -0.6930 -0.5803
v 0.1536 -0.7016 -0.5359
v 0.1536 -0.6800 -0.5294
v 0.1508 -0.6757 -0.5657
v 0.1486 -0.6752 -0.5350
v 0.1530 -0.6649 -0.5647
v 0.1485 -0.6628 -0.5556
v 0.1538 -0.6644 -0.5244
v 0.1514 -0.6472 -0.5554
v 0.1515 -0.6627 -0.5264
v 0.1498 -0.6373 -0.5486
v 0.1479 -0.6505 -0.5322
v 0.1501 -0.6333 -0.5242
v 0.1542 -0.6348 -0.5162
v 0.1536 -0.6225 -0.5478
v 0.1481 -0.6332 -0.5371
v 0.1526 -0.5940 -0.5264
v 0.1478 -0.6295 -0.5347
v 0.1536 -0.6072 -0.5401
v 0.1545 -0.5807 -0.5252
v 0.1550 -0.5717 -0.5069
v 0.1528 -0.1101 -0.2499
v 0.1512 -0.1057 -0.2834
v 0.1544 -0.1088 -0.2784
v 0.1530 -0.1088 -0.2722
v 0.1530 -0.1099 -0.2428
v 0.1510 -0.1040 -0.2114
v 0.1517 -0.0990 -0.1974
v 0.1487 -0.0946 -0.1857
v 0.1520 -0.0911 -0.3014
v 0.1537 -0.0923 -0.1860
v 0.1508 -0.0917 -0.1823
v 0.1558 -0.0805 -0.1729
v 0.1511 -0.0660 -0.2989
v 0.1554 -0.0692 -0.1624
v 0.1508 -0.0735 -0.3011
v 0.1601 -0.0704 -0.3117
v 0.1512 -0.0402 -0.2756
v 0.1514 -0.0413 -0.1506
v 0.1507 -0.0518 -0.1487
v 0.1491 -0.0391 -0.1474
v 0.1501 -0.0304 -0.1556
v 0.1527 -0.0299 -0.2567
v 0.1499 -0.0256 -0.2423
v 0.1508 -0.0225 -0.2249
v 0.1568 -0.0237 -0.2076
v 0.1502 -0.0217 -0.1788
v 0.1684 -1.0350 -0.8425
v 0.1592 -1.0273 -0.8485
v 0.1553 -1.0268 -0.8367
v 0.1516 -1.0294 -0.6615
v 0.1601 -1.0230 -0.6483
v 0.1574 -1.0156 -0.6371
v 0.1600 -1.0083 -0.8170
v 0.1647 -0.9889 -0.7510
v 0.1633 -0.9870 -0.7328
v 0.1523 -0.9861 -0.7371
v 0.1589 -0.9856 -0.7179
v 0.1581 -0.9854 -0.7047
v 0.1606 -0.9789 -0.6261
v 0.1613 -0.9647 -0.6744
v 0.1609 -0.9265 -0.6055
v 0.1572 -0.9068 -0.5986
v 0.1666 -0.9039 -0.6552
v 0.1500 -0.8956 -0.5953
v 0.1698 -0.8425 -0.6347
v 0.1620 -0.8451 -0.5768
v 0.1667 -0.8120 -0.5632
v 0.1586 -0.7919 -0.6181
v 0.1589 -0.7742 -0.6120
v 0.1577 -0.7792 -0.5547
v 0.1702 -0.7585 -0.6083
v 0.1549 -0.7579 -0.6042
v 0.1596 -0.7576 -0.5476
v 0.1486 -0.7398 -0.5496
v 0.1707 -0.7481 -0.5423
v 0.1601 -0.7413 -0.6005
v 0.1613 -0.7332 -0.5396
v 0.1574 -0.7182 -0.5905
v 0.1543 -0.7040 -0.5356
v 0.1665 -0.7041 -0.5274
v 0.1607 -0.6961 -0.5840
v 0.1599 -0.6840 -0.5786
v 0.1593 -0.6725 -0.5216
v 0.1590 -0.6244 -0.5555
v 0.1615 -0.6051 -0.5006
v 0.1608 -0.5979 -0.5464
v 0.1546 -0.5938 -0.5099
v 0.1598 -0.5914 -0.5005
v 0.1586 -0.5814 -0.4998
v 0.1554 -0.5608 -0.5149
v 0.1595 -0.5615 -0.4941
v 0.1594 -0.5633 -0.5270
v 0.1600 -0.5467 -0.5191
v 0.1594 -0.5377 -0.4893
v 0.1600 -0.5168 -0.4819
v 0.1578 -0.5359 -0.5072
v 0.1598 -0.5123 -0.5000
v 0.1596 -0.5030 -0.4887
v 0.1583 -0.1120 -0.2670
v 0.1603 -0.1127 -0.2568
v 0.1622 -0.1101 -0.2389
v 0.1631 -0.1073 -0.3035
v 0.1582 -0.1003 -0.3053
v 0.1605 -0.1052 -0.2195
v 0.1591 -0.0881 -0.3137
v 0.1606 -0.0935 -0.1945
v 0.1605 -0.0791 -0.1771
v 0.1577 -0.0671 -0.1648
v 0.1588 -0.0645 -0.3068
v 0.1588 -0.0555 -0.2995
v 0.1610 -0.0420 -0.2849
v 0.1586 -0.0445 -0.1630
v 0.1560 -0.0373 -0.1628
v 0.1645 -0.0375 -0.2781
v 0.1581 -0.0322 -0.1752
v 0.1553 -0.0288 -0.1727
v 0.1590 -0.0263 -0.2408
v 0.1501 -0.0203 -0.1902
v 0.1587 -0.0255 -0.2000
v 0.1577 -0.0265 -0.1885
v 0.1651 -1.0339 -0.8519
v 0.1685 -1.0353 -0.8469
v 0.1724 -1.0362 -0.7918
v 0.1623 -1.0384 -0.7773
v 0.1606 -1.0386 -0.7655
v 0.1771 -1.0333 -0.7520
v 0.1676 -1.0340 -0.7128
v 0.1640 -1.0273 -0.8802
v 0.1626 -1.0306 -0.8557
v 0.1632 -1.0337 -0.7463
v 0.1747 -1.0313 -0.7332
v 0.1688 -1.0327 -0.6939
v 0.1651 -1.0279 -0.6638
v 0.1661 -1.0281 -0.8991
v 0.1646 -1.0254 -0.8858
v 0.1655 -1.0224 -0.6508
v 0.1662 -1.0216 -0.8762
v 0.1638 -1.0195 -0.8542
v 0.1627 -1.0128 -0.8264
v 0.1661 -1.0084 -0.6387
v 0.1666 -1.0038 -0.8078
v 0.1585 -0.9994 -0.8046
v 0.1638 -0.9974 -0.7965
v 0.1585 -0.9940 -0.7902
v 0.1658 -0.9917 -0.7729
v 0.1554 -0.9892 -0.6271
v 0.1668 -0.9941 -0.6370
v 0.1653 -0.9835 -0.6814
v 0.1681 -0.9637 -0.6687
v 0.1650 -0.9533 -0.6683
v 0.1615 -0.9404 -0.6670
v 0.1720 -0.9453 -0.6191
v 0.1628 -0.9247 -0.6620
v 0.1692 -0.9137 -0.6561
v 0.1683 -0.9098 -0.6009
v 0.1576 -0.8834 -0.5900
v 0.1656 -0.8633 -0.6418
v 0.1616 -0.8368 -0.5730
v 0.1731 -0.8283 -0.6288
v 0.1702 -0.8153 -0.6260
v 0.1648 -0.8012 -0.5598
v 0.1754 -0.7969 -0.6193
v 0.1619 -0.7285 -0.5971
v 0.1632 -0.7222 -0.5354
v 0.1741 -0.7189 -0.5968
v 0.1643 -0.6886 -0.5232
v 0.1683 -0.6709 -0.5776
v 0.1610 -0.6738 -0.5754
v 0.1696 -0.6677 -0.5147
v 0.1615 -0.6503 -0.5137
v 0.1742 -0.6572 -0.5744
v 0.1589 -0.6434 -0.5628
v 0.1660 -0.6431 -0.5088
v 0.1714 -0.6385 -0.5677
v 0.1747 -0.6003 -0.5564
v 0.1630 -0.6142 -0.5549
v 0.1667 -0.6003 -0.4955
v 0.1617 -0.5958 -0.4992
v 0.1593 -0.5806 -0.5366
v 0.1690 -0.5810 -0.4877
v 0.1695 -0.5644 -0.5385
v 0.1603 -0.5691 -0.4934
v 0.1636 -0.5623 -0.4880
v 0.1621 -0.5444 -0.5215
v 0.1596 -0.5539 -0.4916
v 0.1649 -0.5281 -0.4771
v 0.1665 -0.5266 -0.5190
v 0.1597 -0.5256 -0.5074
v 0.1612 -0.5102 -0.4785
v 0.1651 -0.5059 -0.5094
v 0.1625 -0.5200 -0.5112
v 0.1629 -0.4917 -0.4991
v 0.1608 -0.4980 -0.4804
v 0.1651 -0.4697 -0.4912
v 0.1626 -0.4772 -0.4728
v 0.1659 -0.4636 -0.4889
v 0.1639 -0.4608 -0.4730
v 0.1656 -0.4513 -0.4773
v 0.1593 -0.1072 -0.2958
v 0.1665 -0.1041 -0.3157
v 0.1707 -0.1077 -0.2334
v 0.1677 -0.0994 -0.2117
v 0.1651 -0.0947 -0.2013
v 0.1692 -0.0890 -0.1974
v 0.1649 -0.0936 -0.3218
v 0.1632 -0.0862 -0.1878
v 0.1609 -0.0816 -0.3164
v 0.1654 -0.0789 -0.1831
v 0.1670 -0.0729 -0.3219
v 0.1651 -0.0601 -0.3102
v 0.1624 -0.0615 -0.1691
v 0.1643 -0.0481 -0.1728
v 0.1617 -0.0444 -0.1702
v 0.1630 -0.0402 -0.1761
v 0.1636 -0.0332 -0.1882
v 0.1612 -0.0335 -0.1812
v 0.1688 -0.0327 -0.2660
v 0.1622 -0.0297 -0.2557
v 0.1615 -0.0253 -0.2248
v 0.1699 -1.0343 -0.9621
v 0.1679 -1.0326 -0.9236
v 0.1698 -1.0350 -0.9035
v 0.1702 -1.0349 -0.8946
v 0.1717 -1.0357 -0.8699
v 0.1720 -1.0361 -0.9832
v 0.1717 -1.0327 -0.7477
v 0.1816 -1.0299 -0.7139
v 0.1721 -1.0325 -0.7040
v 0.1714 -1.0277 -0.9601
v 0.1724 -1.0233 -0.9010
v 0.1692 -1.0248 -0.6587
v 0.1724 -1.0160 -0.8450
v 0.1697 -1.0180 -0.6466
v 0.1709 -1.0105 -0.8185
v 0.1720 -1.0087 -0.6439
v 0.1720 -1.0085 -0.8127
v 0.1710 -1.0048 -0.8060
v 0.1710 -0.9986 -0.7925
v 0.1724 -0.9956 -0.6452
v 0.1745 -0.9962 -0.7812
v 0.1716 -0.9864 -0.6751
v 0.1711 -0.9732 -0.6681
v 0.1700 -0.9641 -0.6281
v 0.1705 -0.9593 -0.6650
v 0.1753 -0.9518 -0.6569
v 0.1767 -0.9343 -0.6525
v 0.1680 -0.9338 -0.6616
v 0.1726 -0.9170 -0.6556
v 0.1686 -0.9267 -0.6082
v 0.1753 -0.9085 -0.6498
v 0.1737 -0.9034 -0.6015
v 0.1664 -0.8957 -0.5954
v 0.1663 -0.8737 -0.6451
v 0.1674 -0.8719 -0.5876
v 0.1714 -0.8563 -0.6372
v 0.1712 -0.8577 -0.5837
v 0.1637 -0.8546 -0.5802
v 0.1756 -0.8417 -0.5787
v 0.1692 -0.8354 -0.5732
v 0.1717 -0.8014 -0.6216
v 0.1673 -0.7844 -0.5541
v 0.1689 -0.7773 -0.6142
v 0.1718 -0.7755 -0.5520
v 0.1831 -0.7613 -0.6052
v 0.1682 -0.7405 -0.6024
v 0.1759 -0.7372 -0.6013
v 0.1747 -0.7327 -0.5375
v 0.1598 -0.7072 -0.5315
v 0.1720 -0.7184 -0.5320
v 0.1732 -0.7014 -0.5904
v 0.1795 -0.6864 -0.5850
v 0.1710 -0.6859 -0.5844
v 0.1633 -0.6552 -0.5702
v 0.1678 -0.6264 -0.5620
v 0.1627 -0.6190 -0.5041
v 0.1673 -0.5729 -0.4871
v 0.1723 -0.5773 -0.5456
v 0.1757 -0.5568 -0.4761
v 0.1673 -0.5370 -0.4757
v 0.1736 -0.5114 -0.5201
v 0.1720 -0.5091 -0.4618
v 0.1645 -0.5017 -0.4701
v 0.1670 -0.4803 -0.5014
v 0.1763 -0.4813 -0.5113
v 0.1734 -0.4773 -0.4532
v 0.1723 -0.4665 -0.5009
v 0.1705 -0.4556 -0.4930
v 0.1689 -0.4595 -0.4562
v 0.1668 -0.4523 -0.4825
v 0.1707 -0.4450 -0.4498
v 0.1670 -0.4461 -0.4589
v 0.1670 -0.4384 -0.4751
v 0.1719 -0.4208 -0.4770
v 0.1762 -0.4037 -0.4787
v 0.1703 -0.4207 -0.4475
v 0.1716 -0.4057 -0.4403
v 0.1674 -0.4305 -0.4677
v 0.1719 -0.3897 -0.4643
v 0.1698 -0.3947 -0.4606
v 0.1719 -0.3790 -0.4595
v 0.1699 -0.3880 -0.4411
v 0.1719 -0.3726 -0.4338
v 0.1714 -0.3643 -0.4381
v 0.1720 -0.3669 -0.4526
v 0.1718 -0.3594 -0.4447
v 0.1714 -0.1161 -0.2913
v 0.1704 -0.1154 -0.2737
v 0.1715 -0.1132 -0.3086
v 0.1708 -0.1147 -0.2633
v 0.1768 -0.1114 -0.2489
v 0.1719 -0.1039 -0.3331
v 0.1703 -0.1075 -0.3201
v 0.1712 -0.0959 -0.3361
v 0.1681 -0.0973 -0.3265
v 0.1727 -0.0952 -0.2094
v 0.1703 -0.0861 -0.3334
v 0.1721 -0.0838 -0.1953
v 0.1681 -0.0813 -0.3271
v 0.1697 -0.0719 -0.1840
v 0.1706 -0.0721 -0.3266
v 0.1693 -0.0666 -0.1811
v 0.1742 -0.0623 -0.3220
v 0.1679 -0.0550 -0.1774
v 0.1697 -0.0468 -0.1840
v 0.1748 -0.0440 -0.2955
v 0.1675 -0.0351 -0.1944
v 0.1728 -0.0381 -0.2010
v 0.1686 -0.0314 -0.2076
v 0.1626 -0.0260 -0.2389
v 0.1761 -1.0409 -0.9785
v 0.1752 -1.0405 -0.9506
v 0.1783 -1.0384 -0.9433
v 0.1769 -1.0350 -0.8877
v 0.1775 -1.0331 -0.8757
v 0.1774 -1.0325 -0.8335
v 0.1679 -1.0374 -0.7815
v 0.1845 -1.0294 -0.8229
v 0.1803 -1.0323 -0.8102
v 0.1708 -1.0296 -0.6757
v 0.1784 -1.0274 -0.9816
v 0.1712 -1.0299 -0.9740
v 0.1810 -1.0261 -0.9630
v 0.1792 -1.0255 -0.9325
v 0.1775 -1.0246 -0.9152
v 0.1764 -1.0213 -0.8823
v 0.1818 -1.0214 -0.6688
v 0.1748 -1.0179 -0.8527
v 0.1749 -1.0152 -0.8368
v 0.1788 -1.0153 -0.8229
v 0.1739 -1.0065 -0.6463
v 0.1783 -1.0045 -0.7978
v 0.1756 -0.9969 -0.6521
v 0.1732 -0.9931 -0.7690
v 0.1753 -0.9927 -0.7572
v 0.1697 -0.9908 -0.7595
v 0.1814 -0.9945 -0.6848
v 0.1800 -0.9924 -0.7371
v 0.1734 -0.9893 -0.6869
v 0.1735 -0.9879 -0.6709
v 0.1759 -0.9918 -0.6585
v 0.1727 -0.9858 -0.6422
v 0.1772 -0.9612 -0.6487
v 0.1750 -0.9700 -0.6403
v 0.1721 -0.9746 -0.6355
v 0.1732 -0.9565 -0.6276
v 0.1769 -0.9571 -0.6363
v 0.1726 -0.9546 -0.6257
v 0.1786 -0.9467 -0.6512
v 0.1755 -0.9219 -0.6105
v 0.1778 -0.9121 -0.6085
v 0.1759 -0.8998 -0.6469
v 0.1683 -0.8912 -0.6501
v 0.1818 -0.8844 -0.6355
v 0.1763 -0.8838 -0.5964
v 0.1751 -0.8784 -0.6414
v 0.1753 -0.8730 -0.5918
v 0.1781 -0.8632 -0.5906
v 0.1776 -0.8544 -0.6324
v 0.1746 -0.8547 -0.5842
v 0.1774 -0.8473 -0.5827
v 0.1680 -0.8238 -0.5680
v 0.1739 -0.8157 -0.5660
v 0.1716 -0.7949 -0.5576
v 0.1788 -0.7855 -0.6142
v 0.1811 -0.7705 -0.6084
v 0.1666 -0.7609 -0.5471
v 0.1750 -0.7383 -0.6017
v 0.1827 -0.7092 -0.5930
v 0.1805 -0.6908 -0.5215
v 0.1763 -0.6835 -0.5838
v 0.1762 -0.6858 -0.5190
v 0.1768 -0.6733 -0.5802
v 0.1714 -0.6283 -0.5020
v 0.1734 -0.6244 -0.4995
v 0.1846 -0.6105 -0.5603
v 0.1820 -0.6165 -0.4949
v 0.1740 -0.6002 -0.4911
v 0.1759 -0.5952 -0.5544
v 0.1707 -0.5913 -0.5511
v 0.1724 -0.5832 -0.5494
v 0.1851 -0.5748 -0.5472
v 0.1772 -0.5755 -0.4812
v 0.1677 -0.5562 -0.5333
v 0.1863 -0.5625 -0.4744
v 0.1719 -0.5475 -0.5322
v 0.1730 -0.5317 -0.5265
v 0.1713 -0.5310 -0.4711
v 0.1726 -0.5161 -0.4651
v 0.1723 -0.4996 -0.5153
v 0.1759 -0.4956 -0.4562
v 0.1794 -0.4930 -0.5174
v 0.1736 -0.4931 -0.4575
v 0.1733 -0.4709 -0.4515
v 0.1750 -0.4653 -0.5034
v 0.1767 -0.4417 -0.4929
v 0.1752 -0.4256 -0.4843
v 0.1766 -0.4208 -0.4372
v 0.1761 -0.4103 -0.4793
v 0.1755 -0.4073 -0.4341
v 0.1711 -0.3956 -0.4363
v 0.1794 -0.3709 -0.4695
v 0.1760 -0.3902 -0.4725
v 0.1766 -0.3843 -0.4259
v 0.1768 -0.3610 -0.4612
v 0.1729 -0.3625 -0.4524
v 0.1758 -0.3610 -0.4237
v 0.1728 -0.3529 -0.4448
v 0.1782 -0.3314 -0.4464
v 0.1739 -0.3448 -0.4441
v 0.1778 -0.3233 -0.4398
v 0.1774 -0.3156 -0.4204
v 0.1779 -0.3117 -0.4329
v 0.1773 -0.3114 -0.4249
v 0.1783 -0.1187 -0.3010
v 0.1762 -0.1177 -0.2840
v 0.1775 -0.1159 -0.2700
v 0.1776 -0.1158 -0.3534
v 0.1737 -0.1116 -0.3254
v 0.1827 -0.1099 -0.2489
v 0.1747 -0.1121 -0.3362
v 0.1796 -0.1047 -0.2331
v 0.1731 -0.1016 -0.3426
v 0.1830 -0.0989 -0.2258
v 0.1812 -0.0900 -0.2120
v 0.1727 -0.0803 -0.3363
v 0.1787 -0.0809 -0.2011
v 0.1783 -0.0807 -0.3548
v 0.1761 -0.0891 -0.3549
v 0.1804 -0.0665 -0.3398
v 0.1772 -0.0685 -0.3346
v 0.1752 -0.0643 -0.3263
v 0.1776 -0.0568 -0.3187
v 0.1763 -0.0617 -0.1904
v 0.1746 -0.0540 -0.1891
v 0.1684 -0.0469 -0.2974
v 0.1770 -0.0488 -0.1957
v 0.1756 -0.0368 -0.2098
v 0.1770 -0.0346 -0.2196
v 0.1767 -0.0316 -0.2467
v 0.1763 -0.0323 -0.2293
v 0.1816 -0.0371 -0.2233
v 0.1814 -1.0425 -0.9758
v 0.1915 -1.0347 -0.7685
v 0.1881 -1.0348 -0.7629
v 0.1824 -1.0339 -0.9877
v 0.1859 -1.0296 -0.9734
v 0.1834 -1.0290 -0.9463
v 0.1807 -1.0298 -0.9043
v 0.1789 -1.0254 -0.9062
v 0.1793 -1.0259 -0.8868
v 0.1800 -1.0247 -0.8654
v 0.1816 -1.0253 -0.8397
v 0.1881 -1.0249 -0.7399
v 0.1841 -1.0274 -0.7355
v 0.1824 -1.0287 -0.7002
v 0.1799 -1.0279 -0.6858
v 0.1790 -1.0232 -0.8713
v 0.1843 -1.0204 -0.8268
v 0.1848 -1.0106 -0.6639
v 0.1772 -1.0159 -0.6537
v 0.1854 -1.0162 -0.8160
v 0.1862 -1.0095 -0.8001
v 0.1791 -1.0004 -0.6569
v 0.1833 -1.0006 -0.7818
v 0.1844 -0.9988 -0.6775
v 0.1862 -0.9973 -0.7497
v 0.1806 -0.9916 -0.7267
v 0.1777 -0.9902 -0.7280
v 0.1765 -0.9892 -0.7194
v 0.1813 -0.9917 -0.7071
v 0.1824 -0.9932 -0.6985
v 0.1920 -0.9995 -0.7005
v 0.1791 -0.9447 -0.6325
v 0.1783 -0.9424 -0.6273
v 0.1807 -0.9193 -0.6447
v 0.1825 -0.9277 -0.6261
v 0.1841 -0.9209 -0.6327
v 0.1775 -0.9272 -0.6153
v 0.1803 -0.9122 -0.6117
v 0.1836 -0.9039 -0.6369
v 0.1840 -0.9106 -0.6175
v 0.1860 -0.8914 -0.6276
v 0.1796 -0.8922 -0.6019
v 0.1874 -0.8635 -0.6173
v 0.1834 -0.8746 -0.6016
v 0.1830 -0.8622 -0.5955
v 0.1827 -0.8649 -0.6289
v 0.1805 -0.8552 -0.6296
v 0.1818 -0.8481 -0.5867
v 0.1834 -0.8403 -0.6255
v 0.1831 -0.8361 -0.5815
v 0.1847 -0.8289 -0.6205
v 0.1792 -0.8292 -0.5748
v 0.1794 -0.8263 -0.6247
v 0.1823 -0.8156 -0.5701
v 0.1846 -0.8168 -0.5731
v 0.1816 -0.8101 -0.6196
v 0.1884 -0.7999 -0.6108
v 0.1792 -0.7705 -0.5526
v 0.1886 -0.7663 -0.5577
v 0.1858 -0.7557 -0.6017
v 0.1857 -0.7474 -0.6001
v 0.1919 -0.7284 -0.5922
v 0.1834 -0.7245 -0.5370
v 0.1857 -0.7185 -0.5348
v 0.1850 -0.7052 -0.5903
v 0.1846 -0.6873 -0.5841
v 0.1820 -0.6480 -0.5075
v 0.1803 -0.6269 -0.5651
v 0.1781 -0.5945 -0.4874
v 0.1903 -0.5924 -0.5539
v 0.1853 -0.5825 -0.4817
v 0.1848 -0.5497 -0.5365
v 0.1729 -0.5420 -0.4727
v 0.1822 -0.5273 -0.4638
v 0.1813 -0.5258 -0.5280
v 0.1782 -0.5039 -0.4574
v 0.1885 -0.5116 -0.5250
v 0.1898 -0.5040 -0.4532
v 0.1861 -0.4794 -0.5148
v 0.1798 -0.4651 -0.4456
v 0.1779 -0.4517 -0.4996
v 0.1856 -0.4513 -0.4393
v 0.1832 -0.4418 -0.4979
v 0.1767 -0.4357 -0.4413
v 0.1860 -0.4227 -0.4927
v 0.1788 -0.4175 -0.4331
v 0.1821 -0.4154 -0.4872
v 0.1850 -0.3756 -0.4766
v 0.1756 -0.3694 -0.4248
v 0.1803 -0.3479 -0.4599
v 0.1768 -0.3586 -0.4214
v 0.1870 -0.3511 -0.4087
v 0.1806 -0.3327 -0.4518
v 0.1758 -0.3363 -0.4226
v 0.1835 -0.3352 -0.4104
v 0.1847 -0.3192 -0.4047
v 0.1830 -0.3158 -0.4476
v 0.1780 -0.3271 -0.4189
v 0.1785 -0.2909 -0.4278
v 0.1826 -0.2956 -0.4006
v 0.1834 -0.2806 -0.3936
v 0.1810 -0.2821 -0.4298
v 0.1770 -0.3028 -0.4215
v 0.1815 -0.2659 -0.3915
v 0.1825 -0.2688 -0.4260
v 0.1810 -0.2663 -0.3953
v 0.1864 -0.2541 -0.4253
v 0.1815 -0.2456 -0.4097
v 0.1791 -0.2634 -0.4037
v 0.1835 -0.2354 -0.4080
v 0.1842 -0.2171 -0.3961
v 0.1832 -0.1348 -0.3589
v 0.1833 -0.1361 -0.3498
v 0.1832 -0.1283 -0.3660
v 0.1774 -0.1173 -0.3271
v 0.1802 -0.1261 -0.3421
v 0.1884 -0.1348 -0.3279
v 0.1787 -0.1196 -0.3536
v 0.1783 -0.1183 -0.3109
v 0.1820 -0.1138 -0.3683
v 0.1791 -0.1055 -0.3629
v 0.1844 -0.0990 -0.3747
v 0.1815 -0.0883 -0.3672
v 0.1836 -0.0815 -0.3679
v 0.1833 -0.0747 -0.3612
v 0.1797 -0.0610 -0.1954
v 0.1838 -0.0681 -0.3529
v 0.1774 -0.0542 -0.3152
v 0.1831 -0.0529 -0.2037
v 0.1850 -0.0493 -0.3112
v 0.1787 -0.0474 -0.3045
v 0.1829 -0.0462 -0.2096
v 0.1810 -0.0404 -0.2877
v 0.1838 -0.0387 -0.2256
v 0.1804 -0.0350 -0.2679
v 0.1768 -0.0315 -0.2505
v 0.1785 -0.0328 -0.2345
v 0.1851 -1.0371 -0.9847
v 0.1859 -1.0331 -0.9519
v 0.1849 -1.0340 -0.9498
v 0.1839 -1.0341 -0.9424
v 0.1929 -1.0340 -0.7855
v 0.1906 -1.0331 -0.7608
v 0.1871 -1.0335 -0.7961
v 0.1948 -1.0173 -0.7377
v 0.1916 -1.0202 -0.8270
v 0.1853 -1.0219 -0.6770
v 0.1905 -1.0135 -0.6779
v 0.1904 -1.0132 -0.6788
v 0.1926 -1.0139 -0.8129
v 0.1852 -1.0139 -0.6662
v 0.1892 -1.0031 -0.6820
v 0.1863 -0.9989 -0.7711
v 0.1873 -0.9983 -0.7622
v 0.1892 -0.9988 -0.7389
v 0.1912 -0.9995 -0.7315
v 0.1912 -0.9991 -0.7027
v 0.1884 -0.9959 -0.7200
v 0.1850 -0.9130 -0.6263
v 0.1862 -0.8974 -0.6199
v 0.1851 -0.8973 -0.6150
v 0.1861 -0.8752 -0.6082
v 0.1839 -0.8803 -0.6044
v 0.1890 -0.8498 -0.6004
v 0.1859 -0.8582 -0.5984
v 0.1892 -0.8489 -0.6087
v 0.1887 -0.8434 -0.6136
v 0.1905 -0.8319 -0.5901
v 0.1906 -0.8185 -0.5812
v 0.1873 -0.8211 -0.5783
v 0.1851 -0.8145 -0.5724
v 0.1904 -0.8082 -0.6097
v 0.1874 -0.8013 -0.5684
v 0.1910 -0.7910 -0.6057
v 0.1881 -0.7858 -0.5636
v 0.1816 -0.7964 -0.5622
v 0.1910 -0.7793 -0.6034
v 0.1826 -0.7561 -0.5494
v 0.1946 -0.7528 -0.5921
v 0.1896 -0.7555 -0.5547
v 0.1879 -0.7358 -0.5446
v 0.1843 -0.7379 -0.5433
v 0.1905 -0.7149 -0.5367
v 0.1836 -0.7059 -0.5283
v 0.1909 -0.6951 -0.5841
v 0.1943 -0.6861 -0.5784
v 0.1875 -0.6727 -0.5779
v 0.1840 -0.6762 -0.5172
v 0.1888 -0.6575 -0.5719
v 0.1900 -0.6393 -0.5662
v 0.1832 -0.6525 -0.5087
v 0.1879 -0.6343 -0.5025
v 0.1936 -0.6252 -0.5613
v 0.1923 -0.6224 -0.4991
v 0.1953 -0.5870 -0.5506
v 0.1928 -0.5515 -0.5368
v 0.1868 -0.5486 -0.4706
v 0.1856 -0.5378 -0.5330
v 0.1927 -0.5270 -0.5287
v 0.1927 -0.4962 -0.5222
v 0.1912 -0.4842 -0.4466
v 0.1909 -0.4699 -0.5128
v 0.1912 -0.4392 -0.4998
v 0.1920 -0.4232 -0.4946
v 0.1885 -0.4067 -0.4883
v 0.1933 -0.4051 -0.4207
v 0.1831 -0.3990 -0.4238
v 0.1846 -0.3903 -0.4813
v 0.1918 -0.3884 -0.4153
v 0.1852 -0.3729 -0.4146
v 0.1869 -0.3536 -0.4689
v 0.1904 -0.3407 -0.4049
v 0.1872 -0.3411 -0.4638
v 0.1852 -0.3388 -0.4090
v 0.1944 -0.3350 -0.4009
v 0.1877 -0.3162 -0.4531
v 0.1896 -0.3109 -0.3968
v 0.1885 -0.3091 -0.4508
v 0.1872 -0.2967 -0.4450
v 0.1888 -0.2815 -0.3867
v 0.1879 -0.2752 -0.4373
v 0.1929 -0.2560 -0.4335
v 0.1862 -0.2611 -0.3835
v 0.1906 -0.2396 -0.4229
v 0.1840 -0.2468 -0.4167
v 0.1852 -0.2487 -0.3829
v 0.1832 -0.2277 -0.3882
v 0.1884 -0.2285 -0.4146
v 0.1835 -0.2374 -0.3857
v 0.1901 -0.2140 -0.4106
v 0.1892 -0.1968 -0.4015
v 0.1869 -0.2186 -0.4068
v 0.1842 -0.2145 -0.3881
v 0.1866 -0.1891 -0.3926
v 0.1880 -0.1979 -0.3696
v 0.1894 -0.1720 -0.3909
v 0.1854 -0.1866 -0.3741
v 0.1885 -0.1559 -0.3799
v 0.1896 -0.1677 -0.3567
v 0.1896 -0.1639 -0.3551
v 0.1893 -0.1555 -0.3493
v 0.1883 -0.1417 -0.3760
v 0.1900 -0.1447 -0.3800
v 0.1867 -0.1536 -0.3639
v 0.1865 -0.1450 -0.3476
v 0.1863 -0.1381 -0.3379
v 0.1865 -0.1467 -0.3680
v 0.1861 -0.1287 -0.3727
v 0.1888 -0.1288 -0.3173
v 0.1899 -0.1288 -0.3799
v 0.1843 -0.1237 -0.3141
v 0.1913 -0.1230 -0.2984
v 0.1888 -0.1205 -0.2900
v 0.1811 -0.1152 -0.2665
v 0.1855 -0.1115 -0.3751
v 0.1883 -0.1086 -0.3796
v 0.1989 -0.1072 -0.2586
v 0.1918 -0.0950 -0.2304
v 0.1854 -0.0913 -0.2187
v 0.1904 -0.0916 -0.3810
v 0.1871 -0.0935 -0.2226
v 0.1838 -0.0816 -0.2075
v 0.1862 -0.0847 -0.3738
v 0.1901 -0.0772 -0.2135
v 0.1927 -0.0763 -0.3778
v 0.1893 -0.0726 -0.3702
v 0.1896 -0.0640 -0.3598
v 0.1841 -0.0656 -0.2013
v 0.1899 -0.0498 -0.2184
v 0.1922 -0.0485 -0.3126
v 0.1862 -0.0378 -0.2758
v 0.1911 -0.0384 -0.2625
v 0.1935 -0.0419 -0.2420
v 0.1903 -0.0387 -0.2462
v 0.1902 -0.0423 -0.2319
v 0.1996 -1.0302 -0.7668
v 0.1869 -1.0272 -0.8251
v 0.1947 -1.0235 -0.7498
v 0.1955 -1.0217 -0.8373
v 0.1944 -1.0166 -0.7299
v 0.1936 -1.0212 -0.7138
v 0.1907 -1.0224 -0.6992
v 0.1962 -1.0127 -0.7052
v 0.1921 -1.0094 -0.7970
v 0.1960 -1.0103 -0.7496
v 0.1937 -1.0084 -0.6912
v 0.1974 -1.0084 -0.7841
v 0.1938 -1.0049 -0.7516
v 0.1962 -1.0092 -0.7280
v 0.1937 -1.0021 -0.7242
v 0.1926 -0.8282 -0.5957
v 0.1928 -0.8208 -0.6056
v 0.1916 -0.8200 -0.5846
v 0.1955 -0.8066 -0.5962
v 0.1949 -0.8047 -0.5802
v 0.1926 -0.8053 -0.5775
v 0.1962 -0.7855 -0.5777
v 0.1958 -0.7705 -0.5702
v 0.1920 -0.7815 -0.5672
v 0.1969 -0.7626 -0.5893
v 0.1956 -0.7557 -0.5633
v 0.1972 -0.7440 -0.5864
v 0.1885 -0.7499 -0.5511
v 0.1953 -0.7368 -0.5532
v 0.1960 -0.7262 -0.5483
v 0.1943 -0.7196 -0.5874
v 0.1972 -0.7018 -0.5810
v 0.1945 -0.7000 -0.5325
v 0.1919 -0.6970 -0.5292
v 0.1937 -0.6843 -0.5249
v 0.1934 -0.6721 -0.5203
v 0.1960 -0.6603 -0.5165
v 0.2001 -0.6607 -0.5216
v 0.1934 -0.6642 -0.5717
v 0.1887 -0.6460 -0.5694
v 0.1999 -0.6464 -0.5617
v 0.1972 -0.6436 -0.5115
v 0.1981 -0.6284 -0.5597
v 0.1956 -0.6019 -0.5548
v 0.1885 -0.5928 -0.4852
v 0.1946 -0.5708 -0.5441
v 0.1964 -0.5678 -0.5420
v 0.1931 -0.5658 -0.4764
v 0.1918 -0.5440 -0.4686
v 0.2029 -0.5526 -0.5338
v 0.1942 -0.5332 -0.5303
v 0.1920 -0.5251 -0.4614
v 0.2027 -0.5128 -0.5233
v 0.1967 -0.5013 -0.4522
v 0.1979 -0.4866 -0.5178
v 0.1888 -0.4745 -0.4442
v 0.2083 -0.4731 -0.5115
v 0.2052 -0.4604 -0.5080
v 0.1913 -0.4544 -0.5059
v 0.1792 -0.4336 -0.4373
v 0.2036 -0.4482 -0.4355
v 0.1947 -0.4437 -0.5023
v 0.1911 -0.4213 -0.4275
v 0.1863 -0.4164 -0.4277
v 0.1944 -0.3979 -0.4879
v 0.1963 -0.3956 -0.4876
v 0.1859 -0.3887 -0.4182
v 0.1983 -0.3816 -0.4844
v 0.1960 -0.3735 -0.4095
v 0.1901 -0.3635 -0.4752
v 0.2001 -0.3478 -0.4724
v 0.1956 -0.3104 -0.4566
v 0.1868 -0.2964 -0.3933
v 0.1903 -0.2906 -0.4459
v 0.1955 -0.2795 -0.3797
v 0.1926 -0.2683 -0.3781
v 0.1952 -0.2659 -0.4398
v 0.1954 -0.2437 -0.4297
v 0.1951 -0.2371 -0.3690
v 0.1995 -0.2064 -0.4174
v 0.1933 -0.2113 -0.3640
v 0.1932 -0.1958 -0.4070
v 0.1933 -0.1905 -0.3575
v 0.1923 -0.1773 -0.3987
v 0.1987 -0.1744 -0.4047
v 0.1923 -0.1755 -0.3533
v 0.1944 -0.1612 -0.3939
v 0.1953 -0.1576 -0.3403
v 0.1920 -0.1513 -0.3397
v 0.1944 -0.1493 -0.3882
v 0.1930 -0.1446 -0.3321
v 0.1951 -0.1406 -0.3254
v 0.1942 -0.1376 -0.3856
v 0.1967 -0.1286 -0.3077
v 0.2025 -0.1201 -0.2884
v 0.1991 -0.1235 -0.3902
v 0.1922 -0.1150 -0.2700
v 0.1983 -0.1023 -0.3897
v 0.1990 -0.1123 -0.2690
v 0.1969 -0.1043 -0.2512
v 0.1945 -0.0981 -0.2384
v 0.1960 -0.0888 -0.3863
v 0.1940 -0.0861 -0.2241
v 0.1952 -0.0734 -0.2200
v 0.1954 -0.0684 -0.3743
v 0.1939 -0.0614 -0.3623
v 0.1958 -0.0606 -0.2213
v 0.1911 -0.0554 -0.2159
v 0.1919 -0.0579 -0.3493
v 0.1954 -0.0494 -0.2311
v 0.1954 -0.0441 -0.2963
v 0.1948 -0.0434 -0.2942
v 0.1976 -1.0322 -0.8335
v 0.2001 -1.0345 -0.8205
v 0.2005 -1.0341 -0.8089
v 0.2030 -1.0346 -0.8451
v 0.2053 -1.0312 -0.7962
v 0.2015 -1.0253 -0.8511
v 0.2019 -1.0193 -0.7603
v 0.2052 -1.0170 -0.8432
v 0.2013 -1.0122 -0.8039
v 0.2016 -1.0123 -0.7644
v 0.1966 -1.0070 -0.7140
v 0.1964 -1.0118 -0.7086
v 0.1970 -0.7889 -0.5889
v 0.1974 -0.7854 -0.5897
v 0.1969 -0.7742 -0.5756
v 0.1984 -0.7567 -0.5722
v 0.1974 -0.7525 -0.5662
v 0.2005 -0.7381 -0.5652
v 0.1978 -0.7405 -0.5602
v 0.1980 -0.7327 -0.5833
v 0.2012 -0.7289 -0.5728
v 0.2023 -0.7209 -0.5609
v 0.2017 -0.7229 -0.5601
v 0.2011 -0.7171 -0.5765
v 0.1978 -0.7240 -0.5489
v 0.2020 -0.7022 -0.5450
v 0.2016 -0.6931 -0.5389
v 0.2019 -0.6788 -0.5324
v 0.1999 -0.6881 -0.5731
v 0.1954 -0.6682 -0.5725
v 0.1999 -0.6730 -0.5269
v 0.2068 -0.6557 -0.5530
v 0.2019 -0.6554 -0.5609
v 0.2014 -0.6357 -0.5111
v 0.1983 -0.6194 -0.5003
v 0.2027 -0.6131 -0.5009
v 0.2020 -0.6147 -0.5536
v 0.2052 -0.5983 -0.5470
v 0.2011 -0.6024 -0.4943
v 0.1953 -0.6016 -0.4905
v 0.1990 -0.5910 -0.4879
v 0.2022 -0.5888 -0.4890
v 0.2056 -0.5760 -0.5394
v 0.2053 -0.5587 -0.4784
v 0.2004 -0.5568 -0.5360
v 0.2007 -0.5421 -0.4695
v 0.2011 -0.5336 -0.4655
v 0.2003 -0.5356 -0.5292
v 0.2016 -0.5239 -0.5256
v 0.2040 -0.5207 -0.5240
v 0.2086 -0.5175 -0.4622
v 0.2087 -0.4917 -0.5157
v 0.2024 -0.4800 -0.4456
v 0.1959 -0.4653 -0.4406
v 0.2067 -0.4577 -0.5060
v 0.1964 -0.4276 -0.4285
v 0.2048 -0.4136 -0.4229
v 0.2019 -0.4117 -0.4222
v 0.2062 -0.4093 -0.4912
v 0.2052 -0.3952 -0.4878
v 0.2132 -0.3860 -0.4839
v 0.2012 -0.3539 -0.4033
v 0.2010 -0.3409 -0.4699
v 0.2047 -0.3244 -0.4651
v 0.1994 -0.3175 -0.3931
v 0.2006 -0.3065 -0.3879
v 0.1959 -0.2850 -0.4482
v 0.1960 -0.2948 -0.3855
v 0.2093 -0.2887 -0.4538
v 0.2006 -0.2699 -0.3734
v 0.2049 -0.2412 -0.4339
v 0.1971 -0.2286 -0.4242
v 0.1962 -0.2146 -0.3625
v 0.2055 -0.2097 -0.3538
v 0.2017 -0.1913 -0.4134
v 0.2000 -0.1891 -0.3502
v 0.1999 -0.1666 -0.4025
v 0.1974 -0.1648 -0.3429
v 0.2014 -0.1556 -0.3333
v 0.2061 -0.1476 -0.3225
v 0.2081 -0.1414 -0.3160
v 0.2016 -0.1377 -0.3934
v 0.1997 -0.1381 -0.3177
v 0.2096 -0.1348 -0.3983
v 0.1986 -0.1162 -0.2773
v 0.2024 -0.1004 -0.2518
v 0.2067 -0.0836 -0.2411
v 0.2006 -0.0759 -0.2289
v 0.2003 -0.0695 -0.3804
v 0.2010 -0.0618 -0.2308
v 0.1998 -0.0588 -0.3670
v 0.1978 -0.0518 -0.3339
v 0.2006 -0.0506 -0.2420
v 0.1980 -0.0512 -0.2348
v 0.2008 -0.0449 -0.2916
v 0.1982 -0.0425 -0.2827
v 0.1999 -0.0444 -0.2581
v 0.2063 -1.0347 -0.8508
v 0.2045 -1.0234 -0.8552
v 0.2066 -1.0245 -0.7882
v 0.2037 -1.0223 -0.7667
v 0.2023 -1.0255 -0.7653
v 0.2069 -1.0211 -0.8575
v 0.2049 -1.0141 -0.7952
v 0.2083 -1.0160 -0.8025
v 0.2016 -1.0103 -0.7718
v 0.2026 -0.7234 -0.5679
v 0.2047 -0.7016 -0.5560
v 0.2028 -0.7000 -0.5700
v 0.2076 -0.6640 -0.5481
v 0.2040 -0.6866 -0.5418
v 0.2067 -0.6777 -0.5462
v 0.2064 -0.6660 -0.5530
v 0.2043 -0.6746 -0.5358
v 0.2066 -0.6582 -0.5321
v 0.2082 -0.6550 -0.5359
v 0.2084 -0.6392 -0.5473
v 0.2069 -0.6414 -0.5219
v 0.2024 -0.6163 -0.5543
v 0.2072 -0.6276 -0.5139
v 0.2088 -0.6201 -0.5460
v 0.2069 -0.6144 -0.5057
v 0.2092 -0.6091 -0.5442
v 0.2075 -0.5927 -0.4950
v 0.2125 -0.5962 -0.5370
v 0.2030 -0.5878 -0.5467
v 0.2033 -0.5755 -0.4840
v 0.2030 -0.5729 -0.4820
v 0.2147 -0.5529 -0.5236
v 0.2058 -0.4979 -0.4529
v 0.2165 -0.5021 -0.5123
v 0.2107 -0.4891 -0.4519
v 0.2138 -0.4458 -0.4993
v 0.1979 -0.4402 -0.4328
v 0.2045 -0.4271 -0.4963
v 0.2017 -0.3889 -0.4135
v 0.2010 -0.3675 -0.4805
v 0.1984 -0.3692 -0.4068
v 0.2050 -0.3398 -0.3980
v 0.2122 -0.3258 -0.3932
v 0.2042 -0.3059 -0.4581
v 0.1947 -0.2875 -0.3828
v 0.2088 -0.2640 -0.4446
v 0.2076 -0.2770 -0.4488
v 0.2039 -0.2568 -0.4401
v 0.1999 -0.2472 -0.3672
v 0.2183 -0.2302 -0.4326
v 0.2071 -0.2379 -0.3615
v 0.1941 -0.2298 -0.3677
v 0.2162 -0.2286 -0.3560
v 0.2113 -0.2105 -0.4247
v 0.2028 -0.1932 -0.3497
v 0.2080 -0.1819 -0.4132
v 0.2068 -0.1839 -0.3437
v 0.2111 -0.1699 -0.4101
v 0.2076 -0.1565 -0.3296
v 0.2106 -0.1318 -0.3055
v 0.2068 -0.1284 -0.3026
v 0.2073 -0.1272 -0.3008
v 0.2077 -0.1145 -0.3955
v 0.2107 -0.1158 -0.2841
v 0.2090 -0.1021 -0.3964
v 0.2095 -0.1078 -0.2705
v 0.2051 -0.1039 -0.2602
v 0.2060 -0.0806 -0.3913
v 0.2095 -0.0951 -0.2551
v 0.2068 -0.0883 -0.2455
v 0.2047 -0.0695 -0.2360
v 0.2088 -0.0668 -0.3843
v 0.2055 -0.0593 -0.3730
v 0.2063 -0.0621 -0.2419
v 0.2024 -0.0544 -0.2402
v 0.2080 -0.0530 -0.3620
v 0.2075 -0.0498 -0.3503
v 0.2085 -0.0509 -0.2656
v 0.2066 -0.0531 -0.2527
v 0.1938 -0.0512 -0.3265
v 0.2127 -0.0496 -0.3148
v 0.2029 -0.0484 -0.3143
v 0.2058 -0.0464 -0.2990
v 0.2078 -1.0329 -0.8626
v 0.2135 -1.0366 -0.8574
v 0.2145 -1.0353 -0.8350
v 0.2131 -1.0309 -0.8179
v 0.2106 -1.0294 -0.8079
v 0.2136 -1.0281 -0.8797
v 0.2117 -1.0203 -0.8107
v 0.2127 -1.0200 -0.8665
v 0.2127 -1.0175 -0.8196
v 0.2081 -1.0143 -0.8316
v 0.2104 -0.6393 -0.5317
v 0.2084 -0.6516 -0.5336
v 0.2080 -0.6294 -0.5481
v 0.2092 -0.6300 -0.5190
v 0.2098 -0.6390 -0.5433
v 0.2139 -0.6159 -0.5259
v 0.2111 -0.6168 -0.5144
v 0.2144 -0.5963 -0.5092
v 0.2151 -0.6067 -0.5266
v 0.2124 -0.5764 -0.5317
v 0.2131 -0.5824 -0.4978
v 0.2132 -0.5690 -0.5281
v 0.2125 -0.5702 -0.4906
v 0.2153 -0.5625 -0.5232
v 0.2131 -0.5575 -0.4849
v 0.2090 -0.5491 -0.4763
v 0.2089 -0.5381 -0.4717
v 0.2096 -0.5410 -0.5249
v 0.2149 -0.5250 -0.5170
v 0.2134 -0.5067 -0.5150
v 0.2124 -0.5032 -0.4586
v 0.2149 -0.4983 -0.4586
v 0.2093 -0.4808 -0.5126
v 0.2103 -0.4609 -0.4419
v 0.2113 -0.4476 -0.5007
v 0.2105 -0.4547 -0.4394
v 0.2145 -0.4236 -0.4922
v 0.2143 -0.4192 -0.4276
v 0.2139 -0.4066 -0.4882
v 0.2206 -0.3926 -0.4814
v 0.2148 -0.3963 -0.4182
v 0.2079 -0.3852 -0.4121
v 0.2181 -0.3859 -0.4816
v 0.2176 -0.3632 -0.4763
v 0.2216 -0.3518 -0.4706
v 0.2096 -0.3450 -0.4719
v 0.2163 -0.3387 -0.4684
v 0.2098 -0.3184 -0.4629
v 0.2136 -0.3049 -0.4591
v 0.2121 -0.2988 -0.3818
v 0.2208 -0.2844 -0.3768
v 0.2093 -0.2788 -0.3738
v 0.2105 -0.2648 -0.3685
v 0.2108 -0.2676 -0.4456
v 0.2094 -0.2602 -0.3676
v 0.2168 -0.2476 -0.4384
v 0.2224 -0.2146 -0.4273
v 0.2060 -0.1881 -0.3454
v 0.2162 -0.2005 -0.4220
v 0.2144 -0.1933 -0.3448
v 0.2189 -0.1844 -0.4173
v 0.2148 -0.1927 -0.3441
v 0.2022 -0.1735 -0.3416
v 0.2116 -0.1663 -0.3340
v 0.2039 -0.1505 -0.3984
v 0.2095 -0.1614 -0.4061
v 0.2162 -0.1486 -0.4030
v 0.2132 -0.1480 -0.3203
v 0.2199 -0.1380 -0.4024
v 0.2184 -0.1243 -0.2975
v 0.2136 -0.1173 -0.2876
v 0.2152 -0.1021 -0.3989
v 0.2135 -0.0998 -0.2654
v 0.2112 -0.0809 -0.2484
v 0.2133 -0.0676 -0.2543
v 0.2101 -0.0691 -0.2471
v 0.2136 -0.0619 -0.2592
v 0.2175 -0.0642 -0.3860
v 0.2126 -0.0563 -0.2653
v 0.2201 -0.0569 -0.3785
v 0.2119 -0.0511 -0.3630
v 0.2158 -0.0536 -0.2833
v 0.2049 -0.0467 -0.2686
v 0.2187 -0.0473 -0.3423
v 0.2228 -1.0342 -0.9047
v 0.2147 -1.0352 -0.8769
v 0.2186 -1.0301 -0.8354
v 0.2180 -1.0261 -0.8860
v 0.2162 -1.0176 -0.8363
v 0.2172 -1.0222 -0.8282
v 0.2150 -1.0260 -0.8173
v 0.2149 -0.6029 -0.5182
v 0.2156 -0.5893 -0.5090
v 0.2161 -0.5799 -0.5240
v 0.2167 -0.5784 -0.5037
v 0.2197 -0.5582 -0.5053
v 0.2164 -0.5639 -0.4940
v 0.2194 -0.5505 -0.5112
v 0.2201 -0.5489 -0.5080
v 0.2154 -0.5488 -0.4836
v 0.2203 -0.5347 -0.4836
v 0.2190 -0.5313 -0.5121
v 0.2172 -0.5324 -0.4768
v 0.2126 -0.5274 -0.4694
v 0.2196 -0.5027 -0.4648
v 0.2198 -0.5123 -0.4695
v 0.2177 -0.4962 -0.4600
v 0.2194 -0.4789 -0.4548
v 0.2198 -0.4876 -0.5055
v 0.2177 -0.4719 -0.4506
v 0.2184 -0.4705 -0.5028
v 0.2140 -0.4689 -0.4464
v 0.2231 -0.4511 -0.4926
v 0.2192 -0.4391 -0.4389
v 0.2236 -0.4270 -0.4864
v 0.2163 -0.4309 -0.4333
v 0.2171 -0.3875 -0.4158
v 0.2210 -0.3692 -0.4756
v 0.2109 -0.3571 -0.4036
v 0.2268 -0.3470 -0.4665
v 0.2270 -0.3399 -0.4642
v 0.2255 -0.3278 -0.4620
v 0.2270 -0.2859 -0.4479
v 0.2179 -0.2753 -0.4478
v 0.2220 -0.2426 -0.3616
v 0.2165 -0.2270 -0.3564
v 0.2234 -0.2013 -0.4226
v 0.2154 -0.1888 -0.4184
v 0.2181 -0.1812 -0.4156
v 0.2247 -0.1706 -0.4120
v 0.2171 -0.1602 -0.3287
v 0.2253 -0.1531 -0.3226
v 0.2255 -0.1489 -0.4044
v 0.2260 -0.1312 -0.4017
v 0.2176 -0.1069 -0.2776
v 0.2156 -0.0916 -0.3981
v 0.2205 -0.0952 -0.2708
v 0.2208 -0.0804 -0.3963
v 0.2168 -0.0843 -0.2598
v 0.2175 -0.0711 -0.2606
v 0.2192 -0.0626 -0.2727
v 0.2173 -0.0577 -0.2761
v 0.2187 -0.0514 -0.3103
v 0.2157 -0.0518 -0.2960
v 0.2259 -1.0311 -0.8694
v 0.2297 -1.0278 -0.9102
v 0.2235 -1.0316 -0.8587
v 0.2260 -1.0267 -0.9022
v 0.2257 -1.0256 -0.8942
v 0.2249 -1.0252 -0.8738
v 0.2202 -1.0207 -0.8680
v 0.2224 -1.0220 -0.8651
v 0.2223 -1.0267 -0.8408
v 0.2227 -0.5366 -0.4945
v 0.2214 -0.5374 -0.4877
v 0.2200 -0.5506 -0.4958
v 0.2253 -0.5190 -0.4877
v 0.2223 -0.5205 -0.4790
v 0.2245 -0.5183 -0.4979
v 0.2250 -0.5041 -0.4987
v 0.2261 -0.5094 -0.4831
v 0.2263 -0.4931 -0.4943
v 0.2248 -0.5027 -0.4739
v 0.2259 -0.4836 -0.4942
v 0.2249 -0.4732 -0.4600
v 0.2276 -0.4740 -0.4899
v 0.2240 -0.4625 -0.4953
v 0.2249 -0.4588 -0.4535
v 0.2272 -0.4478 -0.4859
v 0.2258 -0.4364 -0.4439
v 0.2230 -0.4535 -0.4485
v 0.2259 -0.4372 -0.4859
v 0.2178 -0.4131 -0.4265
v 0.2255 -0.4160 -0.4817
v 0.2264 -0.4281 -0.4405
v 0.2240 -0.4086 -0.4819
v 0.2252 -0.4124 -0.4317
v 0.2236 -0.4005 -0.4249
v 0.2243 -0.3820 -0.4760
v 0.2321 -0.3720 -0.4655
v 0.2236 -0.3798 -0.4165
v 0.2303 -0.3712 -0.4193
v 0.2193 -0.3671 -0.4092
v 0.2230 -0.3624 -0.4097
v 0.2283 -0.3468 -0.4071
v 0.2261 -0.3298 -0.3991
v 0.2259 -0.3141 -0.4577
v 0.2265 -0.3116 -0.3913
v 0.2204 -0.2982 -0.4553
v 0.2190 -0.3097 -0.3873
v 0.2288 -0.2916 -0.3836
v 0.2264 -0.2699 -0.4431
v 0.2287 -0.2663 -0.3723
v 0.2260 -0.2576 -0.4397
v 0.2333 -0.2398 -0.4315
v 0.2194 -0.2162 -0.3517
v 0.2274 -0.1883 -0.3422
v 0.2259 -0.1652 -0.3315
v 0.2357 -0.1381 -0.4017
v 0.2238 -0.1331 -0.3051
v 0.2237 -0.1160 -0.2910
v 0.2325 -0.1127 -0.4023
v 0.2248 -0.1068 -0.2838
v 0.2265 -0.0927 -0.4004
v 0.2236 -0.0883 -0.2717
v 0.2289 -0.0733 -0.3942
v 0.2231 -0.0740 -0.2713
v 0.2207 -0.0682 -0.2695
v 0.2290 -0.0654 -0.3883
v 0.2253 -0.0630 -0.2870
v 0.2243 -0.0589 -0.2938
v 0.2292 -1.0349 -0.9232
v 0.2297 -1.0293 -0.8921
v 0.2232 -1.0356 -0.8713
v 0.2325 -1.0281 -0.9209
v 0.2270 -0.5004 -0.4827
v 0.2286 -0.4785 -0.4834
v 0.2273 -0.4909 -0.4748
v 0.2268 -0.4768 -0.4657
v 0.2318 -0.4460 -0.4673
v 0.2291 -0.4667 -0.4670
v 0.2309 -0.4440 -0.4590
v 0.2315 -0.4409 -0.4715
v 0.2282 -0.4503 -0.4552
v 0.2269 -0.4527 -0.4538
v 0.2320 -0.4404 -0.4654
v 0.2281 -0.4353 -0.4470
v 0.2328 -0.4356 -0.4676
v 0.2317 -0.4105 -0.4709
v 0.2324 -0.3965 -0.4340
v 0.2318 -0.3975 -0.4689
v 0.2294 -0.3882 -0.4254
v 0.2282 -0.3932 -0.4740
v 0.2385 -0.3719 -0.4517
v 0.2298 -0.3667 -0.4670
v 0.2311 -0.3552 -0.4133
v 0.2362 -0.3405 -0.4546
v 0.2258 -0.3410 -0.4030
v 0.2305 -0.3296 -0.4018
v 0.2217 -0.3256 -0.3948
v 0.2362 -0.3158 -0.4491
v 0.2327 -0.3180 -0.3986
v 0.2315 -0.3060 -0.4508
v 0.2362 -0.2937 -0.4426
v 0.2367 -0.2620 -0.3758
v 0.2276 -0.2427 -0.4350
v 0.2363 -0.2561 -0.3726
v 0.2238 -0.2519 -0.3648
v 0.2372 -0.2360 -0.4283
v 0.2319 -0.2253 -0.4283
v 0.2300 -0.2209 -0.3548
v 0.2249 -0.2042 -0.3477
v 0.2332 -0.1875 -0.4159
v 0.2373 -0.1627 -0.4062
v 0.2367 -0.1563 -0.4042
v 0.2361 -0.1536 -0.3250
v 0.2352 -0.1381 -0.3109
v 0.2359 -0.1199 -0.2973
v 0.2288 -0.1107 -0.2894
v 0.2337 -0.1092 -0.2909
v 0.2405 -0.1017 -0.4013
v 0.2306 -0.0818 -0.2820
v 0.2277 -0.0811 -0.2780
v 0.2299 -0.0731 -0.2843
v 0.2386 -0.0680 -0.3897
v 0.2332 -0.0676 -0.2950
v 0.2271 -0.0566 -0.3049
v 0.2323 -0.0591 -0.3059
v 0.2396 -0.0551 -0.3733
v 0.2268 -0.0495 -0.3638
v 0.2346 -0.0513 -0.3274
v 0.2270 -0.0477 -0.3535
v 0.2251 -0.0473 -0.3486
v 0.2337 -0.0485 -0.3380
v 0.2259 -0.0472 -0.3411
v 0.2382 -1.0410 -0.9385
v 0.2363 -1.0330 -0.9207
v 0.2318 -1.0356 -0.9057
v 0.2327 -1.0346 -0.9034
v 0.2318 -1.0338 -0.9410
v 0.2386 -1.0309 -0.9385
v 0.2315 -1.0274 -0.9136
v 0.2329 -0.4291 -0.4580
v 0.2338 -0.4083 -0.4649
v 0.2352 -0.4087 -0.4515
v 0.2325 -0.4204 -0.4480
v 0.2364 -0.3992 -0.4505
v 0.2318 -0.4102 -0.4400
v 0.2354 -0.3860 -0.4593
v 0.2376 -0.3815 -0.4470
v 0.2335 -0.3942 -0.4353
v 0.2326 -0.3849 -0.4286
v 0.2361 -0.3739 -0.4286
v 0.2356 -0.3544 -0.4190
v 0.2389 -0.3620 -0.4481
v 0.2384 -0.3541 -0.4243
v 0.2389 -0.3490 -0.4504
v 0.2377 -0.3404 -0.4152
v 0.2356 -0.3363 -0.4100
v 0.2370 -0.3215 -0.4046
v 0.2409 -0.3216 -0.4434
v 0.2322 -0.3074 -0.3931
v 0.2420 -0.3026 -0.4029
v 0.2393 -0.3047 -0.4420
v 0.2353 -0.3053 -0.3949
v 0.2366 -0.2753 -0.4373
v 0.2350 -0.2712 -0.4376
v 0.2372 -0.2755 -0.3828
v 0.2343 -0.2532 -0.4338
v 0.2468 -0.2555 -0.4223
v 0.2412 -0.2483 -0.4273
v 0.2377 -0.2452 -0.3693
v 0.2410 -0.2257 -0.3626
v 0.2332 -0.2282 -0.3592
v 0.2408 -0.2102 -0.4196
v 0.2364 -0.2025 -0.3506
v 0.2377 -0.2080 -0.4214
v 0.2414 -0.1849 -0.4114
v 0.2426 -0.2032 -0.4162
v 0.2414 -0.1941 -0.3503
v 0.2398 -0.1735 -0.3402
v 0.2387 -0.1732 -0.4089
v 0.2276 -0.1758 -0.3374
v 0.2383 -0.1665 -0.3359
v 0.2400 -0.1331 -0.4003
v 0.2383 -0.1029 -0.2913
v 0.2350 -0.0897 -0.2868
v 0.2367 -0.0501 -0.3602
v 0.2388 -1.0346 -0.9455
v 0.2361 -1.0373 -0.9269
v 0.2381 -0.3743 -0.4390
v 0.2391 -0.3611 -0.4318
v 0.2420 -0.3440 -0.4293
v 0.2392 -0.3390 -0.4174
v 0.2435 -0.3245 -0.4341
v 0.2432 -0.3235 -0.4193
v 0.2402 -0.3260 -0.4121
v 0.2431 -0.3063 -0.4077
v 0.2450 -0.3011 -0.4276
v 0.2381 -0.2920 -0.3915
v 0.2426 -0.2883 -0.4315
v 0.2431 -0.2851 -0.3959
v 0.2427 -0.2737 -0.3890
v 0.2438 -0.2810 -0.4277
v 0.2452 -0.2673 -0.4236
v 0.2443 -0.2624 -0.3850
v 0.2467 -0.2395 -0.4201
v 0.2432 -0.2380 -0.3704
v 0.2429 -0.2200 -0.3620
v 0.2401 -0.1889 -0.3474
v 0.2474 -0.1743 -0.4027
v 0.2363 -0.1837 -0.3432
v 0.2436 -0.1453 -0.3201
v 0.2465 -0.1373 -0.3143
v 0.2440 -0.1275 -0.3056
v 0.2483 -0.1251 -0.3982
v 0.2487 -0.1172 -0.3990
v 0.2394 -0.0862 -0.3987
v 0.2328 -0.0964 -0.2856
v 0.2376 -0.0810 -0.2907
v 0.2424 -0.0795 -0.2958
v 0.2389 -0.0682 -0.3010
v 0.2429 -0.0664 -0.3067
v 0.2443 -0.0661 -0.3858
v 0.2460 -0.0619 -0.3802
v 0.2438 -0.0579 -0.3203
v 0.2418 -0.0505 -0.3550
v 0.2502 -0.0538 -0.3456
v 0.2441 -0.0524 -0.3380
v 0.2442 -0.3228 -0.4248
v 0.2451 -0.3066 -0.4284
v 0.2447 -0.3065 -0.4142
v 0.2464 -0.2924 -0.4117
v 0.2453 -0.2966 -0.4099
v 0.2466 -0.2807 -0.4193
v 0.2475 -0.2781 -0.4042
v 0.2448 -0.2837 -0.3985
v 0.2461 -0.2678 -0.3920
v 0.2512 -0.2575 -0.4039
v 0.2496 -0.2616 -0.3954
v 0.2504 -0.2366 -0.3793
v 0.2518 -0.2358 -0.4116
v 0.2501 -0.2408 -0.3814
v 0.2485 -0.2304 -0.3732
v 0.2486 -0.2194 -0.4149
v 0.2462 -0.2156 -0.3631
v 0.2501 -0.2158 -0.3680
v 0.2521 -0.2101 -0.4084
v 0.2497 -0.2011 -0.3613
v 0.2501 -0.1859 -0.3557
v 0.2490 -0.1694 -0.3465
v 0.2517 -0.1715 -0.3975
v 0.2458 -0.1557 -0.3317
v 0.2460 -0.1545 -0.3995
v 0.2525 -0.1426 -0.3931
v 0.2442 -0.1206 -0.3011
v 0.2541 -0.1106 -0.3972
v 0.2563 -0.1023 -0.3960
v 0.2448 -0.0968 -0.2942
v 0.2473 -0.0903 -0.3978
v 0.2582 -0.0922 -0.3936
v 0.2444 -0.0863 -0.2949
v 0.2517 -0.0809 -0.3927
v 0.2532 -0.0731 -0.3869
v 0.2494 -0.0733 -0.3053
v 0.2486 -0.0636 -0.3158
v 0.2455 -0.0593 -0.3777
v 0.2507 -0.0562 -0.3651
v 0.2535 -0.0580 -0.3331
v 0.2508 -0.2566 -0.3970
v 0.2562 -0.2265 -0.3973
v 0.2540 -0.2279 -0.3821
v 0.2523 -0.2324 -0.3810
v 0.2528 -0.2152 -0.4076
v 0.2561 -0.2160 -0.3815
v 0.2532 -0.1989 -0.4038
v 0.2553 -0.2014 -0.3716
v 0.2479 -0.1888 -0.3539
v 0.2519 -0.1874 -0.4024
v 0.2548 -0.1774 -0.3934
v 0.2554 -0.1796 -0.3625
v 0.2573 -0.1684 -0.3595
v 0.2558 -0.1665 -0.3552
v 0.2518 -0.1643 -0.3456
v 0.2553 -0.1558 -0.3427
v 0.2555 -0.1534 -0.3883
v 0.2517 -0.1487 -0.3293
v 0.2559 -0.1408 -0.3246
v 0.2589 -0.1336 -0.3893
v 0.2562 -0.1336 -0.3171
v 0.2575 -0.1189 -0.3078
v 0.2603 -0.1119 -0.3931
v 0.2526 -0.1099 -0.3007
v 0.2565 -0.1006 -0.3015
v 0.2521 -0.0844 -0.3016
v 0.2550 -0.0711 -0.3134
v 0.2556 -0.0616 -0.3711
v 0.2541 -0.0637 -0.3222
v 0.2516 -0.0546 -0.3559
v 0.2529 -0.0567 -0.3382
v 0.2575 -0.2153 -0.3944
v 0.2565 -0.2186 -0.3867
v 0.2584 -0.2043 -0.3843
v 0.2569 -0.2065 -0.3801
v 0.2574 -0.1935 -0.3910
v 0.2570 -0.1953 -0.3749
v 0.2580 -0.1828 -0.3740
v 0.2582 -0.1769 -0.3839
v 0.2576 -0.1604 -0.3843
v 0.2573 -0.1643 -0.3566
v 0.2593 -0.1566 -0.3521
v 0.2635 -0.1481 -0.3731
v 0.2604 -0.1444 -0.3828
v 0.2616 -0.1334 -0.3224
v 0.2547 -0.1276 -0.3111
v 0.2614 -0.1188 -0.3912
v 0.2578 -0.1005 -0.3030
v 0.2660 -0.0884 -0.3858
v 0.2588 -0.0725 -0.3825
v 0.2557 -0.0763 -0.3093
v 0.2602 -0.0691 -0.3215
v 0.2607 -0.0656 -0.3713
v 0.2636 -0.0631 -0.3464
v 0.2616 -0.1564 -0.3670
v 0.2635 -0.1406 -0.3334
v 0.2673 -0.1353 -0.3330
v 0.2708 -0.1198 -0.3804
v 0.2694 -0.1250 -0.3242
v 0.2644 -0.1083 -0.3091
v 0.2636 -0.0891 -0.3098
v 0.2692 -0.0805 -0.3779
v 0.2679 -0.0776 -0.3229
v 0.2677 -0.0739 -0.3725
v 0.2667 -0.0681 -0.3636
v 0.2648 -0.0696 -0.3288
v 0.2639 -0.0637 -0.3580
v 0.2633 -0.0627 -0.3511
v 0.2686 -0.1402 -0.3469
v 0.2718 -0.1303 -0.3705
v 0.2723 -0.1316 -0.3394
v 0.2717 -0.1352 -0.3630
v 0.2701 -0.1298 -0.3306
v 0.2753 -0.1245 -0.3670
v 0.2738 -0.1167 -0.3251
v 0.2709 -0.1058 -0.3830
v 0.2686 -0.1147 -0.3157
v 0.2738 -0.1087 -0.3785
v 0.2737 -0.0980 -0.3204
v 0.2700 -0.0990 -0.3846
v 0.2731 -0.0898 -0.3218
v 0.2688 -0.0819 -0.3207
v 0.2741 -0.0803 -0.3329
v 0.2739 -0.0800 -0.3676
v 0.2732 -0.0737 -0.3479
v 0.2699 -0.0700 -0.3400
v 0.2726 -0.0736 -0.3577
v 0.2766 -0.1267 -0.3520
v 0.2782 -0.1218 -0.3443
v 0.2773 -0.1108 -0.3712
v 0.2800 -0.1147 -0.3582
v 0.2758 -0.1160 -0.3287
v 0.2796 -0.1055 -0.3328
v 0.2800 -0.0924 -0.3636
v 0.2802 -0.0929 -0.3371
v 0.2795 -0.0861 -0.3520
v 0.2756 -0.0804 -0.3618
v 0.2819 -0.1052 -0.3533
v 0.2804 -0.1100 -0.3396
v 0.2814 -0.0966 -0.3566
v 0.2819 -0.1011 -0.3474
v 0.2814 -0.1040 -0.3418
v 0.2804 -0.0924 -0.3603
v 0.2804 -0.0916 -0.3402
vn -0.9986 -0.0493 0.0205
vn -0.8608 -0.3516 0.3679
vn -0.9038 -0.4246 0.0539
vn -0.8978 -0.3331 -0.2880
vn -0.9574 -0.1088 -0.2675
vn -0.9151 -0.0099 -0.4031
vn -0.9329 0.1698 0.3175
vn -0.9544 0.2316 -0.1884
vn -0.9034 0.4272 -0.0370
vn -0.7894 0.6096 0.0721
vn -0.8068 -0.5871 -0.0663
vn -0.6760 -0.6791 -0.2861
vn -0.6047 -0.6299 -0.4873
vn -0.8348 -0.1718 -0.5231
vn -0.8138 0.1224 -0.5681
vn -0.7491 0.1031 0.6544
vn -0.8434 0.2886 -0.4533
vn -0.6898 0.4046 0.6003
vn -0.7312 0.5908 -0.3412
vn -0.6382 -0.7391 0.2156
vn -0.7328 -0.5943 -0.3312
vn -0.7062 -0.6068 0.3648
vn -0.8506 -0.2513 -0.4618
vn -0.4379 -0.2722 -0.8568
vn -0.7692 0.1524 -0.6206
vn -0.6763 0.4773 -0.5611
vn -0.6707 0.6080 0.4249
vn -0.6449 0.7237 -0.2455
vn -0.4938 -0.8533 0.1673
vn -0.5368 -0.7320 0.4194
vn -0.6956 -0.6243 -0.3555
vn -0.5611 -0.4794 0.6748
vn -0.6109 -0.3211 0.7237
vn -0.8020 0.0070 -0.5973
vn -0.6688 -0.1636 0.7252
vn -0.6822 0.3433 -0.6455
vn -0.0171 -0.9922 0.1235
vn -0.2725 -0.8671 0.4170
vn -0.7529 -0.4194 -0.5072
vn -0.7992 -0.2346 -0.5534
vn -0.7936 0.1096 -0.5985
vn -0.6430 0.4426 -0.6250
vn -0.4932 0.4190 0.7624
vn -0.5461 0.6141 -0.5698
vn -0.4445 0.6744 0.5896
vn -0.3537 0.8470 -0.3968
vn -0.5259 0.7862 -0.3246
vn -0.4822 0.8677 0.1204
vn -0.3715 0.8234 0.4290
vn -0.1021 -0.9901 -0.0960
vn -0.4915 -0.8686 -0.0629
vn -0.5403 -0.7323 -0.4145
vn -0.1437 -0.7901 0.5959
vn -0.4706 -0.6509 0.5957
vn -0.2436 -0.5216 0.8176
vn -0.7261 -0.5281 -0.4403
vn -0.8659 -0.0134 -0.5000
vn -0.2286 0.2400 0.9435
vn -0.4011 0.3578 0.8433
vn -0.6425 0.4152 -0.6441
vn -0.2330 0.5759 0.7836
vn -0.3629 0.7756 -0.5164
vn -0.2272 0.8897 -0.3959
vn -0.4514 -0.8823 -0.1337
vn -0.7149 -0.5900 -0.3753
vn -0.8030 -0.3040 -0.5126
vn -0.8096 -0.0334 -0.5861
vn -0.6468 0.4185 -0.6375
vn -0.7160 0.2653 -0.6458
vn -0.5250 0.6229 -0.5799
vn -0.2676 0.9505 -0.1581
vn -0.6977 -0.6889 -0.1964
vn 0.0008 -0.8665 0.4991
vn -0.8132 -0.3386 -0.4734
vn -0.8361 0.0062 -0.5486
vn -0.0655 -0.4029 0.9129
vn -0.7885 0.2234 -0.5730
vn -0.3228 -0.0388 0.9457
vn -0.5515 0.5998 -0.5797
vn -0.2056 0.7439 0.6358
vn 0.0177 0.8640 0.5032
vn -0.0893 0.9552 0.2823
vn -0.4466 -0.8915 -0.0761
vn -0.6708 -0.6946 -0.2599
vn -0.7408 -0.5303 -0.4123
vn -0.1218 -0.9698 0.2113
vn -0.8456 -0.2843 -0.4518
vn -0.7555 0.2992 -0.5829
vn -0.5030 0.6584 -0.5599
vn 0.0485 0.4854 0.8729
vn -0.1026 0.7669 -0.6335
vn -0.1067 0.9919 -0.0690
vn -0.2408 -0.9681 0.0694
vn -0.5094 -0.8464 -0.1552
vn -0.1736 -0.9848 -0.0101
vn -0.0917 -0.9885 0.1201
vn -0.0459 -0.7723 0.6336
vn 0.2160 -0.6690 0.7112
vn -0.8419 -0.2455 -0.4805
vn -0.6779 0.4890 -0.5489
vn 0.0636 0.1224 0.9904
vn -0.6004 0.5819 -0.5485
vn -0.3793 0.7814 -0.4956
vn -0.2501 0.8661 -0.4327
vn 0.1639 0.7339 0.6592
vn 0.2122 0.9409 0.2640
vn -0.2923 -0.9367 0.1925
vn -0.7475 -0.6220 -0.2333
vn -0.8159 -0.4896 -0.3075
vn 0.0610 -0.9627 0.2634
vn 0.1303 -0.9056 0.4037
vn -0.8259 -0.3133 -0.4688
vn -0.8289 0.0465 -0.5574
vn 0.1461 -0.2677 0.9524
vn -0.6960 0.4531 -0.5570
vn -0.1470 0.9171 -0.3705
vn 0.4102 0.4327 0.8028
vn 0.0611 0.9745 -0.2157
vn -0.6540 -0.7327 -0.1883
vn -0.3005 -0.9531 0.0357
vn -0.7732 -0.5210 -0.3615
vn 0.3145 -0.8346 0.4522
vn -0.8184 -0.0476 -0.5727
vn -0.6966 0.2481 -0.6732
vn 0.5044 -0.2138 0.8366
vn -0.6396 0.5031 -0.5812
vn -0.2813 0.8415 -0.4612
vn 0.3264 0.8679 0.3745
vn 0.0207 0.9578 -0.2866
vn 0.2716 0.9611 -0.0505
vn -0.2258 -0.9562 0.1864
vn -0.1055 -0.9936 0.0410
vn 0.1733 -0.9375 0.3017
vn -0.7749 -0.4450 -0.4489
vn -0.8014 -0.2444 -0.5459
vn 0.3843 -0.8080 0.4466
vn -0.6311 -0.1948 -0.7509
vn 0.4766 -0.5106 0.7156
vn -0.7241 0.3336 -0.6036
vn -0.4875 0.6849 -0.5415
vn -0.4844 0.7108 -0.5100
vn -0.0386 0.9567 -0.2886
vn 0.1461 0.9539 -0.2623
vn 0.5657 0.6527 0.5040
vn -0.5512 -0.8117 -0.1931
vn -0.6025 -0.7758 -0.1875
vn -0.5168 -0.8561 0.0007
vn -0.6081 -0.7900 -0.0775
vn 0.2887 -0.8797 0.3779
vn 0.4732 -0.7047 0.5286
vn 0.6636 -0.4853 0.5693
vn -0.7521 0.1577 -0.6399
vn 0.4564 0.1037 0.8837
vn -0.5639 0.5164 -0.6445
vn -0.5452 0.5900 -0.5955
vn -0.3404 0.8095 -0.4784
vn 0.6037 0.5232 0.6015
vn 0.1995 0.9560 -0.2151
vn 0.0798 0.9824 -0.1688
vn 0.4683 0.8783 0.0961
vn 0.6430 0.7506 0.1520
vn -0.2819 -0.9575 0.0609
vn -0.3807 -0.8452 -0.3750
vn -0.6967 -0.7156 -0.0509
vn 0.0307 -0.9805 0.1943
vn 0.0347 -0.9573 0.2870
vn -0.7470 -0.4707 -0.4694
vn 0.4769 -0.7569 0.4468
vn -0.8335 -0.0732 -0.5477
vn 0.6198 -0.6160 0.4862
vn 0.6724 -0.3421 0.6564
vn -0.6453 0.4323 -0.6298
vn -0.5810 0.5494 -0.6005
vn -0.5313 0.5822 -0.6155
vn -0.3881 0.7520 -0.5328
vn 0.7833 0.3929 0.4817
vn 0.5775 0.1556 0.8014
vn 0.6514 0.3523 0.6720
vn 0.1206 0.9028 -0.4128
vn 0.5852 0.7356 0.3412
vn 0.1160 -0.9360 0.3323
vn -0.7648 -0.5330 -0.3619
vn 0.3675 -0.8302 0.4193
vn -0.8077 -0.2883 -0.5143
vn 0.5190 -0.7162 0.4665
vn -0.8194 -0.0365 -0.5721
vn -0.8023 -0.2649 -0.5349
vn 0.7136 -0.4739 0.5159
vn -0.7178 0.2821 -0.6365
vn 0.7251 -0.4164 0.5486
vn 0.8034 -0.2299 0.5493
vn -0.6175 0.4656 -0.6340
vn 0.7330 -0.1764 0.6569
vn 0.7308 -0.0036 0.6826
vn -0.4536 0.6715 -0.5860
vn 0.8294 0.1544 0.5369
vn -0.3603 0.7691 -0.5279
vn 0.8825 0.2931 0.3680
vn -0.2212 0.8633 -0.4536
vn -0.2096 0.8831 -0.4196
vn 0.7888 0.5465 0.2812
vn -0.0123 0.9455 -0.3255
vn 0.0002 0.9638 -0.2665
vn 0.3227 0.9446 -0.0601
vn 0.4817 0.8751 0.0460
vn 0.7197 0.6688 0.1865
vn -0.2372 -0.9221 -0.3056
vn -0.5924 -0.7497 -0.2950
vn 0.0906 -0.9423 0.3223
vn -0.3744 -0.7742 -0.5103
vn 0.1813 -0.9020 0.3918
vn -0.7665 -0.4736 -0.4339
vn 0.2397 -0.8813 0.4073
vn 0.4581 -0.7477 0.4807
vn -0.8214 -0.0723 -0.5658
vn -0.7594 0.1868 -0.6233
vn 0.6536 -0.5707 0.4972
vn -0.5666 0.1731 -0.8056
vn -0.7038 0.3913 -0.5929
vn -0.6020 0.4985 -0.6237
vn -0.4775 0.6547 -0.5859
vn -0.3543 0.7687 -0.5325
vn 0.8815 0.0685 0.4672
vn 0.8660 0.2281 0.4450
vn 0.9107 0.2132 0.3538
vn 0.8478 0.3647 0.3851
vn 0.8070 0.5221 0.2758
vn 0.1982 0.9563 -0.2149
vn 0.5970 0.7977 0.0858
vn 0.2882 0.9513 -0.1096
vn -0.8485 0.1833 -0.4965
vn -0.2645 -0.9515 -0.1575
vn -0.1642 -0.9848 0.0575
vn 0.0009 -0.9589 0.2838
vn -0.1046 -0.9643 0.2434
vn -0.4290 -0.7158 -0.5511
vn -0.7367 -0.5362 -0.4121
vn 0.3124 -0.8441 0.4357
vn -0.8531 -0.2903 -0.4335
vn -0.8317 -0.1678 -0.5293
vn 0.6004 -0.6319 0.4901
vn 0.6177 -0.6290 0.4720
vn 0.6903 -0.5115 0.5118
vn -0.7333 0.3149 -0.6026
vn 0.7674 -0.3699 0.5238
vn 0.8407 -0.2152 0.4968
vn -0.6418 0.4674 -0.6079
vn 0.8348 -0.1724 0.5228
vn 0.8459 0.0088 0.5333
vn -0.5270 0.6171 -0.5843
vn -0.2707 0.8195 -0.5051
vn 0.8801 0.1946 0.4331
vn 0.7724 0.4465 0.4517
vn -0.1315 0.9072 -0.3995
vn 0.8314 0.4630 0.3074
vn 0.8591 0.3842 0.3381
vn 0.0811 0.9432 -0.3221
vn 0.7452 0.6293 0.2207
vn 0.2433 0.9615 -0.1279
vn 0.3979 0.9172 0.0186
vn 0.4227 0.8503 0.3136
vn 0.6317 0.7569 0.1677
vn 0.5371 0.8404 0.0728
vn 0.0330 -0.7362 -0.6759
vn -0.8516 0.5061 0.1369
vn -0.7601 -0.6236 0.1829
vn 0.6574 0.2672 -0.7046
vn -0.1163 0.9876 -0.1050
vn -0.5747 -0.7899 -0.2138
vn -0.3892 -0.9126 -0.1251
vn 0.0502 -0.9713 -0.2326
vn -0.5001 -0.7944 -0.3447
vn -0.7330 -0.5534 -0.3955
vn 0.3143 -0.8453 0.4321
vn 0.6142 -0.5877 0.5267
vn -0.7432 0.2970 -0.5996
vn 0.8161 -0.2211 0.5339
vn 0.7713 -0.3575 0.5266
vn -0.6262 0.5123 -0.5877
vn -0.5130 0.6437 -0.5679
vn -0.4623 0.6812 -0.5677
vn 0.8884 0.0939 0.4493
vn 0.8619 0.2952 0.4122
vn 0.8160 0.4641 0.3447
vn -0.0351 0.9604 -0.2766
vn 0.8460 0.5160 0.1342
vn 0.6976 0.6820 0.2196
vn -0.3275 -0.9241 0.1968
vn 0.7775 -0.6282 -0.0276
vn -0.9879 0.0796 0.1333
vn 0.6101 0.7902 -0.0577
vn -0.2008 -0.9765 0.0783
vn -0.2314 -0.9542 0.1897
vn 0.1441 -0.9411 0.3058
vn -0.7345 -0.5890 -0.3370
vn -0.7943 -0.4789 -0.3737
vn 0.4278 -0.7818 0.4536
vn -0.8188 -0.2133 -0.5330
vn 0.4777 -0.7285 0.4909
vn 0.6429 -0.5337 0.5494
vn 0.5713 -0.6802 0.4594
vn -0.8104 0.1305 -0.5711
vn -0.7562 0.2836 -0.5897
vn 0.8455 0.0114 0.5338
vn 0.7941 -0.1036 0.5989
vn -0.5826 0.5809 -0.5684
vn -0.4295 0.7234 -0.5405
vn -0.2836 0.8432 -0.4568
vn 0.8470 0.3458 0.4037
vn -0.1969 0.8564 -0.4772
vn 0.1536 0.9585 -0.2401
vn 0.2695 0.9562 -0.1142
vn 0.4332 0.9012 -0.0121
vn 0.5254 0.8469 0.0817
vn 0.7127 -0.6639 -0.2265
vn -0.3264 -0.9389 0.1093
vn 0.1643 0.9781 -0.1275
vn 0.7982 0.4960 -0.3419
vn -0.7561 -0.6085 0.2412
vn -0.9377 0.2891 0.1926
vn -0.3144 0.9484 -0.0397
vn -0.4916 -0.8618 -0.1255
vn -0.3419 -0.9396 -0.0153
vn -0.0496 -0.9725 0.2277
vn -0.6873 -0.6723 -0.2752
vn -0.6621 -0.7130 -0.2307
vn 0.0321 -0.9791 0.2010
vn -0.7560 -0.5230 -0.3935
vn 0.3146 -0.8601 0.4017
vn 0.4350 -0.7809 0.4483
vn -0.8226 -0.2354 -0.5176
vn 0.4947 -0.7038 0.5098
vn -0.6591 0.0268 -0.7516
vn -0.6564 0.3251 -0.6808
vn -0.6762 0.4402 -0.5907
vn -0.4959 0.6909 -0.5261
vn -0.4929 0.7270 -0.4780
vn 0.8470 -0.0957 0.5229
vn 0.9348 0.1163 0.3357
vn 0.8704 0.1613 0.4652
vn -0.3945 0.7713 -0.4995
vn -0.2266 0.9008 -0.3705
vn 0.8535 0.2746 0.4428
vn 0.7734 0.4707 0.4246
vn 0.7583 0.5827 0.2924
vn 0.7933 0.5133 0.3274
vn -0.0701 0.9232 -0.3780
vn 0.3703 0.8781 -0.3030
vn 0.6504 0.7506 0.1166
vn 0.6890 0.6808 0.2486
vn 0.3111 0.9410 -0.1331
vn -0.2473 -0.9655 0.0818
vn -0.8307 -0.5088 0.2259
vn -0.8418 -0.4833 0.2403
vn -0.9161 0.0861 0.3915
vn -0.4729 0.6910 -0.5467
vn -0.5007 0.8655 0.0158
vn -0.4984 -0.8136 -0.2993
vn -0.8489 -0.5096 0.1404
vn -0.7305 -0.5805 -0.3598
vn 0.1360 -0.9530 0.2706
vn 0.2684 -0.8978 0.3493
vn -0.7837 -0.4484 -0.4298
vn -0.8260 -0.2051 -0.5250
vn 0.5077 -0.7232 0.4682
vn -0.7991 0.0650 -0.5977
vn 0.5904 -0.6206 0.5160
vn 0.6346 -0.5497 0.5433
vn -0.7496 0.2633 -0.6073
vn 0.7181 -0.3931 0.5742
vn 0.7846 -0.3088 0.5376
vn -0.6701 0.4540 -0.5873
vn 0.8433 0.1612 0.5128
vn -0.5456 0.6238 -0.5596
vn 0.8667 0.0301 0.4979
vn -0.3908 0.8148 -0.4283
vn 0.7968 0.4692 0.3808
vn -0.1736 0.9099 -0.3767
vn 0.7035 0.6580 0.2685
vn 0.5472 0.8319 0.0927
vn 0.7155 -0.6707 -0.1956
vn 0.0939 -0.9927 0.0762
vn -0.9598 0.0803 0.2691
vn 0.6693 0.6737 -0.3132
vn -0.5269 0.8479 0.0587
vn -0.6517 -0.7286 -0.2107
vn -0.3827 -0.9239 -0.0008
vn 0.0714 -0.9972 -0.0237
vn -0.7815 -0.4909 -0.3850
vn 0.4483 -0.7730 0.4489
vn 0.3985 -0.8170 0.4167
vn -0.7939 -0.3274 -0.5124
vn 0.5637 -0.6607 0.4957
vn 0.5786 -0.6352 0.5116
vn 0.6961 -0.4743 0.5390
vn -0.7161 0.3246 -0.6180
vn 0.7075 -0.4393 0.5536
vn 0.8154 -0.1839 0.5490
vn 0.8366 0.0681 0.5436
vn 0.7714 -0.2422 0.5885
vn -0.5124 0.5757 -0.6371
vn -0.4883 0.6646 -0.5655
vn 0.9280 -0.3670 0.0642
vn -0.4616 0.7172 -0.5221
vn -0.3122 0.8216 -0.4771
vn 0.8509 0.2662 0.4528
vn 0.8122 0.4431 0.3795
vn 0.7631 0.5321 0.3667
vn 0.1662 0.8595 -0.4834
vn 0.5658 0.8180 0.1034
vn 0.8386 0.3813 -0.3890
vn 0.6781 0.6557 -0.3320
vn 0.6463 -0.7547 -0.1131
vn -0.4488 -0.8743 0.1847
vn 0.5848 0.7818 -0.2164
vn -0.6429 -0.7276 -0.2394
vn -0.4584 -0.8875 -0.0473
vn -0.2868 -0.9257 0.2466
vn -0.7419 -0.5142 -0.4303
vn 0.2620 -0.8978 0.3540
vn 0.3097 -0.8704 0.3827
vn -0.8065 -0.1255 -0.5778
vn -0.8006 0.0115 -0.5991
vn 0.6291 -0.5913 0.5046
vn 0.6761 -0.5034 0.5380
vn -0.7522 0.2457 -0.6115
vn -0.6367 0.4798 -0.6037
vn 0.8001 -0.2424 0.5487
vn -0.5534 0.6107 -0.5664
vn -0.3812 0.7708 -0.5104
vn -0.2243 0.8749 -0.4292
vn 0.8214 0.3931 0.4132
vn 0.7399 0.6029 0.2983
vn 0.6740 0.6985 0.2405
vn 0.7819 0.5230 0.3393
vn 0.0353 0.9629 -0.2676
vn 0.1198 0.9626 -0.2430
vn 0.1424 0.9897 0.0132
vn 0.3499 0.9366 -0.0167
vn 0.5422 0.8347 0.0964
vn 0.6022 0.7691 0.2142
vn 0.6954 -0.6021 -0.3922
vn 0.9220 -0.2895 -0.2571
vn 0.0444 -0.9597 -0.2774
vn -0.1238 -0.9888 0.0832
vn -0.4670 -0.8497 0.2447
vn 0.3208 0.8998 -0.2957
vn -0.8377 -0.4888 0.2437
vn -0.9094 -0.1590 0.3843
vn 0.4961 0.8679 -0.0245
vn -0.9073 0.4159 0.0617
vn 0.1780 0.9678 -0.1779
vn -0.5696 0.8127 0.1225
vn -0.9533 0.0497 0.2980
vn -0.5933 0.7908 -0.1503
vn -0.5931 -0.8026 -0.0634
vn -0.4133 -0.9102 -0.0274
vn 0.0893 -0.9472 0.3079
vn -0.8015 -0.3286 -0.4997
vn -0.8151 -0.0591 -0.5763
vn 0.5928 -0.6303 0.5014
vn 0.7084 -0.4487 0.5448
vn 0.8093 -0.2490 0.5321
vn -0.5961 0.5563 -0.5790
vn 0.8447 -0.0169 0.5349
vn -0.5876 0.5366 -0.6056
vn -0.4515 0.7056 -0.5461
vn 0.8694 0.1442 0.4726
vn -0.2604 0.8440 -0.4688
vn 0.8423 0.2942 0.4516
vn 0.7708 0.5245 0.3617
vn 0.7251 0.6250 0.2891
vn 0.1734 0.9588 -0.2248
vn 0.5590 0.8287 0.0286
vn 0.7253 -0.6006 -0.3365
vn -0.5847 -0.7824 0.2144
vn -0.5736 -0.6829 0.4523
vn -0.3373 0.2737 -0.9007
vn -0.5935 -0.4450 0.6706
vn -0.8434 0.5171 0.1460
vn -0.9990 -0.0154 -0.0421
vn -0.5271 -0.8218 -0.2164
vn -0.5555 -0.8097 -0.1891
vn -0.1682 -0.9346 0.3135
vn -0.2910 -0.9448 0.1507
vn -0.7121 -0.5933 -0.3754
vn -0.7165 -0.6322 -0.2950
vn -0.1292 -0.9724 0.1944
vn 0.1924 -0.9028 0.3845
vn -0.7917 -0.3810 -0.4775
vn 0.3982 -0.8123 0.4261
vn -0.8297 -0.2148 -0.5153
vn 0.4823 -0.7194 0.4998
vn 0.5914 -0.6077 0.5300
vn -0.7650 0.2072 -0.6098
vn 0.7200 -0.4369 0.5392
vn 0.7467 -0.4445 0.4949
vn -0.6630 0.4532 -0.5958
vn -0.6780 0.3339 -0.6549
vn 0.7671 -0.2957 0.5693
vn -0.4425 0.7156 -0.5405
vn 0.8385 -0.0940 0.5367
vn 0.9874 0.0599 0.1465
vn 0.9249 0.1658 0.3422
vn -0.2856 0.8281 -0.4824
vn 0.8210 0.3958 0.4115
vn -0.0395 0.9227 -0.3835
vn 0.7592 0.5884 0.2782
vn 0.6735 0.6807 0.2882
vn 0.1551 0.8749 -0.4589
vn -0.0100 0.9515 -0.3074
vn 0.6830 0.7051 0.1907
vn 0.1132 0.8541 0.5076
vn 0.6398 0.7397 -0.2087
vn -0.5519 -0.5184 0.6532
vn -0.9291 -0.1981 0.3124
vn 0.4145 0.6865 -0.5974
vn -0.7733 -0.6107 -0.1701
vn -0.7187 -0.6936 -0.0486
vn -0.7667 -0.6402 0.0474
vn -0.8343 -0.5283 0.1576
vn -0.4285 0.8736 -0.2306
vn -0.9947 -0.0761 -0.0687
vn -0.7886 0.6086 -0.0882
vn -0.9855 0.1574 0.0637
vn -0.9624 0.0349 0.2695
vn -0.7416 0.6699 -0.0350
vn -0.7932 0.5954 0.1279
vn -0.4874 -0.8701 -0.0733
vn -0.2872 -0.9579 -0.0022
vn -0.7232 -0.6035 -0.3358
vn -0.7572 -0.5331 -0.3773
vn -0.0784 -0.8118 0.5787
vn 0.2968 -0.8533 0.4287
vn -0.6966 -0.4414 -0.5656
vn 0.5257 -0.6710 0.5229
vn -0.8177 0.0198 -0.5753
vn 0.8425 -0.0931 0.5306
vn -0.6452 0.4818 -0.5930
vn 0.7833 -0.2986 0.5452
vn -0.3750 0.7719 -0.5135
vn 0.8246 0.1839 0.5350
vn -0.3726 0.7881 -0.4899
vn -0.1588 0.8889 -0.4297
vn 0.8025 0.4667 0.3717
vn -0.0643 0.9236 -0.3780
vn 0.3090 0.9473 -0.0848
vn 0.4672 0.8786 0.0988
vn -0.6957 -0.1569 -0.7009
vn -0.1865 -0.9809 0.0549
vn -0.2948 -0.9495 0.1077
vn -0.6489 -0.6431 -0.4066
vn -0.1968 -0.9782 -0.0655
vn -0.3861 -0.8723 0.3000
vn -0.5259 -0.7551 0.3915
vn -0.7284 -0.6739 0.1240
vn -0.5743 -0.8184 0.0195
vn -0.7427 -0.6634 0.0909
vn -0.4128 0.7539 -0.5111
vn -0.8534 -0.3602 0.3769
vn -0.4692 0.7798 -0.4144
vn -0.3975 0.8615 -0.3159
vn -0.5707 0.8195 -0.0526
vn -0.7211 0.6906 -0.0553
vn -0.5287 0.8488 -0.0050
vn -0.6918 0.7220 0.0117
vn -0.8692 0.4813 0.1133
vn -0.3568 -0.9341 -0.0115
vn -0.6205 -0.7272 -0.2936
vn -0.1635 -0.9779 0.1302
vn 0.2264 -0.9333 0.2786
vn 0.2210 -0.8822 0.4159
vn -0.8352 -0.2851 -0.4702
vn 0.3675 -0.7923 0.4870
vn 0.4774 -0.7111 0.5161
vn -0.8397 0.0296 -0.5422
vn 0.5982 -0.5889 0.5434
vn 0.6684 -0.4767 0.5710
vn 0.7003 -0.4172 0.5792
vn 0.5973 -0.5277 0.6040
vn -0.7280 0.3645 -0.5806
vn 0.8392 0.0110 0.5437
vn -0.5271 0.6585 -0.5371
vn 0.8222 0.3517 0.4476
vn -0.2580 0.8525 -0.4546
vn 0.6310 0.7475 0.2074
vn 0.6771 0.6843 0.2708
vn 0.5955 0.7729 0.2192
vn 0.1843 0.9632 -0.1955
vn 0.2462 0.9554 -0.1631
vn 0.5283 0.8464 0.0677
vn 0.6981 -0.4596 -0.5490
vn -0.8585 -0.5094 0.0599
vn -0.1535 -0.9826 0.1046
vn -0.1579 -0.9413 -0.2983
vn -0.2286 -0.9698 -0.0855
vn -0.2464 -0.9463 0.2095
vn 0.3305 0.7277 -0.6010
vn -0.9965 -0.0730 -0.0409
vn -0.8528 -0.4909 0.1781
vn -0.9210 -0.3606 0.1474
vn -0.9964 0.0168 -0.0833
vn -0.7745 -0.6312 -0.0408
vn -0.8002 -0.5279 -0.2847
vn -0.4005 -0.9149 -0.0500
vn -0.4023 -0.9155 -0.0056
vn -0.5117 -0.8575 0.0537
vn -0.3700 -0.9223 0.1120
vn -0.5640 0.8255 0.0190
vn -0.7366 0.6763 0.0053
vn -0.8931 0.4419 -0.0840
vn -0.7710 0.3210 -0.5501
vn -0.5355 -0.8186 0.2077
vn -0.6995 -0.5586 0.4458
vn -0.4508 0.8241 -0.3430
vn -0.6922 0.1037 0.7143
vn -0.4430 0.7773 -0.4467
vn -0.8908 0.0078 0.4544
vn -0.5078 0.8602 -0.0466
vn -0.8011 0.5940 -0.0734
vn -0.9767 0.2010 0.0749
vn -0.9398 -0.0937 0.3287
vn -0.9669 0.1285 -0.2203
vn -0.8225 -0.1683 0.5433
vn -0.8757 0.2687 -0.4011
vn -0.9606 0.2095 -0.1825
vn -0.9752 0.0635 0.2120
vn -0.4336 -0.8839 -0.1752
vn -0.1235 -0.9863 0.1091
vn -0.6649 -0.7217 -0.1924
vn 0.1454 -0.9601 0.2388
vn -0.7619 -0.5343 -0.3662
vn -0.8295 -0.3384 -0.4443
vn 0.3358 -0.8107 0.4796
vn 0.4200 -0.7496 0.5116
vn -0.8311 0.0483 -0.5540
vn 0.5958 -0.5733 0.5624
vn -0.7732 0.2675 -0.5750
vn -0.6876 0.2714 -0.6735
vn -0.6658 0.4891 -0.5635
vn 0.7535 -0.2647 0.6018
vn -0.5528 0.6467 -0.5256
vn 0.8287 -0.0681 0.5556
vn -0.4436 0.7505 -0.4898
vn -0.3616 0.8115 -0.4591
vn -0.2550 0.8706 -0.4207
vn 0.8119 0.1980 0.5491
vn 0.8637 0.2543 0.4351
vn 0.7571 0.5231 0.3913
vn 0.0393 0.9470 -0.3188
vn 0.7283 0.6265 0.2777
vn 0.3651 0.9120 -0.1872
vn 0.2876 0.9392 -0.1875
vn 0.4379 0.8840 -0.1637
vn 0.3817 0.9216 -0.0705
vn 0.9659 -0.2059 -0.1569
vn 0.3112 -0.9492 -0.0461
vn -0.1131 -0.9525 -0.2826
vn -0.1432 -0.9860 -0.0860
vn -0.2214 -0.9293 0.2955
vn 0.2821 0.9438 -0.1725
vn -0.2863 -0.9082 0.3054
vn -0.2198 -0.9689 0.1139
vn -0.3531 -0.9278 0.1205
vn 0.4815 0.8719 -0.0885
vn 0.4365 0.8966 -0.0745
vn -0.2842 0.9298 -0.2339
vn 0.0286 0.9987 -0.0421
vn -0.4021 -0.7175 0.5687
vn -0.0237 0.9455 -0.3248
vn -0.0419 0.9062 -0.4207
vn -0.3161 0.8758 -0.3648
vn -0.3833 0.9084 -0.1669
vn -0.3966 0.9165 -0.0530
vn -0.4384 0.8988 0.0027
vn -0.6195 -0.4084 0.6703
vn -0.5014 0.8374 -0.2176
vn -0.7737 0.4381 -0.4576
vn -0.6911 -0.2240 0.6871
vn -0.6099 -0.1211 0.7832
vn -0.8387 0.2226 -0.4970
vn -0.7282 0.2938 -0.6192
vn -0.8731 -0.0685 0.4827
vn -0.9208 0.2087 -0.3296
vn -0.9677 0.0369 0.2492
vn -0.9717 0.0354 0.2336
vn -0.9855 0.1035 -0.1343
vn -0.9782 0.1536 -0.1399
vn -0.9608 -0.0265 0.2760
vn -0.8776 -0.1052 0.4678
vn -0.9921 0.0850 -0.0918
vn -0.9855 0.1111 -0.1279
vn -0.5346 -0.8448 -0.0244
vn -0.2168 -0.9740 0.0650
vn 0.0289 -0.9864 0.1620
vn 0.0426 -0.9563 0.2893
vn 0.2108 -0.9071 0.3643
vn -0.8154 -0.4366 -0.3801
vn -0.8322 -0.0850 -0.5479
vn 0.5206 -0.6568 0.5456
vn 0.6264 -0.4803 0.6139
vn -0.6636 0.0662 -0.7451
vn -0.8258 0.2557 -0.5026
vn 0.7047 -0.3313 0.6273
vn -0.6137 0.5101 -0.6026
vn 0.8026 -0.1363 0.5808
vn 0.8596 0.1405 0.4913
vn 0.7146 0.5199 0.4681
vn 0.7474 0.5722 0.3376
vn 0.1843 0.9525 -0.2423
vn 0.6788 0.7132 0.1749
vn 0.9955 -0.0044 -0.0950
vn 0.9991 0.0015 -0.0435
vn 0.6558 -0.7514 0.0732
vn 0.6052 -0.7790 0.1643
vn -0.0487 -0.9931 0.1069
vn -0.1447 -0.9855 0.0886
vn -0.1354 -0.9588 0.2496
vn 0.9562 0.2430 0.1634
vn 0.7239 0.6345 -0.2709
vn 0.4024 -0.9031 -0.1499
vn -0.2061 -0.9694 0.1335
vn -0.2612 -0.9652 -0.0086
vn -0.2007 -0.9442 0.2612
vn 0.4601 0.8643 -0.2032
vn 0.5290 0.5578 -0.6395
vn 0.1564 0.8589 -0.4877
vn -0.2001 0.8188 -0.5381
vn -0.1949 0.8663 -0.4600
vn -0.8162 -0.2100 0.5383
vn -0.3001 0.7334 -0.6099
vn -0.2657 0.9402 -0.2130
vn -0.3607 -0.2799 0.8897
vn -0.2763 0.9593 -0.0589
vn -0.1578 0.9869 -0.0344
vn -0.1558 0.9813 -0.1133
vn -0.3180 0.8867 -0.3356
vn -0.4286 0.3873 -0.8163
vn -0.3916 -0.2866 0.8744
vn -0.4776 0.3212 -0.8177
vn -0.5641 -0.2426 0.7892
vn -0.6795 0.3295 -0.6555
vn -0.7997 0.2798 -0.5311
vn -0.7611 -0.1402 0.6333
vn -0.7244 0.2387 -0.6467
vn -0.7184 -0.1366 0.6821
vn -0.9203 0.1485 -0.3619
vn -0.9530 0.0282 0.3016
vn -0.9891 0.1432 0.0352
vn -0.7781 -0.3005 0.5515
vn -0.8581 0.2885 -0.4248
vn -0.8796 0.2465 -0.4068
vn -0.9679 0.1553 -0.1975
vn -0.5943 -0.7839 0.1797
vn -0.5990 -0.7747 -0.2027
vn -0.2926 -0.9562 -0.0021
vn -0.6702 -0.6733 -0.3123
vn -0.7540 -0.5591 -0.3448
vn 0.3867 -0.7924 0.4718
vn -0.8608 -0.2467 -0.4452
vn 0.4942 -0.7003 0.5152
vn -0.8431 -0.1732 -0.5091
vn 0.5494 -0.6351 0.5429
vn 0.7230 -0.3828 0.5751
vn -0.7363 0.3310 -0.5902
vn -0.5632 0.6291 -0.5358
vn -0.3403 0.8316 -0.4389
vn 0.8483 0.1847 0.4962
vn 0.8284 0.3237 0.4572
vn 0.7870 0.4713 0.3980
vn -0.0353 0.9451 -0.3248
vn 0.2541 0.9126 -0.3203
vn 0.3123 0.9305 -0.1912
vn 0.4450 0.8911 -0.0889
vn 0.5486 0.8357 0.0239
vn 0.6476 0.7495 0.1377
vn 0.1269 -0.9646 -0.2311
vn 0.0287 -0.9940 -0.1056
vn -0.2075 -0.9322 0.2966
vn 0.5857 0.7104 -0.3902
vn 0.9503 -0.1121 -0.2903
vn 0.6712 -0.6502 -0.3560
vn -0.0891 -0.9954 -0.0361
vn -0.0926 -0.9956 0.0113
vn -0.3371 -0.8701 0.3596
vn 0.9386 0.3394 -0.0624
vn -0.0952 -0.8934 0.4392
vn -0.5660 -0.3804 0.7314
vn -0.5141 -0.2378 0.8241
vn -0.0850 0.9552 -0.2835
vn -0.1329 0.9904 -0.0372
vn -0.1326 0.8191 -0.5580
vn -0.3592 -0.6144 0.7025
vn 0.0936 0.5431 -0.8344
vn -0.4182 0.5185 -0.7458
vn -0.1330 0.3890 -0.9116
vn -0.3965 0.4196 -0.8165
vn -0.3153 -0.2777 0.9074
vn -0.0564 0.3270 -0.9434
vn -0.6017 -0.2475 0.7594
vn -0.5423 0.2830 -0.7911
vn -0.2219 0.2941 -0.9297
vn -0.5641 0.2985 -0.7698
vn -0.6027 0.3416 -0.7211
vn -0.7772 -0.1318 0.6153
vn -0.7909 0.3123 -0.5263
vn -0.9534 0.0763 0.2918
vn -0.8553 -0.1194 0.5042
vn -0.9566 0.1996 -0.2122
vn -0.8065 0.3096 -0.5037
vn -0.6040 0.5942 -0.5311
vn -0.5907 0.5422 -0.5976
vn -0.9383 0.1768 -0.2972
vn -0.9379 -0.0652 0.3406
vn -0.8679 0.1887 -0.4594
vn -0.9929 0.0722 -0.0950
vn -0.8865 -0.1050 0.4506
vn -0.8296 0.2214 -0.5126
vn -0.9611 -0.0239 0.2751
vn -0.9810 0.0998 -0.1662
vn -0.9347 -0.2830 0.2149
vn -0.9807 0.1335 -0.1428
vn -0.9193 -0.0285 0.3926
vn -0.0527 -0.9736 0.2219
vn -0.6960 -0.6673 -0.2652
vn 0.1201 -0.9541 0.2742
vn 0.1852 -0.9312 0.3140
vn -0.7351 -0.4991 -0.4588
vn 0.4363 -0.7794 0.4496
vn 0.3143 -0.8730 0.3730
vn 0.5628 -0.6481 0.5130
vn 0.6075 -0.5735 0.5496
vn -0.7508 0.0840 -0.6552
vn -0.8243 0.1150 -0.5543
vn 0.6619 -0.4821 0.5740
vn 0.7406 -0.3274 0.5868
vn -0.7416 0.2587 -0.6190
vn -0.5753 0.5481 -0.6071
vn 0.8388 0.1202 0.5311
vn 0.8529 0.3094 0.4204
vn 0.0490 0.9807 -0.1892
vn 0.7900 0.5312 0.3060
vn 0.1510 0.9732 -0.1736
vn 0.3891 0.9144 -0.1113
vn 0.7064 0.6914 0.1517
vn 0.7249 0.6581 0.2034
vn -0.3251 -0.9039 -0.2779
vn -0.0102 -0.9971 -0.0751
vn -0.1103 -0.9764 0.1859
vn 0.0585 -0.9853 0.1604
vn -0.1230 -0.7510 -0.6488
vn -0.0913 -0.9837 0.1550
vn -0.1750 -0.9439 0.2802
vn -0.3516 0.5261 -0.7743
vn -0.1771 -0.5438 0.8203
vn -0.0045 0.8150 -0.5794
vn 0.0621 0.9666 -0.2485
vn -0.1306 0.9862 -0.1015
vn -0.0403 0.9982 -0.0446
vn 0.1752 -0.3679 0.9132
vn 0.3074 0.3806 -0.8722
vn -0.1322 -0.1964 0.9716
vn -0.5186 -0.2329 0.8227
vn -0.1282 0.3753 -0.9180
vn -0.6019 -0.2059 0.7716
vn -0.2929 0.3156 -0.9026
vn -0.5127 -0.2050 0.8338
vn -0.2434 0.3004 -0.9222
vn -0.3962 -0.3025 0.8669
vn -0.1320 0.3310 -0.9343
vn -0.0596 0.3418 -0.9379
vn -0.5425 0.4352 -0.7185
vn -0.7304 -0.1442 0.6677
vn -0.3712 -0.1387 -0.9181
vn -0.5145 -0.1500 0.8443
vn -0.8417 -0.1437 0.5204
vn -0.7320 0.2338 -0.6399
vn -0.7539 0.2166 -0.6202
vn -0.6105 -0.3124 0.7278
vn -0.5568 -0.2304 0.7980
vn -0.7077 0.2361 -0.6659
vn -0.8284 -0.1362 0.5433
vn -0.7651 0.2441 -0.5958
vn -0.9144 -0.0273 0.4038
vn -0.9270 0.1728 -0.3329
vn -0.8967 0.2189 -0.3848
vn -0.7554 0.3743 -0.5378
vn -0.8505 0.2732 -0.4495
vn -0.9756 0.0742 0.2067
vn -0.9698 0.1098 -0.2176
vn -0.8977 0.2275 -0.3772
vn -0.9477 0.1934 -0.2540
vn -0.9169 -0.0980 0.3868
vn -0.9471 0.1444 -0.2865
vn -0.7747 -0.1927 0.6022
vn -0.9837 0.0098 0.1797
vn -0.9853 -0.1078 0.1329
vn -0.9739 0.0797 -0.2123
vn -0.9906 -0.0059 0.1369
vn -0.9963 0.0297 0.0804
vn -0.9634 0.1283 -0.2354
vn -0.4787 -0.8597 -0.1784
vn -0.1085 -0.9873 0.1164
vn -0.6739 -0.6827 -0.2825
vn -0.8195 -0.2038 -0.5356
vn 0.6512 -0.5463 0.5268
vn 0.6897 -0.4495 0.5677
vn 0.7433 -0.3589 0.5645
vn -0.6564 0.4475 -0.6073
vn 0.7854 -0.2336 0.5732
vn -0.5434 0.6272 -0.5580
vn -0.3094 0.8275 -0.4686
vn -0.4079 0.7842 -0.4677
vn 0.8551 0.0656 0.5143
vn 0.8923 0.2816 0.3528
vn 0.8344 0.4853 0.2614
vn -0.0405 0.9579 -0.2841
vn 0.3401 0.9278 -0.1534
vn 0.6804 0.7255 0.1039
vn 0.5361 0.8440 -0.0175
vn -0.2569 -0.9664 0.0022
vn 0.0183 -0.9997 -0.0135
vn 0.0022 -0.9999 -0.0148
vn 0.0915 -0.9957 0.0114
vn 0.0490 -0.9976 0.0498
vn -0.1473 0.4924 -0.8578
vn -0.4137 0.7368 -0.5348
vn -0.2776 -0.6695 0.6890
vn -0.0367 0.8213 -0.5693
vn 0.1252 -0.2917 0.9483
vn -0.2123 -0.3487 0.9129
vn 0.0462 0.9879 -0.1481
vn 0.2311 0.9264 -0.2973
vn 0.3110 0.3062 -0.8997
vn 0.1514 -0.3637 0.9191
vn 0.2539 -0.3680 0.8945
vn -0.1188 0.3232 -0.9389
vn -0.3190 -0.3056 0.8971
vn -0.4338 0.2006 0.8784
vn -0.1239 0.5516 -0.8248
vn -0.0678 0.3317 -0.9409
vn -0.4085 -0.2681 0.8725
vn -0.6524 0.2558 -0.7134
vn -0.3639 0.3557 -0.8608
vn -0.3730 -0.3497 0.8594
vn -0.5950 -0.0947 0.7981
vn -0.4304 0.4801 -0.7644
vn -0.4123 -0.3900 0.8234
vn -0.2298 0.3309 -0.9153
vn -0.5917 -0.1495 0.7921
vn -0.5221 -0.2331 0.8204
vn -0.1883 0.2804 -0.9413
vn -0.6263 0.1506 -0.7649
vn -0.4427 -0.4369 0.7830
vn -0.6328 0.3062 -0.7112
vn -0.7420 -0.1238 0.6589
vn -0.7038 -0.1837 0.6863
vn -0.7907 0.2695 -0.5497
vn -0.5616 0.3046 -0.7693
vn -0.8091 0.2044 -0.5509
vn -0.7077 0.1082 -0.6982
vn -0.7195 -0.1819 0.6702
vn -0.7476 -0.1234 0.6526
vn -0.8248 0.2080 -0.5258
vn -0.8995 -0.1090 0.4231
vn -0.7547 0.2495 -0.6068
vn -0.9187 0.0928 -0.3838
vn -0.6041 0.0583 0.7947
vn -0.8213 0.2057 -0.5321
vn -0.8119 -0.1475 0.5648
vn -0.9025 0.1906 -0.3861
vn -0.9657 0.0083 0.2597
vn -0.9392 -0.0025 0.3434
vn -0.7999 -0.0815 0.5946
vn -0.8489 0.2295 -0.4761
vn -0.9996 -0.0017 -0.0270
vn -0.9832 0.1500 -0.1042
vn -0.9991 0.0435 -0.0008
vn -0.8919 0.2263 -0.3916
vn -0.9585 0.1684 -0.2301
vn -0.9795 0.0309 0.1993
vn -0.3226 -0.9459 0.0351
vn -0.6534 -0.7034 -0.2798
vn -0.4178 -0.8774 -0.2360
vn -0.7356 -0.5945 0.3246
vn -0.1753 -0.9826 0.0609
vn 0.0884 -0.9580 0.2727
vn 0.2760 -0.8881 0.3676
vn 0.3496 -0.8437 0.4074
vn -0.8157 -0.3171 -0.4837
vn 0.3129 -0.8746 0.3704
vn 0.2955 -0.8879 0.3526
vn 0.6214 -0.5863 0.5197
vn -0.7266 0.3065 -0.6149
vn 0.7487 -0.3712 0.5492
vn -0.7976 0.1258 -0.5899
vn -0.7412 0.2968 -0.6021
vn -0.3926 0.7551 -0.5251
vn 0.8605 0.1570 0.4846
vn 0.8445 -0.0956 0.5270
vn 0.8544 0.2273 0.4672
vn 0.8288 0.4192 0.3706
vn -0.1271 0.9313 -0.3415
vn 0.0003 0.9606 -0.2779
vn 0.0753 0.9969 -0.0244
vn 0.4575 0.8892 0.0078
vn 0.6863 0.7187 0.1115
vn 0.0684 -0.9971 0.0326
vn -0.9307 -0.2310 -0.2836
vn -0.8629 -0.2144 -0.4576
vn 0.0203 -0.9558 0.2933
vn 0.2058 -0.8527 0.4802
vn 0.2064 -0.5428 0.8141
vn -0.4383 0.7194 -0.5389
vn 0.1983 0.9770 -0.0782
vn 0.3078 0.7959 -0.5212
vn 0.0522 0.9963 -0.0684
vn 0.0993 0.9948 -0.0224
vn 0.0890 0.9949 -0.0467
vn 0.4293 -0.2451 0.8692
vn 0.5067 0.1726 -0.8446
vn 0.0751 -0.3364 0.9387
vn -0.0005 -0.3368 0.9416
vn 0.3482 0.2458 -0.9046
vn -0.3155 -0.3264 0.8910
vn 0.2911 0.6107 -0.7364
vn -0.4535 -0.3789 0.8067
vn 0.0027 -0.3297 0.9441
vn -0.2921 0.3085 -0.9052
vn -0.3003 0.2952 -0.9070
vn -0.3372 -0.2682 0.9024
vn 0.0987 0.3652 -0.9257
vn -0.4666 0.3313 -0.8201
vn -0.2175 -0.1686 0.9614
vn -0.7457 -0.1351 0.6525
vn 0.0035 -0.3389 0.9408
vn -0.4962 0.2766 -0.8230
vn -0.4086 -0.3560 0.8404
vn -0.3653 0.3033 -0.8801
vn -0.7195 -0.2797 0.6356
vn -0.2820 -0.3062 0.9092
vn -0.5061 0.3540 -0.7865
vn -0.5510 0.2946 -0.7808
vn -0.5682 -0.2030 0.7975
vn -0.6503 0.2663 -0.7114
vn -0.7020 -0.1380 0.6987
vn -0.6714 0.2971 -0.6789
vn -0.9382 -0.0599 0.3408
vn -0.7818 -0.1545 0.6041
vn -0.7999 -0.1671 0.5765
vn -0.9824 0.1386 -0.1251
vn -0.8561 -0.1925 0.4796
vn -0.8329 0.2573 -0.4900
vn -0.8582 0.1814 -0.4801
vn -0.9363 -0.0762 0.3429
vn -0.9626 0.0368 0.2686
vn -0.9740 0.1388 -0.1789
vn -0.8086 0.4340 -0.3972
vn -0.9972 0.0742 0.0040
vn -0.4544 -0.8908 0.0037
vn -0.2260 -0.9721 0.0624
vn 0.0297 -0.9841 0.1750
vn -0.6691 -0.6792 -0.3015
vn -0.7561 -0.4768 -0.4483
vn 0.1692 -0.9399 0.2965
vn -0.8520 -0.0984 -0.5142
vn 0.4624 -0.7546 0.4655
vn 0.6722 -0.4986 0.5473
vn 0.8020 -0.2631 0.5362
vn -0.6681 0.4131 -0.6188
vn -0.5478 0.5918 -0.5914
vn -0.3445 0.7892 -0.5084
vn 0.8795 0.1866 0.4377
vn 0.8853 0.3414 0.3157
vn -0.1453 0.9017 -0.4071
vn 0.8118 0.4930 0.3128
vn 0.7943 0.5482 0.2619
vn 0.0995 0.9482 -0.3016
vn 0.5688 0.8221 0.0266
vn 0.5195 0.8541 0.0261
vn 0.7070 0.6482 -0.2828
vn -0.5870 -0.8094 0.0155
vn -0.1672 -0.9859 0.0081
vn 0.1168 -0.9898 -0.0815
vn 0.0702 -0.9959 -0.0577
vn 0.0443 -0.9838 0.1740
vn 0.2081 -0.9335 0.2920
vn 0.2121 -0.9715 0.1055
vn -0.9817 -0.1798 -0.0623
vn -0.8977 -0.3975 -0.1902
vn 0.0898 -0.9872 0.1318
vn 0.2788 -0.9574 -0.0752
vn 0.2353 -0.9677 0.0905
vn 0.5935 -0.8036 -0.0445
vn -0.9804 0.1574 -0.1184
vn -0.8877 0.4276 -0.1706
vn 0.3274 -0.8287 0.4540
vn -0.1320 0.9172 -0.3758
vn -0.6380 0.7276 -0.2522
vn -0.0706 0.9360 -0.3447
vn 0.5090 -0.2229 0.8314
vn 0.3309 0.8450 -0.4201
vn 0.1304 0.8777 -0.4611
vn 0.3047 0.8778 -0.3697
vn 0.1514 0.9458 -0.2871
vn 0.2330 0.9621 -0.1419
vn 0.1639 -0.3463 0.9237
vn 0.6556 -0.2171 0.7232
vn 0.5232 0.7049 -0.4790
vn 0.6347 0.2357 -0.7360
vn 0.5872 0.1666 -0.7921
vn 0.4125 0.2367 -0.8797
vn 0.6524 -0.3718 0.6603
vn 0.2534 0.2864 -0.9240
vn 0.3068 0.0450 -0.9507
vn 0.2969 -0.3438 0.8909
vn -0.0144 -0.2954 0.9553
vn 0.2915 0.3132 -0.9039
vn -0.0935 -0.3184 0.9433
vn 0.3232 0.2366 -0.9163
vn 0.1507 0.2457 -0.9576
vn -0.2002 -0.3120 0.9287
vn 0.3169 0.2974 -0.9006
vn -0.3343 0.3216 -0.8859
vn -0.3612 -0.3005 0.8827
vn -0.0018 0.2783 -0.9605
vn -0.4125 -0.2800 0.8669
vn -0.3082 0.2146 -0.9268
vn -0.5189 0.2989 -0.8009
vn -0.2504 -0.2834 0.9258
vn -0.7192 -0.0537 0.6927
vn -0.0840 0.4092 -0.9086
vn -0.6283 0.2629 -0.7322
vn -0.4102 -0.2613 0.8738
vn -0.2036 0.2734 -0.9401
vn -0.2360 0.3501 -0.9065
vn -0.4930 0.2570 -0.8312
vn -0.5858 -0.2601 0.7675
vn -0.7445 -0.2645 0.6129
vn -0.7888 0.2780 -0.5482
vn -0.5673 -0.2464 0.7858
vn -0.4971 0.3688 -0.7855
vn -0.8463 -0.0270 0.5320
vn -0.7192 -0.1679 0.6742
vn -0.7779 0.2707 -0.5671
vn -0.8931 -0.0894 0.4408
vn -0.7701 -0.0781 0.6331
vn -0.5420 0.4586 -0.7042
vn -0.9199 0.1678 -0.3545
vn -0.9294 -0.0443 0.3664
vn -0.7813 0.2368 -0.5775
vn -0.8308 0.2263 -0.5085
vn -0.9232 0.1823 -0.3383
vn -0.9716 -0.0706 0.2256
vn -0.9321 0.2125 -0.2933
vn -0.9763 0.0299 0.2143
vn -0.9039 0.2512 -0.3461
vn -0.9893 0.1230 0.0786
vn -0.9861 0.1446 -0.0823
vn -0.6078 -0.7335 -0.3042
vn -0.8476 -0.3875 -0.3625
vn 0.1953 -0.9340 0.2992
vn 0.3741 -0.8269 0.4200
vn 0.4526 -0.7579 0.4698
vn 0.5884 -0.6254 0.5125
vn -0.8658 -0.2009 -0.4582
vn 0.5293 -0.6437 0.5528
vn -0.8153 0.0797 -0.5736
vn 0.7047 -0.4396 0.5569
vn -0.7928 0.1830 -0.5813
vn -0.6021 0.5529 -0.5760
vn 0.8299 -0.1462 0.5385
vn 0.8620 0.1767 0.4751
vn 0.8720 0.3001 0.3866
vn 0.8310 0.4058 0.3805
vn 0.7558 0.6020 0.2576
vn 0.7916 0.5404 0.2851
vn 0.0666 0.9611 -0.2681
vn 0.0782 0.9706 -0.2276
vn 0.3731 0.9275 -0.0251
vn -0.9489 -0.3075 -0.0715
vn -0.9700 -0.2404 -0.0368
vn -0.5617 -0.8263 0.0408
vn -0.4973 -0.8676 0.0008
vn -0.1369 -0.9900 -0.0331
vn -0.7886 -0.2613 -0.5566
vn 0.1507 -0.9422 0.2993
vn 0.4360 -0.8999 0.0051
vn 0.2709 -0.9618 0.0392
vn -0.6712 0.7373 -0.0762
vn -0.0827 0.9920 -0.0957
vn 0.3895 -0.8509 0.3524
vn -0.0996 0.9900 -0.1000
vn 0.5342 -0.5966 0.5990
vn 0.1969 0.9015 -0.3853
vn 0.7531 -0.1203 0.6468
vn 0.2206 0.8743 -0.4323
vn 0.3515 0.8574 -0.3760
vn 0.3065 0.9217 -0.2376
vn 0.8654 -0.0564 0.4980
vn 0.3444 0.9017 -0.2614
vn 0.4571 0.8865 0.0718
vn 0.7903 0.2310 -0.5675
vn 0.6732 -0.3612 0.6452
vn 0.6951 0.2114 -0.6871
vn 0.8402 0.1021 -0.5325
vn 0.7699 0.0460 -0.6365
vn 0.6195 0.0532 -0.7832
vn 0.6299 0.3787 -0.6781
vn 0.4037 -0.2165 0.8889
vn 0.7010 0.2641 -0.6624
vn 0.4447 -0.1962 0.8739
vn 0.2769 -0.2577 0.9257
vn 0.3236 0.3031 -0.8963
vn 0.2363 -0.3398 0.9103
vn 0.4672 0.2224 -0.8557
vn 0.3549 -0.3001 0.8854
vn 0.0649 -0.3400 0.9382
vn 0.4190 -0.3987 0.8158
vn 0.1845 -0.4274 0.8850
vn 0.1632 0.2876 -0.9438
vn -0.0419 -0.3195 0.9467
vn -0.0275 0.0073 -0.9996
vn 0.0978 -0.2735 0.9569
vn 0.4870 0.2420 -0.8392
vn -0.0494 0.3497 -0.9356
vn 0.1777 0.2621 -0.9485
vn 0.1235 -0.3503 0.9284
vn -0.5326 -0.1770 0.8277
vn -0.0293 -0.3539 0.9348
vn -0.0869 0.3467 -0.9339
vn 0.0943 0.3156 -0.9442
vn -0.2170 0.3413 -0.9146
vn -0.4549 0.3083 -0.8355
vn -0.4103 0.2826 -0.8671
vn -0.6225 -0.2271 0.7490
vn -0.5067 0.2874 0.8128
vn 0.0411 0.5039 -0.8628
vn -0.4681 -0.2773 0.8390
vn -0.7151 -0.1930 0.6719
vn -0.5236 0.2695 -0.8082
vn -0.6146 -0.2595 0.7449
vn -0.8707 -0.0981 0.4819
vn -0.7932 0.2527 -0.5540
vn -0.5559 0.2897 -0.7791
vn -0.6770 -0.1813 0.7133
vn -0.7272 0.3108 -0.6120
vn -0.7894 0.3350 -0.5144
vn -0.8779 -0.0667 0.4742
vn -0.9217 0.2180 -0.3207
vn -0.8501 -0.0025 0.5266
vn -0.8597 -0.4318 0.2728
vn -0.9605 0.1711 -0.2196
vn -0.9098 0.2732 -0.3126
vn -0.7583 0.1966 -0.6215
vn -0.9323 -0.0924 0.3498
vn -0.7000 -0.2742 0.6594
vn -0.9998 0.0192 0.0011
vn -0.9016 0.1238 -0.4146
vn -0.9715 0.1054 -0.2123
vn -0.9266 0.1756 -0.3325
vn -0.9853 0.0278 0.1687
vn -0.9503 0.0201 0.3108
vn -0.9887 0.0682 0.1332
vn -0.9635 0.1444 -0.2252
vn -0.9885 0.1305 -0.0768
vn -0.4506 -0.8890 -0.0811
vn -0.2458 -0.9677 0.0558
vn -0.6298 -0.7580 -0.1694
vn 0.1017 -0.9910 0.0874
vn 0.1032 -0.9594 0.2624
vn -0.9534 -0.1968 -0.2285
vn -0.8344 -0.4987 -0.2345
vn -0.9628 -0.0968 -0.2523
vn -0.8911 -0.2728 -0.3627
vn 0.5030 -0.7112 0.4911
vn -0.9306 0.1188 -0.3462
vn 0.6565 -0.5055 0.5599
vn -0.8560 0.1670 -0.4893
vn 0.7658 -0.2979 0.5700
vn -0.6992 0.3577 -0.6190
vn 0.8199 -0.1678 0.5474
vn -0.5967 0.6097 -0.5218
vn 0.8505 0.0551 0.5231
vn 0.8370 0.3394 0.4292
vn -0.1522 0.8961 -0.4169
vn 0.7301 0.6096 0.3089
vn 0.7470 0.5790 0.3266
vn 0.6092 0.7930 0.0008
vn 0.2127 0.9740 -0.0784
vn -0.3717 -0.8515 -0.3698
vn -0.2758 -0.9575 0.0838
vn 0.3026 -0.9332 0.1940
vn 0.5985 -0.8003 0.0358
vn 0.7846 -0.6185 0.0437
vn 0.4303 -0.8973 0.0988
vn 0.1019 -0.9916 -0.0791
vn 0.3455 -0.9142 -0.2121
vn 0.2607 -0.9592 -0.1098
vn 0.3188 -0.9179 0.2363
vn -0.0733 0.9183 -0.3890
vn -0.8267 0.5291 -0.1914
vn 0.2861 0.9561 -0.0632
vn 0.5083 0.8611 -0.0076
vn 0.5232 0.8522 0.0010
vn 0.3329 0.9351 -0.1217
vn 0.6342 -0.6908 0.3473
vn 0.3861 0.9123 -0.1363
vn 0.4232 0.8894 -0.1726
vn 0.4191 0.8490 -0.3218
vn 0.8185 -0.0560 0.5717
vn 0.3937 0.8370 -0.3800
vn 0.9211 0.1511 0.3588
vn 0.3138 0.9381 -0.1465
vn 0.3322 0.9411 0.0628
vn 0.2710 0.9565 -0.1084
vn 0.6299 0.7714 0.0903
vn 0.4501 0.8868 -0.1047
vn 0.4641 0.8843 -0.0513
vn 0.8701 0.4716 -0.1430
vn 0.9856 0.1668 0.0278
vn 0.9125 -0.1439 0.3829
vn 0.9915 -0.0624 -0.1144
vn 0.9029 -0.2231 0.3675
vn 0.8154 -0.2212 0.5351
vn 0.8461 -0.2724 0.4582
vn 0.9331 -0.2393 0.2684
vn 0.8224 -0.2873 0.4911
vn 0.9282 -0.0267 -0.3711
vn 0.5946 -0.3318 0.7324
vn 0.6956 -0.2416 0.6766
vn 0.7135 0.0253 -0.7002
vn 0.4081 0.2786 -0.8694
vn 0.8206 0.1745 -0.5442
vn 0.5295 -0.3198 0.7857
vn 0.6537 0.2166 -0.7251
vn 0.5610 -0.2788 0.7794
vn 0.6033 -0.3089 0.7353
vn 0.6653 0.0825 -0.7420
vn 0.4669 -0.2210 0.8563
vn 0.5015 -0.4776 0.7214
vn 0.0537 -0.3873 0.9204
vn 0.3623 -0.1500 0.9199
vn 0.1918 -0.2665 0.9446
vn 0.3924 0.3371 -0.8558
vn 0.4191 0.1447 -0.8963
vn -0.0771 -0.3189 0.9446
vn 0.1127 0.2470 -0.9624
vn 0.0248 0.4956 -0.8682
vn 0.1737 -0.3303 0.9278
vn -0.0489 0.3342 -0.9412
vn -0.0208 -0.3624 0.9318
vn 0.0245 0.3558 -0.9342
vn -0.3139 -0.3420 0.8857
vn -0.2985 -0.3315 0.8950
vn 0.2404 0.4483 -0.8610
vn -0.0737 -0.3484 0.9344
vn -0.4292 -0.3100 0.8483
vn -0.2090 0.4428 -0.8719
vn -0.4000 0.2846 -0.8712
vn -0.3274 0.3292 -0.8857
vn 0.0145 0.3578 -0.9337
vn -0.3769 -0.3024 0.8755
vn -0.6419 0.3237 -0.6951
vn -0.2609 -0.7394 0.6206
vn -0.4417 0.3609 -0.8214
vn -0.4994 0.2884 -0.8169
vn -0.5783 -0.2431 0.7787
vn -0.6628 -0.3094 0.6818
vn -0.5917 0.2756 -0.7575
vn -0.5263 -0.2211 0.8211
vn -0.4103 0.2337 -0.8815
vn -0.6933 -0.2162 0.6875
vn -0.6989 -0.1546 0.6984
vn -0.5830 0.3309 -0.7421
vn -0.7187 0.3007 -0.6269
vn -0.7577 0.2311 -0.6104
vn -0.8351 -0.1306 0.5344
vn -0.8117 0.1258 -0.5703
vn -0.7072 -0.1291 0.6952
vn -0.8924 -0.0986 0.4404
vn -0.7203 0.2669 -0.6403
vn -0.8094 0.2138 -0.5470
vn -0.7917 -0.1582 0.5901
vn -0.8542 0.2417 -0.4604
vn -0.9274 0.2183 -0.3036
vn -0.9100 0.0036 0.4145
vn -0.9768 0.1621 -0.1401
vn -0.8712 0.2626 -0.4147
vn -0.9654 0.1791 -0.1897
vn -0.9287 0.2199 -0.2984
vn -0.9712 -0.0065 0.2382
vn -0.9313 0.2468 -0.2680
vn -0.9994 0.0193 -0.0286
vn -0.4591 -0.8882 0.0186
vn -0.2050 -0.9742 0.0945
vn -0.1306 -0.9445 0.3015
vn -0.9554 -0.2026 -0.2148
vn -0.8267 -0.5550 -0.0918
vn 0.2983 -0.8915 0.3410
vn -0.9418 -0.3261 -0.0814
vn 0.3693 -0.8427 0.3917
vn -0.9716 -0.1254 -0.2009
vn 0.4903 -0.7425 0.4564
vn 0.6193 -0.5783 0.5311
vn -0.9125 0.2981 -0.2801
vn 0.7223 -0.3800 0.5778
vn -0.9181 0.3025 -0.2562
vn -0.9419 0.1177 -0.3147
vn -0.7658 0.6048 -0.2186
vn -0.7873 0.4674 -0.4022
vn -0.7023 0.5819 -0.4101
vn -0.5299 0.6606 -0.5318
vn 0.8285 -0.0004 0.5600
vn 0.8638 0.1593 0.4781
vn -0.3775 0.7684 -0.5167
vn 0.8191 0.3546 0.4510
vn 0.6920 0.6637 0.2839
vn 0.5961 0.7846 0.1704
vn 0.3835 0.9229 0.0347
vn 0.1912 0.8718 0.4510
vn 0.6353 0.7356 0.2350
vn 0.2726 -0.9559 -0.1093
vn 0.3176 -0.9454 0.0730
vn 0.2332 -0.9491 0.2115
vn 0.2657 0.0935 -0.9595
vn 0.7840 0.6115 -0.1066
vn 0.8697 0.4827 0.1027
vn 0.9923 0.0730 0.1005
vn 0.7241 0.6709 0.1602
vn 0.9600 0.2699 -0.0744
vn 0.9858 0.1678 -0.0069
vn 0.9937 -0.0098 -0.1119
vn 0.6982 -0.7086 -0.1023
vn 0.4629 -0.8863 0.0114
vn 0.4699 -0.8783 0.0878
vn 0.4622 -0.8700 0.1719
vn 0.9753 0.0641 -0.2111
vn 0.4790 0.5689 -0.6685
vn 0.8992 -0.0260 0.4368
vn 0.7417 -0.4221 0.5212
vn 0.1928 0.8989 -0.3934
vn 0.2750 0.9070 -0.3191
vn 0.8809 0.3032 0.3633
vn 0.4187 0.8594 -0.2934
vn 0.7450 0.6423 0.1802
vn 0.5962 0.8008 -0.0573
vn 0.4576 0.8889 0.0192
vn 0.3516 0.9335 -0.0708
vn 0.3406 0.9397 -0.0317
vn 0.4877 0.8719 0.0443
vn 0.5404 0.8346 0.1069
vn 0.8075 0.5898 0.0065
vn 0.9922 0.1029 0.0702
vn 0.8982 -0.2763 0.3419
vn 0.8932 0.0629 -0.4453
vn 0.9408 -0.2529 0.2257
vn 0.9930 -0.0605 -0.1013
vn 0.7510 -0.3384 0.5669
vn 0.8242 -0.1676 0.5409
vn 0.9237 0.0382 -0.3812
vn 0.9179 -0.1978 0.3441
vn 0.9780 0.0211 -0.2077
vn 0.7050 -0.2410 0.6670
vn 0.9855 -0.0376 -0.1653
vn 0.8257 -0.2126 0.5225
vn 0.7841 -0.2740 0.5569
vn 0.8522 0.0092 -0.5231
vn 0.7319 0.1119 -0.6721
vn 0.6984 -0.3324 0.6338
vn 0.7453 0.1114 -0.6574
vn 0.6956 -0.3472 0.6290
vn 0.7366 0.1682 -0.6551
vn 0.4704 -0.3848 0.7941
vn 0.5924 0.1156 -0.7973
vn 0.5309 -0.3437 0.7746
vn 0.6803 -0.3592 0.6389
vn 0.5123 0.1533 -0.8450
vn 0.7421 0.1679 -0.6489
vn 0.3869 -0.2710 0.8814
vn 0.6897 -0.2475 0.6804
vn 0.6919 0.1227 -0.7115
vn 0.5057 0.1855 -0.8425
vn 0.6399 0.1479 -0.7541
vn 0.2817 -0.4018 0.8713
vn 0.4041 -0.4016 0.8219
vn 0.3533 0.2956 -0.8876
vn 0.3070 0.3103 -0.8997
vn -0.1490 -0.2904 0.9452
vn 0.0403 0.2449 -0.9687
vn -0.2455 -0.2695 0.9312
vn 0.1418 0.3617 -0.9214
vn -0.1031 -0.3498 0.9311
vn -0.0449 0.3562 -0.9333
vn -0.4955 -0.2715 0.8250
vn -0.2706 -0.3111 0.9110
vn -0.2140 0.2864 -0.9339
vn -0.3556 -0.2881 0.8891
vn -0.0775 0.2432 -0.9669
vn -0.1265 -0.3558 0.9260
vn -0.2519 0.3361 -0.9075
vn -0.2970 0.0132 0.9548
vn -0.5644 0.3617 -0.7421
vn -0.3525 -0.2080 0.9124
vn -0.4346 0.3488 -0.8304
vn -0.7714 -0.1873 0.6082
vn -0.4306 0.2991 -0.8516
vn -0.6484 -0.2181 0.7294
vn -0.6092 0.2627 -0.7482
vn -0.5113 0.3622 -0.7793
vn -0.8570 -0.0462 0.5133
vn -0.7781 0.2908 -0.5568
vn -0.8346 -0.0792 0.5451
vn -0.6261 -0.1548 0.7642
vn -0.8222 0.2553 -0.5088
vn -0.9566 0.0735 0.2820
vn -0.7830 -0.1558 0.6022
vn -0.7699 -0.1739 0.6140
vn -0.8092 0.2812 -0.5159
vn -0.9522 0.0335 0.3035
vn -0.9591 0.1229 -0.2552
vn -0.8763 -0.2990 0.3777
vn -0.8572 -0.1780 0.4832
vn -0.8920 0.1993 -0.4058
vn -0.9987 0.0131 0.0485
vn -0.9204 0.2421 0.3070
vn -0.8734 0.2240 -0.4325
vn -0.9729 0.1299 0.1914
vn -0.7959 0.2814 -0.5361
vn -0.9678 0.1742 -0.1816
vn -0.9966 0.0219 0.0789
vn -0.9447 0.2120 -0.2502
vn -0.8712 0.4550 -0.1845
vn -0.9750 -0.1995 -0.0979
vn -0.9519 -0.2998 0.0635
vn -0.9423 -0.1479 -0.3003
vn -0.8465 -0.5296 0.0536
vn -0.9249 -0.3686 0.0932
vn -0.7280 -0.5670 0.3854
vn -0.9537 -0.2488 -0.1688
vn -0.6774 -0.7332 -0.0596
vn -0.9137 -0.1025 -0.3933
vn -0.9427 -0.0496 -0.3300
vn -0.8378 0.0331 -0.5450
vn -0.8894 0.1493 -0.4322
vn -0.8047 0.3681 -0.4658
vn -0.8314 0.4099 -0.3753
vn 0.8314 0.1414 0.5374
vn -0.8075 0.5131 -0.2909
vn -0.4368 0.7517 -0.4942
vn 0.8638 0.2215 0.4525
vn -0.2094 0.8380 -0.5039
vn -0.2193 0.8733 -0.4351
vn 0.7613 0.5180 0.3901
vn 0.0426 0.9513 -0.3055
vn 0.6784 0.6937 0.2419
vn 0.2354 0.9562 -0.1738
vn 0.3403 0.9381 -0.0646
vn 0.4929 0.8653 0.0914
vn 0.6935 -0.4399 -0.5705
vn 0.9896 -0.0513 0.1345
vn 0.9134 -0.3471 0.2125
vn 0.9291 -0.3248 0.1770
vn 0.2087 -0.9777 -0.0238
vn 0.4089 -0.8325 0.3738
vn 0.1354 -0.9808 -0.1403
vn 0.9398 -0.3279 0.0965
vn -0.4618 0.6141 -0.6401
vn 0.6950 -0.6642 0.2754
vn 0.9634 -0.1226 0.2383
vn 0.9128 0.4010 0.0777
vn -0.1098 0.9507 -0.2900
vn 0.7218 -0.3891 0.5724
vn 0.8503 0.4557 0.2632
vn 0.4726 0.8672 -0.1569
vn 0.5275 0.8485 -0.0423
vn 0.6872 0.7190 -0.1036
vn 0.7960 0.5967 -0.1018
vn 0.7517 0.6589 -0.0299
vn 0.6434 0.7654 -0.0125
vn 0.9914 -0.1309 0.0082
vn 0.9945 -0.0645 0.0824
vn 0.9466 0.1450 0.2879
vn 0.9705 -0.1054 0.2170
vn 0.8619 -0.1817 0.4734
vn 0.9540 -0.2102 0.2137
vn 0.9026 -0.2324 0.3624
vn 0.9997 -0.0083 -0.0248
vn 0.9599 0.0418 -0.2771
vn 0.8817 -0.2693 0.3873
vn 0.8237 -0.2938 0.4850
vn 0.6173 -0.4588 0.6391
vn 0.7012 -0.3259 0.6341
vn 0.8652 0.0401 -0.4998
vn 0.7930 0.0552 0.6067
vn 0.8279 0.0730 -0.5561
vn 0.6800 -0.2512 0.6888
vn 0.4958 -0.2960 0.8164
vn 0.7531 0.1508 -0.6404
vn 0.4272 -0.2792 0.8599
vn 0.7856 0.0954 -0.6113
vn 0.7126 -0.2574 0.6527
vn 0.5725 -0.3276 0.7516
vn 0.4964 -0.4787 0.7242
vn 0.6047 -0.3824 0.6986
vn 0.2715 -0.3653 0.8904
vn 0.5046 0.2749 -0.8184
vn 0.6060 0.3085 -0.7332
vn 0.2747 0.3933 -0.8774
vn 0.2742 -0.3363 0.9010
vn 0.2351 0.1674 -0.9574
vn 0.4482 0.4254 -0.7862
vn 0.1117 -0.3636 0.9248
vn 0.1903 -0.3850 0.9031
vn 0.3925 0.2403 -0.8878
vn 0.3059 -0.3256 0.8946
vn 0.3411 0.3508 -0.8721
vn 0.0985 0.4542 -0.8854
vn -0.2133 -0.2290 0.9498
vn -0.0591 0.3032 -0.9511
vn 0.0710 0.1630 -0.9841
vn 0.0256 0.2627 -0.9645
vn -0.1637 -0.2875 0.9437
vn -0.1239 0.3415 -0.9317
vn -0.2900 0.2994 -0.9090
vn -0.1766 0.3604 -0.9159
vn -0.4691 0.3243 -0.8215
vn -0.2572 -0.3504 0.9006
vn -0.6188 -0.2586 0.7417
vn -0.5234 0.2262 -0.8215
vn -0.2917 -0.2377 0.9265
vn -0.5697 -0.1053 0.8151
vn -0.5880 0.2898 -0.7552
vn -0.6872 -0.0999 0.7196
vn -0.5566 0.3389 -0.7585
vn -0.6750 -0.5030 0.5398
vn -0.3797 -0.0869 0.9210
vn -0.6277 0.2978 -0.7193
vn -0.5739 -0.3253 0.7515
vn -0.6849 0.2839 -0.6710
vn -0.7703 0.2044 -0.6040
vn -0.7445 -0.2819 0.6052
vn -0.7308 0.2611 -0.6307
vn -0.5917 0.3393 -0.7313
vn -0.8266 -0.1104 0.5519
vn -0.6777 0.3422 -0.6508
vn -0.8996 0.1899 -0.3932
vn -0.8598 -0.0857 0.5035
vn -0.9873 0.0463 0.1519
vn -0.7843 0.3081 -0.5384
vn -0.9520 0.0037 0.3062
vn -0.5718 -0.1897 -0.7982
vn -0.8518 0.2086 -0.4806
vn -0.8816 0.2152 -0.4200
vn -0.9947 0.1032 -0.0026
vn -0.9620 0.1221 -0.2443
vn -0.9149 -0.1185 0.3859
vn -0.8838 0.2174 -0.4142
vn -0.9927 0.0361 0.1151
vn -0.9463 0.1207 -0.3000
vn -0.9064 -0.1617 0.3902
vn -0.7760 -0.3594 0.5183
vn -0.9444 -0.0843 0.3178
vn -0.9278 0.0013 -0.3730
vn -0.7939 0.2667 -0.5464
vn -0.9921 -0.1223 0.0284
vn -0.8994 -0.3725 0.2285
vn -0.8428 -0.4675 0.2668
vn -0.9783 -0.0865 -0.1881
vn -0.8327 0.3899 -0.3932
vn -0.5146 -0.7363 0.4394
vn -0.8123 -0.0424 -0.5817
vn -0.6191 -0.7608 0.1949
vn -0.2539 -0.9231 0.2889
vn -0.1182 -0.9698 0.2134
vn 0.0090 -0.9813 0.1921
vn -0.8837 0.0846 -0.4604
vn -0.7797 -0.0167 -0.6260
vn 0.4355 -0.7960 0.4203
vn 0.6485 -0.6012 0.4669
vn 0.6607 -0.4877 0.5706
vn -0.7225 0.0695 -0.6878
vn 0.6048 -0.6008 0.5227
vn 0.7201 -0.3878 0.5754
vn -0.7921 0.2450 -0.5591
vn 0.7862 -0.2747 0.5536
vn -0.6907 0.3732 -0.6194
vn -0.7529 0.4567 -0.4739
vn -0.6987 0.6252 -0.3478
vn 0.8295 -0.0220 0.5580
vn 0.8392 0.4266 0.3373
vn -0.1039 0.9593 -0.2624
vn 0.2308 0.9544 -0.1892
vn 0.4475 0.8941 -0.0172
vn 0.6613 0.7284 0.1793
vn 0.4893 0.8470 0.2079
vn 0.6890 0.6675 0.2823
vn 0.6717 -0.6985 0.2468
vn 0.1175 -0.6172 -0.7780
vn 0.8125 -0.4607 0.3572
vn -0.8612 0.3483 -0.3701
vn 0.9187 -0.3949 -0.0012
vn 0.8272 -0.5619 0.0043
vn 0.7719 -0.6162 0.1563
vn 0.9859 -0.1006 0.1338
vn 0.1603 0.9762 -0.1461
vn 0.9395 0.2517 0.2323
vn 0.9674 0.1407 0.2106
vn 0.4794 0.8620 -0.1646
vn 0.7372 0.5895 0.3301
vn 0.9483 0.1910 -0.2536
vn 0.8557 0.5107 -0.0835
vn 0.9830 -0.1775 0.0474
vn 0.9395 -0.0149 -0.3424
vn 0.8635 -0.3579 0.3553
vn 0.9857 -0.0583 -0.1582
vn 0.9037 -0.2425 0.3529
vn 0.7682 -0.3299 0.5487
vn 0.9865 -0.0636 0.1511
vn 0.9112 -0.1463 0.3852
vn 0.8178 -0.1864 0.5445
vn 0.9310 0.0481 -0.3617
vn 0.8702 -0.2189 0.4415
vn 0.9115 0.0320 -0.4101
vn 0.6134 -0.3015 0.7300
vn 0.7926 -0.2871 0.5379
vn 0.6415 -0.3518 0.6818
vn 0.7341 0.1451 -0.6633
vn 0.7468 0.1586 -0.6458
vn 0.6672 -0.3279 0.6688
vn 0.4972 -0.3456 0.7958
vn 0.5545 -0.3004 0.7761
vn 0.5368 -0.3390 0.7726
vn 0.5466 -0.3269 0.7709
vn 0.7989 0.0310 0.6006
vn 0.4533 0.3081 -0.8364
vn 0.3032 0.2906 -0.9075
vn 0.6862 0.1289 -0.7159
vn 0.4344 -0.3106 0.8455
vn 0.4929 0.1772 -0.8519
vn 0.3256 0.1791 -0.9284
vn 0.0272 -0.3869 0.9217
vn 0.3045 0.3412 -0.8893
vn 0.3812 0.3547 -0.8538
vn 0.1377 -0.2774 0.9508
vn 0.0228 -0.3524 0.9356
vn 0.4839 0.2803 -0.8290
vn 0.3038 0.5443 -0.7819
vn -0.0299 -0.3802 0.9244
vn 0.3513 0.1803 -0.9187
vn 0.2512 -0.7246 0.6417
vn 0.2085 0.3551 -0.9113
vn -0.2687 -0.2783 0.9221
vn 0.3980 0.2331 -0.8873
vn 0.2898 0.3565 -0.8882
vn -0.1699 0.3723 -0.9124
vn -0.5865 -0.2415 0.7731
vn 0.0823 -0.2995 0.9505
vn -0.0643 0.3403 -0.9381
vn -0.4481 -0.4503 0.7723
vn -0.4463 -0.3348 0.8299
vn -0.3145 0.3524 -0.8814
vn -0.1849 0.2372 -0.9537
vn -0.5535 -0.2504 0.7943
vn -0.1250 0.2836 -0.9508
vn -0.3341 -0.3530 0.8739
vn -0.4641 0.2083 -0.8609
vn -0.1939 0.3488 -0.9169
vn -0.4275 0.2708 -0.8625
vn -0.7408 -0.2474 0.6245
vn -0.6683 0.2684 -0.6938
vn -0.5016 -0.2618 0.8245
vn -0.6218 -0.2174 0.7524
vn -0.4888 0.3626 -0.7935
vn -0.5705 0.3397 -0.7477
vn -0.6312 -0.1995 0.7495
vn -0.5586 0.2844 -0.7792
vn -0.7617 -0.1695 0.6253
vn -0.7403 0.2507 -0.6238
vn -0.7650 -0.2247 0.6036
vn -0.7947 0.2349 -0.5598
vn -0.6152 0.2900 -0.7331
vn -0.8154 -0.2117 0.5389
vn -0.7800 0.2780 -0.5607
vn -0.6967 -0.4228 0.5795
vn -0.7920 -0.4004 0.4609
vn -0.7943 0.1830 -0.5793
vn -0.6881 -0.5392 0.4856
vn -0.6085 -0.5766 0.5452
vn -0.7579 0.1190 -0.6414
vn -0.3698 -0.8094 0.4561
vn 0.0860 -0.8987 0.4301
vn -0.6574 -0.0470 -0.7521
vn 0.1723 -0.9341 0.3126
vn -0.6205 0.0481 -0.7828
vn 0.3388 -0.8464 0.4109
vn 0.5106 -0.7457 0.4281
vn 0.6083 -0.6404 0.4688
vn -0.6453 0.1736 -0.7439
vn 0.7296 -0.4069 0.5496
vn 0.8423 -0.1106 0.5275
vn -0.6253 0.5743 -0.5284
vn -0.6115 0.7051 -0.3591
vn 0.8644 0.1902 0.4654
vn 0.7804 0.3531 0.5160
vn -0.5755 0.7860 -0.2258
vn 0.7807 0.5079 0.3641
vn 0.2849 0.9152 -0.2852
vn 0.2011 0.9553 -0.2165
vn -0.6242 -0.7377 -0.2573
vn -0.2714 -0.9625 -0.0020
vn -0.1420 -0.9622 0.2325
vn -0.5657 -0.8020 -0.1917
vn 0.5252 -0.8395 0.1390
vn -0.9124 0.1059 -0.3953
vn 0.9215 -0.0748 0.3810
vn -0.3093 0.9213 -0.2356
vn 0.2788 0.9587 -0.0558
vn 0.9179 0.3549 0.1777
vn 0.9750 0.2211 0.0239
vn 0.9923 -0.1228 -0.0135
vn 0.9936 -0.0903 0.0685
vn 0.9884 -0.0193 -0.1507
vn 0.9690 -0.1427 0.2018
vn 0.9784 -0.1498 0.1423
vn 0.9537 -0.1238 0.2742
vn 0.9722 -0.1748 0.1557
vn 0.8734 -0.2405 0.4234
vn 0.8127 0.0960 -0.5748
vn 0.9994 -0.0266 -0.0201
vn 0.9798 -0.1161 0.1627
vn 0.9384 -0.1692 0.3014
vn 0.9344 0.0120 -0.3560
vn 0.8101 -0.2948 0.5068
vn 0.9010 -0.2264 0.3702
vn 0.8606 -0.2403 0.4490
vn 0.8432 -0.2445 0.4788
vn 0.8136 0.1788 -0.5533
vn 0.5941 0.2891 -0.7507
vn 0.7328 -0.2757 0.6221
vn 0.9342 0.0311 -0.3554
vn 0.7904 0.0290 -0.6119
vn 0.6395 -0.3326 0.6932
vn 0.4763 -0.3849 0.7905
vn 0.6623 -0.2660 0.7004
vn 0.7095 0.3409 -0.6167
vn 0.6772 0.2628 -0.6873
vn 0.5141 -0.3923 0.7627
vn 0.2999 -0.3856 0.8726
vn 0.3584 -0.1590 0.9199
vn 0.4964 -0.3332 0.8016
vn 0.6357 0.2794 -0.7196
vn 0.4553 -0.3157 0.8325
vn 0.3106 0.2923 -0.9045
vn 0.2783 -0.4546 0.8461
vn 0.2545 -0.3562 0.8991
vn 0.3661 0.2472 -0.8971
vn 0.2433 0.2677 -0.9323
vn 0.4286 0.1899 -0.8833
vn 0.4449 -0.3817 0.8102
vn 0.4412 0.1669 -0.8817
vn 0.1742 -0.3112 0.9342
vn -0.0260 -0.2707 0.9623
vn 0.4027 0.3462 -0.8474
vn -0.1511 -0.3604 0.9205
vn 0.0745 -0.3854 0.9198
vn 0.2200 -0.0091 0.9755
vn 0.1164 0.2464 -0.9621
vn 0.1001 0.2968 -0.9497
vn 0.2900 0.4520 -0.8435
vn -0.1762 -0.1792 0.9679
vn -0.2015 0.3534 -0.9135
vn -0.1244 0.3320 -0.9351
vn -0.4100 -0.3445 0.8445
vn -0.3325 -0.3635 0.8702
vn -0.4402 0.3080 -0.8434
vn -0.4407 -0.3707 0.8176
vn -0.2193 0.0250 -0.9753
vn -0.4713 -0.2386 0.8491
vn -0.3229 0.3523 -0.8784
vn -0.5935 0.3277 -0.7351
vn -0.6187 -0.1774 0.7653
vn -0.4441 -0.3047 0.8425
vn -0.5277 0.2872 -0.7994
vn -0.6318 -0.2591 0.7305
vn -0.6005 0.3077 -0.7380
vn -0.8101 -0.3800 0.4464
vn -0.5304 -0.5867 0.6120
vn -0.3986 -0.6239 0.6723
vn -0.2760 -0.6474 0.7104
vn -0.6019 0.3725 -0.7064
vn -0.4902 -0.6526 0.5777
vn -0.4269 -0.0462 -0.9031
vn 0.2850 -0.8691 0.4044
vn 0.6142 -0.6267 0.4795
vn 0.8321 -0.2620 0.4889
vn 0.8433 -0.1107 0.5259
vn -0.5451 0.5410 -0.6405
vn 0.8661 0.2248 0.4465
vn -0.5145 0.7559 -0.4049
vn -0.7201 0.5935 -0.3594
vn 0.7634 0.5593 0.3232
vn 0.8170 0.4688 0.3358
vn 0.0704 0.9674 -0.2434
vn 0.3603 0.9294 -0.0797
vn 0.6312 0.7613 0.1483
vn -0.5370 -0.8284 -0.1593
vn -0.8103 0.3161 -0.4935
vn 0.9820 -0.0886 0.1665
vn 0.9772 -0.1125 0.1801
vn 0.8255 -0.4816 0.2945
vn -0.7487 0.5101 -0.4234
vn 0.7596 0.6480 0.0559
vn 0.8545 0.4437 0.2701
vn 0.8331 0.5521 0.0343
vn 0.9863 -0.1198 -0.1135
vn 0.9921 -0.1170 0.0455
vn 0.9524 0.0327 -0.3031
vn 0.9963 -0.0341 -0.0790
vn 0.9383 -0.1727 0.2997
vn 0.9878 -0.1203 0.0993
vn 0.9462 -0.0375 -0.3215
vn 0.9207 -0.2261 0.3183
vn 0.9171 -0.2177 0.3339
vn 0.9878 -0.1403 0.0677
vn 0.9028 -0.2005 -0.3805
vn 0.8603 -0.2778 0.4274
vn 0.6198 0.2184 -0.7537
vn 0.7869 -0.2989 0.5399
vn 0.8879 0.0375 -0.4585
vn 0.7396 -0.3267 0.5884
vn 0.8654 0.0637 -0.4971
vn 0.6901 -0.3129 0.6526
vn 0.8823 0.1006 -0.4599
vn 0.5508 -0.0411 -0.8336
vn 0.0235 -0.5675 0.8230
vn 0.4785 -0.3531 0.8040
vn 0.7943 0.1006 -0.5991
vn 0.3152 -0.3492 0.8824
vn 0.6919 0.1220 -0.7116
vn 0.4706 -0.3124 0.8252
vn 0.4573 0.2178 -0.8622
vn -0.2150 -0.4043 0.8890
vn 0.1309 0.2875 -0.9488
vn -0.1057 -0.3091 0.9452
vn -0.0676 0.3007 -0.9513
vn -0.2265 -0.2662 0.9369
vn -0.1671 -0.3381 0.9261
vn 0.0446 -0.2830 0.9581
vn -0.1649 0.1285 -0.9779
vn -0.5204 -0.3096 0.7958
vn -0.1091 0.3495 -0.9306
vn -0.1313 0.3448 -0.9295
vn -0.4032 0.3039 -0.8632
vn -0.4769 -0.2226 0.8503
vn 0.0280 0.3086 -0.9508
vn -0.3338 -0.2557 0.9073
vn -0.6765 -0.1813 0.7138
vn -0.0934 -0.1990 0.9755
vn -0.2668 0.3482 -0.8986
vn -0.6067 -0.2954 0.7380
vn -0.4018 0.3157 -0.8596
vn -0.2955 -0.3157 0.9017
vn -0.2863 0.3602 -0.8878
vn -0.4092 -0.5803 0.7042
vn -0.1626 -0.7278 0.6663
vn -0.2688 -0.7739 0.5734
vn -0.0967 -0.8151 0.5712
vn -0.6198 0.0210 -0.7845
vn 0.1677 -0.8445 0.5087
vn -0.4265 0.0630 -0.9023
vn 0.4829 -0.7266 0.4887
vn 0.3705 -0.8053 0.4628
vn -0.4526 0.3300 -0.8284
vn 0.7387 -0.4536 0.4985
vn 0.7301 -0.4430 0.5202
vn 0.9057 0.0422 0.4217
vn -0.3920 0.5990 -0.6982
vn -0.4012 0.7444 -0.5339
vn 0.8865 0.2421 0.3944
vn 0.7613 0.4833 0.4322
vn -0.4595 0.8540 -0.2440
vn -0.3038 0.9388 -0.1623
vn 0.7661 0.6389 0.0702
vn 0.7954 0.5373 0.2804
vn -0.3321 0.9092 -0.2512
vn 0.1324 0.9910 0.0199
vn 0.0440 0.9789 -0.1994
vn 0.2689 0.9611 -0.0628
vn -0.7918 -0.4953 -0.3575
vn -0.1358 -0.9870 -0.0864
vn 0.3839 -0.9130 0.1382
vn 0.7386 -0.5958 0.3156
vn 0.8263 -0.4945 0.2696
vn -0.8763 0.0683 -0.4768
vn 0.9201 0.2986 0.2536
vn -0.4748 0.8210 -0.3170
vn 0.5025 0.8118 0.2976
vn 0.0491 0.9916 -0.1195
vn 0.9781 -0.1797 0.1053
vn 0.9768 -0.1672 0.1341
vn 0.8406 -0.0065 -0.5416
vn 0.8953 -0.2595 0.3622
vn 0.9741 -0.0783 -0.2123
vn 0.9830 -0.1651 0.0809
vn 0.9024 -0.2464 0.3534
vn 0.9380 -0.2085 0.2768
vn 0.9918 -0.0725 -0.1053
vn 0.8429 0.0842 -0.5314
vn 0.8282 -0.2490 0.5021
vn 0.8155 0.1636 -0.5552
vn 0.7658 -0.2996 0.5689
vn 0.8537 0.0941 -0.5121
vn 0.9080 0.0162 0.4187
vn 0.5472 -0.3531 0.7589
vn 0.4400 -0.3505 0.8268
vn 0.5747 0.1655 -0.8014
vn 0.7104 0.1118 -0.6949
vn 0.5565 0.1093 -0.8236
vn 0.5894 -0.2039 0.7817
vn 0.5114 -0.3577 0.7814
vn 0.4187 0.2091 -0.8837
vn 0.3797 -0.3059 0.8731
vn 0.3323 0.2934 -0.8964
vn 0.3850 -0.3237 0.8643
vn 0.4456 0.2370 -0.8633
vn 0.2800 -0.3633 0.8886
vn 0.4053 0.2227 -0.8867
vn 0.5681 0.1890 -0.8010
vn 0.3610 -0.3430 0.8672
vn 0.1318 -0.3080 0.9422
vn 0.4696 0.2792 -0.8375
vn 0.3570 0.2066 -0.9110
vn 0.4359 0.2706 -0.8584
vn 0.0925 0.3390 -0.9362
vn 0.2697 0.3495 -0.8973
vn 0.0250 0.2927 -0.9559
vn 0.0522 0.3272 -0.9435
vn -0.0337 -0.4041 0.9141
vn 0.2250 -0.3831 0.8959
vn -0.1520 -0.3598 0.9206
vn -0.1225 -0.3055 0.9443
vn 0.0208 0.2777 -0.9604
vn -0.1966 -0.2130 0.9571
vn 0.0307 0.3270 -0.9445
vn 0.0737 0.3199 -0.9446
vn -0.4424 -0.3105 0.8414
vn -0.1707 0.2964 -0.9397
vn -0.4109 -0.5832 0.7008
vn -0.0518 0.3419 -0.9383
vn -0.2400 -0.4080 0.8809
vn -0.5293 -0.3467 0.7744
vn -0.2943 -0.4768 0.8283
vn -0.5346 0.3015 -0.7894
vn -0.3351 0.3436 -0.8773
vn -0.2658 0.2597 -0.9284
vn -0.1787 -0.6918 0.6997
vn -0.0973 0.4718 -0.8763
vn 0.0569 -0.7096 0.7023
vn 0.2625 -0.7662 0.5866
vn -0.3119 -0.0672 -0.9477
vn 0.6640 -0.5238 0.5336
vn 0.8659 -0.1232 0.4848
vn 0.8775 0.2153 0.4286
vn 0.8756 0.0782 0.4767
vn 0.8760 0.3705 0.3087
vn -0.2278 0.6448 -0.7296
vn 0.8169 0.5209 0.2475
vn -0.1869 0.8092 -0.5570
vn -0.2680 0.9124 -0.3093
vn 0.6459 0.7489 0.1478
vn 0.6191 0.7796 0.0943
vn -0.0684 0.9960 -0.0573
vn -0.8362 -0.4337 -0.3355
vn -0.5629 -0.7954 -0.2245
vn 0.9064 -0.3265 0.2681
vn -0.5642 0.7406 -0.3651
vn 0.6494 0.7596 0.0370
vn 0.9561 0.2454 0.1601
vn 0.9055 -0.0962 0.4132
vn 0.9955 -0.0430 0.0841
vn 0.9737 -0.1737 0.1477
vn 0.9666 0.0023 -0.2563
vn 0.9614 -0.1738 0.2133
vn 0.9918 -0.1274 0.0113
vn 0.9034 -0.2306 0.3615
vn 0.9317 0.1937 -0.3074
vn 0.9660 0.0621 -0.2509
vn 0.7682 -0.2647 0.5829
vn 0.8607 -0.3114 0.4028
vn 0.8723 0.0479 -0.4867
vn 0.7705 -0.3210 0.5507
vn 0.5497 -0.2770 0.7881
vn 0.7673 -0.2443 0.5930
vn 0.8010 -0.2558 0.5413
vn 0.6885 -0.2804 0.6688
vn 0.6999 -0.2707 0.6609
vn 0.7667 0.1603 -0.6217
vn 0.6433 -0.2546 0.7221
vn 0.6884 -0.0863 -0.7201
vn 0.5155 -0.2766 0.8110
vn 0.7129 0.2854 -0.6406
vn 0.5548 -0.3174 0.7691
vn 0.7157 0.1802 -0.6747
vn 0.4201 -0.3516 0.8366
vn 0.3825 -0.2900 0.8772
vn 0.4856 0.1626 -0.8589
vn 0.1324 -0.2852 0.9493
vn 0.5932 0.1921 -0.7818
vn 0.5476 0.2504 -0.7984
vn 0.4600 0.2106 -0.8626
vn 0.5002 0.2475 -0.8298
vn 0.1969 0.3509 -0.9155
vn 0.0444 -0.3296 0.9431
vn 0.0600 0.0976 0.9934
vn 0.1363 0.3713 -0.9185
vn -0.1679 0.2947 -0.9407
vn -0.1606 0.4041 -0.9005
vn 0.0739 0.3373 -0.9385
vn -0.1603 -0.5675 0.8076
vn 0.0166 -0.6328 0.7742
vn 0.0598 0.2698 -0.9610
vn -0.0666 -0.3008 -0.9513
vn 0.5546 -0.6146 0.5610
vn -0.3323 0.1474 -0.9316
vn 0.7531 -0.3678 0.5455
vn -0.1945 0.3895 -0.9002
vn 0.8688 -0.1095 0.4830
vn 0.8827 0.1807 0.4338
vn 0.9511 0.2982 -0.0805
vn 0.7687 0.5742 0.2817
vn 0.3089 0.9328 0.1856
vn 0.5184 0.8483 0.1081
vn 0.9786 -0.1380 0.1525
vn -0.0059 0.9902 -0.1398
vn 0.8228 -0.5384 0.1820
vn -0.5185 0.7887 -0.3304
vn 0.2523 0.9622 0.1026
vn 0.7557 0.6536 0.0417
vn 0.4240 0.8918 -0.1576
vn 0.7198 0.6938 -0.0222
vn 0.9536 0.0098 0.3010
vn 0.9931 -0.1164 -0.0143
vn 0.9400 -0.1272 0.3164
vn 0.9667 -0.2035 0.1552
vn 0.9833 -0.1538 0.0976
vn 0.9089 -0.1958 0.3682
vn 0.9785 -0.1017 -0.1795
vn 0.9444 0.0075 -0.3286
vn 0.9837 -0.1428 0.1092
vn 0.9581 -0.0017 -0.2863
vn 0.8829 -0.2533 0.3954
vn 0.9196 0.0418 -0.3907
vn 0.8522 -0.2156 0.4767
vn 0.9386 0.0325 -0.3433
vn 0.7941 0.1347 -0.5927
vn 0.8931 -0.0883 0.4412
vn 0.8864 0.0834 -0.4554
vn 0.7489 -0.2910 0.5954
vn 0.7129 -0.2932 0.6371
vn 0.8230 0.1030 -0.5586
vn 0.4301 -0.3571 0.8292
vn 0.7604 0.1232 -0.6377
vn 0.7428 -0.3015 0.5977
vn 0.6975 0.1397 -0.7028
vn 0.6816 -0.3039 0.6657
vn 0.6048 -0.2942 0.7401
vn 0.6432 0.1832 -0.7435
vn 0.8421 -0.0334 -0.5382
vn 0.5566 -0.3048 0.7728
vn 0.7042 -0.3027 0.6422
vn 0.3707 -0.3136 0.8742
vn 0.5448 -0.3196 0.7753
vn 0.5767 -0.3157 0.7535
vn 0.5131 -0.2920 0.8072
vn 0.4925 0.2540 -0.8324
vn 0.4542 -0.2960 0.8403
vn 0.2959 0.3093 -0.9037
vn 0.1620 -0.3979 0.9030
vn 0.4611 -0.3781 0.8028
vn 0.4023 0.2843 -0.8702
vn 0.3725 -0.3574 0.8564
vn 0.3659 0.2453 -0.8977
vn 0.4594 0.2259 -0.8590
vn -0.2409 -0.7469 0.6198
vn 0.1290 -0.3571 0.9251
vn 0.0654 -0.5424 0.8376
vn 0.1295 0.1074 -0.9857
vn 0.0220 -0.6558 0.7546
vn 0.2905 -0.6079 0.7389
vn -0.0006 0.0058 -1.0000
vn 0.5246 -0.5116 0.6805
vn -0.0936 0.1623 -0.9823
vn 0.8183 -0.1468 0.5558
vn -0.0236 0.4693 -0.8827
vn 0.8807 0.1656 0.4439
vn 0.8534 0.3555 0.3813
vn 0.0263 0.7046 -0.7091
vn 0.8225 0.5078 0.2563
vn 0.6490 0.7066 0.2820
vn -0.9133 -0.3593 -0.1921
vn 0.8965 0.3880 0.2141
vn 0.4349 -0.8977 0.0705
vn -0.0350 0.9898 -0.1379
vn 0.9975 -0.0699 -0.0142
vn 0.9960 -0.0279 -0.0848
vn 0.9754 -0.1320 0.1767
vn 0.8963 -0.2055 0.3930
vn 0.9885 -0.1509 0.0053
vn 0.9772 -0.1193 0.1757
vn 0.9531 -0.1723 0.2487
vn 0.9775 -0.0656 -0.2006
vn 0.8854 -0.2038 0.4179
vn 0.8265 -0.2269 0.5152
vn 0.9955 -0.0492 -0.0811
vn 0.9212 -0.1587 0.3553
vn 0.9885 -0.0702 -0.1341
vn 0.9191 -0.0594 -0.3895
vn 0.8528 -0.2227 0.4724
vn 0.8838 0.0711 -0.4624
vn 0.7151 -0.2784 0.6412
vn 0.7879 0.1313 -0.6016
vn 0.9716 -0.0222 -0.2356
vn 0.7132 0.1453 -0.6858
vn 0.7087 -0.2632 0.6546
vn 0.8023 0.0912 -0.5900
vn 0.4444 -0.3366 0.8302
vn 0.5956 -0.2723 0.7557
vn 0.3156 -0.3543 0.8803
vn 0.7566 0.1561 -0.6350
vn 0.5930 -0.3821 0.7088
vn 0.6535 0.1855 -0.7339
vn 0.7112 0.1972 -0.6747
vn 0.6391 -0.3330 0.6933
vn 0.3451 0.2744 -0.8976
vn 0.6012 -0.3206 0.7319
vn 0.1726 -0.3336 0.9268
vn 0.5470 0.1352 -0.8261
vn 0.3023 0.2180 -0.9279
vn 0.2531 -0.3470 0.9031
vn 0.1164 -0.3487 0.9300
vn 0.2725 0.3215 -0.9068
vn 0.3890 0.2611 -0.8835
vn 0.3100 0.3405 -0.8877
vn 0.1503 -0.8074 0.5706
vn 0.1887 -0.6237 0.7585
vn 0.2870 -0.5075 0.8124
vn 0.4008 -0.5980 0.6941
vn 0.4417 -0.3864 0.8097
vn 0.1802 0.0760 -0.9807
vn 0.8426 0.1052 0.5282
vn 0.8168 0.0038 0.5768
vn 0.8005 0.3659 0.4746
vn 0.1784 0.6078 -0.7738
vn 0.6604 0.5516 0.5095
vn 0.4272 0.8746 0.2295
vn 0.4900 0.7760 0.3971
vn 0.1930 0.8738 -0.4463
vn 0.0133 0.9550 -0.2964
vn 0.2972 0.9205 0.2537
vn 0.0397 0.9926 -0.1150
vn -0.0731 0.9969 -0.0295
vn 0.2167 0.9662 0.1398
vn 0.0685 0.9971 0.0324
vn 0.3571 -0.9304 -0.0821
vn 0.9795 0.2015 -0.0021
vn 0.6305 -0.7758 0.0247
vn 0.8358 -0.4993 0.2283
vn -0.8401 0.1298 -0.5267
vn 0.6569 0.7366 -0.1610
vn 0.1448 0.9871 0.0681
vn 0.9997 0.0239 0.0072
vn 0.9694 -0.0142 -0.2451
vn 0.9887 -0.1246 0.0828
vn 0.9442 -0.1922 0.2675
vn 0.9943 -0.1026 0.0300
vn 0.8803 -0.2193 0.4206
vn 0.9473 0.0055 -0.3203
vn 0.9943 -0.1065 -0.0033
vn 0.9142 -0.2007 0.3519
vn 0.8170 -0.2710 0.5090
vn 0.8894 -0.2267 0.3970
vn 0.8286 -0.2280 0.5112
vn 0.9688 0.0004 -0.2479
vn 0.9116 -0.1568 0.3800
vn 0.9307 0.0006 -0.3658
vn 0.8421 -0.2328 0.4865
vn 0.7492 -0.2856 0.5976
vn 0.7415 -0.2878 0.6062
vn 0.8978 0.0931 -0.4305
vn 0.5052 -0.0935 0.8579
vn 0.8760 -0.2243 0.4270
vn 0.8440 0.1017 -0.5265
vn 0.6662 -0.3064 0.6799
vn 0.7081 0.1650 -0.6866
vn 0.5943 0.2112 -0.7760
vn 0.6676 -0.3139 0.6752
vn 0.6383 0.0812 -0.7655
vn 0.8672 -0.0003 -0.4979
vn 0.5521 -0.0674 -0.8311
vn 0.5138 -0.3258 0.7936
vn 0.5659 -0.3227 0.7587
vn 0.3732 -0.3500 0.8592
vn 0.5746 0.0871 -0.8138
vn 0.3816 -0.2994 0.8745
vn 0.4286 0.2469 -0.8691
vn 0.5347 0.2897 -0.7938
vn 0.6499 0.2163 -0.7286
vn 0.5683 -0.2678 0.7780
vn 0.4846 -0.3702 0.7925
vn 0.4396 0.2734 -0.8556
vn 0.1242 -0.4057 0.9055
vn 0.3926 -0.4911 0.7777
vn 0.2541 -0.0665 -0.9649
vn 0.6064 -0.3648 0.7066
vn 0.9100 -0.1665 0.3798
vn 0.1806 0.9712 -0.1553
vn 0.4102 0.0520 -0.9105
vn 0.5873 -0.8014 0.1134
vn 0.9780 -0.1764 0.1111
vn 0.9739 -0.1648 0.1561
vn 0.9828 -0.1506 0.1073
vn 0.8976 -0.2222 0.3807
vn 0.9806 0.1306 -0.1462
vn 0.9599 -0.1588 0.2309
vn 0.8798 -0.2337 0.4139
vn 0.9364 -0.1476 0.3185
vn 0.9653 0.0553 -0.2551
vn 0.7201 -0.3008 0.6252
vn 0.8988 0.0780 -0.4315
vn 0.8591 -0.2628 0.4392
vn 0.8065 -0.2756 0.5230
vn 0.9016 0.0559 -0.4290
vn 0.8746 -0.0351 -0.4835
vn 0.8490 -0.0816 0.5220
vn 0.7634 0.1365 -0.6314
vn 0.6868 -0.3071 0.6588
vn 0.5459 -0.2365 0.8038
vn 0.5086 -0.2959 0.8086
vn 0.6425 0.2897 -0.7094
vn 0.3899 -0.3859 0.8361
vn 0.3495 -0.6408 0.6836
vn 0.3570 -0.6113 0.7063
vn 0.2932 -0.5743 0.7643
vn 0.3848 -0.1043 -0.9171
vn 0.3175 -0.0509 -0.9469
vn 0.2149 0.3736 -0.9023
vn 0.6539 -0.1853 0.7335
vn 0.7240 0.1804 0.6658
vn 0.6241 0.3289 0.7087
vn 0.5681 0.5854 0.5784
vn 0.5514 0.6592 0.5114
vn 0.3155 0.6598 -0.6820
vn 0.4280 0.6650 -0.6120
vn 0.4390 0.8087 0.3916
vn 0.2935 0.9495 -0.1113
vn 0.4645 0.8825 0.0741
vn 0.3598 0.9030 0.2347
vn 0.9962 -0.0849 0.0196
vn 0.9814 -0.0007 -0.1922
vn 0.9812 -0.1217 0.1498
vn 0.9870 -0.1282 0.0974
vn 0.9599 -0.1425 0.2414
vn 0.9831 -0.0278 -0.1809
vn 0.9814 -0.1524 0.1167
vn 0.9020 -0.2656 0.3405
vn 0.8760 -0.2702 0.3995
vn 0.8930 -0.4258 -0.1460
vn 0.9438 -0.2380 0.2295
vn 0.8352 -0.2809 0.4728
vn 0.9095 0.0077 -0.4157
vn 0.8715 -0.2767 0.4048
vn 0.7827 -0.2964 0.5474
vn 0.6637 0.0308 -0.7473
vn 0.6680 -0.2951 0.6831
vn 0.7933 -0.3071 0.5257
vn 0.8465 0.1357 -0.5148
vn 0.7889 -0.2173 0.5748
vn 0.8330 -0.3748 0.4071
vn 0.6896 -0.3806 0.6162
vn 0.7831 0.1250 -0.6092
vn 0.4581 -0.6184 0.6385
vn 0.5745 0.1421 -0.8061
vn 0.6461 -0.0829 -0.7587
vn 0.3767 -0.4303 0.8203
vn 0.4195 -0.0563 -0.9060
vn 0.4752 0.0647 -0.8775
vn 0.5468 -0.0592 0.8352
vn 0.2127 0.1425 -0.9667
vn 0.5266 0.2146 -0.8226
vn 0.5637 0.2111 0.7986
vn 0.3850 0.4088 -0.8275
vn 0.4329 0.5414 -0.7207
vn 0.5783 0.5128 0.6345
vn 0.4325 0.7119 0.5533
vn 0.3150 0.7834 -0.5357
vn 0.4092 0.8768 -0.2526
vn 0.5295 0.8108 0.2495
vn 0.9778 -0.1632 0.1312
vn 0.9903 -0.1162 -0.0765
vn 0.9310 -0.2112 0.2977
vn 0.8956 -0.2385 0.3756
vn 0.9089 0.0473 -0.4143
vn 0.9699 -0.1199 0.2120
vn 0.8642 0.1163 -0.4894
vn 0.9157 -0.1642 0.3669
vn 0.7206 -0.2670 0.6398
vn 0.7959 0.1796 -0.5782
vn 0.9024 0.1406 -0.4073
vn 0.9025 -0.2232 0.3684
vn 0.9136 -0.2643 0.3089
vn 0.8644 -0.2741 0.4216
vn 0.7044 -0.4805 0.5225
vn 0.7005 -0.5537 0.4504
vn 0.7827 -0.0964 -0.6148
vn 0.5364 -0.6290 0.5628
vn 0.5488 -0.6132 0.5681
vn 0.7298 -0.2333 -0.6427
vn 0.5384 -0.5688 0.6218
vn 0.5539 -0.3902 0.7355
vn 0.6134 -0.0738 -0.7864
vn 0.4953 -0.2436 0.8338
vn 0.6335 -0.0573 0.7716
vn 0.6058 0.2925 0.7399
vn 0.5974 0.5889 0.5444
vn 0.5319 0.7559 -0.3817
vn 0.5544 0.7214 0.4150
vn 0.4676 0.8766 -0.1139
vn 0.5530 0.8234 0.1276
vn 0.9910 0.0122 -0.1336
vn 0.9552 -0.2326 0.1829
vn 0.9953 -0.0923 0.0307
vn 0.6182 -0.6288 0.4715
vn 0.9706 0.0312 -0.2387
vn 0.9569 -0.1030 0.2716
vn 0.9912 -0.0577 0.1195
vn 0.9832 0.0074 -0.1824
vn 0.9124 -0.0235 -0.4087
vn 0.6431 -0.4645 0.6088
vn 0.8416 -0.4694 0.2672
vn 0.9115 -0.3148 -0.2646
vn 0.8370 -0.2091 -0.5057
vn 0.6712 -0.3775 0.6379
vn 0.5055 -0.5030 0.7010
vn 0.6518 -0.1480 -0.7438
vn 0.6969 -0.0384 0.7162
vn 0.6775 0.2871 -0.6772
vn 0.5584 0.5609 -0.6112
vn 0.6467 0.4474 0.6178
vn 0.6322 0.6265 0.4560
vn 0.6035 0.6959 -0.3893
vn 0.6362 0.7606 0.1294
vn 0.9501 -0.3117 -0.0138
vn 0.6963 -0.5886 0.4107
vn 0.7583 -0.5571 0.3386
vn 0.8171 -0.2101 -0.5368
vn 0.7306 -0.4606 0.5041
vn 0.6933 -0.1333 0.7082
vn 0.7048 0.2348 0.6695
vn 0.7557 0.3993 -0.5192
vn 0.7940 0.4438 0.4154
vn 0.7099 0.5728 -0.4099
vn 0.7206 0.6483 -0.2457
vn 0.6955 0.6363 0.3337
vn 0.6623 0.7372 -0.1340
vn 0.6585 0.7526 -0.0085
vn 0.8372 -0.5249 0.1532
vn 0.8767 -0.3464 -0.3337
vn 0.8451 -0.4808 0.2337
vn 0.8744 -0.4804 -0.0688
vn 0.7845 -0.4807 0.3918
vn 0.9151 -0.3051 -0.2635
vn 0.8610 -0.2083 0.4640
vn 0.6219 -0.1141 -0.7747
vn 0.7513 -0.2773 0.5989
vn 0.8651 -0.0502 -0.4991
vn 0.8487 0.0401 0.5273
vn 0.7774 0.0812 -0.6237
vn 0.8398 0.2546 0.4795
vn 0.7479 0.4192 0.5147
vn 0.8507 0.4488 0.2736
vn 0.8455 0.4293 -0.3175
vn 0.8523 0.5215 0.0408
vn 0.7683 0.6160 0.1738
vn 0.8362 0.5363 -0.1147
vn 0.9223 -0.3865 -0.0049
vn 0.9373 -0.3260 0.1233
vn 0.9296 -0.1035 -0.3538
vn 0.9718 -0.2077 -0.1115
vn 0.8903 -0.2626 0.3721
vn 0.9400 -0.0820 0.3312
vn 0.9540 0.1547 -0.2570
vn 0.9507 0.1997 0.2372
vn 0.9238 0.3789 -0.0559
vn 0.9172 0.3923 -0.0700
vn 0.9951 -0.0715 -0.0677
vn 0.9672 -0.2044 0.1505
vn 0.9912 0.0704 -0.1119
vn 0.9908 0.1279 -0.0437
vn 0.9917 -0.0545 0.1167
vn 0.9787 0.1521 -0.1379
vn 0.9564 0.2650 0.1228
f 8//8 1//1 7//7
f 6//6 4//4 5//5
f 4//4 3//3 1//1
f 3//3 2//2 1//1
f 1//1 2//2 7//7
f 5//5 4//4 1//1
f 1//1 6//6 5//5
f 8//8 6//6 1//1
f 10//10 9//9 8//8
f 8//8 7//7 10//10
f 2//2 12//12 11//11
f 2//2 11//11 22//22
f 13//13 12//12 4//4
f 4//4 12//12 3//3
f 3//3 12//12 2//2
f 14//14 13//13 4//4
f 6//6 14//14 4//4
f 2//2 33//33 35//35
f 16//16 7//7 35//35
f 35//35 7//7 2//2
f 8//8 15//15 6//6
f 6//6 15//15 14//14
f 8//8 17//17 15//15
f 18//18 27//27 7//7
f 18//18 7//7 16//16
f 9//9 17//17 8//8
f 7//7 27//27 10//10
f 19//19 17//17 9//9
f 19//19 9//9 10//10
f 20//20 22//22 11//11
f 23//23 21//21 11//11
f 13//13 23//23 11//11
f 13//13 11//11 12//12
f 30//30 54//54 22//22
f 22//22 32//32 2//2
f 22//22 54//54 32//32
f 32//32 33//33 2//2
f 24//24 13//13 14//14
f 24//24 23//23 13//13
f 15//15 25//25 14//14
f 14//14 25//25 24//24
f 17//17 26//26 15//15
f 19//19 26//26 17//17
f 26//26 19//19 28//28
f 27//27 48//48 10//10
f 28//28 19//19 10//10
f 29//29 11//11 51//51
f 11//11 29//29 20//20
f 21//21 51//51 11//11
f 20//20 29//29 22//22
f 29//29 30//30 22//22
f 23//23 31//31 21//21
f 25//25 23//23 24//24
f 78//78 16//16 35//35
f 23//23 25//25 34//34
f 26//26 25//25 15//15
f 36//36 25//25 26//26
f 43//43 16//16 78//78
f 16//16 43//43 18//18
f 45//45 27//27 18//18
f 45//45 18//18 43//43
f 28//28 47//47 26//26
f 10//10 47//47 28//28
f 10//10 48//48 47//47
f 48//48 27//27 49//49
f 38//38 29//29 37//37
f 29//29 38//38 30//30
f 21//21 31//31 51//51
f 38//38 54//54 30//30
f 31//31 39//39 56//56
f 40//40 39//39 23//23
f 23//23 39//39 31//31
f 34//34 41//41 23//23
f 23//23 41//41 40//40
f 55//55 33//33 32//32
f 55//55 35//35 33//33
f 78//78 35//35 55//55
f 34//34 25//25 60//60
f 42//42 25//25 36//36
f 78//78 59//59 43//43
f 26//26 42//42 36//36
f 44//44 70//70 26//26
f 70//70 42//42 26//26
f 47//47 44//44 26//26
f 70//70 44//44 47//47
f 62//62 70//70 47//47
f 62//62 47//47 46//46
f 80//80 27//27 45//45
f 51//51 37//37 29//29
f 31//31 52//52 64//64
f 31//31 64//64 51//51
f 51//51 64//64 50//50
f 56//56 52//52 31//31
f 53//53 54//54 38//38
f 39//39 40//40 56//56
f 55//55 32//32 54//54
f 40//40 41//41 57//57
f 34//34 60//60 41//41
f 59//59 78//78 58//58
f 60//60 25//25 42//42
f 70//70 60//60 42//42
f 61//61 45//45 43//43
f 61//61 43//43 59//59
f 45//45 61//61 80//80
f 27//27 80//80 49//49
f 71//71 63//63 46//46
f 71//71 46//46 47//47
f 47//47 48//48 71//71
f 48//48 49//49 82//82
f 51//51 50//50 86//86
f 51//51 38//38 37//37
f 86//86 38//38 51//51
f 56//56 72//72 83//83
f 56//56 83//83 52//52
f 52//52 83//83 64//64
f 65//65 72//72 56//56
f 53//53 55//55 54//54
f 66//66 65//65 56//56
f 40//40 66//66 56//56
f 57//57 67//67 40//40
f 40//40 67//67 66//66
f 41//41 67//67 57//57
f 114//114 58//58 78//78
f 68//68 41//41 60//60
f 79//79 68//68 60//60
f 69//69 79//79 60//60
f 70//70 69//69 60//60
f 61//61 59//59 58//58
f 63//63 62//62 46//46
f 81//81 82//82 49//49
f 82//82 71//71 48//48
f 64//64 96//96 50//50
f 65//65 94//94 72//72
f 73//73 55//55 53//53
f 66//66 74//74 65//65
f 67//67 74//74 66//66
f 75//75 74//74 67//67
f 114//114 76//76 55//55
f 55//55 76//76 78//78
f 67//67 77//77 75//75
f 41//41 77//77 67//67
f 68//68 77//77 41//41
f 90//90 58//58 101//101
f 79//79 70//70 62//62
f 79//79 69//69 70//70
f 58//58 90//90 61//61
f 90//90 80//80 61//61
f 81//81 49//49 80//80
f 63//63 71//71 92//92
f 92//92 71//71 82//82
f 50//50 96//96 86//86
f 72//72 94//94 83//83
f 38//38 73//73 53//53
f 86//86 73//73 38//38
f 74//74 85//85 65//65
f 87//87 85//85 74//74
f 73//73 97//97 55//55
f 97//97 98//98 55//55
f 74//74 75//75 87//87
f 98//98 114//114 55//55
f 77//77 88//88 75//75
f 114//114 78//78 76//76
f 101//101 58//58 114//114
f 89//89 88//88 68//68
f 88//88 77//77 68//68
f 89//89 68//68 79//79
f 62//62 89//89 79//79
f 104//104 89//89 62//62
f 129//129 104//104 62//62
f 91//91 62//62 63//63
f 91//91 129//129 62//62
f 90//90 81//81 80//80
f 129//129 91//91 63//63
f 118//118 63//63 92//92
f 118//118 129//129 63//63
f 94//94 65//65 84//84
f 83//83 94//94 95//95
f 83//83 95//95 107//107
f 83//83 96//96 64//64
f 85//85 84//84 65//65
f 96//96 111//111 86//86
f 84//84 99//99 109//109
f 99//99 84//84 85//85
f 87//87 99//99 85//85
f 75//75 99//99 87//87
f 139//139 75//75 88//88
f 100//100 139//139 88//88
f 102//102 100//100 88//88
f 89//89 102//102 88//88
f 103//103 102//102 89//89
f 104//104 103//103 89//89
f 105//105 81//81 90//90
f 92//92 130//130 118//118
f 82//82 81//81 105//105
f 82//82 105//105 106//106
f 106//106 130//130 92//92
f 92//92 82//82 106//106
f 94//94 107//107 95//95
f 93//93 107//107 94//94
f 110//110 83//83 107//107
f 110//110 96//96 83//83
f 84//84 109//109 119//119
f 86//86 111//111 73//73
f 111//111 97//97 73//73
f 112//112 109//109 99//99
f 111//111 98//98 97//97
f 99//99 113//113 112//112
f 75//75 113//113 99//99
f 139//139 113//113 75//75
f 139//139 102//102 115//115
f 100//100 102//102 139//139
f 153//153 101//101 114//114
f 153//153 90//90 101//101
f 141//141 102//102 103//103
f 117//117 90//90 153//153
f 105//105 90//90 117//117
f 143//143 104//104 129//129
f 143//143 142//142 104//104
f 119//119 120//120 84//84
f 84//84 120//120 94//94
f 94//94 132//132 93//93
f 120//120 132//132 94//94
f 93//93 110//110 107//107
f 108//108 121//121 119//119
f 108//108 119//119 109//109
f 96//96 110//110 111//111
f 109//109 121//121 108//108
f 122//122 111//111 110//110
f 112//112 121//121 109//109
f 122//122 98//98 111//111
f 113//113 123//123 112//112
f 112//112 123//123 121//121
f 138//138 114//114 98//98
f 113//113 124//124 123//123
f 139//139 124//124 113//113
f 115//115 126//126 139//139
f 153//153 114//114 125//125
f 102//102 126//126 115//115
f 103//103 156//156 141//141
f 127//127 103//103 104//104
f 116//116 127//127 104//104
f 142//142 116//116 104//104
f 105//105 144//144 128//128
f 105//105 117//117 144//144
f 129//129 204//204 143//143
f 130//130 129//129 118//118
f 128//128 106//106 105//105
f 121//121 146//146 119//119
f 119//119 146//146 147//147
f 119//119 147//147 120//120
f 132//132 166//166 93//93
f 93//93 133//133 110//110
f 135//135 134//134 121//121
f 149//149 122//122 110//110
f 123//123 135//135 121//121
f 98//98 136//136 150//150
f 122//122 136//136 98//98
f 123//123 137//137 135//135
f 150//150 138//138 98//98
f 139//139 123//123 124//124
f 138//138 125//125 114//114
f 126//126 155//155 139//139
f 126//126 102//102 155//155
f 155//155 102//102 140//140
f 141//141 140//140 102//102
f 116//116 103//103 127//127
f 180//180 144//144 117//117
f 159//159 158//158 142//142
f 160//160 129//129 130//130
f 160//160 204//204 129//129
f 160//160 130//130 106//106
f 160//160 106//106 144//144
f 144//144 106//106 128//128
f 147//147 166//166 120//120
f 131//131 166//166 147//147
f 166//166 132//132 120//120
f 134//134 145//145 121//121
f 121//121 145//145 146//146
f 166//166 133//133 93//93
f 133//133 149//149 110//110
f 183//183 168//168 149//149
f 168//168 136//136 149//149
f 149//149 136//136 122//122
f 169//169 134//134 152//152
f 152//152 135//135 137//137
f 152//152 134//134 135//135
f 150//150 151//151 138//138
f 171//171 138//138 151//151
f 123//123 152//152 137//137
f 139//139 152//152 123//123
f 125//125 138//138 171//171
f 172//172 152//152 139//139
f 155//155 172//172 139//139
f 154//154 172//172 155//155
f 194//194 117//117 153//153
f 177//177 117//117 194//194
f 175//175 155//155 140//140
f 175//175 140//140 141//141
f 156//156 175//175 141//141
f 117//117 177//177 157//157
f 200//200 103//103 116//116
f 158//158 116//116 142//142
f 157//157 180//180 117//117
f 204//204 159//159 142//142
f 204//204 142//142 143//143
f 180//180 160//160 144//144
f 145//145 134//134 164//164
f 145//145 162//162 146//146
f 146//146 162//162 163//163
f 146//146 163//163 147//147
f 147//147 163//163 162//162
f 147//147 162//162 131//131
f 165//165 166//166 131//131
f 148//148 164//164 134//134
f 134//134 167//167 148//148
f 168//168 170//170 150//150
f 136//136 168//168 150//150
f 170//170 151//151 150//150
f 193//193 125//125 171//171
f 193//193 153//153 125//125
f 172//172 174//174 173//173
f 172//172 154//154 174//174
f 194//194 153//153 193//193
f 154//154 155//155 174//174
f 156//156 199//199 175//175
f 200//200 156//156 103//103
f 176//176 178//178 177//177
f 116//116 203//203 200//200
f 176//176 157//157 178//178
f 178//178 157//157 177//177
f 259//259 203//203 116//116
f 179//179 116//116 158//158
f 179//179 259//259 116//116
f 176//176 180//180 157//157
f 158//158 159//159 204//204
f 229//229 204//204 160//160
f 160//160 161//161 229//229
f 161//161 160//160 180//180
f 131//131 181//181 165//165
f 166//166 211//211 183//183
f 184//184 182//182 167//167
f 167//167 182//182 148//148
f 166//166 183//183 133//133
f 133//133 183//183 149//149
f 134//134 184//184 167//167
f 183//183 185//185 168//168
f 168//168 185//185 217//217
f 187//187 186//186 184//184
f 169//169 187//187 134//134
f 134//134 187//187 184//184
f 217//217 188//188 168//168
f 188//188 170//170 168//168
f 186//186 169//169 216//216
f 187//187 169//169 186//186
f 188//188 190//190 170//170
f 152//152 189//189 169//169
f 190//190 151//151 170//170
f 190//190 191//191 151//151
f 191//191 171//171 151//151
f 152//152 192//192 189//189
f 191//191 193//193 171//171
f 192//192 152//152 172//172
f 195//195 192//192 174//174
f 174//174 192//192 173//173
f 192//192 172//172 173//173
f 191//191 194//194 193//193
f 155//155 195//195 174//174
f 197//197 195//195 155//155
f 197//197 155//155 175//175
f 224//224 196//196 194//194
f 196//196 177//177 194//194
f 199//199 197//197 175//175
f 196//196 198//198 176//176
f 224//224 198//198 196//196
f 196//196 176//176 177//177
f 200//200 199//199 156//156
f 201//201 198//198 224//224
f 202//202 200//200 203//203
f 201//201 176//176 198//198
f 259//259 179//179 158//158
f 206//206 161//161 201//201
f 201//201 161//161 180//180
f 201//201 180//180 176//176
f 259//259 158//158 260//260
f 260//260 158//158 263//263
f 263//263 158//158 204//204
f 205//205 204//204 229//229
f 206//206 229//229 161//161
f 207//207 145//145 233//233
f 145//145 164//164 233//233
f 145//145 207//207 162//162
f 233//233 162//162 207//207
f 182//182 210//210 208//208
f 182//182 208//208 148//148
f 209//209 181//181 131//131
f 165//165 181//181 166//166
f 211//211 166//166 181//181
f 212//212 210//210 182//182
f 238//238 213//213 211//211
f 211//211 213//213 183//183
f 215//215 212//212 184//184
f 184//184 212//212 182//182
f 183//183 214//214 242//242
f 186//186 215//215 184//184
f 242//242 185//185 183//183
f 216//216 215//215 186//186
f 185//185 242//242 217//217
f 189//189 216//216 169//169
f 192//192 216//216 189//189
f 248//248 191//191 190//190
f 188//188 248//248 190//190
f 220//220 219//219 216//216
f 220//220 216//216 192//192
f 223//223 191//191 248//248
f 223//223 194//194 191//191
f 221//221 220//220 192//192
f 195//195 221//221 192//192
f 223//223 224//224 194//194
f 197//197 222//222 221//221
f 197//197 221//221 195//195
f 223//223 225//225 224//224
f 223//223 226//226 225//225
f 254//254 197//197 199//199
f 225//225 226//226 224//224
f 202//202 199//199 200//200
f 202//202 257//257 199//199
f 226//226 227//227 201//201
f 226//226 201//201 224//224
f 228//228 202//202 203//203
f 227//227 258//258 206//206
f 227//227 206//206 201//201
f 230//230 228//228 203//203
f 259//259 230//230 203//203
f 205//205 229//229 263//263
f 204//204 205//205 263//263
f 258//258 229//229 206//206
f 208//208 270//270 148//148
f 164//164 148//148 232//232
f 164//164 232//232 233//233
f 162//162 233//233 235//235
f 235//235 233//233 234//234
f 235//235 209//209 162//162
f 209//209 131//131 162//162
f 212//212 237//237 208//208
f 212//212 208//208 210//210
f 238//238 211//211 181//181
f 239//239 237//237 215//215
f 215//215 237//237 212//212
f 238//238 183//183 213//213
f 238//238 214//214 183//183
f 215//215 240//240 239//239
f 214//214 241//241 242//242
f 241//241 243//243 242//242
f 218//218 215//215 216//216
f 244//244 215//215 218//218
f 216//216 244//244 218//218
f 245//245 242//242 243//243
f 245//245 188//188 217//217
f 242//242 245//245 217//217
f 219//219 244//244 216//216
f 246//246 248//248 188//188
f 246//246 188//188 245//245
f 247//247 244//244 220//220
f 244//244 219//219 220//220
f 250//250 247//247 220//220
f 250//250 220//220 221//221
f 249//249 252//252 248//248
f 252//252 223//223 248//248
f 222//222 250//250 221//221
f 251//251 222//222 197//197
f 254//254 251//251 197//197
f 310//310 251//251 254//254
f 255//255 252//252 253//253
f 255//255 256//256 252//252
f 252//252 256//256 226//226
f 252//252 226//226 223//223
f 257//257 254//254 199//199
f 255//255 258//258 227//227
f 255//255 227//227 256//256
f 256//256 227//227 226//226
f 312//312 257//257 202//202
f 230//230 202//202 228//228
f 230//230 312//312 202//202
f 287//287 263//263 258//258
f 258//258 263//263 229//229
f 261//261 260//260 262//262
f 262//262 260//260 263//263
f 267//267 264//264 231//231
f 231//231 264//264 288//288
f 231//231 288//288 265//265
f 266//266 265//265 288//288
f 268//268 267//267 231//231
f 231//231 265//265 268//268
f 292//292 148//148 270//270
f 232//232 271//271 233//233
f 148//148 271//271 232//232
f 237//237 272//272 269//269
f 237//237 269//269 208//208
f 208//208 269//269 270//270
f 234//234 294//294 235//235
f 294//294 209//209 235//235
f 236//236 273//273 272//272
f 236//236 272//272 237//237
f 209//209 274//274 181//181
f 238//238 181//181 274//274
f 238//238 274//274 297//297
f 240//240 273//273 237//237
f 237//237 273//273 236//236
f 297//297 332//332 238//238
f 238//238 332//332 299//299
f 237//237 239//239 240//240
f 238//238 299//299 214//214
f 299//299 275//275 241//241
f 214//214 299//299 241//241
f 215//215 276//276 240//240
f 275//275 278//278 241//241
f 240//240 276//276 303//303
f 244//244 276//276 215//215
f 241//241 278//278 243//243
f 278//278 245//245 243//243
f 278//278 246//246 245//245
f 247//247 276//276 244//244
f 279//279 276//276 247//247
f 250//250 279//279 247//247
f 278//278 249//249 246//246
f 278//278 277//277 249//249
f 249//249 248//248 246//246
f 280//280 279//279 250//250
f 281//281 307//307 250//250
f 307//307 280//280 250//250
f 222//222 281//281 250//250
f 282//282 249//249 277//277
f 307//307 281//281 222//222
f 308//308 307//307 222//222
f 282//282 283//283 252//252
f 282//282 252//252 249//249
f 347//347 308//308 222//222
f 310//310 222//222 251//251
f 310//310 347//347 222//222
f 283//283 253//253 252//252
f 285//285 310//310 254//254
f 284//284 255//255 283//283
f 283//283 255//255 253//253
f 351//351 254//254 257//257
f 351//351 285//285 254//254
f 286//286 287//287 258//258
f 286//286 258//258 284//284
f 284//284 258//258 255//255
f 314//314 230//230 259//259
f 314//314 259//259 260//260
f 314//314 260//260 261//261
f 261//261 262//262 314//314
f 262//262 263//263 287//287
f 288//288 264//264 289//289
f 289//289 264//264 267//267
f 288//288 289//289 266//266
f 290//290 265//265 266//266
f 265//265 291//291 268//268
f 291//291 265//265 317//317
f 317//317 265//265 290//290
f 269//269 323//323 270//270
f 292//292 293//293 148//148
f 148//148 327//327 271//271
f 293//293 327//327 148//148
f 271//271 327//327 233//233
f 234//234 233//233 294//294
f 295//295 326//326 269//269
f 273//273 295//295 269//269
f 273//273 269//269 272//272
f 209//209 294//294 274//274
f 240//240 296//296 295//295
f 240//240 295//295 273//273
f 240//240 298//298 296//296
f 299//299 300//300 301//301
f 301//301 275//275 299//299
f 240//240 302//302 298//298
f 301//301 300//300 275//275
f 303//303 302//302 240//240
f 300//300 278//278 275//275
f 277//277 300//300 338//338
f 300//300 277//277 278//278
f 276//276 306//306 303//303
f 306//306 276//276 279//279
f 305//305 282//282 277//277
f 305//305 277//277 304//304
f 306//306 279//279 280//280
f 304//304 282//282 305//305
f 307//307 306//306 280//280
f 309//309 282//282 304//304
f 282//282 309//309 283//283
f 309//309 284//284 283//283
f 285//285 347//347 310//310
f 311//311 347//347 285//285
f 309//309 286//286 284//284
f 351//351 311//311 285//285
f 312//312 351//351 257//257
f 350//350 262//262 345//345
f 345//345 262//262 287//287
f 345//345 287//287 309//309
f 309//309 287//287 286//286
f 380//380 312//312 230//230
f 380//380 230//230 313//313
f 313//313 230//230 314//314
f 350//350 314//314 262//262
f 291//291 289//289 267//267
f 266//266 289//289 315//315
f 266//266 316//316 290//290
f 315//315 316//316 266//266
f 267//267 268//268 291//291
f 289//289 291//291 317//317
f 315//315 289//289 318//318
f 289//289 317//317 318//318
f 290//290 316//316 319//319
f 321//321 317//317 290//290
f 321//321 290//290 320//320
f 320//320 290//290 319//319
f 322//322 269//269 387//387
f 269//269 326//326 387//387
f 269//269 322//322 323//323
f 270//270 323//323 292//292
f 292//292 327//327 293//293
f 327//327 294//294 233//233
f 326//326 328//328 325//325
f 328//328 326//326 296//296
f 296//296 326//326 295//295
f 362//362 329//329 294//294
f 331//331 328//328 296//296
f 329//329 274//274 294//294
f 329//329 330//330 274//274
f 298//298 331//331 296//296
f 330//330 332//332 274//274
f 274//274 332//332 297//297
f 302//302 331//331 333//333
f 302//302 333//333 298//298
f 298//298 333//333 331//331
f 299//299 332//332 300//300
f 370//370 400//400 300//300
f 334//334 302//302 303//303
f 400//400 338//338 300//300
f 302//302 335//335 372//372
f 334//334 335//335 302//302
f 306//306 335//335 303//303
f 303//303 335//335 334//334
f 374//374 335//335 306//306
f 338//338 304//304 277//277
f 336//336 374//374 306//306
f 337//337 336//336 306//306
f 339//339 309//309 304//304
f 339//339 304//304 338//338
f 341//341 337//337 306//306
f 341//341 307//307 308//308
f 341//341 306//306 307//307
f 338//338 340//340 339//339
f 338//338 343//343 340//340
f 340//340 309//309 339//339
f 378//378 341//341 308//308
f 378//378 308//308 342//342
f 340//340 343//343 309//309
f 473//473 342//342 308//308
f 473//473 308//308 347//347
f 345//345 343//343 344//344
f 345//345 346//346 343//343
f 343//343 346//346 309//309
f 438//438 473//473 347//347
f 346//346 345//345 309//309
f 351//351 348//348 311//311
f 380//380 351//351 312//312
f 314//314 349//349 379//379
f 380//380 314//314 379//379
f 313//313 314//314 380//380
f 349//349 314//314 350//350
f 381//381 316//316 315//315
f 316//316 381//381 319//319
f 381//381 352//352 319//319
f 381//381 315//315 318//318
f 352//352 320//320 319//319
f 320//320 352//352 353//353
f 384//384 321//321 320//320
f 384//384 317//317 321//321
f 384//384 320//320 356//356
f 357//357 320//320 353//353
f 357//357 353//353 354//354
f 354//354 355//355 357//357
f 357//357 356//356 320//320
f 387//387 323//323 322//322
f 323//323 324//324 292//292
f 325//325 358//358 326//326
f 326//326 358//358 359//359
f 326//326 359//359 387//387
f 361//361 292//292 324//324
f 292//292 361//361 327//327
f 294//294 327//327 362//362
f 325//325 363//363 360//360
f 363//363 325//325 328//328
f 329//329 362//362 330//330
f 364//364 363//363 331//331
f 331//331 363//363 328//328
f 330//330 394//394 365//365
f 365//365 394//394 332//332
f 330//330 365//365 332//332
f 302//302 366//366 331//331
f 331//331 366//366 364//364
f 394//394 368//368 332//332
f 367//367 332//332 368//368
f 367//367 300//300 332//332
f 367//367 368//368 300//300
f 368//368 370//370 300//300
f 302//302 369//369 366//366
f 302//302 372//372 369//369
f 371//371 400//400 370//370
f 372//372 335//335 374//374
f 373//373 375//375 400//400
f 375//375 338//338 400//400
f 341//341 374//374 337//337
f 374//374 336//336 337//337
f 375//375 373//373 343//343
f 375//375 343//343 338//338
f 377//377 343//343 373//373
f 378//378 376//376 341//341
f 377//377 344//344 343//343
f 473//473 378//378 342//342
f 377//377 345//345 344//344
f 439//439 347//347 311//311
f 439//439 438//438 347//347
f 440//440 311//311 348//348
f 440//440 439//439 311//311
f 379//379 349//349 350//350
f 379//379 350//350 377//377
f 377//377 350//350 345//345
f 351//351 440//440 348//348
f 413//413 352//352 381//381
f 352//352 354//354 353//353
f 318//318 317//317 381//381
f 381//381 317//317 384//384
f 414//414 354//354 382//382
f 383//383 354//354 414//414
f 385//385 355//355 354//354
f 453//453 354//354 383//383
f 384//384 356//356 357//357
f 384//384 357//357 412//412
f 447//447 411//411 357//357
f 415//415 447//447 357//357
f 357//357 355//355 385//385
f 415//415 357//357 385//385
f 385//385 354//354 453//453
f 417//417 325//325 386//386
f 325//325 417//417 358//358
f 359//359 358//358 417//417
f 387//387 359//359 417//417
f 387//387 388//388 323//323
f 388//388 324//324 323//323
f 360//360 386//386 325//325
f 327//327 361//361 362//362
f 360//360 392//392 389//389
f 392//392 360//360 363//363
f 362//362 390//390 391//391
f 391//391 330//330 362//362
f 364//364 392//392 363//363
f 391//391 390//390 330//330
f 390//390 393//393 330//330
f 366//366 422//422 364//364
f 364//364 422//422 392//392
f 330//330 393//393 394//394
f 393//393 395//395 394//394
f 394//394 395//395 368//368
f 369//369 396//396 366//366
f 368//368 395//395 397//397
f 395//395 428//428 397//397
f 397//397 428//428 370//370
f 368//368 397//397 370//370
f 372//372 396//396 369//369
f 398//398 371//371 370//370
f 428//428 398//398 370//370
f 427//427 396//396 372//372
f 400//400 371//371 398//398
f 401//401 402//402 372//372
f 402//402 427//427 372//372
f 374//374 401//401 372//372
f 400//400 398//398 399//399
f 402//402 401//401 374//374
f 406//406 403//403 400//400
f 403//403 373//373 400//400
f 404//404 402//402 374//374
f 341//341 404//404 374//374
f 406//406 373//373 403//403
f 431//431 405//405 341//341
f 431//431 341//341 376//376
f 378//378 431//431 376//376
f 406//406 407//407 373//373
f 511//511 431//431 378//378
f 408//408 407//407 406//406
f 407//407 377//377 373//373
f 437//437 436//436 378//378
f 409//409 378//378 473//473
f 409//409 437//437 378//378
f 433//433 379//379 408//408
f 408//408 379//379 407//407
f 407//407 379//379 377//377
f 410//410 351//351 380//380
f 410//410 440//440 351//351
f 434//434 410//410 380//380
f 434//434 380//380 433//433
f 433//433 380//380 379//379
f 352//352 382//382 354//354
f 384//384 412//412 381//381
f 411//411 381//381 412//412
f 411//411 413//413 381//381
f 352//352 413//413 443//443
f 443//443 382//382 352//352
f 383//383 414//414 454//454
f 412//412 357//357 411//411
f 385//385 453//453 452//452
f 522//522 453//453 383//383
f 417//417 418//418 387//387
f 488//488 418//418 417//417
f 360//360 416//416 386//386
f 386//386 416//416 417//417
f 458//458 387//387 418//418
f 458//458 388//388 387//387
f 389//389 419//419 416//416
f 389//389 416//416 360//360
f 324//324 420//420 361//361
f 420//420 421//421 361//361
f 422//422 419//419 392//392
f 392//392 419//419 389//389
f 421//421 362//362 361//361
f 421//421 390//390 362//362
f 390//390 461//461 393//393
f 393//393 425//425 424//424
f 366//366 426//426 422//422
f 424//424 425//425 395//395
f 393//393 424//424 395//395
f 422//422 426//426 423//423
f 396//396 426//426 366//366
f 425//425 428//428 395//395
f 427//427 426//426 396//396
f 428//428 399//399 398//398
f 429//429 427//427 402//402
f 465//465 399//399 428//428
f 430//430 429//429 402//402
f 399//399 406//406 400//400
f 404//404 430//430 402//402
f 430//430 341//341 405//405
f 430//430 404//404 341//341
f 470//470 432//432 399//399
f 432//432 406//406 399//399
f 431//431 430//430 405//405
f 436//436 511//511 378//378
f 433//433 435//435 432//432
f 432//432 435//435 408//408
f 432//432 408//408 406//406
f 435//435 433//433 408//408
f 437//437 409//409 473//473
f 441//441 440//440 410//410
f 441//441 410//410 434//434
f 442//442 414//414 382//382
f 411//411 443//443 413//413
f 443//443 442//442 382//382
f 442//442 444//444 414//414
f 444//444 445//445 414//414
f 414//414 476//476 454//454
f 411//411 415//415 443//443
f 411//411 447//447 415//415
f 454//454 476//476 451//451
f 451//451 476//476 449//449
f 449//449 476//476 448//448
f 385//385 450//450 415//415
f 522//522 383//383 454//454
f 455//455 454//454 451//451
f 416//416 457//457 417//417
f 456//456 457//457 416//416
f 417//417 485//485 488//488
f 457//457 485//485 417//417
f 487//487 483//483 419//419
f 419//419 483//483 416//416
f 416//416 483//483 456//456
f 388//388 458//458 324//324
f 458//458 420//420 324//324
f 419//419 459//459 487//487
f 458//458 491//491 420//420
f 421//421 420//420 491//491
f 422//422 459//459 419//419
f 491//491 390//390 421//421
f 460//460 459//459 423//423
f 423//423 459//459 422//422
f 461//461 462//462 393//393
f 462//462 425//425 393//393
f 462//462 428//428 425//425
f 463//463 462//462 502//502
f 463//463 428//428 462//462
f 464//464 466//466 427//427
f 466//466 426//426 427//427
f 467//467 466//466 429//429
f 466//466 464//464 429//429
f 464//464 427//427 429//429
f 465//465 428//428 463//463
f 430//430 467//467 429//429
f 470//470 468//468 465//465
f 468//468 399//399 465//465
f 468//468 470//470 399//399
f 431//431 546//546 469//469
f 431//431 469//469 430//430
f 471//471 470//470 506//506
f 511//511 507//507 431//431
f 472//472 434//434 471//471
f 471//471 434//434 433//433
f 471//471 433//433 470//470
f 470//470 433//433 432//432
f 547//547 436//436 437//437
f 548//548 547//547 437//437
f 473//473 548//548 437//437
f 474//474 438//438 439//439
f 474//474 473//473 438//438
f 474//474 440//440 509//509
f 439//439 440//440 474//474
f 440//440 441//441 434//434
f 440//440 434//434 472//472
f 444//444 442//442 475//475
f 445//445 476//476 414//414
f 446//446 448//448 476//476
f 448//448 446//446 449//449
f 449//449 446//446 477//477
f 415//415 450//450 443//443
f 478//478 442//442 450//450
f 442//442 443//443 450//450
f 516//516 449//449 479//479
f 480//480 449//449 516//516
f 385//385 478//478 450//450
f 478//478 385//385 452//452
f 453//453 517//517 478//478
f 452//452 453//453 478//478
f 454//454 455//455 522//522
f 449//449 480//480 451//451
f 528//528 481//481 525//525
f 483//483 487//487 482//482
f 456//456 483//483 457//457
f 457//457 484//484 485//485
f 458//458 418//418 488//488
f 458//458 488//488 489//489
f 489//489 534//534 458//458
f 490//490 486//486 459//459
f 459//459 486//486 487//487
f 534//534 491//491 458//458
f 493//493 494//494 390//390
f 491//491 493//493 390//390
f 460//460 492//492 459//459
f 459//459 492//492 490//490
f 390//390 494//494 461//461
f 496//496 462//462 461//461
f 426//426 495//495 423//423
f 423//423 495//495 460//460
f 496//496 461//461 497//497
f 498//498 495//495 426//426
f 500//500 502//502 462//462
f 500//500 462//462 496//496
f 466//466 498//498 426//426
f 502//502 465//465 463//463
f 501//501 498//498 466//466
f 467//467 501//501 466//466
f 503//503 470//470 465//465
f 503//503 465//465 502//502
f 505//505 501//501 467//467
f 505//505 467//467 430//430
f 469//469 505//505 430//430
f 502//502 542//542 506//506
f 502//502 504//504 503//503
f 502//502 506//506 504//504
f 504//504 470//470 503//503
f 546//546 505//505 469//469
f 504//504 506//506 470//470
f 507//507 546//546 431//431
f 511//511 510//510 507//507
f 655//655 511//511 436//436
f 547//547 655//655 436//436
f 508//508 509//509 440//440
f 508//508 440//440 472//472
f 508//508 472//472 506//506
f 506//506 472//472 471//471
f 473//473 512//512 513//513
f 548//548 473//473 513//513
f 512//512 473//473 474//474
f 512//512 474//474 509//509
f 442//442 478//478 475//475
f 475//475 478//478 444//444
f 515//515 449//449 477//477
f 515//515 479//479 449//449
f 515//515 516//516 479//479
f 520//520 481//481 519//519
f 522//522 517//517 453//453
f 523//523 519//519 481//481
f 523//523 518//518 519//519
f 525//525 481//481 520//520
f 525//525 520//520 521//521
f 525//525 521//521 526//526
f 562//562 559//559 522//522
f 562//562 522//522 455//455
f 619//619 451//451 480//480
f 524//524 523//523 481//481
f 480//480 516//516 523//523
f 564//564 523//523 524//524
f 524//524 481//481 527//527
f 527//527 481//481 528//528
f 566//566 528//528 525//525
f 483//483 530//530 457//457
f 482//482 530//530 483//483
f 457//457 570//570 484//484
f 530//530 570//570 457//457
f 532//532 529//529 482//482
f 532//532 482//482 486//486
f 486//486 482//482 487//487
f 484//484 533//533 485//485
f 485//485 533//533 488//488
f 535//535 492//492 532//532
f 535//535 532//532 490//490
f 490//490 532//532 486//486
f 489//489 536//536 534//534
f 534//534 536//536 491//491
f 490//490 492//492 535//535
f 491//491 536//536 493//493
f 460//460 537//537 492//492
f 493//493 536//536 494//494
f 460//460 495//495 537//537
f 536//536 540//540 497//497
f 536//536 497//497 494//494
f 497//497 461//461 494//494
f 537//537 495//495 581//581
f 540//540 496//496 497//497
f 499//499 495//495 498//498
f 540//540 500//500 496//496
f 539//539 495//495 499//499
f 498//498 539//539 499//499
f 583//583 539//539 498//498
f 540//540 502//502 500//500
f 541//541 583//583 501//501
f 583//583 498//498 501//501
f 538//538 502//502 540//540
f 543//543 541//541 501//501
f 543//543 501//501 585//585
f 538//538 542//542 502//502
f 505//505 585//585 501//501
f 546//546 544//544 505//505
f 545//545 506//506 542//542
f 512//512 509//509 545//545
f 545//545 509//509 508//508
f 545//545 508//508 506//506
f 590//590 511//511 655//655
f 514//514 655//655 547//547
f 513//513 512//512 588//588
f 588//588 548//548 513//513
f 595//595 444//444 552//552
f 444//444 553//553 445//445
f 551//551 476//476 550//550
f 476//476 553//553 550//550
f 476//476 445//445 553//553
f 476//476 551//551 446//446
f 446//446 551//551 597//597
f 660//660 446//446 597//597
f 554//554 555//555 477//477
f 446//446 554//554 477//477
f 660//660 554//554 446//446
f 478//478 552//552 444//444
f 555//555 515//515 477//477
f 555//555 556//556 516//516
f 555//555 516//516 515//515
f 522//522 478//478 517//517
f 516//516 556//556 523//523
f 523//523 556//556 557//557
f 523//523 557//557 518//518
f 521//521 607//607 613//613
f 521//521 613//613 526//526
f 526//526 613//613 558//558
f 558//558 560//560 526//526
f 559//559 478//478 522//522
f 560//560 618//618 526//526
f 561//561 559//559 562//562
f 618//618 567//567 526//526
f 455//455 563//563 673//673
f 451//451 563//563 455//455
f 619//619 563//563 451//451
f 523//523 564//564 480//480
f 526//526 566//566 525//525
f 567//567 618//618 621//621
f 619//619 480//480 564//564
f 565//565 524//524 527//527
f 565//565 527//527 528//528
f 566//566 526//526 567//567
f 482//482 529//529 570//570
f 482//482 570//570 530//530
f 531//531 569//569 532//532
f 532//532 569//569 529//529
f 484//484 571//571 533//533
f 533//533 571//571 488//488
f 488//488 572//572 489//489
f 571//571 572//572 488//488
f 489//489 572//572 634//634
f 531//531 573//573 632//632
f 573//573 531//531 532//532
f 492//492 573//573 532//532
f 634//634 574//574 489//489
f 574//574 536//536 489//489
f 574//574 575//575 536//536
f 536//536 575//575 577//577
f 537//537 576//576 492//492
f 492//492 576//576 573//573
f 577//577 578//578 536//536
f 578//578 579//579 536//536
f 537//537 581//581 576//576
f 579//579 580//580 536//536
f 580//580 540//540 536//536
f 580//580 579//579 540//540
f 539//539 581//581 495//495
f 643//643 538//538 540//540
f 643//643 540//540 579//579
f 581//581 539//539 583//583
f 582//582 542//542 538//538
f 582//582 538//538 643//643
f 643//643 542//542 582//582
f 543//543 583//583 541//541
f 647//647 584//584 643//643
f 584//584 542//542 643//643
f 544//544 585//585 505//505
f 584//584 545//545 542//542
f 546//546 650//650 544//544
f 649//649 584//584 647//647
f 653//653 710//710 546//546
f 653//653 546//546 507//507
f 653//653 507//507 510//510
f 653//653 510//510 589//589
f 588//588 587//587 548//548
f 587//587 588//588 649//649
f 588//588 512//512 649//649
f 649//649 512//512 584//584
f 584//584 512//512 545//545
f 589//589 510//510 511//511
f 590//590 589//589 511//511
f 591//591 514//514 547//547
f 591//591 655//655 514//514
f 591//591 548//548 586//586
f 547//547 548//548 591//591
f 592//592 657//657 549//549
f 549//549 657//657 599//599
f 599//599 657//657 593//593
f 594//594 600//600 593//593
f 551//551 550//550 597//597
f 598//598 592//592 549//549
f 661//661 598//598 549//549
f 661//661 549//549 599//599
f 593//593 609//609 599//599
f 610//610 593//593 600//600
f 609//609 593//593 610//610
f 595//595 552//552 604//604
f 444//444 595//595 596//596
f 444//444 596//596 553//553
f 553//553 596//596 550//550
f 661//661 599//599 609//609
f 610//610 600//600 601//601
f 610//610 601//601 668//668
f 668//668 601//601 602//602
f 603//603 611//611 602//602
f 611//611 603//603 604//604
f 612//612 604//604 478//478
f 478//478 604//604 552//552
f 557//557 555//555 554//554
f 557//557 556//556 555//555
f 518//518 557//557 605//605
f 518//518 605//605 519//519
f 519//519 605//605 606//606
f 519//519 606//606 520//520
f 520//520 606//606 521//521
f 521//521 606//606 607//607
f 613//613 607//607 608//608
f 613//613 614//614 558//558
f 615//615 611//611 604//604
f 612//612 615//615 604//604
f 615//615 612//612 478//478
f 614//614 560//560 558//558
f 617//617 615//615 478//478
f 617//617 478//478 559//559
f 614//614 618//618 560//560
f 618//618 614//614 616//616
f 617//617 559//559 561//561
f 672//672 562//562 455//455
f 672//672 561//561 562//562
f 621//621 618//618 730//730
f 672//672 455//455 732//732
f 673//673 732//732 455//455
f 673//673 563//563 619//619
f 524//524 619//619 564//564
f 524//524 674//674 619//619
f 565//565 674//674 524//524
f 528//528 675//675 565//565
f 566//566 677//677 528//528
f 528//528 677//677 675//675
f 567//567 620//620 566//566
f 674//674 565//565 675//675
f 677//677 566//566 620//620
f 567//567 621//621 678//678
f 622//622 621//621 730//730
f 621//621 682//682 678//678
f 682//682 621//621 623//623
f 627//627 623//623 621//621
f 627//627 621//621 622//622
f 625//625 623//623 626//626
f 626//626 623//623 627//627
f 568//568 529//529 628//628
f 568//568 629//629 529//529
f 529//529 629//629 570//570
f 570//570 695//695 696//696
f 629//629 695//695 570//570
f 531//531 630//630 628//628
f 531//531 628//628 569//569
f 569//569 628//628 529//529
f 570//570 631//631 484//484
f 632//632 630//630 531//531
f 484//484 572//572 571//571
f 633//633 632//632 573//573
f 634//634 635//635 700//700
f 636//636 633//633 573//573
f 700//700 575//575 634//634
f 634//634 575//575 574//574
f 576//576 636//636 573//573
f 575//575 637//637 577//577
f 577//577 637//637 578//578
f 576//576 638//638 639//639
f 581//581 638//638 576//576
f 641//641 578//578 706//706
f 578//578 641//641 579//579
f 581//581 640//640 638//638
f 641//641 643//643 579//579
f 642//642 640//640 581//581
f 644//644 642//642 583//583
f 642//642 581//581 583//583
f 645//645 644//644 583//583
f 543//543 645//645 583//583
f 648//648 647//647 643//643
f 646//646 645//645 543//543
f 585//585 646//646 543//543
f 771//771 585//585 544//544
f 544//544 650//650 771//771
f 648//648 649//649 647//647
f 710//710 650//650 546//546
f 648//648 651//651 649//649
f 652//652 710//710 653//653
f 655//655 775//775 654//654
f 586//586 548//548 651//651
f 651//651 548//548 587//587
f 651//651 587//587 649//649
f 653//653 589//589 590//590
f 653//653 590//590 654//654
f 654//654 590//590 655//655
f 655//655 591//591 586//586
f 656//656 657//657 592//592
f 593//593 657//657 594//594
f 657//657 714//714 594//594
f 715//715 600//600 594//594
f 659//659 595//595 658//658
f 595//595 659//659 596//596
f 596//596 659//659 550//550
f 550//550 660//660 597//597
f 592//592 598//598 661//661
f 592//592 661//661 656//656
f 601//601 600//600 715//715
f 715//715 721//721 601//601
f 601//601 721//721 602//602
f 602//602 721//721 603//603
f 721//721 604//604 603//603
f 604//604 658//658 595//595
f 660//660 662//662 554//554
f 605//605 663//663 606//606
f 723//723 663//663 605//605
f 606//606 663//663 607//607
f 607//607 664//664 608//608
f 663//663 664//664 607//607
f 613//613 608//608 664//664
f 609//609 665//665 661//661
f 665//665 609//609 610//610
f 666//666 665//665 610//610
f 668//668 666//666 610//610
f 602//602 720//720 668//668
f 611//611 667//667 602//602
f 662//662 557//557 554//554
f 557//557 662//662 722//722
f 557//557 722//722 605//605
f 613//613 785//785 614//614
f 724//724 785//785 613//613
f 720//720 602//602 780//780
f 780//780 602//602 667//667
f 615//615 667//667 611//611
f 785//785 669//669 614//614
f 788//788 614//614 669//669
f 671//671 670//670 615//615
f 671//671 615//615 617//617
f 614//614 788//788 616//616
f 789//789 618//618 788//788
f 788//788 618//618 616//616
f 728//728 671//671 617//617
f 561//561 728//728 617//617
f 728//728 561//561 672//672
f 789//789 730//730 618//618
f 619//619 734//734 673//673
f 734//734 619//619 674//674
f 736//736 674//674 675//675
f 620//620 678//678 677//677
f 567//567 678//678 620//620
f 730//730 679//679 622//622
f 730//730 676//676 679//679
f 678//678 682//682 738//738
f 679//679 627//627 622//622
f 625//625 681//681 623//623
f 681//681 682//682 623//623
f 627//627 679//679 624//624
f 679//679 680//680 624//624
f 625//625 682//682 681//681
f 626//626 682//682 625//625
f 624//624 683//683 627//627
f 683//683 624//624 863//863
f 683//683 626//626 627//627
f 742//742 682//682 626//626
f 685//685 626//626 683//683
f 688//688 742//742 626//626
f 688//688 626//626 685//685
f 688//688 684//684 742//742
f 683//683 744//744 685//685
f 684//684 688//688 743//743
f 686//686 688//688 685//685
f 688//688 686//686 689//689
f 690//690 688//688 689//689
f 687//687 688//688 690//690
f 691//691 687//687 690//690
f 748//748 691//691 690//690
f 692//692 691//691 748//748
f 693//693 630//630 755//755
f 630//630 694//694 628//628
f 693//693 694//694 630//630
f 628//628 694//694 568//568
f 568//568 694//694 629//629
f 696//696 697//697 570//570
f 570//570 697//697 631//631
f 631//631 697//697 484//484
f 697//697 572//572 484//484
f 698//698 755//755 633//633
f 633//633 755//755 632//632
f 632//632 755//755 630//630
f 697//697 759//759 572//572
f 699//699 698//698 633//633
f 759//759 635//635 572//572
f 635//635 634//634 572//572
f 633//633 636//636 699//699
f 700//700 701//701 637//637
f 575//575 700//700 637//637
f 699//699 636//636 702//702
f 639//639 636//636 576//576
f 704//704 578//578 637//637
f 701//701 704//704 637//637
f 705//705 703//703 636//636
f 705//705 636//636 639//639
f 638//638 705//705 639//639
f 706//706 578//578 704//704
f 705//705 638//638 640//640
f 705//705 640//640 642//642
f 643//643 641//641 706//706
f 645//645 642//642 644//644
f 706//706 707//707 643//643
f 707//707 648//648 643//643
f 645//645 767//767 642//642
f 771//771 646//646 585//585
f 707//707 708//708 648//648
f 771//771 650//650 772//772
f 709//709 707//707 770//770
f 709//709 708//708 707//707
f 710//710 773//773 650//650
f 711//711 708//708 709//709
f 708//708 651//651 648//648
f 710//710 652//652 774//774
f 652//652 653//653 774//774
f 775//775 653//653 654//654
f 711//711 775//775 655//655
f 711//711 655//655 586//586
f 711//711 586//586 708//708
f 708//708 586//586 651//651
f 656//656 712//712 657//657
f 713//713 657//657 712//712
f 714//714 657//657 713//713
f 715//715 594//594 714//714
f 659//659 716//716 550//550
f 716//716 717//717 550//550
f 717//717 718//718 550//550
f 718//718 660//660 550//550
f 661//661 712//712 656//656
f 714//714 713//713 715//715
f 715//715 713//713 719//719
f 720//720 721//721 715//715
f 721//721 782//782 604//604
f 604//604 782//782 658//658
f 779//779 722//722 660//660
f 660//660 722//722 662//662
f 722//722 723//723 605//605
f 664//664 663//663 613//613
f 663//663 724//724 613//613
f 665//665 712//712 661//661
f 712//712 665//665 666//666
f 712//712 666//666 713//713
f 713//713 666//666 668//668
f 713//713 668//668 719//719
f 715//715 719//719 668//668
f 715//715 668//668 720//720
f 667//667 725//725 780//780
f 725//725 667//667 615//615
f 725//725 615//615 726//726
f 727//727 726//726 615//615
f 727//727 615//615 670//670
f 727//727 670//670 671//671
f 727//727 671//671 728//728
f 855//855 788//788 669//669
f 672//672 729//729 728//728
f 732//732 731//731 672//672
f 730//730 733//733 676//676
f 858//858 932//932 732//732
f 858//858 732//732 673//673
f 858//858 673//673 734//734
f 791//791 734//734 674//674
f 735//735 674//674 736//736
f 735//735 791//791 674//674
f 736//736 675//675 677//677
f 737//737 736//736 677//677
f 737//737 677//677 678//678
f 733//733 679//679 676//676
f 737//737 678//678 792//792
f 678//678 738//738 792//792
f 680//680 679//679 739//739
f 739//739 624//624 680//680
f 624//624 739//739 863//863
f 682//682 797//797 740//740
f 742//742 797//797 682//682
f 741//741 744//744 683//683
f 684//684 743//743 742//742
f 744//744 686//686 685//685
f 688//688 745//745 743//743
f 686//686 744//744 689//689
f 687//687 745//745 688//688
f 744//744 690//690 689//689
f 690//690 744//744 746//746
f 752//752 745//745 747//747
f 691//691 747//747 687//687
f 687//687 747//747 745//745
f 692//692 747//747 691//691
f 692//692 752//752 747//747
f 749//749 748//748 750//750
f 750//750 748//748 939//939
f 749//749 752//752 692//692
f 749//749 692//692 748//748
f 749//749 750//750 805//805
f 752//752 753//753 804//804
f 752//752 749//749 807//807
f 807//807 749//749 808//808
f 749//749 805//805 808//808
f 753//753 752//752 807//807
f 753//753 809//809 751//751
f 809//809 753//753 807//807
f 807//807 876//876 809//809
f 693//693 755//755 694//694
f 694//694 755//755 756//756
f 824//824 694//694 756//756
f 696//696 695//695 827//827
f 698//698 758//758 757//757
f 698//698 757//757 755//755
f 762//762 758//758 698//698
f 830//830 759//759 697//697
f 699//699 760//760 698//698
f 698//698 760//760 762//762
f 761//761 635//635 759//759
f 635//635 761//761 763//763
f 762//762 760//760 699//699
f 763//763 835//835 700//700
f 635//635 763//763 700//700
f 702//702 765//765 699//699
f 699//699 765//765 762//762
f 636//636 765//765 702//702
f 835//835 764//764 701//701
f 700//700 835//835 701//701
f 703//703 765//765 636//636
f 704//704 764//764 910//910
f 704//704 701//701 764//764
f 765//765 703//703 705//705
f 910//910 706//706 704//704
f 766//766 765//765 642//642
f 765//765 705//705 642//642
f 767//767 766//766 642//642
f 768//768 707//707 706//706
f 917//917 767//767 645//645
f 646//646 917//917 645//645
f 769//769 770//770 707//707
f 769//769 707//707 768//768
f 771//771 917//917 646//646
f 842//842 770//770 768//768
f 768//768 770//770 769//769
f 650//650 773//773 772//772
f 774//774 773//773 710//710
f 770//770 711//711 709//709
f 774//774 653//653 775//775
f 776//776 775//775 711//711
f 658//658 778//778 659//659
f 777//777 778//778 658//658
f 778//778 1085//1085 659//659
f 718//718 779//779 660//660
f 720//720 780//780 721//721
f 781//781 721//721 780//780
f 782//782 721//721 781//781
f 782//782 851//851 658//658
f 658//658 851//851 777//777
f 849//849 722//722 779//779
f 722//722 783//783 723//723
f 783//783 784//784 723//723
f 663//663 785//785 724//724
f 782//782 781//781 780//780
f 782//782 780//780 786//786
f 785//785 787//787 669//669
f 780//780 725//725 786//786
f 786//786 725//725 782//782
f 726//726 782//782 725//725
f 787//787 855//855 669//669
f 727//727 926//926 726//726
f 855//855 789//789 788//788
f 856//856 728//728 729//729
f 856//856 729//729 672//672
f 731//731 856//856 672//672
f 733//733 730//730 789//789
f 790//790 731//731 732//732
f 932//932 790//790 732//732
f 791//791 858//858 734//734
f 737//737 792//792 736//736
f 739//739 679//679 793//793
f 679//679 1107//1107 793//793
f 679//679 733//733 1107//1107
f 792//792 738//738 794//794
f 796//796 738//738 795//795
f 682//682 795//795 738//738
f 862//862 739//739 860//860
f 795//795 682//682 796//796
f 682//682 740//740 796//796
f 739//739 862//862 863//863
f 864//864 740//740 797//797
f 798//798 683//683 863//863
f 797//797 742//742 864//864
f 741//741 683//683 798//798
f 864//864 742//742 799//799
f 798//798 744//744 741//741
f 743//743 866//866 742//742
f 744//744 865//865 938//938
f 744//744 798//798 865//865
f 745//745 866//866 743//743
f 938//938 800//800 744//744
f 866//866 745//745 937//937
f 746//746 744//744 800//800
f 752//752 801//801 745//745
f 746//746 800//800 867//867
f 1025//1025 690//690 867//867
f 867//867 690//690 746//746
f 752//752 803//803 801//801
f 1025//1025 939//939 690//690
f 690//690 939//939 748//748
f 752//752 804//804 803//803
f 751//751 806//806 753//753
f 806//806 804//804 753//753
f 808//808 805//805 869//869
f 751//751 810//810 806//806
f 873//873 807//807 808//808
f 806//806 810//810 872//872
f 809//809 810//810 751//751
f 876//876 807//807 875//875
f 810//810 809//809 811//811
f 814//814 809//809 876//876
f 817//817 809//809 814//814
f 809//809 813//813 812//812
f 819//819 809//809 817//817
f 813//813 809//809 819//819
f 813//813 815//815 877//877
f 816//816 815//815 813//813
f 816//816 813//813 819//819
f 818//818 816//816 820//820
f 882//882 816//816 819//819
f 820//820 816//816 882//882
f 819//819 950//950 882//882
f 884//884 820//820 882//882
f 821//821 820//820 884//884
f 821//821 885//885 820//820
f 821//821 822//822 885//885
f 889//889 822//822 821//821
f 821//821 1035//1035 823//823
f 821//821 823//823 889//889
f 754//754 755//755 902//902
f 754//754 903//903 755//755
f 755//755 903//903 756//756
f 903//903 824//824 756//756
f 758//758 825//825 902//902
f 758//758 902//902 757//757
f 757//757 902//902 755//755
f 824//824 826//826 694//694
f 694//694 827//827 629//629
f 826//826 827//827 694//694
f 629//629 827//827 695//695
f 758//758 828//828 825//825
f 827//827 829//829 696//696
f 697//697 829//829 830//830
f 696//696 829//829 697//697
f 905//905 828//828 762//762
f 762//762 828//828 758//758
f 829//829 831//831 759//759
f 830//830 829//829 759//759
f 831//831 761//761 759//759
f 761//761 831//831 832//832
f 761//761 832//832 763//763
f 765//765 834//834 762//762
f 762//762 834//834 833//833
f 763//763 832//832 835//835
f 837//837 834//834 765//765
f 765//765 838//838 837//837
f 910//910 835//835 836//836
f 910//910 764//764 835//835
f 911//911 838//838 765//765
f 766//766 911//911 765//765
f 914//914 706//706 910//910
f 839//839 768//768 706//706
f 839//839 706//706 914//914
f 913//913 766//766 767//767
f 840//840 768//768 839//839
f 841//841 917//917 771//771
f 840//840 842//842 768//768
f 843//843 841//841 771//771
f 844//844 771//771 772//772
f 844//844 843//843 771//771
f 844//844 772//772 773//773
f 842//842 846//846 845//845
f 844//844 773//773 920//920
f 920//920 773//773 774//774
f 920//920 774//774 919//919
f 919//919 774//774 775//775
f 919//919 775//775 845//845
f 845//845 775//775 776//776
f 845//845 776//776 842//842
f 842//842 776//776 711//711
f 842//842 711//711 770//770
f 778//778 777//777 847//847
f 659//659 848//848 716//716
f 1085//1085 848//848 659//659
f 849//849 779//779 718//718
f 847//847 777//777 851//851
f 849//849 923//923 722//722
f 923//923 783//783 722//722
f 723//723 784//784 663//663
f 663//663 784//784 850//850
f 852//852 663//663 850//850
f 852//852 1011//1011 663//663
f 1011//1011 853//853 663//663
f 663//663 787//787 785//785
f 853//853 787//787 663//663
f 726//726 851//851 782//782
f 926//926 851//851 726//726
f 728//728 854//854 926//926
f 727//727 728//728 926//926
f 856//856 929//929 728//728
f 930//930 789//789 855//855
f 733//733 789//789 930//930
f 931//931 733//733 930//930
f 790//790 1103//1103 731//731
f 1107//1107 733//733 931//931
f 932//932 857//857 790//790
f 859//859 858//858 791//791
f 859//859 1017//1017 858//858
f 1018//1018 859//859 791//791
f 1019//1019 1018//1018 791//791
f 933//933 791//791 735//735
f 933//933 1019//1019 791//791
f 933//933 735//735 736//736
f 739//739 793//793 1107//1107
f 794//794 933//933 792//792
f 860//860 863//863 862//862
f 935//935 863//863 860//860
f 796//796 740//740 864//864
f 866//866 799//799 742//742
f 937//937 745//745 802//802
f 745//745 801//801 802//802
f 940//940 802//802 801//801
f 801//801 868//868 940//940
f 801//801 803//803 868//868
f 1117//1117 750//750 939//939
f 868//868 803//803 870//870
f 803//803 804//804 870//870
f 869//869 805//805 750//750
f 941//941 804//804 871//871
f 870//870 804//804 941//941
f 804//804 872//872 871//871
f 808//808 869//869 942//942
f 806//806 872//872 804//804
f 942//942 873//873 808//808
f 810//810 874//874 872//872
f 873//873 875//875 807//807
f 811//811 944//944 810//810
f 810//810 944//944 874//874
f 809//809 944//944 811//811
f 812//812 943//943 809//809
f 809//809 943//943 944//944
f 946//946 814//814 876//876
f 813//813 943//943 812//812
f 813//813 877//877 943//943
f 946//946 817//817 814//814
f 815//815 878//878 877//877
f 816//816 878//878 815//815
f 817//817 879//879 880//880
f 818//818 878//878 816//816
f 950//950 819//819 880//880
f 880//880 819//819 817//817
f 820//820 878//878 818//818
f 881//881 878//878 820//820
f 885//885 881//881 820//820
f 883//883 881//881 885//885
f 951//951 884//884 882//882
f 1035//1035 821//821 884//884
f 886//886 885//885 822//822
f 886//886 883//883 885//885
f 884//884 951//951 1035//1035
f 892//892 883//883 886//886
f 892//892 886//886 822//822
f 883//883 892//892 887//887
f 889//889 892//892 822//822
f 956//956 823//823 1035//1035
f 823//823 956//956 889//889
f 958//958 891//891 888//888
f 893//893 892//892 889//889
f 891//891 890//890 888//888
f 896//896 891//891 892//892
f 890//890 891//891 896//896
f 896//896 892//892 893//893
f 897//897 894//894 890//890
f 965//965 890//890 896//896
f 897//897 890//890 965//965
f 899//899 894//894 897//897
f 964//964 960//960 894//894
f 894//894 898//898 964//964
f 899//899 898//898 894//894
f 900//900 898//898 899//899
f 901//901 898//898 900//900
f 971//971 901//901 900//900
f 900//900 976//976 971//971
f 900//900 973//973 976//976
f 902//902 986//986 754//754
f 828//828 904//904 825//825
f 825//825 904//904 902//902
f 987//987 988//988 824//824
f 827//827 826//826 989//989
f 828//828 905//905 904//904
f 827//827 989//989 829//829
f 762//762 833//833 905//905
f 831//831 906//906 832//832
f 905//905 833//833 837//837
f 908//908 906//906 907//907
f 908//908 835//835 832//832
f 906//906 908//908 832//832
f 834//834 837//837 833//833
f 908//908 836//836 835//835
f 838//838 909//909 837//837
f 908//908 910//910 836//836
f 1000//1000 914//914 910//910
f 911//911 766//766 913//913
f 912//912 911//911 913//913
f 915//915 840//840 839//839
f 915//915 839//839 914//914
f 1003//1003 913//913 767//767
f 1004//1004 1003//1003 767//767
f 1004//1004 767//767 917//917
f 916//916 914//914 1002//1002
f 916//916 915//915 914//914
f 1005//1005 1004//1004 917//917
f 917//917 841//841 843//843
f 915//915 916//916 842//842
f 915//915 842//842 840//840
f 917//917 843//843 918//918
f 843//843 844//844 918//918
f 1079//1079 844//844 920//920
f 919//919 845//845 916//916
f 916//916 845//845 846//846
f 916//916 846//846 842//842
f 848//848 1085//1085 716//716
f 716//716 922//922 1086//1086
f 1085//1085 922//922 716//716
f 717//717 716//716 718//718
f 849//849 718//718 716//716
f 849//849 716//716 1091//1091
f 924//924 783//783 923//923
f 783//783 925//925 784//784
f 924//924 925//925 783//783
f 784//784 925//925 850//850
f 1091//1091 923//923 849//849
f 853//853 1011//1011 787//787
f 787//787 1011//1011 1012//1012
f 854//854 927//927 926//926
f 1012//1012 928//928 787//787
f 787//787 1013//1013 855//855
f 928//928 1013//1013 787//787
f 929//929 927//927 728//728
f 927//927 854//854 728//728
f 930//930 855//855 1013//1013
f 731//731 929//929 856//856
f 1105//1105 1103//1103 790//790
f 790//790 857//857 1105//1105
f 1017//1017 932//932 858//858
f 1017//1017 859//859 1018//1018
f 933//933 736//736 792//792
f 1020//1020 739//739 1107//1107
f 860//860 739//739 1020//1020
f 796//796 794//794 738//738
f 861//861 796//796 934//934
f 864//864 934//934 796//796
f 863//863 935//935 798//798
f 938//938 865//865 798//798
f 936//936 938//938 798//798
f 867//867 800//800 938//938
f 1023//1023 867//867 938//938
f 1024//1024 937//937 802//802
f 1023//1023 1025//1025 867//867
f 1025//1025 1117//1117 939//939
f 869//869 750//750 1117//1117
f 874//874 871//871 872//872
f 873//873 942//942 875//875
f 876//876 875//875 1119//1119
f 945//945 946//946 876//876
f 877//877 947//947 943//943
f 1029//1029 949//949 877//877
f 949//949 947//947 877//877
f 879//879 817//817 948//948
f 948//948 817//817 946//946
f 878//878 1029//1029 877//877
f 878//878 881//881 1029//1029
f 951//951 882//882 1031//1031
f 1030//1030 881//881 1033//1033
f 883//883 1033//1033 881//881
f 1033//1033 883//883 952//952
f 883//883 953//953 952//952
f 883//883 955//955 953//953
f 887//887 955//955 883//883
f 892//892 955//955 887//887
f 954//954 956//956 1035//1035
f 891//891 955//955 892//892
f 957//957 889//889 956//956
f 891//891 959//959 955//955
f 889//889 957//957 893//893
f 958//958 959//959 891//891
f 1229//1229 893//893 957//957
f 890//890 958//958 888//888
f 890//890 959//959 958//958
f 1229//1229 1040//1040 893//893
f 960//960 959//959 890//890
f 894//894 960//960 890//890
f 895//895 896//896 893//893
f 893//893 1040//1040 962//962
f 895//895 893//893 962//962
f 895//895 965//965 896//896
f 965//965 895//895 963//963
f 898//898 966//966 964//964
f 970//970 899//899 965//965
f 965//965 899//899 897//897
f 967//967 966//966 898//898
f 970//970 965//965 968//968
f 969//969 966//966 967//967
f 901//901 969//969 898//898
f 898//898 969//969 967//967
f 970//970 900//900 899//899
f 970//970 972//972 900//900
f 974//974 900//900 972//972
f 971//971 969//969 901//901
f 974//974 973//973 900//900
f 972//972 970//970 974//974
f 978//978 971//971 976//976
f 975//975 971//971 978//978
f 978//978 976//976 973//973
f 979//979 975//975 978//978
f 973//973 1046//1046 978//978
f 979//979 978//978 977//977
f 1048//1048 977//977 978//978
f 977//977 1048//1048 981//981
f 1061//1061 904//904 1060//1060
f 904//904 985//985 1060//1060
f 904//904 984//984 985//985
f 904//904 1061//1061 902//902
f 902//902 1061//1061 982//982
f 902//902 982//982 986//986
f 754//754 986//986 903//903
f 824//824 903//903 987//987
f 904//904 983//983 984//984
f 826//826 988//988 989//989
f 824//824 988//988 826//826
f 990//990 983//983 905//905
f 905//905 983//983 904//904
f 988//988 991//991 989//989
f 989//989 991//991 992//992
f 992//992 991//991 829//829
f 989//989 992//992 829//829
f 905//905 1168//1168 990//990
f 829//829 993//993 831//831
f 837//837 996//996 905//905
f 905//905 996//996 1168//1168
f 995//995 831//831 993//993
f 831//831 995//995 906//906
f 995//995 907//907 906//906
f 837//837 994//994 996//996
f 995//995 908//908 907//907
f 994//994 837//837 909//909
f 1000//1000 910//910 908//908
f 995//995 1000//1000 908//908
f 998//998 838//838 911//911
f 912//912 998//998 911//911
f 999//999 1001//1001 1000//1000
f 1001//1001 914//914 1000//1000
f 1003//1003 912//912 913//913
f 999//999 1002//1002 1001//1001
f 1001//1001 1002//1002 914//914
f 1006//1006 917//917 918//918
f 1006//1006 1005//1005 917//917
f 1077//1077 1007//1007 919//919
f 1077//1077 919//919 1002//1002
f 1002//1002 919//919 916//916
f 844//844 1006//1006 918//918
f 1081//1081 1079//1079 1007//1007
f 1007//1007 1079//1079 920//920
f 1007//1007 920//920 919//919
f 847//847 851//851 1010//1010
f 1083//1083 847//847 1010//1010
f 921//921 847//847 1008//1008
f 847//847 1083//1083 1008//1008
f 850//850 1011//1011 852//852
f 926//926 1010//1010 851//851
f 1099//1099 1009//1009 1010//1010
f 1099//1099 1010//1010 927//927
f 1010//1010 926//926 927//927
f 928//928 1012//1012 1013//1013
f 1014//1014 1100//1100 927//927
f 1014//1014 927//927 929//929
f 1103//1103 929//929 731//731
f 1103//1103 1014//1014 929//929
f 1108//1108 930//930 1013//1013
f 1104//1104 1103//1103 1105//1105
f 857//857 932//932 1105//1105
f 1015//1015 1316//1316 932//932
f 1015//1015 932//932 1017//1017
f 930//930 1107//1107 931//931
f 933//933 794//794 1109//1109
f 796//796 861//861 794//794
f 934//934 1021//1021 861//861
f 864//864 1112//1112 934//934
f 1112//1112 864//864 799//799
f 936//936 798//798 935//935
f 866//866 1114//1114 799//799
f 1022//1022 938//938 936//936
f 866//866 937//937 1114//1114
f 938//938 1022//1022 1116//1116
f 1116//1116 1023//1023 938//938
f 940//940 1333//1333 802//802
f 1213//1213 1117//1117 1025//1025
f 868//868 1214//1214 940//940
f 870//870 1214//1214 868//868
f 1215//1215 1218//1218 869//869
f 869//869 1218//1218 942//942
f 941//941 871//871 1026//1026
f 942//942 1218//1218 875//875
f 875//875 1218//1218 1027//1027
f 1027//1027 1119//1119 875//875
f 945//945 876//876 1119//1119
f 949//949 944//944 943//943
f 1342//1342 946//946 945//945
f 948//948 946//946 1342//1342
f 943//943 947//947 949//949
f 1028//1028 879//879 948//948
f 880//880 879//879 1028//1028
f 1122//1122 880//880 1028//1028
f 1122//1122 950//950 880//880
f 1031//1031 950//950 1122//1122
f 1031//1031 882//882 950//950
f 1029//1029 881//881 1030//1030
f 1222//1222 951//951 1031//1031
f 1223//1223 1030//1030 1032//1032
f 1033//1033 1032//1032 1030//1030
f 1034//1034 1035//1035 951//951
f 1034//1034 1347//1347 1035//1035
f 955//955 952//952 953//953
f 1036//1036 1035//1035 1347//1347
f 952//952 955//955 1037//1037
f 1036//1036 954//954 1035//1035
f 1037//1037 955//955 1124//1124
f 956//956 1036//1036 1038//1038
f 956//956 954//954 1036//1036
f 955//955 1039//1039 1124//1124
f 1125//1125 956//956 1038//1038
f 959//959 1039//1039 955//955
f 957//957 956//956 1125//1125
f 961//961 1042//1042 960//960
f 960//960 1042//1042 959//959
f 1229//1229 1041//1041 962//962
f 1040//1040 1229//1229 962//962
f 1127//1127 895//895 1041//1041
f 1041//1041 895//895 962//962
f 964//964 1043//1043 960//960
f 960//960 1043//1043 961//961
f 1129//1129 1043//1043 964//964
f 895//895 1044//1044 963//963
f 1044//1044 965//965 963//963
f 964//964 966//966 1129//1129
f 1044//1044 968//968 965//965
f 969//969 1129//1129 966//966
f 1234//1234 1129//1129 969//969
f 971//971 1133//1133 969//969
f 969//969 1133//1133 1234//1234
f 1131//1131 1134//1134 970//970
f 974//974 970//970 1134//1134
f 971//971 1045//1045 1133//1133
f 975//975 1045//1045 971//971
f 1236//1236 973//973 974//974
f 1236//1236 1046//1046 973//973
f 975//975 1047//1047 1045//1045
f 979//979 1047//1047 975//975
f 1048//1048 978//978 1046//1046
f 1140//1140 1047//1047 979//979
f 977//977 1140//1140 979//979
f 980//980 1140//1140 977//977
f 1050//1050 1048//1048 1049//1049
f 981//981 980//980 977//977
f 1143//1143 1048//1048 1050//1050
f 981//981 1048//1048 1143//1143
f 1051//1051 1140//1140 980//980
f 1051//1051 1053//1053 1140//1140
f 1051//1051 980//980 981//981
f 1146//1146 1051//1051 981//981
f 1146//1146 981//981 1052//1052
f 1051//1051 1057//1057 1054//1054
f 1056//1056 1057//1057 1051//1051
f 1055//1055 1051//1051 1146//1146
f 1056//1056 1051//1051 1055//1055
f 1149//1149 1057//1057 1058//1058
f 1150//1150 1057//1057 1056//1056
f 1059//1059 1058//1058 1057//1057
f 1059//1059 1057//1057 1150//1150
f 1270//1270 1061//1061 1060//1060
f 982//982 1062//1062 986//986
f 1061//1061 1062//1062 982//982
f 985//985 984//984 1060//1060
f 1062//1062 1065//1065 986//986
f 986//986 1065//1065 903//903
f 987//987 903//903 1065//1065
f 983//983 1064//1064 1160//1160
f 987//987 1065//1065 988//988
f 1066//1066 1064//1064 990//990
f 990//990 1064//1064 983//983
f 1067//1067 991//991 988//988
f 990//990 1168//1168 1066//1066
f 1067//1067 829//829 991//991
f 1067//1067 1068//1068 829//829
f 1068//1068 993//993 829//829
f 994//994 1168//1168 996//996
f 1068//1068 995//995 993//993
f 994//994 997//997 1168//1168
f 1068//1068 1069//1069 995//995
f 994//994 1070//1070 997//997
f 1071//1071 1070//1070 909//909
f 1070//1070 994//994 909//909
f 1172//1172 1000//1000 995//995
f 1172//1172 995//995 1069//1069
f 838//838 1071//1071 909//909
f 1073//1073 999//999 1000//1000
f 1073//1073 1000//1000 1172//1172
f 1072//1072 838//838 998//998
f 1074//1074 999//999 1073//1073
f 1075//1075 998//998 912//912
f 1003//1003 1075//1075 912//912
f 1076//1076 1073//1073 1175//1175
f 1076//1076 1077//1077 1073//1073
f 1073//1073 1077//1077 1074//1074
f 1074//1074 1002//1002 999//999
f 1179//1179 1178//1178 1003//1003
f 1290//1290 1179//1179 1003//1003
f 1078//1078 1290//1290 1003//1003
f 1081//1081 1077//1077 1076//1076
f 1074//1074 1077//1077 1002//1002
f 1004//1004 1078//1078 1003//1003
f 1180//1180 1004//1004 1005//1005
f 1006//1006 1180//1180 1005//1005
f 844//844 1079//1079 1080//1080
f 1006//1006 844//844 1080//1080
f 1081//1081 1007//1007 1077//1077
f 1008//1008 1084//1084 921//921
f 921//921 1297//1297 847//847
f 1084//1084 1297//1297 921//921
f 847//847 1297//1297 778//778
f 1297//1297 1085//1085 778//778
f 1085//1085 1086//1086 922//922
f 1086//1086 1087//1087 716//716
f 1091//1091 716//716 1087//1087
f 924//924 923//923 1088//1088
f 1090//1090 1082//1082 1009//1009
f 1009//1009 1082//1082 1083//1083
f 1009//1009 1083//1083 1010//1010
f 1091//1091 1092//1092 923//923
f 1092//1092 1088//1088 923//923
f 924//924 1093//1093 925//925
f 1093//1093 850//850 925//925
f 1093//1093 1300//1300 850//850
f 1011//1011 850//850 1094//1094
f 1094//1094 1012//1012 1011//1011
f 1096//1096 1089//1089 1098//1098
f 1089//1089 1090//1090 1099//1099
f 1009//1009 1099//1099 1090//1090
f 1094//1094 1192//1192 1012//1012
f 1012//1012 1192//1192 1097//1097
f 1098//1098 1089//1089 1099//1099
f 927//927 1100//1100 1099//1099
f 1097//1097 1013//1013 1012//1012
f 1013//1013 1194//1194 1101//1101
f 1100//1100 1014//1014 1103//1103
f 1100//1100 1103//1103 1102//1102
f 1101//1101 1108//1108 1013//1013
f 1201//1201 1104//1104 1105//1105
f 930//930 1108//1108 1107//1107
f 932//932 1106//1106 1105//1105
f 1449//1449 1017//1017 1016//1016
f 1449//1449 1015//1015 1017//1017
f 1018//1018 1016//1016 1017//1017
f 1018//1018 1019//1019 1450//1450
f 933//933 1109//1109 1319//1319
f 1020//1020 1107//1107 1108//1108
f 861//861 1109//1109 794//794
f 861//861 1203//1203 1109//1109
f 861//861 1021//1021 1203//1203
f 934//934 1110//1110 1021//1021
f 860//860 1204//1204 935//935
f 934//934 1112//1112 1111//1111
f 935//935 1113//1113 936//936
f 799//799 1114//1114 1112//1112
f 937//937 1209//1209 1114//1114
f 1209//1209 937//937 1115//1115
f 1024//1024 1115//1115 937//937
f 1116//1116 1025//1025 1023//1023
f 1025//1025 1116//1116 1213//1213
f 1333//1333 1024//1024 802//802
f 1214//1214 1333//1333 940//940
f 1215//1215 869//869 1117//1117
f 941//941 1214//1214 870//870
f 944//944 871//871 874//874
f 1119//1119 1220//1220 945//945
f 1220//1220 1342//1342 945//945
f 949//949 1120//1120 944//944
f 949//949 1121//1121 1120//1120
f 1028//1028 948//948 1342//1342
f 1221//1221 1121//1121 949//949
f 1344//1344 1031//1031 1122//1122
f 1030//1030 1123//1123 1029//1029
f 1222//1222 1031//1031 1344//1344
f 1224//1224 951//951 1222//1222
f 1224//1224 1347//1347 951//951
f 1032//1032 1033//1033 952//952
f 1034//1034 951//951 1347//1347
f 952//952 1037//1037 1124//1124
f 1124//1124 1039//1039 1126//1126
f 1039//1039 959//959 1126//1126
f 1229//1229 957//957 1125//1125
f 1042//1042 1233//1233 959//959
f 1042//1042 961//961 1233//1233
f 961//961 1043//1043 1233//1233
f 1044//1044 895//895 1127//1127
f 1233//1233 1043//1043 1129//1129
f 1352//1352 1044//1044 1127//1127
f 1044//1044 1352//1352 1130//1130
f 1128//1128 1129//1129 1132//1132
f 1130//1130 968//968 1044//1044
f 1129//1129 1234//1234 1132//1132
f 1130//1130 970//970 968//968
f 1131//1131 970//970 1130//1130
f 1133//1133 1045//1045 1135//1135
f 1236//1236 974//974 1134//1134
f 1135//1135 1045//1045 1235//1235
f 1045//1045 1136//1136 1235//1235
f 1045//1045 1137//1137 1136//1136
f 1047//1047 1137//1137 1045//1045
f 1136//1136 1137//1137 1047//1047
f 1139//1139 1048//1048 1138//1138
f 1138//1138 1048//1048 1046//1046
f 1140//1140 1360//1360 1047//1047
f 1139//1139 1049//1049 1048//1048
f 1139//1139 1138//1138 1049//1049
f 1141//1141 1050//1050 1138//1138
f 1138//1138 1050//1050 1049//1049
f 1053//1053 1142//1142 1140//1140
f 1140//1140 1142//1142 1361//1361
f 1050//1050 1141//1141 1143//1143
f 1144//1144 981//981 1143//1143
f 1053//1053 1364//1364 1142//1142
f 981//981 1144//1144 1052//1052
f 1145//1145 1364//1364 1053//1053
f 1051//1051 1145//1145 1053//1053
f 1144//1144 1146//1146 1052//1052
f 1054//1054 1145//1145 1051//1051
f 1240//1240 1055//1055 1146//1146
f 1240//1240 1146//1146 1495//1495
f 1057//1057 1145//1145 1054//1054
f 1057//1057 1152//1152 1145//1145
f 1147//1147 1056//1056 1240//1240
f 1240//1240 1056//1056 1055//1055
f 1145//1145 1152//1152 1148//1148
f 1149//1149 1152//1152 1057//1057
f 1058//1058 1152//1152 1149//1149
f 1059//1059 1150//1150 1243//1243
f 1243//1243 1150//1150 1242//1242
f 1153//1153 1151//1151 1152//1152
f 1059//1059 1152//1152 1058//1058
f 1059//1059 1153//1153 1152//1152
f 1154//1154 1059//1059 1243//1243
f 1156//1156 1059//1059 1154//1154
f 1153//1153 1059//1059 1156//1156
f 1158//1158 1153//1153 1156//1156
f 1243//1243 1156//1156 1154//1154
f 1155//1155 1153//1153 1158//1158
f 1244//1244 1153//1153 1155//1155
f 1159//1159 1155//1155 1158//1158
f 1249//1249 1158//1158 1156//1156
f 1157//1157 1155//1155 1159//1159
f 1159//1159 1158//1158 1251//1251
f 1252//1252 1159//1159 1251//1251
f 1267//1267 983//983 1160//1160
f 983//983 1268//1268 984//984
f 984//984 1268//1268 1060//1060
f 1063//1063 1160//1160 1064//1064
f 1063//1063 1166//1166 1161//1161
f 1166//1166 1063//1063 1064//1064
f 1065//1065 1163//1163 988//988
f 1163//1163 1164//1164 988//988
f 1164//1164 1067//1067 988//988
f 1067//1067 1164//1164 1165//1165
f 1166//1166 1064//1064 1066//1066
f 1165//1165 1167//1167 1067//1067
f 1066//1066 1168//1168 1166//1166
f 1165//1165 1169//1169 1068//1068
f 1167//1167 1165//1165 1068//1068
f 1067//1067 1167//1167 1068//1068
f 1169//1169 1280//1280 1068//1068
f 1168//1168 997//997 1170//1170
f 1172//1172 1069//1069 1068//1068
f 1280//1280 1172//1172 1068//1068
f 1171//1171 997//997 1070//1070
f 1171//1171 1070//1070 1071//1071
f 1416//1416 1171//1171 1071//1071
f 1416//1416 1071//1071 838//838
f 1173//1173 1073//1073 1172//1172
f 1416//1416 838//838 1072//1072
f 1174//1174 1175//1175 1073//1073
f 1174//1174 1073//1073 1173//1173
f 1072//1072 1286//1286 1416//1416
f 1075//1075 1072//1072 998//998
f 1173//1173 1175//1175 1174//1174
f 1178//1178 1075//1075 1003//1003
f 1176//1176 1177//1177 1175//1175
f 1175//1175 1177//1177 1076//1076
f 1079//1079 1176//1176 1287//1287
f 1289//1289 1079//1079 1287//1287
f 1080//1080 1079//1079 1289//1289
f 1176//1176 1079//1079 1081//1081
f 1176//1176 1081//1081 1177//1177
f 1177//1177 1081//1081 1076//1076
f 1004//1004 1290//1290 1078//1078
f 1290//1290 1004//1004 1180//1180
f 1289//1289 1006//1006 1080//1080
f 1182//1182 1181//1181 1292//1292
f 1294//1294 1184//1184 1183//1183
f 1185//1185 1083//1083 1082//1082
f 1296//1296 1083//1083 1185//1185
f 1181//1181 1190//1190 1302//1302
f 1190//1190 1181//1181 1182//1182
f 1182//1182 1183//1183 1095//1095
f 1095//1095 1183//1183 1184//1184
f 1095//1095 1184//1184 1096//1096
f 1096//1096 1184//1184 1089//1089
f 1089//1089 1184//1184 1185//1185
f 1089//1089 1185//1185 1090//1090
f 1090//1090 1185//1185 1082//1082
f 1087//1087 1187//1187 1091//1091
f 1088//1088 1188//1188 924//924
f 924//924 1189//1189 1093//1093
f 1188//1188 1189//1189 924//924
f 850//850 1300//1300 1192//1192
f 1192//1192 1094//1094 850//850
f 1191//1191 1190//1190 1182//1182
f 1191//1191 1182//1182 1095//1095
f 1191//1191 1095//1095 1096//1096
f 1306//1306 1096//1096 1308//1308
f 1308//1308 1096//1096 1098//1098
f 1308//1308 1098//1098 1099//1099
f 1308//1308 1099//1099 1193//1193
f 1194//1194 1097//1097 1192//1192
f 1097//1097 1194//1194 1013//1013
f 1309//1309 1193//1193 1099//1099
f 1309//1309 1099//1099 1100//1100
f 1310//1310 1309//1309 1100//1100
f 1195//1195 1310//1310 1100//1100
f 1101//1101 1194//1194 1196//1196
f 1100//1100 1197//1197 1195//1195
f 1198//1198 1100//1100 1102//1102
f 1198//1198 1197//1197 1100//1100
f 1311//1311 1101//1101 1196//1196
f 1102//1102 1103//1103 1198//1198
f 1199//1199 1103//1103 1104//1104
f 1311//1311 1108//1108 1101//1101
f 1314//1314 1105//1105 1106//1106
f 1314//1314 1201//1201 1105//1105
f 1108//1108 1311//1311 1200//1200
f 1314//1314 1106//1106 932//932
f 1316//1316 1314//1314 932//932
f 1449//1449 1016//1016 1018//1018
f 1450//1450 1449//1449 1018//1018
f 1450//1450 1019//1019 933//933
f 1319//1319 1450//1450 933//933
f 1202//1202 1109//1109 1320//1320
f 1325//1325 1020//1020 1108//1108
f 1203//1203 1320//1320 1109//1109
f 1325//1325 860//860 1020//1020
f 1203//1203 1021//1021 1110//1110
f 1325//1325 1204//1204 860//860
f 934//934 1205//1205 1110//1110
f 1111//1111 1205//1205 934//934
f 1205//1205 1111//1111 1112//1112
f 1206//1206 1205//1205 1112//1112
f 935//935 1204//1204 1113//1113
f 1112//1112 1329//1329 1206//1206
f 1207//1207 1329//1329 1112//1112
f 1114//1114 1208//1208 1112//1112
f 1207//1207 1112//1112 1208//1208
f 1114//1114 1209//1209 1208//1208
f 1022//1022 936//936 1210//1210
f 936//936 1330//1330 1210//1210
f 936//936 1459//1459 1330//1330
f 1022//1022 1210//1210 1330//1330
f 1330//1330 1116//1116 1022//1022
f 1024//1024 1211//1211 1115//1115
f 1332//1332 1024//1024 1333//1333
f 1464//1464 1117//1117 1213//1213
f 1117//1117 1335//1335 1215//1215
f 1117//1117 1464//1464 1335//1335
f 941//941 1118//1118 1214//1214
f 1118//1118 1336//1336 1214//1214
f 941//941 1216//1216 1118//1118
f 1215//1215 1217//1217 1218//1218
f 941//941 1026//1026 1216//1216
f 1219//1219 1119//1119 1218//1218
f 1218//1218 1119//1119 1027//1027
f 944//944 1120//1120 871//871
f 1120//1120 1471//1471 871//871
f 1343//1343 1028//1028 1342//1342
f 1029//1029 1221//1221 949//949
f 1030//1030 1345//1345 1123//1123
f 1223//1223 1345//1345 1030//1030
f 1480//1480 1347//1347 1224//1224
f 1032//1032 952//952 1225//1225
f 1348//1348 952//952 1226//1226
f 1124//1124 1226//1226 952//952
f 1226//1226 1124//1124 1348//1348
f 1124//1124 1227//1227 1348//1348
f 1036//1036 1228//1228 1038//1038
f 1230//1230 1038//1038 1228//1228
f 1126//1126 1227//1227 1124//1124
f 1230//1230 1125//1125 1038//1038
f 1229//1229 1125//1125 1230//1230
f 1231//1231 1126//1126 959//959
f 1041//1041 1229//1229 1230//1230
f 959//959 1233//1233 1231//1231
f 1233//1233 1129//1129 1353//1353
f 1128//1128 1353//1353 1129//1129
f 1134//1134 1131//1131 1130//1130
f 1135//1135 1234//1234 1133//1133
f 1354//1354 1236//1236 1134//1134
f 1355//1355 1236//1236 1354//1354
f 1355//1355 1046//1046 1236//1236
f 1138//1138 1046//1046 1357//1357
f 1136//1136 1047//1047 1359//1359
f 1047//1047 1360//1360 1359//1359
f 1491//1491 1138//1138 1358//1358
f 1361//1361 1360//1360 1140//1140
f 1141//1141 1138//1138 1491//1491
f 1142//1142 1238//1238 1361//1361
f 1237//1237 1143//1143 1141//1141
f 1141//1141 1363//1363 1237//1237
f 1363//1363 1239//1239 1143//1143
f 1237//1237 1363//1363 1143//1143
f 1239//1239 1144//1144 1143//1143
f 1239//1239 1146//1146 1144//1144
f 1239//1239 1495//1495 1146//1146
f 1364//1364 1145//1145 1366//1366
f 1145//1145 1367//1367 1366//1366
f 1148//1148 1367//1367 1145//1145
f 1368//1368 1147//1147 1240//1240
f 1152//1152 1367//1367 1148//1148
f 1152//1152 1241//1241 1367//1367
f 1369//1369 1056//1056 1368//1368
f 1368//1368 1056//1056 1147//1147
f 1151//1151 1241//1241 1152//1152
f 1369//1369 1242//1242 1150//1150
f 1056//1056 1369//1369 1150//1150
f 1153//1153 1370//1370 1151//1151
f 1151//1151 1370//1370 1241//1241
f 1371//1371 1243//1243 1242//1242
f 1153//1153 1244//1244 1370//1370
f 1374//1374 1156//1156 1246//1246
f 1246//1246 1156//1156 1243//1243
f 1248//1248 1244//1244 1155//1155
f 1247//1247 1375//1375 1244//1244
f 1244//1244 1248//1248 1247//1247
f 1374//1374 1249//1249 1156//1156
f 1157//1157 1248//1248 1155//1155
f 1250//1250 1157//1157 1159//1159
f 1250//1250 1248//1248 1157//1157
f 1249//1249 1251//1251 1158//1158
f 1253//1253 1248//1248 1250//1250
f 1253//1253 1250//1250 1159//1159
f 1159//1159 1252//1252 1253//1253
f 1248//1248 1253//1253 1503//1503
f 1256//1256 1253//1253 1252//1252
f 1258//1258 1253//1253 1256//1256
f 1254//1254 1377//1377 1253//1253
f 1253//1253 1258//1258 1254//1254
f 1255//1255 1258//1258 1260//1260
f 1381//1381 1258//1258 1256//1256
f 1381//1381 1256//1256 1257//1257
f 1262//1262 1260//1260 1258//1258
f 1262//1262 1258//1258 1381//1381
f 1260//1260 1261//1261 1259//1259
f 1260//1260 1266//1266 1261//1261
f 1264//1264 1260//1260 1262//1262
f 1266//1266 1260//1260 1264//1264
f 1261//1261 1266//1266 1265//1265
f 1262//1262 1263//1263 1264//1264
f 1269//1269 1063//1063 1273//1273
f 1395//1395 1063//1063 1269//1269
f 1063//1063 1267//1267 1160//1160
f 1395//1395 1267//1267 1063//1063
f 1268//1268 983//983 1267//1267
f 1268//1268 1270//1270 1060//1060
f 1270//1270 1271//1271 1061//1061
f 1061//1061 1271//1271 1162//1162
f 1062//1062 1061//1061 1162//1162
f 1161//1161 1273//1273 1063//1063
f 1062//1062 1162//1162 1065//1065
f 1273//1273 1274//1274 1272//1272
f 1274//1274 1273//1273 1275//1275
f 1275//1275 1273//1273 1166//1166
f 1166//1166 1273//1273 1161//1161
f 1162//1162 1163//1163 1065//1065
f 1277//1277 1274//1274 1275//1275
f 1276//1276 1164//1164 1163//1163
f 1276//1276 1165//1165 1164//1164
f 1166//1166 1277//1277 1275//1275
f 1276//1276 1278//1278 1165//1165
f 1168//1168 1279//1279 1166//1166
f 1166//1166 1279//1279 1277//1277
f 1278//1278 1169//1169 1165//1165
f 1412//1412 1406//1406 1277//1277
f 1277//1277 1281//1281 1412//1412
f 1279//1279 1281//1281 1277//1277
f 1170//1170 1281//1281 1168//1168
f 1168//1168 1281//1281 1279//1279
f 1278//1278 1280//1280 1169//1169
f 997//997 1281//1281 1170//1170
f 1283//1283 1281//1281 1171//1171
f 1281//1281 997//997 1171//1171
f 1282//1282 1172//1172 1280//1280
f 1550//1550 1283//1283 1171//1171
f 1284//1284 1173//1173 1172//1172
f 1284//1284 1172//1172 1282//1282
f 1550//1550 1171//1171 1416//1416
f 1285//1285 1173//1173 1284//1284
f 1416//1416 1553//1553 1550//1550
f 1075//1075 1286//1286 1072//1072
f 1288//1288 1287//1287 1285//1285
f 1285//1285 1175//1175 1173//1173
f 1178//1178 1555//1555 1075//1075
f 1287//1287 1176//1176 1285//1285
f 1285//1285 1176//1176 1175//1175
f 1558//1558 1178//1178 1179//1179
f 1558//1558 1179//1179 1290//1290
f 1419//1419 1290//1290 1180//1180
f 1006//1006 1289//1289 1418//1418
f 1419//1419 1006//1006 1418//1418
f 1180//1180 1006//1006 1419//1419
f 1288//1288 1289//1289 1287//1287
f 1186//1186 1291//1291 1302//1302
f 1302//1302 1291//1291 1181//1181
f 1181//1181 1291//1291 1423//1423
f 1181//1181 1423//1423 1292//1292
f 1293//1293 1182//1182 1292//1292
f 1182//1182 1293//1293 1183//1183
f 1293//1293 1294//1294 1183//1183
f 1185//1185 1184//1184 1294//1294
f 1295//1295 1296//1296 1185//1185
f 1296//1296 1008//1008 1083//1083
f 1297//1297 1424//1424 1085//1085
f 1424//1424 1425//1425 1085//1085
f 1085//1085 1425//1425 1086//1086
f 1301//1301 1426//1426 1186//1186
f 1185//1185 1294//1294 1295//1295
f 1296//1296 1298//1298 1008//1008
f 1008//1008 1298//1298 1299//1299
f 1008//1008 1299//1299 1084//1084
f 1187//1187 1435//1435 1091//1091
f 1087//1087 1435//1435 1187//1187
f 1091//1091 1435//1435 1092//1092
f 1092//1092 1188//1188 1088//1088
f 1189//1189 1188//1188 1093//1093
f 1188//1188 1436//1436 1093//1093
f 1436//1436 1437//1437 1093//1093
f 1093//1093 1437//1437 1300//1300
f 1301//1301 1186//1186 1302//1302
f 1303//1303 1302//1302 1190//1190
f 1304//1304 1190//1190 1191//1191
f 1304//1304 1303//1303 1190//1190
f 1305//1305 1304//1304 1191//1191
f 1430//1430 1305//1305 1191//1191
f 1429//1429 1430//1430 1191//1191
f 1306//1306 1431//1431 1191//1191
f 1191//1191 1431//1431 1429//1429
f 1300//1300 1437//1437 1569//1569
f 1569//1569 1192//1192 1300//1300
f 1192//1192 1569//1569 1307//1307
f 1307//1307 1194//1194 1192//1192
f 1191//1191 1096//1096 1306//1306
f 1307//1307 1441//1441 1194//1194
f 1309//1309 1308//1308 1193//1193
f 1310//1310 1195//1195 1197//1197
f 1311//1311 1196//1196 1194//1194
f 1311//1311 1194//1194 1441//1441
f 1198//1198 1443//1443 1310//1310
f 1197//1197 1198//1198 1310//1310
f 1103//1103 1312//1312 1198//1198
f 1103//1103 1199//1199 1312//1312
f 1311//1311 1313//1313 1200//1200
f 1444//1444 1313//1313 1311//1311
f 1104//1104 1445//1445 1199//1199
f 1445//1445 1104//1104 1201//1201
f 1315//1315 1314//1314 1316//1316
f 1316//1316 1318//1318 1447//1447
f 1015//1015 1318//1318 1316//1316
f 1449//1449 1318//1318 1015//1015
f 1319//1319 1451//1451 1450//1450
f 1319//1319 1109//1109 1202//1202
f 1319//1319 1202//1202 1320//1320
f 1313//1313 1322//1322 1200//1200
f 1313//1313 1321//1321 1322//1322
f 1322//1322 1325//1325 1108//1108
f 1322//1322 1108//1108 1200//1200
f 1323//1323 1320//1320 1203//1203
f 1320//1320 1323//1323 1321//1321
f 1321//1321 1323//1323 1327//1327
f 1321//1321 1327//1327 1324//1324
f 1321//1321 1325//1325 1322//1322
f 1321//1321 1324//1324 1325//1325
f 1324//1324 1204//1204 1325//1325
f 1324//1324 1327//1327 1204//1204
f 1203//1203 1110//1110 1205//1205
f 1206//1206 1203//1203 1205//1205
f 1326//1326 1328//1328 1204//1204
f 1327//1327 1326//1326 1204//1204
f 1323//1323 1203//1203 1206//1206
f 1327//1327 1328//1328 1326//1326
f 1113//1113 1327//1327 1455//1455
f 1113//1113 1328//1328 1327//1327
f 1328//1328 1113//1113 1204//1204
f 1208//1208 1209//1209 1207//1207
f 1113//1113 1459//1459 936//936
f 1456//1456 1209//1209 1115//1115
f 1116//1116 1330//1330 1331//1331
f 1456//1456 1115//1115 1211//1211
f 1212//1212 1116//1116 1331//1331
f 1464//1464 1116//1116 1212//1212
f 1334//1334 1332//1332 1333//1333
f 1116//1116 1464//1464 1213//1213
f 1336//1336 1333//1333 1214//1214
f 1336//1336 1334//1334 1333//1333
f 1335//1335 1337//1337 1215//1215
f 1118//1118 1216//1216 1336//1336
f 1468//1468 1336//1336 1216//1216
f 1216//1216 1469//1469 1468//1468
f 1215//1215 1337//1337 1338//1338
f 1216//1216 1339//1339 1469//1469
f 1217//1217 1215//1215 1340//1340
f 1215//1215 1470//1470 1340//1340
f 1215//1215 1338//1338 1470//1470
f 1340//1340 1218//1218 1217//1217
f 1026//1026 1339//1339 1216//1216
f 1218//1218 1340//1340 1470//1470
f 1341//1341 1218//1218 1470//1470
f 1219//1219 1218//1218 1341//1341
f 1119//1119 1219//1219 1220//1220
f 1471//1471 1026//1026 871//871
f 1474//1474 1220//1220 1219//1219
f 1220//1220 1474//1474 1342//1342
f 1343//1343 1342//1342 1474//1474
f 1121//1121 1475//1475 1120//1120
f 1221//1221 1475//1475 1121//1121
f 1343//1343 1476//1476 1028//1028
f 1598//1598 1028//1028 1476//1476
f 1122//1122 1028//1028 1344//1344
f 1028//1028 1598//1598 1344//1344
f 1029//1029 1123//1123 1221//1221
f 1598//1598 1222//1222 1344//1344
f 1598//1598 1224//1224 1222//1222
f 1223//1223 1032//1032 1346//1346
f 1480//1480 1600//1600 1347//1347
f 952//952 1483//1483 1225//1225
f 1036//1036 1347//1347 1600//1600
f 1231//1231 1487//1487 1126//1126
f 1606//1606 1041//1041 1230//1230
f 1127//1127 1041//1041 1350//1350
f 1351//1351 1232//1232 1233//1233
f 1351//1351 1233//1233 1353//1353
f 1127//1127 1350//1350 1352//1352
f 1132//1132 1353//1353 1128//1128
f 1130//1130 1613//1613 1134//1134
f 1737//1737 1132//1132 1234//1234
f 1135//1135 1737//1737 1234//1234
f 1489//1489 1134//1134 1613//1613
f 1489//1489 1614//1614 1134//1134
f 1134//1134 1614//1614 1354//1354
f 1235//1235 1490//1490 1135//1135
f 1136//1136 1490//1490 1235//1235
f 1357//1357 1046//1046 1355//1355
f 1490//1490 1136//1136 1356//1356
f 1358//1358 1138//1138 1357//1357
f 1742//1742 1141//1141 1491//1491
f 1493//1493 1141//1141 1742//1742
f 1363//1363 1141//1141 1493//1493
f 1142//1142 1494//1494 1238//1238
f 1493//1493 1239//1239 1363//1363
f 1366//1366 1142//1142 1364//1364
f 1365//1365 1495//1495 1239//1239
f 1496//1496 1368//1368 1240//1240
f 1620//1620 1367//1367 1497//1497
f 1241//1241 1497//1497 1367//1367
f 1369//1369 1368//1368 1496//1496
f 1370//1370 1372//1372 1622//1622
f 1373//1373 1243//1243 1371//1371
f 1244//1244 1372//1372 1370//1370
f 1373//1373 1246//1246 1243//1243
f 1371//1371 1246//1246 1373//1373
f 1244//1244 1245//1245 1372//1372
f 1244//1244 1375//1375 1245//1245
f 1248//1248 1375//1375 1247//1247
f 1502//1502 1249//1249 1374//1374
f 1248//1248 1503//1503 1375//1375
f 1502//1502 1251//1251 1249//1249
f 1253//1253 1376//1376 1503//1503
f 1506//1506 1252//1252 1251//1251
f 1253//1253 1377//1377 1376//1376
f 1506//1506 1256//1256 1252//1252
f 1256//1256 1506//1506 1757//1757
f 1378//1378 1256//1256 1757//1757
f 1378//1378 1508//1508 1256//1256
f 1377//1377 1379//1379 1509//1509
f 1254//1254 1379//1379 1377//1377
f 1255//1255 1379//1379 1258//1258
f 1258//1258 1379//1379 1254//1254
f 1380//1380 1256//1256 1508//1508
f 1256//1256 1380//1380 1257//1257
f 1383//1383 1255//1255 1260//1260
f 1380//1380 1381//1381 1257//1257
f 1259//1259 1383//1383 1260//1260
f 1384//1384 1262//1262 1381//1381
f 1261//1261 1383//1383 1259//1259
f 1382//1382 1383//1383 1261//1261
f 1511//1511 1262//1262 1384//1384
f 1262//1262 1511//1511 1263//1263
f 1385//1385 1382//1382 1261//1261
f 1265//1265 1385//1385 1261//1261
f 1511//1511 1264//1264 1263//1263
f 1386//1386 1385//1385 1265//1265
f 1266//1266 1386//1386 1265//1265
f 1264//1264 1511//1511 1387//1387
f 1388//1388 1385//1385 1386//1386
f 1390//1390 1385//1385 1388//1388
f 1388//1388 1386//1386 1266//1266
f 1266//1266 1516//1516 1388//1388
f 1264//1264 1516//1516 1266//1266
f 1513//1513 1264//1264 1387//1387
f 1516//1516 1264//1264 1513//1513
f 1385//1385 1390//1390 1512//1512
f 1390//1390 1391//1391 1389//1389
f 1390//1390 1388//1388 1516//1516
f 1391//1391 1390//1390 1394//1394
f 1520//1520 1390//1390 1516//1516
f 1516//1516 1518//1518 1520//1520
f 1392//1392 1394//1394 1390//1390
f 1392//1392 1390//1390 1520//1520
f 1394//1394 1393//1393 1391//1391
f 1267//1267 1396//1396 1268//1268
f 1403//1403 1398//1398 1401//1401
f 1399//1399 1401//1401 1537//1537
f 1273//1273 1537//1537 1541//1541
f 1273//1273 1541//1541 1269//1269
f 1269//1269 1541//1541 1395//1395
f 1267//1267 1395//1395 1396//1396
f 1268//1268 1396//1396 1397//1397
f 1676//1676 1268//1268 1397//1397
f 1268//1268 1271//1271 1270//1270
f 1676//1676 1271//1271 1268//1268
f 1409//1409 1398//1398 1403//1403
f 1272//1272 1401//1401 1273//1273
f 1273//1273 1401//1401 1399//1399
f 1273//1273 1399//1399 1537//1537
f 1271//1271 1400//1400 1162//1162
f 1400//1400 1402//1402 1162//1162
f 1403//1403 1401//1401 1274//1274
f 1274//1274 1401//1401 1272//1272
f 1402//1402 1163//1163 1162//1162
f 1404//1404 1276//1276 1163//1163
f 1277//1277 1409//1409 1274//1274
f 1274//1274 1409//1409 1403//1403
f 1276//1276 1405//1405 1278//1278
f 1277//1277 1406//1406 1409//1409
f 1405//1405 1407//1407 1278//1278
f 1412//1412 1409//1409 1406//1406
f 1280//1280 1407//1407 1690//1690
f 1280//1280 1278//1278 1407//1407
f 1410//1410 1408//1408 1409//1409
f 1410//1410 1409//1409 1411//1411
f 1412//1412 1411//1411 1409//1409
f 1690//1690 1414//1414 1280//1280
f 1414//1414 1282//1282 1280//1280
f 1283//1283 1412//1412 1281//1281
f 1414//1414 1284//1284 1282//1282
f 1413//1413 1283//1283 1550//1550
f 1415//1415 1284//1284 1414//1414
f 1414//1414 1417//1417 1415//1415
f 1415//1415 1417//1417 1285//1285
f 1415//1415 1285//1285 1284//1284
f 1286//1286 1553//1553 1416//1416
f 1555//1555 1286//1286 1075//1075
f 1417//1417 1288//1288 1285//1285
f 1557//1557 1555//1555 1178//1178
f 1558//1558 1557//1557 1178//1178
f 1418//1418 1289//1289 1288//1288
f 1418//1418 1288//1288 1417//1417
f 1420//1420 1558//1558 1290//1290
f 1420//1420 1290//1290 1559//1559
f 1559//1559 1290//1290 1421//1421
f 1421//1421 1290//1290 1422//1422
f 1422//1422 1290//1290 1419//1419
f 1560//1560 1423//1423 1186//1186
f 1186//1186 1423//1423 1291//1291
f 1423//1423 1293//1293 1292//1292
f 1186//1186 1426//1426 1560//1560
f 1423//1423 1563//1563 1293//1293
f 1429//1429 1293//1293 1563//1563
f 1294//1294 1293//1293 1429//1429
f 1297//1297 1084//1084 1564//1564
f 1086//1086 1425//1425 1087//1087
f 1301//1301 1427//1427 1426//1426
f 1563//1563 1428//1428 1304//1304
f 1563//1563 1304//1304 1429//1429
f 1429//1429 1431//1431 1294//1294
f 1432//1432 1295//1295 1294//1294
f 1432//1432 1294//1294 1431//1431
f 1432//1432 1296//1296 1295//1295
f 1433//1433 1296//1296 1432//1432
f 1298//1298 1296//1296 1699//1699
f 1299//1299 1566//1566 1084//1084
f 1435//1435 1087//1087 1434//1434
f 1301//1301 1302//1302 1427//1427
f 1302//1302 1303//1303 1427//1427
f 1303//1303 1428//1428 1561//1561
f 1428//1428 1303//1303 1304//1304
f 1429//1429 1304//1304 1305//1305
f 1429//1429 1305//1305 1430//1430
f 1431//1431 1306//1306 1432//1432
f 1438//1438 1432//1432 1306//1306
f 1433//1433 1439//1439 1296//1296
f 1699//1699 1296//1296 1439//1439
f 1092//1092 1435//1435 1188//1188
f 1308//1308 1438//1438 1306//1306
f 1438//1438 1308//1308 1432//1432
f 1432//1432 1308//1308 1433//1433
f 1433//1433 1308//1308 1309//1309
f 1433//1433 1309//1309 1310//1310
f 1433//1433 1310//1310 1439//1439
f 1441//1441 1307//1307 1440//1440
f 1439//1439 1310//1310 1442//1442
f 1443//1443 1442//1442 1310//1310
f 1440//1440 1311//1311 1441//1441
f 1312//1312 1443//1443 1198//1198
f 1444//1444 1311//1311 1440//1440
f 1199//1199 1443//1443 1312//1312
f 1445//1445 1443//1443 1199//1199
f 1314//1314 1575//1575 1201//1201
f 1576//1576 1575//1575 1314//1314
f 1447//1447 1314//1314 1315//1315
f 1447//1447 1576//1576 1314//1314
f 1447//1447 1315//1315 1316//1316
f 1320//1320 1444//1444 1446//1446
f 1317//1317 1320//1320 1446//1446
f 1319//1319 1320//1320 1317//1317
f 1444//1444 1320//1320 1321//1321
f 1444//1444 1321//1321 1313//1313
f 1318//1318 1449//1449 1448//1448
f 1452//1452 1451//1451 1319//1319
f 1452//1452 1319//1319 1453//1453
f 1453//1453 1319//1319 1317//1317
f 1206//1206 1329//1329 1323//1323
f 1454//1454 1455//1455 1327//1327
f 1323//1323 1454//1454 1327//1327
f 1329//1329 1454//1454 1323//1323
f 1207//1207 1456//1456 1329//1329
f 1329//1329 1455//1455 1454//1454
f 1329//1329 1457//1457 1455//1455
f 1457//1457 1459//1459 1113//1113
f 1455//1455 1457//1457 1113//1113
f 1209//1209 1456//1456 1207//1207
f 1456//1456 1458//1458 1329//1329
f 1329//1329 1458//1458 1457//1457
f 1457//1457 1458//1458 1462//1462
f 1459//1459 1460//1460 1330//1330
f 1457//1457 1460//1460 1459//1459
f 1457//1457 1462//1462 1460//1460
f 1460//1460 1331//1331 1330//1330
f 1211//1211 1461//1461 1456//1456
f 1460//1460 1212//1212 1331//1331
f 1024//1024 1461//1461 1211//1211
f 1462//1462 1464//1464 1212//1212
f 1462//1462 1212//1212 1460//1460
f 1332//1332 1461//1461 1024//1024
f 1334//1334 1461//1461 1332//1332
f 1463//1463 1461//1461 1334//1334
f 1585//1585 1335//1335 1464//1464
f 1334//1334 1336//1336 1465//1465
f 1585//1585 1337//1337 1335//1335
f 1465//1465 1336//1336 1468//1468
f 1585//1585 1466//1466 1337//1337
f 1467//1467 1338//1338 1337//1337
f 1467//1467 1337//1337 1466//1466
f 1589//1589 1468//1468 1469//1469
f 1470//1470 1338//1338 1467//1467
f 1026//1026 1469//1469 1339//1339
f 1471//1471 1469//1469 1026//1026
f 1470//1470 1219//1219 1341//1341
f 1120//1120 1473//1473 1471//1471
f 1472//1472 1474//1474 1219//1219
f 1470//1470 1472//1472 1219//1219
f 1475//1475 1473//1473 1120//1120
f 1472//1472 1476//1476 1474//1474
f 1476//1476 1343//1343 1474//1474
f 1221//1221 1478//1478 1473//1473
f 1221//1221 1473//1473 1475//1475
f 1593//1593 1476//1476 1477//1477
f 1476//1476 1595//1595 1598//1598
f 1476//1476 1593//1593 1595//1595
f 1221//1221 1123//1123 1478//1478
f 1479//1479 1123//1123 1345//1345
f 1223//1223 1599//1599 1345//1345
f 1224//1224 1598//1598 1480//1480
f 1223//1223 1346//1346 1599//1599
f 1032//1032 1225//1225 1346//1346
f 1600//1600 1480//1480 1481//1481
f 1225//1225 1483//1483 1482//1482
f 1600//1600 1725//1725 1036//1036
f 1348//1348 1483//1483 952//952
f 1604//1604 1228//1228 1036//1036
f 1227//1227 1483//1483 1348//1348
f 1603//1603 1485//1485 1228//1228
f 1230//1230 1228//1228 1485//1485
f 1230//1230 1485//1485 1486//1486
f 1349//1349 1484//1484 1126//1126
f 1126//1126 1487//1487 1349//1349
f 1230//1230 1486//1486 1606//1606
f 1231//1231 1233//1233 1487//1487
f 1606//1606 1350//1350 1041//1041
f 1232//1232 1487//1487 1233//1233
f 1351//1351 1353//1353 1232//1232
f 1353//1353 1488//1488 1232//1232
f 1130//1130 1352//1352 1610//1610
f 1609//1609 1353//1353 1839//1839
f 1132//1132 1839//1839 1353//1353
f 1734//1734 1130//1130 1610//1610
f 1734//1734 1613//1613 1130//1130
f 1614//1614 1355//1355 1354//1354
f 1359//1359 1492//1492 1136//1136
f 1358//1358 1357//1357 1491//1491
f 1492//1492 1359//1359 1360//1360
f 1492//1492 1360//1360 1617//1617
f 1361//1361 1617//1617 1360//1360
f 1361//1361 1238//1238 1362//1362
f 1494//1494 1362//1362 1238//1238
f 1366//1366 1494//1494 1142//1142
f 1367//1367 1494//1494 1366//1366
f 1495//1495 1365//1365 1619//1619
f 1620//1620 1494//1494 1367//1367
f 1496//1496 1240//1240 1495//1495
f 1746//1746 1496//1496 1495//1495
f 1242//1242 1369//1369 1496//1496
f 1749//1749 1242//1242 1496//1496
f 1499//1499 1497//1497 1241//1241
f 1622//1622 1499//1499 1241//1241
f 1241//1241 1370//1370 1622//1622
f 1498//1498 1371//1371 1242//1242
f 1242//1242 1500//1500 1498//1498
f 1500//1500 1371//1371 1498//1498
f 1500//1500 1623//1623 1371//1371
f 1623//1623 1246//1246 1371//1371
f 1372//1372 1245//1245 1501//1501
f 1753//1753 1246//1246 1623//1623
f 1245//1245 1375//1375 1501//1501
f 1375//1375 1624//1624 1501//1501
f 1374//1374 1246//1246 1753//1753
f 1375//1375 1503//1503 1624//1624
f 1753//1753 1251//1251 1502//1502
f 1504//1504 1251//1251 1753//1753
f 1376//1376 1505//1505 1503//1503
f 1504//1504 1506//1506 1251//1251
f 1504//1504 1757//1757 1506//1506
f 1377//1377 1505//1505 1376//1376
f 1377//1377 1507//1507 1505//1505
f 1377//1377 1509//1509 1507//1507
f 1508//1508 1378//1378 1757//1757
f 1379//1379 1255//1255 1509//1509
f 1761//1761 1380//1380 1508//1508
f 1629//1629 1381//1381 1761//1761
f 1761//1761 1381//1381 1380//1380
f 1629//1629 1764//1764 1381//1381
f 1382//1382 1630//1630 1383//1383
f 1383//1383 1630//1630 1255//1255
f 1764//1764 1384//1384 1381//1381
f 1510//1510 1630//1630 1382//1382
f 1384//1384 1764//1764 1632//1632
f 1384//1384 1632//1632 1511//1511
f 1632//1632 1387//1387 1511//1511
f 1382//1382 1512//1512 1767//1767
f 1632//1632 1513//1513 1387//1387
f 1512//1512 1382//1382 1385//1385
f 1512//1512 1515//1515 1635//1635
f 1390//1390 1515//1515 1512//1512
f 1514//1514 1516//1516 1513//1513
f 1389//1389 1515//1515 1390//1390
f 1518//1518 1516//1516 1517//1517
f 1391//1391 1515//1515 1389//1389
f 1515//1515 1519//1519 1635//1635
f 1519//1519 1515//1515 1391//1391
f 1518//1518 1392//1392 1520//1520
f 1519//1519 1521//1521 1638//1638
f 1393//1393 1519//1519 1391//1391
f 1525//1525 1394//1394 1392//1392
f 1770//1770 1392//1392 1518//1518
f 1525//1525 1392//1392 1770//1770
f 1525//1525 1519//1519 1393//1393
f 1521//1521 1519//1519 1525//1525
f 1394//1394 1525//1525 1393//1393
f 1522//1522 1525//1525 1770//1770
f 1525//1525 1522//1522 1523//1523
f 1526//1526 1525//1525 1523//1523
f 1524//1524 1521//1521 1531//1531
f 1528//1528 1521//1521 1525//1525
f 1531//1531 1521//1521 1528//1528
f 1528//1528 1525//1525 1526//1526
f 1530//1530 1527//1527 1524//1524
f 1530//1530 1524//1524 1531//1531
f 1527//1527 1530//1530 1529//1529
f 1528//1528 1645//1645 1531//1531
f 1531//1531 1645//1645 1648//1648
f 1647//1647 1530//1530 1532//1532
f 1532//1532 1530//1530 1649//1649
f 1651//1651 1530//1530 1531//1531
f 1649//1649 1530//1530 1651//1651
f 1531//1531 1648//1648 1651//1651
f 1649//1649 1533//1533 1532//1532
f 1649//1649 1655//1655 1533//1533
f 1537//1537 1535//1535 1668//1668
f 1538//1538 1535//1535 1537//1537
f 1540//1540 1534//1534 1535//1535
f 1401//1401 1535//1535 1538//1538
f 1540//1540 1535//1535 1401//1401
f 1673//1673 1537//1537 1539//1539
f 1540//1540 1536//1536 1534//1534
f 1398//1398 1540//1540 1401//1401
f 1401//1401 1538//1538 1537//1537
f 1537//1537 1673//1673 1541//1541
f 1395//1395 1675//1675 1396//1396
f 1397//1397 1396//1396 1676//1676
f 1542//1542 1540//1540 1398//1398
f 1542//1542 1536//1536 1540//1540
f 1544//1544 1542//1542 1543//1543
f 1409//1409 1543//1543 1398//1398
f 1398//1398 1543//1543 1542//1542
f 1409//1409 1544//1544 1543//1543
f 1404//1404 1163//1163 1402//1402
f 1409//1409 1545//1545 1544//1544
f 1683//1683 1405//1405 1404//1404
f 1404//1404 1405//1405 1276//1276
f 1408//1408 1545//1545 1409//1409
f 1547//1547 1545//1545 1408//1408
f 1684//1684 1407//1407 1405//1405
f 1547//1547 1546//1546 1545//1545
f 1410//1410 1547//1547 1408//1408
f 1690//1690 1407//1407 1684//1684
f 1410//1410 1549//1549 1547//1547
f 1411//1411 1806//1806 1410//1410
f 1412//1412 1806//1806 1411//1411
f 1548//1548 1414//1414 1690//1690
f 1283//1283 1986//1986 1412//1412
f 1986//1986 1283//1283 1413//1413
f 1548//1548 1551//1551 1417//1417
f 1548//1548 1417//1417 1414//1414
f 1550//1550 1986//1986 1413//1413
f 1554//1554 1417//1417 1551//1551
f 1552//1552 1550//1550 1553//1553
f 1555//1555 1692//1692 1553//1553
f 1555//1555 1553//1553 1286//1286
f 1422//1422 1419//1419 1554//1554
f 1554//1554 1419//1419 1418//1418
f 1554//1554 1418//1418 1417//1417
f 1693//1693 1555//1555 1557//1557
f 1558//1558 1420//1420 1559//1559
f 1559//1559 1422//1422 1556//1556
f 1421//1421 1422//1422 1559//1559
f 1560//1560 1561//1561 1423//1423
f 1560//1560 1427//1427 1561//1561
f 1562//1562 1563//1563 1423//1423
f 1562//1562 1423//1423 1561//1561
f 1297//1297 1564//1564 1424//1424
f 1425//1425 1424//1424 1565//1565
f 1560//1560 1426//1426 1427//1427
f 1561//1561 1428//1428 1562//1562
f 1562//1562 1428//1428 1563//1563
f 1298//1298 1566//1566 1299//1299
f 1084//1084 1566//1566 1564//1564
f 1087//1087 1565//1565 1567//1567
f 1425//1425 1565//1565 1087//1087
f 1567//1567 1434//1434 1087//1087
f 1703//1703 1436//1436 1188//1188
f 1427//1427 1303//1303 1561//1561
f 1439//1439 1568//1568 1699//1699
f 1435//1435 1703//1703 1188//1188
f 1703//1703 1704//1704 1436//1436
f 1436//1436 1704//1704 1437//1437
f 1569//1569 1437//1437 1704//1704
f 1570//1570 1307//1307 1569//1569
f 1442//1442 1568//1568 1439//1439
f 1573//1573 1307//1307 1570//1570
f 1573//1573 1440//1440 1307//1307
f 1443//1443 1572//1572 1442//1442
f 1709//1709 1706//1706 1443//1443
f 1570//1570 1440//1440 1573//1573
f 1709//1709 1443//1443 1445//1445
f 1201//1201 1575//1575 1445//1445
f 1574//1574 1446//1446 1444//1444
f 1574//1574 1444//1444 1570//1570
f 1570//1570 1444//1444 1440//1440
f 1577//1577 1447//1447 1318//1318
f 1577//1577 1318//1318 1578//1578
f 1318//1318 1580//1580 1578//1578
f 1448//1448 1580//1580 1318//1318
f 1580//1580 1448//1448 1449//1449
f 1580//1580 1449//1449 1450//1450
f 1580//1580 1450//1450 1451//1451
f 1580//1580 1451//1451 1579//1579
f 1579//1579 1451//1451 1452//1452
f 1579//1579 1452//1452 1453//1453
f 1453//1453 1317//1317 1574//1574
f 1574//1574 1317//1317 1446//1446
f 1456//1456 1581//1581 1458//1458
f 1461//1461 1581//1581 1456//1456
f 1458//1458 1581//1581 1462//1462
f 1461//1461 1582//1582 1581//1581
f 1581//1581 1582//1582 1462//1462
f 1461//1461 1463//1463 1582//1582
f 1583//1583 1464//1464 1462//1462
f 1583//1583 1462//1462 1582//1582
f 1582//1582 1585//1585 1464//1464
f 1582//1582 1464//1464 1583//1583
f 1465//1465 1463//1463 1334//1334
f 1463//1463 1584//1584 1582//1582
f 1584//1584 1585//1585 1582//1582
f 1463//1463 1465//1465 1584//1584
f 1584//1584 1466//1466 1585//1585
f 1584//1584 1467//1467 1466//1466
f 1465//1465 1587//1587 1584//1584
f 1465//1465 1586//1586 1587//1587
f 1584//1584 1587//1587 1467//1467
f 1589//1589 1465//1465 1468//1468
f 1587//1587 1470//1470 1467//1467
f 1465//1465 1588//1588 1586//1586
f 1465//1465 1589//1589 1588//1588
f 1587//1587 1586//1586 1470//1470
f 1471//1471 1589//1589 1469//1469
f 1590//1590 1586//1586 1713//1713
f 1586//1586 1589//1589 1713//1713
f 1586//1586 1588//1588 1589//1589
f 1586//1586 1472//1472 1470//1470
f 1586//1586 1590//1590 1472//1472
f 1590//1590 1476//1476 1472//1472
f 1473//1473 1714//1714 1471//1471
f 1590//1590 1592//1592 1476//1476
f 1591//1591 1592//1592 1590//1590
f 1592//1592 1477//1477 1476//1476
f 1478//1478 1594//1594 1473//1473
f 1591//1591 1593//1593 1477//1477
f 1592//1592 1591//1591 1477//1477
f 1593//1593 1591//1591 1595//1595
f 1123//1123 1479//1479 1478//1478
f 1594//1594 1478//1478 1479//1479
f 1717//1717 1598//1598 1595//1595
f 1345//1345 1596//1596 1479//1479
f 1597//1597 1598//1598 1717//1717
f 1345//1345 1599//1599 1596//1596
f 1597//1597 1480//1480 1598//1598
f 1225//1225 1599//1599 1346//1346
f 1481//1481 1480//1480 1597//1597
f 1722//1722 1225//1225 1601//1601
f 1600//1600 1481//1481 1602//1602
f 1482//1482 1601//1601 1225//1225
f 1725//1725 1600//1600 1602//1602
f 1603//1603 1036//1036 1725//1725
f 1604//1604 1036//1036 1603//1603
f 1227//1227 1484//1484 1483//1483
f 1603//1603 1228//1228 1604//1604
f 1126//1126 1484//1484 1227//1227
f 1603//1603 1486//1486 1485//1485
f 1486//1486 1730//1730 1606//1606
f 1486//1486 1605//1605 1730//1730
f 1487//1487 1232//1232 1607//1607
f 1350//1350 1606//1606 1731//1731
f 1488//1488 1607//1607 1232//1232
f 1488//1488 1608//1608 1607//1607
f 1731//1731 1732//1732 1350//1350
f 1352//1352 1350//1350 1732//1732
f 1353//1353 1608//1608 1488//1488
f 1353//1353 1609//1609 1608//1608
f 1733//1733 1352//1352 1732//1732
f 1352//1352 1733//1733 1610//1610
f 1132//1132 1611//1611 1736//1736
f 1839//1839 1132//1132 1736//1736
f 1737//1737 1611//1611 1132//1132
f 1737//1737 1135//1135 1612//1612
f 1489//1489 1613//1613 1614//1614
f 1490//1490 1612//1612 1135//1135
f 1355//1355 1614//1614 1357//1357
f 1356//1356 1615//1615 1490//1490
f 1614//1614 1616//1616 1357//1357
f 1844//1844 1357//1357 1616//1616
f 1136//1136 1928//1928 1356//1356
f 1136//1136 1741//1741 1928//1928
f 1492//1492 1741//1741 1136//1136
f 1357//1357 1849//1849 1491//1491
f 1491//1491 1849//1849 1742//1742
f 1361//1361 1362//1362 1617//1617
f 1743//1743 1362//1362 1494//1494
f 1493//1493 1745//1745 1239//1239
f 1745//1745 1365//1365 1239//1239
f 1746//1746 1619//1619 1365//1365
f 1619//1619 1746//1746 1495//1495
f 1496//1496 1746//1746 1856//1856
f 1242//1242 1749//1749 1500//1500
f 1501//1501 1622//1622 1372//1372
f 1502//1502 1374//1374 1753//1753
f 1756//1756 1624//1624 1503//1503
f 1503//1503 1505//1505 1756//1756
f 1753//1753 1863//1863 1504//1504
f 1505//1505 1759//1759 1756//1756
f 1759//1759 1505//1505 1625//1625
f 1863//1863 1757//1757 1504//1504
f 1626//1626 1625//1625 1505//1505
f 1943//1943 1508//1508 1757//1757
f 1865//1865 1508//1508 1943//1943
f 1505//1505 1507//1507 1626//1626
f 1761//1761 1508//1508 1865//1865
f 1507//1507 1509//1509 1627//1627
f 1255//1255 1627//1627 1509//1509
f 1627//1627 1255//1255 1762//1762
f 1255//1255 1763//1763 1762//1762
f 1628//1628 1629//1629 1761//1761
f 1763//1763 1255//1255 1630//1630
f 1628//1628 1764//1764 1629//1629
f 1630//1630 1946//1946 1765//1765
f 1630//1630 1510//1510 1946//1946
f 1632//1632 1764//1764 1631//1631
f 1510//1510 1382//1382 1946//1946
f 1382//1382 1767//1767 1946//1946
f 1512//1512 1633//1633 1767//1767
f 1514//1514 1513//1513 1947//1947
f 1947//1947 1513//1513 1632//1632
f 1512//1512 1635//1635 1633//1633
f 1636//1636 1516//1516 1634//1634
f 1634//1634 1516//1516 1514//1514
f 1636//1636 1517//1517 1516//1516
f 1636//1636 1634//1634 1517//1517
f 1635//1635 1519//1519 1638//1638
f 1637//1637 1518//1518 1634//1634
f 1634//1634 1518//1518 1517//1517
f 1521//1521 1640//1640 1638//1638
f 1524//1524 1641//1641 1521//1521
f 1521//1521 1641//1641 1640//1640
f 1639//1639 1770//1770 1518//1518
f 1524//1524 1771//1771 1641//1641
f 1522//1522 1770//1770 1523//1523
f 1770//1770 1951//1951 1523//1523
f 1524//1524 1643//1643 1771//1771
f 1642//1642 1523//1523 1951//1951
f 1527//1527 1643//1643 1524//1524
f 1773//1773 1526//1526 1642//1642
f 1642//1642 1526//1526 1523//1523
f 1644//1644 1774//1774 1643//1643
f 1643//1643 1529//1529 1644//1644
f 1527//1527 1529//1529 1643//1643
f 1645//1645 1528//1528 1526//1526
f 1647//1647 1529//1529 1530//1530
f 1529//1529 1650//1650 1646//1646
f 1647//1647 1650//1650 1529//1529
f 1650//1650 1647//1647 1532//1532
f 1651//1651 1648//1648 1958//1958
f 1532//1532 1654//1654 1650//1650
f 1533//1533 1654//1654 1532//1532
f 1778//1778 1649//1649 1651//1651
f 1655//1655 1654//1654 1533//1533
f 1653//1653 1652//1652 1654//1654
f 1657//1657 1655//1655 1649//1649
f 1659//1659 1654//1654 1655//1655
f 1656//1656 1654//1654 1659//1659
f 1653//1653 1654//1654 1656//1656
f 1659//1659 1655//1655 1657//1657
f 1666//1666 1660//1660 1656//1656
f 1663//1663 1656//1656 1659//1659
f 1666//1666 1656//1656 1663//1663
f 1656//1656 1658//1658 1781//1781
f 1660//1660 1658//1658 1656//1656
f 1662//1662 1659//1659 1661//1661
f 1663//1663 1659//1659 1662//1662
f 1669//1669 1660//1660 1666//1666
f 1666//1666 1663//1663 1786//1786
f 1660//1660 1664//1664 1665//1665
f 1664//1664 1660//1660 1669//1669
f 1667//1667 1666//1666 1786//1786
f 1536//1536 1669//1669 1534//1534
f 1534//1534 1669//1669 1666//1666
f 1534//1534 1666//1666 1535//1535
f 1535//1535 1666//1666 1667//1667
f 1535//1535 1667//1667 1668//1668
f 1670//1670 1672//1672 1664//1664
f 1670//1670 1669//1669 1536//1536
f 1670//1670 1664//1664 1669//1669
f 1537//1537 1668//1668 1539//1539
f 1542//1542 1672//1672 1536//1536
f 1536//1536 1672//1672 1670//1670
f 1673//1673 1539//1539 1671//1671
f 1541//1541 1673//1673 1395//1395
f 1395//1395 1673//1673 1674//1674
f 1675//1675 1395//1395 1674//1674
f 1675//1675 1794//1794 1396//1396
f 1396//1396 1794//1794 1676//1676
f 1677//1677 1678//1678 1672//1672
f 1542//1542 1677//1677 1672//1672
f 1676//1676 1794//1794 1271//1271
f 1544//1544 1678//1678 1542//1542
f 1542//1542 1678//1678 1677//1677
f 1794//1794 1400//1400 1271//1271
f 1794//1794 1679//1679 1400//1400
f 1679//1679 1402//1402 1400//1400
f 1679//1679 1404//1404 1402//1402
f 1680//1680 1683//1683 1404//1404
f 1545//1545 1685//1685 1544//1544
f 1681//1681 1405//1405 1683//1683
f 1544//1544 1685//1685 1682//1682
f 1546//1546 1685//1685 1545//1545
f 1681//1681 1684//1684 1405//1405
f 1683//1683 1684//1684 1681//1681
f 1686//1686 1684//1684 1683//1683
f 1685//1685 1688//1688 1687//1687
f 1547//1547 1685//1685 1546//1546
f 1547//1547 1688//1688 1685//1685
f 1547//1547 1689//1689 1688//1688
f 1549//1549 1689//1689 1547//1547
f 1690//1690 1684//1684 1686//1686
f 1549//1549 1410//1410 1689//1689
f 1689//1689 1410//1410 1806//1806
f 1691//1691 1548//1548 1690//1690
f 1550//1550 1692//1692 1986//1986
f 1692//1692 1550//1550 1552//1552
f 1691//1691 1690//1690 1805//1805
f 1691//1691 1551//1551 1548//1548
f 1692//1692 1552//1552 1553//1553
f 1691//1691 1554//1554 1551//1551
f 1809//1809 1692//1692 1555//1555
f 1905//1905 1809//1809 1555//1555
f 1693//1693 1905//1905 1555//1555
f 1697//1697 1556//1556 1691//1691
f 1691//1691 1556//1556 1422//1422
f 1691//1691 1422//1422 1554//1554
f 1693//1693 1557//1557 1694//1694
f 1694//1694 1557//1557 1558//1558
f 1558//1558 1695//1695 1696//1696
f 1694//1694 1558//1558 1696//1696
f 1695//1695 1558//1558 1559//1559
f 1695//1695 1559//1559 1697//1697
f 1697//1697 1559//1559 1556//1556
f 1698//1698 1565//1565 1424//1424
f 1699//1699 1812//1812 1298//1298
f 1298//1298 1814//1814 1566//1566
f 1812//1812 1814//1814 1298//1298
f 1566//1566 1814//1814 1564//1564
f 1564//1564 1698//1698 1424//1424
f 1698//1698 1700//1700 1565//1565
f 1810//1810 1568//1568 1701//1701
f 1699//1699 1568//1568 1810//1810
f 1565//1565 1700//1700 1567//1567
f 1702//1702 1434//1434 1567//1567
f 1703//1703 1435//1435 1434//1434
f 1568//1568 1442//1442 1572//1572
f 1434//1434 1702//1702 1703//1703
f 1703//1703 1705//1705 1704//1704
f 1705//1705 1569//1569 1704//1704
f 1705//1705 1570//1570 1569//1569
f 1705//1705 1571//1571 1570//1570
f 1818//1818 1572//1572 1443//1443
f 1706//1706 1818//1818 1443//1443
f 1700//1700 1707//1707 1567//1567
f 1703//1703 1820//1820 1821//1821
f 1705//1705 1703//1703 1821//1821
f 1708//1708 1571//1571 1705//1705
f 1709//1709 1445//1445 1575//1575
f 1707//1707 1578//1578 1567//1567
f 1567//1567 1578//1578 1712//1712
f 1567//1567 1712//1712 1711//1711
f 1820//1820 1579//1579 1705//1705
f 1705//1705 1453//1453 1708//1708
f 1705//1705 1579//1579 1453//1453
f 1571//1571 1708//1708 1574//1574
f 1571//1571 1574//1574 1570//1570
f 1709//1709 1575//1575 1915//1915
f 1915//1915 1575//1575 1576//1576
f 1915//1915 1576//1576 1710//1710
f 1710//1710 1576//1576 1447//1447
f 1710//1710 1447//1447 1707//1707
f 1707//1707 1447//1447 1577//1577
f 1707//1707 1577//1577 1578//1578
f 1453//1453 1574//1574 1708//1708
f 1580//1580 1712//1712 1578//1578
f 1712//1712 1580//1580 1820//1820
f 1820//1820 1580//1580 1579//1579
f 1471//1471 1713//1713 1589//1589
f 1471//1471 1714//1714 1713//1713
f 1713//1713 1591//1591 1590//1590
f 1715//1715 1591//1591 1713//1713
f 1473//1473 1716//1716 1714//1714
f 1594//1594 1716//1716 1473//1473
f 1714//1714 1716//1716 1713//1713
f 1713//1713 1718//1718 1715//1715
f 1718//1718 1595//1595 1591//1591
f 1718//1718 1591//1591 1715//1715
f 1594//1594 1823//1823 1716//1716
f 1594//1594 1479//1479 1823//1823
f 1713//1713 1717//1717 1718//1718
f 1823//1823 1822//1822 1716//1716
f 1717//1717 1716//1716 1822//1822
f 1716//1716 1717//1717 1713//1713
f 1718//1718 1717//1717 1595//1595
f 1596//1596 1823//1823 1479//1479
f 1720//1720 1717//1717 1719//1719
f 1717//1717 1721//1721 1597//1597
f 1823//1823 1596//1596 1599//1599
f 1717//1717 1720//1720 1721//1721
f 1721//1721 1481//1481 1597//1597
f 1722//1722 1599//1599 1225//1225
f 1720//1720 1481//1481 1721//1721
f 1720//1720 1723//1723 1481//1481
f 1723//1723 1602//1602 1481//1481
f 1723//1723 1725//1725 1602//1602
f 1483//1483 1601//1601 1482//1482
f 1601//1601 1483//1483 1724//1724
f 1725//1725 1723//1723 1726//1726
f 1726//1726 1603//1603 1725//1725
f 1484//1484 1724//1724 1483//1483
f 1726//1726 1486//1486 1603//1603
f 1727//1727 1834//1834 1486//1486
f 1726//1726 1727//1727 1486//1486
f 1349//1349 1728//1728 1484//1484
f 1834//1834 1605//1605 1486//1486
f 1729//1729 1728//1728 1487//1487
f 1487//1487 1728//1728 1349//1349
f 1730//1730 1605//1605 1834//1834
f 1607//1607 1729//1729 1487//1487
f 1607//1607 1838//1838 1729//1729
f 1731//1731 1606//1606 1730//1730
f 1730//1730 1732//1732 1731//1731
f 1838//1838 1608//1608 1609//1609
f 1609//1609 1839//1839 1838//1838
f 1734//1734 1733//1733 1735//1735
f 1734//1734 1610//1610 1733//1733
f 1611//1611 1737//1737 1736//1736
f 1734//1734 1739//1739 1613//1613
f 1612//1612 1738//1738 1737//1737
f 1613//1613 1739//1739 1614//1614
f 1490//1490 1738//1738 1612//1612
f 1490//1490 1615//1615 1738//1738
f 1615//1615 1356//1356 1740//1740
f 1356//1356 1928//1928 1740//1740
f 1844//1844 1849//1849 1357//1357
f 1935//1935 1617//1617 1362//1362
f 1935//1935 1362//1362 1743//1743
f 1937//1937 1745//1745 1493//1493
f 1743//1743 1494//1494 1744//1744
f 1494//1494 1854//1854 1744//1744
f 1618//1618 1854//1854 1494//1494
f 1494//1494 1747//1747 1618//1618
f 1494//1494 1857//1857 1747//1747
f 1620//1620 1857//1857 1494//1494
f 1748//1748 1620//1620 1497//1497
f 1748//1748 1497//1497 1857//1857
f 1496//1496 1856//1856 1749//1749
f 1621//1621 1857//1857 1497//1497
f 1497//1497 1499//1499 1621//1621
f 1622//1622 1750//1750 1499//1499
f 1623//1623 1500//1500 1751//1751
f 1752//1752 1622//1622 1501//1501
f 1752//1752 1501//1501 1624//1624
f 1862//1862 1753//1753 1623//1623
f 1624//1624 1755//1755 1754//1754
f 1756//1756 1755//1755 1624//1624
f 1757//1757 1863//1863 1758//1758
f 1625//1625 1626//1626 1759//1759
f 1758//1758 1943//1943 1757//1757
f 1626//1626 1944//1944 1759//1759
f 1760//1760 1761//1761 1865//1865
f 1627//1627 1762//1762 1507//1507
f 1866//1866 1761//1761 1760//1760
f 1764//1764 1628//1628 1631//1631
f 1765//1765 1763//1763 1630//1630
f 1945//1945 1632//1632 1631//1631
f 1766//1766 1632//1632 1945//1945
f 1947//1947 1632//1632 1766//1766
f 1871//1871 1514//1514 1947//1947
f 1768//1768 1767//1767 1633//1633
f 1633//1633 1872//1872 1768//1768
f 1633//1633 1635//1635 1872//1872
f 1635//1635 1638//1638 1873//1873
f 1873//1873 1638//1638 1769//1769
f 1518//1518 1637//1637 1948//1948
f 1948//1948 1874//1874 1518//1518
f 1640//1640 1769//1769 1638//1638
f 1874//1874 1639//1639 1518//1518
f 1641//1641 1769//1769 1640//1640
f 1875//1875 1770//1770 1639//1639
f 1641//1641 1771//1771 1769//1769
f 1951//1951 1770//1770 1877//1877
f 1643//1643 1876//1876 1771//1771
f 1951//1951 1772//1772 1642//1642
f 1643//1643 1774//1774 1876//1876
f 1772//1772 1773//1773 1642//1642
f 1773//1773 1645//1645 1526//1526
f 1955//1955 1645//1645 1773//1773
f 1529//1529 1775//1775 1644//1644
f 1955//1955 1648//1648 1645//1645
f 1646//1646 1775//1775 1529//1529
f 1955//1955 1776//1776 1648//1648
f 1650//1650 1775//1775 1646//1646
f 1776//1776 1958//1958 1648//1648
f 1881//1881 1775//1775 1650//1650
f 1654//1654 1881//1881 1650//1650
f 1778//1778 1651//1651 1958//1958
f 1652//1652 1777//1777 1654//1654
f 1654//1654 1777//1777 1881//1881
f 1778//1778 1657//1657 1649//1649
f 1779//1779 1652//1652 1653//1653
f 1657//1657 1778//1778 1780//1780
f 1779//1779 1777//1777 1652//1652
f 1656//1656 1781//1781 1653//1653
f 1653//1653 1781//1781 1779//1779
f 1657//1657 1783//1783 1659//1659
f 1657//1657 1780//1780 1783//1783
f 1886//1886 1782//1782 1781//1781
f 1781//1781 1784//1784 1886//1886
f 1658//1658 1784//1784 1781//1781
f 1660//1660 1784//1784 1658//1658
f 1783//1783 1661//1661 1659//1659
f 1661//1661 1783//1783 1662//1662
f 1783//1783 1663//1663 1662//1662
f 1783//1783 2052//2052 1663//1663
f 1787//1787 1784//1784 1660//1660
f 1663//1663 1785//1785 1786//1786
f 1665//1665 1787//1787 1660//1660
f 1786//1786 1788//1788 1667//1667
f 1664//1664 1787//1787 1665//1665
f 1667//1667 1788//1788 1668//1668
f 1672//1672 1790//1790 1664//1664
f 1664//1664 1790//1790 1787//1787
f 1668//1668 1788//1788 1539//1539
f 1539//1539 1788//1788 1789//1789
f 1789//1789 1892//1892 1539//1539
f 1791//1791 1671//1671 1539//1539
f 1892//1892 1791//1791 1539//1539
f 1672//1672 1893//1893 1790//1790
f 1791//1791 1673//1673 1671//1671
f 1791//1791 1674//1674 1673//1673
f 1678//1678 1793//1793 1672//1672
f 1672//1672 1793//1793 1893//1893
f 1674//1674 1792//1792 1675//1675
f 1792//1792 1794//1794 1675//1675
f 1894//1894 1796//1796 1794//1794
f 1544//1544 1795//1795 1678//1678
f 1678//1678 1795//1795 1793//1793
f 1796//1796 1679//1679 1794//1794
f 1797//1797 1404//1404 1679//1679
f 1797//1797 1798//1798 1404//1404
f 1682//1682 1799//1799 1544//1544
f 1544//1544 1799//1799 1795//1795
f 1798//1798 1800//1800 1680//1680
f 1404//1404 1798//1798 1680//1680
f 1685//1685 1799//1799 1682//1682
f 1800//1800 1683//1683 1680//1680
f 1685//1685 1687//1687 1799//1799
f 1683//1683 1800//1800 1686//1686
f 1801//1801 1686//1686 1800//1800
f 1689//1689 1802//1802 1688//1688
f 1802//1802 1687//1687 1688//1688
f 1801//1801 1690//1690 1686//1686
f 1803//1803 1900//1900 1689//1689
f 1900//1900 1802//1802 1689//1689
f 1804//1804 1805//1805 1690//1690
f 1804//1804 1690//1690 1801//1801
f 1806//1806 1803//1803 1689//1689
f 1412//1412 1901//1901 1806//1806
f 1986//1986 1901//1901 1412//1412
f 1807//1807 1805//1805 1804//1804
f 1989//1989 1988//1988 1692//1692
f 1808//1808 1692//1692 1809//1809
f 1805//1805 1807//1807 1697//1697
f 1805//1805 1697//1697 1691//1691
f 1694//1694 1905//1905 1693//1693
f 1695//1695 1697//1697 1807//1807
f 1906//1906 1694//1694 1696//1696
f 1701//1701 1813//1813 1810//1810
f 1699//1699 1810//1810 1811//1811
f 1699//1699 1811//1811 1812//1812
f 1814//1814 1698//1698 1564//1564
f 1701//1701 1815//1815 1813//1813
f 1816//1816 1698//1698 1911//1911
f 1816//1816 1700//1700 1698//1698
f 1817//1817 1815//1815 1701//1701
f 1999//1999 1701//1701 1568//1568
f 1816//1816 1707//1707 1700//1700
f 1572//1572 1999//1999 1568//1568
f 1818//1818 1999//1999 1572//1572
f 1913//1913 1818//1818 1706//1706
f 1819//1819 1707//1707 1816//1816
f 1567//1567 1711//1711 1702//1702
f 1820//1820 1703//1703 1702//1702
f 1820//1820 1702//1702 1711//1711
f 1913//1913 1706//1706 1709//1709
f 1913//1913 1709//1709 1915//1915
f 1819//1819 1915//1915 1710//1710
f 1819//1819 1710//1710 1707//1707
f 1711//1711 1712//1712 1820//1820
f 1821//1821 1820//1820 1705//1705
f 1822//1822 1719//1719 1717//1717
f 1822//1822 1720//1720 1719//1719
f 1822//1822 1823//1823 1824//1824
f 1824//1824 1720//1720 1822//1822
f 1722//1722 1823//1823 1599//1599
f 1823//1823 1722//1722 1825//1825
f 1824//1824 1723//1723 1720//1720
f 1823//1823 1723//1723 1824//1824
f 1825//1825 1723//1723 1823//1823
f 1601//1601 1724//1724 1722//1722
f 1825//1825 1826//1826 1723//1723
f 1826//1826 1726//1726 1723//1723
f 1724//1724 1827//1827 1722//1722
f 1722//1722 1827//1827 1825//1825
f 1826//1826 1825//1825 1726//1726
f 1825//1825 1827//1827 1828//1828
f 1828//1828 1827//1827 1726//1726
f 1828//1828 1726//1726 1825//1825
f 1484//1484 1829//1829 1724//1724
f 1829//1829 1833//1833 1724//1724
f 1829//1829 1484//1484 1833//1833
f 1724//1724 1830//1830 1827//1827
f 1724//1724 1833//1833 1830//1830
f 1834//1834 1727//1727 1726//1726
f 1834//1834 1726//1726 1827//1827
f 1728//1728 1833//1833 1484//1484
f 1831//1831 1827//1827 1916//1916
f 1827//1827 1833//1833 1916//1916
f 1827//1827 1830//1830 1833//1833
f 1832//1832 1827//1827 1831//1831
f 1832//1832 1834//1834 1827//1827
f 1834//1834 1832//1832 1831//1831
f 1833//1833 1728//1728 1729//1729
f 1831//1831 1835//1835 1834//1834
f 1918//1918 1833//1833 1729//1729
f 1835//1835 1730//1730 1834//1834
f 1835//1835 1836//1836 1730//1730
f 1608//1608 1838//1838 1607//1607
f 1837//1837 1732//1732 1730//1730
f 1836//1836 1837//1837 1730//1730
f 1840//1840 1732//1732 1837//1837
f 1735//1735 1840//1840 1837//1837
f 1840//1840 1733//1733 1732//1732
f 1736//1736 1841//1841 1839//1839
f 1735//1735 1733//1733 1840//1840
f 1841//1841 1736//1736 1842//1842
f 1842//1842 1736//1736 1737//1737
f 1738//1738 1842//1842 1737//1737
f 1739//1739 1734//1734 1843//1843
f 1615//1615 1740//1740 1738//1738
f 1843//1843 1614//1614 1739//1739
f 1843//1843 1844//1844 1616//1616
f 1614//1614 1843//1843 1616//1616
f 1741//1741 1846//1846 1928//1928
f 1849//1849 1844//1844 1845//1845
f 1846//1846 1741//1741 1847//1847
f 1492//1492 1847//1847 1741//1741
f 1492//1492 1617//1617 1847//1847
f 1742//1742 1849//1849 1850//1850
f 1849//1849 1851//1851 1850//1850
f 1742//1742 1850//1850 1851//1851
f 1493//1493 1742//1742 1937//1937
f 1742//1742 1936//1936 1937//1937
f 1742//1742 1851//1851 1936//1936
f 1744//1744 1852//1852 1743//1743
f 1853//1853 1745//1745 1937//1937
f 1745//1745 1853//1853 1365//1365
f 1618//1618 1747//1747 1854//1854
f 2015//2015 1365//1365 1853//1853
f 1746//1746 1365//1365 2015//2015
f 2015//2015 1855//1855 1746//1746
f 1855//1855 1856//1856 1746//1746
f 1748//1748 1857//1857 1620//1620
f 1621//1621 1858//1858 1857//1857
f 1860//1860 1749//1749 1856//1856
f 1499//1499 1858//1858 1621//1621
f 1499//1499 1859//1859 1858//1858
f 1499//1499 1750//1750 1859//1859
f 1860//1860 1500//1500 1749//1749
f 1939//1939 1751//1751 1500//1500
f 1623//1623 1751//1751 1939//1939
f 1624//1624 1861//1861 1752//1752
f 1623//1623 1939//1939 1862//1862
f 1624//1624 1754//1754 2022//2022
f 1862//1862 1863//1863 1753//1753
f 1759//1759 1864//1864 1755//1755
f 1759//1759 1755//1755 1756//1756
f 2025//2025 1758//1758 1863//1863
f 1865//1865 1866//1866 1760//1760
f 1868//1868 1944//1944 1626//1626
f 1868//1868 1626//1626 1507//1507
f 1762//1762 1868//1868 1507//1507
f 1761//1761 1866//1866 1867//1867
f 1867//1867 1628//1628 1761//1761
f 1762//1762 1869//1869 1868//1868
f 1869//1869 1762//1762 1763//1763
f 1869//1869 1763//1763 1870//1870
f 1866//1866 1945//1945 1628//1628
f 1628//1628 1945//1945 1631//1631
f 2031//2031 1766//1766 1945//1945
f 1768//1768 1946//1946 1767//1767
f 1637//1637 1634//1634 1514//1514
f 1871//1871 1637//1637 1514//1514
f 1873//1873 1872//1872 1635//1635
f 2108//2108 1948//1948 1637//1637
f 1769//1769 2037//2037 1873//1873
f 2037//2037 1769//1769 2038//2038
f 1875//1875 1639//1639 1874//1874
f 1769//1769 1950//1950 2038//2038
f 1769//1769 1876//1876 1950//1950
f 1771//1771 1876//1876 1769//1769
f 1875//1875 1877//1877 1770//1770
f 1875//1875 2039//2039 1877//1877
f 2039//2039 1951//1951 1877//1877
f 1878//1878 1876//1876 1953//1953
f 2041//2041 1772//1772 1951//1951
f 1876//1876 1774//1774 1952//1952
f 1773//1773 2041//2041 1879//1879
f 1773//1773 1772//1772 2041//2041
f 2042//2042 1773//1773 1879//1879
f 1774//1774 1644//1644 1952//1952
f 1644//1644 1954//1954 1952//1952
f 1644//1644 1775//1775 1954//1954
f 2042//2042 1955//1955 1773//1773
f 1954//1954 1775//1775 1880//1880
f 1957//1957 1776//1776 1955//1955
f 1880//1880 1775//1775 1881//1881
f 1957//1957 1958//1958 1776//1776
f 1958//1958 1882//1882 1778//1778
f 1958//1958 1959//1959 1883//1883
f 1958//1958 1883//1883 1882//1882
f 1778//1778 1882//1882 1883//1883
f 1883//1883 1780//1780 1778//1778
f 1884//1884 1777//1777 1779//1779
f 1781//1781 1884//1884 1779//1779
f 1780//1780 1961//1961 1885//1885
f 1780//1780 1883//1883 1961//1961
f 1782//1782 1884//1884 1781//1781
f 2047//2047 1783//1783 1885//1885
f 1885//1885 1783//1783 1780//1780
f 2047//2047 2052//2052 1783//1783
f 1887//1887 1663//1663 2052//2052
f 2052//2052 1785//1785 1887//1887
f 1787//1787 1886//1886 1784//1784
f 1887//1887 1785//1785 1663//1663
f 2054//2054 1886//1886 1787//1787
f 1888//1888 1889//1889 1786//1786
f 1888//1888 1786//1786 1785//1785
f 1790//1790 2054//2054 1787//1787
f 1889//1889 1788//1788 1786//1786
f 1790//1790 1891//1891 2054//2054
f 1889//1889 1789//1789 1788//1788
f 1889//1889 1892//1892 1789//1789
f 1889//1889 1890//1890 1892//1892
f 1790//1790 1893//1893 1891//1891
f 1792//1792 1674//1674 1791//1791
f 1794//1794 1792//1792 1894//1894
f 1792//1792 1796//1796 1894//1894
f 1895//1895 1797//1797 1679//1679
f 1895//1895 1798//1798 1797//1797
f 1895//1895 1896//1896 1800//1800
f 1798//1798 1895//1895 1800//1800
f 1687//1687 1974//1974 1799//1799
f 1896//1896 1897//1897 1800//1800
f 1898//1898 1974//1974 1687//1687
f 1801//1801 1800//1800 1897//1897
f 1802//1802 1898//1898 1687//1687
f 1897//1897 1804//1804 1801//1801
f 1900//1900 1898//1898 1802//1802
f 1899//1899 1804//1804 1897//1897
f 1806//1806 1900//1900 1803//1803
f 1983//1983 1900//1900 1806//1806
f 1983//1983 1806//1806 1901//1901
f 1988//1988 1986//1986 1692//1692
f 1902//1902 1899//1899 1981//1981
f 1902//1902 1903//1903 1899//1899
f 1804//1804 1903//1903 1807//1807
f 1899//1899 1903//1903 1804//1804
f 1904//1904 1692//1692 1808//1808
f 1904//1904 1989//1989 1692//1692
f 1904//1904 1808//1808 1809//1809
f 1985//1985 1695//1695 1902//1902
f 1902//1902 1695//1695 1903//1903
f 1903//1903 1695//1695 1807//1807
f 1904//1904 1809//1809 1905//1905
f 2072//2072 1905//1905 1694//1694
f 2072//2072 1694//1694 1906//1906
f 1906//1906 1696//1696 1985//1985
f 1985//1985 1696//1696 1695//1695
f 1813//1813 1992//1992 1810//1810
f 1810//1810 1992//1992 1811//1811
f 1811//1811 1992//1992 1812//1812
f 1990//1990 1907//1907 1815//1815
f 1815//1815 1907//1907 1813//1813
f 1992//1992 1994//1994 1812//1812
f 1994//1994 1814//1814 1812//1812
f 1909//1909 1698//1698 1814//1814
f 1910//1910 1698//1698 1909//1909
f 1990//1990 1912//1912 1997//1997
f 1912//1912 1990//1990 1908//1908
f 1815//1815 1908//1908 1990//1990
f 1911//1911 1698//1698 1910//1910
f 1912//1912 1908//1908 1815//1815
f 1817//1817 1912//1912 1815//1815
f 1817//1817 1701//1701 1999//1999
f 1909//1909 1913//1913 1915//1915
f 1909//1909 1915//1915 1910//1910
f 1910//1910 1816//1816 1911//1911
f 1818//1818 1913//1913 1914//1914
f 1999//1999 1818//1818 1914//1914
f 1910//1910 1915//1915 1819//1819
f 1910//1910 1819//1819 1816//1816
f 1916//1916 1833//1833 1917//1917
f 1916//1916 1835//1835 1831//1831
f 1916//1916 1917//1917 1835//1835
f 1833//1833 1918//1918 1917//1917
f 1838//1838 1918//1918 1729//1729
f 1918//1918 1921//1921 1917//1917
f 1835//1835 1837//1837 1836//1836
f 1838//1838 1919//1919 1918//1918
f 1917//1917 1920//1920 1835//1835
f 1917//1917 1921//1921 1920//1920
f 1920//1920 1837//1837 1835//1835
f 1918//1918 1919//1919 1921//1921
f 1920//1920 1921//1921 1837//1837
f 1922//1922 1838//1838 1839//1839
f 1919//1919 1838//1838 1922//1922
f 1921//1921 1924//1924 1923//1923
f 1923//1923 1837//1837 1921//1921
f 1841//1841 1922//1922 1839//1839
f 1921//1921 1919//1919 1924//1924
f 1923//1923 1924//1924 1837//1837
f 1924//1924 1735//1735 1837//1837
f 1924//1924 1734//1734 1735//1735
f 1919//1919 1922//1922 1841//1841
f 1925//1925 1924//1924 1919//1919
f 1924//1924 1927//1927 1734//1734
f 1927//1927 1843//1843 1734//1734
f 1738//1738 1841//1841 1842//1842
f 1841//1841 1738//1738 2004//2004
f 1925//1925 2001//2001 1924//1924
f 1927//1927 1924//1924 2001//2001
f 2004//2004 1738//1738 1926//1926
f 1740//1740 1928//1928 1738//1738
f 1926//1926 1738//1738 1928//1928
f 1929//1929 1927//1927 2003//2003
f 1927//1927 1929//1929 1843//1843
f 1929//1929 1844//1844 1843//1843
f 1928//1928 1930//1930 2002//2002
f 1929//1929 1931//1931 1844//1844
f 1932//1932 1928//1928 1846//1846
f 1930//1930 1928//1928 1932//1932
f 1931//1931 1845//1845 1844//1844
f 1931//1931 1849//1849 1845//1845
f 1932//1932 1846//1846 1847//1847
f 1931//1931 1848//1848 1849//1849
f 1931//1931 1933//1933 1848//1848
f 1933//1933 1849//1849 1848//1848
f 1935//1935 1934//1934 1617//1617
f 1934//1934 1847//1847 1617//1617
f 1933//1933 1851//1851 1849//1849
f 1743//1743 1852//1852 1935//1935
f 1936//1936 1933//1933 1937//1937
f 1936//1936 1851//1851 1933//1933
f 1854//1854 1852//1852 1744//1744
f 1747//1747 1852//1852 1854//1854
f 1857//1857 1938//1938 1747//1747
f 1857//1857 2017//2017 1938//1938
f 2016//2016 1856//1856 1855//1855
f 2016//2016 1855//1855 2015//2015
f 1857//1857 2018//2018 2017//2017
f 1856//1856 2016//2016 2093//2093
f 1858//1858 1859//1859 1857//1857
f 2018//2018 1857//1857 1859//1859
f 1500//1500 1860//1860 1939//1939
f 1752//1752 1861//1861 1622//1622
f 1940//1940 1622//1622 1861//1861
f 1624//1624 2022//2022 1861//1861
f 1941//1941 1862//1862 1939//1939
f 2023//2023 1862//1862 2101//2101
f 2023//2023 1863//1863 1862//1862
f 2023//2023 2025//2025 1863//1863
f 2024//2024 1759//1759 1942//1942
f 1864//1864 1759//1759 2024//2024
f 1944//1944 1942//1942 1759//1759
f 1944//1944 2026//2026 1942//1942
f 1865//1865 1943//1943 1758//1758
f 2105//2105 1865//1865 1758//1758
f 2105//2105 1866//1866 1865//1865
f 1628//1628 1867//1867 1866//1866
f 1945//1945 1866//1866 2031//2031
f 1765//1765 1870//1870 1763//1763
f 2031//2031 1947//1947 1766//1766
f 1871//1871 1947//1947 2108//2108
f 2035//2035 2033//2033 1768//1768
f 2035//2035 1768//1768 1872//1872
f 2108//2108 1637//1637 1871//1871
f 1874//1874 1948//1948 1949//1949
f 1875//1875 1874//1874 1949//1949
f 2179//2179 2039//2039 1875//1875
f 1876//1876 2038//2038 1950//1950
f 1876//1876 2178//2178 2038//2038
f 1878//1878 2178//2178 1876//1876
f 2039//2039 2041//2041 1951//1951
f 1953//1953 1876//1876 1952//1952
f 1879//1879 2041//2041 2042//2042
f 1952//1952 2043//2043 1953//1953
f 2042//2042 2044//2044 1955//1955
f 1957//1957 1959//1959 1958//1958
f 1960//1960 1956//1956 1880//1880
f 1880//1880 1881//1881 1960//1960
f 1777//1777 1960//1960 1881//1881
f 1884//1884 2117//2117 1777//1777
f 2047//2047 1961//1961 1883//1883
f 2047//2047 1885//1885 1961//1961
f 1884//1884 1962//1962 2117//2117
f 2047//2047 2051//2051 1963//1963
f 1962//1962 1884//1884 1964//1964
f 2052//2052 2047//2047 1963//1963
f 1884//1884 1782//1782 1964//1964
f 1782//1782 1886//1886 1964//1964
f 1964//1964 1886//1886 2055//2055
f 2053//2053 1785//1785 2052//2052
f 1886//1886 2054//2054 2055//2055
f 1965//1965 1888//1888 1785//1785
f 2053//2053 1965//1965 1785//1785
f 1965//1965 1889//1889 1888//1888
f 1892//1892 1890//1890 1966//1966
f 1893//1893 2058//2058 1891//1891
f 1892//1892 1966//1966 1791//1791
f 1791//1791 1967//1967 1968//1968
f 1966//1966 1967//1967 1791//1791
f 1792//1792 1791//1791 1968//1968
f 1793//1793 1969//1969 1893//1893
f 1968//1968 2060//2060 1792//1792
f 1795//1795 1969//1969 1793//1793
f 1795//1795 1971//1971 1969//1969
f 1970//1970 1972//1972 1792//1792
f 1792//1792 1972//1972 1796//1796
f 1972//1972 1679//1679 1796//1796
f 1679//1679 1972//1972 1973//1973
f 1972//1972 1975//1975 1895//1895
f 1973//1973 1972//1972 1895//1895
f 1679//1679 1973//1973 1895//1895
f 1799//1799 1974//1974 1795//1795
f 1795//1795 1974//1974 1971//1971
f 1975//1975 1976//1976 1895//1895
f 1976//1976 1896//1896 1895//1895
f 1974//1974 1898//1898 1978//1978
f 1896//1896 1977//1977 1897//1897
f 1896//1896 1980//1980 1977//1977
f 1977//1977 1899//1899 1897//1897
f 1978//1978 1900//1900 1979//1979
f 1978//1978 1898//1898 1900//1900
f 1980//1980 1899//1899 1977//1977
f 1980//1980 1981//1981 1899//1899
f 2070//2070 1979//1979 1900//1900
f 1982//1982 2070//2070 1900//1900
f 1983//1983 1982//1982 1900//1900
f 1985//1985 1981//1981 1980//1980
f 1983//1983 1901//1901 1986//1986
f 1987//1987 1986//1986 1988//1988
f 1989//1989 1904//1904 1905//1905
f 2072//2072 1989//1989 1905//1905
f 1984//1984 2072//2072 1906//1906
f 1984//1984 1906//1906 1985//1985
f 1981//1981 1985//1985 1902//1902
f 1991//1991 1907//1907 1990//1990
f 1991//1991 1992//1992 1907//1907
f 1907//1907 1992//1992 1813//1813
f 1993//1993 1994//1994 1992//1992
f 1995//1995 2075//2075 1990//1990
f 1995//1995 1990//1990 1997//1997
f 1993//1993 1996//1996 1994//1994
f 1994//1994 1909//1909 1814//1814
f 1997//1997 1912//1912 1817//1817
f 2078//2078 1997//1997 1817//1817
f 1998//1998 1999//1999 1996//1996
f 1996//1996 1914//1914 1913//1913
f 1996//1996 1913//1913 1994//1994
f 1994//1994 1913//1913 1909//1909
f 1999//1999 2078//2078 1817//1817
f 2078//2078 1999//1999 1998//1998
f 1996//1996 1999//1999 1914//1914
f 1841//1841 1925//1925 1919//1919
f 2004//2004 2000//2000 1841//1841
f 1841//1841 2001//2001 1925//1925
f 2000//2000 2001//2001 1841//1841
f 2001//2001 2000//2000 1927//1927
f 1928//1928 2002//2002 1926//1926
f 2003//2003 1927//1927 2000//2000
f 1926//1926 2002//2002 2004//2004
f 2004//2004 2005//2005 2000//2000
f 1930//1930 2004//2004 2002//2002
f 2000//2000 2006//2006 2003//2003
f 2000//2000 2005//2005 2006//2006
f 2003//2003 1931//1931 1929//1929
f 2006//2006 1931//1931 2003//2003
f 1930//1930 2008//2008 2004//2004
f 1930//1930 1932//1932 2008//2008
f 2005//2005 2004//2004 2008//2008
f 1847//1847 1934//1934 1932//1932
f 2006//2006 2007//2007 2010//2010
f 2010//2010 1933//1933 1931//1931
f 2010//2010 1931//1931 2006//2006
f 2008//2008 1932//1932 1934//1934
f 1934//1934 1935//1935 2083//2083
f 1852//1852 2009//2009 1935//1935
f 1935//1935 2009//2009 2083//2083
f 2007//2007 2084//2084 2010//2010
f 2010//2010 1937//1937 1933//1933
f 2010//2010 2012//2012 1937//1937
f 1852//1852 2011//2011 2009//2009
f 2012//2012 1853//1853 1937//1937
f 1747//1747 2011//2011 1852//1852
f 2013//2013 2011//2011 1747//1747
f 2012//2012 2014//2014 1853//1853
f 1938//1938 2013//2013 1747//1747
f 2014//2014 2015//2015 1853//1853
f 2093//2093 2016//2016 2015//2015
f 2093//2093 2015//2015 2092//2092
f 1750//1750 2018//2018 1859//1859
f 2018//2018 1750//1750 2019//2019
f 2020//2020 1939//1939 1860//1860
f 1940//1940 1750//1750 1622//1622
f 1940//1940 2019//2019 1750//1750
f 1939//1939 2020//2020 2094//2094
f 2094//2094 2021//2021 1939//1939
f 2096//2096 1939//1939 2021//2021
f 1941//1941 1939//1939 2096//2096
f 1862//1862 1941//1941 2101//2101
f 1754//1754 2098//2098 2022//2022
f 1754//1754 1755//1755 2100//2100
f 2105//2105 2027//2027 1866//1866
f 2162//2162 1866//1866 2027//2027
f 1868//1868 2026//2026 1944//1944
f 1866//1866 2162//2162 2030//2030
f 1869//1869 2028//2028 1868//1868
f 1869//1869 2029//2029 2028//2028
f 1870//1870 2029//2029 1869//1869
f 1866//1866 2030//2030 2031//2031
f 1870//1870 1765//1765 2032//2032
f 1765//1765 1946//1946 2032//2032
f 2172//2172 1947//1947 2031//2031
f 1946//1946 2033//2033 2107//2107
f 2033//2033 1946//1946 1768//1768
f 1872//1872 2036//2036 2035//2035
f 1873//1873 2036//2036 1872//1872
f 2229//2229 1875//1875 1949//1949
f 2229//2229 2179//2179 1875//1875
f 2040//2040 2041//2041 2039//2039
f 2043//2043 2113//2113 1953//1953
f 1952//1952 1954//1954 1880//1880
f 2045//2045 1952//1952 1880//1880
f 2237//2237 1955//1955 2044//2044
f 1956//1956 2045//2045 1880//1880
f 1957//1957 1955//1955 2237//2237
f 2046//2046 1956//1956 1960//1960
f 2115//2115 1883//1883 1959//1959
f 1960//1960 1777//1777 2048//2048
f 1777//1777 2117//2117 2048//2048
f 2047//2047 1883//1883 2185//2185
f 2049//2049 2047//2047 2241//2241
f 2051//2051 2047//2047 2049//2049
f 1964//1964 2117//2117 1962//1962
f 1964//1964 2118//2118 2117//2117
f 2051//2051 2052//2052 1963//1963
f 1965//1965 2053//2053 2120//2120
f 2056//2056 2055//2055 2054//2054
f 1965//1965 2120//2120 1889//1889
f 1891//1891 2056//2056 2054//2054
f 1890//1890 1889//1889 2057//2057
f 2056//2056 1891//1891 2058//2058
f 2189//2189 1966//1966 1890//1890
f 1968//1968 1967//1967 1966//1966
f 1969//1969 1971//1971 1893//1893
f 2059//2059 2060//2060 1968//1968
f 1792//1792 2060//2060 1970//1970
f 2060//2060 2124//2124 1972//1972
f 1970//1970 2060//2060 1972//1972
f 1972//1972 2124//2124 2062//2062
f 1974//1974 2061//2061 1971//1971
f 1974//1974 2125//2125 2061//2061
f 2062//2062 2063//2063 1975//1975
f 1972//1972 2062//2062 1975//1975
f 2063//2063 1976//1976 1975//1975
f 1974//1974 2127//2127 2125//2125
f 2063//2063 1896//1896 1976//1976
f 1974//1974 1978//1978 2067//2067
f 2064//2064 2065//2065 2063//2063
f 2065//2065 1980//1980 1896//1896
f 2065//2065 1896//1896 2063//2063
f 2064//2064 1980//1980 2065//2065
f 1979//1979 2067//2067 1978//1978
f 2070//2070 2067//2067 1979//1979
f 2068//2068 1985//1985 2066//2066
f 2066//2066 1985//1985 2064//2064
f 2064//2064 1985//1985 1980//1980
f 2070//2070 1982//1982 1983//1983
f 2072//2072 1984//1984 2068//2068
f 2068//2068 1984//1984 1985//1985
f 2073//2073 2070//2070 1983//1983
f 2073//2073 1983//1983 1986//1986
f 1987//1987 2073//2073 1986//1986
f 1987//1987 1988//1988 1989//1989
f 1987//1987 1989//1989 2133//2133
f 2133//2133 1989//1989 2071//2071
f 2071//2071 1989//1989 2072//2072
f 2075//2075 2203//2203 1990//1990
f 1990//1990 2203//2203 1991//1991
f 1991//1991 2203//2203 1992//1992
f 2076//2076 1992//1992 2142//2142
f 2076//2076 1993//1993 1992//1992
f 2077//2077 2075//2075 1995//1995
f 2077//2077 2074//2074 2075//2075
f 2080//2080 1993//1993 2076//2076
f 2077//2077 1995//1995 1997//1997
f 2076//2076 2078//2078 2079//2079
f 2076//2076 2079//2079 2080//2080
f 2080//2080 1996//1996 1993//1993
f 2140//2140 2077//2077 1997//1997
f 2078//2078 2140//2140 1997//1997
f 2079//2079 2078//2078 1998//1998
f 2079//2079 1998//1998 2080//2080
f 2080//2080 1998//1998 1996//1996
f 2005//2005 2007//2007 2006//2006
f 2008//2008 2081//2081 2005//2005
f 2081//2081 2007//2007 2005//2005
f 2081//2081 2008//2008 2007//2007
f 2008//2008 2082//2082 2007//2007
f 1934//1934 2083//2083 2008//2008
f 2083//2083 2084//2084 2008//2008
f 2008//2008 2084//2084 2082//2082
f 2082//2082 2084//2084 2007//2007
f 2011//2011 2083//2083 2009//2009
f 2083//2083 2085//2085 2084//2084
f 2084//2084 2012//2012 2010//2010
f 2011//2011 2013//2013 2083//2083
f 2084//2084 2085//2085 2086//2086
f 2086//2086 2014//2014 2012//2012
f 2086//2086 2012//2012 2084//2084
f 2083//2083 2087//2087 2085//2085
f 2083//2083 2013//2013 2087//2087
f 2085//2085 2145//2145 2086//2086
f 2086//2086 2015//2015 2014//2014
f 1938//1938 2087//2087 2013//2013
f 2085//2085 2087//2087 2088//2088
f 2144//2144 2086//2086 2145//2145
f 2086//2086 2089//2089 2015//2015
f 2144//2144 2089//2089 2086//2086
f 2088//2088 2087//2087 1938//1938
f 2144//2144 2015//2015 2089//2089
f 2017//2017 2091//2091 1938//1938
f 2144//2144 2092//2092 2015//2015
f 2018//2018 2091//2091 2017//2017
f 2092//2092 2144//2144 2090//2090
f 2095//2095 2093//2093 2092//2092
f 2095//2095 1860//1860 1856//1856
f 2095//2095 1856//1856 2093//2093
f 2019//2019 1940//1940 2018//2018
f 2149//2149 2018//2018 1940//1940
f 2095//2095 2020//2020 1860//1860
f 2094//2094 2020//2020 2095//2095
f 2098//2098 1940//1940 1861//1861
f 2094//2094 2096//2096 2021//2021
f 2022//2022 2098//2098 1861//1861
f 2097//2097 2101//2101 1941//1941
f 2096//2096 2097//2097 1941//1941
f 2097//2097 2099//2099 2101//2101
f 1864//1864 2156//2156 2100//2100
f 1864//1864 2100//2100 1755//1755
f 2024//2024 2156//2156 1864//1864
f 2023//2023 2101//2101 2160//2160
f 2025//2025 2023//2023 2160//2160
f 1942//1942 2156//2156 2024//2024
f 1942//1942 2102//2102 2156//2156
f 1758//1758 2025//2025 2103//2103
f 2026//2026 2104//2104 1942//1942
f 2161//2161 1942//1942 2104//2104
f 1758//1758 2103//2103 2105//2105
f 2027//2027 2105//2105 2162//2162
f 1868//1868 2028//2028 2026//2026
f 2165//2165 2026//2026 2028//2028
f 2029//2029 2165//2165 2028//2028
f 2167//2167 2030//2030 2162//2162
f 2030//2030 2170//2170 2106//2106
f 2106//2106 2031//2031 2030//2030
f 2031//2031 2106//2106 2170//2170
f 1946//1946 2168//2168 2032//2032
f 1946//1946 2107//2107 2168//2168
f 2031//2031 2170//2170 2172//2172
f 2035//2035 2034//2034 2033//2033
f 2172//2172 2108//2108 1947//1947
f 2034//2034 2035//2035 2109//2109
f 2035//2035 2036//2036 2109//2109
f 2227//2227 1948//1948 2108//2108
f 2110//2110 1873//1873 2111//2111
f 2036//2036 1873//1873 2110//2110
f 2229//2229 1949//1949 1948//1948
f 2037//2037 2111//2111 1873//1873
f 2037//2037 2038//2038 2111//2111
f 2038//2038 2178//2178 2176//2176
f 2113//2113 1878//1878 1953//1953
f 2042//2042 2041//2041 2040//2040
f 1952//1952 2113//2113 2043//2043
f 2237//2237 2044//2044 2042//2042
f 2235//2235 2183//2183 1952//1952
f 2235//2235 1952//1952 2045//2045
f 1957//1957 2237//2237 2114//2114
f 2114//2114 1959//1959 1957//1957
f 2240//2240 1883//1883 2115//2115
f 2240//2240 2185//2185 1883//1883
f 2048//2048 2116//2116 1960//1960
f 2185//2185 2241//2241 2047//2047
f 2051//2051 2049//2049 2241//2241
f 2050//2050 2117//2117 2118//2118
f 2052//2052 2186//2186 2053//2053
f 2052//2052 2051//2051 2186//2186
f 1964//1964 2119//2119 2118//2118
f 2119//2119 1964//1964 2055//2055
f 2120//2120 2053//2053 2187//2187
f 2053//2053 2312//2312 2187//2187
f 2122//2122 2055//2055 2056//2056
f 2119//2119 2055//2055 2122//2122
f 1889//1889 2120//2120 2121//2121
f 1889//1889 2121//2121 2057//2057
f 1890//1890 2057//2057 2121//2121
f 1890//1890 2121//2121 2189//2189
f 1966//1966 2189//2189 2059//2059
f 1966//1966 2059//2059 1968//1968
f 1971//1971 2123//2123 1893//1893
f 1971//1971 2191//2191 2123//2123
f 2060//2060 2059//2059 2190//2190
f 2061//2061 2191//2191 1971//1971
f 2060//2060 2190//2190 2192//2192
f 2192//2192 2124//2124 2060//2060
f 2124//2124 2126//2126 2062//2062
f 2126//2126 2063//2063 2062//2062
f 2125//2125 2127//2127 2193//2193
f 2128//2128 2063//2063 2126//2126
f 2129//2129 2063//2063 2128//2128
f 2127//2127 1974//1974 2195//2195
f 1974//1974 2067//2067 2195//2195
f 2129//2129 2064//2064 2063//2063
f 2130//2130 2129//2129 2197//2197
f 2129//2129 2066//2066 2064//2064
f 2069//2069 2067//2067 2070//2070
f 2129//2129 2131//2131 2068//2068
f 2130//2130 2131//2131 2129//2129
f 2129//2129 2068//2068 2066//2066
f 2259//2259 2069//2069 2070//2070
f 2133//2133 2132//2132 1987//1987
f 2133//2133 2071//2071 2200//2200
f 2131//2131 2071//2071 2072//2072
f 2131//2131 2072//2072 2068//2068
f 2261//2261 2259//2259 2070//2070
f 2262//2262 2261//2261 2070//2070
f 2264//2264 2070//2070 2073//2073
f 2264//2264 2262//2262 2070//2070
f 2267//2267 2203//2203 2074//2074
f 2074//2074 2203//2203 2075//2075
f 2136//2136 2203//2203 2134//2134
f 2136//2136 1992//1992 2203//2203
f 2074//2074 2135//2135 2271//2271
f 2135//2135 2074//2074 2077//2077
f 2136//2136 2142//2142 1992//1992
f 2135//2135 2077//2077 2137//2137
f 2137//2137 2077//2077 2138//2138
f 2202//2202 2138//2138 2077//2077
f 2140//2140 2139//2139 2077//2077
f 2139//2139 2202//2202 2077//2077
f 2139//2139 2140//2140 2134//2134
f 2140//2140 2141//2141 2134//2134
f 2134//2134 2141//2141 2142//2142
f 2134//2134 2142//2142 2136//2136
f 2142//2142 2078//2078 2076//2076
f 2141//2141 2140//2140 2142//2142
f 2142//2142 2140//2140 2078//2078
f 2088//2088 2143//2143 2085//2085
f 2144//2144 2145//2145 2085//2085
f 2144//2144 2085//2085 2143//2143
f 1938//1938 2143//2143 2088//2088
f 1938//1938 2146//2146 2143//2143
f 2143//2143 2090//2090 2144//2144
f 2091//2091 2148//2148 1938//1938
f 1938//1938 2148//2148 2146//2146
f 2143//2143 2147//2147 2090//2090
f 2143//2143 2146//2146 2147//2147
f 2147//2147 2095//2095 2092//2092
f 2147//2147 2092//2092 2090//2090
f 2149//2149 2091//2091 2018//2018
f 2091//2091 2149//2149 2148//2148
f 2148//2148 2150//2150 2146//2146
f 2146//2146 2094//2094 2095//2095
f 2146//2146 2095//2095 2147//2147
f 2150//2150 2148//2148 2149//2149
f 2146//2146 2150//2150 2152//2152
f 2146//2146 2152//2152 2094//2094
f 1940//1940 2151//2151 2149//2149
f 1940//1940 2098//2098 2151//2151
f 2152//2152 2096//2096 2094//2094
f 2150//2150 2207//2207 2152//2152
f 2154//2154 2152//2152 2207//2207
f 2154//2154 2097//2097 2096//2096
f 2154//2154 2096//2096 2152//2152
f 2151//2151 2098//2098 2153//2153
f 1754//1754 2155//2155 2098//2098
f 2098//2098 2155//2155 2153//2153
f 2100//2100 2155//2155 1754//1754
f 2157//2157 2097//2097 2154//2154
f 2155//2155 2100//2100 2156//2156
f 2157//2157 2101//2101 2099//2099
f 2157//2157 2099//2099 2097//2097
f 2157//2157 2160//2160 2101//2101
f 2102//2102 1942//1942 2158//2158
f 2158//2158 1942//1942 2161//2161
f 2160//2160 2103//2103 2025//2025
f 2159//2159 2105//2105 2103//2103
f 2159//2159 2103//2103 2160//2160
f 2164//2164 2105//2105 2159//2159
f 2164//2164 2162//2162 2105//2105
f 2026//2026 2163//2163 2104//2104
f 2165//2165 2163//2163 2026//2026
f 2164//2164 2166//2166 2162//2162
f 2166//2166 2167//2167 2162//2162
f 1870//1870 2032//2032 2029//2029
f 2030//2030 2167//2167 2221//2221
f 2170//2170 2030//2030 2221//2221
f 2222//2222 2032//2032 2168//2168
f 2107//2107 2169//2169 2168//2168
f 2172//2172 2170//2170 2171//2171
f 2107//2107 2033//2033 2224//2224
f 2174//2174 2172//2172 2173//2173
f 2108//2108 2172//2172 2174//2174
f 2227//2227 2108//2108 2174//2174
f 2109//2109 2036//2036 2110//2110
f 1948//1948 2227//2227 2229//2229
f 2227//2227 2175//2175 2229//2229
f 2227//2227 2228//2228 2175//2175
f 2229//2229 2177//2177 2179//2179
f 2039//2039 2179//2179 2180//2180
f 1878//1878 2113//2113 2178//2178
f 2112//2112 2178//2178 2113//2113
f 2039//2039 2180//2180 2040//2040
f 2113//2113 2181//2181 2112//2112
f 2042//2042 2040//2040 2182//2182
f 1952//1952 2181//2181 2113//2113
f 1952//1952 2183//2183 2181//2181
f 2042//2042 2182//2182 2237//2237
f 2237//2237 2303//2303 2114//2114
f 2046//2046 2239//2239 1956//1956
f 2115//2115 1959//1959 2240//2240
f 2116//2116 2046//2046 1960//1960
f 2048//2048 2117//2117 2116//2116
f 2117//2117 2306//2306 2116//2116
f 2241//2241 2186//2186 2051//2051
f 2050//2050 2118//2118 2119//2119
f 2053//2053 2186//2186 2312//2312
f 2121//2121 2120//2120 2187//2187
f 2122//2122 2056//2056 2058//2058
f 1893//1893 2188//2188 2058//2058
f 2125//2125 2191//2191 2061//2061
f 2126//2126 2192//2192 2194//2194
f 2126//2126 2124//2124 2192//2192
f 2194//2194 2128//2128 2126//2126
f 2194//2194 2129//2129 2128//2128
f 2196//2196 2197//2197 2129//2129
f 2196//2196 2129//2129 2194//2194
f 2198//2198 2067//2067 2069//2069
f 2199//2199 2196//2196 2253//2253
f 2199//2199 2197//2197 2196//2196
f 2199//2199 2200//2200 2071//2071
f 2199//2199 2071//2071 2131//2131
f 2199//2199 2131//2131 2197//2197
f 2197//2197 2131//2131 2130//2130
f 2132//2132 2260//2260 1987//1987
f 2132//2132 2200//2200 2256//2256
f 2200//2200 2132//2132 2133//2133
f 2263//2263 2262//2262 2264//2264
f 2264//2264 1987//1987 2260//2260
f 2073//2073 1987//1987 2264//2264
f 2319//2319 2074//2074 2201//2201
f 2319//2319 2267//2267 2074//2074
f 2202//2202 2203//2203 2267//2267
f 2269//2269 2201//2201 2204//2204
f 2271//2271 2201//2201 2074//2074
f 2271//2271 2204//2204 2201//2201
f 2203//2203 2202//2202 2134//2134
f 2135//2135 2137//2137 2138//2138
f 2135//2135 2138//2138 2202//2202
f 2202//2202 2139//2139 2134//2134
f 2149//2149 2205//2205 2150//2150
f 2151//2151 2205//2205 2149//2149
f 2151//2151 2207//2207 2205//2205
f 2205//2205 2207//2207 2150//2150
f 2206//2206 2151//2151 2153//2153
f 2151//2151 2206//2206 2207//2207
f 2155//2155 2206//2206 2153//2153
f 2208//2208 2154//2154 2207//2207
f 2210//2210 2208//2208 2207//2207
f 2206//2206 2210//2210 2207//2207
f 2206//2206 2155//2155 2210//2210
f 2210//2210 2154//2154 2208//2208
f 2155//2155 2156//2156 2209//2209
f 2210//2210 2157//2157 2154//2154
f 2155//2155 2211//2211 2210//2210
f 2155//2155 2209//2209 2211//2211
f 2210//2210 2160//2160 2157//2157
f 2102//2102 2158//2158 2156//2156
f 2156//2156 2212//2212 2209//2209
f 2156//2156 2158//2158 2212//2212
f 2210//2210 2211//2211 2213//2213
f 2210//2210 2214//2214 2160//2160
f 2213//2213 2214//2214 2210//2210
f 2213//2213 2159//2159 2160//2160
f 2213//2213 2160//2160 2214//2214
f 2158//2158 2217//2217 2212//2212
f 2209//2209 2212//2212 2215//2215
f 2211//2211 2159//2159 2213//2213
f 2158//2158 2161//2161 2217//2217
f 2275//2275 2211//2211 2209//2209
f 2211//2211 2216//2216 2159//2159
f 2216//2216 2164//2164 2159//2159
f 2211//2211 2275//2275 2277//2277
f 2211//2211 2164//2164 2216//2216
f 2211//2211 2277//2277 2164//2164
f 2104//2104 2273//2273 2161//2161
f 2217//2217 2161//2161 2273//2273
f 2218//2218 2104//2104 2163//2163
f 2273//2273 2104//2104 2218//2218
f 2277//2277 2166//2166 2164//2164
f 2165//2165 2218//2218 2163//2163
f 2218//2218 2165//2165 2220//2220
f 2277//2277 2167//2167 2166//2166
f 2029//2029 2222//2222 2165//2165
f 2165//2165 2222//2222 2220//2220
f 2221//2221 2277//2277 2219//2219
f 2277//2277 2221//2221 2167//2167
f 2032//2032 2222//2222 2029//2029
f 2223//2223 2222//2222 2168//2168
f 2280//2280 2281//2281 2221//2221
f 2282//2282 2221//2221 2281//2281
f 2282//2282 2170//2170 2221//2221
f 2223//2223 2168//2168 2169//2169
f 2282//2282 2171//2171 2170//2170
f 2224//2224 2169//2169 2107//2107
f 2171//2171 2173//2173 2172//2172
f 2034//2034 2109//2109 2224//2224
f 2034//2034 2224//2224 2033//2033
f 2171//2171 2225//2225 2173//2173
f 2225//2225 2174//2174 2173//2173
f 2227//2227 2174//2174 2288//2288
f 2110//2110 2226//2226 2109//2109
f 2228//2228 2229//2229 2175//2175
f 2229//2229 2228//2228 2289//2289
f 2176//2176 2111//2111 2038//2038
f 2176//2176 2230//2230 2111//2111
f 2289//2289 2231//2231 2229//2229
f 2291//2291 2229//2229 2231//2231
f 2177//2177 2229//2229 2291//2291
f 2291//2291 2179//2179 2177//2177
f 2178//2178 2232//2232 2176//2176
f 2293//2293 2176//2176 2232//2232
f 2294//2294 2179//2179 2291//2291
f 2179//2179 2294//2294 2180//2180
f 2178//2178 2112//2112 2233//2233
f 2112//2112 2295//2295 2233//2233
f 2182//2182 2040//2040 2180//2180
f 2181//2181 2295//2295 2112//2112
f 2296//2296 2181//2181 2183//2183
f 2236//2236 2182//2182 2234//2234
f 2236//2236 2237//2237 2182//2182
f 2045//2045 1956//1956 2235//2235
f 2184//2184 2235//2235 1956//1956
f 1959//1959 2114//2114 2303//2303
f 1956//1956 2238//2238 2184//2184
f 1956//1956 2239//2239 2238//2238
f 2303//2303 2240//2240 1959//1959
f 2116//2116 2306//2306 2046//2046
f 2185//2185 2305//2305 2241//2241
f 2050//2050 2306//2306 2117//2117
f 2050//2050 2242//2242 2306//2306
f 2119//2119 2242//2242 2050//2050
f 2186//2186 2310//2310 2312//2312
f 2186//2186 2341//2341 2310//2310
f 2243//2243 2311//2311 2119//2119
f 2119//2119 2244//2244 2243//2243
f 2313//2313 2121//2121 2187//2187
f 2122//2122 2244//2244 2119//2119
f 2245//2245 2246//2246 2121//2121
f 2188//2188 2383//2383 2058//2058
f 2121//2121 2246//2246 2189//2189
f 1893//1893 2314//2314 2188//2188
f 2123//2123 2314//2314 1893//1893
f 2059//2059 2189//2189 2190//2190
f 2247//2247 2190//2190 2189//2189
f 2190//2190 2247//2247 2249//2249
f 2190//2190 2249//2249 2248//2248
f 2248//2248 2192//2192 2190//2190
f 2125//2125 2193//2193 2191//2191
f 2249//2249 2348//2348 2192//2192
f 2248//2248 2249//2249 2192//2192
f 2348//2348 2194//2194 2192//2192
f 2127//2127 2347//2347 2193//2193
f 2251//2251 2194//2194 2348//2348
f 2252//2252 2196//2196 2194//2194
f 2252//2252 2194//2194 2251//2251
f 2195//2195 2347//2347 2127//2127
f 2251//2251 2196//2196 2252//2252
f 2198//2198 2195//2195 2067//2067
f 2251//2251 2253//2253 2196//2196
f 2255//2255 2200//2200 2253//2253
f 2253//2253 2200//2200 2199//2199
f 2069//2069 2254//2254 2198//2198
f 2257//2257 2200//2200 2255//2255
f 2256//2256 2200//2200 2257//2257
f 2258//2258 2396//2396 2069//2069
f 2258//2258 2069//2069 2259//2259
f 2132//2132 2256//2256 2257//2257
f 2260//2260 2132//2132 2257//2257
f 2318//2318 2265//2265 2269//2269
f 2265//2265 2319//2319 2269//2269
f 2319//2319 2201//2201 2269//2269
f 2267//2267 2319//2319 2266//2266
f 2268//2268 2202//2202 2267//2267
f 2204//2204 2270//2270 2269//2269
f 2266//2266 2271//2271 2267//2267
f 2266//2266 2204//2204 2271//2271
f 2267//2267 2271//2271 2135//2135
f 2267//2267 2135//2135 2268//2268
f 2268//2268 2135//2135 2202//2202
f 2217//2217 2215//2215 2212//2212
f 2215//2215 2272//2272 2209//2209
f 2272//2272 2275//2275 2209//2209
f 2215//2215 2217//2217 2272//2272
f 2272//2272 2217//2217 2275//2275
f 2273//2273 2274//2274 2217//2217
f 2217//2217 2274//2274 2275//2275
f 2220//2220 2273//2273 2218//2218
f 2273//2273 2276//2276 2274//2274
f 2274//2274 2277//2277 2275//2275
f 2274//2274 2280//2280 2277//2277
f 2274//2274 2276//2276 2280//2280
f 2280//2280 2219//2219 2277//2277
f 2220//2220 2278//2278 2273//2273
f 2276//2276 2273//2273 2279//2279
f 2276//2276 2279//2279 2282//2282
f 2280//2280 2221//2221 2219//2219
f 2222//2222 2278//2278 2220//2220
f 2276//2276 2282//2282 2280//2280
f 2223//2223 2278//2278 2222//2222
f 2273//2273 2278//2278 2279//2279
f 2282//2282 2281//2281 2280//2280
f 2279//2279 2278//2278 2223//2223
f 2282//2282 2279//2279 2320//2320
f 2223//2223 2169//2169 2284//2284
f 2282//2282 2283//2283 2171//2171
f 2286//2286 2169//2169 2224//2224
f 2283//2283 2282//2282 2285//2285
f 2283//2283 2225//2225 2171//2171
f 2109//2109 2286//2286 2224//2224
f 2284//2284 2169//2169 2286//2286
f 2283//2283 2174//2174 2225//2225
f 2226//2226 2286//2286 2109//2109
f 2283//2283 2288//2288 2174//2174
f 2283//2283 2287//2287 2288//2288
f 2226//2226 2110//2110 2290//2290
f 2288//2288 2228//2228 2227//2227
f 2111//2111 2290//2290 2110//2110
f 2288//2288 2289//2289 2228//2228
f 2230//2230 2290//2290 2111//2111
f 2289//2289 2291//2291 2231//2231
f 2230//2230 2176//2176 2293//2293
f 2292//2292 2294//2294 2289//2289
f 2289//2289 2294//2294 2291//2291
f 2178//2178 2233//2233 2232//2232
f 2293//2293 2232//2232 2233//2233
f 2294//2294 2329//2329 2180//2180
f 2297//2297 2182//2182 2180//2180
f 2329//2329 2297//2297 2180//2180
f 2181//2181 2296//2296 2295//2295
f 2234//2234 2182//2182 2297//2297
f 2183//2183 2299//2299 2296//2296
f 2183//2183 2298//2298 2299//2299
f 2235//2235 2298//2298 2183//2183
f 2235//2235 2299//2299 2298//2298
f 2235//2235 2300//2300 2299//2299
f 2236//2236 2301//2301 2237//2237
f 2184//2184 2300//2300 2235//2235
f 2303//2303 2237//2237 2301//2301
f 2046//2046 2306//2306 2239//2239
f 2185//2185 2240//2240 2305//2305
f 2305//2305 2309//2309 2241//2241
f 2186//2186 2241//2241 2309//2309
f 2242//2242 2307//2307 2306//2306
f 2186//2186 2309//2309 2339//2339
f 2339//2339 2341//2341 2186//2186
f 2119//2119 2307//2307 2242//2242
f 2307//2307 2119//2119 2311//2311
f 2310//2310 2313//2313 2312//2312
f 2312//2312 2313//2313 2187//2187
f 2121//2121 2313//2313 2382//2382
f 2122//2122 2058//2058 2244//2244
f 2383//2383 2244//2244 2058//2058
f 2382//2382 2245//2245 2121//2121
f 2246//2246 2245//2245 2342//2342
f 2189//2189 2246//2246 2247//2247
f 2191//2191 2314//2314 2123//2123
f 2193//2193 2250//2250 2191//2191
f 2315//2315 2348//2348 2249//2249
f 2193//2193 2347//2347 2250//2250
f 2316//2316 2251//2251 2348//2348
f 2349//2349 2253//2253 2316//2316
f 2316//2316 2253//2253 2251//2251
f 2254//2254 2195//2195 2198//2198
f 2349//2349 2255//2255 2253//2253
f 2396//2396 2353//2353 2254//2254
f 2396//2396 2254//2254 2069//2069
f 2351//2351 2257//2257 2255//2255
f 2317//2317 2258//2258 2259//2259
f 2355//2355 2260//2260 2257//2257
f 2263//2263 2261//2261 2262//2262
f 2263//2263 2264//2264 2260//2260
f 2318//2318 2319//2319 2265//2265
f 2318//2318 2269//2269 2270//2270
f 2318//2318 2270//2270 2319//2319
f 2319//2319 2270//2270 2204//2204
f 2319//2319 2204//2204 2266//2266
f 2320//2320 2279//2279 2223//2223
f 2223//2223 2321//2321 2320//2320
f 2321//2321 2285//2285 2282//2282
f 2321//2321 2282//2282 2320//2320
f 2284//2284 2322//2322 2223//2223
f 2223//2223 2322//2322 2321//2321
f 2321//2321 2322//2322 2285//2285
f 2322//2322 2283//2283 2285//2285
f 2284//2284 2286//2286 2322//2322
f 2226//2226 2290//2290 2286//2286
f 2323//2323 2287//2287 2283//2283
f 2322//2322 2323//2323 2283//2283
f 2323//2323 2288//2288 2287//2287
f 2290//2290 2324//2324 2286//2286
f 2286//2286 2324//2324 2322//2322
f 2322//2322 2326//2326 2323//2323
f 2322//2322 2325//2325 2326//2326
f 2326//2326 2289//2289 2288//2288
f 2326//2326 2288//2288 2323//2323
f 2324//2324 2359//2359 2322//2322
f 2322//2322 2359//2359 2325//2325
f 2360//2360 2290//2290 2230//2230
f 2327//2327 2326//2326 2325//2325
f 2326//2326 2327//2327 2289//2289
f 2293//2293 2360//2360 2230//2230
f 2292//2292 2289//2289 2327//2327
f 2293//2293 2328//2328 2360//2360
f 2292//2292 2331//2331 2329//2329
f 2329//2329 2294//2294 2292//2292
f 2293//2293 2233//2233 2330//2330
f 2332//2332 2297//2297 2329//2329
f 2332//2332 2329//2329 2331//2331
f 2295//2295 2330//2330 2233//2233
f 2330//2330 2295//2295 2333//2333
f 2295//2295 2334//2334 2333//2333
f 2332//2332 2234//2234 2297//2297
f 2335//2335 2234//2234 2332//2332
f 2299//2299 2295//2295 2296//2296
f 2334//2334 2295//2295 2299//2299
f 2335//2335 2236//2236 2234//2234
f 2336//2336 2300//2300 2184//2184
f 2236//2236 2337//2337 2301//2301
f 2337//2337 2303//2303 2301//2301
f 2238//2238 2336//2336 2184//2184
f 2337//2337 2302//2302 2303//2303
f 2239//2239 2306//2306 2238//2238
f 2336//2336 2238//2238 2306//2306
f 2338//2338 2303//2303 2302//2302
f 2338//2338 2240//2240 2303//2303
f 2304//2304 2374//2374 2306//2306
f 2338//2338 2375//2375 2240//2240
f 2375//2375 2305//2305 2240//2240
f 2306//2306 2308//2308 2304//2304
f 2309//2309 2305//2305 2375//2375
f 2307//2307 2308//2308 2306//2306
f 2407//2407 2341//2341 2339//2339
f 2311//2311 2408//2408 2307//2307
f 2311//2311 2340//2340 2408//2408
f 2341//2341 2407//2407 2310//2310
f 2311//2311 2243//2243 2381//2381
f 2244//2244 2383//2383 2243//2243
f 2382//2382 2342//2342 2245//2245
f 2246//2246 2342//2342 2343//2343
f 2247//2247 2246//2246 2343//2343
f 2247//2247 2343//2343 2344//2344
f 2191//2191 2345//2345 2314//2314
f 2344//2344 2385//2385 2247//2247
f 2191//2191 2346//2346 2345//2345
f 2247//2247 2422//2422 2249//2249
f 2315//2315 2249//2249 2388//2388
f 2388//2388 2348//2348 2315//2315
f 2349//2349 2348//2348 2350//2350
f 2349//2349 2316//2316 2348//2348
f 2347//2347 2195//2195 2389//2389
f 2195//2195 2392//2392 2389//2389
f 2195//2195 2254//2254 2392//2392
f 2350//2350 2255//2255 2349//2349
f 2350//2350 2351//2351 2255//2255
f 2354//2354 2353//2353 2396//2396
f 2355//2355 2257//2257 2352//2352
f 2352//2352 2257//2257 2351//2351
f 2356//2356 2258//2258 2317//2317
f 2263//2263 2358//2358 2357//2357
f 2398//2398 2358//2358 2263//2263
f 2260//2260 2398//2398 2263//2263
f 2259//2259 2356//2356 2317//2317
f 2356//2356 2259//2259 2261//2261
f 2356//2356 2261//2261 2263//2263
f 2356//2356 2263//2263 2357//2357
f 2290//2290 2360//2360 2359//2359
f 2290//2290 2359//2359 2324//2324
f 2359//2359 2327//2327 2325//2325
f 2359//2359 2360//2360 2361//2361
f 2361//2361 2327//2327 2359//2359
f 2360//2360 2328//2328 2362//2362
f 2361//2361 2292//2292 2327//2327
f 2293//2293 2364//2364 2328//2328
f 2360//2360 2363//2363 2361//2361
f 2360//2360 2362//2362 2363//2363
f 2363//2363 2292//2292 2361//2361
f 2330//2330 2364//2364 2293//2293
f 2362//2362 2331//2331 2292//2292
f 2363//2363 2362//2362 2292//2292
f 2333//2333 2364//2364 2330//2330
f 2328//2328 2365//2365 2362//2362
f 2328//2328 2364//2364 2365//2365
f 2362//2362 2365//2365 2366//2366
f 2366//2366 2332//2332 2331//2331
f 2362//2362 2366//2366 2331//2331
f 2334//2334 2364//2364 2333//2333
f 2364//2364 2369//2369 2365//2365
f 2367//2367 2332//2332 2366//2366
f 2365//2365 2367//2367 2366//2366
f 2364//2364 2334//2334 2299//2299
f 2365//2365 2369//2369 2367//2367
f 2367//2367 2335//2335 2332//2332
f 2369//2369 2299//2299 2368//2368
f 2369//2369 2364//2364 2299//2299
f 2367//2367 2369//2369 2335//2335
f 2369//2369 2236//2236 2335//2335
f 2300//2300 2336//2336 2299//2299
f 2299//2299 2336//2336 2371//2371
f 2368//2368 2299//2299 2371//2371
f 2372//2372 2337//2337 2236//2236
f 2372//2372 2236//2236 2369//2369
f 2370//2370 2337//2337 2372//2372
f 2370//2370 2302//2302 2337//2337
f 2373//2373 2302//2302 2370//2370
f 2306//2306 2374//2374 2371//2371
f 2306//2306 2371//2371 2336//2336
f 2375//2375 2373//2373 2370//2370
f 2375//2375 2302//2302 2373//2373
f 2375//2375 2338//2338 2302//2302
f 2377//2377 2374//2374 2304//2304
f 2308//2308 2377//2377 2304//2304
f 2375//2375 2376//2376 2378//2378
f 2308//2308 2405//2405 2377//2377
f 2378//2378 2309//2309 2375//2375
f 2307//2307 2405//2405 2308//2308
f 2378//2378 2339//2339 2309//2309
f 2407//2407 2339//2339 2378//2378
f 2310//2310 2379//2379 2380//2380
f 2310//2310 2407//2407 2379//2379
f 2381//2381 2340//2340 2311//2311
f 2380//2380 2313//2313 2310//2310
f 2380//2380 2413//2413 2313//2313
f 2413//2413 2382//2382 2313//2313
f 2383//2383 2381//2381 2243//2243
f 2188//2188 2384//2384 2383//2383
f 2416//2416 2342//2342 2382//2382
f 2416//2416 2343//2343 2342//2342
f 2314//2314 2384//2384 2188//2188
f 2343//2343 2419//2419 2444//2444
f 2384//2384 2314//2314 2345//2345
f 2444//2444 2344//2344 2343//2343
f 2344//2344 2444//2444 2385//2385
f 2422//2422 2247//2247 2385//2385
f 2191//2191 2386//2386 2346//2346
f 2250//2250 2386//2386 2191//2191
f 2423//2423 2249//2249 2422//2422
f 2347//2347 2387//2387 2250//2250
f 2388//2388 2249//2249 2423//2423
f 2387//2387 2347//2347 2389//2389
f 2391//2391 2348//2348 2388//2388
f 2391//2391 2350//2350 2348//2348
f 2392//2392 2390//2390 2389//2389
f 2392//2392 2254//2254 2393//2393
f 2394//2394 2351//2351 2350//2350
f 2394//2394 2350//2350 2391//2391
f 2254//2254 2353//2353 2393//2393
f 2394//2394 2352//2352 2351//2351
f 2397//2397 2396//2396 2258//2258
f 2355//2355 2394//2394 2395//2395
f 2394//2394 2355//2355 2352//2352
f 2258//2258 2428//2428 2397//2397
f 2356//2356 2428//2428 2258//2258
f 2357//2357 2428//2428 2356//2356
f 2358//2358 2398//2398 2357//2357
f 2398//2398 2260//2260 2355//2355
f 2368//2368 2399//2399 2369//2369
f 2399//2399 2370//2370 2372//2372
f 2399//2399 2372//2372 2369//2369
f 2371//2371 2400//2400 2368//2368
f 2368//2368 2402//2402 2399//2399
f 2402//2402 2370//2370 2399//2399
f 2368//2368 2401//2401 2402//2402
f 2368//2368 2400//2400 2401//2401
f 2402//2402 2375//2375 2370//2370
f 2374//2374 2403//2403 2371//2371
f 2371//2371 2430//2430 2400//2400
f 2371//2371 2403//2403 2430//2430
f 2400//2400 2404//2404 2401//2401
f 2401//2401 2376//2376 2375//2375
f 2401//2401 2375//2375 2402//2402
f 2377//2377 2403//2403 2374//2374
f 2406//2406 2401//2401 2404//2404
f 2406//2406 2376//2376 2401//2401
f 2430//2430 2403//2403 2377//2377
f 2406//2406 2378//2378 2376//2376
f 2406//2406 2407//2407 2378//2378
f 2307//2307 2408//2408 2405//2405
f 2405//2405 2408//2408 2434//2434
f 2406//2406 2410//2410 2407//2407
f 2410//2410 2379//2379 2407//2407
f 2408//2408 2409//2409 2437//2437
f 2340//2340 2409//2409 2408//2408
f 2410//2410 2411//2411 2379//2379
f 2411//2411 2380//2380 2379//2379
f 2381//2381 2409//2409 2340//2340
f 2413//2413 2411//2411 2412//2412
f 2411//2411 2413//2413 2380//2380
f 2383//2383 2438//2438 2381//2381
f 2414//2414 2382//2382 2413//2413
f 2416//2416 2382//2382 2414//2414
f 2415//2415 2383//2383 2384//2384
f 2417//2417 2419//2419 2343//2343
f 2416//2416 2417//2417 2343//2343
f 2445//2445 2418//2418 2384//2384
f 2345//2345 2445//2445 2384//2384
f 2420//2420 2385//2385 2444//2444
f 2421//2421 2345//2345 2346//2346
f 2420//2420 2422//2422 2385//2385
f 2421//2421 2346//2346 2386//2386
f 2250//2250 2387//2387 2386//2386
f 2388//2388 2423//2423 2391//2391
f 2424//2424 2391//2391 2423//2423
f 2424//2424 2449//2449 2394//2394
f 2424//2424 2394//2394 2391//2391
f 2353//2353 2448//2448 2393//2393
f 2425//2425 2394//2394 2449//2449
f 2448//2448 2353//2353 2354//2354
f 2396//2396 2448//2448 2354//2354
f 2427//2427 2395//2395 2425//2425
f 2425//2425 2395//2395 2394//2394
f 2397//2397 2426//2426 2396//2396
f 2398//2398 2427//2427 2450//2450
f 2427//2427 2398//2398 2355//2355
f 2427//2427 2355//2355 2395//2395
f 2429//2429 2357//2357 2398//2398
f 2431//2431 2404//2404 2400//2400
f 2430//2430 2431//2431 2400//2400
f 2431//2431 2430//2430 2404//2404
f 2430//2430 2406//2406 2404//2404
f 2377//2377 2432//2432 2430//2430
f 2430//2430 2432//2432 2433//2433
f 2433//2433 2432//2432 2406//2406
f 2433//2433 2406//2406 2430//2430
f 2405//2405 2432//2432 2377//2377
f 2434//2434 2432//2432 2405//2405
f 2434//2434 2436//2436 2432//2432
f 2432//2432 2436//2436 2435//2435
f 2435//2435 2406//2406 2432//2432
f 2436//2436 2406//2406 2435//2435
f 2437//2437 2434//2434 2408//2408
f 2436//2436 2410//2410 2406//2406
f 2434//2434 2437//2437 2436//2436
f 2436//2436 2411//2411 2410//2410
f 2381//2381 2438//2438 2437//2437
f 2381//2381 2437//2437 2409//2409
f 2437//2437 2411//2411 2436//2436
f 2438//2438 2453//2453 2437//2437
f 2437//2437 2453//2453 2411//2411
f 2439//2439 2412//2412 2411//2411
f 2440//2440 2439//2439 2411//2411
f 2439//2439 2413//2413 2412//2412
f 2439//2439 2440//2440 2413//2413
f 2440//2440 2414//2414 2413//2413
f 2415//2415 2442//2442 2438//2438
f 2415//2415 2438//2438 2383//2383
f 2438//2438 2442//2442 2441//2441
f 2453//2453 2438//2438 2441//2441
f 2411//2411 2453//2453 2440//2440
f 2384//2384 2442//2442 2415//2415
f 2440//2440 2454//2454 2414//2414
f 2454//2454 2416//2416 2414//2414
f 2416//2416 2454//2454 2417//2417
f 2418//2418 2442//2442 2384//2384
f 2454//2454 2443//2443 2419//2419
f 2417//2417 2454//2454 2419//2419
f 2419//2419 2475//2475 2444//2444
f 2421//2421 2445//2445 2345//2345
f 2458//2458 2422//2422 2420//2420
f 2386//2386 2387//2387 2421//2421
f 2422//2422 2446//2446 2423//2423
f 2389//2389 2390//2390 2387//2387
f 2446//2446 2459//2459 2423//2423
f 2423//2423 2459//2459 2424//2424
f 2448//2448 2447//2447 2392//2392
f 2447//2447 2390//2390 2392//2392
f 2459//2459 2449//2449 2424//2424
f 2393//2393 2448//2448 2392//2392
f 2448//2448 2451//2451 2460//2460
f 2450//2450 2425//2425 2449//2449
f 2448//2448 2396//2396 2451//2451
f 2426//2426 2451//2451 2396//2396
f 2464//2464 2398//2398 2450//2450
f 2450//2450 2427//2427 2425//2425
f 2451//2451 2426//2426 2397//2397
f 2451//2451 2397//2397 2465//2465
f 2428//2428 2465//2465 2397//2397
f 2466//2466 2465//2465 2428//2428
f 2357//2357 2484//2484 2452//2452
f 2466//2466 2357//2357 2452//2452
f 2428//2428 2357//2357 2466//2466
f 2484//2484 2357//2357 2429//2429
f 2484//2484 2429//2429 2398//2398
f 2486//2486 2440//2440 2453//2453
f 2453//2453 2441//2441 2486//2486
f 2467//2467 2454//2454 2440//2440
f 2441//2441 2442//2442 2468//2468
f 2467//2467 2469//2469 2454//2454
f 2455//2455 2454//2454 2469//2469
f 2471//2471 2443//2443 2454//2454
f 2455//2455 2471//2471 2454//2454
f 2418//2418 2456//2456 2442//2442
f 2442//2442 2456//2456 2468//2468
f 2471//2471 2457//2457 2419//2419
f 2443//2443 2471//2471 2419//2419
f 2445//2445 2456//2456 2418//2418
f 2457//2457 2475//2475 2419//2419
f 2475//2475 2420//2420 2444//2444
f 2478//2478 2456//2456 2445//2445
f 2421//2421 2478//2478 2445//2445
f 2475//2475 2458//2458 2420//2420
f 2478//2478 2421//2421 2387//2387
f 2458//2458 2446//2446 2422//2422
f 2390//2390 2478//2478 2387//2387
f 2478//2478 2390//2390 2447//2447
f 2459//2459 2446//2446 2458//2458
f 2459//2459 2479//2479 2480//2480
f 2448//2448 2460//2460 2447//2447
f 2480//2480 2461//2461 2459//2459
f 2461//2461 2449//2449 2459//2459
f 2461//2461 2450//2450 2449//2449
f 2460//2460 2451//2451 2462//2462
f 2463//2463 2462//2462 2451//2451
f 2461//2461 2464//2464 2450//2450
f 2463//2463 2451//2451 2465//2465
f 2464//2464 2484//2484 2398//2398
f 2470//2470 2486//2486 2441//2441
f 2470//2470 2441//2441 2468//2468
f 2467//2467 2440//2440 2486//2486
f 2486//2486 2469//2469 2467//2467
f 2470//2470 2468//2468 2472//2472
f 2486//2486 2487//2487 2469//2469
f 2469//2469 2471//2471 2455//2455
f 2468//2468 2456//2456 2472//2472
f 2473//2473 2475//2475 2457//2457
f 2478//2478 2474//2474 2456//2456
f 2476//2476 2456//2456 2474//2474
f 2488//2488 2456//2456 2476//2476
f 2476//2476 2474//2474 2478//2478
f 2477//2477 2459//2459 2458//2458
f 2477//2477 2458//2458 2475//2475
f 2477//2477 2479//2479 2459//2459
f 2460//2460 2478//2478 2447//2447
f 2481//2481 2480//2480 2479//2479
f 2462//2462 2482//2482 2460//2460
f 2480//2480 2484//2484 2461//2461
f 2481//2481 2484//2484 2480//2480
f 2482//2482 2462//2462 2463//2463
f 2482//2482 2463//2463 2485//2485
f 2485//2485 2463//2463 2465//2465
f 2484//2484 2464//2464 2461//2461
f 2485//2485 2465//2465 2466//2466
f 2485//2485 2466//2466 2483//2483
f 2483//2483 2466//2466 2452//2452
f 2483//2483 2452//2452 2484//2484
f 2486//2486 2470//2470 2472//2472
f 2487//2487 2471//2471 2469//2469
f 2490//2490 2457//2457 2471//2471
f 2490//2490 2471//2471 2487//2487
f 2490//2490 2473//2473 2457//2457
f 2488//2488 2472//2472 2456//2456
f 2472//2472 2489//2489 2486//2486
f 2489//2489 2472//2472 2488//2488
f 2491//2491 2490//2490 2487//2487
f 2490//2490 2475//2475 2473//2473
f 2476//2476 2492//2492 2488//2488
f 2491//2491 2477//2477 2475//2475
f 2491//2491 2475//2475 2490//2490
f 2478//2478 2492//2492 2476//2476
f 2501//2501 2488//2488 2492//2492
f 2493//2493 2477//2477 2491//2491
f 2460//2460 2492//2492 2478//2478
f 2493//2493 2479//2479 2477//2477
f 2482//2482 2492//2492 2460//2460
f 2495//2495 2492//2492 2482//2482
f 2501//2501 2492//2492 2494//2494
f 2494//2494 2484//2484 2502//2502
f 2502//2502 2484//2484 2493//2493
f 2493//2493 2481//2481 2479//2479
f 2485//2485 2495//2495 2482//2482
f 2495//2495 2485//2485 2492//2492
f 2492//2492 2485//2485 2483//2483
f 2492//2492 2483//2483 2494//2494
f 2494//2494 2483//2483 2484//2484
f 2493//2493 2484//2484 2481//2481
f 2489//2489 2496//2496 2486//2486
f 2496//2496 2487//2487 2486//2486
f 2488//2488 2496//2496 2489//2489
f 2496//2496 2500//2500 2487//2487
f 2497//2497 2491//2491 2487//2487
f 2497//2497 2487//2487 2500//2500
f 2488//2488 2498//2498 2496//2496
f 2496//2496 2499//2499 2500//2500
f 2500//2500 2493//2493 2491//2491
f 2500//2500 2491//2491 2497//2497
f 2501//2501 2498//2498 2488//2488
f 2500//2500 2502//2502 2493//2493
f 2496//2496 2502//2502 2499//2499
f 2496//2496 2498//2498 2502//2502
f 2499//2499 2502//2502 2500//2500
f 2501//2501 2494//2494 2498//2498
f 2498//2498 2494//2494 2502//2502
o claws
usemtl claws
v 0.0542 -1.0443 -0.9811
v 0.0541 -1.0440 -0.9793
v 0.0541 -1.0435 -0.9729
v 0.0557 -1.0418 -0.9759
v 0.0550 -1.0402 -0.9608
v 0.0541 -1.0417 -0.9688
v 0.0563 -1.0366 -0.9559
v 0.0559 -1.0379 -0.9534
v 0.0562 -1.0440 -0.9800
v 0.0578 -1.0428 -0.9757
v 0.0570 -1.0443 -0.9655
v 0.0586 -1.0435 -0.9593
v 0.0572 -1.0421 -0.9552
v 0.0580 -1.0420 -0.9527
v 0.0570 -1.0404 -0.9494
v 0.0568 -1.0394 -0.9696
v 0.0579 -1.0377 -0.9386
v 0.0577 -1.0391 -0.9695
v 0.0567 -1.0394 -0.9481
v 0.0583 -1.0363 -0.9360
v 0.0571 -1.0337 -0.9437
v 0.0572 -1.0347 -0.9380
v 0.0572 -1.0346 -0.9527
v 0.0587 -1.0307 -0.9390
v 0.0564 -1.0453 -0.9784
v 0.0585 -1.0444 -0.9678
v 0.0614 -1.0421 -0.9477
v 0.0614 -1.0414 -0.9426
v 0.0630 -1.0421 -0.9402
v 0.0601 -1.0392 -0.9365
v 0.0612 -1.0365 -0.9599
v 0.0583 -1.0365 -0.9614
v 0.0589 -1.0354 -0.9588
v 0.0607 -1.0331 -0.9525
v 0.0600 -1.0319 -0.9480
v 0.0600 -1.0302 -0.9420
v 0.0603 -1.0423 -0.9688
v 0.0627 -1.0402 -0.9365
v 0.0618 -1.0380 -0.9615
v 0.0632 -1.0371 -0.9580
v 0.0620 -1.0340 -0.9539
v 0.0632 -1.0325 -0.9500
v 0.0633 -1.0299 -0.9364
v 0.0613 -1.0430 -0.9590
v 0.0651 -1.0394 -0.9552
v 0.0619 -1.0414 -0.9634
v 0.0640 -1.0394 -0.9567
v 0.0636 -1.0351 -0.9542
v 0.0601 -1.0314 -0.9474
v 0.0653 -1.0299 -0.9421
v 0.0635 -1.0288 -0.9400
v 0.0660 -1.0384 -0.9495
v 0.0647 -1.0408 -0.9487
v 0.0660 -1.0402 -0.9442
v 0.0634 -1.0364 -0.9336
v 0.0624 -1.0323 -0.9341
v 0.0659 -1.0302 -0.9380
v 0.0680 -1.0363 -0.9441
v 0.0673 -1.0388 -0.9425
v 0.0678 -1.0380 -0.9380
v 0.0682 -1.0328 -0.9378
v 0.0657 -1.0328 -0.9474
v 0.0669 -1.0316 -0.9369
v 0.0674 -1.0310 -0.9413
v 0.0692 -1.0355 -0.9399
v 0.0688 -1.0333 -0.9401
v 0.0685 -1.0369 -0.9371
v 0.1159 -1.0400 -0.9986
v 0.1159 -1.0401 -0.9961
v 0.1156 -1.0371 -0.9930
v 0.1153 -1.0376 -0.9879
v 0.1154 -1.0375 -0.9809
v 0.1163 -1.0373 -0.9973
v 0.1160 -1.0370 -0.9940
v 0.1157 -1.0360 -0.9900
v 0.1161 -1.0379 -0.9780
v 0.1162 -1.0340 -0.9878
v 0.1151 -1.0337 -0.9788
v 0.1157 -1.0340 -0.9854
v 0.1171 -1.0304 -0.9806
v 0.1159 -1.0319 -0.9800
v 0.1181 -1.0459 -1.0189
v 0.1181 -1.0461 -1.0249
v 0.1169 -1.0445 -1.0167
v 0.1179 -1.0444 -1.0081
v 0.1171 -1.0432 -1.0034
v 0.1177 -1.0456 -1.0236
v 0.1166 -1.0435 -1.0120
v 0.1173 -1.0432 -1.0027
v 0.1168 -1.0417 -0.9949
v 0.1172 -1.0436 -1.0188
v 0.1180 -1.0404 -1.0114
v 0.1161 -1.0400 -1.0020
v 0.1180 -1.0420 -0.9920
v 0.1168 -1.0400 -0.9851
v 0.1178 -1.0401 -0.9801
v 0.1171 -1.0389 -0.9776
v 0.1179 -1.0381 -0.9759
v 0.1179 -1.0379 -1.0043
v 0.1169 -1.0385 -1.0037
v 0.1179 -1.0359 -0.9983
v 0.1164 -1.0360 -0.9940
v 0.1169 -1.0352 -0.9751
v 0.1180 -1.0344 -0.9942
v 0.1173 -1.0332 -0.9894
v 0.1162 -1.0320 -0.9820
v 0.1180 -1.0320 -0.9758
v 0.1187 -1.0460 -1.0219
v 0.1192 -1.0441 -1.0206
v 0.1207 -1.0438 -1.0029
v 0.1200 -1.0429 -1.0160
v 0.1200 -1.0435 -0.9992
v 0.1199 -1.0428 -0.9936
v 0.1171 -1.0406 -0.9857
v 0.1201 -1.0419 -1.0149
v 0.1206 -1.0421 -0.9881
v 0.1200 -1.0410 -0.9803
v 0.1200 -1.0400 -1.0103
v 0.1185 -1.0396 -1.0104
v 0.1194 -1.0382 -1.0064
v 0.1189 -1.0398 -0.9765
v 0.1203 -1.0375 -1.0039
v 0.1200 -1.0360 -1.0000
v 0.1211 -1.0352 -0.9975
v 0.1200 -1.0340 -0.9947
v 0.1192 -1.0317 -0.9880
v 0.1200 -1.0295 -0.9821
v 0.1174 -1.0308 -0.9773
v 0.1200 -1.0300 -0.9770
v 0.1216 -1.0311 -0.9752
v 0.1192 -1.0292 -0.9794
v 0.1206 -1.0440 -1.0152
v 0.1217 -1.0422 -1.0098
v 0.1203 -1.0446 -1.0110
v 0.1202 -1.0441 -1.0047
v 0.1211 -1.0424 -0.9909
v 0.1224 -1.0416 -0.9878
v 0.1213 -1.0407 -0.9779
v 0.1213 -1.0381 -0.9745
v 0.1220 -1.0385 -1.0034
v 0.1219 -1.0362 -0.9987
v 0.1220 -1.0341 -0.9937
v 0.1223 -1.0328 -0.9902
v 0.1220 -1.0318 -0.9880
v 0.1210 -1.0310 -0.9865
v 0.1232 -1.0297 -0.9820
v 0.1225 -1.0291 -0.9795
v 0.1223 -1.0421 -1.0062
v 0.1226 -1.0419 -1.0042
v 0.1226 -1.0420 -1.0000
v 0.1226 -1.0420 -0.9960
v 0.1223 -1.0424 -0.9952
v 0.1223 -1.0420 -0.9920
v 0.1218 -1.0401 -1.0067
v 0.1247 -1.0396 -0.9786
v 0.1227 -1.0380 -1.0007
v 0.1241 -1.0395 -0.9960
v 0.1235 -1.0369 -0.9966
v 0.1240 -1.0360 -0.9749
v 0.1239 -1.0342 -0.9907
v 0.1239 -1.0321 -0.9864
v 0.1243 -1.0321 -0.9857
v 0.1239 -1.0302 -0.9780
v 0.1245 -1.0397 -0.9942
v 0.1244 -1.0400 -0.9920
v 0.1242 -1.0401 -0.9821
v 0.1247 -1.0367 -0.9927
v 0.1259 -1.0381 -0.9784
v 0.1248 -1.0354 -0.9906
v 0.1260 -1.0356 -0.9864
v 0.1257 -1.0384 -0.9844
v 0.1252 -1.0373 -0.9762
v 0.1245 -1.0323 -0.9753
v 0.1257 -1.0320 -0.9820
v 0.1260 -1.0320 -0.9809
v 0.1259 -1.0321 -0.9780
v 0.1241 -1.0319 -0.9759
v 0.1246 -1.0302 -0.9801
v 0.1270 -1.0358 -0.9789
v 0.1260 -1.0340 -0.9842
v 0.1273 -1.0353 -0.9796
v 0.1740 -1.0380 -0.9821
v 0.1737 -1.0378 -0.9793
v 0.1738 -1.0357 -0.9847
v 0.1730 -1.0346 -0.9787
v 0.1737 -1.0340 -0.9835
v 0.1738 -1.0319 -0.9801
v 0.1754 -1.0393 -0.9940
v 0.1758 -1.0402 -0.9823
v 0.1759 -1.0401 -0.9799
v 0.1756 -1.0400 -0.9918
v 0.1748 -1.0393 -0.9855
v 0.1751 -1.0389 -0.9776
v 0.1751 -1.0369 -0.9919
v 0.1742 -1.0360 -0.9875
v 0.1749 -1.0352 -0.9751
v 0.1760 -1.0341 -0.9902
v 0.1743 -1.0320 -0.9820
v 0.1760 -1.0320 -0.9758
v 0.1758 -1.0327 -0.9871
v 0.1761 -1.0302 -0.9819
v 0.1766 -1.0295 -0.9790
v 0.1749 -1.0314 -0.9772
v 0.1780 -1.0421 -1.0073
v 0.1775 -1.0420 -1.0048
v 0.1779 -1.0428 -0.9972
v 0.1780 -1.0420 -0.9901
v 0.1783 -1.0408 -1.0082
v 0.1767 -1.0414 -0.9974
v 0.1773 -1.0405 -0.9782
v 0.1790 -1.0407 -0.9778
v 0.1778 -1.0400 -1.0056
v 0.1771 -1.0387 -1.0016
v 0.1768 -1.0384 -0.9755
v 0.1780 -1.0360 -0.9983
v 0.1770 -1.0360 -0.9965
v 0.1780 -1.0341 -0.9937
v 0.1780 -1.0321 -0.9888
v 0.1780 -1.0300 -0.9770
v 0.1792 -1.0304 -0.9760
v 0.1779 -1.0291 -0.9808
v 0.1797 -1.0443 -1.0167
v 0.1797 -1.0446 -1.0142
v 0.1788 -1.0436 -1.0079
v 0.1800 -1.0438 -1.0022
v 0.1811 -1.0441 -1.0208
v 0.1798 -1.0424 -1.0152
v 0.1792 -1.0436 -1.0016
v 0.1794 -1.0430 -0.9953
v 0.1800 -1.0423 -0.9898
v 0.1797 -1.0421 -1.0149
v 0.1818 -1.0414 -0.9851
v 0.1805 -1.0410 -0.9806
v 0.1800 -1.0389 -0.9755
v 0.1790 -1.0380 -1.0040
v 0.1800 -1.0394 -1.0089
v 0.1791 -1.0367 -1.0015
v 0.1800 -1.0360 -1.0000
v 0.1793 -1.0341 -0.9950
v 0.1800 -1.0337 -0.9937
v 0.1787 -1.0327 -0.9909
v 0.1795 -1.0318 -0.9888
v 0.1815 -1.0293 -0.9802
v 0.1805 -1.0291 -0.9795
v 0.1819 -1.0459 -1.0189
v 0.1820 -1.0443 -1.0220
v 0.1827 -1.0451 -1.0166
v 0.1821 -1.0444 -1.0084
v 0.1805 -1.0448 -1.0094
v 0.1820 -1.0436 -1.0033
v 0.1820 -1.0419 -0.9913
v 0.1790 -1.0421 -0.9879
v 0.1820 -1.0398 -0.9780
v 0.1833 -1.0425 -1.0141
v 0.1820 -1.0383 -1.0054
v 0.1821 -1.0379 -1.0040
v 0.1820 -1.0360 -0.9988
v 0.1820 -1.0358 -0.9980
v 0.1810 -1.0338 -0.9744
v 0.1821 -1.0334 -0.9911
v 0.1825 -1.0317 -0.9854
v 0.1805 -1.0314 -0.9751
v 0.1820 -1.0302 -0.9820
v 0.1819 -1.0302 -0.9780
v 0.1822 -1.0457 -1.0249
v 0.1820 -1.0465 -1.0239
v 0.1823 -1.0432 -1.0190
v 0.1831 -1.0440 -1.0180
v 0.1820 -1.0420 -1.0160
v 0.1823 -1.0415 -1.0141
v 0.1833 -1.0406 -1.0089
v 0.1840 -1.0416 -1.0061
v 0.1835 -1.0420 -1.0020
v 0.1828 -1.0424 -0.9979
v 0.1836 -1.0410 -0.9927
v 0.1840 -1.0405 -0.9989
v 0.1838 -1.0400 -0.9909
v 0.1834 -1.0399 -0.9864
v 0.1837 -1.0380 -0.9993
v 0.1838 -1.0380 -0.9781
v 0.1806 -1.0373 -0.9743
v 0.1828 -1.0357 -0.9965
v 0.1828 -1.0340 -0.9911
v 0.1839 -1.0341 -0.9875
v 0.1840 -1.0330 -0.9772
v 0.1839 -1.0324 -0.9827
v 0.1840 -1.0320 -0.9811
v 0.1842 -1.0394 -0.9970
v 0.1841 -1.0380 -0.9960
v 0.1842 -1.0364 -0.9919
v 0.1845 -1.0371 -0.9911
v 0.1846 -1.0377 -0.9901
v 0.1833 -1.0407 -0.9889
v 0.1851 -1.0356 -0.9796
v 0.1849 -1.0359 -0.9784
v 0.1842 -1.0380 -0.9803
v 0.1847 -1.0351 -0.9851
v 0.1849 -1.0334 -0.9793
v 0.1843 -1.0362 -0.9772
v 0.2319 -1.0381 -0.9400
v 0.2308 -1.0360 -0.9399
v 0.2320 -1.0375 -0.9380
v 0.2323 -1.0355 -0.9360
v 0.2310 -1.0337 -0.9391
v 0.2316 -1.0337 -0.9422
v 0.2319 -1.0319 -0.9400
v 0.2333 -1.0392 -0.9377
v 0.2333 -1.0378 -0.9479
v 0.2328 -1.0393 -0.9410
v 0.2339 -1.0381 -0.9359
v 0.2351 -1.0361 -0.9532
v 0.2320 -1.0360 -0.9440
v 0.2338 -1.0341 -0.9476
v 0.2324 -1.0329 -0.9440
v 0.2347 -1.0292 -0.9398
v 0.2355 -1.0316 -0.9349
v 0.2348 -1.0396 -0.9512
v 0.2372 -1.0417 -0.9457
v 0.2352 -1.0409 -0.9444
v 0.2348 -1.0407 -0.9407
v 0.2377 -1.0398 -0.9361
v 0.2359 -1.0393 -0.9562
v 0.2357 -1.0399 -0.9364
v 0.2357 -1.0360 -0.9540
v 0.2353 -1.0334 -0.9497
v 0.2334 -1.0306 -0.9377
v 0.2360 -1.0300 -0.9370
v 0.2372 -1.0304 -0.9360
v 0.2361 -1.0291 -0.9405
v 0.2384 -1.0427 -0.9604
v 0.2392 -1.0431 -0.9569
v 0.2385 -1.0428 -0.9553
v 0.2365 -1.0417 -0.9503
v 0.2368 -1.0416 -0.9558
v 0.2391 -1.0422 -0.9480
v 0.2374 -1.0386 -0.9603
v 0.2375 -1.0361 -0.9576
v 0.2379 -1.0342 -0.9542
v 0.2384 -1.0327 -0.9512
v 0.2380 -1.0313 -0.9473
v 0.2367 -1.0303 -0.9446
v 0.2382 -1.0290 -0.9400
v 0.2395 -1.0417 -0.9680
v 0.2393 -1.0431 -0.9631
v 0.2411 -1.0435 -0.9588
v 0.2391 -1.0427 -0.9518
v 0.2400 -1.0420 -0.9487
v 0.2380 -1.0400 -0.9628
v 0.2407 -1.0404 -0.9420
v 0.2400 -1.0398 -0.9380
v 0.2400 -1.0382 -0.9646
v 0.2395 -1.0370 -0.9620
v 0.2370 -1.0349 -0.9336
v 0.2399 -1.0346 -0.9562
v 0.2400 -1.0320 -0.9484
v 0.2399 -1.0304 -0.9430
v 0.2399 -1.0302 -0.9380
v 0.2413 -1.0438 -0.9723
v 0.2408 -1.0437 -0.9706
v 0.2416 -1.0437 -0.9742
v 0.2420 -1.0420 -0.9740
v 0.2420 -1.0401 -0.9453
v 0.2391 -1.0408 -0.9397
v 0.2419 -1.0397 -0.9699
v 0.2427 -1.0374 -0.9636
v 0.2422 -1.0364 -0.9603
v 0.2412 -1.0373 -0.9361
v 0.2419 -1.0342 -0.9529
v 0.2421 -1.0330 -0.9372
v 0.2404 -1.0321 -0.9484
v 0.2414 -1.0309 -0.9392
v 0.2395 -1.0327 -0.9349
v 0.2439 -1.0445 -0.9805
v 0.2443 -1.0457 -0.9760
v 0.2420 -1.0443 -0.9655
v 0.2426 -1.0422 -0.9551
v 0.2439 -1.0420 -0.9763
v 0.2443 -1.0394 -0.9553
v 0.2433 -1.0404 -0.9500
v 0.2425 -1.0400 -0.9472
v 0.2438 -1.0392 -0.9514
v 0.2435 -1.0374 -0.9458
v 0.2425 -1.0358 -0.9577
v 0.2435 -1.0362 -0.9542
v 0.2440 -1.0371 -0.9532
v 0.2424 -1.0373 -0.9382
v 0.2430 -1.0348 -0.9514
v 0.2429 -1.0339 -0.9467
v 0.2423 -1.0324 -0.9425
v 0.2426 -1.0328 -0.9403
v 0.2428 -1.0351 -0.9382
v 0.2459 -1.0461 -0.9842
v 0.2460 -1.0460 -0.9809
v 0.2460 -1.0450 -0.9820
v 0.2457 -1.0440 -0.9740
v 0.2458 -1.0424 -0.9731
v 0.2433 -1.0451 -0.9705
v 0.2457 -1.0440 -0.9809
v 0.2444 -1.0421 -0.9764
v 0.2451 -1.0400 -0.9634
v 0.2440 -1.0436 -0.9644
v 0.2433 -1.0429 -0.9595
v 0.2442 -1.0394 -0.9674
v 0.2448 -1.0400 -0.9660
v 0.2447 -1.0397 -0.9600
v 0.2441 -1.0380 -0.9600
v 0.2445 -1.0382 -0.9566
v 0.2462 -1.0440 -0.9780
v 0.2462 -1.0443 -0.9779
vn -0.5625 0.0062 -0.8268
vn -0.9703 0.2184 -0.1043
vn -0.9482 -0.3174 -0.0148
vn -0.1875 0.8991 -0.3955
vn -0.9994 -0.0351 -0.0006
vn -0.9855 0.1639 0.0445
vn -0.8346 0.5365 -0.1249
vn -0.9716 0.1326 0.1958
vn 0.8201 0.4442 -0.3608
vn 0.7833 0.3918 -0.4826
vn -0.2349 -0.9547 0.1826
vn -0.2082 -0.9582 0.1964
vn -0.5216 -0.8424 0.1353
vn -0.3804 -0.9084 0.1736
vn -0.8317 -0.5167 0.2032
vn -0.2163 0.9755 -0.0401
vn -0.8197 -0.5137 0.2535
vn 0.0779 0.7029 -0.7071
vn -0.9818 -0.1377 -0.1312
vn -0.7127 -0.1438 0.6866
vn -0.9215 0.3852 -0.0492
vn -0.9087 0.1597 0.3857
vn -0.7479 0.6586 -0.0830
vn -0.6793 0.6916 0.2452
vn 0.3862 -0.7645 -0.5162
vn 0.4678 -0.8580 0.2121
vn 0.0064 -0.9983 0.0581
vn -0.4675 -0.8797 0.0867
vn 0.0646 -0.9741 0.2167
vn -0.4434 -0.6114 0.6554
vn 0.5643 0.7548 -0.3344
vn -0.3230 0.8947 -0.3084
vn -0.1442 0.9317 -0.3332
vn -0.1040 0.9805 -0.1666
vn 0.0605 0.8017 -0.5947
vn -0.4825 0.8627 -0.1517
vn 0.9687 -0.0752 -0.2364
vn 0.0390 -0.7725 0.6338
vn 0.9756 0.2162 0.0373
vn 0.7221 0.3421 -0.6012
vn 0.4302 0.8667 -0.2524
vn 0.3222 0.8665 -0.3813
vn 0.0049 0.8319 0.5549
vn 0.5107 -0.8597 0.0077
vn 0.9274 -0.2449 -0.2826
vn 0.9044 -0.2855 -0.3170
vn 0.8351 -0.1109 -0.5387
vn 0.7188 0.6159 -0.3226
vn -0.2705 0.9085 -0.3187
vn 0.4359 0.8001 -0.4121
vn 0.0546 0.9985 0.0062
vn 0.8219 -0.5668 -0.0567
vn 0.5971 -0.7954 -0.1043
vn 0.6939 -0.7142 -0.0921
vn 0.1160 -0.2094 0.9709
vn -0.1020 0.4130 0.9050
vn 0.5208 0.8079 0.2760
vn 0.9568 -0.0694 -0.2824
vn 0.8075 -0.5898 0.0080
vn 0.6514 -0.7419 0.1590
vn 0.8402 0.3550 0.4098
vn 0.6503 0.6627 -0.3712
vn 0.6386 0.4890 0.5942
vn 0.7388 0.6435 -0.2002
vn 0.9950 -0.0979 -0.0191
vn 0.9390 0.2653 -0.2191
vn 0.8037 -0.3099 0.5079
vn -0.9924 -0.1134 -0.0478
vn -0.9669 -0.2547 0.0171
vn -0.9729 0.2000 -0.1159
vn -0.9931 -0.1161 -0.0144
vn -0.9317 -0.3485 0.1021
vn -0.8906 0.4234 -0.1658
vn -0.7510 0.6361 -0.1774
vn -0.9223 0.3863 -0.0091
vn -0.8751 -0.3724 0.3092
vn -0.8574 0.4371 -0.2718
vn -0.9576 0.1624 0.2381
vn -0.9323 0.3354 -0.1354
vn -0.6368 0.7688 -0.0591
vn -0.7727 0.5857 0.2448
vn -0.1093 -0.9936 -0.0299
vn -0.0000 -0.0000 0.0000
vn -0.9157 -0.3975 0.0599
vn -0.0355 -0.9878 -0.1517
vn -0.7443 -0.6602 0.1005
vn -0.2495 -0.1493 -0.9568
vn -0.9370 -0.3491 -0.0146
vn -0.5738 -0.8129 0.0996
vn -0.6710 -0.7364 0.0869
vn -0.7684 0.5443 -0.3367
vn -0.5819 0.7747 -0.2475
vn -0.9846 0.0313 -0.1717
vn -0.3781 -0.9170 0.1271
vn -0.8422 -0.5325 0.0845
vn -0.5749 -0.7931 0.2010
vn -0.6053 -0.7691 0.2051
vn -0.2185 -0.3600 0.9070
vn -0.3891 0.9209 -0.0257
vn -0.7972 0.5498 -0.2495
vn -0.4582 0.8411 -0.2875
vn -0.7794 0.6265 0.0072
vn -0.5978 -0.0098 0.8016
vn -0.5021 0.8234 -0.2643
vn -0.6603 0.7004 -0.2712
vn -0.7818 0.5801 -0.2287
vn -0.4554 0.4617 0.7612
vn 0.5898 -0.7613 -0.2693
vn 0.7449 0.5385 -0.3938
vn 0.3277 -0.9437 0.0441
vn 0.7262 0.5473 -0.4161
vn -0.0490 -0.9853 0.1637
vn -0.0726 -0.9951 -0.0672
vn -0.6434 -0.7571 0.1131
vn 0.5626 0.7153 -0.4145
vn -0.0753 -0.9904 0.1161
vn -0.2014 -0.9667 0.1576
vn 0.4674 0.8292 -0.3065
vn -0.3727 0.8657 -0.3340
vn 0.0039 0.9071 -0.4208
vn -0.3514 -0.7642 0.5409
vn 0.2228 0.9076 -0.3558
vn 0.0058 0.9386 -0.3450
vn 0.2715 0.8953 -0.3532
vn -0.0516 0.9397 -0.3381
vn -0.2359 0.9078 -0.3467
vn -0.1612 0.9548 -0.2497
vn -0.6032 0.6619 0.4450
vn 0.0358 0.8971 0.4405
vn 0.0477 0.5430 0.8384
vn -0.2509 0.9608 0.1179
vn 0.8951 -0.4427 -0.0532
vn 0.9809 -0.0354 -0.1912
vn 0.4395 -0.8982 0.0014
vn 0.2616 -0.9625 0.0717
vn 0.2053 -0.9724 0.1110
vn 0.4585 -0.8843 0.0876
vn 0.1108 -0.9256 0.3620
vn 0.0511 -0.4068 0.9121
vn 0.7420 0.5866 -0.3245
vn 0.5534 0.7660 -0.3271
vn 0.4560 0.8157 -0.3560
vn 0.3809 0.8583 -0.3439
vn 0.2386 0.9025 -0.3585
vn 0.1087 0.9234 -0.3681
vn 0.3740 0.8895 -0.2625
vn 0.1933 0.9740 0.1179
vn 0.9351 -0.3273 -0.1355
vn 0.9243 -0.3713 -0.0889
vn 0.5298 -0.8011 0.2785
vn 0.8418 -0.5366 -0.0585
vn 0.5050 -0.8622 0.0393
vn 0.6925 -0.5354 0.4835
vn 0.8120 0.5107 -0.2827
vn 0.5961 -0.7642 0.2465
vn 0.8448 0.4414 -0.3026
vn 0.9692 -0.1667 -0.1812
vn 0.8446 0.4554 -0.2816
vn 0.4244 -0.0843 0.9015
vn 0.7530 0.6572 0.0319
vn 0.5794 0.7473 -0.3254
vn 0.6469 0.6597 -0.3824
vn 0.5341 0.7671 0.3554
vn 0.9418 -0.3148 -0.1183
vn 0.8388 -0.5388 -0.0778
vn 0.6089 -0.7916 0.0519
vn 0.9515 0.2400 -0.1926
vn 0.8410 -0.5400 -0.0329
vn 0.9030 0.3437 -0.2576
vn 0.9609 0.1447 -0.2359
vn 0.8813 -0.4688 -0.0593
vn 0.6816 -0.3724 0.6299
vn 0.5025 0.3931 0.7700
vn 0.7971 0.5625 -0.2195
vn 0.8575 0.5145 0.0008
vn 0.8293 0.4957 0.2581
vn 0.1430 0.8106 0.5679
vn 0.6644 0.7471 -0.0212
vn 0.9284 -0.2311 0.2911
vn 0.8874 0.3775 -0.2646
vn 0.9932 -0.0190 0.1148
vn -0.9082 -0.4156 -0.0500
vn -0.8783 -0.4528 0.1538
vn -0.9876 -0.0725 -0.1394
vn -0.9780 0.0412 0.2046
vn -0.9307 0.2879 -0.2255
vn -0.8497 0.5272 -0.0079
vn -0.9624 -0.2379 -0.1310
vn -0.5926 -0.8046 0.0387
vn -0.5567 -0.8179 0.1455
vn -0.7891 -0.6024 -0.1201
vn -0.8133 -0.5794 -0.0539
vn -0.6770 -0.6510 0.3433
vn -0.9591 0.1669 -0.2286
vn -0.9730 0.1078 -0.2041
vn -0.6025 -0.0192 0.7979
vn -0.7092 0.6352 -0.3059
vn -0.7935 0.5566 -0.2462
vn -0.3601 0.5541 0.7505
vn -0.6440 0.6907 -0.3289
vn -0.5110 0.8177 -0.2651
vn -0.3974 0.9007 0.1754
vn -0.6641 0.5919 0.4568
vn -0.9342 -0.1814 -0.3072
vn -0.9231 -0.3732 -0.0930
vn -0.3979 -0.9140 0.0799
vn -0.5068 -0.8458 0.1664
vn -0.9042 0.3064 -0.2977
vn -0.8795 -0.4735 -0.0474
vn -0.3173 -0.8966 0.3088
vn 0.0207 -0.9273 0.3737
vn -0.8839 0.3734 -0.2816
vn -0.9004 0.3468 -0.2627
vn -0.3550 -0.5456 0.7591
vn -0.3077 0.9279 -0.2103
vn -0.7245 0.6107 -0.3196
vn -0.4009 0.8507 -0.3399
vn -0.3397 0.9196 -0.1973
vn -0.0590 0.9085 0.4138
vn -0.0755 0.7502 0.6569
vn -0.1595 0.9758 -0.1497
vn -0.8618 -0.4517 -0.2307
vn -0.7113 -0.6998 -0.0664
vn -0.7802 -0.6236 -0.0489
vn 0.0458 -0.9191 0.3914
vn -0.7431 0.4410 -0.5033
vn -0.9149 0.1614 -0.3701
vn -0.2801 -0.9587 0.0490
vn 0.1938 -0.9650 -0.1765
vn 0.1280 -0.9789 0.1591
vn -0.7329 0.5469 -0.4046
vn 0.4651 -0.8777 0.1153
vn 0.1835 -0.9668 0.1778
vn 0.1645 -0.7157 0.6787
vn -0.6658 0.6698 -0.3288
vn -0.2180 0.8983 -0.3815
vn -0.3088 0.8739 -0.3755
vn 0.0717 0.8995 -0.4311
vn -0.0870 0.9324 -0.3507
vn 0.2550 0.8620 -0.4381
vn -0.1782 0.9141 -0.3643
vn 0.0330 0.9442 -0.3278
vn 0.4458 0.8943 -0.0397
vn 0.1242 0.9757 0.1804
vn -0.1907 -0.9169 0.3506
vn 0.0000 0.0000 0.0000
vn 0.5915 -0.8059 0.0253
vn 0.3655 -0.7785 0.5102
vn -0.0948 -0.9926 0.0756
vn 0.4683 -0.8759 0.1162
vn 0.4489 -0.8868 0.1097
vn -0.1435 -0.9854 0.0912
vn 0.5072 -0.7765 0.3740
vn 0.9350 0.2475 -0.2541
vn 0.3003 0.8945 -0.3311
vn 0.5116 0.8150 -0.2720
vn 0.4561 0.8249 -0.3339
vn 0.3339 0.8994 -0.2821
vn 0.3014 0.1466 0.9422
vn 0.4809 0.8237 -0.3005
vn 0.5544 0.7855 -0.2750
vn 0.1976 0.5464 0.8139
vn 0.5595 0.7853 -0.2652
vn 0.5509 0.7627 0.3388
vn 0.0000 -0.0000 0.0000
vn 0.0133 -0.4115 -0.9113
vn 0.4242 0.8191 -0.3863
vn 0.9971 0.0752 -0.0147
vn 0.4530 0.8452 -0.2836
vn 0.4556 0.8457 -0.2779
vn 0.8538 0.4404 -0.2778
vn 0.9824 -0.1649 -0.0875
vn 0.7594 -0.6360 0.1374
vn 0.5535 -0.8197 0.1471
vn 0.7839 -0.6170 0.0687
vn 0.9678 -0.2501 0.0278
vn 0.8768 -0.4745 0.0783
vn 0.7890 -0.5919 0.1649
vn 0.8827 0.4338 -0.1806
vn 0.7860 -0.5162 0.3403
vn 0.2630 -0.3082 0.9143
vn 0.6481 0.7207 -0.2461
vn 0.6469 0.6201 -0.4439
vn 0.8706 0.4624 -0.1681
vn 0.7819 0.3615 0.5079
vn 0.8185 0.5454 -0.1807
vn 0.8091 0.5839 -0.0663
vn 0.9975 -0.0527 -0.0469
vn 0.9239 0.2980 -0.2401
vn 0.9397 0.3015 -0.1614
vn 0.9849 0.0376 -0.1692
vn 0.9949 -0.1008 0.0023
vn 0.7349 -0.6717 0.0934
vn 0.9862 -0.1603 -0.0418
vn 0.9394 -0.2119 0.2694
vn 0.9416 -0.2669 -0.2056
vn 0.9869 0.1194 -0.1081
vn 0.9399 0.3269 0.0985
vn 0.7857 -0.2103 0.5818
vn -0.8589 -0.5121 0.0012
vn -0.9859 -0.1673 0.0015
vn -0.8300 -0.4740 0.2941
vn -0.7200 -0.0511 0.6921
vn -0.9580 0.2671 0.1044
vn -0.9422 0.1025 -0.3190
vn -0.8296 0.5567 -0.0422
vn -0.5779 -0.7562 0.3069
vn -0.9384 -0.2277 -0.2599
vn -0.7358 -0.6759 -0.0416
vn -0.0893 -0.1278 0.9878
vn -0.8468 0.3691 -0.3829
vn -0.9570 -0.1137 -0.2670
vn -0.8401 0.2749 -0.4676
vn -0.8043 0.4762 -0.3554
vn -0.3982 0.9173 0.0050
vn -0.2986 0.5320 0.7924
vn -0.8703 -0.4580 -0.1812
vn -0.1455 -0.9790 0.1431
vn -0.5125 -0.8587 -0.0023
vn -0.3570 -0.9248 0.1316
vn 0.1368 -0.7523 0.6445
vn -0.9353 -0.1131 -0.3354
vn -0.2159 -0.7884 0.5760
vn -0.7185 0.5235 -0.4580
vn -0.6214 0.6537 -0.4319
vn -0.6155 0.6659 0.4216
vn -0.1132 0.8726 0.4752
vn 0.0746 0.7990 0.5967
vn -0.1148 0.9824 -0.1474
vn -0.7024 -0.7062 -0.0885
vn -0.0162 -0.9996 -0.0225
vn -0.2854 -0.9544 0.0872
vn -0.5238 -0.8326 -0.1802
vn -0.7653 -0.6351 -0.1047
vn 0.1318 -0.9893 0.0633
vn -0.9084 0.1974 -0.3686
vn -0.6540 0.6456 -0.3943
vn -0.4284 0.8252 -0.3681
vn -0.1257 0.9142 -0.3853
vn -0.0070 0.9301 -0.3672
vn -0.1834 0.9163 -0.3560
vn 0.1971 0.9800 0.0288
vn -0.9324 -0.0716 -0.3543
vn -0.5955 -0.7993 -0.0799
vn -0.0837 -0.9778 0.1921
vn -0.0719 -0.9903 0.1185
vn 0.3480 -0.8961 0.2755
vn -0.9483 0.0820 -0.3066
vn 0.5737 -0.7999 0.1763
vn 0.5617 -0.7673 0.3095
vn -0.5125 0.7591 -0.4014
vn -0.4144 0.8085 -0.4178
vn 0.0108 -0.0551 0.9984
vn -0.0017 0.9301 -0.3673
vn 0.1657 0.9366 -0.3089
vn 0.4515 0.8651 -0.2184
vn 0.4533 0.8056 0.3815
vn -0.8863 -0.4224 -0.1897
vn -0.8775 -0.4307 -0.2107
vn -0.9249 -0.2559 -0.2812
vn -0.7498 0.5071 -0.4250
vn 0.7246 -0.6527 0.2212
vn 0.2681 -0.9377 0.2209
vn -0.3285 0.8188 -0.4708
vn 0.3490 0.9004 -0.2599
vn 0.2727 0.9304 -0.2449
vn 0.6289 -0.3281 0.7048
vn 0.5181 0.8197 -0.2443
vn 0.8181 0.3140 0.4819
vn 0.4283 0.8661 -0.2579
vn 0.7300 0.6746 0.1098
vn 0.4995 0.2697 0.8233
vn -0.4650 -0.2794 -0.8401
vn 0.0271 -0.9992 -0.0310
vn -0.1900 -0.9628 0.1923
vn 0.5774 -0.8021 0.1526
vn -0.1322 0.9702 -0.2029
vn 0.9590 -0.2804 -0.0417
vn 0.8429 -0.5092 0.1735
vn 0.9370 -0.2048 0.2829
vn 0.9308 0.0662 0.3594
vn 0.9895 -0.1213 0.0789
vn 0.5283 0.8160 -0.2348
vn 0.8088 0.5767 -0.1153
vn 0.9611 0.2692 0.0612
vn 0.8801 -0.3861 0.2762
vn 0.8580 0.5049 -0.0949
vn 0.8844 0.4609 -0.0731
vn 0.8121 0.5808 -0.0564
vn 0.9299 0.3619 0.0651
vn 0.9834 -0.0342 0.1785
vn -0.0000 0.0000 0.0000
vn -0.0000 0.0000 0.0000
vn -0.0000 0.0000 0.0000
vn 0.9393 -0.3246 0.1110
vn 0.9551 0.2948 -0.0297
vn 0.1818 -0.9758 0.1211
vn 0.4596 0.0091 -0.8881
vn 0.4731 0.8489 -0.2355
vn 0.9821 0.1885 0.0047
vn 0.6452 -0.7417 0.1830
vn 0.6216 -0.7718 0.1336
vn 0.5601 0.7957 -0.2307
vn 0.7662 0.6373 -0.0827
vn 0.9902 -0.0234 0.1378
vn 0.8443 0.5343 0.0414
vn 0.9822 0.1873 0.0153
vn 0.9419 0.3193 0.1045
vn 0.9039 -0.4253 0.0454
f 2503//2503 2527//2527 2504//2504
f 2506//2506 2504//2504 2505//2505
f 2505//2505 2513//2513 2508//2508
f 2505//2505 2518//2518 2506//2506
f 2518//2518 2505//2505 2508//2508
f 2508//2508 2507//2507 2520//2520
f 2509//2509 2507//2507 2510//2510
f 2527//2527 2503//2503 2511//2511
f 2504//2504 2528//2528 2505//2505
f 2527//2527 2528//2528 2504//2504
f 2505//2505 2528//2528 2513//2513
f 2504//2504 2511//2511 2503//2503
f 2511//2511 2504//2504 2527//2527
f 2512//2512 2527//2527 2504//2504
f 2508//2508 2514//2514 2507//2507
f 2513//2513 2514//2514 2508//2508
f 2507//2507 2514//2514 2515//2515
f 2506//2506 2512//2512 2504//2504
f 2506//2506 2518//2518 2512//2512
f 2517//2517 2515//2515 2516//2516
f 2507//2507 2515//2515 2517//2517
f 2520//2520 2518//2518 2508//2508
f 2510//2510 2507//2507 2517//2517
f 2534//2534 2520//2520 2507//2507
f 2509//2509 2534//2534 2507//2507
f 2510//2510 2525//2525 2509//2509
f 2525//2525 2510//2510 2517//2517
f 2523//2523 2517//2517 2521//2521
f 2525//2525 2517//2517 2523//2523
f 2521//2521 2519//2519 2524//2524
f 2524//2524 2519//2519 2522//2522
f 2509//2509 2525//2525 2535//2535
f 2523//2523 2521//2521 2524//2524
f 2551//2551 2525//2525 2523//2523
f 2524//2524 2526//2526 2523//2523
f 2539//2539 2513//2513 2528//2528
f 2512//2512 2539//2539 2527//2527
f 2528//2528 2527//2527 2539//2539
f 2539//2539 2548//2548 2513//2513
f 2548//2548 2546//2546 2513//2513
f 2514//2514 2546//2546 2515//2515
f 2515//2515 2529//2529 2516//2516
f 2546//2546 2529//2529 2515//2515
f 2516//2516 2529//2529 2517//2517
f 2529//2529 2530//2530 2517//2517
f 2530//2530 2521//2521 2517//2517
f 2530//2530 2531//2531 2521//2521
f 2518//2518 2539//2539 2512//2512
f 2518//2518 2520//2520 2539//2539
f 2521//2521 2531//2531 2519//2519
f 2532//2532 2522//2522 2519//2519
f 2531//2531 2532//2532 2519//2519
f 2533//2533 2520//2520 2534//2534
f 2535//2535 2534//2534 2509//2509
f 2536//2536 2535//2535 2525//2525
f 2522//2522 2526//2526 2524//2524
f 2522//2522 2558//2558 2526//2526
f 2522//2522 2557//2557 2558//2558
f 2537//2537 2525//2525 2551//2551
f 2551//2551 2523//2523 2538//2538
f 2538//2538 2523//2523 2526//2526
f 2513//2513 2546//2546 2514//2514
f 2539//2539 2520//2520 2548//2548
f 2548//2548 2520//2520 2541//2541
f 2540//2540 2532//2532 2531//2531
f 2520//2520 2533//2533 2541//2541
f 2533//2533 2534//2534 2535//2535
f 2535//2535 2542//2542 2533//2533
f 2540//2540 2522//2522 2532//2532
f 2557//2557 2522//2522 2540//2540
f 2543//2543 2550//2550 2535//2535
f 2550//2550 2542//2542 2535//2535
f 2536//2536 2543//2543 2535//2535
f 2536//2536 2525//2525 2544//2544
f 2544//2544 2525//2525 2537//2537
f 2544//2544 2537//2537 2551//2551
f 2526//2526 2558//2558 2545//2545
f 2553//2553 2551//2551 2538//2538
f 2526//2526 2553//2553 2538//2538
f 2553//2553 2526//2526 2545//2545
f 2547//2547 2529//2529 2546//2546
f 2548//2548 2549//2549 2546//2546
f 2547//2547 2546//2546 2549//2549
f 2547//2547 2555//2555 2529//2529
f 2555//2555 2556//2556 2529//2529
f 2533//2533 2548//2548 2541//2541
f 2548//2548 2533//2533 2549//2549
f 2542//2542 2549//2549 2533//2533
f 2536//2536 2550//2550 2543//2543
f 2536//2536 2544//2544 2550//2550
f 2551//2551 2564//2564 2544//2544
f 2553//2553 2552//2552 2551//2551
f 2555//2555 2547//2547 2554//2554
f 2529//2529 2531//2531 2530//2530
f 2556//2556 2531//2531 2529//2529
f 2547//2547 2549//2549 2542//2542
f 2531//2531 2569//2569 2540//2540
f 2569//2569 2557//2557 2540//2540
f 2542//2542 2550//2550 2547//2547
f 2547//2547 2550//2550 2544//2544
f 2564//2564 2547//2547 2544//2544
f 2566//2566 2551//2551 2552//2552
f 2566//2566 2564//2564 2551//2551
f 2545//2545 2565//2565 2559//2559
f 2559//2559 2553//2553 2545//2545
f 2531//2531 2556//2556 2561//2561
f 2554//2554 2560//2560 2555//2555
f 2560//2560 2556//2556 2555//2555
f 2531//2531 2562//2562 2569//2569
f 2547//2547 2560//2560 2554//2554
f 2561//2561 2556//2556 2560//2560
f 2547//2547 2564//2564 2560//2560
f 2569//2569 2558//2558 2557//2557
f 2560//2560 2564//2564 2566//2566
f 2565//2565 2569//2569 2563//2563
f 2565//2565 2545//2545 2558//2558
f 2565//2565 2558//2558 2569//2569
f 2563//2563 2566//2566 2565//2565
f 2566//2566 2559//2559 2565//2565
f 2553//2553 2566//2566 2552//2552
f 2566//2566 2553//2553 2559//2559
f 2561//2561 2567//2567 2531//2531
f 2567//2567 2562//2562 2531//2531
f 2567//2567 2561//2561 2560//2560
f 2567//2567 2569//2569 2562//2562
f 2567//2567 2568//2568 2569//2569
f 2566//2566 2567//2567 2560//2560
f 2568//2568 2567//2567 2566//2566
f 2569//2569 2568//2568 2563//2563
f 2568//2568 2566//2566 2563//2563
f 2571//2571 2575//2575 2570//2570
f 2573//2573 2572//2572 2592//2592
f 2575//2575 2571//2571 2572//2572
f 2575//2575 2572//2572 2576//2576
f 2577//2577 2572//2572 2573//2573
f 2605//2605 2574//2574 2578//2578
f 2580//2580 2574//2574 2605//2605
f 2572//2572 2577//2577 2607//2607
f 2607//2607 2577//2577 2573//2573
f 2607//2607 2573//2573 2579//2579
f 2573//2573 2581//2581 2579//2579
f 2581//2581 2573//2573 2574//2574
f 2581//2581 2574//2574 2580//2580
f 2580//2580 2583//2583 2581//2581
f 2589//2589 2584//2584 2593//2593
f 2586//2586 2593//2593 2584//2584
f 2589//2589 2593//2593 2611//2611
f 2590//2590 2587//2587 2588//2588
f 2594//2594 2593//2593 2586//2586
f 2590//2590 2594//2594 2586//2586
f 2594//2594 2590//2590 2621//2621
f 2602//2602 2590//2590 2588//2588
f 2602//2602 2588//2588 2595//2595
f 2570//2570 2595//2595 2591//2591
f 2595//2595 2588//2588 2591//2591
f 2570//2570 2591//2591 2592//2592
f 2570//2570 2592//2592 2571//2571
f 2592//2592 2596//2596 2616//2616
f 2598//2598 2597//2597 2616//2616
f 2622//2622 2621//2621 2590//2590
f 2622//2622 2590//2590 2601//2601
f 2602//2602 2601//2601 2590//2590
f 2602//2602 2595//2595 2570//2570
f 2570//2570 2575//2575 2602//2602
f 2572//2572 2571//2571 2592//2592
f 2573//2573 2592//2592 2616//2616
f 2616//2616 2597//2597 2573//2573
f 2573//2573 2597//2597 2574//2574
f 2574//2574 2597//2597 2598//2598
f 2599//2599 2578//2578 2574//2574
f 2623//2623 2599//2599 2574//2574
f 2598//2598 2623//2623 2574//2574
f 2575//2575 2603//2603 2602//2602
f 2576//2576 2604//2604 2575//2575
f 2572//2572 2604//2604 2576//2576
f 2578//2578 2599//2599 2605//2605
f 2599//2599 2600//2600 2605//2605
f 2603//2603 2575//2575 2606//2606
f 2606//2606 2575//2575 2604//2604
f 2606//2606 2604//2604 2572//2572
f 2572//2572 2607//2607 2606//2606
f 2607//2607 2579//2579 2581//2581
f 2581//2581 2582//2582 2607//2607
f 2581//2581 2608//2608 2582//2582
f 2583//2583 2608//2608 2581//2581
f 2605//2605 2630//2630 2580//2580
f 2605//2605 2609//2609 2630//2630
f 2628//2628 2607//2607 2582//2582
f 2582//2582 2608//2608 2583//2583
f 2582//2582 2583//2583 2580//2580
f 2630//2630 2582//2582 2580//2580
f 2610//2610 2589//2589 2585//2585
f 2610//2610 2584//2584 2589//2589
f 2610//2610 2585//2585 2589//2589
f 2611//2611 2610//2610 2589//2589
f 2610//2610 2611//2611 2584//2584
f 2586//2586 2636//2636 2590//2590
f 2584//2584 2636//2636 2586//2586
f 2590//2590 2637//2637 2587//2587
f 2636//2636 2637//2637 2590//2590
f 2587//2587 2637//2637 2588//2588
f 2637//2637 2612//2612 2588//2588
f 2617//2617 2613//2613 2593//2593
f 2613//2613 2611//2611 2593//2593
f 2612//2612 2591//2591 2588//2588
f 2612//2612 2614//2614 2591//2591
f 2591//2591 2614//2614 2592//2592
f 2614//2614 2654//2654 2592//2592
f 2654//2654 2615//2615 2592//2592
f 2592//2592 2615//2615 2596//2596
f 2638//2638 2616//2616 2615//2615
f 2594//2594 2617//2617 2593//2593
f 2617//2617 2594//2594 2620//2620
f 2616//2616 2596//2596 2615//2615
f 2618//2618 2616//2616 2638//2638
f 2616//2616 2619//2619 2598//2598
f 2618//2618 2619//2619 2616//2616
f 2619//2619 2623//2623 2598//2598
f 2620//2620 2594//2594 2621//2621
f 2623//2623 2600//2600 2599//2599
f 2624//2624 2622//2622 2601//2601
f 2624//2624 2601//2601 2602//2602
f 2624//2624 2602//2602 2625//2625
f 2603//2603 2625//2625 2602//2602
f 2623//2623 2605//2605 2600//2600
f 2641//2641 2605//2605 2623//2623
f 2626//2626 2625//2625 2603//2603
f 2627//2627 2603//2603 2606//2606
f 2627//2627 2626//2626 2603//2603
f 2627//2627 2606//2606 2607//2607
f 2628//2628 2627//2627 2607//2607
f 2632//2632 2609//2609 2605//2605
f 2629//2629 2628//2628 2582//2582
f 2629//2629 2647//2647 2628//2628
f 2633//2633 2629//2629 2582//2582
f 2630//2630 2632//2632 2631//2631
f 2630//2630 2609//2609 2632//2632
f 2633//2633 2582//2582 2630//2630
f 2633//2633 2630//2630 2631//2631
f 2634//2634 2584//2584 2611//2611
f 2635//2635 2636//2636 2584//2584
f 2635//2635 2584//2584 2634//2634
f 2611//2611 2613//2613 2634//2634
f 2634//2634 2613//2613 2617//2617
f 2634//2634 2617//2617 2635//2635
f 2636//2636 2635//2635 2637//2637
f 2650//2650 2637//2637 2635//2635
f 2637//2637 2650//2650 2651//2651
f 2637//2637 2651//2651 2612//2612
f 2612//2612 2654//2654 2614//2614
f 2635//2635 2617//2617 2620//2620
f 2635//2635 2620//2620 2656//2656
f 2638//2638 2639//2639 2618//2618
f 2618//2618 2640//2640 2619//2619
f 2619//2619 2640//2640 2623//2623
f 2620//2620 2621//2621 2656//2656
f 2622//2622 2656//2656 2621//2621
f 2642//2642 2656//2656 2622//2622
f 2640//2640 2641//2641 2623//2623
f 2624//2624 2642//2642 2622//2622
f 2643//2643 2624//2624 2625//2625
f 2625//2625 2626//2626 2643//2643
f 2644//2644 2626//2626 2627//2627
f 2675//2675 2605//2605 2641//2641
f 2627//2627 2645//2645 2644//2644
f 2645//2645 2627//2627 2628//2628
f 2675//2675 2632//2632 2605//2605
f 2646//2646 2645//2645 2628//2628
f 2646//2646 2628//2628 2647//2647
f 2647//2647 2629//2629 2648//2648
f 2649//2649 2629//2629 2633//2633
f 2649//2649 2648//2648 2629//2629
f 2633//2633 2631//2631 2632//2632
f 2633//2633 2632//2632 2649//2649
f 2652//2652 2612//2612 2651//2651
f 2653//2653 2654//2654 2612//2612
f 2655//2655 2615//2615 2654//2654
f 2655//2655 2638//2638 2615//2615
f 2656//2656 2650//2650 2635//2635
f 2652//2652 2659//2659 2612//2612
f 2652//2652 2651//2651 2659//2659
f 2612//2612 2659//2659 2653//2653
f 2654//2654 2653//2653 2659//2659
f 2654//2654 2666//2666 2655//2655
f 2655//2655 2666//2666 2638//2638
f 2666//2666 2667//2667 2638//2638
f 2638//2638 2667//2667 2639//2639
f 2639//2639 2668//2668 2618//2618
f 2618//2618 2657//2657 2640//2640
f 2668//2668 2657//2657 2618//2618
f 2657//2657 2641//2641 2640//2640
f 2656//2656 2642//2642 2650//2650
f 2658//2658 2650//2650 2642//2642
f 2651//2651 2650//2650 2658//2658
f 2651//2651 2660//2660 2659//2659
f 2651//2651 2658//2658 2660//2660
f 2657//2657 2674//2674 2641//2641
f 2624//2624 2658//2658 2642//2642
f 2658//2658 2624//2624 2643//2643
f 2660//2660 2658//2658 2643//2643
f 2661//2661 2641//2641 2674//2674
f 2626//2626 2660//2660 2643//2643
f 2660//2660 2626//2626 2644//2644
f 2660//2660 2644//2644 2669//2669
f 2662//2662 2669//2669 2644//2644
f 2661//2661 2675//2675 2641//2641
f 2645//2645 2662//2662 2644//2644
f 2646//2646 2663//2663 2645//2645
f 2663//2663 2646//2646 2647//2647
f 2663//2663 2647//2647 2664//2664
f 2647//2647 2648//2648 2664//2664
f 2632//2632 2679//2679 2665//2665
f 2649//2649 2680//2680 2648//2648
f 2665//2665 2649//2649 2632//2632
f 2673//2673 2639//2639 2667//2667
f 2668//2668 2639//2639 2673//2673
f 2666//2666 2654//2654 2659//2659
f 2666//2666 2669//2669 2667//2667
f 2667//2667 2672//2672 2673//2673
f 2657//2657 2668//2668 2683//2683
f 2668//2668 2673//2673 2683//2683
f 2674//2674 2657//2657 2670//2670
f 2660//2660 2666//2666 2659//2659
f 2666//2666 2660//2660 2669//2669
f 2669//2669 2671//2671 2667//2667
f 2667//2667 2671//2671 2672//2672
f 2662//2662 2671//2671 2669//2669
f 2675//2675 2661//2661 2674//2674
f 2645//2645 2671//2671 2662//2662
f 2671//2671 2645//2645 2663//2663
f 2671//2671 2663//2663 2672//2672
f 2672//2672 2663//2663 2664//2664
f 2682//2682 2672//2672 2664//2664
f 2679//2679 2632//2632 2675//2675
f 2648//2648 2676//2676 2664//2664
f 2680//2680 2677//2677 2648//2648
f 2677//2677 2676//2676 2648//2648
f 2678//2678 2680//2680 2675//2675
f 2680//2680 2665//2665 2675//2675
f 2675//2675 2665//2665 2679//2679
f 2680//2680 2649//2649 2665//2665
f 2681//2681 2670//2670 2657//2657
f 2681//2681 2657//2657 2683//2683
f 2672//2672 2683//2683 2673//2673
f 2681//2681 2674//2674 2670//2670
f 2672//2672 2682//2682 2683//2683
f 2681//2681 2675//2675 2674//2674
f 2682//2682 2664//2664 2676//2676
f 2682//2682 2676//2676 2683//2683
f 2683//2683 2676//2676 2677//2677
f 2681//2681 2683//2683 2678//2678
f 2681//2681 2678//2678 2675//2675
f 2680//2680 2683//2683 2677//2677
f 2683//2683 2680//2680 2678//2678
f 2685//2685 2686//2686 2684//2684
f 2686//2686 2685//2685 2687//2687
f 2687//2687 2685//2685 2698//2698
f 2688//2688 2686//2686 2687//2687
f 2687//2687 2689//2689 2688//2688
f 2689//2689 2687//2687 2705//2705
f 2696//2696 2690//2690 2693//2693
f 2697//2697 2693//2693 2694//2694
f 2694//2694 2691//2691 2684//2684
f 2684//2684 2691//2691 2685//2685
f 2685//2685 2691//2691 2692//2692
f 2712//2712 2695//2695 2685//2685
f 2692//2692 2712//2712 2685//2685
f 2690//2690 2696//2696 2718//2718
f 2697//2697 2696//2696 2693//2693
f 2686//2686 2697//2697 2694//2694
f 2686//2686 2694//2694 2684//2684
f 2685//2685 2695//2695 2698//2698
f 2695//2695 2716//2716 2698//2698
f 2697//2697 2699//2699 2696//2696
f 2699//2699 2697//2697 2702//2702
f 2688//2688 2697//2697 2686//2686
f 2702//2702 2697//2697 2688//2688
f 2689//2689 2700//2700 2688//2688
f 2688//2688 2700//2700 2702//2702
f 2698//2698 2705//2705 2687//2687
f 2698//2698 2701//2701 2705//2705
f 2702//2702 2700//2700 2703//2703
f 2704//2704 2703//2703 2689//2689
f 2703//2703 2700//2700 2689//2689
f 2704//2704 2689//2689 2705//2705
f 2706//2706 2707//2707 2710//2710
f 2715//2715 2707//2707 2711//2711
f 2690//2690 2708//2708 2709//2709
f 2709//2709 2693//2693 2690//2690
f 2709//2709 2754//2754 2693//2693
f 2693//2693 2754//2754 2694//2694
f 2694//2694 2754//2754 2691//2691
f 2754//2754 2712//2712 2691//2691
f 2691//2691 2712//2712 2692//2692
f 2714//2714 2710//2710 2707//2707
f 2707//2707 2715//2715 2714//2714
f 2715//2715 2711//2711 2690//2690
f 2690//2690 2711//2711 2708//2708
f 2713//2713 2716//2716 2712//2712
f 2716//2716 2695//2695 2712//2712
f 2718//2718 2715//2715 2690//2690
f 2718//2718 2739//2739 2715//2715
f 2783//2783 2698//2698 2716//2716
f 2718//2718 2717//2717 2739//2739
f 2741//2741 2718//2718 2719//2719
f 2719//2719 2718//2718 2699//2699
f 2718//2718 2696//2696 2699//2699
f 2743//2743 2719//2719 2699//2699
f 2702//2702 2743//2743 2699//2699
f 2743//2743 2702//2702 2720//2720
f 2764//2764 2701//2701 2698//2698
f 2744//2744 2720//2720 2702//2702
f 2723//2723 2744//2744 2702//2702
f 2723//2723 2702//2702 2703//2703
f 2704//2704 2705//2705 2721//2721
f 2705//2705 2722//2722 2721//2721
f 2705//2705 2701//2701 2764//2764
f 2705//2705 2764//2764 2722//2722
f 2704//2704 2723//2723 2703//2703
f 2751//2751 2726//2726 2725//2725
f 2728//2728 2724//2724 2729//2729
f 2725//2725 2729//2729 2724//2724
f 2729//2729 2725//2725 2733//2733
f 2710//2710 2725//2725 2726//2726
f 2733//2733 2725//2725 2710//2710
f 2706//2706 2726//2726 2707//2707
f 2707//2707 2726//2726 2727//2727
f 2727//2727 2730//2730 2707//2707
f 2707//2707 2708//2708 2711//2711
f 2730//2730 2708//2708 2707//2707
f 2708//2708 2732//2732 2709//2709
f 2731//2731 2732//2732 2708//2708
f 2710//2710 2738//2738 2733//2733
f 2706//2706 2710//2710 2726//2726
f 2709//2709 2732//2732 2754//2754
f 2754//2754 2735//2735 2712//2712
f 2734//2734 2735//2735 2754//2754
f 2735//2735 2713//2713 2712//2712
f 2714//2714 2738//2738 2710//2710
f 2738//2738 2715//2715 2737//2737
f 2738//2738 2714//2714 2715//2715
f 2713//2713 2736//2736 2716//2716
f 2739//2739 2738//2738 2737//2737
f 2739//2739 2737//2737 2715//2715
f 2717//2717 2740//2740 2739//2739
f 2736//2736 2783//2783 2716//2716
f 2718//2718 2740//2740 2717//2717
f 2741//2741 2740//2740 2718//2718
f 2761//2761 2698//2698 2783//2783
f 2742//2742 2741//2741 2719//2719
f 2743//2743 2742//2742 2719//2719
f 2761//2761 2764//2764 2698//2698
f 2744//2744 2743//2743 2720//2720
f 2744//2744 2723//2723 2745//2745
f 2746//2746 2745//2745 2723//2723
f 2746//2746 2723//2723 2704//2704
f 2704//2704 2721//2721 2722//2722
f 2704//2704 2722//2722 2746//2746
f 2767//2767 2768//2768 2748//2748
f 2768//2768 2728//2728 2748//2748
f 2747//2747 2728//2728 2768//2768
f 2728//2728 2749//2749 2724//2724
f 2747//2747 2749//2749 2728//2728
f 2724//2724 2749//2749 2725//2725
f 2725//2725 2750//2750 2751//2751
f 2749//2749 2750//2750 2725//2725
f 2727//2727 2751//2751 2752//2752
f 2726//2726 2751//2751 2727//2727
f 2769//2769 2728//2728 2729//2729
f 2733//2733 2769//2769 2729//2729
f 2727//2727 2752//2752 2730//2730
f 2730//2730 2752//2752 2708//2708
f 2752//2752 2776//2776 2708//2708
f 2708//2708 2777//2777 2731//2731
f 2776//2776 2777//2777 2708//2708
f 2777//2777 2753//2753 2731//2731
f 2731//2731 2753//2753 2732//2732
f 2754//2754 2732//2732 2753//2753
f 2771//2771 2769//2769 2733//2733
f 2772//2772 2733//2733 2738//2738
f 2772//2772 2771//2771 2733//2733
f 2754//2754 2753//2753 2795//2795
f 2795//2795 2734//2734 2754//2754
f 2713//2713 2735//2735 2755//2755
f 2755//2755 2736//2736 2713//2713
f 2756//2756 2772//2772 2738//2738
f 2773//2773 2756//2756 2738//2738
f 2757//2757 2773//2773 2738//2738
f 2755//2755 2783//2783 2736//2736
f 2758//2758 2757//2757 2738//2738
f 2758//2758 2738//2738 2739//2739
f 2759//2759 2739//2739 2740//2740
f 2759//2759 2758//2758 2739//2739
f 2760//2760 2759//2759 2740//2740
f 2741//2741 2760//2760 2740//2740
f 2784//2784 2760//2760 2741//2741
f 2762//2762 2784//2784 2741//2741
f 2742//2742 2762//2762 2741//2741
f 2762//2762 2742//2742 2743//2743
f 2762//2762 2743//2743 2744//2744
f 2744//2744 2763//2763 2762//2762
f 2765//2765 2763//2763 2744//2744
f 2765//2765 2744//2744 2745//2745
f 2722//2722 2764//2764 2766//2766
f 2766//2766 2746//2746 2722//2722
f 2767//2767 2748//2748 2768//2768
f 2768//2768 2748//2748 2728//2728
f 2769//2769 2768//2768 2728//2728
f 2768//2768 2770//2770 2747//2747
f 2769//2769 2770//2770 2768//2768
f 2749//2749 2747//2747 2770//2770
f 2774//2774 2751//2751 2750//2750
f 2774//2774 2752//2752 2751//2751
f 2770//2770 2769//2769 2771//2771
f 2749//2749 2770//2770 2771//2771
f 2749//2749 2771//2771 2772//2772
f 2749//2749 2772//2772 2756//2756
f 2749//2749 2773//2773 2750//2750
f 2749//2749 2756//2756 2773//2773
f 2750//2750 2773//2773 2774//2774
f 2775//2775 2752//2752 2774//2774
f 2778//2778 2752//2752 2775//2775
f 2776//2776 2752//2752 2778//2778
f 2778//2778 2775//2775 2774//2774
f 2777//2777 2779//2779 2753//2753
f 2795//2795 2753//2753 2779//2779
f 2734//2734 2795//2795 2780//2780
f 2734//2734 2755//2755 2735//2735
f 2758//2758 2773//2773 2757//2757
f 2773//2773 2758//2758 2774//2774
f 2774//2774 2781//2781 2778//2778
f 2779//2779 2777//2777 2794//2794
f 2779//2779 2794//2794 2795//2795
f 2734//2734 2798//2798 2782//2782
f 2734//2734 2782//2782 2755//2755
f 2783//2783 2755//2755 2782//2782
f 2774//2774 2758//2758 2759//2759
f 2774//2774 2759//2759 2781//2781
f 2790//2790 2781//2781 2784//2784
f 2781//2781 2759//2759 2784//2784
f 2801//2801 2783//2783 2782//2782
f 2759//2759 2760//2760 2784//2784
f 2785//2785 2792//2792 2762//2762
f 2762//2762 2792//2792 2784//2784
f 2785//2785 2786//2786 2792//2792
f 2787//2787 2761//2761 2783//2783
f 2787//2787 2783//2783 2801//2801
f 2785//2785 2762//2762 2786//2786
f 2763//2763 2786//2786 2762//2762
f 2764//2764 2761//2761 2787//2787
f 2763//2763 2765//2765 2788//2788
f 2745//2745 2789//2789 2765//2765
f 2789//2789 2788//2788 2765//2765
f 2800//2800 2745//2745 2787//2787
f 2745//2745 2766//2766 2787//2787
f 2787//2787 2766//2766 2764//2764
f 2745//2745 2746//2746 2766//2766
f 2790//2790 2776//2776 2778//2778
f 2790//2790 2777//2777 2776//2776
f 2778//2778 2781//2781 2790//2790
f 2790//2790 2792//2792 2777//2777
f 2791//2791 2792//2792 2790//2790
f 2793//2793 2794//2794 2777//2777
f 2793//2793 2777//2777 2792//2792
f 2796//2796 2734//2734 2780//2780
f 2796//2796 2780//2780 2795//2795
f 2797//2797 2798//2798 2734//2734
f 2797//2797 2734//2734 2796//2796
f 2784//2784 2791//2791 2790//2790
f 2791//2791 2784//2784 2792//2792
f 2794//2794 2799//2799 2795//2795
f 2795//2795 2800//2800 2796//2796
f 2795//2795 2799//2799 2800//2800
f 2798//2798 2801//2801 2782//2782
f 2797//2797 2801//2801 2798//2798
f 2793//2793 2792//2792 2786//2786
f 2793//2793 2786//2786 2794//2794
f 2788//2788 2794//2794 2786//2786
f 2799//2799 2794//2794 2788//2788
f 2797//2797 2787//2787 2801//2801
f 2763//2763 2788//2788 2786//2786
f 2799//2799 2788//2788 2800//2800
f 2800//2800 2788//2788 2789//2789
f 2796//2796 2800//2800 2797//2797
f 2797//2797 2800//2800 2787//2787
f 2745//2745 2800//2800 2789//2789
f 2805//2805 2803//2803 2804//2804
f 2806//2806 2803//2803 2805//2805
f 2803//2803 2808//2808 2807//2807
f 2806//2806 2808//2808 2803//2803
f 2809//2809 2803//2803 2802//2802
f 2811//2811 2809//2809 2802//2802
f 2814//2814 2810//2810 2811//2811
f 2816//2816 2810//2810 2814//2814
f 2814//2814 2811//2811 2803//2803
f 2803//2803 2811//2811 2802//2802
f 2809//2809 2804//2804 2803//2803
f 2804//2804 2809//2809 2805//2805
f 2809//2809 2812//2812 2805//2805
f 2813//2813 2810//2810 2827//2827
f 2815//2815 2810//2810 2816//2816
f 2827//2827 2810//2810 2815//2815
f 2807//2807 2816//2816 2803//2803
f 2803//2803 2816//2816 2814//2814
f 2808//2808 2816//2816 2807//2807
f 2805//2805 2828//2828 2806//2806
f 2805//2805 2818//2818 2828//2828
f 2805//2805 2855//2855 2818//2818
f 2817//2817 2816//2816 2808//2808
f 2828//2828 2817//2817 2808//2808
f 2828//2828 2808//2808 2806//2806
f 2820//2820 2821//2821 2835//2835
f 2811//2811 2825//2825 2809//2809
f 2822//2822 2825//2825 2811//2811
f 2824//2824 2819//2819 2813//2813
f 2819//2819 2835//2835 2810//2810
f 2810//2810 2835//2835 2821//2821
f 2810//2810 2821//2821 2811//2811
f 2811//2811 2821//2821 2822//2822
f 2825//2825 2812//2812 2809//2809
f 2824//2824 2826//2826 2839//2839
f 2826//2826 2824//2824 2813//2813
f 2810//2810 2813//2813 2819//2819
f 2825//2825 2805//2805 2812//2812
f 2855//2855 2805//2805 2825//2825
f 2827//2827 2815//2815 2816//2816
f 2843//2843 2827//2827 2816//2816
f 2843//2843 2816//2816 2817//2817
f 2828//2828 2830//2830 2829//2829
f 2828//2828 2818//2818 2830//2830
f 2831//2831 2843//2843 2817//2817
f 2817//2817 2828//2828 2829//2829
f 2834//2834 2832//2832 2833//2833
f 2838//2838 2850//2850 2832//2832
f 2836//2836 2832//2832 2834//2834
f 2824//2824 2836//2836 2819//2819
f 2819//2819 2836//2836 2848//2848
f 2819//2819 2848//2848 2835//2835
f 2837//2837 2820//2820 2835//2835
f 2821//2821 2865//2865 2822//2822
f 2820//2820 2865//2865 2821//2821
f 2822//2822 2823//2823 2825//2825
f 2865//2865 2823//2823 2822//2822
f 2838//2838 2836//2836 2824//2824
f 2838//2838 2832//2832 2836//2836
f 2854//2854 2838//2838 2839//2839
f 2838//2838 2824//2824 2839//2839
f 2823//2823 2855//2855 2825//2825
f 2840//2840 2839//2839 2826//2826
f 2840//2840 2826//2826 2813//2813
f 2841//2841 2840//2840 2813//2813
f 2827//2827 2841//2841 2813//2813
f 2874//2874 2818//2818 2855//2855
f 2842//2842 2841//2841 2827//2827
f 2843//2843 2842//2842 2827//2827
f 2844//2844 2843//2843 2831//2831
f 2844//2844 2831//2831 2817//2817
f 2817//2817 2829//2829 2830//2830
f 2817//2817 2830//2830 2844//2844
f 2847//2847 2832//2832 2846//2846
f 2834//2834 2848//2848 2836//2836
f 2835//2835 2848//2848 2849//2849
f 2850//2850 2845//2845 2846//2846
f 2850//2850 2846//2846 2832//2832
f 2849//2849 2837//2837 2835//2835
f 2837//2837 2851//2851 2820//2820
f 2820//2820 2851//2851 2865//2865
f 2823//2823 2865//2865 2852//2852
f 2850//2850 2853//2853 2845//2845
f 2838//2838 2854//2854 2850//2850
f 2854//2854 2853//2853 2850//2850
f 2852//2852 2869//2869 2823//2823
f 2869//2869 2855//2855 2823//2823
f 2856//2856 2854//2854 2839//2839
f 2840//2840 2856//2856 2839//2839
f 2841//2841 2856//2856 2840//2840
f 2872//2872 2841//2841 2857//2857
f 2858//2858 2857//2857 2841//2841
f 2858//2858 2841//2841 2842//2842
f 2858//2858 2842//2842 2843//2843
f 2858//2858 2843//2843 2844//2844
f 2844//2844 2873//2873 2858//2858
f 2830//2830 2874//2874 2859//2859
f 2830//2830 2818//2818 2874//2874
f 2859//2859 2844//2844 2830//2830
f 2860//2860 2899//2899 2861//2861
f 2845//2845 2861//2861 2877//2877
f 2845//2845 2877//2877 2846//2846
f 2877//2877 2903//2903 2846//2846
f 2846//2846 2904//2904 2847//2847
f 2903//2903 2904//2904 2846//2846
f 2832//2832 2878//2878 2833//2833
f 2847//2847 2878//2878 2832//2832
f 2833//2833 2878//2878 2834//2834
f 2848//2848 2878//2878 2881//2881
f 2834//2834 2878//2878 2848//2848
f 2862//2862 2866//2866 2863//2863
f 2860//2860 2866//2866 2862//2862
f 2866//2866 2860//2860 2861//2861
f 2845//2845 2866//2866 2861//2861
f 2848//2848 2881//2881 2849//2849
f 2881//2881 2837//2837 2849//2849
f 2881//2881 2864//2864 2837//2837
f 2837//2837 2864//2864 2851//2851
f 2853//2853 2866//2866 2845//2845
f 2866//2866 2853//2853 2867//2867
f 2865//2865 2851//2851 2888//2888
f 2865//2865 2888//2888 2852//2852
f 2869//2869 2852//2852 2888//2888
f 2867//2867 2853//2853 2854//2854
f 2868//2868 2867//2867 2854//2854
f 2885//2885 2868//2868 2854//2854
f 2885//2885 2854//2854 2856//2856
f 2870//2870 2885//2885 2856//2856
f 2871//2871 2874//2874 2855//2855
f 2871//2871 2855//2855 2869//2869
f 2841//2841 2870//2870 2856//2856
f 2870//2870 2841//2841 2872//2872
f 2872//2872 2889//2889 2870//2870
f 2858//2858 2872//2872 2857//2857
f 2872//2872 2858//2858 2890//2890
f 2890//2890 2858//2858 2891//2891
f 2873//2873 2892//2892 2858//2858
f 2892//2892 2891//2891 2858//2858
f 2873//2873 2859//2859 2871//2871
f 2871//2871 2859//2859 2874//2874
f 2873//2873 2844//2844 2859//2859
f 2876//2876 2862//2862 2875//2875
f 2862//2862 2899//2899 2860//2860
f 2876//2876 2899//2899 2862//2862
f 2877//2877 2899//2899 2903//2903
f 2861//2861 2899//2899 2877//2877
f 2901//2901 2900//2900 2875//2875
f 2875//2875 2879//2879 2901//2901
f 2863//2863 2879//2879 2862//2862
f 2862//2862 2879//2879 2875//2875
f 2847//2847 2904//2904 2878//2878
f 2901//2901 2879//2879 2863//2863
f 2863//2863 2866//2866 2901//2901
f 2883//2883 2878//2878 2880//2880
f 2883//2883 2881//2881 2878//2878
f 2882//2882 2864//2864 2881//2881
f 2898//2898 2901//2901 2866//2866
f 2905//2905 2898//2898 2866//2866
f 2867//2867 2905//2905 2866//2866
f 2881//2881 2884//2884 2882//2882
f 2882//2882 2884//2884 2864//2864
f 2884//2884 2851//2851 2864//2864
f 2888//2888 2851//2851 2884//2884
f 2867//2867 2868//2868 2902//2902
f 2887//2887 2881//2881 2883//2883
f 2887//2887 2889//2889 2881//2881
f 2881//2881 2890//2890 2884//2884
f 2881//2881 2889//2889 2890//2890
f 2893//2893 2869//2869 2888//2888
f 2909//2909 2885//2885 2870//2870
f 2909//2909 2870//2870 2886//2886
f 2886//2886 2870//2870 2887//2887
f 2889//2889 2887//2887 2870//2870
f 2884//2884 2890//2890 2891//2891
f 2884//2884 2891//2891 2892//2892
f 2884//2884 2892//2892 2888//2888
f 2888//2888 2892//2892 2893//2893
f 2893//2893 2871//2871 2869//2869
f 2889//2889 2872//2872 2890//2890
f 2893//2893 2892//2892 2873//2873
f 2893//2893 2873//2873 2871//2871
f 2894//2894 2895//2895 2896//2896
f 2900//2900 2911//2911 2875//2875
f 2911//2911 2876//2876 2875//2875
f 2897//2897 2899//2899 2876//2876
f 2898//2898 2899//2899 2897//2897
f 2897//2897 2901//2901 2898//2898
f 2902//2902 2903//2903 2899//2899
f 2898//2898 2902//2902 2899//2899
f 2898//2898 2906//2906 2902//2902
f 2898//2898 2905//2905 2906//2906
f 2903//2903 2902//2902 2907//2907
f 2903//2903 2907//2907 2904//2904
f 2907//2907 2878//2878 2904//2904
f 2909//2909 2880//2880 2878//2878
f 2909//2909 2878//2878 2907//2907
f 2906//2906 2905//2905 2867//2867
f 2906//2906 2867//2867 2902//2902
f 2908//2908 2907//2907 2902//2902
f 2887//2887 2883//2883 2880//2880
f 2868//2868 2908//2908 2902//2902
f 2908//2908 2868//2868 2885//2885
f 2908//2908 2885//2885 2907//2907
f 2907//2907 2885//2885 2909//2909
f 2909//2909 2886//2886 2880//2880
f 2880//2880 2886//2886 2887//2887
f 2894//2894 2896//2896 2895//2895
f 2910//2910 2911//2911 2900//2900
f 2911//2911 2897//2897 2876//2876
f 2910//2910 2900//2900 2901//2901
f 2910//2910 2901//2901 2911//2911
f 2911//2911 2901//2901 2897//2897
