mtllib prop_barrel.mtl
o metal
usemtl metal
v -0.3370 0.3002 -0.0120
v -0.3342 0.6000 -0.0042
v -0.3136 0.0059 0.0746
v -0.3078 0.1941 0.0827
v -0.3186 0.1141 0.0289
v -0.3110 0.2210 -0.0711
v -0.3199 0.2848 0.0134
v -0.3118 0.2851 -0.0741
v -0.3039 0.2941 0.1317
v -0.3216 0.3183 -0.0095
v -0.3179 0.3836 -0.0191
v -0.3192 0.4996 0.0064
v -0.3203 0.5837 0.0133
v -0.3189 0.5845 -0.0325
v -0.3241 0.5927 0.0382
v -0.3211 0.6136 -0.0439
v -0.3191 0.6845 0.0225
v -0.3130 0.7522 -0.0641
v -0.3185 0.8911 0.0197
v -0.3200 0.8854 -0.0120
v -0.3221 0.0089 0.0318
v -0.3039 0.0102 -0.1061
v -0.3161 0.1539 -0.0495
v -0.3120 0.1872 -0.0692
v -0.3157 0.2848 0.0549
v -0.3194 0.2838 -0.0216
v -0.3182 0.3175 0.0556
v -0.3049 0.3756 -0.0900
v -0.3107 0.4164 -0.0757
v -0.3116 0.4987 -0.0706
v -0.3096 0.5172 -0.0802
v -0.3158 0.6860 -0.0506
v -0.3130 0.7097 -0.0640
v -0.3181 0.7153 0.0062
v -0.3094 0.7806 -0.0789
v -0.3142 0.8886 0.0669
v -0.3172 0.8900 0.0060
v -0.3161 0.8890 -0.0532
v -0.3120 0.8960 -0.0060
v -0.3120 0.8960 0.0000
v -0.3110 0.0039 -0.0830
v -0.2939 0.1107 -0.1233
v -0.3101 0.1237 -0.0779
v -0.3112 0.1285 0.0696
v -0.3018 0.2465 -0.1043
v -0.3041 0.3145 -0.1011
v -0.3050 0.3950 -0.0960
v -0.2995 0.7161 -0.1111
v -0.3044 0.8379 -0.0959
v -0.3119 0.8960 0.0060
v -0.3060 0.8990 -0.0060
v -0.3025 0.0000 -0.0271
v -0.2960 0.0897 -0.1215
v -0.2954 0.1445 -0.1230
v -0.2992 0.2840 0.1153
v -0.2981 0.4608 -0.1159
v -0.2959 0.5845 -0.1242
v -0.3115 0.5855 0.0795
v -0.2947 0.6008 0.1636
v -0.3104 0.5969 -0.1222
v -0.3029 0.6145 -0.1083
v -0.2952 0.8034 -0.1222
v -0.2930 0.2326 -0.1282
v -0.3035 0.2857 -0.1066
v -0.3015 0.3147 0.1129
v -0.2937 0.4109 -0.1266
v -0.3117 0.4572 0.0716
v -0.2979 0.4607 0.1160
v -0.2865 0.5849 0.1430
v -0.2990 0.6515 0.1127
v -0.2952 0.6738 -0.1234
v -0.3154 0.6650 0.0540
v -0.2721 0.9035 -0.1253
v -0.2923 0.0018 -0.1263
v -0.2907 0.0103 0.1358
v -0.2853 0.0695 -0.1447
v -0.2834 0.2330 -0.1485
v -0.2842 0.6142 -0.1476
v -0.3026 0.7194 0.1002
v -0.3034 0.8912 -0.0996
v -0.2912 0.8900 0.1260
v -0.2880 0.8938 -0.1260
v -0.2880 0.8960 -0.1200
v -0.2902 0.8960 -0.1140
v -0.2992 0.8919 0.1037
v -0.2880 0.8960 0.1200
v -0.2880 0.8974 0.1140
v -0.2966 0.1685 0.1180
v -0.2911 0.1596 -0.1322
v -0.2903 0.1839 -0.1342
v -0.2850 0.2555 0.1455
v -0.2995 0.2988 -0.1435
v -0.2820 0.3118 0.1560
v -0.2857 0.4183 -0.1440
v -0.2895 0.4140 0.1354
v -0.2887 0.5030 -0.1380
v -0.2901 0.5279 -0.1346
v -0.2820 0.5874 -0.1560
v -0.2820 0.6118 0.1560
v -0.3109 0.6141 0.0915
v -0.2857 0.6946 -0.1440
v -0.2810 0.7055 -0.1530
v -0.2984 0.7821 0.1120
v -0.2946 0.9010 0.0279
v -0.2852 0.8960 0.1260
v -0.2820 0.8979 -0.1260
v -0.2770 0.8900 0.0958
v -0.2992 0.0000 0.0476
v -0.2399 0.0048 0.2131
v -0.2760 0.0320 0.1619
v -0.2760 0.0380 0.1619
v -0.2760 0.0440 0.1619
v -0.2760 0.0500 0.1619
v -0.2760 0.0560 0.1619
v -0.2760 0.0620 0.1619
v -0.2760 0.0680 0.1619
v -0.2760 0.0740 0.1619
v -0.2760 0.0800 0.1619
v -0.2760 0.0860 0.1619
v -0.2760 0.0920 0.1619
v -0.2760 0.0980 -0.1619
v -0.2760 0.0980 0.1619
v -0.2760 0.1040 -0.1619
v -0.2760 0.1040 0.1619
v -0.2760 0.1100 -0.1619
v -0.2984 0.0845 0.1131
v -0.2760 0.1100 0.1619
v -0.2760 0.1160 -0.1619
v -0.2760 0.1160 0.1619
v -0.2760 0.1220 -0.1619
v -0.2760 0.1220 0.1619
v -0.2760 0.1280 -0.1619
v -0.2760 0.1280 0.1619
v -0.2760 0.1340 -0.1619
v -0.2760 0.1340 0.1619
v -0.2760 0.1400 -0.1619
v -0.2760 0.1400 0.1619
v -0.2760 0.1460 -0.1619
v -0.2760 0.1460 0.1619
v -0.2760 0.1520 -0.1619
v -0.2760 0.1520 0.1619
v -0.2760 0.1580 -0.1619
v -0.2760 0.1580 0.1619
v -0.2760 0.1640 -0.1619
v -0.2760 0.1640 0.1619
v -0.2760 0.1700 -0.1619
v -0.2760 0.1700 0.1619
v -0.2760 0.1760 -0.1619
v -0.2760 0.1760 0.1619
v -0.2760 0.1820 -0.1619
v -0.2760 0.1820 0.1619
v -0.2760 0.1880 -0.1619
v -0.2760 0.1880 0.1619
v -0.2760 0.1940 -0.1619
v -0.2760 0.1940 0.1619
v -0.2760 0.2000 -0.1619
v -0.2760 0.2000 0.1619
v -0.2760 0.2060 -0.1619
v -0.2760 0.2060 0.1619
v -0.2760 0.2120 -0.1619
v -0.2760 0.2120 0.1619
v -0.2760 0.2180 -0.1619
v -0.2760 0.2180 0.1619
v -0.2760 0.2240 -0.1619
v -0.2760 0.2240 0.1619
v -0.2760 0.2300 -0.1619
v -0.2760 0.2300 0.1619
v -0.2760 0.2360 -0.1619
v -0.2760 0.2420 -0.1619
v -0.2760 0.2480 -0.1619
v -0.2760 0.2540 -0.1619
v -0.2760 0.3140 0.1619
v -0.2760 0.3140 0.1620
v -0.2760 0.3200 0.1619
v -0.2760 0.3260 0.1619
v -0.2829 0.3138 -0.1505
v -0.2760 0.3320 0.1619
v -0.2760 0.3380 0.1619
v -0.2760 0.3440 0.1619
v -0.2760 0.3500 0.1619
v -0.2760 0.3560 0.1619
v -0.2760 0.3620 0.1619
v -0.2760 0.3680 -0.1619
v -0.2760 0.3680 0.1619
v -0.2760 0.3740 -0.1619
v -0.2760 0.3740 0.1619
v -0.2760 0.3800 -0.1619
v -0.2760 0.3800 0.1619
v -0.2760 0.3860 -0.1619
v -0.2760 0.3860 0.1619
v -0.2760 0.3920 -0.1619
v -0.2760 0.3920 0.1619
v -0.2760 0.3980 -0.1619
v -0.2760 0.3980 0.1619
v -0.2760 0.4040 -0.1619
v -0.2760 0.4040 0.1619
v -0.2760 0.4100 -0.1619
v -0.2760 0.4100 0.1619
v -0.2760 0.4160 -0.1619
v -0.2760 0.4160 0.1619
v -0.2760 0.4220 -0.1619
v -0.2760 0.4220 0.1619
v -0.2760 0.4280 -0.1619
v -0.2760 0.4280 0.1619
v -0.2760 0.4340 -0.1619
v -0.2760 0.4340 0.1619
v -0.2760 0.4400 -0.1619
v -0.2760 0.4400 0.1619
v -0.2760 0.4460 -0.1619
v -0.2760 0.4460 0.1619
v -0.2760 0.4520 -0.1619
v -0.2760 0.4520 0.1619
v -0.2760 0.4580 -0.1619
v -0.2760 0.4580 0.1619
v -0.2760 0.4640 -0.1619
v -0.2760 0.4640 0.1619
v -0.2760 0.4700 -0.1619
v -0.2760 0.4700 0.1619
v -0.2760 0.4760 -0.1619
v -0.2760 0.4760 0.1619
v -0.2760 0.4820 -0.1619
v -0.2760 0.4820 0.1619
v -0.2760 0.4880 -0.1619
v -0.2760 0.4880 0.1619
v -0.2760 0.4940 -0.1619
v -0.2760 0.4940 0.1619
v -0.2760 0.5000 -0.1619
v -0.2760 0.5000 0.1619
v -0.2760 0.5060 -0.1619
v -0.2760 0.5060 0.1619
v -0.2760 0.5120 -0.1619
v -0.2760 0.5120 0.1619
v -0.2760 0.5180 -0.1619
v -0.2760 0.5180 0.1619
v -0.2760 0.5240 -0.1619
v -0.2760 0.5240 0.1619
v -0.2760 0.5300 -0.1619
v -0.2810 0.5135 0.1530
v -0.2760 0.5300 0.1619
v -0.2760 0.5360 -0.1619
v -0.2760 0.5360 0.1619
v -0.2760 0.5420 -0.1619
v -0.2760 0.5420 0.1619
v -0.2760 0.5480 -0.1619
v -0.2760 0.5510 0.1619
v -0.2760 0.5540 -0.1619
v -0.2760 0.5600 -0.1619
v -0.2760 0.5660 -0.1619
v -0.2760 0.5720 -0.1619
v -0.2760 0.5780 -0.1619
v -0.2760 0.5840 -0.1619
v -0.2816 0.5990 -0.1798
v -0.2760 0.6140 0.1619
v -0.2760 0.6140 0.1620
v -0.2760 0.6200 0.1619
v -0.2760 0.6260 0.1619
v -0.2760 0.6320 0.1619
v -0.2760 0.6380 0.1619
v -0.2760 0.6440 0.1619
v -0.2760 0.6500 0.1619
v -0.2760 0.6560 0.1619
v -0.2760 0.6620 0.1619
v -0.2760 0.6680 0.1619
v -0.2760 0.6740 -0.1619
v -0.2760 0.6740 0.1619
v -0.2760 0.6800 -0.1619
v -0.2760 0.6800 0.1619
v -0.2760 0.6860 -0.1619
v -0.2760 0.6860 0.1619
v -0.2760 0.6920 -0.1619
v -0.2875 0.6855 0.1401
v -0.2760 0.6920 0.1619
v -0.2760 0.6980 -0.1619
v -0.2760 0.6980 0.1619
v -0.2760 0.7040 -0.1619
v -0.2760 0.7040 0.1619
v -0.2760 0.7100 -0.1619
v -0.2760 0.7100 0.1619
v -0.2760 0.7160 -0.1619
v -0.2760 0.7160 0.1619
v -0.2889 0.7634 -0.1372
v -0.2760 0.7220 -0.1619
v -0.2760 0.7220 0.1619
v -0.2760 0.7280 -0.1619
v -0.2760 0.7280 0.1619
v -0.2760 0.7340 -0.1619
v -0.2760 0.7340 0.1619
v -0.2760 0.7400 -0.1619
v -0.2760 0.7400 0.1619
v -0.2760 0.7460 -0.1619
v -0.2760 0.7460 0.1619
v -0.2760 0.7520 -0.1619
v -0.2760 0.7520 0.1619
v -0.2760 0.7580 -0.1619
v -0.2760 0.7580 0.1619
v -0.2760 0.7640 -0.1619
v -0.2760 0.7640 0.1619
v -0.2760 0.7700 -0.1619
v -0.2760 0.7700 0.1619
v -0.2760 0.7760 -0.1619
v -0.2760 0.7760 0.1619
v -0.2760 0.7820 -0.1619
v -0.2760 0.7820 0.1619
v -0.2760 0.7880 -0.1619
v -0.2760 0.7880 0.1619
v -0.2760 0.7940 -0.1619
v -0.2760 0.7940 0.1619
v -0.2760 0.8000 -0.1619
v -0.2760 0.8000 0.1619
v -0.2760 0.8060 -0.1619
v -0.2760 0.8060 0.1619
v -0.2760 0.8120 -0.1619
v -0.2760 0.8120 0.1619
v -0.2827 0.8450 -0.1500
v -0.2760 0.8180 -0.1619
v -0.2760 0.8180 0.1619
v -0.2760 0.8240 -0.1619
v -0.2760 0.8240 0.1619
v -0.2760 0.8300 -0.1619
v -0.2760 0.8300 0.1619
v -0.2760 0.8360 0.1619
v -0.2760 0.8420 0.1619
v -0.2873 0.8867 0.1410
v -0.2760 0.8540 0.1619
v -0.2949 0.9001 -0.0208
v -0.2859 0.8927 -0.1416
v -0.2877 0.0057 0.1432
v -0.2526 0.0160 0.1989
v -0.2760 0.0260 0.1620
v -0.2760 0.0320 0.1620
v -0.2410 0.0755 -0.2085
v -0.2760 0.0380 0.1620
v -0.2760 0.0440 0.1620
v -0.2760 0.0500 0.1620
v -0.2760 0.0560 0.1620
v -0.2760 0.0620 0.1620
v -0.2760 0.0680 0.1620
v -0.2760 0.0740 0.1620
v -0.2760 0.0800 0.1620
v -0.2779 0.0257 -0.1589
v -0.2760 0.0860 0.1620
v -0.2760 0.0920 0.1620
v -0.2666 0.0905 -0.1770
v -0.2760 0.0980 0.1620
v -0.2760 0.1040 -0.1620
v -0.2760 0.1040 0.1620
v -0.2760 0.1100 -0.1620
v -0.2760 0.1100 0.1620
v -0.2760 0.1160 -0.1620
v -0.2760 0.1160 0.1620
v -0.2760 0.1220 -0.1620
v -0.2760 0.1220 0.1620
v -0.2760 0.1280 -0.1620
v -0.2760 0.1280 0.1620
v -0.2760 0.1340 -0.1620
v -0.2760 0.1340 0.1620
v -0.2760 0.1400 -0.1620
v -0.2760 0.1400 0.1620
v -0.2760 0.1460 -0.1620
v -0.2760 0.1460 0.1620
v -0.2760 0.1520 -0.1620
v -0.2760 0.1520 0.1620
v -0.2760 0.1580 -0.1620
v -0.2760 0.1580 0.1620
v -0.2760 0.1640 -0.1620
v -0.2760 0.1640 0.1620
v -0.2760 0.1700 -0.1620
v -0.2760 0.1700 0.1620
v -0.2760 0.1760 -0.1620
v -0.2760 0.1760 0.1620
v -0.2760 0.1820 -0.1620
v -0.2760 0.1820 0.1620
v -0.2760 0.1880 -0.1620
v -0.2760 0.1880 0.1620
v -0.2760 0.1940 -0.1620
v -0.2760 0.1940 0.1620
v -0.2760 0.2000 -0.1620
v -0.2760 0.2000 0.1620
v -0.2760 0.2060 -0.1620
v -0.2760 0.2060 0.1620
v -0.2760 0.2120 -0.1620
v -0.2760 0.2120 0.1620
v -0.2760 0.2180 -0.1620
v -0.2760 0.2180 0.1620
v -0.2760 0.2240 -0.1620
v -0.2760 0.2240 0.1620
v -0.2760 0.2300 -0.1620
v -0.2760 0.2300 0.1620
v -0.2760 0.2360 -0.1620
v -0.2690 0.2581 0.1733
v -0.2760 0.2420 -0.1620
v -0.2760 0.2480 -0.1620
v -0.2760 0.2540 -0.1620
v -0.2760 0.2600 -0.1620
v -0.2760 0.2705 -0.1620
v -0.2758 0.2839 0.1624
v -0.2760 0.3140 0.1620
v -0.2728 0.3140 0.1680
v -0.2715 0.3142 0.1694
v -0.2760 0.3200 0.1620
v -0.2760 0.3260 0.1620
v -0.2760 0.3320 0.1620
v -0.2760 0.3380 0.1620
v -0.2760 0.3440 0.1620
v -0.2760 0.3500 0.1620
v -0.2760 0.3560 0.1620
v -0.2760 0.3620 0.1620
v -0.2760 0.3680 0.1620
v -0.2680 0.3706 -0.1747
v -0.2760 0.3740 0.1620
v -0.2760 0.3800 -0.1620
v -0.2760 0.3800 0.1620
v -0.2760 0.3860 -0.1620
v -0.2760 0.3860 0.1620
v -0.2760 0.3920 -0.1620
v -0.2760 0.3920 0.1620
v -0.2760 0.3980 -0.1620
v -0.2760 0.3980 0.1620
v -0.2760 0.4040 -0.1620
v -0.2760 0.4040 0.1620
v -0.2760 0.4100 -0.1620
v -0.2760 0.4100 0.1620
v -0.2760 0.4160 -0.1620
v -0.2760 0.4160 0.1620
v -0.2760 0.4220 -0.1620
v -0.2760 0.4220 0.1620
v -0.2760 0.4280 -0.1620
v -0.2760 0.4280 0.1620
v -0.2760 0.4340 -0.1620
v -0.2760 0.4340 0.1620
v -0.2760 0.4400 -0.1620
v -0.2760 0.4400 0.1620
v -0.2760 0.4460 -0.1620
v -0.2760 0.4460 0.1620
v -0.2760 0.4520 -0.1620
v -0.2760 0.4520 0.1620
v -0.2760 0.4580 -0.1620
v -0.2760 0.4580 0.1620
v -0.2760 0.4640 -0.1620
v -0.2760 0.4640 0.1620
v -0.2760 0.4700 -0.1620
v -0.2760 0.4700 0.1620
v -0.2760 0.4760 -0.1620
v -0.2760 0.4760 0.1620
v -0.2760 0.4820 -0.1620
v -0.2760 0.4820 0.1620
v -0.2760 0.4880 -0.1620
v -0.2760 0.4880 0.1620
v -0.2760 0.4940 -0.1620
v -0.2760 0.4940 0.1620
v -0.2760 0.5000 -0.1620
v -0.2760 0.5000 0.1620
v -0.2760 0.5060 -0.1620
v -0.2760 0.5060 0.1620
v -0.2760 0.5120 -0.1620
v -0.2760 0.5120 0.1620
v -0.2760 0.5180 -0.1620
v -0.2760 0.5180 0.1620
v -0.2760 0.5240 -0.1620
v -0.2760 0.5240 0.1620
v -0.2760 0.5300 -0.1620
v -0.2695 0.5390 0.1725
v -0.2760 0.5360 -0.1620
v -0.2760 0.5420 -0.1620
v -0.2760 0.5480 -0.1620
v -0.2760 0.5540 -0.1620
v -0.2760 0.5600 -0.1620
v -0.2760 0.5660 -0.1620
v -0.2760 0.5720 -0.1620
v -0.2759 0.5842 -0.1623
v -0.2760 0.5780 -0.1620
v -0.2635 0.5844 -0.1819
v -0.2760 0.5840 -0.1620
v -0.2714 0.5858 0.1727
v -0.2760 0.6140 0.1620
v -0.2728 0.6140 0.1680
v -0.2715 0.6142 0.1694
v -0.2760 0.6200 0.1620
v -0.2760 0.6260 0.1620
v -0.2760 0.6320 0.1620
v -0.2760 0.6380 0.1620
v -0.2627 0.6658 -0.1826
v -0.2760 0.6440 0.1620
v -0.2760 0.6500 0.1620
v -0.2760 0.6560 0.1620
v -0.2760 0.6620 0.1620
v -0.2760 0.6680 0.1620
v -0.2760 0.6740 0.1620
v -0.2685 0.6710 -0.1740
v -0.2760 0.6800 0.1620
v -0.2760 0.6860 -0.1620
v -0.2760 0.6860 0.1620
v -0.2760 0.6920 -0.1620
v -0.2760 0.6920 0.1620
v -0.2760 0.6980 -0.1620
v -0.2760 0.6980 0.1620
v -0.2760 0.7040 -0.1620
v -0.2760 0.7040 0.1620
v -0.2760 0.7100 -0.1620
v -0.2760 0.7100 0.1620
v -0.2760 0.7160 -0.1620
v -0.2760 0.7160 0.1620
v -0.2760 0.7220 -0.1620
v -0.2760 0.7220 0.1620
v -0.2760 0.7280 -0.1620
v -0.2760 0.7280 0.1620
v -0.2760 0.7340 -0.1620
v -0.2760 0.7340 0.1620
v -0.2760 0.7400 -0.1620
v -0.2760 0.7400 0.1620
v -0.2760 0.7460 -0.1620
v -0.2760 0.7460 0.1620
v -0.2760 0.7520 -0.1620
v -0.2760 0.7520 0.1620
v -0.2760 0.7580 -0.1620
v -0.2760 0.7580 0.1620
v -0.2760 0.7640 -0.1620
v -0.2760 0.7640 0.1620
v -0.2760 0.7700 -0.1620
v -0.2760 0.7700 0.1620
v -0.2760 0.7760 -0.1620
v -0.2760 0.7760 0.1620
v -0.2760 0.7820 -0.1620
v -0.2760 0.7820 0.1620
v -0.2760 0.7880 -0.1620
v -0.2760 0.7880 0.1620
v -0.2760 0.7940 -0.1620
v -0.2760 0.7940 0.1620
v -0.2760 0.8000 -0.1620
v -0.2760 0.8000 0.1620
v -0.2760 0.8060 -0.1620
v -0.2760 0.8060 0.1620
v -0.2760 0.8120 -0.1620
v -0.2760 0.8120 0.1620
v -0.2760 0.8180 -0.1620
v -0.2760 0.8180 0.1620
v -0.2760 0.8240 -0.1620
v -0.2760 0.8240 0.1620
v -0.2760 0.8300 -0.1620
v -0.2760 0.8300 0.1620
v -0.2760 0.8360 -0.1620
v -0.2760 0.8465 -0.1620
v -0.2644 0.8912 -0.1803
v -0.2681 0.8924 0.1720
v -0.2679 0.0009 -0.1657
v -0.2578 0.1981 0.1890
v -0.2288 0.3788 -0.2218
v -0.2431 0.3909 0.2057
v -0.2406 0.4775 0.2084
v -0.2666 0.4445 -0.1770
v -0.2468 0.5088 -0.2013
v -0.2596 0.6778 0.1866
v -0.2589 0.7401 -0.1872
v -0.2718 0.9011 0.1150
v -0.2607 0.0994 0.1851
v -0.2561 0.1782 -0.1915
v -0.2317 0.5420 0.2180
v -0.2465 0.7681 0.2038
v -0.2650 0.8127 0.1793
v -0.2289 0.2845 -0.2262
v -0.2242 0.7036 -0.2279
v -0.2242 0.7996 -0.2279
v -0.2271 0.8120 0.2241
v -0.2428 0.8660 -0.2084
v -0.2941 0.0000 0.0231
v -0.2426 0.2851 0.2098
v -0.2705 0.2988 0.1950
v -0.2516 0.3142 -0.1992
v -0.2321 0.4610 -0.2202
v -0.2317 0.5852 -0.2217
v -0.2189 0.7339 -0.2316
v -0.2516 0.8937 0.1969
v -0.2850 0.0000 0.1015
v -0.1981 0.0808 -0.2501
v -0.2119 0.0076 0.2425
v -0.2010 0.1287 -0.2478
v -0.2429 0.1374 -0.2063
v -0.2092 0.2304 -0.2400
v -0.2450 0.2358 -0.2035
v -0.2218 0.6127 -0.2350
v -0.2266 0.6148 0.2293
v -0.2409 0.8854 -0.1585
v -0.2381 -0.0000 -0.0208
v -0.2030 0.5987 0.2647
v -0.2050 0.8889 0.2467
v -0.1894 -0.0000 -0.0296
v -0.2137 0.0916 0.2354
v -0.2391 0.1835 0.2121
v -0.2565 0.8903 0.1454
v -0.1724 -0.0000 0.0669
v -0.2184 0.1625 0.2333
v -0.2030 0.1891 0.2471
v -0.2142 0.4204 0.2357
v -0.2299 0.5593 -0.2222
v -0.2209 0.7295 0.2314
v -0.1406 -0.0000 0.1879
v -0.1853 0.3008 -0.2746
v -0.2013 0.4677 -0.2480
v -0.1963 0.5255 -0.2527
v -0.2434 0.5853 0.2101
v -0.2093 0.6848 0.2405
v -0.2220 0.8865 -0.2309
v -0.2319 0.5974 -0.2394
v -0.2872 0.8850 0.0124
v -0.1823 -0.0000 0.0042
v -0.0887 0.0000 0.2899
v -0.1955 0.2063 -0.2528
v -0.2516 0.2980 -0.2156
v -0.2300 0.3725 0.2224
v -0.1994 0.7576 0.2494
v -0.2066 0.8228 0.2434
v -0.1772 -0.0000 -0.1522
v -0.2022 0.6398 -0.2493
v -0.2279 0.0092 -0.2284
v -0.2002 0.1188 0.2482
v -0.2151 0.3642 -0.2397
v -0.2019 0.0001 -0.2274
v -0.2478 0.0023 -0.2008
v -0.2334 0.3145 0.2227
v -0.1928 0.3562 0.2538
v -0.1761 0.0012 -0.2677
v -0.1805 -0.0000 -0.0672
v -0.2064 0.6141 0.2472
v -0.2001 0.7667 -0.2483
v -0.1741 -0.0000 -0.1013
v -0.1740 0.2626 -0.2685
v -0.1727 0.3001 0.2845
v -0.1811 0.3991 -0.2637
v -0.1725 0.0582 -0.2695
v -0.1214 0.2843 -0.2976
v -0.1680 0.3140 -0.2728
v -0.1680 0.4430 0.2723
v -0.1959 0.4839 0.2518
v -0.2043 0.5180 0.2459
v -0.1680 0.6140 -0.2728
v -0.1887 0.8103 -0.2582
v -0.1770 0.7629 0.2665
v -0.1753 0.8992 -0.2636
v -0.1681 0.8850 -0.0427
v -0.1795 0.9020 0.2384
v -0.1620 0.0680 -0.2760
v -0.1620 0.0635 0.2760
v -0.1620 0.0740 -0.2760
v -0.1620 0.0740 0.2760
v -0.1620 0.0800 -0.2760
v -0.1620 0.0800 0.2760
v -0.1620 0.0860 -0.2760
v -0.1620 0.0860 0.2760
v -0.1620 0.0920 -0.2760
v -0.1620 0.0920 0.2760
v -0.1620 0.0980 -0.2760
v -0.1620 0.0980 0.2760
v -0.1620 0.1040 -0.2760
v -0.1620 0.1040 0.2760
v -0.1620 0.1100 -0.2760
v -0.1620 0.1100 0.2760
v -0.1620 0.1160 -0.2760
v -0.1620 0.1160 0.2760
v -0.1620 0.1220 -0.2760
v -0.1620 0.1220 0.2760
v -0.1620 0.1280 -0.2760
v -0.1620 0.1280 0.2760
v -0.1620 0.1340 -0.2760
v -0.1620 0.1340 0.2760
v -0.1620 0.1400 -0.2760
v -0.1620 0.1400 0.2760
v -0.1620 0.1460 -0.2760
v -0.1620 0.1460 0.2760
v -0.1620 0.1520 -0.2760
v -0.1620 0.1520 0.2760
v -0.1620 0.1580 -0.2760
v -0.1620 0.1580 0.2760
v -0.1620 0.1640 -0.2760
v -0.1620 0.1640 0.2760
v -0.1620 0.1700 -0.2760
v -0.1620 0.1700 0.2760
v -0.1620 0.1760 -0.2760
v -0.1620 0.1760 0.2760
v -0.1620 0.1820 -0.2760
v -0.1620 0.1820 0.2760
v -0.1620 0.1880 -0.2760
v -0.1620 0.1880 0.2760
v -0.1620 0.1940 -0.2760
v -0.1620 0.1940 0.2760
v -0.1620 0.2000 -0.2760
v -0.1620 0.2000 0.2760
v -0.1620 0.2060 -0.2760
v -0.1620 0.2060 0.2760
v -0.1620 0.2120 -0.2760
v -0.1620 0.2120 0.2760
v -0.1620 0.2180 -0.2760
v -0.1620 0.2180 0.2760
v -0.1620 0.2240 -0.2760
v -0.1620 0.2240 0.2760
v -0.1620 0.2300 -0.2760
v -0.1620 0.2300 0.2760
v -0.1620 0.2360 -0.2760
v -0.1620 0.2360 0.2760
v -0.2067 0.2450 0.2440
v -0.2158 0.2897 0.2439
v -0.1620 0.3140 -0.2760
v -0.1620 0.3140 -0.2760
v -0.1620 0.3200 -0.2760
v -0.1620 0.3260 -0.2760
v -0.1620 0.3260 0.2760
v -0.1620 0.3320 -0.2760
v -0.1620 0.3320 0.2760
v -0.1620 0.3380 -0.2760
v -0.1620 0.3380 0.2760
v -0.1620 0.3440 -0.2760
v -0.1620 0.3440 0.2760
v -0.1620 0.3500 -0.2760
v -0.1620 0.3500 0.2760
v -0.1620 0.3560 -0.2760
v -0.1620 0.3560 0.2760
v -0.1620 0.3620 -0.2760
v -0.1620 0.3620 0.2760
v -0.1620 0.3680 -0.2760
v -0.1620 0.3680 0.2760
v -0.1620 0.3740 -0.2760
v -0.1620 0.3740 0.2760
v -0.1620 0.3800 -0.2760
v -0.1620 0.3800 0.2760
v -0.1620 0.3860 -0.2760
v -0.1620 0.3860 0.2760
v -0.1620 0.3920 -0.2760
v -0.1620 0.3920 0.2760
v -0.1620 0.3980 -0.2760
v -0.1620 0.3980 0.2760
v -0.1620 0.4040 -0.2760
v -0.1620 0.4040 0.2760
v -0.1620 0.4100 -0.2760
v -0.1620 0.4100 0.2760
v -0.1620 0.4160 -0.2760
v -0.1620 0.4160 0.2760
v -0.1620 0.4220 -0.2760
v -0.1620 0.4220 0.2760
v -0.1620 0.4280 -0.2760
v -0.1620 0.4280 0.2760
v -0.1620 0.4340 -0.2760
v -0.1620 0.4340 0.2760
v -0.1620 0.4400 -0.2760
v -0.1620 0.4400 0.2760
v -0.1620 0.4460 -0.2760
v -0.1620 0.4460 0.2760
v -0.1620 0.4520 -0.2760
v -0.1620 0.4520 0.2760
v -0.1620 0.4580 -0.2760
v -0.1620 0.4580 0.2760
v -0.1620 0.4640 -0.2760
v -0.1620 0.4640 0.2760
v -0.1620 0.4700 -0.2760
v -0.1620 0.4700 0.2760
v -0.1620 0.4760 -0.2760
v -0.1620 0.4760 0.2760
v -0.1620 0.4820 -0.2760
v -0.1620 0.4820 0.2760
v -0.1620 0.4880 -0.2760
v -0.1620 0.4880 0.2760
v -0.1620 0.4940 -0.2760
v -0.1620 0.4940 0.2760
v -0.1620 0.5000 -0.2760
v -0.1620 0.5000 0.2760
v -0.1620 0.5060 -0.2760
v -0.1620 0.5060 0.2760
v -0.1620 0.5120 -0.2760
v -0.1620 0.5120 0.2760
v -0.1620 0.5180 -0.2760
v -0.1620 0.5180 0.2760
v -0.1620 0.5240 -0.2760
v -0.1620 0.5240 0.2760
v -0.1620 0.5300 0.2760
v -0.1620 0.5360 0.2760
v -0.1620 0.5420 0.2760
v -0.1962 0.5611 0.2517
v -0.1747 0.5742 0.2680
v -0.1620 0.6140 -0.2760
v -0.1620 0.6140 -0.2760
v -0.1620 0.6200 -0.2760
v -0.1620 0.6260 -0.2760
v -0.1582 0.6140 0.2782
v -0.1620 0.6320 -0.2760
v -0.1620 0.6380 -0.2760
v -0.1620 0.6350 0.2760
v -0.1620 0.6440 -0.2760
v -0.1620 0.6500 -0.2760
v -0.1620 0.6470 0.2760
v -0.1620 0.6560 -0.2760
v -0.1620 0.6620 -0.2760
v -0.1620 0.6590 0.2760
v -0.1620 0.6680 -0.2760
v -0.1620 0.6680 0.2760
v -0.1620 0.6740 -0.2760
v -0.1620 0.6740 0.2760
v -0.1620 0.6800 -0.2760
v -0.1620 0.6800 0.2760
v -0.1620 0.6860 -0.2760
v -0.1620 0.6860 0.2760
v -0.1620 0.6920 -0.2760
v -0.1620 0.6920 0.2760
v -0.1620 0.6980 -0.2760
v -0.1620 0.6980 0.2760
v -0.1620 0.7040 -0.2760
v -0.1620 0.7040 0.2760
v -0.1620 0.7100 -0.2760
v -0.1620 0.7100 0.2760
v -0.1620 0.7160 -0.2760
v -0.1620 0.7160 0.2760
v -0.1620 0.7220 -0.2760
v -0.1620 0.7220 0.2760
v -0.1620 0.7280 -0.2760
v -0.1620 0.7280 0.2760
v -0.1620 0.7340 -0.2760
v -0.1620 0.7340 0.2760
v -0.1620 0.7400 -0.2760
v -0.1620 0.7400 0.2760
v -0.1620 0.7460 -0.2760
v -0.1620 0.7460 0.2760
v -0.1620 0.7520 -0.2760
v -0.1620 0.7520 0.2760
v -0.1620 0.7580 -0.2760
v -0.1620 0.7580 0.2760
v -0.1620 0.7640 -0.2760
v -0.1620 0.7640 0.2760
v -0.1620 0.7700 -0.2760
v -0.1620 0.7700 0.2760
v -0.1620 0.7760 -0.2760
v -0.1620 0.7760 0.2760
v -0.1620 0.7820 -0.2760
v -0.1620 0.7820 0.2760
v -0.1620 0.7880 -0.2760
v -0.1620 0.7880 0.2760
v -0.1620 0.7940 -0.2760
v -0.1620 0.7940 0.2760
v -0.1620 0.8000 -0.2760
v -0.1620 0.8000 0.2760
v -0.1620 0.8060 -0.2760
v -0.1620 0.8060 0.2760
v -0.1620 0.8120 -0.2760
v -0.1620 0.8120 0.2760
v -0.1620 0.8180 -0.2760
v -0.1620 0.8180 0.2760
v -0.1620 0.8240 -0.2760
v -0.1620 0.8240 0.2760
v -0.1620 0.8300 0.2760
v -0.1620 0.8360 0.2760
v -0.1620 0.8420 0.2760
v -0.1620 0.8480 0.2760
v -0.1681 0.8829 0.2723
v -0.1500 0.0440 0.2827
v -0.1617 0.0141 0.2779
v -0.1292 0.0084 -0.2947
v -0.1380 0.0860 -0.2887
v -0.1619 0.0740 -0.2760
v -0.1619 0.0740 0.2760
v -0.1619 0.0800 -0.2760
v -0.1619 0.0800 0.2760
v -0.1619 0.0860 -0.2760
v -0.1619 0.0860 0.2760
v -0.1619 0.0920 -0.2760
v -0.1619 0.0920 0.2760
v -0.1619 0.0980 -0.2760
v -0.1619 0.0980 0.2760
v -0.1619 0.1040 -0.2760
v -0.1619 0.1040 0.2760
v -0.1619 0.1100 -0.2760
v -0.1619 0.1100 0.2760
v -0.1619 0.1160 -0.2760
v -0.1619 0.1160 0.2760
v -0.1619 0.1220 -0.2760
v -0.1619 0.1220 0.2760
v -0.1619 0.1280 -0.2760
v -0.1619 0.1280 0.2760
v -0.1619 0.1340 -0.2760
v -0.1619 0.1340 0.2760
v -0.1619 0.1400 -0.2760
v -0.1619 0.1400 0.2760
v -0.1619 0.1460 -0.2760
v -0.1619 0.1460 0.2760
v -0.1619 0.1520 -0.2760
v -0.1619 0.1520 0.2760
v -0.1619 0.1580 -0.2760
v -0.1619 0.1580 0.2760
v -0.1619 0.1640 -0.2760
v -0.1619 0.1640 0.2760
v -0.1619 0.1700 -0.2760
v -0.1619 0.1700 0.2760
v -0.1619 0.1760 -0.2760
v -0.1619 0.1760 0.2760
v -0.1619 0.1820 -0.2760
v -0.1619 0.1820 0.2760
v -0.1619 0.1880 -0.2760
v -0.1619 0.1880 0.2760
v -0.1619 0.1940 -0.2760
v -0.1619 0.1940 0.2760
v -0.1619 0.2000 -0.2760
v -0.1619 0.2000 0.2760
v -0.1619 0.2060 -0.2760
v -0.1619 0.2060 0.2760
v -0.1619 0.2120 -0.2760
v -0.1619 0.2120 0.2760
v -0.1619 0.2180 -0.2760
v -0.1619 0.2180 0.2760
v -0.1619 0.2240 -0.2760
v -0.1619 0.2240 0.2760
v -0.1515 0.2525 0.2818
v -0.1619 0.2300 -0.2760
v -0.1619 0.2360 -0.2760
v -0.1619 0.2420 -0.2760
v -0.1619 0.2532 -0.2760
v -0.1431 0.2105 -0.2860
v -0.1560 0.3118 -0.2820
v -0.1619 0.3140 -0.2760
v -0.1619 0.3140 0.2760
v -0.1619 0.3200 -0.2760
v -0.1560 0.3200 0.2794
v -0.1619 0.3260 -0.2760
v -0.1619 0.3320 -0.2760
v -0.1619 0.3380 -0.2760
v -0.1619 0.3440 -0.2760
v -0.1619 0.3500 -0.2760
v -0.1619 0.3560 -0.2760
v -0.1619 0.3620 -0.2760
v -0.1619 0.3680 -0.2760
v -0.1619 0.3740 -0.2760
v -0.1619 0.3740 0.2760
v -0.1619 0.3800 -0.2760
v -0.1560 0.3590 -0.2794
v -0.1619 0.3800 0.2760
v -0.1619 0.3860 -0.2760
v -0.1619 0.3860 0.2760
v -0.1619 0.3920 -0.2760
v -0.1619 0.3920 0.2760
v -0.1619 0.3980 -0.2760
v -0.1619 0.3980 0.2760
v -0.1619 0.4040 -0.2760
v -0.1619 0.4040 0.2760
v -0.1619 0.4100 -0.2760
v -0.1619 0.4100 0.2760
v -0.1619 0.4160 -0.2760
v -0.1619 0.4160 0.2760
v -0.1619 0.4220 -0.2760
v -0.1619 0.4220 0.2760
v -0.1619 0.4280 -0.2760
v -0.1619 0.4280 0.2760
v -0.1619 0.4340 -0.2760
v -0.1619 0.4340 0.2760
v -0.1619 0.4400 -0.2760
v -0.1619 0.4400 0.2760
v -0.1619 0.4460 -0.2760
v -0.1619 0.4460 0.2760
v -0.1619 0.4520 -0.2760
v -0.1619 0.4520 0.2760
v -0.1619 0.4580 -0.2760
v -0.1619 0.4580 0.2760
v -0.1619 0.4640 -0.2760
v -0.1619 0.4640 0.2760
v -0.1619 0.4700 -0.2760
v -0.1619 0.4700 0.2760
v -0.1619 0.4760 -0.2760
v -0.1619 0.4760 0.2760
v -0.1619 0.4820 -0.2760
v -0.1619 0.4820 0.2760
v -0.1619 0.4880 -0.2760
v -0.1619 0.4880 0.2760
v -0.1619 0.4940 -0.2760
v -0.1619 0.4940 0.2760
v -0.1619 0.5000 -0.2760
v -0.1619 0.5000 0.2760
v -0.1619 0.5060 -0.2760
v -0.1619 0.5060 0.2760
v -0.1619 0.5120 -0.2760
v -0.1619 0.5120 0.2760
v -0.1619 0.5180 -0.2760
v -0.1619 0.5180 0.2760
v -0.1619 0.5240 -0.2760
v -0.1619 0.5240 0.2760
v -0.1515 0.5525 0.2818
v -0.1619 0.5300 -0.2760
v -0.1620 0.5300 -0.2760
v -0.1620 0.5413 -0.2760
v -0.1507 0.5600 -0.2822
v -0.1562 0.5965 -0.2909
v -0.1560 0.6118 -0.2820
v -0.1619 0.6140 -0.2760
v -0.1619 0.6200 -0.2760
v -0.1619 0.6260 -0.2760
v -0.1619 0.6320 -0.2760
v -0.1619 0.6380 -0.2760
v -0.1619 0.6440 -0.2760
v -0.1619 0.6500 -0.2760
v -0.1619 0.6560 -0.2760
v -0.1619 0.6620 -0.2760
v -0.1619 0.6680 -0.2760
v -0.1619 0.6740 -0.2760
v -0.1619 0.6740 0.2760
v -0.1619 0.6800 -0.2760
v -0.1560 0.6590 -0.2794
v -0.1619 0.6800 0.2760
v -0.1619 0.6860 -0.2760
v -0.1619 0.6860 0.2760
v -0.1619 0.6920 -0.2760
v -0.1619 0.6920 0.2760
v -0.1619 0.6980 -0.2760
v -0.1619 0.6980 0.2760
v -0.1619 0.7040 -0.2760
v -0.1619 0.7040 0.2760
v -0.1619 0.7100 -0.2760
v -0.1619 0.7100 0.2760
v -0.1619 0.7160 -0.2760
v -0.1619 0.7160 0.2760
v -0.1619 0.7220 -0.2760
v -0.1619 0.7220 0.2760
v -0.1619 0.7280 -0.2760
v -0.1619 0.7280 0.2760
v -0.1619 0.7340 -0.2760
v -0.1619 0.7340 0.2760
v -0.1619 0.7400 -0.2760
v -0.1619 0.7400 0.2760
v -0.1619 0.7460 -0.2760
v -0.1619 0.7460 0.2760
v -0.1619 0.7520 -0.2760
v -0.1619 0.7520 0.2760
v -0.1619 0.7580 -0.2760
v -0.1619 0.7580 0.2760
v -0.1619 0.7640 -0.2760
v -0.1619 0.7640 0.2760
v -0.1619 0.7700 -0.2760
v -0.1619 0.7700 0.2760
v -0.1619 0.7760 -0.2760
v -0.1619 0.7760 0.2760
v -0.1619 0.7820 -0.2760
v -0.1619 0.7820 0.2760
v -0.1619 0.7880 -0.2760
v -0.1619 0.7880 0.2760
v -0.1619 0.7940 -0.2760
v -0.1619 0.7940 0.2760
v -0.1619 0.8000 -0.2760
v -0.1619 0.8000 0.2760
v -0.1619 0.8060 -0.2760
v -0.1619 0.8060 0.2760
v -0.1619 0.8120 -0.2760
v -0.1619 0.8120 0.2760
v -0.1619 0.8180 -0.2760
v -0.1619 0.8180 0.2760
v -0.1619 0.8240 -0.2760
v -0.1619 0.8240 0.2760
v -0.1619 0.8300 -0.2760
v -0.1564 0.8915 -0.2785
v -0.1887 0.8510 -0.2581
v -0.1724 0.8850 0.0947
v -0.1277 -0.0000 -0.0265
v -0.1222 -0.0000 0.0896
v -0.1475 0.8895 0.2833
v -0.1658 0.8857 0.2376
v -0.1226 0.1460 -0.2948
v -0.1462 0.4826 -0.2845
v -0.1425 0.5852 -0.2882
v -0.1266 0.6147 -0.2948
v -0.1399 0.7385 -0.2874
v -0.1333 0.8212 -0.2901
v -0.1509 0.0057 0.2801
v -0.1148 0.1188 0.2966
v -0.0960 0.1835 0.3051
v -0.1368 0.7030 0.2888
v -0.1414 0.8180 0.2867
v -0.1555 0.9033 -0.2574
v -0.1567 0.0008 -0.2734
v -0.1174 -0.0000 0.1366
v -0.1633 0.0001 0.2581
v -0.1183 0.2933 0.3022
v -0.0664 -0.0000 0.0725
v -0.1362 0.0062 0.2879
v -0.1103 0.0991 -0.2986
v -0.1301 0.3154 0.2935
v -0.1342 0.3141 -0.2909
v -0.1167 0.5382 -0.2974
v -0.1326 0.6147 0.2918
v -0.1060 0.6852 -0.3006
v -0.1260 0.8900 -0.2912
v -0.1260 0.8960 -0.2852
v -0.1260 0.8938 0.2880
v -0.1260 0.8979 0.2820
v -0.1119 0.0057 0.3008
v -0.1954 0.8856 -0.2120
v -0.1381 0.8850 -0.1337
v -0.1636 0.8850 -0.1320
v -0.1507 0.8850 0.0318
v -0.1010 0.8864 0.2692
v -0.1200 0.8960 -0.2880
v -0.1200 0.8960 0.2880
v -0.1273 -0.0000 -0.1327
v -0.1020 -0.0000 -0.0726
v -0.1086 0.7525 0.2999
v -0.1180 0.8893 -0.2976
v -0.1140 0.8960 0.2902
v -0.1140 0.8974 -0.2880
v -0.1232 0.7960 0.2945
v -0.0477 -0.0000 0.0269
v -0.0854 -0.0000 0.1024
v -0.0886 0.1821 -0.3069
v -0.1222 0.2273 0.2953
v -0.1166 0.4497 -0.2979
v -0.0900 0.4640 -0.3071
v -0.0759 0.6723 -0.3101
v -0.1080 0.7711 -0.3005
v -0.0993 0.8997 0.2918
v -0.0952 0.3144 -0.3064
v -0.0981 0.0601 0.3044
v -0.0150 0.1100 -0.3194
v -0.1314 0.4770 0.2907
v -0.1222 0.5273 0.2953
v -0.0528 0.5159 -0.3142
v -0.0398 0.5855 -0.3198
v -0.1138 0.6013 -0.3122
v -0.0983 0.6170 0.3059
v -0.0716 0.8361 -0.3105
v -0.0982 0.9013 -0.2805
v -0.0689 0.4005 -0.3116
v -0.0487 0.4289 -0.3158
v -0.0690 0.7190 -0.3110
v -0.0947 0.5822 0.3104
v -0.1432 0.8850 -0.0642
v -0.1571 0.8850 0.1816
v -0.0877 0.0064 0.3105
v -0.0159 0.2860 0.3232
v 0.0001 0.3078 -0.3265
v -0.0251 0.4908 -0.3175
v -0.0482 0.6057 -0.3215
v -0.0463 -0.0000 -0.0696
v -0.0375 0.0897 -0.3177
v -0.1106 0.3004 -0.3165
v -0.1040 0.3993 0.3009
v -0.0570 0.4219 0.3135
v 0.0010 0.4381 -0.3179
v -0.1088 0.6022 0.3136
v -0.0309 0.7499 -0.3179
v -0.0906 0.8907 0.3082
v -0.2759 0.8851 -0.0849
v -0.0671 0.9027 -0.2931
v -0.0873 0.0038 -0.3098
v -0.1210 0.0626 -0.2957
v -0.0660 0.1340 -0.3131
v 0.0105 0.4668 -0.3192
v -0.1236 0.8364 0.2950
v -0.1629 0.8850 -0.2373
v -0.0724 0.8850 0.2227
v -0.0090 -0.0000 -0.1274
v -0.0465 -0.0000 -0.1095
v -0.0202 0.1168 -0.3193
v -0.0360 0.8847 -0.3192
v -0.0023 0.6716 -0.3193
v -0.0705 0.7970 0.3120
v -0.0016 0.8094 -0.3178
v -0.0977 0.8850 0.0270
v -0.0310 -0.0000 -0.0299
v -0.0205 -0.0000 0.1851
v -0.0520 -0.0000 -0.1555
v 0.0047 -0.0000 0.1104
v -0.0444 0.0002 0.3024
v -0.1132 0.8853 -0.2666
v -0.0472 -0.0000 0.1128
v -0.0233 0.2399 0.3186
v 0.0139 0.1622 -0.3185
v -0.0526 0.2848 -0.3181
v -0.0911 0.5578 0.3065
v 0.0087 0.6030 -0.3310
v -0.0573 0.2951 0.3272
v -0.0277 0.3534 -0.3186
v 0.0338 0.3744 -0.3179
v 0.0435 0.7459 -0.3149
v -0.0459 0.8850 -0.0366
v -0.0381 0.8970 -0.3108
v 0.0155 -0.0000 -0.1331
v 0.0315 0.0000 0.3009
v -0.0053 0.0040 0.3216
v 0.0218 0.7342 -0.3185
v -0.0064 0.8862 0.3201
v 0.0523 -0.0000 -0.0964
v -0.0622 0.3072 0.3210
v -0.0597 0.6157 0.3160
v -0.0779 0.8850 0.1714
v -0.0384 0.8864 0.2868
v -0.0215 0.8940 -0.3139
v -0.0056 0.8864 -0.2920
v -0.0441 0.8194 0.3152
v -0.0060 0.8900 -0.3172
v -0.0441 0.8850 0.1697
v -0.0060 0.8960 -0.3119
v -0.0060 0.8960 0.3120
v -0.0240 -0.0000 -0.2034
v 0.0158 -0.0000 -0.0735
v 0.0105 -0.0000 0.0664
v -0.0141 0.7009 0.3186
v 0.0040 0.8856 -0.3199
v -0.0718 0.8850 -0.1098
v 0.0000 0.8960 -0.3120
v 0.0000 0.8960 0.3120
v 0.0137 -0.0000 -0.2424
v 0.0549 0.0040 0.3157
v -0.0431 0.5892 0.3224
v 0.0325 0.8354 -0.3168
v 0.0037 0.8850 -0.0675
v 0.0060 0.8960 -0.3120
v 0.0060 0.8960 0.3119
v 0.0060 0.8990 -0.3060
v 0.0009 0.0038 -0.3225
v -0.0001 0.2938 -0.3306
v -0.0367 0.3174 0.3208
v 0.0630 0.3157 -0.3156
v -0.0322 0.8860 -0.2869
v 0.0609 0.8904 -0.3144
v 0.0558 -0.0000 -0.2234
v 0.1290 0.0002 0.2826
v 0.0686 0.0000 0.2949
v 0.0720 -0.0000 -0.1392
v 0.0907 0.6147 -0.3090
v 0.1009 0.6933 -0.3018
v -0.0082 0.8850 0.0862
v -0.0218 0.9008 0.2931
v 0.0787 -0.0000 -0.1467
v 0.0210 0.3380 0.3193
v 0.0633 -0.0000 0.1115
v 0.0127 0.0612 0.3191
v -0.0204 0.0915 0.3179
v 0.0884 0.1436 -0.3066
v -0.0039 0.2344 -0.3182
v 0.1185 0.2510 -0.2970
v 0.0510 0.5180 -0.3159
v 0.0616 0.5926 -0.3210
v 0.0799 0.6478 -0.3098
v 0.0323 0.7423 -0.3183
v 0.0465 0.7460 0.3165
v 0.1124 -0.0000 0.0352
v 0.0405 0.8852 0.2850
v 0.0510 0.4820 -0.3159
v 0.0191 0.0011 -0.3186
v 0.1049 -0.0000 -0.0047
v 0.0900 0.3740 -0.3071
v 0.0540 0.5210 0.3153
v 0.1080 0.7220 -0.3012
v 0.0743 0.7715 0.3101
v 0.0605 -0.0000 0.0326
v 0.0054 -0.0000 0.0292
v 0.1809 0.0008 0.2588
v 0.0819 0.2849 -0.3123
v 0.0454 0.8850 -0.1042
v 0.0950 0.0013 -0.3012
v 0.0534 -0.0000 0.1641
v 0.1187 0.0893 -0.2965
v 0.0771 0.2961 -0.3248
v 0.0763 0.8060 -0.3105
v 0.1168 0.8850 0.0416
v 0.0241 0.8850 0.0638
v 0.0051 0.8850 0.1681
v 0.0374 0.0186 -0.3197
v 0.0195 0.1385 0.3189
v 0.1031 0.5195 -0.3027
v -0.0378 0.8850 0.0263
v 0.0444 0.9015 -0.2913
v 0.1262 0.3138 -0.2984
v 0.0323 0.8850 -0.1824
v 0.1286 0.0199 -0.2939
v -0.0259 0.4741 0.3173
v 0.0952 0.8867 0.1084
v 0.0856 0.8850 0.0674
v 0.0794 0.8851 0.2767
v 0.1537 0.0004 0.2714
v 0.0906 0.0000 0.2890
v 0.0369 0.2125 0.3168
v 0.0889 0.5889 0.3134
v 0.0644 0.8914 0.3148
v 0.0749 0.9014 0.2857
v 0.1562 -0.0000 0.0246
v 0.1102 0.1770 -0.2997
v 0.0354 0.6126 0.3216
v 0.0473 0.7126 0.3154
v 0.0628 0.8850 -0.1132
v 0.1401 -0.0000 -0.1417
v 0.2182 0.0003 0.2197
v 0.1248 -0.0000 -0.0515
v 0.0931 0.0080 0.3075
v 0.1110 0.1490 0.3000
v 0.1017 0.2978 0.3204
v 0.1535 0.8854 -0.2494
v 0.0920 0.8911 0.3057
v 0.1069 0.9025 -0.2840
v 0.0503 0.5884 0.3211
v 0.1333 0.8167 -0.2901
v 0.1140 0.8960 -0.2902
v 0.1026 0.8976 0.0552
v 0.1140 0.8974 0.2880
v 0.0841 -0.0000 0.0352
v 0.1200 0.8960 -0.2880
v 0.1200 0.8960 0.2880
v 0.1440 0.2967 -0.2979
v 0.1116 0.8853 0.0481
v 0.1260 0.8900 0.2912
v 0.1260 0.8938 -0.2880
v 0.1260 0.8960 0.2852
v 0.1260 0.8979 -0.2820
v 0.1998 0.0000 0.2286
v 0.0977 0.0845 -0.3030
v 0.0951 0.3602 0.3047
v 0.1528 0.6125 -0.2854
v 0.1269 0.8850 0.2472
v 0.1125 0.7640 0.2991
v 0.1038 0.8865 -0.3034
v 0.1792 -0.0000 0.0135
v 0.1339 -0.0000 0.1217
v 0.1878 0.4025 -0.2575
v 0.0750 0.4460 0.3111
v 0.1121 0.4751 0.2982
v 0.1517 0.4467 -0.2812
v 0.1108 0.5927 -0.3061
v 0.1168 0.6916 0.2967
v 0.1534 0.7243 -0.2805
v 0.1931 0.7543 -0.2550
v 0.1231 0.8905 0.2660
v 0.0954 0.0918 0.3047
v 0.1372 0.6143 0.2896
v 0.1482 0.8873 0.0588
v 0.1743 0.8920 -0.2677
v 0.1278 0.1793 0.2923
v 0.1133 0.2274 0.2991
v 0.1440 0.2540 0.2858
v 0.1560 0.3118 0.2820
v 0.1008 0.3147 0.3067
v 0.0968 0.4460 -0.3049
v 0.1243 0.3793 0.2939
v 0.1241 0.5157 0.2941
v 0.1611 0.4858 -0.2751
v 0.1652 0.6021 0.2892
v 0.1560 0.6118 0.2820
v 0.1478 0.7895 -0.2838
v 0.1382 0.8174 0.2884
v 0.1435 0.8873 0.2859
v 0.1281 0.8850 -0.1847
v 0.1506 0.8850 -0.1020
v 0.1522 0.8900 0.2460
v 0.1526 -0.0000 -0.1818
v 0.1810 0.0252 0.2642
v 0.1730 0.0248 -0.2695
v 0.1619 0.0500 -0.2760
v 0.1619 0.0560 -0.2760
v 0.1718 0.0523 -0.2700
v 0.1619 0.0620 -0.2760
v 0.1620 0.0620 -0.2760
v 0.1363 0.0568 0.2891
v 0.1620 0.0590 0.2760
v 0.1619 0.0680 -0.2760
v 0.1620 0.0680 -0.2760
v 0.1620 0.0680 0.2760
v 0.1619 0.0740 -0.2760
v 0.1620 0.0740 -0.2760
v 0.1619 0.0740 0.2760
v 0.1620 0.0740 0.2760
v 0.1619 0.0800 -0.2760
v 0.1620 0.0800 -0.2760
v 0.1619 0.0800 0.2760
v 0.1620 0.0800 0.2760
v 0.1619 0.0860 -0.2760
v 0.1620 0.0860 -0.2760
v 0.1619 0.0860 0.2760
v 0.1620 0.0860 0.2760
v 0.1619 0.0920 -0.2760
v 0.1620 0.0920 -0.2760
v 0.1619 0.0920 0.2760
v 0.1620 0.0920 0.2760
v 0.1619 0.0980 -0.2760
v 0.1620 0.0980 -0.2760
v 0.1619 0.0980 0.2760
v 0.1620 0.0980 0.2760
v 0.1619 0.1040 -0.2760
v 0.1620 0.1040 -0.2760
v 0.1619 0.1040 0.2760
v 0.1620 0.1040 0.2760
v 0.1619 0.1100 -0.2760
v 0.1620 0.1100 -0.2760
v 0.1619 0.1100 0.2760
v 0.1620 0.1100 0.2760
v 0.1619 0.1160 -0.2760
v 0.1620 0.1160 -0.2760
v 0.1619 0.1160 0.2760
v 0.1620 0.1160 0.2760
v 0.1619 0.1220 -0.2760
v 0.1620 0.1220 -0.2760
v 0.1619 0.1220 0.2760
v 0.1620 0.1220 0.2760
v 0.1619 0.1280 -0.2760
v 0.1620 0.1280 -0.2760
v 0.1619 0.1280 0.2760
v 0.1620 0.1280 0.2760
v 0.1619 0.1340 -0.2760
v 0.1620 0.1340 -0.2760
v 0.1619 0.1340 0.2760
v 0.1620 0.1340 0.2760
v 0.1619 0.1400 -0.2760
v 0.1620 0.1400 -0.2760
v 0.1619 0.1400 0.2760
v 0.1620 0.1400 0.2760
v 0.1619 0.1460 -0.2760
v 0.1620 0.1460 -0.2760
v 0.1619 0.1460 0.2760
v 0.1620 0.1460 0.2760
v 0.1619 0.1520 -0.2760
v 0.1620 0.1520 -0.2760
v 0.1619 0.1520 0.2760
v 0.1620 0.1520 0.2760
v 0.1619 0.1580 -0.2760
v 0.1620 0.1580 -0.2760
v 0.1619 0.1580 0.2760
v 0.1620 0.1580 0.2760
v 0.1619 0.1640 -0.2760
v 0.1620 0.1640 -0.2760
v 0.1619 0.1640 0.2760
v 0.1620 0.1640 0.2760
v 0.1619 0.1700 -0.2760
v 0.1620 0.1700 -0.2760
v 0.1619 0.1700 0.2760
v 0.1620 0.1700 0.2760
v 0.1619 0.1760 -0.2760
v 0.1620 0.1760 -0.2760
v 0.1619 0.1760 0.2760
v 0.1620 0.1760 0.2760
v 0.1619 0.1820 -0.2760
v 0.1620 0.1820 -0.2760
v 0.1619 0.1820 0.2760
v 0.1620 0.1820 0.2760
v 0.1619 0.1880 -0.2760
v 0.1620 0.1880 -0.2760
v 0.1619 0.1880 0.2760
v 0.1620 0.1880 0.2760
v 0.1619 0.1940 -0.2760
v 0.1620 0.1940 -0.2760
v 0.1619 0.1940 0.2760
v 0.1620 0.1940 0.2760
v 0.1619 0.2000 -0.2760
v 0.1620 0.2000 -0.2760
v 0.1619 0.2000 0.2760
v 0.1620 0.2000 0.2760
v 0.1619 0.2060 -0.2760
v 0.1620 0.2060 -0.2760
v 0.1619 0.2060 0.2760
v 0.1620 0.2060 0.2760
v 0.1619 0.2120 -0.2760
v 0.1620 0.2120 -0.2760
v 0.1619 0.2120 0.2760
v 0.1620 0.2120 0.2760
v 0.1619 0.2180 -0.2760
v 0.1620 0.2180 -0.2760
v 0.1619 0.2180 0.2760
v 0.1620 0.2180 0.2760
v 0.1619 0.2240 -0.2760
v 0.1620 0.2240 -0.2760
v 0.1619 0.2240 0.2760
v 0.1620 0.2240 0.2760
v 0.1619 0.2300 -0.2760
v 0.1620 0.2300 -0.2760
v 0.1619 0.2300 0.2760
v 0.1620 0.2300 0.2760
v 0.1619 0.2360 -0.2760
v 0.1620 0.2360 -0.2760
v 0.1619 0.2360 0.2760
v 0.1620 0.2360 0.2760
v 0.1619 0.2420 -0.2760
v 0.1620 0.2420 -0.2760
v 0.1619 0.2420 0.2760
v 0.1619 0.2480 -0.2760
v 0.1620 0.2480 -0.2760
v 0.1619 0.2480 0.2760
v 0.1785 0.2622 0.2654
v 0.1619 0.2540 -0.2760
v 0.1620 0.2540 -0.2760
v 0.1620 0.2600 -0.2760
v 0.1080 0.2847 0.3031
v 0.1619 0.3140 0.2760
v 0.1620 0.3140 0.2760
v 0.1620 0.3140 0.2760
v 0.1619 0.3200 0.2760
v 0.1620 0.3200 0.2760
v 0.1619 0.3260 0.2760
v 0.1620 0.3260 0.2760
v 0.1619 0.3320 0.2760
v 0.1620 0.3320 0.2760
v 0.1619 0.3380 0.2760
v 0.1620 0.3380 0.2760
v 0.1619 0.3440 0.2760
v 0.1620 0.3440 0.2760
v 0.1619 0.3500 0.2760
v 0.1620 0.3500 0.2760
v 0.1619 0.3560 0.2760
v 0.1620 0.3560 0.2760
v 0.1619 0.3620 0.2760
v 0.1620 0.3620 0.2760
v 0.1619 0.3680 0.2760
v 0.1620 0.3680 0.2760
v 0.1619 0.3740 0.2760
v 0.1620 0.3740 0.2760
v 0.1619 0.3800 0.2760
v 0.1620 0.3800 0.2760
v 0.1619 0.3860 0.2760
v 0.1620 0.3860 0.2760
v 0.1619 0.3920 0.2760
v 0.1620 0.3920 0.2760
v 0.1619 0.3980 0.2760
v 0.1620 0.3980 0.2760
v 0.1619 0.4040 0.2760
v 0.1620 0.4040 0.2760
v 0.1619 0.4100 0.2760
v 0.1620 0.4100 0.2760
v 0.1619 0.4160 0.2760
v 0.1620 0.4160 0.2760
v 0.1619 0.4220 0.2760
v 0.1620 0.4220 0.2760
v 0.1619 0.4280 0.2760
v 0.1620 0.4280 0.2760
v 0.1619 0.4340 0.2760
v 0.1620 0.4340 0.2760
v 0.1619 0.4400 0.2760
v 0.1620 0.4400 0.2760
v 0.1619 0.4460 0.2760
v 0.1620 0.4460 0.2760
v 0.1619 0.4520 0.2760
v 0.1620 0.4520 0.2760
v 0.1619 0.4580 0.2760
v 0.1620 0.4580 0.2760
v 0.1619 0.4640 0.2760
v 0.1620 0.4640 0.2760
v 0.1619 0.4700 0.2760
v 0.1620 0.4700 0.2760
v 0.1619 0.4760 0.2760
v 0.1620 0.4760 0.2760
v 0.1619 0.4820 0.2760
v 0.1620 0.4820 0.2760
v 0.1619 0.4880 0.2760
v 0.1620 0.4880 0.2760
v 0.1619 0.4940 0.2760
v 0.1620 0.4940 0.2760
v 0.1619 0.5000 0.2760
v 0.1620 0.5000 0.2760
v 0.1619 0.5060 0.2760
v 0.1620 0.5060 0.2760
v 0.1619 0.5120 0.2760
v 0.1620 0.5120 0.2760
v 0.1619 0.5180 0.2760
v 0.1620 0.5180 0.2760
v 0.1619 0.5240 0.2760
v 0.1620 0.5240 0.2760
v 0.1619 0.5300 0.2760
v 0.1620 0.5300 0.2760
v 0.1619 0.5360 0.2760
v 0.1620 0.5360 0.2760
v 0.1619 0.5420 0.2760
v 0.1620 0.5420 0.2760
v 0.1619 0.5480 0.2760
v 0.1620 0.5480 0.2760
v 0.1729 0.5849 0.2705
v 0.1619 0.6140 0.2760
v 0.1620 0.6140 0.2760
v 0.1620 0.6140 0.2760
v 0.1619 0.6200 0.2760
v 0.1620 0.6200 0.2760
v 0.1619 0.6260 0.2760
v 0.1620 0.6260 0.2760
v 0.1619 0.6320 0.2760
v 0.1620 0.6320 0.2760
v 0.1619 0.6380 0.2760
v 0.1620 0.6380 0.2760
v 0.1619 0.6440 0.2760
v 0.1620 0.6440 0.2760
v 0.1619 0.6500 0.2760
v 0.1620 0.6500 0.2760
v 0.1619 0.6560 0.2760
v 0.1620 0.6560 0.2760
v 0.1619 0.6620 0.2760
v 0.1620 0.6620 0.2760
v 0.1619 0.6680 0.2760
v 0.1620 0.6680 0.2760
v 0.1619 0.6740 0.2760
v 0.1620 0.6740 0.2760
v 0.1619 0.6800 0.2760
v 0.1620 0.6800 0.2760
v 0.1619 0.6860 0.2760
v 0.1620 0.6860 0.2760
v 0.1619 0.6920 0.2760
v 0.1620 0.6920 0.2760
v 0.1619 0.6980 0.2760
v 0.1620 0.6980 0.2760
v 0.1619 0.7040 0.2760
v 0.1620 0.7040 0.2760
v 0.1619 0.7100 0.2760
v 0.1620 0.7100 0.2760
v 0.1619 0.7160 0.2760
v 0.1620 0.7160 0.2760
v 0.1619 0.7220 0.2760
v 0.1620 0.7220 0.2760
v 0.1619 0.7280 0.2760
v 0.1620 0.7280 0.2760
v 0.1619 0.7340 0.2760
v 0.1620 0.7340 0.2760
v 0.1619 0.7400 0.2760
v 0.1620 0.7400 0.2760
v 0.1619 0.7460 0.2760
v 0.1620 0.7460 0.2760
v 0.1619 0.7520 0.2760
v 0.1620 0.7520 0.2760
v 0.1619 0.7580 0.2760
v 0.1620 0.7580 0.2760
v 0.1619 0.7640 0.2760
v 0.1620 0.7640 0.2760
v 0.1619 0.7700 0.2760
v 0.1620 0.7700 0.2760
v 0.1619 0.7760 0.2760
v 0.1620 0.7760 0.2760
v 0.1619 0.7820 0.2760
v 0.1620 0.7820 0.2760
v 0.1619 0.7880 0.2760
v 0.1620 0.7880 0.2760
v 0.1619 0.7940 0.2760
v 0.1620 0.7940 0.2760
v 0.1619 0.8000 0.2760
v 0.1620 0.8000 0.2760
v 0.1619 0.8060 0.2760
v 0.1620 0.8060 0.2760
v 0.1619 0.8120 0.2760
v 0.1620 0.8120 0.2760
v 0.1619 0.8180 0.2760
v 0.1619 0.8240 0.2760
v 0.1830 0.8270 0.2625
v 0.1619 0.8300 0.2760
v 0.1239 0.8542 0.2944
v 0.1470 0.8570 0.2842
v 0.1279 0.8850 -0.0341
v 0.2890 0.0000 -0.0918
v 0.2999 0.0000 -0.0166
v 0.1365 0.0117 0.2915
v 0.1680 0.3140 0.2728
v 0.1680 0.6140 0.2728
v 0.2017 0.6409 -0.2498
v 0.1654 0.6675 -0.2737
v 0.1799 0.8851 0.2249
v 0.2647 0.0013 0.1785
v 0.1748 0.0695 0.2680
v 0.2018 0.1355 -0.2483
v 0.1900 0.2844 -0.2583
v 0.1926 0.4227 -0.2539
v 0.1844 0.6144 0.2620
v 0.1811 -0.0000 -0.0827
v 0.1355 0.0050 -0.2922
v 0.1754 0.0140 0.2700
v 0.1839 0.3006 -0.2773
v 0.1670 0.5895 -0.2784
v 0.1412 0.8853 0.1108
v 0.1733 0.9023 0.2477
v 0.2434 0.0010 -0.1983
v 0.2075 -0.0000 -0.0313
v 0.2279 0.2368 -0.2218
v 0.1941 0.2971 0.2674
v 0.1855 0.5841 -0.2624
v 0.1860 0.6020 -0.2748
v 0.1696 0.8850 -0.1915
v 0.2112 0.8850 -0.0759
v 0.2354 0.0000 0.1920
v 0.1878 0.0808 -0.2589
v 0.1564 0.7385 -0.2783
v 0.1378 0.8850 -0.0725
v 0.1995 -0.0000 -0.0075
v 0.2582 0.0000 0.1491
v 0.1834 0.1389 0.2621
v 0.2241 0.0943 -0.2279
v 0.1930 0.1979 -0.2544
v 0.2209 0.2525 -0.2314
v 0.2014 0.3610 -0.2461
v 0.1980 0.4190 0.2504
v 0.2000 0.7214 -0.2473
v 0.1978 0.1880 0.2512
v 0.2191 0.2971 -0.2507
v 0.2122 0.5993 -0.2571
v 0.2474 0.6073 -0.2169
v 0.1088 0.8850 -0.1668
v 0.2054 0.8974 -0.2342
v 0.2368 -0.0000 -0.0795
v 0.2038 -0.0000 0.0156
v 0.2251 0.5855 0.2280
v 0.2044 0.5965 0.2629
v 0.1812 0.8928 0.2629
v 0.2154 0.2390 0.2366
v 0.2480 0.2920 -0.2160
v 0.1755 0.3755 -0.2676
v 0.1918 0.4550 0.2560
v 0.2149 0.4820 -0.2349
v 0.1992 0.5178 0.2500
v 0.2083 0.5240 -0.2428
v 0.1947 0.5375 0.2539
v 0.2043 0.5356 -0.2454
v 0.2403 0.5856 -0.2142
v 0.2138 0.6740 -0.2380
v 0.2024 0.6997 -0.2466
v 0.1852 0.7719 0.2608
v 0.2188 0.8255 -0.2319
v 0.2662 0.0000 0.1447
v 0.2278 0.5955 -0.2411
v 0.2161 0.0522 0.2358
v 0.2024 0.8899 -0.2507
v 0.2153 0.8855 0.1916
v 0.2351 0.9024 0.1798
v 0.2881 0.0002 0.1029
v 0.2536 0.0943 -0.1944
v 0.2241 0.1542 -0.2279
v 0.2154 0.1490 0.2366
v 0.1953 0.2221 -0.2516
v 0.2134 0.3147 -0.2428
v 0.2247 0.7820 0.2277
v 0.2152 0.8850 -0.1156
v 0.2323 0.8851 0.1673
v 0.2880 0.0000 0.0720
v 0.2609 0.3863 -0.1848
v 0.2395 0.3710 0.2122
v 0.2241 0.5105 -0.2278
v 0.2178 0.6154 0.2354
v 0.2259 0.7883 -0.2257
v 0.3134 0.0029 0.0668
v 0.2380 0.0046 0.2095
v 0.2139 0.0139 -0.2417
v 0.2613 0.1745 -0.1841
v 0.2493 0.2839 -0.2011
v 0.2292 0.2887 0.2278
v 0.2117 0.3508 0.2390
v 0.2161 0.4123 0.2358
v 0.2401 0.5937 0.2268
v 0.2409 0.6860 0.2106
v 0.2614 0.8223 -0.1840
v 0.2233 0.8116 0.2286
v 0.2523 0.8875 -0.1975
v 0.2247 0.8905 0.2277
v 0.2420 0.8850 0.1544
v 0.2960 0.0002 -0.0779
v 0.2346 0.0150 0.2210
v 0.2155 0.0680 -0.2350
v 0.2120 0.0086 0.2421
v 0.2292 0.1070 0.2231
v 0.2518 0.1760 0.1972
v 0.2361 0.3098 0.2265
v 0.2398 0.4580 0.2117
v 0.2801 0.6014 -0.1828
v 0.2041 0.7053 0.2454
v 0.2393 0.7574 -0.2096
v 0.2272 0.7986 0.2236
v 0.2535 0.8852 0.1347
v 0.2321 0.8865 -0.1703
v 0.3181 0.0010 0.0447
v 0.2989 0.0000 0.0555
v 0.2753 0.0011 0.1439
v 0.2571 0.0104 -0.1922
v 0.2277 0.0824 0.2225
v 0.2448 0.2105 -0.2059
v 0.2624 0.3560 -0.1830
v 0.2368 0.5761 -0.2176
v 0.2929 0.0000 0.0809
v 0.2300 0.2141 0.2221
v 0.2527 0.3145 0.1989
v 0.2524 0.3135 -0.1982
v 0.2409 0.4061 -0.2092
v 0.2502 0.4353 -0.1990
v 0.2346 0.4497 -0.2170
v 0.2608 0.5123 -0.1848
v 0.2490 0.5270 -0.2010
v 0.2651 0.5854 0.1801
v 0.2476 0.7265 -0.2027
v 0.2630 0.7782 -0.1822
v 0.2567 0.8500 0.1910
v 0.2163 0.8850 0.0110
v 0.2689 0.8992 0.1220
v 0.2772 0.9006 -0.1005
v 0.2579 0.0478 0.1893
v 0.2610 0.1223 0.1844
v 0.2646 0.1940 0.1800
v 0.2634 0.2203 -0.1815
v 0.2848 0.2977 0.1749
v 0.2681 0.3141 0.1750
v 0.2545 0.3705 0.1938
v 0.2620 0.3954 0.1833
v 0.2679 0.4741 -0.1749
v 0.2610 0.4923 0.1848
v 0.2321 0.4970 0.2200
v 0.2686 0.5435 0.1740
v 0.2555 0.5506 0.1926
v 0.2548 0.5902 0.2002
v 0.2522 0.6135 -0.1984
v 0.2717 0.6146 0.1704
v 0.2645 0.6522 0.1800
v 0.2418 0.6575 -0.2072
v 0.2485 0.6750 0.2030
v 0.2582 0.6905 -0.1888
v 0.2544 0.7102 0.1936
v 0.2296 0.7401 0.2215
v 0.2730 0.8852 0.0927
v 0.2641 0.8957 0.1686
v 0.2772 0.0122 0.1636
v 0.2760 0.0260 0.1619
v 0.2760 0.0320 0.1620
v 0.2760 0.0320 0.1619
v 0.2760 0.0380 0.1620
v 0.2760 0.0380 0.1619
v 0.2760 0.0440 0.1620
v 0.2760 0.0440 0.1619
v 0.2760 0.0500 0.1620
v 0.2760 0.0500 0.1619
v 0.2760 0.0560 0.1620
v 0.2760 0.0560 0.1619
v 0.2760 0.0620 0.1620
v 0.2760 0.0620 0.1619
v 0.2680 0.0785 -0.1747
v 0.2760 0.0680 -0.1620
v 0.2810 0.0524 -0.1530
v 0.2760 0.0680 0.1620
v 0.2760 0.0680 0.1619
v 0.2760 0.0740 -0.1620
v 0.2760 0.0740 0.1620
v 0.2760 0.0740 0.1619
v 0.2760 0.0800 -0.1620
v 0.2794 0.0950 -0.1560
v 0.2760 0.0800 0.1620
v 0.2760 0.0800 0.1619
v 0.2760 0.0860 -0.1620
v 0.2760 0.0860 -0.1619
v 0.2760 0.0860 0.1620
v 0.2760 0.0860 0.1619
v 0.2760 0.0920 -0.1620
v 0.2760 0.0920 -0.1619
v 0.2760 0.0920 0.1620
v 0.2760 0.0920 0.1619
v 0.2760 0.0980 -0.1620
v 0.2760 0.0980 -0.1619
v 0.2760 0.0980 0.1620
v 0.2760 0.0980 0.1619
v 0.2760 0.1040 -0.1620
v 0.2760 0.1040 -0.1619
v 0.2760 0.1040 0.1620
v 0.2760 0.1040 0.1619
v 0.2760 0.1100 -0.1620
v 0.2760 0.1100 -0.1619
v 0.2760 0.1100 0.1620
v 0.2760 0.1100 0.1619
v 0.2760 0.1160 -0.1620
v 0.2760 0.1160 -0.1619
v 0.2760 0.1160 0.1620
v 0.2760 0.1160 0.1619
v 0.2760 0.1220 -0.1620
v 0.2760 0.1220 -0.1619
v 0.2760 0.1220 0.1620
v 0.2760 0.1220 0.1619
v 0.2760 0.1280 -0.1620
v 0.2760 0.1280 -0.1619
v 0.2760 0.1280 0.1620
v 0.2760 0.1280 0.1619
v 0.2760 0.1340 -0.1620
v 0.2760 0.1340 -0.1619
v 0.2760 0.1340 0.1620
v 0.2760 0.1340 0.1619
v 0.2608 0.1404 -0.1852
v 0.2760 0.1400 -0.1620
v 0.2760 0.1400 -0.1619
v 0.2760 0.1400 0.1620
v 0.2760 0.1400 0.1619
v 0.2760 0.1460 -0.1620
v 0.2760 0.1460 -0.1619
v 0.2760 0.1460 0.1620
v 0.2760 0.1460 0.1619
v 0.2760 0.1520 -0.1620
v 0.2760 0.1520 -0.1619
v 0.2760 0.1520 0.1620
v 0.2760 0.1520 0.1619
v 0.2760 0.1580 -0.1620
v 0.2760 0.1580 -0.1619
v 0.2760 0.1580 0.1620
v 0.2760 0.1580 0.1619
v 0.2760 0.1640 -0.1620
v 0.2760 0.1640 -0.1619
v 0.2760 0.1640 0.1620
v 0.2760 0.1640 0.1619
v 0.2760 0.1700 -0.1620
v 0.2760 0.1700 -0.1619
v 0.2760 0.1700 0.1620
v 0.2760 0.1700 0.1619
v 0.2760 0.1760 -0.1620
v 0.2760 0.1760 -0.1619
v 0.2760 0.1760 0.1620
v 0.2760 0.1760 0.1619
v 0.2760 0.1820 -0.1620
v 0.2760 0.1820 -0.1619
v 0.2760 0.1820 0.1620
v 0.2760 0.1820 0.1619
v 0.2760 0.1880 -0.1620
v 0.2760 0.1880 -0.1619
v 0.2760 0.1880 0.1620
v 0.2760 0.1880 0.1619
v 0.2760 0.1940 -0.1620
v 0.2760 0.1940 -0.1619
v 0.2760 0.1940 0.1620
v 0.2760 0.1940 0.1619
v 0.2760 0.2000 -0.1620
v 0.2760 0.2000 -0.1619
v 0.2760 0.2000 0.1620
v 0.2760 0.2000 0.1619
v 0.2760 0.2060 -0.1620
v 0.2760 0.2060 -0.1619
v 0.2760 0.2060 0.1620
v 0.2760 0.2060 0.1619
v 0.2760 0.2120 -0.1620
v 0.2760 0.2120 -0.1619
v 0.2760 0.2120 0.1620
v 0.2760 0.2120 0.1619
v 0.2760 0.2180 -0.1620
v 0.2760 0.2180 -0.1619
v 0.2760 0.2180 0.1620
v 0.2760 0.2180 0.1619
v 0.2760 0.2240 -0.1620
v 0.2760 0.2240 -0.1619
v 0.2760 0.2240 0.1620
v 0.2760 0.2240 0.1619
v 0.2760 0.2300 -0.1620
v 0.2760 0.2300 -0.1619
v 0.2760 0.2300 0.1620
v 0.2760 0.2300 0.1619
v 0.2485 0.2469 0.2012
v 0.2760 0.2360 -0.1620
v 0.2760 0.2360 -0.1619
v 0.2760 0.2360 0.1620
v 0.2760 0.2360 0.1619
v 0.2760 0.2420 0.1620
v 0.2760 0.2420 0.1619
v 0.2777 0.2555 -0.1590
v 0.2760 0.2480 0.1620
v 0.2760 0.2480 0.1619
v 0.2760 0.2540 0.1620
v 0.2804 0.2295 0.1543
v 0.2666 0.2518 0.1770
v 0.2760 0.2630 0.1620
v 0.2808 0.2854 0.1540
v 0.2642 0.2846 0.1823
v 0.2962 0.2861 -0.1264
v 0.2684 0.2844 -0.1753
v 0.2728 0.3140 -0.1680
v 0.2760 0.3140 -0.1620
v 0.2760 0.3140 -0.1620
v 0.2760 0.3140 -0.1619
v 0.2760 0.3140 0.1619
v 0.2760 0.3200 -0.1620
v 0.2760 0.3200 -0.1619
v 0.2760 0.3200 0.1620
v 0.2760 0.3200 0.1619
v 0.2760 0.3260 -0.1620
v 0.2760 0.3260 -0.1619
v 0.2760 0.3260 0.1620
v 0.2760 0.3260 0.1619
v 0.2755 0.3140 0.1630
v 0.2760 0.3320 -0.1620
v 0.2760 0.3320 -0.1619
v 0.2760 0.3320 0.1620
v 0.2760 0.3320 0.1619
v 0.2760 0.3380 -0.1620
v 0.2760 0.3380 -0.1619
v 0.2760 0.3380 0.1620
v 0.2760 0.3380 0.1619
v 0.2760 0.3440 -0.1620
v 0.2760 0.3440 -0.1619
v 0.2760 0.3440 0.1620
v 0.2760 0.3440 0.1619
v 0.2760 0.3500 -0.1620
v 0.2760 0.3500 -0.1619
v 0.2760 0.3500 0.1620
v 0.2760 0.3500 0.1619
v 0.2760 0.3560 -0.1620
v 0.2760 0.3560 -0.1619
v 0.2760 0.3560 0.1620
v 0.2760 0.3560 0.1619
v 0.2760 0.3620 -0.1620
v 0.2760 0.3620 -0.1619
v 0.2760 0.3620 0.1620
v 0.2760 0.3620 0.1619
v 0.2760 0.3680 -0.1620
v 0.2760 0.3680 -0.1619
v 0.2760 0.3680 0.1620
v 0.2760 0.3680 0.1619
v 0.2760 0.3740 -0.1620
v 0.2760 0.3740 -0.1619
v 0.2760 0.3740 0.1620
v 0.2760 0.3740 0.1619
v 0.2555 0.3556 0.1926
v 0.2760 0.3800 -0.1620
v 0.2760 0.3800 -0.1619
v 0.2760 0.3800 0.1620
v 0.2760 0.3800 0.1619
v 0.2760 0.3860 -0.1620
v 0.2760 0.3860 -0.1619
v 0.2760 0.3860 0.1620
v 0.2760 0.3860 0.1619
v 0.2760 0.3920 -0.1620
v 0.2760 0.3920 -0.1619
v 0.2760 0.3920 0.1620
v 0.2760 0.3920 0.1619
v 0.2760 0.3980 -0.1620
v 0.2760 0.3980 -0.1619
v 0.2760 0.3980 0.1620
v 0.2760 0.3980 0.1619
v 0.2760 0.4040 -0.1620
v 0.2760 0.4040 -0.1619
v 0.2760 0.4040 0.1620
v 0.2760 0.4040 0.1619
v 0.2760 0.4100 -0.1620
v 0.2760 0.4100 -0.1619
v 0.2760 0.4100 0.1620
v 0.2760 0.4100 0.1619
v 0.2760 0.4160 -0.1620
v 0.2760 0.4160 -0.1619
v 0.2760 0.4160 0.1620
v 0.2760 0.4160 0.1619
v 0.2760 0.4220 -0.1620
v 0.2760 0.4220 -0.1619
v 0.2760 0.4220 0.1620
v 0.2760 0.4220 0.1619
v 0.2760 0.4280 -0.1620
v 0.2760 0.4280 -0.1619
v 0.2760 0.4280 0.1620
v 0.2760 0.4280 0.1619
v 0.2760 0.4340 -0.1620
v 0.2760 0.4340 -0.1619
v 0.2760 0.4340 0.1620
v 0.2760 0.4340 0.1619
v 0.2760 0.4400 -0.1620
v 0.2760 0.4400 -0.1619
v 0.2760 0.4400 0.1620
v 0.2760 0.4400 0.1619
v 0.2760 0.4460 -0.1620
v 0.2760 0.4460 -0.1619
v 0.2760 0.4460 0.1620
v 0.2760 0.4460 0.1619
v 0.2760 0.4520 -0.1620
v 0.2760 0.4520 -0.1619
v 0.2760 0.4520 0.1620
v 0.2760 0.4520 0.1619
v 0.2760 0.4580 -0.1620
v 0.2760 0.4580 -0.1619
v 0.2760 0.4580 0.1620
v 0.2760 0.4580 0.1619
v 0.2760 0.4640 -0.1620
v 0.2760 0.4640 -0.1619
v 0.2760 0.4640 0.1620
v 0.2760 0.4640 0.1619
v 0.2760 0.4700 -0.1620
v 0.2760 0.4700 -0.1619
v 0.2760 0.4700 0.1620
v 0.2760 0.4700 0.1619
v 0.2660 0.4633 0.1778
v 0.2760 0.4760 -0.1620
v 0.2760 0.4760 -0.1619
v 0.2760 0.4760 0.1620
v 0.2760 0.4760 0.1619
v 0.2760 0.4820 -0.1620
v 0.2760 0.4820 -0.1619
v 0.2760 0.4820 0.1620
v 0.2760 0.4820 0.1619
v 0.2760 0.4880 -0.1620
v 0.2760 0.4880 -0.1619
v 0.2760 0.4880 0.1620
v 0.2760 0.4880 0.1619
v 0.2760 0.4940 -0.1620
v 0.2760 0.4940 -0.1619
v 0.2760 0.4940 0.1620
v 0.2760 0.4940 0.1619
v 0.2760 0.5000 -0.1620
v 0.2760 0.5000 -0.1619
v 0.2760 0.5000 0.1620
v 0.2760 0.5000 0.1619
v 0.2760 0.5060 -0.1620
v 0.2760 0.5060 -0.1619
v 0.2760 0.5060 0.1620
v 0.2760 0.5060 0.1619
v 0.2760 0.5120 -0.1620
v 0.2760 0.5120 -0.1619
v 0.2760 0.5120 0.1620
v 0.2760 0.5120 0.1619
v 0.2760 0.5180 -0.1620
v 0.2760 0.5180 -0.1619
v 0.2760 0.5180 0.1620
v 0.2760 0.5180 0.1619
v 0.2760 0.5240 -0.1620
v 0.2760 0.5240 -0.1619
v 0.2760 0.5240 0.1620
v 0.2760 0.5240 0.1619
v 0.2760 0.5300 -0.1620
v 0.2760 0.5300 -0.1619
v 0.2760 0.5300 0.1620
v 0.2760 0.5300 0.1619
v 0.2760 0.5360 -0.1620
v 0.2760 0.5360 -0.1619
v 0.2760 0.5360 0.1620
v 0.2760 0.5360 0.1619
v 0.2760 0.5420 -0.1620
v 0.2760 0.5420 -0.1619
v 0.2760 0.5420 0.1620
v 0.2760 0.5420 0.1619
v 0.2760 0.5480 -0.1619
v 0.2760 0.5480 0.1620
v 0.2760 0.5480 0.1619
v 0.2760 0.5540 -0.1619
v 0.2760 0.5540 0.1620
v 0.2760 0.5540 0.1619
v 0.2726 0.5854 -0.1679
v 0.2760 0.5600 0.1620
v 0.2760 0.5600 0.1619
v 0.2760 0.5660 0.1620
v 0.2760 0.5660 0.1619
v 0.2949 0.5846 -0.1258
v 0.2760 0.5720 0.1620
v 0.2760 0.5720 0.1619
v 0.2760 0.5780 0.1620
v 0.2760 0.5780 0.1619
v 0.2760 0.5840 0.1620
v 0.2760 0.5840 0.1619
v 0.2760 0.5841 0.1621
v 0.2527 0.6148 0.1995
v 0.2728 0.6140 -0.1680
v 0.2760 0.6140 -0.1620
v 0.2760 0.6140 -0.1620
v 0.2760 0.6140 -0.1619
v 0.2760 0.6140 0.1619
v 0.2760 0.6200 -0.1620
v 0.2760 0.6200 -0.1619
v 0.2760 0.6200 0.1620
v 0.2760 0.6200 0.1619
v 0.2760 0.6260 -0.1620
v 0.2760 0.6260 -0.1619
v 0.2760 0.6260 0.1620
v 0.2760 0.6260 0.1619
v 0.2755 0.6140 0.1630
v 0.2760 0.6320 -0.1620
v 0.2760 0.6320 -0.1619
v 0.2760 0.6320 0.1620
v 0.2760 0.6320 0.1619
v 0.2760 0.6380 -0.1620
v 0.2760 0.6380 -0.1619
v 0.2760 0.6380 0.1620
v 0.2760 0.6380 0.1619
v 0.2760 0.6440 -0.1620
v 0.2760 0.6440 -0.1619
v 0.2760 0.6440 0.1620
v 0.2760 0.6440 0.1619
v 0.2760 0.6500 -0.1620
v 0.2760 0.6500 -0.1619
v 0.2760 0.6500 0.1620
v 0.2760 0.6500 0.1619
v 0.2760 0.6560 -0.1620
v 0.2760 0.6560 -0.1619
v 0.2760 0.6560 0.1620
v 0.2760 0.6560 0.1619
v 0.2760 0.6620 -0.1620
v 0.2760 0.6620 -0.1619
v 0.2760 0.6620 0.1620
v 0.2760 0.6620 0.1619
v 0.2760 0.6680 -0.1620
v 0.2760 0.6680 -0.1619
v 0.2760 0.6680 0.1620
v 0.2760 0.6680 0.1619
v 0.2760 0.6740 -0.1620
v 0.2760 0.6740 -0.1619
v 0.2760 0.6740 0.1620
v 0.2760 0.6740 0.1619
v 0.2760 0.6800 -0.1620
v 0.2760 0.6800 -0.1619
v 0.2760 0.6800 0.1620
v 0.2760 0.6800 0.1619
v 0.2760 0.6860 -0.1620
v 0.2760 0.6860 -0.1619
v 0.2760 0.6860 0.1620
v 0.2760 0.6860 0.1619
v 0.2760 0.6920 -0.1620
v 0.2760 0.6920 -0.1619
v 0.2760 0.6920 0.1620
v 0.2760 0.6920 0.1619
v 0.2760 0.6980 -0.1620
v 0.2760 0.6980 -0.1619
v 0.2760 0.6980 0.1620
v 0.2760 0.6980 0.1619
v 0.2760 0.7040 -0.1620
v 0.2760 0.7040 -0.1619
v 0.2760 0.7040 0.1620
v 0.2760 0.7040 0.1619
v 0.2760 0.7100 -0.1620
v 0.2760 0.7100 -0.1619
v 0.2760 0.7100 0.1620
v 0.2760 0.7100 0.1619
v 0.2760 0.7160 -0.1620
v 0.2760 0.7160 -0.1619
v 0.2760 0.7160 0.1620
v 0.2760 0.7160 0.1619
v 0.2760 0.7220 -0.1620
v 0.2760 0.7220 -0.1619
v 0.2760 0.7220 0.1620
v 0.2760 0.7220 0.1619
v 0.2760 0.7280 -0.1620
v 0.2760 0.7280 -0.1619
v 0.2760 0.7280 0.1620
v 0.2760 0.7280 0.1619
v 0.2760 0.7340 -0.1620
v 0.2760 0.7340 -0.1619
v 0.2760 0.7340 0.1620
v 0.2760 0.7340 0.1619
v 0.2760 0.7400 -0.1620
v 0.2760 0.7400 -0.1619
v 0.2760 0.7400 0.1620
v 0.2760 0.7400 0.1619
v 0.2760 0.7460 -0.1620
v 0.2760 0.7460 -0.1619
v 0.2760 0.7460 0.1620
v 0.2760 0.7460 0.1619
v 0.2760 0.7520 -0.1620
v 0.2760 0.7520 -0.1619
v 0.2760 0.7520 0.1620
v 0.2760 0.7520 0.1619
v 0.2760 0.7580 -0.1620
v 0.2760 0.7580 -0.1619
v 0.2760 0.7580 0.1620
v 0.2760 0.7580 0.1619
v 0.2760 0.7640 -0.1620
v 0.2760 0.7640 -0.1619
v 0.2760 0.7640 0.1620
v 0.2760 0.7640 0.1619
v 0.2760 0.7700 -0.1620
v 0.2760 0.7700 -0.1619
v 0.2760 0.7700 0.1620
v 0.2760 0.7700 0.1619
v 0.2705 0.7348 0.1710
v 0.2760 0.7760 -0.1620
v 0.2760 0.7760 -0.1619
v 0.2760 0.7760 0.1620
v 0.2760 0.7760 0.1619
v 0.2760 0.7820 -0.1620
v 0.2760 0.7820 -0.1619
v 0.2760 0.7820 0.1620
v 0.2760 0.7820 0.1619
v 0.2760 0.7880 -0.1620
v 0.2760 0.7880 -0.1619
v 0.2760 0.7880 0.1620
v 0.2760 0.7880 0.1619
v 0.2760 0.7940 -0.1620
v 0.2760 0.7940 -0.1619
v 0.2760 0.7940 0.1620
v 0.2760 0.7940 0.1619
v 0.2640 0.7586 0.1808
v 0.2760 0.8000 -0.1620
v 0.2760 0.8000 -0.1619
v 0.2760 0.8000 0.1620
v 0.2760 0.8000 0.1619
v 0.2760 0.8060 -0.1620
v 0.2760 0.8060 -0.1619
v 0.2760 0.8060 0.1620
v 0.2760 0.8060 0.1619
v 0.2760 0.8120 -0.1620
v 0.2760 0.8120 -0.1619
v 0.2760 0.8120 0.1620
v 0.2760 0.8120 0.1619
v 0.2760 0.8180 -0.1620
v 0.2760 0.8180 -0.1619
v 0.2760 0.8180 0.1620
v 0.2830 0.8109 0.1493
v 0.2760 0.8240 -0.1620
v 0.2760 0.8240 -0.1619
v 0.2760 0.8240 0.1620
v 0.2760 0.8300 -0.1620
v 0.2760 0.8300 -0.1619
v 0.2760 0.8300 0.1620
v 0.2802 0.8427 0.1545
v 0.2760 0.8360 -0.1620
v 0.2760 0.8360 -0.1619
v 0.2760 0.8420 -0.1620
v 0.2760 0.8420 -0.1619
v 0.2760 0.8495 0.1620
v 0.2625 0.8165 0.1830
v 0.2760 0.8480 -0.1619
v 0.2698 0.8770 -0.1724
v 0.2760 0.8630 -0.1619
v 0.2766 0.8789 0.1609
v 0.2841 0.8851 0.0435
v 0.2701 0.8854 -0.1031
v 0.3010 0.0000 0.0315
v 0.2915 0.2210 -0.1309
v 0.2839 0.2531 -0.1474
v 0.2820 0.3118 -0.1560
v 0.2795 0.3140 0.1560
v 0.2967 0.3707 -0.1164
v 0.2928 0.3982 -0.1282
v 0.2822 0.5259 -0.1507
v 0.2820 0.5874 0.1560
v 0.2820 0.6118 -0.1560
v 0.2795 0.6140 0.1560
v 0.2922 0.6145 -0.1327
v 0.2939 0.7613 -0.1243
v 0.2897 0.8067 -0.1350
v 0.2887 0.8867 -0.0223
v 0.2827 0.8855 0.0513
v 0.2820 0.8979 0.1260
v 0.2705 0.0073 -0.1743
v 0.2995 0.1190 -0.1125
v 0.2887 0.1640 -0.1380
v 0.2858 0.2405 0.1440
v 0.2816 0.3146 0.1555
v 0.3016 0.3147 -0.1102
v 0.2956 0.3144 0.1256
v 0.2859 0.4184 0.1436
v 0.2874 0.4505 -0.1402
v 0.2816 0.6146 0.1555
v 0.2902 0.6145 0.1355
v 0.2859 0.7184 0.1436
v 0.2851 0.8978 -0.1373
v 0.2674 0.8900 0.1752
v 0.2852 0.8960 -0.1260
v 0.2880 0.8960 -0.1200
v 0.2880 0.8960 0.1200
v 0.2880 0.8938 0.1260
v 0.2880 0.8974 -0.1140
v 0.2987 0.0051 -0.1187
v 0.2844 0.1484 0.1466
v 0.2995 0.1670 -0.1125
v 0.2926 0.1818 0.1285
v 0.2909 0.4036 0.1328
v 0.2957 0.4931 0.1223
v 0.2846 0.5167 0.1463
v 0.3003 0.5274 0.1099
v 0.2931 0.6817 -0.1279
v 0.2915 0.6650 0.1320
v 0.2846 0.7447 0.1463
v 0.2957 0.7931 0.1223
v 0.2876 0.8360 0.1403
v 0.2896 0.8826 0.1363
v 0.2944 0.8874 -0.1250
v 0.2912 0.8900 -0.1260
v 0.2902 0.8960 0.1140
v 0.2952 0.0195 0.1258
v 0.2903 0.0770 0.1343
v 0.2953 0.2150 0.1230
v 0.2993 0.2848 0.1143
v 0.3148 0.2992 0.1099
v 0.2894 0.3011 -0.1671
v 0.2943 0.3144 -0.1282
v 0.2987 0.4704 -0.1136
v 0.3003 0.6149 0.1115
v 0.2957 0.7211 0.1223
v 0.2912 0.9005 0.0715
v 0.2998 0.0402 -0.1117
v 0.3029 0.0721 0.1028
v 0.3115 0.1237 -0.0722
v 0.2984 0.0958 0.1155
v 0.2939 0.1424 0.1260
v 0.3106 0.1737 -0.0762
v 0.3062 0.2661 -0.0930
v 0.3034 0.3148 0.1026
v 0.3087 0.3142 0.0855
v 0.2953 0.5976 0.1557
v 0.3180 0.5991 0.0959
v 0.3104 0.6725 -0.0768
v 0.3081 0.7194 -0.0859
v 0.3101 0.8083 -0.0787
v 0.3038 0.8330 0.1005
v 0.2987 0.8850 -0.1161
v 0.3119 0.8929 0.0599
v 0.3015 0.0099 0.1131
v 0.3089 0.0635 -0.0832
v 0.3063 0.1908 0.0919
v 0.3050 0.2259 0.0968
v 0.3101 0.2514 0.0788
v 0.3185 0.2988 -0.1002
v 0.3059 0.3905 0.0932
v 0.2942 0.4348 0.1234
v 0.3029 0.4475 0.1018
v 0.3081 0.4640 0.0859
v 0.3109 0.5255 0.0758
v 0.3173 0.5843 -0.0449
v 0.3053 0.5465 0.0960
v 0.2989 0.5855 0.1177
v 0.3104 0.5850 -0.0790
v 0.3059 0.6905 0.0932
v 0.3038 0.7250 0.1005
v 0.3072 0.7790 0.0893
v 0.3121 0.8388 0.0693
v 0.3164 0.7700 -0.0433
v 0.3017 0.8488 0.1061
v 0.3094 0.8778 -0.0818
v 0.3030 0.8893 0.1010
v 0.3109 0.8915 -0.0715
v 0.2997 0.9023 -0.0456
v 0.3119 0.8960 -0.0060
v 0.3120 0.8960 0.0000
v 0.3120 0.8960 0.0060
v 0.3053 0.8995 0.0140
v 0.3180 0.0038 -0.0212
v 0.3038 0.0038 0.0974
v 0.3198 0.0673 -0.0097
v 0.3148 0.0081 -0.0635
v 0.3165 0.0247 0.0484
v 0.3170 0.0620 -0.0435
v 0.3099 0.0894 0.0795
v 0.3064 0.1496 0.0904
v 0.3131 0.1730 0.0660
v 0.3189 0.2841 -0.0322
v 0.3194 0.2300 -0.0195
v 0.3132 0.2850 -0.0682
v 0.3166 0.2856 0.0531
v 0.3143 0.3144 -0.0664
v 0.3131 0.3680 0.0660
v 0.3166 0.4106 -0.0398
v 0.3189 0.3755 -0.0169
v 0.3087 0.4850 -0.0840
v 0.3174 0.4205 0.0405
v 0.3179 0.4684 -0.0264
v 0.3121 0.4920 0.0664
v 0.3154 0.4662 0.0533
v 0.3174 0.5168 -0.0403
v 0.3208 0.6129 -0.0367
v 0.3166 0.6146 0.0514
v 0.3087 0.6142 0.0855
v 0.3137 0.6470 0.0630
v 0.3207 0.6139 -0.0052
v 0.3158 0.6618 0.0463
v 0.3180 0.7098 0.0161
v 0.3173 0.7099 -0.0376
v 0.3109 0.7535 0.0758
v 0.3169 0.7784 0.0439
v 0.3123 0.7835 0.0675
v 0.3185 0.7799 0.0257
v 0.3131 0.8510 -0.0660
v 0.3174 0.8849 0.0389
v 0.3206 0.0268 -0.0115
v 0.3168 0.0721 0.0443
v 0.3176 0.1085 0.0390
v 0.3197 0.0982 0.0099
v 0.3161 0.1295 0.0495
v 0.3195 0.1221 -0.0051
v 0.3193 0.1310 0.0210
v 0.3142 0.1808 0.0586
v 0.3187 0.1595 0.0285
v 0.3197 0.1702 0.0099
v 0.3183 0.1475 -0.0330
v 0.3168 0.2249 0.0441
v 0.3194 0.1755 -0.0083
v 0.3194 0.2843 0.0272
v 0.3345 0.2988 -0.0070
v 0.3125 0.2850 0.0746
v 0.3205 0.3142 0.0031
v 0.3185 0.3556 0.0266
v 0.3169 0.4064 0.0439
v 0.3197 0.4257 0.0098
v 0.3167 0.4464 0.0448
v 0.3171 0.5105 0.0376
v 0.3204 0.5847 -0.0084
v 0.3154 0.5838 0.0598
v 0.3202 0.5224 0.0080
v 0.3154 0.5974 -0.1134
v 0.3119 0.6146 -0.0760
v 0.3174 0.7205 0.0405
v 0.3187 0.7295 0.0285
v 0.3198 0.7595 -0.0105
v 0.3180 0.7936 0.0279
v 0.3188 0.8390 0.0270
v 0.3197 0.8090 0.0075
v 0.3182 0.8260 -0.0311
v 0.3162 0.8274 0.0473
v 0.3192 0.8880 0.0131
v 0.3197 0.8833 -0.0136
v 0.3185 0.8867 -0.0288
v 0.3207 0.2854 0.0205
v 0.3292 0.3070 -0.0290
v 0.3335 0.5948 -0.0042
v 0.3303 0.6056 0.0188
v 0.3287 0.3081 0.0050
v 0.3311 0.5968 0.0373
vn -0.9981 -0.0360 -0.0501
vn -0.9982 0.0593 0.0085
vn -0.8023 -0.5628 0.1989
vn -0.9713 0.0237 0.2367
vn -0.9989 0.0038 0.0472
vn -0.9689 -0.0029 -0.2475
vn -0.9212 -0.3853 0.0536
vn -0.9348 -0.2804 -0.2179
vn -0.8898 -0.2161 0.4020
vn -0.9271 0.3693 -0.0639
vn -0.9973 0.0191 -0.0713
vn -0.9984 -0.0375 0.0423
vn -0.9558 -0.2921 -0.0339
vn -0.9465 -0.3035 -0.1098
vn -0.9788 -0.0992 0.1793
vn -0.9512 0.2647 -0.1586
vn -0.9802 -0.0885 0.1770
vn -0.9800 -0.0053 -0.1990
vn -0.8861 0.4552 0.0880
vn -0.9211 0.3823 -0.0744
vn -0.8680 -0.4951 0.0380
vn -0.9349 -0.1250 -0.3322
vn -0.9921 -0.0373 -0.1194
vn -0.9686 0.0120 -0.2483
vn -0.9513 -0.2435 0.1890
vn -0.9176 -0.3889 -0.0829
vn -0.9760 0.0326 0.2155
vn -0.9640 -0.0258 -0.2646
vn -0.9771 -0.0137 -0.2125
vn -0.9741 -0.0081 -0.2262
vn -0.9654 -0.0299 -0.2591
vn -0.9925 -0.1097 -0.0539
vn -0.9737 0.0067 -0.2279
vn -0.9991 0.0200 0.0368
vn -0.9596 -0.0045 -0.2813
vn -0.7947 0.5713 0.2050
vn -0.7002 0.7059 -0.1074
vn -0.8383 0.5291 -0.1316
vn -0.5551 0.8178 -0.1520
vn -0.5857 0.8103 -0.0175
vn -0.8884 -0.4410 -0.1273
vn -0.9200 0.0140 -0.3916
vn -0.9767 -0.0178 -0.2138
vn -0.9729 0.0109 0.2312
vn -0.9470 -0.0451 -0.3179
vn -0.9184 0.2721 -0.2871
vn -0.9478 -0.0555 -0.3139
vn -0.9430 0.0005 -0.3328
vn -0.9487 0.0042 -0.3161
vn -0.4378 0.8987 0.0283
vn -0.5152 0.8158 -0.2628
vn -0.1811 -0.9830 -0.0287
vn -0.9189 0.0383 -0.3927
vn -0.9325 0.0270 -0.3601
vn -0.8716 -0.3795 0.3104
vn -0.9434 -0.0085 -0.3315
vn -0.7370 -0.3922 -0.5505
vn -0.9491 -0.1740 0.2626
vn -0.8775 0.0519 0.4767
vn -0.9006 0.0499 -0.4318
vn -0.9010 0.3068 -0.3067
vn -0.9334 -0.0001 -0.3590
vn -0.8800 -0.2476 -0.4053
vn -0.9328 -0.2586 -0.2510
vn -0.9260 0.1954 0.3231
vn -0.9009 -0.1059 -0.4210
vn -0.9830 0.0039 0.1834
vn -0.9310 -0.0025 0.3650
vn -0.8330 -0.3891 0.3934
vn -0.9308 0.0425 0.3632
vn -0.9314 0.0213 -0.3633
vn -0.9875 0.1484 0.0536
vn 0.1798 0.9825 0.0488
vn -0.6484 -0.6669 -0.3673
vn -0.9231 -0.0007 0.3846
vn -0.8894 0.0114 -0.4569
vn -0.8972 -0.0403 -0.4398
vn -0.8252 0.3383 -0.4523
vn -0.9626 0.0135 0.2705
vn -0.8141 0.5262 -0.2457
vn -0.7102 0.6275 0.3191
vn -0.6733 0.7227 -0.1561
vn -0.5399 0.8133 -0.2169
vn -0.4716 0.8700 -0.1442
vn -0.6860 0.6976 0.2069
vn -0.4992 0.8313 0.2446
vn -0.3479 0.9375 0.0051
vn -0.9320 0.0284 0.3613
vn -0.9179 -0.0004 -0.3968
vn -0.9214 0.0064 -0.3887
vn -0.8990 -0.0169 0.4377
vn -0.8949 0.1774 -0.4096
vn -0.6975 0.6162 0.3658
vn -0.8995 -0.0096 -0.4368
vn -0.9130 0.0012 0.4081
vn -0.9109 0.0075 -0.4125
vn -0.9149 -0.0084 -0.4036
vn -0.6768 -0.6472 -0.3510
vn -0.5505 0.7906 0.2682
vn -0.9617 0.1055 0.2531
vn -0.9038 0.0210 -0.4274
vn -0.8892 0.0080 -0.4575
vn -0.9480 -0.0075 0.3183
vn 0.1007 0.9934 0.0543
vn -0.2965 0.8696 0.3948
vn -0.4682 0.8645 -0.1829
vn 0.3286 0.9077 -0.2608
vn -0.2890 -0.9564 -0.0430
vn -0.5766 -0.6347 0.5144
vn -0.8571 0.0000 0.5151
vn -0.8672 0.0028 0.4979
vn -0.8679 0.0000 0.4967
vn -0.8679 0.0000 0.4967
vn -0.8679 0.0000 0.4967
vn -0.8830 0.0090 0.4693
vn -0.8880 0.0000 0.4598
vn -0.8880 0.0000 0.4598
vn -0.8880 0.0000 0.4598
vn -0.8880 0.0000 0.4598
vn -0.8880 0.0000 0.4598
vn -0.8744 -0.0031 -0.4852
vn -0.8880 0.0000 0.4598
vn -0.8870 0.0000 -0.4618
vn -0.8880 0.0000 0.4598
vn -0.8870 0.0000 -0.4618
vn -0.9370 0.0114 0.3490
vn -0.8880 0.0000 0.4598
vn -0.8870 0.0000 -0.4618
vn -0.8880 0.0000 0.4598
vn -0.8870 0.0000 -0.4618
vn -0.8872 -0.0011 0.4614
vn -0.8870 0.0000 -0.4618
vn -0.8861 0.0000 0.4635
vn -0.8870 0.0000 -0.4618
vn -0.8861 0.0000 0.4635
vn -0.8870 0.0000 -0.4618
vn -0.8861 0.0000 0.4635
vn -0.8821 -0.0048 -0.4711
vn -0.8861 0.0000 0.4635
vn -0.8788 0.0000 -0.4771
vn -0.8861 0.0000 0.4635
vn -0.8788 0.0000 -0.4771
vn -0.8861 0.0000 0.4635
vn -0.8788 0.0000 -0.4771
vn -0.8861 0.0000 0.4635
vn -0.8788 0.0000 -0.4771
vn -0.8861 0.0000 0.4635
vn -0.8788 0.0000 -0.4771
vn -0.8861 0.0000 0.4635
vn -0.8788 0.0000 -0.4771
vn -0.8861 0.0000 0.4635
vn -0.8788 0.0000 -0.4771
vn -0.8861 0.0000 0.4635
vn -0.8761 -0.0033 -0.4820
vn -0.8861 0.0000 0.4635
vn -0.8699 0.0000 -0.4932
vn -0.8952 0.0079 0.4457
vn -0.8699 0.0000 -0.4932
vn -0.8989 0.0000 0.4381
vn -0.8699 0.0000 -0.4932
vn -0.8989 0.0000 0.4381
vn -0.8699 0.0000 -0.4932
vn -0.8935 -0.0115 0.4488
vn -0.8699 0.0000 -0.4932
vn -0.8712 0.0000 0.4909
vn -0.8699 0.0000 -0.4932
vn -0.8699 0.0065 0.4931
vn -0.8699 0.0000 -0.4932
vn -0.8699 0.0000 -0.4932
vn -0.8699 0.0000 -0.4932
vn -0.8700 0.0001 -0.4931
vn -0.8162 0.3250 0.4777
vn -0.6840 0.6035 0.4098
vn -0.8764 0.0000 0.4815
vn -0.8764 0.0000 0.4815
vn -0.8248 0.3287 -0.4600
vn -0.8764 0.0000 0.4815
vn -0.8764 0.0000 0.4815
vn -0.8764 0.0000 0.4815
vn -0.8764 0.0000 0.4815
vn -0.8764 0.0000 0.4815
vn -0.8764 0.0000 0.4815
vn -0.8598 0.0015 -0.5107
vn -0.8764 0.0000 0.4815
vn -0.8647 -0.0001 -0.5024
vn -0.8764 0.0000 0.4815
vn -0.8725 0.0000 -0.4887
vn -0.8773 0.0008 0.4800
vn -0.8725 0.0000 -0.4887
vn -0.8781 0.0000 0.4785
vn -0.8725 0.0000 -0.4887
vn -0.8781 0.0000 0.4785
vn -0.8725 0.0000 -0.4887
vn -0.8781 0.0000 0.4785
vn -0.8725 0.0000 -0.4887
vn -0.8781 0.0000 0.4785
vn -0.8725 0.0000 -0.4887
vn -0.8781 0.0000 0.4785
vn -0.8725 0.0000 -0.4887
vn -0.8781 0.0000 0.4785
vn -0.8725 0.0000 -0.4887
vn -0.8781 0.0000 0.4785
vn -0.8725 0.0000 -0.4887
vn -0.8781 0.0000 0.4785
vn -0.8725 0.0000 -0.4887
vn -0.8781 0.0000 0.4785
vn -0.8725 0.0000 -0.4887
vn -0.8781 0.0000 0.4785
vn -0.8725 0.0000 -0.4887
vn -0.8781 0.0000 0.4785
vn -0.8725 0.0000 -0.4887
vn -0.8781 0.0000 0.4785
vn -0.8725 0.0000 -0.4887
vn -0.8781 0.0000 0.4785
vn -0.8735 0.0006 -0.4868
vn -0.8837 0.0027 0.4681
vn -0.8742 0.0000 -0.4856
vn -0.8847 0.0000 0.4662
vn -0.8742 0.0000 -0.4856
vn -0.8847 0.0000 0.4662
vn -0.8742 0.0000 -0.4856
vn -0.8847 0.0000 0.4662
vn -0.8742 0.0000 -0.4856
vn -0.8847 0.0000 0.4662
vn -0.8742 0.0000 -0.4856
vn -0.8847 0.0000 0.4662
vn -0.8742 0.0000 -0.4856
vn -0.8783 -0.0082 0.4780
vn -0.8742 0.0000 -0.4856
vn -0.8682 0.0000 0.4962
vn -0.8755 0.0019 -0.4832
vn -0.8682 0.0000 0.4962
vn -0.8772 0.0000 -0.4802
vn -0.8682 0.0000 0.4962
vn -0.8772 0.0000 -0.4802
vn -0.8682 0.0000 0.4962
vn -0.8772 0.0000 -0.4802
vn -0.8887 -0.0102 0.4584
vn -0.8610 0.0001 0.5085
vn -0.8772 0.0000 -0.4802
vn -0.8618 0.0005 0.5073
vn -0.8772 0.0000 -0.4802
vn -0.8626 0.0000 0.5058
vn -0.8772 0.0000 -0.4802
vn -0.8411 0.0370 0.5396
vn -0.8772 0.0000 -0.4802
vn -0.8757 -0.0013 -0.4828
vn -0.8748 0.0000 -0.4845
vn -0.8748 0.0000 -0.4845
vn -0.8748 0.0000 -0.4845
vn -0.8349 -0.2826 -0.4723
vn -0.8313 0.0320 -0.5549
vn -0.8186 0.3278 0.4715
vn -0.6381 0.6822 0.3569
vn -0.8810 0.0000 0.4730
vn -0.8810 0.0000 0.4730
vn -0.8810 0.0000 0.4730
vn -0.8810 0.0000 0.4730
vn -0.8810 0.0000 0.4730
vn -0.8810 0.0000 0.4730
vn -0.8846 0.0032 0.4664
vn -0.8863 0.0000 0.4632
vn -0.8863 0.0000 0.4632
vn -0.8586 -0.0022 -0.5127
vn -0.8863 0.0000 0.4632
vn -0.8600 -0.0001 -0.5102
vn -0.8798 -0.0070 0.4753
vn -0.8682 0.0000 -0.4962
vn -0.8752 0.0000 0.4837
vn -0.8682 0.0000 -0.4962
vn -0.9064 -0.0137 0.4223
vn -0.8752 0.0000 0.4837
vn -0.8682 0.0000 -0.4962
vn -0.8752 0.0000 0.4837
vn -0.8682 0.0000 -0.4962
vn -0.8752 0.0000 0.4837
vn -0.8682 0.0000 -0.4962
vn -0.8752 0.0000 0.4837
vn -0.8712 0.0034 -0.4908
vn -0.8752 0.0000 0.4837
vn -0.9143 -0.0006 -0.4049
vn -0.8760 0.0000 -0.4823
vn -0.8752 0.0000 0.4837
vn -0.8760 0.0000 -0.4823
vn -0.8752 0.0000 0.4837
vn -0.8760 0.0000 -0.4823
vn -0.8752 0.0000 0.4837
vn -0.8760 0.0000 -0.4823
vn -0.8859 0.0061 0.4639
vn -0.8760 0.0000 -0.4823
vn -0.8900 0.0000 0.4560
vn -0.8760 0.0000 -0.4823
vn -0.8900 0.0000 0.4560
vn -0.8760 0.0000 -0.4823
vn -0.8900 0.0000 0.4560
vn -0.8760 0.0000 -0.4823
vn -0.8900 0.0000 0.4560
vn -0.8760 0.0000 -0.4823
vn -0.8900 0.0000 0.4560
vn -0.8760 0.0000 -0.4823
vn -0.8900 0.0000 0.4560
vn -0.8760 0.0000 -0.4823
vn -0.8900 0.0000 0.4560
vn -0.8760 0.0000 -0.4823
vn -0.8900 0.0000 0.4560
vn -0.8760 0.0000 -0.4823
vn -0.8900 0.0000 0.4560
vn -0.8760 0.0000 -0.4823
vn -0.8900 0.0000 0.4560
vn -0.8760 0.0000 -0.4823
vn -0.8900 0.0000 0.4560
vn -0.8731 -0.0024 -0.4876
vn -0.8900 0.0000 0.4560
vn -0.8991 0.0123 -0.4375
vn -0.8690 0.0000 -0.4948
vn -0.8900 0.0000 0.4560
vn -0.8690 0.0000 -0.4948
vn -0.8900 0.0000 0.4560
vn -0.8690 0.0000 -0.4947
vn -0.8900 0.0000 0.4560
vn -0.8750 -0.0071 0.4841
vn -0.8006 0.0727 0.5948
vn -0.8103 0.4347 0.3929
vn -0.8896 -0.0386 0.4551
vn 0.2294 0.9732 -0.0161
vn -0.7715 0.5152 -0.3734
vn -0.7204 -0.5860 0.3710
vn -0.7949 -0.0697 0.6027
vn -0.8470 -0.0021 0.5315
vn -0.8552 0.0000 0.5182
vn -0.7543 0.0400 -0.6553
vn -0.8552 0.0000 0.5182
vn -0.8552 0.0000 0.5182
vn -0.8535 0.0022 0.5211
vn -0.8499 0.0000 0.5270
vn -0.8499 0.0000 0.5270
vn -0.8499 0.0000 0.5270
vn -0.8499 0.0000 0.5270
vn -0.8499 0.0000 0.5270
vn -0.8441 -0.1482 -0.5153
vn -0.8499 0.0000 0.5270
vn -0.8499 0.0000 0.5270
vn -0.8091 0.0006 -0.5876
vn -0.8499 0.0000 0.5270
vn -0.8562 -0.0001 -0.5166
vn -0.8499 0.0000 0.5270
vn -0.8562 0.0000 -0.5166
vn -0.8499 0.0000 0.5270
vn -0.8406 0.0096 -0.5416
vn -0.8499 0.0000 0.5270
vn -0.8342 0.0000 -0.5514
vn -0.8437 0.0065 0.5368
vn -0.8342 0.0000 -0.5514
vn -0.8364 0.0000 0.5481
vn -0.8342 0.0000 -0.5514
vn -0.8364 0.0000 0.5481
vn -0.8342 0.0000 -0.5514
vn -0.8364 0.0000 0.5481
vn -0.8342 0.0000 -0.5514
vn -0.8364 0.0000 0.5481
vn -0.8342 0.0000 -0.5514
vn -0.8364 0.0000 0.5481
vn -0.8342 0.0000 -0.5514
vn -0.8364 0.0000 0.5481
vn -0.8412 -0.0073 -0.5407
vn -0.8364 0.0000 0.5481
vn -0.8474 0.0000 -0.5309
vn -0.8391 -0.0054 0.5440
vn -0.8474 0.0000 -0.5309
vn -0.8483 0.0000 0.5295
vn -0.8474 0.0000 -0.5309
vn -0.8483 0.0000 0.5295
vn -0.8474 0.0000 -0.5309
vn -0.8483 0.0000 0.5295
vn -0.8474 0.0000 -0.5309
vn -0.8483 0.0000 0.5295
vn -0.8474 0.0000 -0.5309
vn -0.8483 0.0000 0.5295
vn -0.8474 0.0000 -0.5309
vn -0.8483 0.0000 0.5295
vn -0.8397 0.0063 -0.5431
vn -0.8483 0.0000 0.5295
vn -0.8348 0.0000 -0.5506
vn -0.8501 -0.0027 0.5266
vn -0.8348 0.0000 -0.5506
vn -0.8574 0.0000 0.5146
vn -0.8348 0.0000 -0.5506
vn -0.8588 0.0055 0.5123
vn -0.8348 0.0000 -0.5506
vn -0.8480 -0.0687 0.5255
vn -0.8348 0.0000 -0.5506
vn -0.8348 0.0000 -0.5506
vn -0.8348 0.0000 -0.5506
vn -0.8403 0.0000 -0.5421
vn -0.8377 -0.3464 -0.4222
vn -0.8787 -0.2837 0.3840
vn -0.8274 0.3021 0.4735
vn -0.5390 0.7853 0.3047
vn -0.7582 0.3883 0.5238
vn -0.8614 0.0000 0.5079
vn -0.8614 0.0000 0.5079
vn -0.8614 0.0000 0.5079
vn -0.8414 0.0090 0.5404
vn -0.8335 0.0000 0.5525
vn -0.8335 0.0000 0.5525
vn -0.8335 0.0000 0.5525
vn -0.8335 0.0000 0.5525
vn -0.8335 0.0000 0.5525
vn -0.8033 -0.0299 -0.5948
vn -0.8335 0.0000 0.5525
vn -0.8568 -0.0001 -0.5157
vn -0.8335 0.0000 0.5525
vn -0.8568 0.0000 -0.5157
vn -0.8335 0.0000 0.5525
vn -0.8568 0.0000 -0.5157
vn -0.8335 0.0000 0.5525
vn -0.8566 0.0002 -0.5161
vn -0.8335 0.0000 0.5525
vn -0.8562 0.0000 -0.5166
vn -0.8335 0.0000 0.5525
vn -0.8562 0.0000 -0.5166
vn -0.8335 0.0000 0.5525
vn -0.8562 0.0000 -0.5166
vn -0.8335 0.0000 0.5525
vn -0.8562 0.0000 -0.5166
vn -0.8335 0.0000 0.5525
vn -0.8562 0.0000 -0.5166
vn -0.8335 0.0000 0.5525
vn -0.8562 0.0000 -0.5166
vn -0.8327 0.0008 0.5538
vn -0.8562 0.0000 -0.5166
vn -0.8319 0.0000 0.5550
vn -0.8516 0.0090 -0.5242
vn -0.8319 0.0000 0.5550
vn -0.8356 0.0000 -0.5494
vn -0.8319 0.0000 0.5550
vn -0.8356 0.0000 -0.5494
vn -0.8319 0.0000 0.5550
vn -0.8356 0.0000 -0.5494
vn -0.8319 0.0000 0.5550
vn -0.8356 0.0000 -0.5494
vn -0.8319 0.0000 0.5550
vn -0.8356 0.0000 -0.5494
vn -0.8319 0.0000 0.5550
vn -0.8356 0.0000 -0.5494
vn -0.8319 0.0000 0.5550
vn -0.8356 0.0000 -0.5494
vn -0.8319 0.0000 0.5550
vn -0.8356 0.0000 -0.5494
vn -0.8319 0.0000 0.5550
vn -0.8356 0.0000 -0.5494
vn -0.8319 0.0000 0.5550
vn -0.8356 0.0000 -0.5494
vn -0.8319 0.0000 0.5550
vn -0.8356 0.0000 -0.5494
vn -0.8319 0.0000 0.5550
vn -0.8356 0.0000 -0.5494
vn -0.8319 0.0000 0.5550
vn -0.8356 0.0000 -0.5494
vn -0.8427 -0.0118 0.5382
vn -0.8356 0.0000 -0.5494
vn -0.8191 -0.0090 0.5736
vn -0.8356 0.0000 -0.5494
vn -0.8420 -0.0083 -0.5394
vn -0.8563 0.0000 -0.5164
vn -0.8563 0.0000 -0.5164
vn -0.8563 0.0000 -0.5164
vn -0.8563 0.0000 -0.5164
vn -0.8563 0.0000 -0.5164
vn -0.8192 -0.3945 -0.4162
vn -0.8572 -0.0035 -0.5149
vn -0.7491 -0.3679 -0.5510
vn -0.8878 -0.2282 -0.3996
vn -0.4219 -0.8600 0.2870
vn -0.8274 0.3021 0.4735
vn -0.4424 0.8547 0.2716
vn -0.7454 0.4259 0.5128
vn -0.8614 0.0000 0.5079
vn -0.8614 0.0000 0.5079
vn -0.8614 0.0000 0.5079
vn -0.8535 0.0039 0.5211
vn -0.8125 -0.0163 -0.5827
vn -0.8494 0.0000 0.5277
vn -0.8494 0.0000 0.5277
vn -0.8494 0.0000 0.5277
vn -0.8494 0.0000 0.5277
vn -0.8494 0.0000 0.5277
vn -0.8494 0.0000 0.5277
vn -0.8378 -0.0046 -0.5460
vn -0.8494 0.0000 0.5277
vn -0.8565 -0.0000 -0.5162
vn -0.8494 0.0000 0.5277
vn -0.8565 0.0000 -0.5161
vn -0.8494 0.0000 0.5277
vn -0.8508 0.0037 -0.5254
vn -0.8494 0.0000 0.5277
vn -0.8466 0.0000 -0.5323
vn -0.8494 0.0000 0.5277
vn -0.8466 0.0000 -0.5323
vn -0.8458 0.0034 0.5335
vn -0.8466 0.0000 -0.5323
vn -0.8420 0.0000 0.5395
vn -0.8466 0.0000 -0.5323
vn -0.8420 0.0000 0.5395
vn -0.8466 0.0000 -0.5323
vn -0.8420 0.0000 0.5395
vn -0.8466 0.0000 -0.5323
vn -0.8420 0.0000 0.5395
vn -0.8466 0.0000 -0.5323
vn -0.8420 0.0000 0.5395
vn -0.8466 0.0000 -0.5323
vn -0.8420 0.0000 0.5395
vn -0.8466 0.0000 -0.5323
vn -0.8420 0.0000 0.5395
vn -0.8466 0.0000 -0.5323
vn -0.8420 0.0000 0.5395
vn -0.8466 0.0000 -0.5323
vn -0.8420 0.0000 0.5395
vn -0.8466 0.0000 -0.5323
vn -0.8420 0.0000 0.5395
vn -0.8466 0.0000 -0.5323
vn -0.8420 0.0000 0.5395
vn -0.8466 0.0000 -0.5323
vn -0.8420 0.0000 0.5395
vn -0.8466 0.0000 -0.5323
vn -0.8420 0.0000 0.5395
vn -0.8310 0.0068 -0.5562
vn -0.8420 0.0000 0.5395
vn -0.8276 0.0000 -0.5613
vn -0.8420 0.0000 0.5395
vn -0.8276 0.0000 -0.5613
vn -0.8499 -0.0069 0.5270
vn -0.8276 0.0000 -0.5613
vn -0.8548 0.0000 0.5189
vn -0.8276 0.0000 -0.5613
vn -0.8548 0.0000 0.5189
vn -0.8276 0.0000 -0.5613
vn -0.8548 0.0000 0.5189
vn -0.8276 0.0000 -0.5613
vn -0.8547 0.0002 0.5191
vn -0.8322 0.0001 -0.5545
vn -0.8420 -0.0002 -0.5395
vn -0.5566 0.7037 -0.4415
vn -0.6078 0.7054 0.3648
vn -0.6239 -0.6737 -0.3960
vn -0.7912 -0.0192 0.6113
vn -0.7460 0.0113 -0.6659
vn -0.7621 0.0191 0.6472
vn -0.7505 0.0015 0.6609
vn -0.8193 0.0170 -0.5731
vn -0.7696 0.0003 -0.6386
vn -0.7936 0.0068 0.6084
vn -0.7873 0.0117 -0.6164
vn 0.4377 0.8800 -0.1843
vn -0.7899 0.0110 0.6132
vn -0.7840 -0.0058 -0.6207
vn -0.7246 -0.0278 0.6886
vn -0.7640 0.0023 0.6452
vn -0.8124 -0.0079 0.5831
vn -0.6695 -0.2839 -0.6864
vn -0.7132 -0.0075 -0.7009
vn -0.7099 -0.0222 -0.7039
vn -0.7151 -0.0069 0.6989
vn -0.7789 -0.0065 -0.6271
vn -0.1015 -0.9948 0.0108
vn -0.6856 -0.3467 0.6401
vn -0.7960 0.1157 0.5941
vn -0.8128 0.3410 -0.4724
vn -0.7279 0.0045 -0.6857
vn -0.6688 -0.3909 -0.6324
vn -0.6862 0.0345 -0.7266
vn -0.6144 0.6417 0.4590
vn -0.1495 -0.9870 0.0583
vn -0.6347 0.0158 -0.7726
vn -0.5537 -0.5027 0.6639
vn -0.6517 -0.0026 -0.7585
vn -0.7450 -0.0259 -0.6666
vn -0.6642 -0.0134 -0.7474
vn -0.7603 -0.0344 -0.6487
vn -0.6433 0.3073 -0.7012
vn -0.6888 -0.0605 0.7224
vn 0.1787 0.9830 0.0427
vn -0.0735 -0.9962 0.0475
vn -0.5974 0.1178 0.7933
vn -0.5613 0.4733 0.6789
vn -0.0026 -1.0000 -0.0022
vn -0.6816 0.0239 0.7313
vn -0.7376 0.0667 0.6719
vn 0.2387 0.9705 -0.0337
vn -0.0008 -1.0000 -0.0006
vn -0.7118 -0.0357 0.7015
vn -0.6398 0.0039 0.7685
vn -0.6770 -0.0052 0.7360
vn -0.7048 -0.0366 -0.7085
vn -0.7103 -0.0202 0.7036
vn 0.0000 -1.0000 -0.0000
vn -0.5087 0.0278 -0.8605
vn -0.6289 -0.0068 -0.7775
vn -0.6326 -0.0188 -0.7742
vn -0.7276 -0.2764 0.6279
vn -0.6594 0.0087 0.7518
vn -0.6560 0.3317 -0.6780
vn -0.6594 -0.1267 -0.7410
vn 0.6279 0.7753 -0.0682
vn 0.0000 -1.0000 0.0000
vn -0.0494 -0.9868 0.1540
vn -0.6287 0.0213 -0.7773
vn -0.8007 -0.1943 -0.5666
vn -0.6367 0.1833 0.7490
vn -0.6309 0.0012 0.7759
vn -0.6417 -0.0231 0.7666
vn 0.0075 -0.9988 -0.0489
vn -0.6089 0.0303 -0.7927
vn -0.6197 -0.4404 -0.6497
vn -0.6437 -0.0308 0.7647
vn -0.6831 0.1185 -0.7207
vn -0.1376 -0.9837 -0.1159
vn -0.7488 -0.4837 -0.4530
vn -0.7024 0.1519 0.6954
vn -0.6160 0.0661 0.7849
vn -0.4745 -0.5238 -0.7075
vn 0.0075 -0.9999 -0.0140
vn -0.5987 0.4237 0.6797
vn -0.6338 -0.0066 -0.7735
vn -0.0095 -1.0000 0.0029
vn -0.5510 -0.1373 -0.8232
vn -0.4484 -0.2163 0.8673
vn -0.5889 0.0085 -0.8082
vn -0.5519 -0.0001 -0.8339
vn -0.3580 -0.3385 -0.8702
vn -0.3816 0.3800 -0.8426
vn -0.5648 -0.0007 0.8252
vn -0.6363 -0.0051 0.7714
vn -0.6684 -0.0192 0.7436
vn -0.4985 0.2940 -0.8155
vn -0.6071 -0.0606 -0.7923
vn -0.5803 0.0013 0.8144
vn -0.4389 0.7352 -0.5166
vn 0.0043 1.0000 -0.0004
vn 0.1406 0.9811 -0.1328
vn -0.3664 -0.2144 -0.9054
vn -0.5429 0.0021 0.8398
vn -0.5431 0.0000 -0.8397
vn -0.5602 -0.0014 0.8284
vn -0.5431 0.0000 -0.8397
vn -0.5611 0.0000 0.8277
vn -0.5431 0.0000 -0.8397
vn -0.5611 0.0000 0.8277
vn -0.5431 0.0000 -0.8397
vn -0.5611 0.0000 0.8277
vn -0.5436 0.0004 -0.8393
vn -0.5611 0.0000 0.8277
vn -0.5443 0.0000 -0.8389
vn -0.5539 -0.0059 0.8326
vn -0.5443 0.0000 -0.8389
vn -0.5454 0.0000 0.8382
vn -0.5443 0.0000 -0.8389
vn -0.5454 0.0000 0.8382
vn -0.5443 0.0000 -0.8389
vn -0.5454 0.0000 0.8382
vn -0.5443 0.0000 -0.8389
vn -0.5454 0.0000 0.8382
vn -0.5443 0.0000 -0.8389
vn -0.5454 0.0000 0.8382
vn -0.5443 0.0000 -0.8389
vn -0.5432 -0.0018 0.8396
vn -0.5443 0.0000 -0.8389
vn -0.5396 0.0000 0.8419
vn -0.5443 0.0000 -0.8389
vn -0.5396 0.0000 0.8419
vn -0.5443 0.0000 -0.8389
vn -0.5396 0.0000 0.8419
vn -0.5443 0.0000 -0.8389
vn -0.5396 0.0000 0.8419
vn -0.5399 -0.0028 -0.8418
vn -0.5396 0.0000 0.8419
vn -0.5353 0.0000 -0.8447
vn -0.5396 0.0000 0.8419
vn -0.5353 0.0000 -0.8447
vn -0.5396 0.0000 0.8419
vn -0.5353 0.0000 -0.8447
vn -0.5396 0.0000 0.8419
vn -0.5353 0.0000 -0.8447
vn -0.5396 0.0000 0.8419
vn -0.5353 0.0000 -0.8447
vn -0.5396 0.0000 0.8419
vn -0.5353 0.0000 -0.8447
vn -0.5396 0.0000 0.8419
vn -0.5353 0.0000 -0.8447
vn -0.5396 0.0000 0.8419
vn -0.5353 0.0000 -0.8447
vn -0.5396 0.0000 0.8419
vn -0.5473 0.0073 -0.8369
vn -0.5396 0.0000 0.8419
vn -0.5553 0.0000 -0.8317
vn -0.5320 0.0001 0.8467
vn -0.5555 0.0004 -0.8315
vn -0.5400 0.0247 0.8413
vn -0.6412 -0.0449 0.7660
vn -0.6770 -0.0618 0.7333
vn -0.4090 0.6034 -0.6846
vn -0.4758 0.3088 -0.8236
vn -0.5338 0.0000 -0.8456
vn -0.5338 0.0000 -0.8456
vn -0.5416 -0.0002 0.8406
vn -0.5338 0.0000 -0.8456
vn -0.5352 0.0013 0.8447
vn -0.5338 0.0000 -0.8456
vn -0.5346 0.0000 0.8451
vn -0.5338 0.0000 -0.8456
vn -0.5346 0.0000 0.8451
vn -0.5338 0.0000 -0.8456
vn -0.5346 0.0000 0.8451
vn -0.5338 0.0000 -0.8456
vn -0.5346 0.0000 0.8451
vn -0.5318 -0.0027 -0.8469
vn -0.5346 0.0000 0.8451
vn -0.5220 0.0000 -0.8530
vn -0.5346 0.0000 0.8451
vn -0.5220 0.0000 -0.8530
vn -0.5425 -0.0023 0.8401
vn -0.5220 0.0000 -0.8530
vn -0.5441 0.0000 0.8390
vn -0.5220 0.0000 -0.8530
vn -0.5441 0.0000 0.8390
vn -0.5220 0.0000 -0.8530
vn -0.5441 0.0000 0.8390
vn -0.5220 0.0000 -0.8530
vn -0.5441 0.0000 0.8390
vn -0.5220 0.0000 -0.8530
vn -0.5441 0.0000 0.8390
vn -0.5220 0.0000 -0.8530
vn -0.5441 0.0000 0.8390
vn -0.5302 0.0058 -0.8479
vn -0.5339 -0.0056 0.8455
vn -0.5410 0.0000 -0.8410
vn -0.5091 0.0000 0.8607
vn -0.5410 0.0000 -0.8410
vn -0.5091 0.0000 0.8607
vn -0.5410 0.0000 -0.8410
vn -0.5091 0.0000 0.8607
vn -0.5410 0.0000 -0.8410
vn -0.5091 0.0000 0.8607
vn -0.5410 0.0000 -0.8410
vn -0.5091 0.0000 0.8607
vn -0.5410 0.0000 -0.8410
vn -0.5091 0.0000 0.8607
vn -0.5410 0.0000 -0.8410
vn -0.5091 0.0000 0.8607
vn -0.5410 0.0000 -0.8410
vn -0.5363 0.0060 0.8440
vn -0.5391 -0.0024 -0.8422
vn -0.5420 0.0000 0.8404
vn -0.5320 0.0000 -0.8467
vn -0.5420 0.0000 0.8404
vn -0.5320 0.0000 -0.8467
vn -0.5420 0.0000 0.8404
vn -0.5320 0.0000 -0.8467
vn -0.5420 0.0000 0.8404
vn -0.5320 0.0000 -0.8467
vn -0.5420 0.0000 0.8404
vn -0.5320 0.0000 -0.8467
vn -0.5420 0.0000 0.8404
vn -0.5320 0.0000 -0.8467
vn -0.5420 0.0000 0.8404
vn -0.5320 0.0000 -0.8467
vn -0.5416 -0.0002 0.8406
vn -0.5320 0.0000 -0.8467
vn -0.5414 0.0000 0.8408
vn -0.5320 0.0000 -0.8467
vn -0.5414 0.0000 0.8408
vn -0.5338 0.0001 0.8456
vn -0.5336 0.0000 0.8457
vn -0.5358 0.0260 0.8439
vn -0.6199 -0.1416 0.7718
vn -0.4751 -0.2277 0.8500
vn -0.4282 0.5403 -0.7244
vn -0.4762 0.3077 -0.8237
vn -0.5271 0.0000 -0.8498
vn -0.5271 0.0000 -0.8498
vn -0.4749 0.2966 0.8285
vn -0.5271 0.0000 -0.8498
vn -0.5271 0.0000 -0.8498
vn -0.5258 0.0063 0.8506
vn -0.5271 0.0000 -0.8498
vn -0.5271 0.0000 -0.8498
vn -0.5315 0.0000 0.8471
vn -0.5271 0.0000 -0.8498
vn -0.5271 0.0000 -0.8498
vn -0.5315 0.0000 0.8471
vn -0.5271 0.0000 -0.8498
vn -0.5360 0.0026 0.8442
vn -0.5271 0.0000 -0.8498
vn -0.5499 -0.0030 0.8352
vn -0.5271 0.0000 -0.8498
vn -0.5520 0.0000 0.8338
vn -0.5483 0.0098 -0.8362
vn -0.5520 0.0000 0.8338
vn -0.5580 0.0000 -0.8298
vn -0.5520 0.0000 0.8338
vn -0.5580 0.0000 -0.8298
vn -0.5520 0.0000 0.8338
vn -0.5580 0.0000 -0.8298
vn -0.5520 0.0000 0.8338
vn -0.5580 0.0000 -0.8298
vn -0.5520 0.0000 0.8338
vn -0.5580 0.0000 -0.8298
vn -0.5452 -0.0067 0.8383
vn -0.5580 0.0000 -0.8298
vn -0.5186 0.0000 0.8550
vn -0.5590 0.0007 -0.8292
vn -0.5186 0.0000 0.8550
vn -0.5597 0.0000 -0.8287
vn -0.5186 0.0000 0.8550
vn -0.5597 0.0000 -0.8287
vn -0.5186 0.0000 0.8550
vn -0.5597 0.0000 -0.8287
vn -0.5186 0.0000 0.8550
vn -0.5530 -0.0052 -0.8332
vn -0.5186 0.0000 0.8550
vn -0.5457 0.0000 -0.8380
vn -0.5186 0.0000 0.8550
vn -0.5457 0.0000 -0.8380
vn -0.5186 0.0000 0.8550
vn -0.5457 0.0000 -0.8380
vn -0.5186 0.0000 0.8550
vn -0.5457 0.0000 -0.8380
vn -0.5186 0.0000 0.8550
vn -0.5522 0.0046 -0.8337
vn -0.5186 0.0000 0.8550
vn -0.5580 0.0000 -0.8298
vn -0.5186 0.0000 0.8550
vn -0.5483 -0.0102 -0.8362
vn -0.5186 0.0000 0.8550
vn -0.5285 0.0000 -0.8489
vn -0.5186 0.0000 0.8550
vn -0.5285 0.0000 -0.8489
vn -0.5417 0.0057 0.8406
vn -0.5285 0.0000 -0.8489
vn -0.5466 0.0000 0.8374
vn -0.5285 0.0000 -0.8489
vn -0.5466 0.0000 0.8374
vn -0.5287 0.0002 -0.8488
vn -0.5435 -0.0038 0.8394
vn -0.5134 0.0001 0.8582
vn -0.5133 0.0000 0.8582
vn -0.5133 0.0000 0.8582
vn -0.5025 0.0063 0.8645
vn -0.5269 0.1126 0.8424
vn -0.4582 0.0155 0.8887
vn -0.5122 -0.1549 0.8448
vn -0.4042 -0.3332 -0.8518
vn -0.4085 0.0421 -0.9118
vn -0.4855 -0.0001 -0.8742
vn -0.4663 0.0069 0.8846
vn -0.4856 0.0000 -0.8742
vn -0.4522 0.0000 0.8919
vn -0.4856 0.0000 -0.8742
vn -0.4522 0.0000 0.8919
vn -0.4856 0.0000 -0.8742
vn -0.4522 0.0000 0.8919
vn -0.4856 0.0000 -0.8742
vn -0.4522 0.0000 0.8919
vn -0.4856 0.0000 -0.8742
vn -0.4522 0.0000 0.8919
vn -0.4599 0.0092 -0.8879
vn -0.4522 0.0000 0.8919
vn -0.4525 0.0000 -0.8918
vn -0.4522 0.0000 0.8919
vn -0.4525 0.0000 -0.8918
vn -0.4522 0.0000 0.8919
vn -0.4525 0.0000 -0.8918
vn -0.4522 0.0000 0.8919
vn -0.4525 0.0000 -0.8918
vn -0.4522 0.0000 0.8919
vn -0.4525 0.0000 -0.8918
vn -0.4522 0.0000 0.8919
vn -0.4525 0.0000 -0.8918
vn -0.4530 -0.0005 0.8915
vn -0.4525 0.0000 -0.8918
vn -0.4538 0.0000 0.8911
vn -0.4641 -0.0036 -0.8858
vn -0.4538 0.0000 0.8911
vn -0.4667 0.0000 -0.8844
vn -0.4538 0.0000 0.8911
vn -0.4667 0.0000 -0.8844
vn -0.4538 0.0000 0.8911
vn -0.4667 0.0000 -0.8844
vn -0.4538 0.0000 0.8911
vn -0.4667 0.0000 -0.8844
vn -0.4538 0.0000 0.8911
vn -0.4667 0.0000 -0.8844
vn -0.4538 0.0000 0.8911
vn -0.4667 0.0000 -0.8844
vn -0.4538 0.0000 0.8911
vn -0.4667 0.0000 -0.8844
vn -0.4538 0.0000 0.8911
vn -0.4808 -0.0049 -0.8768
vn -0.4538 0.0000 0.8911
vn -0.4855 0.0000 -0.8743
vn -0.4538 0.0000 0.8911
vn -0.4855 0.0000 -0.8743
vn -0.4612 -0.0073 0.8873
vn -0.4855 0.0000 -0.8743
vn -0.4941 0.0000 0.8694
vn -0.4957 -0.0269 0.8681
vn -0.4855 0.0000 -0.8743
vn -0.4855 0.0000 -0.8743
vn -0.5392 0.0003 -0.8422
vn -0.5232 0.0026 -0.8522
vn -0.4277 -0.0151 -0.9038
vn -0.3636 0.6120 -0.7023
vn -0.4816 0.3227 -0.8148
vn -0.5066 0.5128 0.6931
vn -0.4880 0.0000 -0.8728
vn -0.4987 0.2228 0.8376
vn -0.4880 0.0000 -0.8728
vn -0.4880 0.0000 -0.8728
vn -0.4905 -0.0020 -0.8714
vn -0.4992 0.0000 -0.8665
vn -0.4992 0.0000 -0.8665
vn -0.4992 0.0000 -0.8665
vn -0.4992 0.0000 -0.8665
vn -0.4992 0.0000 -0.8665
vn -0.4992 0.0000 -0.8665
vn -0.4627 0.0060 0.8865
vn -0.4992 0.0000 -0.8665
vn -0.4723 0.0048 -0.8815
vn -0.4494 0.0000 0.8933
vn -0.4766 0.0047 -0.8791
vn -0.4494 0.0000 0.8933
vn -0.4689 0.0000 -0.8832
vn -0.4494 0.0000 0.8933
vn -0.4689 0.0000 -0.8832
vn -0.4494 0.0000 0.8933
vn -0.4689 0.0000 -0.8832
vn -0.4494 0.0000 0.8933
vn -0.4689 0.0000 -0.8832
vn -0.4494 0.0000 0.8933
vn -0.4689 0.0000 -0.8832
vn -0.4494 0.0000 0.8933
vn -0.4689 0.0000 -0.8832
vn -0.4544 -0.0048 0.8908
vn -0.4689 0.0000 -0.8832
vn -0.4689 0.0000 0.8832
vn -0.4704 -0.0028 -0.8824
vn -0.4689 0.0000 0.8832
vn -0.4891 0.0000 -0.8722
vn -0.4689 0.0000 0.8832
vn -0.4891 0.0000 -0.8722
vn -0.4689 0.0000 0.8832
vn -0.4891 0.0000 -0.8722
vn -0.4689 0.0000 0.8832
vn -0.4891 0.0000 -0.8722
vn -0.4689 0.0000 0.8832
vn -0.4891 0.0000 -0.8722
vn -0.4689 0.0000 0.8832
vn -0.4891 0.0000 -0.8722
vn -0.4689 0.0000 0.8832
vn -0.4891 0.0000 -0.8722
vn -0.4689 0.0000 0.8832
vn -0.4891 0.0000 -0.8722
vn -0.4689 0.0000 0.8832
vn -0.4891 0.0000 -0.8722
vn -0.4689 0.0000 0.8832
vn -0.4891 0.0000 -0.8722
vn -0.4689 0.0000 0.8832
vn -0.4891 0.0000 -0.8722
vn -0.4689 0.0000 0.8832
vn -0.4891 0.0000 -0.8722
vn -0.4689 0.0000 0.8832
vn -0.4891 0.0000 -0.8722
vn -0.4689 0.0000 0.8832
vn -0.4891 0.0000 -0.8722
vn -0.4766 -0.0047 0.8791
vn -0.4891 0.0000 -0.8722
vn -0.4941 0.0000 0.8694
vn -0.4690 0.0146 0.8831
vn -0.4922 0.0023 -0.8705
vn -0.5309 0.0017 -0.8475
vn -0.5288 0.0066 -0.8487
vn -0.3846 -0.0746 -0.9201
vn -0.4488 0.0277 -0.8932
vn -0.4329 0.5719 -0.6968
vn -0.4808 0.3235 -0.8149
vn -0.4860 0.0000 -0.8740
vn -0.4860 0.0000 -0.8740
vn -0.4860 0.0000 -0.8740
vn -0.4885 -0.0024 -0.8726
vn -0.4992 0.0000 -0.8665
vn -0.4992 0.0000 -0.8665
vn -0.4992 0.0000 -0.8665
vn -0.4992 0.0000 -0.8665
vn -0.4992 0.0000 -0.8665
vn -0.4992 0.0000 -0.8665
vn -0.4846 -0.0034 0.8747
vn -0.4992 0.0000 -0.8665
vn -0.4781 0.0006 -0.8783
vn -0.4786 0.0000 0.8780
vn -0.4874 0.0027 -0.8731
vn -0.4786 0.0000 0.8780
vn -0.4810 0.0000 -0.8767
vn -0.4786 0.0000 0.8780
vn -0.4810 0.0000 -0.8767
vn -0.4786 0.0000 0.8780
vn -0.4810 0.0000 -0.8767
vn -0.4786 0.0000 0.8780
vn -0.4810 0.0000 -0.8767
vn -0.4786 0.0000 0.8780
vn -0.4810 0.0000 -0.8767
vn -0.4786 0.0000 0.8780
vn -0.4810 0.0000 -0.8767
vn -0.4666 0.0073 0.8845
vn -0.4810 0.0000 -0.8767
vn -0.4562 0.0000 0.8899
vn -0.4810 0.0000 -0.8767
vn -0.4562 0.0000 0.8899
vn -0.4810 0.0000 -0.8767
vn -0.4562 0.0000 0.8899
vn -0.4810 0.0000 -0.8767
vn -0.4562 0.0000 0.8899
vn -0.4810 0.0000 -0.8767
vn -0.4562 0.0000 0.8899
vn -0.4810 0.0000 -0.8767
vn -0.4562 0.0000 0.8899
vn -0.4810 0.0000 -0.8767
vn -0.4562 0.0000 0.8899
vn -0.4810 0.0000 -0.8767
vn -0.4562 0.0000 0.8899
vn -0.4810 0.0000 -0.8767
vn -0.4562 0.0000 0.8899
vn -0.4760 0.0020 -0.8794
vn -0.4562 0.0000 0.8899
vn -0.4724 0.0000 -0.8814
vn -0.4562 0.0000 0.8899
vn -0.4724 0.0000 -0.8814
vn -0.4674 -0.0077 0.8840
vn -0.4724 0.0000 -0.8814
vn -0.4823 0.0000 0.8760
vn -0.4724 0.0000 -0.8814
vn -0.4823 0.0000 0.8760
vn -0.4724 0.0000 -0.8814
vn -0.4823 0.0000 0.8760
vn -0.4724 0.0000 -0.8814
vn -0.4823 0.0000 0.8760
vn -0.4724 0.0000 -0.8814
vn -0.4822 0.0002 0.8761
vn -0.4407 0.1512 -0.8848
vn -0.4060 0.4301 -0.8064
vn -0.5779 0.0216 -0.8158
vn -0.0003 1.0000 0.0006
vn -0.0002 -1.0000 -0.0002
vn 0.0000 -1.0000 0.0000
vn -0.4193 0.4723 0.7754
vn 0.3089 0.8214 -0.4794
vn -0.3708 -0.0256 -0.9284
vn -0.4311 -0.0014 -0.9023
vn -0.3081 -0.3409 -0.8882
vn -0.3921 0.3046 -0.8680
vn -0.4028 -0.0017 -0.9153
vn -0.3988 0.0142 -0.9169
vn -0.3298 -0.7048 0.6281
vn -0.3127 0.0088 0.9498
vn -0.2563 -0.0149 0.9665
vn -0.4038 0.0121 0.9148
vn -0.4061 -0.0069 0.9138
vn 0.1152 0.9747 0.1915
vn -0.0921 -0.9594 -0.2666
vn -0.0002 -1.0000 0.0002
vn -0.1306 -0.9723 0.1938
vn -0.3471 0.0004 0.9378
vn 0.0000 -1.0000 0.0000
vn -0.3471 -0.6858 0.6397
vn -0.2983 0.0229 -0.9542
vn -0.3451 0.1567 0.9254
vn -0.4059 0.3529 -0.8430
vn -0.3271 -0.0060 -0.9450
vn -0.4267 0.2934 0.8555
vn -0.2933 0.0294 -0.9556
vn -0.1826 0.8835 -0.4313
vn -0.2243 0.8495 -0.4776
vn -0.2806 0.7473 0.6023
vn -0.2339 0.8777 0.4182
vn -0.3334 -0.4901 0.8054
vn 0.2279 0.9470 0.2264
vn -0.0180 0.9997 0.0184
vn 0.0026 1.0000 0.0027
vn 0.0019 1.0000 -0.0012
vn 0.1556 0.9407 -0.3013
vn -0.2181 0.8377 -0.5006
vn -0.2587 0.7917 0.5534
vn 0.0008 -1.0000 -0.0050
vn 0.0000 -1.0000 0.0000
vn -0.3227 -0.0071 0.9465
vn -0.3162 0.4363 -0.8424
vn -0.2193 0.7856 0.5786
vn -0.0901 0.9128 -0.3983
vn -0.3650 0.0161 0.9309
vn 0.0001 -1.0000 0.0001
vn 0.0000 -1.0000 0.0000
vn -0.2413 0.0119 -0.9704
vn -0.3815 -0.0579 0.9225
vn -0.3450 0.0061 -0.9386
vn -0.2155 -0.0691 -0.9741
vn -0.1796 0.2222 -0.9583
vn -0.2966 -0.0032 -0.9550
vn 0.0400 0.9941 0.1011
vn -0.2431 0.3889 -0.8886
vn -0.2031 0.0715 0.9765
vn 0.0199 0.0645 -0.9977
vn -0.3560 -0.0043 0.9345
vn -0.3453 -0.0130 0.9384
vn -0.2570 -0.1235 -0.9585
vn -0.1385 -0.1385 -0.9806
vn -0.2949 0.0480 -0.9543
vn -0.2833 0.3285 0.9010
vn -0.1994 -0.0336 -0.9793
vn 0.1314 0.9401 0.3146
vn -0.1959 0.0039 -0.9806
vn -0.1068 0.1326 -0.9854
vn -0.2046 -0.0233 -0.9786
vn -0.2995 -0.2305 0.9258
vn 0.0009 1.0000 0.0004
vn 0.0224 0.9997 -0.0096
vn -0.2188 -0.5373 0.8145
vn -0.0046 -0.0580 0.9983
vn 0.0061 0.2083 -0.9780
vn -0.2723 -0.3589 -0.8928
vn -0.1741 0.0067 -0.9847
vn 0.0000 -1.0000 0.0000
vn -0.1622 0.0550 -0.9852
vn -0.3202 0.0383 -0.9466
vn -0.3244 0.0148 0.9458
vn -0.1873 0.0270 0.9819
vn -0.0041 -0.0120 -0.9999
vn -0.3491 0.1135 0.9302
vn -0.0928 -0.0112 -0.9956
vn -0.1515 0.5392 0.8284
vn 0.5841 0.7980 0.1486
vn 0.0583 0.9970 0.0503
vn -0.1701 -0.6529 -0.7381
vn -0.3141 0.0349 -0.9488
vn -0.2684 -0.2509 -0.9301
vn 0.0286 -0.0031 -0.9996
vn -0.3763 -0.0306 0.9260
vn 0.2916 0.8714 0.3946
vn -0.0171 0.9998 -0.0094
vn -0.0003 -1.0000 -0.0004
vn -0.0006 -1.0000 -0.0007
vn -0.0625 -0.0204 -0.9978
vn -0.1310 0.2546 -0.9581
vn 0.0030 0.0757 -0.9971
vn -0.2129 0.0527 0.9756
vn -0.0201 0.0193 -0.9996
vn 0.0000 1.0000 0.0000
vn 0.0000 -1.0000 0.0000
vn 0.0001 -1.0000 -0.0000
vn 0.0012 -1.0000 -0.0066
vn 0.0000 -1.0000 0.0000
vn -0.0360 -0.9825 0.1826
vn 0.2081 0.8361 0.5075
vn 0.0010 -1.0000 -0.0005
vn -0.0583 -0.0842 0.9947
vn 0.0582 0.0059 -0.9983
vn -0.1468 -0.2378 -0.9602
vn -0.3587 -0.1456 0.9220
vn 0.0415 -0.1760 -0.9835
vn -0.1008 -0.2340 0.9670
vn -0.0839 0.0704 -0.9940
vn 0.0886 0.0402 -0.9953
vn 0.1461 0.0124 -0.9892
vn -0.0002 1.0000 -0.0001
vn -0.0413 0.9175 -0.3956
vn 0.0000 -1.0000 0.0000
vn 0.0115 -0.9932 0.1162
vn -0.0167 -0.5833 0.8121
vn 0.0644 -0.0258 -0.9976
vn -0.0627 0.3317 0.9413
vn 0.0000 -1.0000 0.0000
vn -0.2044 0.4288 0.8800
vn -0.1334 0.1341 0.9820
vn -0.0008 1.0000 -0.0012
vn -0.0681 0.9028 -0.4245
vn -0.0204 0.8500 -0.5263
vn -0.0869 0.9598 0.2671
vn -0.1019 -0.0191 0.9946
vn -0.0529 0.4674 -0.8825
vn 0.0001 1.0000 -0.0009
vn -0.0572 0.9906 -0.1240
vn -0.2332 0.7875 0.5705
vn 0.0164 -0.9994 -0.0291
vn 0.0000 -1.0000 0.0000
vn 0.0000 -1.0000 0.0000
vn -0.0609 0.0326 0.9976
vn 0.0235 0.2783 -0.9602
vn 0.0034 1.0000 -0.0012
vn -0.1161 0.9216 -0.3703
vn 0.0024 0.8439 0.5365
vn -0.0189 -0.9998 -0.0088
vn 0.1288 -0.2549 0.9583
vn -0.0847 0.0352 0.9958
vn 0.0984 -0.0324 -0.9946
vn -0.0018 1.0000 0.0018
vn 0.0194 0.8236 -0.5669
vn 0.0374 0.8686 0.4941
vn -0.1844 0.9816 -0.0498
vn -0.1138 -0.4846 -0.8673
vn -0.0010 -0.2915 -0.9566
vn -0.0728 0.0959 0.9927
vn 0.1624 0.2794 -0.9463
vn 0.0925 0.9660 0.2414
vn 0.1570 0.4961 -0.8540
vn 0.0062 -0.9999 -0.0117
vn 0.1593 -0.9214 0.3545
vn 0.0287 -0.9927 0.1170
vn -0.0008 -1.0000 -0.0009
vn 0.2955 0.1273 -0.9468
vn 0.3186 0.0078 -0.9479
vn -0.0000 1.0000 0.0000
vn -0.0975 0.9379 -0.3328
vn 0.0000 -1.0000 0.0000
vn 0.0895 -0.0570 0.9944
vn -0.0034 -1.0000 0.0054
vn 0.0403 0.0005 0.9992
vn -0.1192 0.0490 0.9917
vn 0.2347 -0.0238 -0.9718
vn 0.0001 -0.0093 -1.0000
vn 0.3154 -0.1046 -0.9432
vn 0.1457 -0.0514 -0.9880
vn 0.1881 0.0280 -0.9818
vn 0.1748 0.0558 -0.9830
vn 0.2333 0.0377 -0.9717
vn 0.1277 0.0307 0.9913
vn 0.0050 -1.0000 -0.0014
vn -0.0545 0.7755 -0.6290
vn 0.1880 -0.1234 -0.9744
vn 0.0445 -0.8113 -0.5829
vn 0.0005 -1.0000 0.0006
vn 0.3047 0.0432 -0.9515
vn 0.1493 -0.1059 0.9831
vn 0.3528 -0.0560 -0.9340
vn 0.1984 -0.0032 0.9801
vn 0.0000 -1.0000 0.0000
vn 0.0000 -1.0000 0.0000
vn 0.3632 -0.7921 0.4906
vn 0.1802 -0.4320 -0.8837
vn 0.0017 1.0000 -0.0012
vn 0.1595 -0.7828 -0.6015
vn 0.0094 -0.9999 -0.0062
vn 0.3514 -0.1251 -0.9278
vn 0.1510 -0.1678 -0.9742
vn 0.2318 0.0817 -0.9693
vn -0.0527 0.9986 -0.0032
vn -0.0215 0.9997 0.0146
vn -0.0016 1.0000 -0.0020
vn 0.1459 -0.0817 -0.9859
vn 0.0318 0.0210 0.9993
vn 0.3284 -0.1805 -0.9271
vn -0.0000 1.0000 -0.0000
vn -0.0920 0.9685 0.2314
vn 0.4029 0.2633 -0.8765
vn -0.0008 1.0000 0.0080
vn 0.3744 0.0575 -0.9255
vn -0.0740 -0.0127 0.9972
vn -0.0198 0.9990 0.0411
vn -0.2084 0.9760 -0.0631
vn -0.1763 0.8528 -0.4916
vn 0.1725 -0.9198 0.3525
vn 0.0529 -0.9829 0.1762
vn 0.1169 0.1061 0.9875
vn 0.2861 0.0505 0.9569
vn 0.1448 0.5375 0.8307
vn -0.0096 0.9423 -0.3348
vn -0.0044 -1.0000 0.0069
vn 0.3136 -0.0001 -0.9496
vn 0.0981 0.0475 0.9940
vn 0.1627 0.0034 0.9867
vn 0.0000 1.0000 0.0000
vn 0.0017 -1.0000 -0.0008
vn 0.2696 -0.9244 0.2699
vn 0.0000 -1.0000 0.0000
vn 0.2423 -0.5000 0.8315
vn 0.3203 0.0134 0.9472
vn 0.2793 -0.0805 0.9568
vn -0.4624 0.6412 0.6124
vn 0.3031 0.5791 0.7568
vn 0.0532 0.9957 -0.0761
vn 0.1183 -0.0097 0.9929
vn 0.4275 0.0113 -0.9040
vn 0.2037 0.7403 -0.6407
vn -0.3031 0.8157 -0.4928
vn -0.1391 0.9901 -0.0183
vn 0.0000 -1.0000 0.0000
vn 0.2514 0.7575 -0.6025
vn 0.2361 0.9216 0.3080
vn 0.4570 0.0913 -0.8848
vn -0.0741 0.8934 -0.4432
vn 0.3067 0.6783 0.6677
vn 0.3023 0.6639 -0.6840
vn 0.2479 0.9590 0.1372
vn 0.2506 0.8215 -0.5122
vn 0.1174 -0.9837 0.1366
vn 0.2730 0.0370 -0.9613
vn 0.1609 0.2415 0.9570
vn 0.3982 0.2488 -0.8829
vn -0.0199 0.9807 -0.1945
vn 0.3436 -0.0111 0.9390
vn 0.3020 0.3426 -0.8896
vn 0.0003 -1.0000 0.0004
vn -0.0022 -1.0000 0.0033
vn 0.5785 0.0109 -0.8156
vn 0.1926 0.0903 0.9771
vn 0.3196 0.0047 0.9475
vn 0.4418 -0.1194 -0.8891
vn 0.3609 0.0412 -0.9317
vn 0.3444 0.0031 0.9388
vn 0.4273 -0.4871 -0.7617
vn 0.6265 -0.2311 -0.7444
vn 0.0354 0.9849 -0.1694
vn 0.2918 0.0167 0.9563
vn 0.3460 0.3084 0.8861
vn 0.0572 0.9982 -0.0182
vn 0.4320 0.5243 -0.7338
vn 0.3716 0.0080 0.9284
vn 0.3069 -0.0276 0.9513
vn 0.4645 0.0024 0.8856
vn 0.3908 0.4958 0.7755
vn 0.2926 0.3434 0.8925
vn 0.3115 0.3255 -0.8928
vn 0.3651 0.0155 0.9308
vn 0.3775 -0.0291 0.9255
vn 0.4958 0.0243 -0.8681
vn 0.4557 0.0858 0.8860
vn 0.3342 0.7334 0.5919
vn 0.5169 0.0434 -0.8550
vn 0.4117 0.0038 0.9113
vn 0.4108 0.6014 0.6852
vn 0.0005 1.0000 0.0036
vn 0.0018 1.0000 0.0009
vn -0.2131 0.9488 -0.2333
vn 0.0107 -0.9999 -0.0116
vn 0.5867 -0.0027 0.8098
vn 0.5352 -0.0057 -0.8447
vn 0.4305 -0.0340 -0.9019
vn 0.4571 -0.0001 -0.8894
vn 0.5696 0.0022 -0.8219
vn 0.4454 0.0000 -0.8953
vn 0.5133 -0.0000 -0.8582
vn 0.4286 0.0607 0.9015
vn 0.4761 -0.0061 0.8794
vn 0.4454 0.0000 -0.8953
vn 0.5133 0.0000 -0.8582
vn 0.4649 -0.0003 0.8853
vn 0.4454 0.0000 -0.8953
vn 0.5133 0.0000 -0.8582
vn 0.4493 -0.0004 0.8934
vn 0.5166 0.0000 0.8562
vn 0.4538 -0.0070 -0.8911
vn 0.5133 0.0000 -0.8582
vn 0.4496 0.0000 0.8932
vn 0.5166 0.0000 0.8562
vn 0.4654 0.0000 -0.8851
vn 0.5304 0.0045 -0.8477
vn 0.4496 0.0000 0.8932
vn 0.5166 0.0000 0.8562
vn 0.4654 0.0000 -0.8851
vn 0.5367 0.0000 -0.8438
vn 0.4496 0.0000 0.8932
vn 0.5166 0.0000 0.8562
vn 0.4654 0.0000 -0.8851
vn 0.5367 0.0000 -0.8438
vn 0.4496 0.0000 0.8932
vn 0.5202 0.0015 0.8540
vn 0.4654 0.0000 -0.8851
vn 0.5367 0.0000 -0.8438
vn 0.4545 -0.0046 0.8907
vn 0.5233 0.0000 0.8521
vn 0.4654 0.0000 -0.8851
vn 0.5367 0.0000 -0.8438
vn 0.4644 0.0000 0.8856
vn 0.5233 0.0000 0.8521
vn 0.4534 0.0072 -0.8913
vn 0.5367 0.0000 -0.8438
vn 0.4644 0.0000 0.8856
vn 0.5233 0.0000 0.8521
vn 0.4439 0.0000 -0.8961
vn 0.5367 0.0000 -0.8438
vn 0.4646 -0.0004 0.8855
vn 0.5233 0.0000 0.8521
vn 0.4439 0.0000 -0.8961
vn 0.5367 0.0000 -0.8438
vn 0.4667 0.0000 0.8844
vn 0.5233 0.0000 0.8521
vn 0.4439 0.0000 -0.8961
vn 0.5367 0.0000 -0.8438
vn 0.4667 0.0000 0.8844
vn 0.5233 0.0000 0.8521
vn 0.4439 0.0000 -0.8961
vn 0.5367 0.0000 -0.8438
vn 0.4667 0.0000 0.8844
vn 0.5233 0.0000 0.8521
vn 0.4439 0.0000 -0.8961
vn 0.5367 0.0000 -0.8438
vn 0.4667 0.0000 0.8844
vn 0.5233 0.0000 0.8521
vn 0.4502 -0.0053 -0.8929
vn 0.5367 0.0000 -0.8438
vn 0.4667 0.0000 0.8844
vn 0.5233 0.0000 0.8521
vn 0.4596 0.0000 -0.8881
vn 0.5367 0.0001 -0.8437
vn 0.4667 0.0000 0.8844
vn 0.5233 0.0000 0.8521
vn 0.4596 0.0000 -0.8881
vn 0.5369 0.0000 -0.8437
vn 0.4667 0.0000 0.8844
vn 0.5233 0.0000 0.8521
vn 0.4596 0.0000 -0.8881
vn 0.5369 0.0000 -0.8437
vn 0.4667 0.0000 0.8844
vn 0.5233 0.0000 0.8521
vn 0.4596 0.0000 -0.8881
vn 0.5369 0.0000 -0.8437
vn 0.4667 0.0000 0.8844
vn 0.5233 0.0000 0.8521
vn 0.4596 0.0000 -0.8881
vn 0.5369 0.0000 -0.8437
vn 0.4667 0.0000 0.8844
vn 0.5233 0.0000 0.8521
vn 0.4596 0.0000 -0.8881
vn 0.5369 0.0000 -0.8437
vn 0.4667 0.0000 0.8844
vn 0.5233 0.0000 0.8521
vn 0.4596 0.0000 -0.8881
vn 0.5369 0.0000 -0.8437
vn 0.4667 0.0000 0.8844
vn 0.5345 0.0023 0.8452
vn 0.4596 0.0000 -0.8881
vn 0.5369 0.0000 -0.8437
vn 0.4667 0.0000 0.8844
vn 0.5360 0.0000 0.8442
vn 0.4634 -0.0029 -0.8861
vn 0.5413 0.0036 -0.8408
vn 0.4667 0.0000 0.8844
vn 0.5360 0.0000 0.8442
vn 0.4692 0.0000 -0.8831
vn 0.5467 0.0000 -0.8373
vn 0.4660 0.0003 0.8848
vn 0.5360 0.0000 0.8442
vn 0.4692 0.0000 -0.8831
vn 0.5467 0.0000 -0.8373
vn 0.4656 0.0000 0.8850
vn 0.5360 0.0000 0.8442
vn 0.4692 0.0000 -0.8831
vn 0.5467 0.0000 -0.8373
vn 0.4656 0.0000 0.8850
vn 0.5360 0.0000 0.8442
vn 0.4692 0.0000 -0.8831
vn 0.5467 0.0000 -0.8373
vn 0.4656 0.0000 0.8850
vn 0.5360 0.0000 0.8442
vn 0.4692 0.0000 -0.8831
vn 0.5467 0.0000 -0.8373
vn 0.4656 0.0000 0.8850
vn 0.5364 0.0004 0.8439
vn 0.4692 0.0000 -0.8831
vn 0.5467 0.0000 -0.8373
vn 0.5003 0.0001 0.8658
vn 0.4692 0.0000 -0.8831
vn 0.5467 0.0000 -0.8373
vn 0.5002 0.0113 0.8659
vn 0.5000 -0.1244 0.8570
vn 0.4691 0.0002 -0.8831
vn 0.5467 0.0000 -0.8373
vn 0.3227 -0.2800 -0.9041
vn 0.3033 -0.4124 0.8590
vn 0.4736 0.3271 0.8177
vn 0.4635 0.2946 0.8357
vn 0.4391 0.5577 0.7044
vn 0.4756 0.0000 0.8797
vn 0.5185 0.0124 0.8550
vn 0.4756 0.0000 0.8797
vn 0.5286 0.0000 0.8489
vn 0.4728 0.0027 0.8812
vn 0.5286 0.0000 0.8489
vn 0.4662 0.0000 0.8847
vn 0.5286 0.0000 0.8489
vn 0.4662 0.0000 0.8847
vn 0.5414 0.0080 0.8407
vn 0.4662 0.0000 0.8847
vn 0.5506 0.0000 0.8348
vn 0.4662 0.0000 0.8847
vn 0.5506 0.0000 0.8348
vn 0.4662 0.0000 0.8847
vn 0.5506 0.0000 0.8348
vn 0.4662 0.0000 0.8847
vn 0.5506 0.0000 0.8348
vn 0.4662 0.0000 0.8847
vn 0.5506 0.0000 0.8348
vn 0.4662 0.0000 0.8847
vn 0.5506 0.0000 0.8348
vn 0.4662 0.0000 0.8847
vn 0.5506 0.0000 0.8348
vn 0.4662 0.0000 0.8847
vn 0.5456 -0.0033 0.8380
vn 0.4662 0.0000 0.8847
vn 0.5409 0.0000 0.8411
vn 0.4662 0.0000 0.8847
vn 0.5409 0.0000 0.8411
vn 0.4662 0.0000 0.8847
vn 0.5409 0.0000 0.8411
vn 0.4611 0.0032 0.8874
vn 0.5409 0.0000 0.8411
vn 0.4550 0.0000 0.8905
vn 0.5409 0.0000 0.8411
vn 0.4550 0.0000 0.8905
vn 0.5409 0.0000 0.8411
vn 0.4550 0.0000 0.8905
vn 0.5409 0.0000 0.8411
vn 0.4550 0.0000 0.8905
vn 0.5349 -0.0042 0.8449
vn 0.4550 0.0000 0.8905
vn 0.5291 0.0000 0.8485
vn 0.4550 0.0000 0.8905
vn 0.5291 0.0000 0.8485
vn 0.4550 0.0000 0.8905
vn 0.5291 0.0000 0.8485
vn 0.4550 0.0000 0.8905
vn 0.5291 0.0000 0.8485
vn 0.4550 0.0000 0.8905
vn 0.5291 0.0000 0.8485
vn 0.4550 0.0000 0.8905
vn 0.5291 0.0000 0.8485
vn 0.4550 0.0000 0.8905
vn 0.5291 0.0000 0.8485
vn 0.4597 -0.0040 0.8881
vn 0.5342 0.0029 0.8453
vn 0.4673 0.0000 0.8841
vn 0.5382 0.0000 0.8428
vn 0.4673 0.0000 0.8841
vn 0.5382 0.0000 0.8428
vn 0.4673 0.0000 0.8841
vn 0.5382 0.0000 0.8428
vn 0.4673 0.0000 0.8841
vn 0.5382 0.0000 0.8428
vn 0.4673 0.0000 0.8841
vn 0.5382 0.0000 0.8428
vn 0.4673 0.0000 0.8841
vn 0.5382 0.0000 0.8428
vn 0.4673 0.0000 0.8841
vn 0.5382 0.0000 0.8428
vn 0.4727 -0.0039 0.8812
vn 0.5382 0.0000 0.8428
vn 0.4792 0.0000 0.8777
vn 0.5382 0.0000 0.8428
vn 0.4867 0.0445 0.8724
vn 0.5175 -0.0047 0.8557
vn 0.4865 -0.3428 0.8036
vn 0.4844 0.3215 0.8136
vn 0.4635 0.2946 0.8357
vn 0.3737 0.6539 0.6578
vn 0.4918 0.0000 0.8707
vn 0.5095 0.0083 0.8604
vn 0.4918 0.0000 0.8707
vn 0.5159 0.0000 0.8566
vn 0.4918 0.0000 0.8707
vn 0.5159 0.0000 0.8566
vn 0.4918 0.0000 0.8707
vn 0.5159 0.0000 0.8566
vn 0.4918 0.0000 0.8707
vn 0.5306 0.0083 0.8476
vn 0.4918 0.0000 0.8707
vn 0.5458 0.0000 0.8379
vn 0.4918 0.0000 0.8707
vn 0.5458 0.0000 0.8379
vn 0.4699 0.0078 0.8827
vn 0.5458 0.0000 0.8379
vn 0.4605 0.0000 0.8877
vn 0.5458 0.0000 0.8379
vn 0.4605 0.0000 0.8877
vn 0.5458 0.0000 0.8379
vn 0.4605 0.0000 0.8877
vn 0.5458 0.0000 0.8379
vn 0.4605 0.0000 0.8877
vn 0.5458 0.0000 0.8379
vn 0.4605 0.0000 0.8877
vn 0.5458 0.0000 0.8379
vn 0.4605 0.0000 0.8877
vn 0.5458 0.0000 0.8379
vn 0.4605 0.0000 0.8877
vn 0.5458 0.0000 0.8379
vn 0.4605 0.0000 0.8877
vn 0.5458 0.0000 0.8379
vn 0.4615 -0.0008 0.8872
vn 0.5458 0.0000 0.8379
vn 0.4629 0.0000 0.8864
vn 0.5458 0.0000 0.8379
vn 0.4629 0.0000 0.8864
vn 0.5458 0.0000 0.8379
vn 0.4629 0.0000 0.8864
vn 0.5458 0.0000 0.8379
vn 0.4629 0.0000 0.8864
vn 0.5377 -0.0061 0.8431
vn 0.4629 0.0000 0.8864
vn 0.5254 0.0000 0.8508
vn 0.4629 0.0000 0.8864
vn 0.5254 0.0000 0.8508
vn 0.4629 0.0000 0.8864
vn 0.5254 0.0000 0.8508
vn 0.4629 0.0000 0.8864
vn 0.5254 0.0000 0.8508
vn 0.4629 0.0000 0.8864
vn 0.5254 0.0000 0.8508
vn 0.4629 0.0000 0.8864
vn 0.5254 0.0000 0.8508
vn 0.4629 0.0000 0.8864
vn 0.5254 0.0000 0.8508
vn 0.4697 -0.0057 0.8828
vn 0.5254 0.0000 0.8508
vn 0.4823 0.0000 0.8760
vn 0.5254 0.0000 0.8508
vn 0.4823 0.0000 0.8760
vn 0.5254 0.0000 0.8508
vn 0.4823 0.0000 0.8760
vn 0.5254 0.0000 0.8508
vn 0.4823 0.0000 0.8760
vn 0.5258 0.0003 0.8506
vn 0.5059 0.0001 0.8626
vn 0.5025 -0.0009 0.8646
vn 0.5901 0.0070 0.8073
vn 0.5205 0.1154 0.8460
vn 0.3675 0.0022 0.9300
vn 0.4489 -0.0470 0.8923
vn 0.0135 0.9998 -0.0141
vn 0.1119 -0.9924 -0.0519
vn 0.0843 -0.9964 -0.0041
vn 0.4027 -0.3263 0.8552
vn 0.5020 0.2725 0.8208
vn 0.4698 0.4387 0.7661
vn 0.6159 0.0392 -0.7868
vn 0.4856 0.0464 -0.8730
vn -0.2981 0.8847 -0.3585
vn 0.5890 -0.7015 0.4013
vn 0.5866 0.0045 0.8099
vn 0.6270 0.0045 -0.7790
vn 0.6339 -0.2005 -0.7469
vn 0.5988 0.0332 -0.8002
vn 0.5481 0.3567 0.7566
vn 0.0109 -0.9999 -0.0075
vn 0.3583 -0.5950 -0.7194
vn 0.6011 -0.1285 0.7888
vn 0.5369 0.1616 -0.8280
vn 0.4561 -0.2105 -0.8647
vn 0.0133 0.9997 0.0188
vn -0.2345 0.9677 0.0921
vn 0.3374 -0.8835 -0.3251
vn 0.0005 -1.0000 -0.0003
vn 0.7195 -0.0240 -0.6941
vn 0.5628 0.1321 0.8160
vn 0.5386 -0.3430 -0.7696
vn 0.5153 0.2047 -0.8322
vn -0.0132 0.9998 -0.0137
vn -0.0054 1.0000 -0.0014
vn 0.0883 -0.9925 0.0847
vn 0.5966 -0.0096 -0.8025
vn 0.2993 0.5187 -0.8009
vn 0.0002 1.0000 0.0010
vn 0.0000 -1.0000 0.0000
vn -0.0248 -0.9990 0.0377
vn 0.5909 -0.0093 0.8067
vn 0.7129 -0.0241 -0.7008
vn 0.6230 0.0193 -0.7819
vn 0.5686 -0.2339 -0.7887
vn 0.6343 0.0378 -0.7721
vn 0.6018 -0.0139 0.7985
vn 0.6099 0.1428 -0.7796
vn 0.6298 0.0007 0.7767
vn 0.5369 -0.0681 -0.8409
vn 0.6156 0.0883 -0.7831
vn 0.7729 0.1995 -0.6023
vn 0.0217 0.9997 -0.0115
vn 0.3071 0.9082 -0.2842
vn -0.0249 -0.9995 0.0206
vn -0.0001 -1.0000 0.0010
vn 0.6246 -0.4241 0.6557
vn 0.6261 -0.1404 0.7670
vn 0.3664 0.5913 0.7184
vn 0.6780 -0.0492 0.7334
vn 0.7835 -0.1094 -0.6117
vn 0.4794 -0.1703 -0.8609
vn 0.6108 -0.0029 0.7918
vn 0.6506 -0.0169 -0.7592
vn 0.6237 -0.0082 0.7816
vn 0.6538 0.0015 -0.7567
vn 0.6004 -0.0173 0.7995
vn 0.6117 -0.0075 -0.7910
vn 0.7473 -0.2586 -0.6121
vn 0.7089 0.0254 -0.7049
vn 0.6072 0.0542 -0.7927
vn 0.6023 -0.0024 0.7983
vn 0.6616 -0.0295 -0.7493
vn 0.0714 -0.9974 -0.0053
vn 0.6857 -0.3359 -0.6458
vn 0.6330 0.0864 0.7693
vn 0.5721 0.4211 -0.7039
vn -0.4253 0.8244 -0.3735
vn -0.2281 0.9617 -0.1522
vn 0.1911 -0.9752 0.1120
vn 0.7785 -0.0335 -0.6268
vn 0.7034 0.0203 -0.7105
vn 0.6775 0.0066 0.7355
vn 0.6380 -0.0047 -0.7700
vn 0.6235 0.2530 -0.7398
vn 0.7234 0.0283 0.6898
vn -0.0083 0.9999 0.0097
vn -0.3989 0.8660 -0.3015
vn 0.0535 -0.9984 0.0168
vn 0.7897 -0.0119 -0.6134
vn 0.7565 -0.0658 0.6507
vn 0.7050 -0.0223 -0.7089
vn 0.6674 0.2458 0.7030
vn 0.6902 0.0017 -0.7236
vn 0.7483 -0.6347 0.1929
vn 0.4777 -0.7377 0.4770
vn 0.6131 -0.3506 -0.7080
vn 0.8042 -0.0065 -0.5943
vn 0.7595 -0.4200 -0.4968
vn 0.7463 -0.1354 0.6517
vn 0.6418 0.0599 0.7645
vn 0.6843 0.0022 0.7292
vn 0.7388 -0.2436 0.6284
vn 0.7673 -0.0004 0.6413
vn 0.7977 -0.0045 -0.6030
vn 0.6826 -0.0495 0.7291
vn 0.7006 0.4279 -0.5710
vn 0.5991 0.5238 0.6056
vn -0.4810 0.8260 -0.2938
vn 0.2410 -0.9692 -0.0512
vn 0.6819 -0.1542 0.7150
vn 0.6874 0.0064 -0.7262
vn 0.5885 -0.4693 0.6584
vn 0.7107 -0.0401 0.7023
vn 0.7677 -0.0023 0.6409
vn 0.7294 0.0099 0.6840
vn 0.7421 -0.0035 0.6703
vn 0.8309 0.0561 -0.5536
vn 0.6442 0.0080 0.7648
vn 0.7119 -0.0134 -0.7021
vn 0.7189 -0.0044 0.6951
vn -0.4703 0.8408 -0.2681
vn -0.2501 0.9444 0.2134
vn 0.7241 -0.6796 0.1177
vn 0.2608 -0.9493 -0.1755
vn 0.4551 -0.8763 0.1578
vn 0.7429 -0.2458 -0.6227
vn 0.7150 -0.0008 0.6991
vn 0.7484 0.0346 -0.6623
vn 0.7919 0.0141 -0.6105
vn 0.7269 -0.0191 -0.6865
vn 0.4974 -0.8333 -0.2413
vn 0.7162 -0.0194 0.6976
vn 0.7945 0.3004 0.5277
vn 0.7269 0.3342 -0.5999
vn 0.7204 -0.0219 -0.6932
vn 0.7701 0.0006 -0.6379
vn 0.7083 -0.0264 -0.7054
vn 0.8022 -0.0103 -0.5970
vn 0.7691 -0.0353 -0.6382
vn 0.8059 -0.3153 0.5010
vn 0.7329 0.0026 -0.6803
vn 0.8046 0.0054 -0.5937
vn 0.7911 0.0052 0.6117
vn -0.0011 1.0000 -0.0003
vn -0.3713 0.9147 -0.1594
vn -0.3850 0.9132 0.1338
vn 0.7960 0.0276 0.6046
vn 0.8048 -0.0426 0.5920
vn 0.8342 0.0236 0.5510
vn 0.8042 0.0394 -0.5931
vn 0.8369 -0.0769 0.5419
vn 0.7826 0.3702 0.5005
vn 0.7740 0.0074 0.6331
vn 0.8045 0.0033 0.5940
vn 0.8204 -0.0041 -0.5717
vn 0.8065 0.0001 0.5913
vn 0.7207 -0.0064 0.6932
vn 0.8402 -0.0152 0.5421
vn 0.7764 -0.0497 0.6283
vn 0.7906 -0.0901 0.6057
vn 0.7222 0.4497 -0.5256
vn 0.8078 0.3367 0.4838
vn 0.8357 0.0145 0.5490
vn 0.7526 0.0242 -0.6580
vn 0.7320 0.0531 0.6792
vn 0.7917 -0.0306 -0.6102
vn 0.7714 0.0200 0.6360
vn 0.7181 -0.0103 0.6959
vn -0.6177 0.7695 -0.1620
vn 0.5250 0.8172 0.2377
vn 0.8562 -0.2081 0.4729
vn 0.9988 0.0426 -0.0250
vn 0.8463 0.0091 0.5327
vn 0.8739 0.0000 0.4861
vn 0.8490 -0.0018 0.5284
vn 0.8739 0.0000 0.4861
vn 0.8500 0.0000 0.5268
vn 0.8739 0.0000 0.4861
vn 0.8500 0.0000 0.5268
vn 0.8739 0.0000 0.4861
vn 0.8500 0.0000 0.5268
vn 0.8739 0.0000 0.4861
vn 0.8500 0.0000 0.5268
vn 0.8739 0.0000 0.4861
vn 0.8155 0.0113 -0.5787
vn 0.8605 -0.0037 -0.5094
vn 0.8887 -0.0029 -0.4585
vn 0.8500 0.0000 0.5268
vn 0.8739 0.0000 0.4861
vn 0.8584 0.0000 -0.5130
vn 0.8500 0.0000 0.5268
vn 0.8761 0.0014 0.4821
vn 0.8584 -0.0000 -0.5130
vn 0.8878 -0.0004 -0.4602
vn 0.8500 0.0000 0.5268
vn 0.8768 0.0000 0.4809
vn 0.8567 0.0000 -0.5158
vn 0.8665 -0.0000 -0.4992
vn 0.8310 0.0103 0.5561
vn 0.8768 0.0000 0.4809
vn 0.8479 0.0062 -0.5300
vn 0.8664 0.0000 -0.4993
vn 0.8257 0.0000 0.5641
vn 0.8768 0.0000 0.4809
vn 0.8444 0.0000 -0.5356
vn 0.8664 0.0000 -0.4993
vn 0.8257 0.0000 0.5641
vn 0.8768 0.0000 0.4809
vn 0.8444 0.0000 -0.5356
vn 0.8664 0.0000 -0.4993
vn 0.8257 0.0000 0.5641
vn 0.8768 0.0000 0.4809
vn 0.8444 0.0000 -0.5356
vn 0.8664 0.0000 -0.4993
vn 0.8368 -0.0129 0.5474
vn 0.8749 -0.0022 0.4843
vn 0.8444 0.0000 -0.5356
vn 0.8664 0.0000 -0.4993
vn 0.8490 0.0000 0.5285
vn 0.8711 0.0000 0.4910
vn 0.8444 0.0000 -0.5356
vn 0.8719 0.0021 -0.4896
vn 0.8490 0.0000 0.5285
vn 0.8711 0.0000 0.4910
vn 0.8444 0.0000 -0.5356
vn 0.8741 0.0000 -0.4857
vn 0.8490 0.0000 0.5285
vn 0.8711 0.0000 0.4910
vn 0.8444 0.0000 -0.5356
vn 0.8741 0.0000 -0.4857
vn 0.8490 0.0000 0.5285
vn 0.8711 0.0000 0.4910
vn 0.7995 -0.0013 -0.6007
vn 0.8493 -0.0028 -0.5279
vn 0.8741 0.0000 -0.4857
vn 0.8490 0.0000 0.5285
vn 0.8711 0.0000 0.4910
vn 0.8507 0.0000 -0.5256
vn 0.8741 0.0000 -0.4857
vn 0.8490 0.0000 0.5285
vn 0.8711 0.0000 0.4910
vn 0.8507 0.0000 -0.5256
vn 0.8741 0.0000 -0.4857
vn 0.8490 0.0000 0.5285
vn 0.8711 0.0000 0.4910
vn 0.8507 0.0000 -0.5256
vn 0.8741 0.0000 -0.4857
vn 0.8517 -0.0024 0.5240
vn 0.8711 0.0000 0.4910
vn 0.8502 0.0004 -0.5264
vn 0.8741 0.0000 -0.4857
vn 0.8551 0.0000 0.5185
vn 0.8711 0.0000 0.4910
vn 0.8499 0.0000 -0.5269
vn 0.8756 0.0027 -0.4831
vn 0.8551 0.0000 0.5185
vn 0.8711 0.0000 0.4910
vn 0.8499 0.0000 -0.5269
vn 0.8800 0.0000 -0.4749
vn 0.8551 0.0000 0.5185
vn 0.8711 0.0000 0.4910
vn 0.8499 0.0000 -0.5269
vn 0.8800 0.0000 -0.4749
vn 0.8538 0.0040 0.5206
vn 0.8791 0.0035 0.4767
vn 0.8499 0.0000 -0.5269
vn 0.8800 0.0000 -0.4749
vn 0.8428 0.0000 0.5383
vn 0.8805 0.0000 0.4741
vn 0.8499 0.0000 -0.5269
vn 0.8800 0.0000 -0.4749
vn 0.8428 0.0000 0.5383
vn 0.8805 0.0000 0.4741
vn 0.8499 0.0000 -0.5269
vn 0.8800 0.0000 -0.4749
vn 0.8428 0.0000 0.5383
vn 0.8805 0.0000 0.4741
vn 0.8499 0.0000 -0.5269
vn 0.8800 0.0000 -0.4749
vn 0.8428 0.0000 0.5383
vn 0.8805 0.0000 0.4741
vn 0.8523 -0.0015 -0.5231
vn 0.8800 0.0000 -0.4749
vn 0.8428 0.0000 0.5383
vn 0.8805 0.0000 0.4741
vn 0.8532 0.0000 -0.5216
vn 0.8789 -0.0029 -0.4769
vn 0.8428 0.0000 0.5383
vn 0.8746 -0.0066 0.4849
vn 0.8532 0.0000 -0.5216
vn 0.8714 0.0000 -0.4906
vn 0.8428 0.0000 0.5383
vn 0.8668 0.0000 0.4986
vn 0.8532 0.0000 -0.5216
vn 0.8714 0.0000 -0.4906
vn 0.8448 -0.0051 0.5351
vn 0.8668 0.0000 0.4986
vn 0.7796 -0.0245 0.6257
vn 0.8527 0.0068 -0.5224
vn 0.8697 0.0096 -0.4934
vn 0.8563 0.0000 0.5166
vn 0.8668 0.0000 0.4986
vn 0.8563 0.0000 0.5166
vn 0.8668 0.0000 0.4986
vn 0.8478 -0.0095 -0.5303
vn 0.8563 0.0000 0.5166
vn 0.8669 0.0000 0.4985
vn 0.8582 0.0000 0.5132
vn 0.8805 -0.0096 0.4740
vn 0.8258 -0.0308 0.5632
vn 0.8525 0.0023 0.5227
vn 0.8125 -0.4029 0.4212
vn 0.7506 -0.2948 0.5913
vn 0.9195 -0.1201 -0.3743
vn 0.7743 -0.3648 -0.5170
vn 0.7573 0.4387 -0.4838
vn 0.6580 0.6535 -0.3741
vn 0.8357 0.2946 -0.4635
vn 0.8144 0.3225 -0.4825
vn 0.7144 0.5318 0.4548
vn 0.8570 0.0108 -0.5153
vn 0.8723 0.0000 -0.4890
vn 0.8829 0.0000 0.4696
vn 0.8568 0.0303 0.5148
vn 0.8518 0.0000 -0.5239
vn 0.8723 0.0000 -0.4890
vn 0.8513 0.0042 0.5247
vn 0.8727 0.0000 0.4883
vn 0.4426 0.8684 0.2237
vn 0.8518 0.0000 -0.5239
vn 0.8723 0.0000 -0.4890
vn 0.8484 0.0000 0.5294
vn 0.8727 0.0000 0.4883
vn 0.8518 0.0000 -0.5239
vn 0.8723 0.0000 -0.4890
vn 0.8484 0.0000 0.5294
vn 0.8727 0.0000 0.4883
vn 0.8518 0.0000 -0.5239
vn 0.8815 0.0096 -0.4721
vn 0.8484 0.0000 0.5294
vn 0.8745 0.0025 0.4851
vn 0.8518 0.0000 -0.5239
vn 0.8885 0.0000 -0.4588
vn 0.8484 0.0000 0.5294
vn 0.8784 0.0000 0.4780
vn 0.8523 -0.0003 -0.5231
vn 0.8885 0.0000 -0.4588
vn 0.8484 0.0000 0.5294
vn 0.8784 0.0000 0.4780
vn 0.8524 0.0000 -0.5228
vn 0.8885 0.0000 -0.4588
vn 0.8484 0.0000 0.5294
vn 0.8784 0.0000 0.4780
vn 0.8524 0.0000 -0.5228
vn 0.8885 0.0000 -0.4588
vn 0.8484 0.0000 0.5294
vn 0.8784 0.0000 0.4780
vn 0.8524 0.0000 -0.5228
vn 0.8885 0.0000 -0.4588
vn 0.8495 -0.0014 0.5276
vn 0.8784 0.0000 0.4780
vn 0.7965 0.0314 0.6039
vn 0.8507 0.0013 -0.5256
vn 0.8885 0.0000 -0.4588
vn 0.8511 0.0000 0.5251
vn 0.8780 -0.0014 0.4786
vn 0.8499 0.0000 -0.5269
vn 0.8885 0.0000 -0.4588
vn 0.8511 0.0000 0.5251
vn 0.8729 0.0000 0.4879
vn 0.8499 0.0000 -0.5269
vn 0.8837 -0.0055 -0.4681
vn 0.8511 0.0000 0.5251
vn 0.8729 0.0000 0.4879
vn 0.8499 0.0000 -0.5269
vn 0.8801 0.0000 -0.4748
vn 0.8511 0.0000 0.5251
vn 0.8729 0.0000 0.4879
vn 0.8499 0.0000 -0.5269
vn 0.8801 0.0000 -0.4748
vn 0.8511 0.0000 0.5251
vn 0.8729 0.0000 0.4879
vn 0.8499 0.0000 -0.5269
vn 0.8801 0.0000 -0.4748
vn 0.8511 0.0000 0.5251
vn 0.8729 0.0000 0.4879
vn 0.8499 0.0000 -0.5269
vn 0.8801 0.0000 -0.4748
vn 0.8511 0.0000 0.5251
vn 0.8772 0.0078 0.4801
vn 0.8499 0.0000 -0.5269
vn 0.8801 0.0000 -0.4748
vn 0.8526 -0.0017 0.5226
vn 0.8856 0.0000 0.4645
vn 0.8448 0.0027 -0.5351
vn 0.8801 0.0000 -0.4748
vn 0.8556 0.0000 0.5176
vn 0.8856 0.0000 0.4645
vn 0.8433 0.0000 -0.5374
vn 0.8801 0.0000 -0.4748
vn 0.8556 0.0000 0.5176
vn 0.8856 0.0000 0.4645
vn 0.8433 0.0000 -0.5374
vn 0.8769 -0.0026 -0.4806
vn 0.8556 0.0000 0.5176
vn 0.8856 0.0000 0.4645
vn 0.8433 0.0000 -0.5374
vn 0.8753 0.0000 -0.4836
vn 0.8556 0.0000 0.5176
vn 0.8856 0.0000 0.4645
vn 0.8469 -0.0056 -0.5318
vn 0.8753 0.0000 -0.4836
vn 0.8556 0.0000 0.5176
vn 0.8856 0.0000 0.4645
vn 0.8560 0.0000 -0.5169
vn 0.8753 0.0000 -0.4836
vn 0.8556 0.0000 0.5176
vn 0.8856 0.0000 0.4645
vn 0.8560 0.0000 -0.5169
vn 0.8753 0.0000 -0.4836
vn 0.8556 0.0000 0.5176
vn 0.8856 0.0000 0.4645
vn 0.8560 0.0000 -0.5169
vn 0.8753 0.0000 -0.4836
vn 0.8556 0.0000 0.5176
vn 0.8856 0.0000 0.4645
vn 0.8209 -0.0006 0.5711
vn 0.8560 0.0000 -0.5169
vn 0.8753 0.0000 -0.4836
vn 0.8556 0.0000 0.5176
vn 0.8856 0.0000 0.4645
vn 0.8560 0.0000 -0.5169
vn 0.8753 0.0000 -0.4836
vn 0.8556 0.0000 0.5176
vn 0.8856 0.0000 0.4645
vn 0.8560 0.0000 -0.5169
vn 0.8734 -0.0018 -0.4871
vn 0.8556 0.0000 0.5176
vn 0.8794 -0.0063 0.4761
vn 0.8560 0.0000 -0.5169
vn 0.8697 0.0000 -0.4936
vn 0.8515 0.0018 0.5243
vn 0.8714 0.0000 0.4906
vn 0.8560 0.0000 -0.5169
vn 0.8697 0.0000 -0.4936
vn 0.8508 0.0000 0.5256
vn 0.8714 0.0000 0.4906
vn 0.8560 0.0000 -0.5169
vn 0.8697 0.0000 -0.4936
vn 0.8508 0.0000 0.5256
vn 0.8714 0.0000 0.4906
vn 0.8495 0.0022 -0.5277
vn 0.8697 0.0000 -0.4936
vn 0.8508 0.0000 0.5256
vn 0.8714 0.0000 0.4906
vn 0.8485 0.0000 -0.5291
vn 0.8697 0.0000 -0.4936
vn 0.8508 0.0000 0.5256
vn 0.8714 0.0000 0.4906
vn 0.8485 0.0000 -0.5291
vn 0.8697 0.0000 -0.4936
vn 0.8508 0.0000 0.5256
vn 0.8714 0.0000 0.4906
vn 0.8485 0.0000 -0.5291
vn 0.8697 0.0000 -0.4936
vn 0.8508 0.0000 0.5256
vn 0.8714 0.0000 0.4906
vn 0.8485 0.0000 -0.5291
vn 0.8697 0.0000 -0.4936
vn 0.8508 0.0000 0.5256
vn 0.8714 0.0000 0.4906
vn 0.8483 0.0003 -0.5295
vn 0.8697 0.0000 -0.4936
vn 0.8567 -0.0027 0.5158
vn 0.8714 0.0000 0.4906
vn 0.8538 0.0001 -0.5207
vn 0.8580 0.0000 0.5137
vn 0.8714 0.0000 0.4906
vn 0.8617 -0.0013 -0.5074
vn 0.8580 0.0000 0.5137
vn 0.8714 0.0000 0.4906
vn 0.7927 -0.3618 -0.4905
vn 0.8580 0.0000 0.5137
vn 0.8755 0.0019 0.4832
vn 0.8580 0.0000 0.5137
vn 0.8766 0.0000 0.4811
vn 0.8395 -0.3885 -0.3799
vn 0.8580 0.0000 0.5137
vn 0.8766 0.0000 0.4811
vn 0.8634 -0.0037 0.5046
vn 0.8766 0.0000 0.4811
vn 0.9176 -0.1998 0.3436
vn 0.8370 -0.2750 0.4731
vn 0.8103 -0.4160 0.4127
vn 0.7824 0.1165 0.6118
vn 0.7596 0.4490 -0.4705
vn 0.6604 0.6491 -0.3777
vn 0.8357 0.2946 -0.4635
vn 0.8132 0.3212 -0.4853
vn 0.7144 0.5318 0.4548
vn 0.8567 0.0110 -0.5157
vn 0.8701 0.0000 -0.4929
vn 0.8829 0.0000 0.4696
vn 0.8576 0.0299 0.5135
vn 0.8514 0.0000 -0.5245
vn 0.8701 0.0000 -0.4929
vn 0.8574 0.0038 0.5147
vn 0.8728 0.0000 0.4881
vn 0.4376 0.8849 0.1594
vn 0.8514 0.0000 -0.5245
vn 0.8701 0.0000 -0.4929
vn 0.8541 0.0000 0.5202
vn 0.8728 0.0000 0.4881
vn 0.8514 0.0000 -0.5245
vn 0.8701 0.0000 -0.4929
vn 0.8541 0.0000 0.5202
vn 0.8728 0.0000 0.4881
vn 0.8514 0.0000 -0.5245
vn 0.8747 0.0050 -0.4847
vn 0.8541 0.0000 0.5202
vn 0.8751 0.0021 0.4840
vn 0.8514 0.0000 -0.5245
vn 0.8796 0.0000 -0.4757
vn 0.8541 0.0000 0.5202
vn 0.8767 0.0000 0.4811
vn 0.8375 0.0089 -0.5463
vn 0.8796 0.0000 -0.4757
vn 0.8541 0.0000 0.5202
vn 0.8767 0.0000 0.4811
vn 0.8326 0.0000 -0.5539
vn 0.8796 0.0000 -0.4757
vn 0.8541 0.0000 0.5202
vn 0.8767 0.0000 0.4811
vn 0.8326 0.0000 -0.5539
vn 0.8796 0.0000 -0.4757
vn 0.8541 0.0000 0.5202
vn 0.8767 0.0000 0.4811
vn 0.8326 0.0000 -0.5539
vn 0.8796 0.0000 -0.4757
vn 0.8497 0.0028 0.5273
vn 0.8767 0.0000 0.4811
vn 0.8413 -0.0094 -0.5404
vn 0.8796 0.0000 -0.4757
vn 0.8482 0.0000 0.5297
vn 0.8757 -0.0016 0.4828
vn 0.8493 0.0000 -0.5279
vn 0.8796 0.0000 -0.4757
vn 0.8482 0.0000 0.5297
vn 0.8729 0.0000 0.4879
vn 0.8493 0.0000 -0.5279
vn 0.8796 0.0000 -0.4757
vn 0.8482 0.0000 0.5297
vn 0.8729 0.0000 0.4879
vn 0.8493 0.0000 -0.5279
vn 0.8796 0.0000 -0.4757
vn 0.8482 0.0000 0.5297
vn 0.8729 0.0000 0.4879
vn 0.8493 0.0000 -0.5279
vn 0.8796 0.0000 -0.4757
vn 0.8482 0.0000 0.5297
vn 0.8729 0.0000 0.4879
vn 0.8493 0.0000 -0.5279
vn 0.8796 0.0000 -0.4757
vn 0.8482 0.0000 0.5297
vn 0.8729 0.0000 0.4879
vn 0.8493 0.0000 -0.5279
vn 0.8796 0.0000 -0.4757
vn 0.8482 0.0000 0.5297
vn 0.8727 -0.0006 0.4883
vn 0.8493 0.0000 -0.5279
vn 0.8796 0.0000 -0.4757
vn 0.8531 -0.0050 0.5218
vn 0.8714 0.0000 0.4906
vn 0.8508 -0.0016 -0.5254
vn 0.8796 0.0000 -0.4757
vn 0.8589 0.0000 0.5122
vn 0.8714 0.0000 0.4906
vn 0.8535 0.0000 -0.5211
vn 0.8796 0.0000 -0.4757
vn 0.8589 0.0000 0.5122
vn 0.8714 0.0000 0.4906
vn 0.8535 0.0000 -0.5211
vn 0.8831 0.0024 -0.4693
vn 0.8589 0.0000 0.5122
vn 0.8714 0.0000 0.4906
vn 0.8535 0.0000 -0.5211
vn 0.8845 0.0000 -0.4665
vn 0.8589 0.0000 0.5122
vn 0.8714 0.0000 0.4906
vn 0.8535 0.0000 -0.5211
vn 0.8845 0.0000 -0.4665
vn 0.8589 0.0000 0.5122
vn 0.8714 0.0000 0.4906
vn 0.8535 0.0000 -0.5211
vn 0.8845 0.0000 -0.4665
vn 0.8589 0.0000 0.5122
vn 0.8714 0.0000 0.4906
vn 0.8535 0.0000 -0.5211
vn 0.8845 0.0000 -0.4665
vn 0.8589 0.0000 0.5122
vn 0.8714 0.0000 0.4906
vn 0.8535 0.0000 -0.5211
vn 0.8845 0.0000 -0.4665
vn 0.8542 0.0009 0.5199
vn 0.8714 0.0000 0.4906
vn 0.8377 -0.0052 0.5461
vn 0.8530 0.0012 -0.5219
vn 0.8845 0.0000 -0.4665
vn 0.8540 0.0000 0.5203
vn 0.8714 0.0000 0.4906
vn 0.8502 0.0000 -0.5265
vn 0.8845 0.0000 -0.4665
vn 0.8540 0.0000 0.5203
vn 0.8714 0.0000 0.4906
vn 0.8502 0.0000 -0.5265
vn 0.8815 -0.0036 -0.4722
vn 0.8540 0.0000 0.5203
vn 0.8708 -0.0003 0.4916
vn 0.8502 0.0000 -0.5265
vn 0.8785 0.0000 -0.4777
vn 0.8536 0.0003 0.5209
vn 0.8704 0.0000 0.4923
vn 0.8046 0.0041 0.5938
vn 0.8502 0.0000 -0.5265
vn 0.8785 0.0000 -0.4777
vn 0.8534 0.0000 0.5213
vn 0.8704 0.0000 0.4923
vn 0.8502 0.0000 -0.5265
vn 0.8785 0.0000 -0.4777
vn 0.8534 0.0000 0.5213
vn 0.8704 0.0000 0.4923
vn 0.8502 0.0000 -0.5265
vn 0.8785 0.0000 -0.4777
vn 0.8534 0.0000 0.5213
vn 0.8705 0.0001 0.4922
vn 0.8502 0.0000 -0.5265
vn 0.8785 0.0000 -0.4777
vn 0.8591 0.0000 0.5118
vn 0.8891 -0.0030 0.4577
vn 0.8502 0.0000 -0.5265
vn 0.8785 0.0000 -0.4777
vn 0.8591 0.0000 0.5117
vn 0.8502 0.0000 -0.5265
vn 0.8785 0.0000 -0.4777
vn 0.8477 0.0236 0.5299
vn 0.8749 -0.0023 0.4843
vn 0.8502 0.0000 -0.5265
vn 0.8785 0.0000 -0.4777
vn 0.8500 0.0002 -0.5268
vn 0.8785 0.0000 -0.4777
vn 0.8526 -0.0049 0.5225
vn 0.8042 -0.0047 0.5944
vn 0.8896 0.0262 -0.4561
vn 0.8545 0.0936 -0.5109
vn 0.8653 -0.0154 -0.5010
vn 0.8645 0.0430 0.5007
vn -0.9422 0.3028 -0.1433
vn -0.5613 0.7935 0.2351
vn 0.0947 -0.9913 -0.0918
vn 0.9178 -0.0060 -0.3970
vn 0.8828 -0.0202 -0.4692
vn 0.5918 0.7365 -0.3277
vn 0.3463 0.2572 0.9022
vn 0.9431 -0.0016 -0.3325
vn 0.9178 -0.0224 -0.3965
vn 0.8838 0.0001 -0.4679
vn 0.6422 -0.7174 0.2702
vn 0.5861 0.7356 -0.3397
vn 0.3462 0.2572 0.9022
vn 0.8564 0.3490 -0.3804
vn 0.9235 0.0026 -0.3835
vn 0.9148 -0.0042 -0.4039
vn -0.5123 0.8587 0.0160
vn -0.4825 0.8726 -0.0763
vn 0.2948 0.9488 0.1136
vn 0.7523 -0.4553 -0.4762
vn 0.9392 -0.0003 -0.3434
vn 0.9027 0.0023 -0.4302
vn 0.9023 0.0010 0.4311
vn 0.7757 0.4741 0.4165
vn 0.8882 0.2316 -0.3969
vn 0.8655 0.3292 0.3776
vn 0.8882 0.0689 0.4542
vn 0.9019 -0.0032 -0.4319
vn 0.7673 0.4916 0.4118
vn 0.8650 0.3230 0.3839
vn 0.8988 0.0069 0.4383
vn 0.5711 0.7644 -0.2994
vn 0.7288 0.4631 0.5044
vn 0.2330 0.9658 0.1138
vn 0.5180 0.8439 -0.1399
vn 0.4537 0.8734 0.1772
vn 0.6705 0.6673 0.3243
vn 0.3529 0.9136 -0.2018
vn 0.7583 -0.5744 -0.3083
vn 0.8937 0.0026 0.4486
vn 0.9391 0.0030 -0.3437
vn 0.9187 -0.0021 0.3950
vn 0.9174 0.0040 0.3980
vn 0.9238 -0.0048 0.3829
vn 0.8956 -0.0040 0.4448
vn 0.9407 -0.0169 0.3387
vn 0.9214 0.0043 -0.3885
vn 0.9121 0.0044 0.4099
vn 0.8989 -0.0029 0.4381
vn 0.9302 0.0016 0.3672
vn 0.9055 0.0006 0.4243
vn 0.8894 0.1976 0.4123
vn 0.8459 0.3427 -0.4087
vn 0.6913 0.7213 -0.0428
vn 0.4763 0.8642 0.1620
vn 0.8765 -0.1095 0.4688
vn 0.9070 0.0042 0.4211
vn 0.9252 -0.0075 0.3794
vn 0.8657 -0.3658 0.3418
vn 0.9508 -0.0208 0.3092
vn 0.8762 0.0595 -0.4782
vn 0.8481 0.3756 -0.3737
vn 0.9370 -0.0064 -0.3494
vn 0.8931 0.3027 0.3327
vn 0.8139 0.4246 0.3966
vn -0.1304 0.9908 -0.0363
vn 0.9280 0.0224 -0.3719
vn 0.9428 0.0190 0.3328
vn 0.9603 0.1051 -0.2585
vn 0.9362 0.0068 0.3514
vn 0.9268 0.0017 0.3756
vn 0.9738 -0.0153 -0.2271
vn 0.9719 -0.1166 -0.2043
vn 0.8937 0.3467 0.2847
vn 0.9188 0.3200 0.2311
vn 0.8805 -0.0916 0.4652
vn 0.9538 -0.0424 0.2976
vn 0.9669 0.0093 -0.2549
vn 0.9544 -0.0010 -0.2986
vn 0.9652 -0.0072 -0.2614
vn 0.9575 -0.0129 0.2883
vn 0.9201 0.1902 -0.3425
vn 0.8050 0.5672 0.1739
vn 0.8227 -0.4278 0.3744
vn 0.9675 -0.0094 -0.2526
vn 0.9574 -0.0050 0.2887
vn 0.9621 0.0100 0.2725
vn 0.9613 -0.0332 0.2735
vn 0.9260 -0.0405 -0.3753
vn 0.9719 0.1014 0.2127
vn 0.9288 -0.0060 0.3705
vn 0.9470 -0.0513 0.3172
vn 0.9695 0.0063 0.2448
vn 0.9785 0.0272 0.2044
vn 0.9244 -0.3523 -0.1461
vn 0.9601 -0.0043 0.2797
vn 0.8957 -0.3091 0.3195
vn 0.8877 -0.4011 -0.2260
vn 0.9641 0.0018 0.2654
vn 0.9525 -0.0053 0.3046
vn 0.9586 0.0761 0.2743
vn 0.9774 0.0089 0.2110
vn 0.9923 0.0077 -0.1234
vn 0.9449 0.0088 0.3271
vn 0.9720 0.0344 -0.2323
vn 0.8502 0.4622 0.2521
vn 0.8252 0.5306 -0.1938
vn 0.0303 0.9988 0.0373
vn 0.6515 0.7585 -0.0176
vn 0.6613 0.7501 -0.0003
vn 0.6292 0.7758 0.0482
vn 0.4058 0.9127 0.0480
vn 0.7546 -0.6538 -0.0564
vn 0.5892 -0.7706 0.2428
vn 0.9992 0.0258 -0.0310
vn 0.8634 -0.4661 -0.1934
vn 0.9886 0.0221 0.1490
vn 0.9905 0.0009 -0.1375
vn 0.9708 0.0162 0.2395
vn 0.9588 -0.0039 0.2841
vn 0.9752 0.0052 0.2212
vn 0.9353 -0.3358 -0.1112
vn 0.9983 -0.0142 -0.0566
vn 0.9182 -0.3458 -0.1932
vn 0.8734 -0.4630 0.1514
vn 0.9285 0.3221 -0.1847
vn 0.9813 0.1197 0.1504
vn 0.9900 0.0113 -0.1407
vn 0.9991 0.0104 -0.0422
vn 0.9686 -0.0111 -0.2485
vn 0.9231 0.3418 -0.1763
vn 0.9982 -0.0187 -0.0562
vn 0.9802 -0.0172 0.1972
vn 0.9879 0.0330 0.1515
vn 0.9914 -0.0157 -0.1301
vn 0.6747 0.7332 -0.0848
vn 0.9354 0.3160 0.1589
vn 0.9016 0.3504 0.2536
vn 0.8964 0.2545 0.3629
vn 0.9347 0.3524 -0.0456
vn 0.9875 0.0096 0.1574
vn 1.0000 -0.0036 0.0003
vn 0.9966 -0.0153 -0.0805
vn 0.9827 -0.0038 0.1851
vn 0.9780 -0.1192 0.1711
vn 0.9788 -0.0132 0.2044
vn 0.9997 -0.0044 0.0229
vn 0.9951 0.0390 -0.0906
vn 0.9792 0.1375 0.1491
vn 0.9992 -0.0242 -0.0303
vn 0.9920 0.0050 0.1262
vn 0.9958 0.0331 0.0857
vn 0.9982 -0.0296 0.0530
vn 0.9856 -0.0153 0.1686
vn 0.9998 -0.0202 -0.0083
vn 0.9967 0.0238 0.0777
vn 0.9843 0.0092 0.1765
vn 0.9723 -0.1344 0.1913
vn 0.9953 -0.0931 -0.0259
vn 0.9937 -0.0008 -0.1125
vn 0.9915 -0.0076 0.1299
vn 0.9995 0.0120 -0.0298
vn 0.9732 -0.1966 0.1193
vn 0.9965 -0.0621 0.0559
vn 0.9558 -0.2295 0.1840
vn 0.8615 0.4663 -0.2012
vn 0.9925 -0.0031 0.1225
vn 0.9836 -0.0349 0.1772
vn 0.9981 0.0620 -0.0033
vn 0.9780 -0.0867 0.1896
vn 0.9962 -0.0165 0.0858
vn 0.8919 -0.4521 -0.0118
vn 0.9328 -0.3101 0.1836
vn 0.9579 -0.1703 0.2310
vn 0.9415 -0.0773 -0.3280
vn 0.9261 0.3148 -0.2078
vn 0.9902 0.1335 0.0419
vn 0.9683 0.2496 0.0083
vn 0.9992 -0.0223 0.0340
vn 0.9973 -0.0014 0.0740
vn 0.9968 -0.0088 0.0800
vn 0.9985 0.0313 -0.0454
vn 0.9965 -0.0087 -0.0831
vn 0.8874 0.4541 -0.0799
vn 0.9245 0.3777 0.0512
vn 0.9956 0.0904 -0.0234
vn 0.9201 0.3771 -0.1058
vn 0.9669 -0.2218 0.1265
vn 0.9396 0.1649 -0.2999
vn 0.9797 -0.1941 -0.0493
vn 0.8489 0.5271 0.0378
vn 0.9223 0.3860 -0.0204
vn 0.8621 -0.4626 0.2070
f 2//2 60//60 14//14
f 2//2 16//16 60//60
f 15//15 100//100 2//2
f 5//5 21//21 44//44
f 7//7 26//26 5//5
f 7//7 5//5 25//25
f 1//1 26//26 7//7
f 25//25 1//1 7//7
f 12//12 11//11 58//58
f 13//13 14//14 12//12
f 12//12 15//15 13//13
f 14//14 13//13 2//2
f 2//2 13//13 15//15
f 2//2 100//100 16//16
f 72//72 16//16 100//100
f 17//17 16//16 79//79
f 20//20 32//32 34//34
f 36//36 20//20 34//34
f 19//19 20//20 36//36
f 41//41 52//52 21//21
f 52//52 3//3 21//21
f 22//22 41//41 21//21
f 5//5 22//22 21//21
f 43//43 22//22 5//5
f 23//23 43//43 5//5
f 26//26 23//23 5//5
f 24//24 23//23 26//26
f 6//6 24//24 26//26
f 8//8 6//6 26//26
f 1//1 8//8 26//26
f 1//1 64//64 8//8
f 1//1 92//92 64//64
f 65//65 1//1 9//9
f 10//10 46//46 1//1
f 27//27 10//10 1//1
f 65//65 27//27 1//1
f 67//67 10//10 27//27
f 67//67 11//11 10//10
f 29//29 28//28 11//11
f 67//67 58//58 11//11
f 12//12 29//29 11//11
f 14//14 29//29 12//12
f 15//15 12//12 58//58
f 30//30 29//29 14//14
f 14//14 31//31 30//30
f 60//60 31//31 14//14
f 100//100 15//15 59//59
f 34//34 16//16 17//17
f 79//79 16//16 72//72
f 32//32 61//61 34//34
f 20//20 33//33 32//32
f 18//18 33//33 20//20
f 103//103 34//34 17//17
f 38//38 18//18 20//20
f 35//35 18//18 38//38
f 38//38 49//49 35//35
f 19//19 37//37 20//20
f 38//38 20//20 325//325
f 40//40 40//40 39//39
f 20//20 40//40 39//39
f 37//37 19//19 40//40
f 40//40 37//37 40//40
f 20//20 37//37 40//40
f 40//40 40//40 40//40
f 40//40 40//40 40//40
f 21//21 3//3 126//126
f 24//24 43//43 23//23
f 4//4 5//5 44//44
f 55//55 5//5 4//4
f 25//25 5//5 55//55
f 9//9 1//1 25//25
f 46//46 92//92 1//1
f 11//11 46//46 10//10
f 28//28 46//46 11//11
f 68//68 67//67 27//27
f 29//29 47//47 28//28
f 29//29 30//30 66//66
f 68//68 58//58 67//67
f 60//60 57//57 31//31
f 58//58 59//59 15//15
f 70//70 72//72 100//100
f 103//103 17//17 79//79
f 18//18 35//35 48//48
f 39//39 325//325 20//20
f 40//40 325//325 39//39
f 50//50 40//40 19//19
f 19//19 104//104 50//50
f 51//51 325//325 40//40
f 40//40 51//51 40//40
f 104//104 51//51 40//40
f 40//40 40//40 50//50
f 104//104 40//40 50//50
f 42//42 53//53 43//43
f 43//43 53//53 22//22
f 44//44 21//21 126//126
f 43//43 54//54 42//42
f 90//90 89//89 43//43
f 24//24 90//90 43//43
f 6//6 90//90 24//24
f 8//8 45//45 6//6
f 8//8 64//64 45//45
f 55//55 9//9 25//25
f 68//68 27//27 95//95
f 29//29 66//66 47//47
f 31//31 56//56 30//30
f 16//16 61//61 60//60
f 34//34 61//61 16//16
f 33//33 61//61 32//32
f 48//48 33//33 18//18
f 49//49 62//62 35//35
f 38//38 80//80 49//49
f 36//36 34//34 103//103
f 325//325 80//80 38//38
f 104//104 325//325 51//51
f 104//104 19//19 36//36
f 107//107 104//104 36//36
f 52//52 565//565 3//3
f 565//565 108//108 3//3
f 43//43 89//89 54//54
f 4//4 44//44 88//88
f 77//77 90//90 6//6
f 45//45 63//63 6//6
f 6//6 63//63 77//77
f 567//567 9//9 55//55
f 176//176 92//92 46//46
f 47//47 66//66 28//28
f 30//30 56//56 66//66
f 31//31 96//96 56//56
f 57//57 97//97 31//31
f 31//31 97//97 96//96
f 58//58 69//69 59//59
f 57//57 60//60 252//252
f 33//33 71//71 61//61
f 33//33 48//48 71//71
f 79//79 72//72 70//70
f 62//62 281//281 35//35
f 80//80 326//326 49//49
f 85//85 36//36 323//323
f 108//108 573//573 3//3
f 3//3 573//573 327//327
f 41//41 22//22 74//74
f 327//327 75//75 3//3
f 53//53 76//76 22//22
f 126//126 88//88 44//44
f 55//55 4//4 91//91
f 45//45 77//77 63//63
f 65//65 9//9 567//567
f 28//28 176//176 46//46
f 27//27 65//65 95//95
f 66//66 94//94 28//28
f 56//56 94//94 66//66
f 58//58 68//68 69//69
f 61//61 252//252 60//60
f 48//48 101//101 71//71
f 271//271 79//79 70//70
f 35//35 281//281 48//48
f 49//49 314//314 62//62
f 49//49 326//326 314//314
f 323//323 36//36 103//103
f 323//323 81//81 85//85
f 83//83 83//83 82//82
f 80//80 83//83 82//82
f 84//84 80//80 73//73
f 84//84 83//83 80//80
f 81//81 323//323 86//86
f 86//86 81//81 86//86
f 85//85 81//81 86//86
f 83//83 83//83 83//83
f 83//83 83//83 84//84
f 83//83 84//84 73//73
f 325//325 73//73 80//80
f 554//554 107//107 36//36
f 554//554 36//36 85//85
f 554//554 85//85 87//87
f 87//87 85//85 86//86
f 87//87 86//86 86//86
f 86//86 86//86 86//86
f 545//545 74//74 22//22
f 76//76 340//340 22//22
f 126//126 3//3 75//75
f 53//53 42//42 76//76
f 54//54 89//89 42//42
f 65//65 567//567 93//93
f 94//94 56//56 96//96
f 252//252 98//98 57//57
f 59//59 99//99 100//100
f 61//61 71//71 101//101
f 48//48 102//102 101//101
f 103//103 79//79 271//271
f 326//326 543//543 314//314
f 325//325 604//604 1139//1139
f 82//82 326//326 80//80
f 83//83 326//326 82//82
f 325//325 107//107 604//604
f 107//107 325//325 104//104
f 105//105 86//86 323//323
f 106//106 326//326 83//83
f 83//83 106//106 83//83
f 73//73 106//106 83//83
f 554//554 87//87 86//86
f 86//86 86//86 105//105
f 554//554 86//86 105//105
f 554//554 105//105 323//323
f 41//41 74//74 583//583
f 327//327 110//110 111//111
f 327//327 111//111 75//75
f 75//75 111//111 112//112
f 75//75 112//112 113//113
f 75//75 113//113 114//114
f 75//75 114//114 115//115
f 75//75 115//115 126//126
f 126//126 115//115 116//116
f 126//126 116//116 117//117
f 126//126 117//117 118//118
f 340//340 76//76 343//343
f 126//126 118//118 119//119
f 126//126 119//119 120//120
f 343//343 76//76 121//121
f 126//126 120//120 122//122
f 121//121 76//76 42//42
f 121//121 42//42 123//123
f 126//126 122//122 124//124
f 123//123 42//42 125//125
f 126//126 124//124 127//127
f 125//125 42//42 128//128
f 126//126 127//127 129//129
f 128//128 42//42 130//130
f 126//126 129//129 131//131
f 126//126 131//131 88//88
f 130//130 42//42 132//132
f 88//88 131//131 133//133
f 132//132 42//42 134//134
f 88//88 133//133 135//135
f 134//134 42//42 136//136
f 88//88 135//135 137//137
f 136//136 42//42 138//138
f 88//88 137//137 139//139
f 138//138 42//42 89//89
f 138//138 89//89 140//140
f 88//88 139//139 141//141
f 140//140 89//89 142//142
f 88//88 141//141 143//143
f 142//142 89//89 144//144
f 88//88 143//143 145//145
f 144//144 89//89 146//146
f 88//88 145//145 147//147
f 146//146 89//89 148//148
f 88//88 147//147 149//149
f 148//148 89//89 150//150
f 88//88 149//149 151//151
f 150//150 89//89 152//152
f 88//88 151//151 153//153
f 152//152 89//89 154//154
f 88//88 153//153 155//155
f 154//154 89//89 77//77
f 154//154 77//77 156//156
f 90//90 77//77 89//89
f 88//88 155//155 157//157
f 88//88 157//157 4//4
f 156//156 77//77 158//158
f 4//4 157//157 159//159
f 158//158 77//77 160//160
f 4//4 159//159 161//161
f 160//160 77//77 162//162
f 4//4 161//161 163//163
f 4//4 163//163 91//91
f 162//162 77//77 164//164
f 91//91 163//163 165//165
f 164//164 77//77 166//166
f 91//91 165//165 167//167
f 166//166 77//77 168//168
f 91//91 167//167 388//388
f 168//168 77//77 169//169
f 91//91 388//388 390//390
f 169//169 77//77 170//170
f 170//170 77//77 171//171
f 64//64 77//77 45//45
f 92//92 77//77 64//64
f 396//396 55//55 91//91
f 396//396 567//567 55//55
f 65//65 93//93 172//172
f 93//93 173//173 172//172
f 93//93 567//567 173//173
f 65//65 172//172 174//174
f 65//65 174//174 175//175
f 65//65 175//175 177//177
f 65//65 177//177 178//178
f 65//65 178//178 179//179
f 65//65 179//179 180//180
f 94//94 176//176 28//28
f 65//65 180//180 181//181
f 65//65 181//181 182//182
f 409//409 176//176 183//183
f 65//65 182//182 184//184
f 183//183 176//176 94//94
f 183//183 94//94 185//185
f 65//65 184//184 186//186
f 185//185 94//94 187//187
f 65//65 186//186 188//188
f 65//65 188//188 95//95
f 187//187 94//94 189//189
f 95//95 188//188 190//190
f 189//189 94//94 191//191
f 95//95 190//190 192//192
f 191//191 94//94 193//193
f 95//95 192//192 194//194
f 193//193 94//94 195//195
f 95//95 194//194 196//196
f 195//195 94//94 197//197
f 95//95 196//196 198//198
f 197//197 94//94 199//199
f 95//95 198//198 200//200
f 199//199 94//94 201//201
f 95//95 200//200 202//202
f 201//201 94//94 203//203
f 95//95 202//202 204//204
f 203//203 94//94 205//205
f 95//95 204//204 206//206
f 205//205 94//94 207//207
f 95//95 206//206 208//208
f 207//207 94//94 209//209
f 95//95 208//208 210//210
f 209//209 94//94 211//211
f 95//95 210//210 212//212
f 211//211 94//94 213//213
f 95//95 212//212 214//214
f 213//213 94//94 215//215
f 95//95 214//214 216//216
f 95//95 216//216 68//68
f 215//215 94//94 96//96
f 215//215 96//96 217//217
f 68//68 216//216 218//218
f 217//217 96//96 219//219
f 68//68 218//218 220//220
f 219//219 96//96 221//221
f 68//68 220//220 222//222
f 221//221 96//96 223//223
f 68//68 222//222 224//224
f 223//223 96//96 225//225
f 68//68 224//224 226//226
f 225//225 96//96 227//227
f 68//68 238//238 69//69
f 68//68 226//226 228//228
f 68//68 228//228 238//238
f 227//227 96//96 229//229
f 238//238 228//228 230//230
f 229//229 96//96 231//231
f 238//238 230//230 232//232
f 231//231 96//96 97//97
f 231//231 97//97 233//233
f 238//238 232//232 234//234
f 233//233 97//97 235//235
f 238//238 234//234 236//236
f 235//235 97//97 237//237
f 238//238 236//236 239//239
f 237//237 97//97 240//240
f 238//238 239//239 241//241
f 238//238 241//241 69//69
f 240//240 97//97 242//242
f 69//69 241//241 243//243
f 242//242 97//97 244//244
f 69//69 243//243 245//245
f 244//244 97//97 246//246
f 246//246 97//97 247//247
f 247//247 97//97 57//57
f 247//247 57//57 248//248
f 248//248 57//57 249//249
f 249//249 57//57 250//250
f 250//250 57//57 251//251
f 57//57 98//98 251//251
f 98//98 470//470 251//251
f 98//98 252//252 470//470
f 474//474 59//59 69//69
f 100//100 99//99 253//253
f 99//99 254//254 253//253
f 99//99 59//59 254//254
f 100//100 253//253 255//255
f 100//100 255//255 256//256
f 100//100 256//256 257//257
f 100//100 257//257 258//258
f 100//100 258//258 259//259
f 100//100 259//259 260//260
f 101//101 78//78 61//61
f 100//100 260//260 261//261
f 100//100 261//261 70//70
f 70//70 261//261 262//262
f 70//70 262//262 263//263
f 78//78 102//102 264//264
f 101//101 102//102 78//78
f 70//70 263//263 265//265
f 264//264 102//102 266//266
f 70//70 265//265 267//267
f 70//70 267//267 271//271
f 266//266 102//102 268//268
f 271//271 267//267 269//269
f 268//268 102//102 270//270
f 271//271 269//269 272//272
f 270//270 102//102 273//273
f 271//271 272//272 274//274
f 273//273 102//102 275//275
f 271//271 274//274 276//276
f 275//275 102//102 277//277
f 271//271 276//276 278//278
f 277//277 102//102 279//279
f 271//271 278//278 280//280
f 279//279 102//102 281//281
f 279//279 281//281 282//282
f 48//48 281//281 102//102
f 271//271 280//280 283//283
f 282//282 281//281 284//284
f 271//271 283//283 285//285
f 284//284 281//281 286//286
f 271//271 285//285 287//287
f 286//286 281//281 288//288
f 271//271 287//287 289//289
f 271//271 289//289 103//103
f 288//288 281//281 290//290
f 103//103 289//289 291//291
f 290//290 281//281 292//292
f 103//103 291//291 293//293
f 292//292 281//281 294//294
f 103//103 293//293 295//295
f 294//294 281//281 296//296
f 103//103 295//295 297//297
f 296//296 281//281 298//298
f 103//103 297//297 299//299
f 298//298 281//281 300//300
f 103//103 299//299 301//301
f 300//300 281//281 302//302
f 103//103 301//301 303//303
f 302//302 281//281 304//304
f 103//103 303//303 305//305
f 304//304 281//281 306//306
f 103//103 305//305 307//307
f 306//306 281//281 308//308
f 103//103 307//307 309//309
f 308//308 281//281 310//310
f 103//103 309//309 311//311
f 310//310 281//281 312//312
f 103//103 311//311 313//313
f 312//312 281//281 314//314
f 312//312 314//314 315//315
f 62//62 314//314 281//281
f 103//103 313//313 316//316
f 315//315 314//314 317//317
f 103//103 316//316 318//318
f 317//317 314//314 319//319
f 103//103 318//318 320//320
f 103//103 320//320 321//321
f 103//103 321//321 323//323
f 323//323 321//321 322//322
f 323//323 324//324 544//544
f 1139//1139 73//73 325//325
f 73//73 326//326 106//106
f 554//554 323//323 544//544
f 22//22 614//614 545//545
f 340//340 614//614 22//22
f 328//328 329//329 327//327
f 330//330 110//110 329//329
f 329//329 110//110 327//327
f 330//330 329//329 328//328
f 340//340 331//331 614//614
f 332//332 111//111 330//330
f 330//330 111//111 110//110
f 332//332 330//330 328//328
f 333//333 112//112 332//332
f 332//332 112//112 111//111
f 333//333 332//332 328//328
f 334//334 113//113 333//333
f 333//333 113//113 112//112
f 334//334 333//333 328//328
f 335//335 114//114 334//334
f 334//334 114//114 113//113
f 555//555 334//334 328//328
f 335//335 334//334 555//555
f 336//336 115//115 335//335
f 335//335 115//115 114//114
f 336//336 335//335 555//555
f 337//337 116//116 336//336
f 336//336 116//116 115//115
f 337//337 336//336 555//555
f 338//338 117//117 337//337
f 337//337 117//117 116//116
f 338//338 337//337 555//555
f 339//339 118//118 338//338
f 338//338 118//118 117//117
f 339//339 338//338 555//555
f 341//341 119//119 339//339
f 339//339 119//119 118//118
f 341//341 339//339 555//555
f 342//342 120//120 341//341
f 341//341 120//120 119//119
f 342//342 341//341 555//555
f 344//344 122//122 342//342
f 342//342 122//122 120//120
f 344//344 342//342 555//555
f 123//123 345//345 121//121
f 121//121 345//345 343//343
f 346//346 124//124 344//344
f 344//344 124//124 122//122
f 346//346 344//344 555//555
f 347//347 343//343 345//345
f 125//125 347//347 123//123
f 123//123 347//347 345//345
f 348//348 127//127 346//346
f 346//346 127//127 124//124
f 348//348 346//346 555//555
f 349//349 343//343 347//347
f 577//577 343//343 349//349
f 128//128 349//349 125//125
f 125//125 349//349 347//347
f 350//350 129//129 348//348
f 348//348 129//129 127//127
f 350//350 348//348 555//555
f 351//351 577//577 349//349
f 130//130 351//351 128//128
f 128//128 351//351 349//349
f 352//352 131//131 350//350
f 350//350 131//131 129//129
f 352//352 350//350 555//555
f 353//353 577//577 351//351
f 132//132 353//353 130//130
f 130//130 353//353 351//351
f 354//354 133//133 352//352
f 352//352 133//133 131//131
f 588//588 352//352 555//555
f 354//354 352//352 588//588
f 355//355 577//577 353//353
f 134//134 355//355 132//132
f 132//132 355//355 353//353
f 356//356 135//135 354//354
f 354//354 135//135 133//133
f 356//356 354//354 588//588
f 357//357 577//577 355//355
f 136//136 357//357 134//134
f 134//134 357//357 355//355
f 358//358 137//137 356//356
f 356//356 137//137 135//135
f 358//358 356//356 588//588
f 359//359 577//577 357//357
f 138//138 359//359 136//136
f 136//136 359//359 357//357
f 360//360 139//139 358//358
f 358//358 139//139 137//137
f 360//360 358//358 588//588
f 361//361 577//577 359//359
f 140//140 361//361 138//138
f 138//138 361//361 359//359
f 362//362 141//141 360//360
f 360//360 141//141 139//139
f 362//362 360//360 588//588
f 363//363 577//577 361//361
f 142//142 363//363 140//140
f 140//140 363//363 361//361
f 364//364 143//143 362//362
f 362//362 143//143 141//141
f 364//364 362//362 588//588
f 365//365 577//577 363//363
f 556//556 577//577 365//365
f 144//144 365//365 142//142
f 142//142 365//365 363//363
f 366//366 145//145 364//364
f 364//364 145//145 143//143
f 366//366 364//364 588//588
f 367//367 556//556 365//365
f 146//146 367//367 144//144
f 144//144 367//367 365//365
f 368//368 147//147 366//366
f 366//366 147//147 145//145
f 368//368 366//366 588//588
f 369//369 556//556 367//367
f 148//148 369//369 146//146
f 146//146 369//369 367//367
f 370//370 149//149 368//368
f 368//368 149//149 147//147
f 546//546 368//368 588//588
f 370//370 368//368 546//546
f 371//371 556//556 369//369
f 150//150 371//371 148//148
f 148//148 371//371 369//369
f 372//372 151//151 370//370
f 370//370 151//151 149//149
f 372//372 370//370 546//546
f 373//373 556//556 371//371
f 152//152 373//373 150//150
f 150//150 373//373 371//371
f 374//374 153//153 372//372
f 372//372 153//153 151//151
f 374//374 372//372 546//546
f 375//375 556//556 373//373
f 154//154 375//375 152//152
f 152//152 375//375 373//373
f 376//376 155//155 374//374
f 374//374 155//155 153//153
f 376//376 374//374 546//546
f 377//377 556//556 375//375
f 156//156 377//377 154//154
f 154//154 377//377 375//375
f 378//378 157//157 376//376
f 376//376 157//157 155//155
f 378//378 376//376 546//546
f 379//379 556//556 377//377
f 158//158 379//379 156//156
f 156//156 379//379 377//377
f 380//380 159//159 378//378
f 378//378 159//159 157//157
f 380//380 378//378 546//546
f 381//381 556//556 379//379
f 579//579 556//556 381//381
f 160//160 381//381 158//158
f 158//158 381//381 379//379
f 382//382 161//161 380//380
f 380//380 161//161 159//159
f 382//382 380//380 546//546
f 383//383 579//579 381//381
f 162//162 383//383 160//160
f 160//160 383//383 381//381
f 384//384 163//163 382//382
f 382//382 163//163 161//161
f 384//384 382//382 546//546
f 385//385 579//579 383//383
f 164//164 385//385 162//162
f 162//162 385//385 383//383
f 386//386 165//165 384//384
f 384//384 165//165 163//163
f 390//390 384//384 546//546
f 386//386 384//384 390//390
f 387//387 579//579 385//385
f 166//166 387//387 164//164
f 164//164 387//387 385//385
f 388//388 167//167 386//386
f 386//386 167//167 165//165
f 388//388 386//386 390//390
f 389//389 579//579 387//387
f 168//168 389//389 166//166
f 166//166 389//389 387//387
f 391//391 579//579 389//389
f 169//169 391//391 168//168
f 168//168 391//391 389//389
f 392//392 579//579 391//391
f 170//170 392//392 169//169
f 169//169 392//392 391//391
f 393//393 579//579 392//392
f 171//171 393//393 170//170
f 170//170 393//393 392//392
f 394//394 579//579 393//393
f 77//77 394//394 171//171
f 171//171 394//394 393//393
f 395//395 579//579 394//394
f 77//77 395//395 394//394
f 396//396 91//91 390//390
f 390//390 567//567 396//396
f 92//92 579//579 395//395
f 77//77 92//92 395//395
f 397//397 172//172 173//173
f 567//567 398//398 173//173
f 173//173 398//398 397//397
f 398//398 567//567 399//399
f 400//400 174//174 397//397
f 397//397 174//174 172//172
f 399//399 397//397 398//398
f 400//400 397//397 399//399
f 401//401 175//175 400//400
f 400//400 175//175 174//174
f 401//401 400//400 399//399
f 402//402 177//177 401//401
f 401//401 177//177 175//175
f 402//402 401//401 399//399
f 403//403 178//178 402//402
f 402//402 178//178 177//177
f 403//403 402//402 399//399
f 404//404 179//179 403//403
f 403//403 179//179 178//178
f 548//548 403//403 399//399
f 404//404 403//403 548//548
f 405//405 180//180 404//404
f 404//404 180//180 179//179
f 405//405 404//404 548//548
f 406//406 181//181 405//405
f 405//405 181//181 180//180
f 406//406 405//405 548//548
f 407//407 182//182 406//406
f 406//406 182//182 181//181
f 407//407 406//406 548//548
f 408//408 184//184 407//407
f 407//407 184//184 182//182
f 408//408 407//407 548//548
f 185//185 409//409 183//183
f 410//410 186//186 408//408
f 408//408 186//186 184//184
f 410//410 408//408 548//548
f 187//187 411//411 185//185
f 185//185 411//411 409//409
f 412//412 188//188 410//410
f 410//410 188//188 186//186
f 412//412 410//410 548//548
f 413//413 409//409 411//411
f 189//189 413//413 187//187
f 187//187 413//413 411//411
f 414//414 190//190 412//412
f 412//412 190//190 188//188
f 414//414 412//412 548//548
f 415//415 409//409 413//413
f 191//191 415//415 189//189
f 189//189 415//415 413//413
f 416//416 192//192 414//414
f 414//414 192//192 190//190
f 416//416 414//414 548//548
f 417//417 409//409 415//415
f 550//550 409//409 417//417
f 193//193 417//417 191//191
f 191//191 417//417 415//415
f 418//418 194//194 416//416
f 416//416 194//194 192//192
f 418//418 416//416 548//548
f 419//419 550//550 417//417
f 195//195 419//419 193//193
f 193//193 419//419 417//417
f 420//420 196//196 418//418
f 418//418 196//196 194//194
f 420//420 418//418 548//548
f 421//421 550//550 419//419
f 197//197 421//421 195//195
f 195//195 421//421 419//419
f 422//422 198//198 420//420
f 420//420 198//198 196//196
f 422//422 420//420 548//548
f 423//423 550//550 421//421
f 199//199 423//423 197//197
f 197//197 423//423 421//421
f 424//424 200//200 422//422
f 422//422 200//200 198//198
f 424//424 422//422 548//548
f 425//425 550//550 423//423
f 201//201 425//425 199//199
f 199//199 425//425 423//423
f 426//426 202//202 424//424
f 424//424 202//202 200//200
f 426//426 424//424 548//548
f 427//427 550//550 425//425
f 203//203 427//427 201//201
f 201//201 427//427 425//425
f 428//428 204//204 426//426
f 426//426 204//204 202//202
f 428//428 426//426 548//548
f 429//429 550//550 427//427
f 205//205 429//429 203//203
f 203//203 429//429 427//427
f 430//430 206//206 428//428
f 428//428 206//206 204//204
f 430//430 428//428 548//548
f 431//431 550//550 429//429
f 207//207 431//431 205//205
f 205//205 431//431 429//429
f 432//432 208//208 430//430
f 430//430 208//208 206//206
f 549//549 430//430 548//548
f 432//432 430//430 549//549
f 433//433 550//550 431//431
f 551//551 550//550 433//433
f 209//209 433//433 207//207
f 207//207 433//433 431//431
f 434//434 210//210 432//432
f 432//432 210//210 208//208
f 434//434 432//432 549//549
f 435//435 551//551 433//433
f 211//211 435//435 209//209
f 209//209 435//435 433//433
f 436//436 212//212 434//434
f 434//434 212//212 210//210
f 436//436 434//434 549//549
f 437//437 551//551 435//435
f 213//213 437//437 211//211
f 211//211 437//437 435//435
f 438//438 214//214 436//436
f 436//436 214//214 212//212
f 438//438 436//436 549//549
f 439//439 551//551 437//437
f 215//215 439//439 213//213
f 213//213 439//439 437//437
f 440//440 216//216 438//438
f 438//438 216//216 214//214
f 440//440 438//438 549//549
f 441//441 551//551 439//439
f 217//217 441//441 215//215
f 215//215 441//441 439//439
f 442//442 218//218 440//440
f 440//440 218//218 216//216
f 442//442 440//440 549//549
f 443//443 551//551 441//441
f 219//219 443//443 217//217
f 217//217 443//443 441//441
f 444//444 220//220 442//442
f 442//442 220//220 218//218
f 444//444 442//442 549//549
f 445//445 551//551 443//443
f 221//221 445//445 219//219
f 219//219 445//445 443//443
f 446//446 222//222 444//444
f 444//444 222//222 220//220
f 446//446 444//444 549//549
f 447//447 551//551 445//445
f 223//223 447//447 221//221
f 221//221 447//447 445//445
f 448//448 224//224 446//446
f 446//446 224//224 222//222
f 448//448 446//446 549//549
f 449//449 551//551 447//447
f 225//225 449//449 223//223
f 223//223 449//449 447//447
f 450//450 226//226 448//448
f 448//448 226//226 224//224
f 450//450 448//448 549//549
f 451//451 551//551 449//449
f 227//227 451//451 225//225
f 225//225 451//451 449//449
f 452//452 228//228 450//450
f 450//450 228//228 226//226
f 452//452 450//450 549//549
f 453//453 551//551 451//451
f 229//229 453//453 227//227
f 227//227 453//453 451//451
f 454//454 230//230 452//452
f 452//452 230//230 228//228
f 454//454 452//452 549//549
f 455//455 551//551 453//453
f 231//231 455//455 229//229
f 229//229 455//455 453//453
f 456//456 232//232 454//454
f 454//454 232//232 230//230
f 456//456 454//454 549//549
f 457//457 551//551 455//455
f 233//233 457//457 231//231
f 231//231 457//457 455//455
f 458//458 234//234 456//456
f 456//456 234//234 232//232
f 458//458 456//456 549//549
f 459//459 551//551 457//457
f 235//235 459//459 233//233
f 233//233 459//459 457//457
f 460//460 236//236 458//458
f 458//458 236//236 234//234
f 460//460 458//458 549//549
f 461//461 551//551 459//459
f 237//237 461//461 235//235
f 235//235 461//461 459//459
f 462//462 239//239 460//460
f 460//460 239//239 236//236
f 462//462 460//460 549//549
f 463//463 551//551 461//461
f 240//240 463//463 237//237
f 237//237 463//463 461//461
f 462//462 241//241 239//239
f 464//464 551//551 463//463
f 472//472 551//551 464//464
f 242//242 464//464 240//240
f 240//240 464//464 463//463
f 462//462 243//243 241//241
f 465//465 472//472 464//464
f 244//244 465//465 242//242
f 242//242 465//465 464//464
f 462//462 245//245 243//243
f 466//466 472//472 465//465
f 246//246 466//466 244//244
f 244//244 466//466 465//465
f 467//467 472//472 466//466
f 247//247 467//467 246//246
f 246//246 467//467 466//466
f 600//600 69//69 462//462
f 462//462 69//69 245//245
f 468//468 472//472 467//467
f 248//248 468//468 247//247
f 247//247 468//468 467//467
f 469//469 472//472 468//468
f 249//249 469//469 248//248
f 248//248 469//469 468//468
f 471//471 472//472 469//469
f 470//470 472//472 471//471
f 250//250 471//471 249//249
f 249//249 471//471 469//469
f 69//69 600//600 474//474
f 473//473 470//470 471//471
f 251//251 473//473 250//250
f 250//250 473//473 471//471
f 470//470 252//252 472//472
f 470//470 473//473 251//251
f 78//78 252//252 61//61
f 475//475 253//253 254//254
f 59//59 476//476 254//254
f 254//254 476//476 475//475
f 476//476 59//59 477//477
f 78//78 580//580 252//252
f 478//478 255//255 475//475
f 475//475 255//255 253//253
f 477//477 475//475 476//476
f 478//478 475//475 477//477
f 482//482 580//580 78//78
f 479//479 256//256 478//478
f 478//478 256//256 255//255
f 479//479 478//478 477//477
f 480//480 257//257 479//479
f 479//479 257//257 256//256
f 480//480 479//479 477//477
f 481//481 258//258 480//480
f 480//480 258//258 257//257
f 481//481 480//480 477//477
f 483//483 259//259 481//481
f 481//481 259//259 258//258
f 552//552 481//481 477//477
f 483//483 481//481 552//552
f 489//489 482//482 78//78
f 484//484 260//260 483//483
f 483//483 260//260 259//259
f 484//484 483//483 552//552
f 485//485 261//261 484//484
f 484//484 261//261 260//260
f 485//485 484//484 552//552
f 486//486 262//262 485//485
f 485//485 262//262 261//261
f 486//486 485//485 552//552
f 487//487 263//263 486//486
f 486//486 263//263 262//262
f 487//487 486//486 552//552
f 264//264 489//489 78//78
f 488//488 265//265 487//487
f 487//487 265//265 263//263
f 488//488 487//487 552//552
f 266//266 489//489 264//264
f 490//490 267//267 488//488
f 488//488 267//267 265//265
f 490//490 488//488 552//552
f 268//268 491//491 266//266
f 266//266 491//491 489//489
f 492//492 269//269 490//490
f 490//490 269//269 267//267
f 492//492 490//490 552//552
f 493//493 489//489 491//491
f 270//270 493//493 268//268
f 268//268 493//493 491//491
f 494//494 272//272 492//492
f 492//492 272//272 269//269
f 494//494 492//492 552//552
f 495//495 489//489 493//493
f 553//553 489//489 495//495
f 273//273 495//495 270//270
f 270//270 495//495 493//493
f 496//496 274//274 494//494
f 494//494 274//274 272//272
f 496//496 494//494 552//552
f 497//497 553//553 495//495
f 275//275 497//497 273//273
f 273//273 497//497 495//495
f 498//498 276//276 496//496
f 496//496 276//276 274//274
f 498//498 496//496 552//552
f 499//499 553//553 497//497
f 277//277 499//499 275//275
f 275//275 499//499 497//497
f 500//500 278//278 498//498
f 498//498 278//278 276//276
f 500//500 498//498 552//552
f 501//501 553//553 499//499
f 279//279 501//501 277//277
f 277//277 501//501 499//499
f 502//502 280//280 500//500
f 500//500 280//280 278//278
f 558//558 500//500 552//552
f 502//502 500//500 558//558
f 503//503 553//553 501//501
f 282//282 503//503 279//279
f 279//279 503//503 501//501
f 504//504 283//283 502//502
f 502//502 283//283 280//280
f 504//504 502//502 558//558
f 505//505 553//553 503//503
f 284//284 505//505 282//282
f 282//282 505//505 503//503
f 506//506 285//285 504//504
f 504//504 285//285 283//283
f 506//506 504//504 558//558
f 507//507 553//553 505//505
f 286//286 507//507 284//284
f 284//284 507//507 505//505
f 508//508 287//287 506//506
f 506//506 287//287 285//285
f 508//508 506//506 558//558
f 509//509 553//553 507//507
f 288//288 509//509 286//286
f 286//286 509//509 507//507
f 510//510 289//289 508//508
f 508//508 289//289 287//287
f 510//510 508//508 558//558
f 511//511 553//553 509//509
f 290//290 511//511 288//288
f 288//288 511//511 509//509
f 512//512 291//291 510//510
f 510//510 291//291 289//289
f 512//512 510//510 558//558
f 513//513 553//553 511//511
f 292//292 513//513 290//290
f 290//290 513//513 511//511
f 514//514 293//293 512//512
f 512//512 293//293 291//291
f 514//514 512//512 558//558
f 515//515 553//553 513//513
f 294//294 515//515 292//292
f 292//292 515//515 513//513
f 516//516 295//295 514//514
f 514//514 295//295 293//293
f 516//516 514//514 558//558
f 517//517 553//553 515//515
f 296//296 517//517 294//294
f 294//294 517//517 515//515
f 518//518 297//297 516//516
f 516//516 297//297 295//295
f 518//518 516//516 558//558
f 519//519 553//553 517//517
f 298//298 519//519 296//296
f 296//296 519//519 517//517
f 520//520 299//299 518//518
f 518//518 299//299 297//297
f 520//520 518//518 558//558
f 521//521 553//553 519//519
f 300//300 521//521 298//298
f 298//298 521//521 519//519
f 522//522 301//301 520//520
f 520//520 301//301 299//299
f 522//522 520//520 558//558
f 523//523 553//553 521//521
f 302//302 523//523 300//300
f 300//300 523//523 521//521
f 524//524 303//303 522//522
f 522//522 303//303 301//301
f 524//524 522//522 558//558
f 525//525 553//553 523//523
f 304//304 525//525 302//302
f 302//302 525//525 523//523
f 526//526 305//305 524//524
f 524//524 305//305 303//303
f 526//526 524//524 558//558
f 527//527 553//553 525//525
f 562//562 553//553 527//527
f 306//306 527//527 304//304
f 304//304 527//527 525//525
f 528//528 307//307 526//526
f 526//526 307//307 305//305
f 528//528 526//526 558//558
f 529//529 562//562 527//527
f 308//308 529//529 306//306
f 306//306 529//529 527//527
f 530//530 309//309 528//528
f 528//528 309//309 307//307
f 530//530 528//528 558//558
f 531//531 562//562 529//529
f 310//310 531//531 308//308
f 308//308 531//531 529//529
f 532//532 311//311 530//530
f 530//530 311//311 309//309
f 532//532 530//530 558//558
f 533//533 562//562 531//531
f 312//312 533//533 310//310
f 310//310 533//533 531//531
f 534//534 313//313 532//532
f 532//532 313//313 311//311
f 559//559 532//532 558//558
f 534//534 532//532 559//559
f 535//535 562//562 533//533
f 315//315 535//535 312//312
f 312//312 535//535 533//533
f 536//536 316//316 534//534
f 534//534 316//316 313//313
f 536//536 534//534 559//559
f 537//537 562//562 535//535
f 317//317 537//537 315//315
f 315//315 537//537 535//535
f 538//538 318//318 536//536
f 536//536 318//318 316//316
f 538//538 536//536 559//559
f 539//539 562//562 537//537
f 319//319 539//539 317//317
f 317//317 539//539 537//537
f 540//540 320//320 538//538
f 538//538 320//320 318//318
f 540//540 538//538 559//559
f 541//541 562//562 539//539
f 314//314 541//541 319//319
f 319//319 541//541 539//539
f 559//559 321//321 540//540
f 540//540 321//321 320//320
f 542//542 562//562 541//541
f 314//314 542//542 541//541
f 559//559 322//322 321//321
f 559//559 323//323 322//322
f 559//559 324//324 323//323
f 543//543 562//562 542//542
f 314//314 543//543 542//542
f 559//559 544//544 324//324
f 559//559 572//572 544//544
f 589//589 554//554 544//544
f 583//583 590//590 41//41
f 343//343 331//331 340//340
f 390//390 546//546 566//566
f 579//579 92//92 560//560
f 566//566 567//567 390//390
f 568//568 608//608 92//92
f 176//176 568//568 92//92
f 619//619 399//399 567//567
f 409//409 547//547 176//176
f 619//619 548//548 399//399
f 557//557 600//600 462//462
f 474//474 600//600 59//59
f 581//581 477//477 59//59
f 581//581 552//552 477//477
f 614//614 618//618 545//545
f 555//555 575//575 587//587
f 547//547 616//616 176//176
f 176//176 616//616 568//568
f 409//409 569//569 547//547
f 550//550 569//569 409//409
f 593//593 549//549 548//548
f 557//557 462//462 549//549
f 489//489 553//553 482//482
f 563//563 572//572 559//559
f 582//582 73//73 1139//1139
f 73//73 543//543 326//326
f 108//108 565//565 573//573
f 565//565 1070//1070 573//573
f 573//573 109//109 327//327
f 109//109 328//328 327//327
f 252//252 580//580 603//603
f 558//558 563//563 559//559
f 562//562 543//543 564//564
f 554//554 589//589 107//107
f 41//41 590//590 52//52
f 577//577 576//576 343//343
f 608//608 560//560 92//92
f 548//548 619//619 609//609
f 619//619 620//620 609//609
f 551//551 569//569 550//550
f 570//570 594//594 551//551
f 472//472 570//570 551//551
f 252//252 570//570 472//472
f 581//581 59//59 623//623
f 552//552 601//601 558//558
f 553//553 571//571 561//561
f 1051//1051 1139//1139 604//604
f 589//589 604//604 107//107
f 545//545 586//586 74//74
f 555//555 328//328 575//575
f 343//343 576//576 331//331
f 555//555 587//587 615//615
f 546//546 588//588 592//592
f 579//579 578//578 556//556
f 551//551 599//599 569//569
f 549//549 633//633 557//557
f 603//603 570//570 252//252
f 482//482 553//553 580//580
f 553//553 561//561 613//613
f 553//553 562//562 624//624
f 564//564 602//602 562//562
f 555//555 615//615 588//588
f 546//546 592//592 566//566
f 584//584 59//59 600//600
f 552//552 581//581 601//601
f 582//582 543//543 73//73
f 74//74 586//586 583//583
f 331//331 574//574 614//614
f 566//566 700//700 567//567
f 619//619 567//567 700//700
f 634//634 557//557 633//633
f 594//594 599//599 551//551
f 775//775 600//600 557//557
f 623//623 59//59 584//584
f 595//595 558//558 601//601
f 610//610 558//558 595//595
f 585//585 572//572 563//563
f 543//543 602//602 564//564
f 582//582 1139//1139 1088//1088
f 582//582 638//638 543//543
f 640//640 589//589 544//544
f 109//109 575//575 328//328
f 578//578 577//577 556//556
f 608//608 597//597 560//560
f 568//568 616//616 608//608
f 569//569 598//598 547//547
f 553//553 613//613 580//580
f 553//553 624//624 571//571
f 602//602 543//543 638//638
f 572//572 640//640 544//544
f 565//565 52//52 596//596
f 614//614 617//617 618//618
f 578//578 607//607 577//577
f 699//699 566//566 592//592
f 700//700 566//566 699//699
f 618//618 625//625 545//545
f 586//586 605//605 583//583
f 598//598 628//628 547//547
f 599//599 598//598 569//569
f 570//570 983//983 594//594
f 603//603 983//983 570//570
f 610//610 563//563 558//558
f 602//602 1050//1050 562//562
f 562//562 1050//1050 636//636
f 1182//1182 1139//1139 1051//1051
f 638//638 582//582 1085//1085
f 1070//1070 575//575 109//109
f 588//588 591//591 592//592
f 577//577 607//607 576//576
f 579//579 560//560 578//578
f 548//548 620//620 593//593
f 603//603 580//580 983//983
f 1055//1055 589//589 640//640
f 625//625 1052//1052 545//545
f 1052//1052 622//622 545//545
f 573//573 1070//1070 109//109
f 627//627 619//619 700//700
f 983//983 599//599 594//594
f 1124//1124 1051//1051 604//604
f 1124//1124 604//604 589//589
f 618//618 1092//1092 612//612
f 612//612 625//625 618//618
f 547//547 628//628 616//616
f 600//600 775//775 584//584
f 585//585 563//563 611//611
f 638//638 1050//1050 602//602
f 1087//1087 1085//1085 582//582
f 1055//1055 1124//1124 589//589
f 576//576 574//574 331//331
f 588//588 615//615 591//591
f 548//548 609//609 620//620
f 637//637 563//563 610//610
f 639//639 1123//1123 582//582
f 1088//1088 639//639 582//582
f 1085//1085 1067//1067 638//638
f 585//585 640//640 572//572
f 614//614 621//621 617//617
f 565//565 596//596 606//606
f 574//574 629//629 614//614
f 615//615 592//592 591//591
f 560//560 626//626 578//578
f 608//608 616//616 597//597
f 633//633 549//549 593//593
f 983//983 1058//1058 599//599
f 776//776 584//584 775//775
f 1122//1122 584//584 776//776
f 637//637 595//595 601//601
f 637//637 611//611 563//563
f 605//605 1100//1100 583//583
f 560//560 597//597 626//626
f 620//620 619//619 627//627
f 631//631 597//597 616//616
f 620//620 632//632 593//593
f 632//632 633//633 593//593
f 775//775 557//557 634//634
f 635//635 983//983 580//580
f 635//635 580//580 613//613
f 637//637 610//610 595//595
f 1067//1067 1085//1085 1146//1146
f 614//614 852//852 621//621
f 614//614 629//629 852//852
f 574//574 641//641 629//629
f 574//574 643//643 641//641
f 642//642 587//587 575//575
f 644//644 587//587 642//642
f 574//574 645//645 643//643
f 646//646 587//587 644//644
f 574//574 647//647 645//645
f 648//648 587//587 646//646
f 574//574 649//649 647//647
f 650//650 587//587 648//648
f 574//574 651//651 649//649
f 652//652 587//587 650//650
f 576//576 651//651 574//574
f 576//576 653//653 651//651
f 654//654 587//587 652//652
f 576//576 655//655 653//653
f 654//654 615//615 587//587
f 656//656 615//615 654//654
f 576//576 657//657 655//655
f 658//658 615//615 656//656
f 576//576 659//659 657//657
f 660//660 615//615 658//658
f 576//576 661//661 659//659
f 662//662 615//615 660//660
f 576//576 663//663 661//661
f 664//664 615//615 662//662
f 576//576 665//665 663//663
f 666//666 615//615 664//664
f 576//576 667//667 665//665
f 666//666 592//592 615//615
f 668//668 592//592 666//666
f 576//576 669//669 667//667
f 670//670 592//592 668//668
f 576//576 671//671 669//669
f 672//672 592//592 670//670
f 576//576 673//673 671//671
f 674//674 592//592 672//672
f 576//576 675//675 673//673
f 676//676 592//592 674//674
f 607//607 675//675 576//576
f 607//607 677//677 675//675
f 678//678 592//592 676//676
f 607//607 679//679 677//677
f 680//680 592//592 678//678
f 607//607 681//681 679//679
f 682//682 592//592 680//680
f 607//607 683//683 681//681
f 684//684 592//592 682//682
f 607//607 685//685 683//683
f 686//686 592//592 684//684
f 607//607 687//687 685//685
f 688//688 592//592 686//686
f 607//607 689//689 687//687
f 690//690 592//592 688//688
f 607//607 691//691 689//689
f 692//692 592//592 690//690
f 607//607 693//693 691//691
f 694//694 592//592 692//692
f 578//578 693//693 607//607
f 578//578 695//695 693//693
f 696//696 592//592 694//694
f 578//578 697//697 695//695
f 698//698 592//592 696//696
f 698//698 699//699 592//592
f 597//597 631//631 701//701
f 701//701 631//631 702//702
f 616//616 702//702 631//631
f 616//616 703//703 702//702
f 616//616 704//704 703//703
f 616//616 706//706 704//704
f 707//707 620//620 705//705
f 616//616 708//708 706//706
f 709//709 620//620 707//707
f 616//616 710//710 708//708
f 711//711 620//620 709//709
f 616//616 712//712 710//710
f 713//713 620//620 711//711
f 616//616 714//714 712//712
f 715//715 620//620 713//713
f 616//616 716//716 714//714
f 717//717 620//620 715//715
f 628//628 716//716 616//616
f 628//628 718//718 716//716
f 719//719 620//620 717//717
f 628//628 720//720 718//718
f 721//721 620//620 719//719
f 628//628 722//722 720//720
f 723//723 620//620 721//721
f 628//628 724//724 722//722
f 725//725 620//620 723//723
f 628//628 726//726 724//724
f 727//727 620//620 725//725
f 628//628 728//728 726//726
f 729//729 620//620 727//727
f 628//628 730//730 728//728
f 731//731 620//620 729//729
f 628//628 732//732 730//730
f 733//733 620//620 731//731
f 628//628 734//734 732//732
f 735//735 620//620 733//733
f 598//598 734//734 628//628
f 598//598 736//736 734//734
f 735//735 632//632 620//620
f 737//737 632//632 735//735
f 598//598 738//738 736//736
f 739//739 632//632 737//737
f 598//598 740//740 738//738
f 741//741 632//632 739//739
f 598//598 742//742 740//740
f 743//743 632//632 741//741
f 598//598 744//744 742//742
f 745//745 632//632 743//743
f 598//598 746//746 744//744
f 747//747 632//632 745//745
f 598//598 748//748 746//746
f 749//749 632//632 747//747
f 598//598 750//750 748//748
f 751//751 632//632 749//749
f 598//598 752//752 750//750
f 751//751 633//633 632//632
f 753//753 633//633 751//751
f 599//599 752//752 598//598
f 599//599 754//754 752//752
f 755//755 633//633 753//753
f 599//599 756//756 754//754
f 757//757 633//633 755//755
f 599//599 758//758 756//756
f 759//759 633//633 757//757
f 599//599 760//760 758//758
f 761//761 633//633 759//759
f 599//599 762//762 760//760
f 763//763 633//633 761//761
f 599//599 764//764 762//762
f 765//765 633//633 763//763
f 599//599 766//766 764//764
f 767//767 633//633 765//765
f 599//599 768//768 766//766
f 767//767 634//634 633//633
f 769//769 634//634 767//767
f 599//599 770//770 768//768
f 771//771 634//634 769//769
f 599//599 980//980 770//770
f 772//772 634//634 771//771
f 599//599 981//981 980//980
f 773//773 634//634 772//772
f 774//774 634//634 773//773
f 774//774 775//775 634//634
f 1058//1058 981//981 599//599
f 983//983 635//635 777//777
f 777//777 635//635 778//778
f 613//613 778//778 635//635
f 613//613 779//779 778//778
f 613//613 780//780 779//779
f 613//613 782//782 780//780
f 784//784 623//623 781//781
f 613//613 783//783 782//782
f 784//784 581//581 623//623
f 613//613 785//785 783//783
f 787//787 581//581 784//784
f 613//613 786//786 785//785
f 613//613 788//788 786//786
f 790//790 581//581 787//787
f 613//613 789//789 788//788
f 613//613 791//791 789//789
f 792//792 581//581 790//790
f 613//613 793//793 791//791
f 792//792 601//601 581//581
f 794//794 601//601 792//792
f 613//613 795//795 793//793
f 796//796 601//601 794//794
f 613//613 797//797 795//795
f 798//798 601//601 796//796
f 561//561 797//797 613//613
f 561//561 799//799 797//797
f 800//800 601//601 798//798
f 561//561 801//801 799//799
f 802//802 601//601 800//800
f 561//561 803//803 801//801
f 804//804 601//601 802//802
f 561//561 805//805 803//803
f 806//806 601//601 804//804
f 561//561 807//807 805//805
f 808//808 601//601 806//806
f 561//561 809//809 807//807
f 808//808 637//637 601//601
f 810//810 637//637 808//808
f 561//561 811//811 809//809
f 812//812 637//637 810//810
f 571//571 811//811 561//561
f 571//571 813//813 811//811
f 814//814 637//637 812//812
f 571//571 815//815 813//813
f 816//816 637//637 814//814
f 571//571 817//817 815//815
f 818//818 637//637 816//816
f 571//571 819//819 817//817
f 820//820 637//637 818//818
f 624//624 819//819 571//571
f 624//624 821//821 819//819
f 822//822 637//637 820//820
f 624//624 823//823 821//821
f 824//824 637//637 822//822
f 624//624 825//825 823//823
f 826//826 637//637 824//824
f 624//624 827//827 825//825
f 828//828 637//637 826//826
f 624//624 829//829 827//827
f 830//830 637//637 828//828
f 562//562 829//829 624//624
f 562//562 831//831 829//829
f 832//832 637//637 830//830
f 562//562 833//833 831//831
f 834//834 637//637 832//832
f 636//636 833//833 562//562
f 636//636 835//835 833//833
f 836//836 637//637 834//834
f 636//636 837//837 835//835
f 838//838 637//637 836//836
f 636//636 839//839 837//837
f 838//838 611//611 637//637
f 840//840 611//611 838//838
f 636//636 841//841 839//839
f 842//842 611//611 840//840
f 636//636 843//843 841//841
f 844//844 611//611 842//842
f 844//844 585//585 611//611
f 845//845 585//585 844//844
f 846//846 585//585 845//845
f 847//847 585//585 846//846
f 848//848 585//585 847//847
f 848//848 849//849 585//585
f 638//638 1049//1049 1050//1050
f 1054//1054 585//585 849//849
f 545//545 622//622 586//586
f 1062//1062 575//575 1070//1070
f 1062//1062 851//851 575//575
f 1068//1068 621//621 852//852
f 851//851 850//850 575//575
f 575//575 850//850 642//642
f 629//629 853//853 852//852
f 641//641 853//853 629//629
f 642//642 850//850 644//644
f 643//643 854//854 641//641
f 641//641 854//854 853//853
f 644//644 850//850 855//855
f 853//853 854//854 856//856
f 645//645 856//856 643//643
f 643//643 856//856 854//854
f 857//857 646//646 855//855
f 855//855 646//646 644//644
f 855//855 850//850 1063//1063
f 855//855 1063//1063 857//857
f 853//853 856//856 858//858
f 647//647 858//858 645//645
f 645//645 858//858 856//856
f 859//859 648//648 857//857
f 857//857 648//648 646//646
f 857//857 1063//1063 859//859
f 853//853 858//858 860//860
f 649//649 860//860 647//647
f 647//647 860//860 858//858
f 861//861 650//650 859//859
f 859//859 650//650 648//648
f 859//859 1063//1063 861//861
f 853//853 860//860 862//862
f 651//651 862//862 649//649
f 649//649 862//862 860//860
f 863//863 652//652 861//861
f 861//861 652//652 650//650
f 861//861 1063//1063 863//863
f 853//853 862//862 864//864
f 653//653 864//864 651//651
f 651//651 864//864 862//862
f 865//865 654//654 863//863
f 863//863 654//654 652//652
f 863//863 1063//1063 865//865
f 853//853 864//864 866//866
f 853//853 866//866 1074//1074
f 655//655 866//866 653//653
f 653//653 866//866 864//864
f 867//867 656//656 865//865
f 865//865 656//656 654//654
f 865//865 1063//1063 867//867
f 1074//1074 866//866 868//868
f 657//657 868//868 655//655
f 655//655 868//868 866//866
f 869//869 658//658 867//867
f 867//867 658//658 656//656
f 867//867 1063//1063 869//869
f 1074//1074 868//868 870//870
f 659//659 870//870 657//657
f 657//657 870//870 868//868
f 871//871 660//660 869//869
f 869//869 660//660 658//658
f 869//869 1063//1063 871//871
f 1074//1074 870//870 872//872
f 661//661 872//872 659//659
f 659//659 872//872 870//870
f 873//873 662//662 871//871
f 871//871 662//662 660//660
f 871//871 1063//1063 873//873
f 1074//1074 872//872 874//874
f 663//663 874//874 661//661
f 661//661 874//874 872//872
f 875//875 664//664 873//873
f 873//873 664//664 662//662
f 873//873 1063//1063 875//875
f 1074//1074 874//874 876//876
f 665//665 876//876 663//663
f 663//663 876//876 874//874
f 877//877 666//666 875//875
f 875//875 666//666 664//664
f 875//875 1063//1063 877//877
f 1074//1074 876//876 878//878
f 667//667 878//878 665//665
f 665//665 878//878 876//876
f 879//879 668//668 877//877
f 877//877 668//668 666//666
f 877//877 1063//1063 879//879
f 1074//1074 878//878 880//880
f 669//669 880//880 667//667
f 667//667 880//880 878//878
f 881//881 670//670 879//879
f 879//879 670//670 668//668
f 879//879 1063//1063 1064//1064
f 879//879 1064//1064 881//881
f 1074//1074 880//880 882//882
f 1074//1074 882//882 1056//1056
f 671//671 882//882 669//669
f 669//669 882//882 880//880
f 883//883 672//672 881//881
f 881//881 672//672 670//670
f 881//881 1064//1064 883//883
f 1056//1056 882//882 884//884
f 673//673 884//884 671//671
f 671//671 884//884 882//882
f 885//885 674//674 883//883
f 883//883 674//674 672//672
f 883//883 1064//1064 885//885
f 1056//1056 884//884 886//886
f 675//675 886//886 673//673
f 673//673 886//886 884//884
f 887//887 676//676 885//885
f 885//885 676//676 674//674
f 885//885 1064//1064 887//887
f 1056//1056 886//886 888//888
f 677//677 888//888 675//675
f 675//675 888//888 886//886
f 889//889 678//678 887//887
f 887//887 678//678 676//676
f 887//887 1064//1064 889//889
f 1056//1056 888//888 890//890
f 679//679 890//890 677//677
f 677//677 890//890 888//888
f 891//891 680//680 889//889
f 889//889 680//680 678//678
f 889//889 1064//1064 891//891
f 1056//1056 890//890 892//892
f 681//681 892//892 679//679
f 679//679 892//892 890//890
f 893//893 682//682 891//891
f 891//891 682//682 680//680
f 891//891 1064//1064 893//893
f 1056//1056 892//892 894//894
f 683//683 894//894 681//681
f 681//681 894//894 892//892
f 895//895 684//684 893//893
f 893//893 684//684 682//682
f 893//893 1064//1064 895//895
f 1056//1056 894//894 896//896
f 685//685 896//896 683//683
f 683//683 896//896 894//894
f 897//897 686//686 895//895
f 895//895 686//686 684//684
f 895//895 1064//1064 897//897
f 1056//1056 896//896 898//898
f 1056//1056 898//898 911//911
f 687//687 898//898 685//685
f 685//685 898//898 896//896
f 899//899 688//688 897//897
f 897//897 688//688 686//686
f 897//897 1064//1064 899//899
f 911//911 898//898 900//900
f 689//689 900//900 687//687
f 687//687 900//900 898//898
f 901//901 690//690 899//899
f 899//899 690//690 688//688
f 899//899 1064//1064 901//901
f 911//911 900//900 902//902
f 691//691 902//902 689//689
f 689//689 902//902 900//900
f 903//903 692//692 901//901
f 901//901 692//692 690//690
f 901//901 1064//1064 903//903
f 911//911 902//902 904//904
f 693//693 904//904 691//691
f 691//691 904//904 902//902
f 905//905 694//694 903//903
f 903//903 694//694 692//692
f 903//903 1064//1064 906//906
f 903//903 906//906 905//905
f 911//911 904//904 907//907
f 695//695 907//907 693//693
f 693//693 907//907 904//904
f 906//906 696//696 905//905
f 905//905 696//696 694//694
f 911//911 907//907 908//908
f 697//697 908//908 695//695
f 695//695 908//908 907//907
f 906//906 698//698 696//696
f 911//911 908//908 909//909
f 578//578 909//909 697//697
f 697//697 909//909 908//908
f 906//906 699//699 698//698
f 911//911 909//909 910//910
f 626//626 910//910 578//578
f 578//578 910//910 909//909
f 906//906 700//700 699//699
f 1071//1071 700//700 906//906
f 911//911 910//910 630//630
f 597//597 630//630 626//626
f 626//626 630//630 910//910
f 627//627 700//700 1071//1071
f 1076//1076 912//912 913//913
f 912//912 701//701 913//913
f 912//912 597//597 701//701
f 702//702 913//913 701//701
f 1076//1076 913//913 915//915
f 703//703 915//915 702//702
f 702//702 915//915 913//913
f 705//705 620//620 914//914
f 914//914 620//620 627//627
f 914//914 627//627 916//916
f 914//914 916//916 705//705
f 1076//1076 915//915 917//917
f 704//704 917//917 703//703
f 703//703 917//917 915//915
f 705//705 916//916 707//707
f 1076//1076 917//917 918//918
f 706//706 918//918 704//704
f 704//704 918//918 917//917
f 707//707 916//916 1075//1075
f 707//707 1075//1075 709//709
f 1076//1076 918//918 919//919
f 1076//1076 919//919 928//928
f 708//708 919//919 706//706
f 706//706 919//919 918//918
f 709//709 1075//1075 711//711
f 928//928 919//919 920//920
f 710//710 920//920 708//708
f 708//708 920//920 919//919
f 711//711 1075//1075 713//713
f 928//928 920//920 921//921
f 712//712 921//921 710//710
f 710//710 921//921 920//920
f 713//713 1075//1075 715//715
f 928//928 921//921 922//922
f 714//714 922//922 712//712
f 712//712 922//922 921//921
f 715//715 1075//1075 717//717
f 928//928 922//922 923//923
f 716//716 923//923 714//714
f 714//714 923//923 922//922
f 717//717 1075//1075 719//719
f 928//928 923//923 924//924
f 718//718 924//924 716//716
f 716//716 924//924 923//923
f 719//719 1075//1075 721//721
f 928//928 924//924 925//925
f 720//720 925//925 718//718
f 718//718 925//925 924//924
f 721//721 1075//1075 926//926
f 928//928 925//925 927//927
f 722//722 927//927 720//720
f 720//720 927//927 925//925
f 929//929 723//723 926//926
f 926//926 723//723 721//721
f 926//926 1075//1075 1133//1133
f 926//926 1133//1133 929//929
f 928//928 927//927 930//930
f 928//928 930//930 1103//1103
f 724//724 930//930 722//722
f 722//722 930//930 927//927
f 931//931 725//725 929//929
f 929//929 725//725 723//723
f 929//929 1133//1133 931//931
f 1103//1103 930//930 932//932
f 726//726 932//932 724//724
f 724//724 932//932 930//930
f 933//933 727//727 931//931
f 931//931 727//727 725//725
f 931//931 1133//1133 933//933
f 1103//1103 932//932 934//934
f 728//728 934//934 726//726
f 726//726 934//934 932//932
f 935//935 729//729 933//933
f 933//933 729//729 727//727
f 933//933 1133//1133 935//935
f 1103//1103 934//934 936//936
f 730//730 936//936 728//728
f 728//728 936//936 934//934
f 937//937 731//731 935//935
f 935//935 731//731 729//729
f 935//935 1133//1133 937//937
f 1103//1103 936//936 938//938
f 732//732 938//938 730//730
f 730//730 938//938 936//936
f 939//939 733//733 937//937
f 937//937 733//733 731//731
f 937//937 1133//1133 939//939
f 1103//1103 938//938 940//940
f 734//734 940//940 732//732
f 732//732 940//940 938//938
f 941//941 735//735 939//939
f 939//939 735//735 733//733
f 939//939 1133//1133 941//941
f 1103//1103 940//940 942//942
f 736//736 942//942 734//734
f 734//734 942//942 940//940
f 943//943 737//737 941//941
f 941//941 737//737 735//735
f 941//941 1133//1133 943//943
f 1103//1103 942//942 944//944
f 738//738 944//944 736//736
f 736//736 944//944 942//942
f 945//945 739//739 943//943
f 943//943 739//739 737//737
f 943//943 1133//1133 1111//1111
f 943//943 1111//1111 945//945
f 1103//1103 944//944 946//946
f 1103//1103 946//946 1057//1057
f 740//740 946//946 738//738
f 738//738 946//946 944//944
f 947//947 741//741 945//945
f 945//945 741//741 739//739
f 945//945 1111//1111 947//947
f 1057//1057 946//946 948//948
f 742//742 948//948 740//740
f 740//740 948//948 946//946
f 949//949 743//743 947//947
f 947//947 743//743 741//741
f 947//947 1111//1111 949//949
f 1057//1057 948//948 950//950
f 744//744 950//950 742//742
f 742//742 950//950 948//948
f 951//951 745//745 949//949
f 949//949 745//745 743//743
f 949//949 1111//1111 951//951
f 1057//1057 950//950 952//952
f 746//746 952//952 744//744
f 744//744 952//952 950//950
f 953//953 747//747 951//951
f 951//951 747//747 745//745
f 951//951 1111//1111 953//953
f 1057//1057 952//952 954//954
f 748//748 954//954 746//746
f 746//746 954//954 952//952
f 955//955 749//749 953//953
f 953//953 749//749 747//747
f 953//953 1111//1111 955//955
f 1057//1057 954//954 956//956
f 750//750 956//956 748//748
f 748//748 956//956 954//954
f 957//957 751//751 955//955
f 955//955 751//751 749//749
f 955//955 1111//1111 957//957
f 1057//1057 956//956 958//958
f 752//752 958//958 750//750
f 750//750 958//958 956//956
f 959//959 753//753 957//957
f 957//957 753//753 751//751
f 957//957 1111//1111 959//959
f 1057//1057 958//958 960//960
f 754//754 960//960 752//752
f 752//752 960//960 958//958
f 961//961 755//755 959//959
f 959//959 755//755 753//753
f 959//959 1111//1111 961//961
f 1057//1057 960//960 962//962
f 756//756 962//962 754//754
f 754//754 962//962 960//960
f 963//963 757//757 961//961
f 961//961 757//757 755//755
f 961//961 1111//1111 963//963
f 1057//1057 962//962 964//964
f 758//758 964//964 756//756
f 756//756 964//964 962//962
f 965//965 759//759 963//963
f 963//963 759//759 757//757
f 963//963 1111//1111 965//965
f 1057//1057 964//964 966//966
f 760//760 966//966 758//758
f 758//758 966//966 964//964
f 967//967 761//761 965//965
f 965//965 761//761 759//759
f 965//965 1111//1111 967//967
f 1057//1057 966//966 968//968
f 762//762 968//968 760//760
f 760//760 968//968 966//966
f 969//969 763//763 967//967
f 967//967 763//763 761//761
f 967//967 1111//1111 969//969
f 1057//1057 968//968 970//970
f 764//764 970//970 762//762
f 762//762 970//970 968//968
f 971//971 765//765 969//969
f 969//969 765//765 763//763
f 969//969 1111//1111 971//971
f 1057//1057 970//970 972//972
f 766//766 972//972 764//764
f 764//764 972//972 970//970
f 973//973 767//767 971//971
f 971//971 767//767 765//765
f 971//971 1111//1111 973//973
f 1057//1057 972//972 974//974
f 768//768 974//974 766//766
f 766//766 974//974 972//972
f 975//975 769//769 973//973
f 973//973 769//769 767//767
f 973//973 1111//1111 975//975
f 1057//1057 974//974 976//976
f 770//770 976//976 768//768
f 768//768 976//976 974//974
f 977//977 771//771 975//975
f 975//975 771//771 769//769
f 975//975 1111//1111 978//978
f 975//975 978//978 977//977
f 1057//1057 976//976 979//979
f 1057//1057 979//979 982//982
f 980//980 979//979 770//770
f 770//770 979//979 976//976
f 978//978 772//772 977//977
f 977//977 772//772 771//771
f 982//982 979//979 980//980
f 978//978 773//773 772//772
f 982//982 980//980 981//981
f 978//978 774//774 773//773
f 978//978 775//775 774//774
f 1122//1122 776//776 978//978
f 978//978 776//776 775//775
f 982//982 981//981 1058//1058
f 1136//1136 1078//1078 584//584
f 1059//1059 984//984 985//985
f 984//984 777//777 985//985
f 984//984 983//983 777//777
f 778//778 985//985 777//777
f 1059//1059 985//985 986//986
f 779//779 986//986 778//778
f 778//778 986//986 985//985
f 781//781 623//623 584//584
f 1059//1059 986//986 987//987
f 780//780 987//987 779//779
f 779//779 987//987 986//986
f 1059//1059 987//987 988//988
f 782//782 988//988 780//780
f 780//780 988//988 987//987
f 784//784 781//781 1078//1078
f 1059//1059 988//988 989//989
f 1059//1059 989//989 998//998
f 783//783 989//989 782//782
f 782//782 989//989 988//988
f 784//784 1078//1078 787//787
f 998//998 989//989 990//990
f 785//785 990//990 783//783
f 783//783 990//990 989//989
f 998//998 990//990 991//991
f 786//786 991//991 785//785
f 785//785 991//991 990//990
f 787//787 1078//1078 790//790
f 998//998 991//991 992//992
f 788//788 992//992 786//786
f 786//786 992//992 991//991
f 998//998 992//992 993//993
f 789//789 993//993 788//788
f 788//788 993//993 992//992
f 790//790 1078//1078 792//792
f 998//998 993//993 994//994
f 791//791 994//994 789//789
f 789//789 994//994 993//993
f 792//792 1078//1078 794//794
f 998//998 994//994 995//995
f 793//793 995//995 791//791
f 791//791 995//995 994//994
f 794//794 1078//1078 996//996
f 998//998 995//995 997//997
f 795//795 997//997 793//793
f 793//793 997//997 995//995
f 999//999 796//796 996//996
f 996//996 796//796 794//794
f 996//996 1078//1078 1065//1065
f 996//996 1065//1065 999//999
f 998//998 997//997 1000//1000
f 998//998 1000//1000 1060//1060
f 797//797 1000//1000 795//795
f 795//795 1000//1000 997//997
f 1001//1001 798//798 999//999
f 999//999 798//798 796//796
f 999//999 1065//1065 1001//1001
f 1060//1060 1000//1000 1002//1002
f 799//799 1002//1002 797//797
f 797//797 1002//1002 1000//1000
f 1003//1003 800//800 1001//1001
f 1001//1001 800//800 798//798
f 1001//1001 1065//1065 1003//1003
f 1060//1060 1002//1002 1004//1004
f 801//801 1004//1004 799//799
f 799//799 1004//1004 1002//1002
f 1005//1005 802//802 1003//1003
f 1003//1003 802//802 800//800
f 1003//1003 1065//1065 1005//1005
f 1060//1060 1004//1004 1006//1006
f 803//803 1006//1006 801//801
f 801//801 1006//1006 1004//1004
f 1007//1007 804//804 1005//1005
f 1005//1005 804//804 802//802
f 1005//1005 1065//1065 1007//1007
f 1060//1060 1006//1006 1008//1008
f 805//805 1008//1008 803//803
f 803//803 1008//1008 1006//1006
f 1009//1009 806//806 1007//1007
f 1007//1007 806//806 804//804
f 1007//1007 1065//1065 1009//1009
f 1060//1060 1008//1008 1010//1010
f 807//807 1010//1010 805//805
f 805//805 1010//1010 1008//1008
f 1011//1011 808//808 1009//1009
f 1009//1009 808//808 806//806
f 1009//1009 1065//1065 1011//1011
f 1060//1060 1010//1010 1012//1012
f 809//809 1012//1012 807//807
f 807//807 1012//1012 1010//1010
f 1013//1013 810//810 1011//1011
f 1011//1011 810//810 808//808
f 1011//1011 1065//1065 1013//1013
f 1060//1060 1012//1012 1014//1014
f 811//811 1014//1014 809//809
f 809//809 1014//1014 1012//1012
f 1015//1015 812//812 1013//1013
f 1013//1013 812//812 810//810
f 1013//1013 1065//1065 1094//1094
f 1013//1013 1094//1094 1015//1015
f 1060//1060 1014//1014 1016//1016
f 813//813 1016//1016 811//811
f 811//811 1016//1016 1014//1014
f 1017//1017 814//814 1015//1015
f 1015//1015 814//814 812//812
f 1015//1015 1094//1094 1017//1017
f 1060//1060 1016//1016 1018//1018
f 815//815 1018//1018 813//813
f 813//813 1018//1018 1016//1016
f 1019//1019 816//816 1017//1017
f 1017//1017 816//816 814//814
f 1017//1017 1094//1094 1019//1019
f 1060//1060 1018//1018 1020//1020
f 817//817 1020//1020 815//815
f 815//815 1020//1020 1018//1018
f 1021//1021 818//818 1019//1019
f 1019//1019 818//818 816//816
f 1019//1019 1094//1094 1021//1021
f 1060//1060 1020//1020 1022//1022
f 819//819 1022//1022 817//817
f 817//817 1022//1022 1020//1020
f 1023//1023 820//820 1021//1021
f 1021//1021 820//820 818//818
f 1021//1021 1094//1094 1023//1023
f 1060//1060 1022//1022 1024//1024
f 821//821 1024//1024 819//819
f 819//819 1024//1024 1022//1022
f 1025//1025 822//822 1023//1023
f 1023//1023 822//822 820//820
f 1023//1023 1094//1094 1025//1025
f 1060//1060 1024//1024 1026//1026
f 823//823 1026//1026 821//821
f 821//821 1026//1026 1024//1024
f 1027//1027 824//824 1025//1025
f 1025//1025 824//824 822//822
f 1025//1025 1094//1094 1027//1027
f 1060//1060 1026//1026 1028//1028
f 825//825 1028//1028 823//823
f 823//823 1028//1028 1026//1026
f 1029//1029 826//826 1027//1027
f 1027//1027 826//826 824//824
f 1027//1027 1094//1094 1029//1029
f 1060//1060 1028//1028 1030//1030
f 827//827 1030//1030 825//825
f 825//825 1030//1030 1028//1028
f 1031//1031 828//828 1029//1029
f 1029//1029 828//828 826//826
f 1029//1029 1094//1094 1031//1031
f 1060//1060 1030//1030 1032//1032
f 1060//1060 1032//1032 1061//1061
f 829//829 1032//1032 827//827
f 827//827 1032//1032 1030//1030
f 1033//1033 830//830 1031//1031
f 1031//1031 830//830 828//828
f 1031//1031 1094//1094 1033//1033
f 1061//1061 1032//1032 1034//1034
f 831//831 1034//1034 829//829
f 829//829 1034//1034 1032//1032
f 1035//1035 832//832 1033//1033
f 1033//1033 832//832 830//830
f 1033//1033 1094//1094 1035//1035
f 1061//1061 1034//1034 1036//1036
f 833//833 1036//1036 831//831
f 831//831 1036//1036 1034//1034
f 1037//1037 834//834 1035//1035
f 1035//1035 834//834 832//832
f 1035//1035 1094//1094 1037//1037
f 1061//1061 1036//1036 1038//1038
f 835//835 1038//1038 833//833
f 833//833 1038//1038 1036//1036
f 1039//1039 836//836 1037//1037
f 1037//1037 836//836 834//834
f 1037//1037 1094//1094 1066//1066
f 1037//1037 1066//1066 1039//1039
f 1061//1061 1038//1038 1040//1040
f 837//837 1040//1040 835//835
f 835//835 1040//1040 1038//1038
f 1041//1041 838//838 1039//1039
f 1039//1039 838//838 836//836
f 1039//1039 1066//1066 1041//1041
f 1061//1061 1040//1040 1042//1042
f 839//839 1042//1042 837//837
f 837//837 1042//1042 1040//1040
f 1043//1043 840//840 1041//1041
f 1041//1041 840//840 838//838
f 1041//1041 1066//1066 1043//1043
f 1061//1061 1042//1042 1044//1044
f 841//841 1044//1044 839//839
f 839//839 1044//1044 1042//1042
f 1045//1045 842//842 1043//1043
f 1043//1043 842//842 840//840
f 1043//1043 1066//1066 1045//1045
f 1061//1061 1044//1044 1046//1046
f 843//843 1046//1046 841//841
f 841//841 1046//1046 1044//1044
f 1047//1047 844//844 1045//1045
f 1045//1045 844//844 842//842
f 1045//1045 1066//1066 1047//1047
f 1061//1061 1046//1046 1048//1048
f 1061//1061 1048//1048 1050//1050
f 636//636 1048//1048 843//843
f 843//843 1048//1048 1046//1046
f 1066//1066 845//845 1047//1047
f 1047//1047 845//845 844//844
f 1050//1050 1048//1048 636//636
f 1066//1066 846//846 845//845
f 1066//1066 847//847 846//846
f 1066//1066 848//848 847//847
f 1066//1066 849//849 848//848
f 1054//1054 849//849 1066//1066
f 1049//1049 638//638 1067//1067
f 1161//1161 1067//1067 1146//1146
f 617//617 1092//1092 618//618
f 605//605 586//586 1100//1100
f 1100//1100 1053//1053 583//583
f 1053//1053 590//590 583//583
f 590//590 1069//1069 52//52
f 852//852 1142//1142 1141//1141
f 853//853 1142//1142 852//852
f 1063//1063 850//850 1125//1125
f 1102//1102 906//906 1064//1064
f 1076//1076 597//597 912//912
f 1075//1075 916//916 627//627
f 1103//1103 1076//1076 928//928
f 1112//1112 978//978 1111//1111
f 982//982 1077//1077 1057//1057
f 1166//1166 1122//1122 978//978
f 1136//1136 584//584 1122//1122
f 1059//1059 983//983 984//984
f 1078//1078 781//781 584//584
f 1060//1060 1059//1059 998//998
f 1060//1060 1079//1079 1059//1059
f 1050//1050 1095//1095 1061//1061
f 1138//1138 1066//1066 1145//1145
f 1054//1054 1066//1066 1138//1138
f 640//640 585//585 1054//1054
f 612//612 1093//1093 625//625
f 606//606 1070//1070 565//565
f 1073//1073 851//851 1062//1062
f 630//630 597//597 1132//1132
f 1076//1076 1132//1132 597//597
f 1059//1059 1115//1115 983//983
f 1098//1098 1066//1066 1094//1094
f 1055//1055 1089//1089 1124//1124
f 1118//1118 1067//1067 1161//1161
f 622//622 1072//1072 586//586
f 1070//1070 1073//1073 1062//1062
f 1125//1125 850//850 851//851
f 911//911 630//630 1101//1101
f 906//906 1102//1102 1071//1071
f 1057//1057 1104//1104 1103//1103
f 978//978 1112//1112 1166//1166
f 1116//1116 1065//1065 1078//1078
f 1061//1061 1106//1106 1060//1060
f 1086//1086 1085//1085 1087//1087
f 1123//1123 1087//1087 582//582
f 1147//1147 1051//1051 1124//1124
f 617//617 621//621 1092//1092
f 1052//1052 1072//1072 622//622
f 52//52 1069//1069 1175//1175
f 1084//1084 851//851 1073//1073
f 1075//1075 627//627 1071//1071
f 1057//1057 1077//1077 1104//1104
f 1058//1058 1077//1077 982//982
f 1115//1115 1058//1058 983//983
f 1050//1050 1049//1049 1095//1095
f 1196//1196 1146//1146 1085//1085
f 1155//1155 1123//1123 639//639
f 1070//1070 1084//1084 1073//1073
f 1125//1125 851//851 1084//1084
f 1153//1153 1066//1066 1098//1098
f 1049//1049 1080//1080 1095//1095
f 1089//1089 1055//1055 640//640
f 1049//1049 1067//1067 1081//1081
f 1054//1054 1138//1138 1082//1082
f 1089//1089 640//640 1107//1107
f 1083//1083 640//640 1054//1054
f 1083//1083 1107//1107 640//640
f 1072//1072 1162//1162 586//586
f 1109//1109 1063//1063 1125//1125
f 1119//1119 1076//1076 1103//1103
f 1079//1079 1129//1129 1059//1059
f 1117//1117 1061//1061 1095//1095
f 1196//1196 1085//1085 1172//1172
f 1155//1155 639//639 1088//1088
f 1147//1147 1182//1182 1051//1051
f 1080//1080 1049//1049 1090//1090
f 1090//1090 1080//1080 1090//1090
f 1095//1095 1080//1080 1090//1090
f 1081//1081 1090//1090 1049//1049
f 1091//1091 1054//1054 1082//1082
f 1091//1091 1091//1091 1082//1082
f 1138//1138 1091//1091 1082//1082
f 1090//1090 1090//1090 1090//1090
f 1090//1090 1090//1090 1081//1081
f 1067//1067 1090//1090 1081//1081
f 1083//1083 1054//1054 1091//1091
f 1091//1091 1083//1083 1091//1091
f 1107//1107 1083//1083 1091//1091
f 1091//1091 1091//1091 1091//1091
f 1092//1092 1093//1093 612//612
f 1069//1069 1215//1215 1175//1175
f 1060//1060 1121//1121 1079//1079
f 1145//1145 1066//1066 1186//1186
f 1172//1172 1085//1085 1086//1086
f 1086//1086 1087//1087 1123//1123
f 1107//1107 1096//1096 1138//1138
f 1096//1096 1091//1091 1138//1138
f 1097//1097 1095//1095 1090//1090
f 1097//1097 1090//1090 1090//1090
f 1118//1118 1090//1090 1067//1067
f 1118//1118 1097//1097 1090//1090
f 1091//1091 1091//1091 1096//1096
f 1091//1091 1096//1096 1107//1107
f 625//625 1099//1099 1052//1052
f 853//853 1074//1074 1142//1142
f 1108//1108 1132//1132 1076//1076
f 1058//1058 1114//1114 1077//1077
f 1094//1094 1065//1065 1181//1181
f 1153//1153 1186//1186 1066//1066
f 1118//1118 1095//1095 1097//1097
f 1141//1141 1068//1068 852//852
f 1093//1093 1099//1099 625//625
f 52//52 1175//1175 596//596
f 1056//1056 1101//1101 1143//1143
f 911//911 1101//1101 1056//1056
f 1075//1075 1071//1071 1180//1180
f 1209//1209 1133//1133 1075//1075
f 1134//1134 1111//1111 1133//1133
f 1115//1115 1114//1114 1058//1058
f 1259//1259 1086//1086 1123//1123
f 1191//1191 1148//1148 1068//1068
f 1149//1149 621//621 1068//1068
f 606//606 1084//1084 1070//1070
f 1163//1163 1102//1102 1064//1064
f 1163//1163 1071//1071 1102//1102
f 1264//1264 1112//1112 1111//1111
f 1201//1201 1136//1136 1122//1122
f 1203//1203 1161//1161 1146//1146
f 1188//1188 1088//1088 1139//1139
f 1092//1092 1149//1149 1130//1130
f 621//621 1149//1149 1092//1092
f 1075//1075 1180//1180 1209//1209
f 1119//1119 1108//1108 1076//1076
f 1116//1116 1078//1078 1136//1136
f 1105//1105 1129//1129 1079//1079
f 1060//1060 1106//1106 1121//1121
f 1061//1061 1117//1117 1106//1106
f 1148//1148 1158//1158 1068//1068
f 606//606 1125//1125 1084//1084
f 630//630 1132//1132 1165//1165
f 1104//1104 1135//1135 1103//1103
f 1059//1059 1129//1129 1115//1115
f 1151//1151 1117//1117 1095//1095
f 1092//1092 1244//1244 1093//1093
f 586//586 1162//1162 1100//1100
f 1053//1053 1069//1069 590//590
f 1125//1125 606//606 1160//1160
f 1056//1056 1110//1110 1074//1074
f 1264//1264 1166//1166 1112//1112
f 1077//1077 1114//1114 1113//1113
f 1172//1172 1086//1086 1259//1259
f 1175//1175 606//606 596//596
f 1225//1225 1063//1063 1109//1109
f 1126//1126 1168//1168 1071//1071
f 1180//1180 1071//1071 1168//1168
f 1113//1113 1128//1128 1077//1077
f 1181//1181 1065//1065 1116//1116
f 1117//1117 1154//1154 1106//1106
f 1259//1259 1123//1123 1155//1155
f 1183//1183 1124//1124 1089//1089
f 1183//1183 1147//1147 1124//1124
f 1140//1140 1095//1095 1118//1118
f 1141//1141 1191//1191 1068//1068
f 1100//1100 1069//1069 1053//1053
f 1109//1109 1125//1125 1225//1225
f 1074//1074 1131//1131 1142//1142
f 1056//1056 1143//1143 1110//1110
f 1165//1165 1227//1227 630//630
f 1119//1119 1169//1169 1108//1108
f 1103//1103 1120//1120 1119//1119
f 1103//1103 1135//1135 1120//1120
f 1077//1077 1144//1144 1104//1104
f 1129//1129 1114//1114 1115//1115
f 1106//1106 1137//1137 1121//1121
f 1153//1153 1098//1098 1094//1094
f 1253//1253 1161//1161 1203//1203
f 1140//1140 1151//1151 1095//1095
f 1183//1183 1089//1089 1107//1107
f 1128//1128 1144//1144 1077//1077
f 1154//1154 1137//1137 1106//1106
f 1259//1259 1155//1155 1255//1255
f 1188//1188 1139//1139 1182//1182
f 1130//1130 1156//1156 1092//1092
f 1092//1092 1156//1156 1244//1244
f 1100//1100 1157//1157 1069//1069
f 1257//1257 1064//1064 1063//1063
f 1108//1108 1169//1169 1127//1127
f 1079//1079 1152//1152 1105//1105
f 1247//1247 1211//1211 1161//1161
f 1093//1093 1244//1244 1099//1099
f 1175//1175 1160//1160 606//606
f 1142//1142 1131//1131 1141//1141
f 1143//1143 1150//1150 1110//1110
f 1127//1127 1132//1132 1108//1108
f 1134//1134 1133//1133 1209//1209
f 1264//1264 1111//1111 1134//1134
f 1105//1105 1152//1152 1129//1129
f 1121//1121 1152//1152 1079//1079
f 1186//1186 1138//1138 1145//1145
f 1188//1188 1255//1255 1088//1088
f 1235//1235 1188//1188 1182//1182
f 1140//1140 1161//1161 1211//1211
f 1118//1118 1161//1161 1140//1140
f 1138//1138 1220//1220 1183//1183
f 1107//1107 1138//1138 1183//1183
f 1069//1069 1269//1269 1215//1215
f 1110//1110 1131//1131 1074//1074
f 1227//1227 1101//1101 630//630
f 1163//1163 1126//1126 1071//1071
f 1132//1132 1127//1127 1165//1165
f 1114//1114 1129//1129 1167//1167
f 1152//1152 1167//1167 1129//1129
f 1255//1255 1155//1155 1088//1088
f 1141//1141 1199//1199 1216//1216
f 1052//1052 1099//1099 1072//1072
f 1099//1099 1159//1159 1072//1072
f 1157//1157 1269//1269 1069//1069
f 1222//1222 1134//1134 1209//1209
f 1194//1194 1094//1094 1181//1181
f 1178//1178 1138//1138 1186//1186
f 1147//1147 1183//1183 1182//1182
f 1207//1207 1199//1199 1141//1141
f 1191//1191 1174//1174 1148//1148
f 1063//1063 1225//1225 1257//1257
f 1101//1101 1164//1164 1143//1143
f 1134//1134 1222//1222 1264//1264
f 1104//1104 1144//1144 1135//1135
f 1122//1122 1166//1166 1264//1264
f 1116//1116 1136//1136 1181//1181
f 1094//1094 1194//1194 1153//1153
f 1151//1151 1202//1202 1117//1117
f 1173//1173 1151//1151 1140//1140
f 1211//1211 1173//1173 1140//1140
f 1158//1158 1149//1149 1068//1068
f 1159//1159 1249//1249 1072//1072
f 1131//1131 1256//1256 1141//1141
f 1224//1224 1225//1225 1125//1125
f 1257//1257 1270//1270 1064//1064
f 1270//1270 1163//1163 1064//1064
f 1126//1126 1180//1180 1168//1168
f 1173//1173 1195//1195 1151//1151
f 1174//1174 1179//1179 1148//1148
f 1175//1175 1176//1176 1160//1160
f 1224//1224 1125//1125 1176//1176
f 1227//1227 1164//1164 1101//1101
f 1119//1119 1170//1170 1169//1169
f 1119//1119 1135//1135 1170//1170
f 1120//1120 1135//1135 1119//1119
f 1167//1167 1230//1230 1114//1114
f 1201//1201 1181//1181 1136//1136
f 1121//1121 1177//1177 1152//1152
f 1137//1137 1177//1177 1121//1121
f 1233//1233 1186//1186 1153//1153
f 1247//1247 1262//1262 1211//1211
f 1247//1247 1161//1161 1253//1253
f 1203//1203 1146//1146 1196//1196
f 1184//1184 1195//1195 1173//1173
f 1185//1185 1184//1184 1173//1173
f 1269//1269 1157//1157 1100//1100
f 1128//1128 1236//1236 1144//1144
f 1114//1114 1128//1128 1113//1113
f 1267//1267 1255//1255 1188//1188
f 1178//1178 1220//1220 1138//1138
f 1211//1211 1185//1185 1173//1173
f 1256//1256 1207//1207 1141//1141
f 1131//1131 1110//1110 1256//1256
f 1143//1143 1164//1164 1150//1150
f 1165//1165 1246//1246 1227//1227
f 1180//1180 1126//1126 1209//1209
f 1276//1276 1201//1201 1288//1288
f 1201//1201 1276//1276 1181//1181
f 1233//1233 1153//1153 1194//1194
f 1195//1195 1184//1184 1187//1187
f 1184//1184 1185//1185 1189//1189
f 1190//1190 1220//1220 1178//1178
f 1216//1216 1191//1191 1141//1141
f 1148//1148 1192//1192 1158//1158
f 1244//1244 1193//1193 1099//1099
f 1125//1125 1160//1160 1176//1176
f 1312//1312 1264//1264 1222//1222
f 1277//1277 1233//1233 1194//1194
f 1272//1272 1178//1178 1186//1186
f 1203//1203 1196//1196 1172//1172
f 1235//1235 1182//1182 1183//1183
f 1187//1187 1184//1184 1197//1197
f 1197//1197 1187//1187 1197//1197
f 1195//1195 1187//1187 1197//1197
f 1189//1189 1197//1197 1184//1184
f 1198//1198 1198//1198 1190//1190
f 1190//1190 1198//1198 1220//1220
f 1190//1190 1178//1178 1198//1198
f 1197//1197 1197//1197 1197//1197
f 1197//1197 1197//1197 1189//1189
f 1185//1185 1197//1197 1189//1189
f 1199//1199 1221//1221 1216//1216
f 1158//1158 1192//1192 1149//1149
f 1149//1149 1293//1293 1130//1130
f 1162//1162 1269//1269 1100//1100
f 1127//1127 1208//1208 1165//1165
f 1201//1201 1122//1122 1264//1264
f 1197//1197 1197//1197 1204//1204
f 1195//1195 1197//1197 1204//1204
f 1197//1197 1260//1260 1204//1204
f 1178//1178 1205//1205 1198//1198
f 1198//1198 1205//1205 1198//1198
f 1197//1197 1197//1197 1197//1197
f 1206//1206 1260//1260 1197//1197
f 1197//1197 1206//1206 1197//1197
f 1185//1185 1206//1206 1197//1197
f 1220//1220 1198//1198 1205//1205
f 1220//1220 1205//1205 1272//1272
f 1130//1130 1244//1244 1156//1156
f 1215//1215 1200//1200 1175//1175
f 1202//1202 1154//1154 1117//1117
f 1151//1151 1195//1195 1202//1202
f 1254//1254 1172//1172 1259//1259
f 1212//1212 1195//1195 1204//1204
f 1204//1204 1260//1260 1212//1212
f 1178//1178 1272//1272 1205//1205
f 1185//1185 1260//1260 1206//1206
f 1207//1207 1213//1213 1199//1199
f 1293//1293 1243//1243 1130//1130
f 1243//1243 1244//1244 1130//1130
f 1193//1193 1223//1223 1099//1099
f 1072//1072 1214//1214 1162//1162
f 1162//1162 1214//1214 1269//1269
f 1165//1165 1208//1208 1246//1246
f 1127//1127 1246//1246 1208//1208
f 1169//1169 1210//1210 1127//1127
f 1240//1240 1201//1201 1264//1264
f 1114//1114 1229//1229 1128//1128
f 1240//1240 1288//1288 1201//1201
f 1152//1152 1217//1217 1167//1167
f 1276//1276 1194//1194 1181//1181
f 1177//1177 1218//1218 1152//1152
f 1137//1137 1232//1232 1177//1177
f 1171//1171 1232//1232 1137//1137
f 1242//1242 1186//1186 1233//1233
f 1265//1265 1172//1172 1254//1254
f 1267//1267 1188//1188 1235//1235
f 1220//1220 1235//1235 1183//1183
f 1237//1237 1213//1213 1207//1207
f 1244//1244 1223//1223 1193//1193
f 1127//1127 1251//1251 1246//1246
f 1284//1284 1209//1209 1126//1126
f 1210//1210 1251//1251 1127//1127
f 1262//1262 1185//1185 1211//1211
f 1191//1191 1179//1179 1174//1174
f 1195//1195 1212//1212 1202//1202
f 1266//1266 1203//1203 1172//1172
f 1265//1265 1266//1266 1172//1172
f 1306//1306 1259//1259 1219//1219
f 1219//1219 1259//1259 1255//1255
f 1306//1306 1219//1219 1255//1255
f 1273//1273 1235//1235 1220//1220
f 1273//1273 1220//1220 1272//1272
f 1148//1148 1234//1234 1192//1192
f 1325//1325 1126//1126 1163//1163
f 1284//1284 1328//1328 1209//1209
f 1240//1240 1264//1264 1313//1313
f 1128//1128 1229//1229 1236//1236
f 1217//1217 1230//1230 1167//1167
f 1218//1218 1231//1231 1152//1152
f 1137//1137 1252//1252 1171//1171
f 1154//1154 1252//1252 1137//1137
f 1272//1272 1186//1186 1242//1242
f 1191//1191 1216//1216 1179//1179
f 1099//1099 1249//1249 1159//1159
f 1175//1175 1200//1200 1176//1176
f 1282//1282 1224//1224 1176//1176
f 1257//1257 1225//1225 1224//1224
f 1320//1320 1283//1283 1257//1257
f 1246//1246 1228//1228 1227//1227
f 1328//1328 1222//1222 1209//1209
f 1276//1276 1277//1277 1194//1194
f 1278//1278 1262//1262 1247//1247
f 1199//1199 1213//1213 1221//1221
f 1192//1192 1234//1234 1149//1149
f 1099//1099 1223//1223 1245//1245
f 1257//1257 1224//1224 1282//1282
f 1110//1110 1150//1150 1303//1303
f 1266//1266 1253//1253 1203//1203
f 1306//1306 1254//1254 1259//1259
f 1179//1179 1238//1238 1148//1148
f 1149//1149 1234//1234 1293//1293
f 1282//1282 1176//1176 1200//1200
f 1320//1320 1257//1257 1282//1282
f 1164//1164 1227//1227 1226//1226
f 1227//1227 1228//1228 1275//1275
f 1170//1170 1210//1210 1169//1169
f 1135//1135 1239//1239 1170//1170
f 1232//1232 1171//1171 1177//1177
f 1202//1202 1252//1252 1154//1154
f 1322//1322 1247//1247 1253//1253
f 1476//1476 1284//1284 1126//1126
f 1114//1114 1230//1230 1229//1229
f 1316//1316 1277//1277 1276//1276
f 1273//1273 1267//1267 1235//1235
f 1260//1260 1287//1287 1212//1212
f 1245//1245 1268//1268 1099//1099
f 1072//1072 1249//1249 1214//1214
f 1207//1207 1256//1256 1237//1237
f 1150//1150 1164//1164 1303//1303
f 1226//1226 1250//1250 1164//1164
f 1227//1227 1275//1275 1226//1226
f 1476//1476 1126//1126 1325//1325
f 1261//1261 1251//1251 1210//1210
f 1135//1135 1329//1329 1239//1239
f 1144//1144 1329//1329 1135//1135
f 1144//1144 1314//1314 1329//1329
f 1236//1236 1314//1314 1144//1144
f 1230//1230 1258//1258 1229//1229
f 1152//1152 1231//1231 1217//1217
f 1252//1252 1241//1241 1171//1171
f 1287//1287 1308//1308 1212//1212
f 1338//1338 1285//1285 1185//1185
f 1285//1285 1260//1260 1185//1185
f 1272//1272 1286//1286 1273//1273
f 1110//1110 1303//1303 1256//1256
f 1283//1283 1270//1270 1257//1257
f 1325//1325 1163//1163 1270//1270
f 1170//1170 1239//1239 1210//1210
f 1330//1330 1312//1312 1222//1222
f 1634//1634 1278//1278 1247//1247
f 1265//1265 1254//1254 1306//1306
f 1269//1269 1200//1200 1215//1215
f 1164//1164 1250//1250 1303//1303
f 1330//1330 1222//1222 1304//1304
f 1313//1313 1331//1331 1240//1240
f 1315//1315 1258//1258 1230//1230
f 1271//1271 1276//1276 1288//1288
f 1307//1307 1233//1233 1277//1277
f 1681//1681 1338//1338 1185//1185
f 1244//1244 1280//1280 1223//1223
f 1256//1256 1248//1248 1237//1237
f 1304//1304 1222//1222 1328//1328
f 1267//1267 1319//1319 1255//1255
f 1099//1099 1268//1268 1249//1249
f 1249//1249 1268//1268 1214//1214
f 1303//1303 1263//1263 1256//1256
f 1313//1313 1264//1264 1312//1312
f 1177//1177 1241//1241 1218//1218
f 1171//1171 1241//1241 1177//1177
f 1307//1307 1272//1272 1242//1242
f 1202//1202 1289//1289 1252//1252
f 1212//1212 1308//1308 1289//1289
f 1319//1319 1306//1306 1255//1255
f 1287//1287 1260//1260 1285//1285
f 1237//1237 1279//1279 1213//1213
f 1309//1309 1274//1274 1179//1179
f 1243//1243 1310//1310 1244//1244
f 1200//1200 1269//1269 1282//1282
f 1324//1324 1270//1270 1283//1283
f 1271//1271 1288//1288 1240//1240
f 1217//1217 1315//1315 1230//1230
f 1634//1634 1262//1262 1278//1278
f 1266//1266 1265//1265 1291//1291
f 1248//1248 1341//1341 1237//1237
f 1216//1216 1281//1281 1179//1179
f 1148//1148 1238//1238 1234//1234
f 1214//1214 1282//1282 1269//1269
f 1650//1650 1248//1248 1256//1256
f 1256//1256 1263//1263 1650//1650
f 1271//1271 1240//1240 1331//1331
f 1321//1321 1276//1276 1333//1333
f 1307//1307 1242//1242 1233//1233
f 1212//1212 1289//1289 1202//1202
f 1667//1667 1185//1185 1262//1262
f 1642//1642 1265//1265 1306//1306
f 1281//1281 1309//1309 1179//1179
f 1280//1280 1302//1302 1223//1223
f 1325//1325 1270//1270 1324//1324
f 1229//1229 1314//1314 1236//1236
f 1258//1258 1332//1332 1229//1229
f 1271//1271 1333//1333 1276//1276
f 1316//1316 1276//1276 1321//1321
f 1307//1307 1277//1277 1316//1316
f 1336//1336 1272//1272 1307//1307
f 1632//1632 1286//1286 1272//1272
f 1667//1667 1262//1262 1634//1634
f 1273//1273 1319//1319 1267//1267
f 1266//1266 1291//1291 1297//1297
f 1319//1319 1273//1273 1286//1286
f 1341//1341 1279//1279 1237//1237
f 1274//1274 1238//1238 1179//1179
f 1349//1349 1282//1282 1637//1637
f 1261//1261 1210//1210 1239//1239
f 1218//1218 1217//1217 1231//1231
f 1289//1289 1241//1241 1252//1252
f 1253//1253 1266//1266 1297//1297
f 1292//1292 1319//1319 1286//1286
f 1213//1213 1279//1279 1221//1221
f 1302//1302 1245//1245 1223//1223
f 1217//1217 1305//1305 1315//1315
f 1336//1336 1632//1632 1272//1272
f 1339//1339 1681//1681 1185//1185
f 1642//1642 1654//1654 1265//1265
f 1287//1287 1290//1290 1308//1308
f 1290//1290 1294//1294 1308//1308
f 1294//1294 1294//1294 1290//1290
f 1294//1294 1290//1290 1287//1287
f 1265//1265 1322//1322 1291//1291
f 1295//1295 1319//1319 1292//1292
f 1292//1292 1286//1286 1295//1295
f 1292//1292 1295//1295 1295//1295
f 1214//1214 1637//1637 1282//1282
f 1320//1320 1282//1282 1349//1349
f 1261//1261 1296//1296 1251//1251
f 1634//1634 1247//1247 1322//1322
f 1297//1297 1322//1322 1253//1253
f 1340//1340 1642//1642 1306//1306
f 1337//1337 1298//1298 1286//1286
f 1294//1294 1294//1294 1299//1299
f 1308//1308 1294//1294 1299//1299
f 1294//1294 1323//1323 1299//1299
f 1337//1337 1300//1300 1295//1295
f 1298//1298 1337//1337 1295//1295
f 1295//1295 1298//1298 1295//1295
f 1286//1286 1298//1298 1295//1295
f 1294//1294 1294//1294 1294//1294
f 1301//1301 1323//1323 1294//1294
f 1294//1294 1301//1301 1294//1294
f 1287//1287 1301//1301 1294//1294
f 1295//1295 1295//1295 1300//1300
f 1319//1319 1295//1295 1300//1300
f 1295//1295 1295//1295 1295//1295
f 1243//1243 1293//1293 1310//1310
f 1251//1251 1296//1296 1246//1246
f 1229//1229 1332//1332 1314//1314
f 1297//1297 1291//1291 1322//1322
f 1323//1323 1308//1308 1299//1299
f 1323//1323 1301//1301 1287//1287
f 1319//1319 1300//1300 1337//1337
f 1216//1216 1309//1309 1281//1281
f 1325//1325 1326//1326 1476//1476
f 1314//1314 1647//1647 1329//1329
f 1666//1666 1317//1317 1241//1241
f 1633//1633 1286//1286 1632//1632
f 1633//1633 1337//1337 1286//1286
f 1339//1339 1185//1185 1667//1667
f 1340//1340 1319//1319 1337//1337
f 1279//1279 1649//1649 1221//1221
f 1268//1268 1637//1637 1214//1214
f 1329//1329 1311//1311 1239//1239
f 1558//1558 1333//1333 1271//1271
f 1666//1666 1241//1241 1318//1318
f 1335//1335 1241//1241 1289//1289
f 1323//1323 1289//1289 1308//1308
f 1737//1737 1634//1634 1322//1322
f 1319//1319 1340//1340 1306//1306
f 1322//1322 1265//1265 1654//1654
f 1340//1340 1337//1337 1687//1687
f 1310//1310 1280//1280 1244//1244
f 1239//1239 1674//1674 1261//1261
f 1330//1330 1313//1313 1312//1312
f 1660//1660 1696//1696 1258//1258
f 1641//1641 1640//1640 1217//1217
f 1218//1218 1641//1641 1217//1217
f 1238//1238 1643//1643 1234//1234
f 1659//1659 1284//1284 1476//1476
f 1328//1328 1330//1330 1304//1304
f 1311//1311 1690//1690 1239//1239
f 1332//1332 1258//1258 1696//1696
f 1317//1317 1676//1676 1241//1241
f 1218//1218 1241//1241 1676//1676
f 1662//1662 1285//1285 1338//1338
f 1650//1650 1635//1635 1248//1248
f 1221//1221 1684//1684 1216//1216
f 1274//1274 1643//1643 1238//1238
f 1637//1637 1342//1342 1349//1349
f 1303//1303 1344//1344 1343//1343
f 1303//1303 1343//1343 1263//1263
f 1346//1346 1343//1343 1344//1344
f 1303//1303 1345//1345 1344//1344
f 1346//1346 1344//1344 1345//1345
f 1349//1349 1342//1342 1350//1350
f 1303//1303 1347//1347 1345//1345
f 1346//1346 1345//1345 1348//1348
f 1348//1348 1345//1345 1347//1347
f 1303//1303 1351//1351 1347//1347
f 1348//1348 1347//1347 1352//1352
f 1352//1352 1347//1347 1351//1351
f 1349//1349 1350//1350 1320//1320
f 1320//1320 1350//1350 1353//1353
f 1303//1303 1354//1354 1351//1351
f 1352//1352 1351//1351 1355//1355
f 1355//1355 1351//1351 1354//1354
f 1320//1320 1353//1353 1356//1356
f 1356//1356 1353//1353 1357//1357
f 1303//1303 1358//1358 1354//1354
f 1355//1355 1354//1354 1359//1359
f 1359//1359 1354//1354 1358//1358
f 1356//1356 1357//1357 1360//1360
f 1360//1360 1357//1357 1361//1361
f 1360//1360 1320//1320 1356//1356
f 1250//1250 1362//1362 1358//1358
f 1250//1250 1358//1358 1303//1303
f 1359//1359 1358//1358 1363//1363
f 1363//1363 1358//1358 1362//1362
f 1360//1360 1361//1361 1364//1364
f 1364//1364 1361//1361 1365//1365
f 1364//1364 1320//1320 1360//1360
f 1250//1250 1366//1366 1362//1362
f 1363//1363 1362//1362 1367//1367
f 1367//1367 1362//1362 1366//1366
f 1364//1364 1365//1365 1368//1368
f 1368//1368 1365//1365 1369//1369
f 1368//1368 1320//1320 1364//1364
f 1250//1250 1370//1370 1366//1366
f 1367//1367 1366//1366 1371//1371
f 1371//1371 1366//1366 1370//1370
f 1368//1368 1369//1369 1372//1372
f 1372//1372 1369//1369 1373//1373
f 1372//1372 1320//1320 1368//1368
f 1250//1250 1374//1374 1370//1370
f 1371//1371 1370//1370 1375//1375
f 1375//1375 1370//1370 1374//1374
f 1372//1372 1373//1373 1376//1376
f 1376//1376 1373//1373 1377//1377
f 1376//1376 1283//1283 1320//1320
f 1376//1376 1320//1320 1372//1372
f 1250//1250 1378//1378 1374//1374
f 1375//1375 1374//1374 1379//1379
f 1379//1379 1374//1374 1378//1378
f 1376//1376 1377//1377 1380//1380
f 1380//1380 1377//1377 1381//1381
f 1380//1380 1283//1283 1376//1376
f 1250//1250 1382//1382 1378//1378
f 1379//1379 1378//1378 1383//1383
f 1383//1383 1378//1378 1382//1382
f 1380//1380 1381//1381 1384//1384
f 1384//1384 1381//1381 1385//1385
f 1384//1384 1283//1283 1380//1380
f 1226//1226 1386//1386 1382//1382
f 1226//1226 1382//1382 1250//1250
f 1383//1383 1382//1382 1387//1387
f 1387//1387 1382//1382 1386//1386
f 1384//1384 1385//1385 1388//1388
f 1388//1388 1385//1385 1389//1389
f 1388//1388 1324//1324 1283//1283
f 1388//1388 1283//1283 1384//1384
f 1226//1226 1390//1390 1386//1386
f 1387//1387 1386//1386 1391//1391
f 1391//1391 1386//1386 1390//1390
f 1388//1388 1389//1389 1392//1392
f 1392//1392 1389//1389 1393//1393
f 1392//1392 1324//1324 1388//1388
f 1226//1226 1394//1394 1390//1390
f 1391//1391 1390//1390 1395//1395
f 1395//1395 1390//1390 1394//1394
f 1392//1392 1393//1393 1396//1396
f 1396//1396 1393//1393 1397//1397
f 1396//1396 1324//1324 1392//1392
f 1226//1226 1398//1398 1394//1394
f 1395//1395 1394//1394 1399//1399
f 1399//1399 1394//1394 1398//1398
f 1396//1396 1397//1397 1400//1400
f 1400//1400 1397//1397 1401//1401
f 1400//1400 1324//1324 1396//1396
f 1226//1226 1402//1402 1398//1398
f 1399//1399 1398//1398 1403//1403
f 1403//1403 1398//1398 1402//1402
f 1400//1400 1401//1401 1404//1404
f 1404//1404 1401//1401 1405//1405
f 1404//1404 1324//1324 1400//1400
f 1226//1226 1406//1406 1402//1402
f 1403//1403 1402//1402 1407//1407
f 1407//1407 1402//1402 1406//1406
f 1404//1404 1405//1405 1408//1408
f 1408//1408 1405//1405 1409//1409
f 1408//1408 1324//1324 1404//1404
f 1275//1275 1410//1410 1406//1406
f 1275//1275 1406//1406 1226//1226
f 1407//1407 1406//1406 1411//1411
f 1411//1411 1406//1406 1410//1410
f 1408//1408 1409//1409 1412//1412
f 1412//1412 1409//1409 1413//1413
f 1412//1412 1324//1324 1408//1408
f 1275//1275 1414//1414 1410//1410
f 1411//1411 1410//1410 1415//1415
f 1415//1415 1410//1410 1414//1414
f 1412//1412 1413//1413 1416//1416
f 1416//1416 1413//1413 1417//1417
f 1416//1416 1324//1324 1412//1412
f 1275//1275 1418//1418 1414//1414
f 1415//1415 1414//1414 1419//1419
f 1419//1419 1414//1414 1418//1418
f 1416//1416 1417//1417 1420//1420
f 1420//1420 1417//1417 1421//1421
f 1420//1420 1324//1324 1416//1416
f 1275//1275 1422//1422 1418//1418
f 1419//1419 1418//1418 1423//1423
f 1423//1423 1418//1418 1422//1422
f 1420//1420 1421//1421 1424//1424
f 1424//1424 1421//1421 1425//1425
f 1424//1424 1324//1324 1420//1420
f 1275//1275 1426//1426 1422//1422
f 1423//1423 1422//1422 1427//1427
f 1427//1427 1422//1422 1426//1426
f 1424//1424 1425//1425 1428//1428
f 1428//1428 1425//1425 1429//1429
f 1428//1428 1324//1324 1424//1424
f 1275//1275 1430//1430 1426//1426
f 1427//1427 1426//1426 1431//1431
f 1431//1431 1426//1426 1430//1430
f 1428//1428 1429//1429 1432//1432
f 1432//1432 1429//1429 1433//1433
f 1432//1432 1324//1324 1428//1428
f 1275//1275 1434//1434 1430//1430
f 1431//1431 1430//1430 1435//1435
f 1435//1435 1430//1430 1434//1434
f 1432//1432 1433//1433 1436//1436
f 1436//1436 1433//1433 1437//1437
f 1436//1436 1324//1324 1432//1432
f 1275//1275 1438//1438 1434//1434
f 1435//1435 1434//1434 1439//1439
f 1439//1439 1434//1434 1438//1438
f 1436//1436 1437//1437 1440//1440
f 1440//1440 1437//1437 1441//1441
f 1440//1440 1324//1324 1436//1436
f 1275//1275 1442//1442 1438//1438
f 1439//1439 1438//1438 1443//1443
f 1443//1443 1438//1438 1442//1442
f 1440//1440 1441//1441 1444//1444
f 1444//1444 1441//1441 1445//1445
f 1444//1444 1324//1324 1440//1440
f 1228//1228 1446//1446 1442//1442
f 1228//1228 1442//1442 1275//1275
f 1443//1443 1442//1442 1447//1447
f 1447//1447 1442//1442 1446//1446
f 1444//1444 1445//1445 1448//1448
f 1448//1448 1445//1445 1449//1449
f 1448//1448 1325//1325 1324//1324
f 1448//1448 1324//1324 1444//1444
f 1228//1228 1450//1450 1446//1446
f 1447//1447 1446//1446 1451//1451
f 1451//1451 1446//1446 1450//1450
f 1448//1448 1449//1449 1452//1452
f 1452//1452 1449//1449 1453//1453
f 1452//1452 1325//1325 1448//1448
f 1228//1228 1454//1454 1450//1450
f 1451//1451 1450//1450 1455//1455
f 1455//1455 1450//1450 1454//1454
f 1452//1452 1453//1453 1456//1456
f 1456//1456 1453//1453 1457//1457
f 1456//1456 1325//1325 1452//1452
f 1228//1228 1458//1458 1454//1454
f 1455//1455 1454//1454 1459//1459
f 1459//1459 1454//1454 1458//1458
f 1456//1456 1457//1457 1460//1460
f 1460//1460 1457//1457 1461//1461
f 1460//1460 1325//1325 1456//1456
f 1228//1228 1462//1462 1458//1458
f 1459//1459 1458//1458 1463//1463
f 1463//1463 1458//1458 1462//1462
f 1460//1460 1461//1461 1464//1464
f 1464//1464 1461//1461 1465//1465
f 1464//1464 1325//1325 1460//1460
f 1228//1228 1466//1466 1462//1462
f 1463//1463 1462//1462 1467//1467
f 1467//1467 1462//1462 1466//1466
f 1464//1464 1465//1465 1468//1468
f 1468//1468 1465//1465 1677//1677
f 1468//1468 1325//1325 1464//1464
f 1228//1228 1469//1469 1466//1466
f 1467//1467 1466//1466 1470//1470
f 1470//1470 1466//1466 1469//1469
f 1468//1468 1677//1677 1471//1471
f 1471//1471 1677//1677 1472//1472
f 1471//1471 1326//1326 1325//1325
f 1471//1471 1325//1325 1468//1468
f 1228//1228 1473//1473 1469//1469
f 1470//1470 1469//1469 1474//1474
f 1474//1474 1469//1469 1473//1473
f 1472//1472 1326//1326 1471//1471
f 1474//1474 1473//1473 1475//1475
f 1475//1475 1473//1473 1228//1228
f 1476//1476 1326//1326 1472//1472
f 1475//1475 1228//1228 1296//1296
f 1246//1246 1296//1296 1228//1228
f 1659//1659 1476//1476 1472//1472
f 1284//1284 1659//1659 1328//1328
f 1713//1713 1296//1296 1261//1261
f 1479//1479 1478//1478 1477//1477
f 1328//1328 1327//1327 1477//1477
f 1327//1327 1479//1479 1477//1477
f 1327//1327 1659//1659 1479//1479
f 1327//1327 1328//1328 1659//1659
f 1477//1477 1478//1478 1480//1480
f 1480//1480 1478//1478 1481//1481
f 1480//1480 1328//1328 1477//1477
f 1480//1480 1481//1481 1482//1482
f 1482//1482 1481//1481 1483//1483
f 1482//1482 1328//1328 1480//1480
f 1482//1482 1483//1483 1484//1484
f 1484//1484 1483//1483 1485//1485
f 1484//1484 1330//1330 1328//1328
f 1484//1484 1328//1328 1482//1482
f 1484//1484 1485//1485 1486//1486
f 1486//1486 1485//1485 1487//1487
f 1486//1486 1330//1330 1484//1484
f 1486//1486 1487//1487 1488//1488
f 1488//1488 1487//1487 1489//1489
f 1488//1488 1330//1330 1486//1486
f 1488//1488 1489//1489 1490//1490
f 1490//1490 1489//1489 1491//1491
f 1490//1490 1330//1330 1488//1488
f 1490//1490 1491//1491 1492//1492
f 1492//1492 1491//1491 1493//1493
f 1492//1492 1330//1330 1490//1490
f 1492//1492 1493//1493 1494//1494
f 1494//1494 1493//1493 1495//1495
f 1494//1494 1330//1330 1492//1492
f 1494//1494 1495//1495 1496//1496
f 1496//1496 1495//1495 1497//1497
f 1496//1496 1330//1330 1494//1494
f 1496//1496 1497//1497 1498//1498
f 1498//1498 1497//1497 1499//1499
f 1498//1498 1330//1330 1496//1496
f 1498//1498 1499//1499 1500//1500
f 1500//1500 1499//1499 1501//1501
f 1500//1500 1330//1330 1498//1498
f 1500//1500 1501//1501 1502//1502
f 1502//1502 1501//1501 1503//1503
f 1502//1502 1330//1330 1500//1500
f 1502//1502 1503//1503 1504//1504
f 1504//1504 1503//1503 1505//1505
f 1504//1504 1330//1330 1502//1502
f 1504//1504 1505//1505 1506//1506
f 1506//1506 1505//1505 1507//1507
f 1506//1506 1330//1330 1504//1504
f 1506//1506 1507//1507 1508//1508
f 1508//1508 1507//1507 1509//1509
f 1508//1508 1330//1330 1506//1506
f 1508//1508 1509//1509 1510//1510
f 1510//1510 1509//1509 1511//1511
f 1510//1510 1330//1330 1508//1508
f 1510//1510 1511//1511 1512//1512
f 1512//1512 1511//1511 1513//1513
f 1512//1512 1313//1313 1330//1330
f 1512//1512 1330//1330 1510//1510
f 1512//1512 1513//1513 1514//1514
f 1514//1514 1513//1513 1515//1515
f 1514//1514 1313//1313 1512//1512
f 1514//1514 1515//1515 1516//1516
f 1516//1516 1515//1515 1517//1517
f 1516//1516 1313//1313 1514//1514
f 1516//1516 1517//1517 1518//1518
f 1518//1518 1517//1517 1519//1519
f 1518//1518 1313//1313 1516//1516
f 1518//1518 1519//1519 1520//1520
f 1520//1520 1519//1519 1521//1521
f 1520//1520 1313//1313 1518//1518
f 1520//1520 1521//1521 1522//1522
f 1522//1522 1521//1521 1523//1523
f 1522//1522 1313//1313 1520//1520
f 1522//1522 1523//1523 1524//1524
f 1524//1524 1523//1523 1525//1525
f 1524//1524 1313//1313 1522//1522
f 1524//1524 1525//1525 1526//1526
f 1526//1526 1525//1525 1527//1527
f 1526//1526 1313//1313 1524//1524
f 1526//1526 1527//1527 1528//1528
f 1528//1528 1527//1527 1529//1529
f 1528//1528 1313//1313 1526//1526
f 1528//1528 1529//1529 1530//1530
f 1530//1530 1529//1529 1531//1531
f 1530//1530 1313//1313 1528//1528
f 1530//1530 1531//1531 1532//1532
f 1532//1532 1531//1531 1533//1533
f 1532//1532 1313//1313 1530//1530
f 1532//1532 1533//1533 1534//1534
f 1534//1534 1533//1533 1535//1535
f 1534//1534 1313//1313 1532//1532
f 1534//1534 1535//1535 1536//1536
f 1536//1536 1535//1535 1537//1537
f 1536//1536 1331//1331 1313//1313
f 1536//1536 1313//1313 1534//1534
f 1536//1536 1537//1537 1538//1538
f 1538//1538 1537//1537 1539//1539
f 1538//1538 1331//1331 1536//1536
f 1538//1538 1539//1539 1540//1540
f 1540//1540 1539//1539 1541//1541
f 1540//1540 1331//1331 1538//1538
f 1540//1540 1541//1541 1542//1542
f 1542//1542 1541//1541 1543//1543
f 1542//1542 1331//1331 1540//1540
f 1542//1542 1543//1543 1544//1544
f 1544//1544 1543//1543 1545//1545
f 1544//1544 1331//1331 1542//1542
f 1544//1544 1545//1545 1546//1546
f 1546//1546 1545//1545 1547//1547
f 1546//1546 1331//1331 1544//1544
f 1546//1546 1547//1547 1548//1548
f 1548//1548 1547//1547 1549//1549
f 1548//1548 1331//1331 1546//1546
f 1548//1548 1549//1549 1550//1550
f 1550//1550 1549//1549 1551//1551
f 1550//1550 1331//1331 1548//1548
f 1550//1550 1551//1551 1552//1552
f 1552//1552 1551//1551 1553//1553
f 1552//1552 1271//1271 1331//1331
f 1552//1552 1331//1331 1550//1550
f 1552//1552 1553//1553 1554//1554
f 1554//1554 1553//1553 1555//1555
f 1554//1554 1271//1271 1552//1552
f 1554//1554 1555//1555 1556//1556
f 1556//1556 1555//1555 1557//1557
f 1556//1556 1271//1271 1554//1554
f 1557//1557 1271//1271 1556//1556
f 1558//1558 1271//1271 1557//1557
f 1315//1315 1653//1653 1258//1258
f 1305//1305 1653//1653 1315//1315
f 1561//1561 1560//1560 1559//1559
f 1321//1321 1334//1334 1559//1559
f 1334//1334 1561//1561 1559//1559
f 1334//1334 1333//1333 1561//1561
f 1334//1334 1321//1321 1333//1333
f 1559//1559 1560//1560 1562//1562
f 1562//1562 1560//1560 1563//1563
f 1562//1562 1321//1321 1559//1559
f 1562//1562 1563//1563 1564//1564
f 1564//1564 1563//1563 1565//1565
f 1564//1564 1321//1321 1562//1562
f 1564//1564 1565//1565 1566//1566
f 1566//1566 1565//1565 1567//1567
f 1566//1566 1321//1321 1564//1564
f 1566//1566 1567//1567 1568//1568
f 1568//1568 1567//1567 1569//1569
f 1568//1568 1321//1321 1566//1566
f 1217//1217 1640//1640 1305//1305
f 1568//1568 1569//1569 1570//1570
f 1570//1570 1569//1569 1571//1571
f 1570//1570 1321//1321 1568//1568
f 1570//1570 1571//1571 1572//1572
f 1572//1572 1571//1571 1573//1573
f 1572//1572 1321//1321 1570//1570
f 1572//1572 1573//1573 1574//1574
f 1574//1574 1573//1573 1575//1575
f 1574//1574 1321//1321 1572//1572
f 1574//1574 1575//1575 1576//1576
f 1576//1576 1575//1575 1577//1577
f 1576//1576 1316//1316 1321//1321
f 1576//1576 1321//1321 1574//1574
f 1576//1576 1577//1577 1578//1578
f 1578//1578 1577//1577 1579//1579
f 1578//1578 1316//1316 1576//1576
f 1578//1578 1579//1579 1580//1580
f 1580//1580 1579//1579 1581//1581
f 1580//1580 1316//1316 1578//1578
f 1218//1218 1699//1699 1641//1641
f 1580//1580 1581//1581 1582//1582
f 1582//1582 1581//1581 1583//1583
f 1582//1582 1316//1316 1580//1580
f 1582//1582 1583//1583 1584//1584
f 1584//1584 1583//1583 1585//1585
f 1584//1584 1316//1316 1582//1582
f 1584//1584 1585//1585 1586//1586
f 1586//1586 1585//1585 1587//1587
f 1586//1586 1316//1316 1584//1584
f 1586//1586 1587//1587 1588//1588
f 1588//1588 1587//1587 1589//1589
f 1588//1588 1316//1316 1586//1586
f 1588//1588 1589//1589 1590//1590
f 1590//1590 1589//1589 1591//1591
f 1590//1590 1316//1316 1588//1588
f 1590//1590 1591//1591 1592//1592
f 1592//1592 1591//1591 1593//1593
f 1592//1592 1316//1316 1590//1590
f 1592//1592 1593//1593 1594//1594
f 1594//1594 1593//1593 1595//1595
f 1594//1594 1307//1307 1316//1316
f 1594//1594 1316//1316 1592//1592
f 1594//1594 1595//1595 1596//1596
f 1596//1596 1595//1595 1597//1597
f 1596//1596 1307//1307 1594//1594
f 1596//1596 1597//1597 1598//1598
f 1598//1598 1597//1597 1599//1599
f 1598//1598 1307//1307 1596//1596
f 1598//1598 1599//1599 1600//1600
f 1600//1600 1599//1599 1601//1601
f 1600//1600 1307//1307 1598//1598
f 1600//1600 1601//1601 1602//1602
f 1602//1602 1601//1601 1603//1603
f 1602//1602 1307//1307 1600//1600
f 1602//1602 1603//1603 1604//1604
f 1604//1604 1603//1603 1605//1605
f 1604//1604 1307//1307 1602//1602
f 1604//1604 1605//1605 1606//1606
f 1606//1606 1605//1605 1607//1607
f 1606//1606 1307//1307 1604//1604
f 1606//1606 1607//1607 1608//1608
f 1608//1608 1607//1607 1609//1609
f 1608//1608 1307//1307 1606//1606
f 1608//1608 1609//1609 1610//1610
f 1610//1610 1609//1609 1611//1611
f 1610//1610 1307//1307 1608//1608
f 1610//1610 1611//1611 1612//1612
f 1612//1612 1611//1611 1613//1613
f 1612//1612 1307//1307 1610//1610
f 1612//1612 1613//1613 1614//1614
f 1614//1614 1613//1613 1615//1615
f 1614//1614 1307//1307 1612//1612
f 1614//1614 1615//1615 1616//1616
f 1616//1616 1615//1615 1617//1617
f 1616//1616 1307//1307 1614//1614
f 1318//1318 1241//1241 1335//1335
f 1616//1616 1617//1617 1618//1618
f 1618//1618 1617//1617 1619//1619
f 1618//1618 1336//1336 1307//1307
f 1618//1618 1307//1307 1616//1616
f 1618//1618 1619//1619 1620//1620
f 1620//1620 1619//1619 1621//1621
f 1620//1620 1336//1336 1618//1618
f 1620//1620 1621//1621 1622//1622
f 1622//1622 1621//1621 1623//1623
f 1622//1622 1336//1336 1620//1620
f 1622//1622 1623//1623 1624//1624
f 1624//1624 1623//1623 1625//1625
f 1624//1624 1336//1336 1622//1622
f 1624//1624 1625//1625 1626//1626
f 1626//1626 1625//1625 1627//1627
f 1626//1626 1336//1336 1624//1624
f 1626//1626 1627//1627 1628//1628
f 1628//1628 1627//1627 1700//1700
f 1628//1628 1336//1336 1626//1626
f 1628//1628 1700//1700 1629//1629
f 1629//1629 1700//1700 1630//1630
f 1629//1629 1336//1336 1628//1628
f 1629//1629 1630//1630 1631//1631
f 1631//1631 1336//1336 1629//1629
f 1631//1631 1630//1630 1632//1632
f 1632//1632 1336//1336 1631//1631
f 1630//1630 1633//1633 1632//1632
f 1289//1289 1323//1323 1705//1705
f 1687//1687 1337//1337 1630//1630
f 1663//1663 1338//1338 1681//1681
f 1773//1773 1667//1667 1634//1634
f 1341//1341 1752//1752 1279//1279
f 1216//1216 1684//1684 1309//1309
f 1343//1343 1650//1650 1263//1263
f 1644//1644 1350//1350 1342//1342
f 1352//1352 1346//1346 1348//1348
f 1644//1644 1353//1353 1350//1350
f 1355//1355 1346//1346 1352//1352
f 1644//1644 1357//1357 1353//1353
f 1359//1359 1346//1346 1355//1355
f 1644//1644 1361//1361 1357//1357
f 1363//1363 1346//1346 1359//1359
f 1363//1363 1645//1645 1346//1346
f 1644//1644 1365//1365 1361//1361
f 1367//1367 1645//1645 1363//1363
f 1644//1644 1369//1369 1365//1365
f 1371//1371 1645//1645 1367//1367
f 1644//1644 1373//1373 1369//1369
f 1670//1670 1373//1373 1644//1644
f 1375//1375 1645//1645 1371//1371
f 1670//1670 1377//1377 1373//1373
f 1379//1379 1645//1645 1375//1375
f 1670//1670 1381//1381 1377//1377
f 1383//1383 1645//1645 1379//1379
f 1670//1670 1385//1385 1381//1381
f 1387//1387 1645//1645 1383//1383
f 1670//1670 1389//1389 1385//1385
f 1391//1391 1645//1645 1387//1387
f 1670//1670 1393//1393 1389//1389
f 1395//1395 1645//1645 1391//1391
f 1670//1670 1397//1397 1393//1393
f 1399//1399 1645//1645 1395//1395
f 1670//1670 1401//1401 1397//1397
f 1403//1403 1645//1645 1399//1399
f 1670//1670 1405//1405 1401//1401
f 1407//1407 1645//1645 1403//1403
f 1670//1670 1409//1409 1405//1405
f 1411//1411 1645//1645 1407//1407
f 1411//1411 1672//1672 1645//1645
f 1670//1670 1413//1413 1409//1409
f 1415//1415 1672//1672 1411//1411
f 1670//1670 1417//1417 1413//1413
f 1419//1419 1672//1672 1415//1415
f 1670//1670 1421//1421 1417//1417
f 1423//1423 1672//1672 1419//1419
f 1670//1670 1425//1425 1421//1421
f 1427//1427 1672//1672 1423//1423
f 1670//1670 1429//1429 1425//1425
f 1431//1431 1672//1672 1427//1427
f 1670//1670 1433//1433 1429//1429
f 1435//1435 1672//1672 1431//1431
f 1670//1670 1437//1437 1433//1433
f 1677//1677 1437//1437 1670//1670
f 1439//1439 1672//1672 1435//1435
f 1677//1677 1441//1441 1437//1437
f 1443//1443 1672//1672 1439//1439
f 1443//1443 1712//1712 1672//1672
f 1677//1677 1445//1445 1441//1441
f 1447//1447 1712//1712 1443//1443
f 1677//1677 1449//1449 1445//1445
f 1451//1451 1712//1712 1447//1447
f 1677//1677 1453//1453 1449//1449
f 1455//1455 1712//1712 1451//1451
f 1677//1677 1457//1457 1453//1453
f 1459//1459 1712//1712 1455//1455
f 1677//1677 1461//1461 1457//1457
f 1463//1463 1712//1712 1459//1459
f 1677//1677 1465//1465 1461//1461
f 1467//1467 1712//1712 1463//1463
f 1470//1470 1712//1712 1467//1467
f 1474//1474 1712//1712 1470//1470
f 1475//1475 1712//1712 1474//1474
f 1296//1296 1712//1712 1475//1475
f 1659//1659 1638//1638 1479//1479
f 1479//1479 1638//1638 1478//1478
f 1638//1638 1481//1481 1478//1478
f 1744//1744 1481//1481 1638//1638
f 1744//1744 1483//1483 1481//1481
f 1744//1744 1485//1485 1483//1483
f 1744//1744 1487//1487 1485//1485
f 1744//1744 1489//1489 1487//1487
f 1729//1729 1489//1489 1744//1744
f 1729//1729 1491//1491 1489//1489
f 1729//1729 1493//1493 1491//1491
f 1729//1729 1495//1495 1493//1493
f 1729//1729 1497//1497 1495//1495
f 1729//1729 1499//1499 1497//1497
f 1729//1729 1501//1501 1499//1499
f 1729//1729 1503//1503 1501//1501
f 1729//1729 1505//1505 1503//1503
f 1675//1675 1505//1505 1729//1729
f 1675//1675 1507//1507 1505//1505
f 1675//1675 1509//1509 1507//1507
f 1675//1675 1511//1511 1509//1509
f 1675//1675 1513//1513 1511//1511
f 1675//1675 1515//1515 1513//1513
f 1675//1675 1517//1517 1515//1515
f 1675//1675 1519//1519 1517//1517
f 1675//1675 1521//1521 1519//1519
f 1691//1691 1521//1521 1675//1675
f 1691//1691 1523//1523 1521//1521
f 1691//1691 1525//1525 1523//1523
f 1691//1691 1527//1527 1525//1525
f 1691//1691 1529//1529 1527//1527
f 1691//1691 1531//1531 1529//1529
f 1691//1691 1533//1533 1531//1531
f 1691//1691 1535//1535 1533//1533
f 1691//1691 1537//1537 1535//1535
f 1693//1693 1537//1537 1691//1691
f 1693//1693 1539//1539 1537//1537
f 1693//1693 1541//1541 1539//1539
f 1693//1693 1543//1543 1541//1541
f 1693//1693 1545//1545 1543//1543
f 1693//1693 1547//1547 1545//1545
f 1693//1693 1549//1549 1547//1547
f 1693//1693 1551//1551 1549//1549
f 1693//1693 1553//1553 1551//1551
f 1693//1693 1555//1555 1553//1553
f 1693//1693 1557//1557 1555//1555
f 1693//1693 1558//1558 1557//1557
f 1333//1333 1639//1639 1561//1561
f 1561//1561 1639//1639 1560//1560
f 1639//1639 1563//1563 1560//1560
f 1648//1648 1563//1563 1639//1639
f 1648//1648 1565//1565 1563//1563
f 1648//1648 1567//1567 1565//1565
f 1648//1648 1569//1569 1567//1567
f 1648//1648 1571//1571 1569//1569
f 1747//1747 1571//1571 1648//1648
f 1747//1747 1573//1573 1571//1571
f 1747//1747 1575//1575 1573//1573
f 1747//1747 1577//1577 1575//1575
f 1747//1747 1579//1579 1577//1577
f 1747//1747 1581//1581 1579//1579
f 1747//1747 1583//1583 1581//1581
f 1747//1747 1585//1585 1583//1583
f 1747//1747 1587//1587 1585//1585
f 1747//1747 1589//1589 1587//1587
f 1747//1747 1591//1591 1589//1589
f 1747//1747 1593//1593 1591//1591
f 1747//1747 1595//1595 1593//1593
f 1747//1747 1597//1597 1595//1595
f 1747//1747 1599//1599 1597//1597
f 1747//1747 1601//1601 1599//1599
f 1747//1747 1603//1603 1601//1601
f 1700//1700 1603//1603 1747//1747
f 1700//1700 1605//1605 1603//1603
f 1700//1700 1607//1607 1605//1605
f 1700//1700 1609//1609 1607//1607
f 1700//1700 1611//1611 1609//1609
f 1700//1700 1613//1613 1611//1611
f 1700//1700 1615//1615 1613//1613
f 1700//1700 1617//1617 1615//1615
f 1700//1700 1619//1619 1617//1617
f 1700//1700 1621//1621 1619//1619
f 1700//1700 1623//1623 1621//1621
f 1700//1700 1625//1625 1623//1623
f 1700//1700 1627//1627 1625//1625
f 1630//1630 1337//1337 1633//1633
f 2286//2286 1339//1339 1667//1667
f 1248//1248 1636//1636 1341//1341
f 1221//1221 1668//1668 1684//1684
f 1637//1637 1268//1268 1245//1245
f 1650//1650 1343//1343 1725//1725
f 1645//1645 1665//1665 1346//1346
f 1296//1296 1646//1646 1712//1712
f 1638//1638 1659//1659 1744//1744
f 1690//1690 1674//1674 1239//1239
f 1329//1329 1647//1647 1311//1311
f 1332//1332 1692//1692 1314//1314
f 1653//1653 1660//1660 1258//1258
f 1558//1558 1693//1693 1695//1695
f 1639//1639 1333//1333 1648//1648
f 1289//1289 1318//1318 1335//1335
f 1662//1662 1751//1751 1285//1285
f 1773//1773 2286//2286 1667//1667
f 1773//1773 1634//1634 1750//1750
f 1737//1737 1750//1750 1634//1634
f 1737//1737 1322//1322 1654//1654
f 1655//1655 1340//1340 1687//1687
f 1248//1248 1635//1635 1636//1636
f 1234//1234 1664//1664 1293//1293
f 1293//1293 1664//1664 1310//1310
f 1651//1651 1637//1637 1245//1245
f 1651//1651 1245//1245 1342//1342
f 1245//1245 1741//1741 1342//1342
f 1651//1651 1342//1342 1637//1637
f 1346//1346 1740//1740 1343//1343
f 1665//1665 1740//1740 1346//1346
f 1713//1713 1652//1652 1296//1296
f 1558//1558 1686//1686 1333//1333
f 1289//1289 1722//1722 1318//1318
f 1289//1289 1705//1705 1701//1701
f 1287//1287 1682//1682 1323//1323
f 1649//1649 1657//1657 1221//1221
f 1221//1221 1657//1657 1668//1668
f 1670//1670 1644//1644 1756//1756
f 1658//1658 1712//1712 1646//1646
f 1296//1296 1652//1652 1646//1646
f 1660//1660 1653//1653 1679//1679
f 1661//1661 1653//1653 1305//1305
f 1305//1305 1679//1679 1661//1661
f 1699//1699 1218//1218 1676//1676
f 1676//1676 1317//1317 1666//1666
f 1289//1289 1701//1701 1722//1722
f 1687//1687 1630//1630 1734//1734
f 1751//1751 1662//1662 1338//1338
f 2286//2286 1681//1681 1339//1339
f 1716//1716 1737//1737 1654//1654
f 1340//1340 1655//1655 1642//1642
f 1343//1343 1740//1740 1725//1725
f 1472//1472 1677//1677 1688//1688
f 1713//1713 1646//1646 1652//1652
f 1660//1660 1759//1759 1696//1696
f 1661//1661 1679//1679 1653//1653
f 1640//1640 1641//1641 1699//1699
f 1751//1751 1338//1338 1715//1715
f 2317//2317 1682//1682 1287//1287
f 2317//2317 1287//1287 1285//1285
f 1650//1650 1656//1656 1635//1635
f 1664//1664 1280//1280 1310//1310
f 1245//1245 1302//1302 1741//1741
f 1645//1645 1671//1671 1665//1665
f 1677//1677 1670//1670 1711//1711
f 1713//1713 1261//1261 1674//1674
f 1647//1647 1764//1764 1311//1311
f 1314//1314 1766//1766 1647//1647
f 1694//1694 1332//1332 1696//1696
f 1721//1721 1648//1648 1333//1333
f 1747//1747 1648//1648 1721//1721
f 1748//1748 1666//1666 1318//1318
f 1630//1630 1700//1700 1749//1749
f 1657//1657 1717//1717 1668//1668
f 1274//1274 1669//1669 1643//1643
f 1234//1234 1643//1643 1664//1664
f 1704//1704 1342//1342 1741//1741
f 1756//1756 1644//1644 1342//1342
f 1756//1756 1742//1742 1670//1670
f 1646//1646 1673//1673 1658//1658
f 1688//1688 1659//1659 1472//1472
f 1728//1728 1659//1659 1688//1688
f 1678//1678 1646//1646 1713//1713
f 1686//1686 1721//1721 1333//1333
f 1640//1640 1680//1680 1305//1305
f 1734//1734 1630//1630 1749//1749
f 1706//1706 1654//1654 1642//1642
f 1642//1642 1655//1655 1706//1706
f 1341//1341 1683//1683 1752//1752
f 1309//1309 1702//1702 1274//1274
f 1274//1274 1702//1702 1669//1669
f 1280//1280 1741//1741 1302//1302
f 1704//1704 1756//1756 1342//1342
f 1665//1665 1671//1671 1740//1740
f 1672//1672 1757//1757 1645//1645
f 1678//1678 1689//1689 1646//1646
f 1730//1730 1675//1675 1729//1729
f 1766//1766 1314//1314 1692//1692
f 1720//1720 1332//1332 1694//1694
f 1685//1685 1558//1558 1695//1695
f 1736//1736 1687//1687 1734//1734
f 1663//1663 1715//1715 1338//1338
f 2286//2286 1663//1663 1681//1681
f 1682//1682 1705//1705 1323//1323
f 2317//2317 1285//1285 1751//1751
f 1707//1707 1655//1655 1687//1687
f 1656//1656 1650//1650 1725//1725
f 1688//1688 1677//1677 1761//1761
f 1646//1646 1689//1689 1673//1673
f 1765//1765 1647//1647 1766//1766
f 1786//1786 1691//1691 1745//1745
f 1786//1786 1693//1693 1691//1691
f 1685//1685 1686//1686 1558//1558
f 1680//1680 1679//1679 1305//1305
f 1699//1699 1698//1698 1640//1640
f 1795//1795 1698//1698 1699//1699
f 1770//1770 1666//1666 1748//1748
f 1797//1797 1714//1714 1700//1700
f 1714//1714 1749//1749 1700//1700
f 2303//2303 2286//2286 1773//1773
f 1706//1706 1716//1716 1654//1654
f 1655//1655 1707//1707 1706//1706
f 1739//1739 1741//1741 1280//1280
f 1927//1927 1728//1728 1688//1688
f 1763//1763 1713//1713 1674//1674
f 1764//1764 1690//1690 1311//1311
f 1730//1730 1691//1691 1675//1675
f 1730//1730 1745//1745 1691//1691
f 1692//1692 1332//1332 1720//1720
f 1720//1720 1694//1694 1696//1696
f 1685//1685 1695//1695 1693//1693
f 1679//1679 1703//1703 1660//1660
f 1790//1790 1640//1640 1793//1793
f 1698//1698 1795//1795 1640//1640
f 1666//1666 1770//1770 1676//1676
f 1797//1797 1700//1700 1747//1747
f 1318//1318 1722//1722 1748//1748
f 1750//1750 1798//1798 1773//1773
f 1736//1736 1707//1707 1687//1687
f 2317//2317 1705//1705 1682//1682
f 1279//1279 1752//1752 1649//1649
f 1717//1717 1760//1760 1668//1668
f 1643//1643 1724//1724 1664//1664
f 1739//1739 1280//1280 1724//1724
f 1711//1711 1670//1670 1742//1742
f 1991//1991 1729//1729 1744//1744
f 1690//1690 1764//1764 1674//1674
f 1768//1768 1720//1720 1696//1696
f 1697//1697 1759//1759 1660//1660
f 1731//1731 1686//1686 1685//1685
f 1680//1680 1703//1703 1679//1679
f 2287//2287 1751//1751 1715//1715
f 1716//1716 1706//1706 1707//1707
f 1635//1635 1738//1738 1636//1636
f 1636//1636 1683//1683 1341//1341
f 1752//1752 2288//2288 1649//1649
f 1668//1668 1760//1760 1684//1684
f 1755//1755 1656//1656 1725//1725
f 1709//1709 1740//1740 1671//1671
f 1671//1671 1645//1645 1710//1710
f 1757//1757 1672//1672 1712//1712
f 1673//1673 1727//1727 1658//1658
f 1728//1728 1744//1744 1659//1659
f 1991//1991 1744//1744 1762//1762
f 1731//1731 1685//1685 1789//1789
f 1731//1731 1721//1721 1686//1686
f 1770//1770 1699//1699 1676//1676
f 1705//1705 1735//1735 1701//1701
f 1656//1656 2324//2324 1635//1635
f 2288//2288 1723//1723 1649//1649
f 1649//1649 1753//1753 1657//1657
f 1664//1664 1724//1724 1280//1280
f 2305//2305 1656//1656 1755//1755
f 1756//1756 1704//1704 1741//1741
f 1726//1726 1671//1671 1710//1710
f 1757//1757 1710//1710 1645//1645
f 1743//1743 1677//1677 1711//1711
f 1743//1743 1761//1761 1677//1677
f 1757//1757 1712//1712 1658//1658
f 1744//1744 1728//1728 1942//1942
f 1713//1713 1689//1689 1678//1678
f 1730//1730 1729//1729 1719//1719
f 1786//1786 1685//1685 1693//1693
f 1696//1696 1759//1759 1768//1768
f 1703//1703 1697//1697 1660//1660
f 1703//1703 1680//1680 1697//1697
f 2124//2124 1721//1721 1731//1731
f 2124//2124 1794//1794 1721//1721
f 1793//1793 1640//1640 1795//1795
f 1732//1732 1747//1747 1721//1721
f 1795//1795 1699//1699 1770//1770
f 1707//1707 1737//1737 1716//1716
f 2318//2318 1707//1707 1736//1736
f 1649//1649 1723//1723 1753//1753
f 1684//1684 1708//1708 1309//1309
f 1740//1740 1755//1755 1725//1725
f 1743//1743 1711//1711 1742//1742
f 1689//1689 1727//1727 1673//1673
f 1782//1782 1719//1719 1729//1729
f 1794//1794 1796//1796 1721//1721
f 1797//1797 1747//1747 1796//1796
f 1733//1733 1722//1722 1701//1701
f 2287//2287 1715//1715 1663//1663
f 1683//1683 1636//1636 1752//1752
f 1309//1309 1754//1754 1702//1702
f 1776//1776 1741//1741 1739//1739
f 1776//1776 1756//1756 1741//1741
f 1777//1777 1742//1742 1756//1756
f 1726//1726 1862//1862 1671//1671
f 1757//1757 1726//1726 1710//1710
f 1761//1761 1927//1927 1688//1688
f 1727//1727 1944//1944 1658//1658
f 1942//1942 1728//1728 1927//1927
f 1780//1780 1744//1744 1942//1942
f 1674//1674 1758//1758 1763//1763
f 1718//1718 1758//1758 1674//1674
f 1782//1782 1729//1729 1991//1991
f 1764//1764 1718//1718 1674//1674
f 1730//1730 1719//1719 1782//1782
f 1782//1782 1783//1783 1730//1730
f 1764//1764 1647//1647 1765//1765
f 1783//1783 1745//1745 1730//1730
f 1767//1767 1766//1766 1692//1692
f 1785//1785 1786//1786 1745//1745
f 1692//1692 1720//1720 1768//1768
f 1788//1788 1685//1685 1786//1786
f 1788//1788 1789//1789 1685//1685
f 1680//1680 1746//1746 1697//1697
f 1789//1789 2124//2124 1731//1731
f 1680//1680 1790//1790 1746//1746
f 1640//1640 1790//1790 1680//1680
f 1796//1796 1732//1732 1721//1721
f 1747//1747 1732//1732 1796//1796
f 1797//1797 1749//1749 1714//1714
f 1733//1733 1701//1701 1735//1735
f 2281//2281 1772//1772 1749//1749
f 1772//1772 1734//1734 1749//1749
f 1772//1772 1736//1736 1734//1734
f 2318//2318 1736//1736 1772//1772
f 1707//1707 1750//1750 1737//1737
f 1760//1760 1708//1708 1684//1684
f 1708//1708 1754//1754 1309//1309
f 1724//1724 1643//1643 1739//1739
f 1643//1643 1776//1776 1739//1739
f 1671//1671 1862//1862 1709//1709
f 1779//1779 1757//1757 1658//1658
f 1762//1762 1744//1744 1780//1780
f 1787//1787 1789//1789 1788//1788
f 1748//1748 1722//1722 1771//1771
f 2252//2252 1749//1749 1797//1797
f 1705//1705 2317//2317 1735//1735
f 1798//1798 2303//2303 1773//1773
f 1774//1774 1798//1798 1750//1750
f 1775//1775 2317//2317 1751//1751
f 1775//1775 1751//1751 2287//2287
f 1707//1707 1774//1774 1750//1750
f 1702//1702 1643//1643 1669//1669
f 1726//1726 1757//1757 1779//1779
f 1763//1763 2346//2346 1713//1713
f 1781//1781 1991//1991 1762//1762
f 1766//1766 1784//1784 1765//1765
f 1785//1785 1745//1745 2056//2056
f 1792//1792 1794//1794 1791//1791
f 1771//1771 1722//1722 1733//1733
f 1799//1799 1707//1707 2318//2318
f 1799//1799 1774//1774 1707//1707
f 1753//1753 1717//1717 1657//1657
f 1709//1709 1814//1814 1740//1740
f 1743//1743 1742//1742 1777//1777
f 1778//1778 1743//1743 1777//1777
f 1927//1927 1743//1743 1778//1778
f 1927//1927 1761//1761 1743//1743
f 1939//1939 1942//1942 1927//1927
f 1689//1689 1944//1944 1727//1727
f 1713//1713 2346//2346 1689//1689
f 1783//1783 1782//1782 1991//1991
f 1783//1783 2056//2056 1745//1745
f 1766//1766 1767//1767 1784//1784
f 1785//1785 1788//1788 1786//1786
f 1692//1692 1768//1768 1767//1767
f 1768//1768 1759//1759 1767//1767
f 1787//1787 1769//1769 1789//1789
f 1697//1697 2111//2111 1759//1759
f 1791//1791 1794//1794 2124//2124
f 1770//1770 1771//1771 1795//1795
f 1770//1770 1748//1748 1771//1771
f 1796//1796 2252//2252 1797//1797
f 2252//2252 2281//2281 1749//1749
f 1735//1735 2283//2283 1733//1733
f 2302//2302 1663//1663 2286//2286
f 1754//1754 1643//1643 1702//1702
f 1800//1800 1801//1801 1802//1802
f 1802//1802 1801//1801 1803//1803
f 1800//1800 1802//1802 1643//1643
f 2305//2305 1755//1755 1816//1816
f 1802//1802 1803//1803 1804//1804
f 1804//1804 1803//1803 1805//1805
f 1802//1802 1804//1804 1643//1643
f 1804//1804 1805//1805 1806//1806
f 1806//1806 1805//1805 1807//1807
f 1804//1804 1776//1776 1643//1643
f 1804//1804 1806//1806 1776//1776
f 1806//1806 1807//1807 1808//1808
f 1808//1808 1807//1807 1809//1809
f 1806//1806 1808//1808 1776//1776
f 1808//1808 1809//1809 1810//1810
f 1810//1810 1809//1809 1811//1811
f 1808//1808 1810//1810 1776//1776
f 1810//1810 1811//1811 1812//1812
f 1812//1812 1811//1811 1813//1813
f 1810//1810 1812//1812 1776//1776
f 1814//1814 1755//1755 1740//1740
f 1755//1755 1815//1815 1816//1816
f 1755//1755 1814//1814 1815//1815
f 1812//1812 1813//1813 1817//1817
f 1817//1817 1813//1813 1818//1818
f 1812//1812 1817//1817 1776//1776
f 1814//1814 1819//1819 1815//1815
f 1816//1816 1815//1815 1823//1823
f 1823//1823 1815//1815 1819//1819
f 1817//1817 1818//1818 1820//1820
f 1820//1820 1818//1818 1821//1821
f 1817//1817 1820//1820 1776//1776
f 1814//1814 1822//1822 1819//1819
f 1823//1823 1819//1819 1822//1822
f 1820//1820 1821//1821 1824//1824
f 1824//1824 1821//1821 1825//1825
f 1820//1820 1824//1824 1776//1776
f 1814//1814 1826//1826 1822//1822
f 1823//1823 1822//1822 1827//1827
f 1827//1827 1822//1822 1826//1826
f 1824//1824 1825//1825 1828//1828
f 1828//1828 1825//1825 1829//1829
f 1824//1824 1828//1828 1776//1776
f 1814//1814 1830//1830 1826//1826
f 1814//1814 1709//1709 1830//1830
f 1827//1827 1826//1826 1831//1831
f 1831//1831 1826//1826 1830//1830
f 1828//1828 1829//1829 1832//1832
f 1832//1832 1829//1829 1833//1833
f 1828//1828 1756//1756 1776//1776
f 1828//1828 1832//1832 1756//1756
f 1709//1709 1834//1834 1830//1830
f 1831//1831 1830//1830 1835//1835
f 1835//1835 1830//1830 1834//1834
f 1832//1832 1833//1833 1836//1836
f 1836//1836 1833//1833 1837//1837
f 1832//1832 1836//1836 1756//1756
f 1709//1709 1838//1838 1834//1834
f 1835//1835 1834//1834 1839//1839
f 1839//1839 1834//1834 1838//1838
f 1836//1836 1837//1837 1840//1840
f 1840//1840 1837//1837 1841//1841
f 1836//1836 1840//1840 1756//1756
f 1709//1709 1842//1842 1838//1838
f 1839//1839 1838//1838 1843//1843
f 1843//1843 1838//1838 1842//1842
f 1840//1840 1841//1841 1844//1844
f 1844//1844 1841//1841 1845//1845
f 1840//1840 1844//1844 1756//1756
f 1709//1709 1846//1846 1842//1842
f 1843//1843 1842//1842 1847//1847
f 1847//1847 1842//1842 1846//1846
f 1844//1844 1845//1845 1848//1848
f 1848//1848 1845//1845 1849//1849
f 1844//1844 1777//1777 1756//1756
f 1844//1844 1848//1848 1777//1777
f 1709//1709 1850//1850 1846//1846
f 1847//1847 1846//1846 1851//1851
f 1851//1851 1846//1846 1850//1850
f 1848//1848 1849//1849 1852//1852
f 1852//1852 1849//1849 1853//1853
f 1848//1848 1852//1852 1777//1777
f 1709//1709 1854//1854 1850//1850
f 1851//1851 1850//1850 1855//1855
f 1855//1855 1850//1850 1854//1854
f 1852//1852 1853//1853 1856//1856
f 1856//1856 1853//1853 1857//1857
f 1852//1852 1856//1856 1777//1777
f 1709//1709 1858//1858 1854//1854
f 1855//1855 1854//1854 1859//1859
f 1859//1859 1854//1854 1858//1858
f 1856//1856 1857//1857 1860//1860
f 1860//1860 1857//1857 1861//1861
f 1856//1856 1860//1860 1777//1777
f 1709//1709 1863//1863 1858//1858
f 1709//1709 1862//1862 1863//1863
f 1859//1859 1858//1858 1864//1864
f 1864//1864 1858//1858 1863//1863
f 1860//1860 1861//1861 1865//1865
f 1865//1865 1861//1861 1866//1866
f 1860//1860 1865//1865 1777//1777
f 1862//1862 1867//1867 1863//1863
f 1864//1864 1863//1863 1868//1868
f 1868//1868 1863//1863 1867//1867
f 1865//1865 1866//1866 1869//1869
f 1869//1869 1866//1866 1870//1870
f 1865//1865 1869//1869 1777//1777
f 1862//1862 1871//1871 1867//1867
f 1868//1868 1867//1867 1872//1872
f 1872//1872 1867//1867 1871//1871
f 1869//1869 1870//1870 1873//1873
f 1873//1873 1870//1870 1874//1874
f 1869//1869 1873//1873 1777//1777
f 1862//1862 1875//1875 1871//1871
f 1872//1872 1871//1871 1876//1876
f 1876//1876 1871//1871 1875//1875
f 1873//1873 1874//1874 1877//1877
f 1877//1877 1874//1874 1878//1878
f 1873//1873 1877//1877 1777//1777
f 1862//1862 1879//1879 1875//1875
f 1862//1862 1726//1726 1879//1879
f 1876//1876 1875//1875 1880//1880
f 1880//1880 1875//1875 1879//1879
f 1877//1877 1878//1878 1881//1881
f 1881//1881 1878//1878 1882//1882
f 1877//1877 1778//1778 1777//1777
f 1877//1877 1881//1881 1778//1778
f 1726//1726 1883//1883 1879//1879
f 1880//1880 1879//1879 1884//1884
f 1884//1884 1879//1879 1883//1883
f 1881//1881 1882//1882 1885//1885
f 1885//1885 1882//1882 1886//1886
f 1881//1881 1885//1885 1778//1778
f 1726//1726 1887//1887 1883//1883
f 1884//1884 1883//1883 1888//1888
f 1888//1888 1883//1883 1887//1887
f 1885//1885 1886//1886 1889//1889
f 1889//1889 1886//1886 1890//1890
f 1885//1885 1889//1889 1778//1778
f 1726//1726 1891//1891 1887//1887
f 1888//1888 1887//1887 1892//1892
f 1892//1892 1887//1887 1891//1891
f 1889//1889 1890//1890 1893//1893
f 1893//1893 1890//1890 1894//1894
f 1889//1889 1893//1893 1778//1778
f 1726//1726 1895//1895 1891//1891
f 1892//1892 1891//1891 1896//1896
f 1896//1896 1891//1891 1895//1895
f 1893//1893 1894//1894 1897//1897
f 1897//1897 1894//1894 1898//1898
f 1893//1893 1927//1927 1778//1778
f 1893//1893 1897//1897 1927//1927
f 1726//1726 1899//1899 1895//1895
f 1896//1896 1895//1895 1900//1900
f 1900//1900 1895//1895 1899//1899
f 1897//1897 1898//1898 1901//1901
f 1901//1901 1898//1898 1902//1902
f 1897//1897 1901//1901 1927//1927
f 1726//1726 1903//1903 1899//1899
f 1900//1900 1899//1899 1904//1904
f 1904//1904 1899//1899 1903//1903
f 1901//1901 1902//1902 1905//1905
f 1905//1905 1902//1902 1906//1906
f 1901//1901 1905//1905 1927//1927
f 1726//1726 1907//1907 1903//1903
f 1904//1904 1903//1903 1908//1908
f 1908//1908 1903//1903 1907//1907
f 1905//1905 1906//1906 1909//1909
f 1909//1909 1906//1906 1910//1910
f 1905//1905 1909//1909 1927//1927
f 1726//1726 1911//1911 1907//1907
f 1726//1726 1779//1779 1911//1911
f 1908//1908 1907//1907 1912//1912
f 1912//1912 1907//1907 1911//1911
f 1909//1909 1910//1910 1913//1913
f 1913//1913 1910//1910 1914//1914
f 1909//1909 1913//1913 1927//1927
f 1779//1779 1915//1915 1911//1911
f 1912//1912 1911//1911 1916//1916
f 1916//1916 1911//1911 1915//1915
f 1913//1913 1914//1914 1917//1917
f 1917//1917 1914//1914 1918//1918
f 1913//1913 1917//1917 1927//1927
f 1779//1779 1919//1919 1915//1915
f 1916//1916 1915//1915 1920//1920
f 1920//1920 1915//1915 1919//1919
f 1917//1917 1918//1918 1921//1921
f 1921//1921 1918//1918 1922//1922
f 1917//1917 1921//1921 1927//1927
f 1779//1779 1923//1923 1919//1919
f 1920//1920 1919//1919 1924//1924
f 1924//1924 1919//1919 1923//1923
f 1921//1921 1922//1922 1925//1925
f 1925//1925 1922//1922 1926//1926
f 1921//1921 1925//1925 1927//1927
f 1779//1779 1928//1928 1923//1923
f 1924//1924 1923//1923 1929//1929
f 1929//1929 1923//1923 1928//1928
f 1925//1925 1926//1926 1930//1930
f 1930//1930 1926//1926 1931//1931
f 1925//1925 1939//1939 1927//1927
f 1925//1925 1930//1930 1939//1939
f 1779//1779 1934//1934 1928//1928
f 1930//1930 1931//1931 1932//1932
f 1932//1932 1931//1931 1933//1933
f 1930//1930 1932//1932 1939//1939
f 1779//1779 1658//1658 1934//1934
f 1932//1932 1933//1933 1935//1935
f 1935//1935 1933//1933 1936//1936
f 1932//1932 1935//1935 1939//1939
f 1935//1935 1936//1936 1937//1937
f 1937//1937 1936//1936 1938//1938
f 1935//1935 1937//1937 1939//1939
f 1937//1937 1938//1938 1940//1940
f 1937//1937 1940//1940 1939//1939
f 1934//1934 1658//1658 1944//1944
f 1940//1940 1938//1938 1941//1941
f 1940//1940 1941//1941 1939//1939
f 1939//1939 1941//1941 1942//1942
f 1689//1689 2346//2346 1944//1944
f 1945//1945 2346//2346 1763//1763
f 1947//1947 1946//1946 1945//1945
f 1945//1945 1946//1946 2346//2346
f 1947//1947 1948//1948 1946//1946
f 1780//1780 1781//1781 1762//1762
f 1945//1945 1950//1950 1947//1947
f 1945//1945 1763//1763 1950//1950
f 1948//1948 1947//1947 1951//1951
f 1951//1951 1947//1947 1950//1950
f 1958//1958 1949//1949 1952//1952
f 1952//1952 1949//1949 1953//1953
f 1763//1763 1954//1954 1950//1950
f 1951//1951 1950//1950 1955//1955
f 1955//1955 1950//1950 1954//1954
f 1952//1952 1953//1953 1956//1956
f 1956//1956 1953//1953 1957//1957
f 1952//1952 1956//1956 1958//1958
f 1763//1763 1959//1959 1954//1954
f 1955//1955 1954//1954 1960//1960
f 1960//1960 1954//1954 1959//1959
f 1956//1956 1957//1957 1961//1961
f 1961//1961 1957//1957 1962//1962
f 1956//1956 1991//1991 1958//1958
f 1956//1956 1961//1961 1991//1991
f 1991//1991 1781//1781 1958//1958
f 1763//1763 1963//1963 1959//1959
f 1960//1960 1959//1959 1964//1964
f 1964//1964 1959//1959 1963//1963
f 1961//1961 1962//1962 1965//1965
f 1965//1965 1962//1962 1966//1966
f 1961//1961 1965//1965 1991//1991
f 1763//1763 1967//1967 1963//1963
f 1964//1964 1963//1963 1968//1968
f 1968//1968 1963//1963 1967//1967
f 1965//1965 1966//1966 1969//1969
f 1969//1969 1966//1966 1970//1970
f 1965//1965 1969//1969 1991//1991
f 1763//1763 1971//1971 1967//1967
f 1968//1968 1967//1967 1972//1972
f 1972//1972 1967//1967 1971//1971
f 1969//1969 1970//1970 1973//1973
f 1973//1973 1970//1970 1974//1974
f 1969//1969 1973//1973 1991//1991
f 1763//1763 1975//1975 1971//1971
f 1763//1763 1758//1758 1975//1975
f 1972//1972 1971//1971 1976//1976
f 1976//1976 1971//1971 1975//1975
f 1973//1973 1974//1974 1977//1977
f 1977//1977 1974//1974 1978//1978
f 1973//1973 1977//1977 1991//1991
f 1758//1758 1979//1979 1975//1975
f 1976//1976 1975//1975 1980//1980
f 1980//1980 1975//1975 1979//1979
f 1977//1977 1978//1978 1981//1981
f 1981//1981 1978//1978 1982//1982
f 1977//1977 1981//1981 1991//1991
f 1758//1758 1983//1983 1979//1979
f 1980//1980 1979//1979 1984//1984
f 1984//1984 1979//1979 1983//1983
f 1981//1981 1982//1982 1985//1985
f 1985//1985 1982//1982 1986//1986
f 1981//1981 1985//1985 1991//1991
f 1758//1758 1987//1987 1983//1983
f 1984//1984 1983//1983 1988//1988
f 1988//1988 1983//1983 1987//1987
f 1985//1985 1986//1986 1989//1989
f 1989//1989 1986//1986 1990//1990
f 1985//1985 1989//1989 1991//1991
f 1758//1758 1992//1992 1987//1987
f 1758//1758 1718//1718 1992//1992
f 1988//1988 1987//1987 1993//1993
f 1993//1993 1987//1987 1992//1992
f 1989//1989 1990//1990 1994//1994
f 1994//1994 1990//1990 1995//1995
f 1989//1989 1783//1783 1991//1991
f 1989//1989 1994//1994 1783//1783
f 1718//1718 1996//1996 1992//1992
f 1993//1993 1992//1992 1997//1997
f 1997//1997 1992//1992 1996//1996
f 1994//1994 1995//1995 1998//1998
f 1998//1998 1995//1995 1999//1999
f 1994//1994 1998//1998 1783//1783
f 1718//1718 2000//2000 1996//1996
f 1997//1997 1996//1996 2001//2001
f 2001//2001 1996//1996 2000//2000
f 1998//1998 1999//1999 2002//2002
f 2002//2002 1999//1999 2003//2003
f 1998//1998 2002//2002 1783//1783
f 1718//1718 2004//2004 2000//2000
f 2001//2001 2000//2000 2005//2005
f 2005//2005 2000//2000 2004//2004
f 2002//2002 2003//2003 2006//2006
f 2006//2006 2003//2003 2007//2007
f 2002//2002 2006//2006 1783//1783
f 1718//1718 2008//2008 2004//2004
f 2005//2005 2004//2004 2009//2009
f 2009//2009 2004//2004 2008//2008
f 2006//2006 2007//2007 2010//2010
f 2010//2010 2007//2007 2011//2011
f 2006//2006 2010//2010 1783//1783
f 1718//1718 2012//2012 2008//2008
f 2009//2009 2008//2008 2013//2013
f 2013//2013 2008//2008 2012//2012
f 2010//2010 2011//2011 2014//2014
f 2014//2014 2011//2011 2015//2015
f 2010//2010 2014//2014 1783//1783
f 1718//1718 2016//2016 2012//2012
f 2013//2013 2012//2012 2017//2017
f 2017//2017 2012//2012 2016//2016
f 2014//2014 2015//2015 2018//2018
f 2018//2018 2015//2015 2019//2019
f 2014//2014 2018//2018 1783//1783
f 1765//1765 1718//1718 1764//1764
f 1718//1718 2020//2020 2016//2016
f 2017//2017 2016//2016 2021//2021
f 2021//2021 2016//2016 2020//2020
f 2018//2018 2019//2019 2022//2022
f 2022//2022 2019//2019 2023//2023
f 2018//2018 2022//2022 1783//1783
f 1718//1718 2024//2024 2020//2020
f 1718//1718 1765//1765 2024//2024
f 2021//2021 2020//2020 2025//2025
f 2025//2025 2020//2020 2024//2024
f 2022//2022 2023//2023 2026//2026
f 2026//2026 2023//2023 2027//2027
f 2022//2022 2056//2056 1783//1783
f 2022//2022 2026//2026 2056//2056
f 1765//1765 2028//2028 2024//2024
f 2025//2025 2024//2024 2029//2029
f 2029//2029 2024//2024 2028//2028
f 2026//2026 2027//2027 2030//2030
f 2030//2030 2027//2027 2031//2031
f 2026//2026 2030//2030 2056//2056
f 1765//1765 2032//2032 2028//2028
f 2029//2029 2028//2028 2033//2033
f 2033//2033 2028//2028 2032//2032
f 2030//2030 2031//2031 2034//2034
f 2034//2034 2031//2031 2035//2035
f 2030//2030 2034//2034 2056//2056
f 1765//1765 2036//2036 2032//2032
f 2033//2033 2032//2032 2037//2037
f 2037//2037 2032//2032 2036//2036
f 2034//2034 2035//2035 2038//2038
f 2038//2038 2035//2035 2039//2039
f 2034//2034 2038//2038 2056//2056
f 1765//1765 2040//2040 2036//2036
f 1765//1765 1784//1784 2040//2040
f 2037//2037 2036//2036 2041//2041
f 2041//2041 2036//2036 2040//2040
f 2038//2038 2039//2039 2042//2042
f 2042//2042 2039//2039 2043//2043
f 2038//2038 2042//2042 2056//2056
f 1784//1784 2044//2044 2040//2040
f 2041//2041 2040//2040 2045//2045
f 2045//2045 2040//2040 2044//2044
f 2042//2042 2043//2043 2046//2046
f 2046//2046 2043//2043 2047//2047
f 2042//2042 2046//2046 2056//2056
f 1784//1784 2048//2048 2044//2044
f 2045//2045 2044//2044 2049//2049
f 2049//2049 2044//2044 2048//2048
f 2046//2046 2047//2047 2050//2050
f 2050//2050 2047//2047 2051//2051
f 2046//2046 2050//2050 2056//2056
f 1784//1784 2052//2052 2048//2048
f 2049//2049 2048//2048 2053//2053
f 2053//2053 2048//2048 2052//2052
f 2050//2050 2051//2051 2054//2054
f 2054//2054 2051//2051 2055//2055
f 2050//2050 2054//2054 2056//2056
f 1784//1784 2057//2057 2052//2052
f 2053//2053 2052//2052 2058//2058
f 2058//2058 2052//2052 2057//2057
f 2054//2054 2055//2055 2059//2059
f 2059//2059 2055//2055 2060//2060
f 2054//2054 2059//2059 2056//2056
f 1784//1784 2061//2061 2057//2057
f 2058//2058 2057//2057 2062//2062
f 2062//2062 2057//2057 2061//2061
f 2059//2059 2060//2060 2063//2063
f 2063//2063 2060//2060 2064//2064
f 2059//2059 2063//2063 2056//2056
f 1784//1784 2065//2065 2061//2061
f 2062//2062 2061//2061 2066//2066
f 2066//2066 2061//2061 2065//2065
f 2063//2063 2064//2064 2067//2067
f 2067//2067 2064//2064 2068//2068
f 2063//2063 2067//2067 2056//2056
f 1784//1784 2069//2069 2065//2065
f 2066//2066 2065//2065 2070//2070
f 2070//2070 2065//2065 2069//2069
f 2067//2067 2068//2068 2071//2071
f 2071//2071 2068//2068 2072//2072
f 2067//2067 2071//2071 2056//2056
f 1784//1784 2073//2073 2069//2069
f 2070//2070 2069//2069 2074//2074
f 2074//2074 2069//2069 2073//2073
f 2071//2071 2072//2072 2075//2075
f 2075//2075 2072//2072 2076//2076
f 2071//2071 1785//1785 2056//2056
f 2071//2071 2075//2075 1785//1785
f 1784//1784 2077//2077 2073//2073
f 2074//2074 2073//2073 2078//2078
f 2078//2078 2073//2073 2077//2077
f 2075//2075 2076//2076 2079//2079
f 2079//2079 2076//2076 2080//2080
f 2075//2075 2079//2079 1785//1785
f 1784//1784 2081//2081 2077//2077
f 1784//1784 1767//1767 2081//2081
f 2078//2078 2077//2077 2082//2082
f 2082//2082 2077//2077 2081//2081
f 2079//2079 2080//2080 2083//2083
f 2083//2083 2080//2080 2084//2084
f 2079//2079 2083//2083 1785//1785
f 1767//1767 2085//2085 2081//2081
f 2082//2082 2081//2081 2086//2086
f 2086//2086 2081//2081 2085//2085
f 2083//2083 2084//2084 2087//2087
f 2087//2087 2084//2084 2088//2088
f 2083//2083 2087//2087 1785//1785
f 1767//1767 2089//2089 2085//2085
f 2086//2086 2085//2085 2090//2090
f 2090//2090 2085//2085 2089//2089
f 2087//2087 2088//2088 2091//2091
f 2091//2091 2088//2088 2092//2092
f 2087//2087 2091//2091 1785//1785
f 1767//1767 2093//2093 2089//2089
f 2090//2090 2089//2089 2094//2094
f 2094//2094 2089//2089 2093//2093
f 2091//2091 2092//2092 2095//2095
f 2095//2095 2092//2092 2096//2096
f 2091//2091 2095//2095 1785//1785
f 1785//1785 1787//1787 1788//1788
f 1767//1767 2097//2097 2093//2093
f 2094//2094 2093//2093 2098//2098
f 2098//2098 2093//2093 2097//2097
f 2095//2095 2096//2096 2099//2099
f 2099//2099 2096//2096 2100//2100
f 2095//2095 2099//2099 1785//1785
f 1767//1767 2101//2101 2097//2097
f 2098//2098 2097//2097 2102//2102
f 2102//2102 2097//2097 2101//2101
f 2099//2099 2100//2100 2103//2103
f 2103//2103 2100//2100 2104//2104
f 2099//2099 2103//2103 1785//1785
f 2102//2102 2101//2101 2105//2105
f 2105//2105 2101//2101 1767//1767
f 2103//2103 2104//2104 2106//2106
f 2106//2106 2104//2104 2107//2107
f 2103//2103 1787//1787 1785//1785
f 2103//2103 2106//2106 1787//1787
f 2105//2105 1767//1767 2108//2108
f 2106//2106 2107//2107 2109//2109
f 2109//2109 2107//2107 2110//2110
f 2106//2106 2109//2109 1787//1787
f 2108//2108 1767//1767 2111//2111
f 2109//2109 2110//2110 2112//2112
f 2112//2112 2110//2110 2113//2113
f 2109//2109 2112//2112 1787//1787
f 2112//2112 2113//2113 2114//2114
f 2114//2114 2113//2113 2115//2115
f 2112//2112 2114//2114 1787//1787
f 1759//1759 2111//2111 1767//1767
f 2114//2114 2115//2115 2117//2117
f 2117//2117 2115//2115 2118//2118
f 2114//2114 2117//2117 1787//1787
f 2117//2117 2118//2118 2119//2119
f 2119//2119 2118//2118 2120//2120
f 2117//2117 2119//2119 1787//1787
f 2119//2119 2120//2120 2121//2121
f 2121//2121 2120//2120 2122//2122
f 2119//2119 2123//2123 1787//1787
f 2119//2119 2121//2121 2123//2123
f 2123//2123 1769//1769 1787//1787
f 2122//2122 2123//2123 2121//2121
f 1746//1746 2111//2111 1697//1697
f 2361//2361 1789//1789 1769//1769
f 2361//2361 2124//2124 1789//1789
f 2125//2125 1746//1746 1790//1790
f 2127//2127 2126//2126 2125//2125
f 2125//2125 2126//2126 1746//1746
f 2127//2127 2128//2128 2126//2126
f 2125//2125 2130//2130 2127//2127
f 2125//2125 1790//1790 2130//2130
f 2128//2128 2127//2127 2131//2131
f 2131//2131 2127//2127 2130//2130
f 2138//2138 2129//2129 2132//2132
f 2132//2132 2129//2129 2133//2133
f 1790//1790 2134//2134 2130//2130
f 2131//2131 2130//2130 2135//2135
f 2135//2135 2130//2130 2134//2134
f 2132//2132 2133//2133 2136//2136
f 2136//2136 2133//2133 2137//2137
f 2132//2132 2136//2136 2138//2138
f 1790//1790 2139//2139 2134//2134
f 2135//2135 2134//2134 2140//2140
f 2140//2140 2134//2134 2139//2139
f 2136//2136 2137//2137 2141//2141
f 2141//2141 2137//2137 2142//2142
f 2136//2136 1792//1792 2138//2138
f 2136//2136 2141//2141 1792//1792
f 1792//1792 1791//1791 2138//2138
f 1790//1790 2143//2143 2139//2139
f 2140//2140 2139//2139 2144//2144
f 2144//2144 2139//2139 2143//2143
f 2141//2141 2142//2142 2145//2145
f 2145//2145 2142//2142 2146//2146
f 2141//2141 2145//2145 1792//1792
f 1790//1790 2147//2147 2143//2143
f 2144//2144 2143//2143 2148//2148
f 2148//2148 2143//2143 2147//2147
f 2145//2145 2146//2146 2149//2149
f 2149//2149 2146//2146 2150//2150
f 2145//2145 2149//2149 1792//1792
f 1790//1790 2151//2151 2147//2147
f 2148//2148 2147//2147 2152//2152
f 2152//2152 2147//2147 2151//2151
f 2149//2149 2150//2150 2153//2153
f 2153//2153 2150//2150 2154//2154
f 2149//2149 2153//2153 1792//1792
f 1790//1790 2155//2155 2151//2151
f 1790//1790 1793//1793 2155//2155
f 2152//2152 2151//2151 2156//2156
f 2156//2156 2151//2151 2155//2155
f 2153//2153 2154//2154 2157//2157
f 2157//2157 2154//2154 2158//2158
f 2153//2153 2157//2157 1792//1792
f 1793//1793 2159//2159 2155//2155
f 2156//2156 2155//2155 2160//2160
f 2160//2160 2155//2155 2159//2159
f 2157//2157 2158//2158 2161//2161
f 2161//2161 2158//2158 2162//2162
f 2157//2157 2161//2161 1792//1792
f 1793//1793 2163//2163 2159//2159
f 2160//2160 2159//2159 2164//2164
f 2164//2164 2159//2159 2163//2163
f 2161//2161 2162//2162 2165//2165
f 2165//2165 2162//2162 2166//2166
f 2161//2161 2165//2165 1792//1792
f 1793//1793 2167//2167 2163//2163
f 2164//2164 2163//2163 2168//2168
f 2168//2168 2163//2163 2167//2167
f 2165//2165 2166//2166 2169//2169
f 2169//2169 2166//2166 2170//2170
f 2165//2165 2169//2169 1792//1792
f 1793//1793 2171//2171 2167//2167
f 1793//1793 1795//1795 2171//2171
f 2168//2168 2167//2167 2172//2172
f 2172//2172 2167//2167 2171//2171
f 2169//2169 2170//2170 2173//2173
f 2173//2173 2170//2170 2174//2174
f 2169//2169 1794//1794 1792//1792
f 2169//2169 2173//2173 1794//1794
f 1795//1795 2175//2175 2171//2171
f 2172//2172 2171//2171 2176//2176
f 2176//2176 2171//2171 2175//2175
f 2173//2173 2174//2174 2177//2177
f 2177//2177 2174//2174 2178//2178
f 2173//2173 2177//2177 1794//1794
f 1795//1795 2179//2179 2175//2175
f 2176//2176 2175//2175 2180//2180
f 2180//2180 2175//2175 2179//2179
f 2177//2177 2178//2178 2181//2181
f 2181//2181 2178//2178 2182//2182
f 2177//2177 2181//2181 1794//1794
f 1795//1795 2183//2183 2179//2179
f 2180//2180 2179//2179 2184//2184
f 2184//2184 2179//2179 2183//2183
f 2181//2181 2182//2182 2185//2185
f 2185//2185 2182//2182 2186//2186
f 2181//2181 2185//2185 1794//1794
f 1795//1795 2187//2187 2183//2183
f 2184//2184 2183//2183 2188//2188
f 2188//2188 2183//2183 2187//2187
f 2185//2185 2186//2186 2189//2189
f 2189//2189 2186//2186 2190//2190
f 2185//2185 2189//2189 1794//1794
f 1795//1795 2191//2191 2187//2187
f 2188//2188 2187//2187 2192//2192
f 2192//2192 2187//2187 2191//2191
f 2189//2189 2190//2190 2193//2193
f 2193//2193 2190//2190 2194//2194
f 2189//2189 2193//2193 1794//1794
f 1795//1795 2195//2195 2191//2191
f 2192//2192 2191//2191 2196//2196
f 2196//2196 2191//2191 2195//2195
f 2193//2193 2194//2194 2197//2197
f 2197//2197 2194//2194 2198//2198
f 2193//2193 2197//2197 1794//1794
f 1794//1794 2235//2235 1796//1796
f 1795//1795 2199//2199 2195//2195
f 2196//2196 2195//2195 2200//2200
f 2200//2200 2195//2195 2199//2199
f 2197//2197 2198//2198 2201//2201
f 2201//2201 2198//2198 2202//2202
f 2197//2197 2201//2201 1794//1794
f 1795//1795 2203//2203 2199//2199
f 1795//1795 1771//1771 2203//2203
f 2200//2200 2199//2199 2204//2204
f 2204//2204 2199//2199 2203//2203
f 2201//2201 2202//2202 2205//2205
f 2205//2205 2202//2202 2206//2206
f 2201//2201 2235//2235 1794//1794
f 2201//2201 2205//2205 2235//2235
f 1771//1771 2207//2207 2203//2203
f 2204//2204 2203//2203 2208//2208
f 2208//2208 2203//2203 2207//2207
f 2205//2205 2206//2206 2209//2209
f 2209//2209 2206//2206 2210//2210
f 2205//2205 2209//2209 2235//2235
f 1771//1771 2211//2211 2207//2207
f 2208//2208 2207//2207 2212//2212
f 2212//2212 2207//2207 2211//2211
f 2209//2209 2210//2210 2213//2213
f 2213//2213 2210//2210 2214//2214
f 2209//2209 2213//2213 2235//2235
f 1771//1771 2215//2215 2211//2211
f 2212//2212 2211//2211 2216//2216
f 2216//2216 2211//2211 2215//2215
f 2213//2213 2214//2214 2217//2217
f 2217//2217 2214//2214 2218//2218
f 2213//2213 2217//2217 2235//2235
f 1771//1771 2219//2219 2215//2215
f 2216//2216 2215//2215 2220//2220
f 2220//2220 2215//2215 2219//2219
f 2217//2217 2218//2218 2221//2221
f 2221//2221 2218//2218 2222//2222
f 2217//2217 2221//2221 2235//2235
f 2235//2235 2252//2252 1796//1796
f 1771//1771 2223//2223 2219//2219
f 2220//2220 2219//2219 2224//2224
f 2224//2224 2219//2219 2223//2223
f 2221//2221 2222//2222 2225//2225
f 2225//2225 2222//2222 2226//2226
f 2221//2221 2225//2225 2235//2235
f 1771//1771 2227//2227 2223//2223
f 2224//2224 2223//2223 2228//2228
f 2228//2228 2223//2223 2227//2227
f 2225//2225 2226//2226 2229//2229
f 2229//2229 2226//2226 2230//2230
f 2225//2225 2229//2229 2235//2235
f 1771//1771 2231//2231 2227//2227
f 2228//2228 2227//2227 2232//2232
f 2232//2232 2227//2227 2231//2231
f 2229//2229 2230//2230 2233//2233
f 2233//2233 2230//2230 2234//2234
f 2229//2229 2233//2233 2235//2235
f 1771//1771 2236//2236 2231//2231
f 1771//1771 1733//1733 2236//2236
f 2232//2232 2231//2231 2237//2237
f 2237//2237 2231//2231 2236//2236
f 2233//2233 2234//2234 2238//2238
f 2238//2238 2234//2234 2239//2239
f 2233//2233 2252//2252 2235//2235
f 2233//2233 2238//2238 2252//2252
f 1733//1733 2240//2240 2236//2236
f 2237//2237 2236//2236 2241//2241
f 2241//2241 2236//2236 2240//2240
f 2238//2238 2239//2239 2242//2242
f 2242//2242 2239//2239 2243//2243
f 2238//2238 2242//2242 2252//2252
f 1733//1733 2244//2244 2240//2240
f 2241//2241 2240//2240 2245//2245
f 2245//2245 2240//2240 2244//2244
f 2242//2242 2243//2243 2246//2246
f 2246//2246 2243//2243 2247//2247
f 2242//2242 2246//2246 2252//2252
f 1733//1733 2248//2248 2244//2244
f 2245//2245 2244//2244 2249//2249
f 2249//2249 2244//2244 2248//2248
f 2246//2246 2247//2247 2250//2250
f 2250//2250 2247//2247 2251//2251
f 2246//2246 2250//2250 2252//2252
f 1733//1733 2253//2253 2248//2248
f 2249//2249 2248//2248 2254//2254
f 2254//2254 2248//2248 2253//2253
f 2250//2250 2251//2251 2255//2255
f 2255//2255 2251//2251 2256//2256
f 2250//2250 2281//2281 2252//2252
f 2250//2250 2255//2255 2281//2281
f 1733//1733 2257//2257 2253//2253
f 2254//2254 2253//2253 2258//2258
f 2258//2258 2253//2253 2257//2257
f 2255//2255 2256//2256 2259//2259
f 2259//2259 2256//2256 2260//2260
f 2255//2255 2259//2259 2281//2281
f 1733//1733 2261//2261 2257//2257
f 2258//2258 2257//2257 2262//2262
f 2262//2262 2257//2257 2261//2261
f 2259//2259 2260//2260 2263//2263
f 2263//2263 2260//2260 2264//2264
f 2259//2259 2263//2263 2281//2281
f 1733//1733 2265//2265 2261//2261
f 2262//2262 2261//2261 2266//2266
f 2266//2266 2261//2261 2265//2265
f 2263//2263 2264//2264 2267//2267
f 2267//2267 2264//2264 2268//2268
f 2263//2263 2267//2267 2281//2281
f 1733//1733 2269//2269 2265//2265
f 2266//2266 2265//2265 2270//2270
f 2270//2270 2265//2265 2269//2269
f 2267//2267 2268//2268 2271//2271
f 2267//2267 2271//2271 2281//2281
f 1733//1733 2272//2272 2269//2269
f 2270//2270 2269//2269 2273//2273
f 2273//2273 2269//2269 2272//2272
f 2271//2271 2268//2268 2274//2274
f 2274//2274 2268//2268 2275//2275
f 2271//2271 2274//2274 2281//2281
f 1733//1733 2276//2276 2272//2272
f 2273//2273 2272//2272 2277//2277
f 2277//2277 2272//2272 2276//2276
f 2274//2274 2275//2275 2281//2281
f 1733//1733 2278//2278 2276//2276
f 2277//2277 2276//2276 2279//2279
f 2279//2279 2276//2276 2278//2278
f 2275//2275 2280//2280 2281//2281
f 2279//2279 2278//2278 2282//2282
f 2282//2282 2278//2278 1733//1733
f 2280//2280 1772//1772 2281//2281
f 2282//2282 1733//1733 2283//2283
f 2280//2280 2275//2275 2285//2285
f 2280//2280 2285//2285 1772//1772
f 2284//2284 2283//2283 2317//2317
f 2285//2285 2318//2318 1772//1772
f 2317//2317 2283//2283 1735//1735
f 2302//2302 2287//2287 1663//1663
f 2318//2318 1774//1774 1799//1799
f 2305//2305 2324//2324 1656//1656
f 1754//1754 1800//1800 1643//1643
f 2341//2341 1801//1801 1800//1800
f 2341//2341 1803//1803 1801//1801
f 2352//2352 2305//2305 1816//1816
f 2341//2341 1805//1805 1803//1803
f 2341//2341 1807//1807 1805//1805
f 2341//2341 1809//1809 1807//1807
f 2341//2341 1811//1811 1809//1809
f 2341//2341 1813//1813 1811//1811
f 2341//2341 1818//1818 1813//1813
f 2306//2306 1816//1816 1823//1823
f 2341//2341 1821//1821 1818//1818
f 2342//2342 1825//1825 1821//1821
f 2342//2342 1821//1821 2341//2341
f 2342//2342 1829//1829 1825//1825
f 1831//1831 1823//1823 1827//1827
f 2342//2342 1833//1833 1829//1829
f 1835//1835 1823//1823 1831//1831
f 2342//2342 1837//1837 1833//1833
f 1839//1839 1823//1823 1835//1835
f 2342//2342 1841//1841 1837//1837
f 1843//1843 1823//1823 1839//1839
f 2342//2342 1845//1845 1841//1841
f 1847//1847 1823//1823 1843//1843
f 2325//2325 1849//1849 1845//1845
f 2325//2325 1845//1845 2342//2342
f 1851//1851 2307//2307 1823//1823
f 1851//1851 1823//1823 1847//1847
f 2325//2325 1853//1853 1849//1849
f 1855//1855 2307//2307 1851//1851
f 2325//2325 1857//1857 1853//1853
f 1859//1859 2307//2307 1855//1855
f 2325//2325 1861//1861 1857//1857
f 1864//1864 2307//2307 1859//1859
f 2325//2325 1866//1866 1861//1861
f 1868//1868 2307//2307 1864//1864
f 2325//2325 1870//1870 1866//1866
f 1872//1872 2307//2307 1868//1868
f 2325//2325 1874//1874 1870//1870
f 1876//1876 2307//2307 1872//1872
f 2325//2325 1878//1878 1874//1874
f 1880//1880 2307//2307 1876//1876
f 2325//2325 1882//1882 1878//1878
f 1884//1884 2289//2289 2307//2307
f 1884//1884 2307//2307 1880//1880
f 2325//2325 1886//1886 1882//1882
f 1888//1888 2289//2289 1884//1884
f 2325//2325 1890//1890 1886//1886
f 1892//1892 2289//2289 1888//1888
f 2325//2325 1894//1894 1890//1890
f 1896//1896 2289//2289 1892//1892
f 2327//2327 1898//1898 1894//1894
f 2327//2327 1894//1894 2325//2325
f 1900//1900 2289//2289 1896//1896
f 2327//2327 1902//1902 1898//1898
f 1904//1904 2289//2289 1900//1900
f 2327//2327 1906//1906 1902//1902
f 1908//1908 2289//2289 1904//1904
f 2327//2327 1910//1910 1906//1906
f 1912//1912 2289//2289 1908//1908
f 2327//2327 1914//1914 1910//1910
f 1916//1916 2290//2290 2289//2289
f 1916//1916 2289//2289 1912//1912
f 2327//2327 1918//1918 1914//1914
f 1920//1920 2290//2290 1916//1916
f 1938//1938 1922//1922 1918//1918
f 1938//1938 1918//1918 2327//2327
f 1924//1924 2290//2290 1920//1920
f 1938//1938 1926//1926 1922//1922
f 1929//1929 2290//2290 1924//1924
f 1938//1938 1931//1931 1926//1926
f 1928//1928 2290//2290 1929//1929
f 1938//1938 1933//1933 1931//1931
f 1934//1934 2290//2290 1928//1928
f 1938//1938 1936//1936 1933//1933
f 1944//1944 1943//1943 1934//1934
f 1943//1943 1944//1944 2346//2346
f 2347//2347 2291//2291 1948//1948
f 2291//2291 1946//1946 1948//1948
f 2291//2291 2346//2346 1946//1946
f 1949//1949 1958//1958 2292//2292
f 1958//1958 2309//2309 2292//2292
f 1781//1781 2309//2309 1958//1958
f 1951//1951 2347//2347 1948//1948
f 2309//2309 1953//1953 1949//1949
f 2309//2309 1949//1949 2292//2292
f 1955//1955 2347//2347 1951//1951
f 2311//2311 1957//1957 1953//1953
f 2311//2311 1953//1953 2309//2309
f 1960//1960 2347//2347 1955//1955
f 2311//2311 1962//1962 1957//1957
f 1964//1964 2347//2347 1960//1960
f 2311//2311 1966//1966 1962//1962
f 1968//1968 2293//2293 2347//2347
f 1968//1968 2347//2347 1964//1964
f 2311//2311 1970//1970 1966//1966
f 1972//1972 2293//2293 1968//1968
f 2328//2328 1974//1974 1970//1970
f 2328//2328 1970//1970 2311//2311
f 1976//1976 2293//2293 1972//1972
f 2328//2328 1978//1978 1974//1974
f 1980//1980 2293//2293 1976//1976
f 2328//2328 1982//1982 1978//1978
f 1984//1984 2293//2293 1980//1980
f 2328//2328 1986//1986 1982//1982
f 1988//1988 2293//2293 1984//1984
f 2328//2328 1990//1990 1986//1986
f 1993//1993 2293//2293 1988//1988
f 2328//2328 1995//1995 1990//1990
f 1997//1997 2293//2293 1993//1993
f 2312//2312 1999//1999 1995//1995
f 2312//2312 1995//1995 2328//2328
f 2001//2001 2294//2294 2293//2293
f 2001//2001 2293//2293 1997//1997
f 2312//2312 2003//2003 1999//1999
f 2005//2005 2294//2294 2001//2001
f 2312//2312 2007//2007 2003//2003
f 2009//2009 2294//2294 2005//2005
f 2312//2312 2011//2011 2007//2007
f 2013//2013 2294//2294 2009//2009
f 2312//2312 2015//2015 2011//2011
f 2017//2017 2294//2294 2013//2013
f 2312//2312 2019//2019 2015//2015
f 2021//2021 2294//2294 2017//2017
f 2376//2376 2023//2023 2019//2019
f 2376//2376 2019//2019 2312//2312
f 2025//2025 2294//2294 2021//2021
f 2376//2376 2027//2027 2023//2023
f 2029//2029 2294//2294 2025//2025
f 2376//2376 2031//2031 2027//2027
f 2033//2033 2313//2313 2294//2294
f 2033//2033 2294//2294 2029//2029
f 2376//2376 2035//2035 2031//2031
f 2037//2037 2313//2313 2033//2033
f 2376//2376 2039//2039 2035//2035
f 2041//2041 2313//2313 2037//2037
f 2376//2376 2043//2043 2039//2039
f 2045//2045 2313//2313 2041//2041
f 2376//2376 2047//2047 2043//2043
f 2049//2049 2313//2313 2045//2045
f 2376//2376 2051//2051 2047//2047
f 2053//2053 2313//2313 2049//2049
f 2376//2376 2055//2055 2051//2051
f 2058//2058 2313//2313 2053//2053
f 2376//2376 2060//2060 2055//2055
f 2062//2062 2313//2313 2058//2058
f 2376//2376 2064//2064 2060//2060
f 2066//2066 2295//2295 2313//2313
f 2066//2066 2313//2313 2062//2062
f 2376//2376 2068//2068 2064//2064
f 2070//2070 2295//2295 2066//2066
f 2330//2330 2072//2072 2068//2068
f 2330//2330 2068//2068 2376//2376
f 2074//2074 2295//2295 2070//2070
f 2330//2330 2076//2076 2072//2072
f 2078//2078 2295//2295 2074//2074
f 2330//2330 2080//2080 2076//2076
f 2082//2082 2295//2295 2078//2078
f 2330//2330 2084//2084 2080//2080
f 2086//2086 2295//2295 2082//2082
f 2330//2330 2088//2088 2084//2084
f 2090//2090 2295//2295 2086//2086
f 2330//2330 2092//2092 2088//2088
f 2094//2094 2295//2295 2090//2090
f 2330//2330 2096//2096 2092//2092
f 2098//2098 2295//2295 2094//2094
f 2330//2330 2100//2100 2096//2096
f 2102//2102 2295//2295 2098//2098
f 2330//2330 2104//2104 2100//2100
f 2105//2105 2295//2295 2102//2102
f 2330//2330 2107//2107 2104//2104
f 2108//2108 2295//2295 2105//2105
f 2330//2330 2110//2110 2107//2107
f 2111//2111 2116//2116 2295//2295
f 2111//2111 2295//2295 2108//2108
f 2330//2330 2113//2113 2110//2110
f 2382//2382 2115//2115 2113//2113
f 2382//2382 2113//2113 2330//2330
f 2382//2382 2118//2118 2115//2115
f 2382//2382 2120//2120 2118//2118
f 2382//2382 2122//2122 2120//2120
f 2460//2460 2111//2111 1746//1746
f 2116//2116 2111//2111 2460//2460
f 2382//2382 2296//2296 2122//2122
f 2296//2296 2123//2123 2122//2122
f 2296//2296 2361//2361 2123//2123
f 2123//2123 2361//2361 1769//1769
f 1791//1791 2124//2124 2361//2361
f 2299//2299 2297//2297 2128//2128
f 2297//2297 2126//2126 2128//2128
f 2297//2297 1746//1746 2126//2126
f 2129//2129 2138//2138 2298//2298
f 2138//2138 2314//2314 2298//2298
f 1791//1791 2314//2314 2138//2138
f 2131//2131 2299//2299 2128//2128
f 2314//2314 2133//2133 2129//2129
f 2314//2314 2129//2129 2298//2298
f 2135//2135 2299//2299 2131//2131
f 2315//2315 2137//2137 2133//2133
f 2315//2315 2133//2133 2314//2314
f 2140//2140 2299//2299 2135//2135
f 2315//2315 2142//2142 2137//2137
f 2144//2144 2299//2299 2140//2140
f 2315//2315 2146//2146 2142//2142
f 2148//2148 2332//2332 2299//2299
f 2148//2148 2299//2299 2144//2144
f 2315//2315 2150//2150 2146//2146
f 2152//2152 2332//2332 2148//2148
f 2333//2333 2154//2154 2150//2150
f 2333//2333 2150//2150 2315//2315
f 2156//2156 2332//2332 2152//2152
f 2333//2333 2158//2158 2154//2154
f 2160//2160 2332//2332 2156//2156
f 2333//2333 2162//2162 2158//2158
f 2164//2164 2332//2332 2160//2160
f 2333//2333 2166//2166 2162//2162
f 2168//2168 2332//2332 2164//2164
f 2333//2333 2170//2170 2166//2166
f 2172//2172 2332//2332 2168//2168
f 2333//2333 2174//2174 2170//2170
f 2176//2176 2332//2332 2172//2172
f 2316//2316 2178//2178 2174//2174
f 2316//2316 2174//2174 2333//2333
f 2180//2180 2332//2332 2176//2176
f 2316//2316 2182//2182 2178//2178
f 2184//2184 2332//2332 2180//2180
f 2316//2316 2186//2186 2182//2182
f 2188//2188 2332//2332 2184//2184
f 2316//2316 2190//2190 2186//2186
f 2192//2192 2332//2332 2188//2188
f 2316//2316 2194//2194 2190//2190
f 2196//2196 2332//2332 2192//2192
f 2316//2316 2198//2198 2194//2194
f 2200//2200 2332//2332 2196//2196
f 2334//2334 2202//2202 2198//2198
f 2334//2334 2198//2198 2316//2316
f 2204//2204 2332//2332 2200//2200
f 2334//2334 2206//2206 2202//2202
f 2208//2208 2332//2332 2204//2204
f 2334//2334 2210//2210 2206//2206
f 2212//2212 2300//2300 2332//2332
f 2212//2212 2332//2332 2208//2208
f 2334//2334 2214//2214 2210//2210
f 2216//2216 2300//2300 2212//2212
f 2334//2334 2218//2218 2214//2214
f 2220//2220 2300//2300 2216//2216
f 2334//2334 2222//2222 2218//2218
f 2224//2224 2300//2300 2220//2220
f 2334//2334 2226//2226 2222//2222
f 2228//2228 2300//2300 2224//2224
f 2334//2334 2230//2230 2226//2226
f 2232//2232 2300//2300 2228//2228
f 2334//2334 2234//2234 2230//2230
f 2237//2237 2300//2300 2232//2232
f 2334//2334 2239//2239 2234//2234
f 2241//2241 2300//2300 2237//2237
f 2334//2334 2243//2243 2239//2239
f 2245//2245 2301//2301 2300//2300
f 2245//2245 2300//2300 2241//2241
f 2334//2334 2247//2247 2243//2243
f 2249//2249 2301//2301 2245//2245
f 2268//2268 2251//2251 2247//2247
f 2268//2268 2247//2247 2334//2334
f 2254//2254 2301//2301 2249//2249
f 2268//2268 2256//2256 2251//2251
f 2258//2258 2301//2301 2254//2254
f 2268//2268 2260//2260 2256//2256
f 2262//2262 2301//2301 2258//2258
f 2268//2268 2264//2264 2260//2260
f 2266//2266 2301//2301 2262//2262
f 2270//2270 2301//2301 2266//2266
f 2273//2273 2301//2301 2270//2270
f 2277//2277 2301//2301 2273//2273
f 2279//2279 2301//2301 2277//2277
f 2282//2282 2301//2301 2279//2279
f 2283//2283 2301//2301 2282//2282
f 2284//2284 2301//2301 2283//2283
f 2317//2317 2301//2301 2284//2284
f 2303//2303 1798//1798 1774//1774
f 2318//2318 2304//2304 1774//1774
f 1738//1738 2398//2398 1636//1636
f 2341//2341 1800//1800 1754//1754
f 2341//2341 1754//1754 2369//2369
f 2307//2307 2306//2306 1823//1823
f 2327//2327 2308//2308 1938//1938
f 1941//1941 1938//1938 2308//2308
f 1943//1943 2290//2290 1934//1934
f 1941//1941 2344//2344 1780//1780
f 1941//1941 1780//1780 1942//1942
f 2346//2346 2291//2291 2347//2347
f 2309//2309 1781//1781 1780//1780
f 2295//2295 2116//2116 2313//2313
f 2382//2382 2361//2361 2296//2296
f 2314//2314 1791//1791 2361//2361
f 1746//1746 2297//2297 2299//2299
f 2335//2335 2268//2268 2334//2334
f 2336//2336 2275//2275 2268//2268
f 2337//2337 2275//2275 2336//2336
f 2337//2337 2285//2285 2275//2275
f 2318//2318 2285//2285 2337//2337
f 1775//1775 2287//2287 2302//2302
f 2319//2319 2320//2320 2317//2317
f 2322//2322 2321//2321 2318//2318
f 2317//2317 1775//1775 2319//2319
f 2320//2320 2320//2320 2319//2319
f 1775//1775 2320//2320 2319//2319
f 2323//2323 2320//2320 1775//1775
f 2392//2392 2323//2323 1775//1775
f 2393//2393 1775//1775 2302//2302
f 2351//2351 2303//2303 1774//1774
f 2321//2321 2351//2351 1774//1774
f 2304//2304 2318//2318 2321//2321
f 2321//2321 2304//2304 2321//2321
f 1774//1774 2304//2304 2321//2321
f 1717//1717 1753//1753 2399//2399
f 1717//1717 2399//2399 1760//1760
f 1708//1708 2369//2369 1754//1754
f 2305//2305 2352//2352 2324//2324
f 1816//1816 2306//2306 2352//2352
f 2307//2307 2289//2289 2326//2326
f 2356//2356 2327//2327 2325//2325
f 2308//2308 2327//2327 2343//2343
f 2289//2289 2290//2290 1943//1943
f 2343//2343 1941//1941 2308//2308
f 2344//2344 1941//1941 2343//2343
f 2311//2311 2309//2309 1780//1780
f 2329//2329 2330//2330 2376//2376
f 2116//2116 2348//2348 2313//2313
f 2331//2331 2382//2382 2330//2330
f 2315//2315 2314//2314 2361//2361
f 2333//2333 2350//2350 2316//2316
f 2316//2316 2385//2385 2334//2334
f 2335//2335 2336//2336 2268//2268
f 2301//2301 2338//2338 2367//2367
f 2301//2301 2317//2317 2338//2338
f 2317//2317 2339//2339 2338//2338
f 2337//2337 2391//2391 2318//2318
f 2339//2339 2317//2317 2320//2320
f 2320//2320 2339//2339 2320//2320
f 2338//2338 2339//2339 2320//2320
f 2303//2303 2302//2302 2286//2286
f 2340//2340 2321//2321 2391//2391
f 2321//2321 2321//2321 2322//2322
f 2391//2391 2321//2321 2322//2322
f 2391//2391 2322//2322 2318//2318
f 2320//2320 2320//2320 2320//2320
f 2320//2320 2320//2320 2323//2323
f 2320//2320 2323//2323 2338//2338
f 2338//2338 2323//2323 2392//2392
f 2393//2393 2302//2302 2351//2351
f 2351//2351 2302//2302 2303//2303
f 2391//2391 2351//2351 2340//2340
f 2340//2340 2351//2351 2321//2321
f 2340//2340 2321//2321 2321//2321
f 2321//2321 2321//2321 2321//2321
f 2324//2324 1738//1738 1635//1635
f 1760//1760 2399//2399 1708//1708
f 1708//1708 2399//2399 2369//2369
f 2341//2341 2353//2353 2342//2342
f 2355//2355 2325//2325 2342//2342
f 2356//2356 2325//2325 2355//2355
f 2306//2306 2307//2307 2326//2326
f 2327//2327 2356//2356 2405//2405
f 2344//2344 2345//2345 1780//1780
f 2347//2347 2310//2310 2346//2346
f 2359//2359 2328//2328 2311//2311
f 2359//2359 2375//2375 2328//2328
f 2313//2313 2348//2348 2294//2294
f 2376//2376 2312//2312 2328//2328
f 2329//2329 2376//2376 2377//2377
f 2331//2331 2330//2330 2329//2329
f 1746//1746 2299//2299 2460//2460
f 2349//2349 2333//2333 2315//2315
f 2385//2385 2316//2316 2350//2350
f 2335//2335 2334//2334 2385//2385
f 2389//2389 2336//2336 2335//2335
f 2337//2337 2336//2336 2389//2389
f 2391//2391 2337//2337 2389//2389
f 2397//2397 2393//2393 2351//2351
f 2368//2368 2397//2397 2351//2351
f 2351//2351 2391//2391 2368//2368
f 2398//2398 1752//1752 1636//1636
f 2401//2401 1738//1738 2324//2324
f 2352//2352 2370//2370 2324//2324
f 2324//2324 2370//2370 2403//2403
f 2353//2353 2355//2355 2342//2342
f 2306//2306 2354//2354 2352//2352
f 2306//2306 2326//2326 2409//2409
f 2371//2371 2343//2343 2327//2327
f 2371//2371 2344//2344 2343//2343
f 2372//2372 2344//2344 2371//2371
f 2289//2289 2409//2409 2326//2326
f 2289//2289 1943//1943 2358//2358
f 2450//2450 2345//2345 2344//2344
f 2311//2311 1780//1780 2345//2345
f 1943//1943 2346//2346 2310//2310
f 2376//2376 2328//2328 2375//2375
f 2294//2294 2348//2348 2293//2293
f 2378//2378 2329//2329 2377//2377
f 2331//2331 2329//2329 2378//2378
f 2348//2348 2116//2116 2383//2383
f 2381//2381 2382//2382 2331//2331
f 2361//2361 2458//2458 2362//2362
f 2382//2382 2458//2458 2361//2361
f 2460//2460 2299//2299 2461//2461
f 2423//2423 2349//2349 2362//2362
f 2299//2299 2363//2363 2461//2461
f 2332//2332 2363//2363 2299//2299
f 2349//2349 2384//2384 2333//2333
f 2350//2350 2333//2333 2384//2384
f 2332//2332 2364//2364 2363//2363
f 2385//2385 2350//2350 2384//2384
f 2332//2332 2365//2365 2364//2364
f 2332//2332 2300//2300 2365//2365
f 2429//2429 2386//2386 2385//2385
f 2386//2386 2335//2335 2385//2385
f 2366//2366 2389//2389 2335//2335
f 2392//2392 2367//2367 2338//2338
f 1723//1723 2288//2288 1752//1752
f 2401//2401 2398//2398 1738//1738
f 1723//1723 2399//2399 1753//1753
f 2324//2324 2403//2403 2401//2401
f 2369//2369 2353//2353 2341//2341
f 2404//2404 2353//2353 2369//2369
f 2352//2352 2354//2354 2370//2370
f 2404//2404 2355//2355 2353//2353
f 2404//2404 2356//2356 2355//2355
f 2357//2357 2445//2445 2306//2306
f 2306//2306 2445//2445 2354//2354
f 2405//2405 2356//2356 2404//2404
f 2409//2409 2357//2357 2306//2306
f 2371//2371 2327//2327 2405//2405
f 2372//2372 2371//2371 2442//2442
f 2344//2344 2372//2372 2442//2442
f 2442//2442 2373//2373 2344//2344
f 2358//2358 2409//2409 2289//2289
f 2373//2373 2450//2450 2344//2344
f 2358//2358 1943//1943 2409//2409
f 2374//2374 1943//1943 2310//2310
f 2310//2310 2413//2413 2411//2411
f 2412//2412 2359//2359 2360//2360
f 2347//2347 2413//2413 2310//2310
f 2347//2347 2293//2293 2413//2413
f 2412//2412 2375//2375 2359//2359
f 2348//2348 2415//2415 2293//2293
f 2419//2419 2418//2418 2331//2331
f 2379//2379 2331//2331 2418//2418
f 2348//2348 2383//2383 2415//2415
f 2381//2381 2331//2331 2379//2379
f 2379//2379 2382//2382 2381//2381
f 2362//2362 2315//2315 2361//2361
f 2362//2362 2349//2349 2315//2315
f 2424//2424 2349//2349 2423//2423
f 2424//2424 2426//2426 2349//2349
f 2426//2426 2384//2384 2349//2349
f 2431//2431 2335//2335 2386//2386
f 2301//2301 2365//2365 2300//2300
f 2387//2387 2335//2335 2431//2431
f 2367//2367 2365//2365 2301//2301
f 2387//2387 2366//2366 2335//2335
f 2389//2389 2366//2366 2387//2387
f 2367//2367 2390//2390 2365//2365
f 2367//2367 2392//2392 2390//2390
f 2365//2365 2390//2390 2392//2392
f 2387//2387 2368//2368 2391//2391
f 2387//2387 2391//2391 2389//2389
f 2394//2394 2472//2472 2393//2393
f 2395//2395 2395//2395 2394//2394
f 2394//2394 2395//2395 2472//2472
f 2397//2397 2396//2396 2395//2395
f 2395//2395 2396//2396 2395//2395
f 2397//2397 2470//2470 2396//2396
f 2392//2392 1775//1775 2393//2393
f 2393//2393 2397//2397 2394//2394
f 2394//2394 2397//2397 2395//2395
f 2470//2470 2397//2397 2368//2368
f 2399//2399 1723//1723 2369//2369
f 2402//2402 2369//2369 1723//1723
f 2402//2402 2404//2404 2369//2369
f 2401//2401 2403//2403 2400//2400
f 2435//2435 2401//2401 2400//2400
f 2436//2436 2404//2404 2402//2402
f 2370//2370 2354//2354 2403//2403
f 2436//2436 2405//2405 2404//2404
f 2436//2436 2437//2437 2405//2405
f 2437//2437 2439//2439 2405//2405
f 2354//2354 2445//2445 2403//2403
f 2439//2439 2371//2371 2405//2405
f 2439//2439 2406//2406 2371//2371
f 2439//2439 2442//2442 2406//2406
f 2442//2442 2371//2371 2406//2406
f 2357//2357 2408//2408 2445//2445
f 2443//2443 2446//2446 2442//2442
f 2357//2357 2407//2407 2408//2408
f 2409//2409 2407//2407 2357//2357
f 2446//2446 2373//2373 2442//2442
f 2446//2446 2448//2448 2450//2450
f 2450//2450 2373//2373 2446//2446
f 2410//2410 2450//2450 2448//2448
f 2374//2374 2409//2409 1943//1943
f 2360//2360 2359//2359 2345//2345
f 2345//2345 2359//2359 2311//2311
f 2477//2477 2412//2412 2360//2360
f 2411//2411 2413//2413 2414//2414
f 2412//2412 2452//2452 2375//2375
f 2452//2452 2376//2376 2375//2375
f 2453//2453 2376//2376 2452//2452
f 2293//2293 2415//2415 2413//2413
f 2415//2415 2417//2417 2413//2413
f 2377//2377 2376//2376 2453//2453
f 2453//2453 2378//2378 2377//2377
f 2453//2453 2416//2416 2378//2378
f 2416//2416 2414//2414 2378//2378
f 2414//2414 2455//2455 2378//2378
f 2455//2455 2331//2331 2378//2378
f 2419//2419 2331//2331 2455//2455
f 2415//2415 2420//2420 2417//2417
f 2415//2415 2380//2380 2420//2420
f 2418//2418 2456//2456 2379//2379
f 2456//2456 2382//2382 2379//2379
f 2415//2415 2383//2383 2380//2380
f 2458//2458 2382//2382 2456//2456
f 2475//2475 2362//2362 2458//2458
f 2383//2383 2116//2116 2460//2460
f 2383//2383 2460//2460 2380//2380
f 2422//2422 2424//2424 2423//2423
f 2363//2363 2428//2428 2461//2461
f 2426//2426 2385//2385 2384//2384
f 2462//2462 2385//2385 2426//2426
f 2462//2462 2429//2429 2385//2385
f 2462//2462 2427//2427 2429//2429
f 2363//2363 2388//2388 2428//2428
f 2365//2365 2363//2363 2364//2364
f 2365//2365 2388//2388 2363//2363
f 2431//2431 2386//2386 2429//2429
f 2430//2430 2432//2432 2387//2387
f 2387//2387 2431//2431 2430//2430
f 2432//2432 2465//2465 2387//2387
f 2388//2388 2392//2392 2468//2468
f 2465//2465 2469//2469 2387//2387
f 2365//2365 2433//2433 2388//2388
f 2433//2433 2392//2392 2388//2388
f 2466//2466 2368//2368 2387//2387
f 2392//2392 2433//2433 2365//2365
f 2392//2392 2472//2472 2468//2468
f 2466//2466 2434//2434 2368//2368
f 2472//2472 2392//2392 2393//2393
f 2472//2472 2395//2395 2396//2396
f 2472//2472 2396//2396 2470//2470
f 2470//2470 2368//2368 2434//2434
f 2401//2401 2435//2435 2398//2398
f 2398//2398 2435//2435 1752//1752
f 1723//1723 1752//1752 2402//2402
f 1752//1752 2435//2435 2402//2402
f 2435//2435 2436//2436 2402//2402
f 2400//2400 2436//2436 2435//2435
f 2403//2403 2438//2438 2400//2400
f 2437//2437 2436//2436 2400//2400
f 2447//2447 2440//2440 2403//2403
f 2403//2403 2441//2441 2438//2438
f 2400//2400 2439//2439 2437//2437
f 2403//2403 2440//2440 2441//2441
f 2438//2438 2439//2439 2400//2400
f 2438//2438 2441//2441 2442//2442
f 2438//2438 2442//2442 2439//2439
f 2445//2445 2447//2447 2403//2403
f 2447//2447 2443//2443 2440//2440
f 2440//2440 2442//2442 2441//2441
f 2440//2440 2443//2443 2442//2442
f 2447//2447 2444//2444 2443//2443
f 2444//2444 2447//2447 2446//2446
f 2444//2444 2446//2446 2443//2443
f 2447//2447 2445//2445 2448//2448
f 2447//2447 2448//2448 2446//2446
f 2408//2408 2448//2448 2445//2445
f 2407//2407 2473//2473 2408//2408
f 2408//2408 2473//2473 2448//2448
f 2409//2409 2449//2449 2407//2407
f 2407//2407 2449//2449 2473//2473
f 2448//2448 2473//2473 2410//2410
f 2374//2374 2310//2310 2411//2411
f 2477//2477 2360//2360 2345//2345
f 2451//2451 2412//2412 2477//2477
f 2414//2414 2451//2451 2411//2411
f 2451//2451 2453//2453 2452//2452
f 2452//2452 2412//2412 2451//2451
f 2414//2414 2413//2413 2454//2454
f 2414//2414 2453//2453 2451//2451
f 2416//2416 2453//2453 2414//2414
f 2414//2414 2454//2454 2455//2455
f 2413//2413 2417//2417 2456//2456
f 2413//2413 2418//2418 2454//2454
f 2454//2454 2418//2418 2419//2419
f 2454//2454 2419//2419 2455//2455
f 2413//2413 2456//2456 2418//2418
f 2420//2420 2457//2457 2417//2417
f 2417//2417 2457//2457 2459//2459
f 2459//2459 2458//2458 2417//2417
f 2417//2417 2458//2458 2456//2456
f 2420//2420 2380//2380 2457//2457
f 2457//2457 2458//2458 2459//2459
f 2457//2457 2475//2475 2458//2458
f 2475//2475 2478//2478 2362//2362
f 2422//2422 2423//2423 2362//2362
f 2461//2461 2425//2425 2421//2421
f 2422//2422 2425//2425 2426//2426
f 2426//2426 2424//2424 2422//2422
f 2425//2425 2462//2462 2426//2426
f 2461//2461 2427//2427 2425//2425
f 2428//2428 2427//2427 2461//2461
f 2427//2427 2462//2462 2425//2425
f 2463//2463 2429//2429 2427//2427
f 2427//2427 2428//2428 2463//2463
f 2428//2428 2429//2429 2463//2463
f 2388//2388 2464//2464 2428//2428
f 2428//2428 2464//2464 2465//2465
f 2428//2428 2432//2432 2430//2430
f 2428//2428 2431//2431 2429//2429
f 2428//2428 2430//2430 2431//2431
f 2428//2428 2465//2465 2432//2432
f 2464//2464 2388//2388 2465//2465
f 2466//2466 2467//2467 2388//2388
f 2388//2388 2467//2467 2465//2465
f 2388//2388 2468//2468 2466//2466
f 2465//2465 2467//2467 2469//2469
f 2467//2467 2387//2387 2469//2469
f 2466//2466 2387//2387 2467//2467
f 2468//2468 2434//2434 2466//2466
f 2468//2468 2472//2472 2471//2471
f 2471//2471 2470//2470 2468//2468
f 2470//2470 2434//2434 2468//2468
f 2471//2471 2472//2472 2470//2470
f 2449//2449 2409//2409 2374//2374
f 2477//2477 2410//2410 2473//2473
f 2410//2410 2477//2477 2450//2450
f 2477//2477 2345//2345 2450//2450
f 2374//2374 2411//2411 2449//2449
f 2449//2449 2411//2411 2474//2474
f 2474//2474 2411//2411 2451//2451
f 2474//2474 2451//2451 2449//2449
f 2449//2449 2451//2451 2477//2477
f 2380//2380 2460//2460 2475//2475
f 2475//2475 2457//2457 2380//2380
f 2460//2460 2421//2421 2475//2475
f 2460//2460 2461//2461 2421//2421
f 2478//2478 2476//2476 2422//2422
f 2478//2478 2422//2422 2362//2362
f 2475//2475 2421//2421 2425//2425
f 2475//2475 2425//2425 2476//2476
f 2476//2476 2425//2425 2422//2422
f 2477//2477 2473//2473 2449//2449
f 2475//2475 2476//2476 2478//2478
