mtllib prop_cabinet.mtl
o metal
usemtl metal
v -0.2985 0.0108 -0.2634
v -0.2990 0.0119 -0.1676
v -0.2990 0.0119 -0.0236
v -0.2980 0.0057 0.3222
v -0.2994 0.0764 -0.3130
v -0.2999 0.1089 0.3120
v -0.2990 0.0119 0.0724
v -0.2988 0.0114 0.1872
v -0.2994 0.1801 0.3130
v -0.2990 0.0119 -0.0956
v -0.3000 0.1250 0.0855
v -0.2999 0.2150 0.3120
v -0.2988 0.1310 -0.3140
v -0.3000 0.2488 -0.1988
v -0.3000 0.2034 -0.2164
v -0.2999 0.0097 -0.3172
v -0.3000 0.2690 0.0011
v -0.3000 0.1055 -0.1581
v -0.3000 0.2510 0.1031
v -0.2999 0.2705 0.3120
v -0.2934 0.2409 0.3193
v -0.2994 0.2322 -0.3130
v -0.3000 0.1625 0.1941
v -0.2991 0.1816 -0.3135
v -0.3000 0.1922 -0.1909
v -0.3000 0.2525 -0.0804
v -0.3000 0.2870 0.0936
v -0.2999 0.4640 0.3120
v -0.2999 0.3110 0.3120
v -0.2997 0.3413 -0.3173
v -0.3000 0.3033 -0.1725
v -0.2999 0.3515 0.3090
v -0.3000 0.3342 -0.1702
v -0.3000 0.2889 -0.0815
v -0.3000 0.4190 0.1669
v -0.2959 0.3792 0.3172
v -0.3000 0.3714 -0.2076
v -0.3000 0.3417 -0.1792
v -0.2999 0.3995 0.3090
v -0.3000 0.3230 0.0855
v -0.3000 0.3532 -0.1900
v -0.3000 0.4490 -0.0210
v -0.3000 0.3357 -0.0852
v -0.3000 0.4280 -0.1755
v -0.3000 0.3995 0.0544
v -0.2999 0.4850 0.3120
v -0.2902 0.4819 0.3230
v -0.3000 0.4415 -0.1215
v -0.2994 0.4123 -0.3130
v -0.3000 0.4210 -0.2080
v -0.3000 0.5424 0.0124
v -0.3000 0.5750 0.0660
v -0.2988 0.4550 -0.3140
v -0.3000 0.4344 0.0394
v -0.2999 0.5450 0.3120
v -0.2999 0.5210 0.3113
v -0.3000 0.5036 -0.0504
v -0.3000 0.5437 0.0771
v -0.3000 0.4388 0.0121
v -0.3000 0.6560 0.3060
v -0.2999 0.6170 0.3120
v -0.3000 0.5329 -0.1663
v -0.3000 0.5105 -0.1421
v -0.3000 0.4296 -0.1470
v -0.2994 0.4842 -0.3130
v -0.2988 0.5270 -0.3140
v -0.3000 0.4957 -0.1692
v -0.2999 0.5990 0.3120
v -0.3000 0.5057 -0.1160
v -0.3000 0.5720 -0.0390
v -0.3000 0.5690 -0.0180
v -0.3000 0.5915 -0.0555
v -0.3000 0.5536 0.1446
v -0.3000 0.6123 -0.2057
v -0.3000 0.5576 -0.1530
v -0.3000 0.5678 -0.1724
v -0.3000 0.5990 0.0120
v -0.3000 0.4518 -0.0448
v -0.3000 0.6088 0.1716
v -0.2981 0.6429 0.3144
v -0.2994 0.5923 -0.3130
v -0.3000 0.6702 -0.2280
v -0.3000 0.7083 -0.1578
v -0.3000 0.6170 0.0060
v -0.2976 0.6613 -0.3246
v -0.3000 0.7068 -0.1286
v -0.3000 0.6064 -0.1785
v -0.3000 0.6700 -0.0766
v -0.3000 0.6335 -0.0615
v -0.3000 0.6450 -0.1332
v -0.3000 0.6353 0.1313
v -0.2999 0.8000 0.3120
v -0.3000 0.6470 0.0360
v -0.2999 0.7310 0.3120
v -0.2999 0.6785 0.3120
v -0.2999 0.8150 0.3120
v -0.3000 0.6800 0.0450
v -0.3000 0.6830 0.0720
v -0.3000 0.7410 -0.0388
v -0.3000 0.6830 -0.0120
v -0.2996 0.6704 -0.3176
v -0.3000 0.7190 0.0840
v -0.3000 0.6560 0.0660
v -0.3000 0.7130 -0.0774
v -0.3000 0.7518 -0.1432
v -0.2994 0.7674 0.3130
v -0.3000 0.7588 -0.2079
v -0.2988 0.7790 -0.3140
v -0.3000 0.6987 -0.1203
v -0.3000 0.7746 -0.1801
v -0.3000 0.7597 0.0752
v -0.3000 0.7790 0.1140
v -0.3000 0.7790 0.1380
v -0.3000 0.7561 0.1618
v -0.3000 0.7682 -0.1558
v -0.3000 0.7503 -0.1069
v -0.3000 0.8051 -0.0857
v -0.3000 0.7520 0.2040
v -0.3000 0.8508 -0.1236
v -0.3000 0.7700 0.0270
v -0.3000 0.8030 0.1440
v -0.3000 0.7250 0.1710
v -0.2999 0.8900 0.3120
v -0.3000 0.8159 -0.2133
v -0.3000 0.8030 -0.0555
v -0.3000 0.9206 -0.1196
v -0.2988 0.8578 0.3140
v -0.3000 0.9077 -0.2041
v -0.3000 0.8551 -0.0508
v -0.3000 0.8101 -0.1031
v -0.3000 0.6924 -0.0408
v -0.3000 0.8516 -0.1524
v -0.3000 0.8585 -0.0030
v -0.3000 0.9032 -0.1913
v -0.3000 0.9521 0.1937
v -0.3000 0.8750 0.1920
v -0.2994 0.9931 0.3130
v -0.3000 0.9434 -0.1194
v -0.3000 0.8209 -0.1208
v -0.2988 0.8870 -0.3140
v -0.2994 0.9346 0.3130
v -0.3000 0.9110 0.2280
v -0.3000 0.8960 0.2295
v -0.3000 0.9425 -0.1896
v -0.3000 0.9125 0.0735
v -0.3000 0.9515 -0.0825
v -0.3000 0.8298 -0.1639
v -0.3000 0.8094 0.0769
v -0.3000 0.9386 -0.0465
v -0.3000 0.9354 -0.0337
v -0.3000 0.9126 -0.0242
v -0.3000 0.9630 -0.1897
v -0.3000 0.9612 -0.0427
v -0.3000 0.9920 0.1560
v -0.3000 0.9110 0.2051
v -0.2995 0.9945 -0.3196
v -0.3000 0.9073 0.0923
v -0.3000 1.0404 -0.2046
v -0.3000 1.0160 0.1050
v -0.3000 0.9167 -0.1051
v -0.3000 0.9560 0.0278
v -0.3000 1.0342 -0.0966
v -0.3000 1.0265 -0.0292
v -0.3000 1.0190 0.0480
v -0.3000 1.0231 -0.0073
v -0.3000 1.0265 0.1395
v -0.3000 0.9386 0.1431
v -0.3000 1.0086 -0.1899
v -0.3000 1.0205 -0.0885
v -0.3000 1.0296 -0.0852
v -0.3000 1.0340 0.0184
v -0.2988 1.0535 0.3140
v -0.3000 1.0252 -0.1618
v -0.3000 0.9932 -0.0910
v -0.2992 0.9991 -0.3226
v -0.3000 1.0777 0.1944
v -0.3000 1.0494 0.0514
v -0.2999 1.1150 0.3120
v -0.3000 1.0183 0.0713
v -0.3000 1.1058 -0.1853
v -0.3000 1.0713 -0.1592
v -0.3000 1.0484 -0.1209
v -0.2999 1.1690 0.3120
v -0.3000 0.9808 0.0998
v -0.2978 1.1495 0.3160
v -0.3000 1.1064 -0.0371
v -0.3000 1.1131 -0.0551
v -0.3000 1.1757 0.1703
v -0.3000 1.1307 0.0330
v -0.3000 1.1360 0.0930
v -0.3000 1.1443 -0.1322
v -0.3000 1.1427 -0.1178
v -0.3000 1.0415 0.1065
v -0.3000 1.1820 -0.0532
v -0.3000 1.1855 -0.0240
v -0.3000 1.1022 0.0295
v -0.2999 1.2350 0.3120
v -0.3000 1.1691 -0.1821
v -0.3000 1.1487 0.1973
v -0.3000 1.1960 0.0758
v -0.3000 1.1360 0.1110
v -0.3000 1.1199 -0.1920
v -0.3000 1.1360 -0.0147
v -0.3000 1.1902 0.0084
v -0.3000 1.1450 0.1380
v -0.2991 1.1275 -0.3135
v -0.3000 1.2039 -0.1132
v -0.3000 1.1655 -0.0479
v -0.3000 1.2094 -0.1985
v -0.2983 1.0754 -0.3150
v -0.2992 1.2841 0.3134
v -0.3000 1.2103 -0.2201
v -0.3000 1.2303 0.1247
v -0.2999 1.1795 -0.3120
v -0.3000 1.1656 0.1016
v -0.3000 1.3340 0.0900
v -0.3000 1.2181 0.0618
v -0.3000 1.2474 0.2375
v -0.2999 1.3377 0.3135
v -0.3000 1.2477 -0.0490
v -0.3000 1.3340 0.1080
v -0.3000 1.3340 -0.1440
v -0.3000 1.2583 -0.0952
v -0.3000 1.2476 -0.0804
v -0.3000 1.2099 -0.0776
v -0.3000 1.3340 0.1800
v -0.2983 1.2194 -0.3150
v -0.3000 1.2575 0.1785
v -0.3000 1.2482 -0.1402
v -0.3000 1.2622 -0.0107
v -0.2996 1.3370 0.1635
v -0.2993 1.3385 0.2385
v -0.3000 1.2909 -0.1316
v -0.2968 1.3432 0.2040
v -0.3000 1.3340 -0.0720
v -0.2996 1.3370 -0.0390
v -0.2991 1.3400 0.0210
v -0.2997 1.3412 -0.3163
v -0.2990 1.3378 -0.1177
v -0.2996 1.3370 0.1275
v -0.2980 1.3416 -0.1620
v -0.2968 1.3432 0.0690
v -0.2968 1.3432 0.1110
v -0.2880 0.0003 -0.2340
v -0.2880 0.0003 -0.1470
v -0.2880 0.0003 -0.0030
v -0.2880 0.0003 0.0930
v -0.2880 0.0003 0.1620
v -0.2880 0.0003 0.1980
v -0.2891 0.0008 -0.3223
v -0.2880 1.0538 -0.3247
v -0.2321 -0.0000 -0.2398
v -0.2880 0.0003 -0.0720
v -0.2336 -0.0000 0.1996
v -0.2890 0.0815 0.3241
v -0.2880 0.2645 -0.3247
v -0.2885 0.2979 0.3244
v -0.2999 0.4145 0.3120
v -0.2981 0.5724 0.3144
v -0.2918 0.6694 -0.3219
v -0.2880 0.8304 -0.3247
v -0.2905 0.9492 -0.3225
v -0.2880 1.2459 -0.3247
v -0.2880 1.2920 -0.3247
v -0.2880 0.3822 -0.3247
v -0.2880 0.4475 -0.3247
v -0.2880 0.5555 -0.3247
v -0.1899 0.4840 -0.3250
v -0.2880 0.7314 -0.3247
v -0.2880 0.9193 -0.3247
v -0.1735 0.9099 -0.3250
v -0.1509 1.0541 -0.3250
v -0.2880 1.1345 -0.3247
v -0.2880 1.2065 -0.3247
v -0.2986 1.3475 0.3177
v -0.2880 1.3497 -0.1950
v -0.2880 1.3497 -0.1042
v -0.2884 1.3495 0.0544
v -0.2924 1.3465 0.2578
v -0.2880 0.0003 0.2460
v -0.2880 0.1059 -0.3247
v -0.2905 0.2227 -0.3225
v -0.2880 0.3087 -0.3247
v -0.1910 0.7533 -0.3250
v -0.2321 0.9601 -0.3250
v -0.2880 1.1120 -0.3247
v -0.2880 1.1739 -0.3247
v -0.1926 1.2297 -0.3250
v -0.2884 1.3460 -0.3240
v -0.1065 0.0017 0.3113
v -0.1620 0.0001 0.3120
v -0.1992 0.7252 -0.3250
v -0.2880 0.4261 0.3247
v -0.2880 0.6253 0.3247
v -0.2890 0.9485 0.3241
v -0.2987 1.3480 -0.3171
v -0.2234 1.3495 0.3129
v -0.1648 -0.0000 -0.1490
v -0.2119 -0.0000 -0.1021
v -0.2016 -0.0000 -0.0454
v -0.2119 -0.0000 -0.0061
v -0.2262 -0.0000 0.0766
v -0.2044 -0.0000 0.1516
v -0.2108 -0.0000 0.1836
v -0.2898 0.0005 0.3170
v -0.2880 0.5337 0.3247
v -0.2880 0.7010 -0.3247
v -0.2880 0.8625 0.3247
v -0.2880 0.8652 -0.3247
v -0.1869 1.2889 -0.3250
v -0.1643 0.1048 -0.3250
v -0.1594 0.1228 -0.3250
v -0.2880 0.1565 -0.3247
v -0.2880 0.1745 -0.3247
v -0.1785 0.1932 -0.3250
v -0.1451 0.2262 -0.3250
v -0.2880 0.2870 -0.3247
v -0.1568 0.7337 -0.3250
v -0.2146 0.7857 -0.3250
v -0.2015 0.8788 -0.3250
v -0.1886 1.1491 -0.3250
v -0.1545 1.1815 -0.3250
v -0.2042 1.2055 -0.3250
v -0.0980 0.4554 -0.3250
v -0.1785 0.4676 -0.3250
v -0.1776 0.5034 -0.3250
v -0.1728 0.5352 -0.3250
v -0.2104 0.5572 -0.3250
v -0.1741 0.5755 -0.3250
v -0.1189 0.8430 -0.3250
v -0.1510 1.1303 -0.3250
v -0.2625 0.0099 -0.3231
v -0.2880 0.0504 -0.3247
v -0.1148 0.0679 -0.3250
v -0.1376 0.0843 -0.3250
v -0.1770 0.3702 -0.3250
v -0.1672 1.0787 -0.3250
v -0.2226 1.3478 -0.3154
v -0.2415 0.0010 -0.3138
v -0.1722 -0.0000 -0.2127
v -0.1819 0.0133 0.3247
v -0.2911 0.3393 -0.3222
v -0.2880 0.1648 0.3247
v -0.1257 0.3802 -0.3250
v -0.1584 0.4172 -0.3250
v -0.2109 0.5890 -0.3250
v -0.0720 0.9320 -0.3250
v -0.1693 -0.0000 -0.0448
v -0.1196 -0.0000 0.0409
v -0.1869 -0.0000 0.0603
v -0.1436 -0.0000 0.2196
v -0.1425 0.0007 0.3135
v -0.1560 0.0526 0.3250
v -0.2880 0.2067 0.3247
v -0.2880 0.6470 0.3247
v -0.2885 0.7604 0.3244
v -0.2880 1.1251 0.3247
v -0.2880 1.1690 0.3247
v -0.1808 0.0082 -0.3211
v -0.1147 0.7751 -0.3250
v -0.1458 0.8038 -0.3250
v -0.2044 1.3430 0.3221
v -0.1860 1.3490 0.3110
v -0.1774 0.0027 -0.3129
v -0.1858 -0.0000 -0.1452
v -0.1495 -0.0000 0.1363
v -0.1535 -0.0000 0.2322
v -0.1371 0.3378 -0.3238
v -0.2880 0.5881 0.3247
v -0.2078 0.6678 -0.3228
v -0.0894 0.7063 -0.3250
v -0.2958 1.2380 0.3199
v -0.1286 0.8148 -0.3250
v -0.1077 0.8554 -0.3250
v -0.0698 1.2531 -0.3252
v -0.1178 1.3443 -0.3197
v -0.0997 0.7597 -0.3250
v -0.1964 0.8868 -0.3250
v -0.2080 0.9975 -0.3219
v -0.1851 1.3364 -0.3241
v -0.1961 0.3901 0.3250
v -0.2195 0.7159 0.3250
v -0.1869 0.9000 0.3250
v -0.1215 0.9067 -0.3250
v -0.2084 0.9890 0.3250
v -0.2899 1.2027 0.3235
v -0.1639 1.2120 0.3250
v -0.1950 1.3500 -0.0787
v -0.2370 1.3500 0.0038
v -0.2010 1.3500 0.1911
v -0.1448 1.3499 0.3120
v -0.2880 1.3497 0.1290
v -0.1838 -0.0000 -0.1113
v -0.1087 -0.0000 -0.0033
v -0.1193 -0.0000 0.0724
v -0.1693 -0.0000 0.1472
v -0.0943 0.3922 -0.3250
v -0.1609 1.3500 -0.2324
v -0.1583 -0.0000 -0.2361
v -0.0858 0.1426 -0.3250
v -0.1887 0.3327 -0.3244
v -0.1277 0.6228 -0.3250
v -0.1590 0.2693 0.3250
v -0.1026 0.4121 -0.3250
v -0.0951 0.4884 -0.3250
v -0.1170 0.5873 -0.3250
v -0.1702 0.7270 0.3250
v -0.1888 0.8032 0.3250
v -0.2880 1.0145 0.3247
v -0.0919 1.0569 -0.3250
v -0.2880 1.0685 0.3247
v -0.2880 1.1840 0.3247
v -0.2909 1.3408 0.3247
v -0.1200 0.4310 -0.3250
v -0.0714 0.9230 -0.3251
v -0.1292 1.2635 -0.3250
v -0.1465 -0.0000 -0.1540
v -0.0890 -0.0000 -0.0445
v -0.0953 -0.0000 0.0481
v -0.0923 -0.0000 0.1372
v -0.0904 -0.0000 0.1838
v -0.1226 -0.0000 0.2152
v -0.1039 0.0458 -0.3250
v -0.1110 1.1442 -0.3250
v -0.0679 1.1751 -0.3250
v -0.1174 1.2083 -0.3250
v -0.0719 1.2284 -0.3251
v -0.1044 1.2968 -0.3250
v -0.1144 0.0074 0.3205
v -0.1577 0.5340 0.3250
v -0.1507 0.6713 0.3250
v -0.1800 0.7677 0.3250
v -0.1515 1.0397 0.3250
v -0.1434 1.0930 0.3250
v -0.1620 1.3385 0.3235
v -0.1845 0.2518 0.3250
v -0.2880 0.3781 0.3247
v -0.1691 0.4516 0.3250
v -0.2885 0.6729 0.3244
v -0.0128 1.1113 -0.3250
v -0.1021 1.1904 -0.3250
v -0.2098 1.2525 0.3250
v -0.1050 0.0298 -0.3250
v -0.1203 0.0785 0.3250
v -0.0350 0.1723 -0.3250
v -0.0750 0.1997 -0.3250
v -0.1396 0.2810 -0.3250
v -0.1705 1.0018 -0.3231
v -0.0834 1.2810 -0.3250
v -0.0801 1.3147 -0.3250
v -0.1710 1.3500 0.0825
v -0.0900 1.3499 0.3120
v -0.1440 0.0014 -0.3142
v -0.1065 -0.0000 -0.0360
v -0.1337 -0.0000 0.0821
v -0.0443 -0.0000 0.1952
v -0.0981 -0.0000 0.1611
v -0.0981 -0.0000 0.2091
v -0.1140 0.0073 -0.3226
v -0.2899 0.3448 0.3235
v -0.1321 0.3295 0.3250
v -0.1475 0.4292 0.3250
v -0.0243 0.5161 -0.3250
v -0.1365 0.6290 0.3250
v -0.1823 0.8470 0.3250
v -0.1702 0.8800 0.3250
v -0.1537 0.9195 0.3250
v -0.1596 0.9590 0.3250
v -0.0946 0.9660 0.3250
v -0.1244 0.9913 0.3250
v -0.1125 1.0085 -0.3245
v -0.1246 1.3500 -0.2437
v -0.0693 -0.0000 -0.1974
v -0.0999 -0.0000 -0.1833
v -0.2880 0.1295 0.3247
v -0.1369 0.4441 -0.3250
v -0.0891 -0.0000 -0.1989
v -0.0360 0.0039 0.3185
v -0.0780 0.2480 -0.3250
v -0.0565 0.9665 -0.3250
v -0.1503 0.1916 0.3250
v -0.0674 0.3381 0.3250
v -0.1089 0.4109 0.3250
v -0.1718 0.4800 0.3250
v -0.0401 0.5038 -0.3250
v -0.1095 0.6084 0.3250
v -0.1069 0.6759 -0.3235
v -0.0814 0.7689 0.3250
v -0.0875 0.8272 -0.3250
v -0.0881 0.8724 0.3250
v -0.1005 0.9980 -0.3204
v -0.1064 1.0504 0.3250
v -0.1075 1.1370 0.3250
v -0.0228 1.1574 -0.3250
v -0.0998 -0.0000 -0.2696
v -0.1080 -0.0000 -0.1407
v -0.0872 0.0961 -0.3250
v 0.0738 0.2723 -0.3250
v -0.0350 0.2962 -0.3250
v -0.0668 0.3331 -0.3241
v -0.1346 0.6635 -0.3238
v -0.0366 0.6712 -0.3233
v -0.0661 0.8901 -0.3250
v -0.0248 1.1465 -0.3250
v -0.0823 -0.0000 -0.0756
v -0.0759 0.0010 0.3138
v -0.0638 0.1707 -0.3250
v -0.1575 0.3976 0.3250
v -0.0173 0.4389 -0.3250
v -0.0960 0.4535 0.3250
v -0.1123 0.4747 0.3250
v -0.0661 0.5650 -0.3252
v -0.1236 0.5966 0.3250
v -0.1129 0.7321 0.3250
v -0.0887 0.8032 0.3250
v -0.0983 0.8307 0.3250
v -0.1351 0.8627 0.3250
v -0.0898 1.0158 0.3250
v -0.1064 1.0984 0.3250
v -0.0803 1.1173 0.3250
v -0.1109 1.1715 0.3250
v -0.0735 1.2208 0.3250
v -0.1011 1.2416 0.3250
v -0.0780 1.2440 -0.3250
v -0.0801 -0.0000 -0.2372
v -0.0248 0.1051 -0.3250
v -0.0011 0.1186 -0.3250
v 0.0517 0.1389 -0.3250
v 0.0266 0.1486 -0.3250
v -0.1301 0.2216 0.3250
v -0.0529 0.3074 -0.3250
v -0.0506 0.4274 -0.3250
v -0.0480 0.4940 -0.3250
v -0.0428 0.6409 -0.3250
v -0.1190 1.0955 -0.3250
v -0.1248 1.2856 0.3250
v -0.0660 1.2620 -0.3250
v -0.0931 1.3500 -0.1878
v -0.1725 1.3500 -0.1252
v -0.1140 1.3500 0.0015
v -0.0870 1.3500 0.0660
v -0.1545 1.3500 0.0435
v -0.0120 1.3499 0.3120
v -0.0300 1.3500 0.3060
v -0.0244 -0.0000 -0.1798
v -0.0488 -0.0000 -0.0679
v -0.0315 -0.0000 0.0531
v -0.0503 -0.0000 0.0776
v -0.0420 -0.0000 0.3060
v -0.0675 0.0103 0.3234
v -0.0981 0.0343 0.3250
v -0.0711 0.2359 -0.3251
v -0.0709 1.0040 -0.3227
v -0.1050 0.0001 -0.3120
v -0.1375 0.1468 0.3250
v -0.0676 0.2573 -0.3479
v -0.0715 0.4272 0.3250
v -0.0983 0.4932 0.3250
v -0.0814 0.5289 0.3250
v -0.0448 0.6635 -0.3238
v -0.0669 0.8998 -0.3457
v -0.0675 0.9201 -0.3463
v -0.0699 1.2315 -0.3439
v -0.0663 1.2499 -0.3467
v -0.0487 -0.0000 -0.2195
v -0.0066 -0.0000 0.0386
v -0.0435 -0.0000 0.0495
v -0.0281 -0.0000 0.1590
v -0.0218 0.1153 -0.3250
v -0.0694 0.2629 -0.3254
v 0.0254 0.4886 -0.3250
v -0.0679 0.5934 -0.3253
v -0.0664 0.8952 -0.3250
v -0.1140 1.3400 0.3241
v -0.0705 1.3494 0.3105
v -0.0994 0.3432 -0.3225
v -0.0720 0.5685 -0.3253
v -0.0109 0.5940 -0.3276
v -0.0353 0.7915 -0.3250
v -0.0390 0.9260 -0.3252
v 0.0222 1.2889 -0.3250
v -0.0630 1.3400 0.3241
v -0.1050 1.3479 -0.3169
v -0.0217 -0.0000 -0.2603
v 0.0060 -0.0000 -0.0997
v 0.0374 -0.0000 0.0448
v -0.0021 -0.0000 0.0623
v -0.0133 -0.0000 0.1030
v -0.0018 -0.0000 0.2057
v -0.0363 -0.0000 0.2607
v -0.0394 0.2184 -0.3250
v -0.0173 0.3704 -0.3250
v -0.1067 0.5486 0.3250
v -0.0766 0.5586 0.3250
v -0.0673 0.5908 -0.3462
v -0.0904 0.6376 0.3250
v -0.0715 0.6552 0.3250
v -0.0353 0.7242 0.3250
v -0.0890 0.7525 0.3250
v -0.1238 0.7996 0.3250
v -0.0507 0.8428 0.3250
v -0.0718 0.9003 0.3250
v -0.1281 0.9395 0.3250
v -0.0482 1.2024 -0.3250
v -0.0866 1.3500 -0.2534
v -0.0218 -0.0000 -0.2307
v -0.0987 0.1697 0.3250
v 0.0127 0.1737 -0.3250
v -0.1021 0.2683 0.3250
v -0.0098 0.4685 -0.3250
v -0.0039 0.9547 -0.3250
v -0.0079 -0.0000 -0.2220
v -0.0377 -0.0000 -0.0165
v 0.0550 0.0489 -0.3250
v 0.0535 0.7591 -0.3250
v 0.0162 1.0412 -0.3250
v -0.0263 1.0925 -0.3250
v -0.0457 1.3500 -0.2546
v -0.0356 0.3226 0.3250
v -0.0296 0.3721 0.3250
v 0.0285 0.6020 -0.3250
v -0.0817 0.6878 0.3250
v -0.0603 0.8817 0.3250
v -0.0533 1.0513 0.3250
v -0.0507 1.1308 0.3250
v 0.0439 1.1396 -0.3250
v -0.0428 1.2025 0.3250
v -0.0090 1.3120 -0.3250
v -0.0625 1.3500 -0.2062
v -0.0893 1.3500 -0.1380
v -0.1808 1.3500 -0.1847
v -0.0510 1.3500 0.1560
v 0.0660 1.3500 0.3060
v -0.0630 1.3500 0.2192
v -0.0465 0.0034 -0.3170
v 0.0331 -0.0000 -0.1206
v 0.0210 -0.0000 -0.0997
v 0.0165 -0.0000 -0.0027
v -0.0281 -0.0000 0.1110
v 0.0225 0.0110 0.3241
v -0.0465 0.3155 0.3250
v 0.0210 0.5660 -0.3260
v 0.0060 0.8090 -0.3250
v -0.0270 1.2200 -0.3250
v -0.1092 1.2595 0.3250
v -0.1200 0.1129 0.3250
v 0.0030 0.8960 -0.3260
v -0.0131 1.2550 -0.3264
v -0.0497 1.2867 0.3250
v -0.0146 1.3388 -0.3232
v -0.0210 1.3499 0.3120
v 0.0277 -0.0000 0.0510
v 0.0007 -0.0000 0.0793
v -0.0073 -0.0000 0.1698
v 0.0780 -0.0000 0.3060
v -0.0204 0.0118 -0.3239
v -0.0446 0.0740 0.3250
v -0.0274 0.1557 0.3250
v -0.0120 0.2330 -0.3255
v -0.0032 0.2640 -0.3276
v -0.0583 0.3877 0.3250
v 0.0420 0.3916 -0.3250
v -0.0175 0.4572 0.3250
v -0.0083 0.4932 0.3250
v -0.0209 0.5119 0.3250
v -0.0125 0.5803 0.3250
v -0.0128 0.5665 -0.3270
v -0.0285 0.5990 0.3250
v 0.0188 0.6733 -0.3225
v -0.0164 0.7324 -0.3250
v -0.0083 0.7332 0.3250
v -0.0083 0.7812 0.3250
v -0.0195 0.8008 0.3250
v -0.0083 0.8773 0.3250
v -0.0804 0.9928 -0.3244
v -0.0083 1.0032 0.3250
v -0.0204 1.0066 -0.3237
v -0.0218 1.0303 0.3250
v -0.0263 1.0573 0.3250
v -0.0083 1.0693 0.3250
v -0.0195 1.0888 0.3250
v -0.0291 1.1576 0.3250
v -0.0083 1.1892 0.3250
v -0.0150 1.2200 0.3250
v -0.0166 1.2262 -0.3264
v -0.0570 1.3499 -0.3120
v 0.0139 -0.0000 -0.1801
v -0.0165 0.0001 0.3120
v 0.0690 0.1775 -0.3250
v -0.0227 0.3395 -0.3227
v 0.0186 0.8609 -0.3250
v 0.0002 0.9240 -0.3276
v 0.0176 1.2744 -0.3250
v -0.0217 1.3457 0.3176
v -0.0487 1.3456 -0.3186
v -0.0150 1.3500 -0.0559
v 0.0368 -0.0000 -0.2161
v 0.0548 -0.0000 -0.0749
v -0.0097 -0.0000 -0.0642
v 0.0439 -0.0000 0.1959
v -0.0890 0.0539 0.3250
v 0.0744 0.4209 -0.3250
v -0.0191 0.6733 -0.3225
v 0.0819 0.7158 -0.3250
v 0.0311 0.7728 -0.3250
v 0.0212 1.1666 -0.3250
v 0.0681 1.2315 -0.3477
v -0.0015 1.3499 0.3120
v -0.0030 0.0014 -0.3142
v -0.0150 -0.0000 -0.3060
v 0.0163 0.0023 0.3160
v -0.0491 0.2953 0.3250
v 0.0378 0.3324 -0.3247
v 0.0322 0.3380 -0.3204
v -0.0094 0.4089 0.3250
v 0.0480 0.6020 -0.3250
v 0.0579 0.6988 -0.3250
v -0.0263 0.7032 0.3250
v 0.0129 0.9935 -0.3238
v 0.0330 1.1234 -0.3250
v 0.0150 1.3499 0.3120
v 0.0291 -0.0000 -0.2423
v 0.0086 0.0399 -0.3250
v 0.0196 0.0788 -0.3250
v 0.1312 0.1177 -0.3250
v 0.0510 0.1880 -0.3250
v 0.0439 0.4745 -0.3250
v 0.0375 0.6620 -0.3250
v 0.0458 0.9529 -0.3250
v 0.0240 1.0754 -0.3250
v -0.0207 1.3500 -0.2235
v 0.1090 0.3430 -0.3223
v 0.0390 0.4175 -0.3250
v 0.0109 1.3059 0.3250
v 0.0030 1.3500 -0.3060
v -0.0150 1.3500 -0.1095
v -0.0615 1.3500 -0.1297
v 0.0232 1.3500 -0.0019
v -0.0521 1.3500 -0.0504
v -0.0420 1.3500 0.0045
v -0.1215 1.3500 -0.0442
v -0.0300 1.3500 0.0945
v -0.0210 1.3500 0.1410
v -0.0150 1.3500 0.1785
v 0.0540 1.3499 0.3120
v 0.0247 -0.0000 -0.2092
v 0.0161 -0.0000 -0.0232
v 0.0435 0.0007 0.3135
v 0.0540 0.0096 -0.3228
v -0.0518 0.2712 0.3250
v 0.0652 0.2603 -0.3457
v 0.0097 0.6493 0.3250
v 0.0559 0.9040 -0.3476
v -0.0260 0.9913 0.3250
v 0.1180 1.0702 -0.3250
v 0.0662 -0.0000 -0.1404
v 0.0002 0.2176 0.3250
v -0.0285 0.2480 0.3250
v 0.0120 0.3364 0.3250
v -0.0668 0.3613 0.3250
v 0.0729 0.5017 -0.3250
v 0.0316 0.5231 -0.3250
v 0.0644 0.5911 -0.3449
v 0.0664 0.7415 -0.3250
v 0.1047 1.0537 -0.3250
v 0.0124 1.3437 -0.3204
v 0.0945 -0.0000 0.0749
v 0.0396 -0.0000 0.1541
v 0.1500 0.0001 0.3120
v 0.0570 0.0020 0.3152
v -0.0714 0.2376 -0.3311
v 0.1259 0.8267 -0.3250
v 0.0474 1.1838 -0.3250
v 0.0400 -0.0000 -0.1868
v 0.0546 -0.0000 -0.1179
v 0.0360 0.0597 0.3250
v 0.0446 0.1722 0.3250
v 0.0710 0.2472 -0.3475
v -0.0316 0.4420 0.3250
v -0.0375 0.4887 0.3250
v 0.0142 0.5383 0.3250
v -0.0572 0.5673 0.3250
v -0.0694 0.5695 -0.3455
v -0.0001 0.6040 0.3250
v -0.0054 0.6277 0.3250
v -0.0083 0.6673 0.3250
v 0.0892 0.8075 -0.3250
v 0.0024 0.8216 0.3250
v 0.0187 0.8353 0.3250
v 0.0052 0.8563 0.3250
v 0.1524 0.8632 -0.3250
v -0.0434 0.9023 0.3250
v -0.0068 0.9085 0.3250
v -0.0054 0.9397 0.3250
v 0.0823 1.0359 -0.3250
v 0.0024 1.1096 0.3250
v 0.0187 1.1233 0.3250
v 0.0187 1.1473 0.3250
v -0.0195 1.1787 0.3250
v -0.0045 1.3340 0.3250
v 0.0307 1.3500 -0.1804
v 0.0166 1.3500 -0.1656
v 0.0101 1.3500 -0.1370
v 0.0309 1.3500 -0.0947
v 0.0217 -0.0000 -0.1601
v 0.0799 -0.0000 0.0039
v 0.0499 -0.0000 0.0891
v 0.0551 -0.0000 0.2524
v 0.0499 0.1441 0.3250
v -0.0450 0.1933 0.3250
v 0.1016 0.1936 -0.3250
v 0.0439 0.3417 -0.3236
v -0.0063 0.3945 0.3250
v 0.0169 0.4097 0.3250
v 0.1275 0.4698 -0.3250
v 0.0683 0.5716 -0.3472
v 0.0862 0.8188 -0.3250
v 0.0692 0.9208 -0.3415
v 0.0692 0.9261 -0.3250
v 0.0103 1.2538 0.3250
v 0.0567 1.3000 -0.3250
v 0.0063 1.3500 -0.2501
v 0.1412 -0.0000 -0.0403
v 0.0795 0.0103 -0.3234
v 0.0874 0.0774 -0.3250
v 0.0570 0.0980 -0.3250
v 0.1042 0.3123 -0.3250
v 0.0722 0.9965 -0.3216
v 0.0802 1.0947 -0.3250
v 0.0375 1.3500 -0.1792
v 0.0060 1.3500 -0.1601
v 0.0476 -0.0000 -0.2809
v 0.0650 -0.0000 -0.1747
v 0.0855 -0.0000 0.1680
v 0.0870 -0.0000 0.2164
v 0.1256 0.0043 0.3173
v 0.0446 0.2376 -0.3371
v -0.0067 0.2345 0.3250
v 0.0707 0.2620 -0.3266
v 0.0722 0.2889 0.3250
v 0.0390 0.4557 0.3250
v 0.0533 0.4890 0.3250
v 0.0058 0.5302 0.3250
v 0.0502 0.5982 0.3250
v 0.0494 0.6216 0.3250
v 0.0210 0.7017 0.3250
v 0.0638 0.7092 0.3250
v 0.0638 0.8053 0.3250
v 0.0502 0.8382 0.3250
v 0.0638 0.8593 0.3250
v 0.0638 0.8773 0.3250
v 0.0715 0.8978 -0.3342
v 0.0638 0.8953 0.3250
v 0.0638 0.9313 0.3250
v 0.0412 0.9522 0.3250
v 0.0638 1.0513 0.3250
v 0.0638 1.0933 0.3250
v 0.0502 1.1263 0.3250
v 0.0390 1.1518 0.3250
v 0.0502 1.1743 0.3250
v 0.0210 1.2298 0.3250
v 0.0891 1.2277 0.3250
v 0.0540 1.3500 -0.2430
v 0.1009 -0.0000 -0.2190
v 0.0578 -0.0000 -0.2468
v 0.1248 0.1000 -0.3250
v 0.0093 0.2777 0.3250
v 0.1631 0.5260 -0.3250
v 0.0565 0.8556 -0.3250
v 0.1046 0.9365 -0.3250
v 0.0900 1.1983 -0.3250
v 0.0692 1.2525 -0.3281
v 0.0277 1.2687 0.3250
v 0.0892 1.2771 -0.3250
v 0.0315 1.3415 0.3231
v 0.0133 1.3500 -0.0977
v 0.0090 1.3500 -0.0660
v 0.0240 1.3500 0.0750
v 0.1275 1.3499 0.3120
v 0.0990 1.3499 0.3120
v 0.1241 -0.0000 -0.1624
v 0.1446 -0.0000 0.1073
v 0.0967 0.0001 0.3120
v 0.0720 0.0023 0.3160
v 0.0589 0.4490 -0.3250
v 0.1054 1.0032 -0.3216
v 0.0704 1.2276 -0.3260
v 0.0744 1.2536 -0.3251
v 0.0205 1.3500 -0.2088
v 0.0405 0.0037 -0.3173
v 0.0944 -0.0000 -0.2567
v 0.1176 -0.0000 -0.0932
v 0.0330 0.0897 0.3250
v 0.0441 0.1260 0.3250
v 0.0780 0.2300 -0.3250
v 0.1004 0.2856 -0.3250
v 0.0458 0.3557 0.3250
v 0.0632 0.6431 0.3250
v 0.0187 0.6823 0.3250
v 0.0494 0.7416 0.3250
v 0.0365 0.7662 0.3250
v 0.0547 0.7903 0.3250
v 0.0258 0.9662 0.3250
v 0.0547 1.0783 0.3250
v 0.1350 1.1195 -0.3250
v 0.0457 1.2072 0.3250
v 0.0562 1.3463 -0.3170
v 0.0849 -0.0000 0.1854
v 0.1020 0.0320 -0.3250
v 0.0294 0.0372 0.3250
v 0.1320 0.1603 -0.3250
v 0.0380 0.1880 0.3250
v 0.0818 0.3440 -0.3227
v 0.0896 0.3876 0.3250
v 0.0720 0.5600 -0.3250
v 0.0726 0.5691 -0.3253
v 0.0731 0.9122 -0.3256
v 0.1297 0.9920 -0.3250
v 0.1035 1.1011 -0.3250
v 0.0505 1.2769 0.3250
v 0.0735 1.3400 -0.3241
v 0.0945 -0.0000 -0.1793
v 0.1266 -0.0000 -0.1322
v 0.1363 0.0612 -0.3250
v 0.0703 0.2395 -0.3252
v 0.1790 0.3806 -0.3250
v 0.1416 0.4396 -0.3250
v 0.1073 0.6180 -0.3250
v 0.0874 0.6665 -0.3216
v 0.0832 0.6699 -0.3220
v 0.0810 1.3392 0.3223
v 0.0637 1.3500 -0.0161
v 0.0904 1.3500 0.0409
v 0.1084 -0.0000 -0.2672
v 0.0967 -0.0000 -0.2092
v 0.1024 -0.0000 -0.1204
v 0.1489 -0.0000 0.1493
v 0.1189 -0.0000 0.1492
v 0.1395 -0.0000 0.2046
v 0.0919 0.2384 0.3250
v 0.1885 0.2394 -0.3250
v 0.1629 0.4243 -0.3250
v 0.0682 0.5645 0.3250
v 0.2880 0.7250 -0.3247
v 0.1601 0.8836 -0.3250
v 0.1461 1.1544 -0.3250
v 0.0750 1.2207 -0.3250
v 0.1174 1.2993 -0.3250
v 0.1012 1.3463 -0.3170
v 0.0734 1.3500 -0.2175
v 0.0975 0.0052 0.3206
v 0.0630 0.0140 0.3250
v 0.1543 0.1792 -0.3250
v 0.0712 0.2116 -0.3250
v 0.0660 0.4119 0.3250
v 0.1941 0.4942 -0.3250
v 0.0994 0.5379 -0.3250
v 0.1177 1.3500 -0.1734
v 0.0658 -0.0000 -0.0331
v 0.2820 0.0440 -0.3250
v 0.0907 0.0973 -0.3250
v 0.1076 0.2756 -0.3250
v 0.0750 0.8907 -0.3250
v 0.1110 1.2620 0.3250
v 0.0270 1.3485 -0.3152
v 0.1120 -0.0000 -0.1868
v 0.1861 -0.0000 -0.0569
v 0.0127 0.0833 0.3250
v 0.0127 0.1064 0.3250
v 0.0907 0.5232 0.3250
v 0.0638 0.5533 0.3250
v 0.1683 0.5874 -0.3250
v 0.1395 0.6627 -0.3244
v 0.0292 0.7345 0.3250
v 0.1061 0.7832 -0.3250
v 0.0997 0.8053 0.3250
v 0.1556 0.8405 -0.3250
v 0.0277 0.9193 0.3250
v 0.0744 0.9896 0.3250
v 0.0525 1.0168 0.3250
v 0.0907 1.0272 0.3250
v 0.1695 1.3400 -0.3241
v 0.0715 1.3500 -0.1683
v 0.0984 1.3500 -0.1103
v 0.0600 1.3500 0.0683
v 0.0510 1.3500 0.1335
v 0.0690 1.3500 0.2160
v 0.1020 0.0021 -0.3148
v 0.1268 -0.0000 -0.1053
v 0.1305 -0.0000 -0.0322
v 0.1490 -0.0000 0.1661
v 0.0927 -0.0000 0.1580
v 0.1537 0.0333 -0.3250
v 0.1196 0.2071 -0.3250
v 0.1727 0.2233 -0.3250
v 0.0974 0.4649 0.3250
v 0.1020 0.6800 -0.3250
v 0.1020 1.0100 -0.3250
v 0.1892 1.0311 -0.3250
v 0.2880 1.2140 -0.3247
v 0.1759 0.3041 -0.3250
v 0.1522 0.3380 -0.3204
v 0.1772 1.1797 -0.3250
v 0.1425 0.0014 -0.3142
v 0.1708 -0.0000 -0.2264
v 0.1735 -0.0000 -0.1253
v 0.1581 -0.0000 0.1011
v 0.1528 -0.0000 0.1354
v 0.0645 0.1089 0.3250
v 0.1194 0.2635 0.3250
v 0.0930 0.5337 0.3250
v 0.1183 0.6014 0.3250
v 0.0910 0.6553 0.3250
v 0.1065 0.6928 0.3250
v 0.1358 0.7092 0.3250
v 0.1504 0.7816 0.3250
v 0.1222 0.8382 0.3250
v 0.1358 0.9732 0.3250
v 0.1613 0.9930 0.3250
v 0.0750 1.0377 0.3250
v 0.1358 1.0453 0.3250
v 0.1357 1.0993 0.3250
v 0.1065 1.1307 0.3250
v 0.1358 1.1413 0.3250
v 0.0910 1.1833 0.3250
v 0.1391 1.2744 -0.3250
v 0.1264 1.3453 0.3191
v 0.1485 -0.0000 -0.1931
v 0.1706 0.1314 -0.3250
v 0.2880 0.1580 -0.3247
v 0.1917 0.2065 -0.3250
v 0.0941 0.2043 0.3250
v 0.1391 0.3335 -0.3238
v 0.1338 0.5131 -0.3250
v 0.0715 0.5935 -0.3253
v 0.1395 0.6680 -0.3204
v 0.1766 0.9456 -0.3250
v 0.1241 1.3481 -0.3156
v 0.1196 1.3500 -0.2567
v 0.1089 1.3500 -0.2437
v 0.1851 -0.0000 -0.0459
v 0.1710 -0.0000 -0.0030
v 0.1631 -0.0000 0.0356
v 0.1581 -0.0000 0.0748
v 0.1905 -0.0000 0.2280
v 0.1890 0.0001 0.3120
v 0.1920 0.0654 -0.3250
v 0.2010 0.0973 -0.3250
v 0.1522 0.5469 -0.3250
v 0.2820 0.7340 -0.3250
v 0.1822 0.9748 -0.3250
v 0.1391 1.2879 0.3250
v 0.1590 0.0074 0.3217
v 0.1224 0.0881 0.3250
v 0.0953 0.2991 0.3250
v 0.1321 0.3109 0.3250
v 0.1168 0.4437 0.3250
v 0.1127 0.5621 0.3250
v 0.1265 0.7452 0.3250
v 0.1177 0.9433 0.3250
v 0.1087 0.9642 0.3250
v 0.1372 0.9612 -0.3250
v 0.1268 1.0663 0.3250
v 0.1648 -0.0000 -0.2199
v 0.1901 -0.0000 -0.1395
v 0.1898 -0.0000 -0.0727
v 0.1980 -0.0000 0.3060
v 0.1091 0.1550 -0.3250
v 0.2880 0.1760 -0.3247
v 0.1479 0.2155 0.3250
v 0.1735 0.2552 -0.3250
v 0.1318 0.3410 0.3250
v 0.2880 0.3920 -0.3247
v 0.1473 0.4101 0.3250
v 0.2895 0.5525 -0.3240
v 0.1594 0.6073 -0.3250
v 0.2880 0.9125 -0.3247
v 0.2911 1.0438 -0.3225
v 0.1282 1.2273 0.3250
v 0.1496 1.3500 -0.2692
v 0.1286 0.1348 0.3250
v 0.1016 0.1511 0.3250
v 0.2021 0.4655 -0.3250
v 0.1710 0.6620 -0.3250
v 0.2880 0.7100 -0.3247
v 0.2880 0.8765 -0.3247
v 0.1696 1.2609 -0.3250
v 0.1644 1.3500 -0.0642
v 0.1011 1.3500 -0.0302
v 0.1455 1.3500 0.0705
v 0.1680 1.3500 0.1421
v 0.1110 1.3500 0.1628
v 0.2085 1.3499 0.3090
v 0.2820 -0.0000 0.0900
v 0.2880 0.0003 0.1470
v 0.2049 -0.0000 0.1988
v 0.1459 -0.0000 0.1931
v 0.1477 0.1025 0.3250
v 0.2880 0.4490 -0.3247
v 0.1625 0.5883 0.3250
v 0.1360 0.6223 0.3250
v 0.1431 0.6539 0.3250
v 0.1620 0.6800 -0.3250
v 0.1360 0.7663 0.3250
v 0.1702 0.7865 -0.3250
v 0.1760 0.8254 0.3250
v 0.2880 0.8930 -0.3247
v 0.1691 1.0040 -0.3227
v 0.1770 1.1240 -0.3250
v 0.1431 1.1819 0.3250
v 0.2880 1.2740 -0.3247
v 0.1491 1.3500 -0.1412
v 0.1929 -0.0000 -0.2201
v 0.1580 -0.0000 -0.2107
v 0.1751 0.3440 -0.3227
v 0.1038 0.4319 0.3250
v 0.1000 0.4943 0.3250
v 0.2880 0.6140 -0.3247
v 0.2880 0.8405 -0.3247
v 0.2880 1.1780 -0.3247
v 0.1204 1.3500 -0.1068
v 0.2152 -0.0000 -0.1747
v 0.1967 -0.0000 -0.0887
v 0.2280 0.0001 0.3120
v 0.1710 0.0155 0.3245
v 0.1509 0.0118 -0.3239
v 0.2255 0.0710 -0.3250
v 0.2820 0.4760 -0.3250
v 0.1905 0.5431 -0.3250
v 0.1781 0.6331 -0.3250
v 0.2880 1.2860 -0.3247
v 0.1642 1.3486 -0.3148
v 0.1949 1.3500 -0.1768
v 0.1530 1.3499 0.3120
v 0.1916 -0.0000 -0.2809
v 0.1736 0.1527 0.3250
v 0.1419 0.3597 0.3250
v 0.1124 0.5860 0.3250
v 0.1357 0.6733 0.3250
v 0.1132 0.8263 0.3250
v 0.1357 0.8653 0.3250
v 0.1357 0.8893 0.3250
v 0.1357 0.9133 0.3250
v 0.1357 1.0092 0.3250
v 0.2880 1.0940 -0.3247
v 0.1132 1.1623 0.3250
v 0.1470 1.3500 -0.1068
v 0.1240 1.3500 -0.0578
v 0.1695 0.0034 -0.3170
v 0.1858 -0.0000 -0.0135
v 0.2130 -0.0000 0.0450
v 0.2002 -0.0000 0.0984
v 0.2145 0.0068 0.3202
v 0.1935 0.0052 0.3206
v 0.2903 0.3336 -0.3243
v 0.1659 0.4053 -0.3250
v 0.1695 0.5315 0.3250
v 0.1526 0.5538 0.3250
v 0.2128 0.6192 -0.3250
v 0.1931 0.6736 -0.3226
v 0.2190 1.0423 -0.3250
v 0.2109 1.1180 -0.3250
v 0.1531 1.3500 -0.1648
v 0.2505 0.0133 0.3247
v 0.1620 0.1659 0.3250
v 0.1800 0.1850 0.3250
v 0.2910 0.3155 -0.3233
v 0.2896 0.6795 -0.3248
v 0.1916 1.0955 -0.3250
v 0.2009 1.2561 0.3250
v 0.1785 1.3025 0.3250
v 0.1410 1.3363 0.3243
v 0.1905 -0.0000 -0.2419
v 0.2136 -0.0000 -0.1607
v 0.2258 -0.0000 -0.1177
v 0.2820 -0.0000 0.1530
v 0.2164 -0.0000 0.1425
v 0.2153 0.0096 -0.3228
v 0.2880 0.2495 -0.3247
v 0.2378 0.2705 -0.3250
v 0.1786 0.4826 0.3250
v 0.2250 0.6913 -0.3250
v 0.2209 0.8011 -0.3250
v 0.2835 1.0805 0.3249
v 0.1670 1.3500 -0.1902
v 0.1890 1.3499 0.3120
v 0.2334 -0.0000 -0.2089
v 0.2307 -0.0000 -0.1865
v 0.2164 0.0927 0.3250
v 0.2033 0.3031 0.3250
v 0.2363 0.6680 -0.3204
v 0.2870 0.9920 -0.3250
v 0.2078 0.9983 -0.3231
v 0.2820 1.2320 -0.3250
v 0.2280 1.3340 -0.3250
v 0.2008 1.3500 -0.2254
v 0.2145 1.3500 -0.0885
v 0.1704 1.3500 0.0428
v 0.1793 1.3500 0.0881
v 0.2370 1.3499 0.3120
v 0.2880 0.0003 0.0750
v 0.2820 -0.0000 0.2730
v 0.2299 -0.0000 0.2610
v 0.2100 0.0001 0.3120
v 0.2910 1.2110 -0.3233
v 0.1920 1.3499 -0.3120
v 0.2130 0.0014 -0.3142
v 0.2040 -0.0000 -0.1477
v 0.2408 -0.0000 -0.0607
v 0.1624 0.1242 0.3250
v 0.2145 0.4284 0.3250
v 0.2820 0.5060 0.3250
v 0.2820 0.5960 -0.3250
v 0.1898 0.6313 0.3250
v 0.1847 0.6821 0.3250
v 0.1537 0.7152 0.3250
v 0.1898 0.7272 0.3250
v 0.2050 0.7682 -0.3250
v 0.1613 0.8010 0.3250
v 0.1613 0.8490 0.3250
v 0.1613 0.8730 0.3250
v 0.1613 0.8970 0.3250
v 0.1628 0.9223 0.3250
v 0.1988 0.9463 0.3250
v 0.1872 1.0287 0.3250
v 0.1433 1.0890 0.3250
v 0.1760 1.1134 0.3250
v 0.1898 1.1592 0.3250
v 0.1718 1.1967 0.3250
v 0.2175 1.3500 -0.1522
v 0.1013 1.3500 -0.0653
v 0.2287 -0.0000 -0.2505
v 0.2880 0.0003 -0.0705
v 0.2880 0.0003 0.2280
v 0.2890 0.0010 0.2569
v 0.2874 0.0000 0.3115
v 0.1812 0.0757 0.3250
v 0.2880 0.1850 0.3247
v 0.1983 0.2175 0.3250
v 0.2880 0.9500 -0.3247
v 0.2880 1.2327 -0.3247
v 0.2880 0.0003 -0.1042
v 0.2550 0.0080 -0.3232
v 0.2880 0.0440 -0.3247
v 0.2304 0.1381 0.3250
v 0.2415 0.1955 -0.3250
v 0.2219 0.5115 -0.3250
v 0.2880 0.8570 -0.3247
v 0.2880 1.1967 -0.3247
v 0.2288 1.2981 0.3250
v 0.2081 1.3500 0.0276
v 0.2497 -0.0000 -0.2749
v 0.2880 0.0003 -0.1920
v 0.2880 0.0003 0.0090
v 0.2880 0.0003 0.1110
v 0.1796 -0.0000 0.0278
v 0.2880 0.0003 0.1830
v 0.2880 0.6410 -0.3247
v 0.2295 1.0093 -0.3247
v 0.2134 1.3423 -0.3215
v 0.2151 -0.0000 -0.0992
v 0.2880 0.2240 -0.3247
v 0.2880 0.2750 -0.3247
v 0.2094 0.3151 0.3250
v 0.2842 0.3396 -0.3211
v 0.2898 0.3495 -0.3249
v 0.1734 0.4984 0.3250
v 0.2880 0.5780 -0.3247
v 0.2032 1.3500 -0.1278
v 0.2820 1.3500 0.0780
v 0.2520 1.3500 0.3060
v 0.2895 0.0010 -0.0225
v 0.2820 -0.0000 -0.0060
v 0.2606 0.1284 -0.3250
v 0.2880 0.5045 -0.3247
v 0.2662 0.9980 -0.3204
v 0.2550 1.3499 0.3120
v 0.2895 0.0010 -0.0514
v 0.2130 0.1657 0.3250
v 0.1871 0.4587 0.3250
v 0.2865 0.6545 0.3241
v 0.2599 0.6635 -0.3238
v 0.2890 1.1105 -0.3241
v 0.2430 1.3485 -0.3152
v 0.2209 1.3500 -0.2379
v 0.2255 1.3500 -0.1597
v 0.2555 1.3500 -0.0866
v 0.1944 1.3500 -0.0916
v 0.2820 1.3500 0.2325
v 0.1590 1.3500 0.1688
v 0.2730 1.3483 0.3155
v 0.2460 0.0001 -0.3120
v 0.2820 -0.0000 0.1050
v 0.2490 0.0020 0.3152
v 0.2850 0.0980 -0.3248
v 0.2880 0.1370 -0.3247
v 0.2092 0.2709 0.3250
v 0.2865 0.3492 0.3248
v 0.2052 0.3914 0.3250
v 0.2887 0.4062 -0.3243
v 0.2172 0.5952 0.3250
v 0.2241 0.6442 0.3250
v 0.2820 0.7400 0.3250
v 0.2156 0.7756 0.3250
v 0.2880 0.8060 -0.3247
v 0.1948 0.9742 0.3250
v 0.1959 1.0076 0.3250
v 0.2246 1.0464 0.3250
v 0.1903 1.0668 0.3250
v 0.2880 1.0678 -0.3247
v 0.2058 1.1256 0.3250
v 0.2880 1.1300 0.3247
v 0.2820 1.1720 0.3250
v 0.2073 1.2122 0.3250
v 0.2880 0.0003 -0.1830
v 0.2897 0.3746 -0.3237
v 0.2936 0.6688 -0.3217
v 0.2880 1.3040 -0.3247
v 0.2003 1.3417 0.3229
v 0.2835 0.0001 -0.2460
v 0.2880 0.0003 -0.1515
v 0.2880 0.0003 0.2910
v 0.2908 1.3498 -0.3120
v 0.2595 1.3500 -0.2173
v 0.2904 0.0013 -0.3187
v 0.2880 0.0003 -0.2595
v 0.2927 0.0038 -0.2091
v 0.2903 0.0912 -0.3236
v 0.2850 0.1115 0.3248
v 0.2880 0.4370 0.3247
v 0.2880 0.5300 -0.3247
v 0.2880 0.5450 0.3247
v 0.2880 0.6980 0.3247
v 0.2850 0.7250 0.3248
v 0.2905 0.7739 0.3225
v 0.2835 0.7925 0.3249
v 0.2880 0.8420 0.3247
v 0.2850 0.8690 0.3248
v 0.2880 0.9140 0.3247
v 0.2850 0.9410 0.3248
v 0.2850 1.0130 0.3248
v 0.2850 1.1570 0.3248
v 0.2880 1.1420 -0.3247
v 0.2901 1.3423 -0.3242
v 0.2880 1.3497 -0.2595
v 0.2880 1.3497 -0.0547
v 0.2820 1.3500 0.1365
v 0.2850 1.3498 0.2708
v 0.2873 1.3500 0.3034
v 0.2936 0.0073 -0.3234
v 0.2880 0.0455 0.3247
v 0.2989 0.0783 -0.3146
v 0.2880 0.0800 0.3247
v 0.2880 0.1010 0.3247
v 0.2880 0.1490 0.3247
v 0.2850 0.2495 0.3248
v 0.2880 0.2570 0.3247
v 0.2910 0.2660 0.3233
v 0.2880 0.2930 0.3247
v 0.2895 0.3245 0.3240
v 0.2880 0.4970 0.3247
v 0.2880 0.5690 0.3247
v 0.2880 1.3497 -0.1087
v 0.2896 1.3489 -0.0236
v 0.2880 1.3497 0.0930
v 0.2898 1.3487 0.1253
v 0.2850 1.3498 0.2168
v 0.2909 0.0010 -0.2981
v 0.2915 0.0023 0.1283
v 0.2940 0.0800 -0.3219
v 0.2895 0.0650 0.3240
v 0.2993 0.1389 -0.3135
v 0.2984 0.1842 -0.3157
v 0.2987 0.2180 -0.3150
v 0.2895 0.2212 0.3240
v 0.2880 0.2810 0.3247
v 0.2940 0.3410 0.3219
v 0.2993 0.3464 -0.3135
v 0.2880 0.4280 -0.3247
v 0.2993 0.4265 -0.3135
v 0.2880 0.4670 0.3247
v 0.2991 0.5092 -0.3135
v 0.2895 0.5150 0.3240
v 0.2993 0.5570 -0.3135
v 0.2940 0.5600 -0.3219
v 0.2944 0.5690 -0.3187
v 0.2880 0.5870 0.3247
v 0.2940 0.6320 -0.3219
v 0.2887 0.6432 0.3237
v 0.2994 0.6680 -0.3189
v 0.2880 0.7100 0.3247
v 0.2964 0.7295 -0.3184
v 0.2880 0.7775 -0.3247
v 0.2880 0.8540 0.3247
v 0.2987 0.8810 -0.3150
v 0.2865 0.8802 0.3241
v 0.2993 0.9110 -0.3135
v 0.2880 0.9260 0.3247
v 0.2964 0.9429 -0.3172
v 0.2865 0.9523 0.3241
v 0.2999 0.9680 -0.3120
v 0.2975 0.9999 -0.3215
v 0.2880 0.9980 0.3247
v 0.2865 1.0242 0.3241
v 0.2880 1.0700 0.3247
v 0.2939 1.1090 0.3183
v 0.2914 1.1694 -0.3219
v 0.2865 1.1825 0.3241
v 0.2850 1.2050 0.3248
v 0.2880 1.2320 0.3247
v 0.2880 1.2680 -0.3247
v 0.2880 1.2560 0.3247
v 0.2975 1.3006 -0.3160
v 0.2999 0.0087 -0.3084
v 0.3000 0.0140 -0.2520
v 0.2995 0.0125 -0.1515
v 0.2989 0.0117 -0.1095
v 0.2993 0.0118 -0.0071
v 0.2898 0.0013 0.0379
v 0.2995 0.0125 0.1365
v 0.2980 0.0098 0.1928
v 0.2984 0.0068 0.3135
v 0.2995 0.0125 -0.2235
v 0.3000 0.0140 -0.1620
v 0.3000 0.0140 -0.0180
v 0.2987 0.0116 0.2153
v 0.3000 0.0140 -0.1890
v 0.3000 0.0200 0.0000
v 0.2969 0.0082 0.0938
v 0.3000 0.2000 0.3060
v 0.3000 0.0618 0.2633
v 0.2996 0.0127 0.3175
v 0.2914 0.0081 0.3244
v 0.2989 0.0117 -0.0735
v 0.2991 0.0110 -0.0555
v 0.2997 0.0133 0.0638
v 0.3000 0.1051 0.1440
v 0.3000 0.0916 0.1753
v 0.2999 0.0770 0.3120
v 0.2999 0.2090 0.3120
v 0.2987 0.0950 0.3150
v 0.3000 0.1235 -0.2360
v 0.3000 0.0875 -0.1956
v 0.3000 0.0913 -0.0390
v 0.2995 0.0125 0.0300
v 0.3000 0.1033 0.2509
v 0.3000 0.0980 0.0623
v 0.3000 0.0935 -0.1554
v 0.3000 0.1003 -0.1042
v 0.3000 0.0967 -0.0765
v 0.3000 0.1939 0.1096
v 0.3000 0.1940 0.0548
v 0.3000 0.1248 0.1144
v 0.3000 0.1115 0.2025
v 0.3000 0.1398 -0.1645
v 0.3000 0.1543 -0.0638
v 0.2999 0.1310 0.3120
v 0.2975 0.1201 0.3161
v 0.3000 0.1292 0.0080
v 0.3000 0.1389 0.0385
v 0.3000 0.1387 -0.2511
v 0.3000 0.1639 0.0430
v 0.2999 0.1910 0.3120
v 0.3000 0.1469 -0.1117
v 0.3000 0.1526 0.0921
v 0.3000 0.1734 0.1343
v 0.3000 0.1668 0.2117
v 0.3000 0.1214 -0.2142
v 0.3000 0.1942 -0.0477
v 0.3000 0.2180 0.1129
v 0.3000 0.1854 0.2063
v 0.2987 0.1790 0.3150
v 0.3000 0.1303 -0.2696
v 0.3000 0.2010 0.0006
v 0.3000 0.2120 0.0299
v 0.3000 0.2369 0.1778
v 0.3000 0.2232 0.2224
v 0.3000 0.1644 -0.1582
v 0.3000 0.1740 0.0134
v 0.3000 0.2183 -0.1770
v 0.3000 0.2120 -0.0929
v 0.3000 0.1854 -0.0431
v 0.3000 0.2480 0.3060
v 0.3000 0.1985 -0.2396
v 0.3000 0.1729 -0.2704
v 0.3000 0.2882 -0.0948
v 0.3000 0.2016 -0.0565
v 0.3000 0.2117 -0.2790
v 0.3000 0.2248 0.0638
v 0.3000 0.2668 0.1295
v 0.3000 0.2538 0.2115
v 0.2910 0.2060 0.3233
v 0.3000 0.2528 -0.1056
v 0.3000 0.2282 -0.1084
v 0.3000 0.2417 -0.0485
v 0.3000 0.2322 -0.0045
v 0.2999 0.2390 0.3120
v 0.3000 0.2675 0.1043
v 0.3000 0.2506 -0.2344
v 0.3000 0.2180 -0.2070
v 0.3000 0.2636 -0.2433
v 0.3000 0.2409 0.0443
v 0.3000 0.3089 -0.1652
v 0.3000 0.3125 0.1037
v 0.3000 0.2765 -0.2040
v 0.3000 0.2823 -0.1161
v 0.3000 0.3129 -0.0415
v 0.3000 0.2265 0.2043
v 0.2999 0.2690 0.3120
v 0.3000 0.2786 -0.0355
v 0.3000 0.3331 0.1011
v 0.3000 0.3014 -0.0315
v 0.3000 0.2754 -0.0011
v 0.2999 0.4130 0.3120
v 0.3000 0.3054 0.0354
v 0.3000 0.2609 0.0338
v 0.2999 0.2818 -0.3120
v 0.3000 0.3324 0.0647
v 0.2999 0.2975 0.3120
v 0.3000 0.3560 0.2059
v 0.3000 0.2915 0.1991
v 0.2999 0.3125 0.3120
v 0.3000 0.2949 -0.0097
v 0.3000 0.2990 0.0053
v 0.3000 0.3605 0.1635
v 0.3000 0.3380 -0.1755
v 0.2934 0.2990 -0.3193
v 0.3000 0.2908 -0.1498
v 0.3000 0.3511 0.0229
v 0.3000 0.3253 0.0803
v 0.3000 0.3043 -0.2482
v 0.3000 0.3757 -0.0824
v 0.2999 0.3560 0.3120
v 0.2987 0.3380 0.3150
v 0.3000 0.4355 -0.1770
v 0.3000 0.3552 -0.2337
v 0.3000 0.3429 -0.0769
v 0.3000 0.3309 -0.0457
v 0.2976 0.3170 0.3180
v 0.3000 0.3564 -0.1989
v 0.3000 0.3613 -0.0120
v 0.2999 0.3988 0.3120
v 0.3000 0.3339 -0.2017
v 0.3000 0.3523 0.0533
v 0.3000 0.4021 -0.0866
v 0.3000 0.3972 -0.0036
v 0.3000 0.3976 0.1706
v 0.3000 0.3474 -0.1826
v 0.3000 0.4179 -0.0952
v 0.3000 0.4017 0.1208
v 0.3000 0.3989 -0.1211
v 0.3000 0.3680 -0.0491
v 0.3000 0.3770 0.0257
v 0.3000 0.3860 0.0690
v 0.3000 0.3260 -0.3060
v 0.3000 0.3965 -0.2413
v 0.3000 0.4383 -0.1948
v 0.3000 0.4257 -0.1665
v 0.3000 0.3845 -0.1725
v 0.3000 0.3770 0.1950
v 0.2999 0.3650 -0.3120
v 0.3000 0.4025 0.1335
v 0.2895 0.3710 0.3240
v 0.3000 0.4520 0.0480
v 0.3000 0.4310 -0.1425
v 0.3000 0.4546 -0.2519
v 0.3000 0.3921 -0.0486
v 0.3000 0.4700 0.1830
v 0.3000 0.3650 0.2385
v 0.3000 0.3991 -0.1804
v 0.3000 0.4535 -0.0097
v 0.3000 0.4393 0.1103
v 0.3000 0.4490 0.1860
v 0.2903 0.3942 0.3236
v 0.3000 0.4546 -0.2045
v 0.3000 0.4501 -0.0221
v 0.3000 0.4235 -0.0045
v 0.3000 0.4520 0.0750
v 0.2880 0.4250 0.3247
v 0.3000 0.4445 0.0555
v 0.3000 0.4730 0.1440
v 0.2999 0.5227 0.3120
v 0.2999 0.4520 0.3120
v 0.3000 0.4768 -0.2074
v 0.3000 0.5022 0.1193
v 0.3000 0.4719 -0.1361
v 0.3000 0.4745 -0.1770
v 0.3000 0.5214 -0.0442
v 0.3000 0.4962 -0.0757
v 0.3000 0.4813 0.0323
v 0.3000 0.4775 0.1125
v 0.2999 0.4910 0.3120
v 0.3000 0.4737 -0.0260
v 0.3000 0.4855 -0.2704
v 0.3000 0.4655 -0.1095
v 0.3000 0.4989 -0.2059
v 0.3000 0.5285 -0.1061
v 0.3000 0.5405 0.0861
v 0.2999 0.5885 0.3120
v 0.3000 0.5349 -0.1901
v 0.3000 0.4955 -0.1755
v 0.3000 0.4940 0.1770
v 0.2925 0.4835 0.3226
v 0.3000 0.5484 -0.2294
v 0.3000 0.5045 0.1395
v 0.3000 0.4821 -0.2594
v 0.3000 0.5356 -0.1189
v 0.3000 0.5525 -0.0705
v 0.3000 0.5240 0.1110
v 0.2999 0.5735 0.3120
v 0.2993 0.4708 -0.3135
v 0.3000 0.5217 -0.0020
v 0.3000 0.4955 -0.0034
v 0.3000 0.6084 0.1611
v 0.3000 0.5480 0.1944
v 0.3000 0.6000 -0.1946
v 0.3000 0.5825 -0.1129
v 0.3000 0.5510 -0.1927
v 0.3000 0.5879 0.0219
v 0.2880 0.5330 0.3247
v 0.3000 0.5907 -0.0952
v 0.3000 0.5574 -0.0521
v 0.3000 0.5581 0.2231
v 0.3000 0.5289 0.2426
v 0.3000 0.5780 -0.1320
v 0.3000 0.6099 0.0008
v 0.3000 0.5424 -0.1661
v 0.3000 0.5986 0.0994
v 0.3000 0.6028 0.1808
v 0.3000 0.5473 -0.2137
v 0.3000 0.5885 -0.1447
v 0.3000 0.5525 0.0443
v 0.3000 0.5926 0.2010
v 0.2910 0.5540 0.3233
v 0.3000 0.5784 -0.2291
v 0.3000 0.5705 0.0330
v 0.3000 0.6125 0.1733
v 0.3000 0.6178 -0.2077
v 0.3000 0.6277 0.1311
v 0.3000 0.5825 0.1740
v 0.3000 0.6361 0.2543
v 0.3000 0.6279 -0.1369
v 0.2999 0.6050 0.3120
v 0.3000 0.6290 -0.2437
v 0.3000 0.5945 -0.1665
v 0.3000 0.6626 0.2548
v 0.3000 0.6086 -0.1716
v 0.3000 0.6260 -0.0450
v 0.2987 0.5705 0.3150
v 0.2993 0.6095 -0.3135
v 0.3000 0.6136 -0.0105
v 0.3000 0.6048 -0.2432
v 0.3000 0.5870 -0.0825
v 0.3000 0.6346 0.0654
v 0.3000 0.6125 0.0563
v 0.3000 0.6181 0.2486
v 0.2993 0.6290 0.3135
v 0.2910 0.6170 0.3233
v 0.3000 0.5765 -0.2501
v 0.3000 0.6560 -0.0120
v 0.3000 0.6350 0.3060
v 0.3000 0.6298 -0.1792
v 0.3000 0.6376 0.1571
v 0.3000 0.6663 -0.1539
v 0.3000 0.6496 0.1108
v 0.3000 0.6421 0.2246
v 0.2889 0.6298 0.3231
v 0.2993 0.6372 -0.3135
v 0.3000 0.7047 -0.1755
v 0.3000 0.6684 -0.1807
v 0.3000 0.6939 -0.1916
v 0.3000 0.7115 -0.1035
v 0.3000 0.6530 -0.0967
v 0.3000 0.6901 0.0284
v 0.3000 0.7025 0.1676
v 0.3000 0.6545 0.2595
v 0.2999 0.6545 0.3120
v 0.3000 0.6506 -0.2628
v 0.3000 0.7078 -0.0142
v 0.3000 0.6959 0.1020
v 0.3000 0.6808 0.2535
v 0.3000 0.5975 0.2423
v 0.3000 0.7214 0.1453
v 0.3000 0.6545 -0.0712
v 0.3000 0.6853 -0.1785
v 0.3000 0.6763 0.2378
v 0.2999 0.6680 0.3120
v 0.2919 0.6598 0.3223
v 0.3000 0.6804 0.1189
v 0.3000 0.6699 0.1969
v 0.3000 0.6995 -0.1365
v 0.2999 0.8060 0.3120
v 0.2903 0.6823 0.3236
v 0.3000 0.7158 -0.2175
v 0.3000 0.7700 -0.0990
v 0.3000 0.7340 -0.0517
v 0.3000 0.7025 -0.0045
v 0.2999 0.6980 0.3120
v 0.3000 0.7253 0.1027
v 0.3000 0.7413 0.2233
v 0.3000 0.7554 -0.2347
v 0.3000 0.7595 0.0375
v 0.3000 0.7102 -0.1888
v 0.3000 0.7520 -0.1260
v 0.3000 0.7362 -0.0675
v 0.3000 0.7641 0.1098
v 0.3000 0.7441 0.1463
v 0.3000 0.7623 0.2001
v 0.2954 0.8008 0.3176
v 0.2953 0.7304 0.3180
v 0.2973 0.6950 0.3175
v 0.3000 0.7447 -0.2166
v 0.3000 0.7475 -0.0315
v 0.3000 0.7111 0.2096
v 0.2999 0.7400 0.3120
v 0.2999 0.7205 -0.3120
v 0.3000 0.7798 -0.2380
v 0.3000 0.7475 -0.0135
v 0.3000 0.7348 0.0671
v 0.3000 0.7861 -0.0679
v 0.3000 0.8019 0.0968
v 0.3000 0.7231 0.1976
v 0.2993 0.7805 0.3135
v 0.3000 0.7018 -0.2085
v 0.3000 0.7829 0.0709
v 0.3000 0.8180 0.0420
v 0.3000 0.7351 0.1856
v 0.2987 0.7565 0.3150
v 0.3000 0.7771 -0.1984
v 0.3000 0.8006 -0.1622
v 0.2903 0.7542 0.3236
v 0.3000 0.7951 0.1718
v 0.3000 0.7715 0.2325
v 0.2935 0.7546 -0.3195
v 0.3000 0.7880 -0.1462
v 0.3000 0.7895 0.0345
v 0.3000 0.7936 0.1907
v 0.3000 0.8369 -0.1288
v 0.3000 0.8120 0.2325
v 0.3000 0.7529 0.2533
v 0.3000 0.8369 -0.1963
v 0.3000 0.8173 0.0023
v 0.2990 0.8008 -0.3143
v 0.3000 0.8150 -0.1777
v 0.3000 0.8548 -0.2166
v 0.3000 0.8150 -0.1125
v 0.3000 0.8625 -0.2378
v 0.3000 0.8255 -0.1545
v 0.3000 0.8780 0.0540
v 0.3000 0.7925 0.1485
v 0.3000 0.8105 0.2160
v 0.3000 0.8480 0.3060
v 0.3000 0.8540 0.0870
v 0.3000 0.8173 0.2610
v 0.3000 0.8370 -0.2168
v 0.3000 0.8300 -0.0420
v 0.3000 0.8495 0.0465
v 0.2988 0.8289 0.3140
v 0.2903 0.8262 0.3236
v 0.3000 0.8465 -0.1125
v 0.3000 0.9054 0.1478
v 0.2999 0.8810 0.3120
v 0.2974 0.8366 -0.3154
v 0.3000 0.8555 -0.0405
v 0.3000 0.9163 0.1343
v 0.2999 0.9500 0.3120
v 0.2999 0.8690 0.3120
v 0.3000 0.8499 -0.1598
v 0.3000 0.9035 0.0105
v 0.3000 0.8429 0.1631
v 0.2993 0.9245 0.3135
v 0.3000 0.8885 -0.1444
v 0.3000 0.9359 -0.1817
v 0.3000 0.7820 -0.3060
v 0.3000 0.8789 0.2089
v 0.3000 0.8233 -0.0262
v 0.3000 0.9380 0.0660
v 0.3000 0.8626 0.2151
v 0.2999 0.8690 -0.3120
v 0.3000 0.9110 -0.0960
v 0.3000 0.8705 -0.0510
v 0.3000 0.9294 -0.1717
v 0.3000 0.9140 0.0990
v 0.3000 0.9500 -0.0225
v 0.3000 0.8900 -0.0300
v 0.3000 0.9095 0.0585
v 0.3000 0.8981 0.1858
v 0.3000 0.8933 -0.2429
v 0.3000 0.9551 0.2402
v 0.3000 0.9321 -0.2254
v 0.3000 0.8908 -0.1613
v 0.3000 0.9155 -0.0285
v 0.3000 0.9440 0.1320
v 0.2903 0.8982 0.3236
v 0.3000 0.9367 -0.2061
v 0.3000 0.9425 -0.1005
v 0.3000 0.8705 -0.0645
v 0.3000 0.9500 0.0180
v 0.3000 0.9170 0.2265
v 0.3000 0.9275 0.2745
v 0.3000 0.9136 -0.1650
v 0.3000 0.9321 0.1938
v 0.2993 0.9965 0.3135
v 0.3000 0.9301 -0.1950
v 0.3000 0.9526 -0.1275
v 0.3000 0.9133 0.0323
v 0.3000 0.9939 0.1928
v 0.3000 0.9770 0.0540
v 0.3000 0.9740 0.1110
v 0.3000 1.0100 -0.0105
v 0.3000 0.9769 -0.2470
v 0.3000 0.9605 -0.0240
v 0.3000 1.0040 0.1440
v 0.3000 1.0115 -0.0705
v 0.3000 0.9365 -0.0495
v 0.3000 1.0100 0.0300
v 0.2999 1.0175 0.3120
v 0.2999 0.9560 0.3120
v 0.3000 0.9410 -0.2405
v 0.3000 0.9620 -0.0750
v 0.2903 0.9702 0.3236
v 0.2929 0.9879 0.3203
v 0.3000 0.9976 0.1815
v 0.3000 1.0044 -0.1601
v 0.3000 1.0227 -0.1042
v 0.3000 1.0310 -0.0315
v 0.3000 1.0160 0.0690
v 0.3000 0.9995 0.0855
v 0.3000 1.0316 0.1860
v 0.3000 1.0749 -0.1001
v 0.3000 1.0370 0.0660
v 0.3000 1.0340 0.1230
v 0.3000 0.9845 0.2445
v 0.3000 1.0127 -0.2405
v 0.3000 1.0587 -0.2108
v 0.2999 1.0895 0.3120
v 0.2999 1.0280 0.3120
v 0.3000 1.0471 -0.1691
v 0.3000 1.0072 -0.1753
v 0.3000 1.0415 -0.1095
v 0.3000 1.0107 -0.0202
v 0.3000 1.0640 0.1560
v 0.3000 1.0160 -0.2280
v 0.3000 1.0700 0.0060
v 0.3000 1.0700 0.0420
v 0.2949 1.0865 0.3191
v 0.3000 1.0053 -0.1959
v 0.3000 1.0655 -0.0435
v 0.3000 1.0280 -0.3060
v 0.3000 1.0301 0.2518
v 0.2991 1.0093 -0.3220
v 0.3000 1.0648 -0.2241
v 0.3000 1.1045 0.2145
v 0.2987 1.0445 0.3150
v 0.2891 1.0501 0.3242
v 0.3000 1.0595 -0.1455
v 0.3000 1.0760 0.0810
v 0.3000 1.0775 0.1785
v 0.3000 1.0683 -0.1599
v 0.3000 1.0820 -0.0510
v 0.3000 1.0970 0.0780
v 0.3000 1.0918 0.1238
v 0.3000 1.0771 -0.1822
v 0.3000 1.0775 -0.1680
v 0.3000 1.1127 0.0038
v 0.3000 1.1540 0.3060
v 0.2999 1.0640 0.3120
v 0.3000 1.1422 -0.1815
v 0.3000 1.1030 -0.1845
v 0.3000 1.0670 -0.2506
v 0.3000 1.1478 -0.1534
v 0.3000 1.0805 0.0000
v 0.3000 1.1240 0.1680
v 0.3000 1.1281 0.2509
v 0.3000 1.1300 0.0540
v 0.2999 1.1173 -0.3120
v 0.3000 1.1038 -0.1042
v 0.3000 1.1150 -0.1605
v 0.3000 1.1645 0.2265
v 0.2947 1.1551 0.3180
v 0.3000 1.1632 -0.1997
v 0.3000 1.1150 -0.2325
v 0.3000 1.1510 -0.0075
v 0.3000 1.1360 0.0930
v 0.3000 1.1375 0.1905
v 0.3000 1.1090 0.2464
v 0.3000 1.1420 -0.0390
v 0.3000 1.1570 0.0900
v 0.3000 1.1517 0.1358
v 0.2999 1.1255 0.3120
v 0.3000 1.1375 -0.1976
v 0.3000 1.1735 -0.0615
v 0.3000 1.1322 -0.1260
v 0.3000 1.1615 -0.0855
v 0.3000 1.1405 0.0120
v 0.2999 1.1360 0.3120
v 0.2940 1.1240 0.3219
v 0.3000 1.1712 -0.2425
v 0.3000 1.1900 0.0660
v 0.3000 1.2132 -0.0607
v 0.2936 1.1375 -0.3191
v 0.3000 1.2208 -0.2105
v 0.3000 1.1840 0.1800
v 0.3000 1.2245 0.2385
v 0.3000 1.2048 -0.2509
v 0.3000 1.1765 -0.1725
v 0.3000 1.2110 0.0045
v 0.3000 1.1960 0.1050
v 0.2999 1.2110 0.3120
v 0.3000 1.1881 -0.1363
v 0.3000 1.2417 0.1538
v 0.3000 1.1975 0.2025
v 0.2999 1.2410 0.3120
v 0.3000 1.1974 -0.2034
v 0.3000 1.2020 -0.0270
v 0.3000 1.2170 0.1020
v 0.3000 1.2140 0.1590
v 0.2999 1.1600 -0.3120
v 0.2919 1.1757 0.3223
v 0.3000 1.3340 -0.1470
v 0.3000 1.2515 -0.0855
v 0.3000 1.2283 -0.0847
v 0.3000 1.2005 0.0240
v 0.2999 1.2965 0.3120
v 0.3000 1.1941 -0.1834
v 0.3000 1.2425 0.0405
v 0.3000 1.2328 0.2752
v 0.2996 1.1787 0.3128
v 0.2987 1.2170 -0.3150
v 0.3000 1.2525 -0.2596
v 0.3000 1.2395 -0.0555
v 0.3000 1.2485 0.1943
v 0.3000 1.2477 -0.1335
v 0.3000 1.2575 0.2325
v 0.3000 1.2665 0.0075
v 0.3000 1.2560 0.1170
v 0.3000 1.2455 -0.1515
v 0.3000 1.2335 -0.1305
v 0.3000 1.2642 0.1448
v 0.2996 1.3370 0.2610
v 0.2978 1.2403 0.3160
v 0.3000 1.2220 -0.2230
v 0.3000 1.2635 -0.0075
v 0.3000 1.2583 0.0923
v 0.2996 1.3370 -0.1665
v 0.3000 1.2837 0.0375
v 0.2993 1.2665 0.3135
v 0.3000 1.2500 -0.3060
v 0.3000 1.2710 -0.2370
v 0.3000 1.2800 -0.0960
v 0.2987 1.2590 0.3150
v 0.2996 1.3370 -0.1845
v 0.3000 1.2740 -0.1417
v 0.3000 1.2605 0.0360
v 0.2996 1.3370 0.2250
v 0.2999 1.2545 -0.3120
v 0.3000 1.2395 0.0615
v 0.3000 1.2849 -0.2036
v 0.3000 1.2845 -0.1800
v 0.3000 1.3055 -0.0450
v 0.2998 1.3355 -0.1080
v 0.3000 1.3340 0.2835
v 0.2996 1.3370 -0.2205
v 0.2996 1.3370 -0.0855
v 0.2996 1.3370 0.1665
v 0.2976 1.3398 0.2364
v 0.2996 1.3370 -0.2025
v 0.2991 1.3400 -0.1530
v 0.3000 1.3340 0.1530
v 0.2996 1.3224 0.3128
v 0.3000 1.2976 -0.0079
v 0.2880 1.3040 0.3247
v 0.2991 1.3400 -0.2640
v 0.2996 1.3370 -0.0405
v 0.2991 1.3400 0.1530
v 0.2962 1.3421 0.1916
v 0.3000 1.3340 0.2700
v 0.3000 1.3340 0.0090
v 0.2979 1.3442 -0.3181
v 0.2976 1.3409 -0.0562
v 0.2978 1.3394 -0.0101
v 0.2982 1.3401 0.0711
v 0.3000 1.3340 0.0855
v 0.2991 1.3400 0.2070
v 0.3000 1.3340 0.2430
v 0.2996 1.3370 -0.2385
v 0.2968 1.3432 -0.1312
v 0.2952 1.3440 -0.0917
v 0.2991 1.3400 0.0090
v 0.2991 1.3400 0.0450
v 0.2996 1.3370 0.1170
v 0.2999 1.3384 0.3108
v 0.2931 1.3486 0.3210
v 0.2913 1.3481 -0.2182
v 0.2896 1.3489 -0.2029
v 0.2905 1.3485 -0.1824
v 0.2880 1.3497 0.0300
v 0.2880 1.3497 0.0750
v 0.2968 1.3432 0.1005
v 0.2850 1.3498 0.1620
v 0.2961 1.3452 0.3150
vn -0.9202 -0.3914 0.0120
vn -0.9274 -0.3740 -0.0002
vn -0.9278 -0.3730 -0.0004
vn -0.6447 -0.4469 0.6202
vn -0.9246 0.0088 -0.3809
vn -0.9381 0.0027 0.3464
vn -0.9274 -0.3741 0.0010
vn -0.9251 -0.3797 -0.0002
vn -0.9238 -0.0043 0.3829
vn -0.9280 -0.3726 -0.0001
vn -0.9999 0.0062 -0.0137
vn -0.9639 0.1370 0.2283
vn -0.9184 0.0033 -0.3956
vn -1.0000 0.0023 -0.0057
vn -1.0000 -0.0007 -0.0083
vn -0.8409 -0.3438 -0.4179
vn -1.0000 -0.0033 0.0022
vn -1.0000 0.0004 -0.0076
vn -1.0000 -0.0049 0.0036
vn -0.9345 -0.0301 0.3546
vn -0.8804 -0.0287 0.4733
vn -0.9344 -0.0128 -0.3559
vn -0.9972 -0.0498 0.0558
vn -0.9244 -0.0033 -0.3813
vn -1.0000 -0.0012 -0.0014
vn -1.0000 -0.0002 -0.0002
vn -1.0000 -0.0005 -0.0014
vn -0.9357 0.0001 0.3528
vn -0.9228 0.0195 0.3847
vn -0.8585 0.0215 -0.5123
vn -1.0000 0.0005 -0.0033
vn -0.9578 -0.0110 0.2871
vn -1.0000 -0.0007 -0.0013
vn -1.0000 0.0000 0.0000
vn -1.0000 0.0007 0.0001
vn -0.8063 -0.0022 0.5915
vn -1.0000 -0.0000 -0.0018
vn -1.0000 -0.0014 -0.0013
vn -0.9865 -0.0241 0.1618
vn -1.0000 -0.0004 -0.0002
vn -1.0000 -0.0013 -0.0012
vn -1.0000 0.0000 0.0000
vn -1.0000 0.0000 0.0000
vn -1.0000 -0.0001 -0.0002
vn -1.0000 0.0000 0.0000
vn -0.9346 0.0039 0.3557
vn -0.4275 -0.0010 0.9040
vn -1.0000 0.0000 0.0000
vn -0.9280 0.0020 -0.3725
vn -1.0000 -0.0005 -0.0023
vn -1.0000 0.0000 0.0000
vn -1.0000 0.0000 0.0000
vn -0.9173 0.0063 -0.3980
vn -1.0000 0.0000 0.0000
vn -0.9425 0.0201 0.3335
vn -0.9372 0.0011 0.3489
vn -1.0000 0.0000 0.0000
vn -1.0000 -0.0005 0.0009
vn -1.0000 0.0000 0.0000
vn -0.9968 -0.0107 0.0794
vn -0.9511 0.0006 0.3088
vn -1.0000 0.0019 -0.0041
vn -1.0000 0.0000 0.0000
vn -1.0000 0.0000 0.0000
vn -0.9293 -0.0050 -0.3693
vn -0.9161 -0.0002 -0.4009
vn -1.0000 0.0004 -0.0022
vn -0.9520 -0.0076 0.3061
vn -1.0000 0.0000 0.0000
vn -1.0000 0.0000 0.0000
vn -1.0000 0.0000 0.0000
vn -1.0000 0.0000 0.0000
vn -1.0000 0.0000 0.0000
vn -0.9999 0.0075 -0.0147
vn -1.0000 -0.0003 -0.0007
vn -1.0000 0.0025 -0.0068
vn -1.0000 0.0000 0.0000
vn -1.0000 0.0000 0.0000
vn -1.0000 0.0013 -0.0008
vn -0.8628 0.0127 0.5053
vn -0.9550 -0.0353 -0.2943
vn -1.0000 -0.0014 -0.0058
vn -1.0000 -0.0029 0.0002
vn -1.0000 0.0000 0.0000
vn -0.5763 0.1469 -0.8039
vn -1.0000 -0.0003 -0.0006
vn -0.9998 -0.0166 0.0125
vn -1.0000 0.0000 0.0000
vn -1.0000 0.0000 0.0000
vn -1.0000 -0.0002 -0.0002
vn -1.0000 -0.0005 0.0008
vn -0.9319 -0.0011 0.3628
vn -1.0000 0.0000 0.0000
vn -0.8205 -0.0339 0.5706
vn -0.9281 -0.0001 0.3723
vn -0.9309 -0.0002 0.3654
vn -1.0000 0.0000 0.0000
vn -1.0000 0.0000 0.0000
vn -1.0000 0.0000 0.0000
vn -1.0000 0.0000 0.0000
vn -0.8952 0.0885 -0.4368
vn -1.0000 0.0000 0.0000
vn -1.0000 0.0000 0.0000
vn -1.0000 0.0000 0.0000
vn -1.0000 0.0000 0.0000
vn -0.9227 -0.0027 0.3856
vn -1.0000 -0.0046 0.0007
vn -0.9198 0.0046 -0.3924
vn -1.0000 0.0000 0.0000
vn -1.0000 -0.0042 0.0031
vn -1.0000 0.0000 0.0000
vn -1.0000 0.0000 0.0000
vn -1.0000 0.0000 0.0000
vn -1.0000 0.0002 0.0015
vn -1.0000 0.0054 -0.0080
vn -1.0000 0.0000 0.0000
vn -1.0000 0.0000 0.0000
vn -1.0000 -0.0006 0.0019
vn -1.0000 0.0000 0.0000
vn -1.0000 0.0000 0.0000
vn -1.0000 0.0000 0.0000
vn -1.0000 0.0004 0.0002
vn -0.9338 0.0050 0.3578
vn -1.0000 0.0043 -0.0074
vn -1.0000 0.0000 0.0000
vn -1.0000 0.0000 0.0000
vn -0.8024 -0.0006 0.5967
vn -0.9999 0.0017 -0.0100
vn -1.0000 0.0000 0.0000
vn -1.0000 0.0000 0.0000
vn -1.0000 0.0000 0.0000
vn -1.0000 0.0000 0.0000
vn -1.0000 0.0000 0.0000
vn -0.9999 -0.0107 0.0049
vn -1.0000 0.0005 0.0032
vn -1.0000 0.0000 0.0000
vn -0.9284 0.0044 0.3716
vn -1.0000 -0.0002 -0.0002
vn -1.0000 -0.0001 -0.0001
vn -0.8119 0.0160 -0.5836
vn -0.9280 -0.0016 0.3725
vn -1.0000 0.0032 0.0046
vn -1.0000 -0.0035 0.0091
vn -1.0000 0.0003 -0.0045
vn -1.0000 0.0000 0.0000
vn -1.0000 0.0000 0.0000
vn -1.0000 -0.0001 -0.0001
vn -1.0000 0.0000 0.0000
vn -1.0000 0.0000 0.0000
vn -1.0000 0.0000 0.0000
vn -1.0000 0.0000 0.0000
vn -1.0000 -0.0000 -0.0046
vn -1.0000 0.0000 0.0000
vn -1.0000 -0.0028 0.0085
vn -1.0000 0.0015 0.0011
vn -0.8451 -0.1675 -0.5077
vn -1.0000 0.0000 0.0000
vn -1.0000 -0.0051 0.0015
vn -1.0000 0.0000 0.0000
vn -1.0000 0.0000 0.0000
vn -1.0000 0.0000 0.0000
vn -1.0000 0.0000 0.0000
vn -1.0000 0.0000 0.0000
vn -1.0000 0.0000 0.0000
vn -1.0000 0.0000 0.0000
vn -1.0000 0.0000 0.0000
vn -1.0000 0.0006 0.0004
vn -1.0000 0.0039 -0.0091
vn -1.0000 0.0000 0.0000
vn -1.0000 0.0000 0.0000
vn -1.0000 0.0000 0.0000
vn -0.9178 -0.0051 0.3970
vn -1.0000 0.0000 0.0000
vn -1.0000 0.0000 0.0000
vn -0.6868 -0.1243 -0.7161
vn -1.0000 -0.0003 0.0009
vn -1.0000 0.0000 0.0000
vn -0.9446 0.0244 0.3272
vn -1.0000 0.0000 0.0000
vn -0.9997 -0.0198 0.0132
vn -1.0000 -0.0002 -0.0002
vn -1.0000 0.0000 0.0000
vn -0.9310 -0.0095 0.3649
vn -1.0000 0.0000 0.0000
vn -0.8250 0.0377 0.5638
vn -1.0000 0.0000 0.0000
vn -1.0000 0.0000 0.0000
vn -1.0000 0.0051 -0.0022
vn -1.0000 0.0000 0.0000
vn -1.0000 0.0000 0.0000
vn -1.0000 -0.0001 -0.0001
vn -1.0000 0.0000 0.0000
vn -1.0000 0.0000 0.0000
vn -0.9977 0.0468 -0.0489
vn -0.9990 0.0349 -0.0296
vn -1.0000 0.0000 0.0000
vn -0.9661 -0.0211 0.2575
vn -0.9999 0.0053 -0.0100
vn -1.0000 -0.0001 0.0006
vn -1.0000 0.0006 0.0002
vn -1.0000 0.0000 0.0000
vn -1.0000 0.0004 -0.0036
vn -1.0000 0.0000 0.0000
vn -1.0000 0.0000 0.0000
vn -1.0000 0.0002 0.0001
vn -0.9256 -0.0063 -0.3785
vn -1.0000 0.0000 0.0000
vn -1.0000 0.0003 0.0003
vn -0.9998 -0.0151 0.0089
vn -0.9099 0.0167 -0.4145
vn -0.9564 0.0039 0.2920
vn -0.9994 0.0219 -0.0282
vn -0.9992 -0.0124 0.0381
vn -0.9338 -0.0001 -0.3577
vn -1.0000 0.0008 0.0004
vn -0.9950 0.0617 0.0780
vn -1.0000 0.0004 0.0012
vn -0.9976 0.0487 -0.0499
vn -0.9823 0.1009 0.1578
vn -1.0000 0.0046 -0.0005
vn -0.9459 0.2485 -0.2088
vn -0.9944 0.1061 0.0033
vn -0.9999 0.0109 -0.0095
vn -1.0000 0.0020 0.0010
vn -1.0000 0.0000 0.0000
vn -0.9943 0.0814 0.0691
vn -0.9113 0.0063 -0.4117
vn -0.9994 0.0245 -0.0236
vn -1.0000 -0.0026 0.0037
vn -0.9937 -0.0655 0.0910
vn -0.9439 0.3297 -0.0199
vn -0.9619 0.2201 0.1625
vn -0.9998 0.0151 -0.0132
vn -0.8723 0.4889 -0.0040
vn -0.9956 0.0937 0.0007
vn -0.9330 0.3598 0.0027
vn -0.8975 0.4410 -0.0009
vn -0.9126 0.0582 -0.4048
vn -0.9320 0.3623 0.0113
vn -0.9780 0.2085 0.0009
vn -0.8824 0.4700 -0.0225
vn -0.8651 0.5008 -0.0276
vn -0.8134 0.5812 -0.0237
vn -0.3882 -0.9216 0.0012
vn -0.3963 -0.9181 0.0000
vn -0.3959 -0.9183 -0.0001
vn -0.3952 -0.9186 -0.0008
vn -0.3912 -0.9203 0.0005
vn -0.3895 -0.9210 0.0000
vn -0.3189 -0.7002 -0.6388
vn -0.2992 0.0249 -0.9539
vn 0.0003 -1.0000 -0.0063
vn -0.3963 -0.9181 0.0001
vn -0.0082 -0.9999 0.0124
vn -0.3615 0.0170 0.9322
vn -0.2964 -0.0161 -0.9549
vn -0.4027 0.0114 0.9153
vn -0.9284 0.0005 0.3715
vn -0.9087 -0.0158 0.4172
vn -0.2078 0.1945 -0.9587
vn -0.3809 0.0004 -0.9246
vn -0.2824 0.0023 -0.9593
vn -0.3558 -0.0067 -0.9345
vn -0.3047 0.0034 -0.9525
vn -0.3756 -0.0105 -0.9267
vn -0.3816 0.0012 -0.9243
vn -0.3852 -0.0031 -0.9228
vn -0.0017 -0.0002 -1.0000
vn -0.3335 0.0096 -0.9427
vn -0.3439 -0.0570 -0.9373
vn -0.0033 0.0215 -0.9998
vn -0.0006 -0.0067 -1.0000
vn -0.3860 -0.0002 -0.9225
vn -0.3815 -0.0077 -0.9243
vn -0.6672 0.6242 0.4065
vn -0.3262 0.9453 -0.0009
vn -0.4012 0.9160 0.0051
vn -0.3324 0.9431 -0.0088
vn -0.6599 0.7510 0.0216
vn -0.3380 -0.9411 -0.0130
vn -0.3855 -0.0021 -0.9227
vn -0.4161 -0.0063 -0.9093
vn -0.2682 0.0204 -0.9631
vn -0.0014 -0.0019 -1.0000
vn -0.0125 -0.0043 -0.9999
vn -0.3857 0.0000 -0.9226
vn -0.3975 0.0023 -0.9176
vn -0.0019 0.0017 -1.0000
vn -0.2073 0.5452 -0.8123
vn -0.1019 -0.9574 0.2703
vn 0.0021 -0.9340 0.3574
vn -0.0040 -0.0104 -0.9999
vn -0.3897 0.0089 0.9209
vn -0.3869 -0.0000 0.9221
vn -0.4032 -0.0015 0.9151
vn -0.6567 0.6465 -0.3883
vn 0.0036 0.9623 0.2720
vn 0.0000 -1.0000 0.0000
vn -0.0022 -1.0000 -0.0003
vn -0.0013 -1.0000 -0.0002
vn -0.0031 -1.0000 0.0009
vn -0.0000 -1.0000 -0.0035
vn -0.0016 -1.0000 -0.0001
vn -0.0003 -1.0000 0.0029
vn -0.1996 -0.9228 0.3296
vn -0.4023 -0.0106 0.9155
vn -0.2527 -0.0195 -0.9674
vn -0.3859 0.0032 0.9225
vn -0.3475 0.1266 -0.9291
vn -0.0013 0.0075 -1.0000
vn -0.0017 -0.0011 -1.0000
vn -0.0011 0.0020 -1.0000
vn -0.3857 0.0001 -0.9226
vn -0.3806 0.0102 -0.9247
vn -0.0074 0.0074 -0.9999
vn -0.0037 -0.0004 -1.0000
vn -0.2772 0.0000 -0.9608
vn -0.0003 0.0000 -1.0000
vn -0.0019 0.0013 -1.0000
vn -0.0025 -0.0029 -1.0000
vn -0.0018 0.0009 -1.0000
vn -0.0008 -0.0088 -1.0000
vn -0.0021 -0.0010 -1.0000
vn -0.0001 -0.0000 -1.0000
vn -0.0010 -0.0041 -1.0000
vn -0.0010 0.0004 -1.0000
vn -0.0021 -0.0020 -1.0000
vn -0.0029 -0.0027 -1.0000
vn -0.0012 0.0026 -1.0000
vn -0.0013 -0.0008 -1.0000
vn -0.0016 -0.0105 -0.9999
vn 0.0643 -0.2784 -0.9583
vn -0.3428 0.0052 -0.9394
vn -0.0008 -0.0005 -1.0000
vn -0.0013 -0.0018 -1.0000
vn -0.0032 -0.0193 -0.9998
vn -0.0037 0.0080 -1.0000
vn 0.0354 0.9292 -0.3679
vn 0.0311 -0.9256 -0.3771
vn -0.0009 -1.0000 -0.0022
vn 0.0404 -0.3004 0.9530
vn -0.2832 0.0240 -0.9588
vn -0.3905 -0.0000 0.9206
vn 0.0055 -0.0209 -0.9998
vn -0.0018 -0.0005 -1.0000
vn -0.0020 0.0012 -1.0000
vn -0.0046 0.0122 -0.9999
vn 0.0000 -1.0000 0.0000
vn 0.0000 -1.0000 0.0000
vn -0.0023 -1.0000 0.0010
vn 0.0023 -1.0000 0.0072
vn 0.1199 -0.9518 0.2824
vn -0.0188 -0.0648 0.9977
vn -0.3960 0.0011 0.9183
vn -0.3845 0.0011 0.9231
vn -0.3876 -0.0764 0.9187
vn -0.3873 -0.0063 0.9219
vn -0.3990 0.0000 0.9170
vn -0.0692 -0.6198 -0.7817
vn 0.0000 0.0000 -1.0000
vn -0.0007 0.0013 -1.0000
vn 0.0280 0.6749 0.7373
vn 0.0122 0.9542 0.2990
vn -0.5823 -0.8064 -0.1030
vn -0.0015 -1.0000 0.0002
vn -0.0001 -1.0000 -0.0001
vn -0.0099 -0.9997 0.0230
vn 0.0088 0.0022 -1.0000
vn -0.3869 0.0001 0.9221
vn -0.0017 0.1064 -0.9943
vn -0.0001 -0.0254 -0.9997
vn -0.5624 -0.0173 0.8267
vn -0.0008 0.0024 -1.0000
vn -0.0003 -0.0005 -1.0000
vn -0.2731 0.2916 -0.9167
vn -0.0295 0.7405 -0.6715
vn 0.0000 0.0000 -1.0000
vn -0.0112 0.0016 -0.9999
vn 0.0021 -0.1154 -0.9933
vn -0.0011 0.3120 -0.9501
vn -0.0017 -0.0019 1.0000
vn -0.0308 0.0032 0.9995
vn -0.0080 -0.0024 1.0000
vn -0.0001 -0.0004 -1.0000
vn -0.0039 -0.0011 1.0000
vn -0.4625 0.0141 0.8865
vn -0.0091 -0.0060 0.9999
vn -0.0027 1.0000 0.0018
vn -0.0033 1.0000 -0.0000
vn -0.0005 1.0000 -0.0013
vn -0.0181 0.9315 0.3632
vn -0.3526 0.9356 0.0196
vn -0.0005 -1.0000 -0.0004
vn 0.0000 -1.0000 0.0000
vn 0.0000 -1.0000 0.0000
vn 0.0000 -1.0000 0.0000
vn 0.0000 0.0000 -1.0000
vn -0.0055 0.9997 -0.0220
vn 0.0140 -0.9995 -0.0283
vn -0.0002 0.0000 -1.0000
vn -0.0030 0.1071 -0.9942
vn -0.0025 0.0133 -0.9999
vn -0.0003 0.0102 0.9999
vn 0.0000 0.0000 -1.0000
vn 0.0000 0.0000 -1.0000
vn -0.0034 0.0036 -1.0000
vn -0.0011 0.0006 1.0000
vn -0.0018 0.0017 1.0000
vn -0.3865 -0.0033 0.9223
vn 0.0000 0.0000 -1.0000
vn -0.3808 0.0000 0.9247
vn -0.3885 0.0175 0.9213
vn -0.3249 0.3013 0.8965
vn 0.0000 0.0000 -1.0000
vn -0.2581 0.2268 -0.9391
vn -0.0042 -0.0039 -1.0000
vn 0.0000 -1.0000 0.0000
vn 0.0000 -1.0000 0.0000
vn 0.0000 -1.0000 0.0000
vn 0.0000 -1.0000 0.0000
vn 0.0000 -1.0000 0.0000
vn 0.0000 -1.0000 0.0000
vn -0.0068 -0.0091 -0.9999
vn 0.0000 0.0000 -1.0000
vn -0.0001 -0.0000 -1.0000
vn -0.0002 -0.0009 -1.0000
vn -0.2664 -0.2449 -0.9322
vn -0.0034 0.0074 -1.0000
vn -0.0730 -0.6229 0.7789
vn -0.0010 0.0015 1.0000
vn -0.0012 -0.0015 1.0000
vn -0.0027 -0.0007 1.0000
vn -0.0013 0.0005 1.0000
vn -0.0013 -0.0001 1.0000
vn -0.0063 0.4171 0.9088
vn -0.0024 0.0011 1.0000
vn -0.3680 -0.0042 0.9298
vn -0.0122 -0.0089 0.9999
vn -0.3954 0.0436 0.9175
vn -0.0001 0.0000 -1.0000
vn 0.0000 0.0000 -1.0000
vn -0.0259 -0.0260 0.9993
vn -0.0186 -0.0423 -0.9989
vn -0.0003 0.0027 1.0000
vn 0.0000 0.0000 -1.0000
vn 0.0000 0.0000 -1.0000
vn -0.0011 0.0084 -1.0000
vn -0.0185 -0.0418 -0.9990
vn -0.0150 -0.0193 -0.9997
vn 0.0060 0.0950 -0.9955
vn -0.0027 1.0000 0.0022
vn 0.0150 0.9457 0.3248
vn -0.0323 -0.9432 -0.3306
vn 0.0000 -1.0000 0.0000
vn 0.0000 -1.0000 0.0000
vn 0.0009 -1.0000 0.0013
vn 0.0000 -1.0000 0.0000
vn 0.0000 -1.0000 0.0000
vn 0.0246 -0.5233 -0.8518
vn -0.4768 -0.0179 0.8788
vn -0.0063 -0.0129 0.9999
vn -0.0048 -0.0005 1.0000
vn 0.0000 0.0000 -1.0000
vn -0.0016 0.0017 1.0000
vn -0.0023 0.0007 1.0000
vn -0.0020 -0.0016 1.0000
vn -0.0025 0.0034 1.0000
vn -0.0040 -0.0064 1.0000
vn 0.0000 0.0000 1.0000
vn -0.0006 0.0011 1.0000
vn -0.0064 -0.1699 -0.9854
vn -0.0114 0.9992 -0.0393
vn -0.0024 -1.0000 -0.0022
vn -0.0010 -1.0000 -0.0041
vn -0.3818 0.0005 0.9242
vn -0.0011 0.0032 -1.0000
vn -0.0040 -0.9999 -0.0124
vn -0.0394 -0.8191 0.5723
vn -0.0098 -0.0010 -1.0000
vn -0.0025 0.0145 -0.9999
vn -0.0020 -0.0028 1.0000
vn -0.0003 0.0002 1.0000
vn 0.0000 0.0000 1.0000
vn -0.0062 -0.0024 1.0000
vn 0.0000 0.0000 -1.0000
vn -0.0004 0.0000 1.0000
vn 0.0002 -0.0138 -0.9999
vn 0.0000 0.0000 1.0000
vn -0.0002 0.0000 -1.0000
vn 0.0000 0.0000 1.0000
vn -0.1317 0.0744 -0.9885
vn -0.0003 0.0001 1.0000
vn -0.0007 0.0002 1.0000
vn 0.0000 0.0000 -1.0000
vn -0.0396 -0.9990 0.0215
vn 0.0000 -1.0000 0.0000
vn 0.0000 0.0000 -1.0000
vn 0.0268 0.0315 -0.9991
vn 0.0007 0.0019 -1.0000
vn 0.0008 0.1075 -0.9942
vn -0.0042 0.0429 -0.9991
vn 0.0160 0.0441 -0.9989
vn -0.0015 -0.0079 -1.0000
vn 0.0000 0.0000 -1.0000
vn 0.0000 -1.0000 0.0000
vn 0.0230 -0.9403 0.3396
vn 0.0000 0.0000 -1.0000
vn -0.0024 0.0029 1.0000
vn 0.0000 0.0000 -1.0000
vn 0.0000 0.0000 1.0000
vn 0.0000 0.0000 1.0000
vn -0.0297 0.0195 -0.9994
vn -0.0019 -0.0027 1.0000
vn 0.0000 0.0000 1.0000
vn 0.0000 0.0000 1.0000
vn 0.0000 0.0000 1.0000
vn -0.0002 0.0000 1.0000
vn -0.0002 -0.0000 1.0000
vn 0.0000 0.0000 1.0000
vn 0.0000 0.0000 1.0000
vn -0.0013 -0.0001 1.0000
vn 0.0000 0.0000 1.0000
vn 0.0000 0.0000 1.0000
vn -0.0060 -0.0112 -0.9999
vn -0.0159 -0.9999 0.0049
vn 0.0000 0.0000 -1.0000
vn 0.0000 0.0000 -1.0000
vn 0.0000 0.0000 -1.0000
vn 0.0000 0.0000 -1.0000
vn -0.0005 -0.0001 1.0000
vn -0.0022 0.0152 -0.9999
vn 0.0000 0.0000 -1.0000
vn 0.0000 0.0000 -1.0000
vn -0.0023 0.0250 -0.9997
vn -0.0005 0.0024 -1.0000
vn -0.0015 0.0088 1.0000
vn -0.0122 0.0049 -0.9999
vn 0.0000 1.0000 0.0000
vn -0.0010 1.0000 -0.0002
vn -0.0012 1.0000 0.0006
vn -0.0001 1.0000 -0.0001
vn 0.0005 1.0000 -0.0015
vn 0.0005 0.9481 0.3179
vn -0.0122 0.9896 0.1433
vn 0.0000 -1.0000 0.0000
vn 0.0000 -1.0000 0.0000
vn 0.0000 -1.0000 0.0000
vn 0.0000 -1.0000 0.0000
vn -0.1727 -0.9549 0.2416
vn -0.0194 -0.4134 0.9103
vn -0.0210 -0.0669 0.9975
vn -0.2545 -0.2769 -0.9266
vn 0.0101 -0.1126 -0.9936
vn 0.2071 -0.8719 -0.4437
vn -0.0013 0.0003 1.0000
vn -0.4913 0.2593 -0.8315
vn 0.0000 0.0000 1.0000
vn 0.0000 0.0000 1.0000
vn 0.0000 0.0000 1.0000
vn 0.0068 0.0599 -0.9982
vn -0.5276 -0.5380 -0.6574
vn -0.5166 0.5085 -0.6888
vn -0.5317 -0.5023 -0.6819
vn -0.4188 0.4709 -0.7764
vn 0.0000 -1.0000 -0.0005
vn 0.0000 -1.0000 0.0000
vn 0.0000 -1.0000 0.0000
vn 0.0000 -1.0000 0.0000
vn 0.0000 0.0000 -1.0000
vn -0.2507 0.2935 -0.9225
vn 0.0000 0.0000 -1.0000
vn -0.2937 0.2820 -0.9134
vn -0.2471 -0.3366 -0.9087
vn -0.0058 0.4360 0.8999
vn 0.0159 0.9578 0.2871
vn 0.0083 0.0554 -0.9984
vn -0.2803 -0.2316 -0.9315
vn 0.0013 0.6856 -0.7280
vn 0.0000 0.0000 -1.0000
vn -0.0256 0.1965 -0.9802
vn 0.0045 0.0041 -1.0000
vn -0.0002 0.4651 0.8853
vn -0.1109 0.9124 -0.3939
vn 0.0276 -0.9984 -0.0486
vn 0.0000 -1.0000 0.0000
vn 0.0000 -1.0000 0.0000
vn 0.0000 -1.0000 0.0000
vn 0.0000 -1.0000 0.0000
vn 0.0000 -1.0000 0.0000
vn 0.0108 -0.9999 0.0007
vn -0.0027 -0.0103 -0.9999
vn 0.0043 -0.0443 -0.9990
vn -0.0004 0.0011 1.0000
vn -0.0004 0.0010 1.0000
vn -0.5382 0.5521 -0.6368
vn -0.0002 0.0000 1.0000
vn 0.0000 0.0000 1.0000
vn 0.0000 0.0000 1.0000
vn 0.0000 0.0000 1.0000
vn -0.0002 0.0001 1.0000
vn 0.0000 0.0000 1.0000
vn 0.0000 0.0000 1.0000
vn -0.0011 -0.0000 1.0000
vn -0.0045 -0.0025 -1.0000
vn -0.0053 0.9995 -0.0296
vn 0.0013 -1.0000 -0.0024
vn -0.0002 0.0000 1.0000
vn 0.0000 0.0000 -1.0000
vn -0.0004 0.0086 1.0000
vn 0.0000 0.0000 -1.0000
vn -0.0079 0.0403 -0.9992
vn -0.0001 -1.0000 -0.0001
vn 0.0000 -1.0000 0.0000
vn 0.0002 -0.0166 -0.9999
vn 0.0000 0.0000 -1.0000
vn 0.0042 -0.0272 -0.9996
vn 0.0000 0.0000 -1.0000
vn -0.1113 0.9900 0.0870
vn 0.0000 0.0000 1.0000
vn 0.0000 0.0000 1.0000
vn 0.0137 0.0912 -0.9957
vn 0.0000 0.0000 1.0000
vn 0.0000 0.0000 1.0000
vn 0.0000 0.0000 1.0000
vn 0.0000 0.0000 1.0000
vn 0.0000 0.0000 -1.0000
vn 0.0000 0.0000 1.0000
vn 0.0029 0.0600 -0.9982
vn 0.0000 1.0000 0.0000
vn 0.0000 1.0000 0.0000
vn -0.0034 1.0000 -0.0038
vn 0.0000 1.0000 0.0000
vn 0.0480 0.9781 0.2025
vn -0.0030 1.0000 0.0026
vn -0.0183 -0.9083 -0.4179
vn 0.0000 -1.0000 0.0000
vn 0.0000 -1.0000 0.0000
vn 0.0000 -1.0000 0.0000
vn 0.0000 -1.0000 0.0000
vn 0.0009 -0.3935 0.9193
vn 0.0000 0.0000 1.0000
vn 0.0445 -0.5339 -0.8444
vn 0.0000 0.0000 -1.0000
vn -0.2047 0.1614 -0.9654
vn -0.0002 0.0001 1.0000
vn -0.0019 -0.0072 1.0000
vn -0.0043 -0.6471 -0.7624
vn 0.0101 0.6126 -0.7903
vn -0.0022 0.0055 1.0000
vn -0.0226 0.2710 -0.9623
vn -0.1146 0.9253 0.3614
vn 0.0000 -1.0000 0.0000
vn 0.0000 -1.0000 0.0000
vn 0.0005 -1.0000 0.0005
vn -0.0491 -0.9944 0.0937
vn 0.0080 -0.3670 -0.9302
vn 0.0000 0.0000 1.0000
vn 0.0000 0.0000 1.0000
vn -0.0178 -0.5423 -0.8400
vn -0.0291 0.8163 -0.5770
vn 0.0000 0.0000 1.0000
vn 0.0042 -0.0183 -0.9998
vn 0.0000 0.0000 1.0000
vn 0.0000 0.0000 1.0000
vn 0.0000 0.0000 1.0000
vn 0.0000 0.0000 1.0000
vn -0.0074 -0.6796 -0.7335
vn 0.0000 0.0000 1.0000
vn 0.0018 0.0615 -0.9981
vn 0.0000 -0.0000 -1.0000
vn 0.0000 0.0000 1.0000
vn 0.0000 0.0000 1.0000
vn 0.0000 0.0000 1.0000
vn 0.0000 0.0000 1.0000
vn 0.0008 0.0588 -0.9983
vn 0.0000 0.0000 1.0000
vn -0.0053 -0.0354 -0.9994
vn 0.0000 0.0000 1.0000
vn 0.0000 0.0000 1.0000
vn 0.0000 0.0000 1.0000
vn 0.0000 0.0000 1.0000
vn 0.0000 0.0000 1.0000
vn 0.0000 0.0000 1.0000
vn 0.0000 0.0000 1.0000
vn -0.0444 -0.4564 -0.8887
vn 0.0733 0.9635 -0.2576
vn 0.0000 -1.0000 0.0000
vn 0.0313 -0.9549 0.2951
vn 0.0001 -0.0000 -1.0000
vn 0.0067 0.0919 -0.9957
vn -0.0030 -0.0147 -0.9999
vn -0.0124 0.6661 -0.7458
vn 0.0270 0.0102 -0.9996
vn -0.0272 0.7353 0.6772
vn 0.0627 0.6812 -0.7294
vn 0.0000 1.0000 0.0000
vn -0.0015 -1.0000 -0.0021
vn 0.0000 -1.0000 0.0000
vn 0.0000 -1.0000 0.0000
vn -0.0006 -1.0000 0.0011
vn 0.0016 -0.0020 1.0000
vn 0.0000 0.0000 -1.0000
vn 0.0083 0.0990 -0.9951
vn 0.0007 0.0035 -1.0000
vn 0.0000 0.0000 -1.0000
vn 0.0000 0.0000 -1.0000
vn 0.5385 -0.2781 -0.7955
vn 0.0000 0.9481 0.3178
vn 0.0146 -0.9084 -0.4179
vn -0.0471 -0.9976 -0.0501
vn -0.0238 -0.8884 0.4585
vn -0.0020 -0.0007 1.0000
vn -0.0658 0.1849 -0.9806
vn -0.1021 0.1794 -0.9785
vn 0.0000 0.0000 1.0000
vn 0.0003 0.0201 -0.9998
vn -0.0049 -0.0486 -0.9988
vn 0.0000 0.0000 1.0000
vn 0.0138 0.0448 -0.9989
vn 0.0000 0.0000 -1.0000
vn 0.0000 0.9481 0.3178
vn -0.0289 -0.9996 0.0037
vn -0.0008 -0.0302 -0.9995
vn 0.0000 0.0000 -1.0000
vn 0.0001 -0.0000 -1.0000
vn 0.0000 0.0000 -1.0000
vn 0.0000 0.0000 -1.0000
vn 0.0130 0.1268 -0.9918
vn 0.0149 0.0356 -0.9993
vn 0.0000 0.0000 -1.0000
vn -0.0005 1.0000 -0.0017
vn 0.0019 0.0191 -0.9998
vn 0.0000 0.0000 -1.0000
vn 0.0120 0.0098 0.9999
vn 0.1982 0.9706 -0.1367
vn 0.0000 1.0000 0.0000
vn 0.0000 1.0000 0.0000
vn 0.0000 1.0000 0.0000
vn 0.0000 1.0000 0.0000
vn 0.0000 1.0000 0.0000
vn 0.0000 1.0000 0.0000
vn 0.0000 1.0000 0.0000
vn 0.0000 1.0000 0.0001
vn 0.0006 1.0000 -0.0001
vn 0.0436 0.9331 0.3569
vn 0.0000 -1.0000 0.0000
vn 0.0000 -1.0000 0.0000
vn 0.0605 -0.9465 0.3170
vn -0.0032 -0.6309 -0.7759
vn -0.0014 0.0011 1.0000
vn 0.2830 0.6135 -0.7373
vn 0.0000 0.0000 1.0000
vn 0.1121 -0.4566 -0.8826
vn 0.0000 0.0000 1.0000
vn 0.0007 -0.0001 -1.0000
vn 0.0000 -1.0000 0.0000
vn 0.0000 0.0000 1.0000
vn 0.0000 0.0000 1.0000
vn 0.0000 0.0000 1.0000
vn -0.0004 -0.0002 1.0000
vn 0.0000 0.0000 -1.0000
vn 0.0035 -0.0126 -0.9999
vn 0.4409 0.6128 -0.6558
vn 0.0004 -0.0038 -1.0000
vn 0.0000 0.0000 -1.0000
vn 0.0347 0.6684 -0.7430
vn 0.0000 -1.0000 0.0000
vn 0.0000 -1.0000 0.0000
vn -0.0231 -0.9491 0.3143
vn -0.0032 -0.8973 0.4414
vn -0.6955 -0.5863 -0.4154
vn 0.0003 0.0000 -1.0000
vn 0.0020 -0.0105 -0.9999
vn 0.0000 -1.0000 0.0000
vn 0.0000 -1.0000 0.0000
vn 0.0010 0.0003 1.0000
vn 0.0000 0.0000 1.0000
vn 0.5694 -0.2794 -0.7731
vn 0.0000 0.0000 1.0000
vn 0.0000 0.0000 1.0000
vn 0.0000 0.0000 1.0000
vn -0.0002 0.0000 1.0000
vn -0.5879 -0.5316 -0.6097
vn 0.0000 0.0000 1.0000
vn 0.0000 0.0000 1.0000
vn 0.0000 0.0000 1.0000
vn 0.0000 0.0000 -1.0000
vn 0.0000 0.0000 1.0000
vn 0.0000 0.0000 1.0000
vn 0.0000 0.0000 1.0000
vn 0.0014 -0.0002 -1.0000
vn 0.0000 0.0000 1.0000
vn 0.0000 0.0000 1.0000
vn 0.0000 0.0000 1.0000
vn -0.0142 -0.0485 -0.9987
vn 0.0000 0.0000 1.0000
vn 0.0000 0.0000 1.0000
vn 0.0000 0.0000 1.0000
vn 0.0000 0.0000 1.0000
vn -0.0111 0.2429 0.9700
vn 0.0000 1.0000 0.0000
vn 0.0000 1.0000 0.0000
vn 0.0000 1.0000 0.0000
vn 0.0000 1.0000 0.0000
vn 0.0000 -1.0000 0.0000
vn 0.0000 -1.0000 0.0000
vn 0.0000 -1.0000 0.0000
vn 0.0959 -0.9928 -0.0712
vn 0.0000 0.0000 1.0000
vn 0.0000 0.0000 1.0000
vn 0.0001 -0.0000 -1.0000
vn -0.0445 0.0345 -0.9984
vn 0.0000 0.0000 1.0000
vn 0.0000 0.0000 1.0000
vn 0.0003 -0.0001 -1.0000
vn 0.5725 -0.4562 -0.6813
vn 0.0000 0.0000 -1.0000
vn 0.5752 0.5161 -0.6347
vn 0.2129 0.3385 -0.9166
vn 0.0000 0.0000 1.0000
vn 0.0027 0.0520 -0.9986
vn -0.0514 0.9987 -0.0027
vn 0.0000 -1.0000 0.0000
vn 0.0011 -0.4113 -0.9115
vn 0.0000 0.0000 -1.0000
vn 0.0000 0.0000 -1.0000
vn 0.0081 0.0394 -0.9992
vn 0.0242 -0.0802 -0.9965
vn 0.0000 0.0000 -1.0000
vn 0.0000 1.0000 0.0000
vn 0.0000 1.0000 0.0000
vn 0.0130 -0.9987 -0.0502
vn 0.0000 -1.0000 0.0000
vn 0.0000 -1.0000 0.0000
vn -0.0007 -1.0000 0.0014
vn -0.0229 -0.8427 0.5379
vn -0.0097 -0.6499 -0.7600
vn 0.0000 0.0000 1.0000
vn 0.5885 0.2844 -0.7569
vn 0.0000 0.0000 1.0000
vn 0.0000 0.0000 1.0000
vn 0.0000 0.0000 1.0000
vn 0.0000 0.0000 1.0000
vn 0.0000 0.0000 1.0000
vn 0.0000 0.0000 1.0000
vn 0.0000 0.0000 1.0000
vn 0.0000 0.0000 1.0000
vn 0.0000 0.0000 1.0000
vn 0.0000 0.0000 1.0000
vn 0.0000 0.0000 1.0000
vn 0.0000 0.0000 1.0000
vn 0.6164 -0.4811 -0.6233
vn 0.0000 0.0000 1.0000
vn 0.0000 0.0000 1.0000
vn 0.0000 0.0000 1.0000
vn 0.0000 0.0000 1.0000
vn 0.0000 0.0000 1.0000
vn 0.0000 0.0000 1.0000
vn 0.0000 0.0000 1.0000
vn 0.0000 0.0000 1.0000
vn 0.0000 0.0000 1.0000
vn 0.0000 0.0000 1.0000
vn 0.0177 0.9994 -0.0286
vn 0.0000 -1.0000 0.0000
vn -0.0029 -1.0000 -0.0021
vn 0.0000 0.0000 -1.0000
vn 0.0000 0.0000 1.0000
vn 0.0004 0.0000 -1.0000
vn 0.0003 -0.0111 -0.9999
vn -0.0027 0.0168 -0.9999
vn 0.0030 -0.0002 -1.0000
vn 0.3581 0.6356 -0.6840
vn 0.0000 0.0000 1.0000
vn 0.0004 0.0023 -1.0000
vn 0.0129 0.5087 0.8609
vn 0.0000 1.0000 0.0000
vn 0.0000 1.0000 0.0000
vn 0.0000 1.0000 0.0000
vn 0.0002 0.9597 0.2810
vn -0.0889 0.8387 0.5373
vn 0.0000 -1.0000 0.0000
vn 0.0005 -1.0000 0.0003
vn 0.0685 -0.9767 0.2033
vn -0.0616 -0.8710 0.4873
vn 0.0000 0.0000 -1.0000
vn -0.2125 -0.1888 -0.9588
vn 0.3461 -0.3014 -0.8885
vn 0.1128 0.0759 -0.9907
vn -0.0009 1.0000 -0.0015
vn 0.0108 -0.8898 -0.4562
vn -0.0038 -0.9999 -0.0163
vn 0.0000 -1.0000 0.0000
vn 0.0000 0.0000 1.0000
vn 0.0000 -0.0000 1.0000
vn 0.0470 -0.0200 -0.9987
vn 0.0002 0.0001 -1.0000
vn 0.0000 0.0000 1.0000
vn 0.0000 0.0000 1.0000
vn 0.0000 0.0000 1.0000
vn 0.0000 0.0000 1.0000
vn 0.0000 0.0000 1.0000
vn 0.0000 0.0000 1.0000
vn 0.0000 0.0000 1.0000
vn 0.0000 0.0000 1.0000
vn 0.0000 0.0000 -1.0000
vn 0.0000 0.0000 1.0000
vn 0.0193 0.7639 -0.6450
vn 0.0004 -1.0000 -0.0000
vn -0.0026 -0.0374 -0.9993
vn -0.0046 -0.0135 0.9999
vn 0.0012 0.0038 -1.0000
vn 0.0000 0.0000 1.0000
vn 0.0165 0.0327 -0.9993
vn 0.0004 -0.0001 1.0000
vn 0.0039 -0.0084 -1.0000
vn 0.2539 -0.2247 -0.9408
vn 0.6118 0.0796 -0.7870
vn -0.0088 0.0310 -0.9995
vn 0.0000 0.0000 -1.0000
vn 0.0025 0.0132 0.9999
vn -0.2746 0.1465 -0.9503
vn 0.0000 -1.0000 0.0000
vn 0.0000 -1.0000 0.0000
vn 0.0000 0.0000 -1.0000
vn 0.4561 -0.0984 -0.8845
vn -0.0034 -0.0283 -0.9996
vn 0.0009 0.0006 -1.0000
vn -0.0014 0.0188 -0.9998
vn 0.0643 -0.0088 -0.9979
vn 0.0091 -0.0498 -0.9987
vn -0.0110 0.4695 0.8829
vn 0.0000 1.0000 0.0000
vn 0.0000 1.0000 0.0000
vn 0.0153 -0.9993 -0.0338
vn 0.0000 -1.0000 0.0000
vn 0.0000 -1.0000 0.0000
vn 0.0000 -1.0000 0.0000
vn 0.0000 -1.0000 0.0000
vn 0.0033 -1.0000 0.0025
vn 0.0000 0.0000 1.0000
vn 0.0021 0.0000 -1.0000
vn 0.0021 0.0010 -1.0000
vn 0.0000 0.0000 1.0000
vn 0.3352 0.0755 -0.9391
vn 0.0022 0.0003 -1.0000
vn 0.0012 0.0001 -1.0000
vn 0.0273 -0.0181 -0.9995
vn -0.0066 0.0146 -0.9999
vn -0.0118 0.9226 -0.3856
vn 0.0077 0.9999 -0.0103
vn 0.0650 -0.5206 0.8513
vn -0.0106 -0.3255 0.9455
vn 0.0013 -0.0018 -1.0000
vn 0.0014 -0.0015 -1.0000
vn 0.0000 0.0000 1.0000
vn 0.0004 0.0001 -1.0000
vn 0.0014 -0.0043 -1.0000
vn 0.0000 1.0000 0.0000
vn 0.0000 -1.0000 0.0000
vn 0.0405 0.0078 -0.9991
vn 0.0000 0.0000 -1.0000
vn 0.0002 0.0003 -1.0000
vn 0.1395 -0.1364 -0.9808
vn 0.0000 0.0000 1.0000
vn -0.1255 0.9451 -0.3017
vn 0.0000 -1.0000 0.0000
vn 0.0048 -1.0000 0.0001
vn 0.0001 -0.0000 1.0000
vn 0.0000 0.0000 1.0000
vn 0.0000 0.0000 1.0000
vn 0.0000 0.0000 1.0000
vn 0.0032 -0.0104 -0.9999
vn -0.0760 0.2520 -0.9648
vn 0.0000 0.0000 1.0000
vn 0.0000 0.0000 -1.0000
vn 0.0000 0.0000 1.0000
vn 0.0016 -0.0021 -1.0000
vn 0.0000 0.0000 1.0000
vn 0.0000 0.0000 1.0000
vn 0.0000 0.0000 1.0000
vn 0.0000 0.0000 1.0000
vn 0.0090 0.4178 -0.9085
vn 0.0000 1.0000 0.0000
vn 0.0000 1.0000 0.0000
vn 0.0000 1.0000 0.0000
vn -0.0002 1.0000 0.0004
vn 0.0005 1.0000 0.0001
vn -0.0017 -0.9194 -0.3933
vn 0.0000 -1.0000 0.0000
vn 0.0000 -1.0000 0.0000
vn 0.0000 -1.0000 0.0000
vn 0.0000 -1.0000 0.0001
vn 0.0023 -0.0294 -0.9996
vn 0.0000 0.0000 -1.0000
vn 0.0007 -0.0000 -1.0000
vn 0.0000 0.0000 1.0000
vn -0.0101 -0.1439 -0.9895
vn -0.4227 -0.3632 -0.8303
vn 0.0008 -0.0324 -0.9995
vn 0.2213 -0.0028 -0.9752
vn -0.0035 0.0541 -0.9985
vn 0.0206 -0.1032 -0.9944
vn 0.0018 0.0020 -1.0000
vn -0.0049 -0.9167 -0.3996
vn -0.0031 -0.9999 -0.0102
vn 0.0000 -1.0000 0.0000
vn 0.0001 -1.0000 0.0007
vn 0.0000 -1.0000 0.0000
vn 0.0000 0.0000 1.0000
vn 0.0001 -0.0000 1.0000
vn 0.0000 0.0000 1.0000
vn 0.0000 0.0000 1.0000
vn 0.0000 0.0000 1.0000
vn 0.0003 -0.0001 1.0000
vn 0.0000 0.0000 1.0000
vn 0.0027 -0.0042 1.0000
vn 0.0000 0.0000 1.0000
vn 0.0000 0.0000 1.0000
vn 0.0051 -0.0003 1.0000
vn 0.0000 0.0000 1.0000
vn 0.0000 0.0000 1.0000
vn 0.0001 -0.0000 1.0000
vn 0.0000 0.0000 1.0000
vn 0.0000 0.0000 1.0000
vn 0.0000 0.0000 1.0000
vn 0.0000 0.0000 -1.0000
vn 0.0072 0.6855 0.7280
vn 0.0000 -1.0000 0.0000
vn 0.0010 0.0003 -1.0000
vn 0.3691 -0.0067 -0.9293
vn 0.0014 -0.0019 -1.0000
vn 0.0000 0.0000 1.0000
vn 0.2502 -0.1131 -0.9616
vn 0.0000 0.0000 -1.0000
vn 0.2504 0.2578 -0.9332
vn -0.1374 0.1929 -0.9716
vn 0.0039 -0.0035 -1.0000
vn -0.0361 0.9226 -0.3840
vn -0.0139 0.9996 -0.0247
vn -0.0198 0.9998 -0.0005
vn 0.0014 -1.0000 0.0001
vn 0.0000 -1.0000 0.0000
vn 0.0004 -1.0000 0.0001
vn 0.0001 -1.0000 0.0001
vn -0.0191 -0.9995 0.0243
vn -0.0421 -0.9442 0.3266
vn 0.0000 0.0000 -1.0000
vn 0.0010 0.0030 -1.0000
vn 0.0033 0.0026 -1.0000
vn 0.1721 0.0819 -0.9817
vn 0.0050 0.0285 -0.9996
vn -0.0016 0.0071 1.0000
vn -0.0266 -0.5241 0.8512
vn 0.0000 0.0000 1.0000
vn 0.0000 0.0000 1.0000
vn 0.0000 0.0000 1.0000
vn 0.0000 0.0000 1.0000
vn 0.0000 0.0000 1.0000
vn 0.0000 0.0000 1.0000
vn 0.0000 0.0000 1.0000
vn 0.0000 0.0000 1.0000
vn 0.0000 0.0000 -1.0000
vn 0.0000 0.0000 1.0000
vn -0.0078 -0.9999 -0.0063
vn 0.0005 -1.0000 0.0005
vn 0.0017 -1.0000 0.0015
vn 0.0079 -1.0000 0.0007
vn 0.0000 0.0000 -1.0000
vn 0.3485 -0.0006 -0.9373
vn 0.0003 -0.0001 1.0000
vn 0.0005 -0.0001 -1.0000
vn 0.0015 0.0004 1.0000
vn 0.2301 -0.0088 -0.9731
vn 0.0008 -0.0001 1.0000
vn 0.3718 0.0526 -0.9268
vn -0.0006 0.0027 -1.0000
vn 0.3600 0.0546 -0.9314
vn 0.2311 0.0172 -0.9728
vn 0.0000 0.0000 1.0000
vn -0.0027 0.9997 -0.0223
vn 0.0000 0.0000 1.0000
vn 0.0000 0.0000 1.0000
vn -0.0007 -0.0133 -0.9999
vn 0.0175 0.1011 -0.9947
vn 0.2897 0.0146 -0.9570
vn 0.3624 0.0035 -0.9320
vn 0.0017 0.0002 -1.0000
vn -0.0041 1.0000 0.0042
vn 0.0000 1.0000 0.0000
vn -0.0006 1.0000 0.0011
vn 0.0014 1.0000 -0.0009
vn 0.0003 1.0000 0.0012
vn -0.0024 0.9701 0.2426
vn 0.0256 -0.9997 -0.0026
vn 0.4017 -0.9157 -0.0107
vn 0.0102 -0.9999 -0.0070
vn 0.0010 -1.0000 0.0029
vn 0.0011 0.0051 1.0000
vn 0.3849 0.0140 -0.9228
vn 0.0014 -0.0007 1.0000
vn 0.0000 0.0000 1.0000
vn 0.0007 -0.0002 1.0000
vn 0.0080 -0.0586 -0.9982
vn 0.0015 0.0003 1.0000
vn 0.0003 -0.0000 -1.0000
vn 0.0016 -0.0003 1.0000
vn 0.3816 0.0001 -0.9243
vn 0.0124 0.0222 -0.9997
vn 0.0000 0.0000 -1.0000
vn 0.0001 -0.0000 1.0000
vn 0.3863 -0.0080 -0.9223
vn 0.0000 1.0000 0.0000
vn -0.0014 -1.0000 -0.0019
vn -0.0007 -1.0000 -0.0040
vn -0.0205 -0.1519 -0.9882
vn 0.0000 0.0000 1.0000
vn 0.0000 0.0000 1.0000
vn 0.3803 -0.0083 -0.9248
vn 0.3806 -0.0001 -0.9247
vn 0.3052 -0.0882 -0.9482
vn 0.0000 1.0000 0.0000
vn 0.0042 -1.0000 -0.0017
vn 0.0004 -1.0000 0.0006
vn 0.0517 -0.9464 0.3187
vn 0.0183 -0.2718 0.9622
vn -0.0040 -0.3799 -0.9250
vn 0.0014 0.0008 -1.0000
vn 0.2516 -0.0058 -0.9678
vn 0.0037 0.0245 -0.9997
vn 0.0105 0.0189 -0.9998
vn 0.3634 -0.0002 -0.9316
vn 0.0016 0.9263 -0.3769
vn 0.0000 1.0000 0.0000
vn -0.0024 0.9225 0.3859
vn -0.0173 -0.9997 -0.0166
vn 0.0000 0.0000 1.0000
vn 0.0075 0.0097 0.9999
vn 0.0000 0.0000 1.0000
vn 0.0033 0.0054 1.0000
vn 0.0000 -0.0000 1.0000
vn 0.0003 -0.0000 1.0000
vn 0.0008 -0.0001 1.0000
vn 0.0003 -0.0000 1.0000
vn 0.0000 0.0000 1.0000
vn 0.3937 0.0086 -0.9192
vn 0.0001 -0.0000 1.0000
vn 0.0000 1.0000 0.0000
vn 0.0000 1.0000 0.0000
vn 0.0217 -0.8608 -0.5086
vn 0.0014 -1.0000 -0.0003
vn -0.0030 -1.0000 0.0056
vn -0.0025 -1.0000 0.0044
vn 0.0147 -0.6504 0.7595
vn -0.0406 -0.6265 0.7784
vn 0.3686 0.0502 -0.9282
vn 0.0020 0.0009 -1.0000
vn 0.0000 0.0000 1.0000
vn 0.0006 0.0002 1.0000
vn 0.0036 -0.0007 -1.0000
vn 0.0468 -0.0783 -0.9958
vn 0.0306 0.0089 -0.9995
vn 0.0095 -0.0023 -1.0000
vn -0.0004 1.0000 -0.0004
vn -0.0229 -0.3363 0.9415
vn 0.0000 0.0000 1.0000
vn 0.0000 0.0000 1.0000
vn 0.4682 -0.0218 -0.8834
vn 0.2292 -0.0973 -0.9685
vn 0.0027 -0.0040 -1.0000
vn 0.0014 -0.0003 1.0000
vn -0.0002 0.0122 0.9999
vn 0.0168 0.3272 0.9448
vn -0.0013 -0.9999 -0.0160
vn -0.0043 -1.0000 0.0066
vn -0.0059 -0.9999 0.0142
vn 0.0213 -0.9998 -0.0021
vn 0.0011 -1.0000 0.0009
vn -0.0205 -0.4504 -0.8926
vn 0.3606 0.0001 -0.9327
vn 0.0062 -0.0052 -1.0000
vn 0.0015 0.0005 1.0000
vn 0.0013 -0.0675 -0.9977
vn 0.0027 0.0031 -1.0000
vn 0.1686 0.2312 0.9582
vn 0.0000 1.0000 0.0000
vn 0.0126 0.9468 0.3217
vn 0.0027 -1.0000 -0.0006
vn -0.0021 -1.0000 0.0048
vn 0.0025 0.0051 1.0000
vn 0.0000 0.0000 1.0000
vn -0.0081 -0.0309 -0.9995
vn 0.1857 0.1498 -0.9711
vn -0.0134 0.0104 -0.9999
vn 0.0246 0.0522 -0.9983
vn -0.0171 0.1553 -0.9877
vn 0.0039 1.0000 -0.0032
vn 0.0067 1.0000 0.0063
vn 0.0001 1.0000 0.0001
vn 0.0002 1.0000 0.0008
vn -0.0140 0.9552 0.2956
vn 0.3541 -0.9352 -0.0033
vn 0.0485 -0.9987 -0.0144
vn -0.0214 -0.9994 0.0256
vn 0.0191 -0.9483 0.3169
vn 0.6176 -0.0253 -0.7861
vn 0.0147 0.9474 -0.3198
vn -0.0187 -0.9238 -0.3824
vn 0.0057 -1.0000 -0.0041
vn -0.0222 -0.9984 0.0529
vn -0.0000 -0.0072 1.0000
vn 0.0032 -0.0044 1.0000
vn 0.0430 -0.0012 0.9991
vn 0.0203 0.0007 -0.9998
vn 0.0113 0.0197 0.9997
vn 0.0012 -0.0251 0.9997
vn 0.0012 -0.0004 1.0000
vn 0.0016 -0.0019 1.0000
vn 0.0065 0.0021 -1.0000
vn 0.0004 0.0007 1.0000
vn 0.0013 0.0017 1.0000
vn 0.0033 0.0024 1.0000
vn 0.0033 -0.0063 1.0000
vn 0.0012 -0.0030 1.0000
vn 0.0036 -0.0000 1.0000
vn 0.0014 -0.0000 1.0000
vn 0.0002 0.0002 1.0000
vn 0.0055 -0.0008 1.0000
vn 0.0006 -0.0043 1.0000
vn 0.0022 0.0000 1.0000
vn 0.0000 1.0000 0.0000
vn 0.0000 1.0000 0.0000
vn 0.0049 -1.0000 -0.0024
vn 0.3605 -0.9327 0.0113
vn 0.3811 -0.9245 0.0059
vn 0.4246 -0.9053 -0.0139
vn 0.2257 -0.9463 0.2316
vn 0.0004 -0.0061 1.0000
vn 0.3438 0.0013 0.9391
vn 0.0024 -0.0034 1.0000
vn 0.3056 -0.2885 -0.9074
vn 0.3711 0.0134 -0.9285
vn 0.3936 -0.9193 -0.0008
vn -0.0247 -0.4603 -0.8874
vn 0.3037 0.0115 -0.9527
vn 0.0148 -0.0036 0.9999
vn -0.0018 -0.0126 -0.9999
vn 0.0055 0.0134 -0.9999
vn 0.3709 -0.0047 -0.9287
vn 0.3537 -0.0036 -0.9353
vn 0.0033 0.0224 0.9997
vn 0.0045 1.0000 -0.0025
vn 0.0723 -0.9930 -0.0934
vn 0.3131 -0.9493 -0.0284
vn 0.2250 -0.9742 0.0160
vn 0.2783 -0.9593 0.0466
vn 0.0004 -1.0000 0.0011
vn 0.3791 -0.9254 -0.0007
vn 0.3158 0.0314 -0.9483
vn 0.0308 -0.0429 -0.9986
vn 0.0503 0.7372 -0.6738
vn 0.0187 -0.9998 -0.0116
vn 0.3604 0.0021 -0.9328
vn 0.3901 0.0102 -0.9207
vn 0.0055 0.0135 0.9999
vn -0.1456 0.0672 -0.9871
vn 0.3777 -0.0563 -0.9242
vn 0.0013 -0.0004 1.0000
vn 0.2916 -0.2314 -0.9281
vn 0.0005 1.0000 0.0007
vn 0.0009 0.9998 0.0179
vn 0.0705 0.9959 -0.0560
vn 0.4244 -0.9054 -0.0138
vn 0.0293 -0.9996 -0.0001
vn 0.0029 0.0024 -1.0000
vn 0.3871 -0.0080 -0.9220
vn 0.0368 -0.0646 -0.9972
vn 0.0322 0.9817 0.1880
vn 0.4028 -0.9153 -0.0002
vn 0.0031 0.0036 1.0000
vn 0.0014 0.0006 1.0000
vn 0.1494 0.0005 0.9888
vn -0.0849 0.1747 -0.9810
vn 0.3981 0.0525 -0.9158
vn -0.1169 0.9597 -0.2555
vn -0.0018 1.0000 0.0039
vn 0.0088 1.0000 -0.0048
vn 0.0231 0.9996 0.0149
vn 0.0011 1.0000 0.0007
vn 0.0240 0.9997 0.0001
vn -0.0012 1.0000 0.0057
vn -0.0409 0.9891 0.1414
vn -0.0173 -0.9596 -0.2808
vn -0.1345 -0.9748 0.1778
vn -0.0400 -0.8920 0.4503
vn 0.1933 0.0396 -0.9803
vn 0.3950 -0.0149 -0.9186
vn 0.0022 -0.0022 1.0000
vn 0.2821 0.0050 0.9594
vn 0.0075 0.0155 0.9999
vn 0.4034 0.0010 -0.9150
vn 0.0076 -0.0086 0.9999
vn -0.0111 -0.1254 0.9920
vn 0.1755 0.0008 0.9845
vn -0.0011 -0.0463 0.9989
vn 0.3738 0.0024 -0.9275
vn 0.0180 0.0331 0.9993
vn 0.0130 -0.0382 0.9992
vn 0.0113 -0.0057 0.9999
vn 0.0011 0.0005 1.0000
vn 0.3566 -0.0164 -0.9341
vn 0.0169 -0.0351 0.9992
vn 0.3345 -0.0576 0.9406
vn 0.1553 0.1465 0.9769
vn 0.0059 -0.0174 0.9998
vn 0.3741 -0.9273 0.0114
vn 0.4378 0.0094 -0.8990
vn 0.2559 -0.0548 -0.9652
vn 0.3583 -0.0061 -0.9336
vn 0.0134 0.4992 0.8664
vn 0.0824 -0.9954 0.0489
vn 0.3977 -0.9175 -0.0006
vn 0.3164 -0.9486 -0.0062
vn 0.2842 0.9387 -0.1950
vn -0.0098 0.9992 0.0397
vn 0.4087 -0.8385 -0.3603
vn 0.2361 -0.9717 0.0042
vn 0.5309 -0.8469 -0.0296
vn 0.4969 0.0405 -0.8669
vn 0.2406 0.2044 0.9489
vn 0.5071 -0.0498 0.8605
vn 0.3779 0.0057 -0.9258
vn 0.2087 0.0355 0.9773
vn 0.3106 -0.0141 0.9504
vn 0.2682 0.0443 0.9624
vn 0.5014 -0.0463 0.8640
vn 0.2287 -0.0156 0.9734
vn 0.3713 -0.0103 0.9285
vn 0.0976 0.0286 0.9948
vn 0.3569 -0.0014 0.9342
vn 0.0982 0.0282 0.9948
vn 0.0999 0.0273 0.9946
vn 0.3171 0.0446 0.9474
vn 0.3481 -0.2176 -0.9118
vn 0.2758 0.4181 -0.8655
vn 0.3600 0.9328 0.0157
vn 0.3591 0.9333 0.0041
vn 0.0724 0.9973 -0.0130
vn 0.2843 0.9585 -0.0217
vn 0.2332 0.9724 0.0074
vn 0.5402 -0.3846 -0.7486
vn 0.2610 0.0056 0.9653
vn 0.9404 0.0065 -0.3401
vn 0.3889 -0.0041 0.9213
vn 0.3685 0.0083 0.9296
vn 0.3346 -0.0781 0.9391
vn 0.0423 -0.0082 0.9991
vn 0.2081 0.0439 0.9771
vn 0.4894 0.0367 0.8713
vn 0.3940 -0.0062 0.9191
vn 0.3899 0.0014 0.9209
vn 0.2006 -0.0503 0.9784
vn 0.1946 -0.0350 0.9803
vn 0.3122 0.9483 0.0573
vn 0.4317 0.9020 -0.0060
vn 0.3179 0.9481 -0.0014
vn 0.4446 0.8956 -0.0121
vn 0.3201 0.9474 0.0048
vn 0.3846 -0.9231 -0.0028
vn 0.4876 -0.8731 0.0002
vn 0.6887 0.0448 -0.7237
vn 0.4118 0.0247 0.9109
vn 0.9191 -0.0097 -0.3940
vn 0.8966 0.0057 -0.4427
vn 0.9134 -0.0009 -0.4071
vn 0.4167 -0.0155 0.9089
vn 0.3850 -0.0134 0.9228
vn 0.7189 0.2460 0.6501
vn 0.9333 0.0032 -0.3592
vn 0.3778 -0.0012 -0.9259
vn 0.9193 0.0044 -0.3936
vn 0.3500 0.0013 0.9367
vn 0.9214 0.0016 -0.3886
vn 0.4919 0.0046 0.8706
vn 0.9420 0.0342 -0.3340
vn 0.4846 0.1147 -0.8672
vn 0.7032 0.0865 -0.7057
vn 0.3388 0.0045 0.9409
vn 0.7251 -0.0131 -0.6886
vn 0.3899 -0.0283 0.9204
vn 0.8487 -0.0205 -0.5284
vn 0.3841 0.0133 0.9232
vn 0.8020 0.1062 -0.5878
vn 0.3470 -0.0638 -0.9357
vn 0.3957 0.0119 0.9183
vn 0.8926 0.0298 -0.4499
vn 0.3492 0.0047 0.9371
vn 0.9266 -0.0013 -0.3760
vn 0.3921 0.0148 0.9198
vn 0.7792 -0.0283 -0.6261
vn 0.3457 0.0013 0.9383
vn 0.9535 -0.0732 -0.2923
vn 0.7067 -0.0260 -0.7070
vn 0.3246 -0.1346 0.9362
vn 0.3542 0.0036 0.9352
vn 0.3806 0.0036 0.9247
vn 0.6245 -0.1133 0.7728
vn 0.5764 0.0143 -0.8170
vn 0.0780 -0.1584 0.9843
vn 0.3324 -0.0114 0.9431
vn 0.3751 -0.0206 0.9268
vn 0.3982 0.0034 -0.9173
vn 0.3655 0.0075 0.9308
vn 0.9019 0.0056 -0.4319
vn 0.8885 -0.4301 -0.1598
vn 0.9535 -0.3014 0.0024
vn 0.9216 -0.3879 0.0137
vn 0.9227 -0.3856 0.0050
vn 0.9229 -0.3847 0.0166
vn 0.4339 -0.9010 -0.0032
vn 0.9438 -0.3306 -0.0048
vn 0.9030 -0.4292 0.0184
vn 0.8195 -0.5560 0.1386
vn 0.8816 -0.4719 -0.0072
vn 0.9691 -0.2464 -0.0086
vn 0.9914 -0.1312 0.0002
vn 0.9325 -0.3610 -0.0134
vn 0.9525 -0.3044 0.0014
vn 0.9638 0.1247 -0.2356
vn 0.8854 -0.4644 0.0180
vn 0.9992 0.0294 -0.0261
vn 0.9990 -0.0389 0.0197
vn 0.8950 -0.1640 0.4148
vn 0.3413 -0.4565 0.8217
vn 0.9363 -0.3509 -0.0143
vn 0.9245 -0.3809 -0.0116
vn 0.9484 -0.3169 -0.0025
vn 1.0000 -0.0038 0.0017
vn 1.0000 -0.0053 0.0004
vn 0.9454 0.0357 0.3240
vn 0.9414 0.0072 0.3371
vn 0.9060 -0.0063 0.4232
vn 1.0000 -0.0003 -0.0001
vn 1.0000 0.0001 -0.0005
vn 0.9999 -0.0108 0.0074
vn 0.9372 -0.3488 0.0018
vn 0.9951 -0.0603 0.0788
vn 0.9998 0.0087 -0.0156
vn 1.0000 -0.0002 0.0000
vn 1.0000 -0.0002 -0.0000
vn 1.0000 -0.0022 0.0002
vn 1.0000 -0.0001 -0.0001
vn 1.0000 0.0000 0.0000
vn 1.0000 -0.0068 0.0060
vn 1.0000 -0.0070 0.0067
vn 1.0000 -0.0000 -0.0000
vn 1.0000 0.0000 0.0000
vn 0.9727 -0.0159 0.2317
vn 0.7708 -0.0006 0.6371
vn 0.9998 -0.0144 0.0141
vn 1.0000 -0.0067 0.0008
vn 1.0000 -0.0012 -0.0011
vn 1.0000 -0.0005 -0.0003
vn 0.9543 0.0101 0.2987
vn 1.0000 0.0000 0.0000
vn 1.0000 0.0001 -0.0004
vn 1.0000 0.0000 0.0000
vn 1.0000 0.0001 0.0000
vn 1.0000 -0.0005 0.0001
vn 1.0000 0.0000 0.0000
vn 1.0000 0.0000 0.0000
vn 1.0000 0.0000 0.0005
vn 0.8923 -0.0237 0.4508
vn 0.9999 -0.0155 -0.0026
vn 1.0000 0.0000 0.0000
vn 1.0000 0.0000 0.0000
vn 1.0000 0.0001 0.0001
vn 1.0000 -0.0002 0.0011
vn 1.0000 0.0000 0.0000
vn 1.0000 0.0000 0.0000
vn 1.0000 0.0000 0.0000
vn 1.0000 0.0000 0.0000
vn 1.0000 0.0000 0.0000
vn 1.0000 0.0031 0.0072
vn 1.0000 0.0000 0.0000
vn 1.0000 -0.0015 -0.0071
vn 1.0000 0.0000 0.0000
vn 1.0000 0.0000 0.0000
vn 0.9986 0.0279 -0.0448
vn 1.0000 0.0000 0.0000
vn 1.0000 0.0000 0.0000
vn 1.0000 0.0004 0.0005
vn 0.4652 0.0187 0.8850
vn 1.0000 0.0000 0.0000
vn 1.0000 0.0000 0.0000
vn 1.0000 0.0000 0.0000
vn 1.0000 0.0000 0.0000
vn 0.9363 -0.0051 0.3511
vn 1.0000 0.0000 0.0000
vn 1.0000 0.0000 0.0000
vn 1.0000 0.0000 0.0000
vn 1.0000 0.0005 -0.0088
vn 1.0000 0.0000 0.0000
vn 1.0000 0.0000 0.0000
vn 1.0000 0.0000 0.0000
vn 1.0000 0.0000 0.0000
vn 1.0000 0.0000 0.0000
vn 1.0000 0.0000 0.0000
vn 1.0000 0.0001 0.0002
vn 0.9394 0.0137 0.3426
vn 1.0000 0.0000 0.0000
vn 1.0000 0.0000 0.0000
vn 1.0000 0.0000 0.0000
vn 1.0000 0.0000 0.0000
vn 0.9301 0.3671 0.0106
vn 1.0000 0.0000 0.0000
vn 1.0000 0.0000 0.0000
vn 0.9332 0.0018 -0.3593
vn 1.0000 0.0000 0.0000
vn 0.9299 -0.0000 0.3678
vn 1.0000 0.0002 0.0001
vn 1.0000 0.0006 0.0019
vn 0.9597 -0.0200 0.2804
vn 1.0000 0.0000 0.0000
vn 1.0000 0.0000 0.0000
vn 1.0000 0.0001 0.0001
vn 1.0000 0.0000 0.0000
vn 0.8045 0.0021 -0.5939
vn 1.0000 0.0000 0.0000
vn 1.0000 0.0000 0.0000
vn 1.0000 0.0000 0.0000
vn 1.0000 -0.0018 -0.0025
vn 1.0000 0.0000 0.0000
vn 0.9458 0.0191 0.3243
vn 0.8544 0.0036 0.5196
vn 1.0000 -0.0000 -0.0000
vn 1.0000 0.0017 -0.0026
vn 1.0000 0.0000 0.0000
vn 1.0000 0.0000 0.0000
vn 0.8499 0.4746 0.2290
vn 1.0000 0.0000 0.0000
vn 1.0000 0.0000 0.0000
vn 0.9377 0.0053 0.3475
vn 1.0000 0.0000 0.0000
vn 1.0000 0.0000 0.0000
vn 1.0000 0.0000 0.0000
vn 1.0000 0.0000 0.0000
vn 1.0000 -0.0001 0.0006
vn 1.0000 0.0000 0.0000
vn 1.0000 0.0000 0.0000
vn 1.0000 0.0000 0.0000
vn 1.0000 0.0000 0.0000
vn 1.0000 0.0000 0.0000
vn 1.0000 0.0000 0.0000
vn 1.0000 0.0000 0.0000
vn 0.9881 -0.0225 -0.1519
vn 1.0000 0.0000 0.0000
vn 1.0000 0.0000 0.0000
vn 1.0000 0.0000 0.0000
vn 1.0000 0.0000 0.0000
vn 1.0000 0.0008 -0.0001
vn 0.9454 -0.0022 -0.3258
vn 1.0000 0.0000 0.0000
vn 0.5011 0.0027 0.8654
vn 1.0000 0.0000 0.0000
vn 1.0000 0.0000 0.0000
vn 1.0000 -0.0011 -0.0001
vn 1.0000 0.0000 0.0000
vn 1.0000 0.0000 0.0000
vn 1.0000 -0.0004 0.0021
vn 1.0000 0.0000 0.0000
vn 1.0000 0.0000 0.0000
vn 1.0000 0.0000 0.0000
vn 1.0000 -0.0003 0.0008
vn 0.4455 0.0020 0.8953
vn 1.0000 -0.0000 -0.0006
vn 1.0000 0.0000 0.0000
vn 1.0000 0.0000 0.0000
vn 1.0000 0.0000 0.0000
vn 0.3947 -0.0063 0.9188
vn 1.0000 0.0000 0.0000
vn 1.0000 0.0000 0.0000
vn 0.9348 -0.0009 0.3552
vn 0.9261 -0.0785 0.3691
vn 1.0000 -0.0001 -0.0001
vn 1.0000 0.0000 0.0000
vn 1.0000 0.0000 0.0000
vn 1.0000 0.0000 0.0000
vn 1.0000 0.0000 0.0000
vn 1.0000 0.0000 0.0000
vn 1.0000 0.0000 0.0000
vn 1.0000 0.0000 0.0000
vn 0.9487 0.0126 0.3161
vn 1.0000 0.0000 0.0000
vn 0.9999 0.0025 -0.0108
vn 1.0000 0.0000 0.0000
vn 1.0000 0.0000 0.0000
vn 1.0000 0.0000 0.0000
vn 1.0000 0.0000 0.0000
vn 0.9569 0.0164 0.2900
vn 1.0000 0.0000 0.0000
vn 1.0000 0.0000 0.0000
vn 1.0000 0.0000 0.0000
vn 0.5119 -0.0015 0.8591
vn 1.0000 -0.0004 -0.0022
vn 1.0000 0.0000 0.0000
vn 1.0000 -0.0013 -0.0019
vn 1.0000 0.0000 0.0000
vn 1.0000 0.0000 0.0000
vn 1.0000 0.0000 0.0000
vn 0.9834 0.0000 0.1814
vn 0.8942 0.0106 -0.4476
vn 1.0000 0.0000 0.0000
vn 1.0000 0.0000 0.0000
vn 1.0000 0.0004 0.0004
vn 1.0000 0.0000 0.0001
vn 1.0000 0.0000 0.0000
vn 1.0000 0.0000 0.0000
vn 1.0000 0.0000 0.0000
vn 1.0000 0.0000 0.0000
vn 0.3813 -0.0108 0.9244
vn 1.0000 0.0000 0.0000
vn 1.0000 0.0000 0.0000
vn 1.0000 0.0010 -0.0004
vn 1.0000 -0.0017 0.0025
vn 1.0000 0.0000 0.0000
vn 1.0000 0.0000 0.0000
vn 1.0000 0.0000 0.0000
vn 1.0000 0.0000 0.0000
vn 1.0000 0.0000 0.0000
vn 1.0000 0.0000 0.0000
vn 1.0000 0.0000 0.0000
vn 1.0000 0.0000 0.0000
vn 1.0000 0.0000 0.0000
vn 0.4578 0.0098 0.8890
vn 1.0000 0.0000 0.0000
vn 1.0000 0.0000 0.0000
vn 1.0000 0.0000 0.0000
vn 1.0000 0.0000 0.0000
vn 1.0000 0.0000 0.0000
vn 1.0000 0.0000 0.0000
vn 1.0000 -0.0005 0.0018
vn 1.0000 0.0000 0.0000
vn 0.9430 0.0049 0.3329
vn 0.9998 -0.0038 -0.0178
vn 1.0000 0.0000 0.0000
vn 1.0000 0.0023 0.0030
vn 1.0000 0.0000 0.0000
vn 1.0000 0.0000 0.0000
vn 0.8361 0.0076 0.5486
vn 0.9401 -0.0546 -0.3365
vn 1.0000 0.0000 0.0000
vn 1.0000 -0.0000 -0.0050
vn 1.0000 0.0000 0.0000
vn 1.0000 0.0000 0.0000
vn 1.0000 0.0000 0.0000
vn 0.9995 -0.0107 0.0296
vn 0.8910 -0.0043 0.4539
vn 0.5045 0.0781 0.8599
vn 1.0000 0.0014 -0.0096
vn 1.0000 0.0000 0.0000
vn 0.9994 0.0001 0.0336
vn 1.0000 0.0000 0.0000
vn 1.0000 0.0000 0.0000
vn 1.0000 0.0000 0.0000
vn 1.0000 0.0000 0.0000
vn 1.0000 0.0000 0.0000
vn 0.3786 -0.0073 0.9256
vn 0.9389 -0.0105 -0.3441
vn 1.0000 0.0000 0.0000
vn 1.0000 0.0000 0.0000
vn 1.0000 0.0000 0.0000
vn 1.0000 0.0000 0.0000
vn 1.0000 0.0000 0.0000
vn 1.0000 0.0000 0.0000
vn 1.0000 0.0000 0.0000
vn 1.0000 -0.0002 0.0017
vn 0.9387 -0.0093 0.3445
vn 0.9999 -0.0096 -0.0125
vn 1.0000 0.0000 0.0000
vn 1.0000 0.0000 0.0000
vn 0.9998 0.0212 -0.0070
vn 1.0000 -0.0030 0.0055
vn 1.0000 0.0000 0.0000
vn 1.0000 0.0000 0.0000
vn 1.0000 0.0000 0.0000
vn 0.9984 0.0437 -0.0356
vn 0.9599 0.0458 0.2766
vn 0.6043 -0.0217 0.7965
vn 1.0000 0.0000 0.0000
vn 1.0000 -0.0011 0.0019
vn 1.0000 0.0000 0.0000
vn 0.9470 -0.0572 0.3162
vn 0.4101 -0.0241 0.9117
vn 1.0000 0.0006 -0.0035
vn 1.0000 0.0000 0.0000
vn 1.0000 0.0000 0.0000
vn 1.0000 0.0000 0.0000
vn 0.9695 0.0337 0.2426
vn 1.0000 0.0000 0.0000
vn 1.0000 0.0000 0.0000
vn 1.0000 -0.0016 -0.0030
vn 1.0000 0.0000 0.0000
vn 1.0000 0.0000 0.0000
vn 1.0000 0.0000 0.0000
vn 1.0000 0.0000 0.0000
vn 1.0000 0.0000 0.0000
vn 1.0000 0.0000 0.0000
vn 1.0000 0.0000 0.0000
vn 0.7674 -0.0792 0.6363
vn 0.7779 -0.0459 0.6267
vn 0.8314 0.0237 0.5552
vn 1.0000 -0.0009 -0.0014
vn 1.0000 0.0000 0.0000
vn 1.0000 0.0000 0.0000
vn 0.9580 -0.0163 0.2864
vn 0.9753 0.0732 -0.2083
vn 0.9987 0.0306 -0.0406
vn 1.0000 0.0000 0.0000
vn 1.0000 0.0000 0.0000
vn 1.0000 0.0000 0.0000
vn 1.0000 0.0000 0.0000
vn 1.0000 0.0000 0.0000
vn 0.9816 0.0409 0.1867
vn 1.0000 0.0000 0.0000
vn 1.0000 0.0000 0.0000
vn 1.0000 0.0000 0.0000
vn 1.0000 0.0000 0.0000
vn 0.9417 0.3347 0.0345
vn 1.0000 0.0000 0.0000
vn 1.0000 0.0000 0.0000
vn 0.4144 0.0065 0.9101
vn 1.0000 0.0001 0.0001
vn 1.0000 0.0000 0.0000
vn 0.5574 0.0278 -0.8298
vn 1.0000 0.0000 0.0000
vn 1.0000 0.0000 0.0000
vn 1.0000 0.0004 -0.0000
vn 1.0000 0.0000 0.0000
vn 1.0000 0.0032 -0.0006
vn 1.0000 -0.0016 0.0033
vn 1.0000 -0.0018 -0.0029
vn 1.0000 0.0000 0.0000
vn 0.9102 0.0098 -0.4140
vn 1.0000 0.0000 0.0000
vn 1.0000 -0.0028 -0.0016
vn 1.0000 0.0000 0.0000
vn 1.0000 0.0004 -0.0050
vn 1.0000 0.0000 0.0000
vn 1.0000 0.0000 0.0000
vn 1.0000 0.0000 0.0000
vn 1.0000 0.0013 -0.0001
vn 0.9992 -0.0086 0.0403
vn 1.0000 0.0000 0.0000
vn 1.0000 -0.0002 0.0023
vn 0.9998 -0.0123 -0.0138
vn 1.0000 0.0000 0.0000
vn 1.0000 0.0000 0.0000
vn 0.9170 -0.0035 0.3989
vn 0.4395 -0.0027 0.8983
vn 1.0000 0.0000 0.0000
vn 1.0000 0.0000 0.0000
vn 0.9234 -0.0146 0.3835
vn 0.9076 0.0073 -0.4198
vn 1.0000 0.0000 0.0000
vn 1.0000 0.0000 0.0000
vn 0.9211 -0.0109 0.3892
vn 0.9213 0.0136 0.3887
vn 1.0000 0.0000 0.0000
vn 1.0000 0.0000 0.0000
vn 1.0000 0.0000 0.0000
vn 0.9144 0.0080 0.4047
vn 1.0000 0.0000 0.0000
vn 1.0000 0.0000 0.0000
vn 0.9924 -0.0540 -0.1105
vn 1.0000 0.0002 0.0021
vn 1.0000 0.0000 0.0000
vn 1.0000 0.0000 0.0000
vn 1.0000 -0.0003 0.0019
vn 0.9837 -0.0311 -0.1772
vn 1.0000 0.0000 0.0000
vn 1.0000 0.0000 0.0000
vn 1.0000 0.0000 0.0000
vn 1.0000 0.0000 0.0000
vn 1.0000 0.0000 0.0000
vn 1.0000 0.0000 0.0000
vn 1.0000 0.0000 0.0000
vn 1.0000 0.0000 0.0000
vn 0.9996 0.0118 -0.0272
vn 1.0000 0.0004 0.0019
vn 1.0000 -0.0024 -0.0051
vn 1.0000 0.0000 0.0000
vn 1.0000 0.0000 0.0000
vn 1.0000 0.0000 0.0000
vn 0.4403 -0.0276 0.8974
vn 1.0000 0.0000 0.0000
vn 1.0000 0.0000 0.0000
vn 1.0000 0.0000 0.0000
vn 1.0000 0.0000 0.0000
vn 1.0000 -0.0008 0.0017
vn 0.9999 0.0143 -0.0067
vn 1.0000 0.0000 0.0000
vn 1.0000 0.0008 0.0006
vn 0.9118 -0.0464 0.4079
vn 1.0000 0.0000 0.0000
vn 1.0000 0.0000 0.0000
vn 1.0000 0.0000 0.0000
vn 1.0000 0.0000 0.0000
vn 1.0000 0.0000 0.0000
vn 1.0000 0.0000 0.0000
vn 1.0000 0.0000 0.0000
vn 1.0000 -0.0090 0.0003
vn 1.0000 0.0000 0.0000
vn 1.0000 0.0000 0.0000
vn 1.0000 0.0000 0.0000
vn 1.0000 0.0000 0.0000
vn 1.0000 0.0000 0.0000
vn 0.9200 -0.0010 0.3920
vn 0.9651 0.1124 0.2364
vn 0.9998 0.0069 -0.0196
vn 1.0000 0.0000 0.0000
vn 0.4160 0.0447 0.9083
vn 0.5836 -0.0794 0.8081
vn 1.0000 0.0000 0.0000
vn 1.0000 0.0000 0.0000
vn 1.0000 0.0000 0.0000
vn 1.0000 0.0000 0.0000
vn 1.0000 0.0000 0.0000
vn 1.0000 0.0000 0.0000
vn 1.0000 0.0000 0.0000
vn 1.0000 0.0000 0.0000
vn 1.0000 0.0000 0.0000
vn 1.0000 0.0000 0.0000
vn 0.9908 0.0973 -0.0940
vn 0.9978 0.0359 -0.0563
vn 1.0000 -0.0008 -0.0008
vn 0.9892 0.0580 0.1349
vn 0.9501 0.0298 0.3105
vn 1.0000 0.0000 0.0000
vn 1.0000 0.0000 0.0000
vn 1.0000 0.0000 0.0000
vn 1.0000 0.0000 0.0000
vn 1.0000 0.0000 0.0000
vn 1.0000 0.0000 0.0000
vn 1.0000 0.0000 0.0000
vn 1.0000 0.0000 0.0000
vn 0.6455 0.0323 0.7631
vn 1.0000 -0.0004 -0.0004
vn 1.0000 0.0000 0.0000
vn 0.9975 -0.0662 0.0257
vn 0.9962 -0.0444 0.0747
vn 0.7480 -0.1074 -0.6549
vn 1.0000 -0.0005 -0.0002
vn 1.0000 0.0001 0.0001
vn 0.8926 -0.0349 0.4494
vn 0.3897 -0.0140 0.9208
vn 1.0000 0.0000 0.0000
vn 1.0000 0.0000 0.0000
vn 1.0000 0.0000 0.0000
vn 1.0000 0.0000 0.0000
vn 1.0000 0.0000 0.0000
vn 1.0000 0.0000 0.0000
vn 1.0000 0.0000 0.0000
vn 1.0000 0.0000 0.0000
vn 1.0000 0.0000 0.0000
vn 1.0000 0.0000 0.0000
vn 0.9851 0.0083 0.1715
vn 0.9741 0.1599 0.1600
vn 1.0000 0.0000 0.0000
vn 1.0000 0.0000 0.0000
vn 1.0000 -0.0017 -0.0010
vn 1.0000 0.0000 0.0000
vn 1.0000 0.0000 0.0000
vn 1.0000 0.0000 0.0000
vn 1.0000 0.0016 -0.0010
vn 1.0000 0.0000 0.0000
vn 0.9332 0.0314 -0.3579
vn 1.0000 0.0000 0.0000
vn 1.0000 0.0000 0.0000
vn 1.0000 -0.0002 0.0009
vn 0.7554 0.0104 0.6552
vn 1.0000 0.0000 0.0000
vn 1.0000 0.0000 0.0000
vn 1.0000 0.0000 0.0000
vn 1.0000 0.0000 0.0000
vn 1.0000 0.0000 0.0000
vn 1.0000 0.0000 0.0000
vn 1.0000 0.0000 0.0000
vn 1.0000 0.0000 0.0000
vn 1.0000 0.0000 0.0000
vn 0.9446 -0.0188 0.3278
vn 1.0000 0.0000 0.0000
vn 1.0000 0.0000 0.0000
vn 1.0000 0.0000 0.0000
vn 1.0000 0.0000 0.0000
vn 1.0000 0.0000 0.0000
vn 0.9272 0.0106 0.3745
vn 0.6359 0.0592 0.7695
vn 1.0000 -0.0077 0.0042
vn 1.0000 0.0000 0.0000
vn 1.0000 0.0000 0.0000
vn 0.7380 -0.0332 -0.6739
vn 1.0000 0.0008 0.0011
vn 1.0000 0.0001 0.0001
vn 1.0000 -0.0003 0.0011
vn 0.9662 0.1607 -0.2018
vn 1.0000 0.0000 0.0000
vn 1.0000 0.0000 0.0000
vn 1.0000 0.0000 0.0000
vn 0.9164 -0.0164 0.3999
vn 1.0000 0.0001 0.0001
vn 1.0000 0.0053 0.0033
vn 1.0000 0.0000 0.0000
vn 0.9756 0.0157 0.2189
vn 1.0000 0.0002 0.0000
vn 1.0000 0.0000 0.0000
vn 1.0000 0.0000 0.0000
vn 1.0000 0.0005 0.0002
vn 0.9784 -0.1179 -0.1698
vn 0.5136 -0.0041 0.8580
vn 0.9902 -0.0071 0.1391
vn 0.9999 0.0075 -0.0094
vn 1.0000 0.0007 0.0006
vn 1.0000 0.0000 0.0000
vn 0.9323 0.0024 0.3617
vn 1.0000 0.0000 0.0000
vn 1.0000 0.0004 0.0006
vn 1.0000 0.0056 -0.0030
vn 0.9170 0.0098 0.3988
vn 0.9382 -0.0628 -0.3404
vn 0.9991 0.0235 -0.0339
vn 1.0000 0.0000 0.0000
vn 1.0000 0.0030 0.0010
vn 1.0000 0.0016 0.0009
vn 1.0000 0.0054 -0.0079
vn 1.0000 0.0071 -0.0011
vn 1.0000 0.0047 0.0025
vn 1.0000 0.0000 0.0000
vn 1.0000 0.0000 0.0000
vn 0.9995 0.0293 0.0104
vn 0.9650 0.2620 -0.0148
vn 0.7868 -0.0128 0.6170
vn 1.0000 -0.0005 0.0000
vn 1.0000 0.0017 0.0013
vn 0.9999 0.0099 -0.0058
vn 0.9632 0.2679 -0.0193
vn 0.9996 0.0234 -0.0149
vn 0.9191 -0.0024 0.3939
vn 0.9997 -0.0233 -0.0009
vn 1.0000 0.0021 0.0022
vn 0.9987 0.0406 -0.0312
vn 0.8859 0.0233 0.4632
vn 0.9433 0.3320 -0.0004
vn 1.0000 0.0059 -0.0043
vn 1.0000 0.0000 0.0000
vn 0.9657 0.2504 0.0681
vn 0.9341 0.0129 -0.3568
vn 1.0000 0.0021 0.0001
vn 0.9993 0.0242 -0.0284
vn 0.9964 -0.0373 0.0756
vn 0.9985 -0.0205 0.0513
vn 0.9766 0.2151 -0.0065
vn 0.9861 0.1660 -0.0014
vn 0.9439 0.3302 -0.0025
vn 0.9680 0.2502 0.0186
vn 0.9382 0.3370 0.0785
vn 0.8549 0.5180 -0.0279
vn 0.9401 0.3409 -0.0030
vn 0.9171 0.3980 -0.0212
vn 0.9956 0.0755 -0.0547
vn 0.8920 -0.0047 0.4520
vn 0.9997 0.0214 -0.0155
vn 0.3851 0.0194 0.9227
vn 0.9083 0.4179 0.0171
vn 0.9402 0.3406 0.0023
vn 0.8638 0.5033 0.0243
vn 0.8471 0.5302 -0.0371
vn 0.9937 0.1119 0.0019
vn 0.9886 0.0893 -0.1211
vn 0.7743 0.4588 -0.4359
vn 0.8853 0.4649 0.0093
vn 0.9211 0.3891 -0.0124
vn 0.9000 0.4355 -0.0178
vn 0.9889 0.1486 -0.0099
vn 0.6472 0.7598 0.0614
vn 0.9844 0.1608 -0.0718
vn 0.9327 0.3605 0.0051
vn 0.8654 0.5012 0.0013
vn 0.6087 0.7931 0.0216
vn 0.8673 0.4938 -0.0624
vn 0.9117 0.4104 0.0175
vn 0.9512 0.3075 0.0239
vn 0.9555 0.2339 0.1795
vn 0.4581 0.6472 0.6093
vn 0.6506 0.7594 0.0068
vn 0.4321 0.9018 0.0103
vn 0.4459 0.8951 -0.0077
vn 0.3560 0.9344 -0.0061
vn 0.3906 0.9206 0.0030
vn 0.7953 0.6062 -0.0073
vn 0.3228 0.9463 0.0171
vn 0.8087 0.5854 0.0584
f 26//26 16//16 1//1
f 18//18 1//1 2//2
f 12//12 7//7 8//8
f 6//6 8//8 4//4
f 18//18 26//26 1//1
f 27//27 2//2 10//10
f 28//28 3//3 11//11
f 11//11 3//3 7//7
f 9//9 12//12 8//8
f 9//9 8//8 6//6
f 5//5 16//16 25//25
f 13//13 5//5 25//25
f 45//45 18//18 17//17
f 23//23 11//11 7//7
f 9//9 6//6 255//255
f 343//343 9//9 475//475
f 14//14 24//24 13//13
f 34//34 25//25 26//26
f 26//26 25//25 16//16
f 26//26 18//18 45//45
f 19//19 10//10 3//3
f 39//39 28//28 11//11
f 32//32 11//11 23//23
f 21//21 7//7 12//12
f 15//15 13//13 25//25
f 12//12 9//9 354//354
f 17//17 18//18 2//2
f 40//40 17//17 2//2
f 40//40 2//2 27//27
f 27//27 10//10 19//19
f 28//28 19//19 3//3
f 39//39 11//11 32//32
f 32//32 23//23 29//29
f 21//21 23//23 7//7
f 20//20 23//23 21//21
f 21//21 12//12 354//354
f 24//24 14//14 31//31
f 14//14 13//13 15//15
f 14//14 15//15 25//25
f 43//43 25//25 54//54
f 35//35 40//40 27//27
f 46//46 27//27 19//19
f 29//29 23//23 20//20
f 257//257 20//20 21//21
f 22//22 24//24 33//33
f 31//31 14//14 78//78
f 14//14 25//25 43//43
f 30//30 282//282 22//22
f 41//41 30//30 22//22
f 29//29 20//20 257//257
f 37//37 30//30 41//41
f 33//33 24//24 31//31
f 38//38 22//22 33//33
f 54//54 25//25 34//34
f 45//45 34//34 26//26
f 55//55 35//35 27//27
f 32//32 29//29 257//257
f 33//33 31//31 78//78
f 37//37 41//41 64//64
f 42//42 14//14 43//43
f 41//41 22//22 38//38
f 59//59 43//43 54//54
f 460//460 32//32 257//257
f 36//36 32//32 460//460
f 59//59 42//42 43//43
f 45//45 17//17 60//60
f 35//35 17//17 40//40
f 56//56 55//55 27//27
f 56//56 27//27 46//46
f 46//46 19//19 28//28
f 39//39 32//32 36//36
f 41//41 38//38 33//33
f 51//51 33//33 78//78
f 50//50 30//30 44//44
f 44//44 30//30 37//37
f 57//57 41//41 33//33
f 258//258 39//39 36//36
f 49//49 30//30 50//50
f 48//48 64//64 41//41
f 52//52 78//78 14//14
f 52//52 14//14 42//42
f 54//54 34//34 45//45
f 61//61 60//60 17//17
f 61//61 17//17 35//35
f 28//28 39//39 258//258
f 293//293 258//258 36//36
f 49//49 50//50 67//67
f 63//63 67//67 50//50
f 48//48 41//41 57//57
f 57//57 33//33 51//51
f 37//37 64//64 69//69
f 69//69 44//44 37//37
f 75//75 49//49 62//62
f 50//50 44//44 69//69
f 68//68 61//61 35//35
f 259//259 35//35 55//55
f 47//47 28//28 258//258
f 69//69 63//63 50//50
f 76//76 53//53 49//49
f 64//64 48//48 57//57
f 122//122 78//78 52//52
f 58//58 42//42 59//59
f 46//46 28//28 47//47
f 76//76 49//49 75//75
f 70//70 64//64 57//57
f 58//58 59//59 92//92
f 92//92 59//59 79//79
f 79//79 59//59 73//73
f 56//56 46//46 47//47
f 62//62 49//49 67//67
f 65//65 53//53 87//87
f 59//59 54//54 73//73
f 73//73 54//54 45//45
f 60//60 73//73 45//45
f 71//71 70//70 57//57
f 90//90 53//53 76//76
f 72//72 69//69 64//64
f 306//306 56//56 47//47
f 55//55 56//56 306//306
f 77//77 71//71 57//57
f 103//103 57//57 51//51
f 91//91 42//42 58//58
f 91//91 58//58 92//92
f 259//259 55//55 306//306
f 259//259 68//68 35//35
f 75//75 62//62 67//67
f 67//67 63//63 131//131
f 70//70 72//72 64//64
f 89//89 131//131 63//63
f 84//84 70//70 71//71
f 103//103 77//77 57//57
f 114//114 103//103 51//51
f 66//66 65//65 87//87
f 89//89 63//63 69//69
f 87//87 53//53 90//90
f 88//88 76//76 75//75
f 75//75 67//67 131//131
f 88//88 75//75 131//131
f 93//93 84//84 71//71
f 83//83 81//81 66//66
f 74//74 66//66 87//87
f 100//100 89//89 69//69
f 94//94 73//73 60//60
f 80//80 60//60 61//61
f 61//61 68//68 259//259
f 100//100 69//69 72//72
f 83//83 82//82 81//81
f 97//97 111//111 70//70
f 97//97 70//70 84//84
f 98//98 93//93 71//71
f 98//98 71//71 77//77
f 91//91 52//52 42//42
f 80//80 61//61 259//259
f 91//91 92//92 96//96
f 106//106 92//92 79//79
f 79//79 73//73 94//94
f 86//86 66//66 74//74
f 109//109 74//74 87//87
f 88//88 90//90 76//76
f 99//99 90//90 88//88
f 86//86 74//74 109//109
f 98//98 77//77 103//103
f 51//51 78//78 122//122
f 83//83 66//66 86//86
f 100//100 72//72 70//70
f 115//115 81//81 82//82
f 95//95 94//94 60//60
f 95//95 60//60 80//80
f 148//148 100//100 70//70
f 105//105 82//82 83//83
f 102//102 97//97 84//84
f 102//102 84//84 93//93
f 123//123 118//118 91//91
f 123//123 91//91 96//96
f 139//139 81//81 115//115
f 111//111 148//148 70//70
f 106//106 79//79 94//94
f 439//439 95//95 80//80
f 101//101 85//85 81//81
f 104//104 90//90 99//99
f 110//110 101//101 81//81
f 131//131 89//89 100//100
f 112//112 111//111 97//97
f 113//113 102//102 93//93
f 113//113 93//93 98//98
f 118//118 122//122 52//52
f 118//118 52//52 91//91
f 110//110 81//81 139//139
f 116//116 83//83 86//86
f 107//107 101//101 110//110
f 90//90 109//109 87//87
f 120//120 131//131 100//100
f 94//94 95//95 439//439
f 147//147 101//101 107//107
f 130//130 82//82 105//105
f 115//115 82//82 130//130
f 116//116 86//86 125//125
f 109//109 90//90 104//104
f 133//133 104//104 99//99
f 121//121 112//112 97//97
f 121//121 97//97 102//102
f 103//103 113//113 98//98
f 122//122 114//114 51//51
f 106//106 94//94 356//356
f 120//120 100//100 148//148
f 108//108 101//101 124//124
f 99//99 88//88 131//131
f 124//124 101//101 147//147
f 125//125 105//105 83//83
f 117//117 105//105 125//125
f 121//121 102//102 113//113
f 143//143 103//103 114//114
f 133//133 109//109 104//104
f 119//119 147//147 107//107
f 132//132 124//124 147//147
f 125//125 86//86 109//109
f 123//123 122//122 118//118
f 127//127 123//123 96//96
f 151//151 115//115 130//130
f 129//129 105//105 117//117
f 92//92 106//106 356//356
f 138//138 108//108 124//124
f 157//157 131//131 120//120
f 96//96 92//92 356//356
f 125//125 109//109 133//133
f 119//119 110//110 139//139
f 125//125 83//83 116//116
f 135//135 148//148 111//111
f 136//136 112//112 121//121
f 143//143 113//113 103//103
f 141//141 114//114 122//122
f 134//134 108//108 138//138
f 119//119 107//107 110//110
f 184//184 133//133 99//99
f 139//139 115//115 151//151
f 167//167 157//157 120//120
f 127//127 96//96 308//308
f 128//128 108//108 134//134
f 160//160 124//124 132//132
f 130//130 105//105 129//129
f 129//129 117//117 125//125
f 167//167 120//120 148//148
f 147//147 119//119 149//149
f 133//133 129//129 125//125
f 145//145 184//184 99//99
f 155//155 111//111 112//112
f 142//142 136//136 121//121
f 142//142 121//121 113//113
f 137//137 143//143 114//114
f 123//123 141//141 122//122
f 126//126 124//124 160//160
f 145//145 99//99 131//131
f 144//144 108//108 128//128
f 140//140 108//108 144//144
f 174//174 134//134 138//138
f 135//135 167//167 148//148
f 123//123 127//127 308//308
f 138//138 124//124 126//126
f 157//157 145//145 131//131
f 151//151 130//130 129//129
f 193//193 179//179 133//133
f 135//135 111//111 155//155
f 155//155 112//112 136//136
f 143//143 142//142 113//113
f 152//152 140//140 144//144
f 161//161 129//129 133//133
f 149//149 119//119 150//150
f 151//151 129//129 161//161
f 159//159 193//193 133//133
f 152//152 168//168 140//140
f 160//160 132//132 153//153
f 159//159 133//133 184//184
f 141//141 137//137 114//114
f 295//295 123//123 308//308
f 141//141 123//123 295//295
f 153//153 132//132 147//147
f 150//150 119//119 139//139
f 170//170 128//128 134//134
f 154//154 157//157 167//167
f 155//155 136//136 142//142
f 146//146 126//126 160//160
f 150//150 139//139 151//151
f 179//179 161//161 133//133
f 177//177 150//150 151//151
f 172//172 155//155 142//142
f 172//172 142//142 143//143
f 295//295 137//137 141//141
f 181//181 140//140 168//168
f 169//169 134//134 174//174
f 184//184 145//145 157//157
f 173//173 168//168 152//152
f 162//162 144//144 128//128
f 165//165 146//146 160//160
f 126//126 146//146 165//165
f 153//153 147//147 149//149
f 164//164 177//177 151//151
f 185//185 154//154 167//167
f 156//156 262//262 140//140
f 171//171 160//160 153//153
f 165//165 160//160 171//171
f 166//166 184//184 157//157
f 158//158 156//156 140//140
f 177//177 149//149 150//150
f 172//172 143//143 137//137
f 158//158 140//140 181//181
f 182//182 152//152 144//144
f 170//170 134//134 169//169
f 163//163 138//138 126//126
f 162//162 128//128 170//170
f 170//170 169//169 174//174
f 164//164 151//151 161//161
f 176//176 166//166 157//157
f 174//174 138//138 196//196
f 171//171 153//153 149//149
f 178//178 167//167 135//135
f 172//172 137//137 409//409
f 180//180 202//202 156//156
f 173//173 152//152 182//182
f 191//191 156//156 158//158
f 180//180 156//156 191//191
f 171//171 149//149 177//177
f 176//176 157//157 154//154
f 183//183 154//154 185//185
f 179//179 164//164 161//161
f 182//182 144//144 162//162
f 163//163 126//126 165//165
f 172//172 135//135 155//155
f 196//196 138//138 163//163
f 203//203 182//182 186//186
f 176//176 154//154 183//183
f 178//178 185//185 167//167
f 194//194 181//181 168//168
f 187//187 182//182 203//203
f 186//186 182//182 162//162
f 177//177 164//164 179//179
f 188//188 205//205 179//179
f 175//175 156//156 202//202
f 174//174 196//196 189//189
f 215//215 165//165 171//171
f 188//188 179//179 193//193
f 191//191 158//158 192//192
f 196//196 163//163 165//165
f 199//199 184//184 166//166
f 196//196 165//165 215//215
f 199//199 166//166 176//176
f 178//178 135//135 172//172
f 208//208 168//168 173//173
f 208//208 173//173 182//182
f 189//189 170//170 174//174
f 215//215 171//171 177//177
f 203//203 170//170 189//189
f 190//190 215//215 177//177
f 210//210 175//175 198//198
f 198//198 175//175 202//202
f 192//192 158//158 181//181
f 186//186 162//162 170//170
f 201//201 177//177 179//179
f 204//204 182//182 187//187
f 199//199 193//193 159//159
f 357//357 178//178 172//172
f 190//190 177//177 201//201
f 199//199 159//159 184//184
f 197//197 176//176 183//183
f 198//198 202//202 224//224
f 201//201 179//179 205//205
f 212//212 206//206 210//210
f 225//225 180//180 191//191
f 212//212 210//210 209//209
f 203//203 186//186 170//170
f 185//185 178//178 357//357
f 220//220 180//180 225//225
f 194//194 168//168 208//208
f 208//208 182//182 204//204
f 217//217 203//203 189//189
f 197//197 199//199 176//176
f 223//223 198//198 224//224
f 224//224 202//202 207//207
f 202//202 180//180 220//220
f 242//242 181//181 194//194
f 195//195 208//208 204//204
f 204//204 187//187 203//203
f 213//213 196//196 215//215
f 217//217 189//189 200//200
f 213//213 200//200 189//189
f 215//215 190//190 201//201
f 197//197 183//183 412//412
f 229//229 210//210 198//198
f 213//213 189//189 196//196
f 207//207 202//202 220//220
f 191//191 192//192 230//230
f 228//228 215//215 201//201
f 188//188 193//193 199//199
f 386//386 197//197 412//412
f 221//221 195//195 204//204
f 214//214 206//206 222//222
f 243//243 208//208 195//195
f 218//218 188//188 199//199
f 217//217 204//204 203//203
f 228//228 201//201 205//205
f 218//218 199//199 197//197
f 372//372 197//197 386//386
f 229//229 198//198 236//236
f 230//230 192//192 181//181
f 209//209 210//210 229//229
f 236//236 198//198 223//223
f 232//232 228//228 205//205
f 211//211 218//218 197//197
f 216//216 242//242 194//194
f 221//221 204//204 217//217
f 222//222 206//206 239//239
f 233//233 212//212 209//209
f 225//225 191//191 230//230
f 231//231 217//217 200//200
f 211//211 197//197 372//372
f 224//224 207//207 220//220
f 243//243 195//195 221//221
f 214//214 222//222 241//241
f 216//216 208//208 243//243
f 232//232 205//205 188//188
f 206//206 212//212 239//239
f 235//235 209//209 229//229
f 230//230 181//181 242//242
f 216//216 194//194 208//208
f 234//234 213//213 215//215
f 240//240 221//221 217//217
f 231//231 200//200 213//213
f 279//279 232//232 188//188
f 238//238 227//227 241//241
f 226//226 231//231 213//213
f 234//234 215//215 228//228
f 279//279 188//188 218//218
f 218//218 219//219 275//275
f 219//219 218//218 211//211
f 241//241 227//227 214//214
f 236//236 223//223 224//224
f 239//239 212//212 233//233
f 233//233 209//209 235//235
f 240//240 217//217 231//231
f 234//234 226//226 213//213
f 279//279 218//218 275//275
f 219//219 211//211 413//413
f 236//236 224//224 237//237
f 224//224 220//220 237//237
f 220//220 225//225 230//230
f 220//220 230//230 237//237
f 234//234 228//228 232//232
f 239//239 233//233 235//235
f 235//235 229//229 236//236
f 237//237 230//230 242//242
f 219//219 413//413 275//275
f 241//241 222//222 239//239
f 239//239 235//235 236//236
f 243//243 221//221 240//240
f 231//231 226//226 234//234
f 276//276 296//296 238//238
f 277//277 239//239 236//236
f 277//277 236//236 278//278
f 278//278 236//236 237//237
f 242//242 216//216 243//243
f 231//231 243//243 240//240
f 392//392 231//231 234//234
f 16//16 250//250 1//1
f 1//1 244//244 2//2
f 2//2 245//245 10//10
f 10//10 253//253 3//3
f 3//3 246//246 7//7
f 7//7 247//247 8//8
f 8//8 280//280 4//4
f 16//16 333//333 250//250
f 5//5 333//333 16//16
f 255//255 6//6 4//4
f 5//5 281//281 333//333
f 13//13 281//281 5//5
f 475//475 9//9 255//255
f 24//24 281//281 13//13
f 24//24 313//313 281//281
f 24//24 314//314 313//313
f 9//9 343//343 354//354
f 24//24 282//282 314//314
f 22//22 282//282 24//24
f 30//30 256//256 282//282
f 30//30 317//317 256//256
f 30//30 283//283 317//317
f 49//49 342//342 30//30
f 49//49 265//265 342//342
f 437//437 36//36 460//460
f 53//53 265//265 49//49
f 53//53 266//266 265//265
f 65//65 266//266 53//53
f 65//65 267//267 266//266
f 66//66 267//267 65//65
f 81//81 267//267 66//66
f 306//306 369//369 259//259
f 369//369 294//294 259//259
f 85//85 267//267 81//81
f 259//259 294//294 80//80
f 294//294 355//355 80//80
f 355//355 439//439 80//80
f 101//101 307//307 260//260
f 101//101 269//269 307//307
f 108//108 269//269 101//101
f 108//108 261//261 269//269
f 140//140 261//261 108//108
f 308//308 96//96 356//356
f 140//140 309//309 261//261
f 262//262 270//270 140//140
f 409//409 137//137 295//295
f 210//210 251//251 175//175
f 411//411 172//172 409//409
f 357//357 172//172 411//411
f 206//206 251//251 210//210
f 206//206 286//286 251//251
f 206//206 273//273 286//286
f 206//206 287//287 273//273
f 357//357 183//183 185//185
f 183//183 357//357 358//358
f 214//214 287//287 206//206
f 183//183 358//358 412//412
f 214//214 274//274 287//287
f 227//227 274//274 214//214
f 227//227 263//263 274//274
f 238//238 263//263 227//227
f 238//238 264//264 263//263
f 211//211 372//372 413//413
f 296//296 264//264 238//238
f 296//296 289//289 264//264
f 276//276 238//238 241//241
f 277//277 276//276 241//241
f 277//277 241//241 239//239
f 278//278 237//237 242//242
f 392//392 242//242 243//243
f 392//392 278//278 242//242
f 392//392 243//243 231//231
f 279//279 234//234 232//232
f 279//279 392//392 234//234
f 1//1 250//250 244//244
f 2//2 244//244 245//245
f 10//10 245//245 253//253
f 3//3 253//253 246//246
f 7//7 246//246 247//247
f 8//8 247//247 248//248
f 8//8 248//248 249//249
f 249//249 280//280 8//8
f 4//4 280//280 305//305
f 342//342 283//283 30//30
f 252//252 244//244 250//250
f 247//247 254//254 248//248
f 101//101 260//260 85//85
f 382//382 356//356 94//94
f 140//140 378//378 309//309
f 140//140 270//270 378//378
f 466//466 295//295 308//308
f 262//262 271//271 270//270
f 156//156 285//285 262//262
f 244//244 299//299 245//245
f 245//245 301//301 253//253
f 253//253 350//350 246//246
f 246//246 303//303 247//247
f 247//247 304//304 254//254
f 341//341 255//255 4//4
f 257//257 21//21 354//354
f 293//293 36//36 437//437
f 47//47 258//258 293//293
f 306//306 47//47 484//484
f 382//382 94//94 439//439
f 433//433 411//411 409//409
f 387//387 372//372 386//386
f 442//442 413//413 372//372
f 631//631 296//296 276//276
f 539//539 631//631 276//276
f 388//388 539//539 276//276
f 389//389 277//277 278//278
f 390//390 543//543 278//278
f 390//390 278//278 392//392
f 363//363 392//392 279//279
f 297//297 363//363 279//279
f 275//275 297//297 279//279
f 339//339 250//250 332//332
f 333//333 332//332 250//250
f 267//267 268//268 266//266
f 267//267 328//328 327//327
f 267//267 346//346 328//328
f 267//267 85//85 346//346
f 260//260 370//370 85//85
f 251//251 448//448 175//175
f 287//287 321//321 273//273
f 263//263 288//288 274//274
f 297//297 275//275 413//413
f 252//252 365//365 244//244
f 393//393 299//299 244//244
f 299//299 300//300 245//245
f 300//300 301//301 245//245
f 301//301 350//350 253//253
f 350//350 366//366 246//246
f 366//366 302//302 246//246
f 302//302 303//303 246//246
f 303//303 304//304 247//247
f 304//304 290//290 254//254
f 248//248 291//291 249//249
f 291//291 280//280 249//249
f 353//353 255//255 429//429
f 156//156 175//175 285//285
f 272//272 471//471 251//251
f 341//341 429//429 255//255
f 313//313 312//312 281//281
f 256//256 316//316 282//282
f 269//269 319//319 284//284
f 261//261 319//319 269//269
f 448//448 379//379 175//175
f 354//354 436//436 257//257
f 508//508 47//47 293//293
f 307//307 370//370 260//260
f 465//465 308//308 600//600
f 517//517 466//466 308//308
f 603//603 409//409 295//295
f 468//468 385//385 409//409
f 251//251 337//337 272//272
f 434//434 357//357 411//411
f 338//338 289//289 296//296
f 631//631 338//338 296//296
f 297//297 413//413 362//362
f 475//475 255//255 353//353
f 343//343 475//475 646//646
f 460//460 257//257 403//403
f 508//508 293//293 381//381
f 369//369 306//306 484//484
f 269//269 318//318 292//292
f 284//284 318//318 269//269
f 287//287 323//323 322//322
f 339//339 252//252 250//250
f 252//252 298//298 365//365
f 359//359 339//339 332//332
f 266//266 344//344 265//265
f 266//266 476//476 345//345
f 268//268 325//325 266//266
f 267//267 326//326 268//268
f 309//309 330//330 261//261
f 378//378 320//320 309//309
f 285//285 415//415 262//262
f 251//251 471//471 448//448
f 286//286 535//535 251//251
f 321//321 331//331 273//273
f 274//274 323//323 287//287
f 310//310 263//263 264//264
f 4//4 305//305 341//341
f 281//281 335//335 334//334
f 281//281 311//311 335//335
f 281//281 312//312 311//311
f 282//282 315//315 314//314
f 282//282 316//316 315//315
f 484//484 47//47 438//438
f 407//407 356//356 382//382
f 600//600 308//308 408//408
f 383//383 295//295 466//466
f 535//535 337//337 251//251
f 289//289 310//310 264//264
f 289//289 338//338 380//380
f 340//340 252//252 339//339
f 254//254 352//352 248//248
f 359//359 332//332 333//333
f 307//307 269//269 370//370
f 388//388 276//276 277//277
f 542//542 277//277 389//389
f 451//451 389//389 278//278
f 391//391 390//390 392//392
f 391//391 392//392 363//363
f 345//345 344//344 266//266
f 324//324 476//476 266//266
f 370//370 501//501 85//85
f 262//262 415//415 271//271
f 379//379 347//347 175//175
f 359//359 399//399 339//339
f 244//244 365//365 393//393
f 248//248 352//352 291//291
f 291//291 305//305 280//280
f 436//436 403//403 257//257
f 401//401 283//283 342//342
f 461//461 437//437 460//460
f 265//265 368//368 342//342
f 462//462 438//438 47//47
f 431//431 439//439 355//355
f 408//408 308//308 356//356
f 330//330 489//489 261//261
f 470//470 409//409 385//385
f 354//354 343//343 555//555
f 530//530 354//354 481//481
f 336//336 368//368 265//265
f 437//437 381//381 293//293
f 266//266 325//325 324//324
f 267//267 327//327 326//326
f 346//346 329//329 328//328
f 407//407 432//432 356//356
f 408//408 356//356 432//432
f 465//465 517//517 308//308
f 467//467 603//603 295//295
f 175//175 347//347 285//285
f 603//603 468//468 409//409
f 442//442 372//372 387//387
f 252//252 417//417 298//298
f 299//299 348//348 300//300
f 301//301 455//455 350//350
f 302//302 396//396 303//303
f 303//303 367//367 304//304
f 290//290 429//429 254//254
f 551//551 353//353 429//429
f 281//281 334//334 333//333
f 292//292 371//371 269//269
f 398//398 376//376 338//338
f 297//297 362//362 363//363
f 364//364 399//399 359//359
f 283//283 447//447 317//317
f 261//261 373//373 361//361
f 489//489 373//373 261//261
f 320//320 374//374 309//309
f 271//271 378//378 270//270
f 645//645 413//413 442//442
f 435//435 362//362 413//413
f 338//338 376//376 380//380
f 333//333 423//423 359//359
f 401//401 447//447 283//283
f 462//462 47//47 508//508
f 360//360 377//377 319//319
f 261//261 361//361 319//319
f 273//273 535//535 286//286
f 274//274 288//288 323//323
f 313//313 400//400 312//312
f 256//256 447//447 316//316
f 317//317 447//447 256//256
f 368//368 401//401 342//342
f 501//501 402//402 85//85
f 319//319 377//377 284//284
f 378//378 573//573 320//320
f 288//288 426//426 323//323
f 399//399 340//340 339//339
f 254//254 429//429 352//352
f 291//291 341//341 305//305
f 607//607 481//481 354//354
f 530//530 436//436 354//354
f 513//513 355//355 294//294
f 269//269 371//371 370//370
f 431//431 382//382 439//439
f 493//493 358//358 357//357
f 536//536 435//435 413//413
f 363//363 362//362 435//435
f 472//472 376//376 398//398
f 398//398 338//338 631//631
f 539//539 739//739 631//631
f 741//741 539//539 388//388
f 540//540 388//388 277//277
f 451//451 542//542 389//389
f 451//451 278//278 543//543
f 544//544 543//543 390//390
f 575//575 544//544 390//390
f 359//359 453//453 364//364
f 444//444 475//475 353//353
f 381//381 437//437 760//760
f 462//462 508//508 483//483
f 430//430 369//369 484//484
f 593//593 369//369 430//430
f 294//294 369//369 593//593
f 85//85 402//402 346//346
f 431//431 355//355 596//596
f 371//371 487//487 370//370
f 309//309 374//374 330//330
f 467//467 295//295 383//383
f 521//521 386//386 412//412
f 387//387 386//386 521//521
f 391//391 363//363 435//435
f 394//394 348//348 299//299
f 348//348 419//419 300//300
f 419//419 349//349 300//300
f 395//395 455//455 301//301
f 455//455 420//420 350//350
f 366//366 396//396 302//302
f 396//396 422//422 303//303
f 422//422 351//351 303//303
f 367//367 290//290 304//304
f 341//341 291//291 352//352
f 444//444 353//353 701//701
f 326//326 405//405 268//268
f 327//327 405//405 326//326
f 329//329 577//577 328//328
f 346//346 406//406 329//329
f 319//319 361//361 360//360
f 285//285 347//347 415//415
f 289//289 380//380 310//310
f 364//364 474//474 399//399
f 359//359 459//459 453//453
f 334//334 423//423 333//333
f 312//312 497//497 311//311
f 646//646 555//555 343//343
f 313//313 314//314 400//400
f 476//476 414//414 345//345
f 402//402 406//406 346//346
f 487//487 501//501 370//370
f 271//271 415//415 384//384
f 492//492 411//411 433//433
f 493//493 357//357 434//434
f 323//323 441//441 322//322
f 263//263 375//375 288//288
f 263//263 416//416 375//375
f 310//310 416//416 263//263
f 536//536 413//413 645//645
f 340//340 496//496 252//252
f 496//496 417//417 252//252
f 417//417 505//505 298//298
f 298//298 418//418 365//365
f 349//349 395//395 300//300
f 350//350 421//421 366//366
f 341//341 352//352 429//429
f 443//443 459//459 359//359
f 607//607 354//354 555//555
f 368//368 447//447 401//401
f 265//265 344//344 336//336
f 486//486 355//355 513//513
f 622//622 382//382 431//431
f 271//271 573//573 378//378
f 469//469 385//385 468//468
f 379//379 448//448 347//347
f 321//321 424//424 331//331
f 322//322 425//425 287//287
f 288//288 427//427 426//426
f 375//375 524//524 288//288
f 523//523 645//645 442//442
f 380//380 428//428 310//310
f 316//316 446//446 315//315
f 287//287 425//425 321//321
f 288//288 524//524 427//427
f 538//538 472//472 398//398
f 393//393 394//394 299//299
f 300//300 395//395 301//301
f 303//303 351//351 367//367
f 311//311 497//497 335//335
f 609//609 460//460 403//403
f 712//712 461//461 460//460
f 482//482 760//760 437//437
f 661//661 483//483 508//508
f 325//325 268//268 324//324
f 558//558 430//430 484//484
f 594//594 782//782 294//294
f 486//486 464//464 355//355
f 514//514 432//432 407//407
f 599//599 600//600 432//432
f 600//600 408//408 432//432
f 516//516 465//465 600//600
f 573//573 374//374 320//320
f 490//490 383//383 466//466
f 602//602 467//467 383//383
f 469//469 470//470 385//385
f 518//518 433//433 409//409
f 493//493 412//412 358//358
f 426//426 441//441 323//323
f 522//522 442//442 387//387
f 574//574 435//435 536//536
f 380//380 450//450 428//428
f 574//574 391//391 435//435
f 423//423 443//443 359//359
f 461//461 482//482 437//437
f 508//508 381//381 760//760
f 462//462 484//484 438//438
f 511//511 484//484 510//510
f 511//511 558//558 484//484
f 327//327 485//485 405//405
f 328//328 577//577 327//327
f 593//593 594//594 294//294
f 782//782 513//513 294//294
f 464//464 596//596 355//355
f 407//407 382//382 622//622
f 284//284 670//670 318//318
f 599//599 432//432 514//514
f 516//516 600//600 515//515
f 518//518 409//409 470//470
f 331//331 440//440 273//273
f 493//493 434//434 519//519
f 521//521 412//412 493//493
f 522//522 387//387 627//627
f 522//522 523//523 442//442
f 428//428 375//375 310//310
f 380//380 376//376 450//450
f 399//399 474//474 340//340
f 474//474 496//496 340//340
f 365//365 418//418 393//393
f 418//418 454//454 393//393
f 393//393 454//454 394//394
f 348//348 394//394 419//419
f 420//420 456//456 350//350
f 350//350 457//457 421//421
f 366//366 458//458 396//396
f 396//396 458//458 422//422
f 550//550 551//551 429//429
f 315//315 400//400 314//314
f 344//344 368//368 336//336
f 327//327 463//463 485//485
f 292//292 318//318 371//371
f 337//337 410//410 272//272
f 273//273 440//440 535//535
f 375//375 416//416 310//310
f 630//630 737//737 398//398
f 540//540 741//741 388//388
f 541//541 540//540 277//277
f 541//541 277//277 542//542
f 633//633 542//542 451//451
f 633//633 451//451 634//634
f 634//634 451//451 543//543
f 452//452 575//575 390//390
f 452//452 390//390 391//391
f 554//554 453//453 459//459
f 315//315 446//446 445//445
f 447//447 552//552 316//316
f 447//447 479//479 552//552
f 570//570 479//479 447//447
f 345//345 532//532 404//404
f 414//414 532//532 345//345
f 448//448 480//480 347//347
f 605//605 376//376 472//472
f 495//495 525//525 453//453
f 364//364 477//477 474//474
f 968//968 475//475 444//444
f 968//968 646//646 475//475
f 810//810 530//530 481//481
f 530//530 403//403 436//436
f 498//498 570//570 447//447
f 557//557 484//484 462//462
f 559//559 593//593 430//430
f 329//329 406//406 577//577
f 597//597 431//431 596//596
f 601//601 517//517 465//465
f 623//623 602//602 383//383
f 792//792 603//603 467//467
f 471//471 491//491 448//448
f 605//605 583//583 376//376
f 582//582 391//391 574//574
f 582//582 452//452 391//391
f 554//554 495//495 453//453
f 473//473 364//364 453//453
f 402//402 572//572 406//406
f 448//448 675//675 480//480
f 448//448 491//491 675//675
f 425//425 494//494 321//321
f 422//422 549//549 351//351
f 351//351 478//478 367//367
f 478//478 506//506 367//367
f 367//367 506//506 290//290
f 506//506 429//429 290//290
f 750//750 460//460 609//609
f 368//368 576//576 500//500
f 368//368 344//344 576//576
f 371//371 502//502 487//487
f 271//271 384//384 573//573
f 480//480 580//580 347//347
f 649//649 574//574 536//536
f 630//630 398//398 631//631
f 453//453 525//525 473//473
f 429//429 506//506 550//550
f 609//609 403//403 530//530
f 712//712 460//460 750//750
f 397//397 592//592 344//344
f 557//557 462//462 483//483
f 510//510 484//484 557//557
f 430//430 558//558 780//780
f 559//559 430//430 665//665
f 596//596 464//464 486//486
f 402//402 501//501 534//534
f 502//502 501//501 487//487
f 622//622 431//431 597//597
f 598//598 514//514 407//407
f 284//284 377//377 670//670
f 488//488 600//600 599//599
f 601//601 465//465 516//516
f 490//490 466//466 517//517
f 623//623 383//383 490//490
f 792//792 467//467 602//602
f 471//471 675//675 491//491
f 471//471 553//553 675//675
f 518//518 470//470 754//754
f 677//677 553//553 471//471
f 434//434 411//411 492//492
f 520//520 493//493 519//519
f 625//625 493//493 520//520
f 321//321 504//504 424//424
f 494//494 504//504 321//321
f 799//799 387//387 521//521
f 627//627 387//387 799//799
f 428//428 449//449 375//375
f 649//649 536//536 820//820
f 364//364 473//473 477//477
f 298//298 505//505 418//418
f 454//454 418//418 394//394
f 350//350 456//456 457//457
f 549//549 478//478 351//351
f 445//445 507//507 315//315
f 499//499 498//498 447//447
f 447//447 531//531 499//499
f 368//368 531//531 447//447
f 406//406 572//572 577//577
f 535//535 730//730 337//337
f 427//427 604//604 426//426
f 428//428 648//648 449//449
f 876//876 629//629 472//472
f 737//737 538//538 398//398
f 554//554 565//565 495//495
f 443//443 656//656 459//459
f 657//657 968//968 444//444
f 312//312 526//526 497//497
f 400//400 527//527 312//312
f 315//315 507//507 400//400
f 810//810 481//481 607//607
f 500//500 531//531 368//368
f 476//476 532//532 414//414
f 509//509 532//532 476//476
f 485//485 533//533 405//405
f 384//384 415//415 573//573
f 583//583 695//695 376//376
f 629//629 605//605 472//472
f 525//525 545//545 473//473
f 496//496 546//546 417//417
f 418//418 547//547 394//394
f 394//394 548//548 419//419
f 349//349 654//654 395//395
f 395//395 589//589 455//455
f 366//366 590//590 458//458
f 688//688 549//549 422//422
f 570//570 552//552 479//479
f 758//758 609//609 530//530
f 345//345 404//404 344//344
f 577//577 512//512 327//327
f 501//501 560//560 534//534
f 501//501 502//502 560//560
f 579//579 360//360 361//361
f 373//373 489//489 361//361
f 424//424 504//504 331//331
f 441//441 425//425 322//322
f 524//524 375//375 427//427
f 449//449 537//537 375//375
f 820//820 536//536 645//645
f 686//686 695//695 583//583
f 876//876 472//472 538//538
f 740//740 739//739 539//539
f 740//740 539//539 741//741
f 742//742 741//741 540//540
f 742//742 540//540 541//541
f 743//743 541//541 542//542
f 744//744 743//743 542//542
f 632//632 744//744 542//542
f 633//633 632//632 542//542
f 745//745 633//633 634//634
f 708//708 634//634 543//543
f 544//544 651//651 543//543
f 694//694 651//651 544//544
f 575//575 694//694 544//544
f 582//582 575//575 452//452
f 552//552 570//570 771//771
f 556//556 771//771 570//570
f 344//344 404//404 397//397
f 595//595 783//783 572//572
f 577//577 572//572 783//783
f 489//489 579//579 361//361
f 573//573 415//415 561//561
f 562//562 561//561 415//415
f 580//580 415//415 347//347
f 504//504 626//626 331//331
f 427//427 375//375 563//563
f 564//564 563//563 375//375
f 495//495 565//565 525//525
f 474//474 699//699 496//496
f 546//546 505//505 417//417
f 587//587 653//653 418//418
f 547//547 567//567 394//394
f 548//548 639//639 419//419
f 419//419 654//654 349//349
f 654//654 568//568 395//395
f 456//456 590//590 457//457
f 421//421 590//590 366//366
f 550//550 506//506 478//478
f 656//656 635//635 459//459
f 423//423 656//656 443//443
f 497//497 724//724 335//335
f 312//312 569//569 526//526
f 527//527 569//569 312//312
f 400//400 529//529 528//528
f 894//894 607//607 555//555
f 400//400 445//445 529//529
f 507//507 445//445 400//400
f 757//757 838//838 530//530
f 619//619 482//482 461//461
f 759//759 760//760 482//482
f 620//620 661//661 508//508
f 813//813 483//483 661//661
f 779//779 510//510 557//557
f 663//663 511//511 510//510
f 405//405 324//324 268//268
f 663//663 558//558 511//511
f 533//533 571//571 405//405
f 327//327 762//762 463//463
f 843//843 594//594 593//593
f 666//666 513//513 782//782
f 666//666 486//486 513//513
f 784//784 596//596 486//486
f 785//785 597//597 596//596
f 718//718 407//407 622//622
f 718//718 598//598 407//407
f 598//598 599//599 514//514
f 974//974 488//488 599//599
f 601//601 516//516 515//515
f 601//601 490//490 517//517
f 794//794 469//469 468//468
f 903//903 470//470 469//469
f 471//471 272//272 677//677
f 678//678 492//492 433//433
f 679//679 434//434 492//492
f 681//681 519//519 434//434
f 625//625 520//520 519//519
f 682//682 521//521 493//493
f 427//427 563//563 685//685
f 684//684 523//523 522//522
f 450//450 581//581 428//428
f 334//334 614//614 423//423
f 969//969 555//555 646//646
f 894//894 555//555 969//969
f 757//757 530//530 810//810
f 641//641 461//461 712//712
f 619//619 461//461 641//641
f 760//760 620//620 508//508
f 557//557 483//483 813//813
f 663//663 510//510 779//779
f 780//780 558//558 663//663
f 665//665 430//430 780//780
f 593//593 559//559 665//665
f 668//668 486//486 666//666
f 402//402 578//578 572//572
f 668//668 784//784 486//486
f 786//786 622//622 597//597
f 371//371 703//703 502//502
f 360//360 615//615 377//377
f 600//600 488//488 974//974
f 673//673 515//515 600//600
f 601//601 515//515 673//673
f 623//623 490//490 601//601
f 603//603 794//794 468//468
f 754//754 470//470 903//903
f 676//676 518//518 754//754
f 676//676 433//433 518//518
f 678//678 624//624 492//492
f 679//679 492//492 624//624
f 681//681 434//434 679//679
f 625//625 519//519 681//681
f 682//682 493//493 625//625
f 799//799 521//521 682//682
f 426//426 425//425 441//441
f 427//427 644//644 604//604
f 427//427 685//685 644//644
f 582//582 574//574 649//649
f 618//618 686//686 583//583
f 731//731 583//583 605//605
f 575//575 582//582 694//694
f 459//459 584//584 554//554
f 565//565 545//545 525//525
f 545//545 698//698 473//473
f 477//477 585//585 474//474
f 473//473 585//585 477//477
f 505//505 586//586 613//613
f 505//505 613//613 418//418
f 418//418 566//566 587//587
f 653//653 547//547 418//418
f 394//394 567//567 588//588
f 588//588 548//548 394//394
f 395//395 568//568 589//589
f 589//589 420//420 455//455
f 457//457 590//590 421//421
f 458//458 590//590 422//422
f 590//590 688//688 422//422
f 640//640 550//550 478//478
f 640//640 551//551 550//550
f 316//316 591//591 446//446
f 552//552 591//591 316//316
f 751//751 556//556 570//570
f 344//344 690//690 576//576
f 327//327 667//667 762//762
f 512//512 667//667 327//327
f 783//783 667//667 577//577
f 534//534 621//621 402//402
f 377//377 764//764 670//670
f 553//553 677//677 719//719
f 564//564 685//685 563//563
f 376//376 695//695 450//450
f 731//731 618//618 583//583
f 876//876 803//803 629//629
f 738//738 696//696 630//630
f 738//738 630//630 631//631
f 635//635 584//584 459//459
f 584//584 612//612 554//554
f 701//701 353//353 551//551
f 658//658 607//607 894//894
f 446//446 608//608 445//445
f 751//751 570//570 660//660
f 498//498 660//660 570//570
f 576//576 690//690 500//500
f 405//405 610//610 324//324
f 402//402 621//621 578//578
f 318//318 670//670 371//371
f 869//869 330//330 374//374
f 573//573 561//561 647//647
f 645//645 523//523 684//684
f 537//537 648//648 375//375
f 800//800 582//582 649//649
f 800//800 694//694 582//582
f 731//731 605//605 629//629
f 554//554 612//612 606//606
f 565//565 805//805 545//545
f 418//418 613//613 566//566
f 688//688 478//478 549//549
f 709//709 635//635 656//656
f 423//423 824//824 656//656
f 810//810 607//607 658//658
f 758//758 530//530 838//838
f 750//750 609//609 758//758
f 867//867 712//712 750//750
f 344//344 592//592 690//690
f 577//577 667//667 512//512
f 573//573 503//503 374//374
f 480//480 611//611 580//580
f 337//337 616//616 410//410
f 440//440 617//617 535//535
f 626//626 720//720 331//331
f 426//426 604//604 425//425
f 695//695 628//628 450//450
f 889//889 695//695 686//686
f 803//803 731//731 629//629
f 736//736 876//876 538//538
f 736//736 538//538 737//737
f 606//606 565//565 554//554
f 552//552 659//659 591//591
f 771//771 659//659 552//552
f 500//500 713//713 531//531
f 572//572 763//763 595//595
f 489//489 643//643 579//579
f 330//330 869//869 489//489
f 573//573 647//647 503//503
f 415//415 692//692 562//562
f 415//415 580//580 692//692
f 425//425 706//706 494//494
f 648//648 564//564 375//375
f 449//449 648//648 537//537
f 428//428 581//581 648//648
f 831//831 802//802 731//731
f 496//496 638//638 546//546
f 546//546 638//638 505//505
f 638//638 586//586 505//505
f 567//567 547//547 588//588
f 748//748 711//711 590//590
f 478//478 688//688 640//640
f 614//614 723//723 423//423
f 910//910 444//444 701//701
f 724//724 334//334 335//335
f 591//591 954//954 446//446
f 713//713 499//499 531//531
f 814//814 779//779 557//557
f 841//841 780//780 663//663
f 664//664 665//665 780//780
f 781//781 594//594 843//843
f 572//572 578//578 763//763
f 845//845 597//597 785//785
f 899//899 718//718 622//622
f 846//846 598//598 718//718
f 671//671 599//599 598//598
f 900//900 600//600 974//974
f 672//672 673//673 600//600
f 790//790 623//623 601//601
f 674//674 602//602 623//623
f 793//793 603//603 792//792
f 978//978 603//603 793//793
f 719//719 675//675 553//553
f 410//410 616//616 272//272
f 680//680 681//681 679//679
f 859//859 799//799 682//682
f 695//695 650//650 628//628
f 889//889 686//686 731//731
f 686//686 618//618 731//731
f 877//877 736//736 737//737
f 737//737 630//630 696//696
f 738//738 631//631 739//739
f 878//878 740//740 741//741
f 743//743 742//742 541//541
f 744//744 632//632 633//633
f 721//721 634//634 708//708
f 709//709 710//710 635//635
f 606//606 687//687 565//565
f 423//423 723//723 824//824
f 497//497 526//526 724//724
f 751//751 771//771 556//556
f 619//619 641//641 712//712
f 690//690 713//713 500//500
f 532//532 662//662 404//404
f 715//715 557//557 813//813
f 814//814 557//557 715//715
f 843//843 593//593 665//665
f 782//782 594//594 781//781
f 785//785 596//596 784//784
f 560//560 502//502 534//534
f 752//752 597//597 845//845
f 786//786 597//597 752//752
f 899//899 622//622 786//786
f 974//974 599//599 671//671
f 901//901 600//600 900//900
f 672//672 600//600 901//901
f 788//788 601//601 673//673
f 792//792 602//602 674//674
f 794//794 603//603 978//978
f 678//678 433//433 676//676
f 272//272 616//616 677//677
f 679//679 624//624 678//678
f 796//796 625//625 681//681
f 683//683 627//627 799//799
f 684//684 522//522 627//627
f 861//861 645//645 684//684
f 820//820 645//645 861//861
f 822//822 695//695 889//889
f 831//831 731//731 803//803
f 565//565 687//687 805//805
f 699//699 747//747 496//496
f 652//652 566//566 613//613
f 547//547 768//768 588//588
f 548//548 588//588 639//639
f 639//639 700//700 419//419
f 420//420 655//655 456//456
f 589//589 655//655 420//420
f 640//640 701//701 551//551
f 776//776 657//657 444//444
f 893//893 646//646 968//968
f 404//404 662//662 397//397
f 360//360 705//705 615//615
f 450//450 628//628 581//581
f 734//734 800//800 649//649
f 695//695 766//766 650//650
f 804//804 803//803 876//876
f 694//694 543//543 651//651
f 710//710 722//722 635//635
f 606//606 612//612 687//687
f 805//805 775//775 545//545
f 776//776 444//444 910//910
f 968//968 657//657 776//776
f 969//969 646//646 893//893
f 446//446 689//689 608//608
f 954//954 811//811 446//446
f 659//659 954//954 591//591
f 837//837 771//771 751//751
f 1055//1055 482//482 619//619
f 397//397 662//662 592//592
f 476//476 885//885 509//509
f 324//324 885//885 476//476
f 405//405 727//727 610//610
f 571//571 727//727 405//405
f 533//533 485//485 571//571
f 783//783 642//642 667//667
f 763//763 783//783 595//595
f 374//374 691//691 869//869
f 503//503 691//691 374//374
f 647//647 561//561 852//852
f 675//675 611//611 480//480
f 617//617 730//730 535//535
f 720//720 440//440 331//331
f 425//425 773//773 706//706
f 604//604 773//773 425//425
f 707//707 685//685 564//564
f 581//581 693//693 648//648
f 734//734 649//649 920//920
f 694//694 708//708 543//543
f 635//635 722//722 697//697
f 635//635 697//697 584//584
f 545//545 636//636 698//698
f 698//698 637//637 473//473
f 637//637 585//585 473//473
f 585//585 959//959 474//474
f 496//496 747//747 638//638
f 586//586 652//652 613//613
f 419//419 700//700 654//654
f 456//456 884//884 590//590
f 590//590 770//770 748//748
f 884//884 770//770 590//590
f 711//711 688//688 590//590
f 640//640 688//688 711//711
f 809//809 658//658 894//894
f 757//757 810//810 912//912
f 1055//1055 619//619 712//712
f 897//897 813//813 661//661
f 509//509 702//702 532//532
f 670//670 704//704 371//371
f 579//579 705//705 360//360
f 789//789 601//601 788//788
f 611//611 692//692 580//580
f 855//855 903//903 469//469
f 797//797 625//625 796//796
f 644//644 685//685 604//604
f 873//873 649//649 820//820
f 920//920 649//649 873//873
f 735//735 766//766 695//695
f 822//822 735//735 695//695
f 697//697 612//612 584//584
f 910//910 701//701 640//640
f 690//690 714//714 713//713
f 703//703 728//728 502//502
f 703//703 717//717 669//669
f 371//371 717//717 703//703
f 562//562 852//852 561//561
f 677//677 616//616 886//886
f 337//337 730//730 616//616
f 564//564 648//648 888//888
f 710//710 709//709 722//722
f 959//959 806//806 474//474
f 474//474 806//806 699//699
f 547//547 653//653 768//768
f 639//639 588//588 700//700
f 568//568 654//654 589//589
f 655//655 884//884 456//456
f 709//709 656//656 890//890
f 400//400 725//725 527//527
f 608//608 1068//1068 445//445
f 446//446 726//726 689//689
f 777//777 912//912 810//810
f 811//811 726//726 446//446
f 778//778 837//837 751//751
f 940//940 750//750 758//758
f 1055//1055 712//712 840//840
f 897//897 760//760 759//759
f 592//592 714//714 690//690
f 897//897 661//661 620//620
f 1116//1116 663//663 779//779
f 842//842 664//664 780//780
f 971//971 666//666 782//782
f 534//534 716//716 621//621
f 502//502 728//728 534//534
f 974//974 671//671 598//598
f 902//902 788//788 673//673
f 849//849 790//790 601//601
f 647//647 691//691 503//503
f 850//850 674//674 623//623
f 853//853 793//793 792//792
f 854//854 469//469 794//794
f 677//677 886//886 719//719
f 980//980 678//678 676//676
f 1020//1020 679//679 678//678
f 856//856 680//680 679//679
f 440//440 730//730 617//617
f 904//904 796//796 681//681
f 858//858 682//682 625//625
f 860//860 683//683 799//799
f 685//685 773//773 604//604
f 906//906 684//684 627//627
f 693//693 888//888 648//648
f 694//694 721//721 708//708
f 697//697 746//746 612//612
f 775//775 636//636 545//545
f 334//334 724//724 614//614
f 526//526 527//527 724//724
f 1082//1082 777//777 810//810
f 897//897 620//620 760//760
f 662//662 732//732 592//592
f 814//814 715//715 813//813
f 702//702 733//733 532//532
f 841//841 663//663 1116//1116
f 842//842 665//665 664//664
f 1117//1117 843//843 665//665
f 642//642 762//762 667//667
f 971//971 943//943 666//666
f 763//763 816//816 783//783
f 1035//1035 763//763 578//578
f 666//666 784//784 668//668
f 621//621 1035//1035 578//578
f 844//844 785//785 784//784
f 846//846 718//718 899//899
f 704//704 717//717 371//371
f 901//901 673//673 672//672
f 772//772 489//489 869//869
f 849//849 601//601 789//789
f 850//850 623//623 790//790
f 850//850 792//792 674//674
f 611//611 729//729 692//692
f 854//854 855//855 469//469
f 675//675 729//729 611//611
f 1020//1020 678//678 980//980
f 856//856 679//679 1020//1020
f 856//856 681//681 680//680
f 858//858 625//625 797//797
f 858//858 798//798 682//682
f 859//859 682//682 798//798
f 860//860 627//627 683//683
f 861//861 684//684 906//906
f 650//650 766//766 628//628
f 802//802 889//889 731//731
f 612//612 774//774 756//756
f 746//746 774//774 612//612
f 652//652 807//807 566//566
f 656//656 749//749 890//890
f 824//824 749//749 656//656
f 498//498 839//839 660//660
f 713//713 827//827 499//499
f 532//532 733//733 662//662
f 669//669 728//728 703//703
f 707//707 887//887 685//685
f 801//801 830//830 889//889
f 801//801 889//889 802//802
f 876//876 736//736 877//877
f 932//932 876//876 877//877
f 933//933 877//877 737//737
f 933//933 737//737 696//696
f 985//985 738//738 739//739
f 985//985 739//739 740//740
f 878//878 985//985 740//740
f 986//986 878//878 741//741
f 986//986 741//741 742//742
f 987//987 742//742 743//743
f 879//879 743//743 744//744
f 633//633 879//879 744//744
f 721//721 745//745 634//634
f 875//875 721//721 694//694
f 890//890 832//832 709//709
f 832//832 865//865 709//709
f 612//612 756//756 687//687
f 569//569 527//527 526//526
f 528//528 725//725 400//400
f 810//810 658//658 809//809
f 867//867 750//750 940//940
f 840//840 712//712 867//867
f 1055//1055 759//759 482//482
f 592//592 812//812 714//714
f 324//324 610//610 885//885
f 463//463 761//761 485//485
f 534//534 728//728 716//716
f 753//753 852//852 562//562
f 562//562 818//818 753//753
f 692//692 818//818 562//562
f 675//675 719//719 729//729
f 886//886 828//828 719//719
f 730//730 765//765 616//616
f 800//800 875//875 694//694
f 766//766 735//735 822//822
f 638//638 767//767 586//586
f 566//566 992//992 587//587
f 808//808 883//883 589//589
f 640//640 711//711 748//748
f 912//912 1032//1032 757//757
f 940//940 758//758 838//838
f 955//955 779//779 814//814
f 898//898 786//786 752//752
f 717//717 930//930 669//669
f 579//579 975//975 705//705
f 979//979 676//676 754//754
f 755//755 765//765 730//730
f 872//872 564//564 888//888
f 863//863 965//965 766//766
f 697//697 774//774 746//746
f 659//659 771//771 895//895
f 839//839 751//751 660//660
f 783//783 916//916 642//642
f 377//377 615//615 764//764
f 489//489 787//787 643//643
f 692//692 819//819 818//818
f 729//729 819//819 692//692
f 765//765 795//795 616//616
f 766//766 821//821 628//628
f 965//965 907//907 766//766
f 863//863 766//766 822//822
f 697//697 833//833 774//774
f 699//699 882//882 747//747
f 807//807 992//992 566//566
f 587//587 992//992 653//653
f 992//992 834//834 653//653
f 653//653 908//908 768//768
f 768//768 835//835 588//588
f 700//700 769//769 654//654
f 654//654 808//808 589//589
f 836//836 808//808 654//654
f 589//589 883//883 655//655
f 952//952 640//640 748//748
f 952//952 910//910 640//640
f 894//894 969//969 1009//1009
f 659//659 895//895 954//954
f 940//940 838//838 757//757
f 827//827 896//896 499//499
f 812//812 713//713 714//714
f 1074//1074 1116//1116 779//779
f 996//996 842//842 780//780
f 485//485 761//761 571//571
f 842//842 1117//1117 665//665
f 463//463 762//762 761//761
f 1011//1011 971//971 782//782
f 621//621 716//716 1035//1035
f 669//669 930//930 728//728
f 1013//1013 899//899 786//786
f 847//847 974//974 598//598
f 643//643 787//787 579//579
f 848//848 788//788 902//902
f 772//772 817//817 489//489
f 851//851 853//853 792//792
f 853//853 978//978 793//793
f 979//979 980//980 676//676
f 857//857 796//796 904//904
f 1025//1025 906//906 627//627
f 581//581 888//888 693//693
f 628//628 821//821 581//581
f 931//931 734//734 920//920
f 950//950 822//822 889//889
f 830//830 801//801 802//802
f 1231//1231 802//802 831//831
f 933//933 696//696 738//738
f 875//875 745//745 721//721
f 709//709 865//865 722//722
f 805//805 823//823 775//775
f 723//723 614//614 824//824
f 952//952 776//776 910//910
f 724//724 825//825 924//924
f 527//527 826//826 724//724
f 1082//1082 810//810 809//809
f 1032//1032 940//940 757//757
f 814//814 813//813 897//897
f 1074//1074 779//779 955//955
f 996//996 780//780 841//841
f 957//957 762//762 642//642
f 1011//1011 782//782 781//781
f 816//816 916//916 783//783
f 844//844 784//784 666//666
f 845//845 785//785 844//844
f 898//898 752//752 845//845
f 1013//1013 786//786 898//898
f 847//847 598//598 846//846
f 902//902 673//673 901//901
f 787//787 975//975 579//579
f 849//849 789//789 788//788
f 850//850 790//790 849//849
f 647//647 869//869 691//691
f 791//791 869//869 647//647
f 851//851 792//792 850//850
f 854//854 794//794 978//978
f 1061//1061 754//754 903//903
f 979//979 754//754 1061//1061
f 904//904 681//681 856//856
f 440//440 829//829 730//730
f 858//858 797//797 796//796
f 859//859 798//798 858//858
f 494//494 706//706 504//504
f 860//860 799//799 859//859
f 1025//1025 627//627 860//860
f 685//685 871//871 773//773
f 862//862 820//820 861//861
f 800//800 734//734 931//931
f 875//875 800//800 931//931
f 950//950 863//863 822//822
f 983//983 950//950 889//889
f 1148//1148 830//830 802//802
f 774//774 833//833 756//756
f 936//936 892//892 756//756
f 687//687 756//756 805//805
f 747//747 882//882 638//638
f 653//653 834//834 908//908
f 588//588 835//835 700//700
f 769//769 836//836 654//654
f 890//890 749//749 824//824
f 770//770 952//952 748//748
f 499//499 896//896 498//498
f 592//592 913//913 812//812
f 733//733 702//702 662//662
f 916//916 915//915 642//642
f 489//489 817//817 787//787
f 647//647 963//963 791//791
f 852//852 963//963 647//647
f 828//828 870//870 719//719
f 504//504 706//706 626//626
f 685//685 947//947 871//871
f 887//887 947//947 685//685
f 889//889 830//830 1148//1148
f 1148//1148 802//802 1231//1231
f 1231//1231 831//831 803//803
f 1089//1089 804//804 876//876
f 890//890 891//891 832//832
f 865//865 922//922 722//722
f 1351//1351 968//968 776//776
f 826//826 961//961 724//724
f 1054//1054 969//969 893//893
f 527//527 961//961 826//826
f 725//725 866//866 527//527
f 445//445 1068//1068 529//529
f 608//608 689//689 1068//1068
f 778//778 925//925 837//837
f 1010//1010 867//867 940//940
f 839//839 778//778 751//751
f 1056//1056 759//759 1055//1055
f 812//812 913//913 713//713
f 732//732 913//913 592//592
f 914//914 955//955 814//814
f 702//702 1156//1156 662//662
f 610//610 727//727 885//885
f 957//957 868//868 762//762
f 930//930 928//928 728//728
f 818//818 852//852 753//753
f 818//818 819//819 917//917
f 872//872 707//707 564//564
f 920//920 873//873 820//820
f 581//581 874//874 888//888
f 1172//1172 931//931 920//920
f 907//907 948//948 766//766
f 984//984 983//983 889//889
f 832//832 891//891 864//864
f 832//832 864//864 865//865
f 881//881 922//922 865//865
f 637//637 698//698 585//585
f 698//698 959//959 585//585
f 806//806 1007//1007 699//699
f 699//699 1007//1007 882//882
f 882//882 767//767 638//638
f 586//586 938//938 652//652
f 768//768 908//908 835//835
f 884//884 952//952 770//770
f 993//993 1126//1126 824//824
f 866//866 961//961 527//527
f 837//837 895//895 771//771
f 925//925 778//778 839//839
f 840//840 867//867 1010//1010
f 1072//1072 897//897 1056//1056
f 914//914 814//814 897//897
f 662//662 1156//1156 926//926
f 970//970 781//781 843//843
f 1058//1058 666//666 943//943
f 763//763 916//916 816//816
f 1035//1035 916//916 763//763
f 976//976 788//788 848//848
f 818//818 917//917 852//852
f 719//719 870//870 729//729
f 981//981 1020//1020 980//980
f 1226//1226 796//796 857//857
f 773//773 946//946 706//706
f 707//707 872//872 887//887
f 821//821 874//874 581//581
f 766//766 948//948 821//821
f 907//907 921//921 948//948
f 745//745 875//875 931//931
f 950//950 965//965 863//863
f 932//932 1199//1199 876//876
f 933//933 932//932 877//877
f 1092//1092 985//985 878//878
f 1092//1092 878//878 986//986
f 1093//1093 986//986 742//742
f 1186//1186 1093//1093 742//742
f 1186//1186 742//742 987//987
f 879//879 987//987 743//743
f 880//880 879//879 633//633
f 1027//1027 880//880 633//633
f 931//931 1027//1027 633//633
f 931//931 633//633 745//745
f 922//922 697//697 722//722
f 951//951 952//952 884//884
f 839//839 498//498 925//925
f 917//917 963//963 852//852
f 729//729 870//870 819//819
f 626//626 905//905 720//720
f 872//872 888//888 887//887
f 950//950 983//983 1121//1121
f 984//984 889//889 1148//1148
f 833//833 936//936 756//756
f 652//652 938//938 807//807
f 807//807 1097//1097 992//992
f 1046//1046 769//769 700//700
f 836//836 883//883 808//808
f 655//655 883//883 884//884
f 824//824 909//909 993//993
f 614//614 909//909 824//824
f 1054//1054 893//893 968//968
f 1081//1081 894//894 1210//1210
f 689//689 911//911 1068//1068
f 912//912 777//777 1082//1082
f 837//837 925//925 895//895
f 914//914 897//897 1137//1137
f 1267//1267 843//843 1117//1117
f 868//868 1034//1034 762//762
f 1138//1138 844//844 666//666
f 1012//1012 845//845 844//844
f 1101//1101 898//898 845//845
f 1139//1139 846//846 899//899
f 1014//1014 847//847 846//846
f 1216//1216 900//900 974//974
f 1059//1059 901//901 900//900
f 1104//1104 902//902 901//901
f 976//976 848//848 902//902
f 1140//1140 849//849 788//788
f 1017//1017 850//850 849//849
f 1141//1141 851//851 850//850
f 1143//1143 854//854 978//978
f 870//870 917//917 819//819
f 1060//1060 855//855 854//854
f 1060//1060 903//903 855//855
f 870//870 828//828 918//918
f 616//616 795//795 886//886
f 1063//1063 904//904 856//856
f 1226//1226 857//857 904//904
f 829//829 755//755 730//730
f 1022//1022 858//858 796//796
f 720//720 919//919 440//440
f 1023//1023 859//859 858//858
f 1146//1146 860//860 859//859
f 1229//1229 861//861 906//906
f 1079//1079 820//820 862//862
f 1079//1079 920//920 820//820
f 1052//1052 1172//1172 920//920
f 821//821 948//948 874//874
f 949//949 921//921 907//907
f 988//988 890//890 824//824
f 864//864 935//935 865//865
f 697//697 923//923 833//833
f 1125//1125 776//776 952//952
f 724//724 924//924 614//614
f 1164//1164 1351//1351 776//776
f 961//961 825//825 724//724
f 1032//1032 912//912 1165//1165
f 885//885 927//927 509//509
f 1057//1057 841//841 1116//1116
f 996//996 841//841 1057//1057
f 1117//1117 842//842 996//996
f 1267//1267 970//970 843//843
f 1011//1011 781//781 970//970
f 915//915 957//957 642//642
f 1138//1138 666//666 1058//1058
f 1012//1012 844//844 1138//1138
f 728//728 928//928 716//716
f 1101//1101 845//845 1012//1012
f 1013//1013 898//898 1101//1101
f 1139//1139 899//899 1013//1013
f 1139//1139 1014//1014 846//846
f 1014//1014 974//974 847//847
f 1059//1059 900//900 1216//1216
f 1104//1104 901//901 1059//1059
f 976//976 902//902 1104//1104
f 1140//1140 788//788 976//976
f 1017//1017 849//849 1140//1140
f 1141//1141 853//853 851//851
f 1142//1142 978//978 853//853
f 1061//1061 903//903 1060//1060
f 795//795 998//998 886//886
f 1144//1144 981//981 980//980
f 1226//1226 904//904 1063//1063
f 1022//1022 796//796 1226//1226
f 1022//1022 1023//1023 858//858
f 1146//1146 859//859 1023//1023
f 1025//1025 860//860 1146//1146
f 1229//1229 906//906 1025//1025
f 1229//1229 862//862 861//861
f 1039//1039 949//949 907//907
f 1147//1147 950//950 1121//1121
f 890//890 934//934 891//891
f 865//865 966//966 881//881
f 935//935 966//966 865//865
f 697//697 922//922 923//923
f 923//923 967//967 833//833
f 989//989 936//936 833//833
f 756//756 1150//1150 805//805
f 636//636 775//775 990//990
f 990//990 1256//1256 636//636
f 636//636 1256//1256 698//698
f 586//586 991//991 938//938
f 938//938 1097//1097 807//807
f 835//835 1046//1046 700//700
f 884//884 883//883 951//951
f 1082//1082 809//809 894//894
f 1165//1165 912//912 1082//1082
f 732//732 713//713 913//913
f 662//662 926//926 732//732
f 509//509 927//927 702//702
f 929//929 928//928 930//930
f 717//717 997//997 930//930
f 764//764 944//944 670//670
f 917//917 945//945 963//963
f 919//919 829//829 440//440
f 888//888 947//947 887//887
f 964//964 1052//1052 920//920
f 1039//1039 907//907 1040//1040
f 958//958 950//950 1147//1147
f 1089//1089 803//803 804//804
f 1089//1089 1231//1231 803//803
f 1090//1090 932//932 933//933
f 988//988 934//934 890//890
f 836//836 952//952 951//951
f 1237//1237 1054//1054 968//968
f 1081//1081 1082//1082 894//894
f 726//726 953//953 689//689
f 954//954 994//994 811//811
f 498//498 895//895 925//925
f 732//732 827//827 713//713
f 1056//1056 897//897 759//759
f 1137//1137 897//897 1072//1072
f 927//927 942//942 702//702
f 727//727 571//571 815//815
f 761//761 956//956 571//571
f 762//762 1034//1034 761//761
f 964//964 920//920 1079//1079
f 1172//1172 1027//1027 931//931
f 1040//1040 907//907 965//965
f 934//934 1114//1114 891//891
f 767//767 937//937 586//586
f 908//908 1067//1067 835//835
f 1164//1164 776//776 1125//1125
f 924//924 960//960 614//614
f 498//498 995//995 895//895
f 941//941 995//995 498//498
f 896//896 962//962 498//498
f 1010//1010 1055//1055 840//840
f 1074//1074 955//955 914//914
f 716//716 972//972 1035//1035
f 705//705 1218//1218 615//615
f 918//918 1062//1062 870//870
f 828//828 886//886 918//918
f 946//946 626//626 706//706
f 1163//1163 965//965 950//950
f 864//864 966//966 935//935
f 1125//1125 952//952 836//836
f 962//962 941//941 498//498
f 727//727 815//815 885//885
f 928//928 972//972 716//716
f 929//929 973//973 928//928
f 930//930 973//973 929//929
f 670//670 944//944 704//704
f 869//869 977//977 772//772
f 791//791 977//977 869//869
f 917//917 870//870 945//945
f 871//871 1003//1003 773//773
f 874//874 1087//1087 888//888
f 921//921 982//982 948//948
f 949//949 982//982 921//921
f 1080//1080 1038//1038 949//949
f 1080//1080 949//949 1039//1039
f 1040//1040 965//965 1163//1163
f 1163//1163 950//950 958//958
f 967//967 989//989 833//833
f 756//756 892//892 1150//1150
f 1150//1150 823//823 805//805
f 959//959 1044//1044 806//806
f 937//937 991//991 586//586
f 834//834 992//992 908//908
f 951//951 883//883 836//836
f 1126//1126 988//988 824//824
f 614//614 993//993 909//909
f 1098//1098 969//969 1054//1054
f 1098//1098 1009//1009 969//969
f 528//528 1029//1029 725//725
f 726//726 811//811 953//953
f 1070//1070 940//940 1032//1032
f 827//827 1001//1001 896//896
f 1299//1299 1074//1074 914//914
f 1181//1181 1267//1267 1117//1117
f 915//915 916//916 957//957
f 1158//1158 943//943 971//971
f 1158//1158 1138//1138 1058//1058
f 1102//1102 1139//1139 1013//1013
f 717//717 1103//1103 997//997
f 1015//1015 1216//1216 974//974
f 1016//1016 976//976 1104//1104
f 1219//1219 1140//1140 976//976
f 1220//1220 1141//1141 850//850
f 963//963 945//945 791//791
f 1221//1221 1142//1142 853//853
f 1222//1222 1143//1143 978//978
f 1223//1223 1060//1060 854//854
f 1062//1062 1037//1037 870//870
f 1018//1018 979//979 1061//1061
f 1019//1019 1144//1144 980//980
f 765//765 999//999 795//795
f 1021//1021 1063//1063 856//856
f 1024//1024 1146//1146 1023//1023
f 1110//1110 1229//1229 1025//1025
f 947//947 1000//1000 871//871
f 888//888 1000//1000 947//947
f 1121//1121 983//983 984//984
f 1121//1121 984//984 1148//1148
f 1198//1198 1231//1231 1089//1089
f 1198//1198 1089//1089 876//876
f 1091//1091 933//933 738//738
f 1091//1091 738//738 985//985
f 1290//1290 1091//1091 985//985
f 1092//1092 1290//1290 985//985
f 1200//1200 1092//1092 986//986
f 1200//1200 986//986 1093//1093
f 1134//1134 1186//1186 987//987
f 1134//1134 987//987 879//879
f 1027//1027 1134//1134 879//879
f 1027//1027 879//879 880//880
f 1004//1004 988//988 1126//1126
f 891//891 1028//1028 864//864
f 881//881 923//923 922//922
f 614//614 960//960 993//993
f 961//961 866//866 825//825
f 962//962 896//896 941//941
f 732//732 1002//1002 1033//1033
f 1011//1011 970//970 1267//1267
f 1158//1158 971//971 1011//1011
f 1058//1058 943//943 1158//1158
f 1101//1101 1012//1012 1100//1100
f 930//930 997//997 1103//1103
f 704//704 1103//1103 717//717
f 1015//1015 974//974 1014//1014
f 705//705 975//975 1218//1218
f 1220//1220 850//850 1017//1017
f 1221//1221 853//853 1141//1141
f 1222//1222 978//978 1142//1142
f 1223//1223 854//854 1143//1143
f 1019//1019 980//980 979//979
f 1020//1020 981//981 1144//1144
f 999//999 998//998 795//795
f 1021//1021 856//856 1020//1020
f 829//829 919//919 755//755
f 720//720 905//905 919//919
f 948//948 1026//1026 874//874
f 1112//1112 1163//1163 958//958
f 1004//1004 1005//1005 988//988
f 988//988 1114//1114 934//934
f 864//864 1028//1028 1065//1065
f 1065//1065 1006//1006 864//864
f 864//864 1006//1006 966//966
f 966//966 1006//1006 881//881
f 1176//1176 1152//1152 959//959
f 882//882 1008//1008 767//767
f 767//767 1008//1008 937//937
f 992//992 1204//1204 908//908
f 1098//1098 894//894 1009//1009
f 1354//1354 1210//1210 894//894
f 1136//1136 1165//1165 1082//1082
f 1033//1033 827//827 732//732
f 732//732 1115//1115 1002//1002
f 885//885 815//815 927//927
f 956//956 1128//1128 571//571
f 973//973 930//930 1036//1036
f 930//930 1103//1103 1036//1036
f 870//870 1037//1037 1077//1077
f 1003//1003 946//946 773//773
f 949//949 1038//1038 982//982
f 1088//1088 1147//1147 1121//1121
f 1114//1114 1028//1028 891//891
f 1053//1053 1125//1125 836//836
f 725//725 1048//1048 866//866
f 1354//1354 894//894 1098//1098
f 689//689 1030//1030 911//911
f 953//953 1030//1030 689//689
f 995//995 954//954 895//895
f 896//896 1071//1071 941//941
f 926//926 1115//1115 732//732
f 1360//1360 914//914 1137//1137
f 571//571 1128//1128 815//815
f 1280//1280 1117//1117 996//996
f 916//916 1049//1049 957//957
f 1079//1079 862//862 1229//1229
f 1052//1052 964//964 1079//1079
f 1026//1026 1087//1087 874//874
f 982//982 1131//1131 948//948
f 1038//1038 1132//1132 982//982
f 1112//1112 958//958 1147//1147
f 989//989 892//892 936//936
f 775//775 1042//1042 990//990
f 823//823 1042//1042 775//775
f 1256//1256 1043//1043 698//698
f 698//698 1043//1043 959//959
f 959//959 1152//1152 1044//1044
f 806//806 1044//1044 1007//1007
f 991//991 1045//1045 938//938
f 992//992 1097//1097 939//939
f 939//939 1204//1204 992//992
f 908//908 1204//1204 1067//1067
f 1067//1067 1046//1046 835//835
f 836//836 769//769 1053//1053
f 825//825 1047//1047 924//924
f 1237//1237 968//968 1351//1351
f 866//866 1127//1127 825//825
f 1279//1279 1032//1032 1165//1165
f 1031//1031 811//811 994//994
f 1001//1001 1263//1263 896//896
f 1056//1056 1055//1055 1010//1010
f 1299//1299 914//914 1360//1360
f 1280//1280 996//996 1057//1057
f 1034//1034 956//956 761//761
f 1035//1035 1049//1049 916//916
f 928//928 1076//1076 972//972
f 973//973 1076//1076 928//928
f 615//615 1050//1050 764//764
f 1306//1306 979//979 1018//1018
f 1309//1309 1226//1226 1063//1063
f 919//919 1169//1169 755//755
f 1052//1052 1079//1079 1170//1170
f 1163//1163 1039//1039 1040//1040
f 1270//1270 1112//1112 1147//1147
f 1251//1251 1121//1121 1148//1148
f 1090//1090 1199//1199 932//932
f 1064//1064 1114//1114 988//988
f 973//973 1130//1130 1076//1076
f 1103//1103 973//973 1036//1036
f 1103//1103 1160//1160 973//973
f 764//764 1050//1050 944//944
f 817//817 772//772 787//787
f 1051//1051 1062//1062 918//918
f 998//998 918//918 886//886
f 998//998 1108//1108 918//918
f 755//755 1145//1145 1310//1310
f 1169//1169 1145//1145 755//755
f 1052//1052 1171//1171 1172//1172
f 1185//1185 1039//1039 1163//1163
f 1004//1004 1113//1113 1005//1005
f 1005//1005 1064//1064 988//988
f 881//881 1123//1123 923//923
f 923//923 1066//1066 967//967
f 1043//1043 1176//1176 959//959
f 938//938 1045//1045 1097//1097
f 1149//1149 1004//1004 1126//1126
f 1031//1031 1069//1069 811//811
f 954//954 1031//1031 994//994
f 1239//1239 940//940 1070//1070
f 1264//1264 1072//1072 1056//1056
f 868//868 1247//1247 1034//1034
f 957//957 1049//1049 868//868
f 1157//1157 1158//1158 1011//1011
f 972//972 1075//1075 1035//1035
f 1100//1100 1012//1012 1138//1138
f 1214//1214 1013//1013 1101//1101
f 1214//1214 1102//1102 1013//1013
f 1281//1281 1014//1014 1139//1139
f 1216//1216 1015//1015 1014//1014
f 704//704 1085//1085 1103//1103
f 1217//1217 1059//1059 1216//1216
f 787//787 772//772 975//975
f 1106//1106 1017//1017 1140//1140
f 1224//1224 1061//1061 1060//1060
f 1306//1306 1018//1018 1061//1061
f 1307//1307 1020//1020 1144//1144
f 1225//1225 1021//1021 1020//1020
f 1225//1225 1063//1063 1021//1021
f 1310//1310 1078//1078 755//755
f 1227//1227 1023//1023 1022//1022
f 626//626 946//946 905//905
f 1311//1311 1024//1024 1023//1023
f 1228//1228 1025//1025 1146//1146
f 1228//1228 1110//1110 1025//1025
f 1314//1314 1170//1170 1079//1079
f 1080//1080 1039//1039 1133//1133
f 1185//1185 1133//1133 1039//1039
f 1269//1269 1185//1185 1163//1163
f 1172//1172 1134//1134 1027//1027
f 1065//1065 1261//1261 1006//1006
f 1006//1006 1123//1123 881//881
f 1127//1127 1047//1047 825//825
f 529//529 1068//1068 528//528
f 1166//1166 1032//1032 1279//1279
f 1166//1166 1070//1070 1032//1032
f 995//995 1031//1031 954//954
f 1190//1190 1264//1264 1056//1056
f 1033//1033 1002//1002 827//827
f 1360//1360 1137//1137 1072//1072
f 942//942 1156//1156 702//702
f 1212//1212 1011//1011 1267//1267
f 1157//1157 1011//1011 1212//1212
f 1035//1035 1075//1075 1049//1049
f 973//973 1084//1084 1130//1130
f 1281//1281 1215//1215 1014//1014
f 1216//1216 1014//1014 1215//1215
f 944//944 1085//1085 704//704
f 1104//1104 1059//1059 1217//1217
f 1105//1105 1218//1218 975//975
f 1219//1219 976//976 1016//1016
f 975//975 772//772 1105//1105
f 1220//1220 1017//1017 1106//1106
f 1224//1224 1060//1060 1223//1223
f 1306//1306 1061//1061 1224//1224
f 1019//1019 979//979 1306//1306
f 1307//1307 1225//1225 1020//1020
f 1309//1309 1063//1063 1225//1225
f 905//905 1169//1169 919//919
f 1311//1311 1023//1023 1227//1227
f 1311//1311 1146//1146 1024//1024
f 1314//1314 1079//1079 1229//1229
f 948//948 1087//1087 1026//1026
f 948//948 1111//1111 1087//1087
f 1163//1163 1112//1112 1288//1288
f 1114//1114 1208//1208 1028//1028
f 1150//1150 1094//1094 823//823
f 1044//1044 1177//1177 1007//1007
f 1008//1008 1096//1096 937//937
f 769//769 1046//1046 1053//1053
f 1082//1082 1081//1081 1210//1210
f 815//815 1099//1099 927//927
f 973//973 1160//1160 1084//1084
f 870//870 1107//1107 945//945
f 1077//1077 1107//1107 870//870
f 946//946 1109//1109 905//905
f 1132//1132 1038//1038 1080//1080
f 1365//1365 1121//1121 1251//1251
f 1198//1198 876//876 1199//1199
f 1091//1091 1367//1367 933//933
f 1348//1348 1091//1091 1290//1290
f 1291//1291 1290//1290 1092//1092
f 1291//1291 1349//1349 1290//1290
f 1271//1271 1291//1291 1092//1092
f 1200//1200 1271//1271 1092//1092
f 1149//1149 1135//1135 1004//1004
f 1113//1113 1122//1122 1005//1005
f 967//967 1041//1041 989//989
f 1245//1245 1082//1082 1210//1210
f 1239//1239 1010//1010 940//940
f 1297//1297 1010//1010 1356//1356
f 1002//1002 1001//1001 827//827
f 1280//1280 1057//1057 1116//1116
f 1083//1083 1099//1099 815//815
f 791//791 1119//1119 977//977
f 1051//1051 1037//1037 1062//1062
f 888//888 1087//1087 1000//1000
f 1171//1171 1052//1052 1170//1170
f 1288//1288 1112//1112 1270//1270
f 1004//1004 1173//1173 1113//1113
f 1123//1123 1066//1066 923//923
f 937//937 1096//1096 991//991
f 1097//1097 1294//1294 939//939
f 939//939 1124//1124 1204//1204
f 1207//1207 1149//1149 1126//1126
f 866//866 1048//1048 1127//1127
f 1068//1068 1029//1029 528//528
f 911//911 1029//1029 1068//1068
f 1069//1069 953//953 811//811
f 1239//1239 1070//1070 1238//1238
f 1356//1356 1010//1010 1239//1239
f 1056//1056 1010//1010 1297//1297
f 926//926 1266//1266 1115//1115
f 1211//1211 1280//1280 1116//1116
f 1181//1181 1117//1117 1280//1280
f 1129//1129 868//868 1049//1049
f 1075//1075 1129//1129 1049//1049
f 1100//1100 1138//1138 1158//1158
f 1302//1302 1139//1139 1102//1102
f 1218//1218 1050//1050 615//615
f 945//945 1086//1086 791//791
f 1108//1108 1193//1193 918//918
f 998//998 999//999 1108//1108
f 1003//1003 1120//1120 946//946
f 1313//1313 1229//1229 1110//1110
f 871//871 1249//1249 1003//1003
f 1000//1000 1249//1249 871//871
f 1206//1206 982//982 1132//1132
f 1132//1132 1080//1080 1196//1196
f 1286//1286 1080//1080 1133//1133
f 1347//1347 1231//1231 1198//1198
f 1125//1125 1053//1053 1046//1046
f 1103//1103 1182//1182 1160//1160
f 1085//1085 1182//1182 1103//1103
f 977//977 1119//1119 772//772
f 1193//1193 1051//1051 918//918
f 999//999 1193//1193 1108//1108
f 1087//1087 1194//1194 1000//1000
f 948//948 1131//1131 1111//1111
f 1206//1206 1132//1132 1285//1285
f 1196//1196 1080//1080 1286//1286
f 1135//1135 1187//1187 1004//1004
f 1064//1064 1005//1005 1114//1114
f 989//989 1041//1041 892//892
f 990//990 1151//1151 1256//1256
f 1042//1042 1151//1151 990//990
f 1256//1256 1095//1095 1043//1043
f 939//939 1294//1294 1124//1124
f 1125//1125 1046//1046 1154//1154
f 1189//1189 1098//1098 1054//1054
f 1189//1189 1354//1354 1098//1098
f 1029//1029 1295//1295 725//725
f 1001//1001 1167//1167 1263//1263
f 1002//1002 1155//1155 1001//1001
f 1115//1115 1155//1155 1002//1002
f 1129//1129 1331//1331 868//868
f 1076//1076 1118//1118 972//972
f 1301//1301 1101//1101 1100//1100
f 1301//1301 1214//1214 1101//1101
f 1084//1084 1160//1160 1130//1130
f 1667//1667 1102//1102 1214//1214
f 1693//1693 1216//1216 1215//1215
f 1391//1391 1217//1217 1216//1216
f 1334//1334 1104//1104 1217//1217
f 1731//1731 1016//1016 1104//1104
f 1105//1105 1393//1393 1218//1218
f 1304//1304 1219//1219 1016//1016
f 772//772 1183//1183 1105//1105
f 1336//1336 1106//1106 1140//1140
f 1119//1119 1305//1305 772//772
f 1337//1337 1220//1220 1106//1106
f 1394//1394 1221//1221 1141//1141
f 1396//1396 1222//1222 1142//1142
f 1339//1339 1223//1223 1143//1143
f 1398//1398 1224//1224 1223//1223
f 755//755 1161//1161 765//765
f 1308//1308 1309//1309 1225//1225
f 1184//1184 1227//1227 1022//1022
f 905//905 1162//1162 1169//1169
f 1109//1109 1162//1162 905//905
f 946//946 1162//1162 1109//1109
f 1312//1312 1228//1228 1146//1146
f 1342//1342 1110//1110 1228//1228
f 1319//1319 1134//1134 1172//1172
f 1206//1206 1260//1260 982//982
f 1270//1270 1147//1147 1088//1088
f 1365//1365 1088//1088 1121//1121
f 1251//1251 1148//1148 1231//1231
f 1367//1367 1199//1199 1090//1090
f 1367//1367 1090//1090 933//933
f 1319//1319 1186//1186 1134//1134
f 1004//1004 1187//1187 1173//1173
f 1114//1114 1233//1233 1208//1208
f 1208//1208 1175//1175 1028//1028
f 1066//1066 1419//1419 967//967
f 1154//1154 1046//1046 1204//1204
f 1153//1153 1125//1125 1154//1154
f 1153//1153 1164//1164 1125//1125
f 1189//1189 1054//1054 1237//1237
f 911//911 1030//1030 1029//1029
f 1360//1360 1072//1072 1264//1264
f 1158//1158 1157//1157 1212//1212
f 1130//1130 1159//1159 1076//1076
f 1302//1302 1102//1102 1667//1667
f 1281//1281 1139//1139 1302//1302
f 1303//1303 1104//1104 1334//1334
f 1731//1731 1104//1104 1303//1303
f 1304//1304 1016//1016 1731//1731
f 1183//1183 1393//1393 1105//1105
f 1336//1336 1140//1140 1219//1219
f 1394//1394 1141//1141 1220//1220
f 1396//1396 1142//1142 1221//1221
f 1339//1339 1143//1143 1222//1222
f 1400//1400 1306//1306 1224//1224
f 1307//1307 1144//1144 1019//1019
f 765//765 1161//1161 999//999
f 755//755 1078//1078 1161//1161
f 1184//1184 1022//1022 1226//1226
f 1312//1312 1146//1146 1311//1311
f 1407//1407 1343//1343 946//946
f 1313//1313 1110//1110 1342//1342
f 1172//1172 1171//1171 1250//1250
f 1319//1319 1172//1172 1250//1250
f 1196//1196 1285//1285 1132//1132
f 1288//1288 1269//1269 1163//1163
f 1207//1207 1135//1135 1149//1149
f 1005//1005 1174//1174 1114//1114
f 1114//1114 1174//1174 1233//1233
f 1175//1175 1065//1065 1028//1028
f 1095//1095 1176//1176 1043//1043
f 1007//1007 1234//1234 882//882
f 1008//1008 882//882 1096//1096
f 1045//1045 1294//1294 1097//1097
f 1067//1067 1204//1204 1046//1046
f 1178//1178 1207//1207 1126//1126
f 993//993 1178//1178 1126//1126
f 1245//1245 1136//1136 1082//1082
f 1070//1070 1166//1166 1279//1279
f 1071//1071 1179//1179 941//941
f 896//896 1180//1180 1071//1071
f 1263//1263 1180//1180 896//896
f 1160//1160 1191//1191 1130//1130
f 1168//1168 1182//1182 1085//1085
f 1305//1305 1183//1183 772//772
f 945//945 1107//1107 1086//1086
f 1997//1997 1288//1288 1270//1270
f 1207//1207 1232//1232 1135//1135
f 1173//1173 1188//1188 1113//1113
f 1123//1123 1254//1254 1066//1066
f 924//924 1047//1047 960//960
f 1245//1245 1165//1165 1136//1136
f 953//953 1069//1069 1030//1030
f 1355//1355 1070//1070 1279//1279
f 941//941 1262//1262 995//995
f 1298//1298 1299//1299 1360//1360
f 1156//1156 1073//1073 926//926
f 1332//1332 1100//1100 1158//1158
f 1076//1076 1159//1159 1118//1118
f 1191//1191 1258//1258 1130//1130
f 1343//1343 1162//1162 946//946
f 1250//1250 1171//1171 1170//1170
f 1260//1260 1195//1195 982//982
f 1133//1133 1185//1185 1269//1269
f 1197//1197 1269//1269 1288//1288
f 1135//1135 1232//1232 1187//1187
f 1173//1173 1187//1187 1188//1188
f 967//967 1201//1201 1041//1041
f 1041//1041 1150//1150 892//892
f 823//823 1094//1094 1042//1042
f 1042//1042 1293//1293 1151//1151
f 1094//1094 1293//1293 1042//1042
f 1177//1177 1234//1234 1007//1007
f 991//991 1203//1203 1045//1045
f 1154//1154 1204//1204 1153//1153
f 1207//1207 1178//1178 1243//1243
f 960//960 1243//1243 993//993
f 1211//1211 1116//1116 1074//1074
f 1381//1381 1280//1280 1330//1330
f 1620//1620 1158//1158 1212//1212
f 1332//1332 1158//1158 1620//1620
f 1192//1192 1037//1037 1051//1051
f 1051//1051 1193//1193 1192//1192
f 999//999 1259//1259 1193//1193
f 1000//1000 1205//1205 1249//1249
f 1195//1195 1131//1131 982//982
f 1270//1270 1088//1088 1365//1365
f 2000//2000 1347//1347 1198//1198
f 1289//1289 1367//1367 1091//1091
f 1319//1319 1200//1200 1093//1093
f 1319//1319 1093//1093 1186//1186
f 1065//1065 1272//1272 1261//1261
f 1261//1261 1209//1209 1006//1006
f 1266//1266 1265//1265 1115//1115
f 1118//1118 1213//1213 972//972
f 1162//1162 1283//1283 1169//1169
f 1286//1286 1133//1133 1230//1230
f 1269//1269 1230//1230 1133//1133
f 1113//1113 1242//1242 1122//1122
f 1005//1005 1122//1122 1174//1174
f 882//882 1235//1235 1096//1096
f 991//991 1236//1236 1203//1203
f 1096//1096 1236//1236 991//991
f 1045//1045 1203//1203 1294//1294
f 1204//1204 1124//1124 1153//1153
f 1351//1351 1164//1164 1433//1433
f 1245//1245 1210//1210 1354//1354
f 1029//1029 1274//1274 1295//1295
f 1279//1279 1165//1165 1245//1245
f 1031//1031 1246//1246 1069//1069
f 995//995 1262//1262 1031//1031
f 1375//1375 1356//1356 1239//1239
f 1180//1180 1263//1263 1071//1071
f 1297//1297 1190//1190 1056//1056
f 1359//1359 1360//1360 1264//1264
f 1115//1115 1265//1265 1155//1155
f 1579//1579 1280//1280 1211//1211
f 815//815 1128//1128 1083//1083
f 1381//1381 1267//1267 1181//1181
f 1361//1361 1212//1212 1267//1267
f 1383//1383 1620//1620 1212//1212
f 1075//1075 1331//1331 1129//1129
f 1130//1130 1118//1118 1159//1159
f 1389//1389 1281//1281 1302//1302
f 1333//1333 1391//1391 1216//1216
f 1218//1218 1734//1734 1050//1050
f 1759//1759 1106//1106 1336//1336
f 1759//1759 1337//1337 1106//1106
f 1337//1337 1394//1394 1220//1220
f 1338//1338 1396//1396 1221//1221
f 1794//1794 1339//1339 1222//1222
f 1339//1339 1398//1398 1223//1223
f 1821//1821 1306//1306 1400//1400
f 1822//1822 1307//1307 1019//1019
f 1341//1341 1404//1404 1225//1225
f 1161//1161 1078//1078 999//999
f 1855//1855 1308//1308 1225//1225
f 1846//1846 1227//1227 1184//1184
f 1846//1846 1311//1311 1227//1227
f 1120//1120 1407//1407 946//946
f 1919//1919 1229//1229 1313//1313
f 1087//1087 1241//1241 1194//1194
f 1996//1996 1285//1285 1196//1196
f 1286//1286 1230//1230 1269//1269
f 1364//1364 1197//1197 1288//1288
f 1251//1251 1231//1231 1347//1347
f 1292//1292 1207//1207 1243//1243
f 1153//1153 1124//1124 1164//1164
f 993//993 1243//1243 1178//1178
f 960//960 1244//1244 1243//1243
f 1047//1047 1127//1127 960//960
f 1353//1353 1189//1189 1237//1237
f 1048//1048 1295//1295 1127//1127
f 1295//1295 1048//1048 725//725
f 1030//1030 1274//1274 1029//1029
f 1156//1156 1300//1300 1073//1073
f 1579//1579 1211//1211 1074//1074
f 927//927 1379//1379 942//942
f 1099//1099 1379//1379 927//927
f 1330//1330 1280//1280 1579//1579
f 1034//1034 1247//1247 956//956
f 1301//1301 1100//1100 1634//1634
f 1667//1667 1214//1214 1301//1301
f 1693//1693 1215//1215 1281//1281
f 1182//1182 1191//1191 1160//1160
f 1333//1333 1216//1216 1693//1693
f 1334//1334 1217//1217 1391//1391
f 1335//1335 1304//1304 1731//1731
f 1336//1336 1219//1219 1304//1304
f 1086//1086 1248//1248 791//791
f 1338//1338 1221//1221 1394//1394
f 1794//1794 1222//1222 1396//1396
f 1340//1340 1224//1224 1398//1398
f 1400//1400 1224//1224 1340//1340
f 1822//1822 1019//1019 1306//1306
f 1341//1341 1225//1225 1307//1307
f 1855//1855 1225//1225 1404//1404
f 1855//1855 1309//1309 1308//1308
f 1184//1184 1226//1226 1309//1309
f 1342//1342 1228//1228 1312//1312
f 1314//1314 1229//1229 1919//1919
f 1111//1111 1411//1411 1087//1087
f 1345//1345 1260//1260 1206//1206
f 1324//1324 1345//1345 1206//1206
f 1269//1269 1197//1197 1364//1364
f 1207//1207 1252//1252 1232//1232
f 1187//1187 1321//1321 1188//1188
f 1113//1113 1188//1188 1242//1242
f 1174//1174 1242//1242 1233//1233
f 1122//1122 1242//1242 1174//1174
f 1254//1254 1419//1419 1066//1066
f 1151//1151 1255//1255 1256//1256
f 1293//1293 1255//1255 1151//1151
f 1152//1152 1257//1257 1044//1044
f 1234//1234 1235//1235 882//882
f 1096//1096 1235//1235 1202//1202
f 1202//1202 1236//1236 1096//1096
f 1238//1238 1070//1070 1355//1355
f 1492//1492 1239//1239 1238//1238
f 791//791 1248//1248 1119//1119
f 1037//1037 1399//1399 1077//1077
f 1192//1192 1240//1240 1037//1037
f 1003//1003 1249//1249 1120//1120
f 1410//1410 1170//1170 1314//1314
f 1200//1200 1319//1319 1291//1291
f 1363//1363 1286//1286 1287//1287
f 1287//1287 1286//1286 1269//1269
f 1997//1997 1364//1364 1288//1288
f 2000//2000 1198//1198 1199//1199
f 1292//1292 1320//1320 1207//1207
f 1320//1320 1252//1252 1207//1207
f 1252//1252 1320//1320 1232//1232
f 1253//1253 1315//1315 1232//1232
f 1315//1315 1187//1187 1232//1232
f 1209//1209 1123//1123 1006//1006
f 1329//1329 1245//1245 1354//1354
f 1355//1355 1279//1279 1245//1245
f 1263//1263 1179//1179 1071//1071
f 1264//1264 1190//1190 1297//1297
f 1155//1155 1167//1167 1001//1001
f 1379//1379 1300//1300 942//942
f 1128//1128 1099//1099 1083//1083
f 1381//1381 1181//1181 1280//1280
f 868//868 1275//1275 1247//1247
f 1332//1332 1634//1634 1100//1100
f 1258//1258 1118//1118 1130//1130
f 1193//1193 1259//1259 1402//1402
f 999//999 1402//1402 1259//1259
f 1410//1410 1314//1314 1409//1409
f 1194//1194 1241//1241 1000//1000
f 1284//1284 1260//1260 1345//1345
f 1324//1324 1206//1206 1285//1285
f 1996//1996 1196//1196 1286//1286
f 1320//1320 1327//1327 1232//1232
f 1232//1232 1327//1327 1253//1253
f 1175//1175 1278//1278 1065//1065
f 1278//1278 1272//1272 1065//1065
f 1123//1123 1273//1273 1254//1254
f 1176//1176 1257//1257 1152//1152
f 1044//1044 1257//1257 1177//1177
f 1294//1294 1164//1164 1124//1124
f 1244//1244 1350//1350 1243//1243
f 1127//1127 1244//1244 960//960
f 1295//1295 1244//1244 1127//1127
f 1031//1031 1262//1262 1246//1246
f 1359//1359 1264//1264 1297//1297
f 1331//1331 1275//1275 868//868
f 972//972 1386//1386 1075//1075
f 1268//1268 1386//1386 972//972
f 1658//1658 1667//1667 1301//1301
f 1276//1276 1192//1192 1193//1193
f 1403//1403 1307//1307 1822//1822
f 1193//1193 1402//1402 1276//1276
f 1405//1405 1309//1309 1855//1855
f 1406//1406 1311//1311 1846//1846
f 1408//1408 1314//1314 1919//1919
f 1319//1319 1250//1250 1972//1972
f 1260//1260 1284//1284 1344//1344
f 1323//1323 1344//1344 1284//1284
f 1364//1364 1287//1287 1269//1269
f 1997//1997 1270//1270 1998//1998
f 1366//1366 1251//1251 1347//1347
f 1277//1277 1271//1271 1200//1200
f 1291//1291 1277//1277 1200//1200
f 1208//1208 1233//1233 1175//1175
f 1371//1371 1353//1353 1237//1237
f 1375//1375 1239//1239 1492//1492
f 1191//1191 1282//1282 1258//1258
f 1276//1276 1402//1402 1192//1192
f 1345//1345 1323//1323 1284//1284
f 1233//1233 1278//1278 1175//1175
f 1419//1419 1201//1201 967//967
f 1041//1041 1201//1201 1150//1150
f 1150//1150 1201//1201 1094//1094
f 1255//1255 1293//1293 1094//1094
f 1255//1255 1369//1369 1256//1256
f 1369//1369 1095//1095 1256//1256
f 1257//1257 1234//1234 1177//1177
f 1236//1236 1294//1294 1203//1203
f 1292//1292 1243//1243 1325//1325
f 1030//1030 1296//1296 1274//1274
f 941//941 1179//1179 1262//1262
f 1357//1357 1358//1358 1297//1297
f 1376//1376 1297//1297 1358//1358
f 926//926 1316//1316 1266//1266
f 1574//1574 1299//1299 1298//1298
f 1574//1574 1074//1074 1299//1299
f 942//942 1300//1300 1156//1156
f 1603//1603 1267//1267 1381//1381
f 1362//1362 1301//1301 1634//1634
f 1182//1182 1317//1317 1191//1191
f 1218//1218 1393//1393 1734//1734
f 1169//1169 1283//1283 1145//1145
f 1343//1343 1901//1901 1162//1162
f 1412//1412 1250//1250 1170//1170
f 1972//1972 1250//1250 1412//1412
f 1195//1195 1318//1318 1131//1131
f 1260//1260 1344//1344 1195//1195
f 1363//1363 1996//1996 1286//1286
f 1366//1366 1365//1365 1251//1251
f 2000//2000 1199//1199 1367//1367
f 1348//1348 1289//1289 1091//1091
f 1348//1348 1290//1290 1349//1349
f 1993//1993 1349//1349 1291//1291
f 1291//1291 1271//1271 1277//1277
f 1261//1261 1272//1272 1209//1209
f 1295//1295 1328//1328 1244//1244
f 1246//1246 1262//1262 1069//1069
f 1357//1357 1297//1297 1356//1356
f 1376//1376 1359//1359 1297//1297
f 1563//1563 1574//1574 1298//1298
f 1574//1574 1579//1579 1074//1074
f 1128//1128 1611//1611 1099//1099
f 1603//1603 1361//1361 1267//1267
f 1387//1387 1301//1301 1362//1362
f 1213//1213 1268//1268 972//972
f 1658//1658 1301//1301 1387//1387
f 1667//1667 1389//1389 1302//1302
f 1688//1688 1693//1693 1281//1281
f 1191//1191 1317//1317 1282//1282
f 1710//1710 1303//1303 1334//1334
f 1335//1335 1336//1336 1304//1304
f 1183//1183 1305//1305 1393//1393
f 1709//1709 1759//1759 1336//1336
f 1821//1821 1822//1822 1306//1306
f 1403//1403 1341//1341 1307//1307
f 1078//1078 1851//1851 999//999
f 1405//1405 1184//1184 1309//1309
f 1406//1406 1312//1312 1311//1311
f 1162//1162 1901//1901 1283//1283
f 1880//1880 1342//1342 1312//1312
f 1880//1880 1313//1313 1342//1342
f 1409//1409 1314//1314 1408//1408
f 1411//1411 1241//1241 1087//1087
f 1344//1344 1318//1318 1195//1195
f 1993//1993 1319//1319 1972//1972
f 1993//1993 1291//1291 1319//1319
f 1996//1996 1324//1324 1285//1285
f 1325//1325 1320//1320 1292//1292
f 1315//1315 1321//1321 1187//1187
f 1321//1321 1242//1242 1188//1188
f 1209//1209 1272//1272 1123//1123
f 1202//1202 1322//1322 1236//1236
f 1350//1350 1325//1325 1243//1243
f 1371//1371 1237//1237 1351//1351
f 1353//1353 1354//1354 1189//1189
f 1458//1458 1245//1245 1329//1329
f 1073//1073 1316//1316 926//926
f 956//956 1275//1275 1128//1128
f 1247//1247 1275//1275 956//956
f 1182//1182 1168//1168 1317//1317
f 999//999 1851//1851 1402//1402
f 1410//1410 1412//1412 1170//1170
f 1995//1995 1345//1345 1324//1324
f 1988//1988 1363//1363 1287//1287
f 1325//1325 1368//1368 1320//1320
f 1368//1368 1326//1326 1320//1320
f 1123//1123 1272//1272 1273//1273
f 1294//1294 1236//1236 1433//1433
f 1164//1164 1294//1294 1433//1433
f 1274//1274 1296//1296 1295//1295
f 1355//1355 1245//1245 1458//1458
f 1167//1167 1527//1527 1263//1263
f 1316//1316 1378//1378 1266//1266
f 1099//1099 1380//1380 1379//1379
f 1275//1275 1611//1611 1128//1128
f 1282//1282 1317//1317 1258//1258
f 944//944 1392//1392 1085//1085
f 1240//1240 1399//1399 1037//1037
f 1995//1995 1324//1324 1996//1996
f 1987//1987 1996//1996 1363//1363
f 1346//1346 1988//1988 1287//1287
f 1346//1346 1287//1287 1364//1364
f 1273//1273 1272//1272 1254//1254
f 1094//1094 1201//1201 1255//1255
f 1095//1095 1257//1257 1176//1176
f 1235//1235 1322//1322 1202//1202
f 1296//1296 1372//1372 1295//1295
f 1262//1262 1373//1373 1069//1069
f 1265//1265 1266//1266 1155//1155
f 1383//1383 1212//1212 1361//1361
f 1213//1213 1118//1118 1268//1268
f 1050//1050 1392//1392 944//944
f 1734//1734 1392//1392 1050//1050
f 1710//1710 1731//1731 1303//1303
f 1402//1402 1401//1401 1192//1192
f 1880//1880 1919//1919 1313//1313
f 1909//1909 1410//1410 1409//1409
f 1318//1318 1413//1413 1131//1131
f 1979//1979 1344//1344 1323//1323
f 1994//1994 1345//1345 1995//1995
f 1365//1365 1998//1998 1270//1270
f 2000//2000 1366//1366 1347//1347
f 1976//1976 2000//2000 1367//1367
f 1348//1348 1367//1367 1289//1289
f 1368//1368 1325//1325 1350//1350
f 1327//1327 1320//1320 1326//1326
f 1327//1327 1315//1315 1253//1253
f 1416//1416 1321//1321 1315//1315
f 1417//1417 1242//1242 1321//1321
f 1435//1435 1233//1233 1242//1242
f 1435//1435 1278//1278 1233//1233
f 1429//1429 1201//1201 1419//1419
f 1429//1429 1255//1255 1201//1201
f 1420//1420 1257//1257 1095//1095
f 1426//1426 1234//1234 1257//1257
f 1426//1426 1235//1235 1234//1234
f 1422//1422 1236//1236 1322//1322
f 1368//1368 1327//1327 1326//1326
f 1416//1416 1417//1417 1321//1321
f 1417//1417 1434//1434 1242//1242
f 1272//1272 1419//1419 1254//1254
f 1429//1429 1369//1369 1255//1255
f 1369//1369 1420//1420 1095//1095
f 1421//1421 1426//1426 1257//1257
f 1236//1236 1422//1422 1433//1433
f 1352//1352 1350//1350 1244//1244
f 1432//1432 1371//1371 1351//1351
f 1432//1432 1351//1351 1433//1433
f 1370//1370 1244//1244 1328//1328
f 1295//1295 1372//1372 1328//1328
f 1458//1458 1329//1329 1354//1354
f 1238//1238 1355//1355 1472//1472
f 1069//1069 1373//1373 1030//1030
f 1374//1374 1262//1262 1179//1179
f 1375//1375 1357//1357 1356//1356
f 1374//1374 1179//1179 1263//1263
f 1358//1358 1357//1357 1375//1375
f 1517//1517 1263//1263 1527//1527
f 1377//1377 1298//1298 1360//1360
f 1534//1534 1563//1563 1298//1298
f 1534//1534 1298//1298 1377//1377
f 1316//1316 1073//1073 1300//1300
f 1583//1583 1381//1381 1330//1330
f 1611//1611 1275//1275 1382//1382
f 1383//1383 1361//1361 1603//1603
f 1384//1384 1331//1331 1075//1075
f 1634//1634 1332//1332 1620//1620
f 1385//1385 1075//1075 1386//1386
f 1387//1387 1362//1362 1634//1634
f 1388//1388 1118//1118 1258//1258
f 1317//1317 1390//1390 1258//1258
f 1711//1711 1333//1333 1693//1693
f 1711//1711 1391//1391 1333//1333
f 1168//1168 1085//1085 1392//1392
f 1710//1710 1334//1334 1391//1391
f 1743//1743 1393//1393 1305//1305
f 1709//1709 1336//1336 1335//1335
f 1305//1305 1119//1119 1763//1763
f 1758//1758 1337//1337 1759//1759
f 1248//1248 1763//1763 1119//1119
f 1758//1758 1394//1394 1337//1337
f 1248//1248 1086//1086 1395//1395
f 1396//1396 1338//1338 1394//1394
f 1397//1397 1086//1086 1107//1107
f 1771//1771 1339//1339 1794//1794
f 1771//1771 1398//1398 1339//1339
f 1400//1400 1340//1340 1398//1398
f 1192//1192 1401//1401 1240//1240
f 1404//1404 1341//1341 1403//1403
f 1854//1854 1405//1405 1855//1855
f 1876//1876 1310//1310 1145//1145
f 1846//1846 1184//1184 1405//1405
f 1897//1897 1312//1312 1406//1406
f 1249//1249 1407//1407 1120//1120
f 1407//1407 1249//1249 1929//1929
f 1205//1205 1929//1929 1249//1249
f 1241//1241 1205//1205 1000//1000
f 1929//1929 1205//1205 1241//1241
f 1413//1413 1111//1111 1131//1131
f 1988//1988 1987//1987 1363//1363
f 1980//1980 1988//1988 1346//1346
f 1981//1981 1364//1364 1997//1997
f 1982//1982 1998//1998 1365//1365
f 1999//1999 1982//1982 1365//1365
f 1999//1999 1365//1365 1366//1366
f 1975//1975 1366//1366 2000//2000
f 1966//1966 1976//1976 1367//1367
f 1966//1966 1367//1367 1348//1348
f 2001//2001 1966//1966 1348//1348
f 2001//2001 1348//1348 1349//1349
f 2001//2001 1349//1349 1993//1993
f 1414//1414 1368//1368 1350//1350
f 1415//1415 1368//1368 1414//1414
f 1415//1415 1327//1327 1368//1368
f 1423//1423 1327//1327 1415//1415
f 1416//1416 1315//1315 1327//1327
f 1434//1434 1435//1435 1242//1242
f 1418//1418 1272//1272 1278//1278
f 1418//1418 1419//1419 1272//1272
f 1445//1445 1419//1419 1418//1418
f 1436//1436 1429//1429 1419//1419
f 1421//1421 1257//1257 1420//1420
f 1422//1422 1322//1322 1235//1235
f 1416//1416 1327//1327 1424//1424
f 1278//1278 1435//1435 1418//1418
f 1445//1445 1436//1436 1419//1419
f 1369//1369 1429//1429 1420//1420
f 1235//1235 1426//1426 1432//1432
f 1235//1235 1432//1432 1422//1422
f 1423//1423 1427//1427 1327//1327
f 1327//1327 1427//1427 1424//1424
f 1418//1418 1435//1435 1425//1425
f 1350//1350 1352//1352 1414//1414
f 1422//1422 1432//1432 1433//1433
f 1421//1421 1472//1472 1426//1426
f 1426//1426 1472//1472 1431//1431
f 1426//1426 1439//1439 1432//1432
f 1423//1423 1415//1415 1427//1427
f 1416//1416 1444//1444 1417//1417
f 1425//1425 1465//1465 1418//1418
f 1424//1424 1450//1450 1416//1416
f 1418//1418 1465//1465 1447//1447
f 1418//1418 1447//1447 1428//1428
f 1429//1429 1438//1438 1420//1420
f 1431//1431 1441//1441 1426//1426
f 1426//1426 1441//1441 1439//1439
f 1417//1417 1444//1444 1434//1434
f 1414//1414 1442//1442 1468//1468
f 1414//1414 1443//1443 1415//1415
f 1415//1415 1448//1448 1427//1427
f 1429//1429 1436//1436 1438//1438
f 1420//1420 1440//1440 1430//1430
f 1420//1420 1430//1430 1446//1446
f 1420//1420 1446//1446 1421//1421
f 1431//1431 1458//1458 1441//1441
f 1432//1432 1439//1439 1371//1371
f 1370//1370 1352//1352 1244//1244
f 1352//1352 1461//1461 1414//1414
f 1415//1415 1443//1443 1448//1448
f 1427//1427 1450//1450 1424//1424
f 1450//1450 1444//1444 1416//1416
f 1434//1434 1460//1460 1435//1435
f 1439//1439 1353//1353 1371//1371
f 1328//1328 1352//1352 1370//1370
f 1352//1352 1473//1473 1461//1461
f 1414//1414 1468//1468 1455//1455
f 1427//1427 1448//1448 1449//1449
f 1435//1435 1451//1451 1425//1425
f 1428//1428 1453//1453 1418//1418
f 1418//1418 1453//1453 1445//1445
f 1436//1436 1445//1445 1437//1437
f 1438//1438 1454//1454 1420//1420
f 1414//1414 1455//1455 1443//1443
f 1439//1439 1354//1354 1353//1353
f 1427//1427 1449//1449 1450//1450
f 1444//1444 1452//1452 1459//1459
f 1444//1444 1459//1459 1434//1434
f 1441//1441 1354//1354 1439//1439
f 1441//1441 1458//1458 1354//1354
f 1372//1372 1352//1352 1328//1328
f 1448//1448 1456//1456 1449//1449
f 1425//1425 1451//1451 1465//1465
f 1446//1446 1472//1472 1421//1421
f 1472//1472 1457//1457 1431//1431
f 1431//1431 1457//1457 1458//1458
f 1455//1455 1448//1448 1443//1443
f 1352//1352 1485//1485 1473//1473
f 1414//1414 1461//1461 1442//1442
f 1449//1449 1456//1456 1450//1450
f 1459//1459 1462//1462 1434//1434
f 1434//1434 1462//1462 1460//1460
f 1437//1437 1467//1467 1436//1436
f 1420//1420 1454//1454 1440//1440
f 1430//1430 1463//1463 1446//1446
f 1372//1372 1485//1485 1352//1352
f 1448//1448 1469//1469 1456//1456
f 1450//1450 1479//1479 1444//1444
f 1455//1455 1464//1464 1448//1448
f 1464//1464 1469//1469 1448//1448
f 1456//1456 1474//1474 1450//1450
f 1447//1447 1466//1466 1428//1428
f 1428//1428 1466//1466 1453//1453
f 1445//1445 1477//1477 1437//1437
f 1438//1438 1483//1483 1454//1454
f 1435//1435 1460//1460 1451//1451
f 1457//1457 1472//1472 1458//1458
f 1446//1446 1463//1463 1472//1472
f 1472//1472 1355//1355 1458//1458
f 1468//1468 1478//1478 1455//1455
f 1460//1460 1470//1470 1451//1451
f 1030//1030 1372//1372 1296//1296
f 1469//1469 1482//1482 1456//1456
f 1474//1474 1475//1475 1450//1450
f 1450//1450 1475//1475 1479//1479
f 1444//1444 1479//1479 1452//1452
f 1465//1465 1476//1476 1447//1447
f 1447//1447 1476//1476 1466//1466
f 1437//1437 1471//1471 1467//1467
f 1436//1436 1467//1467 1438//1438
f 1372//1372 1488//1488 1485//1485
f 1455//1455 1481//1481 1464//1464
f 1373//1373 1372//1372 1030//1030
f 1461//1461 1480//1480 1442//1442
f 1466//1466 1491//1491 1453//1453
f 1453//1453 1491//1491 1508//1508
f 1437//1437 1477//1477 1471//1471
f 1454//1454 1483//1483 1440//1440
f 1372//1372 1373//1373 1488//1488
f 1485//1485 1484//1484 1473//1473
f 1473//1473 1500//1500 1461//1461
f 1464//1464 1487//1487 1469//1469
f 1473//1473 1484//1484 1500//1500
f 1442//1442 1480//1480 1468//1468
f 1479//1479 1489//1489 1452//1452
f 1459//1459 1452//1452 1462//1462
f 1445//1445 1453//1453 1477//1477
f 1471//1471 1519//1519 1467//1467
f 1480//1480 1486//1486 1468//1468
f 1468//1468 1494//1494 1478//1478
f 1478//1478 1494//1494 1455//1455
f 1460//1460 1462//1462 1470//1470
f 1461//1461 1500//1500 1480//1480
f 1453//1453 1508//1508 1477//1477
f 1438//1438 1467//1467 1483//1483
f 1463//1463 1492//1492 1472//1472
f 1492//1492 1238//1238 1472//1472
f 1486//1486 1493//1493 1468//1468
f 1462//1462 1490//1490 1470//1470
f 1374//1374 1373//1373 1262//1262
f 1468//1468 1493//1493 1494//1494
f 1481//1481 1495//1495 1464//1464
f 1464//1464 1495//1495 1513//1513
f 1482//1482 1496//1496 1456//1456
f 1474//1474 1502//1502 1475//1475
f 1462//1462 1452//1452 1490//1490
f 1451//1451 1521//1521 1465//1465
f 1483//1483 1497//1497 1440//1440
f 1430//1430 1440//1440 1463//1463
f 1463//1463 1440//1440 1492//1492
f 1494//1494 1481//1481 1455//1455
f 1481//1481 1510//1510 1495//1495
f 1464//1464 1513//1513 1487//1487
f 1482//1482 1469//1469 1496//1496
f 1489//1489 1498//1498 1452//1452
f 1467//1467 1519//1519 1509//1509
f 1467//1467 1509//1509 1483//1483
f 1440//1440 1375//1375 1492//1492
f 1440//1440 1497//1497 1375//1375
f 1488//1488 1501//1501 1499//1499
f 1488//1488 1499//1499 1485//1485
f 1456//1456 1516//1516 1474//1474
f 1456//1456 1496//1496 1516//1516
f 1465//1465 1521//1521 1476//1476
f 1471//1471 1477//1477 1519//1519
f 1374//1374 1531//1531 1373//1373
f 1485//1485 1503//1503 1484//1484
f 1484//1484 1528//1528 1500//1500
f 1475//1475 1502//1502 1504//1504
f 1373//1373 1501//1501 1488//1488
f 1499//1499 1505//1505 1485//1485
f 1484//1484 1503//1503 1528//1528
f 1480//1480 1506//1506 1486//1486
f 1494//1494 1493//1493 1507//1507
f 1466//1466 1476//1476 1491//1491
f 1509//1509 1497//1497 1483//1483
f 1373//1373 1531//1531 1501//1501
f 1485//1485 1505//1505 1503//1503
f 1487//1487 1513//1513 1469//1469
f 1474//1474 1516//1516 1511//1511
f 1500//1500 1528//1528 1480//1480
f 1494//1494 1507//1507 1481//1481
f 1481//1481 1512//1512 1510//1510
f 1496//1496 1469//1469 1518//1518
f 1479//1479 1475//1475 1489//1489
f 1470//1470 1569//1569 1451//1451
f 1521//1521 1514//1514 1476//1476
f 1497//1497 1358//1358 1375//1375
f 1510//1510 1523//1523 1495//1495
f 1496//1496 1518//1518 1516//1516
f 1452//1452 1498//1498 1490//1490
f 1374//1374 1517//1517 1531//1531
f 1481//1481 1507//1507 1512//1512
f 1513//1513 1515//1515 1469//1469
f 1469//1469 1515//1515 1518//1518
f 1477//1477 1533//1533 1522//1522
f 1477//1477 1522//1522 1519//1519
f 1497//1497 1509//1509 1358//1358
f 1474//1474 1511//1511 1502//1502
f 1263//1263 1517//1517 1374//1374
f 1495//1495 1524//1524 1513//1513
f 1475//1475 1504//1504 1489//1489
f 1477//1477 1508//1508 1533//1533
f 1509//1509 1376//1376 1358//1358
f 1495//1495 1523//1523 1524//1524
f 1502//1502 1511//1511 1504//1504
f 1504//1504 1525//1525 1489//1489
f 1508//1508 1491//1491 1533//1533
f 1501//1501 1526//1526 1499//1499
f 1480//1480 1537//1537 1506//1506
f 1486//1486 1538//1538 1493//1493
f 1489//1489 1525//1525 1498//1498
f 1509//1509 1359//1359 1376//1376
f 1531//1531 1543//1543 1501//1501
f 1510//1510 1512//1512 1529//1529
f 1518//1518 1530//1530 1516//1516
f 1516//1516 1530//1530 1511//1511
f 1490//1490 1520//1520 1470//1470
f 1519//1519 1359//1359 1509//1509
f 1527//1527 1555//1555 1517//1517
f 1501//1501 1543//1543 1548//1548
f 1501//1501 1548//1548 1526//1526
f 1480//1480 1528//1528 1537//1537
f 1498//1498 1560//1560 1490//1490
f 1519//1519 1522//1522 1359//1359
f 1507//1507 1553//1553 1512//1512
f 1476//1476 1542//1542 1491//1491
f 1522//1522 1539//1539 1359//1359
f 1517//1517 1535//1535 1536//1536
f 1517//1517 1536//1536 1531//1531
f 1499//1499 1526//1526 1505//1505
f 1539//1539 1360//1360 1359//1359
f 1167//1167 1378//1378 1527//1527
f 1517//1517 1555//1555 1535//1535
f 1528//1528 1532//1532 1567//1567
f 1493//1493 1541//1541 1507//1507
f 1493//1493 1538//1538 1541//1541
f 1510//1510 1529//1529 1523//1523
f 1524//1524 1544//1544 1513//1513
f 1560//1560 1520//1520 1490//1490
f 1470//1470 1520//1520 1569//1569
f 1514//1514 1542//1542 1476//1476
f 1491//1491 1542//1542 1533//1533
f 1533//1533 1534//1534 1522//1522
f 1522//1522 1360//1360 1539//1539
f 1522//1522 1534//1534 1360//1360
f 1155//1155 1378//1378 1167//1167
f 1378//1378 1555//1555 1527//1527
f 1531//1531 1540//1540 1543//1543
f 1523//1523 1544//1544 1524//1524
f 1513//1513 1544//1544 1515//1515
f 1498//1498 1525//1525 1560//1560
f 1505//1505 1526//1526 1503//1503
f 1537//1537 1552//1552 1506//1506
f 1504//1504 1547//1547 1525//1525
f 1534//1534 1377//1377 1360//1360
f 1266//1266 1378//1378 1155//1155
f 1506//1506 1552//1552 1486//1486
f 1523//1523 1529//1529 1544//1544
f 1518//1518 1550//1550 1530//1530
f 1526//1526 1551//1551 1503//1503
f 1503//1503 1545//1545 1528//1528
f 1528//1528 1545//1545 1532//1532
f 1503//1503 1551//1551 1549//1549
f 1528//1528 1567//1567 1537//1537
f 1512//1512 1553//1553 1529//1529
f 1544//1544 1518//1518 1515//1515
f 1378//1378 1575//1575 1555//1555
f 1555//1555 1575//1575 1556//1556
f 1503//1503 1549//1549 1545//1545
f 1486//1486 1546//1546 1538//1538
f 1544//1544 1529//1529 1554//1554
f 1536//1536 1570//1570 1531//1531
f 1507//1507 1541//1541 1553//1553
f 1530//1530 1550//1550 1511//1511
f 1378//1378 1316//1316 1561//1561
f 1555//1555 1556//1556 1557//1557
f 1531//1531 1570//1570 1540//1540
f 1540//1540 1559//1559 1543//1543
f 1504//1504 1511//1511 1547//1547
f 1520//1520 1583//1583 1569//1569
f 1451//1451 1569//1569 1521//1521
f 1533//1533 1563//1563 1534//1534
f 1533//1533 1542//1542 1563//1563
f 1536//1536 1558//1558 1570//1570
f 1543//1543 1559//1559 1548//1548
f 1538//1538 1546//1546 1541//1541
f 1550//1550 1562//1562 1511//1511
f 1526//1526 1548//1548 1551//1551
f 1552//1552 1577//1577 1486//1486
f 1559//1559 1565//1565 1548//1548
f 1486//1486 1577//1577 1546//1546
f 1544//1544 1554//1554 1518//1518
f 1542//1542 1574//1574 1563//1563
f 1300//1300 1561//1561 1316//1316
f 1541//1541 1546//1546 1564//1564
f 1562//1562 1568//1568 1511//1511
f 1569//1569 1583//1583 1521//1521
f 1559//1559 1540//1540 1565//1565
f 1532//1532 1545//1545 1576//1576
f 1532//1532 1571//1571 1567//1567
f 1537//1537 1567//1567 1552//1552
f 1554//1554 1572//1572 1518//1518
f 1300//1300 1380//1380 1561//1561
f 1565//1565 1595//1595 1548//1548
f 1541//1541 1564//1564 1553//1553
f 1542//1542 1579//1579 1574//1574
f 1542//1542 1514//1514 1579//1579
f 1553//1553 1578//1578 1529//1529
f 1529//1529 1572//1572 1554//1554
f 1568//1568 1573//1573 1511//1511
f 1570//1570 1565//1565 1540//1540
f 1552//1552 1567//1567 1577//1577
f 1564//1564 1580//1580 1553//1553
f 1572//1572 1581//1581 1518//1518
f 1511//1511 1573//1573 1547//1547
f 1573//1573 1599//1599 1547//1547
f 1547//1547 1582//1582 1525//1525
f 1521//1521 1330//1330 1514//1514
f 1521//1521 1583//1583 1330//1330
f 1514//1514 1330//1330 1579//1579
f 1379//1379 1380//1380 1300//1300
f 1561//1561 1566//1566 1584//1584
f 1535//1535 1586//1586 1536//1536
f 1578//1578 1585//1585 1529//1529
f 1518//1518 1581//1581 1550//1550
f 1555//1555 1557//1557 1535//1535
f 1536//1536 1586//1586 1558//1558
f 1570//1570 1558//1558 1565//1565
f 1548//1548 1595//1595 1551//1551
f 1532//1532 1576//1576 1571//1571
f 1562//1562 1550//1550 1568//1568
f 1380//1380 1606//1606 1561//1561
f 1378//1378 1561//1561 1575//1575
f 1575//1575 1587//1587 1556//1556
f 1580//1580 1578//1578 1553//1553
f 1099//1099 1611//1611 1380//1380
f 1556//1556 1587//1587 1557//1557
f 1595//1595 1589//1589 1551//1551
f 1567//1567 1571//1571 1577//1577
f 1577//1577 1590//1590 1546//1546
f 1585//1585 1591//1591 1529//1529
f 1525//1525 1582//1582 1560//1560
f 1560//1560 1582//1582 1520//1520
f 1520//1520 1592//1592 1583//1583
f 1561//1561 1584//1584 1575//1575
f 1551//1551 1589//1589 1588//1588
f 1529//1529 1591//1591 1572//1572
f 1599//1599 1610//1610 1547//1547
f 1380//1380 1611//1611 1594//1594
f 1561//1561 1606//1606 1566//1566
f 1551//1551 1588//1588 1549//1549
f 1545//1545 1613//1613 1576//1576
f 1545//1545 1593//1593 1613//1613
f 1571//1571 1590//1590 1577//1577
f 1581//1581 1602//1602 1550//1550
f 1566//1566 1596//1596 1584//1584
f 1557//1557 1597//1597 1535//1535
f 1590//1590 1598//1598 1546//1546
f 1380//1380 1594//1594 1606//1606
f 1584//1584 1601//1601 1575//1575
f 1546//1546 1598//1598 1564//1564
f 1520//1520 1582//1582 1592//1592
f 1603//1603 1381//1381 1583//1583
f 1558//1558 1586//1586 1565//1565
f 1580//1580 1564//1564 1578//1578
f 1591//1591 1605//1605 1572//1572
f 1550//1550 1602//1602 1568//1568
f 1583//1583 1592//1592 1603//1603
f 1566//1566 1600//1600 1596//1596
f 1586//1586 1608//1608 1565//1565
f 1564//1564 1609//1609 1578//1578
f 1611//1611 1604//1604 1594//1594
f 1587//1587 1607//1607 1557//1557
f 1557//1557 1607//1607 1597//1597
f 1565//1565 1608//1608 1595//1595
f 1549//1549 1588//1588 1545//1545
f 1545//1545 1612//1612 1593//1593
f 1581//1581 1615//1615 1602//1602
f 1573//1573 1624//1624 1599//1599
f 1610//1610 1582//1582 1547//1547
f 1598//1598 1614//1614 1564//1564
f 1605//1605 1615//1615 1572//1572
f 1568//1568 1624//1624 1573//1573
f 1587//1587 1575//1575 1607//1607
f 1535//1535 1597//1597 1586//1586
f 1588//1588 1619//1619 1545//1545
f 1593//1593 1612//1612 1613//1613
f 1571//1571 1632//1632 1590//1590
f 1572//1572 1615//1615 1581//1581
f 1592//1592 1383//1383 1603//1603
f 1592//1592 1582//1582 1383//1383
f 1606//1606 1618//1618 1566//1566
f 1578//1578 1609//1609 1585//1585
f 1602//1602 1661//1661 1568//1568
f 1382//1382 1659//1659 1611//1611
f 1606//1606 1594//1594 1618//1618
f 1596//1596 1627//1627 1584//1584
f 1545//1545 1619//1619 1612//1612
f 1613//1613 1632//1632 1576//1576
f 1591//1591 1585//1585 1605//1605
f 1594//1594 1604//1604 1630//1630
f 1601//1601 1584//1584 1621//1621
f 1586//1586 1597//1597 1608//1608
f 1608//1608 1622//1622 1595//1595
f 1576//1576 1632//1632 1571//1571
f 1632//1632 1628//1628 1590//1590
f 1564//1564 1614//1614 1609//1609
f 1615//1615 1623//1623 1602//1602
f 1582//1582 1620//1620 1383//1383
f 1611//1611 1659//1659 1604//1604
f 1601//1601 1621//1621 1575//1575
f 1595//1595 1622//1622 1589//1589
f 1566//1566 1618//1618 1600//1600
f 1627//1627 1625//1625 1584//1584
f 1584//1584 1617//1617 1621//1621
f 1605//1605 1585//1585 1615//1615
f 1568//1568 1661//1661 1624//1624
f 1331//1331 1384//1384 1275//1275
f 1275//1275 1384//1384 1382//1382
f 1596//1596 1600//1600 1627//1627
f 1584//1584 1625//1625 1617//1617
f 1609//1609 1629//1629 1585//1585
f 1582//1582 1634//1634 1620//1620
f 1384//1384 1652//1652 1382//1382
f 1382//1382 1652//1652 1659//1659
f 1594//1594 1630//1630 1618//1618
f 1575//1575 1621//1621 1607//1607
f 1589//1589 1622//1622 1626//1626
f 1612//1612 1632//1632 1613//1613
f 1590//1590 1628//1628 1598//1598
f 1585//1585 1633//1633 1615//1615
f 1602//1602 1623//1623 1661//1661
f 1599//1599 1624//1624 1643//1643
f 1659//1659 1635//1635 1604//1604
f 1600//1600 1631//1631 1627//1627
f 1607//1607 1653//1653 1597//1597
f 1589//1589 1626//1626 1588//1588
f 1612//1612 1619//1619 1636//1636
f 1614//1614 1637//1637 1609//1609
f 1661//1661 1643//1643 1624//1624
f 1610//1610 1649//1649 1582//1582
f 1385//1385 1384//1384 1075//1075
f 1612//1612 1636//1636 1632//1632
f 1628//1628 1639//1639 1598//1598
f 1629//1629 1640//1640 1585//1585
f 1582//1582 1649//1649 1634//1634
f 1386//1386 1384//1384 1385//1385
f 1659//1659 1638//1638 1635//1635
f 1630//1630 1645//1645 1618//1618
f 1598//1598 1663//1663 1614//1614
f 1633//1633 1641//1641 1615//1615
f 1618//1618 1645//1645 1642//1642
f 1615//1615 1641//1641 1656//1656
f 1649//1649 1387//1387 1634//1634
f 1268//1268 1650//1650 1386//1386
f 1604//1604 1635//1635 1616//1616
f 1616//1616 1647//1647 1604//1604
f 1630//1630 1604//1604 1645//1645
f 1609//1609 1637//1637 1629//1629
f 1640//1640 1646//1646 1585//1585
f 1384//1384 1386//1386 1644//1644
f 1384//1384 1644//1644 1652//1652
f 1607//1607 1621//1621 1653//1653
f 1585//1585 1646//1646 1633//1633
f 1610//1610 1599//1599 1649//1649
f 1600//1600 1618//1618 1631//1631
f 1597//1597 1648//1648 1608//1608
f 1608//1608 1651//1651 1622//1622
f 1588//1588 1626//1626 1619//1619
f 1599//1599 1658//1658 1649//1649
f 1658//1658 1387//1387 1649//1649
f 1650//1650 1678//1678 1386//1386
f 1625//1625 1684//1684 1617//1617
f 1619//1619 1655//1655 1636//1636
f 1615//1615 1656//1656 1682//1682
f 1661//1661 1657//1657 1643//1643
f 1118//1118 1650//1650 1268//1268
f 1648//1648 1660//1660 1608//1608
f 1622//1622 1651//1651 1626//1626
f 1619//1619 1654//1654 1655//1655
f 1636//1636 1655//1655 1632//1632
f 1615//1615 1677//1677 1623//1623
f 1615//1615 1682//1682 1677//1677
f 1599//1599 1643//1643 1658//1658
f 1635//1635 1662//1662 1616//1616
f 1631//1631 1673//1673 1627//1627
f 1632//1632 1665//1665 1628//1628
f 1640//1640 1629//1629 1646//1646
f 1623//1623 1677//1677 1661//1661
f 1386//1386 1678//1678 1644//1644
f 1638//1638 1664//1664 1635//1635
f 1618//1618 1642//1642 1631//1631
f 1627//1627 1673//1673 1625//1625
f 1653//1653 1648//1648 1597//1597
f 1655//1655 1654//1654 1632//1632
f 1643//1643 1667//1667 1658//1658
f 1643//1643 1657//1657 1667//1667
f 1635//1635 1664//1664 1662//1662
f 1632//1632 1654//1654 1665//1665
f 1639//1639 1663//1663 1598//1598
f 1629//1629 1666//1666 1646//1646
f 1682//1682 1656//1656 1711//1711
f 1118//1118 1668//1668 1650//1650
f 1659//1659 1652//1652 1670//1670
f 1604//1604 1642//1642 1645//1645
f 1604//1604 1647//1647 1642//1642
f 1608//1608 1660//1660 1651//1651
f 1633//1633 1676//1676 1641//1641
f 1656//1656 1641//1641 1698//1698
f 1388//1388 1668//1668 1118//1118
f 1652//1652 1644//1644 1670//1670
f 1659//1659 1670//1670 1638//1638
f 1625//1625 1673//1673 1684//1684
f 1258//1258 1668//1668 1388//1388
f 1644//1644 1703//1703 1671//1671
f 1616//1616 1672//1672 1647//1647
f 1642//1642 1673//1673 1631//1631
f 1660//1660 1674//1674 1651//1651
f 1619//1619 1680//1680 1654//1654
f 1665//1665 1675//1675 1628//1628
f 1633//1633 1646//1646 1676//1676
f 1661//1661 1677//1677 1657//1657
f 1657//1657 1389//1389 1667//1667
f 1650//1650 1668//1668 1678//1678
f 1621//1621 1679//1679 1653//1653
f 1628//1628 1675//1675 1639//1639
f 1663//1663 1690//1690 1614//1614
f 1629//1629 1681//1681 1666//1666
f 1390//1390 1668//1668 1258//1258
f 1647//1647 1705//1705 1642//1642
f 1653//1653 1679//1679 1648//1648
f 1651//1651 1674//1674 1626//1626
f 1654//1654 1680//1680 1683//1683
f 1637//1637 1686//1686 1629//1629
f 1677//1677 1389//1389 1657//1657
f 1644//1644 1669//1669 1685//1685
f 1654//1654 1689//1689 1665//1665
f 1629//1629 1686//1686 1681//1681
f 1677//1677 1688//1688 1389//1389
f 1688//1688 1281//1281 1389//1389
f 1644//1644 1678//1678 1703//1703
f 1644//1644 1685//1685 1670//1670
f 1647//1647 1672//1672 1705//1705
f 1617//1617 1684//1684 1621//1621
f 1690//1690 1692//1692 1614//1614
f 1637//1637 1614//1614 1686//1686
f 1682//1682 1687//1687 1677//1677
f 1682//1682 1711//1711 1687//1687
f 1654//1654 1683//1683 1689//1689
f 1614//1614 1692//1692 1709//1709
f 1656//1656 1698//1698 1711//1711
f 1677//1677 1693//1693 1688//1688
f 1677//1677 1687//1687 1693//1693
f 1168//1168 1390//1390 1317//1317
f 1678//1678 1724//1724 1703//1703
f 1638//1638 1691//1691 1664//1664
f 1662//1662 1664//1664 1616//1616
f 1642//1642 1705//1705 1673//1673
f 1684//1684 1679//1679 1621//1621
f 1711//1711 1693//1693 1687//1687
f 1668//1668 1694//1694 1678//1678
f 1644//1644 1671//1671 1669//1669
f 1670//1670 1695//1695 1638//1638
f 1679//1679 1697//1697 1648//1648
f 1639//1639 1714//1714 1663//1663
f 1663//1663 1740//1740 1690//1690
f 1676//1676 1698//1698 1641//1641
f 1668//1668 1390//1390 1712//1712
f 1638//1638 1695//1695 1691//1691
f 1673//1673 1718//1718 1684//1684
f 1648//1648 1697//1697 1660//1660
f 1674//1674 1719//1719 1626//1626
f 1626//1626 1719//1719 1619//1619
f 1619//1619 1699//1699 1680//1680
f 1663//1663 1714//1714 1740//1740
f 1616//1616 1664//1664 1672//1672
f 1673//1673 1705//1705 1696//1696
f 1675//1675 1722//1722 1639//1639
f 1639//1639 1700//1700 1714//1714
f 1666//1666 1681//1681 1646//1646
f 1676//1676 1646//1646 1698//1698
f 1390//1390 1701//1701 1712//1712
f 1697//1697 1702//1702 1660//1660
f 1719//1719 1706//1706 1619//1619
f 1639//1639 1722//1722 1700//1700
f 1168//1168 1392//1392 1390//1390
f 1678//1678 1694//1694 1724//1724
f 1665//1665 1727//1727 1675//1675
f 1646//1646 1710//1710 1698//1698
f 1691//1691 1672//1672 1664//1664
f 1684//1684 1718//1718 1679//1679
f 1619//1619 1706//1706 1699//1699
f 1689//1689 1708//1708 1665//1665
f 1614//1614 1709//1709 1686//1686
f 1392//1392 1716//1716 1390//1390
f 1668//1668 1712//1712 1694//1694
f 1685//1685 1704//1704 1670//1670
f 1672//1672 1776//1776 1705//1705
f 1696//1696 1713//1713 1673//1673
f 1665//1665 1708//1708 1727//1727
f 1686//1686 1709//1709 1681//1681
f 1681//1681 1715//1715 1646//1646
f 1698//1698 1391//1391 1711//1711
f 1671//1671 1703//1703 1669//1669
f 1685//1685 1669//1669 1704//1704
f 1673//1673 1713//1713 1718//1718
f 1660//1660 1702//1702 1674//1674
f 1689//1689 1683//1683 1708//1708
f 1646//1646 1715//1715 1710//1710
f 1710//1710 1391//1391 1698//1698
f 1716//1716 1717//1717 1390//1390
f 1699//1699 1732//1732 1680//1680
f 1709//1709 1723//1723 1681//1681
f 1712//1712 1730//1730 1694//1694
f 1670//1670 1704//1704 1695//1695
f 1697//1697 1679//1679 1702//1702
f 1702//1702 1725//1725 1674//1674
f 1680//1680 1732//1732 1707//1707
f 1680//1680 1707//1707 1683//1683
f 1714//1714 1752//1752 1740//1740
f 1690//1690 1740//1740 1692//1692
f 1694//1694 1730//1730 1738//1738
f 1718//1718 1726//1726 1679//1679
f 1674//1674 1725//1725 1721//1721
f 1699//1699 1706//1706 1750//1750
f 1681//1681 1728//1728 1715//1715
f 1710//1710 1715//1715 1731//1731
f 1701//1701 1729//1729 1712//1712
f 1691//1691 1695//1695 1672//1672
f 1674//1674 1721//1721 1719//1719
f 1714//1714 1700//1700 1752//1752
f 1723//1723 1335//1335 1681//1681
f 1715//1715 1728//1728 1731//1731
f 1716//1716 1392//1392 1717//1717
f 1724//1724 1746//1746 1703//1703
f 1707//1707 1737//1737 1683//1683
f 1675//1675 1733//1733 1722//1722
f 1681//1681 1335//1335 1728//1728
f 1701//1701 1744//1744 1729//1729
f 1694//1694 1735//1735 1724//1724
f 1695//1695 1720//1720 1672//1672
f 1726//1726 1736//1736 1679//1679
f 1727//1727 1754//1754 1675//1675
f 1722//1722 1733//1733 1700//1700
f 1724//1724 1735//1735 1746//1746
f 1703//1703 1746//1746 1669//1669
f 1675//1675 1754//1754 1733//1733
f 1728//1728 1335//1335 1731//1731
f 1734//1734 1774//1774 1392//1392
f 1390//1390 1717//1717 1701//1701
f 1672//1672 1720//1720 1776//1776
f 1707//1707 1732//1732 1737//1737
f 1683//1683 1739//1739 1708//1708
f 1727//1727 1708//1708 1754//1754
f 1392//1392 1741//1741 1717//1717
f 1737//1737 1751//1751 1683//1683
f 1774//1774 1745//1745 1392//1392
f 1738//1738 1735//1735 1694//1694
f 1746//1746 1797//1797 1669//1669
f 1696//1696 1742//1742 1713//1713
f 1679//1679 1736//1736 1702//1702
f 1719//1719 1721//1721 1706//1706
f 1699//1699 1750//1750 1732//1732
f 1683//1683 1751//1751 1739//1739
f 1743//1743 1734//1734 1393//1393
f 1392//1392 1745//1745 1755//1755
f 1669//1669 1797//1797 1704//1704
f 1713//1713 1742//1742 1718//1718
f 1700//1700 1767//1767 1752//1752
f 1740//1740 1758//1758 1692//1692
f 1734//1734 1743//1743 1774//1774
f 1705//1705 1742//1742 1696//1696
f 1721//1721 1802//1802 1706//1706
f 1723//1723 1709//1709 1335//1335
f 1729//1729 1748//1748 1712//1712
f 1742//1742 1749//1749 1718//1718
f 1733//1733 1754//1754 1700//1700
f 1774//1774 1743//1743 1747//1747
f 1712//1712 1748//1748 1730//1730
f 1704//1704 1797//1797 1695//1695
f 1706//1706 1802//1802 1770//1770
f 1305//1305 1763//1763 1743//1743
f 1701//1701 1768//1768 1744//1744
f 1729//1729 1744//1744 1748//1748
f 1750//1750 1778//1778 1732//1732
f 1708//1708 1739//1739 1754//1754
f 1692//1692 1759//1759 1709//1709
f 1692//1692 1758//1758 1759//1759
f 1392//1392 1755//1755 1741//1741
f 1797//1797 1781//1781 1695//1695
f 1749//1749 1757//1757 1718//1718
f 1702//1702 1753//1753 1725//1725
f 1700//1700 1754//1754 1767//1767
f 1752//1752 1758//1758 1740//1740
f 1738//1738 1760//1760 1735//1735
f 1718//1718 1757//1757 1726//1726
f 1770//1770 1775//1775 1706//1706
f 1739//1739 1762//1762 1754//1754
f 1717//1717 1772//1772 1701//1701
f 1735//1735 1760//1760 1746//1746
f 1720//1720 1695//1695 1756//1756
f 1736//1736 1726//1726 1702//1702
f 1753//1753 1765//1765 1725//1725
f 1802//1802 1787//1787 1770//1770
f 1706//1706 1775//1775 1750//1750
f 1763//1763 1788//1788 1743//1743
f 1743//1743 1788//1788 1747//1747
f 1701//1701 1772//1772 1768//1768
f 1781//1781 1785//1785 1695//1695
f 1756//1756 1769//1769 1720//1720
f 1725//1725 1765//1765 1761//1761
f 1751//1751 1771//1771 1739//1739
f 1717//1717 1741//1741 1772//1772
f 1760//1760 1815//1815 1746//1746
f 1695//1695 1785//1785 1764//1764
f 1720//1720 1769//1769 1776//1776
f 1705//1705 1806//1806 1742//1742
f 1726//1726 1753//1753 1702//1702
f 1725//1725 1761//1761 1721//1721
f 1737//1737 1732//1732 1766//1766
f 1752//1752 1767//1767 1758//1758
f 1774//1774 1747//1747 1745//1745
f 1695//1695 1764//1764 1756//1756
f 1737//1737 1766//1766 1751//1751
f 1754//1754 1762//1762 1767//1767
f 1763//1763 1790//1790 1788//1788
f 1747//1747 1804//1804 1773//1773
f 1806//1806 1777//1777 1742//1742
f 1739//1739 1771//1771 1762//1762
f 1767//1767 1394//1394 1758//1758
f 1744//1744 1780//1780 1748//1748
f 1750//1750 1775//1775 1778//1778
f 1732//1732 1778//1778 1766//1766
f 1767//1767 1396//1396 1394//1394
f 1395//1395 1763//1763 1248//1248
f 1779//1779 1819//1819 1763//1763
f 1763//1763 1819//1819 1790//1790
f 1747//1747 1773//1773 1782//1782
f 1748//1748 1780//1780 1730//1730
f 1776//1776 1806//1806 1705//1705
f 1751//1751 1766//1766 1771//1771
f 1395//1395 1779//1779 1763//1763
f 1755//1755 1805//1805 1791//1791
f 1760//1760 1738//1738 1815//1815
f 1815//1815 1784//1784 1746//1746
f 1777//1777 1786//1786 1742//1742
f 1726//1726 1783//1783 1753//1753
f 1721//1721 1761//1761 1802//1802
f 1770//1770 1799//1799 1775//1775
f 1767//1767 1762//1762 1396//1396
f 1086//1086 1397//1397 1395//1395
f 1747//1747 1788//1788 1804//1804
f 1746//1746 1784//1784 1797//1797
f 1742//1742 1786//1786 1749//1749
f 1762//1762 1794//1794 1396//1396
f 1755//1755 1791//1791 1741//1741
f 1730//1730 1780//1780 1738//1738
f 1797//1797 1792//1792 1781//1781
f 1757//1757 1749//1749 1726//1726
f 1783//1783 1793//1793 1753//1753
f 1790//1790 1795//1795 1788//1788
f 1745//1745 1747//1747 1801//1801
f 1741//1741 1791//1791 1772//1772
f 1768//1768 1796//1796 1744//1744
f 1785//1785 1798//1798 1764//1764
f 1787//1787 1799//1799 1770//1770
f 1778//1778 1800//1800 1766//1766
f 1745//1745 1801//1801 1755//1755
f 1744//1744 1796//1796 1780//1780
f 1764//1764 1798//1798 1756//1756
f 1749//1749 1783//1783 1726//1726
f 1077//1077 1397//1397 1107//1107
f 1779//1779 1395//1395 1819//1819
f 1755//1755 1801//1801 1805//1805
f 1768//1768 1772//1772 1796//1796
f 1776//1776 1769//1769 1806//1806
f 1775//1775 1803//1803 1778//1778
f 1762//1762 1771//1771 1794//1794
f 1788//1788 1795//1795 1804//1804
f 1747//1747 1782//1782 1801//1801
f 1796//1796 1820//1820 1780//1780
f 1781//1781 1792//1792 1785//1785
f 1753//1753 1793//1793 1765//1765
f 1077//1077 1399//1399 1397//1397
f 1780//1780 1841//1841 1738//1738
f 1756//1756 1798//1798 1769//1769
f 1738//1738 1841//1841 1815//1815
f 1815//1815 1812//1812 1784//1784
f 1787//1787 1789//1789 1799//1799
f 1397//1397 1811//1811 1395//1395
f 1798//1798 1808//1808 1769//1769
f 1787//1787 1802//1802 1833//1833
f 1778//1778 1803//1803 1800//1800
f 1800//1800 1818//1818 1766//1766
f 1841//1841 1810//1810 1815//1815
f 1749//1749 1809//1809 1783//1783
f 1765//1765 1807//1807 1761//1761
f 1771//1771 1400//1400 1398//1398
f 1797//1797 1784//1784 1792//1792
f 1806//1806 1828//1828 1777//1777
f 1799//1799 1817//1817 1775//1775
f 1399//1399 1834//1834 1397//1397
f 1395//1395 1847//1847 1819//1819
f 1819//1819 1839//1839 1790//1790
f 1782//1782 1825//1825 1801//1801
f 1786//1786 1777//1777 1749//1749
f 1809//1809 1813//1813 1783//1783
f 1771//1771 1766//1766 1400//1400
f 1240//1240 1401//1401 1399//1399
f 1801//1801 1825//1825 1805//1805
f 1805//1805 1814//1814 1791//1791
f 1780//1780 1820//1820 1841//1841
f 1784//1784 1816//1816 1792//1792
f 1769//1769 1808//1808 1806//1806
f 1766//1766 1821//1821 1400//1400
f 1766//1766 1818//1818 1821//1821
f 1791//1791 1814//1814 1772//1772
f 1792//1792 1816//1816 1785//1785
f 1777//1777 1809//1809 1749//1749
f 1799//1799 1789//1789 1817//1817
f 1775//1775 1817//1817 1803//1803
f 1803//1803 1822//1822 1800//1800
f 1800//1800 1822//1822 1818//1818
f 1806//1806 1808//1808 1828//1828
f 1783//1783 1813//1813 1793//1793
f 1793//1793 1823//1823 1765//1765
f 1761//1761 1807//1807 1802//1802
f 1787//1787 1833//1833 1789//1789
f 1399//1399 1835//1835 1834//1834
f 1397//1397 1834//1834 1811//1811
f 1790//1790 1824//1824 1795//1795
f 1804//1804 1795//1795 1773//1773
f 1773//1773 1825//1825 1782//1782
f 1772//1772 1814//1814 1796//1796
f 1785//1785 1816//1816 1798//1798
f 1798//1798 1827//1827 1808//1808
f 1818//1818 1822//1822 1821//1821
f 1819//1819 1847//1847 1839//1839
f 1813//1813 1829//1829 1793//1793
f 1765//1765 1823//1823 1807//1807
f 1807//1807 1866//1866 1802//1802
f 1395//1395 1811//1811 1847//1847
f 1795//1795 1830//1830 1773//1773
f 1816//1816 1831//1831 1798//1798
f 1811//1811 1834//1834 1843//1843
f 1824//1824 1830//1830 1795//1795
f 1796//1796 1814//1814 1820//1820
f 1777//1777 1832//1832 1809//1809
f 1802//1802 1866//1866 1850//1850
f 1820//1820 1826//1826 1841//1841
f 1815//1815 1810//1810 1812//1812
f 1833//1833 1854//1854 1789//1789
f 1789//1789 1837//1837 1817//1817
f 1803//1803 1403//1403 1822//1822
f 1811//1811 1838//1838 1847//1847
f 1830//1830 1840//1840 1773//1773
f 1832//1832 1842//1842 1809//1809
f 1793//1793 1829//1829 1823//1823
f 1803//1803 1404//1404 1403//1403
f 1401//1401 1870//1870 1852//1852
f 1399//1399 1401//1401 1835//1835
f 1790//1790 1839//1839 1824//1824
f 1773//1773 1840//1840 1825//1825
f 1820//1820 1814//1814 1826//1826
f 1826//1826 1844//1844 1841//1841
f 1810//1810 1845//1845 1812//1812
f 1798//1798 1831//1831 1827//1827
f 1850//1850 1846//1846 1802//1802
f 1789//1789 1854//1854 1837//1837
f 1401//1401 1402//1402 1870//1870
f 1811//1811 1843//1843 1864//1864
f 1811//1811 1859//1859 1838//1838
f 1812//1812 1845//1845 1784//1784
f 1808//1808 1827//1827 1828//1828
f 1828//1828 1832//1832 1777//1777
f 1802//1802 1846//1846 1833//1833
f 1817//1817 1404//1404 1803//1803
f 1851//1851 1849//1849 1402//1402
f 1401//1401 1852//1852 1835//1835
f 1811//1811 1864//1864 1859//1859
f 1817//1817 1855//1855 1404//1404
f 1817//1817 1837//1837 1855//1855
f 1834//1834 1835//1835 1863//1863
f 1825//1825 1860//1860 1805//1805
f 1809//1809 1842//1842 1813//1813
f 1813//1813 1853//1853 1829//1829
f 1823//1823 1829//1829 1807//1807
f 1837//1837 1854//1854 1855//1855
f 1402//1402 1849//1849 1870//1870
f 1805//1805 1860//1860 1814//1814
f 1784//1784 1845//1845 1816//1816
f 1816//1816 1857//1857 1831//1831
f 1847//1847 1856//1856 1839//1839
f 1831//1831 1862//1862 1827//1827
f 1842//1842 1858//1858 1813//1813
f 1850//1850 1836//1836 1846//1846
f 1843//1843 1834//1834 1864//1864
f 1847//1847 1838//1838 1856//1856
f 1845//1845 1861//1861 1816//1816
f 1846//1846 1867//1867 1833//1833
f 1839//1839 1877//1877 1824//1824
f 1814//1814 1860//1860 1848//1848
f 1848//1848 1865//1865 1814//1814
f 1828//1828 1862//1862 1832//1832
f 1833//1833 1867//1867 1854//1854
f 1839//1839 1856//1856 1877//1877
f 1814//1814 1865//1865 1826//1826
f 1852//1852 1868//1868 1871//1871
f 1826//1826 1872//1872 1844//1844
f 1827//1827 1862//1862 1828//1828
f 1862//1862 1873//1873 1832//1832
f 1813//1813 1858//1858 1853//1853
f 1853//1853 1874//1874 1829//1829
f 1829//1829 1866//1866 1807//1807
f 1078//1078 1876//1876 1851//1851
f 1864//1864 1893//1893 1859//1859
f 1824//1824 1877//1877 1830//1830
f 1844//1844 1875//1875 1841//1841
f 1816//1816 1861//1861 1857//1857
f 1829//1829 1874//1874 1886//1886
f 1850//1850 1866//1866 1890//1890
f 1867//1867 1405//1405 1854//1854
f 1310//1310 1876//1876 1078//1078
f 1876//1876 1849//1849 1851//1851
f 1834//1834 1863//1863 1864//1864
f 1838//1838 1877//1877 1856//1856
f 1840//1840 1830//1830 1825//1825
f 1826//1826 1865//1865 1872//1872
f 1841//1841 1875//1875 1810//1810
f 1831//1831 1857//1857 1862//1862
f 1829//1829 1886//1886 1866//1866
f 1846//1846 1405//1405 1867//1867
f 1870//1870 1868//1868 1852//1852
f 1890//1890 1406//1406 1850//1850
f 1849//1849 1882//1882 1870//1870
f 1835//1835 1852//1852 1878//1878
f 1838//1838 1859//1859 1877//1877
f 1830//1830 1887//1887 1825//1825
f 1832//1832 1873//1873 1842//1842
f 1842//1842 1879//1879 1858//1858
f 1850//1850 1406//1406 1836//1836
f 1283//1283 1876//1876 1145//1145
f 1870//1870 1882//1882 1891//1891
f 1870//1870 1891//1891 1868//1868
f 1810//1810 1875//1875 1845//1845
f 1845//1845 1884//1884 1861//1861
f 1836//1836 1406//1406 1846//1846
f 1849//1849 1881//1881 1882//1882
f 1848//1848 1895//1895 1865//1865
f 1861//1861 1889//1889 1857//1857
f 1873//1873 1885//1885 1842//1842
f 1852//1852 1871//1871 1869//1869
f 1875//1875 1888//1888 1845//1845
f 1835//1835 1878//1878 1863//1863
f 1859//1859 1893//1893 1877//1877
f 1825//1825 1887//1887 1860//1860
f 1858//1858 1879//1879 1853//1853
f 1876//1876 1914//1914 1849//1849
f 1852//1852 1869//1869 1878//1878
f 1863//1863 1893//1893 1864//1864
f 1860//1860 1883//1883 1848//1848
f 1866//1866 1880//1880 1896//1896
f 1890//1890 1897//1897 1406//1406
f 1868//1868 1910//1910 1871//1871
f 1893//1893 1894//1894 1877//1877
f 1857//1857 1889//1889 1862//1862
f 1889//1889 1903//1903 1862//1862
f 1842//1842 1885//1885 1879//1879
f 1879//1879 1913//1913 1853//1853
f 1866//1866 1896//1896 1890//1890
f 1283//1283 1901//1901 1876//1876
f 1914//1914 1881//1881 1849//1849
f 1869//1869 1871//1871 1878//1878
f 1863//1863 1878//1878 1893//1893
f 1860//1860 1887//1887 1883//1883
f 1883//1883 1957//1957 1848//1848
f 1865//1865 1899//1899 1872//1872
f 1845//1845 1888//1888 1884//1884
f 1853//1853 1909//1909 1874//1874
f 1890//1890 1312//1312 1897//1897
f 1890//1890 1896//1896 1312//1312
f 1877//1877 1892//1892 1830//1830
f 1848//1848 1957//1957 1895//1895
f 1872//1872 1899//1899 1844//1844
f 1861//1861 1884//1884 1889//1889
f 1876//1876 1902//1902 1898//1898
f 1876//1876 1942//1942 1902//1902
f 1891//1891 1882//1882 1906//1906
f 1896//1896 1880//1880 1312//1312
f 1901//1901 1905//1905 1876//1876
f 1876//1876 1905//1905 1942//1942
f 1877//1877 1894//1894 1892//1892
f 1892//1892 1915//1915 1830//1830
f 1862//1862 1903//1903 1873//1873
f 1873//1873 1904//1904 1885//1885
f 1886//1886 1874//1874 1866//1866
f 1343//1343 1918//1918 1901//1901
f 1882//1882 1881//1881 1906//1906
f 1878//1878 1871//1871 1893//1893
f 1844//1844 1899//1899 1875//1875
f 1875//1875 1908//1908 1888//1888
f 1866//1866 1928//1928 1880//1880
f 1876//1876 1898//1898 1914//1914
f 1914//1914 1925//1925 1881//1881
f 1893//1893 1900//1900 1894//1894
f 1888//1888 1911//1911 1884//1884
f 1903//1903 1912//1912 1873//1873
f 1874//1874 1909//1909 1866//1866
f 1866//1866 1909//1909 1928//1928
f 1899//1899 1916//1916 1875//1875
f 1853//1853 1913//1913 1909//1909
f 1928//1928 1919//1919 1880//1880
f 1343//1343 1407//1407 1918//1918
f 1893//1893 1871//1871 1900//1900
f 1830//1830 1915//1915 1887//1887
f 1885//1885 1904//1904 1879//1879
f 1918//1918 1920//1920 1901//1901
f 1901//1901 1920//1920 1905//1905
f 1910//1910 1921//1921 1871//1871
f 1887//1887 1907//1907 1883//1883
f 1928//1928 1409//1409 1919//1919
f 1409//1409 1408//1408 1919//1919
f 1891//1891 1906//1906 1868//1868
f 1871//1871 1922//1922 1900//1900
f 1883//1883 1923//1923 1957//1957
f 1884//1884 1911//1911 1889//1889
f 1917//1917 1932//1932 1889//1889
f 1873//1873 1912//1912 1904//1904
f 1904//1904 1924//1924 1879//1879
f 1887//1887 1915//1915 1907//1907
f 1907//1907 1926//1926 1883//1883
f 1957//1957 1944//1944 1895//1895
f 1875//1875 1916//1916 1908//1908
f 1879//1879 1927//1927 1913//1913
f 1921//1921 1922//1922 1871//1871
f 1894//1894 1900//1900 1892//1892
f 1883//1883 1926//1926 1923//1923
f 1895//1895 1944//1944 1865//1865
f 1888//1888 1908//1908 1911//1911
f 1911//1911 1917//1917 1889//1889
f 1913//1913 1941//1941 1909//1909
f 1928//1928 1909//1909 1409//1409
f 1407//1407 1929//1929 1930//1930
f 1881//1881 1938//1938 1906//1906
f 1922//1922 1931//1931 1900//1900
f 1925//1925 1933//1933 1881//1881
f 1906//1906 1938//1938 1868//1868
f 1889//1889 1932//1932 1903//1903
f 1903//1903 1934//1934 1912//1912
f 1407//1407 1930//1930 1918//1918
f 1898//1898 1902//1902 1914//1914
f 1881//1881 1933//1933 1938//1938
f 1865//1865 1944//1944 1899//1899
f 1899//1899 1936//1936 1916//1916
f 1914//1914 1937//1937 1925//1925
f 1916//1916 1939//1939 1908//1908
f 1932//1932 1940//1940 1903//1903
f 1924//1924 1927//1927 1879//1879
f 1925//1925 1937//1937 1933//1933
f 1900//1900 1943//1943 1892//1892
f 1927//1927 1951//1951 1913//1913
f 1241//1241 1411//1411 1929//1929
f 1892//1892 1943//1943 1915//1915
f 1935//1935 1946//1946 1915//1915
f 1912//1912 1934//1934 1904//1904
f 1941//1941 1412//1412 1410//1410
f 1941//1941 1410//1410 1909//1909
f 1930//1930 1949//1949 1918//1918
f 1918//1918 1945//1945 1958//1958
f 1938//1938 1950//1950 1868//1868
f 1915//1915 1946//1946 1907//1907
f 1927//1927 1947//1947 1951//1951
f 1411//1411 1956//1956 1929//1929
f 1929//1929 1956//1956 1948//1948
f 1929//1929 1952//1952 1930//1930
f 1914//1914 1953//1953 1937//1937
f 1868//1868 1950//1950 1910//1910
f 1907//1907 1954//1954 1926//1926
f 1908//1908 1939//1939 1911//1911
f 1911//1911 1955//1955 1917//1917
f 1903//1903 1940//1940 1934//1934
f 1934//1934 1962//1962 1904//1904
f 1913//1913 1951//1951 1941//1941
f 1929//1929 1948//1948 1952//1952
f 1922//1922 1971//1971 1931//1931
f 1915//1915 1943//1943 1935//1935
f 1899//1899 1944//1944 1936//1936
f 1950//1950 1974//1974 1910//1910
f 1907//1907 1946//1946 1954//1954
f 1923//1923 1926//1926 1957//1957
f 1916//1916 1936//1936 1939//1939
f 1951//1951 1412//1412 1941//1941
f 1956//1956 1963//1963 1948//1948
f 1918//1918 1949//1949 1945//1945
f 1918//1918 1958//1958 1920//1920
f 1905//1905 1959//1959 1942//1942
f 1905//1905 1920//1920 1959//1959
f 1910//1910 1974//1974 1921//1921
f 1921//1921 1960//1960 1922//1922
f 1900//1900 1971//1971 1943//1943
f 1927//1927 1924//1924 1947//1947
f 1111//1111 1413//1413 1956//1956
f 1111//1111 1956//1956 1411//1411
f 1937//1937 1953//1953 1933//1933
f 1933//1933 1950//1950 1938//1938
f 1917//1917 1955//1955 1932//1932
f 1947//1947 1972//1972 1412//1412
f 1947//1947 1412//1412 1951//1951
f 1902//1902 1961//1961 1914//1914
f 1931//1931 1971//1971 1900//1900
f 1957//1957 1975//1975 1944//1944
f 1914//1914 1961//1961 1953//1953
f 1953//1953 1964//1964 1933//1933
f 1960//1960 1981//1981 1922//1922
f 1935//1935 1982//1982 1946//1946
f 1954//1954 1983//1983 1926//1926
f 1944//1944 1965//1965 1936//1936
f 1955//1955 1966//1966 1932//1932
f 1962//1962 1992//1992 1904//1904
f 1942//1942 1959//1959 1902//1902
f 1922//1922 1981//1981 1971//1971
f 1904//1904 1992//1992 1924//1924
f 1947//1947 1924//1924 1972//1972
f 1413//1413 1973//1973 1956//1956
f 1963//1963 1967//1967 1948//1948
f 1949//1949 1952//1952 1945//1945
f 1949//1949 1930//1930 1952//1952
f 1933//1933 1980//1980 1950//1950
f 1971//1971 1990//1990 1943//1943
f 1926//1926 1991//1991 1957//1957
f 1975//1975 1969//1969 1944//1944
f 1936//1936 1976//1976 1939//1939
f 1921//1921 1974//1974 1960//1960
f 1943//1943 1990//1990 1935//1935
f 1992//1992 1970//1970 1924//1924
f 1933//1933 1964//1964 1980//1980
f 1926//1926 1983//1983 1991//1991
f 1936//1936 1965//1965 1976//1976
f 1939//1939 1976//1976 1911//1911
f 1940//1940 1977//1977 1934//1934
f 1413//1413 1979//1979 1973//1973
f 1959//1959 1987//1987 1902//1902
f 1959//1959 1920//1920 1987//1987
f 1989//1989 1978//1978 1971//1971
f 1946//1946 1983//1983 1954//1954
f 1934//1934 1977//1977 1962//1962
f 1970//1970 1972//1972 1924//1924
f 1344//1344 1413//1413 1318//1318
f 1948//1948 1967//1967 1952//1952
f 1958//1958 1968//1968 1920//1920
f 1902//1902 1987//1987 1961//1961
f 1953//1953 1961//1961 1964//1964
f 1950//1950 1980//1980 1974//1974
f 1971//1971 1978//1978 1990//1990
f 1935//1935 1990//1990 1982//1982
f 1957//1957 1991//1991 1975//1975
f 1944//1944 1969//1969 1965//1965
f 1970//1970 1993//1993 1972//1972
f 1956//1956 1973//1973 1986//1986
f 1956//1956 1986//1986 1963//1963
f 1958//1958 1945//1945 1968//1968
f 1946//1946 1982//1982 1983//1983
f 1976//1976 1984//1984 1911//1911
f 1966//1966 1985//1985 1932//1932
f 1344//1344 1979//1979 1413//1413
f 1960//1960 1974//1974 1981//1981
f 1971//1971 1981//1981 1989//1989
f 1983//1983 1999//1999 1991//1991
f 1911//1911 1984//1984 1955//1955
f 1932//1932 1985//1985 1940//1940
f 1970//1970 1992//1992 1993//1993
f 1920//1920 1968//1968 1987//1987
f 1961//1961 1988//1988 1964//1964
f 1978//1978 1989//1989 1990//1990
f 1983//1983 1982//1982 1999//1999
f 1975//1975 1991//1991 1366//1366
f 1969//1969 1975//1975 1965//1965
f 1985//1985 1966//1966 1940//1940
f 1977//1977 2001//2001 1962//1962
f 1977//1977 1940//1940 2001//2001
f 1962//1962 2001//2001 1992//1992
f 1979//1979 1323//1323 1973//1973
f 1973//1973 1323//1323 1345//1345
f 1973//1973 1345//1345 1986//1986
f 1986//1986 1345//1345 1963//1963
f 1963//1963 1345//1345 1994//1994
f 1963//1963 1994//1994 1995//1995
f 1963//1963 1995//1995 1967//1967
f 1967//1967 1996//1996 1952//1952
f 1967//1967 1995//1995 1996//1996
f 1952//1952 1996//1996 1945//1945
f 1945//1945 1996//1996 1968//1968
f 1968//1968 1996//1996 1987//1987
f 1987//1987 1988//1988 1961//1961
f 1964//1964 1988//1988 1980//1980
f 1980//1980 1346//1346 1974//1974
f 1974//1974 1346//1346 1364//1364
f 1974//1974 1364//1364 1981//1981
f 1989//1989 1981//1981 1997//1997
f 1989//1989 1997//1997 1990//1990
f 1990//1990 1998//1998 1982//1982
f 1990//1990 1997//1997 1998//1998
f 1991//1991 1999//1999 1366//1366
f 1975//1975 2000//2000 1965//1965
f 1965//1965 2000//2000 1976//1976
f 1984//1984 1976//1976 1955//1955
f 1955//1955 1976//1976 1966//1966
f 1940//1940 1966//1966 2001//2001
f 1992//1992 2001//2001 1993//1993
